2026-08-21 00:00:04.852 INFO [pool-6-thread-2][:] - /****************流量统计******************/
LastReadBytes:0
LastReadThroughput:0
LastWrittenBytes:0
LastWriteThroughput:0
RealWrittenBytes:0
RealWriteThroughput:0
当前玩家的连接数量:0
当前地图的线程个数：9
当前地图的个数:48
当前数据库执行队列数:0
当前发送队列缓存的对象数量:0
totalMemory：680001536, use ：464204072, free ：215797464DirectMemory：1827143680, 恢复 ：1
当前时间 ：2026-08-21 00:00:04send keng：2418, sheng ：4194304
decode keng：26, sheng ：2097152
world keng：12, sheng ：1048576

2026-08-21 00:00:09.682 INFO [pool-6-thread-6][:] - /****************流量统计******************/
LastReadBytes:0
LastReadThroughput:0
LastWrittenBytes:0
LastWriteThroughput:0
RealWrittenBytes:0
RealWriteThroughput:0
当前玩家的连接数量:0
当前地图的线程个数：9
当前地图的个数:48
当前数据库执行队列数:0
当前发送队列缓存的对象数量:0
totalMemory：680001536, use ：421141072, free ：258860464DirectMemory：1827143680, 恢复 ：1
当前时间 ：2026-08-21 00:00:09send keng：2418, sheng ：4194304
decode keng：26, sheng ：2097152
world keng：12, sheng ：1048576

2026-08-21 00:00:14.682 INFO [pool-6-thread-5][:] - /****************流量统计******************/
LastReadBytes:0
LastReadThroughput:0
LastWrittenBytes:0
LastWriteThroughput:0
RealWrittenBytes:0
RealWriteThroughput:0
当前玩家的连接数量:0
当前地图的线程个数：9
当前地图的个数:48
当前数据库执行队列数:0
当前发送队列缓存的对象数量:0
totalMemory：680001536, use ：424726432, free ：255275104DirectMemory：1827143680, 恢复 ：1
当前时间 ：2026-08-21 00:00:14send keng：2418, sheng ：4194304
decode keng：26, sheng ：2097152
world keng：12, sheng ：1048576

2026-08-21 00:00:19.682 INFO [pool-6-thread-2][:] - /****************流量统计******************/
LastReadBytes:0
LastReadThroughput:0
LastWrittenBytes:0
LastWriteThroughput:0
RealWrittenBytes:0
RealWriteThroughput:0
当前玩家的连接数量:0
当前地图的线程个数：9
当前地图的个数:48
当前数据库执行队列数:0
当前发送队列缓存的对象数量:0
totalMemory：680001536, use ：428022032, free ：251979504DirectMemory：1827143680, 恢复 ：1
当前时间 ：2026-08-21 00:00:19send keng：2418, sheng ：4194304
decode keng：26, sheng ：2097152
world keng：12, sheng ：1048576

2026-08-21 00:00:24.682 INFO [pool-6-thread-2][:] - /****************流量统计******************/
LastReadBytes:0
LastReadThroughput:0
LastWrittenBytes:0
LastWriteThroughput:0
RealWrittenBytes:0
RealWriteThroughput:0
当前玩家的连接数量:0
当前地图的线程个数：9
当前地图的个数:48
当前数据库执行队列数:0
当前发送队列缓存的对象数量:0
totalMemory：680001536, use ：431648872, free ：248352664DirectMemory：1827143680, 恢复 ：1
当前时间 ：2026-08-21 00:00:24send keng：2418, sheng ：4194304
decode keng：26, sheng ：2097152
world keng：12, sheng ：1048576

2026-08-21 00:00:29.682 INFO [pool-6-thread-4][:] - /****************流量统计******************/
LastReadBytes:0
LastReadThroughput:0
LastWrittenBytes:0
LastWriteThroughput:0
RealWrittenBytes:0
RealWriteThroughput:0
当前玩家的连接数量:0
当前地图的线程个数：9
当前地图的个数:48
当前数据库执行队列数:0
当前发送队列缓存的对象数量:0
totalMemory：680001536, use ：434840736, free ：245160800DirectMemory：1827143680, 恢复 ：1
当前时间 ：2026-08-21 00:00:29send keng：2418, sheng ：4194304
decode keng：26, sheng ：2097152
world keng：12, sheng ：1048576

2026-08-21 00:00:34.682 INFO [pool-6-thread-3][:] - /****************流量统计******************/
LastReadBytes:0
LastReadThroughput:0
LastWrittenBytes:0
LastWriteThroughput:0
RealWrittenBytes:0
RealWriteThroughput:0
当前玩家的连接数量:0
当前地图的线程个数：9
当前地图的个数:48
当前数据库执行队列数:0
当前发送队列缓存的对象数量:0
totalMemory：680001536, use ：438600960, free ：241400576DirectMemory：1827143680, 恢复 ：1
当前时间 ：2026-08-21 00:00:34send keng：2418, sheng ：4194304
decode keng：26, sheng ：2097152
world keng：12, sheng ：1048576

2026-08-21 00:00:39.682 INFO [pool-6-thread-8][:] - /****************流量统计******************/
LastReadBytes:0
LastReadThroughput:0
LastWrittenBytes:0
LastWriteThroughput:0
RealWrittenBytes:0
RealWriteThroughput:0
当前玩家的连接数量:0
当前地图的线程个数：9
当前地图的个数:48
当前数据库执行队列数:0
当前发送队列缓存的对象数量:0
totalMemory：680001536, use ：441961912, free ：238039624DirectMemory：1827143680, 恢复 ：1
当前时间 ：2026-08-21 00:00:39send keng：2418, sheng ：4194304
decode keng：26, sheng ：2097152
world keng：12, sheng ：1048576

2026-08-21 00:00:44.682 INFO [pool-6-thread-6][:] - /****************流量统计******************/
LastReadBytes:0
LastReadThroughput:0
LastWrittenBytes:0
LastWriteThroughput:0
RealWrittenBytes:0
RealWriteThroughput:0
当前玩家的连接数量:0
当前地图的线程个数：9
当前地图的个数:48
当前数据库执行队列数:0
当前发送队列缓存的对象数量:0
totalMemory：680001536, use ：445593592, free ：234407944DirectMemory：1827143680, 恢复 ：1
当前时间 ：2026-08-21 00:00:44send keng：2418, sheng ：4194304
decode keng：26, sheng ：2097152
world keng：12, sheng ：1048576

2026-08-21 00:00:49.682 INFO [pool-6-thread-9][:] - /****************流量统计******************/
LastReadBytes:0
LastReadThroughput:0
LastWrittenBytes:0
LastWriteThroughput:0
RealWrittenBytes:0
RealWriteThroughput:0
当前玩家的连接数量:0
当前地图的线程个数：9
当前地图的个数:48
当前数据库执行队列数:0
当前发送队列缓存的对象数量:0
totalMemory：680001536, use ：449179752, free ：230821784DirectMemory：1827143680, 恢复 ：1
当前时间 ：2026-08-21 00:00:49send keng：2418, sheng ：4194304
decode keng：26, sheng ：2097152
world keng：12, sheng ：1048576

2026-08-21 00:00:54.682 INFO [pool-6-thread-4][:] - /****************流量统计******************/
LastReadBytes:0
LastReadThroughput:0
LastWrittenBytes:0
LastWriteThroughput:0
RealWrittenBytes:0
RealWriteThroughput:0
当前玩家的连接数量:0
当前地图的线程个数：9
当前地图的个数:48
当前数据库执行队列数:0
当前发送队列缓存的对象数量:0
totalMemory：680001536, use ：452570128, free ：227431408DirectMemory：1827143680, 恢复 ：1
当前时间 ：2026-08-21 00:00:54send keng：2418, sheng ：4194304
decode keng：26, sheng ：2097152
world keng：12, sheng ：1048576

2026-08-21 00:00:59.682 INFO [pool-6-thread-10][:] - /****************流量统计******************/
LastReadBytes:0
LastReadThroughput:0
LastWrittenBytes:0
LastWriteThroughput:0
RealWrittenBytes:0
RealWriteThroughput:0
当前玩家的连接数量:0
当前地图的线程个数：9
当前地图的个数:48
当前数据库执行队列数:0
当前发送队列缓存的对象数量:0
totalMemory：680001536, use ：456129784, free ：223871752DirectMemory：1827143680, 恢复 ：1
当前时间 ：2026-08-21 00:00:59send keng：2418, sheng ：4194304
decode keng：26, sheng ：2097152
world keng：12, sheng ：1048576

2026-08-21 00:01:04.682 INFO [pool-6-thread-8][:] - /****************流量统计******************/
LastReadBytes:0
LastReadThroughput:0
LastWrittenBytes:0
LastWriteThroughput:0
RealWrittenBytes:0
RealWriteThroughput:0
当前玩家的连接数量:0
当前地图的线程个数：9
当前地图的个数:48
当前数据库执行队列数:0
当前发送队列缓存的对象数量:0
totalMemory：680001536, use ：459567984, free ：220433552DirectMemory：1827143680, 恢复 ：1
当前时间 ：2026-08-21 00:01:04send keng：2418, sheng ：4194304
decode keng：26, sheng ：2097152
world keng：12, sheng ：1048576

2026-08-21 00:01:09.682 INFO [pool-6-thread-3][:] - /****************流量统计******************/
LastReadBytes:0
LastReadThroughput:0
LastWrittenBytes:0
LastWriteThroughput:0
RealWrittenBytes:0
RealWriteThroughput:0
当前玩家的连接数量:0
当前地图的线程个数：9
当前地图的个数:48
当前数据库执行队列数:0
当前发送队列缓存的对象数量:0
totalMemory：680001536, use ：463077192, free ：216924344DirectMemory：1827143680, 恢复 ：1
当前时间 ：2026-08-21 00:01:09send keng：2418, sheng ：4194304
decode keng：26, sheng ：2097152
world keng：12, sheng ：1048576

2026-08-21 00:01:14.682 INFO [pool-6-thread-10][:] - /****************流量统计******************/
LastReadBytes:0
LastReadThroughput:0
LastWrittenBytes:0
LastWriteThroughput:0
RealWrittenBytes:0
RealWriteThroughput:0
当前玩家的连接数量:0
当前地图的线程个数：9
当前地图的个数:48
当前数据库执行队列数:0
当前发送队列缓存的对象数量:0
totalMemory：680001536, use ：420324848, free ：259676688DirectMemory：1827143680, 恢复 ：1
当前时间 ：2026-08-21 00:01:14send keng：2418, sheng ：4194304
decode keng：26, sheng ：2097152
world keng：12, sheng ：1048576

2026-08-21 00:01:19.682 INFO [pool-6-thread-4][:] - /****************流量统计******************/
LastReadBytes:0
LastReadThroughput:0
LastWrittenBytes:0
LastWriteThroughput:0
RealWrittenBytes:0
RealWriteThroughput:0
当前玩家的连接数量:0
当前地图的线程个数：9
当前地图的个数:48
当前数据库执行队列数:0
当前发送队列缓存的对象数量:0
totalMemory：680001536, use ：423711160, free ：256290376DirectMemory：1827143680, 恢复 ：1
当前时间 ：2026-08-21 00:01:19send keng：2418, sheng ：4194304
decode keng：26, sheng ：2097152
world keng：12, sheng ：1048576

2026-08-21 00:01:24.682 INFO [pool-6-thread-9][:] - /****************流量统计******************/
LastReadBytes:0
LastReadThroughput:0
LastWrittenBytes:0
LastWriteThroughput:0
RealWrittenBytes:0
RealWriteThroughput:0
当前玩家的连接数量:0
当前地图的线程个数：9
当前地图的个数:48
当前数据库执行队列数:0
当前发送队列缓存的对象数量:0
totalMemory：680001536, use ：427208400, free ：252793136DirectMemory：1827143680, 恢复 ：1
当前时间 ：2026-08-21 00:01:24send keng：2418, sheng ：4194304
decode keng：26, sheng ：2097152
world keng：12, sheng ：1048576

2026-08-21 00:01:29.682 INFO [pool-6-thread-4][:] - /****************流量统计******************/
LastReadBytes:0
LastReadThroughput:0
LastWrittenBytes:0
LastWriteThroughput:0
RealWrittenBytes:0
RealWriteThroughput:0
当前玩家的连接数量:0
当前地图的线程个数：9
当前地图的个数:48
当前数据库执行队列数:0
当前发送队列缓存的对象数量:0
totalMemory：680001536, use ：430618448, free ：249383088DirectMemory：1827143680, 恢复 ：1
当前时间 ：2026-08-21 00:01:29send keng：2418, sheng ：4194304
decode keng：26, sheng ：2097152
world keng：12, sheng ：1048576

2026-08-21 00:01:34.682 INFO [pool-6-thread-9][:] - /****************流量统计******************/
LastReadBytes:0
LastReadThroughput:0
LastWrittenBytes:0
LastWriteThroughput:0
RealWrittenBytes:0
RealWriteThroughput:0
当前玩家的连接数量:0
当前地图的线程个数：9
当前地图的个数:48
当前数据库执行队列数:0
当前发送队列缓存的对象数量:0
totalMemory：680001536, use ：434217704, free ：245783832DirectMemory：1827143680, 恢复 ：1
当前时间 ：2026-08-21 00:01:34send keng：2418, sheng ：4194304
decode keng：26, sheng ：2097152
world keng：12, sheng ：1048576

2026-08-21 00:01:39.682 INFO [pool-6-thread-9][:] - /****************流量统计******************/
LastReadBytes:0
LastReadThroughput:0
LastWrittenBytes:0
LastWriteThroughput:0
RealWrittenBytes:0
RealWriteThroughput:0
当前玩家的连接数量:0
当前地图的线程个数：9
当前地图的个数:48
当前数据库执行队列数:0
当前发送队列缓存的对象数量:0
totalMemory：680001536, use ：437631648, free ：242369888DirectMemory：1827143680, 恢复 ：1
当前时间 ：2026-08-21 00:01:39send keng：2418, sheng ：4194304
decode keng：26, sheng ：2097152
world keng：12, sheng ：1048576

2026-08-21 00:01:44.682 INFO [pool-6-thread-5][:] - /****************流量统计******************/
LastReadBytes:0
LastReadThroughput:0
LastWrittenBytes:0
LastWriteThroughput:0
RealWrittenBytes:0
RealWriteThroughput:0
当前玩家的连接数量:0
当前地图的线程个数：9
当前地图的个数:48
当前数据库执行队列数:0
当前发送队列缓存的对象数量:0
totalMemory：680001536, use ：441284896, free ：238716640DirectMemory：1827143680, 恢复 ：1
当前时间 ：2026-08-21 00:01:44send keng：2418, sheng ：4194304
decode keng：26, sheng ：2097152
world keng：12, sheng ：1048576

2026-08-21 00:01:49.682 INFO [pool-6-thread-4][:] - /****************流量统计******************/
LastReadBytes:0
LastReadThroughput:0
LastWrittenBytes:0
LastWriteThroughput:0
RealWrittenBytes:0
RealWriteThroughput:0
当前玩家的连接数量:0
当前地图的线程个数：9
当前地图的个数:48
当前数据库执行队列数:0
当前发送队列缓存的对象数量:0
totalMemory：680001536, use ：444841400, free ：235160136DirectMemory：1827143680, 恢复 ：1
当前时间 ：2026-08-21 00:01:49send keng：2418, sheng ：4194304
decode keng：26, sheng ：2097152
world keng：12, sheng ：1048576

2026-08-21 00:01:54.682 INFO [pool-6-thread-9][:] - /****************流量统计******************/
LastReadBytes:0
LastReadThroughput:0
LastWrittenBytes:0
LastWriteThroughput:0
RealWrittenBytes:0
RealWriteThroughput:0
当前玩家的连接数量:0
当前地图的线程个数：9
当前地图的个数:48
当前数据库执行队列数:0
当前发送队列缓存的对象数量:0
totalMemory：680001536, use ：448280928, free ：231720608DirectMemory：1827143680, 恢复 ：1
当前时间 ：2026-08-21 00:01:54send keng：2418, sheng ：4194304
decode keng：26, sheng ：2097152
world keng：12, sheng ：1048576

2026-08-21 00:01:59.682 INFO [pool-6-thread-10][:] - /****************流量统计******************/
LastReadBytes:0
LastReadThroughput:0
LastWrittenBytes:0
LastWriteThroughput:0
RealWrittenBytes:0
RealWriteThroughput:0
当前玩家的连接数量:0
当前地图的线程个数：9
当前地图的个数:48
当前数据库执行队列数:0
当前发送队列缓存的对象数量:0
totalMemory：680001536, use ：451999592, free ：228001944DirectMemory：1827143680, 恢复 ：1
当前时间 ：2026-08-21 00:01:59send keng：2418, sheng ：4194304
decode keng：26, sheng ：2097152
world keng：12, sheng ：1048576

2026-08-21 00:02:04.682 INFO [pool-6-thread-8][:] - /****************流量统计******************/
LastReadBytes:0
LastReadThroughput:0
LastWrittenBytes:0
LastWriteThroughput:0
RealWrittenBytes:0
RealWriteThroughput:0
当前玩家的连接数量:0
当前地图的线程个数：9
当前地图的个数:48
当前数据库执行队列数:0
当前发送队列缓存的对象数量:0
totalMemory：680001536, use ：455435736, free ：224565800DirectMemory：1827143680, 恢复 ：1
当前时间 ：2026-08-21 00:02:04send keng：2418, sheng ：4194304
decode keng：26, sheng ：2097152
world keng：12, sheng ：1048576

2026-08-21 00:02:09.682 INFO [pool-6-thread-6][:] - /****************流量统计******************/
LastReadBytes:0
LastReadThroughput:0
LastWrittenBytes:0
LastWriteThroughput:0
RealWrittenBytes:0
RealWriteThroughput:0
当前玩家的连接数量:0
当前地图的线程个数：9
当前地图的个数:48
当前数据库执行队列数:0
当前发送队列缓存的对象数量:0
totalMemory：680001536, use ：459052456, free ：220949080DirectMemory：1827143680, 恢复 ：1
当前时间 ：2026-08-21 00:02:09send keng：2418, sheng ：4194304
decode keng：26, sheng ：2097152
world keng：12, sheng ：1048576

2026-08-21 00:02:14.682 INFO [pool-6-thread-9][:] - /****************流量统计******************/
LastReadBytes:0
LastReadThroughput:0
LastWrittenBytes:0
LastWriteThroughput:0
RealWrittenBytes:0
RealWriteThroughput:0
当前玩家的连接数量:0
当前地图的线程个数：9
当前地图的个数:48
当前数据库执行队列数:0
当前发送队列缓存的对象数量:0
totalMemory：680001536, use ：462521496, free ：217480040DirectMemory：1827143680, 恢复 ：1
当前时间 ：2026-08-21 00:02:14send keng：2418, sheng ：4194304
decode keng：26, sheng ：2097152
world keng：12, sheng ：1048576

2026-08-21 00:02:19.682 INFO [pool-6-thread-5][:] - /****************流量统计******************/
LastReadBytes:0
LastReadThroughput:0
LastWrittenBytes:0
LastWriteThroughput:0
RealWrittenBytes:0
RealWriteThroughput:0
当前玩家的连接数量:0
当前地图的线程个数：9
当前地图的个数:48
当前数据库执行队列数:0
当前发送队列缓存的对象数量:0
totalMemory：680001536, use ：466123272, free ：213878264DirectMemory：1827143680, 恢复 ：1
当前时间 ：2026-08-21 00:02:19send keng：2418, sheng ：4194304
decode keng：26, sheng ：2097152
world keng：12, sheng ：1048576

2026-08-21 00:02:24.682 INFO [pool-6-thread-2][:] - /****************流量统计******************/
LastReadBytes:0
LastReadThroughput:0
LastWrittenBytes:0
LastWriteThroughput:0
RealWrittenBytes:0
RealWriteThroughput:0
当前玩家的连接数量:0
当前地图的线程个数：9
当前地图的个数:48
当前数据库执行队列数:0
当前发送队列缓存的对象数量:0
totalMemory：680001536, use ：423047168, free ：256954368DirectMemory：1827143680, 恢复 ：1
当前时间 ：2026-08-21 00:02:24send keng：2418, sheng ：4194304
decode keng：26, sheng ：2097152
world keng：12, sheng ：1048576

2026-08-21 00:02:29.682 INFO [pool-6-thread-9][:] - /****************流量统计******************/
LastReadBytes:0
LastReadThroughput:0
LastWrittenBytes:0
LastWriteThroughput:0
RealWrittenBytes:0
RealWriteThroughput:0
当前玩家的连接数量:0
当前地图的线程个数：9
当前地图的个数:48
当前数据库执行队列数:0
当前发送队列缓存的对象数量:0
totalMemory：680001536, use ：426589152, free ：253412384DirectMemory：1827143680, 恢复 ：1
当前时间 ：2026-08-21 00:02:29send keng：2418, sheng ：4194304
decode keng：26, sheng ：2097152
world keng：12, sheng ：1048576

2026-08-21 00:02:34.682 INFO [pool-6-thread-3][:] - /****************流量统计******************/
LastReadBytes:0
LastReadThroughput:0
LastWrittenBytes:0
LastWriteThroughput:0
RealWrittenBytes:0
RealWriteThroughput:0
当前玩家的连接数量:0
当前地图的线程个数：9
当前地图的个数:48
当前数据库执行队列数:0
当前发送队列缓存的对象数量:0
totalMemory：680001536, use ：430123672, free ：249877864DirectMemory：1827143680, 恢复 ：1
当前时间 ：2026-08-21 00:02:34send keng：2418, sheng ：4194304
decode keng：26, sheng ：2097152
world keng：12, sheng ：1048576

2026-08-21 00:02:39.682 INFO [pool-6-thread-7][:] - /****************流量统计******************/
LastReadBytes:0
LastReadThroughput:0
LastWrittenBytes:0
LastWriteThroughput:0
RealWrittenBytes:0
RealWriteThroughput:0
当前玩家的连接数量:0
当前地图的线程个数：9
当前地图的个数:48
当前数据库执行队列数:0
当前发送队列缓存的对象数量:0
totalMemory：680001536, use ：433642776, free ：246358760DirectMemory：1827143680, 恢复 ：1
当前时间 ：2026-08-21 00:02:39send keng：2418, sheng ：4194304
decode keng：26, sheng ：2097152
world keng：12, sheng ：1048576

2026-08-21 00:02:44.682 INFO [pool-6-thread-3][:] - /****************流量统计******************/
LastReadBytes:0
LastReadThroughput:0
LastWrittenBytes:0
LastWriteThroughput:0
RealWrittenBytes:0
RealWriteThroughput:0
当前玩家的连接数量:0
当前地图的线程个数：9
当前地图的个数:48
当前数据库执行队列数:0
当前发送队列缓存的对象数量:0
totalMemory：680001536, use ：437020616, free ：242980920DirectMemory：1827143680, 恢复 ：1
当前时间 ：2026-08-21 00:02:44send keng：2418, sheng ：4194304
decode keng：26, sheng ：2097152
world keng：12, sheng ：1048576

2026-08-21 00:02:49.682 INFO [pool-6-thread-6][:] - /****************流量统计******************/
LastReadBytes:0
LastReadThroughput:0
LastWrittenBytes:0
LastWriteThroughput:0
RealWrittenBytes:0
RealWriteThroughput:0
当前玩家的连接数量:0
当前地图的线程个数：9
当前地图的个数:48
当前数据库执行队列数:0
当前发送队列缓存的对象数量:0
totalMemory：680001536, use ：440665352, free ：239336184DirectMemory：1827143680, 恢复 ：1
当前时间 ：2026-08-21 00:02:49send keng：2418, sheng ：4194304
decode keng：26, sheng ：2097152
world keng：12, sheng ：1048576

2026-08-21 00:02:54.682 INFO [pool-6-thread-6][:] - /****************流量统计******************/
LastReadBytes:0
LastReadThroughput:0
LastWrittenBytes:0
LastWriteThroughput:0
RealWrittenBytes:0
RealWriteThroughput:0
当前玩家的连接数量:0
当前地图的线程个数：9
当前地图的个数:48
当前数据库执行队列数:0
当前发送队列缓存的对象数量:0
totalMemory：680001536, use ：443952504, free ：236049032DirectMemory：1827143680, 恢复 ：1
当前时间 ：2026-08-21 00:02:54send keng：2418, sheng ：4194304
decode keng：26, sheng ：2097152
world keng：12, sheng ：1048576

2026-08-21 00:02:59.682 INFO [pool-6-thread-6][:] - /****************流量统计******************/
LastReadBytes:0
LastReadThroughput:0
LastWrittenBytes:0
LastWriteThroughput:0
RealWrittenBytes:0
RealWriteThroughput:0
当前玩家的连接数量:0
当前地图的线程个数：9
当前地图的个数:48
当前数据库执行队列数:0
当前发送队列缓存的对象数量:0
totalMemory：680001536, use ：447587496, free ：232414040DirectMemory：1827143680, 恢复 ：1
当前时间 ：2026-08-21 00:02:59send keng：2418, sheng ：4194304
decode keng：26, sheng ：2097152
world keng：12, sheng ：1048576

2026-08-21 00:03:04.682 INFO [pool-6-thread-6][:] - /****************流量统计******************/
LastReadBytes:0
LastReadThroughput:0
LastWrittenBytes:0
LastWriteThroughput:0
RealWrittenBytes:0
RealWriteThroughput:0
当前玩家的连接数量:0
当前地图的线程个数：9
当前地图的个数:48
当前数据库执行队列数:0
当前发送队列缓存的对象数量:0
totalMemory：680001536, use ：450988240, free ：229013296DirectMemory：1827143680, 恢复 ：1
当前时间 ：2026-08-21 00:03:04send keng：2418, sheng ：4194304
decode keng：26, sheng ：2097152
world keng：12, sheng ：1048576

2026-08-21 00:03:09.682 INFO [pool-6-thread-5][:] - /****************流量统计******************/
LastReadBytes:0
LastReadThroughput:0
LastWrittenBytes:0
LastWriteThroughput:0
RealWrittenBytes:0
RealWriteThroughput:0
当前玩家的连接数量:0
当前地图的线程个数：9
当前地图的个数:48
当前数据库执行队列数:0
当前发送队列缓存的对象数量:0
totalMemory：680001536, use ：454705104, free ：225296432DirectMemory：1827143680, 恢复 ：1
当前时间 ：2026-08-21 00:03:09send keng：2418, sheng ：4194304
decode keng：26, sheng ：2097152
world keng：12, sheng ：1048576

2026-08-21 00:03:14.682 INFO [pool-6-thread-4][:] - /****************流量统计******************/
LastReadBytes:0
LastReadThroughput:0
LastWrittenBytes:0
LastWriteThroughput:0
RealWrittenBytes:0
RealWriteThroughput:0
当前玩家的连接数量:0
当前地图的线程个数：9
当前地图的个数:48
当前数据库执行队列数:0
当前发送队列缓存的对象数量:0
totalMemory：680001536, use ：458169232, free ：221832304DirectMemory：1827143680, 恢复 ：1
当前时间 ：2026-08-21 00:03:14send keng：2418, sheng ：4194304
decode keng：26, sheng ：2097152
world keng：12, sheng ：1048576

2026-08-21 00:03:19.682 INFO [pool-6-thread-9][:] - /****************流量统计******************/
LastReadBytes:0
LastReadThroughput:0
LastWrittenBytes:0
LastWriteThroughput:0
RealWrittenBytes:0
RealWriteThroughput:0
当前玩家的连接数量:0
当前地图的线程个数：9
当前地图的个数:48
当前数据库执行队列数:0
当前发送队列缓存的对象数量:0
totalMemory：680001536, use ：461637696, free ：218363840DirectMemory：1827143680, 恢复 ：1
当前时间 ：2026-08-21 00:03:19send keng：2418, sheng ：4194304
decode keng：26, sheng ：2097152
world keng：12, sheng ：1048576

2026-08-21 00:03:24.682 INFO [pool-6-thread-2][:] - /****************流量统计******************/
LastReadBytes:0
LastReadThroughput:0
LastWrittenBytes:0
LastWriteThroughput:0
RealWrittenBytes:0
RealWriteThroughput:0
当前玩家的连接数量:0
当前地图的线程个数：9
当前地图的个数:48
当前数据库执行队列数:0
当前发送队列缓存的对象数量:0
totalMemory：680001536, use ：465234192, free ：214767344DirectMemory：1827143680, 恢复 ：1
当前时间 ：2026-08-21 00:03:24send keng：2418, sheng ：4194304
decode keng：26, sheng ：2097152
world keng：12, sheng ：1048576

2026-08-21 00:03:29.682 INFO [pool-6-thread-4][:] - /****************流量统计******************/
LastReadBytes:0
LastReadThroughput:0
LastWrittenBytes:0
LastWriteThroughput:0
RealWrittenBytes:0
RealWriteThroughput:0
当前玩家的连接数量:0
当前地图的线程个数：9
当前地图的个数:48
当前数据库执行队列数:0
当前发送队列缓存的对象数量:0
totalMemory：680001536, use ：422173736, free ：257827800DirectMemory：1827143680, 恢复 ：1
当前时间 ：2026-08-21 00:03:29send keng：2418, sheng ：4194304
decode keng：26, sheng ：2097152
world keng：12, sheng ：1048576

2026-08-21 00:03:34.682 INFO [pool-6-thread-7][:] - /****************流量统计******************/
LastReadBytes:0
LastReadThroughput:0
LastWrittenBytes:0
LastWriteThroughput:0
RealWrittenBytes:0
RealWriteThroughput:0
当前玩家的连接数量:0
当前地图的线程个数：9
当前地图的个数:48
当前数据库执行队列数:0
当前发送队列缓存的对象数量:0
totalMemory：680001536, use ：425646856, free ：254354680DirectMemory：1827143680, 恢复 ：1
当前时间 ：2026-08-21 00:03:34send keng：2418, sheng ：4194304
decode keng：26, sheng ：2097152
world keng：12, sheng ：1048576

2026-08-21 00:03:39.683 INFO [pool-6-thread-9][:] - /****************流量统计******************/
LastReadBytes:0
LastReadThroughput:0
LastWrittenBytes:0
LastWriteThroughput:0
RealWrittenBytes:0
RealWriteThroughput:0
当前玩家的连接数量:0
当前地图的线程个数：9
当前地图的个数:48
当前数据库执行队列数:0
当前发送队列缓存的对象数量:0
totalMemory：680001536, use ：429168272, free ：250833264DirectMemory：1827143680, 恢复 ：1
当前时间 ：2026-08-21 00:03:39send keng：2418, sheng ：4194304
decode keng：26, sheng ：2097152
world keng：12, sheng ：1048576

2026-08-21 00:03:44.682 INFO [pool-6-thread-5][:] - /****************流量统计******************/
LastReadBytes:0
LastReadThroughput:0
LastWrittenBytes:0
LastWriteThroughput:0
RealWrittenBytes:0
RealWriteThroughput:0
当前玩家的连接数量:0
当前地图的线程个数：9
当前地图的个数:48
当前数据库执行队列数:0
当前发送队列缓存的对象数量:0
totalMemory：680001536, use ：432547536, free ：247454000DirectMemory：1827143680, 恢复 ：1
当前时间 ：2026-08-21 00:03:44send keng：2418, sheng ：4194304
decode keng：26, sheng ：2097152
world keng：12, sheng ：1048576

2026-08-21 00:03:49.682 INFO [pool-6-thread-2][:] - /****************流量统计******************/
LastReadBytes:0
LastReadThroughput:0
LastWrittenBytes:0
LastWriteThroughput:0
RealWrittenBytes:0
RealWriteThroughput:0
当前玩家的连接数量:0
当前地图的线程个数：9
当前地图的个数:48
当前数据库执行队列数:0
当前发送队列缓存的对象数量:0
totalMemory：680001536, use ：436106992, free ：243894544DirectMemory：1827143680, 恢复 ：1
当前时间 ：2026-08-21 00:03:49send keng：2418, sheng ：4194304
decode keng：26, sheng ：2097152
world keng：12, sheng ：1048576

2026-08-21 00:03:54.682 INFO [pool-6-thread-4][:] - /****************流量统计******************/
LastReadBytes:0
LastReadThroughput:0
LastWrittenBytes:0
LastWriteThroughput:0
RealWrittenBytes:0
RealWriteThroughput:0
当前玩家的连接数量:0
当前地图的线程个数：9
当前地图的个数:48
当前数据库执行队列数:0
当前发送队列缓存的对象数量:0
totalMemory：680001536, use ：439509064, free ：240492472DirectMemory：1827143680, 恢复 ：1
当前时间 ：2026-08-21 00:03:54send keng：2418, sheng ：4194304
decode keng：26, sheng ：2097152
world keng：12, sheng ：1048576

2026-08-21 00:03:59.682 INFO [pool-6-thread-2][:] - /****************流量统计******************/
LastReadBytes:0
LastReadThroughput:0
LastWrittenBytes:0
LastWriteThroughput:0
RealWrittenBytes:0
RealWriteThroughput:0
当前玩家的连接数量:0
当前地图的线程个数：9
当前地图的个数:48
当前数据库执行队列数:0
当前发送队列缓存的对象数量:0
totalMemory：680001536, use ：443181888, free ：236819648DirectMemory：1827143680, 恢复 ：1
当前时间 ：2026-08-21 00:03:59send keng：2418, sheng ：4194304
decode keng：26, sheng ：2097152
world keng：12, sheng ：1048576

2026-08-21 00:04:04.682 INFO [pool-6-thread-9][:] - /****************流量统计******************/
LastReadBytes:0
LastReadThroughput:0
LastWrittenBytes:0
LastWriteThroughput:0
RealWrittenBytes:0
RealWriteThroughput:0
当前玩家的连接数量:0
当前地图的线程个数：9
当前地图的个数:48
当前数据库执行队列数:0
当前发送队列缓存的对象数量:0
totalMemory：680001536, use ：446757992, free ：233243544DirectMemory：1827143680, 恢复 ：1
当前时间 ：2026-08-21 00:04:04send keng：2418, sheng ：4194304
decode keng：26, sheng ：2097152
world keng：12, sheng ：1048576

2026-08-21 00:04:09.682 INFO [pool-6-thread-1][:] - /****************流量统计******************/
LastReadBytes:0
LastReadThroughput:0
LastWrittenBytes:0
LastWriteThroughput:0
RealWrittenBytes:0
RealWriteThroughput:0
当前玩家的连接数量:0
当前地图的线程个数：9
当前地图的个数:48
当前数据库执行队列数:0
当前发送队列缓存的对象数量:0
totalMemory：680001536, use ：450350488, free ：229651048DirectMemory：1827143680, 恢复 ：1
当前时间 ：2026-08-21 00:04:09send keng：2418, sheng ：4194304
decode keng：26, sheng ：2097152
world keng：12, sheng ：1048576

2026-08-21 00:04:14.682 INFO [pool-6-thread-4][:] - /****************流量统计******************/
LastReadBytes:0
LastReadThroughput:0
LastWrittenBytes:0
LastWriteThroughput:0
RealWrittenBytes:0
RealWriteThroughput:0
当前玩家的连接数量:0
当前地图的线程个数：9
当前地图的个数:48
当前数据库执行队列数:0
当前发送队列缓存的对象数量:0
totalMemory：680001536, use ：453898360, free ：226103176DirectMemory：1827143680, 恢复 ：1
当前时间 ：2026-08-21 00:04:14send keng：2418, sheng ：4194304
decode keng：26, sheng ：2097152
world keng：12, sheng ：1048576

2026-08-21 00:04:19.682 INFO [pool-6-thread-9][:] - /****************流量统计******************/
LastReadBytes:0
LastReadThroughput:0
LastWrittenBytes:0
LastWriteThroughput:0
RealWrittenBytes:0
RealWriteThroughput:0
当前玩家的连接数量:0
当前地图的线程个数：9
当前地图的个数:48
当前数据库执行队列数:0
当前发送队列缓存的对象数量:0
totalMemory：680001536, use ：457478480, free ：222523056DirectMemory：1827143680, 恢复 ：1
当前时间 ：2026-08-21 00:04:19send keng：2418, sheng ：4194304
decode keng：26, sheng ：2097152
world keng：12, sheng ：1048576

2026-08-21 00:04:24.682 INFO [pool-6-thread-6][:] - /****************流量统计******************/
LastReadBytes:0
LastReadThroughput:0
LastWrittenBytes:0
LastWriteThroughput:0
RealWrittenBytes:0
RealWriteThroughput:0
当前玩家的连接数量:0
当前地图的线程个数：9
当前地图的个数:48
当前数据库执行队列数:0
当前发送队列缓存的对象数量:0
totalMemory：680001536, use ：460994040, free ：219007496DirectMemory：1827143680, 恢复 ：1
当前时间 ：2026-08-21 00:04:24send keng：2418, sheng ：4194304
decode keng：26, sheng ：2097152
world keng：12, sheng ：1048576

2026-08-21 00:04:29.682 INFO [pool-6-thread-4][:] - /****************流量统计******************/
LastReadBytes:0
LastReadThroughput:0
LastWrittenBytes:0
LastWriteThroughput:0
RealWrittenBytes:0
RealWriteThroughput:0
当前玩家的连接数量:0
当前地图的线程个数：9
当前地图的个数:48
当前数据库执行队列数:0
当前发送队列缓存的对象数量:0
totalMemory：680001536, use ：464564856, free ：215436680DirectMemory：1827143680, 恢复 ：1
当前时间 ：2026-08-21 00:04:29send keng：2418, sheng ：4194304
decode keng：26, sheng ：2097152
world keng：12, sheng ：1048576

2026-08-21 00:04:34.682 INFO [pool-6-thread-2][:] - /****************流量统计******************/
LastReadBytes:0
LastReadThroughput:0
LastWrittenBytes:0
LastWriteThroughput:0
RealWrittenBytes:0
RealWriteThroughput:0
当前玩家的连接数量:0
当前地图的线程个数：9
当前地图的个数:48
当前数据库执行队列数:0
当前发送队列缓存的对象数量:0
totalMemory：680525824, use ：421394360, free ：259131464DirectMemory：1827143680, 恢复 ：1
当前时间 ：2026-08-21 00:04:34send keng：2418, sheng ：4194304
decode keng：26, sheng ：2097152
world keng：12, sheng ：1048576

2026-08-21 00:04:39.682 INFO [pool-6-thread-3][:] - /****************流量统计******************/
LastReadBytes:0
LastReadThroughput:0
LastWrittenBytes:0
LastWriteThroughput:0
RealWrittenBytes:0
RealWriteThroughput:0
当前玩家的连接数量:0
当前地图的线程个数：9
当前地图的个数:48
当前数据库执行队列数:0
当前发送队列缓存的对象数量:0
totalMemory：680525824, use ：425066160, free ：255459664DirectMemory：1827143680, 恢复 ：1
当前时间 ：2026-08-21 00:04:39send keng：2418, sheng ：4194304
decode keng：26, sheng ：2097152
world keng：12, sheng ：1048576

2026-08-21 00:04:44.682 INFO [pool-6-thread-1][:] - /****************流量统计******************/
LastReadBytes:0
LastReadThroughput:0
LastWrittenBytes:0
LastWriteThroughput:0
RealWrittenBytes:0
RealWriteThroughput:0
当前玩家的连接数量:0
当前地图的线程个数：9
当前地图的个数:48
当前数据库执行队列数:0
当前发送队列缓存的对象数量:0
totalMemory：680525824, use ：428524648, free ：252001176DirectMemory：1827143680, 恢复 ：1
当前时间 ：2026-08-21 00:04:44send keng：2418, sheng ：4194304
decode keng：26, sheng ：2097152
world keng：12, sheng ：1048576

2026-08-21 00:04:49.682 INFO [pool-6-thread-5][:] - /****************流量统计******************/
LastReadBytes:0
LastReadThroughput:0
LastWrittenBytes:0
LastWriteThroughput:0
RealWrittenBytes:0
RealWriteThroughput:0
当前玩家的连接数量:0
当前地图的线程个数：9
当前地图的个数:48
当前数据库执行队列数:0
当前发送队列缓存的对象数量:0
totalMemory：680525824, use ：432221488, free ：248304336DirectMemory：1827143680, 恢复 ：1
当前时间 ：2026-08-21 00:04:49send keng：2418, sheng ：4194304
decode keng：26, sheng ：2097152
world keng：12, sheng ：1048576

2026-08-21 00:04:54.682 INFO [pool-6-thread-2][:] - /****************流量统计******************/
LastReadBytes:0
LastReadThroughput:0
LastWrittenBytes:0
LastWriteThroughput:0
RealWrittenBytes:0
RealWriteThroughput:0
当前玩家的连接数量:0
当前地图的线程个数：9
当前地图的个数:48
当前数据库执行队列数:0
当前发送队列缓存的对象数量:0
totalMemory：680525824, use ：435426536, free ：245099288DirectMemory：1827143680, 恢复 ：1
当前时间 ：2026-08-21 00:04:54send keng：2418, sheng ：4194304
decode keng：26, sheng ：2097152
world keng：12, sheng ：1048576

2026-08-21 00:04:59.682 INFO [pool-6-thread-1][:] - /****************流量统计******************/
LastReadBytes:0
LastReadThroughput:0
LastWrittenBytes:0
LastWriteThroughput:0
RealWrittenBytes:0
RealWriteThroughput:0
当前玩家的连接数量:0
当前地图的线程个数：9
当前地图的个数:48
当前数据库执行队列数:0
当前发送队列缓存的对象数量:0
totalMemory：680525824, use ：438925880, free ：241599944DirectMemory：1827143680, 恢复 ：1
当前时间 ：2026-08-21 00:04:59send keng：2418, sheng ：4194304
decode keng：26, sheng ：2097152
world keng：12, sheng ：1048576

2026-08-21 00:05:04.682 INFO [pool-6-thread-10][:] - /****************流量统计******************/
LastReadBytes:0
LastReadThroughput:0
LastWrittenBytes:0
LastWriteThroughput:0
RealWrittenBytes:0
RealWriteThroughput:0
当前玩家的连接数量:0
当前地图的线程个数：9
当前地图的个数:48
当前数据库执行队列数:0
当前发送队列缓存的对象数量:0
totalMemory：680525824, use ：442657376, free ：237868448DirectMemory：1827143680, 恢复 ：1
当前时间 ：2026-08-21 00:05:04send keng：2418, sheng ：4194304
decode keng：26, sheng ：2097152
world keng：12, sheng ：1048576

2026-08-21 00:05:09.682 INFO [pool-6-thread-2][:] - /****************流量统计******************/
LastReadBytes:0
LastReadThroughput:0
LastWrittenBytes:0
LastWriteThroughput:0
RealWrittenBytes:0
RealWriteThroughput:0
当前玩家的连接数量:0
当前地图的线程个数：9
当前地图的个数:48
当前数据库执行队列数:0
当前发送队列缓存的对象数量:0
totalMemory：680525824, use ：446143968, free ：234381856DirectMemory：1827143680, 恢复 ：1
当前时间 ：2026-08-21 00:05:09send keng：2418, sheng ：4194304
decode keng：26, sheng ：2097152
world keng：12, sheng ：1048576

2026-08-21 00:05:14.682 INFO [pool-6-thread-8][:] - /****************流量统计******************/
LastReadBytes:0
LastReadThroughput:0
LastWrittenBytes:0
LastWriteThroughput:0
RealWrittenBytes:0
RealWriteThroughput:0
当前玩家的连接数量:0
当前地图的线程个数：9
当前地图的个数:48
当前数据库执行队列数:0
当前发送队列缓存的对象数量:0
totalMemory：680525824, use ：450047304, free ：230478520DirectMemory：1827143680, 恢复 ：1
当前时间 ：2026-08-21 00:05:14send keng：2418, sheng ：4194304
decode keng：26, sheng ：2097152
world keng：12, sheng ：1048576

2026-08-21 00:05:19.682 INFO [pool-6-thread-8][:] - /****************流量统计******************/
LastReadBytes:0
LastReadThroughput:0
LastWrittenBytes:0
LastWriteThroughput:0
RealWrittenBytes:0
RealWriteThroughput:0
当前玩家的连接数量:0
当前地图的线程个数：9
当前地图的个数:48
当前数据库执行队列数:0
当前发送队列缓存的对象数量:0
totalMemory：680525824, use ：453248256, free ：227277568DirectMemory：1827143680, 恢复 ：1
当前时间 ：2026-08-21 00:05:19send keng：2418, sheng ：4194304
decode keng：26, sheng ：2097152
world keng：12, sheng ：1048576

2026-08-21 00:05:24.682 INFO [pool-6-thread-6][:] - /****************流量统计******************/
LastReadBytes:0
LastReadThroughput:0
LastWrittenBytes:0
LastWriteThroughput:0
RealWrittenBytes:0
RealWriteThroughput:0
当前玩家的连接数量:0
当前地图的线程个数：9
当前地图的个数:48
当前数据库执行队列数:0
当前发送队列缓存的对象数量:0
totalMemory：680525824, use ：456901712, free ：223624112DirectMemory：1827143680, 恢复 ：1
当前时间 ：2026-08-21 00:05:24send keng：2418, sheng ：4194304
decode keng：26, sheng ：2097152
world keng：12, sheng ：1048576

2026-08-21 00:05:29.682 INFO [pool-6-thread-2][:] - /****************流量统计******************/
LastReadBytes:0
LastReadThroughput:0
LastWrittenBytes:0
LastWriteThroughput:0
RealWrittenBytes:0
RealWriteThroughput:0
当前玩家的连接数量:0
当前地图的线程个数：9
当前地图的个数:48
当前数据库执行队列数:0
当前发送队列缓存的对象数量:0
totalMemory：680525824, use ：460265528, free ：220260296DirectMemory：1827143680, 恢复 ：1
当前时间 ：2026-08-21 00:05:29send keng：2418, sheng ：4194304
decode keng：26, sheng ：2097152
world keng：12, sheng ：1048576

2026-08-21 00:05:34.682 INFO [pool-6-thread-10][:] - /****************流量统计******************/
LastReadBytes:0
LastReadThroughput:0
LastWrittenBytes:0
LastWriteThroughput:0
RealWrittenBytes:0
RealWriteThroughput:0
当前玩家的连接数量:0
当前地图的线程个数：9
当前地图的个数:48
当前数据库执行队列数:0
当前发送队列缓存的对象数量:0
totalMemory：680525824, use ：464068928, free ：216456896DirectMemory：1827143680, 恢复 ：1
当前时间 ：2026-08-21 00:05:34send keng：2418, sheng ：4194304
decode keng：26, sheng ：2097152
world keng：12, sheng ：1048576

2026-08-21 00:05:39.682 INFO [pool-6-thread-9][:] - /****************流量统计******************/
LastReadBytes:0
LastReadThroughput:0
LastWrittenBytes:0
LastWriteThroughput:0
RealWrittenBytes:0
RealWriteThroughput:0
当前玩家的连接数量:0
当前地图的线程个数：9
当前地图的个数:48
当前数据库执行队列数:0
当前发送队列缓存的对象数量:0
totalMemory：680525824, use ：420825576, free ：259700248DirectMemory：1827143680, 恢复 ：1
当前时间 ：2026-08-21 00:05:39send keng：2418, sheng ：4194304
decode keng：26, sheng ：2097152
world keng：12, sheng ：1048576

2026-08-21 00:05:44.682 INFO [pool-6-thread-3][:] - /****************流量统计******************/
LastReadBytes:0
LastReadThroughput:0
LastWrittenBytes:0
LastWriteThroughput:0
RealWrittenBytes:0
RealWriteThroughput:0
当前玩家的连接数量:0
当前地图的线程个数：9
当前地图的个数:48
当前数据库执行队列数:0
当前发送队列缓存的对象数量:0
totalMemory：680525824, use ：424168768, free ：256357056DirectMemory：1827143680, 恢复 ：1
当前时间 ：2026-08-21 00:05:44send keng：2418, sheng ：4194304
decode keng：26, sheng ：2097152
world keng：12, sheng ：1048576

2026-08-21 00:05:49.682 INFO [pool-6-thread-2][:] - /****************流量统计******************/
LastReadBytes:0
LastReadThroughput:0
LastWrittenBytes:0
LastWriteThroughput:0
RealWrittenBytes:0
RealWriteThroughput:0
当前玩家的连接数量:0
当前地图的线程个数：9
当前地图的个数:48
当前数据库执行队列数:0
当前发送队列缓存的对象数量:0
totalMemory：680525824, use ：427654720, free ：252871104DirectMemory：1827143680, 恢复 ：1
当前时间 ：2026-08-21 00:05:49send keng：2418, sheng ：4194304
decode keng：26, sheng ：2097152
world keng：12, sheng ：1048576

2026-08-21 00:05:54.682 INFO [pool-6-thread-1][:] - /****************流量统计******************/
LastReadBytes:0
LastReadThroughput:0
LastWrittenBytes:0
LastWriteThroughput:0
RealWrittenBytes:0
RealWriteThroughput:0
当前玩家的连接数量:0
当前地图的线程个数：9
当前地图的个数:48
当前数据库执行队列数:0
当前发送队列缓存的对象数量:0
totalMemory：680525824, use ：431333104, free ：249192720DirectMemory：1827143680, 恢复 ：1
当前时间 ：2026-08-21 00:05:54send keng：2418, sheng ：4194304
decode keng：26, sheng ：2097152
world keng：12, sheng ：1048576

2026-08-21 00:05:59.682 INFO [pool-6-thread-5][:] - /****************流量统计******************/
LastReadBytes:0
LastReadThroughput:0
LastWrittenBytes:0
LastWriteThroughput:0
RealWrittenBytes:0
RealWriteThroughput:0
当前玩家的连接数量:0
当前地图的线程个数：9
当前地图的个数:48
当前数据库执行队列数:0
当前发送队列缓存的对象数量:0
totalMemory：680525824, use ：434871904, free ：245653920DirectMemory：1827143680, 恢复 ：1
当前时间 ：2026-08-21 00:05:59send keng：2418, sheng ：4194304
decode keng：26, sheng ：2097152
world keng：12, sheng ：1048576

2026-08-21 00:06:04.682 INFO [pool-6-thread-7][:] - /****************流量统计******************/
LastReadBytes:0
LastReadThroughput:0
LastWrittenBytes:0
LastWriteThroughput:0
RealWrittenBytes:0
RealWriteThroughput:0
当前玩家的连接数量:0
当前地图的线程个数：9
当前地图的个数:48
当前数据库执行队列数:0
当前发送队列缓存的对象数量:0
totalMemory：680525824, use ：438485064, free ：242040760DirectMemory：1827143680, 恢复 ：1
当前时间 ：2026-08-21 00:06:04send keng：2418, sheng ：4194304
decode keng：26, sheng ：2097152
world keng：12, sheng ：1048576

2026-08-21 00:06:09.682 INFO [pool-6-thread-10][:] - /****************流量统计******************/
LastReadBytes:0
LastReadThroughput:0
LastWrittenBytes:0
LastWriteThroughput:0
RealWrittenBytes:0
RealWriteThroughput:0
当前玩家的连接数量:0
当前地图的线程个数：9
当前地图的个数:48
当前数据库执行队列数:0
当前发送队列缓存的对象数量:0
totalMemory：680525824, use ：441879168, free ：238646656DirectMemory：1827143680, 恢复 ：1
当前时间 ：2026-08-21 00:06:09send keng：2418, sheng ：4194304
decode keng：26, sheng ：2097152
world keng：12, sheng ：1048576

2026-08-21 00:06:14.682 INFO [pool-6-thread-3][:] - /****************流量统计******************/
LastReadBytes:0
LastReadThroughput:0
LastWrittenBytes:0
LastWriteThroughput:0
RealWrittenBytes:0
RealWriteThroughput:0
当前玩家的连接数量:0
当前地图的线程个数：9
当前地图的个数:48
当前数据库执行队列数:0
当前发送队列缓存的对象数量:0
totalMemory：680525824, use ：445642328, free ：234883496DirectMemory：1827143680, 恢复 ：1
当前时间 ：2026-08-21 00:06:14send keng：2418, sheng ：4194304
decode keng：26, sheng ：2097152
world keng：12, sheng ：1048576

2026-08-21 00:06:19.682 INFO [pool-6-thread-7][:] - /****************流量统计******************/
LastReadBytes:0
LastReadThroughput:0
LastWrittenBytes:0
LastWriteThroughput:0
RealWrittenBytes:0
RealWriteThroughput:0
当前玩家的连接数量:0
当前地图的线程个数：9
当前地图的个数:48
当前数据库执行队列数:0
当前发送队列缓存的对象数量:0
totalMemory：680525824, use ：449019920, free ：231505904DirectMemory：1827143680, 恢复 ：1
当前时间 ：2026-08-21 00:06:19send keng：2418, sheng ：4194304
decode keng：26, sheng ：2097152
world keng：12, sheng ：1048576

2026-08-21 00:06:24.682 INFO [pool-6-thread-9][:] - /****************流量统计******************/
LastReadBytes:0
LastReadThroughput:0
LastWrittenBytes:0
LastWriteThroughput:0
RealWrittenBytes:0
RealWriteThroughput:0
当前玩家的连接数量:0
当前地图的线程个数：9
当前地图的个数:48
当前数据库执行队列数:0
当前发送队列缓存的对象数量:0
totalMemory：680525824, use ：452738080, free ：227787744DirectMemory：1827143680, 恢复 ：1
当前时间 ：2026-08-21 00:06:24send keng：2418, sheng ：4194304
decode keng：26, sheng ：2097152
world keng：12, sheng ：1048576

2026-08-21 00:06:29.682 INFO [pool-6-thread-7][:] - /****************流量统计******************/
LastReadBytes:0
LastReadThroughput:0
LastWrittenBytes:0
LastWriteThroughput:0
RealWrittenBytes:0
RealWriteThroughput:0
当前玩家的连接数量:0
当前地图的线程个数：9
当前地图的个数:48
当前数据库执行队列数:0
当前发送队列缓存的对象数量:0
totalMemory：680525824, use ：455990608, free ：224535216DirectMemory：1827143680, 恢复 ：1
当前时间 ：2026-08-21 00:06:29send keng：2418, sheng ：4194304
decode keng：26, sheng ：2097152
world keng：12, sheng ：1048576

2026-08-21 00:06:34.682 INFO [pool-6-thread-3][:] - /****************流量统计******************/
LastReadBytes:0
LastReadThroughput:0
LastWrittenBytes:0
LastWriteThroughput:0
RealWrittenBytes:0
RealWriteThroughput:0
当前玩家的连接数量:0
当前地图的线程个数：9
当前地图的个数:48
当前数据库执行队列数:0
当前发送队列缓存的对象数量:0
totalMemory：680525824, use ：459650680, free ：220875144DirectMemory：1827143680, 恢复 ：1
当前时间 ：2026-08-21 00:06:34send keng：2418, sheng ：4194304
decode keng：26, sheng ：2097152
world keng：12, sheng ：1048576

2026-08-21 00:06:39.682 INFO [pool-6-thread-10][:] - /****************流量统计******************/
LastReadBytes:0
LastReadThroughput:0
LastWrittenBytes:0
LastWriteThroughput:0
RealWrittenBytes:0
RealWriteThroughput:0
当前玩家的连接数量:0
当前地图的线程个数：9
当前地图的个数:48
当前数据库执行队列数:0
当前发送队列缓存的对象数量:0
totalMemory：680525824, use ：463024888, free ：217500936DirectMemory：1827143680, 恢复 ：1
当前时间 ：2026-08-21 00:06:39send keng：2418, sheng ：4194304
decode keng：26, sheng ：2097152
world keng：12, sheng ：1048576

2026-08-21 00:06:44.682 INFO [pool-6-thread-3][:] - /****************流量统计******************/
LastReadBytes:0
LastReadThroughput:0
LastWrittenBytes:0
LastWriteThroughput:0
RealWrittenBytes:0
RealWriteThroughput:0
当前玩家的连接数量:0
当前地图的线程个数：9
当前地图的个数:48
当前数据库执行队列数:0
当前发送队列缓存的对象数量:0
totalMemory：680525824, use ：420243824, free ：260282000DirectMemory：1827143680, 恢复 ：1
当前时间 ：2026-08-21 00:06:44send keng：2418, sheng ：4194304
decode keng：26, sheng ：2097152
world keng：12, sheng ：1048576

2026-08-21 00:06:49.682 INFO [pool-6-thread-2][:] - /****************流量统计******************/
LastReadBytes:0
LastReadThroughput:0
LastWrittenBytes:0
LastWriteThroughput:0
RealWrittenBytes:0
RealWriteThroughput:0
当前玩家的连接数量:0
当前地图的线程个数：9
当前地图的个数:48
当前数据库执行队列数:0
当前发送队列缓存的对象数量:0
totalMemory：680525824, use ：423440384, free ：257085440DirectMemory：1827143680, 恢复 ：1
当前时间 ：2026-08-21 00:06:49send keng：2418, sheng ：4194304
decode keng：26, sheng ：2097152
world keng：12, sheng ：1048576

2026-08-21 00:06:54.682 INFO [pool-6-thread-5][:] - /****************流量统计******************/
LastReadBytes:0
LastReadThroughput:0
LastWrittenBytes:0
LastWriteThroughput:0
RealWrittenBytes:0
RealWriteThroughput:0
当前玩家的连接数量:0
当前地图的线程个数：9
当前地图的个数:48
当前数据库执行队列数:0
当前发送队列缓存的对象数量:0
totalMemory：680525824, use ：426992808, free ：253533016DirectMemory：1827143680, 恢复 ：1
当前时间 ：2026-08-21 00:06:54send keng：2418, sheng ：4194304
decode keng：26, sheng ：2097152
world keng：12, sheng ：1048576

2026-08-21 00:06:59.682 INFO [pool-6-thread-1][:] - /****************流量统计******************/
LastReadBytes:0
LastReadThroughput:0
LastWrittenBytes:0
LastWriteThroughput:0
RealWrittenBytes:0
RealWriteThroughput:0
当前玩家的连接数量:0
当前地图的线程个数：9
当前地图的个数:48
当前数据库执行队列数:0
当前发送队列缓存的对象数量:0
totalMemory：680525824, use ：430229056, free ：250296768DirectMemory：1827143680, 恢复 ：1
当前时间 ：2026-08-21 00:06:59send keng：2418, sheng ：4194304
decode keng：26, sheng ：2097152
world keng：12, sheng ：1048576

2026-08-21 00:07:04.682 INFO [pool-6-thread-6][:] - /****************流量统计******************/
LastReadBytes:0
LastReadThroughput:0
LastWrittenBytes:0
LastWriteThroughput:0
RealWrittenBytes:0
RealWriteThroughput:0
当前玩家的连接数量:0
当前地图的线程个数：9
当前地图的个数:48
当前数据库执行队列数:0
当前发送队列缓存的对象数量:0
totalMemory：680525824, use ：434081376, free ：246444448DirectMemory：1827143680, 恢复 ：1
当前时间 ：2026-08-21 00:07:04send keng：2418, sheng ：4194304
decode keng：26, sheng ：2097152
world keng：12, sheng ：1048576

2026-08-21 00:07:09.682 INFO [pool-6-thread-1][:] - /****************流量统计******************/
LastReadBytes:0
LastReadThroughput:0
LastWrittenBytes:0
LastWriteThroughput:0
RealWrittenBytes:0
RealWriteThroughput:0
当前玩家的连接数量:0
当前地图的线程个数：9
当前地图的个数:48
当前数据库执行队列数:0
当前发送队列缓存的对象数量:0
totalMemory：680525824, use ：437395640, free ：243130184DirectMemory：1827143680, 恢复 ：1
当前时间 ：2026-08-21 00:07:09send keng：2418, sheng ：4194304
decode keng：26, sheng ：2097152
world keng：12, sheng ：1048576

2026-08-21 00:07:14.682 INFO [pool-6-thread-10][:] - /****************流量统计******************/
LastReadBytes:0
LastReadThroughput:0
LastWrittenBytes:0
LastWriteThroughput:0
RealWrittenBytes:0
RealWriteThroughput:0
当前玩家的连接数量:0
当前地图的线程个数：9
当前地图的个数:48
当前数据库执行队列数:0
当前发送队列缓存的对象数量:0
totalMemory：680525824, use ：441074344, free ：239451480DirectMemory：1827143680, 恢复 ：1
当前时间 ：2026-08-21 00:07:14send keng：2418, sheng ：4194304
decode keng：26, sheng ：2097152
world keng：12, sheng ：1048576

2026-08-21 00:07:19.682 INFO [pool-6-thread-7][:] - /****************流量统计******************/
LastReadBytes:0
LastReadThroughput:0
LastWrittenBytes:0
LastWriteThroughput:0
RealWrittenBytes:0
RealWriteThroughput:0
当前玩家的连接数量:0
当前地图的线程个数：9
当前地图的个数:48
当前数据库执行队列数:0
当前发送队列缓存的对象数量:0
totalMemory：680525824, use ：444631864, free ：235893960DirectMemory：1827143680, 恢复 ：1
当前时间 ：2026-08-21 00:07:19send keng：2418, sheng ：4194304
decode keng：26, sheng ：2097152
world keng：12, sheng ：1048576

2026-08-21 00:07:24.682 INFO [pool-6-thread-5][:] - /****************流量统计******************/
LastReadBytes:0
LastReadThroughput:0
LastWrittenBytes:0
LastWriteThroughput:0
RealWrittenBytes:0
RealWriteThroughput:0
当前玩家的连接数量:0
当前地图的线程个数：9
当前地图的个数:48
当前数据库执行队列数:0
当前发送队列缓存的对象数量:0
totalMemory：680525824, use ：448179352, free ：232346472DirectMemory：1827143680, 恢复 ：1
当前时间 ：2026-08-21 00:07:24send keng：2418, sheng ：4194304
decode keng：26, sheng ：2097152
world keng：12, sheng ：1048576

2026-08-21 00:07:29.682 INFO [pool-6-thread-7][:] - /****************流量统计******************/
LastReadBytes:0
LastReadThroughput:0
LastWrittenBytes:0
LastWriteThroughput:0
RealWrittenBytes:0
RealWriteThroughput:0
当前玩家的连接数量:0
当前地图的线程个数：9
当前地图的个数:48
当前数据库执行队列数:0
当前发送队列缓存的对象数量:0
totalMemory：680525824, use ：451616288, free ：228909536DirectMemory：1827143680, 恢复 ：1
当前时间 ：2026-08-21 00:07:29send keng：2418, sheng ：4194304
decode keng：26, sheng ：2097152
world keng：12, sheng ：1048576

2026-08-21 00:07:34.686 INFO [pool-6-thread-10][:] - /****************流量统计******************/
LastReadBytes:0
LastReadThroughput:0
LastWrittenBytes:0
LastWriteThroughput:0
RealWrittenBytes:0
RealWriteThroughput:0
当前玩家的连接数量:0
当前地图的线程个数：9
当前地图的个数:48
当前数据库执行队列数:0
当前发送队列缓存的对象数量:0
totalMemory：680525824, use ：454960080, free ：225565744DirectMemory：1827143680, 恢复 ：1
当前时间 ：2026-08-21 00:07:34send keng：2418, sheng ：4194304
decode keng：26, sheng ：2097152
world keng：12, sheng ：1048576

2026-08-21 00:07:39.682 INFO [pool-6-thread-7][:] - /****************流量统计******************/
LastReadBytes:0
LastReadThroughput:0
LastWrittenBytes:0
LastWriteThroughput:0
RealWrittenBytes:0
RealWriteThroughput:0
当前玩家的连接数量:0
当前地图的线程个数：9
当前地图的个数:48
当前数据库执行队列数:0
当前发送队列缓存的对象数量:0
totalMemory：680525824, use ：458521080, free ：222004744DirectMemory：1827143680, 恢复 ：1
当前时间 ：2026-08-21 00:07:39send keng：2418, sheng ：4194304
decode keng：26, sheng ：2097152
world keng：12, sheng ：1048576

2026-08-21 00:07:44.682 INFO [pool-6-thread-2][:] - /****************流量统计******************/
LastReadBytes:0
LastReadThroughput:0
LastWrittenBytes:0
LastWriteThroughput:0
RealWrittenBytes:0
RealWriteThroughput:0
当前玩家的连接数量:0
当前地图的线程个数：9
当前地图的个数:48
当前数据库执行队列数:0
当前发送队列缓存的对象数量:0
totalMemory：680525824, use ：462102784, free ：218423040DirectMemory：1827143680, 恢复 ：1
当前时间 ：2026-08-21 00:07:44send keng：2418, sheng ：4194304
decode keng：26, sheng ：2097152
world keng：12, sheng ：1048576

2026-08-21 00:07:49.682 INFO [pool-6-thread-5][:] - /****************流量统计******************/
LastReadBytes:0
LastReadThroughput:0
LastWrittenBytes:0
LastWriteThroughput:0
RealWrittenBytes:0
RealWriteThroughput:0
当前玩家的连接数量:0
当前地图的线程个数：9
当前地图的个数:48
当前数据库执行队列数:0
当前发送队列缓存的对象数量:0
totalMemory：680525824, use ：465546112, free ：214979712DirectMemory：1827143680, 恢复 ：1
当前时间 ：2026-08-21 00:07:49send keng：2418, sheng ：4194304
decode keng：26, sheng ：2097152
world keng：12, sheng ：1048576

2026-08-21 00:07:54.682 INFO [pool-6-thread-7][:] - /****************流量统计******************/
LastReadBytes:0
LastReadThroughput:0
LastWrittenBytes:0
LastWriteThroughput:0
RealWrittenBytes:0
RealWriteThroughput:0
当前玩家的连接数量:0
当前地图的线程个数：9
当前地图的个数:48
当前数据库执行队列数:0
当前发送队列缓存的对象数量:0
totalMemory：680001536, use ：422445704, free ：257555832DirectMemory：1827143680, 恢复 ：1
当前时间 ：2026-08-21 00:07:54send keng：2418, sheng ：4194304
decode keng：26, sheng ：2097152
world keng：12, sheng ：1048576

2026-08-21 00:07:59.682 INFO [pool-6-thread-9][:] - /****************流量统计******************/
LastReadBytes:0
LastReadThroughput:0
LastWrittenBytes:0
LastWriteThroughput:0
RealWrittenBytes:0
RealWriteThroughput:0
当前玩家的连接数量:0
当前地图的线程个数：9
当前地图的个数:48
当前数据库执行队列数:0
当前发送队列缓存的对象数量:0
totalMemory：680001536, use ：425826568, free ：254174968DirectMemory：1827143680, 恢复 ：1
当前时间 ：2026-08-21 00:07:59send keng：2418, sheng ：4194304
decode keng：26, sheng ：2097152
world keng：12, sheng ：1048576

2026-08-21 00:08:04.682 INFO [pool-6-thread-4][:] - /****************流量统计******************/
LastReadBytes:0
LastReadThroughput:0
LastWrittenBytes:0
LastWriteThroughput:0
RealWrittenBytes:0
RealWriteThroughput:0
当前玩家的连接数量:0
当前地图的线程个数：9
当前地图的个数:48
当前数据库执行队列数:0
当前发送队列缓存的对象数量:0
totalMemory：680001536, use ：429708704, free ：250292832DirectMemory：1827143680, 恢复 ：1
当前时间 ：2026-08-21 00:08:04send keng：2418, sheng ：4194304
decode keng：26, sheng ：2097152
world keng：12, sheng ：1048576

2026-08-21 00:08:09.682 INFO [pool-6-thread-7][:] - /****************流量统计******************/
LastReadBytes:0
LastReadThroughput:0
LastWrittenBytes:0
LastWriteThroughput:0
RealWrittenBytes:0
RealWriteThroughput:0
当前玩家的连接数量:0
当前地图的线程个数：9
当前地图的个数:48
当前数据库执行队列数:0
当前发送队列缓存的对象数量:0
totalMemory：680001536, use ：432934392, free ：247067144DirectMemory：1827143680, 恢复 ：1
当前时间 ：2026-08-21 00:08:09send keng：2418, sheng ：4194304
decode keng：26, sheng ：2097152
world keng：12, sheng ：1048576

2026-08-21 00:08:14.682 INFO [pool-6-thread-2][:] - /****************流量统计******************/
LastReadBytes:0
LastReadThroughput:0
LastWrittenBytes:0
LastWriteThroughput:0
RealWrittenBytes:0
RealWriteThroughput:0
当前玩家的连接数量:0
当前地图的线程个数：9
当前地图的个数:48
当前数据库执行队列数:0
当前发送队列缓存的对象数量:0
totalMemory：680001536, use ：436647672, free ：243353864DirectMemory：1827143680, 恢复 ：1
当前时间 ：2026-08-21 00:08:14send keng：2418, sheng ：4194304
decode keng：26, sheng ：2097152
world keng：12, sheng ：1048576

2026-08-21 00:08:19.682 INFO [pool-6-thread-7][:] - /****************流量统计******************/
LastReadBytes:0
LastReadThroughput:0
LastWrittenBytes:0
LastWriteThroughput:0
RealWrittenBytes:0
RealWriteThroughput:0
当前玩家的连接数量:0
当前地图的线程个数：9
当前地图的个数:48
当前数据库执行队列数:0
当前发送队列缓存的对象数量:0
totalMemory：680001536, use ：439940296, free ：240061240DirectMemory：1827143680, 恢复 ：1
当前时间 ：2026-08-21 00:08:19send keng：2418, sheng ：4194304
decode keng：26, sheng ：2097152
world keng：12, sheng ：1048576

2026-08-21 00:08:24.682 INFO [pool-6-thread-5][:] - /****************流量统计******************/
LastReadBytes:0
LastReadThroughput:0
LastWrittenBytes:0
LastWriteThroughput:0
RealWrittenBytes:0
RealWriteThroughput:0
当前玩家的连接数量:0
当前地图的线程个数：9
当前地图的个数:48
当前数据库执行队列数:0
当前发送队列缓存的对象数量:0
totalMemory：680001536, use ：443709224, free ：236292312DirectMemory：1827143680, 恢复 ：1
当前时间 ：2026-08-21 00:08:24send keng：2418, sheng ：4194304
decode keng：26, sheng ：2097152
world keng：12, sheng ：1048576

2026-08-21 00:08:29.682 INFO [pool-6-thread-10][:] - /****************流量统计******************/
LastReadBytes:0
LastReadThroughput:0
LastWrittenBytes:0
LastWriteThroughput:0
RealWrittenBytes:0
RealWriteThroughput:0
当前玩家的连接数量:0
当前地图的线程个数：9
当前地图的个数:48
当前数据库执行队列数:0
当前发送队列缓存的对象数量:0
totalMemory：680001536, use ：447076248, free ：232925288DirectMemory：1827143680, 恢复 ：1
当前时间 ：2026-08-21 00:08:29send keng：2418, sheng ：4194304
decode keng：26, sheng ：2097152
world keng：12, sheng ：1048576

2026-08-21 00:08:34.682 INFO [pool-6-thread-8][:] - /****************流量统计******************/
LastReadBytes:0
LastReadThroughput:0
LastWrittenBytes:0
LastWriteThroughput:0
RealWrittenBytes:0
RealWriteThroughput:0
当前玩家的连接数量:0
当前地图的线程个数：9
当前地图的个数:48
当前数据库执行队列数:0
当前发送队列缓存的对象数量:0
totalMemory：680001536, use ：450719976, free ：229281560DirectMemory：1827143680, 恢复 ：1
当前时间 ：2026-08-21 00:08:34send keng：2418, sheng ：4194304
decode keng：26, sheng ：2097152
world keng：12, sheng ：1048576

2026-08-21 00:08:39.682 INFO [pool-6-thread-8][:] - /****************流量统计******************/
LastReadBytes:0
LastReadThroughput:0
LastWrittenBytes:0
LastWriteThroughput:0
RealWrittenBytes:0
RealWriteThroughput:0
当前玩家的连接数量:0
当前地图的线程个数：9
当前地图的个数:48
当前数据库执行队列数:0
当前发送队列缓存的对象数量:0
totalMemory：680001536, use ：454303608, free ：225697928DirectMemory：1827143680, 恢复 ：1
当前时间 ：2026-08-21 00:08:39send keng：2418, sheng ：4194304
decode keng：26, sheng ：2097152
world keng：12, sheng ：1048576

2026-08-21 00:08:44.682 INFO [pool-6-thread-3][:] - /****************流量统计******************/
LastReadBytes:0
LastReadThroughput:0
LastWrittenBytes:0
LastWriteThroughput:0
RealWrittenBytes:0
RealWriteThroughput:0
当前玩家的连接数量:0
当前地图的线程个数：9
当前地图的个数:48
当前数据库执行队列数:0
当前发送队列缓存的对象数量:0
totalMemory：680001536, use ：457683328, free ：222318208DirectMemory：1827143680, 恢复 ：1
当前时间 ：2026-08-21 00:08:44send keng：2418, sheng ：4194304
decode keng：26, sheng ：2097152
world keng：12, sheng ：1048576

2026-08-21 00:08:49.682 INFO [pool-6-thread-8][:] - /****************流量统计******************/
LastReadBytes:0
LastReadThroughput:0
LastWrittenBytes:0
LastWriteThroughput:0
RealWrittenBytes:0
RealWriteThroughput:0
当前玩家的连接数量:0
当前地图的线程个数：9
当前地图的个数:48
当前数据库执行队列数:0
当前发送队列缓存的对象数量:0
totalMemory：680001536, use ：461367784, free ：218633752DirectMemory：1827143680, 恢复 ：1
当前时间 ：2026-08-21 00:08:49send keng：2418, sheng ：4194304
decode keng：26, sheng ：2097152
world keng：12, sheng ：1048576

2026-08-21 00:08:54.682 INFO [pool-6-thread-5][:] - /****************流量统计******************/
LastReadBytes:0
LastReadThroughput:0
LastWrittenBytes:0
LastWriteThroughput:0
RealWrittenBytes:0
RealWriteThroughput:0
当前玩家的连接数量:0
当前地图的线程个数：9
当前地图的个数:48
当前数据库执行队列数:0
当前发送队列缓存的对象数量:0
totalMemory：680001536, use ：464762976, free ：215238560DirectMemory：1827143680, 恢复 ：1
当前时间 ：2026-08-21 00:08:54send keng：2418, sheng ：4194304
decode keng：26, sheng ：2097152
world keng：12, sheng ：1048576

2026-08-21 00:08:59.682 INFO [pool-6-thread-4][:] - /****************流量统计******************/
LastReadBytes:0
LastReadThroughput:0
LastWrittenBytes:0
LastWriteThroughput:0
RealWrittenBytes:0
RealWriteThroughput:0
当前玩家的连接数量:0
当前地图的线程个数：9
当前地图的个数:48
当前数据库执行队列数:0
当前发送队列缓存的对象数量:0
totalMemory：680525824, use ：421641184, free ：258884640DirectMemory：1827143680, 恢复 ：1
当前时间 ：2026-08-21 00:08:59send keng：2418, sheng ：4194304
decode keng：26, sheng ：2097152
world keng：12, sheng ：1048576

2026-08-21 00:09:04.682 INFO [pool-6-thread-4][:] - /****************流量统计******************/
LastReadBytes:0
LastReadThroughput:0
LastWrittenBytes:0
LastWriteThroughput:0
RealWrittenBytes:0
RealWriteThroughput:0
当前玩家的连接数量:0
当前地图的线程个数：9
当前地图的个数:48
当前数据库执行队列数:0
当前发送队列缓存的对象数量:0
totalMemory：680525824, use ：425313408, free ：255212416DirectMemory：1827143680, 恢复 ：1
当前时间 ：2026-08-21 00:09:04send keng：2418, sheng ：4194304
decode keng：26, sheng ：2097152
world keng：12, sheng ：1048576

2026-08-21 00:09:09.682 INFO [pool-6-thread-4][:] - /****************流量统计******************/
LastReadBytes:0
LastReadThroughput:0
LastWrittenBytes:0
LastWriteThroughput:0
RealWrittenBytes:0
RealWriteThroughput:0
当前玩家的连接数量:0
当前地图的线程个数：9
当前地图的个数:48
当前数据库执行队列数:0
当前发送队列缓存的对象数量:0
totalMemory：680525824, use ：428847552, free ：251678272DirectMemory：1827143680, 恢复 ：1
当前时间 ：2026-08-21 00:09:09send keng：2418, sheng ：4194304
decode keng：26, sheng ：2097152
world keng：12, sheng ：1048576

2026-08-21 00:09:14.682 INFO [pool-6-thread-2][:] - /****************流量统计******************/
LastReadBytes:0
LastReadThroughput:0
LastWrittenBytes:0
LastWriteThroughput:0
RealWrittenBytes:0
RealWriteThroughput:0
当前玩家的连接数量:0
当前地图的线程个数：9
当前地图的个数:48
当前数据库执行队列数:0
当前发送队列缓存的对象数量:0
totalMemory：680525824, use ：432360416, free ：248165408DirectMemory：1827143680, 恢复 ：1
当前时间 ：2026-08-21 00:09:14send keng：2418, sheng ：4194304
decode keng：26, sheng ：2097152
world keng：12, sheng ：1048576

2026-08-21 00:09:19.682 INFO [pool-6-thread-5][:] - /****************流量统计******************/
LastReadBytes:0
LastReadThroughput:0
LastWrittenBytes:0
LastWriteThroughput:0
RealWrittenBytes:0
RealWriteThroughput:0
当前玩家的连接数量:0
当前地图的线程个数：9
当前地图的个数:48
当前数据库执行队列数:0
当前发送队列缓存的对象数量:0
totalMemory：680525824, use ：436225616, free ：244300208DirectMemory：1827143680, 恢复 ：1
当前时间 ：2026-08-21 00:09:19send keng：2418, sheng ：4194304
decode keng：26, sheng ：2097152
world keng：12, sheng ：1048576

2026-08-21 00:09:24.682 INFO [pool-6-thread-4][:] - /****************流量统计******************/
LastReadBytes:0
LastReadThroughput:0
LastWrittenBytes:0
LastWriteThroughput:0
RealWrittenBytes:0
RealWriteThroughput:0
当前玩家的连接数量:0
当前地图的线程个数：9
当前地图的个数:48
当前数据库执行队列数:0
当前发送队列缓存的对象数量:0
totalMemory：680525824, use ：439683896, free ：240841928DirectMemory：1827143680, 恢复 ：1
当前时间 ：2026-08-21 00:09:24send keng：2418, sheng ：4194304
decode keng：26, sheng ：2097152
world keng：12, sheng ：1048576

2026-08-21 00:09:29.682 INFO [pool-6-thread-1][:] - /****************流量统计******************/
LastReadBytes:0
LastReadThroughput:0
LastWrittenBytes:0
LastWriteThroughput:0
RealWrittenBytes:0
RealWriteThroughput:0
当前玩家的连接数量:0
当前地图的线程个数：9
当前地图的个数:48
当前数据库执行队列数:0
当前发送队列缓存的对象数量:0
totalMemory：680525824, use ：443263248, free ：237262576DirectMemory：1827143680, 恢复 ：1
当前时间 ：2026-08-21 00:09:29send keng：2418, sheng ：4194304
decode keng：26, sheng ：2097152
world keng：12, sheng ：1048576

2026-08-21 00:09:34.682 INFO [pool-6-thread-8][:] - /****************流量统计******************/
LastReadBytes:0
LastReadThroughput:0
LastWrittenBytes:0
LastWriteThroughput:0
RealWrittenBytes:0
RealWriteThroughput:0
当前玩家的连接数量:0
当前地图的线程个数：9
当前地图的个数:48
当前数据库执行队列数:0
当前发送队列缓存的对象数量:0
totalMemory：680525824, use ：446550432, free ：233975392DirectMemory：1827143680, 恢复 ：1
当前时间 ：2026-08-21 00:09:34send keng：2418, sheng ：4194304
decode keng：26, sheng ：2097152
world keng：12, sheng ：1048576

2026-08-21 00:09:39.682 INFO [pool-6-thread-4][:] - /****************流量统计******************/
LastReadBytes:0
LastReadThroughput:0
LastWrittenBytes:0
LastWriteThroughput:0
RealWrittenBytes:0
RealWriteThroughput:0
当前玩家的连接数量:0
当前地图的线程个数：9
当前地图的个数:48
当前数据库执行队列数:0
当前发送队列缓存的对象数量:0
totalMemory：680525824, use ：450208392, free ：230317432DirectMemory：1827143680, 恢复 ：1
当前时间 ：2026-08-21 00:09:39send keng：2418, sheng ：4194304
decode keng：26, sheng ：2097152
world keng：12, sheng ：1048576

2026-08-21 00:09:44.682 INFO [pool-6-thread-1][:] - /****************流量统计******************/
LastReadBytes:0
LastReadThroughput:0
LastWrittenBytes:0
LastWriteThroughput:0
RealWrittenBytes:0
RealWriteThroughput:0
当前玩家的连接数量:0
当前地图的线程个数：9
当前地图的个数:48
当前数据库执行队列数:0
当前发送队列缓存的对象数量:0
totalMemory：680525824, use ：453644800, free ：226881024DirectMemory：1827143680, 恢复 ：1
当前时间 ：2026-08-21 00:09:44send keng：2418, sheng ：4194304
decode keng：26, sheng ：2097152
world keng：12, sheng ：1048576

2026-08-21 00:09:49.682 INFO [pool-6-thread-7][:] - /****************流量统计******************/
LastReadBytes:0
LastReadThroughput:0
LastWrittenBytes:0
LastWriteThroughput:0
RealWrittenBytes:0
RealWriteThroughput:0
当前玩家的连接数量:0
当前地图的线程个数：9
当前地图的个数:48
当前数据库执行队列数:0
当前发送队列缓存的对象数量:0
totalMemory：680525824, use ：457321904, free ：223203920DirectMemory：1827143680, 恢复 ：1
当前时间 ：2026-08-21 00:09:49send keng：2418, sheng ：4194304
decode keng：26, sheng ：2097152
world keng：12, sheng ：1048576

2026-08-21 00:09:54.682 INFO [pool-6-thread-9][:] - /****************流量统计******************/
LastReadBytes:0
LastReadThroughput:0
LastWrittenBytes:0
LastWriteThroughput:0
RealWrittenBytes:0
RealWriteThroughput:0
当前玩家的连接数量:0
当前地图的线程个数：9
当前地图的个数:48
当前数据库执行队列数:0
当前发送队列缓存的对象数量:0
totalMemory：680525824, use ：460589928, free ：219935896DirectMemory：1827143680, 恢复 ：1
当前时间 ：2026-08-21 00:09:54send keng：2418, sheng ：4194304
decode keng：26, sheng ：2097152
world keng：12, sheng ：1048576

2026-08-21 00:09:59.682 INFO [pool-6-thread-2][:] - /****************流量统计******************/
LastReadBytes:0
LastReadThroughput:0
LastWrittenBytes:0
LastWriteThroughput:0
RealWrittenBytes:0
RealWriteThroughput:0
当前玩家的连接数量:0
当前地图的线程个数：9
当前地图的个数:48
当前数据库执行队列数:0
当前发送队列缓存的对象数量:0
totalMemory：680525824, use ：464062704, free ：216463120DirectMemory：1827143680, 恢复 ：1
当前时间 ：2026-08-21 00:09:59send keng：2418, sheng ：4194304
decode keng：26, sheng ：2097152
world keng：12, sheng ：1048576

2026-08-21 00:10:04.682 INFO [pool-6-thread-9][:] - /****************流量统计******************/
LastReadBytes:0
LastReadThroughput:0
LastWrittenBytes:0
LastWriteThroughput:0
RealWrittenBytes:0
RealWriteThroughput:0
当前玩家的连接数量:0
当前地图的线程个数：9
当前地图的个数:48
当前数据库执行队列数:0
当前发送队列缓存的对象数量:0
totalMemory：680525824, use ：421137752, free ：259388072DirectMemory：1827143680, 恢复 ：1
当前时间 ：2026-08-21 00:10:04send keng：2418, sheng ：4194304
decode keng：26, sheng ：2097152
world keng：12, sheng ：1048576

2026-08-21 00:10:09.682 INFO [pool-6-thread-8][:] - /****************流量统计******************/
LastReadBytes:0
LastReadThroughput:0
LastWrittenBytes:0
LastWriteThroughput:0
RealWrittenBytes:0
RealWriteThroughput:0
当前玩家的连接数量:0
当前地图的线程个数：9
当前地图的个数:48
当前数据库执行队列数:0
当前发送队列缓存的对象数量:0
totalMemory：680525824, use ：424686264, free ：255839560DirectMemory：1827143680, 恢复 ：1
当前时间 ：2026-08-21 00:10:09send keng：2418, sheng ：4194304
decode keng：26, sheng ：2097152
world keng：12, sheng ：1048576

2026-08-21 00:10:14.682 INFO [pool-6-thread-3][:] - /****************流量统计******************/
LastReadBytes:0
LastReadThroughput:0
LastWrittenBytes:0
LastWriteThroughput:0
RealWrittenBytes:0
RealWriteThroughput:0
当前玩家的连接数量:0
当前地图的线程个数：9
当前地图的个数:48
当前数据库执行队列数:0
当前发送队列缓存的对象数量:0
totalMemory：680525824, use ：428188488, free ：252337336DirectMemory：1827143680, 恢复 ：1
当前时间 ：2026-08-21 00:10:14send keng：2418, sheng ：4194304
decode keng：26, sheng ：2097152
world keng：12, sheng ：1048576

2026-08-21 00:10:19.682 INFO [pool-6-thread-10][:] - /****************流量统计******************/
LastReadBytes:0
LastReadThroughput:0
LastWrittenBytes:0
LastWriteThroughput:0
RealWrittenBytes:0
RealWriteThroughput:0
当前玩家的连接数量:0
当前地图的线程个数：9
当前地图的个数:48
当前数据库执行队列数:0
当前发送队列缓存的对象数量:0
totalMemory：680525824, use ：431758736, free ：248767088DirectMemory：1827143680, 恢复 ：1
当前时间 ：2026-08-21 00:10:19send keng：2418, sheng ：4194304
decode keng：26, sheng ：2097152
world keng：12, sheng ：1048576

2026-08-21 00:10:24.682 INFO [pool-6-thread-4][:] - /****************流量统计******************/
LastReadBytes:0
LastReadThroughput:0
LastWrittenBytes:0
LastWriteThroughput:0
RealWrittenBytes:0
RealWriteThroughput:0
当前玩家的连接数量:0
当前地图的线程个数：9
当前地图的个数:48
当前数据库执行队列数:0
当前发送队列缓存的对象数量:0
totalMemory：680525824, use ：435164024, free ：245361800DirectMemory：1827143680, 恢复 ：1
当前时间 ：2026-08-21 00:10:24send keng：2418, sheng ：4194304
decode keng：26, sheng ：2097152
world keng：12, sheng ：1048576

2026-08-21 00:10:29.682 INFO [pool-6-thread-4][:] - /****************流量统计******************/
LastReadBytes:0
LastReadThroughput:0
LastWrittenBytes:0
LastWriteThroughput:0
RealWrittenBytes:0
RealWriteThroughput:0
当前玩家的连接数量:0
当前地图的线程个数：9
当前地图的个数:48
当前数据库执行队列数:0
当前发送队列缓存的对象数量:0
totalMemory：680525824, use ：438788088, free ：241737736DirectMemory：1827143680, 恢复 ：1
当前时间 ：2026-08-21 00:10:29send keng：2418, sheng ：4194304
decode keng：26, sheng ：2097152
world keng：12, sheng ：1048576

2026-08-21 00:10:34.682 INFO [pool-6-thread-6][:] - /****************流量统计******************/
LastReadBytes:0
LastReadThroughput:0
LastWrittenBytes:0
LastWriteThroughput:0
RealWrittenBytes:0
RealWriteThroughput:0
当前玩家的连接数量:0
当前地图的线程个数：9
当前地图的个数:48
当前数据库执行队列数:0
当前发送队列缓存的对象数量:0
totalMemory：680525824, use ：442213512, free ：238312312DirectMemory：1827143680, 恢复 ：1
当前时间 ：2026-08-21 00:10:34send keng：2418, sheng ：4194304
decode keng：26, sheng ：2097152
world keng：12, sheng ：1048576

2026-08-21 00:10:39.682 INFO [pool-6-thread-9][:] - /****************流量统计******************/
LastReadBytes:0
LastReadThroughput:0
LastWrittenBytes:0
LastWriteThroughput:0
RealWrittenBytes:0
RealWriteThroughput:0
当前玩家的连接数量:0
当前地图的线程个数：9
当前地图的个数:48
当前数据库执行队列数:0
当前发送队列缓存的对象数量:0
totalMemory：680525824, use ：445675456, free ：234850368DirectMemory：1827143680, 恢复 ：1
当前时间 ：2026-08-21 00:10:39send keng：2418, sheng ：4194304
decode keng：26, sheng ：2097152
world keng：12, sheng ：1048576

2026-08-21 00:10:44.682 INFO [pool-6-thread-9][:] - /****************流量统计******************/
LastReadBytes:0
LastReadThroughput:0
LastWrittenBytes:0
LastWriteThroughput:0
RealWrittenBytes:0
RealWriteThroughput:0
当前玩家的连接数量:0
当前地图的线程个数：9
当前地图的个数:48
当前数据库执行队列数:0
当前发送队列缓存的对象数量:0
totalMemory：680525824, use ：449247024, free ：231278800DirectMemory：1827143680, 恢复 ：1
当前时间 ：2026-08-21 00:10:44send keng：2418, sheng ：4194304
decode keng：26, sheng ：2097152
world keng：12, sheng ：1048576

2026-08-21 00:10:49.682 INFO [pool-6-thread-2][:] - /****************流量统计******************/
LastReadBytes:0
LastReadThroughput:0
LastWrittenBytes:0
LastWriteThroughput:0
RealWrittenBytes:0
RealWriteThroughput:0
当前玩家的连接数量:0
当前地图的线程个数：9
当前地图的个数:48
当前数据库执行队列数:0
当前发送队列缓存的对象数量:0
totalMemory：680525824, use ：452752504, free ：227773320DirectMemory：1827143680, 恢复 ：1
当前时间 ：2026-08-21 00:10:49send keng：2418, sheng ：4194304
decode keng：26, sheng ：2097152
world keng：12, sheng ：1048576

2026-08-21 00:10:54.682 INFO [pool-6-thread-1][:] - /****************流量统计******************/
LastReadBytes:0
LastReadThroughput:0
LastWrittenBytes:0
LastWriteThroughput:0
RealWrittenBytes:0
RealWriteThroughput:0
当前玩家的连接数量:0
当前地图的线程个数：9
当前地图的个数:48
当前数据库执行队列数:0
当前发送队列缓存的对象数量:0
totalMemory：680525824, use ：456326336, free ：224199488DirectMemory：1827143680, 恢复 ：1
当前时间 ：2026-08-21 00:10:54send keng：2418, sheng ：4194304
decode keng：26, sheng ：2097152
world keng：12, sheng ：1048576

2026-08-21 00:10:59.682 INFO [pool-6-thread-8][:] - /****************流量统计******************/
LastReadBytes:0
LastReadThroughput:0
LastWrittenBytes:0
LastWriteThroughput:0
RealWrittenBytes:0
RealWriteThroughput:0
当前玩家的连接数量:0
当前地图的线程个数：9
当前地图的个数:48
当前数据库执行队列数:0
当前发送队列缓存的对象数量:0
totalMemory：680525824, use ：459730056, free ：220795768DirectMemory：1827143680, 恢复 ：1
当前时间 ：2026-08-21 00:10:59send keng：2418, sheng ：4194304
decode keng：26, sheng ：2097152
world keng：12, sheng ：1048576

2026-08-21 00:11:04.682 INFO [pool-6-thread-5][:] - /****************流量统计******************/
LastReadBytes:0
LastReadThroughput:0
LastWrittenBytes:0
LastWriteThroughput:0
RealWrittenBytes:0
RealWriteThroughput:0
当前玩家的连接数量:0
当前地图的线程个数：9
当前地图的个数:48
当前数据库执行队列数:0
当前发送队列缓存的对象数量:0
totalMemory：680525824, use ：463513840, free ：217011984DirectMemory：1827143680, 恢复 ：1
当前时间 ：2026-08-21 00:11:04send keng：2418, sheng ：4194304
decode keng：26, sheng ：2097152
world keng：12, sheng ：1048576

2026-08-21 00:11:09.682 INFO [pool-6-thread-7][:] - /****************流量统计******************/
LastReadBytes:0
LastReadThroughput:0
LastWrittenBytes:0
LastWriteThroughput:0
RealWrittenBytes:0
RealWriteThroughput:0
当前玩家的连接数量:0
当前地图的线程个数：9
当前地图的个数:48
当前数据库执行队列数:0
当前发送队列缓存的对象数量:0
totalMemory：680525824, use ：420332000, free ：260193824DirectMemory：1827143680, 恢复 ：1
当前时间 ：2026-08-21 00:11:09send keng：2418, sheng ：4194304
decode keng：26, sheng ：2097152
world keng：12, sheng ：1048576

2026-08-21 00:11:14.682 INFO [pool-6-thread-10][:] - /****************流量统计******************/
LastReadBytes:0
LastReadThroughput:0
LastWrittenBytes:0
LastWriteThroughput:0
RealWrittenBytes:0
RealWriteThroughput:0
当前玩家的连接数量:0
当前地图的线程个数：9
当前地图的个数:48
当前数据库执行队列数:0
当前发送队列缓存的对象数量:0
totalMemory：680525824, use ：423870928, free ：256654896DirectMemory：1827143680, 恢复 ：1
当前时间 ：2026-08-21 00:11:14send keng：2418, sheng ：4194304
decode keng：26, sheng ：2097152
world keng：12, sheng ：1048576

2026-08-21 00:11:19.682 INFO [pool-6-thread-3][:] - /****************流量统计******************/
LastReadBytes:0
LastReadThroughput:0
LastWrittenBytes:0
LastWriteThroughput:0
RealWrittenBytes:0
RealWriteThroughput:0
当前玩家的连接数量:0
当前地图的线程个数：9
当前地图的个数:48
当前数据库执行队列数:0
当前发送队列缓存的对象数量:0
totalMemory：680525824, use ：427627032, free ：252898792DirectMemory：1827143680, 恢复 ：1
当前时间 ：2026-08-21 00:11:19send keng：2418, sheng ：4194304
decode keng：26, sheng ：2097152
world keng：12, sheng ：1048576

2026-08-21 00:11:24.682 INFO [pool-6-thread-9][:] - /****************流量统计******************/
LastReadBytes:0
LastReadThroughput:0
LastWrittenBytes:0
LastWriteThroughput:0
RealWrittenBytes:0
RealWriteThroughput:0
当前玩家的连接数量:0
当前地图的线程个数：9
当前地图的个数:48
当前数据库执行队列数:0
当前发送队列缓存的对象数量:0
totalMemory：680525824, use ：430983680, free ：249542144DirectMemory：1827143680, 恢复 ：1
当前时间 ：2026-08-21 00:11:24send keng：2418, sheng ：4194304
decode keng：26, sheng ：2097152
world keng：12, sheng ：1048576

2026-08-21 00:11:29.682 INFO [pool-6-thread-1][:] - /****************流量统计******************/
LastReadBytes:0
LastReadThroughput:0
LastWrittenBytes:0
LastWriteThroughput:0
RealWrittenBytes:0
RealWriteThroughput:0
当前玩家的连接数量:0
当前地图的线程个数：9
当前地图的个数:48
当前数据库执行队列数:0
当前发送队列缓存的对象数量:0
totalMemory：680525824, use ：434438392, free ：246087432DirectMemory：1827143680, 恢复 ：1
当前时间 ：2026-08-21 00:11:29send keng：2418, sheng ：4194304
decode keng：26, sheng ：2097152
world keng：12, sheng ：1048576

2026-08-21 00:11:34.682 INFO [pool-6-thread-5][:] - /****************流量统计******************/
LastReadBytes:0
LastReadThroughput:0
LastWrittenBytes:0
LastWriteThroughput:0
RealWrittenBytes:0
RealWriteThroughput:0
当前玩家的连接数量:0
当前地图的线程个数：9
当前地图的个数:48
当前数据库执行队列数:0
当前发送队列缓存的对象数量:0
totalMemory：680525824, use ：438019640, free ：242506184DirectMemory：1827143680, 恢复 ：1
当前时间 ：2026-08-21 00:11:34send keng：2418, sheng ：4194304
decode keng：26, sheng ：2097152
world keng：12, sheng ：1048576

2026-08-21 00:11:39.682 INFO [pool-6-thread-2][:] - /****************流量统计******************/
LastReadBytes:0
LastReadThroughput:0
LastWrittenBytes:0
LastWriteThroughput:0
RealWrittenBytes:0
RealWriteThroughput:0
当前玩家的连接数量:0
当前地图的线程个数：9
当前地图的个数:48
当前数据库执行队列数:0
当前发送队列缓存的对象数量:0
totalMemory：680525824, use ：441548400, free ：238977424DirectMemory：1827143680, 恢复 ：1
当前时间 ：2026-08-21 00:11:39send keng：2418, sheng ：4194304
decode keng：26, sheng ：2097152
world keng：12, sheng ：1048576

2026-08-21 00:11:44.682 INFO [pool-6-thread-9][:] - /****************流量统计******************/
LastReadBytes:0
LastReadThroughput:0
LastWrittenBytes:0
LastWriteThroughput:0
RealWrittenBytes:0
RealWriteThroughput:0
当前玩家的连接数量:0
当前地图的线程个数：9
当前地图的个数:48
当前数据库执行队列数:0
当前发送队列缓存的对象数量:0
totalMemory：680525824, use ：445012816, free ：235513008DirectMemory：1827143680, 恢复 ：1
当前时间 ：2026-08-21 00:11:44send keng：2418, sheng ：4194304
decode keng：26, sheng ：2097152
world keng：12, sheng ：1048576

2026-08-21 00:11:49.682 INFO [pool-6-thread-7][:] - /****************流量统计******************/
LastReadBytes:0
LastReadThroughput:0
LastWrittenBytes:0
LastWriteThroughput:0
RealWrittenBytes:0
RealWriteThroughput:0
当前玩家的连接数量:0
当前地图的线程个数：9
当前地图的个数:48
当前数据库执行队列数:0
当前发送队列缓存的对象数量:0
totalMemory：680525824, use ：448521368, free ：232004456DirectMemory：1827143680, 恢复 ：1
当前时间 ：2026-08-21 00:11:49send keng：2418, sheng ：4194304
decode keng：26, sheng ：2097152
world keng：12, sheng ：1048576

2026-08-21 00:11:54.682 INFO [pool-6-thread-2][:] - /****************流量统计******************/
LastReadBytes:0
LastReadThroughput:0
LastWrittenBytes:0
LastWriteThroughput:0
RealWrittenBytes:0
RealWriteThroughput:0
当前玩家的连接数量:0
当前地图的线程个数：9
当前地图的个数:48
当前数据库执行队列数:0
当前发送队列缓存的对象数量:0
totalMemory：680525824, use ：452086808, free ：228439016DirectMemory：1827143680, 恢复 ：1
当前时间 ：2026-08-21 00:11:54send keng：2418, sheng ：4194304
decode keng：26, sheng ：2097152
world keng：12, sheng ：1048576

2026-08-21 00:11:59.682 INFO [pool-6-thread-9][:] - /****************流量统计******************/
LastReadBytes:0
LastReadThroughput:0
LastWrittenBytes:0
LastWriteThroughput:0
RealWrittenBytes:0
RealWriteThroughput:0
当前玩家的连接数量:0
当前地图的线程个数：9
当前地图的个数:48
当前数据库执行队列数:0
当前发送队列缓存的对象数量:0
totalMemory：680525824, use ：455520320, free ：225005504DirectMemory：1827143680, 恢复 ：1
当前时间 ：2026-08-21 00:11:59send keng：2418, sheng ：4194304
decode keng：26, sheng ：2097152
world keng：12, sheng ：1048576

2026-08-21 00:12:04.682 INFO [pool-6-thread-5][:] - /****************流量统计******************/
LastReadBytes:0
LastReadThroughput:0
LastWrittenBytes:0
LastWriteThroughput:0
RealWrittenBytes:0
RealWriteThroughput:0
当前玩家的连接数量:0
当前地图的线程个数：9
当前地图的个数:48
当前数据库执行队列数:0
当前发送队列缓存的对象数量:0
totalMemory：680525824, use ：459273128, free ：221252696DirectMemory：1827143680, 恢复 ：1
当前时间 ：2026-08-21 00:12:04send keng：2418, sheng ：4194304
decode keng：26, sheng ：2097152
world keng：12, sheng ：1048576

2026-08-21 00:12:09.682 INFO [pool-6-thread-10][:] - /****************流量统计******************/
LastReadBytes:0
LastReadThroughput:0
LastWrittenBytes:0
LastWriteThroughput:0
RealWrittenBytes:0
RealWriteThroughput:0
当前玩家的连接数量:0
当前地图的线程个数：9
当前地图的个数:48
当前数据库执行队列数:0
当前发送队列缓存的对象数量:0
totalMemory：680525824, use ：462562496, free ：217963328DirectMemory：1827143680, 恢复 ：1
当前时间 ：2026-08-21 00:12:09send keng：2418, sheng ：4194304
decode keng：26, sheng ：2097152
world keng：12, sheng ：1048576

2026-08-21 00:12:14.682 INFO [pool-6-thread-1][:] - /****************流量统计******************/
LastReadBytes:0
LastReadThroughput:0
LastWrittenBytes:0
LastWriteThroughput:0
RealWrittenBytes:0
RealWriteThroughput:0
当前玩家的连接数量:0
当前地图的线程个数：9
当前地图的个数:48
当前数据库执行队列数:0
当前发送队列缓存的对象数量:0
totalMemory：680001536, use ：420240656, free ：259760880DirectMemory：1827143680, 恢复 ：1
当前时间 ：2026-08-21 00:12:14send keng：2418, sheng ：4194304
decode keng：26, sheng ：2097152
world keng：12, sheng ：1048576

2026-08-21 00:12:19.682 INFO [pool-6-thread-7][:] - /****************流量统计******************/
LastReadBytes:0
LastReadThroughput:0
LastWrittenBytes:0
LastWriteThroughput:0
RealWrittenBytes:0
RealWriteThroughput:0
当前玩家的连接数量:0
当前地图的线程个数：9
当前地图的个数:48
当前数据库执行队列数:0
当前发送队列缓存的对象数量:0
totalMemory：680001536, use ：423129728, free ：256871808DirectMemory：1827143680, 恢复 ：1
当前时间 ：2026-08-21 00:12:19send keng：2418, sheng ：4194304
decode keng：26, sheng ：2097152
world keng：12, sheng ：1048576

2026-08-21 00:12:24.682 INFO [pool-6-thread-5][:] - /****************流量统计******************/
LastReadBytes:0
LastReadThroughput:0
LastWrittenBytes:0
LastWriteThroughput:0
RealWrittenBytes:0
RealWriteThroughput:0
当前玩家的连接数量:0
当前地图的线程个数：9
当前地图的个数:48
当前数据库执行队列数:0
当前发送队列缓存的对象数量:0
totalMemory：680001536, use ：426892024, free ：253109512DirectMemory：1827143680, 恢复 ：1
当前时间 ：2026-08-21 00:12:24send keng：2418, sheng ：4194304
decode keng：26, sheng ：2097152
world keng：12, sheng ：1048576

2026-08-21 00:12:29.682 INFO [pool-6-thread-5][:] - /****************流量统计******************/
LastReadBytes:0
LastReadThroughput:0
LastWrittenBytes:0
LastWriteThroughput:0
RealWrittenBytes:0
RealWriteThroughput:0
当前玩家的连接数量:0
当前地图的线程个数：9
当前地图的个数:48
当前数据库执行队列数:0
当前发送队列缓存的对象数量:0
totalMemory：680001536, use ：430370784, free ：249630752DirectMemory：1827143680, 恢复 ：1
当前时间 ：2026-08-21 00:12:29send keng：2418, sheng ：4194304
decode keng：26, sheng ：2097152
world keng：12, sheng ：1048576

2026-08-21 00:12:34.682 INFO [pool-6-thread-9][:] - /****************流量统计******************/
LastReadBytes:0
LastReadThroughput:0
LastWrittenBytes:0
LastWriteThroughput:0
RealWrittenBytes:0
RealWriteThroughput:0
当前玩家的连接数量:0
当前地图的线程个数：9
当前地图的个数:48
当前数据库执行队列数:0
当前发送队列缓存的对象数量:0
totalMemory：680001536, use ：433933656, free ：246067880DirectMemory：1827143680, 恢复 ：1
当前时间 ：2026-08-21 00:12:34send keng：2418, sheng ：4194304
decode keng：26, sheng ：2097152
world keng：12, sheng ：1048576

2026-08-21 00:12:39.682 INFO [pool-6-thread-3][:] - /****************流量统计******************/
LastReadBytes:0
LastReadThroughput:0
LastWrittenBytes:0
LastWriteThroughput:0
RealWrittenBytes:0
RealWriteThroughput:0
当前玩家的连接数量:0
当前地图的线程个数：9
当前地图的个数:48
当前数据库执行队列数:0
当前发送队列缓存的对象数量:0
totalMemory：680001536, use ：437208464, free ：242793072DirectMemory：1827143680, 恢复 ：1
当前时间 ：2026-08-21 00:12:39send keng：2418, sheng ：4194304
decode keng：26, sheng ：2097152
world keng：12, sheng ：1048576

2026-08-21 00:12:44.682 INFO [pool-6-thread-4][:] - /****************流量统计******************/
LastReadBytes:0
LastReadThroughput:0
LastWrittenBytes:0
LastWriteThroughput:0
RealWrittenBytes:0
RealWriteThroughput:0
当前玩家的连接数量:0
当前地图的线程个数：9
当前地图的个数:48
当前数据库执行队列数:0
当前发送队列缓存的对象数量:0
totalMemory：680001536, use ：440854056, free ：239147480DirectMemory：1827143680, 恢复 ：1
当前时间 ：2026-08-21 00:12:44send keng：2418, sheng ：4194304
decode keng：26, sheng ：2097152
world keng：12, sheng ：1048576

2026-08-21 00:12:49.682 INFO [pool-6-thread-4][:] - /****************流量统计******************/
LastReadBytes:0
LastReadThroughput:0
LastWrittenBytes:0
LastWriteThroughput:0
RealWrittenBytes:0
RealWriteThroughput:0
当前玩家的连接数量:0
当前地图的线程个数：9
当前地图的个数:48
当前数据库执行队列数:0
当前发送队列缓存的对象数量:0
totalMemory：680001536, use ：444393824, free ：235607712DirectMemory：1827143680, 恢复 ：1
当前时间 ：2026-08-21 00:12:49send keng：2418, sheng ：4194304
decode keng：26, sheng ：2097152
world keng：12, sheng ：1048576

2026-08-21 00:12:54.682 INFO [pool-6-thread-10][:] - /****************流量统计******************/
LastReadBytes:0
LastReadThroughput:0
LastWrittenBytes:0
LastWriteThroughput:0
RealWrittenBytes:0
RealWriteThroughput:0
当前玩家的连接数量:0
当前地图的线程个数：9
当前地图的个数:48
当前数据库执行队列数:0
当前发送队列缓存的对象数量:0
totalMemory：680001536, use ：447877824, free ：232123712DirectMemory：1827143680, 恢复 ：1
当前时间 ：2026-08-21 00:12:54send keng：2418, sheng ：4194304
decode keng：26, sheng ：2097152
world keng：12, sheng ：1048576

2026-08-21 00:12:59.682 INFO [pool-6-thread-2][:] - /****************流量统计******************/
LastReadBytes:0
LastReadThroughput:0
LastWrittenBytes:0
LastWriteThroughput:0
RealWrittenBytes:0
RealWriteThroughput:0
当前玩家的连接数量:0
当前地图的线程个数：9
当前地图的个数:48
当前数据库执行队列数:0
当前发送队列缓存的对象数量:0
totalMemory：680001536, use ：451439224, free ：228562312DirectMemory：1827143680, 恢复 ：1
当前时间 ：2026-08-21 00:12:59send keng：2418, sheng ：4194304
decode keng：26, sheng ：2097152
world keng：12, sheng ：1048576

2026-08-21 00:13:04.682 INFO [pool-6-thread-2][:] - /****************流量统计******************/
LastReadBytes:0
LastReadThroughput:0
LastWrittenBytes:0
LastWriteThroughput:0
RealWrittenBytes:0
RealWriteThroughput:0
当前玩家的连接数量:0
当前地图的线程个数：9
当前地图的个数:48
当前数据库执行队列数:0
当前发送队列缓存的对象数量:0
totalMemory：680001536, use ：455018056, free ：224983480DirectMemory：1827143680, 恢复 ：1
当前时间 ：2026-08-21 00:13:04send keng：2418, sheng ：4194304
decode keng：26, sheng ：2097152
world keng：12, sheng ：1048576

2026-08-21 00:13:09.682 INFO [pool-6-thread-10][:] - /****************流量统计******************/
LastReadBytes:0
LastReadThroughput:0
LastWrittenBytes:0
LastWriteThroughput:0
RealWrittenBytes:0
RealWriteThroughput:0
当前玩家的连接数量:0
当前地图的线程个数：9
当前地图的个数:48
当前数据库执行队列数:0
当前发送队列缓存的对象数量:0
totalMemory：680001536, use ：458462472, free ：221539064DirectMemory：1827143680, 恢复 ：1
当前时间 ：2026-08-21 00:13:09send keng：2418, sheng ：4194304
decode keng：26, sheng ：2097152
world keng：12, sheng ：1048576

2026-08-21 00:13:14.684 INFO [pool-6-thread-6][:] - /****************流量统计******************/
LastReadBytes:0
LastReadThroughput:0
LastWrittenBytes:0
LastWriteThroughput:0
RealWrittenBytes:0
RealWriteThroughput:0
当前玩家的连接数量:0
当前地图的线程个数：9
当前地图的个数:48
当前数据库执行队列数:0
当前发送队列缓存的对象数量:0
totalMemory：680001536, use ：462148320, free ：217853216DirectMemory：1827143680, 恢复 ：1
当前时间 ：2026-08-21 00:13:14send keng：2418, sheng ：4194304
decode keng：26, sheng ：2097152
world keng：12, sheng ：1048576

2026-08-21 00:13:19.682 INFO [pool-6-thread-5][:] - /****************流量统计******************/
LastReadBytes:0
LastReadThroughput:0
LastWrittenBytes:0
LastWriteThroughput:0
RealWrittenBytes:0
RealWriteThroughput:0
当前玩家的连接数量:0
当前地图的线程个数：9
当前地图的个数:48
当前数据库执行队列数:0
当前发送队列缓存的对象数量:0
totalMemory：680001536, use ：465725904, free ：214275632DirectMemory：1827143680, 恢复 ：1
当前时间 ：2026-08-21 00:13:19send keng：2418, sheng ：4194304
decode keng：26, sheng ：2097152
world keng：12, sheng ：1048576

2026-08-21 00:13:24.682 INFO [pool-6-thread-9][:] - /****************流量统计******************/
LastReadBytes:0
LastReadThroughput:0
LastWrittenBytes:0
LastWriteThroughput:0
RealWrittenBytes:0
RealWriteThroughput:0
当前玩家的连接数量:0
当前地图的线程个数：9
当前地图的个数:48
当前数据库执行队列数:0
当前发送队列缓存的对象数量:0
totalMemory：680525824, use ：422536864, free ：257988960DirectMemory：1827143680, 恢复 ：1
当前时间 ：2026-08-21 00:13:24send keng：2418, sheng ：4194304
decode keng：26, sheng ：2097152
world keng：12, sheng ：1048576

2026-08-21 00:13:29.682 INFO [pool-6-thread-8][:] - /****************流量统计******************/
LastReadBytes:0
LastReadThroughput:0
LastWrittenBytes:0
LastWriteThroughput:0
RealWrittenBytes:0
RealWriteThroughput:0
当前玩家的连接数量:0
当前地图的线程个数：9
当前地图的个数:48
当前数据库执行队列数:0
当前发送队列缓存的对象数量:0
totalMemory：680525824, use ：425840488, free ：254685336DirectMemory：1827143680, 恢复 ：1
当前时间 ：2026-08-21 00:13:29send keng：2418, sheng ：4194304
decode keng：26, sheng ：2097152
world keng：12, sheng ：1048576

2026-08-21 00:13:34.682 INFO [pool-6-thread-6][:] - /****************流量统计******************/
LastReadBytes:0
LastReadThroughput:0
LastWrittenBytes:0
LastWriteThroughput:0
RealWrittenBytes:0
RealWriteThroughput:0
当前玩家的连接数量:0
当前地图的线程个数：9
当前地图的个数:48
当前数据库执行队列数:0
当前发送队列缓存的对象数量:0
totalMemory：680525824, use ：429417976, free ：251107848DirectMemory：1827143680, 恢复 ：1
当前时间 ：2026-08-21 00:13:34send keng：2418, sheng ：4194304
decode keng：26, sheng ：2097152
world keng：12, sheng ：1048576

2026-08-21 00:13:39.682 INFO [pool-6-thread-7][:] - /****************流量统计******************/
LastReadBytes:0
LastReadThroughput:0
LastWrittenBytes:0
LastWriteThroughput:0
RealWrittenBytes:0
RealWriteThroughput:0
当前玩家的连接数量:0
当前地图的线程个数：9
当前地图的个数:48
当前数据库执行队列数:0
当前发送队列缓存的对象数量:0
totalMemory：680525824, use ：432914928, free ：247610896DirectMemory：1827143680, 恢复 ：1
当前时间 ：2026-08-21 00:13:39send keng：2418, sheng ：4194304
decode keng：26, sheng ：2097152
world keng：12, sheng ：1048576

2026-08-21 00:13:44.682 INFO [pool-6-thread-6][:] - /****************流量统计******************/
LastReadBytes:0
LastReadThroughput:0
LastWrittenBytes:0
LastWriteThroughput:0
RealWrittenBytes:0
RealWriteThroughput:0
当前玩家的连接数量:0
当前地图的线程个数：9
当前地图的个数:48
当前数据库执行队列数:0
当前发送队列缓存的对象数量:0
totalMemory：680525824, use ：436466464, free ：244059360DirectMemory：1827143680, 恢复 ：1
当前时间 ：2026-08-21 00:13:44send keng：2418, sheng ：4194304
decode keng：26, sheng ：2097152
world keng：12, sheng ：1048576

2026-08-21 00:13:49.682 INFO [pool-6-thread-2][:] - /****************流量统计******************/
LastReadBytes:0
LastReadThroughput:0
LastWrittenBytes:0
LastWriteThroughput:0
RealWrittenBytes:0
RealWriteThroughput:0
当前玩家的连接数量:0
当前地图的线程个数：9
当前地图的个数:48
当前数据库执行队列数:0
当前发送队列缓存的对象数量:0
totalMemory：680525824, use ：440018200, free ：240507624DirectMemory：1827143680, 恢复 ：1
当前时间 ：2026-08-21 00:13:49send keng：2418, sheng ：4194304
decode keng：26, sheng ：2097152
world keng：12, sheng ：1048576

2026-08-21 00:13:54.682 INFO [pool-6-thread-9][:] - /****************流量统计******************/
LastReadBytes:0
LastReadThroughput:0
LastWrittenBytes:0
LastWriteThroughput:0
RealWrittenBytes:0
RealWriteThroughput:0
当前玩家的连接数量:0
当前地图的线程个数：9
当前地图的个数:48
当前数据库执行队列数:0
当前发送队列缓存的对象数量:0
totalMemory：680525824, use ：443407512, free ：237118312DirectMemory：1827143680, 恢复 ：1
当前时间 ：2026-08-21 00:13:54send keng：2418, sheng ：4194304
decode keng：26, sheng ：2097152
world keng：12, sheng ：1048576

2026-08-21 00:13:59.682 INFO [pool-6-thread-3][:] - /****************流量统计******************/
LastReadBytes:0
LastReadThroughput:0
LastWrittenBytes:0
LastWriteThroughput:0
RealWrittenBytes:0
RealWriteThroughput:0
当前玩家的连接数量:0
当前地图的线程个数：9
当前地图的个数:48
当前数据库执行队列数:0
当前发送队列缓存的对象数量:0
totalMemory：680525824, use ：447065792, free ：233460032DirectMemory：1827143680, 恢复 ：1
当前时间 ：2026-08-21 00:13:59send keng：2418, sheng ：4194304
decode keng：26, sheng ：2097152
world keng：12, sheng ：1048576

2026-08-21 00:14:04.682 INFO [pool-6-thread-8][:] - /****************流量统计******************/
LastReadBytes:0
LastReadThroughput:0
LastWrittenBytes:0
LastWriteThroughput:0
RealWrittenBytes:0
RealWriteThroughput:0
当前玩家的连接数量:0
当前地图的线程个数：9
当前地图的个数:48
当前数据库执行队列数:0
当前发送队列缓存的对象数量:0
totalMemory：680525824, use ：450736992, free ：229788832DirectMemory：1827143680, 恢复 ：1
当前时间 ：2026-08-21 00:14:04send keng：2418, sheng ：4194304
decode keng：26, sheng ：2097152
world keng：12, sheng ：1048576

2026-08-21 00:14:09.682 INFO [pool-6-thread-6][:] - /****************流量统计******************/
LastReadBytes:0
LastReadThroughput:0
LastWrittenBytes:0
LastWriteThroughput:0
RealWrittenBytes:0
RealWriteThroughput:0
当前玩家的连接数量:0
当前地图的线程个数：9
当前地图的个数:48
当前数据库执行队列数:0
当前发送队列缓存的对象数量:0
totalMemory：680525824, use ：453783760, free ：226742064DirectMemory：1827143680, 恢复 ：1
当前时间 ：2026-08-21 00:14:09send keng：2418, sheng ：4194304
decode keng：26, sheng ：2097152
world keng：12, sheng ：1048576

2026-08-21 00:14:14.682 INFO [pool-6-thread-7][:] - /****************流量统计******************/
LastReadBytes:0
LastReadThroughput:0
LastWrittenBytes:0
LastWriteThroughput:0
RealWrittenBytes:0
RealWriteThroughput:0
当前玩家的连接数量:0
当前地图的线程个数：9
当前地图的个数:48
当前数据库执行队列数:0
当前发送队列缓存的对象数量:0
totalMemory：680525824, use ：457420360, free ：223105464DirectMemory：1827143680, 恢复 ：1
当前时间 ：2026-08-21 00:14:14send keng：2418, sheng ：4194304
decode keng：26, sheng ：2097152
world keng：12, sheng ：1048576

2026-08-21 00:14:19.682 INFO [pool-6-thread-8][:] - /****************流量统计******************/
LastReadBytes:0
LastReadThroughput:0
LastWrittenBytes:0
LastWriteThroughput:0
RealWrittenBytes:0
RealWriteThroughput:0
当前玩家的连接数量:0
当前地图的线程个数：9
当前地图的个数:48
当前数据库执行队列数:0
当前发送队列缓存的对象数量:0
totalMemory：680525824, use ：461050776, free ：219475048DirectMemory：1827143680, 恢复 ：1
当前时间 ：2026-08-21 00:14:19send keng：2418, sheng ：4194304
decode keng：26, sheng ：2097152
world keng：12, sheng ：1048576

2026-08-21 00:14:24.682 INFO [pool-6-thread-4][:] - /****************流量统计******************/
LastReadBytes:0
LastReadThroughput:0
LastWrittenBytes:0
LastWriteThroughput:0
RealWrittenBytes:0
RealWriteThroughput:0
当前玩家的连接数量:0
当前地图的线程个数：9
当前地图的个数:48
当前数据库执行队列数:0
当前发送队列缓存的对象数量:0
totalMemory：680525824, use ：464365752, free ：216160072DirectMemory：1827143680, 恢复 ：1
当前时间 ：2026-08-21 00:14:24send keng：2418, sheng ：4194304
decode keng：26, sheng ：2097152
world keng：12, sheng ：1048576

2026-08-21 00:14:29.682 INFO [pool-6-thread-6][:] - /****************流量统计******************/
LastReadBytes:0
LastReadThroughput:0
LastWrittenBytes:0
LastWriteThroughput:0
RealWrittenBytes:0
RealWriteThroughput:0
当前玩家的连接数量:0
当前地图的线程个数：9
当前地图的个数:48
当前数据库执行队列数:0
当前发送队列缓存的对象数量:0
totalMemory：680525824, use ：421256176, free ：259269648DirectMemory：1827143680, 恢复 ：1
当前时间 ：2026-08-21 00:14:29send keng：2418, sheng ：4194304
decode keng：26, sheng ：2097152
world keng：12, sheng ：1048576

2026-08-21 00:14:34.682 INFO [pool-6-thread-7][:] - /****************流量统计******************/
LastReadBytes:0
LastReadThroughput:0
LastWrittenBytes:0
LastWriteThroughput:0
RealWrittenBytes:0
RealWriteThroughput:0
当前玩家的连接数量:0
当前地图的线程个数：9
当前地图的个数:48
当前数据库执行队列数:0
当前发送队列缓存的对象数量:0
totalMemory：680525824, use ：424936992, free ：255588832DirectMemory：1827143680, 恢复 ：1
当前时间 ：2026-08-21 00:14:34send keng：2418, sheng ：4194304
decode keng：26, sheng ：2097152
world keng：12, sheng ：1048576

2026-08-21 00:14:39.682 INFO [pool-6-thread-3][:] - /****************流量统计******************/
LastReadBytes:0
LastReadThroughput:0
LastWrittenBytes:0
LastWriteThroughput:0
RealWrittenBytes:0
RealWriteThroughput:0
当前玩家的连接数量:0
当前地图的线程个数：9
当前地图的个数:48
当前数据库执行队列数:0
当前发送队列缓存的对象数量:0
totalMemory：680525824, use ：428279496, free ：252246328DirectMemory：1827143680, 恢复 ：1
当前时间 ：2026-08-21 00:14:39send keng：2418, sheng ：4194304
decode keng：26, sheng ：2097152
world keng：12, sheng ：1048576

2026-08-21 00:14:44.682 INFO [pool-6-thread-8][:] - /****************流量统计******************/
LastReadBytes:0
LastReadThroughput:0
LastWrittenBytes:0
LastWriteThroughput:0
RealWrittenBytes:0
RealWriteThroughput:0
当前玩家的连接数量:0
当前地图的线程个数：9
当前地图的个数:48
当前数据库执行队列数:0
当前发送队列缓存的对象数量:0
totalMemory：680525824, use ：431794952, free ：248730872DirectMemory：1827143680, 恢复 ：1
当前时间 ：2026-08-21 00:14:44send keng：2418, sheng ：4194304
decode keng：26, sheng ：2097152
world keng：12, sheng ：1048576

2026-08-21 00:14:49.682 INFO [pool-6-thread-9][:] - /****************流量统计******************/
LastReadBytes:0
LastReadThroughput:0
LastWrittenBytes:0
LastWriteThroughput:0
RealWrittenBytes:0
RealWriteThroughput:0
当前玩家的连接数量:0
当前地图的线程个数：9
当前地图的个数:48
当前数据库执行队列数:0
当前发送队列缓存的对象数量:0
totalMemory：680525824, use ：435273760, free ：245252064DirectMemory：1827143680, 恢复 ：1
当前时间 ：2026-08-21 00:14:49send keng：2418, sheng ：4194304
decode keng：26, sheng ：2097152
world keng：12, sheng ：1048576

2026-08-21 00:14:54.682 INFO [pool-6-thread-6][:] - /****************流量统计******************/
LastReadBytes:0
LastReadThroughput:0
LastWrittenBytes:0
LastWriteThroughput:0
RealWrittenBytes:0
RealWriteThroughput:0
当前玩家的连接数量:0
当前地图的线程个数：9
当前地图的个数:48
当前数据库执行队列数:0
当前发送队列缓存的对象数量:0
totalMemory：680525824, use ：439110192, free ：241415632DirectMemory：1827143680, 恢复 ：1
当前时间 ：2026-08-21 00:14:54send keng：2418, sheng ：4194304
decode keng：26, sheng ：2097152
world keng：12, sheng ：1048576

2026-08-21 00:14:59.682 INFO [pool-6-thread-4][:] - /****************流量统计******************/
LastReadBytes:0
LastReadThroughput:0
LastWrittenBytes:0
LastWriteThroughput:0
RealWrittenBytes:0
RealWriteThroughput:0
当前玩家的连接数量:0
当前地图的线程个数：9
当前地图的个数:48
当前数据库执行队列数:0
当前发送队列缓存的对象数量:0
totalMemory：680525824, use ：442576000, free ：237949824DirectMemory：1827143680, 恢复 ：1
当前时间 ：2026-08-21 00:14:59send keng：2418, sheng ：4194304
decode keng：26, sheng ：2097152
world keng：12, sheng ：1048576

2026-08-21 00:15:04.682 INFO [pool-6-thread-9][:] - /****************流量统计******************/
LastReadBytes:0
LastReadThroughput:0
LastWrittenBytes:0
LastWriteThroughput:0
RealWrittenBytes:0
RealWriteThroughput:0
当前玩家的连接数量:0
当前地图的线程个数：9
当前地图的个数:48
当前数据库执行队列数:0
当前发送队列缓存的对象数量:0
totalMemory：680525824, use ：445988624, free ：234537200DirectMemory：1827143680, 恢复 ：1
当前时间 ：2026-08-21 00:15:04send keng：2418, sheng ：4194304
decode keng：26, sheng ：2097152
world keng：12, sheng ：1048576

2026-08-21 00:15:09.682 INFO [pool-6-thread-10][:] - /****************流量统计******************/
LastReadBytes:0
LastReadThroughput:0
LastWrittenBytes:0
LastWriteThroughput:0
RealWrittenBytes:0
RealWriteThroughput:0
当前玩家的连接数量:0
当前地图的线程个数：9
当前地图的个数:48
当前数据库执行队列数:0
当前发送队列缓存的对象数量:0
totalMemory：680525824, use ：449282568, free ：231243256DirectMemory：1827143680, 恢复 ：1
当前时间 ：2026-08-21 00:15:09send keng：2418, sheng ：4194304
decode keng：26, sheng ：2097152
world keng：12, sheng ：1048576

2026-08-21 00:15:14.682 INFO [pool-6-thread-2][:] - /****************流量统计******************/
LastReadBytes:0
LastReadThroughput:0
LastWrittenBytes:0
LastWriteThroughput:0
RealWrittenBytes:0
RealWriteThroughput:0
当前玩家的连接数量:0
当前地图的线程个数：9
当前地图的个数:48
当前数据库执行队列数:0
当前发送队列缓存的对象数量:0
totalMemory：680525824, use ：452857648, free ：227668176DirectMemory：1827143680, 恢复 ：1
当前时间 ：2026-08-21 00:15:14send keng：2418, sheng ：4194304
decode keng：26, sheng ：2097152
world keng：12, sheng ：1048576

2026-08-21 00:15:19.682 INFO [pool-6-thread-7][:] - /****************流量统计******************/
LastReadBytes:0
LastReadThroughput:0
LastWrittenBytes:0
LastWriteThroughput:0
RealWrittenBytes:0
RealWriteThroughput:0
当前玩家的连接数量:0
当前地图的线程个数：9
当前地图的个数:48
当前数据库执行队列数:0
当前发送队列缓存的对象数量:0
totalMemory：680525824, use ：456519312, free ：224006512DirectMemory：1827143680, 恢复 ：1
当前时间 ：2026-08-21 00:15:19send keng：2418, sheng ：4194304
decode keng：26, sheng ：2097152
world keng：12, sheng ：1048576

2026-08-21 00:15:24.682 INFO [pool-6-thread-8][:] - /****************流量统计******************/
LastReadBytes:0
LastReadThroughput:0
LastWrittenBytes:0
LastWriteThroughput:0
RealWrittenBytes:0
RealWriteThroughput:0
当前玩家的连接数量:0
当前地图的线程个数：9
当前地图的个数:48
当前数据库执行队列数:0
当前发送队列缓存的对象数量:0
totalMemory：680525824, use ：459921328, free ：220604496DirectMemory：1827143680, 恢复 ：1
当前时间 ：2026-08-21 00:15:24send keng：2418, sheng ：4194304
decode keng：26, sheng ：2097152
world keng：12, sheng ：1048576

2026-08-21 00:15:29.682 INFO [pool-6-thread-10][:] - /****************流量统计******************/
LastReadBytes:0
LastReadThroughput:0
LastWrittenBytes:0
LastWriteThroughput:0
RealWrittenBytes:0
RealWriteThroughput:0
当前玩家的连接数量:0
当前地图的线程个数：9
当前地图的个数:48
当前数据库执行队列数:0
当前发送队列缓存的对象数量:0
totalMemory：680525824, use ：463529376, free ：216996448DirectMemory：1827143680, 恢复 ：1
当前时间 ：2026-08-21 00:15:29send keng：2418, sheng ：4194304
decode keng：26, sheng ：2097152
world keng：12, sheng ：1048576

2026-08-21 00:15:34.682 INFO [pool-6-thread-3][:] - /****************流量统计******************/
LastReadBytes:0
LastReadThroughput:0
LastWrittenBytes:0
LastWriteThroughput:0
RealWrittenBytes:0
RealWriteThroughput:0
当前玩家的连接数量:0
当前地图的线程个数：9
当前地图的个数:48
当前数据库执行队列数:0
当前发送队列缓存的对象数量:0
totalMemory：680525824, use ：420540328, free ：259985496DirectMemory：1827143680, 恢复 ：1
当前时间 ：2026-08-21 00:15:34send keng：2418, sheng ：4194304
decode keng：26, sheng ：2097152
world keng：12, sheng ：1048576

2026-08-21 00:15:39.682 INFO [pool-6-thread-7][:] - /****************流量统计******************/
LastReadBytes:0
LastReadThroughput:0
LastWrittenBytes:0
LastWriteThroughput:0
RealWrittenBytes:0
RealWriteThroughput:0
当前玩家的连接数量:0
当前地图的线程个数：9
当前地图的个数:48
当前数据库执行队列数:0
当前发送队列缓存的对象数量:0
totalMemory：680525824, use ：423715296, free ：256810528DirectMemory：1827143680, 恢复 ：1
当前时间 ：2026-08-21 00:15:39send keng：2418, sheng ：4194304
decode keng：26, sheng ：2097152
world keng：12, sheng ：1048576

2026-08-21 00:15:44.682 INFO [pool-6-thread-9][:] - /****************流量统计******************/
LastReadBytes:0
LastReadThroughput:0
LastWrittenBytes:0
LastWriteThroughput:0
RealWrittenBytes:0
RealWriteThroughput:0
当前玩家的连接数量:0
当前地图的线程个数：9
当前地图的个数:48
当前数据库执行队列数:0
当前发送队列缓存的对象数量:0
totalMemory：680525824, use ：427536688, free ：252989136DirectMemory：1827143680, 恢复 ：1
当前时间 ：2026-08-21 00:15:44send keng：2418, sheng ：4194304
decode keng：26, sheng ：2097152
world keng：12, sheng ：1048576

2026-08-21 00:15:49.682 INFO [pool-6-thread-7][:] - /****************流量统计******************/
LastReadBytes:0
LastReadThroughput:0
LastWrittenBytes:0
LastWriteThroughput:0
RealWrittenBytes:0
RealWriteThroughput:0
当前玩家的连接数量:0
当前地图的线程个数：9
当前地图的个数:48
当前数据库执行队列数:0
当前发送队列缓存的对象数量:0
totalMemory：680525824, use ：430786328, free ：249739496DirectMemory：1827143680, 恢复 ：1
当前时间 ：2026-08-21 00:15:49send keng：2418, sheng ：4194304
decode keng：26, sheng ：2097152
world keng：12, sheng ：1048576

2026-08-21 00:15:54.682 INFO [pool-6-thread-1][:] - /****************流量统计******************/
LastReadBytes:0
LastReadThroughput:0
LastWrittenBytes:0
LastWriteThroughput:0
RealWrittenBytes:0
RealWriteThroughput:0
当前玩家的连接数量:0
当前地图的线程个数：9
当前地图的个数:48
当前数据库执行队列数:0
当前发送队列缓存的对象数量:0
totalMemory：680525824, use ：434436136, free ：246089688DirectMemory：1827143680, 恢复 ：1
当前时间 ：2026-08-21 00:15:54send keng：2418, sheng ：4194304
decode keng：26, sheng ：2097152
world keng：12, sheng ：1048576

2026-08-21 00:15:59.682 INFO [pool-6-thread-6][:] - /****************流量统计******************/
LastReadBytes:0
LastReadThroughput:0
LastWrittenBytes:0
LastWriteThroughput:0
RealWrittenBytes:0
RealWriteThroughput:0
当前玩家的连接数量:0
当前地图的线程个数：9
当前地图的个数:48
当前数据库执行队列数:0
当前发送队列缓存的对象数量:0
totalMemory：680525824, use ：437921248, free ：242604576DirectMemory：1827143680, 恢复 ：1
当前时间 ：2026-08-21 00:15:59send keng：2418, sheng ：4194304
decode keng：26, sheng ：2097152
world keng：12, sheng ：1048576

2026-08-21 00:16:04.682 INFO [pool-6-thread-7][:] - /****************流量统计******************/
LastReadBytes:0
LastReadThroughput:0
LastWrittenBytes:0
LastWriteThroughput:0
RealWrittenBytes:0
RealWriteThroughput:0
当前玩家的连接数量:0
当前地图的线程个数：9
当前地图的个数:48
当前数据库执行队列数:0
当前发送队列缓存的对象数量:0
totalMemory：680525824, use ：441530096, free ：238995728DirectMemory：1827143680, 恢复 ：1
当前时间 ：2026-08-21 00:16:04send keng：2418, sheng ：4194304
decode keng：26, sheng ：2097152
world keng：12, sheng ：1048576

2026-08-21 00:16:09.682 INFO [pool-6-thread-10][:] - /****************流量统计******************/
LastReadBytes:0
LastReadThroughput:0
LastWrittenBytes:0
LastWriteThroughput:0
RealWrittenBytes:0
RealWriteThroughput:0
当前玩家的连接数量:0
当前地图的线程个数：9
当前地图的个数:48
当前数据库执行队列数:0
当前发送队列缓存的对象数量:0
totalMemory：680525824, use ：445046920, free ：235478904DirectMemory：1827143680, 恢复 ：1
当前时间 ：2026-08-21 00:16:09send keng：2418, sheng ：4194304
decode keng：26, sheng ：2097152
world keng：12, sheng ：1048576

2026-08-21 00:16:14.682 INFO [pool-6-thread-4][:] - /****************流量统计******************/
LastReadBytes:0
LastReadThroughput:0
LastWrittenBytes:0
LastWriteThroughput:0
RealWrittenBytes:0
RealWriteThroughput:0
当前玩家的连接数量:0
当前地图的线程个数：9
当前地图的个数:48
当前数据库执行队列数:0
当前发送队列缓存的对象数量:0
totalMemory：680525824, use ：448489200, free ：232036624DirectMemory：1827143680, 恢复 ：1
当前时间 ：2026-08-21 00:16:14send keng：2418, sheng ：4194304
decode keng：26, sheng ：2097152
world keng：12, sheng ：1048576

2026-08-21 00:16:19.682 INFO [pool-6-thread-3][:] - /****************流量统计******************/
LastReadBytes:0
LastReadThroughput:0
LastWrittenBytes:0
LastWriteThroughput:0
RealWrittenBytes:0
RealWriteThroughput:0
当前玩家的连接数量:0
当前地图的线程个数：9
当前地图的个数:48
当前数据库执行队列数:0
当前发送队列缓存的对象数量:0
totalMemory：680525824, use ：452168552, free ：228357272DirectMemory：1827143680, 恢复 ：1
当前时间 ：2026-08-21 00:16:19send keng：2418, sheng ：4194304
decode keng：26, sheng ：2097152
world keng：12, sheng ：1048576

2026-08-21 00:16:24.682 INFO [pool-6-thread-6][:] - /****************流量统计******************/
LastReadBytes:0
LastReadThroughput:0
LastWrittenBytes:0
LastWriteThroughput:0
RealWrittenBytes:0
RealWriteThroughput:0
当前玩家的连接数量:0
当前地图的线程个数：9
当前地图的个数:48
当前数据库执行队列数:0
当前发送队列缓存的对象数量:0
totalMemory：680525824, use ：455708944, free ：224816880DirectMemory：1827143680, 恢复 ：1
当前时间 ：2026-08-21 00:16:24send keng：2418, sheng ：4194304
decode keng：26, sheng ：2097152
world keng：12, sheng ：1048576

2026-08-21 00:16:29.682 INFO [pool-6-thread-6][:] - /****************流量统计******************/
LastReadBytes:0
LastReadThroughput:0
LastWrittenBytes:0
LastWriteThroughput:0
RealWrittenBytes:0
RealWriteThroughput:0
当前玩家的连接数量:0
当前地图的线程个数：9
当前地图的个数:48
当前数据库执行队列数:0
当前发送队列缓存的对象数量:0
totalMemory：680525824, use ：459219360, free ：221306464DirectMemory：1827143680, 恢复 ：1
当前时间 ：2026-08-21 00:16:29send keng：2418, sheng ：4194304
decode keng：26, sheng ：2097152
world keng：12, sheng ：1048576

2026-08-21 00:16:34.682 INFO [pool-6-thread-1][:] - /****************流量统计******************/
LastReadBytes:0
LastReadThroughput:0
LastWrittenBytes:0
LastWriteThroughput:0
RealWrittenBytes:0
RealWriteThroughput:0
当前玩家的连接数量:0
当前地图的线程个数：9
当前地图的个数:48
当前数据库执行队列数:0
当前发送队列缓存的对象数量:0
totalMemory：680525824, use ：462551008, free ：217974816DirectMemory：1827143680, 恢复 ：1
当前时间 ：2026-08-21 00:16:34send keng：2418, sheng ：4194304
decode keng：26, sheng ：2097152
world keng：12, sheng ：1048576

2026-08-21 00:16:39.682 INFO [pool-6-thread-3][:] - /****************流量统计******************/
LastReadBytes:0
LastReadThroughput:0
LastWrittenBytes:0
LastWriteThroughput:0
RealWrittenBytes:0
RealWriteThroughput:0
当前玩家的连接数量:0
当前地图的线程个数：9
当前地图的个数:48
当前数据库执行队列数:0
当前发送队列缓存的对象数量:0
totalMemory：680525824, use ：466211576, free ：214314248DirectMemory：1827143680, 恢复 ：1
当前时间 ：2026-08-21 00:16:39send keng：2418, sheng ：4194304
decode keng：26, sheng ：2097152
world keng：12, sheng ：1048576

2026-08-21 00:16:44.682 INFO [pool-6-thread-5][:] - /****************流量统计******************/
LastReadBytes:0
LastReadThroughput:0
LastWrittenBytes:0
LastWriteThroughput:0
RealWrittenBytes:0
RealWriteThroughput:0
当前玩家的连接数量:0
当前地图的线程个数：9
当前地图的个数:48
当前数据库执行队列数:0
当前发送队列缓存的对象数量:0
totalMemory：680001536, use ：423180392, free ：256821144DirectMemory：1827143680, 恢复 ：1
当前时间 ：2026-08-21 00:16:44send keng：2418, sheng ：4194304
decode keng：26, sheng ：2097152
world keng：12, sheng ：1048576

2026-08-21 00:16:49.682 INFO [pool-6-thread-3][:] - /****************流量统计******************/
LastReadBytes:0
LastReadThroughput:0
LastWrittenBytes:0
LastWriteThroughput:0
RealWrittenBytes:0
RealWriteThroughput:0
当前玩家的连接数量:0
当前地图的线程个数：9
当前地图的个数:48
当前数据库执行队列数:0
当前发送队列缓存的对象数量:0
totalMemory：680001536, use ：426574872, free ：253426664DirectMemory：1827143680, 恢复 ：1
当前时间 ：2026-08-21 00:16:49send keng：2418, sheng ：4194304
decode keng：26, sheng ：2097152
world keng：12, sheng ：1048576

2026-08-21 00:16:54.682 INFO [pool-6-thread-1][:] - /****************流量统计******************/
LastReadBytes:0
LastReadThroughput:0
LastWrittenBytes:0
LastWriteThroughput:0
RealWrittenBytes:0
RealWriteThroughput:0
当前玩家的连接数量:0
当前地图的线程个数：9
当前地图的个数:48
当前数据库执行队列数:0
当前发送队列缓存的对象数量:0
totalMemory：680001536, use ：430156032, free ：249845504DirectMemory：1827143680, 恢复 ：1
当前时间 ：2026-08-21 00:16:54send keng：2418, sheng ：4194304
decode keng：26, sheng ：2097152
world keng：12, sheng ：1048576

2026-08-21 00:16:59.682 INFO [pool-6-thread-7][:] - /****************流量统计******************/
LastReadBytes:0
LastReadThroughput:0
LastWrittenBytes:0
LastWriteThroughput:0
RealWrittenBytes:0
RealWriteThroughput:0
当前玩家的连接数量:0
当前地图的线程个数：9
当前地图的个数:48
当前数据库执行队列数:0
当前发送队列缓存的对象数量:0
totalMemory：680001536, use ：433605088, free ：246396448DirectMemory：1827143680, 恢复 ：1
当前时间 ：2026-08-21 00:16:59send keng：2418, sheng ：4194304
decode keng：26, sheng ：2097152
world keng：12, sheng ：1048576

2026-08-21 00:17:04.682 INFO [pool-6-thread-5][:] - /****************流量统计******************/
LastReadBytes:0
LastReadThroughput:0
LastWrittenBytes:0
LastWriteThroughput:0
RealWrittenBytes:0
RealWriteThroughput:0
当前玩家的连接数量:0
当前地图的线程个数：9
当前地图的个数:48
当前数据库执行队列数:0
当前发送队列缓存的对象数量:0
totalMemory：680001536, use ：437096768, free ：242904768DirectMemory：1827143680, 恢复 ：1
当前时间 ：2026-08-21 00:17:04send keng：2418, sheng ：4194304
decode keng：26, sheng ：2097152
world keng：12, sheng ：1048576

2026-08-21 00:17:09.682 INFO [pool-6-thread-1][:] - /****************流量统计******************/
LastReadBytes:0
LastReadThroughput:0
LastWrittenBytes:0
LastWriteThroughput:0
RealWrittenBytes:0
RealWriteThroughput:0
当前玩家的连接数量:0
当前地图的线程个数：9
当前地图的个数:48
当前数据库执行队列数:0
当前发送队列缓存的对象数量:0
totalMemory：680001536, use ：440715568, free ：239285968DirectMemory：1827143680, 恢复 ：1
当前时间 ：2026-08-21 00:17:09send keng：2418, sheng ：4194304
decode keng：26, sheng ：2097152
world keng：12, sheng ：1048576

2026-08-21 00:17:14.682 INFO [pool-6-thread-5][:] - /****************流量统计******************/
LastReadBytes:0
LastReadThroughput:0
LastWrittenBytes:0
LastWriteThroughput:0
RealWrittenBytes:0
RealWriteThroughput:0
当前玩家的连接数量:0
当前地图的线程个数：9
当前地图的个数:48
当前数据库执行队列数:0
当前发送队列缓存的对象数量:0
totalMemory：680001536, use ：444229248, free ：235772288DirectMemory：1827143680, 恢复 ：1
当前时间 ：2026-08-21 00:17:14send keng：2418, sheng ：4194304
decode keng：26, sheng ：2097152
world keng：12, sheng ：1048576

2026-08-21 00:17:19.682 INFO [pool-6-thread-2][:] - /****************流量统计******************/
LastReadBytes:0
LastReadThroughput:0
LastWrittenBytes:0
LastWriteThroughput:0
RealWrittenBytes:0
RealWriteThroughput:0
当前玩家的连接数量:0
当前地图的线程个数：9
当前地图的个数:48
当前数据库执行队列数:0
当前发送队列缓存的对象数量:0
totalMemory：680001536, use ：448029328, free ：231972208DirectMemory：1827143680, 恢复 ：1
当前时间 ：2026-08-21 00:17:19send keng：2418, sheng ：4194304
decode keng：26, sheng ：2097152
world keng：12, sheng ：1048576

2026-08-21 00:17:24.682 INFO [pool-6-thread-2][:] - /****************流量统计******************/
LastReadBytes:0
LastReadThroughput:0
LastWrittenBytes:0
LastWriteThroughput:0
RealWrittenBytes:0
RealWriteThroughput:0
当前玩家的连接数量:0
当前地图的线程个数：9
当前地图的个数:48
当前数据库执行队列数:0
当前发送队列缓存的对象数量:0
totalMemory：680001536, use ：451303248, free ：228698288DirectMemory：1827143680, 恢复 ：1
当前时间 ：2026-08-21 00:17:24send keng：2418, sheng ：4194304
decode keng：26, sheng ：2097152
world keng：12, sheng ：1048576

2026-08-21 00:17:29.682 INFO [pool-6-thread-9][:] - /****************流量统计******************/
LastReadBytes:0
LastReadThroughput:0
LastWrittenBytes:0
LastWriteThroughput:0
RealWrittenBytes:0
RealWriteThroughput:0
当前玩家的连接数量:0
当前地图的线程个数：9
当前地图的个数:48
当前数据库执行队列数:0
当前发送队列缓存的对象数量:0
totalMemory：680001536, use ：454899608, free ：225101928DirectMemory：1827143680, 恢复 ：1
当前时间 ：2026-08-21 00:17:29send keng：2418, sheng ：4194304
decode keng：26, sheng ：2097152
world keng：12, sheng ：1048576

2026-08-21 00:17:34.682 INFO [pool-6-thread-7][:] - /****************流量统计******************/
LastReadBytes:0
LastReadThroughput:0
LastWrittenBytes:0
LastWriteThroughput:0
RealWrittenBytes:0
RealWriteThroughput:0
当前玩家的连接数量:0
当前地图的线程个数：9
当前地图的个数:48
当前数据库执行队列数:0
当前发送队列缓存的对象数量:0
totalMemory：680001536, use ：458381512, free ：221620024DirectMemory：1827143680, 恢复 ：1
当前时间 ：2026-08-21 00:17:34send keng：2418, sheng ：4194304
decode keng：26, sheng ：2097152
world keng：12, sheng ：1048576

2026-08-21 00:17:39.682 INFO [pool-6-thread-2][:] - /****************流量统计******************/
LastReadBytes:0
LastReadThroughput:0
LastWrittenBytes:0
LastWriteThroughput:0
RealWrittenBytes:0
RealWriteThroughput:0
当前玩家的连接数量:0
当前地图的线程个数：9
当前地图的个数:48
当前数据库执行队列数:0
当前发送队列缓存的对象数量:0
totalMemory：680001536, use ：461838544, free ：218162992DirectMemory：1827143680, 恢复 ：1
当前时间 ：2026-08-21 00:17:39send keng：2418, sheng ：4194304
decode keng：26, sheng ：2097152
world keng：12, sheng ：1048576

2026-08-21 00:17:44.682 INFO [pool-6-thread-7][:] - /****************流量统计******************/
LastReadBytes:0
LastReadThroughput:0
LastWrittenBytes:0
LastWriteThroughput:0
RealWrittenBytes:0
RealWriteThroughput:0
当前玩家的连接数量:0
当前地图的线程个数：9
当前地图的个数:48
当前数据库执行队列数:0
当前发送队列缓存的对象数量:0
totalMemory：680001536, use ：465390936, free ：214610600DirectMemory：1827143680, 恢复 ：1
当前时间 ：2026-08-21 00:17:44send keng：2418, sheng ：4194304
decode keng：26, sheng ：2097152
world keng：12, sheng ：1048576

2026-08-21 00:17:49.682 INFO [pool-6-thread-6][:] - /****************流量统计******************/
LastReadBytes:0
LastReadThroughput:0
LastWrittenBytes:0
LastWriteThroughput:0
RealWrittenBytes:0
RealWriteThroughput:0
当前玩家的连接数量:0
当前地图的线程个数：9
当前地图的个数:48
当前数据库执行队列数:0
当前发送队列缓存的对象数量:0
totalMemory：680525824, use ：422351496, free ：258174328DirectMemory：1827143680, 恢复 ：1
当前时间 ：2026-08-21 00:17:49send keng：2418, sheng ：4194304
decode keng：26, sheng ：2097152
world keng：12, sheng ：1048576

2026-08-21 00:17:54.682 INFO [pool-6-thread-3][:] - /****************流量统计******************/
LastReadBytes:0
LastReadThroughput:0
LastWrittenBytes:0
LastWriteThroughput:0
RealWrittenBytes:0
RealWriteThroughput:0
当前玩家的连接数量:0
当前地图的线程个数：9
当前地图的个数:48
当前数据库执行队列数:0
当前发送队列缓存的对象数量:0
totalMemory：680525824, use ：425765648, free ：254760176DirectMemory：1827143680, 恢复 ：1
当前时间 ：2026-08-21 00:17:54send keng：2418, sheng ：4194304
decode keng：26, sheng ：2097152
world keng：12, sheng ：1048576

2026-08-21 00:17:59.682 INFO [pool-6-thread-6][:] - /****************流量统计******************/
LastReadBytes:0
LastReadThroughput:0
LastWrittenBytes:0
LastWriteThroughput:0
RealWrittenBytes:0
RealWriteThroughput:0
当前玩家的连接数量:0
当前地图的线程个数：9
当前地图的个数:48
当前数据库执行队列数:0
当前发送队列缓存的对象数量:0
totalMemory：680525824, use ：429436496, free ：251089328DirectMemory：1827143680, 恢复 ：1
当前时间 ：2026-08-21 00:17:59send keng：2418, sheng ：4194304
decode keng：26, sheng ：2097152
world keng：12, sheng ：1048576

2026-08-21 00:18:04.685 INFO [pool-6-thread-8][:] - /****************流量统计******************/
LastReadBytes:0
LastReadThroughput:0
LastWrittenBytes:0
LastWriteThroughput:0
RealWrittenBytes:0
RealWriteThroughput:0
当前玩家的连接数量:0
当前地图的线程个数：9
当前地图的个数:48
当前数据库执行队列数:0
当前发送队列缓存的对象数量:0
totalMemory：680525824, use ：432717920, free ：247807904DirectMemory：1827143680, 恢复 ：1
当前时间 ：2026-08-21 00:18:04send keng：2418, sheng ：4194304
decode keng：26, sheng ：2097152
world keng：12, sheng ：1048576

2026-08-21 00:18:09.682 INFO [pool-6-thread-6][:] - /****************流量统计******************/
LastReadBytes:0
LastReadThroughput:0
LastWrittenBytes:0
LastWriteThroughput:0
RealWrittenBytes:0
RealWriteThroughput:0
当前玩家的连接数量:0
当前地图的线程个数：9
当前地图的个数:48
当前数据库执行队列数:0
当前发送队列缓存的对象数量:0
totalMemory：680525824, use ：436203976, free ：244321848DirectMemory：1827143680, 恢复 ：1
当前时间 ：2026-08-21 00:18:09send keng：2418, sheng ：4194304
decode keng：26, sheng ：2097152
world keng：12, sheng ：1048576

2026-08-21 00:18:14.682 INFO [pool-6-thread-8][:] - /****************流量统计******************/
LastReadBytes:0
LastReadThroughput:0
LastWrittenBytes:0
LastWriteThroughput:0
RealWrittenBytes:0
RealWriteThroughput:0
当前玩家的连接数量:0
当前地图的线程个数：9
当前地图的个数:48
当前数据库执行队列数:0
当前发送队列缓存的对象数量:0
totalMemory：680525824, use ：439790464, free ：240735360DirectMemory：1827143680, 恢复 ：1
当前时间 ：2026-08-21 00:18:14send keng：2418, sheng ：4194304
decode keng：26, sheng ：2097152
world keng：12, sheng ：1048576

2026-08-21 00:18:19.682 INFO [pool-6-thread-1][:] - /****************流量统计******************/
LastReadBytes:0
LastReadThroughput:0
LastWrittenBytes:0
LastWriteThroughput:0
RealWrittenBytes:0
RealWriteThroughput:0
当前玩家的连接数量:0
当前地图的线程个数：9
当前地图的个数:48
当前数据库执行队列数:0
当前发送队列缓存的对象数量:0
totalMemory：680525824, use ：443444984, free ：237080840DirectMemory：1827143680, 恢复 ：1
当前时间 ：2026-08-21 00:18:19send keng：2418, sheng ：4194304
decode keng：26, sheng ：2097152
world keng：12, sheng ：1048576

2026-08-21 00:18:24.682 INFO [pool-6-thread-2][:] - /****************流量统计******************/
LastReadBytes:0
LastReadThroughput:0
LastWrittenBytes:0
LastWriteThroughput:0
RealWrittenBytes:0
RealWriteThroughput:0
当前玩家的连接数量:0
当前地图的线程个数：9
当前地图的个数:48
当前数据库执行队列数:0
当前发送队列缓存的对象数量:0
totalMemory：680525824, use ：446798880, free ：233726944DirectMemory：1827143680, 恢复 ：1
当前时间 ：2026-08-21 00:18:24send keng：2418, sheng ：4194304
decode keng：26, sheng ：2097152
world keng：12, sheng ：1048576

2026-08-21 00:18:29.682 INFO [pool-6-thread-1][:] - /****************流量统计******************/
LastReadBytes:0
LastReadThroughput:0
LastWrittenBytes:0
LastWriteThroughput:0
RealWrittenBytes:0
RealWriteThroughput:0
当前玩家的连接数量:0
当前地图的线程个数：9
当前地图的个数:48
当前数据库执行队列数:0
当前发送队列缓存的对象数量:0
totalMemory：680525824, use ：450373096, free ：230152728DirectMemory：1827143680, 恢复 ：1
当前时间 ：2026-08-21 00:18:29send keng：2418, sheng ：4194304
decode keng：26, sheng ：2097152
world keng：12, sheng ：1048576

2026-08-21 00:18:34.682 INFO [pool-6-thread-7][:] - /****************流量统计******************/
LastReadBytes:0
LastReadThroughput:0
LastWrittenBytes:0
LastWriteThroughput:0
RealWrittenBytes:0
RealWriteThroughput:0
当前玩家的连接数量:0
当前地图的线程个数：9
当前地图的个数:48
当前数据库执行队列数:0
当前发送队列缓存的对象数量:0
totalMemory：680525824, use ：453864944, free ：226660880DirectMemory：1827143680, 恢复 ：1
当前时间 ：2026-08-21 00:18:34send keng：2418, sheng ：4194304
decode keng：26, sheng ：2097152
world keng：12, sheng ：1048576

2026-08-21 00:18:39.682 INFO [pool-6-thread-8][:] - /****************流量统计******************/
LastReadBytes:0
LastReadThroughput:0
LastWrittenBytes:0
LastWriteThroughput:0
RealWrittenBytes:0
RealWriteThroughput:0
当前玩家的连接数量:0
当前地图的线程个数：9
当前地图的个数:48
当前数据库执行队列数:0
当前发送队列缓存的对象数量:0
totalMemory：680525824, use ：457499064, free ：223026760DirectMemory：1827143680, 恢复 ：1
当前时间 ：2026-08-21 00:18:39send keng：2418, sheng ：4194304
decode keng：26, sheng ：2097152
world keng：12, sheng ：1048576

2026-08-21 00:18:44.682 INFO [pool-6-thread-4][:] - /****************流量统计******************/
LastReadBytes:0
LastReadThroughput:0
LastWrittenBytes:0
LastWriteThroughput:0
RealWrittenBytes:0
RealWriteThroughput:0
当前玩家的连接数量:0
当前地图的线程个数：9
当前地图的个数:48
当前数据库执行队列数:0
当前发送队列缓存的对象数量:0
totalMemory：680525824, use ：460826992, free ：219698832DirectMemory：1827143680, 恢复 ：1
当前时间 ：2026-08-21 00:18:44send keng：2418, sheng ：4194304
decode keng：26, sheng ：2097152
world keng：12, sheng ：1048576

2026-08-21 00:18:49.682 INFO [pool-6-thread-5][:] - /****************流量统计******************/
LastReadBytes:0
LastReadThroughput:0
LastWrittenBytes:0
LastWriteThroughput:0
RealWrittenBytes:0
RealWriteThroughput:0
当前玩家的连接数量:0
当前地图的线程个数：9
当前地图的个数:48
当前数据库执行队列数:0
当前发送队列缓存的对象数量:0
totalMemory：680525824, use ：464294072, free ：216231752DirectMemory：1827143680, 恢复 ：1
当前时间 ：2026-08-21 00:18:49send keng：2418, sheng ：4194304
decode keng：26, sheng ：2097152
world keng：12, sheng ：1048576

2026-08-21 00:18:54.686 INFO [pool-6-thread-7][:] - /****************流量统计******************/
LastReadBytes:0
LastReadThroughput:0
LastWrittenBytes:0
LastWriteThroughput:0
RealWrittenBytes:0
RealWriteThroughput:0
当前玩家的连接数量:0
当前地图的线程个数：9
当前地图的个数:48
当前数据库执行队列数:0
当前发送队列缓存的对象数量:0
totalMemory：680001536, use ：421140392, free ：258861144DirectMemory：1827143680, 恢复 ：1
当前时间 ：2026-08-21 00:18:54send keng：2418, sheng ：4194304
decode keng：26, sheng ：2097152
world keng：12, sheng ：1048576

2026-08-21 00:18:59.682 INFO [pool-6-thread-6][:] - /****************流量统计******************/
LastReadBytes:0
LastReadThroughput:0
LastWrittenBytes:0
LastWriteThroughput:0
RealWrittenBytes:0
RealWriteThroughput:0
当前玩家的连接数量:0
当前地图的线程个数：9
当前地图的个数:48
当前数据库执行队列数:0
当前发送队列缓存的对象数量:0
totalMemory：680001536, use ：424912912, free ：255088624DirectMemory：1827143680, 恢复 ：1
当前时间 ：2026-08-21 00:18:59send keng：2418, sheng ：4194304
decode keng：26, sheng ：2097152
world keng：12, sheng ：1048576

2026-08-21 00:19:04.682 INFO [pool-6-thread-7][:] - /****************流量统计******************/
LastReadBytes:0
LastReadThroughput:0
LastWrittenBytes:0
LastWriteThroughput:0
RealWrittenBytes:0
RealWriteThroughput:0
当前玩家的连接数量:0
当前地图的线程个数：9
当前地图的个数:48
当前数据库执行队列数:0
当前发送队列缓存的对象数量:0
totalMemory：680001536, use ：428376248, free ：251625288DirectMemory：1827143680, 恢复 ：1
当前时间 ：2026-08-21 00:19:04send keng：2418, sheng ：4194304
decode keng：26, sheng ：2097152
world keng：12, sheng ：1048576

2026-08-21 00:19:09.682 INFO [pool-6-thread-6][:] - /****************流量统计******************/
LastReadBytes:0
LastReadThroughput:0
LastWrittenBytes:0
LastWriteThroughput:0
RealWrittenBytes:0
RealWriteThroughput:0
当前玩家的连接数量:0
当前地图的线程个数：9
当前地图的个数:48
当前数据库执行队列数:0
当前发送队列缓存的对象数量:0
totalMemory：680001536, use ：432031576, free ：247969960DirectMemory：1827143680, 恢复 ：1
当前时间 ：2026-08-21 00:19:09send keng：2418, sheng ：4194304
decode keng：26, sheng ：2097152
world keng：12, sheng ：1048576

2026-08-21 00:19:14.682 INFO [pool-6-thread-9][:] - /****************流量统计******************/
LastReadBytes:0
LastReadThroughput:0
LastWrittenBytes:0
LastWriteThroughput:0
RealWrittenBytes:0
RealWriteThroughput:0
当前玩家的连接数量:0
当前地图的线程个数：9
当前地图的个数:48
当前数据库执行队列数:0
当前发送队列缓存的对象数量:0
totalMemory：680001536, use ：435463496, free ：244538040DirectMemory：1827143680, 恢复 ：1
当前时间 ：2026-08-21 00:19:14send keng：2418, sheng ：4194304
decode keng：26, sheng ：2097152
world keng：12, sheng ：1048576

2026-08-21 00:19:19.682 INFO [pool-6-thread-3][:] - /****************流量统计******************/
LastReadBytes:0
LastReadThroughput:0
LastWrittenBytes:0
LastWriteThroughput:0
RealWrittenBytes:0
RealWriteThroughput:0
当前玩家的连接数量:0
当前地图的线程个数：9
当前地图的个数:48
当前数据库执行队列数:0
当前发送队列缓存的对象数量:0
totalMemory：680001536, use ：439088728, free ：240912808DirectMemory：1827143680, 恢复 ：1
当前时间 ：2026-08-21 00:19:19send keng：2418, sheng ：4194304
decode keng：26, sheng ：2097152
world keng：12, sheng ：1048576

2026-08-21 00:19:24.682 INFO [pool-6-thread-5][:] - /****************流量统计******************/
LastReadBytes:0
LastReadThroughput:0
LastWrittenBytes:0
LastWriteThroughput:0
RealWrittenBytes:0
RealWriteThroughput:0
当前玩家的连接数量:0
当前地图的线程个数：9
当前地图的个数:48
当前数据库执行队列数:0
当前发送队列缓存的对象数量:0
totalMemory：680001536, use ：442498376, free ：237503160DirectMemory：1827143680, 恢复 ：1
当前时间 ：2026-08-21 00:19:24send keng：2418, sheng ：4194304
decode keng：26, sheng ：2097152
world keng：12, sheng ：1048576

2026-08-21 00:19:29.682 INFO [pool-6-thread-6][:] - /****************流量统计******************/
LastReadBytes:0
LastReadThroughput:0
LastWrittenBytes:0
LastWriteThroughput:0
RealWrittenBytes:0
RealWriteThroughput:0
当前玩家的连接数量:0
当前地图的线程个数：9
当前地图的个数:48
当前数据库执行队列数:0
当前发送队列缓存的对象数量:0
totalMemory：680001536, use ：446079240, free ：233922296DirectMemory：1827143680, 恢复 ：1
当前时间 ：2026-08-21 00:19:29send keng：2418, sheng ：4194304
decode keng：26, sheng ：2097152
world keng：12, sheng ：1048576

2026-08-21 00:19:34.682 INFO [pool-6-thread-10][:] - /****************流量统计******************/
LastReadBytes:0
LastReadThroughput:0
LastWrittenBytes:0
LastWriteThroughput:0
RealWrittenBytes:0
RealWriteThroughput:0
当前玩家的连接数量:0
当前地图的线程个数：9
当前地图的个数:48
当前数据库执行队列数:0
当前发送队列缓存的对象数量:0
totalMemory：680001536, use ：449576512, free ：230425024DirectMemory：1827143680, 恢复 ：1
当前时间 ：2026-08-21 00:19:34send keng：2418, sheng ：4194304
decode keng：26, sheng ：2097152
world keng：12, sheng ：1048576

2026-08-21 00:19:39.682 INFO [pool-6-thread-7][:] - /****************流量统计******************/
LastReadBytes:0
LastReadThroughput:0
LastWrittenBytes:0
LastWriteThroughput:0
RealWrittenBytes:0
RealWriteThroughput:0
当前玩家的连接数量:0
当前地图的线程个数：9
当前地图的个数:48
当前数据库执行队列数:0
当前发送队列缓存的对象数量:0
totalMemory：680001536, use ：453007472, free ：226994064DirectMemory：1827143680, 恢复 ：1
当前时间 ：2026-08-21 00:19:39send keng：2418, sheng ：4194304
decode keng：26, sheng ：2097152
world keng：12, sheng ：1048576

2026-08-21 00:19:44.682 INFO [pool-6-thread-6][:] - /****************流量统计******************/
LastReadBytes:0
LastReadThroughput:0
LastWrittenBytes:0
LastWriteThroughput:0
RealWrittenBytes:0
RealWriteThroughput:0
当前玩家的连接数量:0
当前地图的线程个数：9
当前地图的个数:48
当前数据库执行队列数:0
当前发送队列缓存的对象数量:0
totalMemory：680001536, use ：456758096, free ：223243440DirectMemory：1827143680, 恢复 ：1
当前时间 ：2026-08-21 00:19:44send keng：2418, sheng ：4194304
decode keng：26, sheng ：2097152
world keng：12, sheng ：1048576

2026-08-21 00:19:49.682 INFO [pool-6-thread-2][:] - /****************流量统计******************/
LastReadBytes:0
LastReadThroughput:0
LastWrittenBytes:0
LastWriteThroughput:0
RealWrittenBytes:0
RealWriteThroughput:0
当前玩家的连接数量:0
当前地图的线程个数：9
当前地图的个数:48
当前数据库执行队列数:0
当前发送队列缓存的对象数量:0
totalMemory：680001536, use ：460104520, free ：219897016DirectMemory：1827143680, 恢复 ：1
当前时间 ：2026-08-21 00:19:49send keng：2418, sheng ：4194304
decode keng：26, sheng ：2097152
world keng：12, sheng ：1048576

2026-08-21 00:19:54.683 INFO [pool-6-thread-8][:] - /****************流量统计******************/
LastReadBytes:0
LastReadThroughput:0
LastWrittenBytes:0
LastWriteThroughput:0
RealWrittenBytes:0
RealWriteThroughput:0
当前玩家的连接数量:0
当前地图的线程个数：9
当前地图的个数:48
当前数据库执行队列数:0
当前发送队列缓存的对象数量:0
totalMemory：680001536, use ：463660800, free ：216340736DirectMemory：1827143680, 恢复 ：1
当前时间 ：2026-08-21 00:19:54send keng：2418, sheng ：4194304
decode keng：26, sheng ：2097152
world keng：12, sheng ：1048576

2026-08-21 00:19:59.682 INFO [pool-6-thread-6][:] - /****************流量统计******************/
LastReadBytes:0
LastReadThroughput:0
LastWrittenBytes:0
LastWriteThroughput:0
RealWrittenBytes:0
RealWriteThroughput:0
当前玩家的连接数量:0
当前地图的线程个数：9
当前地图的个数:48
当前数据库执行队列数:0
当前发送队列缓存的对象数量:0
totalMemory：680525824, use ：420432200, free ：260093624DirectMemory：1827143680, 恢复 ：1
当前时间 ：2026-08-21 00:19:59send keng：2418, sheng ：4194304
decode keng：26, sheng ：2097152
world keng：12, sheng ：1048576

2026-08-21 00:20:04.682 INFO [pool-6-thread-9][:] - /****************流量统计******************/
LastReadBytes:0
LastReadThroughput:0
LastWrittenBytes:0
LastWriteThroughput:0
RealWrittenBytes:0
RealWriteThroughput:0
当前玩家的连接数量:0
当前地图的线程个数：9
当前地图的个数:48
当前数据库执行队列数:0
当前发送队列缓存的对象数量:0
totalMemory：680525824, use ：423846480, free ：256679344DirectMemory：1827143680, 恢复 ：1
当前时间 ：2026-08-21 00:20:04send keng：2418, sheng ：4194304
decode keng：26, sheng ：2097152
world keng：12, sheng ：1048576

2026-08-21 00:20:09.682 INFO [pool-6-thread-4][:] - /****************流量统计******************/
LastReadBytes:0
LastReadThroughput:0
LastWrittenBytes:0
LastWriteThroughput:0
RealWrittenBytes:0
RealWriteThroughput:0
当前玩家的连接数量:0
当前地图的线程个数：9
当前地图的个数:48
当前数据库执行队列数:0
当前发送队列缓存的对象数量:0
totalMemory：680525824, use ：427607424, free ：252918400DirectMemory：1827143680, 恢复 ：1
当前时间 ：2026-08-21 00:20:09send keng：2418, sheng ：4194304
decode keng：26, sheng ：2097152
world keng：12, sheng ：1048576

2026-08-21 00:20:14.682 INFO [pool-6-thread-7][:] - /****************流量统计******************/
LastReadBytes:0
LastReadThroughput:0
LastWrittenBytes:0
LastWriteThroughput:0
RealWrittenBytes:0
RealWriteThroughput:0
当前玩家的连接数量:0
当前地图的线程个数：9
当前地图的个数:48
当前数据库执行队列数:0
当前发送队列缓存的对象数量:0
totalMemory：680525824, use ：431105624, free ：249420200DirectMemory：1827143680, 恢复 ：1
当前时间 ：2026-08-21 00:20:14send keng：2418, sheng ：4194304
decode keng：26, sheng ：2097152
world keng：12, sheng ：1048576

2026-08-21 00:20:19.682 INFO [pool-6-thread-5][:] - /****************流量统计******************/
LastReadBytes:0
LastReadThroughput:0
LastWrittenBytes:0
LastWriteThroughput:0
RealWrittenBytes:0
RealWriteThroughput:0
当前玩家的连接数量:0
当前地图的线程个数：9
当前地图的个数:48
当前数据库执行队列数:0
当前发送队列缓存的对象数量:0
totalMemory：680525824, use ：434454376, free ：246071448DirectMemory：1827143680, 恢复 ：1
当前时间 ：2026-08-21 00:20:19send keng：2418, sheng ：4194304
decode keng：26, sheng ：2097152
world keng：12, sheng ：1048576

2026-08-21 00:20:24.684 INFO [pool-6-thread-10][:] - /****************流量统计******************/
LastReadBytes:0
LastReadThroughput:0
LastWrittenBytes:0
LastWriteThroughput:0
RealWrittenBytes:0
RealWriteThroughput:0
当前玩家的连接数量:0
当前地图的线程个数：9
当前地图的个数:48
当前数据库执行队列数:0
当前发送队列缓存的对象数量:0
totalMemory：680525824, use ：438174784, free ：242351040DirectMemory：1827143680, 恢复 ：1
当前时间 ：2026-08-21 00:20:24send keng：2418, sheng ：4194304
decode keng：26, sheng ：2097152
world keng：12, sheng ：1048576

2026-08-21 00:20:29.682 INFO [pool-6-thread-1][:] - /****************流量统计******************/
LastReadBytes:0
LastReadThroughput:0
LastWrittenBytes:0
LastWriteThroughput:0
RealWrittenBytes:0
RealWriteThroughput:0
当前玩家的连接数量:0
当前地图的线程个数：9
当前地图的个数:48
当前数据库执行队列数:0
当前发送队列缓存的对象数量:0
totalMemory：680525824, use ：441516792, free ：239009032DirectMemory：1827143680, 恢复 ：1
当前时间 ：2026-08-21 00:20:29send keng：2418, sheng ：4194304
decode keng：26, sheng ：2097152
world keng：12, sheng ：1048576

2026-08-21 00:20:34.682 INFO [pool-6-thread-7][:] - /****************流量统计******************/
LastReadBytes:0
LastReadThroughput:0
LastWrittenBytes:0
LastWriteThroughput:0
RealWrittenBytes:0
RealWriteThroughput:0
当前玩家的连接数量:0
当前地图的线程个数：9
当前地图的个数:48
当前数据库执行队列数:0
当前发送队列缓存的对象数量:0
totalMemory：680525824, use ：445367832, free ：235157992DirectMemory：1827143680, 恢复 ：1
当前时间 ：2026-08-21 00:20:34send keng：2418, sheng ：4194304
decode keng：26, sheng ：2097152
world keng：12, sheng ：1048576

2026-08-21 00:20:39.682 INFO [pool-6-thread-7][:] - /****************流量统计******************/
LastReadBytes:0
LastReadThroughput:0
LastWrittenBytes:0
LastWriteThroughput:0
RealWrittenBytes:0
RealWriteThroughput:0
当前玩家的连接数量:0
当前地图的线程个数：9
当前地图的个数:48
当前数据库执行队列数:0
当前发送队列缓存的对象数量:0
totalMemory：680525824, use ：448637984, free ：231887840DirectMemory：1827143680, 恢复 ：1
当前时间 ：2026-08-21 00:20:39send keng：2418, sheng ：4194304
decode keng：26, sheng ：2097152
world keng：12, sheng ：1048576

2026-08-21 00:20:44.682 INFO [pool-6-thread-8][:] - /****************流量统计******************/
LastReadBytes:0
LastReadThroughput:0
LastWrittenBytes:0
LastWriteThroughput:0
RealWrittenBytes:0
RealWriteThroughput:0
当前玩家的连接数量:0
当前地图的线程个数：9
当前地图的个数:48
当前数据库执行队列数:0
当前发送队列缓存的对象数量:0
totalMemory：680525824, use ：452367336, free ：228158488DirectMemory：1827143680, 恢复 ：1
当前时间 ：2026-08-21 00:20:44send keng：2418, sheng ：4194304
decode keng：26, sheng ：2097152
world keng：12, sheng ：1048576

2026-08-21 00:20:49.682 INFO [pool-6-thread-8][:] - /****************流量统计******************/
LastReadBytes:0
LastReadThroughput:0
LastWrittenBytes:0
LastWriteThroughput:0
RealWrittenBytes:0
RealWriteThroughput:0
当前玩家的连接数量:0
当前地图的线程个数：9
当前地图的个数:48
当前数据库执行队列数:0
当前发送队列缓存的对象数量:0
totalMemory：680525824, use ：455726664, free ：224799160DirectMemory：1827143680, 恢复 ：1
当前时间 ：2026-08-21 00:20:49send keng：2418, sheng ：4194304
decode keng：26, sheng ：2097152
world keng：12, sheng ：1048576

2026-08-21 00:20:54.682 INFO [pool-6-thread-9][:] - /****************流量统计******************/
LastReadBytes:0
LastReadThroughput:0
LastWrittenBytes:0
LastWriteThroughput:0
RealWrittenBytes:0
RealWriteThroughput:0
当前玩家的连接数量:0
当前地图的线程个数：9
当前地图的个数:48
当前数据库执行队列数:0
当前发送队列缓存的对象数量:0
totalMemory：680525824, use ：459477808, free ：221048016DirectMemory：1827143680, 恢复 ：1
当前时间 ：2026-08-21 00:20:54send keng：2418, sheng ：4194304
decode keng：26, sheng ：2097152
world keng：12, sheng ：1048576

2026-08-21 00:20:59.682 INFO [pool-6-thread-6][:] - /****************流量统计******************/
LastReadBytes:0
LastReadThroughput:0
LastWrittenBytes:0
LastWriteThroughput:0
RealWrittenBytes:0
RealWriteThroughput:0
当前玩家的连接数量:0
当前地图的线程个数：9
当前地图的个数:48
当前数据库执行队列数:0
当前发送队列缓存的对象数量:0
totalMemory：680525824, use ：462755152, free ：217770672DirectMemory：1827143680, 恢复 ：1
当前时间 ：2026-08-21 00:20:59send keng：2418, sheng ：4194304
decode keng：26, sheng ：2097152
world keng：12, sheng ：1048576

2026-08-21 00:21:04.682 INFO [pool-6-thread-10][:] - /****************流量统计******************/
LastReadBytes:0
LastReadThroughput:0
LastWrittenBytes:0
LastWriteThroughput:0
RealWrittenBytes:0
RealWriteThroughput:0
当前玩家的连接数量:0
当前地图的线程个数：9
当前地图的个数:48
当前数据库执行队列数:0
当前发送队列缓存的对象数量:0
totalMemory：680001536, use ：420359000, free ：259642536DirectMemory：1827143680, 恢复 ：1
当前时间 ：2026-08-21 00:21:04send keng：2418, sheng ：4194304
decode keng：26, sheng ：2097152
world keng：12, sheng ：1048576

2026-08-21 00:21:09.682 INFO [pool-6-thread-7][:] - /****************流量统计******************/
LastReadBytes:0
LastReadThroughput:0
LastWrittenBytes:0
LastWriteThroughput:0
RealWrittenBytes:0
RealWriteThroughput:0
当前玩家的连接数量:0
当前地图的线程个数：9
当前地图的个数:48
当前数据库执行队列数:0
当前发送队列缓存的对象数量:0
totalMemory：680001536, use ：423297864, free ：256703672DirectMemory：1827143680, 恢复 ：1
当前时间 ：2026-08-21 00:21:09send keng：2418, sheng ：4194304
decode keng：26, sheng ：2097152
world keng：12, sheng ：1048576

2026-08-21 00:21:14.682 INFO [pool-6-thread-5][:] - /****************流量统计******************/
LastReadBytes:0
LastReadThroughput:0
LastWrittenBytes:0
LastWriteThroughput:0
RealWrittenBytes:0
RealWriteThroughput:0
当前玩家的连接数量:0
当前地图的线程个数：9
当前地图的个数:48
当前数据库执行队列数:0
当前发送队列缓存的对象数量:0
totalMemory：680001536, use ：427133704, free ：252867832DirectMemory：1827143680, 恢复 ：1
当前时间 ：2026-08-21 00:21:14send keng：2418, sheng ：4194304
decode keng：26, sheng ：2097152
world keng：12, sheng ：1048576

2026-08-21 00:21:19.682 INFO [pool-6-thread-7][:] - /****************流量统计******************/
LastReadBytes:0
LastReadThroughput:0
LastWrittenBytes:0
LastWriteThroughput:0
RealWrittenBytes:0
RealWriteThroughput:0
当前玩家的连接数量:0
当前地图的线程个数：9
当前地图的个数:48
当前数据库执行队列数:0
当前发送队列缓存的对象数量:0
totalMemory：680001536, use ：430486088, free ：249515448DirectMemory：1827143680, 恢复 ：1
当前时间 ：2026-08-21 00:21:19send keng：2418, sheng ：4194304
decode keng：26, sheng ：2097152
world keng：12, sheng ：1048576

2026-08-21 00:21:24.682 INFO [pool-6-thread-9][:] - /****************流量统计******************/
LastReadBytes:0
LastReadThroughput:0
LastWrittenBytes:0
LastWriteThroughput:0
RealWrittenBytes:0
RealWriteThroughput:0
当前玩家的连接数量:0
当前地图的线程个数：9
当前地图的个数:48
当前数据库执行队列数:0
当前发送队列缓存的对象数量:0
totalMemory：680001536, use ：434108560, free ：245892976DirectMemory：1827143680, 恢复 ：1
当前时间 ：2026-08-21 00:21:24send keng：2418, sheng ：4194304
decode keng：26, sheng ：2097152
world keng：12, sheng ：1048576

2026-08-21 00:21:29.682 INFO [pool-6-thread-10][:] - /****************流量统计******************/
LastReadBytes:0
LastReadThroughput:0
LastWrittenBytes:0
LastWriteThroughput:0
RealWrittenBytes:0
RealWriteThroughput:0
当前玩家的连接数量:0
当前地图的线程个数：9
当前地图的个数:48
当前数据库执行队列数:0
当前发送队列缓存的对象数量:0
totalMemory：680001536, use ：437470480, free ：242531056DirectMemory：1827143680, 恢复 ：1
当前时间 ：2026-08-21 00:21:29send keng：2418, sheng ：4194304
decode keng：26, sheng ：2097152
world keng：12, sheng ：1048576

2026-08-21 00:21:34.682 INFO [pool-6-thread-9][:] - /****************流量统计******************/
LastReadBytes:0
LastReadThroughput:0
LastWrittenBytes:0
LastWriteThroughput:0
RealWrittenBytes:0
RealWriteThroughput:0
当前玩家的连接数量:0
当前地图的线程个数：9
当前地图的个数:48
当前数据库执行队列数:0
当前发送队列缓存的对象数量:0
totalMemory：680001536, use ：441123552, free ：238877984DirectMemory：1827143680, 恢复 ：1
当前时间 ：2026-08-21 00:21:34send keng：2418, sheng ：4194304
decode keng：26, sheng ：2097152
world keng：12, sheng ：1048576

2026-08-21 00:21:39.682 INFO [pool-6-thread-1][:] - /****************流量统计******************/
LastReadBytes:0
LastReadThroughput:0
LastWrittenBytes:0
LastWriteThroughput:0
RealWrittenBytes:0
RealWriteThroughput:0
当前玩家的连接数量:0
当前地图的线程个数：9
当前地图的个数:48
当前数据库执行队列数:0
当前发送队列缓存的对象数量:0
totalMemory：680001536, use ：444454840, free ：235546696DirectMemory：1827143680, 恢复 ：1
当前时间 ：2026-08-21 00:21:39send keng：2418, sheng ：4194304
decode keng：26, sheng ：2097152
world keng：12, sheng ：1048576

2026-08-21 00:21:44.682 INFO [pool-6-thread-6][:] - /****************流量统计******************/
LastReadBytes:0
LastReadThroughput:0
LastWrittenBytes:0
LastWriteThroughput:0
RealWrittenBytes:0
RealWriteThroughput:0
当前玩家的连接数量:0
当前地图的线程个数：9
当前地图的个数:48
当前数据库执行队列数:0
当前发送队列缓存的对象数量:0
totalMemory：680001536, use ：448099984, free ：231901552DirectMemory：1827143680, 恢复 ：1
当前时间 ：2026-08-21 00:21:44send keng：2418, sheng ：4194304
decode keng：26, sheng ：2097152
world keng：12, sheng ：1048576

2026-08-21 00:21:49.682 INFO [pool-6-thread-6][:] - /****************流量统计******************/
LastReadBytes:0
LastReadThroughput:0
LastWrittenBytes:0
LastWriteThroughput:0
RealWrittenBytes:0
RealWriteThroughput:0
当前玩家的连接数量:0
当前地图的线程个数：9
当前地图的个数:48
当前数据库执行队列数:0
当前发送队列缓存的对象数量:0
totalMemory：680001536, use ：451613408, free ：228388128DirectMemory：1827143680, 恢复 ：1
当前时间 ：2026-08-21 00:21:49send keng：2418, sheng ：4194304
decode keng：26, sheng ：2097152
world keng：12, sheng ：1048576

2026-08-21 00:21:54.682 INFO [pool-6-thread-5][:] - /****************流量统计******************/
LastReadBytes:0
LastReadThroughput:0
LastWrittenBytes:0
LastWriteThroughput:0
RealWrittenBytes:0
RealWriteThroughput:0
当前玩家的连接数量:0
当前地图的线程个数：9
当前地图的个数:48
当前数据库执行队列数:0
当前发送队列缓存的对象数量:0
totalMemory：680001536, use ：454973616, free ：225027920DirectMemory：1827143680, 恢复 ：1
当前时间 ：2026-08-21 00:21:54send keng：2418, sheng ：4194304
decode keng：26, sheng ：2097152
world keng：12, sheng ：1048576

2026-08-21 00:21:59.682 INFO [pool-6-thread-3][:] - /****************流量统计******************/
LastReadBytes:0
LastReadThroughput:0
LastWrittenBytes:0
LastWriteThroughput:0
RealWrittenBytes:0
RealWriteThroughput:0
当前玩家的连接数量:0
当前地图的线程个数：9
当前地图的个数:48
当前数据库执行队列数:0
当前发送队列缓存的对象数量:0
totalMemory：680001536, use ：458537168, free ：221464368DirectMemory：1827143680, 恢复 ：1
当前时间 ：2026-08-21 00:21:59send keng：2418, sheng ：4194304
decode keng：26, sheng ：2097152
world keng：12, sheng ：1048576

2026-08-21 00:22:04.682 INFO [pool-6-thread-10][:] - /****************流量统计******************/
LastReadBytes:0
LastReadThroughput:0
LastWrittenBytes:0
LastWriteThroughput:0
RealWrittenBytes:0
RealWriteThroughput:0
当前玩家的连接数量:0
当前地图的线程个数：9
当前地图的个数:48
当前数据库执行队列数:0
当前发送队列缓存的对象数量:0
totalMemory：680001536, use ：462229592, free ：217771944DirectMemory：1827143680, 恢复 ：1
当前时间 ：2026-08-21 00:22:04send keng：2418, sheng ：4194304
decode keng：26, sheng ：2097152
world keng：12, sheng ：1048576

2026-08-21 00:22:09.682 INFO [pool-6-thread-2][:] - /****************流量统计******************/
LastReadBytes:0
LastReadThroughput:0
LastWrittenBytes:0
LastWriteThroughput:0
RealWrittenBytes:0
RealWriteThroughput:0
当前玩家的连接数量:0
当前地图的线程个数：9
当前地图的个数:48
当前数据库执行队列数:0
当前发送队列缓存的对象数量:0
totalMemory：680001536, use ：465768344, free ：214233192DirectMemory：1827143680, 恢复 ：1
当前时间 ：2026-08-21 00:22:09send keng：2418, sheng ：4194304
decode keng：26, sheng ：2097152
world keng：12, sheng ：1048576

2026-08-21 00:22:14.683 INFO [pool-6-thread-2][:] - /****************流量统计******************/
LastReadBytes:0
LastReadThroughput:0
LastWrittenBytes:0
LastWriteThroughput:0
RealWrittenBytes:0
RealWriteThroughput:0
当前玩家的连接数量:0
当前地图的线程个数：9
当前地图的个数:48
当前数据库执行队列数:0
当前发送队列缓存的对象数量:0
totalMemory：680525824, use ：422884208, free ：257641616DirectMemory：1827143680, 恢复 ：1
当前时间 ：2026-08-21 00:22:14send keng：2418, sheng ：4194304
decode keng：26, sheng ：2097152
world keng：12, sheng ：1048576

2026-08-21 00:22:19.682 INFO [pool-6-thread-10][:] - /****************流量统计******************/
LastReadBytes:0
LastReadThroughput:0
LastWrittenBytes:0
LastWriteThroughput:0
RealWrittenBytes:0
RealWriteThroughput:0
当前玩家的连接数量:0
当前地图的线程个数：9
当前地图的个数:48
当前数据库执行队列数:0
当前发送队列缓存的对象数量:0
totalMemory：680525824, use ：426195440, free ：254330384DirectMemory：1827143680, 恢复 ：1
当前时间 ：2026-08-21 00:22:19send keng：2418, sheng ：4194304
decode keng：26, sheng ：2097152
world keng：12, sheng ：1048576

2026-08-21 00:22:24.682 INFO [pool-6-thread-3][:] - /****************流量统计******************/
LastReadBytes:0
LastReadThroughput:0
LastWrittenBytes:0
LastWriteThroughput:0
RealWrittenBytes:0
RealWriteThroughput:0
当前玩家的连接数量:0
当前地图的线程个数：9
当前地图的个数:48
当前数据库执行队列数:0
当前发送队列缓存的对象数量:0
totalMemory：680525824, use ：429848640, free ：250677184DirectMemory：1827143680, 恢复 ：1
当前时间 ：2026-08-21 00:22:24send keng：2418, sheng ：4194304
decode keng：26, sheng ：2097152
world keng：12, sheng ：1048576

2026-08-21 00:22:29.682 INFO [pool-6-thread-9][:] - /****************流量统计******************/
LastReadBytes:0
LastReadThroughput:0
LastWrittenBytes:0
LastWriteThroughput:0
RealWrittenBytes:0
RealWriteThroughput:0
当前玩家的连接数量:0
当前地图的线程个数：9
当前地图的个数:48
当前数据库执行队列数:0
当前发送队列缓存的对象数量:0
totalMemory：680525824, use ：433171880, free ：247353944DirectMemory：1827143680, 恢复 ：1
当前时间 ：2026-08-21 00:22:29send keng：2418, sheng ：4194304
decode keng：26, sheng ：2097152
world keng：12, sheng ：1048576

2026-08-21 00:22:34.682 INFO [pool-6-thread-7][:] - /****************流量统计******************/
LastReadBytes:0
LastReadThroughput:0
LastWrittenBytes:0
LastWriteThroughput:0
RealWrittenBytes:0
RealWriteThroughput:0
当前玩家的连接数量:0
当前地图的线程个数：9
当前地图的个数:48
当前数据库执行队列数:0
当前发送队列缓存的对象数量:0
totalMemory：680525824, use ：436816128, free ：243709696DirectMemory：1827143680, 恢复 ：1
当前时间 ：2026-08-21 00:22:34send keng：2418, sheng ：4194304
decode keng：26, sheng ：2097152
world keng：12, sheng ：1048576

2026-08-21 00:22:39.682 INFO [pool-6-thread-2][:] - /****************流量统计******************/
LastReadBytes:0
LastReadThroughput:0
LastWrittenBytes:0
LastWriteThroughput:0
RealWrittenBytes:0
RealWriteThroughput:0
当前玩家的连接数量:0
当前地图的线程个数：9
当前地图的个数:48
当前数据库执行队列数:0
当前发送队列缓存的对象数量:0
totalMemory：680525824, use ：440253344, free ：240272480DirectMemory：1827143680, 恢复 ：1
当前时间 ：2026-08-21 00:22:39send keng：2418, sheng ：4194304
decode keng：26, sheng ：2097152
world keng：12, sheng ：1048576

2026-08-21 00:22:44.682 INFO [pool-6-thread-9][:] - /****************流量统计******************/
LastReadBytes:0
LastReadThroughput:0
LastWrittenBytes:0
LastWriteThroughput:0
RealWrittenBytes:0
RealWriteThroughput:0
当前玩家的连接数量:0
当前地图的线程个数：9
当前地图的个数:48
当前数据库执行队列数:0
当前发送队列缓存的对象数量:0
totalMemory：680525824, use ：443854720, free ：236671104DirectMemory：1827143680, 恢复 ：1
当前时间 ：2026-08-21 00:22:44send keng：2418, sheng ：4194304
decode keng：26, sheng ：2097152
world keng：12, sheng ：1048576

2026-08-21 00:22:49.682 INFO [pool-6-thread-6][:] - /****************流量统计******************/
LastReadBytes:0
LastReadThroughput:0
LastWrittenBytes:0
LastWriteThroughput:0
RealWrittenBytes:0
RealWriteThroughput:0
当前玩家的连接数量:0
当前地图的线程个数：9
当前地图的个数:48
当前数据库执行队列数:0
当前发送队列缓存的对象数量:0
totalMemory：680525824, use ：447409080, free ：233116744DirectMemory：1827143680, 恢复 ：1
当前时间 ：2026-08-21 00:22:49send keng：2418, sheng ：4194304
decode keng：26, sheng ：2097152
world keng：12, sheng ：1048576

2026-08-21 00:22:54.682 INFO [pool-6-thread-10][:] - /****************流量统计******************/
LastReadBytes:0
LastReadThroughput:0
LastWrittenBytes:0
LastWriteThroughput:0
RealWrittenBytes:0
RealWriteThroughput:0
当前玩家的连接数量:0
当前地图的线程个数：9
当前地图的个数:48
当前数据库执行队列数:0
当前发送队列缓存的对象数量:0
totalMemory：680525824, use ：450824880, free ：229700944DirectMemory：1827143680, 恢复 ：1
当前时间 ：2026-08-21 00:22:54send keng：2418, sheng ：4194304
decode keng：26, sheng ：2097152
world keng：12, sheng ：1048576

2026-08-21 00:22:59.682 INFO [pool-6-thread-5][:] - /****************流量统计******************/
LastReadBytes:0
LastReadThroughput:0
LastWrittenBytes:0
LastWriteThroughput:0
RealWrittenBytes:0
RealWriteThroughput:0
当前玩家的连接数量:0
当前地图的线程个数：9
当前地图的个数:48
当前数据库执行队列数:0
当前发送队列缓存的对象数量:0
totalMemory：680525824, use ：454366272, free ：226159552DirectMemory：1827143680, 恢复 ：1
当前时间 ：2026-08-21 00:22:59send keng：2418, sheng ：4194304
decode keng：26, sheng ：2097152
world keng：12, sheng ：1048576

2026-08-21 00:23:04.682 INFO [pool-6-thread-9][:] - /****************流量统计******************/
LastReadBytes:0
LastReadThroughput:0
LastWrittenBytes:0
LastWriteThroughput:0
RealWrittenBytes:0
RealWriteThroughput:0
当前玩家的连接数量:0
当前地图的线程个数：9
当前地图的个数:48
当前数据库执行队列数:0
当前发送队列缓存的对象数量:0
totalMemory：680525824, use ：458056176, free ：222469648DirectMemory：1827143680, 恢复 ：1
当前时间 ：2026-08-21 00:23:04send keng：2418, sheng ：4194304
decode keng：26, sheng ：2097152
world keng：12, sheng ：1048576

2026-08-21 00:23:09.682 INFO [pool-6-thread-1][:] - /****************流量统计******************/
LastReadBytes:0
LastReadThroughput:0
LastWrittenBytes:0
LastWriteThroughput:0
RealWrittenBytes:0
RealWriteThroughput:0
当前玩家的连接数量:0
当前地图的线程个数：9
当前地图的个数:48
当前数据库执行队列数:0
当前发送队列缓存的对象数量:0
totalMemory：680525824, use ：461604000, free ：218921824DirectMemory：1827143680, 恢复 ：1
当前时间 ：2026-08-21 00:23:09send keng：2418, sheng ：4194304
decode keng：26, sheng ：2097152
world keng：12, sheng ：1048576

2026-08-21 00:23:14.682 INFO [pool-6-thread-3][:] - /****************流量统计******************/
LastReadBytes:0
LastReadThroughput:0
LastWrittenBytes:0
LastWriteThroughput:0
RealWrittenBytes:0
RealWriteThroughput:0
当前玩家的连接数量:0
当前地图的线程个数：9
当前地图的个数:48
当前数据库执行队列数:0
当前发送队列缓存的对象数量:0
totalMemory：680525824, use ：465222736, free ：215303088DirectMemory：1827143680, 恢复 ：1
当前时间 ：2026-08-21 00:23:14send keng：2418, sheng ：4194304
decode keng：26, sheng ：2097152
world keng：12, sheng ：1048576

2026-08-21 00:23:19.682 INFO [pool-6-thread-3][:] - /****************流量统计******************/
LastReadBytes:0
LastReadThroughput:0
LastWrittenBytes:0
LastWriteThroughput:0
RealWrittenBytes:0
RealWriteThroughput:0
当前玩家的连接数量:0
当前地图的线程个数：9
当前地图的个数:48
当前数据库执行队列数:0
当前发送队列缓存的对象数量:0
totalMemory：680001536, use ：422102096, free ：257899440DirectMemory：1827143680, 恢复 ：1
当前时间 ：2026-08-21 00:23:19send keng：2418, sheng ：4194304
decode keng：26, sheng ：2097152
world keng：12, sheng ：1048576

2026-08-21 00:23:24.682 INFO [pool-6-thread-5][:] - /****************流量统计******************/
LastReadBytes:0
LastReadThroughput:0
LastWrittenBytes:0
LastWriteThroughput:0
RealWrittenBytes:0
RealWriteThroughput:0
当前玩家的连接数量:0
当前地图的线程个数：9
当前地图的个数:48
当前数据库执行队列数:0
当前发送队列缓存的对象数量:0
totalMemory：680001536, use ：425658144, free ：254343392DirectMemory：1827143680, 恢复 ：1
当前时间 ：2026-08-21 00:23:24send keng：2418, sheng ：4194304
decode keng：26, sheng ：2097152
world keng：12, sheng ：1048576

2026-08-21 00:23:29.682 INFO [pool-6-thread-3][:] - /****************流量统计******************/
LastReadBytes:0
LastReadThroughput:0
LastWrittenBytes:0
LastWriteThroughput:0
RealWrittenBytes:0
RealWriteThroughput:0
当前玩家的连接数量:0
当前地图的线程个数：9
当前地图的个数:48
当前数据库执行队列数:0
当前发送队列缓存的对象数量:0
totalMemory：680001536, use ：429318192, free ：250683344DirectMemory：1827143680, 恢复 ：1
当前时间 ：2026-08-21 00:23:29send keng：2418, sheng ：4194304
decode keng：26, sheng ：2097152
world keng：12, sheng ：1048576

2026-08-21 00:23:34.682 INFO [pool-6-thread-4][:] - /****************流量统计******************/
LastReadBytes:0
LastReadThroughput:0
LastWrittenBytes:0
LastWriteThroughput:0
RealWrittenBytes:0
RealWriteThroughput:0
当前玩家的连接数量:0
当前地图的线程个数：9
当前地图的个数:48
当前数据库执行队列数:0
当前发送队列缓存的对象数量:0
totalMemory：680001536, use ：432498368, free ：247503168DirectMemory：1827143680, 恢复 ：1
当前时间 ：2026-08-21 00:23:34send keng：2418, sheng ：4194304
decode keng：26, sheng ：2097152
world keng：12, sheng ：1048576

2026-08-21 00:23:39.682 INFO [pool-6-thread-7][:] - /****************流量统计******************/
LastReadBytes:0
LastReadThroughput:0
LastWrittenBytes:0
LastWriteThroughput:0
RealWrittenBytes:0
RealWriteThroughput:0
当前玩家的连接数量:0
当前地图的线程个数：9
当前地图的个数:48
当前数据库执行队列数:0
当前发送队列缓存的对象数量:0
totalMemory：680001536, use ：436275400, free ：243726136DirectMemory：1827143680, 恢复 ：1
当前时间 ：2026-08-21 00:23:39send keng：2418, sheng ：4194304
decode keng：26, sheng ：2097152
world keng：12, sheng ：1048576

2026-08-21 00:23:44.683 INFO [pool-6-thread-8][:] - /****************流量统计******************/
LastReadBytes:0
LastReadThroughput:0
LastWrittenBytes:0
LastWriteThroughput:0
RealWrittenBytes:0
RealWriteThroughput:0
当前玩家的连接数量:0
当前地图的线程个数：9
当前地图的个数:48
当前数据库执行队列数:0
当前发送队列缓存的对象数量:0
totalMemory：680001536, use ：439696704, free ：240304832DirectMemory：1827143680, 恢复 ：1
当前时间 ：2026-08-21 00:23:44send keng：2418, sheng ：4194304
decode keng：26, sheng ：2097152
world keng：12, sheng ：1048576

2026-08-21 00:23:49.682 INFO [pool-6-thread-6][:] - /****************流量统计******************/
LastReadBytes:0
LastReadThroughput:0
LastWrittenBytes:0
LastWriteThroughput:0
RealWrittenBytes:0
RealWriteThroughput:0
当前玩家的连接数量:0
当前地图的线程个数：9
当前地图的个数:48
当前数据库执行队列数:0
当前发送队列缓存的对象数量:0
totalMemory：680001536, use ：443311272, free ：236690264DirectMemory：1827143680, 恢复 ：1
当前时间 ：2026-08-21 00:23:49send keng：2418, sheng ：4194304
decode keng：26, sheng ：2097152
world keng：12, sheng ：1048576

2026-08-21 00:23:54.682 INFO [pool-6-thread-4][:] - /****************流量统计******************/
LastReadBytes:0
LastReadThroughput:0
LastWrittenBytes:0
LastWriteThroughput:0
RealWrittenBytes:0
RealWriteThroughput:0
当前玩家的连接数量:0
当前地图的线程个数：9
当前地图的个数:48
当前数据库执行队列数:0
当前发送队列缓存的对象数量:0
totalMemory：680001536, use ：446753920, free ：233247616DirectMemory：1827143680, 恢复 ：1
当前时间 ：2026-08-21 00:23:54send keng：2418, sheng ：4194304
decode keng：26, sheng ：2097152
world keng：12, sheng ：1048576

2026-08-21 00:23:59.682 INFO [pool-6-thread-2][:] - /****************流量统计******************/
LastReadBytes:0
LastReadThroughput:0
LastWrittenBytes:0
LastWriteThroughput:0
RealWrittenBytes:0
RealWriteThroughput:0
当前玩家的连接数量:0
当前地图的线程个数：9
当前地图的个数:48
当前数据库执行队列数:0
当前发送队列缓存的对象数量:0
totalMemory：680001536, use ：450293064, free ：229708472DirectMemory：1827143680, 恢复 ：1
当前时间 ：2026-08-21 00:23:59send keng：2418, sheng ：4194304
decode keng：26, sheng ：2097152
world keng：12, sheng ：1048576

2026-08-21 00:24:04.682 INFO [pool-6-thread-2][:] - /****************流量统计******************/
LastReadBytes:0
LastReadThroughput:0
LastWrittenBytes:0
LastWriteThroughput:0
RealWrittenBytes:0
RealWriteThroughput:0
当前玩家的连接数量:0
当前地图的线程个数：9
当前地图的个数:48
当前数据库执行队列数:0
当前发送队列缓存的对象数量:0
totalMemory：680001536, use ：453802896, free ：226198640DirectMemory：1827143680, 恢复 ：1
当前时间 ：2026-08-21 00:24:04send keng：2418, sheng ：4194304
decode keng：26, sheng ：2097152
world keng：12, sheng ：1048576

2026-08-21 00:24:09.682 INFO [pool-6-thread-2][:] - /****************流量统计******************/
LastReadBytes:0
LastReadThroughput:0
LastWrittenBytes:0
LastWriteThroughput:0
RealWrittenBytes:0
RealWriteThroughput:0
当前玩家的连接数量:0
当前地图的线程个数：9
当前地图的个数:48
当前数据库执行队列数:0
当前发送队列缓存的对象数量:0
totalMemory：680001536, use ：457388760, free ：222612776DirectMemory：1827143680, 恢复 ：1
当前时间 ：2026-08-21 00:24:09send keng：2418, sheng ：4194304
decode keng：26, sheng ：2097152
world keng：12, sheng ：1048576

2026-08-21 00:24:14.686 INFO [pool-6-thread-9][:] - /****************流量统计******************/
LastReadBytes:0
LastReadThroughput:0
LastWrittenBytes:0
LastWriteThroughput:0
RealWrittenBytes:0
RealWriteThroughput:0
当前玩家的连接数量:0
当前地图的线程个数：9
当前地图的个数:48
当前数据库执行队列数:0
当前发送队列缓存的对象数量:0
totalMemory：680001536, use ：461132752, free ：218868784DirectMemory：1827143680, 恢复 ：1
当前时间 ：2026-08-21 00:24:14send keng：2418, sheng ：4194304
decode keng：26, sheng ：2097152
world keng：12, sheng ：1048576

2026-08-21 00:24:19.683 INFO [pool-6-thread-10][:] - /****************流量统计******************/
LastReadBytes:0
LastReadThroughput:0
LastWrittenBytes:0
LastWriteThroughput:0
RealWrittenBytes:0
RealWriteThroughput:0
当前玩家的连接数量:0
当前地图的线程个数：9
当前地图的个数:48
当前数据库执行队列数:0
当前发送队列缓存的对象数量:0
totalMemory：680001536, use ：464658448, free ：215343088DirectMemory：1827143680, 恢复 ：1
当前时间 ：2026-08-21 00:24:19send keng：2418, sheng ：4194304
decode keng：26, sheng ：2097152
world keng：12, sheng ：1048576

2026-08-21 00:24:24.683 INFO [pool-6-thread-6][:] - /****************流量统计******************/
LastReadBytes:0
LastReadThroughput:0
LastWrittenBytes:0
LastWriteThroughput:0
RealWrittenBytes:0
RealWriteThroughput:0
当前玩家的连接数量:0
当前地图的线程个数：9
当前地图的个数:48
当前数据库执行队列数:0
当前发送队列缓存的对象数量:0
totalMemory：680525824, use ：421397856, free ：259127968DirectMemory：1827143680, 恢复 ：1
当前时间 ：2026-08-21 00:24:24send keng：2418, sheng ：4194304
decode keng：26, sheng ：2097152
world keng：12, sheng ：1048576

2026-08-21 00:24:29.682 INFO [pool-6-thread-2][:] - /****************流量统计******************/
LastReadBytes:0
LastReadThroughput:0
LastWrittenBytes:0
LastWriteThroughput:0
RealWrittenBytes:0
RealWriteThroughput:0
当前玩家的连接数量:0
当前地图的线程个数：9
当前地图的个数:48
当前数据库执行队列数:0
当前发送队列缓存的对象数量:0
totalMemory：680525824, use ：425096832, free ：255428992DirectMemory：1827143680, 恢复 ：1
当前时间 ：2026-08-21 00:24:29send keng：2418, sheng ：4194304
decode keng：26, sheng ：2097152
world keng：12, sheng ：1048576

2026-08-21 00:24:34.686 INFO [pool-6-thread-1][:] - /****************流量统计******************/
LastReadBytes:0
LastReadThroughput:0
LastWrittenBytes:0
LastWriteThroughput:0
RealWrittenBytes:0
RealWriteThroughput:0
当前玩家的连接数量:0
当前地图的线程个数：9
当前地图的个数:48
当前数据库执行队列数:0
当前发送队列缓存的对象数量:0
totalMemory：680525824, use ：428445064, free ：252080760DirectMemory：1827143680, 恢复 ：1
当前时间 ：2026-08-21 00:24:34send keng：2418, sheng ：4194304
decode keng：26, sheng ：2097152
world keng：12, sheng ：1048576

2026-08-21 00:24:39.682 INFO [pool-6-thread-6][:] - /****************流量统计******************/
LastReadBytes:0
LastReadThroughput:0
LastWrittenBytes:0
LastWriteThroughput:0
RealWrittenBytes:0
RealWriteThroughput:0
当前玩家的连接数量:0
当前地图的线程个数：9
当前地图的个数:48
当前数据库执行队列数:0
当前发送队列缓存的对象数量:0
totalMemory：680525824, use ：432015984, free ：248509840DirectMemory：1827143680, 恢复 ：1
当前时间 ：2026-08-21 00:24:39send keng：2418, sheng ：4194304
decode keng：26, sheng ：2097152
world keng：12, sheng ：1048576

2026-08-21 00:24:44.682 INFO [pool-6-thread-6][:] - /****************流量统计******************/
LastReadBytes:0
LastReadThroughput:0
LastWrittenBytes:0
LastWriteThroughput:0
RealWrittenBytes:0
RealWriteThroughput:0
当前玩家的连接数量:0
当前地图的线程个数：9
当前地图的个数:48
当前数据库执行队列数:0
当前发送队列缓存的对象数量:0
totalMemory：680525824, use ：435386392, free ：245139432DirectMemory：1827143680, 恢复 ：1
当前时间 ：2026-08-21 00:24:44send keng：2418, sheng ：4194304
decode keng：26, sheng ：2097152
world keng：12, sheng ：1048576

2026-08-21 00:24:49.682 INFO [pool-6-thread-6][:] - /****************流量统计******************/
LastReadBytes:0
LastReadThroughput:0
LastWrittenBytes:0
LastWriteThroughput:0
RealWrittenBytes:0
RealWriteThroughput:0
当前玩家的连接数量:0
当前地图的线程个数：9
当前地图的个数:48
当前数据库执行队列数:0
当前发送队列缓存的对象数量:0
totalMemory：680525824, use ：438916264, free ：241609560DirectMemory：1827143680, 恢复 ：1
当前时间 ：2026-08-21 00:24:49send keng：2418, sheng ：4194304
decode keng：26, sheng ：2097152
world keng：12, sheng ：1048576

2026-08-21 00:24:54.682 INFO [pool-6-thread-4][:] - /****************流量统计******************/
LastReadBytes:0
LastReadThroughput:0
LastWrittenBytes:0
LastWriteThroughput:0
RealWrittenBytes:0
RealWriteThroughput:0
当前玩家的连接数量:0
当前地图的线程个数：9
当前地图的个数:48
当前数据库执行队列数:0
当前发送队列缓存的对象数量:0
totalMemory：680525824, use ：442500544, free ：238025280DirectMemory：1827143680, 恢复 ：1
当前时间 ：2026-08-21 00:24:54send keng：2418, sheng ：4194304
decode keng：26, sheng ：2097152
world keng：12, sheng ：1048576

2026-08-21 00:24:59.682 INFO [pool-6-thread-1][:] - /****************流量统计******************/
LastReadBytes:0
LastReadThroughput:0
LastWrittenBytes:0
LastWriteThroughput:0
RealWrittenBytes:0
RealWriteThroughput:0
当前玩家的连接数量:0
当前地图的线程个数：9
当前地图的个数:48
当前数据库执行队列数:0
当前发送队列缓存的对象数量:0
totalMemory：680525824, use ：446074560, free ：234451264DirectMemory：1827143680, 恢复 ：1
当前时间 ：2026-08-21 00:24:59send keng：2418, sheng ：4194304
decode keng：26, sheng ：2097152
world keng：12, sheng ：1048576

2026-08-21 00:25:04.682 INFO [pool-6-thread-4][:] - /****************流量统计******************/
LastReadBytes:0
LastReadThroughput:0
LastWrittenBytes:0
LastWriteThroughput:0
RealWrittenBytes:0
RealWriteThroughput:0
当前玩家的连接数量:0
当前地图的线程个数：9
当前地图的个数:48
当前数据库执行队列数:0
当前发送队列缓存的对象数量:0
totalMemory：680525824, use ：449807496, free ：230718328DirectMemory：1827143680, 恢复 ：1
当前时间 ：2026-08-21 00:25:04send keng：2418, sheng ：4194304
decode keng：26, sheng ：2097152
world keng：12, sheng ：1048576

2026-08-21 00:25:09.682 INFO [pool-6-thread-6][:] - /****************流量统计******************/
LastReadBytes:0
LastReadThroughput:0
LastWrittenBytes:0
LastWriteThroughput:0
RealWrittenBytes:0
RealWriteThroughput:0
当前玩家的连接数量:0
当前地图的线程个数：9
当前地图的个数:48
当前数据库执行队列数:0
当前发送队列缓存的对象数量:0
totalMemory：680525824, use ：452862040, free ：227663784DirectMemory：1827143680, 恢复 ：1
当前时间 ：2026-08-21 00:25:09send keng：2418, sheng ：4194304
decode keng：26, sheng ：2097152
world keng：12, sheng ：1048576

2026-08-21 00:25:14.682 INFO [pool-6-thread-10][:] - /****************流量统计******************/
LastReadBytes:0
LastReadThroughput:0
LastWrittenBytes:0
LastWriteThroughput:0
RealWrittenBytes:0
RealWriteThroughput:0
当前玩家的连接数量:0
当前地图的线程个数：9
当前地图的个数:48
当前数据库执行队列数:0
当前发送队列缓存的对象数量:0
totalMemory：680525824, use ：456646864, free ：223878960DirectMemory：1827143680, 恢复 ：1
当前时间 ：2026-08-21 00:25:14send keng：2418, sheng ：4194304
decode keng：26, sheng ：2097152
world keng：12, sheng ：1048576

2026-08-21 00:25:19.682 INFO [pool-6-thread-8][:] - /****************流量统计******************/
LastReadBytes:0
LastReadThroughput:0
LastWrittenBytes:0
LastWriteThroughput:0
RealWrittenBytes:0
RealWriteThroughput:0
当前玩家的连接数量:0
当前地图的线程个数：9
当前地图的个数:48
当前数据库执行队列数:0
当前发送队列缓存的对象数量:0
totalMemory：680525824, use ：460049400, free ：220476424DirectMemory：1827143680, 恢复 ：1
当前时间 ：2026-08-21 00:25:19send keng：2418, sheng ：4194304
decode keng：26, sheng ：2097152
world keng：12, sheng ：1048576

2026-08-21 00:25:24.682 INFO [pool-6-thread-2][:] - /****************流量统计******************/
LastReadBytes:0
LastReadThroughput:0
LastWrittenBytes:0
LastWriteThroughput:0
RealWrittenBytes:0
RealWriteThroughput:0
当前玩家的连接数量:0
当前地图的线程个数：9
当前地图的个数:48
当前数据库执行队列数:0
当前发送队列缓存的对象数量:0
totalMemory：680525824, use ：463776280, free ：216749544DirectMemory：1827143680, 恢复 ：1
当前时间 ：2026-08-21 00:25:24send keng：2418, sheng ：4194304
decode keng：26, sheng ：2097152
world keng：12, sheng ：1048576

2026-08-21 00:25:29.682 INFO [pool-6-thread-2][:] - /****************流量统计******************/
LastReadBytes:0
LastReadThroughput:0
LastWrittenBytes:0
LastWriteThroughput:0
RealWrittenBytes:0
RealWriteThroughput:0
当前玩家的连接数量:0
当前地图的线程个数：9
当前地图的个数:48
当前数据库执行队列数:0
当前发送队列缓存的对象数量:0
totalMemory：680001536, use ：420659760, free ：259341776DirectMemory：1827143680, 恢复 ：1
当前时间 ：2026-08-21 00:25:29send keng：2418, sheng ：4194304
decode keng：26, sheng ：2097152
world keng：12, sheng ：1048576

2026-08-21 00:25:34.682 INFO [pool-6-thread-1][:] - /****************流量统计******************/
LastReadBytes:0
LastReadThroughput:0
LastWrittenBytes:0
LastWriteThroughput:0
RealWrittenBytes:0
RealWriteThroughput:0
当前玩家的连接数量:0
当前地图的线程个数：9
当前地图的个数:48
当前数据库执行队列数:0
当前发送队列缓存的对象数量:0
totalMemory：680001536, use ：423963120, free ：256038416DirectMemory：1827143680, 恢复 ：1
当前时间 ：2026-08-21 00:25:34send keng：2418, sheng ：4194304
decode keng：26, sheng ：2097152
world keng：12, sheng ：1048576

2026-08-21 00:25:39.682 INFO [pool-6-thread-6][:] - /****************流量统计******************/
LastReadBytes:0
LastReadThroughput:0
LastWrittenBytes:0
LastWriteThroughput:0
RealWrittenBytes:0
RealWriteThroughput:0
当前玩家的连接数量:0
当前地图的线程个数：9
当前地图的个数:48
当前数据库执行队列数:0
当前发送队列缓存的对象数量:0
totalMemory：680001536, use ：427573848, free ：252427688DirectMemory：1827143680, 恢复 ：1
当前时间 ：2026-08-21 00:25:39send keng：2418, sheng ：4194304
decode keng：26, sheng ：2097152
world keng：12, sheng ：1048576

2026-08-21 00:25:44.682 INFO [pool-6-thread-10][:] - /****************流量统计******************/
LastReadBytes:0
LastReadThroughput:0
LastWrittenBytes:0
LastWriteThroughput:0
RealWrittenBytes:0
RealWriteThroughput:0
当前玩家的连接数量:0
当前地图的线程个数：9
当前地图的个数:48
当前数据库执行队列数:0
当前发送队列缓存的对象数量:0
totalMemory：680001536, use ：431260712, free ：248740824DirectMemory：1827143680, 恢复 ：1
当前时间 ：2026-08-21 00:25:44send keng：2418, sheng ：4194304
decode keng：26, sheng ：2097152
world keng：12, sheng ：1048576

2026-08-21 00:25:49.682 INFO [pool-6-thread-7][:] - /****************流量统计******************/
LastReadBytes:0
LastReadThroughput:0
LastWrittenBytes:0
LastWriteThroughput:0
RealWrittenBytes:0
RealWriteThroughput:0
当前玩家的连接数量:0
当前地图的线程个数：9
当前地图的个数:48
当前数据库执行队列数:0
当前发送队列缓存的对象数量:0
totalMemory：680001536, use ：434671896, free ：245329640DirectMemory：1827143680, 恢复 ：1
当前时间 ：2026-08-21 00:25:49send keng：2418, sheng ：4194304
decode keng：26, sheng ：2097152
world keng：12, sheng ：1048576

2026-08-21 00:25:54.682 INFO [pool-6-thread-2][:] - /****************流量统计******************/
LastReadBytes:0
LastReadThroughput:0
LastWrittenBytes:0
LastWriteThroughput:0
RealWrittenBytes:0
RealWriteThroughput:0
当前玩家的连接数量:0
当前地图的线程个数：9
当前地图的个数:48
当前数据库执行队列数:0
当前发送队列缓存的对象数量:0
totalMemory：680001536, use ：438211608, free ：241789928DirectMemory：1827143680, 恢复 ：1
当前时间 ：2026-08-21 00:25:54send keng：2418, sheng ：4194304
decode keng：26, sheng ：2097152
world keng：12, sheng ：1048576

2026-08-21 00:25:59.682 INFO [pool-6-thread-6][:] - /****************流量统计******************/
LastReadBytes:0
LastReadThroughput:0
LastWrittenBytes:0
LastWriteThroughput:0
RealWrittenBytes:0
RealWriteThroughput:0
当前玩家的连接数量:0
当前地图的线程个数：9
当前地图的个数:48
当前数据库执行队列数:0
当前发送队列缓存的对象数量:0
totalMemory：680001536, use ：441705568, free ：238295968DirectMemory：1827143680, 恢复 ：1
当前时间 ：2026-08-21 00:25:59send keng：2418, sheng ：4194304
decode keng：26, sheng ：2097152
world keng：12, sheng ：1048576

2026-08-21 00:26:04.682 INFO [pool-6-thread-7][:] - /****************流量统计******************/
LastReadBytes:0
LastReadThroughput:0
LastWrittenBytes:0
LastWriteThroughput:0
RealWrittenBytes:0
RealWriteThroughput:0
当前玩家的连接数量:0
当前地图的线程个数：9
当前地图的个数:48
当前数据库执行队列数:0
当前发送队列缓存的对象数量:0
totalMemory：680001536, use ：445578376, free ：234423160DirectMemory：1827143680, 恢复 ：1
当前时间 ：2026-08-21 00:26:04send keng：2418, sheng ：4194304
decode keng：26, sheng ：2097152
world keng：12, sheng ：1048576

2026-08-21 00:26:09.682 INFO [pool-6-thread-8][:] - /****************流量统计******************/
LastReadBytes:0
LastReadThroughput:0
LastWrittenBytes:0
LastWriteThroughput:0
RealWrittenBytes:0
RealWriteThroughput:0
当前玩家的连接数量:0
当前地图的线程个数：9
当前地图的个数:48
当前数据库执行队列数:0
当前发送队列缓存的对象数量:0
totalMemory：680001536, use ：448918920, free ：231082616DirectMemory：1827143680, 恢复 ：1
当前时间 ：2026-08-21 00:26:09send keng：2418, sheng ：4194304
decode keng：26, sheng ：2097152
world keng：12, sheng ：1048576

2026-08-21 00:26:14.682 INFO [pool-6-thread-5][:] - /****************流量统计******************/
LastReadBytes:0
LastReadThroughput:0
LastWrittenBytes:0
LastWriteThroughput:0
RealWrittenBytes:0
RealWriteThroughput:0
当前玩家的连接数量:0
当前地图的线程个数：9
当前地图的个数:48
当前数据库执行队列数:0
当前发送队列缓存的对象数量:0
totalMemory：680001536, use ：452635824, free ：227365712DirectMemory：1827143680, 恢复 ：1
当前时间 ：2026-08-21 00:26:14send keng：2418, sheng ：4194304
decode keng：26, sheng ：2097152
world keng：12, sheng ：1048576

2026-08-21 00:26:19.682 INFO [pool-6-thread-8][:] - /****************流量统计******************/
LastReadBytes:0
LastReadThroughput:0
LastWrittenBytes:0
LastWriteThroughput:0
RealWrittenBytes:0
RealWriteThroughput:0
当前玩家的连接数量:0
当前地图的线程个数：9
当前地图的个数:48
当前数据库执行队列数:0
当前发送队列缓存的对象数量:0
totalMemory：680001536, use ：455949296, free ：224052240DirectMemory：1827143680, 恢复 ：1
当前时间 ：2026-08-21 00:26:19send keng：2418, sheng ：4194304
decode keng：26, sheng ：2097152
world keng：12, sheng ：1048576

2026-08-21 00:26:24.682 INFO [pool-6-thread-6][:] - /****************流量统计******************/
LastReadBytes:0
LastReadThroughput:0
LastWrittenBytes:0
LastWriteThroughput:0
RealWrittenBytes:0
RealWriteThroughput:0
当前玩家的连接数量:0
当前地图的线程个数：9
当前地图的个数:48
当前数据库执行队列数:0
当前发送队列缓存的对象数量:0
totalMemory：680001536, use ：459685560, free ：220315976DirectMemory：1827143680, 恢复 ：1
当前时间 ：2026-08-21 00:26:24send keng：2418, sheng ：4194304
decode keng：26, sheng ：2097152
world keng：12, sheng ：1048576

2026-08-21 00:26:29.682 INFO [pool-6-thread-7][:] - /****************流量统计******************/
LastReadBytes:0
LastReadThroughput:0
LastWrittenBytes:0
LastWriteThroughput:0
RealWrittenBytes:0
RealWriteThroughput:0
当前玩家的连接数量:0
当前地图的线程个数：9
当前地图的个数:48
当前数据库执行队列数:0
当前发送队列缓存的对象数量:0
totalMemory：680001536, use ：463086680, free ：216914856DirectMemory：1827143680, 恢复 ：1
当前时间 ：2026-08-21 00:26:29send keng：2418, sheng ：4194304
decode keng：26, sheng ：2097152
world keng：12, sheng ：1048576

2026-08-21 00:26:34.682 INFO [pool-6-thread-6][:] - /****************流量统计******************/
LastReadBytes:0
LastReadThroughput:0
LastWrittenBytes:0
LastWriteThroughput:0
RealWrittenBytes:0
RealWriteThroughput:0
当前玩家的连接数量:0
当前地图的线程个数：9
当前地图的个数:48
当前数据库执行队列数:0
当前发送队列缓存的对象数量:0
totalMemory：680525824, use ：420274408, free ：260251416DirectMemory：1827143680, 恢复 ：1
当前时间 ：2026-08-21 00:26:34send keng：2418, sheng ：4194304
decode keng：26, sheng ：2097152
world keng：12, sheng ：1048576

2026-08-21 00:26:39.682 INFO [pool-6-thread-5][:] - /****************流量统计******************/
LastReadBytes:0
LastReadThroughput:0
LastWrittenBytes:0
LastWriteThroughput:0
RealWrittenBytes:0
RealWriteThroughput:0
当前玩家的连接数量:0
当前地图的线程个数：9
当前地图的个数:48
当前数据库执行队列数:0
当前发送队列缓存的对象数量:0
totalMemory：680525824, use ：423340352, free ：257185472DirectMemory：1827143680, 恢复 ：1
当前时间 ：2026-08-21 00:26:39send keng：2418, sheng ：4194304
decode keng：26, sheng ：2097152
world keng：12, sheng ：1048576

2026-08-21 00:26:44.682 INFO [pool-6-thread-2][:] - /****************流量统计******************/
LastReadBytes:0
LastReadThroughput:0
LastWrittenBytes:0
LastWriteThroughput:0
RealWrittenBytes:0
RealWriteThroughput:0
当前玩家的连接数量:0
当前地图的线程个数：9
当前地图的个数:48
当前数据库执行队列数:0
当前发送队列缓存的对象数量:0
totalMemory：680525824, use ：427025512, free ：253500312DirectMemory：1827143680, 恢复 ：1
当前时间 ：2026-08-21 00:26:44send keng：2418, sheng ：4194304
decode keng：26, sheng ：2097152
world keng：12, sheng ：1048576

2026-08-21 00:26:49.682 INFO [pool-6-thread-7][:] - /****************流量统计******************/
LastReadBytes:0
LastReadThroughput:0
LastWrittenBytes:0
LastWriteThroughput:0
RealWrittenBytes:0
RealWriteThroughput:0
当前玩家的连接数量:0
当前地图的线程个数：9
当前地图的个数:48
当前数据库执行队列数:0
当前发送队列缓存的对象数量:0
totalMemory：680525824, use ：430478280, free ：250047544DirectMemory：1827143680, 恢复 ：1
当前时间 ：2026-08-21 00:26:49send keng：2418, sheng ：4194304
decode keng：26, sheng ：2097152
world keng：12, sheng ：1048576

2026-08-21 00:26:54.682 INFO [pool-6-thread-10][:] - /****************流量统计******************/
LastReadBytes:0
LastReadThroughput:0
LastWrittenBytes:0
LastWriteThroughput:0
RealWrittenBytes:0
RealWriteThroughput:0
当前玩家的连接数量:0
当前地图的线程个数：9
当前地图的个数:48
当前数据库执行队列数:0
当前发送队列缓存的对象数量:0
totalMemory：680525824, use ：434136768, free ：246389056DirectMemory：1827143680, 恢复 ：1
当前时间 ：2026-08-21 00:26:54send keng：2418, sheng ：4194304
decode keng：26, sheng ：2097152
world keng：12, sheng ：1048576

2026-08-21 00:26:59.682 INFO [pool-6-thread-2][:] - /****************流量统计******************/
LastReadBytes:0
LastReadThroughput:0
LastWrittenBytes:0
LastWriteThroughput:0
RealWrittenBytes:0
RealWriteThroughput:0
当前玩家的连接数量:0
当前地图的线程个数：9
当前地图的个数:48
当前数据库执行队列数:0
当前发送队列缓存的对象数量:0
totalMemory：680525824, use ：437531688, free ：242994136DirectMemory：1827143680, 恢复 ：1
当前时间 ：2026-08-21 00:26:59send keng：2418, sheng ：4194304
decode keng：26, sheng ：2097152
world keng：12, sheng ：1048576

2026-08-21 00:27:04.682 INFO [pool-6-thread-9][:] - /****************流量统计******************/
LastReadBytes:0
LastReadThroughput:0
LastWrittenBytes:0
LastWriteThroughput:0
RealWrittenBytes:0
RealWriteThroughput:0
当前玩家的连接数量:0
当前地图的线程个数：9
当前地图的个数:48
当前数据库执行队列数:0
当前发送队列缓存的对象数量:0
totalMemory：680525824, use ：441208104, free ：239317720DirectMemory：1827143680, 恢复 ：1
当前时间 ：2026-08-21 00:27:04send keng：2418, sheng ：4194304
decode keng：26, sheng ：2097152
world keng：12, sheng ：1048576

2026-08-21 00:27:09.682 INFO [pool-6-thread-4][:] - /****************流量统计******************/
LastReadBytes:0
LastReadThroughput:0
LastWrittenBytes:0
LastWriteThroughput:0
RealWrittenBytes:0
RealWriteThroughput:0
当前玩家的连接数量:0
当前地图的线程个数：9
当前地图的个数:48
当前数据库执行队列数:0
当前发送队列缓存的对象数量:0
totalMemory：680525824, use ：444552504, free ：235973320DirectMemory：1827143680, 恢复 ：1
当前时间 ：2026-08-21 00:27:09send keng：2418, sheng ：4194304
decode keng：26, sheng ：2097152
world keng：12, sheng ：1048576

2026-08-21 00:27:14.682 INFO [pool-6-thread-8][:] - /****************流量统计******************/
LastReadBytes:0
LastReadThroughput:0
LastWrittenBytes:0
LastWriteThroughput:0
RealWrittenBytes:0
RealWriteThroughput:0
当前玩家的连接数量:0
当前地图的线程个数：9
当前地图的个数:48
当前数据库执行队列数:0
当前发送队列缓存的对象数量:0
totalMemory：680525824, use ：448293888, free ：232231936DirectMemory：1827143680, 恢复 ：1
当前时间 ：2026-08-21 00:27:14send keng：2418, sheng ：4194304
decode keng：26, sheng ：2097152
world keng：12, sheng ：1048576

2026-08-21 00:27:19.682 INFO [pool-6-thread-4][:] - /****************流量统计******************/
LastReadBytes:0
LastReadThroughput:0
LastWrittenBytes:0
LastWriteThroughput:0
RealWrittenBytes:0
RealWriteThroughput:0
当前玩家的连接数量:0
当前地图的线程个数：9
当前地图的个数:48
当前数据库执行队列数:0
当前发送队列缓存的对象数量:0
totalMemory：680525824, use ：451911872, free ：228613952DirectMemory：1827143680, 恢复 ：1
当前时间 ：2026-08-21 00:27:19send keng：2418, sheng ：4194304
decode keng：26, sheng ：2097152
world keng：12, sheng ：1048576

2026-08-21 00:27:24.682 INFO [pool-6-thread-4][:] - /****************流量统计******************/
LastReadBytes:0
LastReadThroughput:0
LastWrittenBytes:0
LastWriteThroughput:0
RealWrittenBytes:0
RealWriteThroughput:0
当前玩家的连接数量:0
当前地图的线程个数：9
当前地图的个数:48
当前数据库执行队列数:0
当前发送队列缓存的对象数量:0
totalMemory：680525824, use ：455326040, free ：225199784DirectMemory：1827143680, 恢复 ：1
当前时间 ：2026-08-21 00:27:24send keng：2418, sheng ：4194304
decode keng：26, sheng ：2097152
world keng：12, sheng ：1048576

2026-08-21 00:27:29.682 INFO [pool-6-thread-7][:] - /****************流量统计******************/
LastReadBytes:0
LastReadThroughput:0
LastWrittenBytes:0
LastWriteThroughput:0
RealWrittenBytes:0
RealWriteThroughput:0
当前玩家的连接数量:0
当前地图的线程个数：9
当前地图的个数:48
当前数据库执行队列数:0
当前发送队列缓存的对象数量:0
totalMemory：680525824, use ：458875904, free ：221649920DirectMemory：1827143680, 恢复 ：1
当前时间 ：2026-08-21 00:27:29send keng：2418, sheng ：4194304
decode keng：26, sheng ：2097152
world keng：12, sheng ：1048576

2026-08-21 00:27:34.682 INFO [pool-6-thread-7][:] - /****************流量统计******************/
LastReadBytes:0
LastReadThroughput:0
LastWrittenBytes:0
LastWriteThroughput:0
RealWrittenBytes:0
RealWriteThroughput:0
当前玩家的连接数量:0
当前地图的线程个数：9
当前地图的个数:48
当前数据库执行队列数:0
当前发送队列缓存的对象数量:0
totalMemory：680525824, use ：462432136, free ：218093688DirectMemory：1827143680, 恢复 ：1
当前时间 ：2026-08-21 00:27:34send keng：2418, sheng ：4194304
decode keng：26, sheng ：2097152
world keng：12, sheng ：1048576

2026-08-21 00:27:39.682 INFO [pool-6-thread-10][:] - /****************流量统计******************/
LastReadBytes:0
LastReadThroughput:0
LastWrittenBytes:0
LastWriteThroughput:0
RealWrittenBytes:0
RealWriteThroughput:0
当前玩家的连接数量:0
当前地图的线程个数：9
当前地图的个数:48
当前数据库执行队列数:0
当前发送队列缓存的对象数量:0
totalMemory：680525824, use ：466036512, free ：214489312DirectMemory：1827143680, 恢复 ：1
当前时间 ：2026-08-21 00:27:39send keng：2418, sheng ：4194304
decode keng：26, sheng ：2097152
world keng：12, sheng ：1048576

2026-08-21 00:27:44.682 INFO [pool-6-thread-8][:] - /****************流量统计******************/
LastReadBytes:0
LastReadThroughput:0
LastWrittenBytes:0
LastWriteThroughput:0
RealWrittenBytes:0
RealWriteThroughput:0
当前玩家的连接数量:0
当前地图的线程个数：9
当前地图的个数:48
当前数据库执行队列数:0
当前发送队列缓存的对象数量:0
totalMemory：680001536, use ：422879600, free ：257121936DirectMemory：1827143680, 恢复 ：1
当前时间 ：2026-08-21 00:27:44send keng：2418, sheng ：4194304
decode keng：26, sheng ：2097152
world keng：12, sheng ：1048576

2026-08-21 00:27:49.682 INFO [pool-6-thread-8][:] - /****************流量统计******************/
LastReadBytes:0
LastReadThroughput:0
LastWrittenBytes:0
LastWriteThroughput:0
RealWrittenBytes:0
RealWriteThroughput:0
当前玩家的连接数量:0
当前地图的线程个数：9
当前地图的个数:48
当前数据库执行队列数:0
当前发送队列缓存的对象数量:0
totalMemory：680001536, use ：426325104, free ：253676432DirectMemory：1827143680, 恢复 ：1
当前时间 ：2026-08-21 00:27:49send keng：2418, sheng ：4194304
decode keng：26, sheng ：2097152
world keng：12, sheng ：1048576

2026-08-21 00:27:54.682 INFO [pool-6-thread-6][:] - /****************流量统计******************/
LastReadBytes:0
LastReadThroughput:0
LastWrittenBytes:0
LastWriteThroughput:0
RealWrittenBytes:0
RealWriteThroughput:0
当前玩家的连接数量:0
当前地图的线程个数：9
当前地图的个数:48
当前数据库执行队列数:0
当前发送队列缓存的对象数量:0
totalMemory：680001536, use ：429989456, free ：250012080DirectMemory：1827143680, 恢复 ：1
当前时间 ：2026-08-21 00:27:54send keng：2418, sheng ：4194304
decode keng：26, sheng ：2097152
world keng：12, sheng ：1048576

2026-08-21 00:27:59.682 INFO [pool-6-thread-2][:] - /****************流量统计******************/
LastReadBytes:0
LastReadThroughput:0
LastWrittenBytes:0
LastWriteThroughput:0
RealWrittenBytes:0
RealWriteThroughput:0
当前玩家的连接数量:0
当前地图的线程个数：9
当前地图的个数:48
当前数据库执行队列数:0
当前发送队列缓存的对象数量:0
totalMemory：680001536, use ：433464112, free ：246537424DirectMemory：1827143680, 恢复 ：1
当前时间 ：2026-08-21 00:27:59send keng：2418, sheng ：4194304
decode keng：26, sheng ：2097152
world keng：12, sheng ：1048576

2026-08-21 00:28:04.682 INFO [pool-6-thread-6][:] - /****************流量统计******************/
LastReadBytes:0
LastReadThroughput:0
LastWrittenBytes:0
LastWriteThroughput:0
RealWrittenBytes:0
RealWriteThroughput:0
当前玩家的连接数量:0
当前地图的线程个数：9
当前地图的个数:48
当前数据库执行队列数:0
当前发送队列缓存的对象数量:0
totalMemory：680001536, use ：437041848, free ：242959688DirectMemory：1827143680, 恢复 ：1
当前时间 ：2026-08-21 00:28:04send keng：2418, sheng ：4194304
decode keng：26, sheng ：2097152
world keng：12, sheng ：1048576

2026-08-21 00:28:09.682 INFO [pool-6-thread-7][:] - /****************流量统计******************/
LastReadBytes:0
LastReadThroughput:0
LastWrittenBytes:0
LastWriteThroughput:0
RealWrittenBytes:0
RealWriteThroughput:0
当前玩家的连接数量:0
当前地图的线程个数：9
当前地图的个数:48
当前数据库执行队列数:0
当前发送队列缓存的对象数量:0
totalMemory：680001536, use ：440753456, free ：239248080DirectMemory：1827143680, 恢复 ：1
当前时间 ：2026-08-21 00:28:09send keng：2418, sheng ：4194304
decode keng：26, sheng ：2097152
world keng：12, sheng ：1048576

2026-08-21 00:28:14.682 INFO [pool-6-thread-9][:] - /****************流量统计******************/
LastReadBytes:0
LastReadThroughput:0
LastWrittenBytes:0
LastWriteThroughput:0
RealWrittenBytes:0
RealWriteThroughput:0
当前玩家的连接数量:0
当前地图的线程个数：9
当前地图的个数:48
当前数据库执行队列数:0
当前发送队列缓存的对象数量:0
totalMemory：680001536, use ：444189296, free ：235812240DirectMemory：1827143680, 恢复 ：1
当前时间 ：2026-08-21 00:28:14send keng：2418, sheng ：4194304
decode keng：26, sheng ：2097152
world keng：12, sheng ：1048576

2026-08-21 00:28:19.682 INFO [pool-6-thread-8][:] - /****************流量统计******************/
LastReadBytes:0
LastReadThroughput:0
LastWrittenBytes:0
LastWriteThroughput:0
RealWrittenBytes:0
RealWriteThroughput:0
当前玩家的连接数量:0
当前地图的线程个数：9
当前地图的个数:48
当前数据库执行队列数:0
当前发送队列缓存的对象数量:0
totalMemory：680001536, use ：447869824, free ：232131712DirectMemory：1827143680, 恢复 ：1
当前时间 ：2026-08-21 00:28:19send keng：2418, sheng ：4194304
decode keng：26, sheng ：2097152
world keng：12, sheng ：1048576

2026-08-21 00:28:24.682 INFO [pool-6-thread-3][:] - /****************流量统计******************/
LastReadBytes:0
LastReadThroughput:0
LastWrittenBytes:0
LastWriteThroughput:0
RealWrittenBytes:0
RealWriteThroughput:0
当前玩家的连接数量:0
当前地图的线程个数：9
当前地图的个数:48
当前数据库执行队列数:0
当前发送队列缓存的对象数量:0
totalMemory：680001536, use ：451249920, free ：228751616DirectMemory：1827143680, 恢复 ：1
当前时间 ：2026-08-21 00:28:24send keng：2418, sheng ：4194304
decode keng：26, sheng ：2097152
world keng：12, sheng ：1048576

2026-08-21 00:28:29.682 INFO [pool-6-thread-10][:] - /****************流量统计******************/
LastReadBytes:0
LastReadThroughput:0
LastWrittenBytes:0
LastWriteThroughput:0
RealWrittenBytes:0
RealWriteThroughput:0
当前玩家的连接数量:0
当前地图的线程个数：9
当前地图的个数:48
当前数据库执行队列数:0
当前发送队列缓存的对象数量:0
totalMemory：680001536, use ：454903680, free ：225097856DirectMemory：1827143680, 恢复 ：1
当前时间 ：2026-08-21 00:28:29send keng：2418, sheng ：4194304
decode keng：26, sheng ：2097152
world keng：12, sheng ：1048576

2026-08-21 00:28:34.682 INFO [pool-6-thread-5][:] - /****************流量统计******************/
LastReadBytes:0
LastReadThroughput:0
LastWrittenBytes:0
LastWriteThroughput:0
RealWrittenBytes:0
RealWriteThroughput:0
当前玩家的连接数量:0
当前地图的线程个数：9
当前地图的个数:48
当前数据库执行队列数:0
当前发送队列缓存的对象数量:0
totalMemory：680001536, use ：458233184, free ：221768352DirectMemory：1827143680, 恢复 ：1
当前时间 ：2026-08-21 00:28:34send keng：2418, sheng ：4194304
decode keng：26, sheng ：2097152
world keng：12, sheng ：1048576

2026-08-21 00:28:39.682 INFO [pool-6-thread-7][:] - /****************流量统计******************/
LastReadBytes:0
LastReadThroughput:0
LastWrittenBytes:0
LastWriteThroughput:0
RealWrittenBytes:0
RealWriteThroughput:0
当前玩家的连接数量:0
当前地图的线程个数：9
当前地图的个数:48
当前数据库执行队列数:0
当前发送队列缓存的对象数量:0
totalMemory：680001536, use ：461922248, free ：218079288DirectMemory：1827143680, 恢复 ：1
当前时间 ：2026-08-21 00:28:39send keng：2418, sheng ：4194304
decode keng：26, sheng ：2097152
world keng：12, sheng ：1048576

2026-08-21 00:28:44.682 INFO [pool-6-thread-8][:] - /****************流量统计******************/
LastReadBytes:0
LastReadThroughput:0
LastWrittenBytes:0
LastWriteThroughput:0
RealWrittenBytes:0
RealWriteThroughput:0
当前玩家的连接数量:0
当前地图的线程个数：9
当前地图的个数:48
当前数据库执行队列数:0
当前发送队列缓存的对象数量:0
totalMemory：680001536, use ：465285896, free ：214715640DirectMemory：1827143680, 恢复 ：1
当前时间 ：2026-08-21 00:28:44send keng：2418, sheng ：4194304
decode keng：26, sheng ：2097152
world keng：12, sheng ：1048576

2026-08-21 00:28:49.682 INFO [pool-6-thread-5][:] - /****************流量统计******************/
LastReadBytes:0
LastReadThroughput:0
LastWrittenBytes:0
LastWriteThroughput:0
RealWrittenBytes:0
RealWriteThroughput:0
当前玩家的连接数量:0
当前地图的线程个数：9
当前地图的个数:48
当前数据库执行队列数:0
当前发送队列缓存的对象数量:0
totalMemory：680525824, use ：422514496, free ：258011328DirectMemory：1827143680, 恢复 ：1
当前时间 ：2026-08-21 00:28:49send keng：2418, sheng ：4194304
decode keng：26, sheng ：2097152
world keng：12, sheng ：1048576

2026-08-21 00:28:54.682 INFO [pool-6-thread-4][:] - /****************流量统计******************/
LastReadBytes:0
LastReadThroughput:0
LastWrittenBytes:0
LastWriteThroughput:0
RealWrittenBytes:0
RealWriteThroughput:0
当前玩家的连接数量:0
当前地图的线程个数：9
当前地图的个数:48
当前数据库执行队列数:0
当前发送队列缓存的对象数量:0
totalMemory：680525824, use ：425683088, free ：254842736DirectMemory：1827143680, 恢复 ：1
当前时间 ：2026-08-21 00:28:54send keng：2418, sheng ：4194304
decode keng：26, sheng ：2097152
world keng：12, sheng ：1048576

2026-08-21 00:28:59.682 INFO [pool-6-thread-6][:] - /****************流量统计******************/
LastReadBytes:0
LastReadThroughput:0
LastWrittenBytes:0
LastWriteThroughput:0
RealWrittenBytes:0
RealWriteThroughput:0
当前玩家的连接数量:0
当前地图的线程个数：9
当前地图的个数:48
当前数据库执行队列数:0
当前发送队列缓存的对象数量:0
totalMemory：680525824, use ：429541504, free ：250984320DirectMemory：1827143680, 恢复 ：1
当前时间 ：2026-08-21 00:28:59send keng：2418, sheng ：4194304
decode keng：26, sheng ：2097152
world keng：12, sheng ：1048576

2026-08-21 00:29:04.682 INFO [pool-6-thread-1][:] - /****************流量统计******************/
LastReadBytes:0
LastReadThroughput:0
LastWrittenBytes:0
LastWriteThroughput:0
RealWrittenBytes:0
RealWriteThroughput:0
当前玩家的连接数量:0
当前地图的线程个数：9
当前地图的个数:48
当前数据库执行队列数:0
当前发送队列缓存的对象数量:0
totalMemory：680525824, use ：433059536, free ：247466288DirectMemory：1827143680, 恢复 ：1
当前时间 ：2026-08-21 00:29:04send keng：2418, sheng ：4194304
decode keng：26, sheng ：2097152
world keng：12, sheng ：1048576

2026-08-21 00:29:09.682 INFO [pool-6-thread-6][:] - /****************流量统计******************/
LastReadBytes:0
LastReadThroughput:0
LastWrittenBytes:0
LastWriteThroughput:0
RealWrittenBytes:0
RealWriteThroughput:0
当前玩家的连接数量:0
当前地图的线程个数：9
当前地图的个数:48
当前数据库执行队列数:0
当前发送队列缓存的对象数量:0
totalMemory：680525824, use ：436402064, free ：244123760DirectMemory：1827143680, 恢复 ：1
当前时间 ：2026-08-21 00:29:09send keng：2418, sheng ：4194304
decode keng：26, sheng ：2097152
world keng：12, sheng ：1048576

2026-08-21 00:29:14.682 INFO [pool-6-thread-5][:] - /****************流量统计******************/
LastReadBytes:0
LastReadThroughput:0
LastWrittenBytes:0
LastWriteThroughput:0
RealWrittenBytes:0
RealWriteThroughput:0
当前玩家的连接数量:0
当前地图的线程个数：9
当前地图的个数:48
当前数据库执行队列数:0
当前发送队列缓存的对象数量:0
totalMemory：680525824, use ：440052800, free ：240473024DirectMemory：1827143680, 恢复 ：1
当前时间 ：2026-08-21 00:29:14send keng：2418, sheng ：4194304
decode keng：26, sheng ：2097152
world keng：12, sheng ：1048576

2026-08-21 00:29:19.682 INFO [pool-6-thread-4][:] - /****************流量统计******************/
LastReadBytes:0
LastReadThroughput:0
LastWrittenBytes:0
LastWriteThroughput:0
RealWrittenBytes:0
RealWriteThroughput:0
当前玩家的连接数量:0
当前地图的线程个数：9
当前地图的个数:48
当前数据库执行队列数:0
当前发送队列缓存的对象数量:0
totalMemory：680525824, use ：443786208, free ：236739616DirectMemory：1827143680, 恢复 ：1
当前时间 ：2026-08-21 00:29:19send keng：2418, sheng ：4194304
decode keng：26, sheng ：2097152
world keng：12, sheng ：1048576

2026-08-21 00:29:24.682 INFO [pool-6-thread-9][:] - /****************流量统计******************/
LastReadBytes:0
LastReadThroughput:0
LastWrittenBytes:0
LastWriteThroughput:0
RealWrittenBytes:0
RealWriteThroughput:0
当前玩家的连接数量:0
当前地图的线程个数：9
当前地图的个数:48
当前数据库执行队列数:0
当前发送队列缓存的对象数量:0
totalMemory：680525824, use ：447265120, free ：233260704DirectMemory：1827143680, 恢复 ：1
当前时间 ：2026-08-21 00:29:24send keng：2418, sheng ：4194304
decode keng：26, sheng ：2097152
world keng：12, sheng ：1048576

2026-08-21 00:29:29.682 INFO [pool-6-thread-6][:] - /****************流量统计******************/
LastReadBytes:0
LastReadThroughput:0
LastWrittenBytes:0
LastWriteThroughput:0
RealWrittenBytes:0
RealWriteThroughput:0
当前玩家的连接数量:0
当前地图的线程个数：9
当前地图的个数:48
当前数据库执行队列数:0
当前发送队列缓存的对象数量:0
totalMemory：680525824, use ：450747352, free ：229778472DirectMemory：1827143680, 恢复 ：1
当前时间 ：2026-08-21 00:29:29send keng：2418, sheng ：4194304
decode keng：26, sheng ：2097152
world keng：12, sheng ：1048576

2026-08-21 00:29:34.682 INFO [pool-6-thread-6][:] - /****************流量统计******************/
LastReadBytes:0
LastReadThroughput:0
LastWrittenBytes:0
LastWriteThroughput:0
RealWrittenBytes:0
RealWriteThroughput:0
当前玩家的连接数量:0
当前地图的线程个数：9
当前地图的个数:48
当前数据库执行队列数:0
当前发送队列缓存的对象数量:0
totalMemory：680525824, use ：454173912, free ：226351912DirectMemory：1827143680, 恢复 ：1
当前时间 ：2026-08-21 00:29:34send keng：2418, sheng ：4194304
decode keng：26, sheng ：2097152
world keng：12, sheng ：1048576

2026-08-21 00:29:39.682 INFO [pool-6-thread-3][:] - /****************流量统计******************/
LastReadBytes:0
LastReadThroughput:0
LastWrittenBytes:0
LastWriteThroughput:0
RealWrittenBytes:0
RealWriteThroughput:0
当前玩家的连接数量:0
当前地图的线程个数：9
当前地图的个数:48
当前数据库执行队列数:0
当前发送队列缓存的对象数量:0
totalMemory：680525824, use ：457626896, free ：222898928DirectMemory：1827143680, 恢复 ：1
当前时间 ：2026-08-21 00:29:39send keng：2418, sheng ：4194304
decode keng：26, sheng ：2097152
world keng：12, sheng ：1048576

2026-08-21 00:29:44.682 INFO [pool-6-thread-10][:] - /****************流量统计******************/
LastReadBytes:0
LastReadThroughput:0
LastWrittenBytes:0
LastWriteThroughput:0
RealWrittenBytes:0
RealWriteThroughput:0
当前玩家的连接数量:0
当前地图的线程个数：9
当前地图的个数:48
当前数据库执行队列数:0
当前发送队列缓存的对象数量:0
totalMemory：680525824, use ：461319576, free ：219206248DirectMemory：1827143680, 恢复 ：1
当前时间 ：2026-08-21 00:29:44send keng：2418, sheng ：4194304
decode keng：26, sheng ：2097152
world keng：12, sheng ：1048576

2026-08-21 00:29:49.682 INFO [pool-6-thread-5][:] - /****************流量统计******************/
LastReadBytes:0
LastReadThroughput:0
LastWrittenBytes:0
LastWriteThroughput:0
RealWrittenBytes:0
RealWriteThroughput:0
当前玩家的连接数量:0
当前地图的线程个数：9
当前地图的个数:48
当前数据库执行队列数:0
当前发送队列缓存的对象数量:0
totalMemory：680525824, use ：464732456, free ：215793368DirectMemory：1827143680, 恢复 ：1
当前时间 ：2026-08-21 00:29:49send keng：2418, sheng ：4194304
decode keng：26, sheng ：2097152
world keng：12, sheng ：1048576

2026-08-21 00:29:54.682 INFO [pool-6-thread-3][:] - /****************流量统计******************/
LastReadBytes:0
LastReadThroughput:0
LastWrittenBytes:0
LastWriteThroughput:0
RealWrittenBytes:0
RealWriteThroughput:0
当前玩家的连接数量:0
当前地图的线程个数：9
当前地图的个数:48
当前数据库执行队列数:0
当前发送队列缓存的对象数量:0
totalMemory：680001536, use ：421528960, free ：258472576DirectMemory：1827143680, 恢复 ：1
当前时间 ：2026-08-21 00:29:54send keng：2418, sheng ：4194304
decode keng：26, sheng ：2097152
world keng：12, sheng ：1048576

2026-08-21 00:29:59.682 INFO [pool-6-thread-9][:] - /****************流量统计******************/
LastReadBytes:0
LastReadThroughput:0
LastWrittenBytes:0
LastWriteThroughput:0
RealWrittenBytes:0
RealWriteThroughput:0
当前玩家的连接数量:0
当前地图的线程个数：9
当前地图的个数:48
当前数据库执行队列数:0
当前发送队列缓存的对象数量:0
totalMemory：680001536, use ：425152872, free ：254848664DirectMemory：1827143680, 恢复 ：1
当前时间 ：2026-08-21 00:29:59send keng：2418, sheng ：4194304
decode keng：26, sheng ：2097152
world keng：12, sheng ：1048576

2026-08-21 00:30:04.682 INFO [pool-6-thread-6][:] - /****************流量统计******************/
LastReadBytes:0
LastReadThroughput:0
LastWrittenBytes:0
LastWriteThroughput:0
RealWrittenBytes:0
RealWriteThroughput:0
当前玩家的连接数量:0
当前地图的线程个数：9
当前地图的个数:48
当前数据库执行队列数:0
当前发送队列缓存的对象数量:0
totalMemory：680001536, use ：428314336, free ：251687200DirectMemory：1827143680, 恢复 ：1
当前时间 ：2026-08-21 00:30:04send keng：2418, sheng ：4194304
decode keng：26, sheng ：2097152
world keng：12, sheng ：1048576

2026-08-21 00:30:09.682 INFO [pool-6-thread-1][:] - /****************流量统计******************/
LastReadBytes:0
LastReadThroughput:0
LastWrittenBytes:0
LastWriteThroughput:0
RealWrittenBytes:0
RealWriteThroughput:0
当前玩家的连接数量:0
当前地图的线程个数：9
当前地图的个数:48
当前数据库执行队列数:0
当前发送队列缓存的对象数量:0
totalMemory：680001536, use ：431954304, free ：248047232DirectMemory：1827143680, 恢复 ：1
当前时间 ：2026-08-21 00:30:09send keng：2418, sheng ：4194304
decode keng：26, sheng ：2097152
world keng：12, sheng ：1048576

2026-08-21 00:30:14.682 INFO [pool-6-thread-1][:] - /****************流量统计******************/
LastReadBytes:0
LastReadThroughput:0
LastWrittenBytes:0
LastWriteThroughput:0
RealWrittenBytes:0
RealWriteThroughput:0
当前玩家的连接数量:0
当前地图的线程个数：9
当前地图的个数:48
当前数据库执行队列数:0
当前发送队列缓存的对象数量:0
totalMemory：680001536, use ：435563080, free ：244438456DirectMemory：1827143680, 恢复 ：1
当前时间 ：2026-08-21 00:30:14send keng：2418, sheng ：4194304
decode keng：26, sheng ：2097152
world keng：12, sheng ：1048576

2026-08-21 00:30:19.682 INFO [pool-6-thread-6][:] - /****************流量统计******************/
LastReadBytes:0
LastReadThroughput:0
LastWrittenBytes:0
LastWriteThroughput:0
RealWrittenBytes:0
RealWriteThroughput:0
当前玩家的连接数量:0
当前地图的线程个数：9
当前地图的个数:48
当前数据库执行队列数:0
当前发送队列缓存的对象数量:0
totalMemory：680001536, use ：438934928, free ：241066608DirectMemory：1827143680, 恢复 ：1
当前时间 ：2026-08-21 00:30:19send keng：2418, sheng ：4194304
decode keng：26, sheng ：2097152
world keng：12, sheng ：1048576

2026-08-21 00:30:24.682 INFO [pool-6-thread-8][:] - /****************流量统计******************/
LastReadBytes:0
LastReadThroughput:0
LastWrittenBytes:0
LastWriteThroughput:0
RealWrittenBytes:0
RealWriteThroughput:0
当前玩家的连接数量:0
当前地图的线程个数：9
当前地图的个数:48
当前数据库执行队列数:0
当前发送队列缓存的对象数量:0
totalMemory：680001536, use ：442586136, free ：237415400DirectMemory：1827143680, 恢复 ：1
当前时间 ：2026-08-21 00:30:24send keng：2418, sheng ：4194304
decode keng：26, sheng ：2097152
world keng：12, sheng ：1048576

2026-08-21 00:30:29.682 INFO [pool-6-thread-7][:] - /****************流量统计******************/
LastReadBytes:0
LastReadThroughput:0
LastWrittenBytes:0
LastWriteThroughput:0
RealWrittenBytes:0
RealWriteThroughput:0
当前玩家的连接数量:0
当前地图的线程个数：9
当前地图的个数:48
当前数据库执行队列数:0
当前发送队列缓存的对象数量:0
totalMemory：680001536, use ：446061848, free ：233939688DirectMemory：1827143680, 恢复 ：1
当前时间 ：2026-08-21 00:30:29send keng：2418, sheng ：4194304
decode keng：26, sheng ：2097152
world keng：12, sheng ：1048576

2026-08-21 00:30:34.682 INFO [pool-6-thread-9][:] - /****************流量统计******************/
LastReadBytes:0
LastReadThroughput:0
LastWrittenBytes:0
LastWriteThroughput:0
RealWrittenBytes:0
RealWriteThroughput:0
当前玩家的连接数量:0
当前地图的线程个数：9
当前地图的个数:48
当前数据库执行队列数:0
当前发送队列缓存的对象数量:0
totalMemory：680001536, use ：449623736, free ：230377800DirectMemory：1827143680, 恢复 ：1
当前时间 ：2026-08-21 00:30:34send keng：2418, sheng ：4194304
decode keng：26, sheng ：2097152
world keng：12, sheng ：1048576

2026-08-21 00:30:39.682 INFO [pool-6-thread-3][:] - /****************流量统计******************/
LastReadBytes:0
LastReadThroughput:0
LastWrittenBytes:0
LastWriteThroughput:0
RealWrittenBytes:0
RealWriteThroughput:0
当前玩家的连接数量:0
当前地图的线程个数：9
当前地图的个数:48
当前数据库执行队列数:0
当前发送队列缓存的对象数量:0
totalMemory：680001536, use ：453190904, free ：226810632DirectMemory：1827143680, 恢复 ：1
当前时间 ：2026-08-21 00:30:39send keng：2418, sheng ：4194304
decode keng：26, sheng ：2097152
world keng：12, sheng ：1048576

2026-08-21 00:30:44.682 INFO [pool-6-thread-10][:] - /****************流量统计******************/
LastReadBytes:0
LastReadThroughput:0
LastWrittenBytes:0
LastWriteThroughput:0
RealWrittenBytes:0
RealWriteThroughput:0
当前玩家的连接数量:0
当前地图的线程个数：9
当前地图的个数:48
当前数据库执行队列数:0
当前发送队列缓存的对象数量:0
totalMemory：680001536, use ：456507336, free ：223494200DirectMemory：1827143680, 恢复 ：1
当前时间 ：2026-08-21 00:30:44send keng：2418, sheng ：4194304
decode keng：26, sheng ：2097152
world keng：12, sheng ：1048576

2026-08-21 00:30:49.682 INFO [pool-6-thread-4][:] - /****************流量统计******************/
LastReadBytes:0
LastReadThroughput:0
LastWrittenBytes:0
LastWriteThroughput:0
RealWrittenBytes:0
RealWriteThroughput:0
当前玩家的连接数量:0
当前地图的线程个数：9
当前地图的个数:48
当前数据库执行队列数:0
当前发送队列缓存的对象数量:0
totalMemory：680001536, use ：460104944, free ：219896592DirectMemory：1827143680, 恢复 ：1
当前时间 ：2026-08-21 00:30:49send keng：2418, sheng ：4194304
decode keng：26, sheng ：2097152
world keng：12, sheng ：1048576

2026-08-21 00:30:54.682 INFO [pool-6-thread-6][:] - /****************流量统计******************/
LastReadBytes:0
LastReadThroughput:0
LastWrittenBytes:0
LastWriteThroughput:0
RealWrittenBytes:0
RealWriteThroughput:0
当前玩家的连接数量:0
当前地图的线程个数：9
当前地图的个数:48
当前数据库执行队列数:0
当前发送队列缓存的对象数量:0
totalMemory：680001536, use ：463735216, free ：216266320DirectMemory：1827143680, 恢复 ：1
当前时间 ：2026-08-21 00:30:54send keng：2418, sheng ：4194304
decode keng：26, sheng ：2097152
world keng：12, sheng ：1048576

2026-08-21 00:30:59.683 INFO [pool-6-thread-6][:] - /****************流量统计******************/
LastReadBytes:0
LastReadThroughput:0
LastWrittenBytes:0
LastWriteThroughput:0
RealWrittenBytes:0
RealWriteThroughput:0
当前玩家的连接数量:0
当前地图的线程个数：9
当前地图的个数:48
当前数据库执行队列数:0
当前发送队列缓存的对象数量:0
totalMemory：680525824, use ：420595952, free ：259929872DirectMemory：1827143680, 恢复 ：1
当前时间 ：2026-08-21 00:30:59send keng：2418, sheng ：4194304
decode keng：26, sheng ：2097152
world keng：12, sheng ：1048576

2026-08-21 00:31:04.682 INFO [pool-6-thread-3][:] - /****************流量统计******************/
LastReadBytes:0
LastReadThroughput:0
LastWrittenBytes:0
LastWriteThroughput:0
RealWrittenBytes:0
RealWriteThroughput:0
当前玩家的连接数量:0
当前地图的线程个数：9
当前地图的个数:48
当前数据库执行队列数:0
当前发送队列缓存的对象数量:0
totalMemory：680525824, use ：423880000, free ：256645824DirectMemory：1827143680, 恢复 ：1
当前时间 ：2026-08-21 00:31:04send keng：2418, sheng ：4194304
decode keng：26, sheng ：2097152
world keng：12, sheng ：1048576

2026-08-21 00:31:09.682 INFO [pool-6-thread-9][:] - /****************流量统计******************/
LastReadBytes:0
LastReadThroughput:0
LastWrittenBytes:0
LastWriteThroughput:0
RealWrittenBytes:0
RealWriteThroughput:0
当前玩家的连接数量:0
当前地图的线程个数：9
当前地图的个数:48
当前数据库执行队列数:0
当前发送队列缓存的对象数量:0
totalMemory：680525824, use ：427496392, free ：253029432DirectMemory：1827143680, 恢复 ：1
当前时间 ：2026-08-21 00:31:09send keng：2418, sheng ：4194304
decode keng：26, sheng ：2097152
world keng：12, sheng ：1048576

2026-08-21 00:31:14.682 INFO [pool-6-thread-3][:] - /****************流量统计******************/
LastReadBytes:0
LastReadThroughput:0
LastWrittenBytes:0
LastWriteThroughput:0
RealWrittenBytes:0
RealWriteThroughput:0
当前玩家的连接数量:0
当前地图的线程个数：9
当前地图的个数:48
当前数据库执行队列数:0
当前发送队列缓存的对象数量:0
totalMemory：680525824, use ：430944448, free ：249581376DirectMemory：1827143680, 恢复 ：1
当前时间 ：2026-08-21 00:31:14send keng：2418, sheng ：4194304
decode keng：26, sheng ：2097152
world keng：12, sheng ：1048576

2026-08-21 00:31:19.682 INFO [pool-6-thread-5][:] - /****************流量统计******************/
LastReadBytes:0
LastReadThroughput:0
LastWrittenBytes:0
LastWriteThroughput:0
RealWrittenBytes:0
RealWriteThroughput:0
当前玩家的连接数量:0
当前地图的线程个数：9
当前地图的个数:48
当前数据库执行队列数:0
当前发送队列缓存的对象数量:0
totalMemory：680525824, use ：434547288, free ：245978536DirectMemory：1827143680, 恢复 ：1
当前时间 ：2026-08-21 00:31:19send keng：2418, sheng ：4194304
decode keng：26, sheng ：2097152
world keng：12, sheng ：1048576

2026-08-21 00:31:24.682 INFO [pool-6-thread-6][:] - /****************流量统计******************/
LastReadBytes:0
LastReadThroughput:0
LastWrittenBytes:0
LastWriteThroughput:0
RealWrittenBytes:0
RealWriteThroughput:0
当前玩家的连接数量:0
当前地图的线程个数：9
当前地图的个数:48
当前数据库执行队列数:0
当前发送队列缓存的对象数量:0
totalMemory：680525824, use ：438107400, free ：242418424DirectMemory：1827143680, 恢复 ：1
当前时间 ：2026-08-21 00:31:24send keng：2418, sheng ：4194304
decode keng：26, sheng ：2097152
world keng：12, sheng ：1048576

2026-08-21 00:31:29.682 INFO [pool-6-thread-6][:] - /****************流量统计******************/
LastReadBytes:0
LastReadThroughput:0
LastWrittenBytes:0
LastWriteThroughput:0
RealWrittenBytes:0
RealWriteThroughput:0
当前玩家的连接数量:0
当前地图的线程个数：9
当前地图的个数:48
当前数据库执行队列数:0
当前发送队列缓存的对象数量:0
totalMemory：680525824, use ：441527376, free ：238998448DirectMemory：1827143680, 恢复 ：1
当前时间 ：2026-08-21 00:31:29send keng：2418, sheng ：4194304
decode keng：26, sheng ：2097152
world keng：12, sheng ：1048576

2026-08-21 00:31:34.682 INFO [pool-6-thread-9][:] - /****************流量统计******************/
LastReadBytes:0
LastReadThroughput:0
LastWrittenBytes:0
LastWriteThroughput:0
RealWrittenBytes:0
RealWriteThroughput:0
当前玩家的连接数量:0
当前地图的线程个数：9
当前地图的个数:48
当前数据库执行队列数:0
当前发送队列缓存的对象数量:0
totalMemory：680525824, use ：445185464, free ：235340360DirectMemory：1827143680, 恢复 ：1
当前时间 ：2026-08-21 00:31:34send keng：2418, sheng ：4194304
decode keng：26, sheng ：2097152
world keng：12, sheng ：1048576

2026-08-21 00:31:39.682 INFO [pool-6-thread-4][:] - /****************流量统计******************/
LastReadBytes:0
LastReadThroughput:0
LastWrittenBytes:0
LastWriteThroughput:0
RealWrittenBytes:0
RealWriteThroughput:0
当前玩家的连接数量:0
当前地图的线程个数：9
当前地图的个数:48
当前数据库执行队列数:0
当前发送队列缓存的对象数量:0
totalMemory：680525824, use ：448508336, free ：232017488DirectMemory：1827143680, 恢复 ：1
当前时间 ：2026-08-21 00:31:39send keng：2418, sheng ：4194304
decode keng：26, sheng ：2097152
world keng：12, sheng ：1048576

2026-08-21 00:31:44.682 INFO [pool-6-thread-3][:] - /****************流量统计******************/
LastReadBytes:0
LastReadThroughput:0
LastWrittenBytes:0
LastWriteThroughput:0
RealWrittenBytes:0
RealWriteThroughput:0
当前玩家的连接数量:0
当前地图的线程个数：9
当前地图的个数:48
当前数据库执行队列数:0
当前发送队列缓存的对象数量:0
totalMemory：680525824, use ：452349584, free ：228176240DirectMemory：1827143680, 恢复 ：1
当前时间 ：2026-08-21 00:31:44send keng：2418, sheng ：4194304
decode keng：26, sheng ：2097152
world keng：12, sheng ：1048576

2026-08-21 00:31:49.682 INFO [pool-6-thread-1][:] - /****************流量统计******************/
LastReadBytes:0
LastReadThroughput:0
LastWrittenBytes:0
LastWriteThroughput:0
RealWrittenBytes:0
RealWriteThroughput:0
当前玩家的连接数量:0
当前地图的线程个数：9
当前地图的个数:48
当前数据库执行队列数:0
当前发送队列缓存的对象数量:0
totalMemory：680525824, use ：455720088, free ：224805736DirectMemory：1827143680, 恢复 ：1
当前时间 ：2026-08-21 00:31:49send keng：2418, sheng ：4194304
decode keng：26, sheng ：2097152
world keng：12, sheng ：1048576

2026-08-21 00:31:54.682 INFO [pool-6-thread-4][:] - /****************流量统计******************/
LastReadBytes:0
LastReadThroughput:0
LastWrittenBytes:0
LastWriteThroughput:0
RealWrittenBytes:0
RealWriteThroughput:0
当前玩家的连接数量:0
当前地图的线程个数：9
当前地图的个数:48
当前数据库执行队列数:0
当前发送队列缓存的对象数量:0
totalMemory：680525824, use ：459418616, free ：221107208DirectMemory：1827143680, 恢复 ：1
当前时间 ：2026-08-21 00:31:54send keng：2418, sheng ：4194304
decode keng：26, sheng ：2097152
world keng：12, sheng ：1048576

2026-08-21 00:31:59.682 INFO [pool-6-thread-6][:] - /****************流量统计******************/
LastReadBytes:0
LastReadThroughput:0
LastWrittenBytes:0
LastWriteThroughput:0
RealWrittenBytes:0
RealWriteThroughput:0
当前玩家的连接数量:0
当前地图的线程个数：9
当前地图的个数:48
当前数据库执行队列数:0
当前发送队列缓存的对象数量:0
totalMemory：680525824, use ：462725944, free ：217799880DirectMemory：1827143680, 恢复 ：1
当前时间 ：2026-08-21 00:31:59send keng：2418, sheng ：4194304
decode keng：26, sheng ：2097152
world keng：12, sheng ：1048576

2026-08-21 00:32:04.684 INFO [pool-6-thread-10][:] - /****************流量统计******************/
LastReadBytes:0
LastReadThroughput:0
LastWrittenBytes:0
LastWriteThroughput:0
RealWrittenBytes:0
RealWriteThroughput:0
当前玩家的连接数量:0
当前地图的线程个数：9
当前地图的个数:48
当前数据库执行队列数:0
当前发送队列缓存的对象数量:0
totalMemory：680525824, use ：466293392, free ：214232432DirectMemory：1827143680, 恢复 ：1
当前时间 ：2026-08-21 00:32:04send keng：2418, sheng ：4194304
decode keng：26, sheng ：2097152
world keng：12, sheng ：1048576

2026-08-21 00:32:09.683 INFO [pool-6-thread-8][:] - /****************流量统计******************/
LastReadBytes:0
LastReadThroughput:0
LastWrittenBytes:0
LastWriteThroughput:0
RealWrittenBytes:0
RealWriteThroughput:0
当前玩家的连接数量:0
当前地图的线程个数：9
当前地图的个数:48
当前数据库执行队列数:0
当前发送队列缓存的对象数量:0
totalMemory：680001536, use ：423174944, free ：256826592DirectMemory：1827143680, 恢复 ：1
当前时间 ：2026-08-21 00:32:09send keng：2418, sheng ：4194304
decode keng：26, sheng ：2097152
world keng：12, sheng ：1048576

2026-08-21 00:32:14.682 INFO [pool-6-thread-4][:] - /****************流量统计******************/
LastReadBytes:0
LastReadThroughput:0
LastWrittenBytes:0
LastWriteThroughput:0
RealWrittenBytes:0
RealWriteThroughput:0
当前玩家的连接数量:0
当前地图的线程个数：9
当前地图的个数:48
当前数据库执行队列数:0
当前发送队列缓存的对象数量:0
totalMemory：680001536, use ：426729344, free ：253272192DirectMemory：1827143680, 恢复 ：1
当前时间 ：2026-08-21 00:32:14send keng：2418, sheng ：4194304
decode keng：26, sheng ：2097152
world keng：12, sheng ：1048576

2026-08-21 00:32:19.682 INFO [pool-6-thread-9][:] - /****************流量统计******************/
LastReadBytes:0
LastReadThroughput:0
LastWrittenBytes:0
LastWriteThroughput:0
RealWrittenBytes:0
RealWriteThroughput:0
当前玩家的连接数量:0
当前地图的线程个数：9
当前地图的个数:48
当前数据库执行队列数:0
当前发送队列缓存的对象数量:0
totalMemory：680001536, use ：430523976, free ：249477560DirectMemory：1827143680, 恢复 ：1
当前时间 ：2026-08-21 00:32:19send keng：2418, sheng ：4194304
decode keng：26, sheng ：2097152
world keng：12, sheng ：1048576

2026-08-21 00:32:24.682 INFO [pool-6-thread-3][:] - /****************流量统计******************/
LastReadBytes:0
LastReadThroughput:0
LastWrittenBytes:0
LastWriteThroughput:0
RealWrittenBytes:0
RealWriteThroughput:0
当前玩家的连接数量:0
当前地图的线程个数：9
当前地图的个数:48
当前数据库执行队列数:0
当前发送队列缓存的对象数量:0
totalMemory：680001536, use ：434018432, free ：245983104DirectMemory：1827143680, 恢复 ：1
当前时间 ：2026-08-21 00:32:24send keng：2418, sheng ：4194304
decode keng：26, sheng ：2097152
world keng：12, sheng ：1048576

2026-08-21 00:32:29.682 INFO [pool-6-thread-9][:] - /****************流量统计******************/
LastReadBytes:0
LastReadThroughput:0
LastWrittenBytes:0
LastWriteThroughput:0
RealWrittenBytes:0
RealWriteThroughput:0
当前玩家的连接数量:0
当前地图的线程个数：9
当前地图的个数:48
当前数据库执行队列数:0
当前发送队列缓存的对象数量:0
totalMemory：680001536, use ：437246296, free ：242755240DirectMemory：1827143680, 恢复 ：1
当前时间 ：2026-08-21 00:32:29send keng：2418, sheng ：4194304
decode keng：26, sheng ：2097152
world keng：12, sheng ：1048576

2026-08-21 00:32:34.682 INFO [pool-6-thread-2][:] - /****************流量统计******************/
LastReadBytes:0
LastReadThroughput:0
LastWrittenBytes:0
LastWriteThroughput:0
RealWrittenBytes:0
RealWriteThroughput:0
当前玩家的连接数量:0
当前地图的线程个数：9
当前地图的个数:48
当前数据库执行队列数:0
当前发送队列缓存的对象数量:0
totalMemory：680001536, use ：440897848, free ：239103688DirectMemory：1827143680, 恢复 ：1
当前时间 ：2026-08-21 00:32:34send keng：2418, sheng ：4194304
decode keng：26, sheng ：2097152
world keng：12, sheng ：1048576

2026-08-21 00:32:39.682 INFO [pool-6-thread-9][:] - /****************流量统计******************/
LastReadBytes:0
LastReadThroughput:0
LastWrittenBytes:0
LastWriteThroughput:0
RealWrittenBytes:0
RealWriteThroughput:0
当前玩家的连接数量:0
当前地图的线程个数：9
当前地图的个数:48
当前数据库执行队列数:0
当前发送队列缓存的对象数量:0
totalMemory：680001536, use ：444318528, free ：235683008DirectMemory：1827143680, 恢复 ：1
当前时间 ：2026-08-21 00:32:39send keng：2418, sheng ：4194304
decode keng：26, sheng ：2097152
world keng：12, sheng ：1048576

2026-08-21 00:32:44.682 INFO [pool-6-thread-10][:] - /****************流量统计******************/
LastReadBytes:0
LastReadThroughput:0
LastWrittenBytes:0
LastWriteThroughput:0
RealWrittenBytes:0
RealWriteThroughput:0
当前玩家的连接数量:0
当前地图的线程个数：9
当前地图的个数:48
当前数据库执行队列数:0
当前发送队列缓存的对象数量:0
totalMemory：680001536, use ：447995664, free ：232005872DirectMemory：1827143680, 恢复 ：1
当前时间 ：2026-08-21 00:32:44send keng：2418, sheng ：4194304
decode keng：26, sheng ：2097152
world keng：12, sheng ：1048576

2026-08-21 00:32:49.685 INFO [pool-6-thread-1][:] - /****************流量统计******************/
LastReadBytes:0
LastReadThroughput:0
LastWrittenBytes:0
LastWriteThroughput:0
RealWrittenBytes:0
RealWriteThroughput:0
当前玩家的连接数量:0
当前地图的线程个数：9
当前地图的个数:48
当前数据库执行队列数:0
当前发送队列缓存的对象数量:0
totalMemory：680001536, use ：451379560, free ：228621976DirectMemory：1827143680, 恢复 ：1
当前时间 ：2026-08-21 00:32:49send keng：2418, sheng ：4194304
decode keng：26, sheng ：2097152
world keng：12, sheng ：1048576

2026-08-21 00:32:54.682 INFO [pool-6-thread-8][:] - /****************流量统计******************/
LastReadBytes:0
LastReadThroughput:0
LastWrittenBytes:0
LastWriteThroughput:0
RealWrittenBytes:0
RealWriteThroughput:0
当前玩家的连接数量:0
当前地图的线程个数：9
当前地图的个数:48
当前数据库执行队列数:0
当前发送队列缓存的对象数量:0
totalMemory：680001536, use ：454918704, free ：225082832DirectMemory：1827143680, 恢复 ：1
当前时间 ：2026-08-21 00:32:54send keng：2418, sheng ：4194304
decode keng：26, sheng ：2097152
world keng：12, sheng ：1048576

2026-08-21 00:32:59.682 INFO [pool-6-thread-7][:] - /****************流量统计******************/
LastReadBytes:0
LastReadThroughput:0
LastWrittenBytes:0
LastWriteThroughput:0
RealWrittenBytes:0
RealWriteThroughput:0
当前玩家的连接数量:0
当前地图的线程个数：9
当前地图的个数:48
当前数据库执行队列数:0
当前发送队列缓存的对象数量:0
totalMemory：680001536, use ：458345064, free ：221656472DirectMemory：1827143680, 恢复 ：1
当前时间 ：2026-08-21 00:32:59send keng：2418, sheng ：4194304
decode keng：26, sheng ：2097152
world keng：12, sheng ：1048576

2026-08-21 00:33:04.682 INFO [pool-6-thread-6][:] - /****************流量统计******************/
LastReadBytes:0
LastReadThroughput:0
LastWrittenBytes:0
LastWriteThroughput:0
RealWrittenBytes:0
RealWriteThroughput:0
当前玩家的连接数量:0
当前地图的线程个数：9
当前地图的个数:48
当前数据库执行队列数:0
当前发送队列缓存的对象数量:0
totalMemory：680001536, use ：462023080, free ：217978456DirectMemory：1827143680, 恢复 ：1
当前时间 ：2026-08-21 00:33:04send keng：2418, sheng ：4194304
decode keng：26, sheng ：2097152
world keng：12, sheng ：1048576

2026-08-21 00:33:09.682 INFO [pool-6-thread-6][:] - /****************流量统计******************/
LastReadBytes:0
LastReadThroughput:0
LastWrittenBytes:0
LastWriteThroughput:0
RealWrittenBytes:0
RealWriteThroughput:0
当前玩家的连接数量:0
当前地图的线程个数：9
当前地图的个数:48
当前数据库执行队列数:0
当前发送队列缓存的对象数量:0
totalMemory：680001536, use ：465504424, free ：214497112DirectMemory：1827143680, 恢复 ：1
当前时间 ：2026-08-21 00:33:09send keng：2418, sheng ：4194304
decode keng：26, sheng ：2097152
world keng：12, sheng ：1048576

2026-08-21 00:33:14.682 INFO [pool-6-thread-1][:] - /****************流量统计******************/
LastReadBytes:0
LastReadThroughput:0
LastWrittenBytes:0
LastWriteThroughput:0
RealWrittenBytes:0
RealWriteThroughput:0
当前玩家的连接数量:0
当前地图的线程个数：9
当前地图的个数:48
当前数据库执行队列数:0
当前发送队列缓存的对象数量:0
totalMemory：680525824, use ：422508976, free ：258016848DirectMemory：1827143680, 恢复 ：1
当前时间 ：2026-08-21 00:33:14send keng：2418, sheng ：4194304
decode keng：26, sheng ：2097152
world keng：12, sheng ：1048576

2026-08-21 00:33:19.682 INFO [pool-6-thread-1][:] - /****************流量统计******************/
LastReadBytes:0
LastReadThroughput:0
LastWrittenBytes:0
LastWriteThroughput:0
RealWrittenBytes:0
RealWriteThroughput:0
当前玩家的连接数量:0
当前地图的线程个数：9
当前地图的个数:48
当前数据库执行队列数:0
当前发送队列缓存的对象数量:0
totalMemory：680525824, use ：425957208, free ：254568616DirectMemory：1827143680, 恢复 ：1
当前时间 ：2026-08-21 00:33:19send keng：2418, sheng ：4194304
decode keng：26, sheng ：2097152
world keng：12, sheng ：1048576

2026-08-21 00:33:24.682 INFO [pool-6-thread-6][:] - /****************流量统计******************/
LastReadBytes:0
LastReadThroughput:0
LastWrittenBytes:0
LastWriteThroughput:0
RealWrittenBytes:0
RealWriteThroughput:0
当前玩家的连接数量:0
当前地图的线程个数：9
当前地图的个数:48
当前数据库执行队列数:0
当前发送队列缓存的对象数量:0
totalMemory：680525824, use ：429687376, free ：250838448DirectMemory：1827143680, 恢复 ：1
当前时间 ：2026-08-21 00:33:24send keng：2418, sheng ：4194304
decode keng：26, sheng ：2097152
world keng：12, sheng ：1048576

2026-08-21 00:33:29.682 INFO [pool-6-thread-8][:] - /****************流量统计******************/
LastReadBytes:0
LastReadThroughput:0
LastWrittenBytes:0
LastWriteThroughput:0
RealWrittenBytes:0
RealWriteThroughput:0
当前玩家的连接数量:0
当前地图的线程个数：9
当前地图的个数:48
当前数据库执行队列数:0
当前发送队列缓存的对象数量:0
totalMemory：680525824, use ：433167712, free ：247358112DirectMemory：1827143680, 恢复 ：1
当前时间 ：2026-08-21 00:33:29send keng：2418, sheng ：4194304
decode keng：26, sheng ：2097152
world keng：12, sheng ：1048576

2026-08-21 00:33:34.682 INFO [pool-6-thread-9][:] - /****************流量统计******************/
LastReadBytes:0
LastReadThroughput:0
LastWrittenBytes:0
LastWriteThroughput:0
RealWrittenBytes:0
RealWriteThroughput:0
当前玩家的连接数量:0
当前地图的线程个数：9
当前地图的个数:48
当前数据库执行队列数:0
当前发送队列缓存的对象数量:0
totalMemory：680525824, use ：436584872, free ：243940952DirectMemory：1827143680, 恢复 ：1
当前时间 ：2026-08-21 00:33:34send keng：2418, sheng ：4194304
decode keng：26, sheng ：2097152
world keng：12, sheng ：1048576

2026-08-21 00:33:39.682 INFO [pool-6-thread-9][:] - /****************流量统计******************/
LastReadBytes:0
LastReadThroughput:0
LastWrittenBytes:0
LastWriteThroughput:0
RealWrittenBytes:0
RealWriteThroughput:0
当前玩家的连接数量:0
当前地图的线程个数：9
当前地图的个数:48
当前数据库执行队列数:0
当前发送队列缓存的对象数量:0
totalMemory：680525824, use ：440205400, free ：240320424DirectMemory：1827143680, 恢复 ：1
当前时间 ：2026-08-21 00:33:39send keng：2418, sheng ：4194304
decode keng：26, sheng ：2097152
world keng：12, sheng ：1048576

2026-08-21 00:33:44.682 INFO [pool-6-thread-3][:] - /****************流量统计******************/
LastReadBytes:0
LastReadThroughput:0
LastWrittenBytes:0
LastWriteThroughput:0
RealWrittenBytes:0
RealWriteThroughput:0
当前玩家的连接数量:0
当前地图的线程个数：9
当前地图的个数:48
当前数据库执行队列数:0
当前发送队列缓存的对象数量:0
totalMemory：680525824, use ：443821848, free ：236703976DirectMemory：1827143680, 恢复 ：1
当前时间 ：2026-08-21 00:33:44send keng：2418, sheng ：4194304
decode keng：26, sheng ：2097152
world keng：12, sheng ：1048576

2026-08-21 00:33:49.682 INFO [pool-6-thread-4][:] - /****************流量统计******************/
LastReadBytes:0
LastReadThroughput:0
LastWrittenBytes:0
LastWriteThroughput:0
RealWrittenBytes:0
RealWriteThroughput:0
当前玩家的连接数量:0
当前地图的线程个数：9
当前地图的个数:48
当前数据库执行队列数:0
当前发送队列缓存的对象数量:0
totalMemory：680525824, use ：447414200, free ：233111624DirectMemory：1827143680, 恢复 ：1
当前时间 ：2026-08-21 00:33:49send keng：2418, sheng ：4194304
decode keng：26, sheng ：2097152
world keng：12, sheng ：1048576

2026-08-21 00:33:54.682 INFO [pool-6-thread-1][:] - /****************流量统计******************/
LastReadBytes:0
LastReadThroughput:0
LastWrittenBytes:0
LastWriteThroughput:0
RealWrittenBytes:0
RealWriteThroughput:0
当前玩家的连接数量:0
当前地图的线程个数：9
当前地图的个数:48
当前数据库执行队列数:0
当前发送队列缓存的对象数量:0
totalMemory：680525824, use ：450752760, free ：229773064DirectMemory：1827143680, 恢复 ：1
当前时间 ：2026-08-21 00:33:54send keng：2418, sheng ：4194304
decode keng：26, sheng ：2097152
world keng：12, sheng ：1048576

2026-08-21 00:33:59.682 INFO [pool-6-thread-8][:] - /****************流量统计******************/
LastReadBytes:0
LastReadThroughput:0
LastWrittenBytes:0
LastWriteThroughput:0
RealWrittenBytes:0
RealWriteThroughput:0
当前玩家的连接数量:0
当前地图的线程个数：9
当前地图的个数:48
当前数据库执行队列数:0
当前发送队列缓存的对象数量:0
totalMemory：680525824, use ：454284792, free ：226241032DirectMemory：1827143680, 恢复 ：1
当前时间 ：2026-08-21 00:33:59send keng：2418, sheng ：4194304
decode keng：26, sheng ：2097152
world keng：12, sheng ：1048576

2026-08-21 00:34:04.682 INFO [pool-6-thread-2][:] - /****************流量统计******************/
LastReadBytes:0
LastReadThroughput:0
LastWrittenBytes:0
LastWriteThroughput:0
RealWrittenBytes:0
RealWriteThroughput:0
当前玩家的连接数量:0
当前地图的线程个数：9
当前地图的个数:48
当前数据库执行队列数:0
当前发送队列缓存的对象数量:0
totalMemory：680525824, use ：457978496, free ：222547328DirectMemory：1827143680, 恢复 ：1
当前时间 ：2026-08-21 00:34:04send keng：2418, sheng ：4194304
decode keng：26, sheng ：2097152
world keng：12, sheng ：1048576

2026-08-21 00:34:09.682 INFO [pool-6-thread-5][:] - /****************流量统计******************/
LastReadBytes:0
LastReadThroughput:0
LastWrittenBytes:0
LastWriteThroughput:0
RealWrittenBytes:0
RealWriteThroughput:0
当前玩家的连接数量:0
当前地图的线程个数：9
当前地图的个数:48
当前数据库执行队列数:0
当前发送队列缓存的对象数量:0
totalMemory：680525824, use ：461515976, free ：219009848DirectMemory：1827143680, 恢复 ：1
当前时间 ：2026-08-21 00:34:09send keng：2418, sheng ：4194304
decode keng：26, sheng ：2097152
world keng：12, sheng ：1048576

2026-08-21 00:34:14.682 INFO [pool-6-thread-7][:] - /****************流量统计******************/
LastReadBytes:0
LastReadThroughput:0
LastWrittenBytes:0
LastWriteThroughput:0
RealWrittenBytes:0
RealWriteThroughput:0
当前玩家的连接数量:0
当前地图的线程个数：9
当前地图的个数:48
当前数据库执行队列数:0
当前发送队列缓存的对象数量:0
totalMemory：680525824, use ：465074768, free ：215451056DirectMemory：1827143680, 恢复 ：1
当前时间 ：2026-08-21 00:34:14send keng：2418, sheng ：4194304
decode keng：26, sheng ：2097152
world keng：12, sheng ：1048576

2026-08-21 00:34:19.682 INFO [pool-6-thread-2][:] - /****************流量统计******************/
LastReadBytes:0
LastReadThroughput:0
LastWrittenBytes:0
LastWriteThroughput:0
RealWrittenBytes:0
RealWriteThroughput:0
当前玩家的连接数量:0
当前地图的线程个数：9
当前地图的个数:48
当前数据库执行队列数:0
当前发送队列缓存的对象数量:0
totalMemory：680001536, use ：421862256, free ：258139280DirectMemory：1827143680, 恢复 ：1
当前时间 ：2026-08-21 00:34:19send keng：2418, sheng ：4194304
decode keng：26, sheng ：2097152
world keng：12, sheng ：1048576

2026-08-21 00:34:24.682 INFO [pool-6-thread-6][:] - /****************流量统计******************/
LastReadBytes:0
LastReadThroughput:0
LastWrittenBytes:0
LastWriteThroughput:0
RealWrittenBytes:0
RealWriteThroughput:0
当前玩家的连接数量:0
当前地图的线程个数：9
当前地图的个数:48
当前数据库执行队列数:0
当前发送队列缓存的对象数量:0
totalMemory：680001536, use ：425602864, free ：254398672DirectMemory：1827143680, 恢复 ：1
当前时间 ：2026-08-21 00:34:24send keng：2418, sheng ：4194304
decode keng：26, sheng ：2097152
world keng：12, sheng ：1048576

2026-08-21 00:34:29.682 INFO [pool-6-thread-5][:] - /****************流量统计******************/
LastReadBytes:0
LastReadThroughput:0
LastWrittenBytes:0
LastWriteThroughput:0
RealWrittenBytes:0
RealWriteThroughput:0
当前玩家的连接数量:0
当前地图的线程个数：9
当前地图的个数:48
当前数据库执行队列数:0
当前发送队列缓存的对象数量:0
totalMemory：680001536, use ：429154552, free ：250846984DirectMemory：1827143680, 恢复 ：1
当前时间 ：2026-08-21 00:34:29send keng：2418, sheng ：4194304
decode keng：26, sheng ：2097152
world keng：12, sheng ：1048576

2026-08-21 00:34:34.682 INFO [pool-6-thread-6][:] - /****************流量统计******************/
LastReadBytes:0
LastReadThroughput:0
LastWrittenBytes:0
LastWriteThroughput:0
RealWrittenBytes:0
RealWriteThroughput:0
当前玩家的连接数量:0
当前地图的线程个数：9
当前地图的个数:48
当前数据库执行队列数:0
当前发送队列缓存的对象数量:0
totalMemory：680001536, use ：432617568, free ：247383968DirectMemory：1827143680, 恢复 ：1
当前时间 ：2026-08-21 00:34:34send keng：2418, sheng ：4194304
decode keng：26, sheng ：2097152
world keng：12, sheng ：1048576

2026-08-21 00:34:39.682 INFO [pool-6-thread-1][:] - /****************流量统计******************/
LastReadBytes:0
LastReadThroughput:0
LastWrittenBytes:0
LastWriteThroughput:0
RealWrittenBytes:0
RealWriteThroughput:0
当前玩家的连接数量:0
当前地图的线程个数：9
当前地图的个数:48
当前数据库执行队列数:0
当前发送队列缓存的对象数量:0
totalMemory：680001536, use ：436253160, free ：243748376DirectMemory：1827143680, 恢复 ：1
当前时间 ：2026-08-21 00:34:39send keng：2418, sheng ：4194304
decode keng：26, sheng ：2097152
world keng：12, sheng ：1048576

2026-08-21 00:34:44.682 INFO [pool-6-thread-7][:] - /****************流量统计******************/
LastReadBytes:0
LastReadThroughput:0
LastWrittenBytes:0
LastWriteThroughput:0
RealWrittenBytes:0
RealWriteThroughput:0
当前玩家的连接数量:0
当前地图的线程个数：9
当前地图的个数:48
当前数据库执行队列数:0
当前发送队列缓存的对象数量:0
totalMemory：680001536, use ：439594752, free ：240406784DirectMemory：1827143680, 恢复 ：1
当前时间 ：2026-08-21 00:34:44send keng：2418, sheng ：4194304
decode keng：26, sheng ：2097152
world keng：12, sheng ：1048576

2026-08-21 00:34:49.682 INFO [pool-6-thread-10][:] - /****************流量统计******************/
LastReadBytes:0
LastReadThroughput:0
LastWrittenBytes:0
LastWriteThroughput:0
RealWrittenBytes:0
RealWriteThroughput:0
当前玩家的连接数量:0
当前地图的线程个数：9
当前地图的个数:48
当前数据库执行队列数:0
当前发送队列缓存的对象数量:0
totalMemory：680001536, use ：443222288, free ：236779248DirectMemory：1827143680, 恢复 ：1
当前时间 ：2026-08-21 00:34:49send keng：2418, sheng ：4194304
decode keng：26, sheng ：2097152
world keng：12, sheng ：1048576

2026-08-21 00:34:54.682 INFO [pool-6-thread-6][:] - /****************流量统计******************/
LastReadBytes:0
LastReadThroughput:0
LastWrittenBytes:0
LastWriteThroughput:0
RealWrittenBytes:0
RealWriteThroughput:0
当前玩家的连接数量:0
当前地图的线程个数：9
当前地图的个数:48
当前数据库执行队列数:0
当前发送队列缓存的对象数量:0
totalMemory：680001536, use ：446576288, free ：233425248DirectMemory：1827143680, 恢复 ：1
当前时间 ：2026-08-21 00:34:54send keng：2418, sheng ：4194304
decode keng：26, sheng ：2097152
world keng：12, sheng ：1048576

2026-08-21 00:34:59.682 INFO [pool-6-thread-2][:] - /****************流量统计******************/
LastReadBytes:0
LastReadThroughput:0
LastWrittenBytes:0
LastWriteThroughput:0
RealWrittenBytes:0
RealWriteThroughput:0
当前玩家的连接数量:0
当前地图的线程个数：9
当前地图的个数:48
当前数据库执行队列数:0
当前发送队列缓存的对象数量:0
totalMemory：680001536, use ：450197200, free ：229804336DirectMemory：1827143680, 恢复 ：1
当前时间 ：2026-08-21 00:34:59send keng：2418, sheng ：4194304
decode keng：26, sheng ：2097152
world keng：12, sheng ：1048576

2026-08-21 00:35:04.682 INFO [pool-6-thread-6][:] - /****************流量统计******************/
LastReadBytes:0
LastReadThroughput:0
LastWrittenBytes:0
LastWriteThroughput:0
RealWrittenBytes:0
RealWriteThroughput:0
当前玩家的连接数量:0
当前地图的线程个数：9
当前地图的个数:48
当前数据库执行队列数:0
当前发送队列缓存的对象数量:0
totalMemory：680001536, use ：453630360, free ：226371176DirectMemory：1827143680, 恢复 ：1
当前时间 ：2026-08-21 00:35:04send keng：2418, sheng ：4194304
decode keng：26, sheng ：2097152
world keng：12, sheng ：1048576

2026-08-21 00:35:09.682 INFO [pool-6-thread-8][:] - /****************流量统计******************/
LastReadBytes:0
LastReadThroughput:0
LastWrittenBytes:0
LastWriteThroughput:0
RealWrittenBytes:0
RealWriteThroughput:0
当前玩家的连接数量:0
当前地图的线程个数：9
当前地图的个数:48
当前数据库执行队列数:0
当前发送队列缓存的对象数量:0
totalMemory：680001536, use ：457235704, free ：222765832DirectMemory：1827143680, 恢复 ：1
当前时间 ：2026-08-21 00:35:09send keng：2418, sheng ：4194304
decode keng：26, sheng ：2097152
world keng：12, sheng ：1048576

2026-08-21 00:35:14.682 INFO [pool-6-thread-1][:] - /****************流量统计******************/
LastReadBytes:0
LastReadThroughput:0
LastWrittenBytes:0
LastWriteThroughput:0
RealWrittenBytes:0
RealWriteThroughput:0
当前玩家的连接数量:0
当前地图的线程个数：9
当前地图的个数:48
当前数据库执行队列数:0
当前发送队列缓存的对象数量:0
totalMemory：680001536, use ：460913568, free ：219087968DirectMemory：1827143680, 恢复 ：1
当前时间 ：2026-08-21 00:35:14send keng：2418, sheng ：4194304
decode keng：26, sheng ：2097152
world keng：12, sheng ：1048576

2026-08-21 00:35:19.682 INFO [pool-6-thread-8][:] - /****************流量统计******************/
LastReadBytes:0
LastReadThroughput:0
LastWrittenBytes:0
LastWriteThroughput:0
RealWrittenBytes:0
RealWriteThroughput:0
当前玩家的连接数量:0
当前地图的线程个数：9
当前地图的个数:48
当前数据库执行队列数:0
当前发送队列缓存的对象数量:0
totalMemory：680001536, use ：464433392, free ：215568144DirectMemory：1827143680, 恢复 ：1
当前时间 ：2026-08-21 00:35:19send keng：2418, sheng ：4194304
decode keng：26, sheng ：2097152
world keng：12, sheng ：1048576

2026-08-21 00:35:24.682 INFO [pool-6-thread-9][:] - /****************流量统计******************/
LastReadBytes:0
LastReadThroughput:0
LastWrittenBytes:0
LastWriteThroughput:0
RealWrittenBytes:0
RealWriteThroughput:0
当前玩家的连接数量:0
当前地图的线程个数：9
当前地图的个数:48
当前数据库执行队列数:0
当前发送队列缓存的对象数量:0
totalMemory：680001536, use ：421410688, free ：258590848DirectMemory：1827143680, 恢复 ：1
当前时间 ：2026-08-21 00:35:24send keng：2418, sheng ：4194304
decode keng：26, sheng ：2097152
world keng：12, sheng ：1048576

2026-08-21 00:35:29.682 INFO [pool-6-thread-10][:] - /****************流量统计******************/
LastReadBytes:0
LastReadThroughput:0
LastWrittenBytes:0
LastWriteThroughput:0
RealWrittenBytes:0
RealWriteThroughput:0
当前玩家的连接数量:0
当前地图的线程个数：9
当前地图的个数:48
当前数据库执行队列数:0
当前发送队列缓存的对象数量:0
totalMemory：680001536, use ：425021456, free ：254980080DirectMemory：1827143680, 恢复 ：1
当前时间 ：2026-08-21 00:35:29send keng：2418, sheng ：4194304
decode keng：26, sheng ：2097152
world keng：12, sheng ：1048576

2026-08-21 00:35:34.682 INFO [pool-6-thread-10][:] - /****************流量统计******************/
LastReadBytes:0
LastReadThroughput:0
LastWrittenBytes:0
LastWriteThroughput:0
RealWrittenBytes:0
RealWriteThroughput:0
当前玩家的连接数量:0
当前地图的线程个数：9
当前地图的个数:48
当前数据库执行队列数:0
当前发送队列缓存的对象数量:0
totalMemory：680001536, use ：428523408, free ：251478128DirectMemory：1827143680, 恢复 ：1
当前时间 ：2026-08-21 00:35:34send keng：2418, sheng ：4194304
decode keng：26, sheng ：2097152
world keng：12, sheng ：1048576

2026-08-21 00:35:39.682 INFO [pool-6-thread-5][:] - /****************流量统计******************/
LastReadBytes:0
LastReadThroughput:0
LastWrittenBytes:0
LastWriteThroughput:0
RealWrittenBytes:0
RealWriteThroughput:0
当前玩家的连接数量:0
当前地图的线程个数：9
当前地图的个数:48
当前数据库执行队列数:0
当前发送队列缓存的对象数量:0
totalMemory：680001536, use ：431980304, free ：248021232DirectMemory：1827143680, 恢复 ：1
当前时间 ：2026-08-21 00:35:39send keng：2418, sheng ：4194304
decode keng：26, sheng ：2097152
world keng：12, sheng ：1048576

2026-08-21 00:35:44.682 INFO [pool-6-thread-1][:] - /****************流量统计******************/
LastReadBytes:0
LastReadThroughput:0
LastWrittenBytes:0
LastWriteThroughput:0
RealWrittenBytes:0
RealWriteThroughput:0
当前玩家的连接数量:0
当前地图的线程个数：9
当前地图的个数:48
当前数据库执行队列数:0
当前发送队列缓存的对象数量:0
totalMemory：680001536, use ：435572048, free ：244429488DirectMemory：1827143680, 恢复 ：1
当前时间 ：2026-08-21 00:35:44send keng：2418, sheng ：4194304
decode keng：26, sheng ：2097152
world keng：12, sheng ：1048576

2026-08-21 00:35:49.682 INFO [pool-6-thread-5][:] - /****************流量统计******************/
LastReadBytes:0
LastReadThroughput:0
LastWrittenBytes:0
LastWriteThroughput:0
RealWrittenBytes:0
RealWriteThroughput:0
当前玩家的连接数量:0
当前地图的线程个数：9
当前地图的个数:48
当前数据库执行队列数:0
当前发送队列缓存的对象数量:0
totalMemory：680001536, use ：439246168, free ：240755368DirectMemory：1827143680, 恢复 ：1
当前时间 ：2026-08-21 00:35:49send keng：2418, sheng ：4194304
decode keng：26, sheng ：2097152
world keng：12, sheng ：1048576

2026-08-21 00:35:54.682 INFO [pool-6-thread-2][:] - /****************流量统计******************/
LastReadBytes:0
LastReadThroughput:0
LastWrittenBytes:0
LastWriteThroughput:0
RealWrittenBytes:0
RealWriteThroughput:0
当前玩家的连接数量:0
当前地图的线程个数：9
当前地图的个数:48
当前数据库执行队列数:0
当前发送队列缓存的对象数量:0
totalMemory：680001536, use ：442748176, free ：237253360DirectMemory：1827143680, 恢复 ：1
当前时间 ：2026-08-21 00:35:54send keng：2418, sheng ：4194304
decode keng：26, sheng ：2097152
world keng：12, sheng ：1048576

2026-08-21 00:35:59.682 INFO [pool-6-thread-6][:] - /****************流量统计******************/
LastReadBytes:0
LastReadThroughput:0
LastWrittenBytes:0
LastWriteThroughput:0
RealWrittenBytes:0
RealWriteThroughput:0
当前玩家的连接数量:0
当前地图的线程个数：9
当前地图的个数:48
当前数据库执行队列数:0
当前发送队列缓存的对象数量:0
totalMemory：680001536, use ：446288272, free ：233713264DirectMemory：1827143680, 恢复 ：1
当前时间 ：2026-08-21 00:35:59send keng：2418, sheng ：4194304
decode keng：26, sheng ：2097152
world keng：12, sheng ：1048576

2026-08-21 00:36:04.682 INFO [pool-6-thread-3][:] - /****************流量统计******************/
LastReadBytes:0
LastReadThroughput:0
LastWrittenBytes:0
LastWriteThroughput:0
RealWrittenBytes:0
RealWriteThroughput:0
当前玩家的连接数量:0
当前地图的线程个数：9
当前地图的个数:48
当前数据库执行队列数:0
当前发送队列缓存的对象数量:0
totalMemory：680001536, use ：450003152, free ：229998384DirectMemory：1827143680, 恢复 ：1
当前时间 ：2026-08-21 00:36:04send keng：2418, sheng ：4194304
decode keng：26, sheng ：2097152
world keng：12, sheng ：1048576

2026-08-21 00:36:09.682 INFO [pool-6-thread-7][:] - /****************流量统计******************/
LastReadBytes:0
LastReadThroughput:0
LastWrittenBytes:0
LastWriteThroughput:0
RealWrittenBytes:0
RealWriteThroughput:0
当前玩家的连接数量:0
当前地图的线程个数：9
当前地图的个数:48
当前数据库执行队列数:0
当前发送队列缓存的对象数量:0
totalMemory：680001536, use ：453309248, free ：226692288DirectMemory：1827143680, 恢复 ：1
当前时间 ：2026-08-21 00:36:09send keng：2418, sheng ：4194304
decode keng：26, sheng ：2097152
world keng：12, sheng ：1048576

2026-08-21 00:36:14.682 INFO [pool-6-thread-1][:] - /****************流量统计******************/
LastReadBytes:0
LastReadThroughput:0
LastWrittenBytes:0
LastWriteThroughput:0
RealWrittenBytes:0
RealWriteThroughput:0
当前玩家的连接数量:0
当前地图的线程个数：9
当前地图的个数:48
当前数据库执行队列数:0
当前发送队列缓存的对象数量:0
totalMemory：680001536, use ：457094936, free ：222906600DirectMemory：1827143680, 恢复 ：1
当前时间 ：2026-08-21 00:36:14send keng：2418, sheng ：4194304
decode keng：26, sheng ：2097152
world keng：12, sheng ：1048576

2026-08-21 00:36:19.682 INFO [pool-6-thread-3][:] - /****************流量统计******************/
LastReadBytes:0
LastReadThroughput:0
LastWrittenBytes:0
LastWriteThroughput:0
RealWrittenBytes:0
RealWriteThroughput:0
当前玩家的连接数量:0
当前地图的线程个数：9
当前地图的个数:48
当前数据库执行队列数:0
当前发送队列缓存的对象数量:0
totalMemory：680001536, use ：460470224, free ：219531312DirectMemory：1827143680, 恢复 ：1
当前时间 ：2026-08-21 00:36:19send keng：2418, sheng ：4194304
decode keng：26, sheng ：2097152
world keng：12, sheng ：1048576

2026-08-21 00:36:24.682 INFO [pool-6-thread-10][:] - /****************流量统计******************/
LastReadBytes:0
LastReadThroughput:0
LastWrittenBytes:0
LastWriteThroughput:0
RealWrittenBytes:0
RealWriteThroughput:0
当前玩家的连接数量:0
当前地图的线程个数：9
当前地图的个数:48
当前数据库执行队列数:0
当前发送队列缓存的对象数量:0
totalMemory：680001536, use ：464116216, free ：215885320DirectMemory：1827143680, 恢复 ：1
当前时间 ：2026-08-21 00:36:24send keng：2418, sheng ：4194304
decode keng：26, sheng ：2097152
world keng：12, sheng ：1048576

2026-08-21 00:36:29.682 INFO [pool-6-thread-4][:] - /****************流量统计******************/
LastReadBytes:0
LastReadThroughput:0
LastWrittenBytes:0
LastWriteThroughput:0
RealWrittenBytes:0
RealWriteThroughput:0
当前玩家的连接数量:0
当前地图的线程个数：9
当前地图的个数:48
当前数据库执行队列数:0
当前发送队列缓存的对象数量:0
totalMemory：680001536, use ：421047224, free ：258954312DirectMemory：1827143680, 恢复 ：1
当前时间 ：2026-08-21 00:36:29send keng：2418, sheng ：4194304
decode keng：26, sheng ：2097152
world keng：12, sheng ：1048576

2026-08-21 00:36:34.682 INFO [pool-6-thread-8][:] - /****************流量统计******************/
LastReadBytes:0
LastReadThroughput:0
LastWrittenBytes:0
LastWriteThroughput:0
RealWrittenBytes:0
RealWriteThroughput:0
当前玩家的连接数量:0
当前地图的线程个数：9
当前地图的个数:48
当前数据库执行队列数:0
当前发送队列缓存的对象数量:0
totalMemory：680001536, use ：424750464, free ：255251072DirectMemory：1827143680, 恢复 ：1
当前时间 ：2026-08-21 00:36:34send keng：2418, sheng ：4194304
decode keng：26, sheng ：2097152
world keng：12, sheng ：1048576

2026-08-21 00:36:39.682 INFO [pool-6-thread-4][:] - /****************流量统计******************/
LastReadBytes:0
LastReadThroughput:0
LastWrittenBytes:0
LastWriteThroughput:0
RealWrittenBytes:0
RealWriteThroughput:0
当前玩家的连接数量:0
当前地图的线程个数：9
当前地图的个数:48
当前数据库执行队列数:0
当前发送队列缓存的对象数量:0
totalMemory：680001536, use ：427930184, free ：252071352DirectMemory：1827143680, 恢复 ：1
当前时间 ：2026-08-21 00:36:39send keng：2418, sheng ：4194304
decode keng：26, sheng ：2097152
world keng：12, sheng ：1048576

2026-08-21 00:36:44.682 INFO [pool-6-thread-6][:] - /****************流量统计******************/
LastReadBytes:0
LastReadThroughput:0
LastWrittenBytes:0
LastWriteThroughput:0
RealWrittenBytes:0
RealWriteThroughput:0
当前玩家的连接数量:0
当前地图的线程个数：9
当前地图的个数:48
当前数据库执行队列数:0
当前发送队列缓存的对象数量:0
totalMemory：680001536, use ：431771048, free ：248230488DirectMemory：1827143680, 恢复 ：1
当前时间 ：2026-08-21 00:36:44send keng：2418, sheng ：4194304
decode keng：26, sheng ：2097152
world keng：12, sheng ：1048576

2026-08-21 00:36:49.682 INFO [pool-6-thread-8][:] - /****************流量统计******************/
LastReadBytes:0
LastReadThroughput:0
LastWrittenBytes:0
LastWriteThroughput:0
RealWrittenBytes:0
RealWriteThroughput:0
当前玩家的连接数量:0
当前地图的线程个数：9
当前地图的个数:48
当前数据库执行队列数:0
当前发送队列缓存的对象数量:0
totalMemory：680001536, use ：435132760, free ：244868776DirectMemory：1827143680, 恢复 ：1
当前时间 ：2026-08-21 00:36:49send keng：2418, sheng ：4194304
decode keng：26, sheng ：2097152
world keng：12, sheng ：1048576

2026-08-21 00:36:54.697 INFO [pool-6-thread-6][:] - /****************流量统计******************/
LastReadBytes:0
LastReadThroughput:0
LastWrittenBytes:0
LastWriteThroughput:0
RealWrittenBytes:0
RealWriteThroughput:0
当前玩家的连接数量:0
当前地图的线程个数：9
当前地图的个数:48
当前数据库执行队列数:0
当前发送队列缓存的对象数量:0
totalMemory：680001536, use ：438635808, free ：241365728DirectMemory：1827143680, 恢复 ：1
当前时间 ：2026-08-21 00:36:54send keng：2418, sheng ：4194304
decode keng：26, sheng ：2097152
world keng：12, sheng ：1048576

2026-08-21 00:36:59.682 INFO [pool-6-thread-2][:] - /****************流量统计******************/
LastReadBytes:0
LastReadThroughput:0
LastWrittenBytes:0
LastWriteThroughput:0
RealWrittenBytes:0
RealWriteThroughput:0
当前玩家的连接数量:0
当前地图的线程个数：9
当前地图的个数:48
当前数据库执行队列数:0
当前发送队列缓存的对象数量:0
totalMemory：680001536, use ：442179760, free ：237821776DirectMemory：1827143680, 恢复 ：1
当前时间 ：2026-08-21 00:36:59send keng：2418, sheng ：4194304
decode keng：26, sheng ：2097152
world keng：12, sheng ：1048576

2026-08-21 00:37:04.682 INFO [pool-6-thread-10][:] - /****************流量统计******************/
LastReadBytes:0
LastReadThroughput:0
LastWrittenBytes:0
LastWriteThroughput:0
RealWrittenBytes:0
RealWriteThroughput:0
当前玩家的连接数量:0
当前地图的线程个数：9
当前地图的个数:48
当前数据库执行队列数:0
当前发送队列缓存的对象数量:0
totalMemory：680001536, use ：445671472, free ：234330064DirectMemory：1827143680, 恢复 ：1
当前时间 ：2026-08-21 00:37:04send keng：2418, sheng ：4194304
decode keng：26, sheng ：2097152
world keng：12, sheng ：1048576

2026-08-21 00:37:09.682 INFO [pool-6-thread-3][:] - /****************流量统计******************/
LastReadBytes:0
LastReadThroughput:0
LastWrittenBytes:0
LastWriteThroughput:0
RealWrittenBytes:0
RealWriteThroughput:0
当前玩家的连接数量:0
当前地图的线程个数：9
当前地图的个数:48
当前数据库执行队列数:0
当前发送队列缓存的对象数量:0
totalMemory：680001536, use ：449211960, free ：230789576DirectMemory：1827143680, 恢复 ：1
当前时间 ：2026-08-21 00:37:09send keng：2418, sheng ：4194304
decode keng：26, sheng ：2097152
world keng：12, sheng ：1048576

2026-08-21 00:37:14.682 INFO [pool-6-thread-10][:] - /****************流量统计******************/
LastReadBytes:0
LastReadThroughput:0
LastWrittenBytes:0
LastWriteThroughput:0
RealWrittenBytes:0
RealWriteThroughput:0
当前玩家的连接数量:0
当前地图的线程个数：9
当前地图的个数:48
当前数据库执行队列数:0
当前发送队列缓存的对象数量:0
totalMemory：680001536, use ：452913984, free ：227087552DirectMemory：1827143680, 恢复 ：1
当前时间 ：2026-08-21 00:37:14send keng：2418, sheng ：4194304
decode keng：26, sheng ：2097152
world keng：12, sheng ：1048576

2026-08-21 00:37:19.682 INFO [pool-6-thread-9][:] - /****************流量统计******************/
LastReadBytes:0
LastReadThroughput:0
LastWrittenBytes:0
LastWriteThroughput:0
RealWrittenBytes:0
RealWriteThroughput:0
当前玩家的连接数量:0
当前地图的线程个数：9
当前地图的个数:48
当前数据库执行队列数:0
当前发送队列缓存的对象数量:0
totalMemory：680001536, use ：456578048, free ：223423488DirectMemory：1827143680, 恢复 ：1
当前时间 ：2026-08-21 00:37:19send keng：2418, sheng ：4194304
decode keng：26, sheng ：2097152
world keng：12, sheng ：1048576

2026-08-21 00:37:24.682 INFO [pool-6-thread-5][:] - /****************流量统计******************/
LastReadBytes:0
LastReadThroughput:0
LastWrittenBytes:0
LastWriteThroughput:0
RealWrittenBytes:0
RealWriteThroughput:0
当前玩家的连接数量:0
当前地图的线程个数：9
当前地图的个数:48
当前数据库执行队列数:0
当前发送队列缓存的对象数量:0
totalMemory：680001536, use ：460034320, free ：219967216DirectMemory：1827143680, 恢复 ：1
当前时间 ：2026-08-21 00:37:24send keng：2418, sheng ：4194304
decode keng：26, sheng ：2097152
world keng：12, sheng ：1048576

2026-08-21 00:37:29.682 INFO [pool-6-thread-10][:] - /****************流量统计******************/
LastReadBytes:0
LastReadThroughput:0
LastWrittenBytes:0
LastWriteThroughput:0
RealWrittenBytes:0
RealWriteThroughput:0
当前玩家的连接数量:0
当前地图的线程个数：9
当前地图的个数:48
当前数据库执行队列数:0
当前发送队列缓存的对象数量:0
totalMemory：680001536, use ：463409584, free ：216591952DirectMemory：1827143680, 恢复 ：1
当前时间 ：2026-08-21 00:37:29send keng：2418, sheng ：4194304
decode keng：26, sheng ：2097152
world keng：12, sheng ：1048576

2026-08-21 00:37:34.682 INFO [pool-6-thread-2][:] - /****************流量统计******************/
LastReadBytes:0
LastReadThroughput:0
LastWrittenBytes:0
LastWriteThroughput:0
RealWrittenBytes:0
RealWriteThroughput:0
当前玩家的连接数量:0
当前地图的线程个数：9
当前地图的个数:48
当前数据库执行队列数:0
当前发送队列缓存的对象数量:0
totalMemory：680001536, use ：420537056, free ：259464480DirectMemory：1827143680, 恢复 ：1
当前时间 ：2026-08-21 00:37:34send keng：2418, sheng ：4194304
decode keng：26, sheng ：2097152
world keng：12, sheng ：1048576

2026-08-21 00:37:39.682 INFO [pool-6-thread-7][:] - /****************流量统计******************/
LastReadBytes:0
LastReadThroughput:0
LastWrittenBytes:0
LastWriteThroughput:0
RealWrittenBytes:0
RealWriteThroughput:0
当前玩家的连接数量:0
当前地图的线程个数：9
当前地图的个数:48
当前数据库执行队列数:0
当前发送队列缓存的对象数量:0
totalMemory：680001536, use ：423848208, free ：256153328DirectMemory：1827143680, 恢复 ：1
当前时间 ：2026-08-21 00:37:39send keng：2418, sheng ：4194304
decode keng：26, sheng ：2097152
world keng：12, sheng ：1048576

2026-08-21 00:37:44.682 INFO [pool-6-thread-7][:] - /****************流量统计******************/
LastReadBytes:0
LastReadThroughput:0
LastWrittenBytes:0
LastWriteThroughput:0
RealWrittenBytes:0
RealWriteThroughput:0
当前玩家的连接数量:0
当前地图的线程个数：9
当前地图的个数:48
当前数据库执行队列数:0
当前发送队列缓存的对象数量:0
totalMemory：680001536, use ：427515608, free ：252485928DirectMemory：1827143680, 恢复 ：1
当前时间 ：2026-08-21 00:37:44send keng：2418, sheng ：4194304
decode keng：26, sheng ：2097152
world keng：12, sheng ：1048576

2026-08-21 00:37:49.682 INFO [pool-6-thread-9][:] - /****************流量统计******************/
LastReadBytes:0
LastReadThroughput:0
LastWrittenBytes:0
LastWriteThroughput:0
RealWrittenBytes:0
RealWriteThroughput:0
当前玩家的连接数量:0
当前地图的线程个数：9
当前地图的个数:48
当前数据库执行队列数:0
当前发送队列缓存的对象数量:0
totalMemory：680001536, use ：430843176, free ：249158360DirectMemory：1827143680, 恢复 ：1
当前时间 ：2026-08-21 00:37:49send keng：2418, sheng ：4194304
decode keng：26, sheng ：2097152
world keng：12, sheng ：1048576

2026-08-21 00:37:54.682 INFO [pool-6-thread-4][:] - /****************流量统计******************/
LastReadBytes:0
LastReadThroughput:0
LastWrittenBytes:0
LastWriteThroughput:0
RealWrittenBytes:0
RealWriteThroughput:0
当前玩家的连接数量:0
当前地图的线程个数：9
当前地图的个数:48
当前数据库执行队列数:0
当前发送队列缓存的对象数量:0
totalMemory：680001536, use ：434554888, free ：245446648DirectMemory：1827143680, 恢复 ：1
当前时间 ：2026-08-21 00:37:54send keng：2418, sheng ：4194304
decode keng：26, sheng ：2097152
world keng：12, sheng ：1048576

2026-08-21 00:37:59.682 INFO [pool-6-thread-8][:] - /****************流量统计******************/
LastReadBytes:0
LastReadThroughput:0
LastWrittenBytes:0
LastWriteThroughput:0
RealWrittenBytes:0
RealWriteThroughput:0
当前玩家的连接数量:0
当前地图的线程个数：9
当前地图的个数:48
当前数据库执行队列数:0
当前发送队列缓存的对象数量:0
totalMemory：680001536, use ：437895000, free ：242106536DirectMemory：1827143680, 恢复 ：1
当前时间 ：2026-08-21 00:37:59send keng：2418, sheng ：4194304
decode keng：26, sheng ：2097152
world keng：12, sheng ：1048576

2026-08-21 00:38:04.682 INFO [pool-6-thread-4][:] - /****************流量统计******************/
LastReadBytes:0
LastReadThroughput:0
LastWrittenBytes:0
LastWriteThroughput:0
RealWrittenBytes:0
RealWriteThroughput:0
当前玩家的连接数量:0
当前地图的线程个数：9
当前地图的个数:48
当前数据库执行队列数:0
当前发送队列缓存的对象数量:0
totalMemory：680001536, use ：441640776, free ：238360760DirectMemory：1827143680, 恢复 ：1
当前时间 ：2026-08-21 00:38:04send keng：2418, sheng ：4194304
decode keng：26, sheng ：2097152
world keng：12, sheng ：1048576

2026-08-21 00:38:09.682 INFO [pool-6-thread-8][:] - /****************流量统计******************/
LastReadBytes:0
LastReadThroughput:0
LastWrittenBytes:0
LastWriteThroughput:0
RealWrittenBytes:0
RealWriteThroughput:0
当前玩家的连接数量:0
当前地图的线程个数：9
当前地图的个数:48
当前数据库执行队列数:0
当前发送队列缓存的对象数量:0
totalMemory：680001536, use ：445197096, free ：234804440DirectMemory：1827143680, 恢复 ：1
当前时间 ：2026-08-21 00:38:09send keng：2418, sheng ：4194304
decode keng：26, sheng ：2097152
world keng：12, sheng ：1048576

2026-08-21 00:38:14.682 INFO [pool-6-thread-4][:] - /****************流量统计******************/
LastReadBytes:0
LastReadThroughput:0
LastWrittenBytes:0
LastWriteThroughput:0
RealWrittenBytes:0
RealWriteThroughput:0
当前玩家的连接数量:0
当前地图的线程个数：9
当前地图的个数:48
当前数据库执行队列数:0
当前发送队列缓存的对象数量:0
totalMemory：680001536, use ：448606072, free ：231395464DirectMemory：1827143680, 恢复 ：1
当前时间 ：2026-08-21 00:38:14send keng：2418, sheng ：4194304
decode keng：26, sheng ：2097152
world keng：12, sheng ：1048576

2026-08-21 00:38:19.682 INFO [pool-6-thread-5][:] - /****************流量统计******************/
LastReadBytes:0
LastReadThroughput:0
LastWrittenBytes:0
LastWriteThroughput:0
RealWrittenBytes:0
RealWriteThroughput:0
当前玩家的连接数量:0
当前地图的线程个数：9
当前地图的个数:48
当前数据库执行队列数:0
当前发送队列缓存的对象数量:0
totalMemory：680001536, use ：452206152, free ：227795384DirectMemory：1827143680, 恢复 ：1
当前时间 ：2026-08-21 00:38:19send keng：2418, sheng ：4194304
decode keng：26, sheng ：2097152
world keng：12, sheng ：1048576

2026-08-21 00:38:24.682 INFO [pool-6-thread-6][:] - /****************流量统计******************/
LastReadBytes:0
LastReadThroughput:0
LastWrittenBytes:0
LastWriteThroughput:0
RealWrittenBytes:0
RealWriteThroughput:0
当前玩家的连接数量:0
当前地图的线程个数：9
当前地图的个数:48
当前数据库执行队列数:0
当前发送队列缓存的对象数量:0
totalMemory：680001536, use ：455838952, free ：224162584DirectMemory：1827143680, 恢复 ：1
当前时间 ：2026-08-21 00:38:24send keng：2418, sheng ：4194304
decode keng：26, sheng ：2097152
world keng：12, sheng ：1048576

2026-08-21 00:38:29.682 INFO [pool-6-thread-9][:] - /****************流量统计******************/
LastReadBytes:0
LastReadThroughput:0
LastWrittenBytes:0
LastWriteThroughput:0
RealWrittenBytes:0
RealWriteThroughput:0
当前玩家的连接数量:0
当前地图的线程个数：9
当前地图的个数:48
当前数据库执行队列数:0
当前发送队列缓存的对象数量:0
totalMemory：680001536, use ：459483080, free ：220518456DirectMemory：1827143680, 恢复 ：1
当前时间 ：2026-08-21 00:38:29send keng：2418, sheng ：4194304
decode keng：26, sheng ：2097152
world keng：12, sheng ：1048576

2026-08-21 00:38:34.682 INFO [pool-6-thread-5][:] - /****************流量统计******************/
LastReadBytes:0
LastReadThroughput:0
LastWrittenBytes:0
LastWriteThroughput:0
RealWrittenBytes:0
RealWriteThroughput:0
当前玩家的连接数量:0
当前地图的线程个数：9
当前地图的个数:48
当前数据库执行队列数:0
当前发送队列缓存的对象数量:0
totalMemory：680001536, use ：462831536, free ：217170000DirectMemory：1827143680, 恢复 ：1
当前时间 ：2026-08-21 00:38:34send keng：2418, sheng ：4194304
decode keng：26, sheng ：2097152
world keng：12, sheng ：1048576

2026-08-21 00:38:39.682 INFO [pool-6-thread-9][:] - /****************流量统计******************/
LastReadBytes:0
LastReadThroughput:0
LastWrittenBytes:0
LastWriteThroughput:0
RealWrittenBytes:0
RealWriteThroughput:0
当前玩家的连接数量:0
当前地图的线程个数：9
当前地图的个数:48
当前数据库执行队列数:0
当前发送队列缓存的对象数量:0
totalMemory：680001536, use ：466386128, free ：213615408DirectMemory：1827143680, 恢复 ：1
当前时间 ：2026-08-21 00:38:39send keng：2418, sheng ：4194304
decode keng：26, sheng ：2097152
world keng：12, sheng ：1048576

2026-08-21 00:38:44.682 INFO [pool-6-thread-3][:] - /****************流量统计******************/
LastReadBytes:0
LastReadThroughput:0
LastWrittenBytes:0
LastWriteThroughput:0
RealWrittenBytes:0
RealWriteThroughput:0
当前玩家的连接数量:0
当前地图的线程个数：9
当前地图的个数:48
当前数据库执行队列数:0
当前发送队列缓存的对象数量:0
totalMemory：680001536, use ：423326544, free ：256674992DirectMemory：1827143680, 恢复 ：1
当前时间 ：2026-08-21 00:38:44send keng：2418, sheng ：4194304
decode keng：26, sheng ：2097152
world keng：12, sheng ：1048576

2026-08-21 00:38:49.682 INFO [pool-6-thread-4][:] - /****************流量统计******************/
LastReadBytes:0
LastReadThroughput:0
LastWrittenBytes:0
LastWriteThroughput:0
RealWrittenBytes:0
RealWriteThroughput:0
当前玩家的连接数量:0
当前地图的线程个数：9
当前地图的个数:48
当前数据库执行队列数:0
当前发送队列缓存的对象数量:0
totalMemory：680001536, use ：426818592, free ：253182944DirectMemory：1827143680, 恢复 ：1
当前时间 ：2026-08-21 00:38:49send keng：2418, sheng ：4194304
decode keng：26, sheng ：2097152
world keng：12, sheng ：1048576

2026-08-21 00:38:54.682 INFO [pool-6-thread-5][:] - /****************流量统计******************/
LastReadBytes:0
LastReadThroughput:0
LastWrittenBytes:0
LastWriteThroughput:0
RealWrittenBytes:0
RealWriteThroughput:0
当前玩家的连接数量:0
当前地图的线程个数：9
当前地图的个数:48
当前数据库执行队列数:0
当前发送队列缓存的对象数量:0
totalMemory：680001536, use ：430371512, free ：249630024DirectMemory：1827143680, 恢复 ：1
当前时间 ：2026-08-21 00:38:54send keng：2418, sheng ：4194304
decode keng：26, sheng ：2097152
world keng：12, sheng ：1048576

2026-08-21 00:38:59.682 INFO [pool-6-thread-8][:] - /****************流量统计******************/
LastReadBytes:0
LastReadThroughput:0
LastWrittenBytes:0
LastWriteThroughput:0
RealWrittenBytes:0
RealWriteThroughput:0
当前玩家的连接数量:0
当前地图的线程个数：9
当前地图的个数:48
当前数据库执行队列数:0
当前发送队列缓存的对象数量:0
totalMemory：680001536, use ：434114824, free ：245886712DirectMemory：1827143680, 恢复 ：1
当前时间 ：2026-08-21 00:38:59send keng：2418, sheng ：4194304
decode keng：26, sheng ：2097152
world keng：12, sheng ：1048576

2026-08-21 00:39:04.682 INFO [pool-6-thread-5][:] - /****************流量统计******************/
LastReadBytes:0
LastReadThroughput:0
LastWrittenBytes:0
LastWriteThroughput:0
RealWrittenBytes:0
RealWriteThroughput:0
当前玩家的连接数量:0
当前地图的线程个数：9
当前地图的个数:48
当前数据库执行队列数:0
当前发送队列缓存的对象数量:0
totalMemory：680001536, use ：437277712, free ：242723824DirectMemory：1827143680, 恢复 ：1
当前时间 ：2026-08-21 00:39:04send keng：2418, sheng ：4194304
decode keng：26, sheng ：2097152
world keng：12, sheng ：1048576

2026-08-21 00:39:09.682 INFO [pool-6-thread-1][:] - /****************流量统计******************/
LastReadBytes:0
LastReadThroughput:0
LastWrittenBytes:0
LastWriteThroughput:0
RealWrittenBytes:0
RealWriteThroughput:0
当前玩家的连接数量:0
当前地图的线程个数：9
当前地图的个数:48
当前数据库执行队列数:0
当前发送队列缓存的对象数量:0
totalMemory：680001536, use ：440819976, free ：239181560DirectMemory：1827143680, 恢复 ：1
当前时间 ：2026-08-21 00:39:09send keng：2418, sheng ：4194304
decode keng：26, sheng ：2097152
world keng：12, sheng ：1048576

2026-08-21 00:39:14.682 INFO [pool-6-thread-1][:] - /****************流量统计******************/
LastReadBytes:0
LastReadThroughput:0
LastWrittenBytes:0
LastWriteThroughput:0
RealWrittenBytes:0
RealWriteThroughput:0
当前玩家的连接数量:0
当前地图的线程个数：9
当前地图的个数:48
当前数据库执行队列数:0
当前发送队列缓存的对象数量:0
totalMemory：680001536, use ：444460096, free ：235541440DirectMemory：1827143680, 恢复 ：1
当前时间 ：2026-08-21 00:39:14send keng：2418, sheng ：4194304
decode keng：26, sheng ：2097152
world keng：12, sheng ：1048576

2026-08-21 00:39:19.682 INFO [pool-6-thread-2][:] - /****************流量统计******************/
LastReadBytes:0
LastReadThroughput:0
LastWrittenBytes:0
LastWriteThroughput:0
RealWrittenBytes:0
RealWriteThroughput:0
当前玩家的连接数量:0
当前地图的线程个数：9
当前地图的个数:48
当前数据库执行队列数:0
当前发送队列缓存的对象数量:0
totalMemory：680001536, use ：448174312, free ：231827224DirectMemory：1827143680, 恢复 ：1
当前时间 ：2026-08-21 00:39:19send keng：2418, sheng ：4194304
decode keng：26, sheng ：2097152
world keng：12, sheng ：1048576

2026-08-21 00:39:24.682 INFO [pool-6-thread-4][:] - /****************流量统计******************/
LastReadBytes:0
LastReadThroughput:0
LastWrittenBytes:0
LastWriteThroughput:0
RealWrittenBytes:0
RealWriteThroughput:0
当前玩家的连接数量:0
当前地图的线程个数：9
当前地图的个数:48
当前数据库执行队列数:0
当前发送队列缓存的对象数量:0
totalMemory：680001536, use ：451638704, free ：228362832DirectMemory：1827143680, 恢复 ：1
当前时间 ：2026-08-21 00:39:24send keng：2418, sheng ：4194304
decode keng：26, sheng ：2097152
world keng：12, sheng ：1048576

2026-08-21 00:39:29.686 INFO [pool-6-thread-9][:] - /****************流量统计******************/
LastReadBytes:0
LastReadThroughput:0
LastWrittenBytes:0
LastWriteThroughput:0
RealWrittenBytes:0
RealWriteThroughput:0
当前玩家的连接数量:0
当前地图的线程个数：9
当前地图的个数:48
当前数据库执行队列数:0
当前发送队列缓存的对象数量:0
totalMemory：680001536, use ：455035488, free ：224966048DirectMemory：1827143680, 恢复 ：1
当前时间 ：2026-08-21 00:39:29send keng：2418, sheng ：4194304
decode keng：26, sheng ：2097152
world keng：12, sheng ：1048576

2026-08-21 00:39:34.682 INFO [pool-6-thread-5][:] - /****************流量统计******************/
LastReadBytes:0
LastReadThroughput:0
LastWrittenBytes:0
LastWriteThroughput:0
RealWrittenBytes:0
RealWriteThroughput:0
当前玩家的连接数量:0
当前地图的线程个数：9
当前地图的个数:48
当前数据库执行队列数:0
当前发送队列缓存的对象数量:0
totalMemory：680001536, use ：458555952, free ：221445584DirectMemory：1827143680, 恢复 ：1
当前时间 ：2026-08-21 00:39:34send keng：2418, sheng ：4194304
decode keng：26, sheng ：2097152
world keng：12, sheng ：1048576

2026-08-21 00:39:39.682 INFO [pool-6-thread-2][:] - /****************流量统计******************/
LastReadBytes:0
LastReadThroughput:0
LastWrittenBytes:0
LastWriteThroughput:0
RealWrittenBytes:0
RealWriteThroughput:0
当前玩家的连接数量:0
当前地图的线程个数：9
当前地图的个数:48
当前数据库执行队列数:0
当前发送队列缓存的对象数量:0
totalMemory：680001536, use ：462086504, free ：217915032DirectMemory：1827143680, 恢复 ：1
当前时间 ：2026-08-21 00:39:39send keng：2418, sheng ：4194304
decode keng：26, sheng ：2097152
world keng：12, sheng ：1048576

2026-08-21 00:39:44.682 INFO [pool-6-thread-2][:] - /****************流量统计******************/
LastReadBytes:0
LastReadThroughput:0
LastWrittenBytes:0
LastWriteThroughput:0
RealWrittenBytes:0
RealWriteThroughput:0
当前玩家的连接数量:0
当前地图的线程个数：9
当前地图的个数:48
当前数据库执行队列数:0
当前发送队列缓存的对象数量:0
totalMemory：680001536, use ：465505240, free ：214496296DirectMemory：1827143680, 恢复 ：1
当前时间 ：2026-08-21 00:39:44send keng：2418, sheng ：4194304
decode keng：26, sheng ：2097152
world keng：12, sheng ：1048576

2026-08-21 00:39:49.682 INFO [pool-6-thread-7][:] - /****************流量统计******************/
LastReadBytes:0
LastReadThroughput:0
LastWrittenBytes:0
LastWriteThroughput:0
RealWrittenBytes:0
RealWriteThroughput:0
当前玩家的连接数量:0
当前地图的线程个数：9
当前地图的个数:48
当前数据库执行队列数:0
当前发送队列缓存的对象数量:0
totalMemory：680001536, use ：422612704, free ：257388832DirectMemory：1827143680, 恢复 ：1
当前时间 ：2026-08-21 00:39:49send keng：2418, sheng ：4194304
decode keng：26, sheng ：2097152
world keng：12, sheng ：1048576

2026-08-21 00:39:54.682 INFO [pool-6-thread-1][:] - /****************流量统计******************/
LastReadBytes:0
LastReadThroughput:0
LastWrittenBytes:0
LastWriteThroughput:0
RealWrittenBytes:0
RealWriteThroughput:0
当前玩家的连接数量:0
当前地图的线程个数：9
当前地图的个数:48
当前数据库执行队列数:0
当前发送队列缓存的对象数量:0
totalMemory：680001536, use ：426069984, free ：253931552DirectMemory：1827143680, 恢复 ：1
当前时间 ：2026-08-21 00:39:54send keng：2418, sheng ：4194304
decode keng：26, sheng ：2097152
world keng：12, sheng ：1048576

2026-08-21 00:39:59.682 INFO [pool-6-thread-7][:] - /****************流量统计******************/
LastReadBytes:0
LastReadThroughput:0
LastWrittenBytes:0
LastWriteThroughput:0
RealWrittenBytes:0
RealWriteThroughput:0
当前玩家的连接数量:0
当前地图的线程个数：9
当前地图的个数:48
当前数据库执行队列数:0
当前发送队列缓存的对象数量:0
totalMemory：680001536, use ：429767616, free ：250233920DirectMemory：1827143680, 恢复 ：1
当前时间 ：2026-08-21 00:39:59send keng：2418, sheng ：4194304
decode keng：26, sheng ：2097152
world keng：12, sheng ：1048576

2026-08-21 00:40:04.682 INFO [pool-6-thread-5][:] - /****************流量统计******************/
LastReadBytes:0
LastReadThroughput:0
LastWrittenBytes:0
LastWriteThroughput:0
RealWrittenBytes:0
RealWriteThroughput:0
当前玩家的连接数量:0
当前地图的线程个数：9
当前地图的个数:48
当前数据库执行队列数:0
当前发送队列缓存的对象数量:0
totalMemory：680001536, use ：433106992, free ：246894544DirectMemory：1827143680, 恢复 ：1
当前时间 ：2026-08-21 00:40:04send keng：2418, sheng ：4194304
decode keng：26, sheng ：2097152
world keng：12, sheng ：1048576

2026-08-21 00:40:09.682 INFO [pool-6-thread-4][:] - /****************流量统计******************/
LastReadBytes:0
LastReadThroughput:0
LastWrittenBytes:0
LastWriteThroughput:0
RealWrittenBytes:0
RealWriteThroughput:0
当前玩家的连接数量:0
当前地图的线程个数：9
当前地图的个数:48
当前数据库执行队列数:0
当前发送队列缓存的对象数量:0
totalMemory：680001536, use ：436873680, free ：243127856DirectMemory：1827143680, 恢复 ：1
当前时间 ：2026-08-21 00:40:09send keng：2418, sheng ：4194304
decode keng：26, sheng ：2097152
world keng：12, sheng ：1048576

2026-08-21 00:40:14.682 INFO [pool-6-thread-7][:] - /****************流量统计******************/
LastReadBytes:0
LastReadThroughput:0
LastWrittenBytes:0
LastWriteThroughput:0
RealWrittenBytes:0
RealWriteThroughput:0
当前玩家的连接数量:0
当前地图的线程个数：9
当前地图的个数:48
当前数据库执行队列数:0
当前发送队列缓存的对象数量:0
totalMemory：680001536, use ：440477304, free ：239524232DirectMemory：1827143680, 恢复 ：1
当前时间 ：2026-08-21 00:40:14send keng：2418, sheng ：4194304
decode keng：26, sheng ：2097152
world keng：12, sheng ：1048576

2026-08-21 00:40:19.683 INFO [pool-6-thread-2][:] - /****************流量统计******************/
LastReadBytes:0
LastReadThroughput:0
LastWrittenBytes:0
LastWriteThroughput:0
RealWrittenBytes:0
RealWriteThroughput:0
当前玩家的连接数量:0
当前地图的线程个数：9
当前地图的个数:48
当前数据库执行队列数:0
当前发送队列缓存的对象数量:0
totalMemory：680001536, use ：443973472, free ：236028064DirectMemory：1827143680, 恢复 ：1
当前时间 ：2026-08-21 00:40:19send keng：2418, sheng ：4194304
decode keng：26, sheng ：2097152
world keng：12, sheng ：1048576

2026-08-21 00:40:24.682 INFO [pool-6-thread-6][:] - /****************流量统计******************/
LastReadBytes:0
LastReadThroughput:0
LastWrittenBytes:0
LastWriteThroughput:0
RealWrittenBytes:0
RealWriteThroughput:0
当前玩家的连接数量:0
当前地图的线程个数：9
当前地图的个数:48
当前数据库执行队列数:0
当前发送队列缓存的对象数量:0
totalMemory：680001536, use ：447477696, free ：232523840DirectMemory：1827143680, 恢复 ：1
当前时间 ：2026-08-21 00:40:24send keng：2418, sheng ：4194304
decode keng：26, sheng ：2097152
world keng：12, sheng ：1048576

2026-08-21 00:40:29.682 INFO [pool-6-thread-2][:] - /****************流量统计******************/
LastReadBytes:0
LastReadThroughput:0
LastWrittenBytes:0
LastWriteThroughput:0
RealWrittenBytes:0
RealWriteThroughput:0
当前玩家的连接数量:0
当前地图的线程个数：9
当前地图的个数:48
当前数据库执行队列数:0
当前发送队列缓存的对象数量:0
totalMemory：680001536, use ：450962608, free ：229038928DirectMemory：1827143680, 恢复 ：1
当前时间 ：2026-08-21 00:40:29send keng：2418, sheng ：4194304
decode keng：26, sheng ：2097152
world keng：12, sheng ：1048576

2026-08-21 00:40:34.682 INFO [pool-6-thread-1][:] - /****************流量统计******************/
LastReadBytes:0
LastReadThroughput:0
LastWrittenBytes:0
LastWriteThroughput:0
RealWrittenBytes:0
RealWriteThroughput:0
当前玩家的连接数量:0
当前地图的线程个数：9
当前地图的个数:48
当前数据库执行队列数:0
当前发送队列缓存的对象数量:0
totalMemory：680001536, use ：454850256, free ：225151280DirectMemory：1827143680, 恢复 ：1
当前时间 ：2026-08-21 00:40:34send keng：2418, sheng ：4194304
decode keng：26, sheng ：2097152
world keng：12, sheng ：1048576

2026-08-21 00:40:39.682 INFO [pool-6-thread-5][:] - /****************流量统计******************/
LastReadBytes:0
LastReadThroughput:0
LastWrittenBytes:0
LastWriteThroughput:0
RealWrittenBytes:0
RealWriteThroughput:0
当前玩家的连接数量:0
当前地图的线程个数：9
当前地图的个数:48
当前数据库执行队列数:0
当前发送队列缓存的对象数量:0
totalMemory：680001536, use ：458018312, free ：221983224DirectMemory：1827143680, 恢复 ：1
当前时间 ：2026-08-21 00:40:39send keng：2418, sheng ：4194304
decode keng：26, sheng ：2097152
world keng：12, sheng ：1048576

2026-08-21 00:40:44.682 INFO [pool-6-thread-3][:] - /****************流量统计******************/
LastReadBytes:0
LastReadThroughput:0
LastWrittenBytes:0
LastWriteThroughput:0
RealWrittenBytes:0
RealWriteThroughput:0
当前玩家的连接数量:0
当前地图的线程个数：9
当前地图的个数:48
当前数据库执行队列数:0
当前发送队列缓存的对象数量:0
totalMemory：680001536, use ：461515184, free ：218486352DirectMemory：1827143680, 恢复 ：1
当前时间 ：2026-08-21 00:40:44send keng：2418, sheng ：4194304
decode keng：26, sheng ：2097152
world keng：12, sheng ：1048576

2026-08-21 00:40:49.682 INFO [pool-6-thread-7][:] - /****************流量统计******************/
LastReadBytes:0
LastReadThroughput:0
LastWrittenBytes:0
LastWriteThroughput:0
RealWrittenBytes:0
RealWriteThroughput:0
当前玩家的连接数量:0
当前地图的线程个数：9
当前地图的个数:48
当前数据库执行队列数:0
当前发送队列缓存的对象数量:0
totalMemory：680001536, use ：464992952, free ：215008584DirectMemory：1827143680, 恢复 ：1
当前时间 ：2026-08-21 00:40:49send keng：2418, sheng ：4194304
decode keng：26, sheng ：2097152
world keng：12, sheng ：1048576

2026-08-21 00:40:54.682 INFO [pool-6-thread-9][:] - /****************流量统计******************/
LastReadBytes:0
LastReadThroughput:0
LastWrittenBytes:0
LastWriteThroughput:0
RealWrittenBytes:0
RealWriteThroughput:0
当前玩家的连接数量:0
当前地图的线程个数：9
当前地图的个数:48
当前数据库执行队列数:0
当前发送队列缓存的对象数量:0
totalMemory：680001536, use ：421908680, free ：258092856DirectMemory：1827143680, 恢复 ：1
当前时间 ：2026-08-21 00:40:54send keng：2418, sheng ：4194304
decode keng：26, sheng ：2097152
world keng：12, sheng ：1048576

2026-08-21 00:40:59.684 INFO [pool-6-thread-4][:] - /****************流量统计******************/
LastReadBytes:0
LastReadThroughput:0
LastWrittenBytes:0
LastWriteThroughput:0
RealWrittenBytes:0
RealWriteThroughput:0
当前玩家的连接数量:0
当前地图的线程个数：9
当前地图的个数:48
当前数据库执行队列数:0
当前发送队列缓存的对象数量:0
totalMemory：680001536, use ：425528928, free ：254472608DirectMemory：1827143680, 恢复 ：1
当前时间 ：2026-08-21 00:40:59send keng：2418, sheng ：4194304
decode keng：26, sheng ：2097152
world keng：12, sheng ：1048576

2026-08-21 00:41:04.682 INFO [pool-6-thread-10][:] - /****************流量统计******************/
LastReadBytes:0
LastReadThroughput:0
LastWrittenBytes:0
LastWriteThroughput:0
RealWrittenBytes:0
RealWriteThroughput:0
当前玩家的连接数量:0
当前地图的线程个数：9
当前地图的个数:48
当前数据库执行队列数:0
当前发送队列缓存的对象数量:0
totalMemory：680001536, use ：428974392, free ：251027144DirectMemory：1827143680, 恢复 ：1
当前时间 ：2026-08-21 00:41:04send keng：2418, sheng ：4194304
decode keng：26, sheng ：2097152
world keng：12, sheng ：1048576

2026-08-21 00:41:09.682 INFO [pool-6-thread-6][:] - /****************流量统计******************/
LastReadBytes:0
LastReadThroughput:0
LastWrittenBytes:0
LastWriteThroughput:0
RealWrittenBytes:0
RealWriteThroughput:0
当前玩家的连接数量:0
当前地图的线程个数：9
当前地图的个数:48
当前数据库执行队列数:0
当前发送队列缓存的对象数量:0
totalMemory：680001536, use ：432490128, free ：247511408DirectMemory：1827143680, 恢复 ：1
当前时间 ：2026-08-21 00:41:09send keng：2418, sheng ：4194304
decode keng：26, sheng ：2097152
world keng：12, sheng ：1048576

2026-08-21 00:41:14.682 INFO [pool-6-thread-5][:] - /****************流量统计******************/
LastReadBytes:0
LastReadThroughput:0
LastWrittenBytes:0
LastWriteThroughput:0
RealWrittenBytes:0
RealWriteThroughput:0
当前玩家的连接数量:0
当前地图的线程个数：9
当前地图的个数:48
当前数据库执行队列数:0
当前发送队列缓存的对象数量:0
totalMemory：680001536, use ：436384920, free ：243616616DirectMemory：1827143680, 恢复 ：1
当前时间 ：2026-08-21 00:41:14send keng：2418, sheng ：4194304
decode keng：26, sheng ：2097152
world keng：12, sheng ：1048576

2026-08-21 00:41:19.682 INFO [pool-6-thread-4][:] - /****************流量统计******************/
LastReadBytes:0
LastReadThroughput:0
LastWrittenBytes:0
LastWriteThroughput:0
RealWrittenBytes:0
RealWriteThroughput:0
当前玩家的连接数量:0
当前地图的线程个数：9
当前地图的个数:48
当前数据库执行队列数:0
当前发送队列缓存的对象数量:0
totalMemory：680001536, use ：439824608, free ：240176928DirectMemory：1827143680, 恢复 ：1
当前时间 ：2026-08-21 00:41:19send keng：2418, sheng ：4194304
decode keng：26, sheng ：2097152
world keng：12, sheng ：1048576

2026-08-21 00:41:24.682 INFO [pool-6-thread-4][:] - /****************流量统计******************/
LastReadBytes:0
LastReadThroughput:0
LastWrittenBytes:0
LastWriteThroughput:0
RealWrittenBytes:0
RealWriteThroughput:0
当前玩家的连接数量:0
当前地图的线程个数：9
当前地图的个数:48
当前数据库执行队列数:0
当前发送队列缓存的对象数量:0
totalMemory：680001536, use ：443377960, free ：236623576DirectMemory：1827143680, 恢复 ：1
当前时间 ：2026-08-21 00:41:24send keng：2418, sheng ：4194304
decode keng：26, sheng ：2097152
world keng：12, sheng ：1048576

2026-08-21 00:41:29.682 INFO [pool-6-thread-7][:] - /****************流量统计******************/
LastReadBytes:0
LastReadThroughput:0
LastWrittenBytes:0
LastWriteThroughput:0
RealWrittenBytes:0
RealWriteThroughput:0
当前玩家的连接数量:0
当前地图的线程个数：9
当前地图的个数:48
当前数据库执行队列数:0
当前发送队列缓存的对象数量:0
totalMemory：680001536, use ：446768416, free ：233233120DirectMemory：1827143680, 恢复 ：1
当前时间 ：2026-08-21 00:41:29send keng：2418, sheng ：4194304
decode keng：26, sheng ：2097152
world keng：12, sheng ：1048576

2026-08-21 00:41:34.683 INFO [pool-6-thread-10][:] - /****************流量统计******************/
LastReadBytes:0
LastReadThroughput:0
LastWrittenBytes:0
LastWriteThroughput:0
RealWrittenBytes:0
RealWriteThroughput:0
当前玩家的连接数量:0
当前地图的线程个数：9
当前地图的个数:48
当前数据库执行队列数:0
当前发送队列缓存的对象数量:0
totalMemory：680001536, use ：450459864, free ：229541672DirectMemory：1827143680, 恢复 ：1
当前时间 ：2026-08-21 00:41:34send keng：2418, sheng ：4194304
decode keng：26, sheng ：2097152
world keng：12, sheng ：1048576

2026-08-21 00:41:39.682 INFO [pool-6-thread-2][:] - /****************流量统计******************/
LastReadBytes:0
LastReadThroughput:0
LastWrittenBytes:0
LastWriteThroughput:0
RealWrittenBytes:0
RealWriteThroughput:0
当前玩家的连接数量:0
当前地图的线程个数：9
当前地图的个数:48
当前数据库执行队列数:0
当前发送队列缓存的对象数量:0
totalMemory：680001536, use ：453900520, free ：226101016DirectMemory：1827143680, 恢复 ：1
当前时间 ：2026-08-21 00:41:39send keng：2418, sheng ：4194304
decode keng：26, sheng ：2097152
world keng：12, sheng ：1048576

2026-08-21 00:41:44.682 INFO [pool-6-thread-8][:] - /****************流量统计******************/
LastReadBytes:0
LastReadThroughput:0
LastWrittenBytes:0
LastWriteThroughput:0
RealWrittenBytes:0
RealWriteThroughput:0
当前玩家的连接数量:0
当前地图的线程个数：9
当前地图的个数:48
当前数据库执行队列数:0
当前发送队列缓存的对象数量:0
totalMemory：680001536, use ：457561040, free ：222440496DirectMemory：1827143680, 恢复 ：1
当前时间 ：2026-08-21 00:41:44send keng：2418, sheng ：4194304
decode keng：26, sheng ：2097152
world keng：12, sheng ：1048576

2026-08-21 00:41:49.682 INFO [pool-6-thread-4][:] - /****************流量统计******************/
LastReadBytes:0
LastReadThroughput:0
LastWrittenBytes:0
LastWriteThroughput:0
RealWrittenBytes:0
RealWriteThroughput:0
当前玩家的连接数量:0
当前地图的线程个数：9
当前地图的个数:48
当前数据库执行队列数:0
当前发送队列缓存的对象数量:0
totalMemory：680001536, use ：461043040, free ：218958496DirectMemory：1827143680, 恢复 ：1
当前时间 ：2026-08-21 00:41:49send keng：2418, sheng ：4194304
decode keng：26, sheng ：2097152
world keng：12, sheng ：1048576

2026-08-21 00:41:54.682 INFO [pool-6-thread-2][:] - /****************流量统计******************/
LastReadBytes:0
LastReadThroughput:0
LastWrittenBytes:0
LastWriteThroughput:0
RealWrittenBytes:0
RealWriteThroughput:0
当前玩家的连接数量:0
当前地图的线程个数：9
当前地图的个数:48
当前数据库执行队列数:0
当前发送队列缓存的对象数量:0
totalMemory：680001536, use ：464390472, free ：215611064DirectMemory：1827143680, 恢复 ：1
当前时间 ：2026-08-21 00:41:54send keng：2418, sheng ：4194304
decode keng：26, sheng ：2097152
world keng：12, sheng ：1048576

2026-08-21 00:41:59.682 INFO [pool-6-thread-4][:] - /****************流量统计******************/
LastReadBytes:0
LastReadThroughput:0
LastWrittenBytes:0
LastWriteThroughput:0
RealWrittenBytes:0
RealWriteThroughput:0
当前玩家的连接数量:0
当前地图的线程个数：9
当前地图的个数:48
当前数据库执行队列数:0
当前发送队列缓存的对象数量:0
totalMemory：680001536, use ：421272880, free ：258728656DirectMemory：1827143680, 恢复 ：1
当前时间 ：2026-08-21 00:41:59send keng：2418, sheng ：4194304
decode keng：26, sheng ：2097152
world keng：12, sheng ：1048576

2026-08-21 00:42:04.682 INFO [pool-6-thread-5][:] - /****************流量统计******************/
LastReadBytes:0
LastReadThroughput:0
LastWrittenBytes:0
LastWriteThroughput:0
RealWrittenBytes:0
RealWriteThroughput:0
当前玩家的连接数量:0
当前地图的线程个数：9
当前地图的个数:48
当前数据库执行队列数:0
当前发送队列缓存的对象数量:0
totalMemory：680001536, use ：425077272, free ：254924264DirectMemory：1827143680, 恢复 ：1
当前时间 ：2026-08-21 00:42:04send keng：2418, sheng ：4194304
decode keng：26, sheng ：2097152
world keng：12, sheng ：1048576

2026-08-21 00:42:09.682 INFO [pool-6-thread-1][:] - /****************流量统计******************/
LastReadBytes:0
LastReadThroughput:0
LastWrittenBytes:0
LastWriteThroughput:0
RealWrittenBytes:0
RealWriteThroughput:0
当前玩家的连接数量:0
当前地图的线程个数：9
当前地图的个数:48
当前数据库执行队列数:0
当前发送队列缓存的对象数量:0
totalMemory：680001536, use ：428414592, free ：251586944DirectMemory：1827143680, 恢复 ：1
当前时间 ：2026-08-21 00:42:09send keng：2418, sheng ：4194304
decode keng：26, sheng ：2097152
world keng：12, sheng ：1048576

2026-08-21 00:42:14.682 INFO [pool-6-thread-9][:] - /****************流量统计******************/
LastReadBytes:0
LastReadThroughput:0
LastWrittenBytes:0
LastWriteThroughput:0
RealWrittenBytes:0
RealWriteThroughput:0
当前玩家的连接数量:0
当前地图的线程个数：9
当前地图的个数:48
当前数据库执行队列数:0
当前发送队列缓存的对象数量:0
totalMemory：680001536, use ：432104824, free ：247896712DirectMemory：1827143680, 恢复 ：1
当前时间 ：2026-08-21 00:42:14send keng：2418, sheng ：4194304
decode keng：26, sheng ：2097152
world keng：12, sheng ：1048576

2026-08-21 00:42:19.682 INFO [pool-6-thread-10][:] - /****************流量统计******************/
LastReadBytes:0
LastReadThroughput:0
LastWrittenBytes:0
LastWriteThroughput:0
RealWrittenBytes:0
RealWriteThroughput:0
当前玩家的连接数量:0
当前地图的线程个数：9
当前地图的个数:48
当前数据库执行队列数:0
当前发送队列缓存的对象数量:0
totalMemory：680001536, use ：435410688, free ：244590848DirectMemory：1827143680, 恢复 ：1
当前时间 ：2026-08-21 00:42:19send keng：2418, sheng ：4194304
decode keng：26, sheng ：2097152
world keng：12, sheng ：1048576

2026-08-21 00:42:24.682 INFO [pool-6-thread-3][:] - /****************流量统计******************/
LastReadBytes:0
LastReadThroughput:0
LastWrittenBytes:0
LastWriteThroughput:0
RealWrittenBytes:0
RealWriteThroughput:0
当前玩家的连接数量:0
当前地图的线程个数：9
当前地图的个数:48
当前数据库执行队列数:0
当前发送队列缓存的对象数量:0
totalMemory：680001536, use ：439136920, free ：240864616DirectMemory：1827143680, 恢复 ：1
当前时间 ：2026-08-21 00:42:24send keng：2418, sheng ：4194304
decode keng：26, sheng ：2097152
world keng：12, sheng ：1048576

2026-08-21 00:42:29.682 INFO [pool-6-thread-7][:] - /****************流量统计******************/
LastReadBytes:0
LastReadThroughput:0
LastWrittenBytes:0
LastWriteThroughput:0
RealWrittenBytes:0
RealWriteThroughput:0
当前玩家的连接数量:0
当前地图的线程个数：9
当前地图的个数:48
当前数据库执行队列数:0
当前发送队列缓存的对象数量:0
totalMemory：680001536, use ：442581784, free ：237419752DirectMemory：1827143680, 恢复 ：1
当前时间 ：2026-08-21 00:42:29send keng：2418, sheng ：4194304
decode keng：26, sheng ：2097152
world keng：12, sheng ：1048576

2026-08-21 00:42:34.682 INFO [pool-6-thread-8][:] - /****************流量统计******************/
LastReadBytes:0
LastReadThroughput:0
LastWrittenBytes:0
LastWriteThroughput:0
RealWrittenBytes:0
RealWriteThroughput:0
当前玩家的连接数量:0
当前地图的线程个数：9
当前地图的个数:48
当前数据库执行队列数:0
当前发送队列缓存的对象数量:0
totalMemory：680001536, use ：446065648, free ：233935888DirectMemory：1827143680, 恢复 ：1
当前时间 ：2026-08-21 00:42:34send keng：2418, sheng ：4194304
decode keng：26, sheng ：2097152
world keng：12, sheng ：1048576

2026-08-21 00:42:39.682 INFO [pool-6-thread-2][:] - /****************流量统计******************/
LastReadBytes:0
LastReadThroughput:0
LastWrittenBytes:0
LastWriteThroughput:0
RealWrittenBytes:0
RealWriteThroughput:0
当前玩家的连接数量:0
当前地图的线程个数：9
当前地图的个数:48
当前数据库执行队列数:0
当前发送队列缓存的对象数量:0
totalMemory：680001536, use ：449513320, free ：230488216DirectMemory：1827143680, 恢复 ：1
当前时间 ：2026-08-21 00:42:39send keng：2418, sheng ：4194304
decode keng：26, sheng ：2097152
world keng：12, sheng ：1048576

2026-08-21 00:42:44.682 INFO [pool-6-thread-3][:] - /****************流量统计******************/
LastReadBytes:0
LastReadThroughput:0
LastWrittenBytes:0
LastWriteThroughput:0
RealWrittenBytes:0
RealWriteThroughput:0
当前玩家的连接数量:0
当前地图的线程个数：9
当前地图的个数:48
当前数据库执行队列数:0
当前发送队列缓存的对象数量:0
totalMemory：680001536, use ：453060832, free ：226940704DirectMemory：1827143680, 恢复 ：1
当前时间 ：2026-08-21 00:42:44send keng：2418, sheng ：4194304
decode keng：26, sheng ：2097152
world keng：12, sheng ：1048576

2026-08-21 00:42:49.682 INFO [pool-6-thread-6][:] - /****************流量统计******************/
LastReadBytes:0
LastReadThroughput:0
LastWrittenBytes:0
LastWriteThroughput:0
RealWrittenBytes:0
RealWriteThroughput:0
当前玩家的连接数量:0
当前地图的线程个数：9
当前地图的个数:48
当前数据库执行队列数:0
当前发送队列缓存的对象数量:0
totalMemory：680001536, use ：456786808, free ：223214728DirectMemory：1827143680, 恢复 ：1
当前时间 ：2026-08-21 00:42:49send keng：2418, sheng ：4194304
decode keng：26, sheng ：2097152
world keng：12, sheng ：1048576

2026-08-21 00:42:54.682 INFO [pool-6-thread-6][:] - /****************流量统计******************/
LastReadBytes:0
LastReadThroughput:0
LastWrittenBytes:0
LastWriteThroughput:0
RealWrittenBytes:0
RealWriteThroughput:0
当前玩家的连接数量:0
当前地图的线程个数：9
当前地图的个数:48
当前数据库执行队列数:0
当前发送队列缓存的对象数量:0
totalMemory：680001536, use ：460112032, free ：219889504DirectMemory：1827143680, 恢复 ：1
当前时间 ：2026-08-21 00:42:54send keng：2418, sheng ：4194304
decode keng：26, sheng ：2097152
world keng：12, sheng ：1048576

2026-08-21 00:42:59.682 INFO [pool-6-thread-6][:] - /****************流量统计******************/
LastReadBytes:0
LastReadThroughput:0
LastWrittenBytes:0
LastWriteThroughput:0
RealWrittenBytes:0
RealWriteThroughput:0
当前玩家的连接数量:0
当前地图的线程个数：9
当前地图的个数:48
当前数据库执行队列数:0
当前发送队列缓存的对象数量:0
totalMemory：680001536, use ：463736664, free ：216264872DirectMemory：1827143680, 恢复 ：1
当前时间 ：2026-08-21 00:42:59send keng：2418, sheng ：4194304
decode keng：26, sheng ：2097152
world keng：12, sheng ：1048576

2026-08-21 00:43:04.682 INFO [pool-6-thread-8][:] - /****************流量统计******************/
LastReadBytes:0
LastReadThroughput:0
LastWrittenBytes:0
LastWriteThroughput:0
RealWrittenBytes:0
RealWriteThroughput:0
当前玩家的连接数量:0
当前地图的线程个数：9
当前地图的个数:48
当前数据库执行队列数:0
当前发送队列缓存的对象数量:0
totalMemory：680001536, use ：420583640, free ：259417896DirectMemory：1827143680, 恢复 ：1
当前时间 ：2026-08-21 00:43:04send keng：2418, sheng ：4194304
decode keng：26, sheng ：2097152
world keng：12, sheng ：1048576

2026-08-21 00:43:09.682 INFO [pool-6-thread-2][:] - /****************流量统计******************/
LastReadBytes:0
LastReadThroughput:0
LastWrittenBytes:0
LastWriteThroughput:0
RealWrittenBytes:0
RealWriteThroughput:0
当前玩家的连接数量:0
当前地图的线程个数：9
当前地图的个数:48
当前数据库执行队列数:0
当前发送队列缓存的对象数量:0
totalMemory：680001536, use ：423999008, free ：256002528DirectMemory：1827143680, 恢复 ：1
当前时间 ：2026-08-21 00:43:09send keng：2418, sheng ：4194304
decode keng：26, sheng ：2097152
world keng：12, sheng ：1048576

2026-08-21 00:43:14.682 INFO [pool-6-thread-2][:] - /****************流量统计******************/
LastReadBytes:0
LastReadThroughput:0
LastWrittenBytes:0
LastWriteThroughput:0
RealWrittenBytes:0
RealWriteThroughput:0
当前玩家的连接数量:0
当前地图的线程个数：9
当前地图的个数:48
当前数据库执行队列数:0
当前发送队列缓存的对象数量:0
totalMemory：680001536, use ：427756312, free ：252245224DirectMemory：1827143680, 恢复 ：1
当前时间 ：2026-08-21 00:43:14send keng：2418, sheng ：4194304
decode keng：26, sheng ：2097152
world keng：12, sheng ：1048576

2026-08-21 00:43:19.682 INFO [pool-6-thread-5][:] - /****************流量统计******************/
LastReadBytes:0
LastReadThroughput:0
LastWrittenBytes:0
LastWriteThroughput:0
RealWrittenBytes:0
RealWriteThroughput:0
当前玩家的连接数量:0
当前地图的线程个数：9
当前地图的个数:48
当前数据库执行队列数:0
当前发送队列缓存的对象数量:0
totalMemory：680001536, use ：431405896, free ：248595640DirectMemory：1827143680, 恢复 ：1
当前时间 ：2026-08-21 00:43:19send keng：2418, sheng ：4194304
decode keng：26, sheng ：2097152
world keng：12, sheng ：1048576

2026-08-21 00:43:24.682 INFO [pool-6-thread-10][:] - /****************流量统计******************/
LastReadBytes:0
LastReadThroughput:0
LastWrittenBytes:0
LastWriteThroughput:0
RealWrittenBytes:0
RealWriteThroughput:0
当前玩家的连接数量:0
当前地图的线程个数：9
当前地图的个数:48
当前数据库执行队列数:0
当前发送队列缓存的对象数量:0
totalMemory：680001536, use ：434742736, free ：245258800DirectMemory：1827143680, 恢复 ：1
当前时间 ：2026-08-21 00:43:24send keng：2418, sheng ：4194304
decode keng：26, sheng ：2097152
world keng：12, sheng ：1048576

2026-08-21 00:43:29.682 INFO [pool-6-thread-6][:] - /****************流量统计******************/
LastReadBytes:0
LastReadThroughput:0
LastWrittenBytes:0
LastWriteThroughput:0
RealWrittenBytes:0
RealWriteThroughput:0
当前玩家的连接数量:0
当前地图的线程个数：9
当前地图的个数:48
当前数据库执行队列数:0
当前发送队列缓存的对象数量:0
totalMemory：680001536, use ：438285672, free ：241715864DirectMemory：1827143680, 恢复 ：1
当前时间 ：2026-08-21 00:43:29send keng：2418, sheng ：4194304
decode keng：26, sheng ：2097152
world keng：12, sheng ：1048576

2026-08-21 00:43:34.682 INFO [pool-6-thread-1][:] - /****************流量统计******************/
LastReadBytes:0
LastReadThroughput:0
LastWrittenBytes:0
LastWriteThroughput:0
RealWrittenBytes:0
RealWriteThroughput:0
当前玩家的连接数量:0
当前地图的线程个数：9
当前地图的个数:48
当前数据库执行队列数:0
当前发送队列缓存的对象数量:0
totalMemory：680001536, use ：441719248, free ：238282288DirectMemory：1827143680, 恢复 ：1
当前时间 ：2026-08-21 00:43:34send keng：2418, sheng ：4194304
decode keng：26, sheng ：2097152
world keng：12, sheng ：1048576

2026-08-21 00:43:39.682 INFO [pool-6-thread-10][:] - /****************流量统计******************/
LastReadBytes:0
LastReadThroughput:0
LastWrittenBytes:0
LastWriteThroughput:0
RealWrittenBytes:0
RealWriteThroughput:0
当前玩家的连接数量:0
当前地图的线程个数：9
当前地图的个数:48
当前数据库执行队列数:0
当前发送队列缓存的对象数量:0
totalMemory：680001536, use ：445468056, free ：234533480DirectMemory：1827143680, 恢复 ：1
当前时间 ：2026-08-21 00:43:39send keng：2418, sheng ：4194304
decode keng：26, sheng ：2097152
world keng：12, sheng ：1048576

2026-08-21 00:43:44.682 INFO [pool-6-thread-3][:] - /****************流量统计******************/
LastReadBytes:0
LastReadThroughput:0
LastWrittenBytes:0
LastWriteThroughput:0
RealWrittenBytes:0
RealWriteThroughput:0
当前玩家的连接数量:0
当前地图的线程个数：9
当前地图的个数:48
当前数据库执行队列数:0
当前发送队列缓存的对象数量:0
totalMemory：680001536, use ：448920128, free ：231081408DirectMemory：1827143680, 恢复 ：1
当前时间 ：2026-08-21 00:43:44send keng：2418, sheng ：4194304
decode keng：26, sheng ：2097152
world keng：12, sheng ：1048576

2026-08-21 00:43:49.682 INFO [pool-6-thread-10][:] - /****************流量统计******************/
LastReadBytes:0
LastReadThroughput:0
LastWrittenBytes:0
LastWriteThroughput:0
RealWrittenBytes:0
RealWriteThroughput:0
当前玩家的连接数量:0
当前地图的线程个数：9
当前地图的个数:48
当前数据库执行队列数:0
当前发送队列缓存的对象数量:0
totalMemory：680001536, use ：452496544, free ：227504992DirectMemory：1827143680, 恢复 ：1
当前时间 ：2026-08-21 00:43:49send keng：2418, sheng ：4194304
decode keng：26, sheng ：2097152
world keng：12, sheng ：1048576

2026-08-21 00:43:54.682 INFO [pool-6-thread-6][:] - /****************流量统计******************/
LastReadBytes:0
LastReadThroughput:0
LastWrittenBytes:0
LastWriteThroughput:0
RealWrittenBytes:0
RealWriteThroughput:0
当前玩家的连接数量:0
当前地图的线程个数：9
当前地图的个数:48
当前数据库执行队列数:0
当前发送队列缓存的对象数量:0
totalMemory：680001536, use ：455712008, free ：224289528DirectMemory：1827143680, 恢复 ：1
当前时间 ：2026-08-21 00:43:54send keng：2418, sheng ：4194304
decode keng：26, sheng ：2097152
world keng：12, sheng ：1048576

2026-08-21 00:43:59.682 INFO [pool-6-thread-5][:] - /****************流量统计******************/
LastReadBytes:0
LastReadThroughput:0
LastWrittenBytes:0
LastWriteThroughput:0
RealWrittenBytes:0
RealWriteThroughput:0
当前玩家的连接数量:0
当前地图的线程个数：9
当前地图的个数:48
当前数据库执行队列数:0
当前发送队列缓存的对象数量:0
totalMemory：680001536, use ：459469128, free ：220532408DirectMemory：1827143680, 恢复 ：1
当前时间 ：2026-08-21 00:43:59send keng：2418, sheng ：4194304
decode keng：26, sheng ：2097152
world keng：12, sheng ：1048576

2026-08-21 00:44:04.686 INFO [pool-6-thread-1][:] - /****************流量统计******************/
LastReadBytes:0
LastReadThroughput:0
LastWrittenBytes:0
LastWriteThroughput:0
RealWrittenBytes:0
RealWriteThroughput:0
当前玩家的连接数量:0
当前地图的线程个数：9
当前地图的个数:48
当前数据库执行队列数:0
当前发送队列缓存的对象数量:0
totalMemory：680001536, use ：463112200, free ：216889336DirectMemory：1827143680, 恢复 ：1
当前时间 ：2026-08-21 00:44:04send keng：2418, sheng ：4194304
decode keng：26, sheng ：2097152
world keng：12, sheng ：1048576

2026-08-21 00:44:09.682 INFO [pool-6-thread-9][:] - /****************流量统计******************/
LastReadBytes:0
LastReadThroughput:0
LastWrittenBytes:0
LastWriteThroughput:0
RealWrittenBytes:0
RealWriteThroughput:0
当前玩家的连接数量:0
当前地图的线程个数：9
当前地图的个数:48
当前数据库执行队列数:0
当前发送队列缓存的对象数量:0
totalMemory：680001536, use ：420132112, free ：259869424DirectMemory：1827143680, 恢复 ：1
当前时间 ：2026-08-21 00:44:09send keng：2418, sheng ：4194304
decode keng：26, sheng ：2097152
world keng：12, sheng ：1048576

2026-08-21 00:44:14.682 INFO [pool-6-thread-8][:] - /****************流量统计******************/
LastReadBytes:0
LastReadThroughput:0
LastWrittenBytes:0
LastWriteThroughput:0
RealWrittenBytes:0
RealWriteThroughput:0
当前玩家的连接数量:0
当前地图的线程个数：9
当前地图的个数:48
当前数据库执行队列数:0
当前发送队列缓存的对象数量:0
totalMemory：680001536, use ：423596040, free ：256405496DirectMemory：1827143680, 恢复 ：1
当前时间 ：2026-08-21 00:44:14send keng：2418, sheng ：4194304
decode keng：26, sheng ：2097152
world keng：12, sheng ：1048576

2026-08-21 00:44:19.682 INFO [pool-6-thread-10][:] - /****************流量统计******************/
LastReadBytes:0
LastReadThroughput:0
LastWrittenBytes:0
LastWriteThroughput:0
RealWrittenBytes:0
RealWriteThroughput:0
当前玩家的连接数量:0
当前地图的线程个数：9
当前地图的个数:48
当前数据库执行队列数:0
当前发送队列缓存的对象数量:0
totalMemory：680001536, use ：427121128, free ：252880408DirectMemory：1827143680, 恢复 ：1
当前时间 ：2026-08-21 00:44:19send keng：2418, sheng ：4194304
decode keng：26, sheng ：2097152
world keng：12, sheng ：1048576

2026-08-21 00:44:24.682 INFO [pool-6-thread-4][:] - /****************流量统计******************/
LastReadBytes:0
LastReadThroughput:0
LastWrittenBytes:0
LastWriteThroughput:0
RealWrittenBytes:0
RealWriteThroughput:0
当前玩家的连接数量:0
当前地图的线程个数：9
当前地图的个数:48
当前数据库执行队列数:0
当前发送队列缓存的对象数量:0
totalMemory：680001536, use ：430691712, free ：249309824DirectMemory：1827143680, 恢复 ：1
当前时间 ：2026-08-21 00:44:24send keng：2418, sheng ：4194304
decode keng：26, sheng ：2097152
world keng：12, sheng ：1048576

2026-08-21 00:44:29.682 INFO [pool-6-thread-7][:] - /****************流量统计******************/
LastReadBytes:0
LastReadThroughput:0
LastWrittenBytes:0
LastWriteThroughput:0
RealWrittenBytes:0
RealWriteThroughput:0
当前玩家的连接数量:0
当前地图的线程个数：9
当前地图的个数:48
当前数据库执行队列数:0
当前发送队列缓存的对象数量:0
totalMemory：680001536, use ：434402488, free ：245599048DirectMemory：1827143680, 恢复 ：1
当前时间 ：2026-08-21 00:44:29send keng：2418, sheng ：4194304
decode keng：26, sheng ：2097152
world keng：12, sheng ：1048576

2026-08-21 00:44:34.682 INFO [pool-6-thread-10][:] - /****************流量统计******************/
LastReadBytes:0
LastReadThroughput:0
LastWrittenBytes:0
LastWriteThroughput:0
RealWrittenBytes:0
RealWriteThroughput:0
当前玩家的连接数量:0
当前地图的线程个数：9
当前地图的个数:48
当前数据库执行队列数:0
当前发送队列缓存的对象数量:0
totalMemory：680001536, use ：437556024, free ：242445512DirectMemory：1827143680, 恢复 ：1
当前时间 ：2026-08-21 00:44:34send keng：2418, sheng ：4194304
decode keng：26, sheng ：2097152
world keng：12, sheng ：1048576

2026-08-21 00:44:39.682 INFO [pool-6-thread-5][:] - /****************流量统计******************/
LastReadBytes:0
LastReadThroughput:0
LastWrittenBytes:0
LastWriteThroughput:0
RealWrittenBytes:0
RealWriteThroughput:0
当前玩家的连接数量:0
当前地图的线程个数：9
当前地图的个数:48
当前数据库执行队列数:0
当前发送队列缓存的对象数量:0
totalMemory：680001536, use ：441192120, free ：238809416DirectMemory：1827143680, 恢复 ：1
当前时间 ：2026-08-21 00:44:39send keng：2418, sheng ：4194304
decode keng：26, sheng ：2097152
world keng：12, sheng ：1048576

2026-08-21 00:44:44.682 INFO [pool-6-thread-6][:] - /****************流量统计******************/
LastReadBytes:0
LastReadThroughput:0
LastWrittenBytes:0
LastWriteThroughput:0
RealWrittenBytes:0
RealWriteThroughput:0
当前玩家的连接数量:0
当前地图的线程个数：9
当前地图的个数:48
当前数据库执行队列数:0
当前发送队列缓存的对象数量:0
totalMemory：680001536, use ：444748936, free ：235252600DirectMemory：1827143680, 恢复 ：1
当前时间 ：2026-08-21 00:44:44send keng：2418, sheng ：4194304
decode keng：26, sheng ：2097152
world keng：12, sheng ：1048576

2026-08-21 00:44:49.682 INFO [pool-6-thread-1][:] - /****************流量统计******************/
LastReadBytes:0
LastReadThroughput:0
LastWrittenBytes:0
LastWriteThroughput:0
RealWrittenBytes:0
RealWriteThroughput:0
当前玩家的连接数量:0
当前地图的线程个数：9
当前地图的个数:48
当前数据库执行队列数:0
当前发送队列缓存的对象数量:0
totalMemory：680001536, use ：448361248, free ：231640288DirectMemory：1827143680, 恢复 ：1
当前时间 ：2026-08-21 00:44:49send keng：2418, sheng ：4194304
decode keng：26, sheng ：2097152
world keng：12, sheng ：1048576

2026-08-21 00:44:54.682 INFO [pool-6-thread-4][:] - /****************流量统计******************/
LastReadBytes:0
LastReadThroughput:0
LastWrittenBytes:0
LastWriteThroughput:0
RealWrittenBytes:0
RealWriteThroughput:0
当前玩家的连接数量:0
当前地图的线程个数：9
当前地图的个数:48
当前数据库执行队列数:0
当前发送队列缓存的对象数量:0
totalMemory：680001536, use ：451865112, free ：228136424DirectMemory：1827143680, 恢复 ：1
当前时间 ：2026-08-21 00:44:54send keng：2418, sheng ：4194304
decode keng：26, sheng ：2097152
world keng：12, sheng ：1048576

2026-08-21 00:44:59.682 INFO [pool-6-thread-1][:] - /****************流量统计******************/
LastReadBytes:0
LastReadThroughput:0
LastWrittenBytes:0
LastWriteThroughput:0
RealWrittenBytes:0
RealWriteThroughput:0
当前玩家的连接数量:0
当前地图的线程个数：9
当前地图的个数:48
当前数据库执行队列数:0
当前发送队列缓存的对象数量:0
totalMemory：680001536, use ：455460560, free ：224540976DirectMemory：1827143680, 恢复 ：1
当前时间 ：2026-08-21 00:44:59send keng：2418, sheng ：4194304
decode keng：26, sheng ：2097152
world keng：12, sheng ：1048576

2026-08-21 00:45:04.682 INFO [pool-6-thread-8][:] - /****************流量统计******************/
LastReadBytes:0
LastReadThroughput:0
LastWrittenBytes:0
LastWriteThroughput:0
RealWrittenBytes:0
RealWriteThroughput:0
当前玩家的连接数量:0
当前地图的线程个数：9
当前地图的个数:48
当前数据库执行队列数:0
当前发送队列缓存的对象数量:0
totalMemory：680001536, use ：458993336, free ：221008200DirectMemory：1827143680, 恢复 ：1
当前时间 ：2026-08-21 00:45:04send keng：2418, sheng ：4194304
decode keng：26, sheng ：2097152
world keng：12, sheng ：1048576

2026-08-21 00:45:09.682 INFO [pool-6-thread-7][:] - /****************流量统计******************/
LastReadBytes:0
LastReadThroughput:0
LastWrittenBytes:0
LastWriteThroughput:0
RealWrittenBytes:0
RealWriteThroughput:0
当前玩家的连接数量:0
当前地图的线程个数：9
当前地图的个数:48
当前数据库执行队列数:0
当前发送队列缓存的对象数量:0
totalMemory：680001536, use ：462349864, free ：217651672DirectMemory：1827143680, 恢复 ：1
当前时间 ：2026-08-21 00:45:09send keng：2418, sheng ：4194304
decode keng：26, sheng ：2097152
world keng：12, sheng ：1048576

2026-08-21 00:45:14.682 INFO [pool-6-thread-3][:] - /****************流量统计******************/
LastReadBytes:0
LastReadThroughput:0
LastWrittenBytes:0
LastWriteThroughput:0
RealWrittenBytes:0
RealWriteThroughput:0
当前玩家的连接数量:0
当前地图的线程个数：9
当前地图的个数:48
当前数据库执行队列数:0
当前发送队列缓存的对象数量:0
totalMemory：680001536, use ：466171752, free ：213829784DirectMemory：1827143680, 恢复 ：1
当前时间 ：2026-08-21 00:45:14send keng：2418, sheng ：4194304
decode keng：26, sheng ：2097152
world keng：12, sheng ：1048576

2026-08-21 00:45:19.682 INFO [pool-6-thread-6][:] - /****************流量统计******************/
LastReadBytes:0
LastReadThroughput:0
LastWrittenBytes:0
LastWriteThroughput:0
RealWrittenBytes:0
RealWriteThroughput:0
当前玩家的连接数量:0
当前地图的线程个数：9
当前地图的个数:48
当前数据库执行队列数:0
当前发送队列缓存的对象数量:0
totalMemory：680001536, use ：423077496, free ：256924040DirectMemory：1827143680, 恢复 ：1
当前时间 ：2026-08-21 00:45:19send keng：2418, sheng ：4194304
decode keng：26, sheng ：2097152
world keng：12, sheng ：1048576

2026-08-21 00:45:24.682 INFO [pool-6-thread-4][:] - /****************流量统计******************/
LastReadBytes:0
LastReadThroughput:0
LastWrittenBytes:0
LastWriteThroughput:0
RealWrittenBytes:0
RealWriteThroughput:0
当前玩家的连接数量:0
当前地图的线程个数：9
当前地图的个数:48
当前数据库执行队列数:0
当前发送队列缓存的对象数量:0
totalMemory：680001536, use ：426569448, free ：253432088DirectMemory：1827143680, 恢复 ：1
当前时间 ：2026-08-21 00:45:24send keng：2418, sheng ：4194304
decode keng：26, sheng ：2097152
world keng：12, sheng ：1048576

2026-08-21 00:45:29.682 INFO [pool-6-thread-10][:] - /****************流量统计******************/
LastReadBytes:0
LastReadThroughput:0
LastWrittenBytes:0
LastWriteThroughput:0
RealWrittenBytes:0
RealWriteThroughput:0
当前玩家的连接数量:0
当前地图的线程个数：9
当前地图的个数:48
当前数据库执行队列数:0
当前发送队列缓存的对象数量:0
totalMemory：680001536, use ：429953616, free ：250047920DirectMemory：1827143680, 恢复 ：1
当前时间 ：2026-08-21 00:45:29send keng：2418, sheng ：4194304
decode keng：26, sheng ：2097152
world keng：12, sheng ：1048576

2026-08-21 00:45:34.682 INFO [pool-6-thread-6][:] - /****************流量统计******************/
LastReadBytes:0
LastReadThroughput:0
LastWrittenBytes:0
LastWriteThroughput:0
RealWrittenBytes:0
RealWriteThroughput:0
当前玩家的连接数量:0
当前地图的线程个数：9
当前地图的个数:48
当前数据库执行队列数:0
当前发送队列缓存的对象数量:0
totalMemory：680001536, use ：433555952, free ：246445584DirectMemory：1827143680, 恢复 ：1
当前时间 ：2026-08-21 00:45:34send keng：2418, sheng ：4194304
decode keng：26, sheng ：2097152
world keng：12, sheng ：1048576

2026-08-21 00:45:39.682 INFO [pool-6-thread-2][:] - /****************流量统计******************/
LastReadBytes:0
LastReadThroughput:0
LastWrittenBytes:0
LastWriteThroughput:0
RealWrittenBytes:0
RealWriteThroughput:0
当前玩家的连接数量:0
当前地图的线程个数：9
当前地图的个数:48
当前数据库执行队列数:0
当前发送队列缓存的对象数量:0
totalMemory：680001536, use ：437125936, free ：242875600DirectMemory：1827143680, 恢复 ：1
当前时间 ：2026-08-21 00:45:39send keng：2418, sheng ：4194304
decode keng：26, sheng ：2097152
world keng：12, sheng ：1048576

2026-08-21 00:45:44.682 INFO [pool-6-thread-2][:] - /****************流量统计******************/
LastReadBytes:0
LastReadThroughput:0
LastWrittenBytes:0
LastWriteThroughput:0
RealWrittenBytes:0
RealWriteThroughput:0
当前玩家的连接数量:0
当前地图的线程个数：9
当前地图的个数:48
当前数据库执行队列数:0
当前发送队列缓存的对象数量:0
totalMemory：680001536, use ：440782752, free ：239218784DirectMemory：1827143680, 恢复 ：1
当前时间 ：2026-08-21 00:45:44send keng：2418, sheng ：4194304
decode keng：26, sheng ：2097152
world keng：12, sheng ：1048576

2026-08-21 00:45:49.682 INFO [pool-6-thread-3][:] - /****************流量统计******************/
LastReadBytes:0
LastReadThroughput:0
LastWrittenBytes:0
LastWriteThroughput:0
RealWrittenBytes:0
RealWriteThroughput:0
当前玩家的连接数量:0
当前地图的线程个数：9
当前地图的个数:48
当前数据库执行队列数:0
当前发送队列缓存的对象数量:0
totalMemory：680001536, use ：444295048, free ：235706488DirectMemory：1827143680, 恢复 ：1
当前时间 ：2026-08-21 00:45:49send keng：2418, sheng ：4194304
decode keng：26, sheng ：2097152
world keng：12, sheng ：1048576

2026-08-21 00:45:54.682 INFO [pool-6-thread-8][:] - /****************流量统计******************/
LastReadBytes:0
LastReadThroughput:0
LastWrittenBytes:0
LastWriteThroughput:0
RealWrittenBytes:0
RealWriteThroughput:0
当前玩家的连接数量:0
当前地图的线程个数：9
当前地图的个数:48
当前数据库执行队列数:0
当前发送队列缓存的对象数量:0
totalMemory：680001536, use ：447758544, free ：232242992DirectMemory：1827143680, 恢复 ：1
当前时间 ：2026-08-21 00:45:54send keng：2418, sheng ：4194304
decode keng：26, sheng ：2097152
world keng：12, sheng ：1048576

2026-08-21 00:45:59.682 INFO [pool-6-thread-8][:] - /****************流量统计******************/
LastReadBytes:0
LastReadThroughput:0
LastWrittenBytes:0
LastWriteThroughput:0
RealWrittenBytes:0
RealWriteThroughput:0
当前玩家的连接数量:0
当前地图的线程个数：9
当前地图的个数:48
当前数据库执行队列数:0
当前发送队列缓存的对象数量:0
totalMemory：680001536, use ：451049312, free ：228952224DirectMemory：1827143680, 恢复 ：1
当前时间 ：2026-08-21 00:45:59send keng：2418, sheng ：4194304
decode keng：26, sheng ：2097152
world keng：12, sheng ：1048576

2026-08-21 00:46:04.682 INFO [pool-6-thread-1][:] - /****************流量统计******************/
LastReadBytes:0
LastReadThroughput:0
LastWrittenBytes:0
LastWriteThroughput:0
RealWrittenBytes:0
RealWriteThroughput:0
当前玩家的连接数量:0
当前地图的线程个数：9
当前地图的个数:48
当前数据库执行队列数:0
当前发送队列缓存的对象数量:0
totalMemory：680001536, use ：454926816, free ：225074720DirectMemory：1827143680, 恢复 ：1
当前时间 ：2026-08-21 00:46:04send keng：2418, sheng ：4194304
decode keng：26, sheng ：2097152
world keng：12, sheng ：1048576

2026-08-21 00:46:09.682 INFO [pool-6-thread-10][:] - /****************流量统计******************/
LastReadBytes:0
LastReadThroughput:0
LastWrittenBytes:0
LastWriteThroughput:0
RealWrittenBytes:0
RealWriteThroughput:0
当前玩家的连接数量:0
当前地图的线程个数：9
当前地图的个数:48
当前数据库执行队列数:0
当前发送队列缓存的对象数量:0
totalMemory：680001536, use ：458259552, free ：221741984DirectMemory：1827143680, 恢复 ：1
当前时间 ：2026-08-21 00:46:09send keng：2418, sheng ：4194304
decode keng：26, sheng ：2097152
world keng：12, sheng ：1048576

2026-08-21 00:46:14.682 INFO [pool-6-thread-9][:] - /****************流量统计******************/
LastReadBytes:0
LastReadThroughput:0
LastWrittenBytes:0
LastWriteThroughput:0
RealWrittenBytes:0
RealWriteThroughput:0
当前玩家的连接数量:0
当前地图的线程个数：9
当前地图的个数:48
当前数据库执行队列数:0
当前发送队列缓存的对象数量:0
totalMemory：680001536, use ：461928288, free ：218073248DirectMemory：1827143680, 恢复 ：1
当前时间 ：2026-08-21 00:46:14send keng：2418, sheng ：4194304
decode keng：26, sheng ：2097152
world keng：12, sheng ：1048576

2026-08-21 00:46:19.682 INFO [pool-6-thread-1][:] - /****************流量统计******************/
LastReadBytes:0
LastReadThroughput:0
LastWrittenBytes:0
LastWriteThroughput:0
RealWrittenBytes:0
RealWriteThroughput:0
当前玩家的连接数量:0
当前地图的线程个数：9
当前地图的个数:48
当前数据库执行队列数:0
当前发送队列缓存的对象数量:0
totalMemory：680001536, use ：465477040, free ：214524496DirectMemory：1827143680, 恢复 ：1
当前时间 ：2026-08-21 00:46:19send keng：2418, sheng ：4194304
decode keng：26, sheng ：2097152
world keng：12, sheng ：1048576

2026-08-21 00:46:24.682 INFO [pool-6-thread-7][:] - /****************流量统计******************/
LastReadBytes:0
LastReadThroughput:0
LastWrittenBytes:0
LastWriteThroughput:0
RealWrittenBytes:0
RealWriteThroughput:0
当前玩家的连接数量:0
当前地图的线程个数：9
当前地图的个数:48
当前数据库执行队列数:0
当前发送队列缓存的对象数量:0
totalMemory：680001536, use ：422459320, free ：257542216DirectMemory：1827143680, 恢复 ：1
当前时间 ：2026-08-21 00:46:24send keng：2418, sheng ：4194304
decode keng：26, sheng ：2097152
world keng：12, sheng ：1048576

2026-08-21 00:46:29.682 INFO [pool-6-thread-9][:] - /****************流量统计******************/
LastReadBytes:0
LastReadThroughput:0
LastWrittenBytes:0
LastWriteThroughput:0
RealWrittenBytes:0
RealWriteThroughput:0
当前玩家的连接数量:0
当前地图的线程个数：9
当前地图的个数:48
当前数据库执行队列数:0
当前发送队列缓存的对象数量:0
totalMemory：680001536, use ：425829280, free ：254172256DirectMemory：1827143680, 恢复 ：1
当前时间 ：2026-08-21 00:46:29send keng：2418, sheng ：4194304
decode keng：26, sheng ：2097152
world keng：12, sheng ：1048576

2026-08-21 00:46:34.682 INFO [pool-6-thread-1][:] - /****************流量统计******************/
LastReadBytes:0
LastReadThroughput:0
LastWrittenBytes:0
LastWriteThroughput:0
RealWrittenBytes:0
RealWriteThroughput:0
当前玩家的连接数量:0
当前地图的线程个数：9
当前地图的个数:48
当前数据库执行队列数:0
当前发送队列缓存的对象数量:0
totalMemory：680001536, use ：429594440, free ：250407096DirectMemory：1827143680, 恢复 ：1
当前时间 ：2026-08-21 00:46:34send keng：2418, sheng ：4194304
decode keng：26, sheng ：2097152
world keng：12, sheng ：1048576

2026-08-21 00:46:39.682 INFO [pool-6-thread-9][:] - /****************流量统计******************/
LastReadBytes:0
LastReadThroughput:0
LastWrittenBytes:0
LastWriteThroughput:0
RealWrittenBytes:0
RealWriteThroughput:0
当前玩家的连接数量:0
当前地图的线程个数：9
当前地图的个数:48
当前数据库执行队列数:0
当前发送队列缓存的对象数量:0
totalMemory：680001536, use ：432891144, free ：247110392DirectMemory：1827143680, 恢复 ：1
当前时间 ：2026-08-21 00:46:39send keng：2418, sheng ：4194304
decode keng：26, sheng ：2097152
world keng：12, sheng ：1048576

2026-08-21 00:46:44.682 INFO [pool-6-thread-5][:] - /****************流量统计******************/
LastReadBytes:0
LastReadThroughput:0
LastWrittenBytes:0
LastWriteThroughput:0
RealWrittenBytes:0
RealWriteThroughput:0
当前玩家的连接数量:0
当前地图的线程个数：9
当前地图的个数:48
当前数据库执行队列数:0
当前发送队列缓存的对象数量:0
totalMemory：680001536, use ：436604680, free ：243396856DirectMemory：1827143680, 恢复 ：1
当前时间 ：2026-08-21 00:46:44send keng：2418, sheng ：4194304
decode keng：26, sheng ：2097152
world keng：12, sheng ：1048576

2026-08-21 00:46:49.682 INFO [pool-6-thread-8][:] - /****************流量统计******************/
LastReadBytes:0
LastReadThroughput:0
LastWrittenBytes:0
LastWriteThroughput:0
RealWrittenBytes:0
RealWriteThroughput:0
当前玩家的连接数量:0
当前地图的线程个数：9
当前地图的个数:48
当前数据库执行队列数:0
当前发送队列缓存的对象数量:0
totalMemory：680001536, use ：440064688, free ：239936848DirectMemory：1827143680, 恢复 ：1
当前时间 ：2026-08-21 00:46:49send keng：2418, sheng ：4194304
decode keng：26, sheng ：2097152
world keng：12, sheng ：1048576

2026-08-21 00:46:54.682 INFO [pool-6-thread-6][:] - /****************流量统计******************/
LastReadBytes:0
LastReadThroughput:0
LastWrittenBytes:0
LastWriteThroughput:0
RealWrittenBytes:0
RealWriteThroughput:0
当前玩家的连接数量:0
当前地图的线程个数：9
当前地图的个数:48
当前数据库执行队列数:0
当前发送队列缓存的对象数量:0
totalMemory：680001536, use ：443607968, free ：236393568DirectMemory：1827143680, 恢复 ：1
当前时间 ：2026-08-21 00:46:54send keng：2418, sheng ：4194304
decode keng：26, sheng ：2097152
world keng：12, sheng ：1048576

2026-08-21 00:46:59.682 INFO [pool-6-thread-4][:] - /****************流量统计******************/
LastReadBytes:0
LastReadThroughput:0
LastWrittenBytes:0
LastWriteThroughput:0
RealWrittenBytes:0
RealWriteThroughput:0
当前玩家的连接数量:0
当前地图的线程个数：9
当前地图的个数:48
当前数据库执行队列数:0
当前发送队列缓存的对象数量:0
totalMemory：680001536, use ：447230864, free ：232770672DirectMemory：1827143680, 恢复 ：1
当前时间 ：2026-08-21 00:46:59send keng：2418, sheng ：4194304
decode keng：26, sheng ：2097152
world keng：12, sheng ：1048576

2026-08-21 00:47:04.682 INFO [pool-6-thread-1][:] - /****************流量统计******************/
LastReadBytes:0
LastReadThroughput:0
LastWrittenBytes:0
LastWriteThroughput:0
RealWrittenBytes:0
RealWriteThroughput:0
当前玩家的连接数量:0
当前地图的线程个数：9
当前地图的个数:48
当前数据库执行队列数:0
当前发送队列缓存的对象数量:0
totalMemory：680001536, use ：450832440, free ：229169096DirectMemory：1827143680, 恢复 ：1
当前时间 ：2026-08-21 00:47:04send keng：2418, sheng ：4194304
decode keng：26, sheng ：2097152
world keng：12, sheng ：1048576

2026-08-21 00:47:09.682 INFO [pool-6-thread-9][:] - /****************流量统计******************/
LastReadBytes:0
LastReadThroughput:0
LastWrittenBytes:0
LastWriteThroughput:0
RealWrittenBytes:0
RealWriteThroughput:0
当前玩家的连接数量:0
当前地图的线程个数：9
当前地图的个数:48
当前数据库执行队列数:0
当前发送队列缓存的对象数量:0
totalMemory：680001536, use ：454395072, free ：225606464DirectMemory：1827143680, 恢复 ：1
当前时间 ：2026-08-21 00:47:09send keng：2418, sheng ：4194304
decode keng：26, sheng ：2097152
world keng：12, sheng ：1048576

2026-08-21 00:47:14.682 INFO [pool-6-thread-10][:] - /****************流量统计******************/
LastReadBytes:0
LastReadThroughput:0
LastWrittenBytes:0
LastWriteThroughput:0
RealWrittenBytes:0
RealWriteThroughput:0
当前玩家的连接数量:0
当前地图的线程个数：9
当前地图的个数:48
当前数据库执行队列数:0
当前发送队列缓存的对象数量:0
totalMemory：680001536, use ：457899416, free ：222102120DirectMemory：1827143680, 恢复 ：1
当前时间 ：2026-08-21 00:47:14send keng：2418, sheng ：4194304
decode keng：26, sheng ：2097152
world keng：12, sheng ：1048576

2026-08-21 00:47:19.682 INFO [pool-6-thread-5][:] - /****************流量统计******************/
LastReadBytes:0
LastReadThroughput:0
LastWrittenBytes:0
LastWriteThroughput:0
RealWrittenBytes:0
RealWriteThroughput:0
当前玩家的连接数量:0
当前地图的线程个数：9
当前地图的个数:48
当前数据库执行队列数:0
当前发送队列缓存的对象数量:0
totalMemory：680001536, use ：461643184, free ：218358352DirectMemory：1827143680, 恢复 ：1
当前时间 ：2026-08-21 00:47:19send keng：2418, sheng ：4194304
decode keng：26, sheng ：2097152
world keng：12, sheng ：1048576

2026-08-21 00:47:24.682 INFO [pool-6-thread-3][:] - /****************流量统计******************/
LastReadBytes:0
LastReadThroughput:0
LastWrittenBytes:0
LastWriteThroughput:0
RealWrittenBytes:0
RealWriteThroughput:0
当前玩家的连接数量:0
当前地图的线程个数：9
当前地图的个数:48
当前数据库执行队列数:0
当前发送队列缓存的对象数量:0
totalMemory：680001536, use ：465074232, free ：214927304DirectMemory：1827143680, 恢复 ：1
当前时间 ：2026-08-21 00:47:24send keng：2418, sheng ：4194304
decode keng：26, sheng ：2097152
world keng：12, sheng ：1048576

2026-08-21 00:47:29.682 INFO [pool-6-thread-3][:] - /****************流量统计******************/
LastReadBytes:0
LastReadThroughput:0
LastWrittenBytes:0
LastWriteThroughput:0
RealWrittenBytes:0
RealWriteThroughput:0
当前玩家的连接数量:0
当前地图的线程个数：9
当前地图的个数:48
当前数据库执行队列数:0
当前发送队列缓存的对象数量:0
totalMemory：680001536, use ：421715160, free ：258286376DirectMemory：1827143680, 恢复 ：1
当前时间 ：2026-08-21 00:47:29send keng：2418, sheng ：4194304
decode keng：26, sheng ：2097152
world keng：12, sheng ：1048576

2026-08-21 00:47:34.682 INFO [pool-6-thread-9][:] - /****************流量统计******************/
LastReadBytes:0
LastReadThroughput:0
LastWrittenBytes:0
LastWriteThroughput:0
RealWrittenBytes:0
RealWriteThroughput:0
当前玩家的连接数量:0
当前地图的线程个数：9
当前地图的个数:48
当前数据库执行队列数:0
当前发送队列缓存的对象数量:0
totalMemory：680001536, use ：425282160, free ：254719376DirectMemory：1827143680, 恢复 ：1
当前时间 ：2026-08-21 00:47:34send keng：2418, sheng ：4194304
decode keng：26, sheng ：2097152
world keng：12, sheng ：1048576

2026-08-21 00:47:39.682 INFO [pool-6-thread-10][:] - /****************流量统计******************/
LastReadBytes:0
LastReadThroughput:0
LastWrittenBytes:0
LastWriteThroughput:0
RealWrittenBytes:0
RealWriteThroughput:0
当前玩家的连接数量:0
当前地图的线程个数：9
当前地图的个数:48
当前数据库执行队列数:0
当前发送队列缓存的对象数量:0
totalMemory：680001536, use ：428624368, free ：251377168DirectMemory：1827143680, 恢复 ：1
当前时间 ：2026-08-21 00:47:39send keng：2418, sheng ：4194304
decode keng：26, sheng ：2097152
world keng：12, sheng ：1048576

2026-08-21 00:47:44.682 INFO [pool-6-thread-7][:] - /****************流量统计******************/
LastReadBytes:0
LastReadThroughput:0
LastWrittenBytes:0
LastWriteThroughput:0
RealWrittenBytes:0
RealWriteThroughput:0
当前玩家的连接数量:0
当前地图的线程个数：9
当前地图的个数:48
当前数据库执行队列数:0
当前发送队列缓存的对象数量:0
totalMemory：680001536, use ：432446904, free ：247554632DirectMemory：1827143680, 恢复 ：1
当前时间 ：2026-08-21 00:47:44send keng：2418, sheng ：4194304
decode keng：26, sheng ：2097152
world keng：12, sheng ：1048576

2026-08-21 00:47:49.682 INFO [pool-6-thread-8][:] - /****************流量统计******************/
LastReadBytes:0
LastReadThroughput:0
LastWrittenBytes:0
LastWriteThroughput:0
RealWrittenBytes:0
RealWriteThroughput:0
当前玩家的连接数量:0
当前地图的线程个数：9
当前地图的个数:48
当前数据库执行队列数:0
当前发送队列缓存的对象数量:0
totalMemory：680001536, use ：436050496, free ：243951040DirectMemory：1827143680, 恢复 ：1
当前时间 ：2026-08-21 00:47:49send keng：2418, sheng ：4194304
decode keng：26, sheng ：2097152
world keng：12, sheng ：1048576

2026-08-21 00:47:54.682 INFO [pool-6-thread-6][:] - /****************流量统计******************/
LastReadBytes:0
LastReadThroughput:0
LastWrittenBytes:0
LastWriteThroughput:0
RealWrittenBytes:0
RealWriteThroughput:0
当前玩家的连接数量:0
当前地图的线程个数：9
当前地图的个数:48
当前数据库执行队列数:0
当前发送队列缓存的对象数量:0
totalMemory：680001536, use ：439531656, free ：240469880DirectMemory：1827143680, 恢复 ：1
当前时间 ：2026-08-21 00:47:54send keng：2418, sheng ：4194304
decode keng：26, sheng ：2097152
world keng：12, sheng ：1048576

2026-08-21 00:47:59.682 INFO [pool-6-thread-3][:] - /****************流量统计******************/
LastReadBytes:0
LastReadThroughput:0
LastWrittenBytes:0
LastWriteThroughput:0
RealWrittenBytes:0
RealWriteThroughput:0
当前玩家的连接数量:0
当前地图的线程个数：9
当前地图的个数:48
当前数据库执行队列数:0
当前发送队列缓存的对象数量:0
totalMemory：680001536, use ：442993592, free ：237007944DirectMemory：1827143680, 恢复 ：1
当前时间 ：2026-08-21 00:47:59send keng：2418, sheng ：4194304
decode keng：26, sheng ：2097152
world keng：12, sheng ：1048576

2026-08-21 00:48:04.682 INFO [pool-6-thread-10][:] - /****************流量统计******************/
LastReadBytes:0
LastReadThroughput:0
LastWrittenBytes:0
LastWriteThroughput:0
RealWrittenBytes:0
RealWriteThroughput:0
当前玩家的连接数量:0
当前地图的线程个数：9
当前地图的个数:48
当前数据库执行队列数:0
当前发送队列缓存的对象数量:0
totalMemory：680001536, use ：446422104, free ：233579432DirectMemory：1827143680, 恢复 ：1
当前时间 ：2026-08-21 00:48:04send keng：2418, sheng ：4194304
decode keng：26, sheng ：2097152
world keng：12, sheng ：1048576

2026-08-21 00:48:09.682 INFO [pool-6-thread-9][:] - /****************流量统计******************/
LastReadBytes:0
LastReadThroughput:0
LastWrittenBytes:0
LastWriteThroughput:0
RealWrittenBytes:0
RealWriteThroughput:0
当前玩家的连接数量:0
当前地图的线程个数：9
当前地图的个数:48
当前数据库执行队列数:0
当前发送队列缓存的对象数量:0
totalMemory：680001536, use ：450171480, free ：229830056DirectMemory：1827143680, 恢复 ：1
当前时间 ：2026-08-21 00:48:09send keng：2418, sheng ：4194304
decode keng：26, sheng ：2097152
world keng：12, sheng ：1048576

2026-08-21 00:48:14.682 INFO [pool-6-thread-6][:] - /****************流量统计******************/
LastReadBytes:0
LastReadThroughput:0
LastWrittenBytes:0
LastWriteThroughput:0
RealWrittenBytes:0
RealWriteThroughput:0
当前玩家的连接数量:0
当前地图的线程个数：9
当前地图的个数:48
当前数据库执行队列数:0
当前发送队列缓存的对象数量:0
totalMemory：680001536, use ：453942600, free ：226058936DirectMemory：1827143680, 恢复 ：1
当前时间 ：2026-08-21 00:48:14send keng：2418, sheng ：4194304
decode keng：26, sheng ：2097152
world keng：12, sheng ：1048576

2026-08-21 00:48:19.682 INFO [pool-6-thread-1][:] - /****************流量统计******************/
LastReadBytes:0
LastReadThroughput:0
LastWrittenBytes:0
LastWriteThroughput:0
RealWrittenBytes:0
RealWriteThroughput:0
当前玩家的连接数量:0
当前地图的线程个数：9
当前地图的个数:48
当前数据库执行队列数:0
当前发送队列缓存的对象数量:0
totalMemory：680001536, use ：457636808, free ：222364728DirectMemory：1827143680, 恢复 ：1
当前时间 ：2026-08-21 00:48:19send keng：2418, sheng ：4194304
decode keng：26, sheng ：2097152
world keng：12, sheng ：1048576

2026-08-21 00:48:24.682 INFO [pool-6-thread-2][:] - /****************流量统计******************/
LastReadBytes:0
LastReadThroughput:0
LastWrittenBytes:0
LastWriteThroughput:0
RealWrittenBytes:0
RealWriteThroughput:0
当前玩家的连接数量:0
当前地图的线程个数：9
当前地图的个数:48
当前数据库执行队列数:0
当前发送队列缓存的对象数量:0
totalMemory：680001536, use ：460734256, free ：219267280DirectMemory：1827143680, 恢复 ：1
当前时间 ：2026-08-21 00:48:24send keng：2418, sheng ：4194304
decode keng：26, sheng ：2097152
world keng：12, sheng ：1048576

2026-08-21 00:48:29.682 INFO [pool-6-thread-5][:] - /****************流量统计******************/
LastReadBytes:0
LastReadThroughput:0
LastWrittenBytes:0
LastWriteThroughput:0
RealWrittenBytes:0
RealWriteThroughput:0
当前玩家的连接数量:0
当前地图的线程个数：9
当前地图的个数:48
当前数据库执行队列数:0
当前发送队列缓存的对象数量:0
totalMemory：680001536, use ：464380176, free ：215621360DirectMemory：1827143680, 恢复 ：1
当前时间 ：2026-08-21 00:48:29send keng：2418, sheng ：4194304
decode keng：26, sheng ：2097152
world keng：12, sheng ：1048576

2026-08-21 00:48:34.682 INFO [pool-6-thread-10][:] - /****************流量统计******************/
LastReadBytes:0
LastReadThroughput:0
LastWrittenBytes:0
LastWriteThroughput:0
RealWrittenBytes:0
RealWriteThroughput:0
当前玩家的连接数量:0
当前地图的线程个数：9
当前地图的个数:48
当前数据库执行队列数:0
当前发送队列缓存的对象数量:0
totalMemory：680001536, use ：421326624, free ：258674912DirectMemory：1827143680, 恢复 ：1
当前时间 ：2026-08-21 00:48:34send keng：2418, sheng ：4194304
decode keng：26, sheng ：2097152
world keng：12, sheng ：1048576

2026-08-21 00:48:39.682 INFO [pool-6-thread-10][:] - /****************流量统计******************/
LastReadBytes:0
LastReadThroughput:0
LastWrittenBytes:0
LastWriteThroughput:0
RealWrittenBytes:0
RealWriteThroughput:0
当前玩家的连接数量:0
当前地图的线程个数：9
当前地图的个数:48
当前数据库执行队列数:0
当前发送队列缓存的对象数量:0
totalMemory：680001536, use ：425051168, free ：254950368DirectMemory：1827143680, 恢复 ：1
当前时间 ：2026-08-21 00:48:39send keng：2418, sheng ：4194304
decode keng：26, sheng ：2097152
world keng：12, sheng ：1048576

2026-08-21 00:48:44.683 INFO [pool-6-thread-1][:] - /****************流量统计******************/
LastReadBytes:0
LastReadThroughput:0
LastWrittenBytes:0
LastWriteThroughput:0
RealWrittenBytes:0
RealWriteThroughput:0
当前玩家的连接数量:0
当前地图的线程个数：9
当前地图的个数:48
当前数据库执行队列数:0
当前发送队列缓存的对象数量:0
totalMemory：680001536, use ：428475728, free ：251525808DirectMemory：1827143680, 恢复 ：1
当前时间 ：2026-08-21 00:48:44send keng：2418, sheng ：4194304
decode keng：26, sheng ：2097152
world keng：12, sheng ：1048576

2026-08-21 00:48:49.682 INFO [pool-6-thread-6][:] - /****************流量统计******************/
LastReadBytes:0
LastReadThroughput:0
LastWrittenBytes:0
LastWriteThroughput:0
RealWrittenBytes:0
RealWriteThroughput:0
当前玩家的连接数量:0
当前地图的线程个数：9
当前地图的个数:48
当前数据库执行队列数:0
当前发送队列缓存的对象数量:0
totalMemory：680001536, use ：432036344, free ：247965192DirectMemory：1827143680, 恢复 ：1
当前时间 ：2026-08-21 00:48:49send keng：2418, sheng ：4194304
decode keng：26, sheng ：2097152
world keng：12, sheng ：1048576

2026-08-21 00:48:54.682 INFO [pool-6-thread-9][:] - /****************流量统计******************/
LastReadBytes:0
LastReadThroughput:0
LastWrittenBytes:0
LastWriteThroughput:0
RealWrittenBytes:0
RealWriteThroughput:0
当前玩家的连接数量:0
当前地图的线程个数：9
当前地图的个数:48
当前数据库执行队列数:0
当前发送队列缓存的对象数量:0
totalMemory：680001536, use ：435327704, free ：244673832DirectMemory：1827143680, 恢复 ：1
当前时间 ：2026-08-21 00:48:54send keng：2418, sheng ：4194304
decode keng：26, sheng ：2097152
world keng：12, sheng ：1048576

2026-08-21 00:48:59.682 INFO [pool-6-thread-4][:] - /****************流量统计******************/
LastReadBytes:0
LastReadThroughput:0
LastWrittenBytes:0
LastWriteThroughput:0
RealWrittenBytes:0
RealWriteThroughput:0
当前玩家的连接数量:0
当前地图的线程个数：9
当前地图的个数:48
当前数据库执行队列数:0
当前发送队列缓存的对象数量:0
totalMemory：680001536, use ：439164008, free ：240837528DirectMemory：1827143680, 恢复 ：1
当前时间 ：2026-08-21 00:48:59send keng：2418, sheng ：4194304
decode keng：26, sheng ：2097152
world keng：12, sheng ：1048576

2026-08-21 00:49:04.682 INFO [pool-6-thread-3][:] - /****************流量统计******************/
LastReadBytes:0
LastReadThroughput:0
LastWrittenBytes:0
LastWriteThroughput:0
RealWrittenBytes:0
RealWriteThroughput:0
当前玩家的连接数量:0
当前地图的线程个数：9
当前地图的个数:48
当前数据库执行队列数:0
当前发送队列缓存的对象数量:0
totalMemory：680001536, use ：442694648, free ：237306888DirectMemory：1827143680, 恢复 ：1
当前时间 ：2026-08-21 00:49:04send keng：2418, sheng ：4194304
decode keng：26, sheng ：2097152
world keng：12, sheng ：1048576

2026-08-21 00:49:09.682 INFO [pool-6-thread-2][:] - /****************流量统计******************/
LastReadBytes:0
LastReadThroughput:0
LastWrittenBytes:0
LastWriteThroughput:0
RealWrittenBytes:0
RealWriteThroughput:0
当前玩家的连接数量:0
当前地图的线程个数：9
当前地图的个数:48
当前数据库执行队列数:0
当前发送队列缓存的对象数量:0
totalMemory：680001536, use ：446358504, free ：233643032DirectMemory：1827143680, 恢复 ：1
当前时间 ：2026-08-21 00:49:09send keng：2418, sheng ：4194304
decode keng：26, sheng ：2097152
world keng：12, sheng ：1048576

2026-08-21 00:49:14.682 INFO [pool-6-thread-7][:] - /****************流量统计******************/
LastReadBytes:0
LastReadThroughput:0
LastWrittenBytes:0
LastWriteThroughput:0
RealWrittenBytes:0
RealWriteThroughput:0
当前玩家的连接数量:0
当前地图的线程个数：9
当前地图的个数:48
当前数据库执行队列数:0
当前发送队列缓存的对象数量:0
totalMemory：680001536, use ：450055568, free ：229945968DirectMemory：1827143680, 恢复 ：1
当前时间 ：2026-08-21 00:49:14send keng：2418, sheng ：4194304
decode keng：26, sheng ：2097152
world keng：12, sheng ：1048576

2026-08-21 00:49:19.682 INFO [pool-6-thread-7][:] - /****************流量统计******************/
LastReadBytes:0
LastReadThroughput:0
LastWrittenBytes:0
LastWriteThroughput:0
RealWrittenBytes:0
RealWriteThroughput:0
当前玩家的连接数量:0
当前地图的线程个数：9
当前地图的个数:48
当前数据库执行队列数:0
当前发送队列缓存的对象数量:0
totalMemory：680001536, use ：453470752, free ：226530784DirectMemory：1827143680, 恢复 ：1
当前时间 ：2026-08-21 00:49:19send keng：2418, sheng ：4194304
decode keng：26, sheng ：2097152
world keng：12, sheng ：1048576

2026-08-21 00:49:24.682 INFO [pool-6-thread-2][:] - /****************流量统计******************/
LastReadBytes:0
LastReadThroughput:0
LastWrittenBytes:0
LastWriteThroughput:0
RealWrittenBytes:0
RealWriteThroughput:0
当前玩家的连接数量:0
当前地图的线程个数：9
当前地图的个数:48
当前数据库执行队列数:0
当前发送队列缓存的对象数量:0
totalMemory：680001536, use ：457059656, free ：222941880DirectMemory：1827143680, 恢复 ：1
当前时间 ：2026-08-21 00:49:24send keng：2418, sheng ：4194304
decode keng：26, sheng ：2097152
world keng：12, sheng ：1048576

2026-08-21 00:49:29.682 INFO [pool-6-thread-1][:] - /****************流量统计******************/
LastReadBytes:0
LastReadThroughput:0
LastWrittenBytes:0
LastWriteThroughput:0
RealWrittenBytes:0
RealWriteThroughput:0
当前玩家的连接数量:0
当前地图的线程个数：9
当前地图的个数:48
当前数据库执行队列数:0
当前发送队列缓存的对象数量:0
totalMemory：680001536, use ：460635096, free ：219366440DirectMemory：1827143680, 恢复 ：1
当前时间 ：2026-08-21 00:49:29send keng：2418, sheng ：4194304
decode keng：26, sheng ：2097152
world keng：12, sheng ：1048576

2026-08-21 00:49:34.682 INFO [pool-6-thread-3][:] - /****************流量统计******************/
LastReadBytes:0
LastReadThroughput:0
LastWrittenBytes:0
LastWriteThroughput:0
RealWrittenBytes:0
RealWriteThroughput:0
当前玩家的连接数量:0
当前地图的线程个数：9
当前地图的个数:48
当前数据库执行队列数:0
当前发送队列缓存的对象数量:0
totalMemory：680001536, use ：464268128, free ：215733408DirectMemory：1827143680, 恢复 ：1
当前时间 ：2026-08-21 00:49:34send keng：2418, sheng ：4194304
decode keng：26, sheng ：2097152
world keng：12, sheng ：1048576

2026-08-21 00:49:39.682 INFO [pool-6-thread-5][:] - /****************流量统计******************/
LastReadBytes:0
LastReadThroughput:0
LastWrittenBytes:0
LastWriteThroughput:0
RealWrittenBytes:0
RealWriteThroughput:0
当前玩家的连接数量:0
当前地图的线程个数：9
当前地图的个数:48
当前数据库执行队列数:0
当前发送队列缓存的对象数量:0
totalMemory：680001536, use ：421045024, free ：258956512DirectMemory：1827143680, 恢复 ：1
当前时间 ：2026-08-21 00:49:39send keng：2418, sheng ：4194304
decode keng：26, sheng ：2097152
world keng：12, sheng ：1048576

2026-08-21 00:49:44.682 INFO [pool-6-thread-3][:] - /****************流量统计******************/
LastReadBytes:0
LastReadThroughput:0
LastWrittenBytes:0
LastWriteThroughput:0
RealWrittenBytes:0
RealWriteThroughput:0
当前玩家的连接数量:0
当前地图的线程个数：9
当前地图的个数:48
当前数据库执行队列数:0
当前发送队列缓存的对象数量:0
totalMemory：680001536, use ：424446120, free ：255555416DirectMemory：1827143680, 恢复 ：1
当前时间 ：2026-08-21 00:49:44send keng：2418, sheng ：4194304
decode keng：26, sheng ：2097152
world keng：12, sheng ：1048576

2026-08-21 00:49:49.682 INFO [pool-6-thread-5][:] - /****************流量统计******************/
LastReadBytes:0
LastReadThroughput:0
LastWrittenBytes:0
LastWriteThroughput:0
RealWrittenBytes:0
RealWriteThroughput:0
当前玩家的连接数量:0
当前地图的线程个数：9
当前地图的个数:48
当前数据库执行队列数:0
当前发送队列缓存的对象数量:0
totalMemory：680001536, use ：427865800, free ：252135736DirectMemory：1827143680, 恢复 ：1
当前时间 ：2026-08-21 00:49:49send keng：2418, sheng ：4194304
decode keng：26, sheng ：2097152
world keng：12, sheng ：1048576

2026-08-21 00:49:54.683 INFO [pool-6-thread-3][:] - /****************流量统计******************/
LastReadBytes:0
LastReadThroughput:0
LastWrittenBytes:0
LastWriteThroughput:0
RealWrittenBytes:0
RealWriteThroughput:0
当前玩家的连接数量:0
当前地图的线程个数：9
当前地图的个数:48
当前数据库执行队列数:0
当前发送队列缓存的对象数量:0
totalMemory：680001536, use ：431598744, free ：248402792DirectMemory：1827143680, 恢复 ：1
当前时间 ：2026-08-21 00:49:54send keng：2418, sheng ：4194304
decode keng：26, sheng ：2097152
world keng：12, sheng ：1048576

2026-08-21 00:49:59.685 INFO [pool-6-thread-4][:] - /****************流量统计******************/
LastReadBytes:0
LastReadThroughput:0
LastWrittenBytes:0
LastWriteThroughput:0
RealWrittenBytes:0
RealWriteThroughput:0
当前玩家的连接数量:0
当前地图的线程个数：9
当前地图的个数:48
当前数据库执行队列数:0
当前发送队列缓存的对象数量:0
totalMemory：680001536, use ：435065040, free ：244936496DirectMemory：1827143680, 恢复 ：1
当前时间 ：2026-08-21 00:49:59send keng：2418, sheng ：4194304
decode keng：26, sheng ：2097152
world keng：12, sheng ：1048576

2026-08-21 00:50:04.682 INFO [pool-6-thread-3][:] - /****************流量统计******************/
LastReadBytes:0
LastReadThroughput:0
LastWrittenBytes:0
LastWriteThroughput:0
RealWrittenBytes:0
RealWriteThroughput:0
当前玩家的连接数量:0
当前地图的线程个数：9
当前地图的个数:48
当前数据库执行队列数:0
当前发送队列缓存的对象数量:0
totalMemory：680001536, use ：438760824, free ：241240712DirectMemory：1827143680, 恢复 ：1
当前时间 ：2026-08-21 00:50:04send keng：2418, sheng ：4194304
decode keng：26, sheng ：2097152
world keng：12, sheng ：1048576

2026-08-21 00:50:09.682 INFO [pool-6-thread-8][:] - /****************流量统计******************/
LastReadBytes:0
LastReadThroughput:0
LastWrittenBytes:0
LastWriteThroughput:0
RealWrittenBytes:0
RealWriteThroughput:0
当前玩家的连接数量:0
当前地图的线程个数：9
当前地图的个数:48
当前数据库执行队列数:0
当前发送队列缓存的对象数量:0
totalMemory：680001536, use ：442125840, free ：237875696DirectMemory：1827143680, 恢复 ：1
当前时间 ：2026-08-21 00:50:09send keng：2418, sheng ：4194304
decode keng：26, sheng ：2097152
world keng：12, sheng ：1048576

2026-08-21 00:50:14.683 INFO [pool-6-thread-5][:] - /****************流量统计******************/
LastReadBytes:0
LastReadThroughput:0
LastWrittenBytes:0
LastWriteThroughput:0
RealWrittenBytes:0
RealWriteThroughput:0
当前玩家的连接数量:0
当前地图的线程个数：9
当前地图的个数:48
当前数据库执行队列数:0
当前发送队列缓存的对象数量:0
totalMemory：680001536, use ：445743408, free ：234258128DirectMemory：1827143680, 恢复 ：1
当前时间 ：2026-08-21 00:50:14send keng：2418, sheng ：4194304
decode keng：26, sheng ：2097152
world keng：12, sheng ：1048576

2026-08-21 00:50:19.682 INFO [pool-6-thread-10][:] - /****************流量统计******************/
LastReadBytes:0
LastReadThroughput:0
LastWrittenBytes:0
LastWriteThroughput:0
RealWrittenBytes:0
RealWriteThroughput:0
当前玩家的连接数量:0
当前地图的线程个数：9
当前地图的个数:48
当前数据库执行队列数:0
当前发送队列缓存的对象数量:0
totalMemory：680001536, use ：449256760, free ：230744776DirectMemory：1827143680, 恢复 ：1
当前时间 ：2026-08-21 00:50:19send keng：2418, sheng ：4194304
decode keng：26, sheng ：2097152
world keng：12, sheng ：1048576

2026-08-21 00:50:24.682 INFO [pool-6-thread-7][:] - /****************流量统计******************/
LastReadBytes:0
LastReadThroughput:0
LastWrittenBytes:0
LastWriteThroughput:0
RealWrittenBytes:0
RealWriteThroughput:0
当前玩家的连接数量:0
当前地图的线程个数：9
当前地图的个数:48
当前数据库执行队列数:0
当前发送队列缓存的对象数量:0
totalMemory：680001536, use ：452883368, free ：227118168DirectMemory：1827143680, 恢复 ：1
当前时间 ：2026-08-21 00:50:24send keng：2418, sheng ：4194304
decode keng：26, sheng ：2097152
world keng：12, sheng ：1048576

2026-08-21 00:50:29.682 INFO [pool-6-thread-7][:] - /****************流量统计******************/
LastReadBytes:0
LastReadThroughput:0
LastWrittenBytes:0
LastWriteThroughput:0
RealWrittenBytes:0
RealWriteThroughput:0
当前玩家的连接数量:0
当前地图的线程个数：9
当前地图的个数:48
当前数据库执行队列数:0
当前发送队列缓存的对象数量:0
totalMemory：680001536, use ：456289544, free ：223711992DirectMemory：1827143680, 恢复 ：1
当前时间 ：2026-08-21 00:50:29send keng：2418, sheng ：4194304
decode keng：26, sheng ：2097152
world keng：12, sheng ：1048576

2026-08-21 00:50:34.682 INFO [pool-6-thread-3][:] - /****************流量统计******************/
LastReadBytes:0
LastReadThroughput:0
LastWrittenBytes:0
LastWriteThroughput:0
RealWrittenBytes:0
RealWriteThroughput:0
当前玩家的连接数量:0
当前地图的线程个数：9
当前地图的个数:48
当前数据库执行队列数:0
当前发送队列缓存的对象数量:0
totalMemory：680001536, use ：459815496, free ：220186040DirectMemory：1827143680, 恢复 ：1
当前时间 ：2026-08-21 00:50:34send keng：2418, sheng ：4194304
decode keng：26, sheng ：2097152
world keng：12, sheng ：1048576

2026-08-21 00:50:39.682 INFO [pool-6-thread-10][:] - /****************流量统计******************/
LastReadBytes:0
LastReadThroughput:0
LastWrittenBytes:0
LastWriteThroughput:0
RealWrittenBytes:0
RealWriteThroughput:0
当前玩家的连接数量:0
当前地图的线程个数：9
当前地图的个数:48
当前数据库执行队列数:0
当前发送队列缓存的对象数量:0
totalMemory：680001536, use ：463282176, free ：216719360DirectMemory：1827143680, 恢复 ：1
当前时间 ：2026-08-21 00:50:39send keng：2418, sheng ：4194304
decode keng：26, sheng ：2097152
world keng：12, sheng ：1048576

2026-08-21 00:50:44.682 INFO [pool-6-thread-6][:] - /****************流量统计******************/
LastReadBytes:0
LastReadThroughput:0
LastWrittenBytes:0
LastWriteThroughput:0
RealWrittenBytes:0
RealWriteThroughput:0
当前玩家的连接数量:0
当前地图的线程个数：9
当前地图的个数:48
当前数据库执行队列数:0
当前发送队列缓存的对象数量:0
totalMemory：680001536, use ：420507352, free ：259494184DirectMemory：1827143680, 恢复 ：1
当前时间 ：2026-08-21 00:50:44send keng：2418, sheng ：4194304
decode keng：26, sheng ：2097152
world keng：12, sheng ：1048576

2026-08-21 00:50:49.682 INFO [pool-6-thread-7][:] - /****************流量统计******************/
LastReadBytes:0
LastReadThroughput:0
LastWrittenBytes:0
LastWriteThroughput:0
RealWrittenBytes:0
RealWriteThroughput:0
当前玩家的连接数量:0
当前地图的线程个数：9
当前地图的个数:48
当前数据库执行队列数:0
当前发送队列缓存的对象数量:0
totalMemory：680001536, use ：423676248, free ：256325288DirectMemory：1827143680, 恢复 ：1
当前时间 ：2026-08-21 00:50:49send keng：2418, sheng ：4194304
decode keng：26, sheng ：2097152
world keng：12, sheng ：1048576

2026-08-21 00:50:54.682 INFO [pool-6-thread-6][:] - /****************流量统计******************/
LastReadBytes:0
LastReadThroughput:0
LastWrittenBytes:0
LastWriteThroughput:0
RealWrittenBytes:0
RealWriteThroughput:0
当前玩家的连接数量:0
当前地图的线程个数：9
当前地图的个数:48
当前数据库执行队列数:0
当前发送队列缓存的对象数量:0
totalMemory：680001536, use ：427178880, free ：252822656DirectMemory：1827143680, 恢复 ：1
当前时间 ：2026-08-21 00:50:54send keng：2418, sheng ：4194304
decode keng：26, sheng ：2097152
world keng：12, sheng ：1048576

2026-08-21 00:50:59.682 INFO [pool-6-thread-2][:] - /****************流量统计******************/
LastReadBytes:0
LastReadThroughput:0
LastWrittenBytes:0
LastWriteThroughput:0
RealWrittenBytes:0
RealWriteThroughput:0
当前玩家的连接数量:0
当前地图的线程个数：9
当前地图的个数:48
当前数据库执行队列数:0
当前发送队列缓存的对象数量:0
totalMemory：680001536, use ：430618232, free ：249383304DirectMemory：1827143680, 恢复 ：1
当前时间 ：2026-08-21 00:50:59send keng：2418, sheng ：4194304
decode keng：26, sheng ：2097152
world keng：12, sheng ：1048576

2026-08-21 00:51:04.682 INFO [pool-6-thread-3][:] - /****************流量统计******************/
LastReadBytes:0
LastReadThroughput:0
LastWrittenBytes:0
LastWriteThroughput:0
RealWrittenBytes:0
RealWriteThroughput:0
当前玩家的连接数量:0
当前地图的线程个数：9
当前地图的个数:48
当前数据库执行队列数:0
当前发送队列缓存的对象数量:0
totalMemory：680001536, use ：434237824, free ：245763712DirectMemory：1827143680, 恢复 ：1
当前时间 ：2026-08-21 00:51:04send keng：2418, sheng ：4194304
decode keng：26, sheng ：2097152
world keng：12, sheng ：1048576

2026-08-21 00:51:09.682 INFO [pool-6-thread-2][:] - /****************流量统计******************/
LastReadBytes:0
LastReadThroughput:0
LastWrittenBytes:0
LastWriteThroughput:0
RealWrittenBytes:0
RealWriteThroughput:0
当前玩家的连接数量:0
当前地图的线程个数：9
当前地图的个数:48
当前数据库执行队列数:0
当前发送队列缓存的对象数量:0
totalMemory：680001536, use ：437730472, free ：242271064DirectMemory：1827143680, 恢复 ：1
当前时间 ：2026-08-21 00:51:09send keng：2418, sheng ：4194304
decode keng：26, sheng ：2097152
world keng：12, sheng ：1048576

2026-08-21 00:51:14.682 INFO [pool-6-thread-4][:] - /****************流量统计******************/
LastReadBytes:0
LastReadThroughput:0
LastWrittenBytes:0
LastWriteThroughput:0
RealWrittenBytes:0
RealWriteThroughput:0
当前玩家的连接数量:0
当前地图的线程个数：9
当前地图的个数:48
当前数据库执行队列数:0
当前发送队列缓存的对象数量:0
totalMemory：680001536, use ：441499008, free ：238502528DirectMemory：1827143680, 恢复 ：1
当前时间 ：2026-08-21 00:51:14send keng：2418, sheng ：4194304
decode keng：26, sheng ：2097152
world keng：12, sheng ：1048576

2026-08-21 00:51:19.682 INFO [pool-6-thread-4][:] - /****************流量统计******************/
LastReadBytes:0
LastReadThroughput:0
LastWrittenBytes:0
LastWriteThroughput:0
RealWrittenBytes:0
RealWriteThroughput:0
当前玩家的连接数量:0
当前地图的线程个数：9
当前地图的个数:48
当前数据库执行队列数:0
当前发送队列缓存的对象数量:0
totalMemory：680001536, use ：444910016, free ：235091520DirectMemory：1827143680, 恢复 ：1
当前时间 ：2026-08-21 00:51:19send keng：2418, sheng ：4194304
decode keng：26, sheng ：2097152
world keng：12, sheng ：1048576

2026-08-21 00:51:24.682 INFO [pool-6-thread-5][:] - /****************流量统计******************/
LastReadBytes:0
LastReadThroughput:0
LastWrittenBytes:0
LastWriteThroughput:0
RealWrittenBytes:0
RealWriteThroughput:0
当前玩家的连接数量:0
当前地图的线程个数：9
当前地图的个数:48
当前数据库执行队列数:0
当前发送队列缓存的对象数量:0
totalMemory：680001536, use ：448492304, free ：231509232DirectMemory：1827143680, 恢复 ：1
当前时间 ：2026-08-21 00:51:24send keng：2418, sheng ：4194304
decode keng：26, sheng ：2097152
world keng：12, sheng ：1048576

2026-08-21 00:51:29.682 INFO [pool-6-thread-9][:] - /****************流量统计******************/
LastReadBytes:0
LastReadThroughput:0
LastWrittenBytes:0
LastWriteThroughput:0
RealWrittenBytes:0
RealWriteThroughput:0
当前玩家的连接数量:0
当前地图的线程个数：9
当前地图的个数:48
当前数据库执行队列数:0
当前发送队列缓存的对象数量:0
totalMemory：680001536, use ：452244424, free ：227757112DirectMemory：1827143680, 恢复 ：1
当前时间 ：2026-08-21 00:51:29send keng：2418, sheng ：4194304
decode keng：26, sheng ：2097152
world keng：12, sheng ：1048576

2026-08-21 00:51:34.682 INFO [pool-6-thread-7][:] - /****************流量统计******************/
LastReadBytes:0
LastReadThroughput:0
LastWrittenBytes:0
LastWriteThroughput:0
RealWrittenBytes:0
RealWriteThroughput:0
当前玩家的连接数量:0
当前地图的线程个数：9
当前地图的个数:48
当前数据库执行队列数:0
当前发送队列缓存的对象数量:0
totalMemory：680001536, use ：455622768, free ：224378768DirectMemory：1827143680, 恢复 ：1
当前时间 ：2026-08-21 00:51:34send keng：2418, sheng ：4194304
decode keng：26, sheng ：2097152
world keng：12, sheng ：1048576

2026-08-21 00:51:39.682 INFO [pool-6-thread-8][:] - /****************流量统计******************/
LastReadBytes:0
LastReadThroughput:0
LastWrittenBytes:0
LastWriteThroughput:0
RealWrittenBytes:0
RealWriteThroughput:0
当前玩家的连接数量:0
当前地图的线程个数：9
当前地图的个数:48
当前数据库执行队列数:0
当前发送队列缓存的对象数量:0
totalMemory：680001536, use ：459394352, free ：220607184DirectMemory：1827143680, 恢复 ：1
当前时间 ：2026-08-21 00:51:39send keng：2418, sheng ：4194304
decode keng：26, sheng ：2097152
world keng：12, sheng ：1048576

2026-08-21 00:51:44.682 INFO [pool-6-thread-7][:] - /****************流量统计******************/
LastReadBytes:0
LastReadThroughput:0
LastWrittenBytes:0
LastWriteThroughput:0
RealWrittenBytes:0
RealWriteThroughput:0
当前玩家的连接数量:0
当前地图的线程个数：9
当前地图的个数:48
当前数据库执行队列数:0
当前发送队列缓存的对象数量:0
totalMemory：680001536, use ：462697008, free ：217304528DirectMemory：1827143680, 恢复 ：1
当前时间 ：2026-08-21 00:51:44send keng：2418, sheng ：4194304
decode keng：26, sheng ：2097152
world keng：12, sheng ：1048576

2026-08-21 00:51:49.682 INFO [pool-6-thread-8][:] - /****************流量统计******************/
LastReadBytes:0
LastReadThroughput:0
LastWrittenBytes:0
LastWriteThroughput:0
RealWrittenBytes:0
RealWriteThroughput:0
当前玩家的连接数量:0
当前地图的线程个数：9
当前地图的个数:48
当前数据库执行队列数:0
当前发送队列缓存的对象数量:0
totalMemory：680001536, use ：466435000, free ：213566536DirectMemory：1827143680, 恢复 ：1
当前时间 ：2026-08-21 00:51:49send keng：2418, sheng ：4194304
decode keng：26, sheng ：2097152
world keng：12, sheng ：1048576

2026-08-21 00:51:54.682 INFO [pool-6-thread-7][:] - /****************流量统计******************/
LastReadBytes:0
LastReadThroughput:0
LastWrittenBytes:0
LastWriteThroughput:0
RealWrittenBytes:0
RealWriteThroughput:0
当前玩家的连接数量:0
当前地图的线程个数：9
当前地图的个数:48
当前数据库执行队列数:0
当前发送队列缓存的对象数量:0
totalMemory：680001536, use ：423350152, free ：256651384DirectMemory：1827143680, 恢复 ：1
当前时间 ：2026-08-21 00:51:54send keng：2418, sheng ：4194304
decode keng：26, sheng ：2097152
world keng：12, sheng ：1048576

2026-08-21 00:51:59.682 INFO [pool-6-thread-7][:] - /****************流量统计******************/
LastReadBytes:0
LastReadThroughput:0
LastWrittenBytes:0
LastWriteThroughput:0
RealWrittenBytes:0
RealWriteThroughput:0
当前玩家的连接数量:0
当前地图的线程个数：9
当前地图的个数:48
当前数据库执行队列数:0
当前发送队列缓存的对象数量:0
totalMemory：680001536, use ：426792632, free ：253208904DirectMemory：1827143680, 恢复 ：1
当前时间 ：2026-08-21 00:51:59send keng：2418, sheng ：4194304
decode keng：26, sheng ：2097152
world keng：12, sheng ：1048576

2026-08-21 00:52:04.682 INFO [pool-6-thread-6][:] - /****************流量统计******************/
LastReadBytes:0
LastReadThroughput:0
LastWrittenBytes:0
LastWriteThroughput:0
RealWrittenBytes:0
RealWriteThroughput:0
当前玩家的连接数量:0
当前地图的线程个数：9
当前地图的个数:48
当前数据库执行队列数:0
当前发送队列缓存的对象数量:0
totalMemory：680001536, use ：430392384, free ：249609152DirectMemory：1827143680, 恢复 ：1
当前时间 ：2026-08-21 00:52:04send keng：2418, sheng ：4194304
decode keng：26, sheng ：2097152
world keng：12, sheng ：1048576

2026-08-21 00:52:09.682 INFO [pool-6-thread-10][:] - /****************流量统计******************/
LastReadBytes:0
LastReadThroughput:0
LastWrittenBytes:0
LastWriteThroughput:0
RealWrittenBytes:0
RealWriteThroughput:0
当前玩家的连接数量:0
当前地图的线程个数：9
当前地图的个数:48
当前数据库执行队列数:0
当前发送队列缓存的对象数量:0
totalMemory：680001536, use ：434096024, free ：245905512DirectMemory：1827143680, 恢复 ：1
当前时间 ：2026-08-21 00:52:09send keng：2418, sheng ：4194304
decode keng：26, sheng ：2097152
world keng：12, sheng ：1048576

2026-08-21 00:52:14.682 INFO [pool-6-thread-10][:] - /****************流量统计******************/
LastReadBytes:0
LastReadThroughput:0
LastWrittenBytes:0
LastWriteThroughput:0
RealWrittenBytes:0
RealWriteThroughput:0
当前玩家的连接数量:0
当前地图的线程个数：9
当前地图的个数:48
当前数据库执行队列数:0
当前发送队列缓存的对象数量:0
totalMemory：680001536, use ：437494104, free ：242507432DirectMemory：1827143680, 恢复 ：1
当前时间 ：2026-08-21 00:52:14send keng：2418, sheng ：4194304
decode keng：26, sheng ：2097152
world keng：12, sheng ：1048576

2026-08-21 00:52:19.682 INFO [pool-6-thread-2][:] - /****************流量统计******************/
LastReadBytes:0
LastReadThroughput:0
LastWrittenBytes:0
LastWriteThroughput:0
RealWrittenBytes:0
RealWriteThroughput:0
当前玩家的连接数量:0
当前地图的线程个数：9
当前地图的个数:48
当前数据库执行队列数:0
当前发送队列缓存的对象数量:0
totalMemory：680001536, use ：440833048, free ：239168488DirectMemory：1827143680, 恢复 ：1
当前时间 ：2026-08-21 00:52:19send keng：2418, sheng ：4194304
decode keng：26, sheng ：2097152
world keng：12, sheng ：1048576

2026-08-21 00:52:24.682 INFO [pool-6-thread-6][:] - /****************流量统计******************/
LastReadBytes:0
LastReadThroughput:0
LastWrittenBytes:0
LastWriteThroughput:0
RealWrittenBytes:0
RealWriteThroughput:0
当前玩家的连接数量:0
当前地图的线程个数：9
当前地图的个数:48
当前数据库执行队列数:0
当前发送队列缓存的对象数量:0
totalMemory：680001536, use ：444356576, free ：235644960DirectMemory：1827143680, 恢复 ：1
当前时间 ：2026-08-21 00:52:24send keng：2418, sheng ：4194304
decode keng：26, sheng ：2097152
world keng：12, sheng ：1048576

2026-08-21 00:52:29.682 INFO [pool-6-thread-10][:] - /****************流量统计******************/
LastReadBytes:0
LastReadThroughput:0
LastWrittenBytes:0
LastWriteThroughput:0
RealWrittenBytes:0
RealWriteThroughput:0
当前玩家的连接数量:0
当前地图的线程个数：9
当前地图的个数:48
当前数据库执行队列数:0
当前发送队列缓存的对象数量:0
totalMemory：680001536, use ：448098336, free ：231903200DirectMemory：1827143680, 恢复 ：1
当前时间 ：2026-08-21 00:52:29send keng：2418, sheng ：4194304
decode keng：26, sheng ：2097152
world keng：12, sheng ：1048576

2026-08-21 00:52:34.682 INFO [pool-6-thread-9][:] - /****************流量统计******************/
LastReadBytes:0
LastReadThroughput:0
LastWrittenBytes:0
LastWriteThroughput:0
RealWrittenBytes:0
RealWriteThroughput:0
当前玩家的连接数量:0
当前地图的线程个数：9
当前地图的个数:48
当前数据库执行队列数:0
当前发送队列缓存的对象数量:0
totalMemory：680001536, use ：451631880, free ：228369656DirectMemory：1827143680, 恢复 ：1
当前时间 ：2026-08-21 00:52:34send keng：2418, sheng ：4194304
decode keng：26, sheng ：2097152
world keng：12, sheng ：1048576

2026-08-21 00:52:39.682 INFO [pool-6-thread-2][:] - /****************流量统计******************/
LastReadBytes:0
LastReadThroughput:0
LastWrittenBytes:0
LastWriteThroughput:0
RealWrittenBytes:0
RealWriteThroughput:0
当前玩家的连接数量:0
当前地图的线程个数：9
当前地图的个数:48
当前数据库执行队列数:0
当前发送队列缓存的对象数量:0
totalMemory：680001536, use ：455139304, free ：224862232DirectMemory：1827143680, 恢复 ：1
当前时间 ：2026-08-21 00:52:39send keng：2418, sheng ：4194304
decode keng：26, sheng ：2097152
world keng：12, sheng ：1048576

2026-08-21 00:52:44.682 INFO [pool-6-thread-7][:] - /****************流量统计******************/
LastReadBytes:0
LastReadThroughput:0
LastWrittenBytes:0
LastWriteThroughput:0
RealWrittenBytes:0
RealWriteThroughput:0
当前玩家的连接数量:0
当前地图的线程个数：9
当前地图的个数:48
当前数据库执行队列数:0
当前发送队列缓存的对象数量:0
totalMemory：680001536, use ：458602992, free ：221398544DirectMemory：1827143680, 恢复 ：1
当前时间 ：2026-08-21 00:52:44send keng：2418, sheng ：4194304
decode keng：26, sheng ：2097152
world keng：12, sheng ：1048576

2026-08-21 00:52:49.682 INFO [pool-6-thread-9][:] - /****************流量统计******************/
LastReadBytes:0
LastReadThroughput:0
LastWrittenBytes:0
LastWriteThroughput:0
RealWrittenBytes:0
RealWriteThroughput:0
当前玩家的连接数量:0
当前地图的线程个数：9
当前地图的个数:48
当前数据库执行队列数:0
当前发送队列缓存的对象数量:0
totalMemory：680001536, use ：462203336, free ：217798200DirectMemory：1827143680, 恢复 ：1
当前时间 ：2026-08-21 00:52:49send keng：2418, sheng ：4194304
decode keng：26, sheng ：2097152
world keng：12, sheng ：1048576

2026-08-21 00:52:54.682 INFO [pool-6-thread-7][:] - /****************流量统计******************/
LastReadBytes:0
LastReadThroughput:0
LastWrittenBytes:0
LastWriteThroughput:0
RealWrittenBytes:0
RealWriteThroughput:0
当前玩家的连接数量:0
当前地图的线程个数：9
当前地图的个数:48
当前数据库执行队列数:0
当前发送队列缓存的对象数量:0
totalMemory：680001536, use ：465813576, free ：214187960DirectMemory：1827143680, 恢复 ：1
当前时间 ：2026-08-21 00:52:54send keng：2418, sheng ：4194304
decode keng：26, sheng ：2097152
world keng：12, sheng ：1048576

2026-08-21 00:52:59.682 INFO [pool-6-thread-8][:] - /****************流量统计******************/
LastReadBytes:0
LastReadThroughput:0
LastWrittenBytes:0
LastWriteThroughput:0
RealWrittenBytes:0
RealWriteThroughput:0
当前玩家的连接数量:0
当前地图的线程个数：9
当前地图的个数:48
当前数据库执行队列数:0
当前发送队列缓存的对象数量:0
totalMemory：680001536, use ：422972160, free ：257029376DirectMemory：1827143680, 恢复 ：1
当前时间 ：2026-08-21 00:52:59send keng：2418, sheng ：4194304
decode keng：26, sheng ：2097152
world keng：12, sheng ：1048576

2026-08-21 00:53:04.682 INFO [pool-6-thread-6][:] - /****************流量统计******************/
LastReadBytes:0
LastReadThroughput:0
LastWrittenBytes:0
LastWriteThroughput:0
RealWrittenBytes:0
RealWriteThroughput:0
当前玩家的连接数量:0
当前地图的线程个数：9
当前地图的个数:48
当前数据库执行队列数:0
当前发送队列缓存的对象数量:0
totalMemory：680001536, use ：426254784, free ：253746752DirectMemory：1827143680, 恢复 ：1
当前时间 ：2026-08-21 00:53:04send keng：2418, sheng ：4194304
decode keng：26, sheng ：2097152
world keng：12, sheng ：1048576

2026-08-21 00:53:09.682 INFO [pool-6-thread-4][:] - /****************流量统计******************/
LastReadBytes:0
LastReadThroughput:0
LastWrittenBytes:0
LastWriteThroughput:0
RealWrittenBytes:0
RealWriteThroughput:0
当前玩家的连接数量:0
当前地图的线程个数：9
当前地图的个数:48
当前数据库执行队列数:0
当前发送队列缓存的对象数量:0
totalMemory：680001536, use ：429968840, free ：250032696DirectMemory：1827143680, 恢复 ：1
当前时间 ：2026-08-21 00:53:09send keng：2418, sheng ：4194304
decode keng：26, sheng ：2097152
world keng：12, sheng ：1048576

2026-08-21 00:53:14.682 INFO [pool-6-thread-2][:] - /****************流量统计******************/
LastReadBytes:0
LastReadThroughput:0
LastWrittenBytes:0
LastWriteThroughput:0
RealWrittenBytes:0
RealWriteThroughput:0
当前玩家的连接数量:0
当前地图的线程个数：9
当前地图的个数:48
当前数据库执行队列数:0
当前发送队列缓存的对象数量:0
totalMemory：680001536, use ：433568096, free ：246433440DirectMemory：1827143680, 恢复 ：1
当前时间 ：2026-08-21 00:53:14send keng：2418, sheng ：4194304
decode keng：26, sheng ：2097152
world keng：12, sheng ：1048576

2026-08-21 00:53:19.682 INFO [pool-6-thread-2][:] - /****************流量统计******************/
LastReadBytes:0
LastReadThroughput:0
LastWrittenBytes:0
LastWriteThroughput:0
RealWrittenBytes:0
RealWriteThroughput:0
当前玩家的连接数量:0
当前地图的线程个数：9
当前地图的个数:48
当前数据库执行队列数:0
当前发送队列缓存的对象数量:0
totalMemory：680001536, use ：437309904, free ：242691632DirectMemory：1827143680, 恢复 ：1
当前时间 ：2026-08-21 00:53:19send keng：2418, sheng ：4194304
decode keng：26, sheng ：2097152
world keng：12, sheng ：1048576

2026-08-21 00:53:24.682 INFO [pool-6-thread-10][:] - /****************流量统计******************/
LastReadBytes:0
LastReadThroughput:0
LastWrittenBytes:0
LastWriteThroughput:0
RealWrittenBytes:0
RealWriteThroughput:0
当前玩家的连接数量:0
当前地图的线程个数：9
当前地图的个数:48
当前数据库执行队列数:0
当前发送队列缓存的对象数量:0
totalMemory：680001536, use ：440751576, free ：239249960DirectMemory：1827143680, 恢复 ：1
当前时间 ：2026-08-21 00:53:24send keng：2418, sheng ：4194304
decode keng：26, sheng ：2097152
world keng：12, sheng ：1048576

2026-08-21 00:53:29.682 INFO [pool-6-thread-4][:] - /****************流量统计******************/
LastReadBytes:0
LastReadThroughput:0
LastWrittenBytes:0
LastWriteThroughput:0
RealWrittenBytes:0
RealWriteThroughput:0
当前玩家的连接数量:0
当前地图的线程个数：9
当前地图的个数:48
当前数据库执行队列数:0
当前发送队列缓存的对象数量:0
totalMemory：680001536, use ：443970168, free ：236031368DirectMemory：1827143680, 恢复 ：1
当前时间 ：2026-08-21 00:53:29send keng：2418, sheng ：4194304
decode keng：26, sheng ：2097152
world keng：12, sheng ：1048576

2026-08-21 00:53:34.682 INFO [pool-6-thread-3][:] - /****************流量统计******************/
LastReadBytes:0
LastReadThroughput:0
LastWrittenBytes:0
LastWriteThroughput:0
RealWrittenBytes:0
RealWriteThroughput:0
当前玩家的连接数量:0
当前地图的线程个数：9
当前地图的个数:48
当前数据库执行队列数:0
当前发送队列缓存的对象数量:0
totalMemory：680001536, use ：447623072, free ：232378464DirectMemory：1827143680, 恢复 ：1
当前时间 ：2026-08-21 00:53:34send keng：2418, sheng ：4194304
decode keng：26, sheng ：2097152
world keng：12, sheng ：1048576

2026-08-21 00:53:39.682 INFO [pool-6-thread-8][:] - /****************流量统计******************/
LastReadBytes:0
LastReadThroughput:0
LastWrittenBytes:0
LastWriteThroughput:0
RealWrittenBytes:0
RealWriteThroughput:0
当前玩家的连接数量:0
当前地图的线程个数：9
当前地图的个数:48
当前数据库执行队列数:0
当前发送队列缓存的对象数量:0
totalMemory：680001536, use ：451152720, free ：228848816DirectMemory：1827143680, 恢复 ：1
当前时间 ：2026-08-21 00:53:39send keng：2418, sheng ：4194304
decode keng：26, sheng ：2097152
world keng：12, sheng ：1048576

2026-08-21 00:53:44.682 INFO [pool-6-thread-2][:] - /****************流量统计******************/
LastReadBytes:0
LastReadThroughput:0
LastWrittenBytes:0
LastWriteThroughput:0
RealWrittenBytes:0
RealWriteThroughput:0
当前玩家的连接数量:0
当前地图的线程个数：9
当前地图的个数:48
当前数据库执行队列数:0
当前发送队列缓存的对象数量:0
totalMemory：680001536, use ：454903112, free ：225098424DirectMemory：1827143680, 恢复 ：1
当前时间 ：2026-08-21 00:53:44send keng：2418, sheng ：4194304
decode keng：26, sheng ：2097152
world keng：12, sheng ：1048576

2026-08-21 00:53:49.683 INFO [pool-6-thread-8][:] - /****************流量统计******************/
LastReadBytes:0
LastReadThroughput:0
LastWrittenBytes:0
LastWriteThroughput:0
RealWrittenBytes:0
RealWriteThroughput:0
当前玩家的连接数量:0
当前地图的线程个数：9
当前地图的个数:48
当前数据库执行队列数:0
当前发送队列缓存的对象数量:0
totalMemory：680001536, use ：458485376, free ：221516160DirectMemory：1827143680, 恢复 ：1
当前时间 ：2026-08-21 00:53:49send keng：2418, sheng ：4194304
decode keng：26, sheng ：2097152
world keng：12, sheng ：1048576

2026-08-21 00:53:54.682 INFO [pool-6-thread-4][:] - /****************流量统计******************/
LastReadBytes:0
LastReadThroughput:0
LastWrittenBytes:0
LastWriteThroughput:0
RealWrittenBytes:0
RealWriteThroughput:0
当前玩家的连接数量:0
当前地图的线程个数：9
当前地图的个数:48
当前数据库执行队列数:0
当前发送队列缓存的对象数量:0
totalMemory：680001536, use ：462010808, free ：217990728DirectMemory：1827143680, 恢复 ：1
当前时间 ：2026-08-21 00:53:54send keng：2418, sheng ：4194304
decode keng：26, sheng ：2097152
world keng：12, sheng ：1048576

2026-08-21 00:53:59.682 INFO [pool-6-thread-10][:] - /****************流量统计******************/
LastReadBytes:0
LastReadThroughput:0
LastWrittenBytes:0
LastWriteThroughput:0
RealWrittenBytes:0
RealWriteThroughput:0
当前玩家的连接数量:0
当前地图的线程个数：9
当前地图的个数:48
当前数据库执行队列数:0
当前发送队列缓存的对象数量:0
totalMemory：680001536, use ：465470376, free ：214531160DirectMemory：1827143680, 恢复 ：1
当前时间 ：2026-08-21 00:53:59send keng：2418, sheng ：4194304
decode keng：26, sheng ：2097152
world keng：12, sheng ：1048576

2026-08-21 00:54:04.691 INFO [pool-6-thread-1][:] - /****************流量统计******************/
LastReadBytes:0
LastReadThroughput:0
LastWrittenBytes:0
LastWriteThroughput:0
RealWrittenBytes:0
RealWriteThroughput:0
当前玩家的连接数量:0
当前地图的线程个数：9
当前地图的个数:48
当前数据库执行队列数:0
当前发送队列缓存的对象数量:0
totalMemory：680001536, use ：422554416, free ：257447120DirectMemory：1827143680, 恢复 ：1
当前时间 ：2026-08-21 00:54:04send keng：2418, sheng ：4194304
decode keng：26, sheng ：2097152
world keng：12, sheng ：1048576

2026-08-21 00:54:09.682 INFO [pool-6-thread-4][:] - /****************流量统计******************/
LastReadBytes:0
LastReadThroughput:0
LastWrittenBytes:0
LastWriteThroughput:0
RealWrittenBytes:0
RealWriteThroughput:0
当前玩家的连接数量:0
当前地图的线程个数：9
当前地图的个数:48
当前数据库执行队列数:0
当前发送队列缓存的对象数量:0
totalMemory：680001536, use ：425790960, free ：254210576DirectMemory：1827143680, 恢复 ：1
当前时间 ：2026-08-21 00:54:09send keng：2418, sheng ：4194304
decode keng：26, sheng ：2097152
world keng：12, sheng ：1048576

2026-08-21 00:54:14.682 INFO [pool-6-thread-8][:] - /****************流量统计******************/
LastReadBytes:0
LastReadThroughput:0
LastWrittenBytes:0
LastWriteThroughput:0
RealWrittenBytes:0
RealWriteThroughput:0
当前玩家的连接数量:0
当前地图的线程个数：9
当前地图的个数:48
当前数据库执行队列数:0
当前发送队列缓存的对象数量:0
totalMemory：680001536, use ：429749832, free ：250251704DirectMemory：1827143680, 恢复 ：1
当前时间 ：2026-08-21 00:54:14send keng：2418, sheng ：4194304
decode keng：26, sheng ：2097152
world keng：12, sheng ：1048576

2026-08-21 00:54:19.682 INFO [pool-6-thread-8][:] - /****************流量统计******************/
LastReadBytes:0
LastReadThroughput:0
LastWrittenBytes:0
LastWriteThroughput:0
RealWrittenBytes:0
RealWriteThroughput:0
当前玩家的连接数量:0
当前地图的线程个数：9
当前地图的个数:48
当前数据库执行队列数:0
当前发送队列缓存的对象数量:0
totalMemory：680001536, use ：433153560, free ：246847976DirectMemory：1827143680, 恢复 ：1
当前时间 ：2026-08-21 00:54:19send keng：2418, sheng ：4194304
decode keng：26, sheng ：2097152
world keng：12, sheng ：1048576

2026-08-21 00:54:24.682 INFO [pool-6-thread-10][:] - /****************流量统计******************/
LastReadBytes:0
LastReadThroughput:0
LastWrittenBytes:0
LastWriteThroughput:0
RealWrittenBytes:0
RealWriteThroughput:0
当前玩家的连接数量:0
当前地图的线程个数：9
当前地图的个数:48
当前数据库执行队列数:0
当前发送队列缓存的对象数量:0
totalMemory：680001536, use ：436754256, free ：243247280DirectMemory：1827143680, 恢复 ：1
当前时间 ：2026-08-21 00:54:24send keng：2418, sheng ：4194304
decode keng：26, sheng ：2097152
world keng：12, sheng ：1048576

2026-08-21 00:54:29.682 INFO [pool-6-thread-4][:] - /****************流量统计******************/
LastReadBytes:0
LastReadThroughput:0
LastWrittenBytes:0
LastWriteThroughput:0
RealWrittenBytes:0
RealWriteThroughput:0
当前玩家的连接数量:0
当前地图的线程个数：9
当前地图的个数:48
当前数据库执行队列数:0
当前发送队列缓存的对象数量:0
totalMemory：680001536, use ：440097016, free ：239904520DirectMemory：1827143680, 恢复 ：1
当前时间 ：2026-08-21 00:54:29send keng：2418, sheng ：4194304
decode keng：26, sheng ：2097152
world keng：12, sheng ：1048576

2026-08-21 00:54:34.682 INFO [pool-6-thread-9][:] - /****************流量统计******************/
LastReadBytes:0
LastReadThroughput:0
LastWrittenBytes:0
LastWriteThroughput:0
RealWrittenBytes:0
RealWriteThroughput:0
当前玩家的连接数量:0
当前地图的线程个数：9
当前地图的个数:48
当前数据库执行队列数:0
当前发送队列缓存的对象数量:0
totalMemory：680001536, use ：443712432, free ：236289104DirectMemory：1827143680, 恢复 ：1
当前时间 ：2026-08-21 00:54:34send keng：2418, sheng ：4194304
decode keng：26, sheng ：2097152
world keng：12, sheng ：1048576

2026-08-21 00:54:39.682 INFO [pool-6-thread-7][:] - /****************流量统计******************/
LastReadBytes:0
LastReadThroughput:0
LastWrittenBytes:0
LastWriteThroughput:0
RealWrittenBytes:0
RealWriteThroughput:0
当前玩家的连接数量:0
当前地图的线程个数：9
当前地图的个数:48
当前数据库执行队列数:0
当前发送队列缓存的对象数量:0
totalMemory：680001536, use ：447319008, free ：232682528DirectMemory：1827143680, 恢复 ：1
当前时间 ：2026-08-21 00:54:39send keng：2418, sheng ：4194304
decode keng：26, sheng ：2097152
world keng：12, sheng ：1048576

2026-08-21 00:54:44.682 INFO [pool-6-thread-10][:] - /****************流量统计******************/
LastReadBytes:0
LastReadThroughput:0
LastWrittenBytes:0
LastWriteThroughput:0
RealWrittenBytes:0
RealWriteThroughput:0
当前玩家的连接数量:0
当前地图的线程个数：9
当前地图的个数:48
当前数据库执行队列数:0
当前发送队列缓存的对象数量:0
totalMemory：680001536, use ：451039480, free ：228962056DirectMemory：1827143680, 恢复 ：1
当前时间 ：2026-08-21 00:54:44send keng：2418, sheng ：4194304
decode keng：26, sheng ：2097152
world keng：12, sheng ：1048576

2026-08-21 00:54:49.682 INFO [pool-6-thread-10][:] - /****************流量统计******************/
LastReadBytes:0
LastReadThroughput:0
LastWrittenBytes:0
LastWriteThroughput:0
RealWrittenBytes:0
RealWriteThroughput:0
当前玩家的连接数量:0
当前地图的线程个数：9
当前地图的个数:48
当前数据库执行队列数:0
当前发送队列缓存的对象数量:0
totalMemory：680001536, use ：454714184, free ：225287352DirectMemory：1827143680, 恢复 ：1
当前时间 ：2026-08-21 00:54:49send keng：2418, sheng ：4194304
decode keng：26, sheng ：2097152
world keng：12, sheng ：1048576

2026-08-21 00:54:54.682 INFO [pool-6-thread-4][:] - /****************流量统计******************/
LastReadBytes:0
LastReadThroughput:0
LastWrittenBytes:0
LastWriteThroughput:0
RealWrittenBytes:0
RealWriteThroughput:0
当前玩家的连接数量:0
当前地图的线程个数：9
当前地图的个数:48
当前数据库执行队列数:0
当前发送队列缓存的对象数量:0
totalMemory：680001536, use ：458125144, free ：221876392DirectMemory：1827143680, 恢复 ：1
当前时间 ：2026-08-21 00:54:54send keng：2418, sheng ：4194304
decode keng：26, sheng ：2097152
world keng：12, sheng ：1048576

2026-08-21 00:54:59.682 INFO [pool-6-thread-6][:] - /****************流量统计******************/
LastReadBytes:0
LastReadThroughput:0
LastWrittenBytes:0
LastWriteThroughput:0
RealWrittenBytes:0
RealWriteThroughput:0
当前玩家的连接数量:0
当前地图的线程个数：9
当前地图的个数:48
当前数据库执行队列数:0
当前发送队列缓存的对象数量:0
totalMemory：680001536, use ：461619136, free ：218382400DirectMemory：1827143680, 恢复 ：1
当前时间 ：2026-08-21 00:54:59send keng：2418, sheng ：4194304
decode keng：26, sheng ：2097152
world keng：12, sheng ：1048576

2026-08-21 00:55:04.682 INFO [pool-6-thread-10][:] - /****************流量统计******************/
LastReadBytes:0
LastReadThroughput:0
LastWrittenBytes:0
LastWriteThroughput:0
RealWrittenBytes:0
RealWriteThroughput:0
当前玩家的连接数量:0
当前地图的线程个数：9
当前地图的个数:48
当前数据库执行队列数:0
当前发送队列缓存的对象数量:0
totalMemory：680001536, use ：465093272, free ：214908264DirectMemory：1827143680, 恢复 ：1
当前时间 ：2026-08-21 00:55:04send keng：2418, sheng ：4194304
decode keng：26, sheng ：2097152
world keng：12, sheng ：1048576

2026-08-21 00:55:09.682 INFO [pool-6-thread-5][:] - /****************流量统计******************/
LastReadBytes:0
LastReadThroughput:0
LastWrittenBytes:0
LastWriteThroughput:0
RealWrittenBytes:0
RealWriteThroughput:0
当前玩家的连接数量:0
当前地图的线程个数：9
当前地图的个数:48
当前数据库执行队列数:0
当前发送队列缓存的对象数量:0
totalMemory：680001536, use ：422178336, free ：257823200DirectMemory：1827143680, 恢复 ：1
当前时间 ：2026-08-21 00:55:09send keng：2418, sheng ：4194304
decode keng：26, sheng ：2097152
world keng：12, sheng ：1048576

2026-08-21 00:55:14.682 INFO [pool-6-thread-4][:] - /****************流量统计******************/
LastReadBytes:0
LastReadThroughput:0
LastWrittenBytes:0
LastWriteThroughput:0
RealWrittenBytes:0
RealWriteThroughput:0
当前玩家的连接数量:0
当前地图的线程个数：9
当前地图的个数:48
当前数据库执行队列数:0
当前发送队列缓存的对象数量:0
totalMemory：680001536, use ：425847152, free ：254154384DirectMemory：1827143680, 恢复 ：1
当前时间 ：2026-08-21 00:55:14send keng：2418, sheng ：4194304
decode keng：26, sheng ：2097152
world keng：12, sheng ：1048576

2026-08-21 00:55:19.682 INFO [pool-6-thread-2][:] - /****************流量统计******************/
LastReadBytes:0
LastReadThroughput:0
LastWrittenBytes:0
LastWriteThroughput:0
RealWrittenBytes:0
RealWriteThroughput:0
当前玩家的连接数量:0
当前地图的线程个数：9
当前地图的个数:48
当前数据库执行队列数:0
当前发送队列缓存的对象数量:0
totalMemory：680001536, use ：429589864, free ：250411672DirectMemory：1827143680, 恢复 ：1
当前时间 ：2026-08-21 00:55:19send keng：2418, sheng ：4194304
decode keng：26, sheng ：2097152
world keng：12, sheng ：1048576

2026-08-21 00:55:24.682 INFO [pool-6-thread-1][:] - /****************流量统计******************/
LastReadBytes:0
LastReadThroughput:0
LastWrittenBytes:0
LastWriteThroughput:0
RealWrittenBytes:0
RealWriteThroughput:0
当前玩家的连接数量:0
当前地图的线程个数：9
当前地图的个数:48
当前数据库执行队列数:0
当前发送队列缓存的对象数量:0
totalMemory：680001536, use ：432903632, free ：247097904DirectMemory：1827143680, 恢复 ：1
当前时间 ：2026-08-21 00:55:24send keng：2418, sheng ：4194304
decode keng：26, sheng ：2097152
world keng：12, sheng ：1048576

2026-08-21 00:55:29.682 INFO [pool-6-thread-9][:] - /****************流量统计******************/
LastReadBytes:0
LastReadThroughput:0
LastWrittenBytes:0
LastWriteThroughput:0
RealWrittenBytes:0
RealWriteThroughput:0
当前玩家的连接数量:0
当前地图的线程个数：9
当前地图的个数:48
当前数据库执行队列数:0
当前发送队列缓存的对象数量:0
totalMemory：680001536, use ：436752024, free ：243249512DirectMemory：1827143680, 恢复 ：1
当前时间 ：2026-08-21 00:55:29send keng：2418, sheng ：4194304
decode keng：26, sheng ：2097152
world keng：12, sheng ：1048576

2026-08-21 00:55:34.682 INFO [pool-6-thread-1][:] - /****************流量统计******************/
LastReadBytes:0
LastReadThroughput:0
LastWrittenBytes:0
LastWriteThroughput:0
RealWrittenBytes:0
RealWriteThroughput:0
当前玩家的连接数量:0
当前地图的线程个数：9
当前地图的个数:48
当前数据库执行队列数:0
当前发送队列缓存的对象数量:0
totalMemory：680001536, use ：440162336, free ：239839200DirectMemory：1827143680, 恢复 ：1
当前时间 ：2026-08-21 00:55:34send keng：2418, sheng ：4194304
decode keng：26, sheng ：2097152
world keng：12, sheng ：1048576

2026-08-21 00:55:39.682 INFO [pool-6-thread-4][:] - /****************流量统计******************/
LastReadBytes:0
LastReadThroughput:0
LastWrittenBytes:0
LastWriteThroughput:0
RealWrittenBytes:0
RealWriteThroughput:0
当前玩家的连接数量:0
当前地图的线程个数：9
当前地图的个数:48
当前数据库执行队列数:0
当前发送队列缓存的对象数量:0
totalMemory：680001536, use ：443870496, free ：236131040DirectMemory：1827143680, 恢复 ：1
当前时间 ：2026-08-21 00:55:39send keng：2418, sheng ：4194304
decode keng：26, sheng ：2097152
world keng：12, sheng ：1048576

2026-08-21 00:55:44.728 INFO [pool-6-thread-7][:] - /****************流量统计******************/
LastReadBytes:0
LastReadThroughput:0
LastWrittenBytes:0
LastWriteThroughput:0
RealWrittenBytes:0
RealWriteThroughput:0
当前玩家的连接数量:0
当前地图的线程个数：9
当前地图的个数:48
当前数据库执行队列数:0
当前发送队列缓存的对象数量:0
totalMemory：680001536, use ：447405248, free ：232596288DirectMemory：1827143680, 恢复 ：1
当前时间 ：2026-08-21 00:55:44send keng：2418, sheng ：4194304
decode keng：26, sheng ：2097152
world keng：12, sheng ：1048576

2026-08-21 00:55:49.682 INFO [pool-6-thread-8][:] - /****************流量统计******************/
LastReadBytes:0
LastReadThroughput:0
LastWrittenBytes:0
LastWriteThroughput:0
RealWrittenBytes:0
RealWriteThroughput:0
当前玩家的连接数量:0
当前地图的线程个数：9
当前地图的个数:48
当前数据库执行队列数:0
当前发送队列缓存的对象数量:0
totalMemory：680001536, use ：450855968, free ：229145568DirectMemory：1827143680, 恢复 ：1
当前时间 ：2026-08-21 00:55:49send keng：2418, sheng ：4194304
decode keng：26, sheng ：2097152
world keng：12, sheng ：1048576

2026-08-21 00:55:54.682 INFO [pool-6-thread-4][:] - /****************流量统计******************/
LastReadBytes:0
LastReadThroughput:0
LastWrittenBytes:0
LastWriteThroughput:0
RealWrittenBytes:0
RealWriteThroughput:0
当前玩家的连接数量:0
当前地图的线程个数：9
当前地图的个数:48
当前数据库执行队列数:0
当前发送队列缓存的对象数量:0
totalMemory：680001536, use ：454133024, free ：225868512DirectMemory：1827143680, 恢复 ：1
当前时间 ：2026-08-21 00:55:54send keng：2418, sheng ：4194304
decode keng：26, sheng ：2097152
world keng：12, sheng ：1048576

2026-08-21 00:55:59.682 INFO [pool-6-thread-3][:] - /****************流量统计******************/
LastReadBytes:0
LastReadThroughput:0
LastWrittenBytes:0
LastWriteThroughput:0
RealWrittenBytes:0
RealWriteThroughput:0
当前玩家的连接数量:0
当前地图的线程个数：9
当前地图的个数:48
当前数据库执行队列数:0
当前发送队列缓存的对象数量:0
totalMemory：680001536, use ：457830976, free ：222170560DirectMemory：1827143680, 恢复 ：1
当前时间 ：2026-08-21 00:55:59send keng：2418, sheng ：4194304
decode keng：26, sheng ：2097152
world keng：12, sheng ：1048576

2026-08-21 00:56:04.682 INFO [pool-6-thread-6][:] - /****************流量统计******************/
LastReadBytes:0
LastReadThroughput:0
LastWrittenBytes:0
LastWriteThroughput:0
RealWrittenBytes:0
RealWriteThroughput:0
当前玩家的连接数量:0
当前地图的线程个数：9
当前地图的个数:48
当前数据库执行队列数:0
当前发送队列缓存的对象数量:0
totalMemory：680001536, use ：461529448, free ：218472088DirectMemory：1827143680, 恢复 ：1
当前时间 ：2026-08-21 00:56:04send keng：2418, sheng ：4194304
decode keng：26, sheng ：2097152
world keng：12, sheng ：1048576

2026-08-21 00:56:09.682 INFO [pool-6-thread-1][:] - /****************流量统计******************/
LastReadBytes:0
LastReadThroughput:0
LastWrittenBytes:0
LastWriteThroughput:0
RealWrittenBytes:0
RealWriteThroughput:0
当前玩家的连接数量:0
当前地图的线程个数：9
当前地图的个数:48
当前数据库执行队列数:0
当前发送队列缓存的对象数量:0
totalMemory：680001536, use ：464984080, free ：215017456DirectMemory：1827143680, 恢复 ：1
当前时间 ：2026-08-21 00:56:09send keng：2418, sheng ：4194304
decode keng：26, sheng ：2097152
world keng：12, sheng ：1048576

2026-08-21 00:56:14.682 INFO [pool-6-thread-9][:] - /****************流量统计******************/
LastReadBytes:0
LastReadThroughput:0
LastWrittenBytes:0
LastWriteThroughput:0
RealWrittenBytes:0
RealWriteThroughput:0
当前玩家的连接数量:0
当前地图的线程个数：9
当前地图的个数:48
当前数据库执行队列数:0
当前发送队列缓存的对象数量:0
totalMemory：680001536, use ：421911752, free ：258089784DirectMemory：1827143680, 恢复 ：1
当前时间 ：2026-08-21 00:56:14send keng：2418, sheng ：4194304
decode keng：26, sheng ：2097152
world keng：12, sheng ：1048576

2026-08-21 00:56:19.682 INFO [pool-6-thread-6][:] - /****************流量统计******************/
LastReadBytes:0
LastReadThroughput:0
LastWrittenBytes:0
LastWriteThroughput:0
RealWrittenBytes:0
RealWriteThroughput:0
当前玩家的连接数量:0
当前地图的线程个数：9
当前地图的个数:48
当前数据库执行队列数:0
当前发送队列缓存的对象数量:0
totalMemory：680001536, use ：425675280, free ：254326256DirectMemory：1827143680, 恢复 ：1
当前时间 ：2026-08-21 00:56:19send keng：2418, sheng ：4194304
decode keng：26, sheng ：2097152
world keng：12, sheng ：1048576

2026-08-21 00:56:24.682 INFO [pool-6-thread-9][:] - /****************流量统计******************/
LastReadBytes:0
LastReadThroughput:0
LastWrittenBytes:0
LastWriteThroughput:0
RealWrittenBytes:0
RealWriteThroughput:0
当前玩家的连接数量:0
当前地图的线程个数：9
当前地图的个数:48
当前数据库执行队列数:0
当前发送队列缓存的对象数量:0
totalMemory：680001536, use ：429145000, free ：250856536DirectMemory：1827143680, 恢复 ：1
当前时间 ：2026-08-21 00:56:24send keng：2418, sheng ：4194304
decode keng：26, sheng ：2097152
world keng：12, sheng ：1048576

2026-08-21 00:56:29.682 INFO [pool-6-thread-8][:] - /****************流量统计******************/
LastReadBytes:0
LastReadThroughput:0
LastWrittenBytes:0
LastWriteThroughput:0
RealWrittenBytes:0
RealWriteThroughput:0
当前玩家的连接数量:0
当前地图的线程个数：9
当前地图的个数:48
当前数据库执行队列数:0
当前发送队列缓存的对象数量:0
totalMemory：680001536, use ：432708072, free ：247293464DirectMemory：1827143680, 恢复 ：1
当前时间 ：2026-08-21 00:56:29send keng：2418, sheng ：4194304
decode keng：26, sheng ：2097152
world keng：12, sheng ：1048576

2026-08-21 00:56:34.682 INFO [pool-6-thread-3][:] - /****************流量统计******************/
LastReadBytes:0
LastReadThroughput:0
LastWrittenBytes:0
LastWriteThroughput:0
RealWrittenBytes:0
RealWriteThroughput:0
当前玩家的连接数量:0
当前地图的线程个数：9
当前地图的个数:48
当前数据库执行队列数:0
当前发送队列缓存的对象数量:0
totalMemory：680001536, use ：436398856, free ：243602680DirectMemory：1827143680, 恢复 ：1
当前时间 ：2026-08-21 00:56:34send keng：2418, sheng ：4194304
decode keng：26, sheng ：2097152
world keng：12, sheng ：1048576

2026-08-21 00:56:39.682 INFO [pool-6-thread-5][:] - /****************流量统计******************/
LastReadBytes:0
LastReadThroughput:0
LastWrittenBytes:0
LastWriteThroughput:0
RealWrittenBytes:0
RealWriteThroughput:0
当前玩家的连接数量:0
当前地图的线程个数：9
当前地图的个数:48
当前数据库执行队列数:0
当前发送队列缓存的对象数量:0
totalMemory：680001536, use ：439815672, free ：240185864DirectMemory：1827143680, 恢复 ：1
当前时间 ：2026-08-21 00:56:39send keng：2418, sheng ：4194304
decode keng：26, sheng ：2097152
world keng：12, sheng ：1048576

2026-08-21 00:56:44.682 INFO [pool-6-thread-10][:] - /****************流量统计******************/
LastReadBytes:0
LastReadThroughput:0
LastWrittenBytes:0
LastWriteThroughput:0
RealWrittenBytes:0
RealWriteThroughput:0
当前玩家的连接数量:0
当前地图的线程个数：9
当前地图的个数:48
当前数据库执行队列数:0
当前发送队列缓存的对象数量:0
totalMemory：680001536, use ：443548912, free ：236452624DirectMemory：1827143680, 恢复 ：1
当前时间 ：2026-08-21 00:56:44send keng：2418, sheng ：4194304
decode keng：26, sheng ：2097152
world keng：12, sheng ：1048576

2026-08-21 00:56:49.682 INFO [pool-6-thread-9][:] - /****************流量统计******************/
LastReadBytes:0
LastReadThroughput:0
LastWrittenBytes:0
LastWriteThroughput:0
RealWrittenBytes:0
RealWriteThroughput:0
当前玩家的连接数量:0
当前地图的线程个数：9
当前地图的个数:48
当前数据库执行队列数:0
当前发送队列缓存的对象数量:0
totalMemory：680001536, use ：446776872, free ：233224664DirectMemory：1827143680, 恢复 ：1
当前时间 ：2026-08-21 00:56:49send keng：2418, sheng ：4194304
decode keng：26, sheng ：2097152
world keng：12, sheng ：1048576

2026-08-21 00:56:54.682 INFO [pool-6-thread-7][:] - /****************流量统计******************/
LastReadBytes:0
LastReadThroughput:0
LastWrittenBytes:0
LastWriteThroughput:0
RealWrittenBytes:0
RealWriteThroughput:0
当前玩家的连接数量:0
当前地图的线程个数：9
当前地图的个数:48
当前数据库执行队列数:0
当前发送队列缓存的对象数量:0
totalMemory：680001536, use ：450447040, free ：229554496DirectMemory：1827143680, 恢复 ：1
当前时间 ：2026-08-21 00:56:54send keng：2418, sheng ：4194304
decode keng：26, sheng ：2097152
world keng：12, sheng ：1048576

2026-08-21 00:56:59.682 INFO [pool-6-thread-5][:] - /****************流量统计******************/
LastReadBytes:0
LastReadThroughput:0
LastWrittenBytes:0
LastWriteThroughput:0
RealWrittenBytes:0
RealWriteThroughput:0
当前玩家的连接数量:0
当前地图的线程个数：9
当前地图的个数:48
当前数据库执行队列数:0
当前发送队列缓存的对象数量:0
totalMemory：680001536, use ：453936448, free ：226065088DirectMemory：1827143680, 恢复 ：1
当前时间 ：2026-08-21 00:56:59send keng：2418, sheng ：4194304
decode keng：26, sheng ：2097152
world keng：12, sheng ：1048576

2026-08-21 00:57:04.682 INFO [pool-6-thread-4][:] - /****************流量统计******************/
LastReadBytes:0
LastReadThroughput:0
LastWrittenBytes:0
LastWriteThroughput:0
RealWrittenBytes:0
RealWriteThroughput:0
当前玩家的连接数量:0
当前地图的线程个数：9
当前地图的个数:48
当前数据库执行队列数:0
当前发送队列缓存的对象数量:0
totalMemory：680001536, use ：457506736, free ：222494800DirectMemory：1827143680, 恢复 ：1
当前时间 ：2026-08-21 00:57:04send keng：2418, sheng ：4194304
decode keng：26, sheng ：2097152
world keng：12, sheng ：1048576

2026-08-21 00:57:09.682 INFO [pool-6-thread-8][:] - /****************流量统计******************/
LastReadBytes:0
LastReadThroughput:0
LastWrittenBytes:0
LastWriteThroughput:0
RealWrittenBytes:0
RealWriteThroughput:0
当前玩家的连接数量:0
当前地图的线程个数：9
当前地图的个数:48
当前数据库执行队列数:0
当前发送队列缓存的对象数量:0
totalMemory：680001536, use ：461098136, free ：218903400DirectMemory：1827143680, 恢复 ：1
当前时间 ：2026-08-21 00:57:09send keng：2418, sheng ：4194304
decode keng：26, sheng ：2097152
world keng：12, sheng ：1048576

2026-08-21 00:57:14.682 INFO [pool-6-thread-7][:] - /****************流量统计******************/
LastReadBytes:0
LastReadThroughput:0
LastWrittenBytes:0
LastWriteThroughput:0
RealWrittenBytes:0
RealWriteThroughput:0
当前玩家的连接数量:0
当前地图的线程个数：9
当前地图的个数:48
当前数据库执行队列数:0
当前发送队列缓存的对象数量:0
totalMemory：680001536, use ：464855952, free ：215145584DirectMemory：1827143680, 恢复 ：1
当前时间 ：2026-08-21 00:57:14send keng：2418, sheng ：4194304
decode keng：26, sheng ：2097152
world keng：12, sheng ：1048576

2026-08-21 00:57:19.682 INFO [pool-6-thread-2][:] - /****************流量统计******************/
LastReadBytes:0
LastReadThroughput:0
LastWrittenBytes:0
LastWriteThroughput:0
RealWrittenBytes:0
RealWriteThroughput:0
当前玩家的连接数量:0
当前地图的线程个数：9
当前地图的个数:48
当前数据库执行队列数:0
当前发送队列缓存的对象数量:0
totalMemory：680001536, use ：421634704, free ：258366832DirectMemory：1827143680, 恢复 ：1
当前时间 ：2026-08-21 00:57:19send keng：2418, sheng ：4194304
decode keng：26, sheng ：2097152
world keng：12, sheng ：1048576

2026-08-21 00:57:24.682 INFO [pool-6-thread-8][:] - /****************流量统计******************/
LastReadBytes:0
LastReadThroughput:0
LastWrittenBytes:0
LastWriteThroughput:0
RealWrittenBytes:0
RealWriteThroughput:0
当前玩家的连接数量:0
当前地图的线程个数：9
当前地图的个数:48
当前数据库执行队列数:0
当前发送队列缓存的对象数量:0
totalMemory：680001536, use ：425213000, free ：254788536DirectMemory：1827143680, 恢复 ：1
当前时间 ：2026-08-21 00:57:24send keng：2418, sheng ：4194304
decode keng：26, sheng ：2097152
world keng：12, sheng ：1048576

2026-08-21 00:57:29.682 INFO [pool-6-thread-2][:] - /****************流量统计******************/
LastReadBytes:0
LastReadThroughput:0
LastWrittenBytes:0
LastWriteThroughput:0
RealWrittenBytes:0
RealWriteThroughput:0
当前玩家的连接数量:0
当前地图的线程个数：9
当前地图的个数:48
当前数据库执行队列数:0
当前发送队列缓存的对象数量:0
totalMemory：680001536, use ：428675440, free ：251326096DirectMemory：1827143680, 恢复 ：1
当前时间 ：2026-08-21 00:57:29send keng：2418, sheng ：4194304
decode keng：26, sheng ：2097152
world keng：12, sheng ：1048576

2026-08-21 00:57:34.682 INFO [pool-6-thread-6][:] - /****************流量统计******************/
LastReadBytes:0
LastReadThroughput:0
LastWrittenBytes:0
LastWriteThroughput:0
RealWrittenBytes:0
RealWriteThroughput:0
当前玩家的连接数量:0
当前地图的线程个数：9
当前地图的个数:48
当前数据库执行队列数:0
当前发送队列缓存的对象数量:0
totalMemory：680001536, use ：432422728, free ：247578808DirectMemory：1827143680, 恢复 ：1
当前时间 ：2026-08-21 00:57:34send keng：2418, sheng ：4194304
decode keng：26, sheng ：2097152
world keng：12, sheng ：1048576

2026-08-21 00:57:39.682 INFO [pool-6-thread-4][:] - /****************流量统计******************/
LastReadBytes:0
LastReadThroughput:0
LastWrittenBytes:0
LastWriteThroughput:0
RealWrittenBytes:0
RealWriteThroughput:0
当前玩家的连接数量:0
当前地图的线程个数：9
当前地图的个数:48
当前数据库执行队列数:0
当前发送队列缓存的对象数量:0
totalMemory：680001536, use ：435912112, free ：244089424DirectMemory：1827143680, 恢复 ：1
当前时间 ：2026-08-21 00:57:39send keng：2418, sheng ：4194304
decode keng：26, sheng ：2097152
world keng：12, sheng ：1048576

2026-08-21 00:57:44.682 INFO [pool-6-thread-9][:] - /****************流量统计******************/
LastReadBytes:0
LastReadThroughput:0
LastWrittenBytes:0
LastWriteThroughput:0
RealWrittenBytes:0
RealWriteThroughput:0
当前玩家的连接数量:0
当前地图的线程个数：9
当前地图的个数:48
当前数据库执行队列数:0
当前发送队列缓存的对象数量:0
totalMemory：680001536, use ：439384008, free ：240617528DirectMemory：1827143680, 恢复 ：1
当前时间 ：2026-08-21 00:57:44send keng：2418, sheng ：4194304
decode keng：26, sheng ：2097152
world keng：12, sheng ：1048576

2026-08-21 00:57:49.682 INFO [pool-6-thread-3][:] - /****************流量统计******************/
LastReadBytes:0
LastReadThroughput:0
LastWrittenBytes:0
LastWriteThroughput:0
RealWrittenBytes:0
RealWriteThroughput:0
当前玩家的连接数量:0
当前地图的线程个数：9
当前地图的个数:48
当前数据库执行队列数:0
当前发送队列缓存的对象数量:0
totalMemory：680001536, use ：443061056, free ：236940480DirectMemory：1827143680, 恢复 ：1
当前时间 ：2026-08-21 00:57:49send keng：2418, sheng ：4194304
decode keng：26, sheng ：2097152
world keng：12, sheng ：1048576

2026-08-21 00:57:54.682 INFO [pool-6-thread-2][:] - /****************流量统计******************/
LastReadBytes:0
LastReadThroughput:0
LastWrittenBytes:0
LastWriteThroughput:0
RealWrittenBytes:0
RealWriteThroughput:0
当前玩家的连接数量:0
当前地图的线程个数：9
当前地图的个数:48
当前数据库执行队列数:0
当前发送队列缓存的对象数量:0
totalMemory：680001536, use ：446285848, free ：233715688DirectMemory：1827143680, 恢复 ：1
当前时间 ：2026-08-21 00:57:54send keng：2418, sheng ：4194304
decode keng：26, sheng ：2097152
world keng：12, sheng ：1048576

2026-08-21 00:57:59.682 INFO [pool-6-thread-1][:] - /****************流量统计******************/
LastReadBytes:0
LastReadThroughput:0
LastWrittenBytes:0
LastWriteThroughput:0
RealWrittenBytes:0
RealWriteThroughput:0
当前玩家的连接数量:0
当前地图的线程个数：9
当前地图的个数:48
当前数据库执行队列数:0
当前发送队列缓存的对象数量:0
totalMemory：680001536, use ：450022200, free ：229979336DirectMemory：1827143680, 恢复 ：1
当前时间 ：2026-08-21 00:57:59send keng：2418, sheng ：4194304
decode keng：26, sheng ：2097152
world keng：12, sheng ：1048576

2026-08-21 00:58:04.682 INFO [pool-6-thread-6][:] - /****************流量统计******************/
LastReadBytes:0
LastReadThroughput:0
LastWrittenBytes:0
LastWriteThroughput:0
RealWrittenBytes:0
RealWriteThroughput:0
当前玩家的连接数量:0
当前地图的线程个数：9
当前地图的个数:48
当前数据库执行队列数:0
当前发送队列缓存的对象数量:0
totalMemory：680001536, use ：453609256, free ：226392280DirectMemory：1827143680, 恢复 ：1
当前时间 ：2026-08-21 00:58:04send keng：2418, sheng ：4194304
decode keng：26, sheng ：2097152
world keng：12, sheng ：1048576

2026-08-21 00:58:09.682 INFO [pool-6-thread-3][:] - /****************流量统计******************/
LastReadBytes:0
LastReadThroughput:0
LastWrittenBytes:0
LastWriteThroughput:0
RealWrittenBytes:0
RealWriteThroughput:0
当前玩家的连接数量:0
当前地图的线程个数：9
当前地图的个数:48
当前数据库执行队列数:0
当前发送队列缓存的对象数量:0
totalMemory：680001536, use ：457255536, free ：222746000DirectMemory：1827143680, 恢复 ：1
当前时间 ：2026-08-21 00:58:09send keng：2418, sheng ：4194304
decode keng：26, sheng ：2097152
world keng：12, sheng ：1048576

2026-08-21 00:58:14.682 INFO [pool-6-thread-9][:] - /****************流量统计******************/
LastReadBytes:0
LastReadThroughput:0
LastWrittenBytes:0
LastWriteThroughput:0
RealWrittenBytes:0
RealWriteThroughput:0
当前玩家的连接数量:0
当前地图的线程个数：9
当前地图的个数:48
当前数据库执行队列数:0
当前发送队列缓存的对象数量:0
totalMemory：680001536, use ：460825536, free ：219176000DirectMemory：1827143680, 恢复 ：1
当前时间 ：2026-08-21 00:58:14send keng：2418, sheng ：4194304
decode keng：26, sheng ：2097152
world keng：12, sheng ：1048576

2026-08-21 00:58:19.682 INFO [pool-6-thread-5][:] - /****************流量统计******************/
LastReadBytes:0
LastReadThroughput:0
LastWrittenBytes:0
LastWriteThroughput:0
RealWrittenBytes:0
RealWriteThroughput:0
当前玩家的连接数量:0
当前地图的线程个数：9
当前地图的个数:48
当前数据库执行队列数:0
当前发送队列缓存的对象数量:0
totalMemory：680001536, use ：464495592, free ：215505944DirectMemory：1827143680, 恢复 ：1
当前时间 ：2026-08-21 00:58:19send keng：2418, sheng ：4194304
decode keng：26, sheng ：2097152
world keng：12, sheng ：1048576

2026-08-21 00:58:24.682 INFO [pool-6-thread-1][:] - /****************流量统计******************/
LastReadBytes:0
LastReadThroughput:0
LastWrittenBytes:0
LastWriteThroughput:0
RealWrittenBytes:0
RealWriteThroughput:0
当前玩家的连接数量:0
当前地图的线程个数：9
当前地图的个数:48
当前数据库执行队列数:0
当前发送队列缓存的对象数量:0
totalMemory：680001536, use ：421346776, free ：258654760DirectMemory：1827143680, 恢复 ：1
当前时间 ：2026-08-21 00:58:24send keng：2418, sheng ：4194304
decode keng：26, sheng ：2097152
world keng：12, sheng ：1048576

2026-08-21 00:58:29.682 INFO [pool-6-thread-2][:] - /****************流量统计******************/
LastReadBytes:0
LastReadThroughput:0
LastWrittenBytes:0
LastWriteThroughput:0
RealWrittenBytes:0
RealWriteThroughput:0
当前玩家的连接数量:0
当前地图的线程个数：9
当前地图的个数:48
当前数据库执行队列数:0
当前发送队列缓存的对象数量:0
totalMemory：680001536, use ：425039088, free ：254962448DirectMemory：1827143680, 恢复 ：1
当前时间 ：2026-08-21 00:58:29send keng：2418, sheng ：4194304
decode keng：26, sheng ：2097152
world keng：12, sheng ：1048576

2026-08-21 00:58:34.682 INFO [pool-6-thread-3][:] - /****************流量统计******************/
LastReadBytes:0
LastReadThroughput:0
LastWrittenBytes:0
LastWriteThroughput:0
RealWrittenBytes:0
RealWriteThroughput:0
当前玩家的连接数量:0
当前地图的线程个数：9
当前地图的个数:48
当前数据库执行队列数:0
当前发送队列缓存的对象数量:0
totalMemory：680001536, use ：428358704, free ：251642832DirectMemory：1827143680, 恢复 ：1
当前时间 ：2026-08-21 00:58:34send keng：2418, sheng ：4194304
decode keng：26, sheng ：2097152
world keng：12, sheng ：1048576

2026-08-21 00:58:39.682 INFO [pool-6-thread-6][:] - /****************流量统计******************/
LastReadBytes:0
LastReadThroughput:0
LastWrittenBytes:0
LastWriteThroughput:0
RealWrittenBytes:0
RealWriteThroughput:0
当前玩家的连接数量:0
当前地图的线程个数：9
当前地图的个数:48
当前数据库执行队列数:0
当前发送队列缓存的对象数量:0
totalMemory：680001536, use ：432200656, free ：247800880DirectMemory：1827143680, 恢复 ：1
当前时间 ：2026-08-21 00:58:39send keng：2418, sheng ：4194304
decode keng：26, sheng ：2097152
world keng：12, sheng ：1048576

2026-08-21 00:58:44.682 INFO [pool-6-thread-10][:] - /****************流量统计******************/
LastReadBytes:0
LastReadThroughput:0
LastWrittenBytes:0
LastWriteThroughput:0
RealWrittenBytes:0
RealWriteThroughput:0
当前玩家的连接数量:0
当前地图的线程个数：9
当前地图的个数:48
当前数据库执行队列数:0
当前发送队列缓存的对象数量:0
totalMemory：680001536, use ：435511640, free ：244489896DirectMemory：1827143680, 恢复 ：1
当前时间 ：2026-08-21 00:58:44send keng：2418, sheng ：4194304
decode keng：26, sheng ：2097152
world keng：12, sheng ：1048576

2026-08-21 00:58:49.682 INFO [pool-6-thread-9][:] - /****************流量统计******************/
LastReadBytes:0
LastReadThroughput:0
LastWrittenBytes:0
LastWriteThroughput:0
RealWrittenBytes:0
RealWriteThroughput:0
当前玩家的连接数量:0
当前地图的线程个数：9
当前地图的个数:48
当前数据库执行队列数:0
当前发送队列缓存的对象数量:0
totalMemory：680001536, use ：439089976, free ：240911560DirectMemory：1827143680, 恢复 ：1
当前时间 ：2026-08-21 00:58:49send keng：2418, sheng ：4194304
decode keng：26, sheng ：2097152
world keng：12, sheng ：1048576

2026-08-21 00:58:54.682 INFO [pool-6-thread-8][:] - /****************流量统计******************/
LastReadBytes:0
LastReadThroughput:0
LastWrittenBytes:0
LastWriteThroughput:0
RealWrittenBytes:0
RealWriteThroughput:0
当前玩家的连接数量:0
当前地图的线程个数：9
当前地图的个数:48
当前数据库执行队列数:0
当前发送队列缓存的对象数量:0
totalMemory：680001536, use ：442571136, free ：237430400DirectMemory：1827143680, 恢复 ：1
当前时间 ：2026-08-21 00:58:54send keng：2418, sheng ：4194304
decode keng：26, sheng ：2097152
world keng：12, sheng ：1048576

2026-08-21 00:58:59.682 INFO [pool-6-thread-6][:] - /****************流量统计******************/
LastReadBytes:0
LastReadThroughput:0
LastWrittenBytes:0
LastWriteThroughput:0
RealWrittenBytes:0
RealWriteThroughput:0
当前玩家的连接数量:0
当前地图的线程个数：9
当前地图的个数:48
当前数据库执行队列数:0
当前发送队列缓存的对象数量:0
totalMemory：680001536, use ：446336816, free ：233664720DirectMemory：1827143680, 恢复 ：1
当前时间 ：2026-08-21 00:58:59send keng：2418, sheng ：4194304
decode keng：26, sheng ：2097152
world keng：12, sheng ：1048576

2026-08-21 00:59:04.682 INFO [pool-6-thread-5][:] - /****************流量统计******************/
LastReadBytes:0
LastReadThroughput:0
LastWrittenBytes:0
LastWriteThroughput:0
RealWrittenBytes:0
RealWriteThroughput:0
当前玩家的连接数量:0
当前地图的线程个数：9
当前地图的个数:48
当前数据库执行队列数:0
当前发送队列缓存的对象数量:0
totalMemory：680001536, use ：449921080, free ：230080456DirectMemory：1827143680, 恢复 ：1
当前时间 ：2026-08-21 00:59:04send keng：2418, sheng ：4194304
decode keng：26, sheng ：2097152
world keng：12, sheng ：1048576

2026-08-21 00:59:09.682 INFO [pool-6-thread-6][:] - /****************流量统计******************/
LastReadBytes:0
LastReadThroughput:0
LastWrittenBytes:0
LastWriteThroughput:0
RealWrittenBytes:0
RealWriteThroughput:0
当前玩家的连接数量:0
当前地图的线程个数：9
当前地图的个数:48
当前数据库执行队列数:0
当前发送队列缓存的对象数量:0
totalMemory：680001536, use ：453284320, free ：226717216DirectMemory：1827143680, 恢复 ：1
当前时间 ：2026-08-21 00:59:09send keng：2418, sheng ：4194304
decode keng：26, sheng ：2097152
world keng：12, sheng ：1048576

2026-08-21 00:59:14.682 INFO [pool-6-thread-2][:] - /****************流量统计******************/
LastReadBytes:0
LastReadThroughput:0
LastWrittenBytes:0
LastWriteThroughput:0
RealWrittenBytes:0
RealWriteThroughput:0
当前玩家的连接数量:0
当前地图的线程个数：9
当前地图的个数:48
当前数据库执行队列数:0
当前发送队列缓存的对象数量:0
totalMemory：680001536, use ：457135872, free ：222865664DirectMemory：1827143680, 恢复 ：1
当前时间 ：2026-08-21 00:59:14send keng：2418, sheng ：4194304
decode keng：26, sheng ：2097152
world keng：12, sheng ：1048576

2026-08-21 00:59:19.682 INFO [pool-6-thread-3][:] - /****************流量统计******************/
LastReadBytes:0
LastReadThroughput:0
LastWrittenBytes:0
LastWriteThroughput:0
RealWrittenBytes:0
RealWriteThroughput:0
当前玩家的连接数量:0
当前地图的线程个数：9
当前地图的个数:48
当前数据库执行队列数:0
当前发送队列缓存的对象数量:0
totalMemory：680001536, use ：460588320, free ：219413216DirectMemory：1827143680, 恢复 ：1
当前时间 ：2026-08-21 00:59:19send keng：2418, sheng ：4194304
decode keng：26, sheng ：2097152
world keng：12, sheng ：1048576

2026-08-21 00:59:24.682 INFO [pool-6-thread-10][:] - /****************流量统计******************/
LastReadBytes:0
LastReadThroughput:0
LastWrittenBytes:0
LastWriteThroughput:0
RealWrittenBytes:0
RealWriteThroughput:0
当前玩家的连接数量:0
当前地图的线程个数：9
当前地图的个数:48
当前数据库执行队列数:0
当前发送队列缓存的对象数量:0
totalMemory：680001536, use ：464419184, free ：215582352DirectMemory：1827143680, 恢复 ：1
当前时间 ：2026-08-21 00:59:24send keng：2418, sheng ：4194304
decode keng：26, sheng ：2097152
world keng：12, sheng ：1048576

2026-08-21 00:59:29.682 INFO [pool-6-thread-3][:] - /****************流量统计******************/
LastReadBytes:0
LastReadThroughput:0
LastWrittenBytes:0
LastWriteThroughput:0
RealWrittenBytes:0
RealWriteThroughput:0
当前玩家的连接数量:0
当前地图的线程个数：9
当前地图的个数:48
当前数据库执行队列数:0
当前发送队列缓存的对象数量:0
totalMemory：680001536, use ：421211976, free ：258789560DirectMemory：1827143680, 恢复 ：1
当前时间 ：2026-08-21 00:59:29send keng：2418, sheng ：4194304
decode keng：26, sheng ：2097152
world keng：12, sheng ：1048576

2026-08-21 00:59:34.682 INFO [pool-6-thread-4][:] - /****************流量统计******************/
LastReadBytes:0
LastReadThroughput:0
LastWrittenBytes:0
LastWriteThroughput:0
RealWrittenBytes:0
RealWriteThroughput:0
当前玩家的连接数量:0
当前地图的线程个数：9
当前地图的个数:48
当前数据库执行队列数:0
当前发送队列缓存的对象数量:0
totalMemory：680001536, use ：424929488, free ：255072048DirectMemory：1827143680, 恢复 ：1
当前时间 ：2026-08-21 00:59:34send keng：2418, sheng ：4194304
decode keng：26, sheng ：2097152
world keng：12, sheng ：1048576

2026-08-21 00:59:39.682 INFO [pool-6-thread-8][:] - /****************流量统计******************/
LastReadBytes:0
LastReadThroughput:0
LastWrittenBytes:0
LastWriteThroughput:0
RealWrittenBytes:0
RealWriteThroughput:0
当前玩家的连接数量:0
当前地图的线程个数：9
当前地图的个数:48
当前数据库执行队列数:0
当前发送队列缓存的对象数量:0
totalMemory：680001536, use ：428058264, free ：251943272DirectMemory：1827143680, 恢复 ：1
当前时间 ：2026-08-21 00:59:39send keng：2418, sheng ：4194304
decode keng：26, sheng ：2097152
world keng：12, sheng ：1048576

2026-08-21 00:59:44.682 INFO [pool-6-thread-7][:] - /****************流量统计******************/
LastReadBytes:0
LastReadThroughput:0
LastWrittenBytes:0
LastWriteThroughput:0
RealWrittenBytes:0
RealWriteThroughput:0
当前玩家的连接数量:0
当前地图的线程个数：9
当前地图的个数:48
当前数据库执行队列数:0
当前发送队列缓存的对象数量:0
totalMemory：680001536, use ：431890608, free ：248110928DirectMemory：1827143680, 恢复 ：1
当前时间 ：2026-08-21 00:59:44send keng：2418, sheng ：4194304
decode keng：26, sheng ：2097152
world keng：12, sheng ：1048576

2026-08-21 00:59:49.682 INFO [pool-6-thread-4][:] - /****************流量统计******************/
LastReadBytes:0
LastReadThroughput:0
LastWrittenBytes:0
LastWriteThroughput:0
RealWrittenBytes:0
RealWriteThroughput:0
当前玩家的连接数量:0
当前地图的线程个数：9
当前地图的个数:48
当前数据库执行队列数:0
当前发送队列缓存的对象数量:0
totalMemory：680001536, use ：435305216, free ：244696320DirectMemory：1827143680, 恢复 ：1
当前时间 ：2026-08-21 00:59:49send keng：2418, sheng ：4194304
decode keng：26, sheng ：2097152
world keng：12, sheng ：1048576

2026-08-21 00:59:54.682 INFO [pool-6-thread-2][:] - /****************流量统计******************/
LastReadBytes:0
LastReadThroughput:0
LastWrittenBytes:0
LastWriteThroughput:0
RealWrittenBytes:0
RealWriteThroughput:0
当前玩家的连接数量:0
当前地图的线程个数：9
当前地图的个数:48
当前数据库执行队列数:0
当前发送队列缓存的对象数量:0
totalMemory：680001536, use ：438952088, free ：241049448DirectMemory：1827143680, 恢复 ：1
当前时间 ：2026-08-21 00:59:54send keng：2418, sheng ：4194304
decode keng：26, sheng ：2097152
world keng：12, sheng ：1048576

2026-08-21 00:59:59.682 INFO [pool-6-thread-2][:] - /****************流量统计******************/
LastReadBytes:0
LastReadThroughput:0
LastWrittenBytes:0
LastWriteThroughput:0
RealWrittenBytes:0
RealWriteThroughput:0
当前玩家的连接数量:0
当前地图的线程个数：9
当前地图的个数:48
当前数据库执行队列数:0
当前发送队列缓存的对象数量:0
totalMemory：680001536, use ：442478320, free ：237523216DirectMemory：1827143680, 恢复 ：1
当前时间 ：2026-08-21 00:59:59send keng：2418, sheng ：4194304
decode keng：26, sheng ：2097152
world keng：12, sheng ：1048576

