2026-08-16 00:00:00.213 INFO [pool-6-thread-10][:] - /****************流量统计******************/
LastReadBytes:0
LastReadThroughput:0
LastWrittenBytes:0
LastWriteThroughput:0
RealWrittenBytes:0
RealWriteThroughput:0
当前玩家的连接数量:0
当前地图的线程个数：10
当前地图的个数:47
当前数据库执行队列数:0
当前发送队列缓存的对象数量:0
totalMemory：542113792, use ：442151896, free ：99961896DirectMemory：1827143680, 恢复 ：1
当前时间 ：2026-08-16 00:00:00send keng：3325, sheng ：4194304
decode keng：18, sheng ：2097152
world keng：5, sheng ：1048576

2026-08-16 00:00:05.219 INFO [pool-6-thread-7][:] - /****************流量统计******************/
LastReadBytes:0
LastReadThroughput:0
LastWrittenBytes:0
LastWriteThroughput:0
RealWrittenBytes:0
RealWriteThroughput:0
当前玩家的连接数量:0
当前地图的线程个数：10
当前地图的个数:47
当前数据库执行队列数:0
当前发送队列缓存的对象数量:0
totalMemory：542113792, use ：447196752, free ：94917040DirectMemory：1827143680, 恢复 ：1
当前时间 ：2026-08-16 00:00:05send keng：3325, sheng ：4194304
decode keng：18, sheng ：2097152
world keng：5, sheng ：1048576

2026-08-16 00:00:10.213 INFO [pool-6-thread-1][:] - /****************流量统计******************/
LastReadBytes:0
LastReadThroughput:0
LastWrittenBytes:0
LastWriteThroughput:0
RealWrittenBytes:0
RealWriteThroughput:0
当前玩家的连接数量:0
当前地图的线程个数：10
当前地图的个数:47
当前数据库执行队列数:0
当前发送队列缓存的对象数量:0
totalMemory：542113792, use ：412004480, free ：130109312DirectMemory：1827143680, 恢复 ：1
当前时间 ：2026-08-16 00:00:10send keng：3325, sheng ：4194304
decode keng：18, sheng ：2097152
world keng：5, sheng ：1048576

2026-08-16 00:00:15.213 INFO [pool-6-thread-7][:] - /****************流量统计******************/
LastReadBytes:0
LastReadThroughput:0
LastWrittenBytes:0
LastWriteThroughput:0
RealWrittenBytes:0
RealWriteThroughput:0
当前玩家的连接数量:0
当前地图的线程个数：10
当前地图的个数:47
当前数据库执行队列数:0
当前发送队列缓存的对象数量:0
totalMemory：542113792, use ：416378488, free ：125735304DirectMemory：1827143680, 恢复 ：1
当前时间 ：2026-08-16 00:00:15send keng：3325, sheng ：4194304
decode keng：18, sheng ：2097152
world keng：5, sheng ：1048576

2026-08-16 00:00:20.213 INFO [pool-6-thread-9][:] - /****************流量统计******************/
LastReadBytes:0
LastReadThroughput:0
LastWrittenBytes:0
LastWriteThroughput:0
RealWrittenBytes:0
RealWriteThroughput:0
当前玩家的连接数量:0
当前地图的线程个数：10
当前地图的个数:47
当前数据库执行队列数:0
当前发送队列缓存的对象数量:0
totalMemory：542113792, use ：420721072, free ：121392720DirectMemory：1827143680, 恢复 ：1
当前时间 ：2026-08-16 00:00:20send keng：3325, sheng ：4194304
decode keng：18, sheng ：2097152
world keng：5, sheng ：1048576

2026-08-16 00:00:25.213 INFO [pool-6-thread-5][:] - /****************流量统计******************/
LastReadBytes:0
LastReadThroughput:0
LastWrittenBytes:0
LastWriteThroughput:0
RealWrittenBytes:0
RealWriteThroughput:0
当前玩家的连接数量:0
当前地图的线程个数：10
当前地图的个数:47
当前数据库执行队列数:0
当前发送队列缓存的对象数量:0
totalMemory：542113792, use ：425239904, free ：116873888DirectMemory：1827143680, 恢复 ：1
当前时间 ：2026-08-16 00:00:25send keng：3325, sheng ：4194304
decode keng：18, sheng ：2097152
world keng：5, sheng ：1048576

2026-08-16 00:00:30.213 INFO [pool-6-thread-3][:] - /****************流量统计******************/
LastReadBytes:0
LastReadThroughput:0
LastWrittenBytes:0
LastWriteThroughput:0
RealWrittenBytes:0
RealWriteThroughput:0
当前玩家的连接数量:0
当前地图的线程个数：10
当前地图的个数:47
当前数据库执行队列数:0
当前发送队列缓存的对象数量:0
totalMemory：542113792, use ：429748424, free ：112365368DirectMemory：1827143680, 恢复 ：1
当前时间 ：2026-08-16 00:00:30send keng：3325, sheng ：4194304
decode keng：18, sheng ：2097152
world keng：5, sheng ：1048576

2026-08-16 00:00:35.213 INFO [pool-6-thread-2][:] - /****************流量统计******************/
LastReadBytes:0
LastReadThroughput:0
LastWrittenBytes:0
LastWriteThroughput:0
RealWrittenBytes:0
RealWriteThroughput:0
当前玩家的连接数量:0
当前地图的线程个数：10
当前地图的个数:47
当前数据库执行队列数:0
当前发送队列缓存的对象数量:0
totalMemory：542113792, use ：434408912, free ：107704880DirectMemory：1827143680, 恢复 ：1
当前时间 ：2026-08-16 00:00:35send keng：3325, sheng ：4194304
decode keng：18, sheng ：2097152
world keng：5, sheng ：1048576

2026-08-16 00:00:40.213 INFO [pool-6-thread-9][:] - /****************流量统计******************/
LastReadBytes:0
LastReadThroughput:0
LastWrittenBytes:0
LastWriteThroughput:0
RealWrittenBytes:0
RealWriteThroughput:0
当前玩家的连接数量:0
当前地图的线程个数：10
当前地图的个数:47
当前数据库执行队列数:0
当前发送队列缓存的对象数量:0
totalMemory：542113792, use ：438794856, free ：103318936DirectMemory：1827143680, 恢复 ：1
当前时间 ：2026-08-16 00:00:40send keng：3325, sheng ：4194304
decode keng：18, sheng ：2097152
world keng：5, sheng ：1048576

2026-08-16 00:00:45.213 INFO [pool-6-thread-3][:] - /****************流量统计******************/
LastReadBytes:0
LastReadThroughput:0
LastWrittenBytes:0
LastWriteThroughput:0
RealWrittenBytes:0
RealWriteThroughput:0
当前玩家的连接数量:0
当前地图的线程个数：10
当前地图的个数:47
当前数据库执行队列数:0
当前发送队列缓存的对象数量:0
totalMemory：542113792, use ：443539600, free ：98574192DirectMemory：1827143680, 恢复 ：1
当前时间 ：2026-08-16 00:00:45send keng：3325, sheng ：4194304
decode keng：18, sheng ：2097152
world keng：5, sheng ：1048576

2026-08-16 00:00:50.213 INFO [pool-6-thread-5][:] - /****************流量统计******************/
LastReadBytes:0
LastReadThroughput:0
LastWrittenBytes:0
LastWriteThroughput:0
RealWrittenBytes:0
RealWriteThroughput:0
当前玩家的连接数量:0
当前地图的线程个数：10
当前地图的个数:47
当前数据库执行队列数:0
当前发送队列缓存的对象数量:0
totalMemory：542113792, use ：447717584, free ：94396208DirectMemory：1827143680, 恢复 ：1
当前时间 ：2026-08-16 00:00:50send keng：3325, sheng ：4194304
decode keng：18, sheng ：2097152
world keng：5, sheng ：1048576

2026-08-16 00:00:55.213 INFO [pool-6-thread-4][:] - /****************流量统计******************/
LastReadBytes:0
LastReadThroughput:0
LastWrittenBytes:0
LastWriteThroughput:0
RealWrittenBytes:0
RealWriteThroughput:0
当前玩家的连接数量:0
当前地图的线程个数：10
当前地图的个数:47
当前数据库执行队列数:0
当前发送队列缓存的对象数量:0
totalMemory：542113792, use ：412880312, free ：129233480DirectMemory：1827143680, 恢复 ：1
当前时间 ：2026-08-16 00:00:55send keng：3325, sheng ：4194304
decode keng：18, sheng ：2097152
world keng：5, sheng ：1048576

2026-08-16 00:01:00.213 INFO [pool-6-thread-4][:] - /****************流量统计******************/
LastReadBytes:0
LastReadThroughput:0
LastWrittenBytes:0
LastWriteThroughput:0
RealWrittenBytes:0
RealWriteThroughput:0
当前玩家的连接数量:0
当前地图的线程个数：10
当前地图的个数:47
当前数据库执行队列数:0
当前发送队列缓存的对象数量:0
totalMemory：542113792, use ：417767144, free ：124346648DirectMemory：1827143680, 恢复 ：1
当前时间 ：2026-08-16 00:01:00send keng：3325, sheng ：4194304
decode keng：18, sheng ：2097152
world keng：5, sheng ：1048576

2026-08-16 00:01:05.213 INFO [pool-6-thread-10][:] - /****************流量统计******************/
LastReadBytes:0
LastReadThroughput:0
LastWrittenBytes:0
LastWriteThroughput:0
RealWrittenBytes:0
RealWriteThroughput:0
当前玩家的连接数量:0
当前地图的线程个数：10
当前地图的个数:47
当前数据库执行队列数:0
当前发送队列缓存的对象数量:0
totalMemory：542113792, use ：422474376, free ：119639416DirectMemory：1827143680, 恢复 ：1
当前时间 ：2026-08-16 00:01:05send keng：3325, sheng ：4194304
decode keng：18, sheng ：2097152
world keng：5, sheng ：1048576

2026-08-16 00:01:10.213 INFO [pool-6-thread-3][:] - /****************流量统计******************/
LastReadBytes:0
LastReadThroughput:0
LastWrittenBytes:0
LastWriteThroughput:0
RealWrittenBytes:0
RealWriteThroughput:0
当前玩家的连接数量:0
当前地图的线程个数：10
当前地图的个数:47
当前数据库执行队列数:0
当前发送队列缓存的对象数量:0
totalMemory：542113792, use ：426802304, free ：115311488DirectMemory：1827143680, 恢复 ：1
当前时间 ：2026-08-16 00:01:10send keng：3325, sheng ：4194304
decode keng：18, sheng ：2097152
world keng：5, sheng ：1048576

2026-08-16 00:01:15.213 INFO [pool-6-thread-10][:] - /****************流量统计******************/
LastReadBytes:0
LastReadThroughput:0
LastWrittenBytes:0
LastWriteThroughput:0
RealWrittenBytes:0
RealWriteThroughput:0
当前玩家的连接数量:0
当前地图的线程个数：10
当前地图的个数:47
当前数据库执行队列数:0
当前发送队列缓存的对象数量:0
totalMemory：542113792, use ：431553528, free ：110560264DirectMemory：1827143680, 恢复 ：1
当前时间 ：2026-08-16 00:01:15send keng：3325, sheng ：4194304
decode keng：18, sheng ：2097152
world keng：5, sheng ：1048576

2026-08-16 00:01:20.213 INFO [pool-6-thread-3][:] - /****************流量统计******************/
LastReadBytes:0
LastReadThroughput:0
LastWrittenBytes:0
LastWriteThroughput:0
RealWrittenBytes:0
RealWriteThroughput:0
当前玩家的连接数量:0
当前地图的线程个数：10
当前地图的个数:47
当前数据库执行队列数:0
当前发送队列缓存的对象数量:0
totalMemory：542113792, use ：436033064, free ：106080728DirectMemory：1827143680, 恢复 ：1
当前时间 ：2026-08-16 00:01:20send keng：3325, sheng ：4194304
decode keng：18, sheng ：2097152
world keng：5, sheng ：1048576

2026-08-16 00:01:25.213 INFO [pool-6-thread-10][:] - /****************流量统计******************/
LastReadBytes:0
LastReadThroughput:0
LastWrittenBytes:0
LastWriteThroughput:0
RealWrittenBytes:0
RealWriteThroughput:0
当前玩家的连接数量:0
当前地图的线程个数：10
当前地图的个数:47
当前数据库执行队列数:0
当前发送队列缓存的对象数量:0
totalMemory：542113792, use ：440693352, free ：101420440DirectMemory：1827143680, 恢复 ：1
当前时间 ：2026-08-16 00:01:25send keng：3325, sheng ：4194304
decode keng：18, sheng ：2097152
world keng：5, sheng ：1048576

2026-08-16 00:01:30.213 INFO [pool-6-thread-2][:] - /****************流量统计******************/
LastReadBytes:0
LastReadThroughput:0
LastWrittenBytes:0
LastWriteThroughput:0
RealWrittenBytes:0
RealWriteThroughput:0
当前玩家的连接数量:0
当前地图的线程个数：10
当前地图的个数:47
当前数据库执行队列数:0
当前发送队列缓存的对象数量:0
totalMemory：542113792, use ：444910616, free ：97203176DirectMemory：1827143680, 恢复 ：1
当前时间 ：2026-08-16 00:01:30send keng：3325, sheng ：4194304
decode keng：18, sheng ：2097152
world keng：5, sheng ：1048576

2026-08-16 00:01:35.221 INFO [pool-6-thread-10][:] - /****************流量统计******************/
LastReadBytes:0
LastReadThroughput:0
LastWrittenBytes:0
LastWriteThroughput:0
RealWrittenBytes:0
RealWriteThroughput:0
当前玩家的连接数量:0
当前地图的线程个数：10
当前地图的个数:47
当前数据库执行队列数:0
当前发送队列缓存的对象数量:0
totalMemory：542113792, use ：410019672, free ：132094120DirectMemory：1827143680, 恢复 ：1
当前时间 ：2026-08-16 00:01:35send keng：3325, sheng ：4194304
decode keng：18, sheng ：2097152
world keng：5, sheng ：1048576

2026-08-16 00:01:40.213 INFO [pool-6-thread-1][:] - /****************流量统计******************/
LastReadBytes:0
LastReadThroughput:0
LastWrittenBytes:0
LastWriteThroughput:0
RealWrittenBytes:0
RealWriteThroughput:0
当前玩家的连接数量:0
当前地图的线程个数：10
当前地图的个数:47
当前数据库执行队列数:0
当前发送队列缓存的对象数量:0
totalMemory：542113792, use ：414736696, free ：127377096DirectMemory：1827143680, 恢复 ：1
当前时间 ：2026-08-16 00:01:40send keng：3325, sheng ：4194304
decode keng：18, sheng ：2097152
world keng：5, sheng ：1048576

2026-08-16 00:01:45.213 INFO [pool-6-thread-3][:] - /****************流量统计******************/
LastReadBytes:0
LastReadThroughput:0
LastWrittenBytes:0
LastWriteThroughput:0
RealWrittenBytes:0
RealWriteThroughput:0
当前玩家的连接数量:0
当前地图的线程个数：10
当前地图的个数:47
当前数据库执行队列数:0
当前发送队列缓存的对象数量:0
totalMemory：542113792, use ：419512704, free ：122601088DirectMemory：1827143680, 恢复 ：1
当前时间 ：2026-08-16 00:01:45send keng：3325, sheng ：4194304
decode keng：18, sheng ：2097152
world keng：5, sheng ：1048576

2026-08-16 00:01:50.213 INFO [pool-6-thread-1][:] - /****************流量统计******************/
LastReadBytes:0
LastReadThroughput:0
LastWrittenBytes:0
LastWriteThroughput:0
RealWrittenBytes:0
RealWriteThroughput:0
当前玩家的连接数量:0
当前地图的线程个数：10
当前地图的个数:47
当前数据库执行队列数:0
当前发送队列缓存的对象数量:0
totalMemory：542113792, use ：423963856, free ：118149936DirectMemory：1827143680, 恢复 ：1
当前时间 ：2026-08-16 00:01:50send keng：3325, sheng ：4194304
decode keng：18, sheng ：2097152
world keng：5, sheng ：1048576

2026-08-16 00:01:55.213 INFO [pool-6-thread-1][:] - /****************流量统计******************/
LastReadBytes:0
LastReadThroughput:0
LastWrittenBytes:0
LastWriteThroughput:0
RealWrittenBytes:0
RealWriteThroughput:0
当前玩家的连接数量:0
当前地图的线程个数：10
当前地图的个数:47
当前数据库执行队列数:0
当前发送队列缓存的对象数量:0
totalMemory：542113792, use ：428616480, free ：113497312DirectMemory：1827143680, 恢复 ：1
当前时间 ：2026-08-16 00:01:55send keng：3325, sheng ：4194304
decode keng：18, sheng ：2097152
world keng：5, sheng ：1048576

2026-08-16 00:02:00.213 INFO [pool-6-thread-10][:] - /****************流量统计******************/
LastReadBytes:0
LastReadThroughput:0
LastWrittenBytes:0
LastWriteThroughput:0
RealWrittenBytes:0
RealWriteThroughput:0
当前玩家的连接数量:0
当前地图的线程个数：10
当前地图的个数:47
当前数据库执行队列数:0
当前发送队列缓存的对象数量:0
totalMemory：542113792, use ：433095800, free ：109017992DirectMemory：1827143680, 恢复 ：1
当前时间 ：2026-08-16 00:02:00send keng：3325, sheng ：4194304
decode keng：18, sheng ：2097152
world keng：5, sheng ：1048576

2026-08-16 00:02:05.213 INFO [pool-6-thread-8][:] - /****************流量统计******************/
LastReadBytes:0
LastReadThroughput:0
LastWrittenBytes:0
LastWriteThroughput:0
RealWrittenBytes:0
RealWriteThroughput:0
当前玩家的连接数量:0
当前地图的线程个数：10
当前地图的个数:47
当前数据库执行队列数:0
当前发送队列缓存的对象数量:0
totalMemory：542113792, use ：437743744, free ：104370048DirectMemory：1827143680, 恢复 ：1
当前时间 ：2026-08-16 00:02:05send keng：3325, sheng ：4194304
decode keng：18, sheng ：2097152
world keng：5, sheng ：1048576

2026-08-16 00:02:10.213 INFO [pool-6-thread-8][:] - /****************流量统计******************/
LastReadBytes:0
LastReadThroughput:0
LastWrittenBytes:0
LastWriteThroughput:0
RealWrittenBytes:0
RealWriteThroughput:0
当前玩家的连接数量:0
当前地图的线程个数：10
当前地图的个数:47
当前数据库执行队列数:0
当前发送队列缓存的对象数量:0
totalMemory：542113792, use ：442313264, free ：99800528DirectMemory：1827143680, 恢复 ：1
当前时间 ：2026-08-16 00:02:10send keng：3325, sheng ：4194304
decode keng：18, sheng ：2097152
world keng：5, sheng ：1048576

2026-08-16 00:02:15.213 INFO [pool-6-thread-8][:] - /****************流量统计******************/
LastReadBytes:0
LastReadThroughput:0
LastWrittenBytes:0
LastWriteThroughput:0
RealWrittenBytes:0
RealWriteThroughput:0
当前玩家的连接数量:0
当前地图的线程个数：10
当前地图的个数:47
当前数据库执行队列数:0
当前发送队列缓存的对象数量:0
totalMemory：542113792, use ：446939816, free ：95173976DirectMemory：1827143680, 恢复 ：1
当前时间 ：2026-08-16 00:02:15send keng：3325, sheng ：4194304
decode keng：18, sheng ：2097152
world keng：5, sheng ：1048576

2026-08-16 00:02:20.213 INFO [pool-6-thread-2][:] - /****************流量统计******************/
LastReadBytes:0
LastReadThroughput:0
LastWrittenBytes:0
LastWriteThroughput:0
RealWrittenBytes:0
RealWriteThroughput:0
当前玩家的连接数量:0
当前地图的线程个数：10
当前地图的个数:47
当前数据库执行队列数:0
当前发送队列缓存的对象数量:0
totalMemory：542113792, use ：412077272, free ：130036520DirectMemory：1827143680, 恢复 ：1
当前时间 ：2026-08-16 00:02:20send keng：3325, sheng ：4194304
decode keng：18, sheng ：2097152
world keng：5, sheng ：1048576

2026-08-16 00:02:25.213 INFO [pool-6-thread-8][:] - /****************流量统计******************/
LastReadBytes:0
LastReadThroughput:0
LastWrittenBytes:0
LastWriteThroughput:0
RealWrittenBytes:0
RealWriteThroughput:0
当前玩家的连接数量:0
当前地图的线程个数：10
当前地图的个数:47
当前数据库执行队列数:0
当前发送队列缓存的对象数量:0
totalMemory：542113792, use ：416671576, free ：125442216DirectMemory：1827143680, 恢复 ：1
当前时间 ：2026-08-16 00:02:25send keng：3325, sheng ：4194304
decode keng：18, sheng ：2097152
world keng：5, sheng ：1048576

2026-08-16 00:02:30.213 INFO [pool-6-thread-9][:] - /****************流量统计******************/
LastReadBytes:0
LastReadThroughput:0
LastWrittenBytes:0
LastWriteThroughput:0
RealWrittenBytes:0
RealWriteThroughput:0
当前玩家的连接数量:0
当前地图的线程个数：10
当前地图的个数:47
当前数据库执行队列数:0
当前发送队列缓存的对象数量:0
totalMemory：542113792, use ：420945264, free ：121168528DirectMemory：1827143680, 恢复 ：1
当前时间 ：2026-08-16 00:02:30send keng：3325, sheng ：4194304
decode keng：18, sheng ：2097152
world keng：5, sheng ：1048576

2026-08-16 00:02:35.213 INFO [pool-6-thread-10][:] - /****************流量统计******************/
LastReadBytes:0
LastReadThroughput:0
LastWrittenBytes:0
LastWriteThroughput:0
RealWrittenBytes:0
RealWriteThroughput:0
当前玩家的连接数量:0
当前地图的线程个数：10
当前地图的个数:47
当前数据库执行队列数:0
当前发送队列缓存的对象数量:0
totalMemory：542113792, use ：425711616, free ：116402176DirectMemory：1827143680, 恢复 ：1
当前时间 ：2026-08-16 00:02:35send keng：3325, sheng ：4194304
decode keng：18, sheng ：2097152
world keng：5, sheng ：1048576

2026-08-16 00:02:40.213 INFO [pool-6-thread-9][:] - /****************流量统计******************/
LastReadBytes:0
LastReadThroughput:0
LastWrittenBytes:0
LastWriteThroughput:0
RealWrittenBytes:0
RealWriteThroughput:0
当前玩家的连接数量:0
当前地图的线程个数：10
当前地图的个数:47
当前数据库执行队列数:0
当前发送队列缓存的对象数量:0
totalMemory：542113792, use ：430145208, free ：111968584DirectMemory：1827143680, 恢复 ：1
当前时间 ：2026-08-16 00:02:40send keng：3325, sheng ：4194304
decode keng：18, sheng ：2097152
world keng：5, sheng ：1048576

2026-08-16 00:02:45.213 INFO [pool-6-thread-6][:] - /****************流量统计******************/
LastReadBytes:0
LastReadThroughput:0
LastWrittenBytes:0
LastWriteThroughput:0
RealWrittenBytes:0
RealWriteThroughput:0
当前玩家的连接数量:0
当前地图的线程个数：10
当前地图的个数:47
当前数据库执行队列数:0
当前发送队列缓存的对象数量:0
totalMemory：542113792, use ：434759256, free ：107354536DirectMemory：1827143680, 恢复 ：1
当前时间 ：2026-08-16 00:02:45send keng：3325, sheng ：4194304
decode keng：18, sheng ：2097152
world keng：5, sheng ：1048576

2026-08-16 00:02:50.213 INFO [pool-6-thread-7][:] - /****************流量统计******************/
LastReadBytes:0
LastReadThroughput:0
LastWrittenBytes:0
LastWriteThroughput:0
RealWrittenBytes:0
RealWriteThroughput:0
当前玩家的连接数量:0
当前地图的线程个数：10
当前地图的个数:47
当前数据库执行队列数:0
当前发送队列缓存的对象数量:0
totalMemory：542113792, use ：439264704, free ：102849088DirectMemory：1827143680, 恢复 ：1
当前时间 ：2026-08-16 00:02:50send keng：3325, sheng ：4194304
decode keng：18, sheng ：2097152
world keng：5, sheng ：1048576

2026-08-16 00:02:55.213 INFO [pool-6-thread-8][:] - /****************流量统计******************/
LastReadBytes:0
LastReadThroughput:0
LastWrittenBytes:0
LastWriteThroughput:0
RealWrittenBytes:0
RealWriteThroughput:0
当前玩家的连接数量:0
当前地图的线程个数：10
当前地图的个数:47
当前数据库执行队列数:0
当前发送队列缓存的对象数量:0
totalMemory：542113792, use ：443856784, free ：98257008DirectMemory：1827143680, 恢复 ：1
当前时间 ：2026-08-16 00:02:55send keng：3325, sheng ：4194304
decode keng：18, sheng ：2097152
world keng：5, sheng ：1048576

2026-08-16 00:03:00.216 INFO [pool-6-thread-4][:] - /****************流量统计******************/
LastReadBytes:0
LastReadThroughput:0
LastWrittenBytes:0
LastWriteThroughput:0
RealWrittenBytes:0
RealWriteThroughput:0
当前玩家的连接数量:0
当前地图的线程个数：10
当前地图的个数:47
当前数据库执行队列数:0
当前发送队列缓存的对象数量:0
totalMemory：542113792, use ：448620328, free ：93493464DirectMemory：1827143680, 恢复 ：1
当前时间 ：2026-08-16 00:03:00send keng：3325, sheng ：4194304
decode keng：18, sheng ：2097152
world keng：5, sheng ：1048576

2026-08-16 00:03:05.213 INFO [pool-6-thread-7][:] - /****************流量统计******************/
LastReadBytes:0
LastReadThroughput:0
LastWrittenBytes:0
LastWriteThroughput:0
RealWrittenBytes:0
RealWriteThroughput:0
当前玩家的连接数量:0
当前地图的线程个数：10
当前地图的个数:47
当前数据库执行队列数:0
当前发送队列缓存的对象数量:0
totalMemory：542113792, use ：413888688, free ：128225104DirectMemory：1827143680, 恢复 ：1
当前时间 ：2026-08-16 00:03:05send keng：3325, sheng ：4194304
decode keng：18, sheng ：2097152
world keng：5, sheng ：1048576

2026-08-16 00:03:10.213 INFO [pool-6-thread-7][:] - /****************流量统计******************/
LastReadBytes:0
LastReadThroughput:0
LastWrittenBytes:0
LastWriteThroughput:0
RealWrittenBytes:0
RealWriteThroughput:0
当前玩家的连接数量:0
当前地图的线程个数：10
当前地图的个数:47
当前数据库执行队列数:0
当前发送队列缓存的对象数量:0
totalMemory：542113792, use ：418323168, free ：123790624DirectMemory：1827143680, 恢复 ：1
当前时间 ：2026-08-16 00:03:10send keng：3325, sheng ：4194304
decode keng：18, sheng ：2097152
world keng：5, sheng ：1048576

2026-08-16 00:03:15.213 INFO [pool-6-thread-7][:] - /****************流量统计******************/
LastReadBytes:0
LastReadThroughput:0
LastWrittenBytes:0
LastWriteThroughput:0
RealWrittenBytes:0
RealWriteThroughput:0
当前玩家的连接数量:0
当前地图的线程个数：10
当前地图的个数:47
当前数据库执行队列数:0
当前发送队列缓存的对象数量:0
totalMemory：542113792, use ：422962768, free ：119151024DirectMemory：1827143680, 恢复 ：1
当前时间 ：2026-08-16 00:03:15send keng：3325, sheng ：4194304
decode keng：18, sheng ：2097152
world keng：5, sheng ：1048576

2026-08-16 00:03:20.213 INFO [pool-6-thread-3][:] - /****************流量统计******************/
LastReadBytes:0
LastReadThroughput:0
LastWrittenBytes:0
LastWriteThroughput:0
RealWrittenBytes:0
RealWriteThroughput:0
当前玩家的连接数量:0
当前地图的线程个数：10
当前地图的个数:47
当前数据库执行队列数:0
当前发送队列缓存的对象数量:0
totalMemory：542113792, use ：427215608, free ：114898184DirectMemory：1827143680, 恢复 ：1
当前时间 ：2026-08-16 00:03:20send keng：3325, sheng ：4194304
decode keng：18, sheng ：2097152
world keng：5, sheng ：1048576

2026-08-16 00:03:25.213 INFO [pool-6-thread-6][:] - /****************流量统计******************/
LastReadBytes:0
LastReadThroughput:0
LastWrittenBytes:0
LastWriteThroughput:0
RealWrittenBytes:0
RealWriteThroughput:0
当前玩家的连接数量:0
当前地图的线程个数：10
当前地图的个数:47
当前数据库执行队列数:0
当前发送队列缓存的对象数量:0
totalMemory：542113792, use ：431915712, free ：110198080DirectMemory：1827143680, 恢复 ：1
当前时间 ：2026-08-16 00:03:25send keng：3325, sheng ：4194304
decode keng：18, sheng ：2097152
world keng：5, sheng ：1048576

2026-08-16 00:03:30.213 INFO [pool-6-thread-8][:] - /****************流量统计******************/
LastReadBytes:0
LastReadThroughput:0
LastWrittenBytes:0
LastWriteThroughput:0
RealWrittenBytes:0
RealWriteThroughput:0
当前玩家的连接数量:0
当前地图的线程个数：10
当前地图的个数:47
当前数据库执行队列数:0
当前发送队列缓存的对象数量:0
totalMemory：542113792, use ：436439232, free ：105674560DirectMemory：1827143680, 恢复 ：1
当前时间 ：2026-08-16 00:03:30send keng：3325, sheng ：4194304
decode keng：18, sheng ：2097152
world keng：5, sheng ：1048576

2026-08-16 00:03:35.213 INFO [pool-6-thread-3][:] - /****************流量统计******************/
LastReadBytes:0
LastReadThroughput:0
LastWrittenBytes:0
LastWriteThroughput:0
RealWrittenBytes:0
RealWriteThroughput:0
当前玩家的连接数量:0
当前地图的线程个数：10
当前地图的个数:47
当前数据库执行队列数:0
当前发送队列缓存的对象数量:0
totalMemory：542113792, use ：441014192, free ：101099600DirectMemory：1827143680, 恢复 ：1
当前时间 ：2026-08-16 00:03:35send keng：3325, sheng ：4194304
decode keng：18, sheng ：2097152
world keng：5, sheng ：1048576

2026-08-16 00:03:40.213 INFO [pool-6-thread-1][:] - /****************流量统计******************/
LastReadBytes:0
LastReadThroughput:0
LastWrittenBytes:0
LastWriteThroughput:0
RealWrittenBytes:0
RealWriteThroughput:0
当前玩家的连接数量:0
当前地图的线程个数：10
当前地图的个数:47
当前数据库执行队列数:0
当前发送队列缓存的对象数量:0
totalMemory：542113792, use ：445686696, free ：96427096DirectMemory：1827143680, 恢复 ：1
当前时间 ：2026-08-16 00:03:40send keng：3325, sheng ：4194304
decode keng：18, sheng ：2097152
world keng：5, sheng ：1048576

2026-08-16 00:03:45.213 INFO [pool-6-thread-1][:] - /****************流量统计******************/
LastReadBytes:0
LastReadThroughput:0
LastWrittenBytes:0
LastWriteThroughput:0
RealWrittenBytes:0
RealWriteThroughput:0
当前玩家的连接数量:0
当前地图的线程个数：10
当前地图的个数:47
当前数据库执行队列数:0
当前发送队列缓存的对象数量:0
totalMemory：542113792, use ：410868856, free ：131244936DirectMemory：1827143680, 恢复 ：1
当前时间 ：2026-08-16 00:03:45send keng：3325, sheng ：4194304
decode keng：18, sheng ：2097152
world keng：5, sheng ：1048576

2026-08-16 00:03:50.213 INFO [pool-6-thread-3][:] - /****************流量统计******************/
LastReadBytes:0
LastReadThroughput:0
LastWrittenBytes:0
LastWriteThroughput:0
RealWrittenBytes:0
RealWriteThroughput:0
当前玩家的连接数量:0
当前地图的线程个数：10
当前地图的个数:47
当前数据库执行队列数:0
当前发送队列缓存的对象数量:0
totalMemory：542113792, use ：415364912, free ：126748880DirectMemory：1827143680, 恢复 ：1
当前时间 ：2026-08-16 00:03:50send keng：3325, sheng ：4194304
decode keng：18, sheng ：2097152
world keng：5, sheng ：1048576

2026-08-16 00:03:55.213 INFO [pool-6-thread-10][:] - /****************流量统计******************/
LastReadBytes:0
LastReadThroughput:0
LastWrittenBytes:0
LastWriteThroughput:0
RealWrittenBytes:0
RealWriteThroughput:0
当前玩家的连接数量:0
当前地图的线程个数：10
当前地图的个数:47
当前数据库执行队列数:0
当前发送队列缓存的对象数量:0
totalMemory：542113792, use ：420105816, free ：122007976DirectMemory：1827143680, 恢复 ：1
当前时间 ：2026-08-16 00:03:55send keng：3325, sheng ：4194304
decode keng：18, sheng ：2097152
world keng：5, sheng ：1048576

2026-08-16 00:04:00.213 INFO [pool-6-thread-9][:] - /****************流量统计******************/
LastReadBytes:0
LastReadThroughput:0
LastWrittenBytes:0
LastWriteThroughput:0
RealWrittenBytes:0
RealWriteThroughput:0
当前玩家的连接数量:0
当前地图的线程个数：10
当前地图的个数:47
当前数据库执行队列数:0
当前发送队列缓存的对象数量:0
totalMemory：542113792, use ：424523712, free ：117590080DirectMemory：1827143680, 恢复 ：1
当前时间 ：2026-08-16 00:04:00send keng：3325, sheng ：4194304
decode keng：18, sheng ：2097152
world keng：5, sheng ：1048576

2026-08-16 00:04:05.213 INFO [pool-6-thread-4][:] - /****************流量统计******************/
LastReadBytes:0
LastReadThroughput:0
LastWrittenBytes:0
LastWriteThroughput:0
RealWrittenBytes:0
RealWriteThroughput:0
当前玩家的连接数量:0
当前地图的线程个数：10
当前地图的个数:47
当前数据库执行队列数:0
当前发送队列缓存的对象数量:0
totalMemory：542113792, use ：429190040, free ：112923752DirectMemory：1827143680, 恢复 ：1
当前时间 ：2026-08-16 00:04:05send keng：3325, sheng ：4194304
decode keng：18, sheng ：2097152
world keng：5, sheng ：1048576

2026-08-16 00:04:10.213 INFO [pool-6-thread-9][:] - /****************流量统计******************/
LastReadBytes:0
LastReadThroughput:0
LastWrittenBytes:0
LastWriteThroughput:0
RealWrittenBytes:0
RealWriteThroughput:0
当前玩家的连接数量:0
当前地图的线程个数：10
当前地图的个数:47
当前数据库执行队列数:0
当前发送队列缓存的对象数量:0
totalMemory：542113792, use ：433648208, free ：108465584DirectMemory：1827143680, 恢复 ：1
当前时间 ：2026-08-16 00:04:10send keng：3325, sheng ：4194304
decode keng：18, sheng ：2097152
world keng：5, sheng ：1048576

2026-08-16 00:04:15.213 INFO [pool-6-thread-9][:] - /****************流量统计******************/
LastReadBytes:0
LastReadThroughput:0
LastWrittenBytes:0
LastWriteThroughput:0
RealWrittenBytes:0
RealWriteThroughput:0
当前玩家的连接数量:0
当前地图的线程个数：10
当前地图的个数:47
当前数据库执行队列数:0
当前发送队列缓存的对象数量:0
totalMemory：542113792, use ：438362504, free ：103751288DirectMemory：1827143680, 恢复 ：1
当前时间 ：2026-08-16 00:04:15send keng：3325, sheng ：4194304
decode keng：18, sheng ：2097152
world keng：5, sheng ：1048576

2026-08-16 00:04:20.213 INFO [pool-6-thread-1][:] - /****************流量统计******************/
LastReadBytes:0
LastReadThroughput:0
LastWrittenBytes:0
LastWriteThroughput:0
RealWrittenBytes:0
RealWriteThroughput:0
当前玩家的连接数量:0
当前地图的线程个数：10
当前地图的个数:47
当前数据库执行队列数:0
当前发送队列缓存的对象数量:0
totalMemory：542113792, use ：442962680, free ：99151112DirectMemory：1827143680, 恢复 ：1
当前时间 ：2026-08-16 00:04:20send keng：3325, sheng ：4194304
decode keng：18, sheng ：2097152
world keng：5, sheng ：1048576

2026-08-16 00:04:25.213 INFO [pool-6-thread-9][:] - /****************流量统计******************/
LastReadBytes:0
LastReadThroughput:0
LastWrittenBytes:0
LastWriteThroughput:0
RealWrittenBytes:0
RealWriteThroughput:0
当前玩家的连接数量:0
当前地图的线程个数：10
当前地图的个数:47
当前数据库执行队列数:0
当前发送队列缓存的对象数量:0
totalMemory：542113792, use ：447308944, free ：94804848DirectMemory：1827143680, 恢复 ：1
当前时间 ：2026-08-16 00:04:25send keng：3325, sheng ：4194304
decode keng：18, sheng ：2097152
world keng：5, sheng ：1048576

2026-08-16 00:04:30.213 INFO [pool-6-thread-9][:] - /****************流量统计******************/
LastReadBytes:0
LastReadThroughput:0
LastWrittenBytes:0
LastWriteThroughput:0
RealWrittenBytes:0
RealWriteThroughput:0
当前玩家的连接数量:0
当前地图的线程个数：10
当前地图的个数:47
当前数据库执行队列数:0
当前发送队列缓存的对象数量:0
totalMemory：542113792, use ：412351408, free ：129762384DirectMemory：1827143680, 恢复 ：1
当前时间 ：2026-08-16 00:04:30send keng：3325, sheng ：4194304
decode keng：18, sheng ：2097152
world keng：5, sheng ：1048576

2026-08-16 00:04:35.213 INFO [pool-6-thread-2][:] - /****************流量统计******************/
LastReadBytes:0
LastReadThroughput:0
LastWrittenBytes:0
LastWriteThroughput:0
RealWrittenBytes:0
RealWriteThroughput:0
当前玩家的连接数量:0
当前地图的线程个数：10
当前地图的个数:47
当前数据库执行队列数:0
当前发送队列缓存的对象数量:0
totalMemory：542113792, use ：417064216, free ：125049576DirectMemory：1827143680, 恢复 ：1
当前时间 ：2026-08-16 00:04:35send keng：3325, sheng ：4194304
decode keng：18, sheng ：2097152
world keng：5, sheng ：1048576

2026-08-16 00:04:40.213 INFO [pool-6-thread-7][:] - /****************流量统计******************/
LastReadBytes:0
LastReadThroughput:0
LastWrittenBytes:0
LastWriteThroughput:0
RealWrittenBytes:0
RealWriteThroughput:0
当前玩家的连接数量:0
当前地图的线程个数：10
当前地图的个数:47
当前数据库执行队列数:0
当前发送队列缓存的对象数量:0
totalMemory：542113792, use ：421599904, free ：120513888DirectMemory：1827143680, 恢复 ：1
当前时间 ：2026-08-16 00:04:40send keng：3325, sheng ：4194304
decode keng：18, sheng ：2097152
world keng：5, sheng ：1048576

2026-08-16 00:04:45.213 INFO [pool-6-thread-4][:] - /****************流量统计******************/
LastReadBytes:0
LastReadThroughput:0
LastWrittenBytes:0
LastWriteThroughput:0
RealWrittenBytes:0
RealWriteThroughput:0
当前玩家的连接数量:0
当前地图的线程个数：10
当前地图的个数:47
当前数据库执行队列数:0
当前发送队列缓存的对象数量:0
totalMemory：542113792, use ：426177408, free ：115936384DirectMemory：1827143680, 恢复 ：1
当前时间 ：2026-08-16 00:04:45send keng：3325, sheng ：4194304
decode keng：18, sheng ：2097152
world keng：5, sheng ：1048576

2026-08-16 00:04:50.213 INFO [pool-6-thread-7][:] - /****************流量统计******************/
LastReadBytes:0
LastReadThroughput:0
LastWrittenBytes:0
LastWriteThroughput:0
RealWrittenBytes:0
RealWriteThroughput:0
当前玩家的连接数量:0
当前地图的线程个数：10
当前地图的个数:47
当前数据库执行队列数:0
当前发送队列缓存的对象数量:0
totalMemory：542113792, use ：430586176, free ：111527616DirectMemory：1827143680, 恢复 ：1
当前时间 ：2026-08-16 00:04:50send keng：3325, sheng ：4194304
decode keng：18, sheng ：2097152
world keng：5, sheng ：1048576

2026-08-16 00:04:55.213 INFO [pool-6-thread-4][:] - /****************流量统计******************/
LastReadBytes:0
LastReadThroughput:0
LastWrittenBytes:0
LastWriteThroughput:0
RealWrittenBytes:0
RealWriteThroughput:0
当前玩家的连接数量:0
当前地图的线程个数：10
当前地图的个数:47
当前数据库执行队列数:0
当前发送队列缓存的对象数量:0
totalMemory：542113792, use ：435131080, free ：106982712DirectMemory：1827143680, 恢复 ：1
当前时间 ：2026-08-16 00:04:55send keng：3325, sheng ：4194304
decode keng：18, sheng ：2097152
world keng：5, sheng ：1048576

2026-08-16 00:05:00.213 INFO [pool-6-thread-10][:] - /****************流量统计******************/
LastReadBytes:0
LastReadThroughput:0
LastWrittenBytes:0
LastWriteThroughput:0
RealWrittenBytes:0
RealWriteThroughput:0
当前玩家的连接数量:0
当前地图的线程个数：10
当前地图的个数:47
当前数据库执行队列数:0
当前发送队列缓存的对象数量:0
totalMemory：542113792, use ：439900400, free ：102213392DirectMemory：1827143680, 恢复 ：1
当前时间 ：2026-08-16 00:05:00send keng：3325, sheng ：4194304
decode keng：18, sheng ：2097152
world keng：5, sheng ：1048576

2026-08-16 00:05:05.213 INFO [pool-6-thread-5][:] - /****************流量统计******************/
LastReadBytes:0
LastReadThroughput:0
LastWrittenBytes:0
LastWriteThroughput:0
RealWrittenBytes:0
RealWriteThroughput:0
当前玩家的连接数量:0
当前地图的线程个数：10
当前地图的个数:47
当前数据库执行队列数:0
当前发送队列缓存的对象数量:0
totalMemory：542113792, use ：444579936, free ：97533856DirectMemory：1827143680, 恢复 ：1
当前时间 ：2026-08-16 00:05:05send keng：3325, sheng ：4194304
decode keng：18, sheng ：2097152
world keng：5, sheng ：1048576

2026-08-16 00:05:10.213 INFO [pool-6-thread-7][:] - /****************流量统计******************/
LastReadBytes:0
LastReadThroughput:0
LastWrittenBytes:0
LastWriteThroughput:0
RealWrittenBytes:0
RealWriteThroughput:0
当前玩家的连接数量:0
当前地图的线程个数：10
当前地图的个数:47
当前数据库执行队列数:0
当前发送队列缓存的对象数量:0
totalMemory：542113792, use ：449120360, free ：92993432DirectMemory：1827143680, 恢复 ：1
当前时间 ：2026-08-16 00:05:10send keng：3325, sheng ：4194304
decode keng：18, sheng ：2097152
world keng：5, sheng ：1048576

2026-08-16 00:05:15.213 INFO [pool-6-thread-5][:] - /****************流量统计******************/
LastReadBytes:0
LastReadThroughput:0
LastWrittenBytes:0
LastWriteThroughput:0
RealWrittenBytes:0
RealWriteThroughput:0
当前玩家的连接数量:0
当前地图的线程个数：10
当前地图的个数:47
当前数据库执行队列数:0
当前发送队列缓存的对象数量:0
totalMemory：542113792, use ：414242728, free ：127871064DirectMemory：1827143680, 恢复 ：1
当前时间 ：2026-08-16 00:05:15send keng：3325, sheng ：4194304
decode keng：18, sheng ：2097152
world keng：5, sheng ：1048576

2026-08-16 00:05:20.213 INFO [pool-6-thread-4][:] - /****************流量统计******************/
LastReadBytes:0
LastReadThroughput:0
LastWrittenBytes:0
LastWriteThroughput:0
RealWrittenBytes:0
RealWriteThroughput:0
当前玩家的连接数量:0
当前地图的线程个数：10
当前地图的个数:47
当前数据库执行队列数:0
当前发送队列缓存的对象数量:0
totalMemory：542113792, use ：418697488, free ：123416304DirectMemory：1827143680, 恢复 ：1
当前时间 ：2026-08-16 00:05:20send keng：3325, sheng ：4194304
decode keng：18, sheng ：2097152
world keng：5, sheng ：1048576

2026-08-16 00:05:25.213 INFO [pool-6-thread-9][:] - /****************流量统计******************/
LastReadBytes:0
LastReadThroughput:0
LastWrittenBytes:0
LastWriteThroughput:0
RealWrittenBytes:0
RealWriteThroughput:0
当前玩家的连接数量:0
当前地图的线程个数：10
当前地图的个数:47
当前数据库执行队列数:0
当前发送队列缓存的对象数量:0
totalMemory：542113792, use ：423397448, free ：118716344DirectMemory：1827143680, 恢复 ：1
当前时间 ：2026-08-16 00:05:25send keng：3325, sheng ：4194304
decode keng：18, sheng ：2097152
world keng：5, sheng ：1048576

2026-08-16 00:05:30.213 INFO [pool-6-thread-3][:] - /****************流量统计******************/
LastReadBytes:0
LastReadThroughput:0
LastWrittenBytes:0
LastWriteThroughput:0
RealWrittenBytes:0
RealWriteThroughput:0
当前玩家的连接数量:0
当前地图的线程个数：10
当前地图的个数:47
当前数据库执行队列数:0
当前发送队列缓存的对象数量:0
totalMemory：542113792, use ：428056616, free ：114057176DirectMemory：1827143680, 恢复 ：1
当前时间 ：2026-08-16 00:05:30send keng：3325, sheng ：4194304
decode keng：18, sheng ：2097152
world keng：5, sheng ：1048576

2026-08-16 00:05:35.213 INFO [pool-6-thread-10][:] - /****************流量统计******************/
LastReadBytes:0
LastReadThroughput:0
LastWrittenBytes:0
LastWriteThroughput:0
RealWrittenBytes:0
RealWriteThroughput:0
当前玩家的连接数量:0
当前地图的线程个数：10
当前地图的个数:47
当前数据库执行队列数:0
当前发送队列缓存的对象数量:0
totalMemory：542113792, use ：432566064, free ：109547728DirectMemory：1827143680, 恢复 ：1
当前时间 ：2026-08-16 00:05:35send keng：3325, sheng ：4194304
decode keng：18, sheng ：2097152
world keng：5, sheng ：1048576

2026-08-16 00:05:40.213 INFO [pool-6-thread-1][:] - /****************流量统计******************/
LastReadBytes:0
LastReadThroughput:0
LastWrittenBytes:0
LastWriteThroughput:0
RealWrittenBytes:0
RealWriteThroughput:0
当前玩家的连接数量:0
当前地图的线程个数：10
当前地图的个数:47
当前数据库执行队列数:0
当前发送队列缓存的对象数量:0
totalMemory：542113792, use ：437135912, free ：104977880DirectMemory：1827143680, 恢复 ：1
当前时间 ：2026-08-16 00:05:40send keng：3325, sheng ：4194304
decode keng：18, sheng ：2097152
world keng：5, sheng ：1048576

2026-08-16 00:05:45.213 INFO [pool-6-thread-10][:] - /****************流量统计******************/
LastReadBytes:0
LastReadThroughput:0
LastWrittenBytes:0
LastWriteThroughput:0
RealWrittenBytes:0
RealWriteThroughput:0
当前玩家的连接数量:0
当前地图的线程个数：10
当前地图的个数:47
当前数据库执行队列数:0
当前发送队列缓存的对象数量:0
totalMemory：542113792, use ：441447616, free ：100666176DirectMemory：1827143680, 恢复 ：1
当前时间 ：2026-08-16 00:05:45send keng：3325, sheng ：4194304
decode keng：18, sheng ：2097152
world keng：5, sheng ：1048576

2026-08-16 00:05:50.213 INFO [pool-6-thread-6][:] - /****************流量统计******************/
LastReadBytes:0
LastReadThroughput:0
LastWrittenBytes:0
LastWriteThroughput:0
RealWrittenBytes:0
RealWriteThroughput:0
当前玩家的连接数量:0
当前地图的线程个数：10
当前地图的个数:47
当前数据库执行队列数:0
当前发送队列缓存的对象数量:0
totalMemory：542113792, use ：446170272, free ：95943520DirectMemory：1827143680, 恢复 ：1
当前时间 ：2026-08-16 00:05:50send keng：3325, sheng ：4194304
decode keng：18, sheng ：2097152
world keng：5, sheng ：1048576

2026-08-16 00:05:55.213 INFO [pool-6-thread-4][:] - /****************流量统计******************/
LastReadBytes:0
LastReadThroughput:0
LastWrittenBytes:0
LastWriteThroughput:0
RealWrittenBytes:0
RealWriteThroughput:0
当前玩家的连接数量:0
当前地图的线程个数：10
当前地图的个数:47
当前数据库执行队列数:0
当前发送队列缓存的对象数量:0
totalMemory：542113792, use ：411433640, free ：130680152DirectMemory：1827143680, 恢复 ：1
当前时间 ：2026-08-16 00:05:55send keng：3325, sheng ：4194304
decode keng：18, sheng ：2097152
world keng：5, sheng ：1048576

2026-08-16 00:06:00.213 INFO [pool-6-thread-10][:] - /****************流量统计******************/
LastReadBytes:0
LastReadThroughput:0
LastWrittenBytes:0
LastWriteThroughput:0
RealWrittenBytes:0
RealWriteThroughput:0
当前玩家的连接数量:0
当前地图的线程个数：10
当前地图的个数:47
当前数据库执行队列数:0
当前发送队列缓存的对象数量:0
totalMemory：542113792, use ：415842800, free ：126270992DirectMemory：1827143680, 恢复 ：1
当前时间 ：2026-08-16 00:06:00send keng：3325, sheng ：4194304
decode keng：18, sheng ：2097152
world keng：5, sheng ：1048576

2026-08-16 00:06:05.213 INFO [pool-6-thread-9][:] - /****************流量统计******************/
LastReadBytes:0
LastReadThroughput:0
LastWrittenBytes:0
LastWriteThroughput:0
RealWrittenBytes:0
RealWriteThroughput:0
当前玩家的连接数量:0
当前地图的线程个数：10
当前地图的个数:47
当前数据库执行队列数:0
当前发送队列缓存的对象数量:0
totalMemory：542113792, use ：420631136, free ：121482656DirectMemory：1827143680, 恢复 ：1
当前时间 ：2026-08-16 00:06:05send keng：3325, sheng ：4194304
decode keng：18, sheng ：2097152
world keng：5, sheng ：1048576

2026-08-16 00:06:10.213 INFO [pool-6-thread-8][:] - /****************流量统计******************/
LastReadBytes:0
LastReadThroughput:0
LastWrittenBytes:0
LastWriteThroughput:0
RealWrittenBytes:0
RealWriteThroughput:0
当前玩家的连接数量:0
当前地图的线程个数：10
当前地图的个数:47
当前数据库执行队列数:0
当前发送队列缓存的对象数量:0
totalMemory：542113792, use ：425121888, free ：116991904DirectMemory：1827143680, 恢复 ：1
当前时间 ：2026-08-16 00:06:10send keng：3325, sheng ：4194304
decode keng：18, sheng ：2097152
world keng：5, sheng ：1048576

2026-08-16 00:06:15.213 INFO [pool-6-thread-7][:] - /****************流量统计******************/
LastReadBytes:0
LastReadThroughput:0
LastWrittenBytes:0
LastWriteThroughput:0
RealWrittenBytes:0
RealWriteThroughput:0
当前玩家的连接数量:0
当前地图的线程个数：10
当前地图的个数:47
当前数据库执行队列数:0
当前发送队列缓存的对象数量:0
totalMemory：542113792, use ：429870752, free ：112243040DirectMemory：1827143680, 恢复 ：1
当前时间 ：2026-08-16 00:06:15send keng：3325, sheng ：4194304
decode keng：18, sheng ：2097152
world keng：5, sheng ：1048576

2026-08-16 00:06:20.213 INFO [pool-6-thread-10][:] - /****************流量统计******************/
LastReadBytes:0
LastReadThroughput:0
LastWrittenBytes:0
LastWriteThroughput:0
RealWrittenBytes:0
RealWriteThroughput:0
当前玩家的连接数量:0
当前地图的线程个数：10
当前地图的个数:47
当前数据库执行队列数:0
当前发送队列缓存的对象数量:0
totalMemory：542113792, use ：434242008, free ：107871784DirectMemory：1827143680, 恢复 ：1
当前时间 ：2026-08-16 00:06:20send keng：3325, sheng ：4194304
decode keng：18, sheng ：2097152
world keng：5, sheng ：1048576

2026-08-16 00:06:25.213 INFO [pool-6-thread-4][:] - /****************流量统计******************/
LastReadBytes:0
LastReadThroughput:0
LastWrittenBytes:0
LastWriteThroughput:0
RealWrittenBytes:0
RealWriteThroughput:0
当前玩家的连接数量:0
当前地图的线程个数：10
当前地图的个数:47
当前数据库执行队列数:0
当前发送队列缓存的对象数量:0
totalMemory：542113792, use ：438730880, free ：103382912DirectMemory：1827143680, 恢复 ：1
当前时间 ：2026-08-16 00:06:25send keng：3325, sheng ：4194304
decode keng：18, sheng ：2097152
world keng：5, sheng ：1048576

2026-08-16 00:06:30.213 INFO [pool-6-thread-5][:] - /****************流量统计******************/
LastReadBytes:0
LastReadThroughput:0
LastWrittenBytes:0
LastWriteThroughput:0
RealWrittenBytes:0
RealWriteThroughput:0
当前玩家的连接数量:0
当前地图的线程个数：10
当前地图的个数:47
当前数据库执行队列数:0
当前发送队列缓存的对象数量:0
totalMemory：542113792, use ：443486456, free ：98627336DirectMemory：1827143680, 恢复 ：1
当前时间 ：2026-08-16 00:06:30send keng：3325, sheng ：4194304
decode keng：18, sheng ：2097152
world keng：5, sheng ：1048576

2026-08-16 00:06:35.213 INFO [pool-6-thread-10][:] - /****************流量统计******************/
LastReadBytes:0
LastReadThroughput:0
LastWrittenBytes:0
LastWriteThroughput:0
RealWrittenBytes:0
RealWriteThroughput:0
当前玩家的连接数量:0
当前地图的线程个数：10
当前地图的个数:47
当前数据库执行队列数:0
当前发送队列缓存的对象数量:0
totalMemory：542113792, use ：447929440, free ：94184352DirectMemory：1827143680, 恢复 ：1
当前时间 ：2026-08-16 00:06:35send keng：3325, sheng ：4194304
decode keng：18, sheng ：2097152
world keng：5, sheng ：1048576

2026-08-16 00:06:40.213 INFO [pool-6-thread-7][:] - /****************流量统计******************/
LastReadBytes:0
LastReadThroughput:0
LastWrittenBytes:0
LastWriteThroughput:0
RealWrittenBytes:0
RealWriteThroughput:0
当前玩家的连接数量:0
当前地图的线程个数：10
当前地图的个数:47
当前数据库执行队列数:0
当前发送队列缓存的对象数量:0
totalMemory：542113792, use ：413035408, free ：129078384DirectMemory：1827143680, 恢复 ：1
当前时间 ：2026-08-16 00:06:40send keng：3325, sheng ：4194304
decode keng：18, sheng ：2097152
world keng：5, sheng ：1048576

2026-08-16 00:06:45.213 INFO [pool-6-thread-3][:] - /****************流量统计******************/
LastReadBytes:0
LastReadThroughput:0
LastWrittenBytes:0
LastWriteThroughput:0
RealWrittenBytes:0
RealWriteThroughput:0
当前玩家的连接数量:0
当前地图的线程个数：10
当前地图的个数:47
当前数据库执行队列数:0
当前发送队列缓存的对象数量:0
totalMemory：542113792, use ：417742408, free ：124371384DirectMemory：1827143680, 恢复 ：1
当前时间 ：2026-08-16 00:06:45send keng：3325, sheng ：4194304
decode keng：18, sheng ：2097152
world keng：5, sheng ：1048576

2026-08-16 00:06:50.213 INFO [pool-6-thread-8][:] - /****************流量统计******************/
LastReadBytes:0
LastReadThroughput:0
LastWrittenBytes:0
LastWriteThroughput:0
RealWrittenBytes:0
RealWriteThroughput:0
当前玩家的连接数量:0
当前地图的线程个数：10
当前地图的个数:47
当前数据库执行队列数:0
当前发送队列缓存的对象数量:0
totalMemory：542113792, use ：422510456, free ：119603336DirectMemory：1827143680, 恢复 ：1
当前时间 ：2026-08-16 00:06:50send keng：3325, sheng ：4194304
decode keng：18, sheng ：2097152
world keng：5, sheng ：1048576

2026-08-16 00:06:55.213 INFO [pool-6-thread-2][:] - /****************流量统计******************/
LastReadBytes:0
LastReadThroughput:0
LastWrittenBytes:0
LastWriteThroughput:0
RealWrittenBytes:0
RealWriteThroughput:0
当前玩家的连接数量:0
当前地图的线程个数：10
当前地图的个数:47
当前数据库执行队列数:0
当前发送队列缓存的对象数量:0
totalMemory：542113792, use ：426821472, free ：115292320DirectMemory：1827143680, 恢复 ：1
当前时间 ：2026-08-16 00:06:55send keng：3325, sheng ：4194304
decode keng：18, sheng ：2097152
world keng：5, sheng ：1048576

2026-08-16 00:07:00.213 INFO [pool-6-thread-10][:] - /****************流量统计******************/
LastReadBytes:0
LastReadThroughput:0
LastWrittenBytes:0
LastWriteThroughput:0
RealWrittenBytes:0
RealWriteThroughput:0
当前玩家的连接数量:0
当前地图的线程个数：10
当前地图的个数:47
当前数据库执行队列数:0
当前发送队列缓存的对象数量:0
totalMemory：542113792, use ：431466784, free ：110647008DirectMemory：1827143680, 恢复 ：1
当前时间 ：2026-08-16 00:07:00send keng：3325, sheng ：4194304
decode keng：18, sheng ：2097152
world keng：5, sheng ：1048576

2026-08-16 00:07:05.213 INFO [pool-6-thread-8][:] - /****************流量统计******************/
LastReadBytes:0
LastReadThroughput:0
LastWrittenBytes:0
LastWriteThroughput:0
RealWrittenBytes:0
RealWriteThroughput:0
当前玩家的连接数量:0
当前地图的线程个数：10
当前地图的个数:47
当前数据库执行队列数:0
当前发送队列缓存的对象数量:0
totalMemory：542113792, use ：436024968, free ：106088824DirectMemory：1827143680, 恢复 ：1
当前时间 ：2026-08-16 00:07:05send keng：3325, sheng ：4194304
decode keng：18, sheng ：2097152
world keng：5, sheng ：1048576

2026-08-16 00:07:10.213 INFO [pool-6-thread-6][:] - /****************流量统计******************/
LastReadBytes:0
LastReadThroughput:0
LastWrittenBytes:0
LastWriteThroughput:0
RealWrittenBytes:0
RealWriteThroughput:0
当前玩家的连接数量:0
当前地图的线程个数：10
当前地图的个数:47
当前数据库执行队列数:0
当前发送队列缓存的对象数量:0
totalMemory：542113792, use ：440711336, free ：101402456DirectMemory：1827143680, 恢复 ：1
当前时间 ：2026-08-16 00:07:10send keng：3325, sheng ：4194304
decode keng：18, sheng ：2097152
world keng：5, sheng ：1048576

2026-08-16 00:07:15.213 INFO [pool-6-thread-4][:] - /****************流量统计******************/
LastReadBytes:0
LastReadThroughput:0
LastWrittenBytes:0
LastWriteThroughput:0
RealWrittenBytes:0
RealWriteThroughput:0
当前玩家的连接数量:0
当前地图的线程个数：10
当前地图的个数:47
当前数据库执行队列数:0
当前发送队列缓存的对象数量:0
totalMemory：542113792, use ：445225032, free ：96888760DirectMemory：1827143680, 恢复 ：1
当前时间 ：2026-08-16 00:07:15send keng：3325, sheng ：4194304
decode keng：18, sheng ：2097152
world keng：5, sheng ：1048576

2026-08-16 00:07:20.213 INFO [pool-6-thread-7][:] - /****************流量统计******************/
LastReadBytes:0
LastReadThroughput:0
LastWrittenBytes:0
LastWriteThroughput:0
RealWrittenBytes:0
RealWriteThroughput:0
当前玩家的连接数量:0
当前地图的线程个数：10
当前地图的个数:47
当前数据库执行队列数:0
当前发送队列缓存的对象数量:0
totalMemory：542113792, use ：410736064, free ：131377728DirectMemory：1827143680, 恢复 ：1
当前时间 ：2026-08-16 00:07:20send keng：3325, sheng ：4194304
decode keng：18, sheng ：2097152
world keng：5, sheng ：1048576

2026-08-16 00:07:25.213 INFO [pool-6-thread-8][:] - /****************流量统计******************/
LastReadBytes:0
LastReadThroughput:0
LastWrittenBytes:0
LastWriteThroughput:0
RealWrittenBytes:0
RealWriteThroughput:0
当前玩家的连接数量:0
当前地图的线程个数：10
当前地图的个数:47
当前数据库执行队列数:0
当前发送队列缓存的对象数量:0
totalMemory：542113792, use ：414903760, free ：127210032DirectMemory：1827143680, 恢复 ：1
当前时间 ：2026-08-16 00:07:25send keng：3325, sheng ：4194304
decode keng：18, sheng ：2097152
world keng：5, sheng ：1048576

2026-08-16 00:07:30.213 INFO [pool-6-thread-9][:] - /****************流量统计******************/
LastReadBytes:0
LastReadThroughput:0
LastWrittenBytes:0
LastWriteThroughput:0
RealWrittenBytes:0
RealWriteThroughput:0
当前玩家的连接数量:0
当前地图的线程个数：10
当前地图的个数:47
当前数据库执行队列数:0
当前发送队列缓存的对象数量:0
totalMemory：542113792, use ：419692080, free ：122421712DirectMemory：1827143680, 恢复 ：1
当前时间 ：2026-08-16 00:07:30send keng：3325, sheng ：4194304
decode keng：18, sheng ：2097152
world keng：5, sheng ：1048576

2026-08-16 00:07:35.214 INFO [pool-6-thread-10][:] - /****************流量统计******************/
LastReadBytes:0
LastReadThroughput:0
LastWrittenBytes:0
LastWriteThroughput:0
RealWrittenBytes:0
RealWriteThroughput:0
当前玩家的连接数量:0
当前地图的线程个数：10
当前地图的个数:47
当前数据库执行队列数:0
当前发送队列缓存的对象数量:0
totalMemory：542113792, use ：424156952, free ：117956840DirectMemory：1827143680, 恢复 ：1
当前时间 ：2026-08-16 00:07:35send keng：3325, sheng ：4194304
decode keng：18, sheng ：2097152
world keng：5, sheng ：1048576

2026-08-16 00:07:40.213 INFO [pool-6-thread-5][:] - /****************流量统计******************/
LastReadBytes:0
LastReadThroughput:0
LastWrittenBytes:0
LastWriteThroughput:0
RealWrittenBytes:0
RealWriteThroughput:0
当前玩家的连接数量:0
当前地图的线程个数：10
当前地图的个数:47
当前数据库执行队列数:0
当前发送队列缓存的对象数量:0
totalMemory：542113792, use ：428843360, free ：113270432DirectMemory：1827143680, 恢复 ：1
当前时间 ：2026-08-16 00:07:40send keng：3325, sheng ：4194304
decode keng：18, sheng ：2097152
world keng：5, sheng ：1048576

2026-08-16 00:07:45.213 INFO [pool-6-thread-2][:] - /****************流量统计******************/
LastReadBytes:0
LastReadThroughput:0
LastWrittenBytes:0
LastWriteThroughput:0
RealWrittenBytes:0
RealWriteThroughput:0
当前玩家的连接数量:0
当前地图的线程个数：10
当前地图的个数:47
当前数据库执行队列数:0
当前发送队列缓存的对象数量:0
totalMemory：542113792, use ：433279536, free ：108834256DirectMemory：1827143680, 恢复 ：1
当前时间 ：2026-08-16 00:07:45send keng：3325, sheng ：4194304
decode keng：18, sheng ：2097152
world keng：5, sheng ：1048576

2026-08-16 00:07:50.213 INFO [pool-6-thread-1][:] - /****************流量统计******************/
LastReadBytes:0
LastReadThroughput:0
LastWrittenBytes:0
LastWriteThroughput:0
RealWrittenBytes:0
RealWriteThroughput:0
当前玩家的连接数量:0
当前地图的线程个数：10
当前地图的个数:47
当前数据库执行队列数:0
当前发送队列缓存的对象数量:0
totalMemory：542113792, use ：437924472, free ：104189320DirectMemory：1827143680, 恢复 ：1
当前时间 ：2026-08-16 00:07:50send keng：3325, sheng ：4194304
decode keng：18, sheng ：2097152
world keng：5, sheng ：1048576

2026-08-16 00:07:55.213 INFO [pool-6-thread-6][:] - /****************流量统计******************/
LastReadBytes:0
LastReadThroughput:0
LastWrittenBytes:0
LastWriteThroughput:0
RealWrittenBytes:0
RealWriteThroughput:0
当前玩家的连接数量:0
当前地图的线程个数：10
当前地图的个数:47
当前数据库执行队列数:0
当前发送队列缓存的对象数量:0
totalMemory：542113792, use ：442383728, free ：99730064DirectMemory：1827143680, 恢复 ：1
当前时间 ：2026-08-16 00:07:55send keng：3325, sheng ：4194304
decode keng：18, sheng ：2097152
world keng：5, sheng ：1048576

2026-08-16 00:08:00.213 INFO [pool-6-thread-2][:] - /****************流量统计******************/
LastReadBytes:0
LastReadThroughput:0
LastWrittenBytes:0
LastWriteThroughput:0
RealWrittenBytes:0
RealWriteThroughput:0
当前玩家的连接数量:0
当前地图的线程个数：10
当前地图的个数:47
当前数据库执行队列数:0
当前发送队列缓存的对象数量:0
totalMemory：542113792, use ：447044712, free ：95069080DirectMemory：1827143680, 恢复 ：1
当前时间 ：2026-08-16 00:08:00send keng：3325, sheng ：4194304
decode keng：18, sheng ：2097152
world keng：5, sheng ：1048576

2026-08-16 00:08:05.213 INFO [pool-6-thread-4][:] - /****************流量统计******************/
LastReadBytes:0
LastReadThroughput:0
LastWrittenBytes:0
LastWriteThroughput:0
RealWrittenBytes:0
RealWriteThroughput:0
当前玩家的连接数量:0
当前地图的线程个数：10
当前地图的个数:47
当前数据库执行队列数:0
当前发送队列缓存的对象数量:0
totalMemory：542113792, use ：412451552, free ：129662240DirectMemory：1827143680, 恢复 ：1
当前时间 ：2026-08-16 00:08:05send keng：3325, sheng ：4194304
decode keng：18, sheng ：2097152
world keng：5, sheng ：1048576

2026-08-16 00:08:10.213 INFO [pool-6-thread-10][:] - /****************流量统计******************/
LastReadBytes:0
LastReadThroughput:0
LastWrittenBytes:0
LastWriteThroughput:0
RealWrittenBytes:0
RealWriteThroughput:0
当前玩家的连接数量:0
当前地图的线程个数：10
当前地图的个数:47
当前数据库执行队列数:0
当前发送队列缓存的对象数量:0
totalMemory：542113792, use ：417134160, free ：124979632DirectMemory：1827143680, 恢复 ：1
当前时间 ：2026-08-16 00:08:10send keng：3325, sheng ：4194304
decode keng：18, sheng ：2097152
world keng：5, sheng ：1048576

2026-08-16 00:08:15.213 INFO [pool-6-thread-3][:] - /****************流量统计******************/
LastReadBytes:0
LastReadThroughput:0
LastWrittenBytes:0
LastWriteThroughput:0
RealWrittenBytes:0
RealWriteThroughput:0
当前玩家的连接数量:0
当前地图的线程个数：10
当前地图的个数:47
当前数据库执行队列数:0
当前发送队列缓存的对象数量:0
totalMemory：542113792, use ：421559504, free ：120554288DirectMemory：1827143680, 恢复 ：1
当前时间 ：2026-08-16 00:08:15send keng：3325, sheng ：4194304
decode keng：18, sheng ：2097152
world keng：5, sheng ：1048576

2026-08-16 00:08:20.213 INFO [pool-6-thread-6][:] - /****************流量统计******************/
LastReadBytes:0
LastReadThroughput:0
LastWrittenBytes:0
LastWriteThroughput:0
RealWrittenBytes:0
RealWriteThroughput:0
当前玩家的连接数量:0
当前地图的线程个数：10
当前地图的个数:47
当前数据库执行队列数:0
当前发送队列缓存的对象数量:0
totalMemory：542113792, use ：426243144, free ：115870648DirectMemory：1827143680, 恢复 ：1
当前时间 ：2026-08-16 00:08:20send keng：3325, sheng ：4194304
decode keng：18, sheng ：2097152
world keng：5, sheng ：1048576

2026-08-16 00:08:25.213 INFO [pool-6-thread-3][:] - /****************流量统计******************/
LastReadBytes:0
LastReadThroughput:0
LastWrittenBytes:0
LastWriteThroughput:0
RealWrittenBytes:0
RealWriteThroughput:0
当前玩家的连接数量:0
当前地图的线程个数：10
当前地图的个数:47
当前数据库执行队列数:0
当前发送队列缓存的对象数量:0
totalMemory：542113792, use ：430538536, free ：111575256DirectMemory：1827143680, 恢复 ：1
当前时间 ：2026-08-16 00:08:25send keng：3325, sheng ：4194304
decode keng：18, sheng ：2097152
world keng：5, sheng ：1048576

2026-08-16 00:08:30.213 INFO [pool-6-thread-9][:] - /****************流量统计******************/
LastReadBytes:0
LastReadThroughput:0
LastWrittenBytes:0
LastWriteThroughput:0
RealWrittenBytes:0
RealWriteThroughput:0
当前玩家的连接数量:0
当前地图的线程个数：10
当前地图的个数:47
当前数据库执行队列数:0
当前发送队列缓存的对象数量:0
totalMemory：542113792, use ：435281672, free ：106832120DirectMemory：1827143680, 恢复 ：1
当前时间 ：2026-08-16 00:08:30send keng：3325, sheng ：4194304
decode keng：18, sheng ：2097152
world keng：5, sheng ：1048576

2026-08-16 00:08:35.213 INFO [pool-6-thread-5][:] - /****************流量统计******************/
LastReadBytes:0
LastReadThroughput:0
LastWrittenBytes:0
LastWriteThroughput:0
RealWrittenBytes:0
RealWriteThroughput:0
当前玩家的连接数量:0
当前地图的线程个数：10
当前地图的个数:47
当前数据库执行队列数:0
当前发送队列缓存的对象数量:0
totalMemory：542113792, use ：439935496, free ：102178296DirectMemory：1827143680, 恢复 ：1
当前时间 ：2026-08-16 00:08:35send keng：3325, sheng ：4194304
decode keng：18, sheng ：2097152
world keng：5, sheng ：1048576

2026-08-16 00:08:40.213 INFO [pool-6-thread-7][:] - /****************流量统计******************/
LastReadBytes:0
LastReadThroughput:0
LastWrittenBytes:0
LastWriteThroughput:0
RealWrittenBytes:0
RealWriteThroughput:0
当前玩家的连接数量:0
当前地图的线程个数：10
当前地图的个数:47
当前数据库执行队列数:0
当前发送队列缓存的对象数量:0
totalMemory：542113792, use ：444454160, free ：97659632DirectMemory：1827143680, 恢复 ：1
当前时间 ：2026-08-16 00:08:40send keng：3325, sheng ：4194304
decode keng：18, sheng ：2097152
world keng：5, sheng ：1048576

2026-08-16 00:08:45.213 INFO [pool-6-thread-5][:] - /****************流量统计******************/
LastReadBytes:0
LastReadThroughput:0
LastWrittenBytes:0
LastWriteThroughput:0
RealWrittenBytes:0
RealWriteThroughput:0
当前玩家的连接数量:0
当前地图的线程个数：10
当前地图的个数:47
当前数据库执行队列数:0
当前发送队列缓存的对象数量:0
totalMemory：542113792, use ：449181680, free ：92932112DirectMemory：1827143680, 恢复 ：1
当前时间 ：2026-08-16 00:08:45send keng：3325, sheng ：4194304
decode keng：18, sheng ：2097152
world keng：5, sheng ：1048576

2026-08-16 00:08:50.213 INFO [pool-6-thread-9][:] - /****************流量统计******************/
LastReadBytes:0
LastReadThroughput:0
LastWrittenBytes:0
LastWriteThroughput:0
RealWrittenBytes:0
RealWriteThroughput:0
当前玩家的连接数量:0
当前地图的线程个数：10
当前地图的个数:47
当前数据库执行队列数:0
当前发送队列缓存的对象数量:0
totalMemory：542113792, use ：414184544, free ：127929248DirectMemory：1827143680, 恢复 ：1
当前时间 ：2026-08-16 00:08:50send keng：3325, sheng ：4194304
decode keng：18, sheng ：2097152
world keng：5, sheng ：1048576

2026-08-16 00:08:55.213 INFO [pool-6-thread-1][:] - /****************流量统计******************/
LastReadBytes:0
LastReadThroughput:0
LastWrittenBytes:0
LastWriteThroughput:0
RealWrittenBytes:0
RealWriteThroughput:0
当前玩家的连接数量:0
当前地图的线程个数：10
当前地图的个数:47
当前数据库执行队列数:0
当前发送队列缓存的对象数量:0
totalMemory：542113792, use ：418711008, free ：123402784DirectMemory：1827143680, 恢复 ：1
当前时间 ：2026-08-16 00:08:55send keng：3325, sheng ：4194304
decode keng：18, sheng ：2097152
world keng：5, sheng ：1048576

2026-08-16 00:09:00.213 INFO [pool-6-thread-2][:] - /****************流量统计******************/
LastReadBytes:0
LastReadThroughput:0
LastWrittenBytes:0
LastWriteThroughput:0
RealWrittenBytes:0
RealWriteThroughput:0
当前玩家的连接数量:0
当前地图的线程个数：10
当前地图的个数:47
当前数据库执行队列数:0
当前发送队列缓存的对象数量:0
totalMemory：542113792, use ：423490928, free ：118622864DirectMemory：1827143680, 恢复 ：1
当前时间 ：2026-08-16 00:09:00send keng：3325, sheng ：4194304
decode keng：18, sheng ：2097152
world keng：5, sheng ：1048576

2026-08-16 00:09:05.213 INFO [pool-6-thread-6][:] - /****************流量统计******************/
LastReadBytes:0
LastReadThroughput:0
LastWrittenBytes:0
LastWriteThroughput:0
RealWrittenBytes:0
RealWriteThroughput:0
当前玩家的连接数量:0
当前地图的线程个数：10
当前地图的个数:47
当前数据库执行队列数:0
当前发送队列缓存的对象数量:0
totalMemory：542113792, use ：428163176, free ：113950616DirectMemory：1827143680, 恢复 ：1
当前时间 ：2026-08-16 00:09:05send keng：3325, sheng ：4194304
decode keng：18, sheng ：2097152
world keng：5, sheng ：1048576

2026-08-16 00:09:10.213 INFO [pool-6-thread-6][:] - /****************流量统计******************/
LastReadBytes:0
LastReadThroughput:0
LastWrittenBytes:0
LastWriteThroughput:0
RealWrittenBytes:0
RealWriteThroughput:0
当前玩家的连接数量:0
当前地图的线程个数：10
当前地图的个数:47
当前数据库执行队列数:0
当前发送队列缓存的对象数量:0
totalMemory：542113792, use ：432736032, free ：109377760DirectMemory：1827143680, 恢复 ：1
当前时间 ：2026-08-16 00:09:10send keng：3325, sheng ：4194304
decode keng：18, sheng ：2097152
world keng：5, sheng ：1048576

2026-08-16 00:09:15.214 INFO [pool-6-thread-9][:] - /****************流量统计******************/
LastReadBytes:0
LastReadThroughput:0
LastWrittenBytes:0
LastWriteThroughput:0
RealWrittenBytes:0
RealWriteThroughput:0
当前玩家的连接数量:0
当前地图的线程个数：10
当前地图的个数:47
当前数据库执行队列数:0
当前发送队列缓存的对象数量:0
totalMemory：542113792, use ：437254472, free ：104859320DirectMemory：1827143680, 恢复 ：1
当前时间 ：2026-08-16 00:09:15send keng：3325, sheng ：4194304
decode keng：18, sheng ：2097152
world keng：5, sheng ：1048576

2026-08-16 00:09:20.213 INFO [pool-6-thread-6][:] - /****************流量统计******************/
LastReadBytes:0
LastReadThroughput:0
LastWrittenBytes:0
LastWriteThroughput:0
RealWrittenBytes:0
RealWriteThroughput:0
当前玩家的连接数量:0
当前地图的线程个数：10
当前地图的个数:47
当前数据库执行队列数:0
当前发送队列缓存的对象数量:0
totalMemory：542113792, use ：441655568, free ：100458224DirectMemory：1827143680, 恢复 ：1
当前时间 ：2026-08-16 00:09:20send keng：3325, sheng ：4194304
decode keng：18, sheng ：2097152
world keng：5, sheng ：1048576

2026-08-16 00:09:25.213 INFO [pool-6-thread-3][:] - /****************流量统计******************/
LastReadBytes:0
LastReadThroughput:0
LastWrittenBytes:0
LastWriteThroughput:0
RealWrittenBytes:0
RealWriteThroughput:0
当前玩家的连接数量:0
当前地图的线程个数：10
当前地图的个数:47
当前数据库执行队列数:0
当前发送队列缓存的对象数量:0
totalMemory：542113792, use ：446435952, free ：95677840DirectMemory：1827143680, 恢复 ：1
当前时间 ：2026-08-16 00:09:25send keng：3325, sheng ：4194304
decode keng：18, sheng ：2097152
world keng：5, sheng ：1048576

2026-08-16 00:09:30.213 INFO [pool-6-thread-6][:] - /****************流量统计******************/
LastReadBytes:0
LastReadThroughput:0
LastWrittenBytes:0
LastWriteThroughput:0
RealWrittenBytes:0
RealWriteThroughput:0
当前玩家的连接数量:0
当前地图的线程个数：10
当前地图的个数:47
当前数据库执行队列数:0
当前发送队列缓存的对象数量:0
totalMemory：542113792, use ：411657584, free ：130456208DirectMemory：1827143680, 恢复 ：1
当前时间 ：2026-08-16 00:09:30send keng：3325, sheng ：4194304
decode keng：18, sheng ：2097152
world keng：5, sheng ：1048576

2026-08-16 00:09:35.213 INFO [pool-6-thread-7][:] - /****************流量统计******************/
LastReadBytes:0
LastReadThroughput:0
LastWrittenBytes:0
LastWriteThroughput:0
RealWrittenBytes:0
RealWriteThroughput:0
当前玩家的连接数量:0
当前地图的线程个数：10
当前地图的个数:47
当前数据库执行队列数:0
当前发送队列缓存的对象数量:0
totalMemory：542113792, use ：416068936, free ：126044856DirectMemory：1827143680, 恢复 ：1
当前时间 ：2026-08-16 00:09:35send keng：3325, sheng ：4194304
decode keng：18, sheng ：2097152
world keng：5, sheng ：1048576

2026-08-16 00:09:40.213 INFO [pool-6-thread-10][:] - /****************流量统计******************/
LastReadBytes:0
LastReadThroughput:0
LastWrittenBytes:0
LastWriteThroughput:0
RealWrittenBytes:0
RealWriteThroughput:0
当前玩家的连接数量:0
当前地图的线程个数：10
当前地图的个数:47
当前数据库执行队列数:0
当前发送队列缓存的对象数量:0
totalMemory：542113792, use ：420869936, free ：121243856DirectMemory：1827143680, 恢复 ：1
当前时间 ：2026-08-16 00:09:40send keng：3325, sheng ：4194304
decode keng：18, sheng ：2097152
world keng：5, sheng ：1048576

2026-08-16 00:09:45.213 INFO [pool-6-thread-2][:] - /****************流量统计******************/
LastReadBytes:0
LastReadThroughput:0
LastWrittenBytes:0
LastWriteThroughput:0
RealWrittenBytes:0
RealWriteThroughput:0
当前玩家的连接数量:0
当前地图的线程个数：10
当前地图的个数:47
当前数据库执行队列数:0
当前发送队列缓存的对象数量:0
totalMemory：542113792, use ：425259032, free ：116854760DirectMemory：1827143680, 恢复 ：1
当前时间 ：2026-08-16 00:09:45send keng：3325, sheng ：4194304
decode keng：18, sheng ：2097152
world keng：5, sheng ：1048576

2026-08-16 00:09:50.213 INFO [pool-6-thread-5][:] - /****************流量统计******************/
LastReadBytes:0
LastReadThroughput:0
LastWrittenBytes:0
LastWriteThroughput:0
RealWrittenBytes:0
RealWriteThroughput:0
当前玩家的连接数量:0
当前地图的线程个数：10
当前地图的个数:47
当前数据库执行队列数:0
当前发送队列缓存的对象数量:0
totalMemory：542113792, use ：429753200, free ：112360592DirectMemory：1827143680, 恢复 ：1
当前时间 ：2026-08-16 00:09:50send keng：3325, sheng ：4194304
decode keng：18, sheng ：2097152
world keng：5, sheng ：1048576

2026-08-16 00:09:55.213 INFO [pool-6-thread-10][:] - /****************流量统计******************/
LastReadBytes:0
LastReadThroughput:0
LastWrittenBytes:0
LastWriteThroughput:0
RealWrittenBytes:0
RealWriteThroughput:0
当前玩家的连接数量:0
当前地图的线程个数：10
当前地图的个数:47
当前数据库执行队列数:0
当前发送队列缓存的对象数量:0
totalMemory：542113792, use ：434465264, free ：107648528DirectMemory：1827143680, 恢复 ：1
当前时间 ：2026-08-16 00:09:55send keng：3325, sheng ：4194304
decode keng：18, sheng ：2097152
world keng：5, sheng ：1048576

2026-08-16 00:10:00.213 INFO [pool-6-thread-4][:] - /****************流量统计******************/
LastReadBytes:0
LastReadThroughput:0
LastWrittenBytes:0
LastWriteThroughput:0
RealWrittenBytes:0
RealWriteThroughput:0
当前玩家的连接数量:0
当前地图的线程个数：10
当前地图的个数:47
当前数据库执行队列数:0
当前发送队列缓存的对象数量:0
totalMemory：542113792, use ：439022952, free ：103090840DirectMemory：1827143680, 恢复 ：1
当前时间 ：2026-08-16 00:10:00send keng：3325, sheng ：4194304
decode keng：18, sheng ：2097152
world keng：5, sheng ：1048576

2026-08-16 00:10:05.213 INFO [pool-6-thread-9][:] - /****************流量统计******************/
LastReadBytes:0
LastReadThroughput:0
LastWrittenBytes:0
LastWriteThroughput:0
RealWrittenBytes:0
RealWriteThroughput:0
当前玩家的连接数量:0
当前地图的线程个数：10
当前地图的个数:47
当前数据库执行队列数:0
当前发送队列缓存的对象数量:0
totalMemory：542113792, use ：443882440, free ：98231352DirectMemory：1827143680, 恢复 ：1
当前时间 ：2026-08-16 00:10:05send keng：3325, sheng ：4194304
decode keng：18, sheng ：2097152
world keng：5, sheng ：1048576

2026-08-16 00:10:10.213 INFO [pool-6-thread-2][:] - /****************流量统计******************/
LastReadBytes:0
LastReadThroughput:0
LastWrittenBytes:0
LastWriteThroughput:0
RealWrittenBytes:0
RealWriteThroughput:0
当前玩家的连接数量:0
当前地图的线程个数：10
当前地图的个数:47
当前数据库执行队列数:0
当前发送队列缓存的对象数量:0
totalMemory：542113792, use ：448211056, free ：93902736DirectMemory：1827143680, 恢复 ：1
当前时间 ：2026-08-16 00:10:10send keng：3325, sheng ：4194304
decode keng：18, sheng ：2097152
world keng：5, sheng ：1048576

2026-08-16 00:10:15.213 INFO [pool-6-thread-2][:] - /****************流量统计******************/
LastReadBytes:0
LastReadThroughput:0
LastWrittenBytes:0
LastWriteThroughput:0
RealWrittenBytes:0
RealWriteThroughput:0
当前玩家的连接数量:0
当前地图的线程个数：10
当前地图的个数:47
当前数据库执行队列数:0
当前发送队列缓存的对象数量:0
totalMemory：542113792, use ：413810832, free ：128302960DirectMemory：1827143680, 恢复 ：1
当前时间 ：2026-08-16 00:10:15send keng：3325, sheng ：4194304
decode keng：18, sheng ：2097152
world keng：5, sheng ：1048576

2026-08-16 00:10:20.213 INFO [pool-6-thread-5][:] - /****************流量统计******************/
LastReadBytes:0
LastReadThroughput:0
LastWrittenBytes:0
LastWriteThroughput:0
RealWrittenBytes:0
RealWriteThroughput:0
当前玩家的连接数量:0
当前地图的线程个数：10
当前地图的个数:47
当前数据库执行队列数:0
当前发送队列缓存的对象数量:0
totalMemory：542113792, use ：418063088, free ：124050704DirectMemory：1827143680, 恢复 ：1
当前时间 ：2026-08-16 00:10:20send keng：3325, sheng ：4194304
decode keng：18, sheng ：2097152
world keng：5, sheng ：1048576

2026-08-16 00:10:25.213 INFO [pool-6-thread-8][:] - /****************流量统计******************/
LastReadBytes:0
LastReadThroughput:0
LastWrittenBytes:0
LastWriteThroughput:0
RealWrittenBytes:0
RealWriteThroughput:0
当前玩家的连接数量:0
当前地图的线程个数：10
当前地图的个数:47
当前数据库执行队列数:0
当前发送队列缓存的对象数量:0
totalMemory：542113792, use ：422728824, free ：119384968DirectMemory：1827143680, 恢复 ：1
当前时间 ：2026-08-16 00:10:25send keng：3325, sheng ：4194304
decode keng：18, sheng ：2097152
world keng：5, sheng ：1048576

2026-08-16 00:10:30.213 INFO [pool-6-thread-2][:] - /****************流量统计******************/
LastReadBytes:0
LastReadThroughput:0
LastWrittenBytes:0
LastWriteThroughput:0
RealWrittenBytes:0
RealWriteThroughput:0
当前玩家的连接数量:0
当前地图的线程个数：10
当前地图的个数:47
当前数据库执行队列数:0
当前发送队列缓存的对象数量:0
totalMemory：542113792, use ：427228752, free ：114885040DirectMemory：1827143680, 恢复 ：1
当前时间 ：2026-08-16 00:10:30send keng：3325, sheng ：4194304
decode keng：18, sheng ：2097152
world keng：5, sheng ：1048576

2026-08-16 00:10:35.213 INFO [pool-6-thread-7][:] - /****************流量统计******************/
LastReadBytes:0
LastReadThroughput:0
LastWrittenBytes:0
LastWriteThroughput:0
RealWrittenBytes:0
RealWriteThroughput:0
当前玩家的连接数量:0
当前地图的线程个数：10
当前地图的个数:47
当前数据库执行队列数:0
当前发送队列缓存的对象数量:0
totalMemory：542113792, use ：431947896, free ：110165896DirectMemory：1827143680, 恢复 ：1
当前时间 ：2026-08-16 00:10:35send keng：3325, sheng ：4194304
decode keng：18, sheng ：2097152
world keng：5, sheng ：1048576

2026-08-16 00:10:40.213 INFO [pool-6-thread-8][:] - /****************流量统计******************/
LastReadBytes:0
LastReadThroughput:0
LastWrittenBytes:0
LastWriteThroughput:0
RealWrittenBytes:0
RealWriteThroughput:0
当前玩家的连接数量:0
当前地图的线程个数：10
当前地图的个数:47
当前数据库执行队列数:0
当前发送队列缓存的对象数量:0
totalMemory：542113792, use ：436420440, free ：105693352DirectMemory：1827143680, 恢复 ：1
当前时间 ：2026-08-16 00:10:40send keng：3325, sheng ：4194304
decode keng：18, sheng ：2097152
world keng：5, sheng ：1048576

2026-08-16 00:10:45.213 INFO [pool-6-thread-1][:] - /****************流量统计******************/
LastReadBytes:0
LastReadThroughput:0
LastWrittenBytes:0
LastWriteThroughput:0
RealWrittenBytes:0
RealWriteThroughput:0
当前玩家的连接数量:0
当前地图的线程个数：10
当前地图的个数:47
当前数据库执行队列数:0
当前发送队列缓存的对象数量:0
totalMemory：542113792, use ：440926192, free ：101187600DirectMemory：1827143680, 恢复 ：1
当前时间 ：2026-08-16 00:10:45send keng：3325, sheng ：4194304
decode keng：18, sheng ：2097152
world keng：5, sheng ：1048576

2026-08-16 00:10:50.213 INFO [pool-6-thread-9][:] - /****************流量统计******************/
LastReadBytes:0
LastReadThroughput:0
LastWrittenBytes:0
LastWriteThroughput:0
RealWrittenBytes:0
RealWriteThroughput:0
当前玩家的连接数量:0
当前地图的线程个数：10
当前地图的个数:47
当前数据库执行队列数:0
当前发送队列缓存的对象数量:0
totalMemory：542113792, use ：445369376, free ：96744416DirectMemory：1827143680, 恢复 ：1
当前时间 ：2026-08-16 00:10:50send keng：3325, sheng ：4194304
decode keng：18, sheng ：2097152
world keng：5, sheng ：1048576

2026-08-16 00:10:55.213 INFO [pool-6-thread-7][:] - /****************流量统计******************/
LastReadBytes:0
LastReadThroughput:0
LastWrittenBytes:0
LastWriteThroughput:0
RealWrittenBytes:0
RealWriteThroughput:0
当前玩家的连接数量:0
当前地图的线程个数：10
当前地图的个数:47
当前数据库执行队列数:0
当前发送队列缓存的对象数量:0
totalMemory：542113792, use ：410996304, free ：131117488DirectMemory：1827143680, 恢复 ：1
当前时间 ：2026-08-16 00:10:55send keng：3325, sheng ：4194304
decode keng：18, sheng ：2097152
world keng：5, sheng ：1048576

2026-08-16 00:11:00.213 INFO [pool-6-thread-3][:] - /****************流量统计******************/
LastReadBytes:0
LastReadThroughput:0
LastWrittenBytes:0
LastWriteThroughput:0
RealWrittenBytes:0
RealWriteThroughput:0
当前玩家的连接数量:0
当前地图的线程个数：10
当前地图的个数:47
当前数据库执行队列数:0
当前发送队列缓存的对象数量:0
totalMemory：542113792, use ：415467216, free ：126646576DirectMemory：1827143680, 恢复 ：1
当前时间 ：2026-08-16 00:11:00send keng：3325, sheng ：4194304
decode keng：18, sheng ：2097152
world keng：5, sheng ：1048576

2026-08-16 00:11:05.213 INFO [pool-6-thread-9][:] - /****************流量统计******************/
LastReadBytes:0
LastReadThroughput:0
LastWrittenBytes:0
LastWriteThroughput:0
RealWrittenBytes:0
RealWriteThroughput:0
当前玩家的连接数量:0
当前地图的线程个数：10
当前地图的个数:47
当前数据库执行队列数:0
当前发送队列缓存的对象数量:0
totalMemory：542113792, use ：420296104, free ：121817688DirectMemory：1827143680, 恢复 ：1
当前时间 ：2026-08-16 00:11:05send keng：3325, sheng ：4194304
decode keng：18, sheng ：2097152
world keng：5, sheng ：1048576

2026-08-16 00:11:10.213 INFO [pool-6-thread-4][:] - /****************流量统计******************/
LastReadBytes:0
LastReadThroughput:0
LastWrittenBytes:0
LastWriteThroughput:0
RealWrittenBytes:0
RealWriteThroughput:0
当前玩家的连接数量:0
当前地图的线程个数：10
当前地图的个数:47
当前数据库执行队列数:0
当前发送队列缓存的对象数量:0
totalMemory：542113792, use ：424541968, free ：117571824DirectMemory：1827143680, 恢复 ：1
当前时间 ：2026-08-16 00:11:10send keng：3325, sheng ：4194304
decode keng：18, sheng ：2097152
world keng：5, sheng ：1048576

2026-08-16 00:11:15.213 INFO [pool-6-thread-2][:] - /****************流量统计******************/
LastReadBytes:0
LastReadThroughput:0
LastWrittenBytes:0
LastWriteThroughput:0
RealWrittenBytes:0
RealWriteThroughput:0
当前玩家的连接数量:0
当前地图的线程个数：10
当前地图的个数:47
当前数据库执行队列数:0
当前发送队列缓存的对象数量:0
totalMemory：542113792, use ：429287712, free ：112826080DirectMemory：1827143680, 恢复 ：1
当前时间 ：2026-08-16 00:11:15send keng：3325, sheng ：4194304
decode keng：18, sheng ：2097152
world keng：5, sheng ：1048576

2026-08-16 00:11:20.213 INFO [pool-6-thread-10][:] - /****************流量统计******************/
LastReadBytes:0
LastReadThroughput:0
LastWrittenBytes:0
LastWriteThroughput:0
RealWrittenBytes:0
RealWriteThroughput:0
当前玩家的连接数量:0
当前地图的线程个数：10
当前地图的个数:47
当前数据库执行队列数:0
当前发送队列缓存的对象数量:0
totalMemory：542113792, use ：433619680, free ：108494112DirectMemory：1827143680, 恢复 ：1
当前时间 ：2026-08-16 00:11:20send keng：3325, sheng ：4194304
decode keng：18, sheng ：2097152
world keng：5, sheng ：1048576

2026-08-16 00:11:25.213 INFO [pool-6-thread-7][:] - /****************流量统计******************/
LastReadBytes:0
LastReadThroughput:0
LastWrittenBytes:0
LastWriteThroughput:0
RealWrittenBytes:0
RealWriteThroughput:0
当前玩家的连接数量:0
当前地图的线程个数：10
当前地图的个数:47
当前数据库执行队列数:0
当前发送队列缓存的对象数量:0
totalMemory：542113792, use ：438470144, free ：103643648DirectMemory：1827143680, 恢复 ：1
当前时间 ：2026-08-16 00:11:25send keng：3325, sheng ：4194304
decode keng：18, sheng ：2097152
world keng：5, sheng ：1048576

2026-08-16 00:11:30.213 INFO [pool-6-thread-6][:] - /****************流量统计******************/
LastReadBytes:0
LastReadThroughput:0
LastWrittenBytes:0
LastWriteThroughput:0
RealWrittenBytes:0
RealWriteThroughput:0
当前玩家的连接数量:0
当前地图的线程个数：10
当前地图的个数:47
当前数据库执行队列数:0
当前发送队列缓存的对象数量:0
totalMemory：542113792, use ：443018216, free ：99095576DirectMemory：1827143680, 恢复 ：1
当前时间 ：2026-08-16 00:11:30send keng：3325, sheng ：4194304
decode keng：18, sheng ：2097152
world keng：5, sheng ：1048576

2026-08-16 00:11:35.213 INFO [pool-6-thread-1][:] - /****************流量统计******************/
LastReadBytes:0
LastReadThroughput:0
LastWrittenBytes:0
LastWriteThroughput:0
RealWrittenBytes:0
RealWriteThroughput:0
当前玩家的连接数量:0
当前地图的线程个数：10
当前地图的个数:47
当前数据库执行队列数:0
当前发送队列缓存的对象数量:0
totalMemory：542113792, use ：447480992, free ：94632800DirectMemory：1827143680, 恢复 ：1
当前时间 ：2026-08-16 00:11:35send keng：3325, sheng ：4194304
decode keng：18, sheng ：2097152
world keng：5, sheng ：1048576

2026-08-16 00:11:40.213 INFO [pool-6-thread-1][:] - /****************流量统计******************/
LastReadBytes:0
LastReadThroughput:0
LastWrittenBytes:0
LastWriteThroughput:0
RealWrittenBytes:0
RealWriteThroughput:0
当前玩家的连接数量:0
当前地图的线程个数：10
当前地图的个数:47
当前数据库执行队列数:0
当前发送队列缓存的对象数量:0
totalMemory：542113792, use ：412535672, free ：129578120DirectMemory：1827143680, 恢复 ：1
当前时间 ：2026-08-16 00:11:40send keng：3325, sheng ：4194304
decode keng：18, sheng ：2097152
world keng：5, sheng ：1048576

2026-08-16 00:11:45.213 INFO [pool-6-thread-9][:] - /****************流量统计******************/
LastReadBytes:0
LastReadThroughput:0
LastWrittenBytes:0
LastWriteThroughput:0
RealWrittenBytes:0
RealWriteThroughput:0
当前玩家的连接数量:0
当前地图的线程个数：10
当前地图的个数:47
当前数据库执行队列数:0
当前发送队列缓存的对象数量:0
totalMemory：542113792, use ：417261016, free ：124852776DirectMemory：1827143680, 恢复 ：1
当前时间 ：2026-08-16 00:11:45send keng：3325, sheng ：4194304
decode keng：18, sheng ：2097152
world keng：5, sheng ：1048576

2026-08-16 00:11:50.213 INFO [pool-6-thread-9][:] - /****************流量统计******************/
LastReadBytes:0
LastReadThroughput:0
LastWrittenBytes:0
LastWriteThroughput:0
RealWrittenBytes:0
RealWriteThroughput:0
当前玩家的连接数量:0
当前地图的线程个数：10
当前地图的个数:47
当前数据库执行队列数:0
当前发送队列缓存的对象数量:0
totalMemory：542113792, use ：421773920, free ：120339872DirectMemory：1827143680, 恢复 ：1
当前时间 ：2026-08-16 00:11:50send keng：3325, sheng ：4194304
decode keng：18, sheng ：2097152
world keng：5, sheng ：1048576

2026-08-16 00:11:55.213 INFO [pool-6-thread-6][:] - /****************流量统计******************/
LastReadBytes:0
LastReadThroughput:0
LastWrittenBytes:0
LastWriteThroughput:0
RealWrittenBytes:0
RealWriteThroughput:0
当前玩家的连接数量:0
当前地图的线程个数：10
当前地图的个数:47
当前数据库执行队列数:0
当前发送队列缓存的对象数量:0
totalMemory：542113792, use ：426488448, free ：115625344DirectMemory：1827143680, 恢复 ：1
当前时间 ：2026-08-16 00:11:55send keng：3325, sheng ：4194304
decode keng：18, sheng ：2097152
world keng：5, sheng ：1048576

2026-08-16 00:12:00.213 INFO [pool-6-thread-10][:] - /****************流量统计******************/
LastReadBytes:0
LastReadThroughput:0
LastWrittenBytes:0
LastWriteThroughput:0
RealWrittenBytes:0
RealWriteThroughput:0
当前玩家的连接数量:0
当前地图的线程个数：10
当前地图的个数:47
当前数据库执行队列数:0
当前发送队列缓存的对象数量:0
totalMemory：542113792, use ：431155192, free ：110958600DirectMemory：1827143680, 恢复 ：1
当前时间 ：2026-08-16 00:12:00send keng：3325, sheng ：4194304
decode keng：18, sheng ：2097152
world keng：5, sheng ：1048576

2026-08-16 00:12:05.213 INFO [pool-6-thread-8][:] - /****************流量统计******************/
LastReadBytes:0
LastReadThroughput:0
LastWrittenBytes:0
LastWriteThroughput:0
RealWrittenBytes:0
RealWriteThroughput:0
当前玩家的连接数量:0
当前地图的线程个数：10
当前地图的个数:47
当前数据库执行队列数:0
当前发送队列缓存的对象数量:0
totalMemory：542113792, use ：435798328, free ：106315464DirectMemory：1827143680, 恢复 ：1
当前时间 ：2026-08-16 00:12:05send keng：3325, sheng ：4194304
decode keng：18, sheng ：2097152
world keng：5, sheng ：1048576

2026-08-16 00:12:10.213 INFO [pool-6-thread-5][:] - /****************流量统计******************/
LastReadBytes:0
LastReadThroughput:0
LastWrittenBytes:0
LastWriteThroughput:0
RealWrittenBytes:0
RealWriteThroughput:0
当前玩家的连接数量:0
当前地图的线程个数：10
当前地图的个数:47
当前数据库执行队列数:0
当前发送队列缓存的对象数量:0
totalMemory：542113792, use ：440332608, free ：101781184DirectMemory：1827143680, 恢复 ：1
当前时间 ：2026-08-16 00:12:10send keng：3325, sheng ：4194304
decode keng：18, sheng ：2097152
world keng：5, sheng ：1048576

2026-08-16 00:12:15.213 INFO [pool-6-thread-2][:] - /****************流量统计******************/
LastReadBytes:0
LastReadThroughput:0
LastWrittenBytes:0
LastWriteThroughput:0
RealWrittenBytes:0
RealWriteThroughput:0
当前玩家的连接数量:0
当前地图的线程个数：10
当前地图的个数:47
当前数据库执行队列数:0
当前发送队列缓存的对象数量:0
totalMemory：542113792, use ：444848320, free ：97265472DirectMemory：1827143680, 恢复 ：1
当前时间 ：2026-08-16 00:12:15send keng：3325, sheng ：4194304
decode keng：18, sheng ：2097152
world keng：5, sheng ：1048576

2026-08-16 00:12:20.213 INFO [pool-6-thread-5][:] - /****************流量统计******************/
LastReadBytes:0
LastReadThroughput:0
LastWrittenBytes:0
LastWriteThroughput:0
RealWrittenBytes:0
RealWriteThroughput:0
当前玩家的连接数量:0
当前地图的线程个数：10
当前地图的个数:47
当前数据库执行队列数:0
当前发送队列缓存的对象数量:0
totalMemory：542113792, use ：449594064, free ：92519728DirectMemory：1827143680, 恢复 ：1
当前时间 ：2026-08-16 00:12:20send keng：3325, sheng ：4194304
decode keng：18, sheng ：2097152
world keng：5, sheng ：1048576

2026-08-16 00:12:25.213 INFO [pool-6-thread-8][:] - /****************流量统计******************/
LastReadBytes:0
LastReadThroughput:0
LastWrittenBytes:0
LastWriteThroughput:0
RealWrittenBytes:0
RealWriteThroughput:0
当前玩家的连接数量:0
当前地图的线程个数：10
当前地图的个数:47
当前数据库执行队列数:0
当前发送队列缓存的对象数量:0
totalMemory：542113792, use ：414752984, free ：127360808DirectMemory：1827143680, 恢复 ：1
当前时间 ：2026-08-16 00:12:25send keng：3325, sheng ：4194304
decode keng：18, sheng ：2097152
world keng：5, sheng ：1048576

2026-08-16 00:12:30.213 INFO [pool-6-thread-8][:] - /****************流量统计******************/
LastReadBytes:0
LastReadThroughput:0
LastWrittenBytes:0
LastWriteThroughput:0
RealWrittenBytes:0
RealWriteThroughput:0
当前玩家的连接数量:0
当前地图的线程个数：10
当前地图的个数:47
当前数据库执行队列数:0
当前发送队列缓存的对象数量:0
totalMemory：542113792, use ：419200896, free ：122912896DirectMemory：1827143680, 恢复 ：1
当前时间 ：2026-08-16 00:12:30send keng：3325, sheng ：4194304
decode keng：18, sheng ：2097152
world keng：5, sheng ：1048576

2026-08-16 00:12:35.213 INFO [pool-6-thread-7][:] - /****************流量统计******************/
LastReadBytes:0
LastReadThroughput:0
LastWrittenBytes:0
LastWriteThroughput:0
RealWrittenBytes:0
RealWriteThroughput:0
当前玩家的连接数量:0
当前地图的线程个数：10
当前地图的个数:47
当前数据库执行队列数:0
当前发送队列缓存的对象数量:0
totalMemory：542113792, use ：423694016, free ：118419776DirectMemory：1827143680, 恢复 ：1
当前时间 ：2026-08-16 00:12:35send keng：3325, sheng ：4194304
decode keng：18, sheng ：2097152
world keng：5, sheng ：1048576

2026-08-16 00:12:40.213 INFO [pool-6-thread-2][:] - /****************流量统计******************/
LastReadBytes:0
LastReadThroughput:0
LastWrittenBytes:0
LastWriteThroughput:0
RealWrittenBytes:0
RealWriteThroughput:0
当前玩家的连接数量:0
当前地图的线程个数：10
当前地图的个数:47
当前数据库执行队列数:0
当前发送队列缓存的对象数量:0
totalMemory：542113792, use ：428269928, free ：113843864DirectMemory：1827143680, 恢复 ：1
当前时间 ：2026-08-16 00:12:40send keng：3325, sheng ：4194304
decode keng：18, sheng ：2097152
world keng：5, sheng ：1048576

2026-08-16 00:12:45.213 INFO [pool-6-thread-8][:] - /****************流量统计******************/
LastReadBytes:0
LastReadThroughput:0
LastWrittenBytes:0
LastWriteThroughput:0
RealWrittenBytes:0
RealWriteThroughput:0
当前玩家的连接数量:0
当前地图的线程个数：10
当前地图的个数:47
当前数据库执行队列数:0
当前发送队列缓存的对象数量:0
totalMemory：542113792, use ：432739640, free ：109374152DirectMemory：1827143680, 恢复 ：1
当前时间 ：2026-08-16 00:12:45send keng：3325, sheng ：4194304
decode keng：18, sheng ：2097152
world keng：5, sheng ：1048576

2026-08-16 00:12:50.213 INFO [pool-6-thread-7][:] - /****************流量统计******************/
LastReadBytes:0
LastReadThroughput:0
LastWrittenBytes:0
LastWriteThroughput:0
RealWrittenBytes:0
RealWriteThroughput:0
当前玩家的连接数量:0
当前地图的线程个数：10
当前地图的个数:47
当前数据库执行队列数:0
当前发送队列缓存的对象数量:0
totalMemory：542113792, use ：437479176, free ：104634616DirectMemory：1827143680, 恢复 ：1
当前时间 ：2026-08-16 00:12:50send keng：3325, sheng ：4194304
decode keng：18, sheng ：2097152
world keng：5, sheng ：1048576

2026-08-16 00:12:55.213 INFO [pool-6-thread-4][:] - /****************流量统计******************/
LastReadBytes:0
LastReadThroughput:0
LastWrittenBytes:0
LastWriteThroughput:0
RealWrittenBytes:0
RealWriteThroughput:0
当前玩家的连接数量:0
当前地图的线程个数：10
当前地图的个数:47
当前数据库执行队列数:0
当前发送队列缓存的对象数量:0
totalMemory：542113792, use ：441992512, free ：100121280DirectMemory：1827143680, 恢复 ：1
当前时间 ：2026-08-16 00:12:55send keng：3325, sheng ：4194304
decode keng：18, sheng ：2097152
world keng：5, sheng ：1048576

2026-08-16 00:13:00.213 INFO [pool-6-thread-7][:] - /****************流量统计******************/
LastReadBytes:0
LastReadThroughput:0
LastWrittenBytes:0
LastWriteThroughput:0
RealWrittenBytes:0
RealWriteThroughput:0
当前玩家的连接数量:0
当前地图的线程个数：10
当前地图的个数:47
当前数据库执行队列数:0
当前发送队列缓存的对象数量:0
totalMemory：542113792, use ：446703600, free ：95410192DirectMemory：1827143680, 恢复 ：1
当前时间 ：2026-08-16 00:13:00send keng：3325, sheng ：4194304
decode keng：18, sheng ：2097152
world keng：5, sheng ：1048576

2026-08-16 00:13:05.213 INFO [pool-6-thread-3][:] - /****************流量统计******************/
LastReadBytes:0
LastReadThroughput:0
LastWrittenBytes:0
LastWriteThroughput:0
RealWrittenBytes:0
RealWriteThroughput:0
当前玩家的连接数量:0
当前地图的线程个数：10
当前地图的个数:47
当前数据库执行队列数:0
当前发送队列缓存的对象数量:0
totalMemory：542113792, use ：412146312, free ：129967480DirectMemory：1827143680, 恢复 ：1
当前时间 ：2026-08-16 00:13:05send keng：3325, sheng ：4194304
decode keng：18, sheng ：2097152
world keng：5, sheng ：1048576

2026-08-16 00:13:10.213 INFO [pool-6-thread-9][:] - /****************流量统计******************/
LastReadBytes:0
LastReadThroughput:0
LastWrittenBytes:0
LastWriteThroughput:0
RealWrittenBytes:0
RealWriteThroughput:0
当前玩家的连接数量:0
当前地图的线程个数：10
当前地图的个数:47
当前数据库执行队列数:0
当前发送队列缓存的对象数量:0
totalMemory：542113792, use ：416654504, free ：125459288DirectMemory：1827143680, 恢复 ：1
当前时间 ：2026-08-16 00:13:10send keng：3325, sheng ：4194304
decode keng：18, sheng ：2097152
world keng：5, sheng ：1048576

2026-08-16 00:13:15.213 INFO [pool-6-thread-4][:] - /****************流量统计******************/
LastReadBytes:0
LastReadThroughput:0
LastWrittenBytes:0
LastWriteThroughput:0
RealWrittenBytes:0
RealWriteThroughput:0
当前玩家的连接数量:0
当前地图的线程个数：10
当前地图的个数:47
当前数据库执行队列数:0
当前发送队列缓存的对象数量:0
totalMemory：542113792, use ：421192840, free ：120920952DirectMemory：1827143680, 恢复 ：1
当前时间 ：2026-08-16 00:13:15send keng：3325, sheng ：4194304
decode keng：18, sheng ：2097152
world keng：5, sheng ：1048576

2026-08-16 00:13:20.213 INFO [pool-6-thread-10][:] - /****************流量统计******************/
LastReadBytes:0
LastReadThroughput:0
LastWrittenBytes:0
LastWriteThroughput:0
RealWrittenBytes:0
RealWriteThroughput:0
当前玩家的连接数量:0
当前地图的线程个数：10
当前地图的个数:47
当前数据库执行队列数:0
当前发送队列缓存的对象数量:0
totalMemory：542113792, use ：425929008, free ：116184784DirectMemory：1827143680, 恢复 ：1
当前时间 ：2026-08-16 00:13:20send keng：3325, sheng ：4194304
decode keng：18, sheng ：2097152
world keng：5, sheng ：1048576

2026-08-16 00:13:25.213 INFO [pool-6-thread-7][:] - /****************流量统计******************/
LastReadBytes:0
LastReadThroughput:0
LastWrittenBytes:0
LastWriteThroughput:0
RealWrittenBytes:0
RealWriteThroughput:0
当前玩家的连接数量:0
当前地图的线程个数：10
当前地图的个数:47
当前数据库执行队列数:0
当前发送队列缓存的对象数量:0
totalMemory：542113792, use ：430348656, free ：111765136DirectMemory：1827143680, 恢复 ：1
当前时间 ：2026-08-16 00:13:25send keng：3325, sheng ：4194304
decode keng：18, sheng ：2097152
world keng：5, sheng ：1048576

2026-08-16 00:13:30.213 INFO [pool-6-thread-4][:] - /****************流量统计******************/
LastReadBytes:0
LastReadThroughput:0
LastWrittenBytes:0
LastWriteThroughput:0
RealWrittenBytes:0
RealWriteThroughput:0
当前玩家的连接数量:0
当前地图的线程个数：10
当前地图的个数:47
当前数据库执行队列数:0
当前发送队列缓存的对象数量:0
totalMemory：542113792, use ：435086912, free ：107026880DirectMemory：1827143680, 恢复 ：1
当前时间 ：2026-08-16 00:13:30send keng：3325, sheng ：4194304
decode keng：18, sheng ：2097152
world keng：5, sheng ：1048576

2026-08-16 00:13:35.213 INFO [pool-6-thread-6][:] - /****************流量统计******************/
LastReadBytes:0
LastReadThroughput:0
LastWrittenBytes:0
LastWriteThroughput:0
RealWrittenBytes:0
RealWriteThroughput:0
当前玩家的连接数量:0
当前地图的线程个数：10
当前地图的个数:47
当前数据库执行队列数:0
当前发送队列缓存的对象数量:0
totalMemory：542113792, use ：439480400, free ：102633392DirectMemory：1827143680, 恢复 ：1
当前时间 ：2026-08-16 00:13:35send keng：3325, sheng ：4194304
decode keng：18, sheng ：2097152
world keng：5, sheng ：1048576

2026-08-16 00:13:40.213 INFO [pool-6-thread-9][:] - /****************流量统计******************/
LastReadBytes:0
LastReadThroughput:0
LastWrittenBytes:0
LastWriteThroughput:0
RealWrittenBytes:0
RealWriteThroughput:0
当前玩家的连接数量:0
当前地图的线程个数：10
当前地图的个数:47
当前数据库执行队列数:0
当前发送队列缓存的对象数量:0
totalMemory：542113792, use ：443988056, free ：98125736DirectMemory：1827143680, 恢复 ：1
当前时间 ：2026-08-16 00:13:40send keng：3325, sheng ：4194304
decode keng：18, sheng ：2097152
world keng：5, sheng ：1048576

2026-08-16 00:13:45.213 INFO [pool-6-thread-5][:] - /****************流量统计******************/
LastReadBytes:0
LastReadThroughput:0
LastWrittenBytes:0
LastWriteThroughput:0
RealWrittenBytes:0
RealWriteThroughput:0
当前玩家的连接数量:0
当前地图的线程个数：10
当前地图的个数:47
当前数据库执行队列数:0
当前发送队列缓存的对象数量:0
totalMemory：542113792, use ：448611720, free ：93502072DirectMemory：1827143680, 恢复 ：1
当前时间 ：2026-08-16 00:13:45send keng：3325, sheng ：4194304
decode keng：18, sheng ：2097152
world keng：5, sheng ：1048576

2026-08-16 00:13:50.213 INFO [pool-6-thread-10][:] - /****************流量统计******************/
LastReadBytes:0
LastReadThroughput:0
LastWrittenBytes:0
LastWriteThroughput:0
RealWrittenBytes:0
RealWriteThroughput:0
当前玩家的连接数量:0
当前地图的线程个数：10
当前地图的个数:47
当前数据库执行队列数:0
当前发送队列缓存的对象数量:0
totalMemory：542113792, use ：414014536, free ：128099256DirectMemory：1827143680, 恢复 ：1
当前时间 ：2026-08-16 00:13:50send keng：3325, sheng ：4194304
decode keng：18, sheng ：2097152
world keng：5, sheng ：1048576

2026-08-16 00:13:55.213 INFO [pool-6-thread-9][:] - /****************流量统计******************/
LastReadBytes:0
LastReadThroughput:0
LastWrittenBytes:0
LastWriteThroughput:0
RealWrittenBytes:0
RealWriteThroughput:0
当前玩家的连接数量:0
当前地图的线程个数：10
当前地图的个数:47
当前数据库执行队列数:0
当前发送队列缓存的对象数量:0
totalMemory：542113792, use ：418188136, free ：123925656DirectMemory：1827143680, 恢复 ：1
当前时间 ：2026-08-16 00:13:55send keng：3325, sheng ：4194304
decode keng：18, sheng ：2097152
world keng：5, sheng ：1048576

2026-08-16 00:14:00.213 INFO [pool-6-thread-4][:] - /****************流量统计******************/
LastReadBytes:0
LastReadThroughput:0
LastWrittenBytes:0
LastWriteThroughput:0
RealWrittenBytes:0
RealWriteThroughput:0
当前玩家的连接数量:0
当前地图的线程个数：10
当前地图的个数:47
当前数据库执行队列数:0
当前发送队列缓存的对象数量:0
totalMemory：542113792, use ：423000440, free ：119113352DirectMemory：1827143680, 恢复 ：1
当前时间 ：2026-08-16 00:14:00send keng：3325, sheng ：4194304
decode keng：18, sheng ：2097152
world keng：5, sheng ：1048576

2026-08-16 00:14:05.213 INFO [pool-6-thread-10][:] - /****************流量统计******************/
LastReadBytes:0
LastReadThroughput:0
LastWrittenBytes:0
LastWriteThroughput:0
RealWrittenBytes:0
RealWriteThroughput:0
当前玩家的连接数量:0
当前地图的线程个数：10
当前地图的个数:47
当前数据库执行队列数:0
当前发送队列缓存的对象数量:0
totalMemory：542113792, use ：427586008, free ：114527784DirectMemory：1827143680, 恢复 ：1
当前时间 ：2026-08-16 00:14:05send keng：3325, sheng ：4194304
decode keng：18, sheng ：2097152
world keng：5, sheng ：1048576

2026-08-16 00:14:10.213 INFO [pool-6-thread-3][:] - /****************流量统计******************/
LastReadBytes:0
LastReadThroughput:0
LastWrittenBytes:0
LastWriteThroughput:0
RealWrittenBytes:0
RealWriteThroughput:0
当前玩家的连接数量:0
当前地图的线程个数：10
当前地图的个数:47
当前数据库执行队列数:0
当前发送队列缓存的对象数量:0
totalMemory：542113792, use ：432370928, free ：109742864DirectMemory：1827143680, 恢复 ：1
当前时间 ：2026-08-16 00:14:10send keng：3325, sheng ：4194304
decode keng：18, sheng ：2097152
world keng：5, sheng ：1048576

2026-08-16 00:14:15.213 INFO [pool-6-thread-2][:] - /****************流量统计******************/
LastReadBytes:0
LastReadThroughput:0
LastWrittenBytes:0
LastWriteThroughput:0
RealWrittenBytes:0
RealWriteThroughput:0
当前玩家的连接数量:0
当前地图的线程个数：10
当前地图的个数:47
当前数据库执行队列数:0
当前发送队列缓存的对象数量:0
totalMemory：542113792, use ：436747912, free ：105365880DirectMemory：1827143680, 恢复 ：1
当前时间 ：2026-08-16 00:14:15send keng：3325, sheng ：4194304
decode keng：18, sheng ：2097152
world keng：5, sheng ：1048576

2026-08-16 00:14:20.213 INFO [pool-6-thread-8][:] - /****************流量统计******************/
LastReadBytes:0
LastReadThroughput:0
LastWrittenBytes:0
LastWriteThroughput:0
RealWrittenBytes:0
RealWriteThroughput:0
当前玩家的连接数量:0
当前地图的线程个数：10
当前地图的个数:47
当前数据库执行队列数:0
当前发送队列缓存的对象数量:0
totalMemory：542113792, use ：441446408, free ：100667384DirectMemory：1827143680, 恢复 ：1
当前时间 ：2026-08-16 00:14:20send keng：3325, sheng ：4194304
decode keng：18, sheng ：2097152
world keng：5, sheng ：1048576

2026-08-16 00:14:25.213 INFO [pool-6-thread-3][:] - /****************流量统计******************/
LastReadBytes:0
LastReadThroughput:0
LastWrittenBytes:0
LastWriteThroughput:0
RealWrittenBytes:0
RealWriteThroughput:0
当前玩家的连接数量:0
当前地图的线程个数：10
当前地图的个数:47
当前数据库执行队列数:0
当前发送队列缓存的对象数量:0
totalMemory：542113792, use ：445826832, free ：96286960DirectMemory：1827143680, 恢复 ：1
当前时间 ：2026-08-16 00:14:25send keng：3325, sheng ：4194304
decode keng：18, sheng ：2097152
world keng：5, sheng ：1048576

2026-08-16 00:14:30.214 INFO [pool-6-thread-8][:] - /****************流量统计******************/
LastReadBytes:0
LastReadThroughput:0
LastWrittenBytes:0
LastWriteThroughput:0
RealWrittenBytes:0
RealWriteThroughput:0
当前玩家的连接数量:0
当前地图的线程个数：10
当前地图的个数:47
当前数据库执行队列数:0
当前发送队列缓存的对象数量:0
totalMemory：542113792, use ：411143792, free ：130970000DirectMemory：1827143680, 恢复 ：1
当前时间 ：2026-08-16 00:14:30send keng：3325, sheng ：4194304
decode keng：18, sheng ：2097152
world keng：5, sheng ：1048576

2026-08-16 00:14:35.213 INFO [pool-6-thread-10][:] - /****************流量统计******************/
LastReadBytes:0
LastReadThroughput:0
LastWrittenBytes:0
LastWriteThroughput:0
RealWrittenBytes:0
RealWriteThroughput:0
当前玩家的连接数量:0
当前地图的线程个数：10
当前地图的个数:47
当前数据库执行队列数:0
当前发送队列缓存的对象数量:0
totalMemory：542113792, use ：415640640, free ：126473152DirectMemory：1827143680, 恢复 ：1
当前时间 ：2026-08-16 00:14:35send keng：3325, sheng ：4194304
decode keng：18, sheng ：2097152
world keng：5, sheng ：1048576

2026-08-16 00:14:40.213 INFO [pool-6-thread-9][:] - /****************流量统计******************/
LastReadBytes:0
LastReadThroughput:0
LastWrittenBytes:0
LastWriteThroughput:0
RealWrittenBytes:0
RealWriteThroughput:0
当前玩家的连接数量:0
当前地图的线程个数：10
当前地图的个数:47
当前数据库执行队列数:0
当前发送队列缓存的对象数量:0
totalMemory：542113792, use ：420376088, free ：121737704DirectMemory：1827143680, 恢复 ：1
当前时间 ：2026-08-16 00:14:40send keng：3325, sheng ：4194304
decode keng：18, sheng ：2097152
world keng：5, sheng ：1048576

2026-08-16 00:14:45.213 INFO [pool-6-thread-3][:] - /****************流量统计******************/
LastReadBytes:0
LastReadThroughput:0
LastWrittenBytes:0
LastWriteThroughput:0
RealWrittenBytes:0
RealWriteThroughput:0
当前玩家的连接数量:0
当前地图的线程个数：10
当前地图的个数:47
当前数据库执行队列数:0
当前发送队列缓存的对象数量:0
totalMemory：542113792, use ：424812448, free ：117301344DirectMemory：1827143680, 恢复 ：1
当前时间 ：2026-08-16 00:14:45send keng：3325, sheng ：4194304
decode keng：18, sheng ：2097152
world keng：5, sheng ：1048576

2026-08-16 00:14:50.213 INFO [pool-6-thread-2][:] - /****************流量统计******************/
LastReadBytes:0
LastReadThroughput:0
LastWrittenBytes:0
LastWriteThroughput:0
RealWrittenBytes:0
RealWriteThroughput:0
当前玩家的连接数量:0
当前地图的线程个数：10
当前地图的个数:47
当前数据库执行队列数:0
当前发送队列缓存的对象数量:0
totalMemory：542113792, use ：429565840, free ：112547952DirectMemory：1827143680, 恢复 ：1
当前时间 ：2026-08-16 00:14:50send keng：3325, sheng ：4194304
decode keng：18, sheng ：2097152
world keng：5, sheng ：1048576

2026-08-16 00:14:55.213 INFO [pool-6-thread-7][:] - /****************流量统计******************/
LastReadBytes:0
LastReadThroughput:0
LastWrittenBytes:0
LastWriteThroughput:0
RealWrittenBytes:0
RealWriteThroughput:0
当前玩家的连接数量:0
当前地图的线程个数：10
当前地图的个数:47
当前数据库执行队列数:0
当前发送队列缓存的对象数量:0
totalMemory：542113792, use ：433947536, free ：108166256DirectMemory：1827143680, 恢复 ：1
当前时间 ：2026-08-16 00:14:55send keng：3325, sheng ：4194304
decode keng：18, sheng ：2097152
world keng：5, sheng ：1048576

2026-08-16 00:15:00.213 INFO [pool-6-thread-10][:] - /****************流量统计******************/
LastReadBytes:0
LastReadThroughput:0
LastWrittenBytes:0
LastWriteThroughput:0
RealWrittenBytes:0
RealWriteThroughput:0
当前玩家的连接数量:0
当前地图的线程个数：10
当前地图的个数:47
当前数据库执行队列数:0
当前发送队列缓存的对象数量:0
totalMemory：542113792, use ：438513840, free ：103599952DirectMemory：1827143680, 恢复 ：1
当前时间 ：2026-08-16 00:15:00send keng：3325, sheng ：4194304
decode keng：18, sheng ：2097152
world keng：5, sheng ：1048576

2026-08-16 00:15:05.213 INFO [pool-6-thread-8][:] - /****************流量统计******************/
LastReadBytes:0
LastReadThroughput:0
LastWrittenBytes:0
LastWriteThroughput:0
RealWrittenBytes:0
RealWriteThroughput:0
当前玩家的连接数量:0
当前地图的线程个数：10
当前地图的个数:47
当前数据库执行队列数:0
当前发送队列缓存的对象数量:0
totalMemory：542113792, use ：443329144, free ：98784648DirectMemory：1827143680, 恢复 ：1
当前时间 ：2026-08-16 00:15:05send keng：3325, sheng ：4194304
decode keng：18, sheng ：2097152
world keng：5, sheng ：1048576

2026-08-16 00:15:10.213 INFO [pool-6-thread-9][:] - /****************流量统计******************/
LastReadBytes:0
LastReadThroughput:0
LastWrittenBytes:0
LastWriteThroughput:0
RealWrittenBytes:0
RealWriteThroughput:0
当前玩家的连接数量:0
当前地图的线程个数：10
当前地图的个数:47
当前数据库执行队列数:0
当前发送队列缓存的对象数量:0
totalMemory：542113792, use ：447710520, free ：94403272DirectMemory：1827143680, 恢复 ：1
当前时间 ：2026-08-16 00:15:10send keng：3325, sheng ：4194304
decode keng：18, sheng ：2097152
world keng：5, sheng ：1048576

2026-08-16 00:15:15.213 INFO [pool-6-thread-2][:] - /****************流量统计******************/
LastReadBytes:0
LastReadThroughput:0
LastWrittenBytes:0
LastWriteThroughput:0
RealWrittenBytes:0
RealWriteThroughput:0
当前玩家的连接数量:0
当前地图的线程个数：10
当前地图的个数:47
当前数据库执行队列数:0
当前发送队列缓存的对象数量:0
totalMemory：542113792, use ：412938936, free ：129174856DirectMemory：1827143680, 恢复 ：1
当前时间 ：2026-08-16 00:15:15send keng：3325, sheng ：4194304
decode keng：18, sheng ：2097152
world keng：5, sheng ：1048576

2026-08-16 00:15:20.213 INFO [pool-6-thread-1][:] - /****************流量统计******************/
LastReadBytes:0
LastReadThroughput:0
LastWrittenBytes:0
LastWriteThroughput:0
RealWrittenBytes:0
RealWriteThroughput:0
当前玩家的连接数量:0
当前地图的线程个数：10
当前地图的个数:47
当前数据库执行队列数:0
当前发送队列缓存的对象数量:0
totalMemory：542113792, use ：417551200, free ：124562592DirectMemory：1827143680, 恢复 ：1
当前时间 ：2026-08-16 00:15:20send keng：3325, sheng ：4194304
decode keng：18, sheng ：2097152
world keng：5, sheng ：1048576

2026-08-16 00:15:25.213 INFO [pool-6-thread-6][:] - /****************流量统计******************/
LastReadBytes:0
LastReadThroughput:0
LastWrittenBytes:0
LastWriteThroughput:0
RealWrittenBytes:0
RealWriteThroughput:0
当前玩家的连接数量:0
当前地图的线程个数：10
当前地图的个数:47
当前数据库执行队列数:0
当前发送队列缓存的对象数量:0
totalMemory：542113792, use ：421923120, free ：120190672DirectMemory：1827143680, 恢复 ：1
当前时间 ：2026-08-16 00:15:25send keng：3325, sheng ：4194304
decode keng：18, sheng ：2097152
world keng：5, sheng ：1048576

2026-08-16 00:15:30.213 INFO [pool-6-thread-5][:] - /****************流量统计******************/
LastReadBytes:0
LastReadThroughput:0
LastWrittenBytes:0
LastWriteThroughput:0
RealWrittenBytes:0
RealWriteThroughput:0
当前玩家的连接数量:0
当前地图的线程个数：10
当前地图的个数:47
当前数据库执行队列数:0
当前发送队列缓存的对象数量:0
totalMemory：542113792, use ：426617648, free ：115496144DirectMemory：1827143680, 恢复 ：1
当前时间 ：2026-08-16 00:15:30send keng：3325, sheng ：4194304
decode keng：18, sheng ：2097152
world keng：5, sheng ：1048576

2026-08-16 00:15:35.213 INFO [pool-6-thread-5][:] - /****************流量统计******************/
LastReadBytes:0
LastReadThroughput:0
LastWrittenBytes:0
LastWriteThroughput:0
RealWrittenBytes:0
RealWriteThroughput:0
当前玩家的连接数量:0
当前地图的线程个数：10
当前地图的个数:47
当前数据库执行队列数:0
当前发送队列缓存的对象数量:0
totalMemory：542113792, use ：431271104, free ：110842688DirectMemory：1827143680, 恢复 ：1
当前时间 ：2026-08-16 00:15:35send keng：3325, sheng ：4194304
decode keng：18, sheng ：2097152
world keng：5, sheng ：1048576

2026-08-16 00:15:40.213 INFO [pool-6-thread-1][:] - /****************流量统计******************/
LastReadBytes:0
LastReadThroughput:0
LastWrittenBytes:0
LastWriteThroughput:0
RealWrittenBytes:0
RealWriteThroughput:0
当前玩家的连接数量:0
当前地图的线程个数：10
当前地图的个数:47
当前数据库执行队列数:0
当前发送队列缓存的对象数量:0
totalMemory：542113792, use ：435803616, free ：106310176DirectMemory：1827143680, 恢复 ：1
当前时间 ：2026-08-16 00:15:40send keng：3325, sheng ：4194304
decode keng：18, sheng ：2097152
world keng：5, sheng ：1048576

2026-08-16 00:15:45.213 INFO [pool-6-thread-6][:] - /****************流量统计******************/
LastReadBytes:0
LastReadThroughput:0
LastWrittenBytes:0
LastWriteThroughput:0
RealWrittenBytes:0
RealWriteThroughput:0
当前玩家的连接数量:0
当前地图的线程个数：10
当前地图的个数:47
当前数据库执行队列数:0
当前发送队列缓存的对象数量:0
totalMemory：542113792, use ：440371480, free ：101742312DirectMemory：1827143680, 恢复 ：1
当前时间 ：2026-08-16 00:15:45send keng：3325, sheng ：4194304
decode keng：18, sheng ：2097152
world keng：5, sheng ：1048576

2026-08-16 00:15:50.213 INFO [pool-6-thread-10][:] - /****************流量统计******************/
LastReadBytes:0
LastReadThroughput:0
LastWrittenBytes:0
LastWriteThroughput:0
RealWrittenBytes:0
RealWriteThroughput:0
当前玩家的连接数量:0
当前地图的线程个数：10
当前地图的个数:47
当前数据库执行队列数:0
当前发送队列缓存的对象数量:0
totalMemory：542113792, use ：444744600, free ：97369192DirectMemory：1827143680, 恢复 ：1
当前时间 ：2026-08-16 00:15:50send keng：3325, sheng ：4194304
decode keng：18, sheng ：2097152
world keng：5, sheng ：1048576

2026-08-16 00:15:55.213 INFO [pool-6-thread-7][:] - /****************流量统计******************/
LastReadBytes:0
LastReadThroughput:0
LastWrittenBytes:0
LastWriteThroughput:0
RealWrittenBytes:0
RealWriteThroughput:0
当前玩家的连接数量:0
当前地图的线程个数：10
当前地图的个数:47
当前数据库执行队列数:0
当前发送队列缓存的对象数量:0
totalMemory：542113792, use ：449294752, free ：92819040DirectMemory：1827143680, 恢复 ：1
当前时间 ：2026-08-16 00:15:55send keng：3325, sheng ：4194304
decode keng：18, sheng ：2097152
world keng：5, sheng ：1048576

2026-08-16 00:16:00.213 INFO [pool-6-thread-6][:] - /****************流量统计******************/
LastReadBytes:0
LastReadThroughput:0
LastWrittenBytes:0
LastWriteThroughput:0
RealWrittenBytes:0
RealWriteThroughput:0
当前玩家的连接数量:0
当前地图的线程个数：10
当前地图的个数:47
当前数据库执行队列数:0
当前发送队列缓存的对象数量:0
totalMemory：542113792, use ：414806816, free ：127306976DirectMemory：1827143680, 恢复 ：1
当前时间 ：2026-08-16 00:16:00send keng：3325, sheng ：4194304
decode keng：18, sheng ：2097152
world keng：5, sheng ：1048576

2026-08-16 00:16:05.214 INFO [pool-6-thread-5][:] - /****************流量统计******************/
LastReadBytes:0
LastReadThroughput:0
LastWrittenBytes:0
LastWriteThroughput:0
RealWrittenBytes:0
RealWriteThroughput:0
当前玩家的连接数量:0
当前地图的线程个数：10
当前地图的个数:47
当前数据库执行队列数:0
当前发送队列缓存的对象数量:0
totalMemory：542113792, use ：419393048, free ：122720744DirectMemory：1827143680, 恢复 ：1
当前时间 ：2026-08-16 00:16:05send keng：3325, sheng ：4194304
decode keng：18, sheng ：2097152
world keng：5, sheng ：1048576

2026-08-16 00:16:10.213 INFO [pool-6-thread-5][:] - /****************流量统计******************/
LastReadBytes:0
LastReadThroughput:0
LastWrittenBytes:0
LastWriteThroughput:0
RealWrittenBytes:0
RealWriteThroughput:0
当前玩家的连接数量:0
当前地图的线程个数：10
当前地图的个数:47
当前数据库执行队列数:0
当前发送队列缓存的对象数量:0
totalMemory：542113792, use ：423724696, free ：118389096DirectMemory：1827143680, 恢复 ：1
当前时间 ：2026-08-16 00:16:10send keng：3325, sheng ：4194304
decode keng：18, sheng ：2097152
world keng：5, sheng ：1048576

2026-08-16 00:16:15.213 INFO [pool-6-thread-8][:] - /****************流量统计******************/
LastReadBytes:0
LastReadThroughput:0
LastWrittenBytes:0
LastWriteThroughput:0
RealWrittenBytes:0
RealWriteThroughput:0
当前玩家的连接数量:0
当前地图的线程个数：10
当前地图的个数:47
当前数据库执行队列数:0
当前发送队列缓存的对象数量:0
totalMemory：542113792, use ：428457680, free ：113656112DirectMemory：1827143680, 恢复 ：1
当前时间 ：2026-08-16 00:16:15send keng：3325, sheng ：4194304
decode keng：18, sheng ：2097152
world keng：5, sheng ：1048576

2026-08-16 00:16:20.213 INFO [pool-6-thread-10][:] - /****************流量统计******************/
LastReadBytes:0
LastReadThroughput:0
LastWrittenBytes:0
LastWriteThroughput:0
RealWrittenBytes:0
RealWriteThroughput:0
当前玩家的连接数量:0
当前地图的线程个数：10
当前地图的个数:47
当前数据库执行队列数:0
当前发送队列缓存的对象数量:0
totalMemory：542113792, use ：433044720, free ：109069072DirectMemory：1827143680, 恢复 ：1
当前时间 ：2026-08-16 00:16:20send keng：3325, sheng ：4194304
decode keng：18, sheng ：2097152
world keng：5, sheng ：1048576

2026-08-16 00:16:25.213 INFO [pool-6-thread-2][:] - /****************流量统计******************/
LastReadBytes:0
LastReadThroughput:0
LastWrittenBytes:0
LastWriteThroughput:0
RealWrittenBytes:0
RealWriteThroughput:0
当前玩家的连接数量:0
当前地图的线程个数：10
当前地图的个数:47
当前数据库执行队列数:0
当前发送队列缓存的对象数量:0
totalMemory：542113792, use ：437767824, free ：104345968DirectMemory：1827143680, 恢复 ：1
当前时间 ：2026-08-16 00:16:25send keng：3325, sheng ：4194304
decode keng：18, sheng ：2097152
world keng：5, sheng ：1048576

2026-08-16 00:16:30.213 INFO [pool-6-thread-4][:] - /****************流量统计******************/
LastReadBytes:0
LastReadThroughput:0
LastWrittenBytes:0
LastWriteThroughput:0
RealWrittenBytes:0
RealWriteThroughput:0
当前玩家的连接数量:0
当前地图的线程个数：10
当前地图的个数:47
当前数据库执行队列数:0
当前发送队列缓存的对象数量:0
totalMemory：542113792, use ：441919664, free ：100194128DirectMemory：1827143680, 恢复 ：1
当前时间 ：2026-08-16 00:16:30send keng：3325, sheng ：4194304
decode keng：18, sheng ：2097152
world keng：5, sheng ：1048576

2026-08-16 00:16:35.213 INFO [pool-6-thread-2][:] - /****************流量统计******************/
LastReadBytes:0
LastReadThroughput:0
LastWrittenBytes:0
LastWriteThroughput:0
RealWrittenBytes:0
RealWriteThroughput:0
当前玩家的连接数量:0
当前地图的线程个数：10
当前地图的个数:47
当前数据库执行队列数:0
当前发送队列缓存的对象数量:0
totalMemory：542113792, use ：446591848, free ：95521944DirectMemory：1827143680, 恢复 ：1
当前时间 ：2026-08-16 00:16:35send keng：3325, sheng ：4194304
decode keng：18, sheng ：2097152
world keng：5, sheng ：1048576

2026-08-16 00:16:40.213 INFO [pool-6-thread-2][:] - /****************流量统计******************/
LastReadBytes:0
LastReadThroughput:0
LastWrittenBytes:0
LastWriteThroughput:0
RealWrittenBytes:0
RealWriteThroughput:0
当前玩家的连接数量:0
当前地图的线程个数：10
当前地图的个数:47
当前数据库执行队列数:0
当前发送队列缓存的对象数量:0
totalMemory：542113792, use ：411671176, free ：130442616DirectMemory：1827143680, 恢复 ：1
当前时间 ：2026-08-16 00:16:40send keng：3325, sheng ：4194304
decode keng：18, sheng ：2097152
world keng：5, sheng ：1048576

2026-08-16 00:16:45.213 INFO [pool-6-thread-1][:] - /****************流量统计******************/
LastReadBytes:0
LastReadThroughput:0
LastWrittenBytes:0
LastWriteThroughput:0
RealWrittenBytes:0
RealWriteThroughput:0
当前玩家的连接数量:0
当前地图的线程个数：10
当前地图的个数:47
当前数据库执行队列数:0
当前发送队列缓存的对象数量:0
totalMemory：542113792, use ：416290776, free ：125823016DirectMemory：1827143680, 恢复 ：1
当前时间 ：2026-08-16 00:16:45send keng：3325, sheng ：4194304
decode keng：18, sheng ：2097152
world keng：5, sheng ：1048576

2026-08-16 00:16:50.213 INFO [pool-6-thread-4][:] - /****************流量统计******************/
LastReadBytes:0
LastReadThroughput:0
LastWrittenBytes:0
LastWriteThroughput:0
RealWrittenBytes:0
RealWriteThroughput:0
当前玩家的连接数量:0
当前地图的线程个数：10
当前地图的个数:47
当前数据库执行队列数:0
当前发送队列缓存的对象数量:0
totalMemory：542113792, use ：420947816, free ：121165976DirectMemory：1827143680, 恢复 ：1
当前时间 ：2026-08-16 00:16:50send keng：3325, sheng ：4194304
decode keng：18, sheng ：2097152
world keng：5, sheng ：1048576

2026-08-16 00:16:55.213 INFO [pool-6-thread-4][:] - /****************流量统计******************/
LastReadBytes:0
LastReadThroughput:0
LastWrittenBytes:0
LastWriteThroughput:0
RealWrittenBytes:0
RealWriteThroughput:0
当前玩家的连接数量:0
当前地图的线程个数：10
当前地图的个数:47
当前数据库执行队列数:0
当前发送队列缓存的对象数量:0
totalMemory：542113792, use ：425538592, free ：116575200DirectMemory：1827143680, 恢复 ：1
当前时间 ：2026-08-16 00:16:55send keng：3325, sheng ：4194304
decode keng：18, sheng ：2097152
world keng：5, sheng ：1048576

2026-08-16 00:17:00.213 INFO [pool-6-thread-4][:] - /****************流量统计******************/
LastReadBytes:0
LastReadThroughput:0
LastWrittenBytes:0
LastWriteThroughput:0
RealWrittenBytes:0
RealWriteThroughput:0
当前玩家的连接数量:0
当前地图的线程个数：10
当前地图的个数:47
当前数据库执行队列数:0
当前发送队列缓存的对象数量:0
totalMemory：542113792, use ：430006224, free ：112107568DirectMemory：1827143680, 恢复 ：1
当前时间 ：2026-08-16 00:17:00send keng：3325, sheng ：4194304
decode keng：18, sheng ：2097152
world keng：5, sheng ：1048576

2026-08-16 00:17:05.214 INFO [pool-6-thread-9][:] - /****************流量统计******************/
LastReadBytes:0
LastReadThroughput:0
LastWrittenBytes:0
LastWriteThroughput:0
RealWrittenBytes:0
RealWriteThroughput:0
当前玩家的连接数量:0
当前地图的线程个数：10
当前地图的个数:47
当前数据库执行队列数:0
当前发送队列缓存的对象数量:0
totalMemory：542113792, use ：434754160, free ：107359632DirectMemory：1827143680, 恢复 ：1
当前时间 ：2026-08-16 00:17:05send keng：3325, sheng ：4194304
decode keng：18, sheng ：2097152
world keng：5, sheng ：1048576

2026-08-16 00:17:10.213 INFO [pool-6-thread-4][:] - /****************流量统计******************/
LastReadBytes:0
LastReadThroughput:0
LastWrittenBytes:0
LastWriteThroughput:0
RealWrittenBytes:0
RealWriteThroughput:0
当前玩家的连接数量:0
当前地图的线程个数：10
当前地图的个数:47
当前数据库执行队列数:0
当前发送队列缓存的对象数量:0
totalMemory：542113792, use ：439268352, free ：102845440DirectMemory：1827143680, 恢复 ：1
当前时间 ：2026-08-16 00:17:10send keng：3325, sheng ：4194304
decode keng：18, sheng ：2097152
world keng：5, sheng ：1048576

2026-08-16 00:17:15.213 INFO [pool-6-thread-8][:] - /****************流量统计******************/
LastReadBytes:0
LastReadThroughput:0
LastWrittenBytes:0
LastWriteThroughput:0
RealWrittenBytes:0
RealWriteThroughput:0
当前玩家的连接数量:0
当前地图的线程个数：10
当前地图的个数:47
当前数据库执行队列数:0
当前发送队列缓存的对象数量:0
totalMemory：542113792, use ：443992024, free ：98121768DirectMemory：1827143680, 恢复 ：1
当前时间 ：2026-08-16 00:17:15send keng：3325, sheng ：4194304
decode keng：18, sheng ：2097152
world keng：5, sheng ：1048576

2026-08-16 00:17:20.213 INFO [pool-6-thread-1][:] - /****************流量统计******************/
LastReadBytes:0
LastReadThroughput:0
LastWrittenBytes:0
LastWriteThroughput:0
RealWrittenBytes:0
RealWriteThroughput:0
当前玩家的连接数量:0
当前地图的线程个数：10
当前地图的个数:47
当前数据库执行队列数:0
当前发送队列缓存的对象数量:0
totalMemory：542113792, use ：448287128, free ：93826664DirectMemory：1827143680, 恢复 ：1
当前时间 ：2026-08-16 00:17:20send keng：3325, sheng ：4194304
decode keng：18, sheng ：2097152
world keng：5, sheng ：1048576

2026-08-16 00:17:25.213 INFO [pool-6-thread-9][:] - /****************流量统计******************/
LastReadBytes:0
LastReadThroughput:0
LastWrittenBytes:0
LastWriteThroughput:0
RealWrittenBytes:0
RealWriteThroughput:0
当前玩家的连接数量:0
当前地图的线程个数：10
当前地图的个数:47
当前数据库执行队列数:0
当前发送队列缓存的对象数量:0
totalMemory：542113792, use ：413698184, free ：128415608DirectMemory：1827143680, 恢复 ：1
当前时间 ：2026-08-16 00:17:25send keng：3325, sheng ：4194304
decode keng：18, sheng ：2097152
world keng：5, sheng ：1048576

2026-08-16 00:17:30.213 INFO [pool-6-thread-2][:] - /****************流量统计******************/
LastReadBytes:0
LastReadThroughput:0
LastWrittenBytes:0
LastWriteThroughput:0
RealWrittenBytes:0
RealWriteThroughput:0
当前玩家的连接数量:0
当前地图的线程个数：10
当前地图的个数:47
当前数据库执行队列数:0
当前发送队列缓存的对象数量:0
totalMemory：542113792, use ：418193368, free ：123920424DirectMemory：1827143680, 恢复 ：1
当前时间 ：2026-08-16 00:17:30send keng：3325, sheng ：4194304
decode keng：18, sheng ：2097152
world keng：5, sheng ：1048576

2026-08-16 00:17:35.213 INFO [pool-6-thread-6][:] - /****************流量统计******************/
LastReadBytes:0
LastReadThroughput:0
LastWrittenBytes:0
LastWriteThroughput:0
RealWrittenBytes:0
RealWriteThroughput:0
当前玩家的连接数量:0
当前地图的线程个数：10
当前地图的个数:47
当前数据库执行队列数:0
当前发送队列缓存的对象数量:0
totalMemory：542113792, use ：422884552, free ：119229240DirectMemory：1827143680, 恢复 ：1
当前时间 ：2026-08-16 00:17:35send keng：3325, sheng ：4194304
decode keng：18, sheng ：2097152
world keng：5, sheng ：1048576

2026-08-16 00:17:40.213 INFO [pool-6-thread-8][:] - /****************流量统计******************/
LastReadBytes:0
LastReadThroughput:0
LastWrittenBytes:0
LastWriteThroughput:0
RealWrittenBytes:0
RealWriteThroughput:0
当前玩家的连接数量:0
当前地图的线程个数：10
当前地图的个数:47
当前数据库执行队列数:0
当前发送队列缓存的对象数量:0
totalMemory：542113792, use ：427309760, free ：114804032DirectMemory：1827143680, 恢复 ：1
当前时间 ：2026-08-16 00:17:40send keng：3325, sheng ：4194304
decode keng：18, sheng ：2097152
world keng：5, sheng ：1048576

2026-08-16 00:17:45.213 INFO [pool-6-thread-9][:] - /****************流量统计******************/
LastReadBytes:0
LastReadThroughput:0
LastWrittenBytes:0
LastWriteThroughput:0
RealWrittenBytes:0
RealWriteThroughput:0
当前玩家的连接数量:0
当前地图的线程个数：10
当前地图的个数:47
当前数据库执行队列数:0
当前发送队列缓存的对象数量:0
totalMemory：542113792, use ：432100416, free ：110013376DirectMemory：1827143680, 恢复 ：1
当前时间 ：2026-08-16 00:17:45send keng：3325, sheng ：4194304
decode keng：18, sheng ：2097152
world keng：5, sheng ：1048576

2026-08-16 00:17:50.213 INFO [pool-6-thread-7][:] - /****************流量统计******************/
LastReadBytes:0
LastReadThroughput:0
LastWrittenBytes:0
LastWriteThroughput:0
RealWrittenBytes:0
RealWriteThroughput:0
当前玩家的连接数量:0
当前地图的线程个数：10
当前地图的个数:47
当前数据库执行队列数:0
当前发送队列缓存的对象数量:0
totalMemory：542113792, use ：436490880, free ：105622912DirectMemory：1827143680, 恢复 ：1
当前时间 ：2026-08-16 00:17:50send keng：3325, sheng ：4194304
decode keng：18, sheng ：2097152
world keng：5, sheng ：1048576

2026-08-16 00:17:55.213 INFO [pool-6-thread-7][:] - /****************流量统计******************/
LastReadBytes:0
LastReadThroughput:0
LastWrittenBytes:0
LastWriteThroughput:0
RealWrittenBytes:0
RealWriteThroughput:0
当前玩家的连接数量:0
当前地图的线程个数：10
当前地图的个数:47
当前数据库执行队列数:0
当前发送队列缓存的对象数量:0
totalMemory：542113792, use ：441008680, free ：101105112DirectMemory：1827143680, 恢复 ：1
当前时间 ：2026-08-16 00:17:55send keng：3325, sheng ：4194304
decode keng：18, sheng ：2097152
world keng：5, sheng ：1048576

2026-08-16 00:18:00.213 INFO [pool-6-thread-10][:] - /****************流量统计******************/
LastReadBytes:0
LastReadThroughput:0
LastWrittenBytes:0
LastWriteThroughput:0
RealWrittenBytes:0
RealWriteThroughput:0
当前玩家的连接数量:0
当前地图的线程个数：10
当前地图的个数:47
当前数据库执行队列数:0
当前发送队列缓存的对象数量:0
totalMemory：542113792, use ：445631736, free ：96482056DirectMemory：1827143680, 恢复 ：1
当前时间 ：2026-08-16 00:18:00send keng：3325, sheng ：4194304
decode keng：18, sheng ：2097152
world keng：5, sheng ：1048576

2026-08-16 00:18:05.213 INFO [pool-6-thread-6][:] - /****************流量统计******************/
LastReadBytes:0
LastReadThroughput:0
LastWrittenBytes:0
LastWriteThroughput:0
RealWrittenBytes:0
RealWriteThroughput:0
当前玩家的连接数量:0
当前地图的线程个数：10
当前地图的个数:47
当前数据库执行队列数:0
当前发送队列缓存的对象数量:0
totalMemory：542113792, use ：411140000, free ：130973792DirectMemory：1827143680, 恢复 ：1
当前时间 ：2026-08-16 00:18:05send keng：3325, sheng ：4194304
decode keng：18, sheng ：2097152
world keng：5, sheng ：1048576

2026-08-16 00:18:10.213 INFO [pool-6-thread-3][:] - /****************流量统计******************/
LastReadBytes:0
LastReadThroughput:0
LastWrittenBytes:0
LastWriteThroughput:0
RealWrittenBytes:0
RealWriteThroughput:0
当前玩家的连接数量:0
当前地图的线程个数：10
当前地图的个数:47
当前数据库执行队列数:0
当前发送队列缓存的对象数量:0
totalMemory：542113792, use ：415553592, free ：126560200DirectMemory：1827143680, 恢复 ：1
当前时间 ：2026-08-16 00:18:10send keng：3325, sheng ：4194304
decode keng：18, sheng ：2097152
world keng：5, sheng ：1048576

2026-08-16 00:18:15.213 INFO [pool-6-thread-5][:] - /****************流量统计******************/
LastReadBytes:0
LastReadThroughput:0
LastWrittenBytes:0
LastWriteThroughput:0
RealWrittenBytes:0
RealWriteThroughput:0
当前玩家的连接数量:0
当前地图的线程个数：10
当前地图的个数:47
当前数据库执行队列数:0
当前发送队列缓存的对象数量:0
totalMemory：542113792, use ：420253944, free ：121859848DirectMemory：1827143680, 恢复 ：1
当前时间 ：2026-08-16 00:18:15send keng：3325, sheng ：4194304
decode keng：18, sheng ：2097152
world keng：5, sheng ：1048576

2026-08-16 00:18:20.213 INFO [pool-6-thread-7][:] - /****************流量统计******************/
LastReadBytes:0
LastReadThroughput:0
LastWrittenBytes:0
LastWriteThroughput:0
RealWrittenBytes:0
RealWriteThroughput:0
当前玩家的连接数量:0
当前地图的线程个数：10
当前地图的个数:47
当前数据库执行队列数:0
当前发送队列缓存的对象数量:0
totalMemory：542113792, use ：424546568, free ：117567224DirectMemory：1827143680, 恢复 ：1
当前时间 ：2026-08-16 00:18:20send keng：3325, sheng ：4194304
decode keng：18, sheng ：2097152
world keng：5, sheng ：1048576

2026-08-16 00:18:25.213 INFO [pool-6-thread-2][:] - /****************流量统计******************/
LastReadBytes:0
LastReadThroughput:0
LastWrittenBytes:0
LastWriteThroughput:0
RealWrittenBytes:0
RealWriteThroughput:0
当前玩家的连接数量:0
当前地图的线程个数：10
当前地图的个数:47
当前数据库执行队列数:0
当前发送队列缓存的对象数量:0
totalMemory：542113792, use ：429177408, free ：112936384DirectMemory：1827143680, 恢复 ：1
当前时间 ：2026-08-16 00:18:25send keng：3325, sheng ：4194304
decode keng：18, sheng ：2097152
world keng：5, sheng ：1048576

2026-08-16 00:18:30.213 INFO [pool-6-thread-7][:] - /****************流量统计******************/
LastReadBytes:0
LastReadThroughput:0
LastWrittenBytes:0
LastWriteThroughput:0
RealWrittenBytes:0
RealWriteThroughput:0
当前玩家的连接数量:0
当前地图的线程个数：10
当前地图的个数:47
当前数据库执行队列数:0
当前发送队列缓存的对象数量:0
totalMemory：542113792, use ：433632352, free ：108481440DirectMemory：1827143680, 恢复 ：1
当前时间 ：2026-08-16 00:18:30send keng：3325, sheng ：4194304
decode keng：18, sheng ：2097152
world keng：5, sheng ：1048576

2026-08-16 00:18:35.213 INFO [pool-6-thread-3][:] - /****************流量统计******************/
LastReadBytes:0
LastReadThroughput:0
LastWrittenBytes:0
LastWriteThroughput:0
RealWrittenBytes:0
RealWriteThroughput:0
当前玩家的连接数量:0
当前地图的线程个数：10
当前地图的个数:47
当前数据库执行队列数:0
当前发送队列缓存的对象数量:0
totalMemory：542113792, use ：438399208, free ：103714584DirectMemory：1827143680, 恢复 ：1
当前时间 ：2026-08-16 00:18:35send keng：3325, sheng ：4194304
decode keng：18, sheng ：2097152
world keng：5, sheng ：1048576

2026-08-16 00:18:40.213 INFO [pool-6-thread-2][:] - /****************流量统计******************/
LastReadBytes:0
LastReadThroughput:0
LastWrittenBytes:0
LastWriteThroughput:0
RealWrittenBytes:0
RealWriteThroughput:0
当前玩家的连接数量:0
当前地图的线程个数：10
当前地图的个数:47
当前数据库执行队列数:0
当前发送队列缓存的对象数量:0
totalMemory：542113792, use ：442984552, free ：99129240DirectMemory：1827143680, 恢复 ：1
当前时间 ：2026-08-16 00:18:40send keng：3325, sheng ：4194304
decode keng：18, sheng ：2097152
world keng：5, sheng ：1048576

2026-08-16 00:18:45.213 INFO [pool-6-thread-8][:] - /****************流量统计******************/
LastReadBytes:0
LastReadThroughput:0
LastWrittenBytes:0
LastWriteThroughput:0
RealWrittenBytes:0
RealWriteThroughput:0
当前玩家的连接数量:0
当前地图的线程个数：10
当前地图的个数:47
当前数据库执行队列数:0
当前发送队列缓存的对象数量:0
totalMemory：542113792, use ：447379528, free ：94734264DirectMemory：1827143680, 恢复 ：1
当前时间 ：2026-08-16 00:18:45send keng：3325, sheng ：4194304
decode keng：18, sheng ：2097152
world keng：5, sheng ：1048576

2026-08-16 00:18:50.213 INFO [pool-6-thread-8][:] - /****************流量统计******************/
LastReadBytes:0
LastReadThroughput:0
LastWrittenBytes:0
LastWriteThroughput:0
RealWrittenBytes:0
RealWriteThroughput:0
当前玩家的连接数量:0
当前地图的线程个数：10
当前地图的个数:47
当前数据库执行队列数:0
当前发送队列缓存的对象数量:0
totalMemory：542113792, use ：412544968, free ：129568824DirectMemory：1827143680, 恢复 ：1
当前时间 ：2026-08-16 00:18:50send keng：3325, sheng ：4194304
decode keng：18, sheng ：2097152
world keng：5, sheng ：1048576

2026-08-16 00:18:55.213 INFO [pool-6-thread-6][:] - /****************流量统计******************/
LastReadBytes:0
LastReadThroughput:0
LastWrittenBytes:0
LastWriteThroughput:0
RealWrittenBytes:0
RealWriteThroughput:0
当前玩家的连接数量:0
当前地图的线程个数：10
当前地图的个数:47
当前数据库执行队列数:0
当前发送队列缓存的对象数量:0
totalMemory：542113792, use ：417292976, free ：124820816DirectMemory：1827143680, 恢复 ：1
当前时间 ：2026-08-16 00:18:55send keng：3325, sheng ：4194304
decode keng：18, sheng ：2097152
world keng：5, sheng ：1048576

2026-08-16 00:19:00.213 INFO [pool-6-thread-2][:] - /****************流量统计******************/
LastReadBytes:0
LastReadThroughput:0
LastWrittenBytes:0
LastWriteThroughput:0
RealWrittenBytes:0
RealWriteThroughput:0
当前玩家的连接数量:0
当前地图的线程个数：10
当前地图的个数:47
当前数据库执行队列数:0
当前发送队列缓存的对象数量:0
totalMemory：542113792, use ：421859160, free ：120254632DirectMemory：1827143680, 恢复 ：1
当前时间 ：2026-08-16 00:19:00send keng：3325, sheng ：4194304
decode keng：18, sheng ：2097152
world keng：5, sheng ：1048576

2026-08-16 00:19:05.213 INFO [pool-6-thread-8][:] - /****************流量统计******************/
LastReadBytes:0
LastReadThroughput:0
LastWrittenBytes:0
LastWriteThroughput:0
RealWrittenBytes:0
RealWriteThroughput:0
当前玩家的连接数量:0
当前地图的线程个数：10
当前地图的个数:47
当前数据库执行队列数:0
当前发送队列缓存的对象数量:0
totalMemory：542113792, use ：426753520, free ：115360272DirectMemory：1827143680, 恢复 ：1
当前时间 ：2026-08-16 00:19:05send keng：3325, sheng ：4194304
decode keng：18, sheng ：2097152
world keng：5, sheng ：1048576

2026-08-16 00:19:10.213 INFO [pool-6-thread-8][:] - /****************流量统计******************/
LastReadBytes:0
LastReadThroughput:0
LastWrittenBytes:0
LastWriteThroughput:0
RealWrittenBytes:0
RealWriteThroughput:0
当前玩家的连接数量:0
当前地图的线程个数：10
当前地图的个数:47
当前数据库执行队列数:0
当前发送队列缓存的对象数量:0
totalMemory：542113792, use ：430918720, free ：111195072DirectMemory：1827143680, 恢复 ：1
当前时间 ：2026-08-16 00:19:10send keng：3325, sheng ：4194304
decode keng：18, sheng ：2097152
world keng：5, sheng ：1048576

2026-08-16 00:19:15.213 INFO [pool-6-thread-2][:] - /****************流量统计******************/
LastReadBytes:0
LastReadThroughput:0
LastWrittenBytes:0
LastWriteThroughput:0
RealWrittenBytes:0
RealWriteThroughput:0
当前玩家的连接数量:0
当前地图的线程个数：10
当前地图的个数:47
当前数据库执行队列数:0
当前发送队列缓存的对象数量:0
totalMemory：542113792, use ：435564920, free ：106548872DirectMemory：1827143680, 恢复 ：1
当前时间 ：2026-08-16 00:19:15send keng：3325, sheng ：4194304
decode keng：18, sheng ：2097152
world keng：5, sheng ：1048576

2026-08-16 00:19:20.213 INFO [pool-6-thread-2][:] - /****************流量统计******************/
LastReadBytes:0
LastReadThroughput:0
LastWrittenBytes:0
LastWriteThroughput:0
RealWrittenBytes:0
RealWriteThroughput:0
当前玩家的连接数量:0
当前地图的线程个数：10
当前地图的个数:47
当前数据库执行队列数:0
当前发送队列缓存的对象数量:0
totalMemory：542113792, use ：440231672, free ：101882120DirectMemory：1827143680, 恢复 ：1
当前时间 ：2026-08-16 00:19:20send keng：3325, sheng ：4194304
decode keng：18, sheng ：2097152
world keng：5, sheng ：1048576

2026-08-16 00:19:25.213 INFO [pool-6-thread-7][:] - /****************流量统计******************/
LastReadBytes:0
LastReadThroughput:0
LastWrittenBytes:0
LastWriteThroughput:0
RealWrittenBytes:0
RealWriteThroughput:0
当前玩家的连接数量:0
当前地图的线程个数：10
当前地图的个数:47
当前数据库执行队列数:0
当前发送队列缓存的对象数量:0
totalMemory：542113792, use ：444745432, free ：97368360DirectMemory：1827143680, 恢复 ：1
当前时间 ：2026-08-16 00:19:25send keng：3325, sheng ：4194304
decode keng：18, sheng ：2097152
world keng：5, sheng ：1048576

2026-08-16 00:19:30.213 INFO [pool-6-thread-8][:] - /****************流量统计******************/
LastReadBytes:0
LastReadThroughput:0
LastWrittenBytes:0
LastWriteThroughput:0
RealWrittenBytes:0
RealWriteThroughput:0
当前玩家的连接数量:0
当前地图的线程个数：10
当前地图的个数:47
当前数据库执行队列数:0
当前发送队列缓存的对象数量:0
totalMemory：542113792, use ：449324488, free ：92789304DirectMemory：1827143680, 恢复 ：1
当前时间 ：2026-08-16 00:19:30send keng：3325, sheng ：4194304
decode keng：18, sheng ：2097152
world keng：5, sheng ：1048576

2026-08-16 00:19:35.213 INFO [pool-6-thread-6][:] - /****************流量统计******************/
LastReadBytes:0
LastReadThroughput:0
LastWrittenBytes:0
LastWriteThroughput:0
RealWrittenBytes:0
RealWriteThroughput:0
当前玩家的连接数量:0
当前地图的线程个数：10
当前地图的个数:47
当前数据库执行队列数:0
当前发送队列缓存的对象数量:0
totalMemory：542113792, use ：414304456, free ：127809336DirectMemory：1827143680, 恢复 ：1
当前时间 ：2026-08-16 00:19:35send keng：3325, sheng ：4194304
decode keng：18, sheng ：2097152
world keng：5, sheng ：1048576

2026-08-16 00:19:40.213 INFO [pool-6-thread-8][:] - /****************流量统计******************/
LastReadBytes:0
LastReadThroughput:0
LastWrittenBytes:0
LastWriteThroughput:0
RealWrittenBytes:0
RealWriteThroughput:0
当前玩家的连接数量:0
当前地图的线程个数：10
当前地图的个数:47
当前数据库执行队列数:0
当前发送队列缓存的对象数量:0
totalMemory：542113792, use ：418797872, free ：123315920DirectMemory：1827143680, 恢复 ：1
当前时间 ：2026-08-16 00:19:40send keng：3325, sheng ：4194304
decode keng：18, sheng ：2097152
world keng：5, sheng ：1048576

2026-08-16 00:19:45.213 INFO [pool-6-thread-5][:] - /****************流量统计******************/
LastReadBytes:0
LastReadThroughput:0
LastWrittenBytes:0
LastWriteThroughput:0
RealWrittenBytes:0
RealWriteThroughput:0
当前玩家的连接数量:0
当前地图的线程个数：10
当前地图的个数:47
当前数据库执行队列数:0
当前发送队列缓存的对象数量:0
totalMemory：542113792, use ：423502392, free ：118611400DirectMemory：1827143680, 恢复 ：1
当前时间 ：2026-08-16 00:19:45send keng：3325, sheng ：4194304
decode keng：18, sheng ：2097152
world keng：5, sheng ：1048576

2026-08-16 00:19:50.213 INFO [pool-6-thread-9][:] - /****************流量统计******************/
LastReadBytes:0
LastReadThroughput:0
LastWrittenBytes:0
LastWriteThroughput:0
RealWrittenBytes:0
RealWriteThroughput:0
当前玩家的连接数量:0
当前地图的线程个数：10
当前地图的个数:47
当前数据库执行队列数:0
当前发送队列缓存的对象数量:0
totalMemory：542113792, use ：428013632, free ：114100160DirectMemory：1827143680, 恢复 ：1
当前时间 ：2026-08-16 00:19:50send keng：3325, sheng ：4194304
decode keng：18, sheng ：2097152
world keng：5, sheng ：1048576

2026-08-16 00:19:55.213 INFO [pool-6-thread-8][:] - /****************流量统计******************/
LastReadBytes:0
LastReadThroughput:0
LastWrittenBytes:0
LastWriteThroughput:0
RealWrittenBytes:0
RealWriteThroughput:0
当前玩家的连接数量:0
当前地图的线程个数：10
当前地图的个数:47
当前数据库执行队列数:0
当前发送队列缓存的对象数量:0
totalMemory：542113792, use ：432614296, free ：109499496DirectMemory：1827143680, 恢复 ：1
当前时间 ：2026-08-16 00:19:55send keng：3325, sheng ：4194304
decode keng：18, sheng ：2097152
world keng：5, sheng ：1048576

2026-08-16 00:20:00.213 INFO [pool-6-thread-5][:] - /****************流量统计******************/
LastReadBytes:0
LastReadThroughput:0
LastWrittenBytes:0
LastWriteThroughput:0
RealWrittenBytes:0
RealWriteThroughput:0
当前玩家的连接数量:0
当前地图的线程个数：10
当前地图的个数:47
当前数据库执行队列数:0
当前发送队列缓存的对象数量:0
totalMemory：542113792, use ：437436080, free ：104677712DirectMemory：1827143680, 恢复 ：1
当前时间 ：2026-08-16 00:20:00send keng：3325, sheng ：4194304
decode keng：18, sheng ：2097152
world keng：5, sheng ：1048576

2026-08-16 00:20:05.213 INFO [pool-6-thread-2][:] - /****************流量统计******************/
LastReadBytes:0
LastReadThroughput:0
LastWrittenBytes:0
LastWriteThroughput:0
RealWrittenBytes:0
RealWriteThroughput:0
当前玩家的连接数量:0
当前地图的线程个数：10
当前地图的个数:47
当前数据库执行队列数:0
当前发送队列缓存的对象数量:0
totalMemory：542113792, use ：441785152, free ：100328640DirectMemory：1827143680, 恢复 ：1
当前时间 ：2026-08-16 00:20:05send keng：3325, sheng ：4194304
decode keng：18, sheng ：2097152
world keng：5, sheng ：1048576

2026-08-16 00:20:10.213 INFO [pool-6-thread-9][:] - /****************流量统计******************/
LastReadBytes:0
LastReadThroughput:0
LastWrittenBytes:0
LastWriteThroughput:0
RealWrittenBytes:0
RealWriteThroughput:0
当前玩家的连接数量:0
当前地图的线程个数：10
当前地图的个数:47
当前数据库执行队列数:0
当前发送队列缓存的对象数量:0
totalMemory：542113792, use ：446546912, free ：95566880DirectMemory：1827143680, 恢复 ：1
当前时间 ：2026-08-16 00:20:10send keng：3325, sheng ：4194304
decode keng：18, sheng ：2097152
world keng：5, sheng ：1048576

2026-08-16 00:20:15.213 INFO [pool-6-thread-4][:] - /****************流量统计******************/
LastReadBytes:0
LastReadThroughput:0
LastWrittenBytes:0
LastWriteThroughput:0
RealWrittenBytes:0
RealWriteThroughput:0
当前玩家的连接数量:0
当前地图的线程个数：10
当前地图的个数:47
当前数据库执行队列数:0
当前发送队列缓存的对象数量:0
totalMemory：542113792, use ：411706648, free ：130407144DirectMemory：1827143680, 恢复 ：1
当前时间 ：2026-08-16 00:20:15send keng：3325, sheng ：4194304
decode keng：18, sheng ：2097152
world keng：5, sheng ：1048576

2026-08-16 00:20:20.213 INFO [pool-6-thread-1][:] - /****************流量统计******************/
LastReadBytes:0
LastReadThroughput:0
LastWrittenBytes:0
LastWriteThroughput:0
RealWrittenBytes:0
RealWriteThroughput:0
当前玩家的连接数量:0
当前地图的线程个数：10
当前地图的个数:47
当前数据库执行队列数:0
当前发送队列缓存的对象数量:0
totalMemory：542113792, use ：416261432, free ：125852360DirectMemory：1827143680, 恢复 ：1
当前时间 ：2026-08-16 00:20:20send keng：3325, sheng ：4194304
decode keng：18, sheng ：2097152
world keng：5, sheng ：1048576

2026-08-16 00:20:25.213 INFO [pool-6-thread-8][:] - /****************流量统计******************/
LastReadBytes:0
LastReadThroughput:0
LastWrittenBytes:0
LastWriteThroughput:0
RealWrittenBytes:0
RealWriteThroughput:0
当前玩家的连接数量:0
当前地图的线程个数：10
当前地图的个数:47
当前数据库执行队列数:0
当前发送队列缓存的对象数量:0
totalMemory：542113792, use ：420925672, free ：121188120DirectMemory：1827143680, 恢复 ：1
当前时间 ：2026-08-16 00:20:25send keng：3325, sheng ：4194304
decode keng：18, sheng ：2097152
world keng：5, sheng ：1048576

2026-08-16 00:20:30.213 INFO [pool-6-thread-2][:] - /****************流量统计******************/
LastReadBytes:0
LastReadThroughput:0
LastWrittenBytes:0
LastWriteThroughput:0
RealWrittenBytes:0
RealWriteThroughput:0
当前玩家的连接数量:0
当前地图的线程个数：10
当前地图的个数:47
当前数据库执行队列数:0
当前发送队列缓存的对象数量:0
totalMemory：542113792, use ：425439328, free ：116674464DirectMemory：1827143680, 恢复 ：1
当前时间 ：2026-08-16 00:20:30send keng：3325, sheng ：4194304
decode keng：18, sheng ：2097152
world keng：5, sheng ：1048576

2026-08-16 00:20:35.213 INFO [pool-6-thread-6][:] - /****************流量统计******************/
LastReadBytes:0
LastReadThroughput:0
LastWrittenBytes:0
LastWriteThroughput:0
RealWrittenBytes:0
RealWriteThroughput:0
当前玩家的连接数量:0
当前地图的线程个数：10
当前地图的个数:47
当前数据库执行队列数:0
当前发送队列缓存的对象数量:0
totalMemory：542113792, use ：429913336, free ：112200456DirectMemory：1827143680, 恢复 ：1
当前时间 ：2026-08-16 00:20:35send keng：3325, sheng ：4194304
decode keng：18, sheng ：2097152
world keng：5, sheng ：1048576

2026-08-16 00:20:40.213 INFO [pool-6-thread-8][:] - /****************流量统计******************/
LastReadBytes:0
LastReadThroughput:0
LastWrittenBytes:0
LastWriteThroughput:0
RealWrittenBytes:0
RealWriteThroughput:0
当前玩家的连接数量:0
当前地图的线程个数：10
当前地图的个数:47
当前数据库执行队列数:0
当前发送队列缓存的对象数量:0
totalMemory：542113792, use ：434634752, free ：107479040DirectMemory：1827143680, 恢复 ：1
当前时间 ：2026-08-16 00:20:40send keng：3325, sheng ：4194304
decode keng：18, sheng ：2097152
world keng：5, sheng ：1048576

2026-08-16 00:20:45.213 INFO [pool-6-thread-2][:] - /****************流量统计******************/
LastReadBytes:0
LastReadThroughput:0
LastWrittenBytes:0
LastWriteThroughput:0
RealWrittenBytes:0
RealWriteThroughput:0
当前玩家的连接数量:0
当前地图的线程个数：10
当前地图的个数:47
当前数据库执行队列数:0
当前发送队列缓存的对象数量:0
totalMemory：542113792, use ：439056552, free ：103057240DirectMemory：1827143680, 恢复 ：1
当前时间 ：2026-08-16 00:20:45send keng：3325, sheng ：4194304
decode keng：18, sheng ：2097152
world keng：5, sheng ：1048576

2026-08-16 00:20:50.213 INFO [pool-6-thread-4][:] - /****************流量统计******************/
LastReadBytes:0
LastReadThroughput:0
LastWrittenBytes:0
LastWriteThroughput:0
RealWrittenBytes:0
RealWriteThroughput:0
当前玩家的连接数量:0
当前地图的线程个数：10
当前地图的个数:47
当前数据库执行队列数:0
当前发送队列缓存的对象数量:0
totalMemory：542113792, use ：443821976, free ：98291816DirectMemory：1827143680, 恢复 ：1
当前时间 ：2026-08-16 00:20:50send keng：3325, sheng ：4194304
decode keng：18, sheng ：2097152
world keng：5, sheng ：1048576

2026-08-16 00:20:55.213 INFO [pool-6-thread-6][:] - /****************流量统计******************/
LastReadBytes:0
LastReadThroughput:0
LastWrittenBytes:0
LastWriteThroughput:0
RealWrittenBytes:0
RealWriteThroughput:0
当前玩家的连接数量:0
当前地图的线程个数：10
当前地图的个数:47
当前数据库执行队列数:0
当前发送队列缓存的对象数量:0
totalMemory：542113792, use ：448219344, free ：93894448DirectMemory：1827143680, 恢复 ：1
当前时间 ：2026-08-16 00:20:55send keng：3325, sheng ：4194304
decode keng：18, sheng ：2097152
world keng：5, sheng ：1048576

2026-08-16 00:21:00.213 INFO [pool-6-thread-9][:] - /****************流量统计******************/
LastReadBytes:0
LastReadThroughput:0
LastWrittenBytes:0
LastWriteThroughput:0
RealWrittenBytes:0
RealWriteThroughput:0
当前玩家的连接数量:0
当前地图的线程个数：10
当前地图的个数:47
当前数据库执行队列数:0
当前发送队列缓存的对象数量:0
totalMemory：542113792, use ：413382552, free ：128731240DirectMemory：1827143680, 恢复 ：1
当前时间 ：2026-08-16 00:21:00send keng：3325, sheng ：4194304
decode keng：18, sheng ：2097152
world keng：5, sheng ：1048576

2026-08-16 00:21:05.213 INFO [pool-6-thread-8][:] - /****************流量统计******************/
LastReadBytes:0
LastReadThroughput:0
LastWrittenBytes:0
LastWriteThroughput:0
RealWrittenBytes:0
RealWriteThroughput:0
当前玩家的连接数量:0
当前地图的线程个数：10
当前地图的个数:47
当前数据库执行队列数:0
当前发送队列缓存的对象数量:0
totalMemory：542113792, use ：418247208, free ：123866584DirectMemory：1827143680, 恢复 ：1
当前时间 ：2026-08-16 00:21:05send keng：3325, sheng ：4194304
decode keng：18, sheng ：2097152
world keng：5, sheng ：1048576

2026-08-16 00:21:10.213 INFO [pool-6-thread-10][:] - /****************流量统计******************/
LastReadBytes:0
LastReadThroughput:0
LastWrittenBytes:0
LastWriteThroughput:0
RealWrittenBytes:0
RealWriteThroughput:0
当前玩家的连接数量:0
当前地图的线程个数：10
当前地图的个数:47
当前数据库执行队列数:0
当前发送队列缓存的对象数量:0
totalMemory：542113792, use ：422894896, free ：119218896DirectMemory：1827143680, 恢复 ：1
当前时间 ：2026-08-16 00:21:10send keng：3325, sheng ：4194304
decode keng：18, sheng ：2097152
world keng：5, sheng ：1048576

2026-08-16 00:21:15.213 INFO [pool-6-thread-2][:] - /****************流量统计******************/
LastReadBytes:0
LastReadThroughput:0
LastWrittenBytes:0
LastWriteThroughput:0
RealWrittenBytes:0
RealWriteThroughput:0
当前玩家的连接数量:0
当前地图的线程个数：10
当前地图的个数:47
当前数据库执行队列数:0
当前发送队列缓存的对象数量:0
totalMemory：542113792, use ：427066032, free ：115047760DirectMemory：1827143680, 恢复 ：1
当前时间 ：2026-08-16 00:21:15send keng：3325, sheng ：4194304
decode keng：18, sheng ：2097152
world keng：5, sheng ：1048576

2026-08-16 00:21:20.213 INFO [pool-6-thread-4][:] - /****************流量统计******************/
LastReadBytes:0
LastReadThroughput:0
LastWrittenBytes:0
LastWriteThroughput:0
RealWrittenBytes:0
RealWriteThroughput:0
当前玩家的连接数量:0
当前地图的线程个数：10
当前地图的个数:47
当前数据库执行队列数:0
当前发送队列缓存的对象数量:0
totalMemory：542113792, use ：431912968, free ：110200824DirectMemory：1827143680, 恢复 ：1
当前时间 ：2026-08-16 00:21:20send keng：3325, sheng ：4194304
decode keng：18, sheng ：2097152
world keng：5, sheng ：1048576

2026-08-16 00:21:25.213 INFO [pool-6-thread-4][:] - /****************流量统计******************/
LastReadBytes:0
LastReadThroughput:0
LastWrittenBytes:0
LastWriteThroughput:0
RealWrittenBytes:0
RealWriteThroughput:0
当前玩家的连接数量:0
当前地图的线程个数：10
当前地图的个数:47
当前数据库执行队列数:0
当前发送队列缓存的对象数量:0
totalMemory：542113792, use ：436326344, free ：105787448DirectMemory：1827143680, 恢复 ：1
当前时间 ：2026-08-16 00:21:25send keng：3325, sheng ：4194304
decode keng：18, sheng ：2097152
world keng：5, sheng ：1048576

2026-08-16 00:21:30.213 INFO [pool-6-thread-6][:] - /****************流量统计******************/
LastReadBytes:0
LastReadThroughput:0
LastWrittenBytes:0
LastWriteThroughput:0
RealWrittenBytes:0
RealWriteThroughput:0
当前玩家的连接数量:0
当前地图的线程个数：10
当前地图的个数:47
当前数据库执行队列数:0
当前发送队列缓存的对象数量:0
totalMemory：542113792, use ：441095696, free ：101018096DirectMemory：1827143680, 恢复 ：1
当前时间 ：2026-08-16 00:21:30send keng：3325, sheng ：4194304
decode keng：18, sheng ：2097152
world keng：5, sheng ：1048576

2026-08-16 00:21:35.213 INFO [pool-6-thread-7][:] - /****************流量统计******************/
LastReadBytes:0
LastReadThroughput:0
LastWrittenBytes:0
LastWriteThroughput:0
RealWrittenBytes:0
RealWriteThroughput:0
当前玩家的连接数量:0
当前地图的线程个数：10
当前地图的个数:47
当前数据库执行队列数:0
当前发送队列缓存的对象数量:0
totalMemory：542113792, use ：445522648, free ：96591144DirectMemory：1827143680, 恢复 ：1
当前时间 ：2026-08-16 00:21:35send keng：3325, sheng ：4194304
decode keng：18, sheng ：2097152
world keng：5, sheng ：1048576

2026-08-16 00:21:40.213 INFO [pool-6-thread-7][:] - /****************流量统计******************/
LastReadBytes:0
LastReadThroughput:0
LastWrittenBytes:0
LastWriteThroughput:0
RealWrittenBytes:0
RealWriteThroughput:0
当前玩家的连接数量:0
当前地图的线程个数：10
当前地图的个数:47
当前数据库执行队列数:0
当前发送队列缓存的对象数量:0
totalMemory：542113792, use ：411033808, free ：131079984DirectMemory：1827143680, 恢复 ：1
当前时间 ：2026-08-16 00:21:40send keng：3325, sheng ：4194304
decode keng：18, sheng ：2097152
world keng：5, sheng ：1048576

2026-08-16 00:21:45.213 INFO [pool-6-thread-8][:] - /****************流量统计******************/
LastReadBytes:0
LastReadThroughput:0
LastWrittenBytes:0
LastWriteThroughput:0
RealWrittenBytes:0
RealWriteThroughput:0
当前玩家的连接数量:0
当前地图的线程个数：10
当前地图的个数:47
当前数据库执行队列数:0
当前发送队列缓存的对象数量:0
totalMemory：542113792, use ：415027160, free ：127086632DirectMemory：1827143680, 恢复 ：1
当前时间 ：2026-08-16 00:21:45send keng：3325, sheng ：4194304
decode keng：18, sheng ：2097152
world keng：5, sheng ：1048576

2026-08-16 00:21:50.213 INFO [pool-6-thread-4][:] - /****************流量统计******************/
LastReadBytes:0
LastReadThroughput:0
LastWrittenBytes:0
LastWriteThroughput:0
RealWrittenBytes:0
RealWriteThroughput:0
当前玩家的连接数量:0
当前地图的线程个数：10
当前地图的个数:47
当前数据库执行队列数:0
当前发送队列缓存的对象数量:0
totalMemory：542113792, use ：419771032, free ：122342760DirectMemory：1827143680, 恢复 ：1
当前时间 ：2026-08-16 00:21:50send keng：3325, sheng ：4194304
decode keng：18, sheng ：2097152
world keng：5, sheng ：1048576

2026-08-16 00:21:55.213 INFO [pool-6-thread-3][:] - /****************流量统计******************/
LastReadBytes:0
LastReadThroughput:0
LastWrittenBytes:0
LastWriteThroughput:0
RealWrittenBytes:0
RealWriteThroughput:0
当前玩家的连接数量:0
当前地图的线程个数：10
当前地图的个数:47
当前数据库执行队列数:0
当前发送队列缓存的对象数量:0
totalMemory：542113792, use ：424144408, free ：117969384DirectMemory：1827143680, 恢复 ：1
当前时间 ：2026-08-16 00:21:55send keng：3325, sheng ：4194304
decode keng：18, sheng ：2097152
world keng：5, sheng ：1048576

2026-08-16 00:22:00.213 INFO [pool-6-thread-3][:] - /****************流量统计******************/
LastReadBytes:0
LastReadThroughput:0
LastWrittenBytes:0
LastWriteThroughput:0
RealWrittenBytes:0
RealWriteThroughput:0
当前玩家的连接数量:0
当前地图的线程个数：10
当前地图的个数:47
当前数据库执行队列数:0
当前发送队列缓存的对象数量:0
totalMemory：542113792, use ：429036152, free ：113077640DirectMemory：1827143680, 恢复 ：1
当前时间 ：2026-08-16 00:22:00send keng：3325, sheng ：4194304
decode keng：18, sheng ：2097152
world keng：5, sheng ：1048576

2026-08-16 00:22:05.213 INFO [pool-6-thread-9][:] - /****************流量统计******************/
LastReadBytes:0
LastReadThroughput:0
LastWrittenBytes:0
LastWriteThroughput:0
RealWrittenBytes:0
RealWriteThroughput:0
当前玩家的连接数量:0
当前地图的线程个数：10
当前地图的个数:47
当前数据库执行队列数:0
当前发送队列缓存的对象数量:0
totalMemory：542113792, use ：433628160, free ：108485632DirectMemory：1827143680, 恢复 ：1
当前时间 ：2026-08-16 00:22:05send keng：3325, sheng ：4194304
decode keng：18, sheng ：2097152
world keng：5, sheng ：1048576

2026-08-16 00:22:10.213 INFO [pool-6-thread-2][:] - /****************流量统计******************/
LastReadBytes:0
LastReadThroughput:0
LastWrittenBytes:0
LastWriteThroughput:0
RealWrittenBytes:0
RealWriteThroughput:0
当前玩家的连接数量:0
当前地图的线程个数：10
当前地图的个数:47
当前数据库执行队列数:0
当前发送队列缓存的对象数量:0
totalMemory：542113792, use ：438206608, free ：103907184DirectMemory：1827143680, 恢复 ：1
当前时间 ：2026-08-16 00:22:10send keng：3325, sheng ：4194304
decode keng：18, sheng ：2097152
world keng：5, sheng ：1048576

2026-08-16 00:22:15.213 INFO [pool-6-thread-10][:] - /****************流量统计******************/
LastReadBytes:0
LastReadThroughput:0
LastWrittenBytes:0
LastWriteThroughput:0
RealWrittenBytes:0
RealWriteThroughput:0
当前玩家的连接数量:0
当前地图的线程个数：10
当前地图的个数:47
当前数据库执行队列数:0
当前发送队列缓存的对象数量:0
totalMemory：542113792, use ：442564200, free ：99549592DirectMemory：1827143680, 恢复 ：1
当前时间 ：2026-08-16 00:22:15send keng：3325, sheng ：4194304
decode keng：18, sheng ：2097152
world keng：5, sheng ：1048576

2026-08-16 00:22:20.213 INFO [pool-6-thread-10][:] - /****************流量统计******************/
LastReadBytes:0
LastReadThroughput:0
LastWrittenBytes:0
LastWriteThroughput:0
RealWrittenBytes:0
RealWriteThroughput:0
当前玩家的连接数量:0
当前地图的线程个数：10
当前地图的个数:47
当前数据库执行队列数:0
当前发送队列缓存的对象数量:0
totalMemory：542113792, use ：447246920, free ：94866872DirectMemory：1827143680, 恢复 ：1
当前时间 ：2026-08-16 00:22:20send keng：3325, sheng ：4194304
decode keng：18, sheng ：2097152
world keng：5, sheng ：1048576

2026-08-16 00:22:25.213 INFO [pool-6-thread-6][:] - /****************流量统计******************/
LastReadBytes:0
LastReadThroughput:0
LastWrittenBytes:0
LastWriteThroughput:0
RealWrittenBytes:0
RealWriteThroughput:0
当前玩家的连接数量:0
当前地图的线程个数：10
当前地图的个数:47
当前数据库执行队列数:0
当前发送队列缓存的对象数量:0
totalMemory：542113792, use ：412459792, free ：129654000DirectMemory：1827143680, 恢复 ：1
当前时间 ：2026-08-16 00:22:25send keng：3325, sheng ：4194304
decode keng：18, sheng ：2097152
world keng：5, sheng ：1048576

2026-08-16 00:22:30.213 INFO [pool-6-thread-2][:] - /****************流量统计******************/
LastReadBytes:0
LastReadThroughput:0
LastWrittenBytes:0
LastWriteThroughput:0
RealWrittenBytes:0
RealWriteThroughput:0
当前玩家的连接数量:0
当前地图的线程个数：10
当前地图的个数:47
当前数据库执行队列数:0
当前发送队列缓存的对象数量:0
totalMemory：542113792, use ：417270912, free ：124842880DirectMemory：1827143680, 恢复 ：1
当前时间 ：2026-08-16 00:22:30send keng：3325, sheng ：4194304
decode keng：18, sheng ：2097152
world keng：5, sheng ：1048576

2026-08-16 00:22:35.213 INFO [pool-6-thread-2][:] - /****************流量统计******************/
LastReadBytes:0
LastReadThroughput:0
LastWrittenBytes:0
LastWriteThroughput:0
RealWrittenBytes:0
RealWriteThroughput:0
当前玩家的连接数量:0
当前地图的线程个数：10
当前地图的个数:47
当前数据库执行队列数:0
当前发送队列缓存的对象数量:0
totalMemory：542113792, use ：421755384, free ：120358408DirectMemory：1827143680, 恢复 ：1
当前时间 ：2026-08-16 00:22:35send keng：3325, sheng ：4194304
decode keng：18, sheng ：2097152
world keng：5, sheng ：1048576

2026-08-16 00:22:40.213 INFO [pool-6-thread-10][:] - /****************流量统计******************/
LastReadBytes:0
LastReadThroughput:0
LastWrittenBytes:0
LastWriteThroughput:0
RealWrittenBytes:0
RealWriteThroughput:0
当前玩家的连接数量:0
当前地图的线程个数：10
当前地图的个数:47
当前数据库执行队列数:0
当前发送队列缓存的对象数量:0
totalMemory：542113792, use ：426298448, free ：115815344DirectMemory：1827143680, 恢复 ：1
当前时间 ：2026-08-16 00:22:40send keng：3325, sheng ：4194304
decode keng：18, sheng ：2097152
world keng：5, sheng ：1048576

2026-08-16 00:22:45.213 INFO [pool-6-thread-3][:] - /****************流量统计******************/
LastReadBytes:0
LastReadThroughput:0
LastWrittenBytes:0
LastWriteThroughput:0
RealWrittenBytes:0
RealWriteThroughput:0
当前玩家的连接数量:0
当前地图的线程个数：10
当前地图的个数:47
当前数据库执行队列数:0
当前发送队列缓存的对象数量:0
totalMemory：542113792, use ：430658912, free ：111454880DirectMemory：1827143680, 恢复 ：1
当前时间 ：2026-08-16 00:22:45send keng：3325, sheng ：4194304
decode keng：18, sheng ：2097152
world keng：5, sheng ：1048576

2026-08-16 00:22:50.213 INFO [pool-6-thread-5][:] - /****************流量统计******************/
LastReadBytes:0
LastReadThroughput:0
LastWrittenBytes:0
LastWriteThroughput:0
RealWrittenBytes:0
RealWriteThroughput:0
当前玩家的连接数量:0
当前地图的线程个数：10
当前地图的个数:47
当前数据库执行队列数:0
当前发送队列缓存的对象数量:0
totalMemory：542113792, use ：435392768, free ：106721024DirectMemory：1827143680, 恢复 ：1
当前时间 ：2026-08-16 00:22:50send keng：3325, sheng ：4194304
decode keng：18, sheng ：2097152
world keng：5, sheng ：1048576

2026-08-16 00:22:55.213 INFO [pool-6-thread-3][:] - /****************流量统计******************/
LastReadBytes:0
LastReadThroughput:0
LastWrittenBytes:0
LastWriteThroughput:0
RealWrittenBytes:0
RealWriteThroughput:0
当前玩家的连接数量:0
当前地图的线程个数：10
当前地图的个数:47
当前数据库执行队列数:0
当前发送队列缓存的对象数量:0
totalMemory：542113792, use ：439942912, free ：102170880DirectMemory：1827143680, 恢复 ：1
当前时间 ：2026-08-16 00:22:55send keng：3325, sheng ：4194304
decode keng：18, sheng ：2097152
world keng：5, sheng ：1048576

2026-08-16 00:23:00.213 INFO [pool-6-thread-5][:] - /****************流量统计******************/
LastReadBytes:0
LastReadThroughput:0
LastWrittenBytes:0
LastWriteThroughput:0
RealWrittenBytes:0
RealWriteThroughput:0
当前玩家的连接数量:0
当前地图的线程个数：10
当前地图的个数:47
当前数据库执行队列数:0
当前发送队列缓存的对象数量:0
totalMemory：542113792, use ：444626752, free ：97487040DirectMemory：1827143680, 恢复 ：1
当前时间 ：2026-08-16 00:23:00send keng：3325, sheng ：4194304
decode keng：18, sheng ：2097152
world keng：5, sheng ：1048576

2026-08-16 00:23:05.213 INFO [pool-6-thread-2][:] - /****************流量统计******************/
LastReadBytes:0
LastReadThroughput:0
LastWrittenBytes:0
LastWriteThroughput:0
RealWrittenBytes:0
RealWriteThroughput:0
当前玩家的连接数量:0
当前地图的线程个数：10
当前地图的个数:47
当前数据库执行队列数:0
当前发送队列缓存的对象数量:0
totalMemory：542113792, use ：449448784, free ：92665008DirectMemory：1827143680, 恢复 ：1
当前时间 ：2026-08-16 00:23:05send keng：3325, sheng ：4194304
decode keng：18, sheng ：2097152
world keng：5, sheng ：1048576

2026-08-16 00:23:10.213 INFO [pool-6-thread-6][:] - /****************流量统计******************/
LastReadBytes:0
LastReadThroughput:0
LastWrittenBytes:0
LastWriteThroughput:0
RealWrittenBytes:0
RealWriteThroughput:0
当前玩家的连接数量:0
当前地图的线程个数：10
当前地图的个数:47
当前数据库执行队列数:0
当前发送队列缓存的对象数量:0
totalMemory：542113792, use ：414597168, free ：127516624DirectMemory：1827143680, 恢复 ：1
当前时间 ：2026-08-16 00:23:10send keng：3325, sheng ：4194304
decode keng：18, sheng ：2097152
world keng：5, sheng ：1048576

2026-08-16 00:23:15.213 INFO [pool-6-thread-4][:] - /****************流量统计******************/
LastReadBytes:0
LastReadThroughput:0
LastWrittenBytes:0
LastWriteThroughput:0
RealWrittenBytes:0
RealWriteThroughput:0
当前玩家的连接数量:0
当前地图的线程个数：10
当前地图的个数:47
当前数据库执行队列数:0
当前发送队列缓存的对象数量:0
totalMemory：542113792, use ：418880656, free ：123233136DirectMemory：1827143680, 恢复 ：1
当前时间 ：2026-08-16 00:23:15send keng：3325, sheng ：4194304
decode keng：18, sheng ：2097152
world keng：5, sheng ：1048576

2026-08-16 00:23:20.213 INFO [pool-6-thread-6][:] - /****************流量统计******************/
LastReadBytes:0
LastReadThroughput:0
LastWrittenBytes:0
LastWriteThroughput:0
RealWrittenBytes:0
RealWriteThroughput:0
当前玩家的连接数量:0
当前地图的线程个数：10
当前地图的个数:47
当前数据库执行队列数:0
当前发送队列缓存的对象数量:0
totalMemory：542113792, use ：423693352, free ：118420440DirectMemory：1827143680, 恢复 ：1
当前时间 ：2026-08-16 00:23:20send keng：3325, sheng ：4194304
decode keng：18, sheng ：2097152
world keng：5, sheng ：1048576

2026-08-16 00:23:25.213 INFO [pool-6-thread-2][:] - /****************流量统计******************/
LastReadBytes:0
LastReadThroughput:0
LastWrittenBytes:0
LastWriteThroughput:0
RealWrittenBytes:0
RealWriteThroughput:0
当前玩家的连接数量:0
当前地图的线程个数：10
当前地图的个数:47
当前数据库执行队列数:0
当前发送队列缓存的对象数量:0
totalMemory：542113792, use ：428241840, free ：113871952DirectMemory：1827143680, 恢复 ：1
当前时间 ：2026-08-16 00:23:25send keng：3325, sheng ：4194304
decode keng：18, sheng ：2097152
world keng：5, sheng ：1048576

2026-08-16 00:23:30.213 INFO [pool-6-thread-8][:] - /****************流量统计******************/
LastReadBytes:0
LastReadThroughput:0
LastWrittenBytes:0
LastWriteThroughput:0
RealWrittenBytes:0
RealWriteThroughput:0
当前玩家的连接数量:0
当前地图的线程个数：10
当前地图的个数:47
当前数据库执行队列数:0
当前发送队列缓存的对象数量:0
totalMemory：542113792, use ：432895448, free ：109218344DirectMemory：1827143680, 恢复 ：1
当前时间 ：2026-08-16 00:23:30send keng：3325, sheng ：4194304
decode keng：18, sheng ：2097152
world keng：5, sheng ：1048576

2026-08-16 00:23:35.213 INFO [pool-6-thread-7][:] - /****************流量统计******************/
LastReadBytes:0
LastReadThroughput:0
LastWrittenBytes:0
LastWriteThroughput:0
RealWrittenBytes:0
RealWriteThroughput:0
当前玩家的连接数量:0
当前地图的线程个数：10
当前地图的个数:47
当前数据库执行队列数:0
当前发送队列缓存的对象数量:0
totalMemory：542113792, use ：437575928, free ：104537864DirectMemory：1827143680, 恢复 ：1
当前时间 ：2026-08-16 00:23:35send keng：3325, sheng ：4194304
decode keng：18, sheng ：2097152
world keng：5, sheng ：1048576

2026-08-16 00:23:40.213 INFO [pool-6-thread-8][:] - /****************流量统计******************/
LastReadBytes:0
LastReadThroughput:0
LastWrittenBytes:0
LastWriteThroughput:0
RealWrittenBytes:0
RealWriteThroughput:0
当前玩家的连接数量:0
当前地图的线程个数：10
当前地图的个数:47
当前数据库执行队列数:0
当前发送队列缓存的对象数量:0
totalMemory：542113792, use ：442043512, free ：100070280DirectMemory：1827143680, 恢复 ：1
当前时间 ：2026-08-16 00:23:40send keng：3325, sheng ：4194304
decode keng：18, sheng ：2097152
world keng：5, sheng ：1048576

2026-08-16 00:23:45.213 INFO [pool-6-thread-2][:] - /****************流量统计******************/
LastReadBytes:0
LastReadThroughput:0
LastWrittenBytes:0
LastWriteThroughput:0
RealWrittenBytes:0
RealWriteThroughput:0
当前玩家的连接数量:0
当前地图的线程个数：10
当前地图的个数:47
当前数据库执行队列数:0
当前发送队列缓存的对象数量:0
totalMemory：542113792, use ：446520056, free ：95593736DirectMemory：1827143680, 恢复 ：1
当前时间 ：2026-08-16 00:23:45send keng：3325, sheng ：4194304
decode keng：18, sheng ：2097152
world keng：5, sheng ：1048576

2026-08-16 00:23:50.213 INFO [pool-6-thread-5][:] - /****************流量统计******************/
LastReadBytes:0
LastReadThroughput:0
LastWrittenBytes:0
LastWriteThroughput:0
RealWrittenBytes:0
RealWriteThroughput:0
当前玩家的连接数量:0
当前地图的线程个数：10
当前地图的个数:47
当前数据库执行队列数:0
当前发送队列缓存的对象数量:0
totalMemory：542113792, use ：411823976, free ：130289816DirectMemory：1827143680, 恢复 ：1
当前时间 ：2026-08-16 00:23:50send keng：3325, sheng ：4194304
decode keng：18, sheng ：2097152
world keng：5, sheng ：1048576

2026-08-16 00:23:55.213 INFO [pool-6-thread-5][:] - /****************流量统计******************/
LastReadBytes:0
LastReadThroughput:0
LastWrittenBytes:0
LastWriteThroughput:0
RealWrittenBytes:0
RealWriteThroughput:0
当前玩家的连接数量:0
当前地图的线程个数：10
当前地图的个数:47
当前数据库执行队列数:0
当前发送队列缓存的对象数量:0
totalMemory：542113792, use ：416345464, free ：125768328DirectMemory：1827143680, 恢复 ：1
当前时间 ：2026-08-16 00:23:55send keng：3325, sheng ：4194304
decode keng：18, sheng ：2097152
world keng：5, sheng ：1048576

2026-08-16 00:24:00.213 INFO [pool-6-thread-7][:] - /****************流量统计******************/
LastReadBytes:0
LastReadThroughput:0
LastWrittenBytes:0
LastWriteThroughput:0
RealWrittenBytes:0
RealWriteThroughput:0
当前玩家的连接数量:0
当前地图的线程个数：10
当前地图的个数:47
当前数据库执行队列数:0
当前发送队列缓存的对象数量:0
totalMemory：542113792, use ：421125016, free ：120988776DirectMemory：1827143680, 恢复 ：1
当前时间 ：2026-08-16 00:24:00send keng：3325, sheng ：4194304
decode keng：18, sheng ：2097152
world keng：5, sheng ：1048576

2026-08-16 00:24:05.213 INFO [pool-6-thread-9][:] - /****************流量统计******************/
LastReadBytes:0
LastReadThroughput:0
LastWrittenBytes:0
LastWriteThroughput:0
RealWrittenBytes:0
RealWriteThroughput:0
当前玩家的连接数量:0
当前地图的线程个数：10
当前地图的个数:47
当前数据库执行队列数:0
当前发送队列缓存的对象数量:0
totalMemory：542113792, use ：425779376, free ：116334416DirectMemory：1827143680, 恢复 ：1
当前时间 ：2026-08-16 00:24:05send keng：3325, sheng ：4194304
decode keng：18, sheng ：2097152
world keng：5, sheng ：1048576

2026-08-16 00:24:10.213 INFO [pool-6-thread-3][:] - /****************流量统计******************/
LastReadBytes:0
LastReadThroughput:0
LastWrittenBytes:0
LastWriteThroughput:0
RealWrittenBytes:0
RealWriteThroughput:0
当前玩家的连接数量:0
当前地图的线程个数：10
当前地图的个数:47
当前数据库执行队列数:0
当前发送队列缓存的对象数量:0
totalMemory：542113792, use ：430094080, free ：112019712DirectMemory：1827143680, 恢复 ：1
当前时间 ：2026-08-16 00:24:10send keng：3325, sheng ：4194304
decode keng：18, sheng ：2097152
world keng：5, sheng ：1048576

2026-08-16 00:24:15.213 INFO [pool-6-thread-9][:] - /****************流量统计******************/
LastReadBytes:0
LastReadThroughput:0
LastWrittenBytes:0
LastWriteThroughput:0
RealWrittenBytes:0
RealWriteThroughput:0
当前玩家的连接数量:0
当前地图的线程个数：10
当前地图的个数:47
当前数据库执行队列数:0
当前发送队列缓存的对象数量:0
totalMemory：542113792, use ：434871728, free ：107242064DirectMemory：1827143680, 恢复 ：1
当前时间 ：2026-08-16 00:24:15send keng：3325, sheng ：4194304
decode keng：18, sheng ：2097152
world keng：5, sheng ：1048576

2026-08-16 00:24:20.213 INFO [pool-6-thread-9][:] - /****************流量统计******************/
LastReadBytes:0
LastReadThroughput:0
LastWrittenBytes:0
LastWriteThroughput:0
RealWrittenBytes:0
RealWriteThroughput:0
当前玩家的连接数量:0
当前地图的线程个数：10
当前地图的个数:47
当前数据库执行队列数:0
当前发送队列缓存的对象数量:0
totalMemory：542113792, use ：439393024, free ：102720768DirectMemory：1827143680, 恢复 ：1
当前时间 ：2026-08-16 00:24:20send keng：3325, sheng ：4194304
decode keng：18, sheng ：2097152
world keng：5, sheng ：1048576

2026-08-16 00:24:25.213 INFO [pool-6-thread-5][:] - /****************流量统计******************/
LastReadBytes:0
LastReadThroughput:0
LastWrittenBytes:0
LastWriteThroughput:0
RealWrittenBytes:0
RealWriteThroughput:0
当前玩家的连接数量:0
当前地图的线程个数：10
当前地图的个数:47
当前数据库执行队列数:0
当前发送队列缓存的对象数量:0
totalMemory：542113792, use ：444159056, free ：97954736DirectMemory：1827143680, 恢复 ：1
当前时间 ：2026-08-16 00:24:25send keng：3325, sheng ：4194304
decode keng：18, sheng ：2097152
world keng：5, sheng ：1048576

2026-08-16 00:24:30.213 INFO [pool-6-thread-5][:] - /****************流量统计******************/
LastReadBytes:0
LastReadThroughput:0
LastWrittenBytes:0
LastWriteThroughput:0
RealWrittenBytes:0
RealWriteThroughput:0
当前玩家的连接数量:0
当前地图的线程个数：10
当前地图的个数:47
当前数据库执行队列数:0
当前发送队列缓存的对象数量:0
totalMemory：542113792, use ：448526512, free ：93587280DirectMemory：1827143680, 恢复 ：1
当前时间 ：2026-08-16 00:24:30send keng：3325, sheng ：4194304
decode keng：18, sheng ：2097152
world keng：5, sheng ：1048576

2026-08-16 00:24:35.213 INFO [pool-6-thread-7][:] - /****************流量统计******************/
LastReadBytes:0
LastReadThroughput:0
LastWrittenBytes:0
LastWriteThroughput:0
RealWrittenBytes:0
RealWriteThroughput:0
当前玩家的连接数量:0
当前地图的线程个数：10
当前地图的个数:47
当前数据库执行队列数:0
当前发送队列缓存的对象数量:0
totalMemory：542113792, use ：414020408, free ：128093384DirectMemory：1827143680, 恢复 ：1
当前时间 ：2026-08-16 00:24:35send keng：3325, sheng ：4194304
decode keng：18, sheng ：2097152
world keng：5, sheng ：1048576

2026-08-16 00:24:40.213 INFO [pool-6-thread-6][:] - /****************流量统计******************/
LastReadBytes:0
LastReadThroughput:0
LastWrittenBytes:0
LastWriteThroughput:0
RealWrittenBytes:0
RealWriteThroughput:0
当前玩家的连接数量:0
当前地图的线程个数：10
当前地图的个数:47
当前数据库执行队列数:0
当前发送队列缓存的对象数量:0
totalMemory：542113792, use ：418221104, free ：123892688DirectMemory：1827143680, 恢复 ：1
当前时间 ：2026-08-16 00:24:40send keng：3325, sheng ：4194304
decode keng：18, sheng ：2097152
world keng：5, sheng ：1048576

2026-08-16 00:24:45.214 INFO [pool-6-thread-10][:] - /****************流量统计******************/
LastReadBytes:0
LastReadThroughput:0
LastWrittenBytes:0
LastWriteThroughput:0
RealWrittenBytes:0
RealWriteThroughput:0
当前玩家的连接数量:0
当前地图的线程个数：10
当前地图的个数:47
当前数据库执行队列数:0
当前发送队列缓存的对象数量:0
totalMemory：542113792, use ：422865992, free ：119247800DirectMemory：1827143680, 恢复 ：1
当前时间 ：2026-08-16 00:24:45send keng：3325, sheng ：4194304
decode keng：18, sheng ：2097152
world keng：5, sheng ：1048576

2026-08-16 00:24:50.213 INFO [pool-6-thread-7][:] - /****************流量统计******************/
LastReadBytes:0
LastReadThroughput:0
LastWrittenBytes:0
LastWriteThroughput:0
RealWrittenBytes:0
RealWriteThroughput:0
当前玩家的连接数量:0
当前地图的线程个数：10
当前地图的个数:47
当前数据库执行队列数:0
当前发送队列缓存的对象数量:0
totalMemory：542113792, use ：427404608, free ：114709184DirectMemory：1827143680, 恢复 ：1
当前时间 ：2026-08-16 00:24:50send keng：3325, sheng ：4194304
decode keng：18, sheng ：2097152
world keng：5, sheng ：1048576

2026-08-16 00:24:55.213 INFO [pool-6-thread-1][:] - /****************流量统计******************/
LastReadBytes:0
LastReadThroughput:0
LastWrittenBytes:0
LastWriteThroughput:0
RealWrittenBytes:0
RealWriteThroughput:0
当前玩家的连接数量:0
当前地图的线程个数：10
当前地图的个数:47
当前数据库执行队列数:0
当前发送队列缓存的对象数量:0
totalMemory：542113792, use ：432137296, free ：109976496DirectMemory：1827143680, 恢复 ：1
当前时间 ：2026-08-16 00:24:55send keng：3325, sheng ：4194304
decode keng：18, sheng ：2097152
world keng：5, sheng ：1048576

2026-08-16 00:25:00.213 INFO [pool-6-thread-3][:] - /****************流量统计******************/
LastReadBytes:0
LastReadThroughput:0
LastWrittenBytes:0
LastWriteThroughput:0
RealWrittenBytes:0
RealWriteThroughput:0
当前玩家的连接数量:0
当前地图的线程个数：10
当前地图的个数:47
当前数据库执行队列数:0
当前发送队列缓存的对象数量:0
totalMemory：542113792, use ：436776568, free ：105337224DirectMemory：1827143680, 恢复 ：1
当前时间 ：2026-08-16 00:25:00send keng：3325, sheng ：4194304
decode keng：18, sheng ：2097152
world keng：5, sheng ：1048576

2026-08-16 00:25:05.213 INFO [pool-6-thread-5][:] - /****************流量统计******************/
LastReadBytes:0
LastReadThroughput:0
LastWrittenBytes:0
LastWriteThroughput:0
RealWrittenBytes:0
RealWriteThroughput:0
当前玩家的连接数量:0
当前地图的线程个数：10
当前地图的个数:47
当前数据库执行队列数:0
当前发送队列缓存的对象数量:0
totalMemory：542113792, use ：441384440, free ：100729352DirectMemory：1827143680, 恢复 ：1
当前时间 ：2026-08-16 00:25:05send keng：3325, sheng ：4194304
decode keng：18, sheng ：2097152
world keng：5, sheng ：1048576

2026-08-16 00:25:10.213 INFO [pool-6-thread-6][:] - /****************流量统计******************/
LastReadBytes:0
LastReadThroughput:0
LastWrittenBytes:0
LastWriteThroughput:0
RealWrittenBytes:0
RealWriteThroughput:0
当前玩家的连接数量:0
当前地图的线程个数：10
当前地图的个数:47
当前数据库执行队列数:0
当前发送队列缓存的对象数量:0
totalMemory：542113792, use ：445980912, free ：96132880DirectMemory：1827143680, 恢复 ：1
当前时间 ：2026-08-16 00:25:10send keng：3325, sheng ：4194304
decode keng：18, sheng ：2097152
world keng：5, sheng ：1048576

2026-08-16 00:25:15.213 INFO [pool-6-thread-10][:] - /****************流量统计******************/
LastReadBytes:0
LastReadThroughput:0
LastWrittenBytes:0
LastWriteThroughput:0
RealWrittenBytes:0
RealWriteThroughput:0
当前玩家的连接数量:0
当前地图的线程个数：10
当前地图的个数:47
当前数据库执行队列数:0
当前发送队列缓存的对象数量:0
totalMemory：542113792, use ：411242104, free ：130871688DirectMemory：1827143680, 恢复 ：1
当前时间 ：2026-08-16 00:25:15send keng：3325, sheng ：4194304
decode keng：18, sheng ：2097152
world keng：5, sheng ：1048576

2026-08-16 00:25:20.213 INFO [pool-6-thread-10][:] - /****************流量统计******************/
LastReadBytes:0
LastReadThroughput:0
LastWrittenBytes:0
LastWriteThroughput:0
RealWrittenBytes:0
RealWriteThroughput:0
当前玩家的连接数量:0
当前地图的线程个数：10
当前地图的个数:47
当前数据库执行队列数:0
当前发送队列缓存的对象数量:0
totalMemory：542113792, use ：415669880, free ：126443912DirectMemory：1827143680, 恢复 ：1
当前时间 ：2026-08-16 00:25:20send keng：3325, sheng ：4194304
decode keng：18, sheng ：2097152
world keng：5, sheng ：1048576

2026-08-16 00:25:25.213 INFO [pool-6-thread-8][:] - /****************流量统计******************/
LastReadBytes:0
LastReadThroughput:0
LastWrittenBytes:0
LastWriteThroughput:0
RealWrittenBytes:0
RealWriteThroughput:0
当前玩家的连接数量:0
当前地图的线程个数：10
当前地图的个数:47
当前数据库执行队列数:0
当前发送队列缓存的对象数量:0
totalMemory：542113792, use ：420387760, free ：121726032DirectMemory：1827143680, 恢复 ：1
当前时间 ：2026-08-16 00:25:25send keng：3325, sheng ：4194304
decode keng：18, sheng ：2097152
world keng：5, sheng ：1048576

2026-08-16 00:25:30.213 INFO [pool-6-thread-2][:] - /****************流量统计******************/
LastReadBytes:0
LastReadThroughput:0
LastWrittenBytes:0
LastWriteThroughput:0
RealWrittenBytes:0
RealWriteThroughput:0
当前玩家的连接数量:0
当前地图的线程个数：10
当前地图的个数:47
当前数据库执行队列数:0
当前发送队列缓存的对象数量:0
totalMemory：542113792, use ：424917056, free ：117196736DirectMemory：1827143680, 恢复 ：1
当前时间 ：2026-08-16 00:25:30send keng：3325, sheng ：4194304
decode keng：18, sheng ：2097152
world keng：5, sheng ：1048576

2026-08-16 00:25:35.213 INFO [pool-6-thread-2][:] - /****************流量统计******************/
LastReadBytes:0
LastReadThroughput:0
LastWrittenBytes:0
LastWriteThroughput:0
RealWrittenBytes:0
RealWriteThroughput:0
当前玩家的连接数量:0
当前地图的线程个数：10
当前地图的个数:47
当前数据库执行队列数:0
当前发送队列缓存的对象数量:0
totalMemory：542113792, use ：429568456, free ：112545336DirectMemory：1827143680, 恢复 ：1
当前时间 ：2026-08-16 00:25:35send keng：3325, sheng ：4194304
decode keng：18, sheng ：2097152
world keng：5, sheng ：1048576

2026-08-16 00:25:40.213 INFO [pool-6-thread-6][:] - /****************流量统计******************/
LastReadBytes:0
LastReadThroughput:0
LastWrittenBytes:0
LastWriteThroughput:0
RealWrittenBytes:0
RealWriteThroughput:0
当前玩家的连接数量:0
当前地图的线程个数：10
当前地图的个数:47
当前数据库执行队列数:0
当前发送队列缓存的对象数量:0
totalMemory：542113792, use ：434018544, free ：108095248DirectMemory：1827143680, 恢复 ：1
当前时间 ：2026-08-16 00:25:40send keng：3325, sheng ：4194304
decode keng：18, sheng ：2097152
world keng：5, sheng ：1048576

2026-08-16 00:25:45.213 INFO [pool-6-thread-4][:] - /****************流量统计******************/
LastReadBytes:0
LastReadThroughput:0
LastWrittenBytes:0
LastWriteThroughput:0
RealWrittenBytes:0
RealWriteThroughput:0
当前玩家的连接数量:0
当前地图的线程个数：10
当前地图的个数:47
当前数据库执行队列数:0
当前发送队列缓存的对象数量:0
totalMemory：542113792, use ：438563240, free ：103550552DirectMemory：1827143680, 恢复 ：1
当前时间 ：2026-08-16 00:25:45send keng：3325, sheng ：4194304
decode keng：18, sheng ：2097152
world keng：5, sheng ：1048576

2026-08-16 00:25:50.213 INFO [pool-6-thread-7][:] - /****************流量统计******************/
LastReadBytes:0
LastReadThroughput:0
LastWrittenBytes:0
LastWriteThroughput:0
RealWrittenBytes:0
RealWriteThroughput:0
当前玩家的连接数量:0
当前地图的线程个数：10
当前地图的个数:47
当前数据库执行队列数:0
当前发送队列缓存的对象数量:0
totalMemory：542113792, use ：443282248, free ：98831544DirectMemory：1827143680, 恢复 ：1
当前时间 ：2026-08-16 00:25:50send keng：3325, sheng ：4194304
decode keng：18, sheng ：2097152
world keng：5, sheng ：1048576

2026-08-16 00:25:55.213 INFO [pool-6-thread-8][:] - /****************流量统计******************/
LastReadBytes:0
LastReadThroughput:0
LastWrittenBytes:0
LastWriteThroughput:0
RealWrittenBytes:0
RealWriteThroughput:0
当前玩家的连接数量:0
当前地图的线程个数：10
当前地图的个数:47
当前数据库执行队列数:0
当前发送队列缓存的对象数量:0
totalMemory：542113792, use ：447774712, free ：94339080DirectMemory：1827143680, 恢复 ：1
当前时间 ：2026-08-16 00:25:55send keng：3325, sheng ：4194304
decode keng：18, sheng ：2097152
world keng：5, sheng ：1048576

2026-08-16 00:26:00.213 INFO [pool-6-thread-9][:] - /****************流量统计******************/
LastReadBytes:0
LastReadThroughput:0
LastWrittenBytes:0
LastWriteThroughput:0
RealWrittenBytes:0
RealWriteThroughput:0
当前玩家的连接数量:0
当前地图的线程个数：10
当前地图的个数:47
当前数据库执行队列数:0
当前发送队列缓存的对象数量:0
totalMemory：542113792, use ：413273200, free ：128840592DirectMemory：1827143680, 恢复 ：1
当前时间 ：2026-08-16 00:26:00send keng：3325, sheng ：4194304
decode keng：18, sheng ：2097152
world keng：5, sheng ：1048576

2026-08-16 00:26:05.213 INFO [pool-6-thread-3][:] - /****************流量统计******************/
LastReadBytes:0
LastReadThroughput:0
LastWrittenBytes:0
LastWriteThroughput:0
RealWrittenBytes:0
RealWriteThroughput:0
当前玩家的连接数量:0
当前地图的线程个数：10
当前地图的个数:47
当前数据库执行队列数:0
当前发送队列缓存的对象数量:0
totalMemory：542113792, use ：417748264, free ：124365528DirectMemory：1827143680, 恢复 ：1
当前时间 ：2026-08-16 00:26:05send keng：3325, sheng ：4194304
decode keng：18, sheng ：2097152
world keng：5, sheng ：1048576

2026-08-16 00:26:10.213 INFO [pool-6-thread-10][:] - /****************流量统计******************/
LastReadBytes:0
LastReadThroughput:0
LastWrittenBytes:0
LastWriteThroughput:0
RealWrittenBytes:0
RealWriteThroughput:0
当前玩家的连接数量:0
当前地图的线程个数：10
当前地图的个数:47
当前数据库执行队列数:0
当前发送队列缓存的对象数量:0
totalMemory：542113792, use ：422237224, free ：119876568DirectMemory：1827143680, 恢复 ：1
当前时间 ：2026-08-16 00:26:10send keng：3325, sheng ：4194304
decode keng：18, sheng ：2097152
world keng：5, sheng ：1048576

2026-08-16 00:26:15.213 INFO [pool-6-thread-10][:] - /****************流量统计******************/
LastReadBytes:0
LastReadThroughput:0
LastWrittenBytes:0
LastWriteThroughput:0
RealWrittenBytes:0
RealWriteThroughput:0
当前玩家的连接数量:0
当前地图的线程个数：10
当前地图的个数:47
当前数据库执行队列数:0
当前发送队列缓存的对象数量:0
totalMemory：542113792, use ：426900680, free ：115213112DirectMemory：1827143680, 恢复 ：1
当前时间 ：2026-08-16 00:26:15send keng：3325, sheng ：4194304
decode keng：18, sheng ：2097152
world keng：5, sheng ：1048576

2026-08-16 00:26:20.213 INFO [pool-6-thread-2][:] - /****************流量统计******************/
LastReadBytes:0
LastReadThroughput:0
LastWrittenBytes:0
LastWriteThroughput:0
RealWrittenBytes:0
RealWriteThroughput:0
当前玩家的连接数量:0
当前地图的线程个数：10
当前地图的个数:47
当前数据库执行队列数:0
当前发送队列缓存的对象数量:0
totalMemory：542113792, use ：431653144, free ：110460648DirectMemory：1827143680, 恢复 ：1
当前时间 ：2026-08-16 00:26:20send keng：3325, sheng ：4194304
decode keng：18, sheng ：2097152
world keng：5, sheng ：1048576

2026-08-16 00:26:25.213 INFO [pool-6-thread-4][:] - /****************流量统计******************/
LastReadBytes:0
LastReadThroughput:0
LastWrittenBytes:0
LastWriteThroughput:0
RealWrittenBytes:0
RealWriteThroughput:0
当前玩家的连接数量:0
当前地图的线程个数：10
当前地图的个数:47
当前数据库执行队列数:0
当前发送队列缓存的对象数量:0
totalMemory：542113792, use ：436182440, free ：105931352DirectMemory：1827143680, 恢复 ：1
当前时间 ：2026-08-16 00:26:25send keng：3325, sheng ：4194304
decode keng：18, sheng ：2097152
world keng：5, sheng ：1048576

2026-08-16 00:26:30.213 INFO [pool-6-thread-4][:] - /****************流量统计******************/
LastReadBytes:0
LastReadThroughput:0
LastWrittenBytes:0
LastWriteThroughput:0
RealWrittenBytes:0
RealWriteThroughput:0
当前玩家的连接数量:0
当前地图的线程个数：10
当前地图的个数:47
当前数据库执行队列数:0
当前发送队列缓存的对象数量:0
totalMemory：542113792, use ：440762800, free ：101350992DirectMemory：1827143680, 恢复 ：1
当前时间 ：2026-08-16 00:26:30send keng：3325, sheng ：4194304
decode keng：18, sheng ：2097152
world keng：5, sheng ：1048576

2026-08-16 00:26:35.213 INFO [pool-6-thread-6][:] - /****************流量统计******************/
LastReadBytes:0
LastReadThroughput:0
LastWrittenBytes:0
LastWriteThroughput:0
RealWrittenBytes:0
RealWriteThroughput:0
当前玩家的连接数量:0
当前地图的线程个数：10
当前地图的个数:47
当前数据库执行队列数:0
当前发送队列缓存的对象数量:0
totalMemory：542113792, use ：445176096, free ：96937696DirectMemory：1827143680, 恢复 ：1
当前时间 ：2026-08-16 00:26:35send keng：3325, sheng ：4194304
decode keng：18, sheng ：2097152
world keng：5, sheng ：1048576

2026-08-16 00:26:40.213 INFO [pool-6-thread-10][:] - /****************流量统计******************/
LastReadBytes:0
LastReadThroughput:0
LastWrittenBytes:0
LastWriteThroughput:0
RealWrittenBytes:0
RealWriteThroughput:0
当前玩家的连接数量:0
当前地图的线程个数：10
当前地图的个数:47
当前数据库执行队列数:0
当前发送队列缓存的对象数量:0
totalMemory：542113792, use ：449784776, free ：92329016DirectMemory：1827143680, 恢复 ：1
当前时间 ：2026-08-16 00:26:40send keng：3325, sheng ：4194304
decode keng：18, sheng ：2097152
world keng：5, sheng ：1048576

2026-08-16 00:26:45.213 INFO [pool-6-thread-8][:] - /****************流量统计******************/
LastReadBytes:0
LastReadThroughput:0
LastWrittenBytes:0
LastWriteThroughput:0
RealWrittenBytes:0
RealWriteThroughput:0
当前玩家的连接数量:0
当前地图的线程个数：10
当前地图的个数:47
当前数据库执行队列数:0
当前发送队列缓存的对象数量:0
totalMemory：542113792, use ：414982720, free ：127131072DirectMemory：1827143680, 恢复 ：1
当前时间 ：2026-08-16 00:26:45send keng：3325, sheng ：4194304
decode keng：18, sheng ：2097152
world keng：5, sheng ：1048576

2026-08-16 00:26:50.213 INFO [pool-6-thread-2][:] - /****************流量统计******************/
LastReadBytes:0
LastReadThroughput:0
LastWrittenBytes:0
LastWriteThroughput:0
RealWrittenBytes:0
RealWriteThroughput:0
当前玩家的连接数量:0
当前地图的线程个数：10
当前地图的个数:47
当前数据库执行队列数:0
当前发送队列缓存的对象数量:0
totalMemory：542113792, use ：419774096, free ：122339696DirectMemory：1827143680, 恢复 ：1
当前时间 ：2026-08-16 00:26:50send keng：3325, sheng ：4194304
decode keng：18, sheng ：2097152
world keng：5, sheng ：1048576

2026-08-16 00:26:55.213 INFO [pool-6-thread-6][:] - /****************流量统计******************/
LastReadBytes:0
LastReadThroughput:0
LastWrittenBytes:0
LastWriteThroughput:0
RealWrittenBytes:0
RealWriteThroughput:0
当前玩家的连接数量:0
当前地图的线程个数：10
当前地图的个数:47
当前数据库执行队列数:0
当前发送队列缓存的对象数量:0
totalMemory：542113792, use ：424159544, free ：117954248DirectMemory：1827143680, 恢复 ：1
当前时间 ：2026-08-16 00:26:55send keng：3325, sheng ：4194304
decode keng：18, sheng ：2097152
world keng：5, sheng ：1048576

2026-08-16 00:27:00.213 INFO [pool-6-thread-6][:] - /****************流量统计******************/
LastReadBytes:0
LastReadThroughput:0
LastWrittenBytes:0
LastWriteThroughput:0
RealWrittenBytes:0
RealWriteThroughput:0
当前玩家的连接数量:0
当前地图的线程个数：10
当前地图的个数:47
当前数据库执行队列数:0
当前发送队列缓存的对象数量:0
totalMemory：542113792, use ：428947992, free ：113165800DirectMemory：1827143680, 恢复 ：1
当前时间 ：2026-08-16 00:27:00send keng：3325, sheng ：4194304
decode keng：18, sheng ：2097152
world keng：5, sheng ：1048576

2026-08-16 00:27:05.213 INFO [pool-6-thread-4][:] - /****************流量统计******************/
LastReadBytes:0
LastReadThroughput:0
LastWrittenBytes:0
LastWriteThroughput:0
RealWrittenBytes:0
RealWriteThroughput:0
当前玩家的连接数量:0
当前地图的线程个数：10
当前地图的个数:47
当前数据库执行队列数:0
当前发送队列缓存的对象数量:0
totalMemory：542113792, use ：433621816, free ：108491976DirectMemory：1827143680, 恢复 ：1
当前时间 ：2026-08-16 00:27:05send keng：3325, sheng ：4194304
decode keng：18, sheng ：2097152
world keng：5, sheng ：1048576

2026-08-16 00:27:10.213 INFO [pool-6-thread-3][:] - /****************流量统计******************/
LastReadBytes:0
LastReadThroughput:0
LastWrittenBytes:0
LastWriteThroughput:0
RealWrittenBytes:0
RealWriteThroughput:0
当前玩家的连接数量:0
当前地图的线程个数：10
当前地图的个数:47
当前数据库执行队列数:0
当前发送队列缓存的对象数量:0
totalMemory：542113792, use ：438128104, free ：103985688DirectMemory：1827143680, 恢复 ：1
当前时间 ：2026-08-16 00:27:10send keng：3325, sheng ：4194304
decode keng：18, sheng ：2097152
world keng：5, sheng ：1048576

2026-08-16 00:27:15.213 INFO [pool-6-thread-7][:] - /****************流量统计******************/
LastReadBytes:0
LastReadThroughput:0
LastWrittenBytes:0
LastWriteThroughput:0
RealWrittenBytes:0
RealWriteThroughput:0
当前玩家的连接数量:0
当前地图的线程个数：10
当前地图的个数:47
当前数据库执行队列数:0
当前发送队列缓存的对象数量:0
totalMemory：542113792, use ：442598896, free ：99514896DirectMemory：1827143680, 恢复 ：1
当前时间 ：2026-08-16 00:27:15send keng：3325, sheng ：4194304
decode keng：18, sheng ：2097152
world keng：5, sheng ：1048576

2026-08-16 00:27:20.213 INFO [pool-6-thread-3][:] - /****************流量统计******************/
LastReadBytes:0
LastReadThroughput:0
LastWrittenBytes:0
LastWriteThroughput:0
RealWrittenBytes:0
RealWriteThroughput:0
当前玩家的连接数量:0
当前地图的线程个数：10
当前地图的个数:47
当前数据库执行队列数:0
当前发送队列缓存的对象数量:0
totalMemory：542113792, use ：447340616, free ：94773176DirectMemory：1827143680, 恢复 ：1
当前时间 ：2026-08-16 00:27:20send keng：3325, sheng ：4194304
decode keng：18, sheng ：2097152
world keng：5, sheng ：1048576

2026-08-16 00:27:25.213 INFO [pool-6-thread-1][:] - /****************流量统计******************/
LastReadBytes:0
LastReadThroughput:0
LastWrittenBytes:0
LastWriteThroughput:0
RealWrittenBytes:0
RealWriteThroughput:0
当前玩家的连接数量:0
当前地图的线程个数：10
当前地图的个数:47
当前数据库执行队列数:0
当前发送队列缓存的对象数量:0
totalMemory：542113792, use ：412435768, free ：129678024DirectMemory：1827143680, 恢复 ：1
当前时间 ：2026-08-16 00:27:25send keng：3325, sheng ：4194304
decode keng：18, sheng ：2097152
world keng：5, sheng ：1048576

2026-08-16 00:27:30.213 INFO [pool-6-thread-5][:] - /****************流量统计******************/
LastReadBytes:0
LastReadThroughput:0
LastWrittenBytes:0
LastWriteThroughput:0
RealWrittenBytes:0
RealWriteThroughput:0
当前玩家的连接数量:0
当前地图的线程个数：10
当前地图的个数:47
当前数据库执行队列数:0
当前发送队列缓存的对象数量:0
totalMemory：542113792, use ：417309304, free ：124804488DirectMemory：1827143680, 恢复 ：1
当前时间 ：2026-08-16 00:27:30send keng：3325, sheng ：4194304
decode keng：18, sheng ：2097152
world keng：5, sheng ：1048576

2026-08-16 00:27:35.213 INFO [pool-6-thread-3][:] - /****************流量统计******************/
LastReadBytes:0
LastReadThroughput:0
LastWrittenBytes:0
LastWriteThroughput:0
RealWrittenBytes:0
RealWriteThroughput:0
当前玩家的连接数量:0
当前地图的线程个数：10
当前地图的个数:47
当前数据库执行队列数:0
当前发送队列缓存的对象数量:0
totalMemory：542113792, use ：421659048, free ：120454744DirectMemory：1827143680, 恢复 ：1
当前时间 ：2026-08-16 00:27:35send keng：3325, sheng ：4194304
decode keng：18, sheng ：2097152
world keng：5, sheng ：1048576

2026-08-16 00:27:40.213 INFO [pool-6-thread-2][:] - /****************流量统计******************/
LastReadBytes:0
LastReadThroughput:0
LastWrittenBytes:0
LastWriteThroughput:0
RealWrittenBytes:0
RealWriteThroughput:0
当前玩家的连接数量:0
当前地图的线程个数：10
当前地图的个数:47
当前数据库执行队列数:0
当前发送队列缓存的对象数量:0
totalMemory：542113792, use ：426390656, free ：115723136DirectMemory：1827143680, 恢复 ：1
当前时间 ：2026-08-16 00:27:40send keng：3325, sheng ：4194304
decode keng：18, sheng ：2097152
world keng：5, sheng ：1048576

2026-08-16 00:27:45.213 INFO [pool-6-thread-2][:] - /****************流量统计******************/
LastReadBytes:0
LastReadThroughput:0
LastWrittenBytes:0
LastWriteThroughput:0
RealWrittenBytes:0
RealWriteThroughput:0
当前玩家的连接数量:0
当前地图的线程个数：10
当前地图的个数:47
当前数据库执行队列数:0
当前发送队列缓存的对象数量:0
totalMemory：542113792, use ：430747752, free ：111366040DirectMemory：1827143680, 恢复 ：1
当前时间 ：2026-08-16 00:27:45send keng：3325, sheng ：4194304
decode keng：18, sheng ：2097152
world keng：5, sheng ：1048576

2026-08-16 00:27:50.213 INFO [pool-6-thread-5][:] - /****************流量统计******************/
LastReadBytes:0
LastReadThroughput:0
LastWrittenBytes:0
LastWriteThroughput:0
RealWrittenBytes:0
RealWriteThroughput:0
当前玩家的连接数量:0
当前地图的线程个数：10
当前地图的个数:47
当前数据库执行队列数:0
当前发送队列缓存的对象数量:0
totalMemory：542113792, use ：435440648, free ：106673144DirectMemory：1827143680, 恢复 ：1
当前时间 ：2026-08-16 00:27:50send keng：3325, sheng ：4194304
decode keng：18, sheng ：2097152
world keng：5, sheng ：1048576

2026-08-16 00:27:55.213 INFO [pool-6-thread-8][:] - /****************流量统计******************/
LastReadBytes:0
LastReadThroughput:0
LastWrittenBytes:0
LastWriteThroughput:0
RealWrittenBytes:0
RealWriteThroughput:0
当前玩家的连接数量:0
当前地图的线程个数：10
当前地图的个数:47
当前数据库执行队列数:0
当前发送队列缓存的对象数量:0
totalMemory：542113792, use ：439947304, free ：102166488DirectMemory：1827143680, 恢复 ：1
当前时间 ：2026-08-16 00:27:55send keng：3325, sheng ：4194304
decode keng：18, sheng ：2097152
world keng：5, sheng ：1048576

2026-08-16 00:28:00.213 INFO [pool-6-thread-5][:] - /****************流量统计******************/
LastReadBytes:0
LastReadThroughput:0
LastWrittenBytes:0
LastWriteThroughput:0
RealWrittenBytes:0
RealWriteThroughput:0
当前玩家的连接数量:0
当前地图的线程个数：10
当前地图的个数:47
当前数据库执行队列数:0
当前发送队列缓存的对象数量:0
totalMemory：542113792, use ：444868264, free ：97245528DirectMemory：1827143680, 恢复 ：1
当前时间 ：2026-08-16 00:28:00send keng：3325, sheng ：4194304
decode keng：18, sheng ：2097152
world keng：5, sheng ：1048576

2026-08-16 00:28:05.213 INFO [pool-6-thread-6][:] - /****************流量统计******************/
LastReadBytes:0
LastReadThroughput:0
LastWrittenBytes:0
LastWriteThroughput:0
RealWrittenBytes:0
RealWriteThroughput:0
当前玩家的连接数量:0
当前地图的线程个数：10
当前地图的个数:47
当前数据库执行队列数:0
当前发送队列缓存的对象数量:0
totalMemory：542113792, use ：449453936, free ：92659856DirectMemory：1827143680, 恢复 ：1
当前时间 ：2026-08-16 00:28:05send keng：3325, sheng ：4194304
decode keng：18, sheng ：2097152
world keng：5, sheng ：1048576

2026-08-16 00:28:10.213 INFO [pool-6-thread-4][:] - /****************流量统计******************/
LastReadBytes:0
LastReadThroughput:0
LastWrittenBytes:0
LastWriteThroughput:0
RealWrittenBytes:0
RealWriteThroughput:0
当前玩家的连接数量:0
当前地图的线程个数：10
当前地图的个数:47
当前数据库执行队列数:0
当前发送队列缓存的对象数量:0
totalMemory：542113792, use ：414807184, free ：127306608DirectMemory：1827143680, 恢复 ：1
当前时间 ：2026-08-16 00:28:10send keng：3325, sheng ：4194304
decode keng：18, sheng ：2097152
world keng：5, sheng ：1048576

2026-08-16 00:28:15.213 INFO [pool-6-thread-6][:] - /****************流量统计******************/
LastReadBytes:0
LastReadThroughput:0
LastWrittenBytes:0
LastWriteThroughput:0
RealWrittenBytes:0
RealWriteThroughput:0
当前玩家的连接数量:0
当前地图的线程个数：10
当前地图的个数:47
当前数据库执行队列数:0
当前发送队列缓存的对象数量:0
totalMemory：542113792, use ：419328904, free ：122784888DirectMemory：1827143680, 恢复 ：1
当前时间 ：2026-08-16 00:28:15send keng：3325, sheng ：4194304
decode keng：18, sheng ：2097152
world keng：5, sheng ：1048576

2026-08-16 00:28:20.213 INFO [pool-6-thread-3][:] - /****************流量统计******************/
LastReadBytes:0
LastReadThroughput:0
LastWrittenBytes:0
LastWriteThroughput:0
RealWrittenBytes:0
RealWriteThroughput:0
当前玩家的连接数量:0
当前地图的线程个数：10
当前地图的个数:47
当前数据库执行队列数:0
当前发送队列缓存的对象数量:0
totalMemory：542113792, use ：423812088, free ：118301704DirectMemory：1827143680, 恢复 ：1
当前时间 ：2026-08-16 00:28:20send keng：3325, sheng ：4194304
decode keng：18, sheng ：2097152
world keng：5, sheng ：1048576

2026-08-16 00:28:25.213 INFO [pool-6-thread-9][:] - /****************流量统计******************/
LastReadBytes:0
LastReadThroughput:0
LastWrittenBytes:0
LastWriteThroughput:0
RealWrittenBytes:0
RealWriteThroughput:0
当前玩家的连接数量:0
当前地图的线程个数：10
当前地图的个数:47
当前数据库执行队列数:0
当前发送队列缓存的对象数量:0
totalMemory：542113792, use ：428488984, free ：113624808DirectMemory：1827143680, 恢复 ：1
当前时间 ：2026-08-16 00:28:25send keng：3325, sheng ：4194304
decode keng：18, sheng ：2097152
world keng：5, sheng ：1048576

2026-08-16 00:28:30.213 INFO [pool-6-thread-6][:] - /****************流量统计******************/
LastReadBytes:0
LastReadThroughput:0
LastWrittenBytes:0
LastWriteThroughput:0
RealWrittenBytes:0
RealWriteThroughput:0
当前玩家的连接数量:0
当前地图的线程个数：10
当前地图的个数:47
当前数据库执行队列数:0
当前发送队列缓存的对象数量:0
totalMemory：542113792, use ：433010256, free ：109103536DirectMemory：1827143680, 恢复 ：1
当前时间 ：2026-08-16 00:28:30send keng：3325, sheng ：4194304
decode keng：18, sheng ：2097152
world keng：5, sheng ：1048576

2026-08-16 00:28:35.213 INFO [pool-6-thread-2][:] - /****************流量统计******************/
LastReadBytes:0
LastReadThroughput:0
LastWrittenBytes:0
LastWriteThroughput:0
RealWrittenBytes:0
RealWriteThroughput:0
当前玩家的连接数量:0
当前地图的线程个数：10
当前地图的个数:47
当前数据库执行队列数:0
当前发送队列缓存的对象数量:0
totalMemory：542113792, use ：437700192, free ：104413600DirectMemory：1827143680, 恢复 ：1
当前时间 ：2026-08-16 00:28:35send keng：3325, sheng ：4194304
decode keng：18, sheng ：2097152
world keng：5, sheng ：1048576

2026-08-16 00:28:40.213 INFO [pool-6-thread-7][:] - /****************流量统计******************/
LastReadBytes:0
LastReadThroughput:0
LastWrittenBytes:0
LastWriteThroughput:0
RealWrittenBytes:0
RealWriteThroughput:0
当前玩家的连接数量:0
当前地图的线程个数：10
当前地图的个数:47
当前数据库执行队列数:0
当前发送队列缓存的对象数量:0
totalMemory：542113792, use ：442302832, free ：99810960DirectMemory：1827143680, 恢复 ：1
当前时间 ：2026-08-16 00:28:40send keng：3325, sheng ：4194304
decode keng：18, sheng ：2097152
world keng：5, sheng ：1048576

2026-08-16 00:28:45.213 INFO [pool-6-thread-5][:] - /****************流量统计******************/
LastReadBytes:0
LastReadThroughput:0
LastWrittenBytes:0
LastWriteThroughput:0
RealWrittenBytes:0
RealWriteThroughput:0
当前玩家的连接数量:0
当前地图的线程个数：10
当前地图的个数:47
当前数据库执行队列数:0
当前发送队列缓存的对象数量:0
totalMemory：542113792, use ：446992232, free ：95121560DirectMemory：1827143680, 恢复 ：1
当前时间 ：2026-08-16 00:28:45send keng：3325, sheng ：4194304
decode keng：18, sheng ：2097152
world keng：5, sheng ：1048576

2026-08-16 00:28:50.213 INFO [pool-6-thread-1][:] - /****************流量统计******************/
LastReadBytes:0
LastReadThroughput:0
LastWrittenBytes:0
LastWriteThroughput:0
RealWrittenBytes:0
RealWriteThroughput:0
当前玩家的连接数量:0
当前地图的线程个数：10
当前地图的个数:47
当前数据库执行队列数:0
当前发送队列缓存的对象数量:0
totalMemory：542113792, use ：412067240, free ：130046552DirectMemory：1827143680, 恢复 ：1
当前时间 ：2026-08-16 00:28:50send keng：3325, sheng ：4194304
decode keng：18, sheng ：2097152
world keng：5, sheng ：1048576

2026-08-16 00:28:55.213 INFO [pool-6-thread-6][:] - /****************流量统计******************/
LastReadBytes:0
LastReadThroughput:0
LastWrittenBytes:0
LastWriteThroughput:0
RealWrittenBytes:0
RealWriteThroughput:0
当前玩家的连接数量:0
当前地图的线程个数：10
当前地图的个数:47
当前数据库执行队列数:0
当前发送队列缓存的对象数量:0
totalMemory：542113792, use ：416695440, free ：125418352DirectMemory：1827143680, 恢复 ：1
当前时间 ：2026-08-16 00:28:55send keng：3325, sheng ：4194304
decode keng：18, sheng ：2097152
world keng：5, sheng ：1048576

2026-08-16 00:29:00.213 INFO [pool-6-thread-6][:] - /****************流量统计******************/
LastReadBytes:0
LastReadThroughput:0
LastWrittenBytes:0
LastWriteThroughput:0
RealWrittenBytes:0
RealWriteThroughput:0
当前玩家的连接数量:0
当前地图的线程个数：10
当前地图的个数:47
当前数据库执行队列数:0
当前发送队列缓存的对象数量:0
totalMemory：542113792, use ：421355648, free ：120758144DirectMemory：1827143680, 恢复 ：1
当前时间 ：2026-08-16 00:29:00send keng：3325, sheng ：4194304
decode keng：18, sheng ：2097152
world keng：5, sheng ：1048576

2026-08-16 00:29:05.213 INFO [pool-6-thread-4][:] - /****************流量统计******************/
LastReadBytes:0
LastReadThroughput:0
LastWrittenBytes:0
LastWriteThroughput:0
RealWrittenBytes:0
RealWriteThroughput:0
当前玩家的连接数量:0
当前地图的线程个数：10
当前地图的个数:47
当前数据库执行队列数:0
当前发送队列缓存的对象数量:0
totalMemory：542113792, use ：426262768, free ：115851024DirectMemory：1827143680, 恢复 ：1
当前时间 ：2026-08-16 00:29:05send keng：3325, sheng ：4194304
decode keng：18, sheng ：2097152
world keng：5, sheng ：1048576

2026-08-16 00:29:10.213 INFO [pool-6-thread-2][:] - /****************流量统计******************/
LastReadBytes:0
LastReadThroughput:0
LastWrittenBytes:0
LastWriteThroughput:0
RealWrittenBytes:0
RealWriteThroughput:0
当前玩家的连接数量:0
当前地图的线程个数：10
当前地图的个数:47
当前数据库执行队列数:0
当前发送队列缓存的对象数量:0
totalMemory：542113792, use ：430735808, free ：111377984DirectMemory：1827143680, 恢复 ：1
当前时间 ：2026-08-16 00:29:10send keng：3325, sheng ：4194304
decode keng：18, sheng ：2097152
world keng：5, sheng ：1048576

2026-08-16 00:29:15.213 INFO [pool-6-thread-5][:] - /****************流量统计******************/
LastReadBytes:0
LastReadThroughput:0
LastWrittenBytes:0
LastWriteThroughput:0
RealWrittenBytes:0
RealWriteThroughput:0
当前玩家的连接数量:0
当前地图的线程个数：10
当前地图的个数:47
当前数据库执行队列数:0
当前发送队列缓存的对象数量:0
totalMemory：542113792, use ：435399520, free ：106714272DirectMemory：1827143680, 恢复 ：1
当前时间 ：2026-08-16 00:29:15send keng：3325, sheng ：4194304
decode keng：18, sheng ：2097152
world keng：5, sheng ：1048576

2026-08-16 00:29:20.213 INFO [pool-6-thread-5][:] - /****************流量统计******************/
LastReadBytes:0
LastReadThroughput:0
LastWrittenBytes:0
LastWriteThroughput:0
RealWrittenBytes:0
RealWriteThroughput:0
当前玩家的连接数量:0
当前地图的线程个数：10
当前地图的个数:47
当前数据库执行队列数:0
当前发送队列缓存的对象数量:0
totalMemory：542113792, use ：439664112, free ：102449680DirectMemory：1827143680, 恢复 ：1
当前时间 ：2026-08-16 00:29:20send keng：3325, sheng ：4194304
decode keng：18, sheng ：2097152
world keng：5, sheng ：1048576

2026-08-16 00:29:25.213 INFO [pool-6-thread-10][:] - /****************流量统计******************/
LastReadBytes:0
LastReadThroughput:0
LastWrittenBytes:0
LastWriteThroughput:0
RealWrittenBytes:0
RealWriteThroughput:0
当前玩家的连接数量:0
当前地图的线程个数：10
当前地图的个数:47
当前数据库执行队列数:0
当前发送队列缓存的对象数量:0
totalMemory：542113792, use ：444342168, free ：97771624DirectMemory：1827143680, 恢复 ：1
当前时间 ：2026-08-16 00:29:25send keng：3325, sheng ：4194304
decode keng：18, sheng ：2097152
world keng：5, sheng ：1048576

2026-08-16 00:29:30.213 INFO [pool-6-thread-6][:] - /****************流量统计******************/
LastReadBytes:0
LastReadThroughput:0
LastWrittenBytes:0
LastWriteThroughput:0
RealWrittenBytes:0
RealWriteThroughput:0
当前玩家的连接数量:0
当前地图的线程个数：10
当前地图的个数:47
当前数据库执行队列数:0
当前发送队列缓存的对象数量:0
totalMemory：542113792, use ：449084232, free ：93029560DirectMemory：1827143680, 恢复 ：1
当前时间 ：2026-08-16 00:29:30send keng：3325, sheng ：4194304
decode keng：18, sheng ：2097152
world keng：5, sheng ：1048576

2026-08-16 00:29:35.213 INFO [pool-6-thread-2][:] - /****************流量统计******************/
LastReadBytes:0
LastReadThroughput:0
LastWrittenBytes:0
LastWriteThroughput:0
RealWrittenBytes:0
RealWriteThroughput:0
当前玩家的连接数量:0
当前地图的线程个数：10
当前地图的个数:47
当前数据库执行队列数:0
当前发送队列缓存的对象数量:0
totalMemory：542113792, use ：414379984, free ：127733808DirectMemory：1827143680, 恢复 ：1
当前时间 ：2026-08-16 00:29:35send keng：3325, sheng ：4194304
decode keng：18, sheng ：2097152
world keng：5, sheng ：1048576

2026-08-16 00:29:40.213 INFO [pool-6-thread-6][:] - /****************流量统计******************/
LastReadBytes:0
LastReadThroughput:0
LastWrittenBytes:0
LastWriteThroughput:0
RealWrittenBytes:0
RealWriteThroughput:0
当前玩家的连接数量:0
当前地图的线程个数：10
当前地图的个数:47
当前数据库执行队列数:0
当前发送队列缓存的对象数量:0
totalMemory：542113792, use ：418833968, free ：123279824DirectMemory：1827143680, 恢复 ：1
当前时间 ：2026-08-16 00:29:40send keng：3325, sheng ：4194304
decode keng：18, sheng ：2097152
world keng：5, sheng ：1048576

2026-08-16 00:29:45.213 INFO [pool-6-thread-9][:] - /****************流量统计******************/
LastReadBytes:0
LastReadThroughput:0
LastWrittenBytes:0
LastWriteThroughput:0
RealWrittenBytes:0
RealWriteThroughput:0
当前玩家的连接数量:0
当前地图的线程个数：10
当前地图的个数:47
当前数据库执行队列数:0
当前发送队列缓存的对象数量:0
totalMemory：542113792, use ：423547272, free ：118566520DirectMemory：1827143680, 恢复 ：1
当前时间 ：2026-08-16 00:29:45send keng：3325, sheng ：4194304
decode keng：18, sheng ：2097152
world keng：5, sheng ：1048576

2026-08-16 00:29:50.213 INFO [pool-6-thread-8][:] - /****************流量统计******************/
LastReadBytes:0
LastReadThroughput:0
LastWrittenBytes:0
LastWriteThroughput:0
RealWrittenBytes:0
RealWriteThroughput:0
当前玩家的连接数量:0
当前地图的线程个数：10
当前地图的个数:47
当前数据库执行队列数:0
当前发送队列缓存的对象数量:0
totalMemory：542113792, use ：428155320, free ：113958472DirectMemory：1827143680, 恢复 ：1
当前时间 ：2026-08-16 00:29:50send keng：3325, sheng ：4194304
decode keng：18, sheng ：2097152
world keng：5, sheng ：1048576

2026-08-16 00:29:55.213 INFO [pool-6-thread-3][:] - /****************流量统计******************/
LastReadBytes:0
LastReadThroughput:0
LastWrittenBytes:0
LastWriteThroughput:0
RealWrittenBytes:0
RealWriteThroughput:0
当前玩家的连接数量:0
当前地图的线程个数：10
当前地图的个数:47
当前数据库执行队列数:0
当前发送队列缓存的对象数量:0
totalMemory：542113792, use ：432790080, free ：109323712DirectMemory：1827143680, 恢复 ：1
当前时间 ：2026-08-16 00:29:55send keng：3325, sheng ：4194304
decode keng：18, sheng ：2097152
world keng：5, sheng ：1048576

2026-08-16 00:30:00.213 INFO [pool-6-thread-9][:] - /****************流量统计******************/
LastReadBytes:0
LastReadThroughput:0
LastWrittenBytes:0
LastWriteThroughput:0
RealWrittenBytes:0
RealWriteThroughput:0
当前玩家的连接数量:0
当前地图的线程个数：10
当前地图的个数:47
当前数据库执行队列数:0
当前发送队列缓存的对象数量:0
totalMemory：542113792, use ：437567176, free ：104546616DirectMemory：1827143680, 恢复 ：1
当前时间 ：2026-08-16 00:30:00send keng：3325, sheng ：4194304
decode keng：18, sheng ：2097152
world keng：5, sheng ：1048576

2026-08-16 00:30:05.213 INFO [pool-6-thread-2][:] - /****************流量统计******************/
LastReadBytes:0
LastReadThroughput:0
LastWrittenBytes:0
LastWriteThroughput:0
RealWrittenBytes:0
RealWriteThroughput:0
当前玩家的连接数量:0
当前地图的线程个数：10
当前地图的个数:47
当前数据库执行队列数:0
当前发送队列缓存的对象数量:0
totalMemory：542113792, use ：441914552, free ：100199240DirectMemory：1827143680, 恢复 ：1
当前时间 ：2026-08-16 00:30:05send keng：3325, sheng ：4194304
decode keng：18, sheng ：2097152
world keng：5, sheng ：1048576

2026-08-16 00:30:10.213 INFO [pool-6-thread-3][:] - /****************流量统计******************/
LastReadBytes:0
LastReadThroughput:0
LastWrittenBytes:0
LastWriteThroughput:0
RealWrittenBytes:0
RealWriteThroughput:0
当前玩家的连接数量:0
当前地图的线程个数：10
当前地图的个数:47
当前数据库执行队列数:0
当前发送队列缓存的对象数量:0
totalMemory：542113792, use ：446582976, free ：95530816DirectMemory：1827143680, 恢复 ：1
当前时间 ：2026-08-16 00:30:10send keng：3325, sheng ：4194304
decode keng：18, sheng ：2097152
world keng：5, sheng ：1048576

2026-08-16 00:30:15.213 INFO [pool-6-thread-7][:] - /****************流量统计******************/
LastReadBytes:0
LastReadThroughput:0
LastWrittenBytes:0
LastWriteThroughput:0
RealWrittenBytes:0
RealWriteThroughput:0
当前玩家的连接数量:0
当前地图的线程个数：10
当前地图的个数:47
当前数据库执行队列数:0
当前发送队列缓存的对象数量:0
totalMemory：542113792, use ：411825792, free ：130288000DirectMemory：1827143680, 恢复 ：1
当前时间 ：2026-08-16 00:30:15send keng：3325, sheng ：4194304
decode keng：18, sheng ：2097152
world keng：5, sheng ：1048576

2026-08-16 00:30:20.213 INFO [pool-6-thread-3][:] - /****************流量统计******************/
LastReadBytes:0
LastReadThroughput:0
LastWrittenBytes:0
LastWriteThroughput:0
RealWrittenBytes:0
RealWriteThroughput:0
当前玩家的连接数量:0
当前地图的线程个数：10
当前地图的个数:47
当前数据库执行队列数:0
当前发送队列缓存的对象数量:0
totalMemory：542113792, use ：416442528, free ：125671264DirectMemory：1827143680, 恢复 ：1
当前时间 ：2026-08-16 00:30:20send keng：3325, sheng ：4194304
decode keng：18, sheng ：2097152
world keng：5, sheng ：1048576

2026-08-16 00:30:25.213 INFO [pool-6-thread-2][:] - /****************流量统计******************/
LastReadBytes:0
LastReadThroughput:0
LastWrittenBytes:0
LastWriteThroughput:0
RealWrittenBytes:0
RealWriteThroughput:0
当前玩家的连接数量:0
当前地图的线程个数：10
当前地图的个数:47
当前数据库执行队列数:0
当前发送队列缓存的对象数量:0
totalMemory：542113792, use ：421163800, free ：120949992DirectMemory：1827143680, 恢复 ：1
当前时间 ：2026-08-16 00:30:25send keng：3325, sheng ：4194304
decode keng：18, sheng ：2097152
world keng：5, sheng ：1048576

2026-08-16 00:30:30.213 INFO [pool-6-thread-4][:] - /****************流量统计******************/
LastReadBytes:0
LastReadThroughput:0
LastWrittenBytes:0
LastWriteThroughput:0
RealWrittenBytes:0
RealWriteThroughput:0
当前玩家的连接数量:0
当前地图的线程个数：10
当前地图的个数:47
当前数据库执行队列数:0
当前发送队列缓存的对象数量:0
totalMemory：542113792, use ：425843552, free ：116270240DirectMemory：1827143680, 恢复 ：1
当前时间 ：2026-08-16 00:30:30send keng：3325, sheng ：4194304
decode keng：18, sheng ：2097152
world keng：5, sheng ：1048576

2026-08-16 00:30:35.213 INFO [pool-6-thread-2][:] - /****************流量统计******************/
LastReadBytes:0
LastReadThroughput:0
LastWrittenBytes:0
LastWriteThroughput:0
RealWrittenBytes:0
RealWriteThroughput:0
当前玩家的连接数量:0
当前地图的线程个数：10
当前地图的个数:47
当前数据库执行队列数:0
当前发送队列缓存的对象数量:0
totalMemory：542113792, use ：430280048, free ：111833744DirectMemory：1827143680, 恢复 ：1
当前时间 ：2026-08-16 00:30:35send keng：3325, sheng ：4194304
decode keng：18, sheng ：2097152
world keng：5, sheng ：1048576

2026-08-16 00:30:40.213 INFO [pool-6-thread-5][:] - /****************流量统计******************/
LastReadBytes:0
LastReadThroughput:0
LastWrittenBytes:0
LastWriteThroughput:0
RealWrittenBytes:0
RealWriteThroughput:0
当前玩家的连接数量:0
当前地图的线程个数：10
当前地图的个数:47
当前数据库执行队列数:0
当前发送队列缓存的对象数量:0
totalMemory：542113792, use ：434959976, free ：107153816DirectMemory：1827143680, 恢复 ：1
当前时间 ：2026-08-16 00:30:40send keng：3325, sheng ：4194304
decode keng：18, sheng ：2097152
world keng：5, sheng ：1048576

2026-08-16 00:30:45.213 INFO [pool-6-thread-8][:] - /****************流量统计******************/
LastReadBytes:0
LastReadThroughput:0
LastWrittenBytes:0
LastWriteThroughput:0
RealWrittenBytes:0
RealWriteThroughput:0
当前玩家的连接数量:0
当前地图的线程个数：10
当前地图的个数:47
当前数据库执行队列数:0
当前发送队列缓存的对象数量:0
totalMemory：542113792, use ：439463624, free ：102650168DirectMemory：1827143680, 恢复 ：1
当前时间 ：2026-08-16 00:30:45send keng：3325, sheng ：4194304
decode keng：18, sheng ：2097152
world keng：5, sheng ：1048576

2026-08-16 00:30:50.213 INFO [pool-6-thread-9][:] - /****************流量统计******************/
LastReadBytes:0
LastReadThroughput:0
LastWrittenBytes:0
LastWriteThroughput:0
RealWrittenBytes:0
RealWriteThroughput:0
当前玩家的连接数量:0
当前地图的线程个数：10
当前地图的个数:47
当前数据库执行队列数:0
当前发送队列缓存的对象数量:0
totalMemory：542113792, use ：444079536, free ：98034256DirectMemory：1827143680, 恢复 ：1
当前时间 ：2026-08-16 00:30:50send keng：3325, sheng ：4194304
decode keng：18, sheng ：2097152
world keng：5, sheng ：1048576

2026-08-16 00:30:55.213 INFO [pool-6-thread-2][:] - /****************流量统计******************/
LastReadBytes:0
LastReadThroughput:0
LastWrittenBytes:0
LastWriteThroughput:0
RealWrittenBytes:0
RealWriteThroughput:0
当前玩家的连接数量:0
当前地图的线程个数：10
当前地图的个数:47
当前数据库执行队列数:0
当前发送队列缓存的对象数量:0
totalMemory：542113792, use ：448633936, free ：93479856DirectMemory：1827143680, 恢复 ：1
当前时间 ：2026-08-16 00:30:55send keng：3325, sheng ：4194304
decode keng：18, sheng ：2097152
world keng：5, sheng ：1048576

2026-08-16 00:31:00.213 INFO [pool-6-thread-8][:] - /****************流量统计******************/
LastReadBytes:0
LastReadThroughput:0
LastWrittenBytes:0
LastWriteThroughput:0
RealWrittenBytes:0
RealWriteThroughput:0
当前玩家的连接数量:0
当前地图的线程个数：10
当前地图的个数:47
当前数据库执行队列数:0
当前发送队列缓存的对象数量:0
totalMemory：542113792, use ：414278376, free ：127835416DirectMemory：1827143680, 恢复 ：1
当前时间 ：2026-08-16 00:31:00send keng：3325, sheng ：4194304
decode keng：18, sheng ：2097152
world keng：5, sheng ：1048576

2026-08-16 00:31:05.213 INFO [pool-6-thread-4][:] - /****************流量统计******************/
LastReadBytes:0
LastReadThroughput:0
LastWrittenBytes:0
LastWriteThroughput:0
RealWrittenBytes:0
RealWriteThroughput:0
当前玩家的连接数量:0
当前地图的线程个数：10
当前地图的个数:47
当前数据库执行队列数:0
当前发送队列缓存的对象数量:0
totalMemory：542113792, use ：418936160, free ：123177632DirectMemory：1827143680, 恢复 ：1
当前时间 ：2026-08-16 00:31:05send keng：3325, sheng ：4194304
decode keng：18, sheng ：2097152
world keng：5, sheng ：1048576

2026-08-16 00:31:10.213 INFO [pool-6-thread-4][:] - /****************流量统计******************/
LastReadBytes:0
LastReadThroughput:0
LastWrittenBytes:0
LastWriteThroughput:0
RealWrittenBytes:0
RealWriteThroughput:0
当前玩家的连接数量:0
当前地图的线程个数：10
当前地图的个数:47
当前数据库执行队列数:0
当前发送队列缓存的对象数量:0
totalMemory：542113792, use ：423522664, free ：118591128DirectMemory：1827143680, 恢复 ：1
当前时间 ：2026-08-16 00:31:10send keng：3325, sheng ：4194304
decode keng：18, sheng ：2097152
world keng：5, sheng ：1048576

2026-08-16 00:31:15.213 INFO [pool-6-thread-2][:] - /****************流量统计******************/
LastReadBytes:0
LastReadThroughput:0
LastWrittenBytes:0
LastWriteThroughput:0
RealWrittenBytes:0
RealWriteThroughput:0
当前玩家的连接数量:0
当前地图的线程个数：10
当前地图的个数:47
当前数据库执行队列数:0
当前发送队列缓存的对象数量:0
totalMemory：542113792, use ：427848160, free ：114265632DirectMemory：1827143680, 恢复 ：1
当前时间 ：2026-08-16 00:31:15send keng：3325, sheng ：4194304
decode keng：18, sheng ：2097152
world keng：5, sheng ：1048576

2026-08-16 00:31:20.213 INFO [pool-6-thread-10][:] - /****************流量统计******************/
LastReadBytes:0
LastReadThroughput:0
LastWrittenBytes:0
LastWriteThroughput:0
RealWrittenBytes:0
RealWriteThroughput:0
当前玩家的连接数量:0
当前地图的线程个数：10
当前地图的个数:47
当前数据库执行队列数:0
当前发送队列缓存的对象数量:0
totalMemory：542113792, use ：432504584, free ：109609208DirectMemory：1827143680, 恢复 ：1
当前时间 ：2026-08-16 00:31:20send keng：3325, sheng ：4194304
decode keng：18, sheng ：2097152
world keng：5, sheng ：1048576

2026-08-16 00:31:25.213 INFO [pool-6-thread-2][:] - /****************流量统计******************/
LastReadBytes:0
LastReadThroughput:0
LastWrittenBytes:0
LastWriteThroughput:0
RealWrittenBytes:0
RealWriteThroughput:0
当前玩家的连接数量:0
当前地图的线程个数：10
当前地图的个数:47
当前数据库执行队列数:0
当前发送队列缓存的对象数量:0
totalMemory：542113792, use ：437219560, free ：104894232DirectMemory：1827143680, 恢复 ：1
当前时间 ：2026-08-16 00:31:25send keng：3325, sheng ：4194304
decode keng：18, sheng ：2097152
world keng：5, sheng ：1048576

2026-08-16 00:31:30.213 INFO [pool-6-thread-10][:] - /****************流量统计******************/
LastReadBytes:0
LastReadThroughput:0
LastWrittenBytes:0
LastWriteThroughput:0
RealWrittenBytes:0
RealWriteThroughput:0
当前玩家的连接数量:0
当前地图的线程个数：10
当前地图的个数:47
当前数据库执行队列数:0
当前发送队列缓存的对象数量:0
totalMemory：542113792, use ：441848216, free ：100265576DirectMemory：1827143680, 恢复 ：1
当前时间 ：2026-08-16 00:31:30send keng：3325, sheng ：4194304
decode keng：18, sheng ：2097152
world keng：5, sheng ：1048576

2026-08-16 00:31:35.213 INFO [pool-6-thread-9][:] - /****************流量统计******************/
LastReadBytes:0
LastReadThroughput:0
LastWrittenBytes:0
LastWriteThroughput:0
RealWrittenBytes:0
RealWriteThroughput:0
当前玩家的连接数量:0
当前地图的线程个数：10
当前地图的个数:47
当前数据库执行队列数:0
当前发送队列缓存的对象数量:0
totalMemory：542113792, use ：446557160, free ：95556632DirectMemory：1827143680, 恢复 ：1
当前时间 ：2026-08-16 00:31:35send keng：3325, sheng ：4194304
decode keng：18, sheng ：2097152
world keng：5, sheng ：1048576

2026-08-16 00:31:40.213 INFO [pool-6-thread-6][:] - /****************流量统计******************/
LastReadBytes:0
LastReadThroughput:0
LastWrittenBytes:0
LastWriteThroughput:0
RealWrittenBytes:0
RealWriteThroughput:0
当前玩家的连接数量:0
当前地图的线程个数：10
当前地图的个数:47
当前数据库执行队列数:0
当前发送队列缓存的对象数量:0
totalMemory：542113792, use ：411768256, free ：130345536DirectMemory：1827143680, 恢复 ：1
当前时间 ：2026-08-16 00:31:40send keng：3325, sheng ：4194304
decode keng：18, sheng ：2097152
world keng：5, sheng ：1048576

2026-08-16 00:31:45.213 INFO [pool-6-thread-9][:] - /****************流量统计******************/
LastReadBytes:0
LastReadThroughput:0
LastWrittenBytes:0
LastWriteThroughput:0
RealWrittenBytes:0
RealWriteThroughput:0
当前玩家的连接数量:0
当前地图的线程个数：10
当前地图的个数:47
当前数据库执行队列数:0
当前发送队列缓存的对象数量:0
totalMemory：542113792, use ：416229216, free ：125884576DirectMemory：1827143680, 恢复 ：1
当前时间 ：2026-08-16 00:31:45send keng：3325, sheng ：4194304
decode keng：18, sheng ：2097152
world keng：5, sheng ：1048576

2026-08-16 00:31:50.213 INFO [pool-6-thread-3][:] - /****************流量统计******************/
LastReadBytes:0
LastReadThroughput:0
LastWrittenBytes:0
LastWriteThroughput:0
RealWrittenBytes:0
RealWriteThroughput:0
当前玩家的连接数量:0
当前地图的线程个数：10
当前地图的个数:47
当前数据库执行队列数:0
当前发送队列缓存的对象数量:0
totalMemory：542113792, use ：420839464, free ：121274328DirectMemory：1827143680, 恢复 ：1
当前时间 ：2026-08-16 00:31:50send keng：3325, sheng ：4194304
decode keng：18, sheng ：2097152
world keng：5, sheng ：1048576

2026-08-16 00:31:55.213 INFO [pool-6-thread-10][:] - /****************流量统计******************/
LastReadBytes:0
LastReadThroughput:0
LastWrittenBytes:0
LastWriteThroughput:0
RealWrittenBytes:0
RealWriteThroughput:0
当前玩家的连接数量:0
当前地图的线程个数：10
当前地图的个数:47
当前数据库执行队列数:0
当前发送队列缓存的对象数量:0
totalMemory：542113792, use ：425197176, free ：116916616DirectMemory：1827143680, 恢复 ：1
当前时间 ：2026-08-16 00:31:55send keng：3325, sheng ：4194304
decode keng：18, sheng ：2097152
world keng：5, sheng ：1048576

2026-08-16 00:32:00.213 INFO [pool-6-thread-8][:] - /****************流量统计******************/
LastReadBytes:0
LastReadThroughput:0
LastWrittenBytes:0
LastWriteThroughput:0
RealWrittenBytes:0
RealWriteThroughput:0
当前玩家的连接数量:0
当前地图的线程个数：10
当前地图的个数:47
当前数据库执行队列数:0
当前发送队列缓存的对象数量:0
totalMemory：542113792, use ：429993216, free ：112120576DirectMemory：1827143680, 恢复 ：1
当前时间 ：2026-08-16 00:32:00send keng：3325, sheng ：4194304
decode keng：18, sheng ：2097152
world keng：5, sheng ：1048576

2026-08-16 00:32:05.213 INFO [pool-6-thread-10][:] - /****************流量统计******************/
LastReadBytes:0
LastReadThroughput:0
LastWrittenBytes:0
LastWriteThroughput:0
RealWrittenBytes:0
RealWriteThroughput:0
当前玩家的连接数量:0
当前地图的线程个数：10
当前地图的个数:47
当前数据库执行队列数:0
当前发送队列缓存的对象数量:0
totalMemory：542113792, use ：434891928, free ：107221864DirectMemory：1827143680, 恢复 ：1
当前时间 ：2026-08-16 00:32:05send keng：3325, sheng ：4194304
decode keng：18, sheng ：2097152
world keng：5, sheng ：1048576

2026-08-16 00:32:10.213 INFO [pool-6-thread-2][:] - /****************流量统计******************/
LastReadBytes:0
LastReadThroughput:0
LastWrittenBytes:0
LastWriteThroughput:0
RealWrittenBytes:0
RealWriteThroughput:0
当前玩家的连接数量:0
当前地图的线程个数：10
当前地图的个数:47
当前数据库执行队列数:0
当前发送队列缓存的对象数量:0
totalMemory：542113792, use ：439196392, free ：102917400DirectMemory：1827143680, 恢复 ：1
当前时间 ：2026-08-16 00:32:10send keng：3325, sheng ：4194304
decode keng：18, sheng ：2097152
world keng：5, sheng ：1048576

2026-08-16 00:32:15.213 INFO [pool-6-thread-8][:] - /****************流量统计******************/
LastReadBytes:0
LastReadThroughput:0
LastWrittenBytes:0
LastWriteThroughput:0
RealWrittenBytes:0
RealWriteThroughput:0
当前玩家的连接数量:0
当前地图的线程个数：10
当前地图的个数:47
当前数据库执行队列数:0
当前发送队列缓存的对象数量:0
totalMemory：542113792, use ：444002264, free ：98111528DirectMemory：1827143680, 恢复 ：1
当前时间 ：2026-08-16 00:32:15send keng：3325, sheng ：4194304
decode keng：18, sheng ：2097152
world keng：5, sheng ：1048576

2026-08-16 00:32:20.213 INFO [pool-6-thread-4][:] - /****************流量统计******************/
LastReadBytes:0
LastReadThroughput:0
LastWrittenBytes:0
LastWriteThroughput:0
RealWrittenBytes:0
RealWriteThroughput:0
当前玩家的连接数量:0
当前地图的线程个数：10
当前地图的个数:47
当前数据库执行队列数:0
当前发送队列缓存的对象数量:0
totalMemory：542113792, use ：448382216, free ：93731576DirectMemory：1827143680, 恢复 ：1
当前时间 ：2026-08-16 00:32:20send keng：3325, sheng ：4194304
decode keng：18, sheng ：2097152
world keng：5, sheng ：1048576

2026-08-16 00:32:25.213 INFO [pool-6-thread-3][:] - /****************流量统计******************/
LastReadBytes:0
LastReadThroughput:0
LastWrittenBytes:0
LastWriteThroughput:0
RealWrittenBytes:0
RealWriteThroughput:0
当前玩家的连接数量:0
当前地图的线程个数：10
当前地图的个数:47
当前数据库执行队列数:0
当前发送队列缓存的对象数量:0
totalMemory：542113792, use ：413925472, free ：128188320DirectMemory：1827143680, 恢复 ：1
当前时间 ：2026-08-16 00:32:25send keng：3325, sheng ：4194304
decode keng：18, sheng ：2097152
world keng：5, sheng ：1048576

2026-08-16 00:32:30.213 INFO [pool-6-thread-3][:] - /****************流量统计******************/
LastReadBytes:0
LastReadThroughput:0
LastWrittenBytes:0
LastWriteThroughput:0
RealWrittenBytes:0
RealWriteThroughput:0
当前玩家的连接数量:0
当前地图的线程个数：10
当前地图的个数:47
当前数据库执行队列数:0
当前发送队列缓存的对象数量:0
totalMemory：542113792, use ：418166648, free ：123947144DirectMemory：1827143680, 恢复 ：1
当前时间 ：2026-08-16 00:32:30send keng：3325, sheng ：4194304
decode keng：18, sheng ：2097152
world keng：5, sheng ：1048576

2026-08-16 00:32:35.213 INFO [pool-6-thread-8][:] - /****************流量统计******************/
LastReadBytes:0
LastReadThroughput:0
LastWrittenBytes:0
LastWriteThroughput:0
RealWrittenBytes:0
RealWriteThroughput:0
当前玩家的连接数量:0
当前地图的线程个数：10
当前地图的个数:47
当前数据库执行队列数:0
当前发送队列缓存的对象数量:0
totalMemory：542113792, use ：422943256, free ：119170536DirectMemory：1827143680, 恢复 ：1
当前时间 ：2026-08-16 00:32:35send keng：3325, sheng ：4194304
decode keng：18, sheng ：2097152
world keng：5, sheng ：1048576

2026-08-16 00:32:40.213 INFO [pool-6-thread-6][:] - /****************流量统计******************/
LastReadBytes:0
LastReadThroughput:0
LastWrittenBytes:0
LastWriteThroughput:0
RealWrittenBytes:0
RealWriteThroughput:0
当前玩家的连接数量:0
当前地图的线程个数：10
当前地图的个数:47
当前数据库执行队列数:0
当前发送队列缓存的对象数量:0
totalMemory：542113792, use ：427372176, free ：114741616DirectMemory：1827143680, 恢复 ：1
当前时间 ：2026-08-16 00:32:40send keng：3325, sheng ：4194304
decode keng：18, sheng ：2097152
world keng：5, sheng ：1048576

2026-08-16 00:32:45.213 INFO [pool-6-thread-4][:] - /****************流量统计******************/
LastReadBytes:0
LastReadThroughput:0
LastWrittenBytes:0
LastWriteThroughput:0
RealWrittenBytes:0
RealWriteThroughput:0
当前玩家的连接数量:0
当前地图的线程个数：10
当前地图的个数:47
当前数据库执行队列数:0
当前发送队列缓存的对象数量:0
totalMemory：542113792, use ：432078288, free ：110035504DirectMemory：1827143680, 恢复 ：1
当前时间 ：2026-08-16 00:32:45send keng：3325, sheng ：4194304
decode keng：18, sheng ：2097152
world keng：5, sheng ：1048576

2026-08-16 00:32:50.213 INFO [pool-6-thread-3][:] - /****************流量统计******************/
LastReadBytes:0
LastReadThroughput:0
LastWrittenBytes:0
LastWriteThroughput:0
RealWrittenBytes:0
RealWriteThroughput:0
当前玩家的连接数量:0
当前地图的线程个数：10
当前地图的个数:47
当前数据库执行队列数:0
当前发送队列缓存的对象数量:0
totalMemory：542113792, use ：436566240, free ：105547552DirectMemory：1827143680, 恢复 ：1
当前时间 ：2026-08-16 00:32:50send keng：3325, sheng ：4194304
decode keng：18, sheng ：2097152
world keng：5, sheng ：1048576

2026-08-16 00:32:55.213 INFO [pool-6-thread-7][:] - /****************流量统计******************/
LastReadBytes:0
LastReadThroughput:0
LastWrittenBytes:0
LastWriteThroughput:0
RealWrittenBytes:0
RealWriteThroughput:0
当前玩家的连接数量:0
当前地图的线程个数：10
当前地图的个数:47
当前数据库执行队列数:0
当前发送队列缓存的对象数量:0
totalMemory：542113792, use ：441149416, free ：100964376DirectMemory：1827143680, 恢复 ：1
当前时间 ：2026-08-16 00:32:55send keng：3325, sheng ：4194304
decode keng：18, sheng ：2097152
world keng：5, sheng ：1048576

2026-08-16 00:33:00.213 INFO [pool-6-thread-5][:] - /****************流量统计******************/
LastReadBytes:0
LastReadThroughput:0
LastWrittenBytes:0
LastWriteThroughput:0
RealWrittenBytes:0
RealWriteThroughput:0
当前玩家的连接数量:0
当前地图的线程个数：10
当前地图的个数:47
当前数据库执行队列数:0
当前发送队列缓存的对象数量:0
totalMemory：542113792, use ：445831152, free ：96282640DirectMemory：1827143680, 恢复 ：1
当前时间 ：2026-08-16 00:33:00send keng：3325, sheng ：4194304
decode keng：18, sheng ：2097152
world keng：5, sheng ：1048576

2026-08-16 00:33:05.213 INFO [pool-6-thread-4][:] - /****************流量统计******************/
LastReadBytes:0
LastReadThroughput:0
LastWrittenBytes:0
LastWriteThroughput:0
RealWrittenBytes:0
RealWriteThroughput:0
当前玩家的连接数量:0
当前地图的线程个数：10
当前地图的个数:47
当前数据库执行队列数:0
当前发送队列缓存的对象数量:0
totalMemory：542113792, use ：411224576, free ：130889216DirectMemory：1827143680, 恢复 ：1
当前时间 ：2026-08-16 00:33:05send keng：3325, sheng ：4194304
decode keng：18, sheng ：2097152
world keng：5, sheng ：1048576

2026-08-16 00:33:10.213 INFO [pool-6-thread-1][:] - /****************流量统计******************/
LastReadBytes:0
LastReadThroughput:0
LastWrittenBytes:0
LastWriteThroughput:0
RealWrittenBytes:0
RealWriteThroughput:0
当前玩家的连接数量:0
当前地图的线程个数：10
当前地图的个数:47
当前数据库执行队列数:0
当前发送队列缓存的对象数量:0
totalMemory：542113792, use ：415631752, free ：126482040DirectMemory：1827143680, 恢复 ：1
当前时间 ：2026-08-16 00:33:10send keng：3325, sheng ：4194304
decode keng：18, sheng ：2097152
world keng：5, sheng ：1048576

2026-08-16 00:33:15.213 INFO [pool-6-thread-9][:] - /****************流量统计******************/
LastReadBytes:0
LastReadThroughput:0
LastWrittenBytes:0
LastWriteThroughput:0
RealWrittenBytes:0
RealWriteThroughput:0
当前玩家的连接数量:0
当前地图的线程个数：10
当前地图的个数:47
当前数据库执行队列数:0
当前发送队列缓存的对象数量:0
totalMemory：542113792, use ：420409328, free ：121704464DirectMemory：1827143680, 恢复 ：1
当前时间 ：2026-08-16 00:33:15send keng：3325, sheng ：4194304
decode keng：18, sheng ：2097152
world keng：5, sheng ：1048576

2026-08-16 00:33:20.213 INFO [pool-6-thread-1][:] - /****************流量统计******************/
LastReadBytes:0
LastReadThroughput:0
LastWrittenBytes:0
LastWriteThroughput:0
RealWrittenBytes:0
RealWriteThroughput:0
当前玩家的连接数量:0
当前地图的线程个数：10
当前地图的个数:47
当前数据库执行队列数:0
当前发送队列缓存的对象数量:0
totalMemory：542113792, use ：424904528, free ：117209264DirectMemory：1827143680, 恢复 ：1
当前时间 ：2026-08-16 00:33:20send keng：3325, sheng ：4194304
decode keng：18, sheng ：2097152
world keng：5, sheng ：1048576

2026-08-16 00:33:25.213 INFO [pool-6-thread-2][:] - /****************流量统计******************/
LastReadBytes:0
LastReadThroughput:0
LastWrittenBytes:0
LastWriteThroughput:0
RealWrittenBytes:0
RealWriteThroughput:0
当前玩家的连接数量:0
当前地图的线程个数：10
当前地图的个数:47
当前数据库执行队列数:0
当前发送队列缓存的对象数量:0
totalMemory：542113792, use ：429433560, free ：112680232DirectMemory：1827143680, 恢复 ：1
当前时间 ：2026-08-16 00:33:25send keng：3325, sheng ：4194304
decode keng：18, sheng ：2097152
world keng：5, sheng ：1048576

2026-08-16 00:33:30.213 INFO [pool-6-thread-7][:] - /****************流量统计******************/
LastReadBytes:0
LastReadThroughput:0
LastWrittenBytes:0
LastWriteThroughput:0
RealWrittenBytes:0
RealWriteThroughput:0
当前玩家的连接数量:0
当前地图的线程个数：10
当前地图的个数:47
当前数据库执行队列数:0
当前发送队列缓存的对象数量:0
totalMemory：542113792, use ：433958824, free ：108154968DirectMemory：1827143680, 恢复 ：1
当前时间 ：2026-08-16 00:33:30send keng：3325, sheng ：4194304
decode keng：18, sheng ：2097152
world keng：5, sheng ：1048576

2026-08-16 00:33:35.213 INFO [pool-6-thread-6][:] - /****************流量统计******************/
LastReadBytes:0
LastReadThroughput:0
LastWrittenBytes:0
LastWriteThroughput:0
RealWrittenBytes:0
RealWriteThroughput:0
当前玩家的连接数量:0
当前地图的线程个数：10
当前地图的个数:47
当前数据库执行队列数:0
当前发送队列缓存的对象数量:0
totalMemory：542113792, use ：438621752, free ：103492040DirectMemory：1827143680, 恢复 ：1
当前时间 ：2026-08-16 00:33:35send keng：3325, sheng ：4194304
decode keng：18, sheng ：2097152
world keng：5, sheng ：1048576

2026-08-16 00:33:40.213 INFO [pool-6-thread-8][:] - /****************流量统计******************/
LastReadBytes:0
LastReadThroughput:0
LastWrittenBytes:0
LastWriteThroughput:0
RealWrittenBytes:0
RealWriteThroughput:0
当前玩家的连接数量:0
当前地图的线程个数：10
当前地图的个数:47
当前数据库执行队列数:0
当前发送队列缓存的对象数量:0
totalMemory：542113792, use ：443261904, free ：98851888DirectMemory：1827143680, 恢复 ：1
当前时间 ：2026-08-16 00:33:40send keng：3325, sheng ：4194304
decode keng：18, sheng ：2097152
world keng：5, sheng ：1048576

2026-08-16 00:33:45.213 INFO [pool-6-thread-4][:] - /****************流量统计******************/
LastReadBytes:0
LastReadThroughput:0
LastWrittenBytes:0
LastWriteThroughput:0
RealWrittenBytes:0
RealWriteThroughput:0
当前玩家的连接数量:0
当前地图的线程个数：10
当前地图的个数:47
当前数据库执行队列数:0
当前发送队列缓存的对象数量:0
totalMemory：542113792, use ：447803192, free ：94310600DirectMemory：1827143680, 恢复 ：1
当前时间 ：2026-08-16 00:33:45send keng：3325, sheng ：4194304
decode keng：18, sheng ：2097152
world keng：5, sheng ：1048576

2026-08-16 00:33:50.213 INFO [pool-6-thread-2][:] - /****************流量统计******************/
LastReadBytes:0
LastReadThroughput:0
LastWrittenBytes:0
LastWriteThroughput:0
RealWrittenBytes:0
RealWriteThroughput:0
当前玩家的连接数量:0
当前地图的线程个数：10
当前地图的个数:47
当前数据库执行队列数:0
当前发送队列缓存的对象数量:0
totalMemory：542113792, use ：413151576, free ：128962216DirectMemory：1827143680, 恢复 ：1
当前时间 ：2026-08-16 00:33:50send keng：3325, sheng ：4194304
decode keng：18, sheng ：2097152
world keng：5, sheng ：1048576

2026-08-16 00:33:55.213 INFO [pool-6-thread-8][:] - /****************流量统计******************/
LastReadBytes:0
LastReadThroughput:0
LastWrittenBytes:0
LastWriteThroughput:0
RealWrittenBytes:0
RealWriteThroughput:0
当前玩家的连接数量:0
当前地图的线程个数：10
当前地图的个数:47
当前数据库执行队列数:0
当前发送队列缓存的对象数量:0
totalMemory：542113792, use ：417605976, free ：124507816DirectMemory：1827143680, 恢复 ：1
当前时间 ：2026-08-16 00:33:55send keng：3325, sheng ：4194304
decode keng：18, sheng ：2097152
world keng：5, sheng ：1048576

2026-08-16 00:34:00.213 INFO [pool-6-thread-5][:] - /****************流量统计******************/
LastReadBytes:0
LastReadThroughput:0
LastWrittenBytes:0
LastWriteThroughput:0
RealWrittenBytes:0
RealWriteThroughput:0
当前玩家的连接数量:0
当前地图的线程个数：10
当前地图的个数:47
当前数据库执行队列数:0
当前发送队列缓存的对象数量:0
totalMemory：542113792, use ：422285656, free ：119828136DirectMemory：1827143680, 恢复 ：1
当前时间 ：2026-08-16 00:34:00send keng：3325, sheng ：4194304
decode keng：18, sheng ：2097152
world keng：5, sheng ：1048576

2026-08-16 00:34:05.213 INFO [pool-6-thread-6][:] - /****************流量统计******************/
LastReadBytes:0
LastReadThroughput:0
LastWrittenBytes:0
LastWriteThroughput:0
RealWrittenBytes:0
RealWriteThroughput:0
当前玩家的连接数量:0
当前地图的线程个数：10
当前地图的个数:47
当前数据库执行队列数:0
当前发送队列缓存的对象数量:0
totalMemory：542113792, use ：427063024, free ：115050768DirectMemory：1827143680, 恢复 ：1
当前时间 ：2026-08-16 00:34:05send keng：3325, sheng ：4194304
decode keng：18, sheng ：2097152
world keng：5, sheng ：1048576

2026-08-16 00:34:10.213 INFO [pool-6-thread-4][:] - /****************流量统计******************/
LastReadBytes:0
LastReadThroughput:0
LastWrittenBytes:0
LastWriteThroughput:0
RealWrittenBytes:0
RealWriteThroughput:0
当前玩家的连接数量:0
当前地图的线程个数：10
当前地图的个数:47
当前数据库执行队列数:0
当前发送队列缓存的对象数量:0
totalMemory：542113792, use ：431773248, free ：110340544DirectMemory：1827143680, 恢复 ：1
当前时间 ：2026-08-16 00:34:10send keng：3325, sheng ：4194304
decode keng：18, sheng ：2097152
world keng：5, sheng ：1048576

2026-08-16 00:34:15.213 INFO [pool-6-thread-5][:] - /****************流量统计******************/
LastReadBytes:0
LastReadThroughput:0
LastWrittenBytes:0
LastWriteThroughput:0
RealWrittenBytes:0
RealWriteThroughput:0
当前玩家的连接数量:0
当前地图的线程个数：10
当前地图的个数:47
当前数据库执行队列数:0
当前发送队列缓存的对象数量:0
totalMemory：542113792, use ：436284616, free ：105829176DirectMemory：1827143680, 恢复 ：1
当前时间 ：2026-08-16 00:34:15send keng：3325, sheng ：4194304
decode keng：18, sheng ：2097152
world keng：5, sheng ：1048576

2026-08-16 00:34:20.213 INFO [pool-6-thread-4][:] - /****************流量统计******************/
LastReadBytes:0
LastReadThroughput:0
LastWrittenBytes:0
LastWriteThroughput:0
RealWrittenBytes:0
RealWriteThroughput:0
当前玩家的连接数量:0
当前地图的线程个数：10
当前地图的个数:47
当前数据库执行队列数:0
当前发送队列缓存的对象数量:0
totalMemory：542113792, use ：441046800, free ：101066992DirectMemory：1827143680, 恢复 ：1
当前时间 ：2026-08-16 00:34:20send keng：3325, sheng ：4194304
decode keng：18, sheng ：2097152
world keng：5, sheng ：1048576

2026-08-16 00:34:25.213 INFO [pool-6-thread-9][:] - /****************流量统计******************/
LastReadBytes:0
LastReadThroughput:0
LastWrittenBytes:0
LastWriteThroughput:0
RealWrittenBytes:0
RealWriteThroughput:0
当前玩家的连接数量:0
当前地图的线程个数：10
当前地图的个数:47
当前数据库执行队列数:0
当前发送队列缓存的对象数量:0
totalMemory：542113792, use ：445307088, free ：96806704DirectMemory：1827143680, 恢复 ：1
当前时间 ：2026-08-16 00:34:25send keng：3325, sheng ：4194304
decode keng：18, sheng ：2097152
world keng：5, sheng ：1048576

2026-08-16 00:34:30.213 INFO [pool-6-thread-9][:] - /****************流量统计******************/
LastReadBytes:0
LastReadThroughput:0
LastWrittenBytes:0
LastWriteThroughput:0
RealWrittenBytes:0
RealWriteThroughput:0
当前玩家的连接数量:0
当前地图的线程个数：10
当前地图的个数:47
当前数据库执行队列数:0
当前发送队列缓存的对象数量:0
totalMemory：542113792, use ：410833376, free ：131280416DirectMemory：1827143680, 恢复 ：1
当前时间 ：2026-08-16 00:34:30send keng：3325, sheng ：4194304
decode keng：18, sheng ：2097152
world keng：5, sheng ：1048576

2026-08-16 00:34:35.213 INFO [pool-6-thread-4][:] - /****************流量统计******************/
LastReadBytes:0
LastReadThroughput:0
LastWrittenBytes:0
LastWriteThroughput:0
RealWrittenBytes:0
RealWriteThroughput:0
当前玩家的连接数量:0
当前地图的线程个数：10
当前地图的个数:47
当前数据库执行队列数:0
当前发送队列缓存的对象数量:0
totalMemory：542113792, use ：415091800, free ：127021992DirectMemory：1827143680, 恢复 ：1
当前时间 ：2026-08-16 00:34:35send keng：3325, sheng ：4194304
decode keng：18, sheng ：2097152
world keng：5, sheng ：1048576

2026-08-16 00:34:40.213 INFO [pool-6-thread-9][:] - /****************流量统计******************/
LastReadBytes:0
LastReadThroughput:0
LastWrittenBytes:0
LastWriteThroughput:0
RealWrittenBytes:0
RealWriteThroughput:0
当前玩家的连接数量:0
当前地图的线程个数：10
当前地图的个数:47
当前数据库执行队列数:0
当前发送队列缓存的对象数量:0
totalMemory：542113792, use ：419868328, free ：122245464DirectMemory：1827143680, 恢复 ：1
当前时间 ：2026-08-16 00:34:40send keng：3325, sheng ：4194304
decode keng：18, sheng ：2097152
world keng：5, sheng ：1048576

2026-08-16 00:34:45.213 INFO [pool-6-thread-10][:] - /****************流量统计******************/
LastReadBytes:0
LastReadThroughput:0
LastWrittenBytes:0
LastWriteThroughput:0
RealWrittenBytes:0
RealWriteThroughput:0
当前玩家的连接数量:0
当前地图的线程个数：10
当前地图的个数:47
当前数据库执行队列数:0
当前发送队列缓存的对象数量:0
totalMemory：542113792, use ：424287672, free ：117826120DirectMemory：1827143680, 恢复 ：1
当前时间 ：2026-08-16 00:34:45send keng：3325, sheng ：4194304
decode keng：18, sheng ：2097152
world keng：5, sheng ：1048576

2026-08-16 00:34:50.213 INFO [pool-6-thread-9][:] - /****************流量统计******************/
LastReadBytes:0
LastReadThroughput:0
LastWrittenBytes:0
LastWriteThroughput:0
RealWrittenBytes:0
RealWriteThroughput:0
当前玩家的连接数量:0
当前地图的线程个数：10
当前地图的个数:47
当前数据库执行队列数:0
当前发送队列缓存的对象数量:0
totalMemory：542113792, use ：429040176, free ：113073616DirectMemory：1827143680, 恢复 ：1
当前时间 ：2026-08-16 00:34:50send keng：3325, sheng ：4194304
decode keng：18, sheng ：2097152
world keng：5, sheng ：1048576

2026-08-16 00:34:55.213 INFO [pool-6-thread-7][:] - /****************流量统计******************/
LastReadBytes:0
LastReadThroughput:0
LastWrittenBytes:0
LastWriteThroughput:0
RealWrittenBytes:0
RealWriteThroughput:0
当前玩家的连接数量:0
当前地图的线程个数：10
当前地图的个数:47
当前数据库执行队列数:0
当前发送队列缓存的对象数量:0
totalMemory：542113792, use ：433500288, free ：108613504DirectMemory：1827143680, 恢复 ：1
当前时间 ：2026-08-16 00:34:55send keng：3325, sheng ：4194304
decode keng：18, sheng ：2097152
world keng：5, sheng ：1048576

2026-08-16 00:35:00.213 INFO [pool-6-thread-5][:] - /****************流量统计******************/
LastReadBytes:0
LastReadThroughput:0
LastWrittenBytes:0
LastWriteThroughput:0
RealWrittenBytes:0
RealWriteThroughput:0
当前玩家的连接数量:0
当前地图的线程个数：10
当前地图的个数:47
当前数据库执行队列数:0
当前发送队列缓存的对象数量:0
totalMemory：542113792, use ：438199912, free ：103913880DirectMemory：1827143680, 恢复 ：1
当前时间 ：2026-08-16 00:35:00send keng：3325, sheng ：4194304
decode keng：18, sheng ：2097152
world keng：5, sheng ：1048576

2026-08-16 00:35:05.213 INFO [pool-6-thread-3][:] - /****************流量统计******************/
LastReadBytes:0
LastReadThroughput:0
LastWrittenBytes:0
LastWriteThroughput:0
RealWrittenBytes:0
RealWriteThroughput:0
当前玩家的连接数量:0
当前地图的线程个数：10
当前地图的个数:47
当前数据库执行队列数:0
当前发送队列缓存的对象数量:0
totalMemory：542113792, use ：442711592, free ：99402200DirectMemory：1827143680, 恢复 ：1
当前时间 ：2026-08-16 00:35:05send keng：3325, sheng ：4194304
decode keng：18, sheng ：2097152
world keng：5, sheng ：1048576

2026-08-16 00:35:10.213 INFO [pool-6-thread-1][:] - /****************流量统计******************/
LastReadBytes:0
LastReadThroughput:0
LastWrittenBytes:0
LastWriteThroughput:0
RealWrittenBytes:0
RealWriteThroughput:0
当前玩家的连接数量:0
当前地图的线程个数：10
当前地图的个数:47
当前数据库执行队列数:0
当前发送队列缓存的对象数量:0
totalMemory：542113792, use ：447318560, free ：94795232DirectMemory：1827143680, 恢复 ：1
当前时间 ：2026-08-16 00:35:10send keng：3325, sheng ：4194304
decode keng：18, sheng ：2097152
world keng：5, sheng ：1048576

2026-08-16 00:35:15.213 INFO [pool-6-thread-1][:] - /****************流量统计******************/
LastReadBytes:0
LastReadThroughput:0
LastWrittenBytes:0
LastWriteThroughput:0
RealWrittenBytes:0
RealWriteThroughput:0
当前玩家的连接数量:0
当前地图的线程个数：10
当前地图的个数:47
当前数据库执行队列数:0
当前发送队列缓存的对象数量:0
totalMemory：542113792, use ：412605968, free ：129507824DirectMemory：1827143680, 恢复 ：1
当前时间 ：2026-08-16 00:35:15send keng：3325, sheng ：4194304
decode keng：18, sheng ：2097152
world keng：5, sheng ：1048576

2026-08-16 00:35:20.213 INFO [pool-6-thread-4][:] - /****************流量统计******************/
LastReadBytes:0
LastReadThroughput:0
LastWrittenBytes:0
LastWriteThroughput:0
RealWrittenBytes:0
RealWriteThroughput:0
当前玩家的连接数量:0
当前地图的线程个数：10
当前地图的个数:47
当前数据库执行队列数:0
当前发送队列缓存的对象数量:0
totalMemory：542113792, use ：417413424, free ：124700368DirectMemory：1827143680, 恢复 ：1
当前时间 ：2026-08-16 00:35:20send keng：3325, sheng ：4194304
decode keng：18, sheng ：2097152
world keng：5, sheng ：1048576

2026-08-16 00:35:25.213 INFO [pool-6-thread-6][:] - /****************流量统计******************/
LastReadBytes:0
LastReadThroughput:0
LastWrittenBytes:0
LastWriteThroughput:0
RealWrittenBytes:0
RealWriteThroughput:0
当前玩家的连接数量:0
当前地图的线程个数：10
当前地图的个数:47
当前数据库执行队列数:0
当前发送队列缓存的对象数量:0
totalMemory：542113792, use ：421922544, free ：120191248DirectMemory：1827143680, 恢复 ：1
当前时间 ：2026-08-16 00:35:25send keng：3325, sheng ：4194304
decode keng：18, sheng ：2097152
world keng：5, sheng ：1048576

2026-08-16 00:35:30.213 INFO [pool-6-thread-5][:] - /****************流量统计******************/
LastReadBytes:0
LastReadThroughput:0
LastWrittenBytes:0
LastWriteThroughput:0
RealWrittenBytes:0
RealWriteThroughput:0
当前玩家的连接数量:0
当前地图的线程个数：10
当前地图的个数:47
当前数据库执行队列数:0
当前发送队列缓存的对象数量:0
totalMemory：542113792, use ：426582128, free ：115531664DirectMemory：1827143680, 恢复 ：1
当前时间 ：2026-08-16 00:35:30send keng：3325, sheng ：4194304
decode keng：18, sheng ：2097152
world keng：5, sheng ：1048576

2026-08-16 00:35:35.213 INFO [pool-6-thread-1][:] - /****************流量统计******************/
LastReadBytes:0
LastReadThroughput:0
LastWrittenBytes:0
LastWriteThroughput:0
RealWrittenBytes:0
RealWriteThroughput:0
当前玩家的连接数量:0
当前地图的线程个数：10
当前地图的个数:47
当前数据库执行队列数:0
当前发送队列缓存的对象数量:0
totalMemory：542113792, use ：430982880, free ：111130912DirectMemory：1827143680, 恢复 ：1
当前时间 ：2026-08-16 00:35:35send keng：3325, sheng ：4194304
decode keng：18, sheng ：2097152
world keng：5, sheng ：1048576

2026-08-16 00:35:40.213 INFO [pool-6-thread-1][:] - /****************流量统计******************/
LastReadBytes:0
LastReadThroughput:0
LastWrittenBytes:0
LastWriteThroughput:0
RealWrittenBytes:0
RealWriteThroughput:0
当前玩家的连接数量:0
当前地图的线程个数：10
当前地图的个数:47
当前数据库执行队列数:0
当前发送队列缓存的对象数量:0
totalMemory：542113792, use ：435651784, free ：106462008DirectMemory：1827143680, 恢复 ：1
当前时间 ：2026-08-16 00:35:40send keng：3325, sheng ：4194304
decode keng：18, sheng ：2097152
world keng：5, sheng ：1048576

2026-08-16 00:35:45.213 INFO [pool-6-thread-2][:] - /****************流量统计******************/
LastReadBytes:0
LastReadThroughput:0
LastWrittenBytes:0
LastWriteThroughput:0
RealWrittenBytes:0
RealWriteThroughput:0
当前玩家的连接数量:0
当前地图的线程个数：10
当前地图的个数:47
当前数据库执行队列数:0
当前发送队列缓存的对象数量:0
totalMemory：542113792, use ：440247992, free ：101865800DirectMemory：1827143680, 恢复 ：1
当前时间 ：2026-08-16 00:35:45send keng：3325, sheng ：4194304
decode keng：18, sheng ：2097152
world keng：5, sheng ：1048576

2026-08-16 00:35:50.213 INFO [pool-6-thread-10][:] - /****************流量统计******************/
LastReadBytes:0
LastReadThroughput:0
LastWrittenBytes:0
LastWriteThroughput:0
RealWrittenBytes:0
RealWriteThroughput:0
当前玩家的连接数量:0
当前地图的线程个数：10
当前地图的个数:47
当前数据库执行队列数:0
当前发送队列缓存的对象数量:0
totalMemory：542113792, use ：444736352, free ：97377440DirectMemory：1827143680, 恢复 ：1
当前时间 ：2026-08-16 00:35:50send keng：3325, sheng ：4194304
decode keng：18, sheng ：2097152
world keng：5, sheng ：1048576

2026-08-16 00:35:55.213 INFO [pool-6-thread-5][:] - /****************流量统计******************/
LastReadBytes:0
LastReadThroughput:0
LastWrittenBytes:0
LastWriteThroughput:0
RealWrittenBytes:0
RealWriteThroughput:0
当前玩家的连接数量:0
当前地图的线程个数：10
当前地图的个数:47
当前数据库执行队列数:0
当前发送队列缓存的对象数量:0
totalMemory：542113792, use ：449437568, free ：92676224DirectMemory：1827143680, 恢复 ：1
当前时间 ：2026-08-16 00:35:55send keng：3325, sheng ：4194304
decode keng：18, sheng ：2097152
world keng：5, sheng ：1048576

2026-08-16 00:36:00.213 INFO [pool-6-thread-4][:] - /****************流量统计******************/
LastReadBytes:0
LastReadThroughput:0
LastWrittenBytes:0
LastWriteThroughput:0
RealWrittenBytes:0
RealWriteThroughput:0
当前玩家的连接数量:0
当前地图的线程个数：10
当前地图的个数:47
当前数据库执行队列数:0
当前发送队列缓存的对象数量:0
totalMemory：542113792, use ：414851704, free ：127262088DirectMemory：1827143680, 恢复 ：1
当前时间 ：2026-08-16 00:36:00send keng：3325, sheng ：4194304
decode keng：18, sheng ：2097152
world keng：5, sheng ：1048576

2026-08-16 00:36:05.213 INFO [pool-6-thread-8][:] - /****************流量统计******************/
LastReadBytes:0
LastReadThroughput:0
LastWrittenBytes:0
LastWriteThroughput:0
RealWrittenBytes:0
RealWriteThroughput:0
当前玩家的连接数量:0
当前地图的线程个数：10
当前地图的个数:47
当前数据库执行队列数:0
当前发送队列缓存的对象数量:0
totalMemory：542113792, use ：419320368, free ：122793424DirectMemory：1827143680, 恢复 ：1
当前时间 ：2026-08-16 00:36:05send keng：3325, sheng ：4194304
decode keng：18, sheng ：2097152
world keng：5, sheng ：1048576

2026-08-16 00:36:10.213 INFO [pool-6-thread-5][:] - /****************流量统计******************/
LastReadBytes:0
LastReadThroughput:0
LastWrittenBytes:0
LastWriteThroughput:0
RealWrittenBytes:0
RealWriteThroughput:0
当前玩家的连接数量:0
当前地图的线程个数：10
当前地图的个数:47
当前数据库执行队列数:0
当前发送队列缓存的对象数量:0
totalMemory：542113792, use ：423960792, free ：118153000DirectMemory：1827143680, 恢复 ：1
当前时间 ：2026-08-16 00:36:10send keng：3325, sheng ：4194304
decode keng：18, sheng ：2097152
world keng：5, sheng ：1048576

2026-08-16 00:36:15.213 INFO [pool-6-thread-4][:] - /****************流量统计******************/
LastReadBytes:0
LastReadThroughput:0
LastWrittenBytes:0
LastWriteThroughput:0
RealWrittenBytes:0
RealWriteThroughput:0
当前玩家的连接数量:0
当前地图的线程个数：10
当前地图的个数:47
当前数据库执行队列数:0
当前发送队列缓存的对象数量:0
totalMemory：542113792, use ：428622000, free ：113491792DirectMemory：1827143680, 恢复 ：1
当前时间 ：2026-08-16 00:36:15send keng：3325, sheng ：4194304
decode keng：18, sheng ：2097152
world keng：5, sheng ：1048576

2026-08-16 00:36:20.213 INFO [pool-6-thread-2][:] - /****************流量统计******************/
LastReadBytes:0
LastReadThroughput:0
LastWrittenBytes:0
LastWriteThroughput:0
RealWrittenBytes:0
RealWriteThroughput:0
当前玩家的连接数量:0
当前地图的线程个数：10
当前地图的个数:47
当前数据库执行队列数:0
当前发送队列缓存的对象数量:0
totalMemory：542113792, use ：433185936, free ：108927856DirectMemory：1827143680, 恢复 ：1
当前时间 ：2026-08-16 00:36:20send keng：3325, sheng ：4194304
decode keng：18, sheng ：2097152
world keng：5, sheng ：1048576

2026-08-16 00:36:25.213 INFO [pool-6-thread-1][:] - /****************流量统计******************/
LastReadBytes:0
LastReadThroughput:0
LastWrittenBytes:0
LastWriteThroughput:0
RealWrittenBytes:0
RealWriteThroughput:0
当前玩家的连接数量:0
当前地图的线程个数：10
当前地图的个数:47
当前数据库执行队列数:0
当前发送队列缓存的对象数量:0
totalMemory：542113792, use ：437998056, free ：104115736DirectMemory：1827143680, 恢复 ：1
当前时间 ：2026-08-16 00:36:25send keng：3325, sheng ：4194304
decode keng：18, sheng ：2097152
world keng：5, sheng ：1048576

2026-08-16 00:36:30.213 INFO [pool-6-thread-10][:] - /****************流量统计******************/
LastReadBytes:0
LastReadThroughput:0
LastWrittenBytes:0
LastWriteThroughput:0
RealWrittenBytes:0
RealWriteThroughput:0
当前玩家的连接数量:0
当前地图的线程个数：10
当前地图的个数:47
当前数据库执行队列数:0
当前发送队列缓存的对象数量:0
totalMemory：542113792, use ：442449128, free ：99664664DirectMemory：1827143680, 恢复 ：1
当前时间 ：2026-08-16 00:36:30send keng：3325, sheng ：4194304
decode keng：18, sheng ：2097152
world keng：5, sheng ：1048576

2026-08-16 00:36:35.213 INFO [pool-6-thread-1][:] - /****************流量统计******************/
LastReadBytes:0
LastReadThroughput:0
LastWrittenBytes:0
LastWriteThroughput:0
RealWrittenBytes:0
RealWriteThroughput:0
当前玩家的连接数量:0
当前地图的线程个数：10
当前地图的个数:47
当前数据库执行队列数:0
当前发送队列缓存的对象数量:0
totalMemory：542113792, use ：446974712, free ：95139080DirectMemory：1827143680, 恢复 ：1
当前时间 ：2026-08-16 00:36:35send keng：3325, sheng ：4194304
decode keng：18, sheng ：2097152
world keng：5, sheng ：1048576

2026-08-16 00:36:40.213 INFO [pool-6-thread-5][:] - /****************流量统计******************/
LastReadBytes:0
LastReadThroughput:0
LastWrittenBytes:0
LastWriteThroughput:0
RealWrittenBytes:0
RealWriteThroughput:0
当前玩家的连接数量:0
当前地图的线程个数：10
当前地图的个数:47
当前数据库执行队列数:0
当前发送队列缓存的对象数量:0
totalMemory：542113792, use ：411969552, free ：130144240DirectMemory：1827143680, 恢复 ：1
当前时间 ：2026-08-16 00:36:40send keng：3325, sheng ：4194304
decode keng：18, sheng ：2097152
world keng：5, sheng ：1048576

2026-08-16 00:36:45.213 INFO [pool-6-thread-1][:] - /****************流量统计******************/
LastReadBytes:0
LastReadThroughput:0
LastWrittenBytes:0
LastWriteThroughput:0
RealWrittenBytes:0
RealWriteThroughput:0
当前玩家的连接数量:0
当前地图的线程个数：10
当前地图的个数:47
当前数据库执行队列数:0
当前发送队列缓存的对象数量:0
totalMemory：542113792, use ：416834624, free ：125279168DirectMemory：1827143680, 恢复 ：1
当前时间 ：2026-08-16 00:36:45send keng：3325, sheng ：4194304
decode keng：18, sheng ：2097152
world keng：5, sheng ：1048576

2026-08-16 00:36:50.213 INFO [pool-6-thread-5][:] - /****************流量统计******************/
LastReadBytes:0
LastReadThroughput:0
LastWrittenBytes:0
LastWriteThroughput:0
RealWrittenBytes:0
RealWriteThroughput:0
当前玩家的连接数量:0
当前地图的线程个数：10
当前地图的个数:47
当前数据库执行队列数:0
当前发送队列缓存的对象数量:0
totalMemory：542113792, use ：421217520, free ：120896272DirectMemory：1827143680, 恢复 ：1
当前时间 ：2026-08-16 00:36:50send keng：3325, sheng ：4194304
decode keng：18, sheng ：2097152
world keng：5, sheng ：1048576

2026-08-16 00:36:55.213 INFO [pool-6-thread-5][:] - /****************流量统计******************/
LastReadBytes:0
LastReadThroughput:0
LastWrittenBytes:0
LastWriteThroughput:0
RealWrittenBytes:0
RealWriteThroughput:0
当前玩家的连接数量:0
当前地图的线程个数：10
当前地图的个数:47
当前数据库执行队列数:0
当前发送队列缓存的对象数量:0
totalMemory：542113792, use ：425970416, free ：116143376DirectMemory：1827143680, 恢复 ：1
当前时间 ：2026-08-16 00:36:55send keng：3325, sheng ：4194304
decode keng：18, sheng ：2097152
world keng：5, sheng ：1048576

2026-08-16 00:37:00.213 INFO [pool-6-thread-2][:] - /****************流量统计******************/
LastReadBytes:0
LastReadThroughput:0
LastWrittenBytes:0
LastWriteThroughput:0
RealWrittenBytes:0
RealWriteThroughput:0
当前玩家的连接数量:0
当前地图的线程个数：10
当前地图的个数:47
当前数据库执行队列数:0
当前发送队列缓存的对象数量:0
totalMemory：542113792, use ：430521400, free ：111592392DirectMemory：1827143680, 恢复 ：1
当前时间 ：2026-08-16 00:37:00send keng：3325, sheng ：4194304
decode keng：18, sheng ：2097152
world keng：5, sheng ：1048576

2026-08-16 00:37:05.214 INFO [pool-6-thread-2][:] - /****************流量统计******************/
LastReadBytes:0
LastReadThroughput:0
LastWrittenBytes:0
LastWriteThroughput:0
RealWrittenBytes:0
RealWriteThroughput:0
当前玩家的连接数量:0
当前地图的线程个数：10
当前地图的个数:47
当前数据库执行队列数:0
当前发送队列缓存的对象数量:0
totalMemory：542113792, use ：435459480, free ：106654312DirectMemory：1827143680, 恢复 ：1
当前时间 ：2026-08-16 00:37:05send keng：3325, sheng ：4194304
decode keng：18, sheng ：2097152
world keng：5, sheng ：1048576

2026-08-16 00:37:10.213 INFO [pool-6-thread-7][:] - /****************流量统计******************/
LastReadBytes:0
LastReadThroughput:0
LastWrittenBytes:0
LastWriteThroughput:0
RealWrittenBytes:0
RealWriteThroughput:0
当前玩家的连接数量:0
当前地图的线程个数：10
当前地图的个数:47
当前数据库执行队列数:0
当前发送队列缓存的对象数量:0
totalMemory：542113792, use ：439935432, free ：102178360DirectMemory：1827143680, 恢复 ：1
当前时间 ：2026-08-16 00:37:10send keng：3325, sheng ：4194304
decode keng：18, sheng ：2097152
world keng：5, sheng ：1048576

2026-08-16 00:37:15.213 INFO [pool-6-thread-6][:] - /****************流量统计******************/
LastReadBytes:0
LastReadThroughput:0
LastWrittenBytes:0
LastWriteThroughput:0
RealWrittenBytes:0
RealWriteThroughput:0
当前玩家的连接数量:0
当前地图的线程个数：10
当前地图的个数:47
当前数据库执行队列数:0
当前发送队列缓存的对象数量:0
totalMemory：542113792, use ：444446344, free ：97667448DirectMemory：1827143680, 恢复 ：1
当前时间 ：2026-08-16 00:37:15send keng：3325, sheng ：4194304
decode keng：18, sheng ：2097152
world keng：5, sheng ：1048576

2026-08-16 00:37:20.213 INFO [pool-6-thread-6][:] - /****************流量统计******************/
LastReadBytes:0
LastReadThroughput:0
LastWrittenBytes:0
LastWriteThroughput:0
RealWrittenBytes:0
RealWriteThroughput:0
当前玩家的连接数量:0
当前地图的线程个数：10
当前地图的个数:47
当前数据库执行队列数:0
当前发送队列缓存的对象数量:0
totalMemory：542113792, use ：448935496, free ：93178296DirectMemory：1827143680, 恢复 ：1
当前时间 ：2026-08-16 00:37:20send keng：3325, sheng ：4194304
decode keng：18, sheng ：2097152
world keng：5, sheng ：1048576

2026-08-16 00:37:25.213 INFO [pool-6-thread-10][:] - /****************流量统计******************/
LastReadBytes:0
LastReadThroughput:0
LastWrittenBytes:0
LastWriteThroughput:0
RealWrittenBytes:0
RealWriteThroughput:0
当前玩家的连接数量:0
当前地图的线程个数：10
当前地图的个数:47
当前数据库执行队列数:0
当前发送队列缓存的对象数量:0
totalMemory：542113792, use ：414405424, free ：127708368DirectMemory：1827143680, 恢复 ：1
当前时间 ：2026-08-16 00:37:25send keng：3325, sheng ：4194304
decode keng：18, sheng ：2097152
world keng：5, sheng ：1048576

2026-08-16 00:37:30.213 INFO [pool-6-thread-9][:] - /****************流量统计******************/
LastReadBytes:0
LastReadThroughput:0
LastWrittenBytes:0
LastWriteThroughput:0
RealWrittenBytes:0
RealWriteThroughput:0
当前玩家的连接数量:0
当前地图的线程个数：10
当前地图的个数:47
当前数据库执行队列数:0
当前发送队列缓存的对象数量:0
totalMemory：542113792, use ：418910776, free ：123203016DirectMemory：1827143680, 恢复 ：1
当前时间 ：2026-08-16 00:37:30send keng：3325, sheng ：4194304
decode keng：18, sheng ：2097152
world keng：5, sheng ：1048576

2026-08-16 00:37:35.213 INFO [pool-6-thread-9][:] - /****************流量统计******************/
LastReadBytes:0
LastReadThroughput:0
LastWrittenBytes:0
LastWriteThroughput:0
RealWrittenBytes:0
RealWriteThroughput:0
当前玩家的连接数量:0
当前地图的线程个数：10
当前地图的个数:47
当前数据库执行队列数:0
当前发送队列缓存的对象数量:0
totalMemory：542113792, use ：423627520, free ：118486272DirectMemory：1827143680, 恢复 ：1
当前时间 ：2026-08-16 00:37:35send keng：3325, sheng ：4194304
decode keng：18, sheng ：2097152
world keng：5, sheng ：1048576

2026-08-16 00:37:40.213 INFO [pool-6-thread-5][:] - /****************流量统计******************/
LastReadBytes:0
LastReadThroughput:0
LastWrittenBytes:0
LastWriteThroughput:0
RealWrittenBytes:0
RealWriteThroughput:0
当前玩家的连接数量:0
当前地图的线程个数：10
当前地图的个数:47
当前数据库执行队列数:0
当前发送队列缓存的对象数量:0
totalMemory：542113792, use ：428185920, free ：113927872DirectMemory：1827143680, 恢复 ：1
当前时间 ：2026-08-16 00:37:40send keng：3325, sheng ：4194304
decode keng：18, sheng ：2097152
world keng：5, sheng ：1048576

2026-08-16 00:37:45.213 INFO [pool-6-thread-6][:] - /****************流量统计******************/
LastReadBytes:0
LastReadThroughput:0
LastWrittenBytes:0
LastWriteThroughput:0
RealWrittenBytes:0
RealWriteThroughput:0
当前玩家的连接数量:0
当前地图的线程个数：10
当前地图的个数:47
当前数据库执行队列数:0
当前发送队列缓存的对象数量:0
totalMemory：542113792, use ：432897608, free ：109216184DirectMemory：1827143680, 恢复 ：1
当前时间 ：2026-08-16 00:37:45send keng：3325, sheng ：4194304
decode keng：18, sheng ：2097152
world keng：5, sheng ：1048576

2026-08-16 00:37:50.213 INFO [pool-6-thread-3][:] - /****************流量统计******************/
LastReadBytes:0
LastReadThroughput:0
LastWrittenBytes:0
LastWriteThroughput:0
RealWrittenBytes:0
RealWriteThroughput:0
当前玩家的连接数量:0
当前地图的线程个数：10
当前地图的个数:47
当前数据库执行队列数:0
当前发送队列缓存的对象数量:0
totalMemory：542113792, use ：437340432, free ：104773360DirectMemory：1827143680, 恢复 ：1
当前时间 ：2026-08-16 00:37:50send keng：3325, sheng ：4194304
decode keng：18, sheng ：2097152
world keng：5, sheng ：1048576

2026-08-16 00:37:55.213 INFO [pool-6-thread-3][:] - /****************流量统计******************/
LastReadBytes:0
LastReadThroughput:0
LastWrittenBytes:0
LastWriteThroughput:0
RealWrittenBytes:0
RealWriteThroughput:0
当前玩家的连接数量:0
当前地图的线程个数：10
当前地图的个数:47
当前数据库执行队列数:0
当前发送队列缓存的对象数量:0
totalMemory：542113792, use ：441745784, free ：100368008DirectMemory：1827143680, 恢复 ：1
当前时间 ：2026-08-16 00:37:55send keng：3325, sheng ：4194304
decode keng：18, sheng ：2097152
world keng：5, sheng ：1048576

2026-08-16 00:38:00.213 INFO [pool-6-thread-6][:] - /****************流量统计******************/
LastReadBytes:0
LastReadThroughput:0
LastWrittenBytes:0
LastWriteThroughput:0
RealWrittenBytes:0
RealWriteThroughput:0
当前玩家的连接数量:0
当前地图的线程个数：10
当前地图的个数:47
当前数据库执行队列数:0
当前发送队列缓存的对象数量:0
totalMemory：542113792, use ：446610480, free ：95503312DirectMemory：1827143680, 恢复 ：1
当前时间 ：2026-08-16 00:38:00send keng：3325, sheng ：4194304
decode keng：18, sheng ：2097152
world keng：5, sheng ：1048576

2026-08-16 00:38:05.213 INFO [pool-6-thread-10][:] - /****************流量统计******************/
LastReadBytes:0
LastReadThroughput:0
LastWrittenBytes:0
LastWriteThroughput:0
RealWrittenBytes:0
RealWriteThroughput:0
当前玩家的连接数量:0
当前地图的线程个数：10
当前地图的个数:47
当前数据库执行队列数:0
当前发送队列缓存的对象数量:0
totalMemory：542113792, use ：411966416, free ：130147376DirectMemory：1827143680, 恢复 ：1
当前时间 ：2026-08-16 00:38:05send keng：3325, sheng ：4194304
decode keng：18, sheng ：2097152
world keng：5, sheng ：1048576

2026-08-16 00:38:10.213 INFO [pool-6-thread-6][:] - /****************流量统计******************/
LastReadBytes:0
LastReadThroughput:0
LastWrittenBytes:0
LastWriteThroughput:0
RealWrittenBytes:0
RealWriteThroughput:0
当前玩家的连接数量:0
当前地图的线程个数：10
当前地图的个数:47
当前数据库执行队列数:0
当前发送队列缓存的对象数量:0
totalMemory：542113792, use ：416569496, free ：125544296DirectMemory：1827143680, 恢复 ：1
当前时间 ：2026-08-16 00:38:10send keng：3325, sheng ：4194304
decode keng：18, sheng ：2097152
world keng：5, sheng ：1048576

2026-08-16 00:38:15.213 INFO [pool-6-thread-10][:] - /****************流量统计******************/
LastReadBytes:0
LastReadThroughput:0
LastWrittenBytes:0
LastWriteThroughput:0
RealWrittenBytes:0
RealWriteThroughput:0
当前玩家的连接数量:0
当前地图的线程个数：10
当前地图的个数:47
当前数据库执行队列数:0
当前发送队列缓存的对象数量:0
totalMemory：542113792, use ：421227280, free ：120886512DirectMemory：1827143680, 恢复 ：1
当前时间 ：2026-08-16 00:38:15send keng：3325, sheng ：4194304
decode keng：18, sheng ：2097152
world keng：5, sheng ：1048576

2026-08-16 00:38:20.213 INFO [pool-6-thread-6][:] - /****************流量统计******************/
LastReadBytes:0
LastReadThroughput:0
LastWrittenBytes:0
LastWriteThroughput:0
RealWrittenBytes:0
RealWriteThroughput:0
当前玩家的连接数量:0
当前地图的线程个数：10
当前地图的个数:47
当前数据库执行队列数:0
当前发送队列缓存的对象数量:0
totalMemory：542113792, use ：426008432, free ：116105360DirectMemory：1827143680, 恢复 ：1
当前时间 ：2026-08-16 00:38:20send keng：3325, sheng ：4194304
decode keng：18, sheng ：2097152
world keng：5, sheng ：1048576

2026-08-16 00:38:25.213 INFO [pool-6-thread-7][:] - /****************流量统计******************/
LastReadBytes:0
LastReadThroughput:0
LastWrittenBytes:0
LastWriteThroughput:0
RealWrittenBytes:0
RealWriteThroughput:0
当前玩家的连接数量:0
当前地图的线程个数：10
当前地图的个数:47
当前数据库执行队列数:0
当前发送队列缓存的对象数量:0
totalMemory：542113792, use ：430307112, free ：111806680DirectMemory：1827143680, 恢复 ：1
当前时间 ：2026-08-16 00:38:25send keng：3325, sheng ：4194304
decode keng：18, sheng ：2097152
world keng：5, sheng ：1048576

2026-08-16 00:38:30.213 INFO [pool-6-thread-8][:] - /****************流量统计******************/
LastReadBytes:0
LastReadThroughput:0
LastWrittenBytes:0
LastWriteThroughput:0
RealWrittenBytes:0
RealWriteThroughput:0
当前玩家的连接数量:0
当前地图的线程个数：10
当前地图的个数:47
当前数据库执行队列数:0
当前发送队列缓存的对象数量:0
totalMemory：542113792, use ：435074352, free ：107039440DirectMemory：1827143680, 恢复 ：1
当前时间 ：2026-08-16 00:38:30send keng：3325, sheng ：4194304
decode keng：18, sheng ：2097152
world keng：5, sheng ：1048576

2026-08-16 00:38:35.213 INFO [pool-6-thread-3][:] - /****************流量统计******************/
LastReadBytes:0
LastReadThroughput:0
LastWrittenBytes:0
LastWriteThroughput:0
RealWrittenBytes:0
RealWriteThroughput:0
当前玩家的连接数量:0
当前地图的线程个数：10
当前地图的个数:47
当前数据库执行队列数:0
当前发送队列缓存的对象数量:0
totalMemory：542113792, use ：439400432, free ：102713360DirectMemory：1827143680, 恢复 ：1
当前时间 ：2026-08-16 00:38:35send keng：3325, sheng ：4194304
decode keng：18, sheng ：2097152
world keng：5, sheng ：1048576

2026-08-16 00:38:40.213 INFO [pool-6-thread-4][:] - /****************流量统计******************/
LastReadBytes:0
LastReadThroughput:0
LastWrittenBytes:0
LastWriteThroughput:0
RealWrittenBytes:0
RealWriteThroughput:0
当前玩家的连接数量:0
当前地图的线程个数：10
当前地图的个数:47
当前数据库执行队列数:0
当前发送队列缓存的对象数量:0
totalMemory：542113792, use ：444228728, free ：97885064DirectMemory：1827143680, 恢复 ：1
当前时间 ：2026-08-16 00:38:40send keng：3325, sheng ：4194304
decode keng：18, sheng ：2097152
world keng：5, sheng ：1048576

2026-08-16 00:38:45.213 INFO [pool-6-thread-3][:] - /****************流量统计******************/
LastReadBytes:0
LastReadThroughput:0
LastWrittenBytes:0
LastWriteThroughput:0
RealWrittenBytes:0
RealWriteThroughput:0
当前玩家的连接数量:0
当前地图的线程个数：10
当前地图的个数:47
当前数据库执行队列数:0
当前发送队列缓存的对象数量:0
totalMemory：542113792, use ：448654256, free ：93459536DirectMemory：1827143680, 恢复 ：1
当前时间 ：2026-08-16 00:38:45send keng：3325, sheng ：4194304
decode keng：18, sheng ：2097152
world keng：5, sheng ：1048576

2026-08-16 00:38:50.213 INFO [pool-6-thread-10][:] - /****************流量统计******************/
LastReadBytes:0
LastReadThroughput:0
LastWrittenBytes:0
LastWriteThroughput:0
RealWrittenBytes:0
RealWriteThroughput:0
当前玩家的连接数量:0
当前地图的线程个数：10
当前地图的个数:47
当前数据库执行队列数:0
当前发送队列缓存的对象数量:0
totalMemory：542113792, use ：414148176, free ：127965616DirectMemory：1827143680, 恢复 ：1
当前时间 ：2026-08-16 00:38:50send keng：3325, sheng ：4194304
decode keng：18, sheng ：2097152
world keng：5, sheng ：1048576

2026-08-16 00:38:55.213 INFO [pool-6-thread-1][:] - /****************流量统计******************/
LastReadBytes:0
LastReadThroughput:0
LastWrittenBytes:0
LastWriteThroughput:0
RealWrittenBytes:0
RealWriteThroughput:0
当前玩家的连接数量:0
当前地图的线程个数：10
当前地图的个数:47
当前数据库执行队列数:0
当前发送队列缓存的对象数量:0
totalMemory：542113792, use ：418305320, free ：123808472DirectMemory：1827143680, 恢复 ：1
当前时间 ：2026-08-16 00:38:55send keng：3325, sheng ：4194304
decode keng：18, sheng ：2097152
world keng：5, sheng ：1048576

2026-08-16 00:39:00.213 INFO [pool-6-thread-8][:] - /****************流量统计******************/
LastReadBytes:0
LastReadThroughput:0
LastWrittenBytes:0
LastWriteThroughput:0
RealWrittenBytes:0
RealWriteThroughput:0
当前玩家的连接数量:0
当前地图的线程个数：10
当前地图的个数:47
当前数据库执行队列数:0
当前发送队列缓存的对象数量:0
totalMemory：542113792, use ：423221384, free ：118892408DirectMemory：1827143680, 恢复 ：1
当前时间 ：2026-08-16 00:39:00send keng：3325, sheng ：4194304
decode keng：18, sheng ：2097152
world keng：5, sheng ：1048576

2026-08-16 00:39:05.213 INFO [pool-6-thread-8][:] - /****************流量统计******************/
LastReadBytes:0
LastReadThroughput:0
LastWrittenBytes:0
LastWriteThroughput:0
RealWrittenBytes:0
RealWriteThroughput:0
当前玩家的连接数量:0
当前地图的线程个数：10
当前地图的个数:47
当前数据库执行队列数:0
当前发送队列缓存的对象数量:0
totalMemory：542113792, use ：427741624, free ：114372168DirectMemory：1827143680, 恢复 ：1
当前时间 ：2026-08-16 00:39:05send keng：3325, sheng ：4194304
decode keng：18, sheng ：2097152
world keng：5, sheng ：1048576

2026-08-16 00:39:10.213 INFO [pool-6-thread-1][:] - /****************流量统计******************/
LastReadBytes:0
LastReadThroughput:0
LastWrittenBytes:0
LastWriteThroughput:0
RealWrittenBytes:0
RealWriteThroughput:0
当前玩家的连接数量:0
当前地图的线程个数：10
当前地图的个数:47
当前数据库执行队列数:0
当前发送队列缓存的对象数量:0
totalMemory：542113792, use ：432487488, free ：109626304DirectMemory：1827143680, 恢复 ：1
当前时间 ：2026-08-16 00:39:10send keng：3325, sheng ：4194304
decode keng：18, sheng ：2097152
world keng：5, sheng ：1048576

2026-08-16 00:39:15.213 INFO [pool-6-thread-9][:] - /****************流量统计******************/
LastReadBytes:0
LastReadThroughput:0
LastWrittenBytes:0
LastWriteThroughput:0
RealWrittenBytes:0
RealWriteThroughput:0
当前玩家的连接数量:0
当前地图的线程个数：10
当前地图的个数:47
当前数据库执行队列数:0
当前发送队列缓存的对象数量:0
totalMemory：542113792, use ：436997552, free ：105116240DirectMemory：1827143680, 恢复 ：1
当前时间 ：2026-08-16 00:39:15send keng：3325, sheng ：4194304
decode keng：18, sheng ：2097152
world keng：5, sheng ：1048576

2026-08-16 00:39:20.213 INFO [pool-6-thread-8][:] - /****************流量统计******************/
LastReadBytes:0
LastReadThroughput:0
LastWrittenBytes:0
LastWriteThroughput:0
RealWrittenBytes:0
RealWriteThroughput:0
当前玩家的连接数量:0
当前地图的线程个数：10
当前地图的个数:47
当前数据库执行队列数:0
当前发送队列缓存的对象数量:0
totalMemory：542113792, use ：441670728, free ：100443064DirectMemory：1827143680, 恢复 ：1
当前时间 ：2026-08-16 00:39:20send keng：3325, sheng ：4194304
decode keng：18, sheng ：2097152
world keng：5, sheng ：1048576

2026-08-16 00:39:25.213 INFO [pool-6-thread-9][:] - /****************流量统计******************/
LastReadBytes:0
LastReadThroughput:0
LastWrittenBytes:0
LastWriteThroughput:0
RealWrittenBytes:0
RealWriteThroughput:0
当前玩家的连接数量:0
当前地图的线程个数：10
当前地图的个数:47
当前数据库执行队列数:0
当前发送队列缓存的对象数量:0
totalMemory：542113792, use ：446036728, free ：96077064DirectMemory：1827143680, 恢复 ：1
当前时间 ：2026-08-16 00:39:25send keng：3325, sheng ：4194304
decode keng：18, sheng ：2097152
world keng：5, sheng ：1048576

2026-08-16 00:39:30.213 INFO [pool-6-thread-1][:] - /****************流量统计******************/
LastReadBytes:0
LastReadThroughput:0
LastWrittenBytes:0
LastWriteThroughput:0
RealWrittenBytes:0
RealWriteThroughput:0
当前玩家的连接数量:0
当前地图的线程个数：10
当前地图的个数:47
当前数据库执行队列数:0
当前发送队列缓存的对象数量:0
totalMemory：542113792, use ：411385464, free ：130728328DirectMemory：1827143680, 恢复 ：1
当前时间 ：2026-08-16 00:39:30send keng：3325, sheng ：4194304
decode keng：18, sheng ：2097152
world keng：5, sheng ：1048576

2026-08-16 00:39:35.213 INFO [pool-6-thread-4][:] - /****************流量统计******************/
LastReadBytes:0
LastReadThroughput:0
LastWrittenBytes:0
LastWriteThroughput:0
RealWrittenBytes:0
RealWriteThroughput:0
当前玩家的连接数量:0
当前地图的线程个数：10
当前地图的个数:47
当前数据库执行队列数:0
当前发送队列缓存的对象数量:0
totalMemory：542113792, use ：415858840, free ：126254952DirectMemory：1827143680, 恢复 ：1
当前时间 ：2026-08-16 00:39:35send keng：3325, sheng ：4194304
decode keng：18, sheng ：2097152
world keng：5, sheng ：1048576

2026-08-16 00:39:40.213 INFO [pool-6-thread-9][:] - /****************流量统计******************/
LastReadBytes:0
LastReadThroughput:0
LastWrittenBytes:0
LastWriteThroughput:0
RealWrittenBytes:0
RealWriteThroughput:0
当前玩家的连接数量:0
当前地图的线程个数：10
当前地图的个数:47
当前数据库执行队列数:0
当前发送队列缓存的对象数量:0
totalMemory：542113792, use ：420564336, free ：121549456DirectMemory：1827143680, 恢复 ：1
当前时间 ：2026-08-16 00:39:40send keng：3325, sheng ：4194304
decode keng：18, sheng ：2097152
world keng：5, sheng ：1048576

2026-08-16 00:39:45.213 INFO [pool-6-thread-2][:] - /****************流量统计******************/
LastReadBytes:0
LastReadThroughput:0
LastWrittenBytes:0
LastWriteThroughput:0
RealWrittenBytes:0
RealWriteThroughput:0
当前玩家的连接数量:0
当前地图的线程个数：10
当前地图的个数:47
当前数据库执行队列数:0
当前发送队列缓存的对象数量:0
totalMemory：542113792, use ：425046264, free ：117067528DirectMemory：1827143680, 恢复 ：1
当前时间 ：2026-08-16 00:39:45send keng：3325, sheng ：4194304
decode keng：18, sheng ：2097152
world keng：5, sheng ：1048576

2026-08-16 00:39:50.213 INFO [pool-6-thread-9][:] - /****************流量统计******************/
LastReadBytes:0
LastReadThroughput:0
LastWrittenBytes:0
LastWriteThroughput:0
RealWrittenBytes:0
RealWriteThroughput:0
当前玩家的连接数量:0
当前地图的线程个数：10
当前地图的个数:47
当前数据库执行队列数:0
当前发送队列缓存的对象数量:0
totalMemory：542113792, use ：429741784, free ：112372008DirectMemory：1827143680, 恢复 ：1
当前时间 ：2026-08-16 00:39:50send keng：3325, sheng ：4194304
decode keng：18, sheng ：2097152
world keng：5, sheng ：1048576

2026-08-16 00:39:55.213 INFO [pool-6-thread-8][:] - /****************流量统计******************/
LastReadBytes:0
LastReadThroughput:0
LastWrittenBytes:0
LastWriteThroughput:0
RealWrittenBytes:0
RealWriteThroughput:0
当前玩家的连接数量:0
当前地图的线程个数：10
当前地图的个数:47
当前数据库执行队列数:0
当前发送队列缓存的对象数量:0
totalMemory：542113792, use ：434340936, free ：107772856DirectMemory：1827143680, 恢复 ：1
当前时间 ：2026-08-16 00:39:55send keng：3325, sheng ：4194304
decode keng：18, sheng ：2097152
world keng：5, sheng ：1048576

2026-08-16 00:40:00.213 INFO [pool-6-thread-6][:] - /****************流量统计******************/
LastReadBytes:0
LastReadThroughput:0
LastWrittenBytes:0
LastWriteThroughput:0
RealWrittenBytes:0
RealWriteThroughput:0
当前玩家的连接数量:0
当前地图的线程个数：10
当前地图的个数:47
当前数据库执行队列数:0
当前发送队列缓存的对象数量:0
totalMemory：542113792, use ：439115976, free ：102997816DirectMemory：1827143680, 恢复 ：1
当前时间 ：2026-08-16 00:40:00send keng：3325, sheng ：4194304
decode keng：18, sheng ：2097152
world keng：5, sheng ：1048576

2026-08-16 00:40:05.213 INFO [pool-6-thread-4][:] - /****************流量统计******************/
LastReadBytes:0
LastReadThroughput:0
LastWrittenBytes:0
LastWriteThroughput:0
RealWrittenBytes:0
RealWriteThroughput:0
当前玩家的连接数量:0
当前地图的线程个数：10
当前地图的个数:47
当前数据库执行队列数:0
当前发送队列缓存的对象数量:0
totalMemory：542113792, use ：443666544, free ：98447248DirectMemory：1827143680, 恢复 ：1
当前时间 ：2026-08-16 00:40:05send keng：3325, sheng ：4194304
decode keng：18, sheng ：2097152
world keng：5, sheng ：1048576

2026-08-16 00:40:10.213 INFO [pool-6-thread-10][:] - /****************流量统计******************/
LastReadBytes:0
LastReadThroughput:0
LastWrittenBytes:0
LastWriteThroughput:0
RealWrittenBytes:0
RealWriteThroughput:0
当前玩家的连接数量:0
当前地图的线程个数：10
当前地图的个数:47
当前数据库执行队列数:0
当前发送队列缓存的对象数量:0
totalMemory：542113792, use ：448083080, free ：94030712DirectMemory：1827143680, 恢复 ：1
当前时间 ：2026-08-16 00:40:10send keng：3325, sheng ：4194304
decode keng：18, sheng ：2097152
world keng：5, sheng ：1048576

2026-08-16 00:40:15.213 INFO [pool-6-thread-2][:] - /****************流量统计******************/
LastReadBytes:0
LastReadThroughput:0
LastWrittenBytes:0
LastWriteThroughput:0
RealWrittenBytes:0
RealWriteThroughput:0
当前玩家的连接数量:0
当前地图的线程个数：10
当前地图的个数:47
当前数据库执行队列数:0
当前发送队列缓存的对象数量:0
totalMemory：542113792, use ：413343072, free ：128770720DirectMemory：1827143680, 恢复 ：1
当前时间 ：2026-08-16 00:40:15send keng：3325, sheng ：4194304
decode keng：18, sheng ：2097152
world keng：5, sheng ：1048576

2026-08-16 00:40:20.213 INFO [pool-6-thread-7][:] - /****************流量统计******************/
LastReadBytes:0
LastReadThroughput:0
LastWrittenBytes:0
LastWriteThroughput:0
RealWrittenBytes:0
RealWriteThroughput:0
当前玩家的连接数量:0
当前地图的线程个数：10
当前地图的个数:47
当前数据库执行队列数:0
当前发送队列缓存的对象数量:0
totalMemory：542113792, use ：418134064, free ：123979728DirectMemory：1827143680, 恢复 ：1
当前时间 ：2026-08-16 00:40:20send keng：3325, sheng ：4194304
decode keng：18, sheng ：2097152
world keng：5, sheng ：1048576

2026-08-16 00:40:25.213 INFO [pool-6-thread-6][:] - /****************流量统计******************/
LastReadBytes:0
LastReadThroughput:0
LastWrittenBytes:0
LastWriteThroughput:0
RealWrittenBytes:0
RealWriteThroughput:0
当前玩家的连接数量:0
当前地图的线程个数：10
当前地图的个数:47
当前数据库执行队列数:0
当前发送队列缓存的对象数量:0
totalMemory：542113792, use ：422680280, free ：119433512DirectMemory：1827143680, 恢复 ：1
当前时间 ：2026-08-16 00:40:25send keng：3325, sheng ：4194304
decode keng：18, sheng ：2097152
world keng：5, sheng ：1048576

2026-08-16 00:40:30.213 INFO [pool-6-thread-3][:] - /****************流量统计******************/
LastReadBytes:0
LastReadThroughput:0
LastWrittenBytes:0
LastWriteThroughput:0
RealWrittenBytes:0
RealWriteThroughput:0
当前玩家的连接数量:0
当前地图的线程个数：10
当前地图的个数:47
当前数据库执行队列数:0
当前发送队列缓存的对象数量:0
totalMemory：542113792, use ：427097968, free ：115015824DirectMemory：1827143680, 恢复 ：1
当前时间 ：2026-08-16 00:40:30send keng：3325, sheng ：4194304
decode keng：18, sheng ：2097152
world keng：5, sheng ：1048576

2026-08-16 00:40:35.213 INFO [pool-6-thread-10][:] - /****************流量统计******************/
LastReadBytes:0
LastReadThroughput:0
LastWrittenBytes:0
LastWriteThroughput:0
RealWrittenBytes:0
RealWriteThroughput:0
当前玩家的连接数量:0
当前地图的线程个数：10
当前地图的个数:47
当前数据库执行队列数:0
当前发送队列缓存的对象数量:0
totalMemory：542113792, use ：431726968, free ：110386824DirectMemory：1827143680, 恢复 ：1
当前时间 ：2026-08-16 00:40:35send keng：3325, sheng ：4194304
decode keng：18, sheng ：2097152
world keng：5, sheng ：1048576

2026-08-16 00:40:40.213 INFO [pool-6-thread-10][:] - /****************流量统计******************/
LastReadBytes:0
LastReadThroughput:0
LastWrittenBytes:0
LastWriteThroughput:0
RealWrittenBytes:0
RealWriteThroughput:0
当前玩家的连接数量:0
当前地图的线程个数：10
当前地图的个数:47
当前数据库执行队列数:0
当前发送队列缓存的对象数量:0
totalMemory：542113792, use ：436197144, free ：105916648DirectMemory：1827143680, 恢复 ：1
当前时间 ：2026-08-16 00:40:40send keng：3325, sheng ：4194304
decode keng：18, sheng ：2097152
world keng：5, sheng ：1048576

2026-08-16 00:40:45.213 INFO [pool-6-thread-2][:] - /****************流量统计******************/
LastReadBytes:0
LastReadThroughput:0
LastWrittenBytes:0
LastWriteThroughput:0
RealWrittenBytes:0
RealWriteThroughput:0
当前玩家的连接数量:0
当前地图的线程个数：10
当前地图的个数:47
当前数据库执行队列数:0
当前发送队列缓存的对象数量:0
totalMemory：542113792, use ：440953384, free ：101160408DirectMemory：1827143680, 恢复 ：1
当前时间 ：2026-08-16 00:40:45send keng：3325, sheng ：4194304
decode keng：18, sheng ：2097152
world keng：5, sheng ：1048576

2026-08-16 00:40:50.213 INFO [pool-6-thread-10][:] - /****************流量统计******************/
LastReadBytes:0
LastReadThroughput:0
LastWrittenBytes:0
LastWriteThroughput:0
RealWrittenBytes:0
RealWriteThroughput:0
当前玩家的连接数量:0
当前地图的线程个数：10
当前地图的个数:47
当前数据库执行队列数:0
当前发送队列缓存的对象数量:0
totalMemory：542113792, use ：445486568, free ：96627224DirectMemory：1827143680, 恢复 ：1
当前时间 ：2026-08-16 00:40:50send keng：3325, sheng ：4194304
decode keng：18, sheng ：2097152
world keng：5, sheng ：1048576

2026-08-16 00:40:55.213 INFO [pool-6-thread-2][:] - /****************流量统计******************/
LastReadBytes:0
LastReadThroughput:0
LastWrittenBytes:0
LastWriteThroughput:0
RealWrittenBytes:0
RealWriteThroughput:0
当前玩家的连接数量:0
当前地图的线程个数：10
当前地图的个数:47
当前数据库执行队列数:0
当前发送队列缓存的对象数量:0
totalMemory：542113792, use ：411190336, free ：130923456DirectMemory：1827143680, 恢复 ：1
当前时间 ：2026-08-16 00:40:55send keng：3325, sheng ：4194304
decode keng：18, sheng ：2097152
world keng：5, sheng ：1048576

2026-08-16 00:41:00.213 INFO [pool-6-thread-3][:] - /****************流量统计******************/
LastReadBytes:0
LastReadThroughput:0
LastWrittenBytes:0
LastWriteThroughput:0
RealWrittenBytes:0
RealWriteThroughput:0
当前玩家的连接数量:0
当前地图的线程个数：10
当前地图的个数:47
当前数据库执行队列数:0
当前发送队列缓存的对象数量:0
totalMemory：542113792, use ：415379552, free ：126734240DirectMemory：1827143680, 恢复 ：1
当前时间 ：2026-08-16 00:41:00send keng：3325, sheng ：4194304
decode keng：18, sheng ：2097152
world keng：5, sheng ：1048576

2026-08-16 00:41:05.213 INFO [pool-6-thread-8][:] - /****************流量统计******************/
LastReadBytes:0
LastReadThroughput:0
LastWrittenBytes:0
LastWriteThroughput:0
RealWrittenBytes:0
RealWriteThroughput:0
当前玩家的连接数量:0
当前地图的线程个数：10
当前地图的个数:47
当前数据库执行队列数:0
当前发送队列缓存的对象数量:0
totalMemory：542113792, use ：420293168, free ：121820624DirectMemory：1827143680, 恢复 ：1
当前时间 ：2026-08-16 00:41:05send keng：3325, sheng ：4194304
decode keng：18, sheng ：2097152
world keng：5, sheng ：1048576

2026-08-16 00:41:10.213 INFO [pool-6-thread-4][:] - /****************流量统计******************/
LastReadBytes:0
LastReadThroughput:0
LastWrittenBytes:0
LastWriteThroughput:0
RealWrittenBytes:0
RealWriteThroughput:0
当前玩家的连接数量:0
当前地图的线程个数：10
当前地图的个数:47
当前数据库执行队列数:0
当前发送队列缓存的对象数量:0
totalMemory：542113792, use ：424668024, free ：117445768DirectMemory：1827143680, 恢复 ：1
当前时间 ：2026-08-16 00:41:10send keng：3325, sheng ：4194304
decode keng：18, sheng ：2097152
world keng：5, sheng ：1048576

2026-08-16 00:41:15.213 INFO [pool-6-thread-4][:] - /****************流量统计******************/
LastReadBytes:0
LastReadThroughput:0
LastWrittenBytes:0
LastWriteThroughput:0
RealWrittenBytes:0
RealWriteThroughput:0
当前玩家的连接数量:0
当前地图的线程个数：10
当前地图的个数:47
当前数据库执行队列数:0
当前发送队列缓存的对象数量:0
totalMemory：542113792, use ：429475824, free ：112637968DirectMemory：1827143680, 恢复 ：1
当前时间 ：2026-08-16 00:41:15send keng：3325, sheng ：4194304
decode keng：18, sheng ：2097152
world keng：5, sheng ：1048576

2026-08-16 00:41:20.213 INFO [pool-6-thread-9][:] - /****************流量统计******************/
LastReadBytes:0
LastReadThroughput:0
LastWrittenBytes:0
LastWriteThroughput:0
RealWrittenBytes:0
RealWriteThroughput:0
当前玩家的连接数量:0
当前地图的线程个数：10
当前地图的个数:47
当前数据库执行队列数:0
当前发送队列缓存的对象数量:0
totalMemory：542113792, use ：433998176, free ：108115616DirectMemory：1827143680, 恢复 ：1
当前时间 ：2026-08-16 00:41:20send keng：3325, sheng ：4194304
decode keng：18, sheng ：2097152
world keng：5, sheng ：1048576

2026-08-16 00:41:25.213 INFO [pool-6-thread-5][:] - /****************流量统计******************/
LastReadBytes:0
LastReadThroughput:0
LastWrittenBytes:0
LastWriteThroughput:0
RealWrittenBytes:0
RealWriteThroughput:0
当前玩家的连接数量:0
当前地图的线程个数：10
当前地图的个数:47
当前数据库执行队列数:0
当前发送队列缓存的对象数量:0
totalMemory：542113792, use ：438522400, free ：103591392DirectMemory：1827143680, 恢复 ：1
当前时间 ：2026-08-16 00:41:25send keng：3325, sheng ：4194304
decode keng：18, sheng ：2097152
world keng：5, sheng ：1048576

2026-08-16 00:41:30.213 INFO [pool-6-thread-9][:] - /****************流量统计******************/
LastReadBytes:0
LastReadThroughput:0
LastWrittenBytes:0
LastWriteThroughput:0
RealWrittenBytes:0
RealWriteThroughput:0
当前玩家的连接数量:0
当前地图的线程个数：10
当前地图的个数:47
当前数据库执行队列数:0
当前发送队列缓存的对象数量:0
totalMemory：542113792, use ：442986440, free ：99127352DirectMemory：1827143680, 恢复 ：1
当前时间 ：2026-08-16 00:41:30send keng：3325, sheng ：4194304
decode keng：18, sheng ：2097152
world keng：5, sheng ：1048576

2026-08-16 00:41:35.213 INFO [pool-6-thread-10][:] - /****************流量统计******************/
LastReadBytes:0
LastReadThroughput:0
LastWrittenBytes:0
LastWriteThroughput:0
RealWrittenBytes:0
RealWriteThroughput:0
当前玩家的连接数量:0
当前地图的线程个数：10
当前地图的个数:47
当前数据库执行队列数:0
当前发送队列缓存的对象数量:0
totalMemory：542113792, use ：447613072, free ：94500720DirectMemory：1827143680, 恢复 ：1
当前时间 ：2026-08-16 00:41:35send keng：3325, sheng ：4194304
decode keng：18, sheng ：2097152
world keng：5, sheng ：1048576

2026-08-16 00:41:40.213 INFO [pool-6-thread-2][:] - /****************流量统计******************/
LastReadBytes:0
LastReadThroughput:0
LastWrittenBytes:0
LastWriteThroughput:0
RealWrittenBytes:0
RealWriteThroughput:0
当前玩家的连接数量:0
当前地图的线程个数：10
当前地图的个数:47
当前数据库执行队列数:0
当前发送队列缓存的对象数量:0
totalMemory：542113792, use ：412689440, free ：129424352DirectMemory：1827143680, 恢复 ：1
当前时间 ：2026-08-16 00:41:40send keng：3325, sheng ：4194304
decode keng：18, sheng ：2097152
world keng：5, sheng ：1048576

2026-08-16 00:41:45.213 INFO [pool-6-thread-10][:] - /****************流量统计******************/
LastReadBytes:0
LastReadThroughput:0
LastWrittenBytes:0
LastWriteThroughput:0
RealWrittenBytes:0
RealWriteThroughput:0
当前玩家的连接数量:0
当前地图的线程个数：10
当前地图的个数:47
当前数据库执行队列数:0
当前发送队列缓存的对象数量:0
totalMemory：542113792, use ：417409648, free ：124704144DirectMemory：1827143680, 恢复 ：1
当前时间 ：2026-08-16 00:41:45send keng：3325, sheng ：4194304
decode keng：18, sheng ：2097152
world keng：5, sheng ：1048576

2026-08-16 00:41:50.213 INFO [pool-6-thread-8][:] - /****************流量统计******************/
LastReadBytes:0
LastReadThroughput:0
LastWrittenBytes:0
LastWriteThroughput:0
RealWrittenBytes:0
RealWriteThroughput:0
当前玩家的连接数量:0
当前地图的线程个数：10
当前地图的个数:47
当前数据库执行队列数:0
当前发送队列缓存的对象数量:0
totalMemory：542113792, use ：421880632, free ：120233160DirectMemory：1827143680, 恢复 ：1
当前时间 ：2026-08-16 00:41:50send keng：3325, sheng ：4194304
decode keng：18, sheng ：2097152
world keng：5, sheng ：1048576

2026-08-16 00:41:55.213 INFO [pool-6-thread-3][:] - /****************流量统计******************/
LastReadBytes:0
LastReadThroughput:0
LastWrittenBytes:0
LastWriteThroughput:0
RealWrittenBytes:0
RealWriteThroughput:0
当前玩家的连接数量:0
当前地图的线程个数：10
当前地图的个数:47
当前数据库执行队列数:0
当前发送队列缓存的对象数量:0
totalMemory：542113792, use ：426641672, free ：115472120DirectMemory：1827143680, 恢复 ：1
当前时间 ：2026-08-16 00:41:55send keng：3325, sheng ：4194304
decode keng：18, sheng ：2097152
world keng：5, sheng ：1048576

2026-08-16 00:42:00.213 INFO [pool-6-thread-2][:] - /****************流量统计******************/
LastReadBytes:0
LastReadThroughput:0
LastWrittenBytes:0
LastWriteThroughput:0
RealWrittenBytes:0
RealWriteThroughput:0
当前玩家的连接数量:0
当前地图的线程个数：10
当前地图的个数:47
当前数据库执行队列数:0
当前发送队列缓存的对象数量:0
totalMemory：542113792, use ：431361376, free ：110752416DirectMemory：1827143680, 恢复 ：1
当前时间 ：2026-08-16 00:42:00send keng：3325, sheng ：4194304
decode keng：18, sheng ：2097152
world keng：5, sheng ：1048576

2026-08-16 00:42:05.213 INFO [pool-6-thread-6][:] - /****************流量统计******************/
LastReadBytes:0
LastReadThroughput:0
LastWrittenBytes:0
LastWriteThroughput:0
RealWrittenBytes:0
RealWriteThroughput:0
当前玩家的连接数量:0
当前地图的线程个数：10
当前地图的个数:47
当前数据库执行队列数:0
当前发送队列缓存的对象数量:0
totalMemory：542113792, use ：436089616, free ：106024176DirectMemory：1827143680, 恢复 ：1
当前时间 ：2026-08-16 00:42:05send keng：3325, sheng ：4194304
decode keng：18, sheng ：2097152
world keng：5, sheng ：1048576

2026-08-16 00:42:10.213 INFO [pool-6-thread-6][:] - /****************流量统计******************/
LastReadBytes:0
LastReadThroughput:0
LastWrittenBytes:0
LastWriteThroughput:0
RealWrittenBytes:0
RealWriteThroughput:0
当前玩家的连接数量:0
当前地图的线程个数：10
当前地图的个数:47
当前数据库执行队列数:0
当前发送队列缓存的对象数量:0
totalMemory：542113792, use ：440547336, free ：101566456DirectMemory：1827143680, 恢复 ：1
当前时间 ：2026-08-16 00:42:10send keng：3325, sheng ：4194304
decode keng：18, sheng ：2097152
world keng：5, sheng ：1048576

2026-08-16 00:42:15.213 INFO [pool-6-thread-3][:] - /****************流量统计******************/
LastReadBytes:0
LastReadThroughput:0
LastWrittenBytes:0
LastWriteThroughput:0
RealWrittenBytes:0
RealWriteThroughput:0
当前玩家的连接数量:0
当前地图的线程个数：10
当前地图的个数:47
当前数据库执行队列数:0
当前发送队列缓存的对象数量:0
totalMemory：542113792, use ：444963472, free ：97150320DirectMemory：1827143680, 恢复 ：1
当前时间 ：2026-08-16 00:42:15send keng：3325, sheng ：4194304
decode keng：18, sheng ：2097152
world keng：5, sheng ：1048576

2026-08-16 00:42:20.213 INFO [pool-6-thread-3][:] - /****************流量统计******************/
LastReadBytes:0
LastReadThroughput:0
LastWrittenBytes:0
LastWriteThroughput:0
RealWrittenBytes:0
RealWriteThroughput:0
当前玩家的连接数量:0
当前地图的线程个数：10
当前地图的个数:47
当前数据库执行队列数:0
当前发送队列缓存的对象数量:0
totalMemory：542113792, use ：449682416, free ：92431376DirectMemory：1827143680, 恢复 ：1
当前时间 ：2026-08-16 00:42:20send keng：3325, sheng ：4194304
decode keng：18, sheng ：2097152
world keng：5, sheng ：1048576

2026-08-16 00:42:25.213 INFO [pool-6-thread-7][:] - /****************流量统计******************/
LastReadBytes:0
LastReadThroughput:0
LastWrittenBytes:0
LastWriteThroughput:0
RealWrittenBytes:0
RealWriteThroughput:0
当前玩家的连接数量:0
当前地图的线程个数：10
当前地图的个数:47
当前数据库执行队列数:0
当前发送队列缓存的对象数量:0
totalMemory：542113792, use ：415013776, free ：127100016DirectMemory：1827143680, 恢复 ：1
当前时间 ：2026-08-16 00:42:25send keng：3325, sheng ：4194304
decode keng：18, sheng ：2097152
world keng：5, sheng ：1048576

2026-08-16 00:42:30.213 INFO [pool-6-thread-1][:] - /****************流量统计******************/
LastReadBytes:0
LastReadThroughput:0
LastWrittenBytes:0
LastWriteThroughput:0
RealWrittenBytes:0
RealWriteThroughput:0
当前玩家的连接数量:0
当前地图的线程个数：10
当前地图的个数:47
当前数据库执行队列数:0
当前发送队列缓存的对象数量:0
totalMemory：542113792, use ：419508576, free ：122605216DirectMemory：1827143680, 恢复 ：1
当前时间 ：2026-08-16 00:42:30send keng：3325, sheng ：4194304
decode keng：18, sheng ：2097152
world keng：5, sheng ：1048576

2026-08-16 00:42:35.213 INFO [pool-6-thread-4][:] - /****************流量统计******************/
LastReadBytes:0
LastReadThroughput:0
LastWrittenBytes:0
LastWriteThroughput:0
RealWrittenBytes:0
RealWriteThroughput:0
当前玩家的连接数量:0
当前地图的线程个数：10
当前地图的个数:47
当前数据库执行队列数:0
当前发送队列缓存的对象数量:0
totalMemory：542113792, use ：424062960, free ：118050832DirectMemory：1827143680, 恢复 ：1
当前时间 ：2026-08-16 00:42:35send keng：3325, sheng ：4194304
decode keng：18, sheng ：2097152
world keng：5, sheng ：1048576

2026-08-16 00:42:40.213 INFO [pool-6-thread-8][:] - /****************流量统计******************/
LastReadBytes:0
LastReadThroughput:0
LastWrittenBytes:0
LastWriteThroughput:0
RealWrittenBytes:0
RealWriteThroughput:0
当前玩家的连接数量:0
当前地图的线程个数：10
当前地图的个数:47
当前数据库执行队列数:0
当前发送队列缓存的对象数量:0
totalMemory：542113792, use ：428694040, free ：113419752DirectMemory：1827143680, 恢复 ：1
当前时间 ：2026-08-16 00:42:40send keng：3325, sheng ：4194304
decode keng：18, sheng ：2097152
world keng：5, sheng ：1048576

2026-08-16 00:42:45.213 INFO [pool-6-thread-8][:] - /****************流量统计******************/
LastReadBytes:0
LastReadThroughput:0
LastWrittenBytes:0
LastWriteThroughput:0
RealWrittenBytes:0
RealWriteThroughput:0
当前玩家的连接数量:0
当前地图的线程个数：10
当前地图的个数:47
当前数据库执行队列数:0
当前发送队列缓存的对象数量:0
totalMemory：542113792, use ：433180144, free ：108933648DirectMemory：1827143680, 恢复 ：1
当前时间 ：2026-08-16 00:42:45send keng：3325, sheng ：4194304
decode keng：18, sheng ：2097152
world keng：5, sheng ：1048576

2026-08-16 00:42:50.213 INFO [pool-6-thread-2][:] - /****************流量统计******************/
LastReadBytes:0
LastReadThroughput:0
LastWrittenBytes:0
LastWriteThroughput:0
RealWrittenBytes:0
RealWriteThroughput:0
当前玩家的连接数量:0
当前地图的线程个数：10
当前地图的个数:47
当前数据库执行队列数:0
当前发送队列缓存的对象数量:0
totalMemory：542113792, use ：437893912, free ：104219880DirectMemory：1827143680, 恢复 ：1
当前时间 ：2026-08-16 00:42:50send keng：3325, sheng ：4194304
decode keng：18, sheng ：2097152
world keng：5, sheng ：1048576

2026-08-16 00:42:55.213 INFO [pool-6-thread-7][:] - /****************流量统计******************/
LastReadBytes:0
LastReadThroughput:0
LastWrittenBytes:0
LastWriteThroughput:0
RealWrittenBytes:0
RealWriteThroughput:0
当前玩家的连接数量:0
当前地图的线程个数：10
当前地图的个数:47
当前数据库执行队列数:0
当前发送队列缓存的对象数量:0
totalMemory：542113792, use ：442478696, free ：99635096DirectMemory：1827143680, 恢复 ：1
当前时间 ：2026-08-16 00:42:55send keng：3325, sheng ：4194304
decode keng：18, sheng ：2097152
world keng：5, sheng ：1048576

2026-08-16 00:43:00.213 INFO [pool-6-thread-5][:] - /****************流量统计******************/
LastReadBytes:0
LastReadThroughput:0
LastWrittenBytes:0
LastWriteThroughput:0
RealWrittenBytes:0
RealWriteThroughput:0
当前玩家的连接数量:0
当前地图的线程个数：10
当前地图的个数:47
当前数据库执行队列数:0
当前发送队列缓存的对象数量:0
totalMemory：542113792, use ：447286328, free ：94827464DirectMemory：1827143680, 恢复 ：1
当前时间 ：2026-08-16 00:43:00send keng：3325, sheng ：4194304
decode keng：18, sheng ：2097152
world keng：5, sheng ：1048576

2026-08-16 00:43:05.213 INFO [pool-6-thread-2][:] - /****************流量统计******************/
LastReadBytes:0
LastReadThroughput:0
LastWrittenBytes:0
LastWriteThroughput:0
RealWrittenBytes:0
RealWriteThroughput:0
当前玩家的连接数量:0
当前地图的线程个数：10
当前地图的个数:47
当前数据库执行队列数:0
当前发送队列缓存的对象数量:0
totalMemory：542113792, use ：412684688, free ：129429104DirectMemory：1827143680, 恢复 ：1
当前时间 ：2026-08-16 00:43:05send keng：3325, sheng ：4194304
decode keng：18, sheng ：2097152
world keng：5, sheng ：1048576

2026-08-16 00:43:10.213 INFO [pool-6-thread-8][:] - /****************流量统计******************/
LastReadBytes:0
LastReadThroughput:0
LastWrittenBytes:0
LastWriteThroughput:0
RealWrittenBytes:0
RealWriteThroughput:0
当前玩家的连接数量:0
当前地图的线程个数：10
当前地图的个数:47
当前数据库执行队列数:0
当前发送队列缓存的对象数量:0
totalMemory：542113792, use ：417343840, free ：124769952DirectMemory：1827143680, 恢复 ：1
当前时间 ：2026-08-16 00:43:10send keng：3325, sheng ：4194304
decode keng：18, sheng ：2097152
world keng：5, sheng ：1048576

2026-08-16 00:43:15.213 INFO [pool-6-thread-7][:] - /****************流量统计******************/
LastReadBytes:0
LastReadThroughput:0
LastWrittenBytes:0
LastWriteThroughput:0
RealWrittenBytes:0
RealWriteThroughput:0
当前玩家的连接数量:0
当前地图的线程个数：10
当前地图的个数:47
当前数据库执行队列数:0
当前发送队列缓存的对象数量:0
totalMemory：542113792, use ：421822976, free ：120290816DirectMemory：1827143680, 恢复 ：1
当前时间 ：2026-08-16 00:43:15send keng：3325, sheng ：4194304
decode keng：18, sheng ：2097152
world keng：5, sheng ：1048576

2026-08-16 00:43:20.213 INFO [pool-6-thread-7][:] - /****************流量统计******************/
LastReadBytes:0
LastReadThroughput:0
LastWrittenBytes:0
LastWriteThroughput:0
RealWrittenBytes:0
RealWriteThroughput:0
当前玩家的连接数量:0
当前地图的线程个数：10
当前地图的个数:47
当前数据库执行队列数:0
当前发送队列缓存的对象数量:0
totalMemory：542113792, use ：426337720, free ：115776072DirectMemory：1827143680, 恢复 ：1
当前时间 ：2026-08-16 00:43:20send keng：3325, sheng ：4194304
decode keng：18, sheng ：2097152
world keng：5, sheng ：1048576

2026-08-16 00:43:25.213 INFO [pool-6-thread-4][:] - /****************流量统计******************/
LastReadBytes:0
LastReadThroughput:0
LastWrittenBytes:0
LastWriteThroughput:0
RealWrittenBytes:0
RealWriteThroughput:0
当前玩家的连接数量:0
当前地图的线程个数：10
当前地图的个数:47
当前数据库执行队列数:0
当前发送队列缓存的对象数量:0
totalMemory：542113792, use ：430756096, free ：111357696DirectMemory：1827143680, 恢复 ：1
当前时间 ：2026-08-16 00:43:25send keng：3325, sheng ：4194304
decode keng：18, sheng ：2097152
world keng：5, sheng ：1048576

2026-08-16 00:43:30.213 INFO [pool-6-thread-1][:] - /****************流量统计******************/
LastReadBytes:0
LastReadThroughput:0
LastWrittenBytes:0
LastWriteThroughput:0
RealWrittenBytes:0
RealWriteThroughput:0
当前玩家的连接数量:0
当前地图的线程个数：10
当前地图的个数:47
当前数据库执行队列数:0
当前发送队列缓存的对象数量:0
totalMemory：542113792, use ：435480168, free ：106633624DirectMemory：1827143680, 恢复 ：1
当前时间 ：2026-08-16 00:43:30send keng：3325, sheng ：4194304
decode keng：18, sheng ：2097152
world keng：5, sheng ：1048576

2026-08-16 00:43:35.213 INFO [pool-6-thread-5][:] - /****************流量统计******************/
LastReadBytes:0
LastReadThroughput:0
LastWrittenBytes:0
LastWriteThroughput:0
RealWrittenBytes:0
RealWriteThroughput:0
当前玩家的连接数量:0
当前地图的线程个数：10
当前地图的个数:47
当前数据库执行队列数:0
当前发送队列缓存的对象数量:0
totalMemory：542113792, use ：440155656, free ：101958136DirectMemory：1827143680, 恢复 ：1
当前时间 ：2026-08-16 00:43:35send keng：3325, sheng ：4194304
decode keng：18, sheng ：2097152
world keng：5, sheng ：1048576

2026-08-16 00:43:40.213 INFO [pool-6-thread-10][:] - /****************流量统计******************/
LastReadBytes:0
LastReadThroughput:0
LastWrittenBytes:0
LastWriteThroughput:0
RealWrittenBytes:0
RealWriteThroughput:0
当前玩家的连接数量:0
当前地图的线程个数：10
当前地图的个数:47
当前数据库执行队列数:0
当前发送队列缓存的对象数量:0
totalMemory：542113792, use ：444788448, free ：97325344DirectMemory：1827143680, 恢复 ：1
当前时间 ：2026-08-16 00:43:40send keng：3325, sheng ：4194304
decode keng：18, sheng ：2097152
world keng：5, sheng ：1048576

2026-08-16 00:43:45.213 INFO [pool-6-thread-8][:] - /****************流量统计******************/
LastReadBytes:0
LastReadThroughput:0
LastWrittenBytes:0
LastWriteThroughput:0
RealWrittenBytes:0
RealWriteThroughput:0
当前玩家的连接数量:0
当前地图的线程个数：10
当前地图的个数:47
当前数据库执行队列数:0
当前发送队列缓存的对象数量:0
totalMemory：542113792, use ：449368488, free ：92745304DirectMemory：1827143680, 恢复 ：1
当前时间 ：2026-08-16 00:43:45send keng：3325, sheng ：4194304
decode keng：18, sheng ：2097152
world keng：5, sheng ：1048576

2026-08-16 00:43:50.213 INFO [pool-6-thread-4][:] - /****************流量统计******************/
LastReadBytes:0
LastReadThroughput:0
LastWrittenBytes:0
LastWriteThroughput:0
RealWrittenBytes:0
RealWriteThroughput:0
当前玩家的连接数量:0
当前地图的线程个数：10
当前地图的个数:47
当前数据库执行队列数:0
当前发送队列缓存的对象数量:0
totalMemory：542113792, use ：414407200, free ：127706592DirectMemory：1827143680, 恢复 ：1
当前时间 ：2026-08-16 00:43:50send keng：3325, sheng ：4194304
decode keng：18, sheng ：2097152
world keng：5, sheng ：1048576

2026-08-16 00:43:55.213 INFO [pool-6-thread-8][:] - /****************流量统计******************/
LastReadBytes:0
LastReadThroughput:0
LastWrittenBytes:0
LastWriteThroughput:0
RealWrittenBytes:0
RealWriteThroughput:0
当前玩家的连接数量:0
当前地图的线程个数：10
当前地图的个数:47
当前数据库执行队列数:0
当前发送队列缓存的对象数量:0
totalMemory：542113792, use ：419001784, free ：123112008DirectMemory：1827143680, 恢复 ：1
当前时间 ：2026-08-16 00:43:55send keng：3325, sheng ：4194304
decode keng：18, sheng ：2097152
world keng：5, sheng ：1048576

2026-08-16 00:44:00.213 INFO [pool-6-thread-1][:] - /****************流量统计******************/
LastReadBytes:0
LastReadThroughput:0
LastWrittenBytes:0
LastWriteThroughput:0
RealWrittenBytes:0
RealWriteThroughput:0
当前玩家的连接数量:0
当前地图的线程个数：10
当前地图的个数:47
当前数据库执行队列数:0
当前发送队列缓存的对象数量:0
totalMemory：542113792, use ：423822984, free ：118290808DirectMemory：1827143680, 恢复 ：1
当前时间 ：2026-08-16 00:44:00send keng：3325, sheng ：4194304
decode keng：18, sheng ：2097152
world keng：5, sheng ：1048576

2026-08-16 00:44:05.213 INFO [pool-6-thread-9][:] - /****************流量统计******************/
LastReadBytes:0
LastReadThroughput:0
LastWrittenBytes:0
LastWriteThroughput:0
RealWrittenBytes:0
RealWriteThroughput:0
当前玩家的连接数量:0
当前地图的线程个数：10
当前地图的个数:47
当前数据库执行队列数:0
当前发送队列缓存的对象数量:0
totalMemory：542113792, use ：428468760, free ：113645032DirectMemory：1827143680, 恢复 ：1
当前时间 ：2026-08-16 00:44:05send keng：3325, sheng ：4194304
decode keng：18, sheng ：2097152
world keng：5, sheng ：1048576

2026-08-16 00:44:10.213 INFO [pool-6-thread-9][:] - /****************流量统计******************/
LastReadBytes:0
LastReadThroughput:0
LastWrittenBytes:0
LastWriteThroughput:0
RealWrittenBytes:0
RealWriteThroughput:0
当前玩家的连接数量:0
当前地图的线程个数：10
当前地图的个数:47
当前数据库执行队列数:0
当前发送队列缓存的对象数量:0
totalMemory：542113792, use ：433205800, free ：108907992DirectMemory：1827143680, 恢复 ：1
当前时间 ：2026-08-16 00:44:10send keng：3325, sheng ：4194304
decode keng：18, sheng ：2097152
world keng：5, sheng ：1048576

2026-08-16 00:44:15.213 INFO [pool-6-thread-8][:] - /****************流量统计******************/
LastReadBytes:0
LastReadThroughput:0
LastWrittenBytes:0
LastWriteThroughput:0
RealWrittenBytes:0
RealWriteThroughput:0
当前玩家的连接数量:0
当前地图的线程个数：10
当前地图的个数:47
当前数据库执行队列数:0
当前发送队列缓存的对象数量:0
totalMemory：542113792, use ：437814224, free ：104299568DirectMemory：1827143680, 恢复 ：1
当前时间 ：2026-08-16 00:44:15send keng：3325, sheng ：4194304
decode keng：18, sheng ：2097152
world keng：5, sheng ：1048576

2026-08-16 00:44:20.213 INFO [pool-6-thread-9][:] - /****************流量统计******************/
LastReadBytes:0
LastReadThroughput:0
LastWrittenBytes:0
LastWriteThroughput:0
RealWrittenBytes:0
RealWriteThroughput:0
当前玩家的连接数量:0
当前地图的线程个数：10
当前地图的个数:47
当前数据库执行队列数:0
当前发送队列缓存的对象数量:0
totalMemory：542113792, use ：442111592, free ：100002200DirectMemory：1827143680, 恢复 ：1
当前时间 ：2026-08-16 00:44:20send keng：3325, sheng ：4194304
decode keng：18, sheng ：2097152
world keng：5, sheng ：1048576

2026-08-16 00:44:25.213 INFO [pool-6-thread-1][:] - /****************流量统计******************/
LastReadBytes:0
LastReadThroughput:0
LastWrittenBytes:0
LastWriteThroughput:0
RealWrittenBytes:0
RealWriteThroughput:0
当前玩家的连接数量:0
当前地图的线程个数：10
当前地图的个数:47
当前数据库执行队列数:0
当前发送队列缓存的对象数量:0
totalMemory：542113792, use ：446760856, free ：95352936DirectMemory：1827143680, 恢复 ：1
当前时间 ：2026-08-16 00:44:25send keng：3325, sheng ：4194304
decode keng：18, sheng ：2097152
world keng：5, sheng ：1048576

2026-08-16 00:44:30.213 INFO [pool-6-thread-1][:] - /****************流量统计******************/
LastReadBytes:0
LastReadThroughput:0
LastWrittenBytes:0
LastWriteThroughput:0
RealWrittenBytes:0
RealWriteThroughput:0
当前玩家的连接数量:0
当前地图的线程个数：10
当前地图的个数:47
当前数据库执行队列数:0
当前发送队列缓存的对象数量:0
totalMemory：542113792, use ：411989672, free ：130124120DirectMemory：1827143680, 恢复 ：1
当前时间 ：2026-08-16 00:44:30send keng：3325, sheng ：4194304
decode keng：18, sheng ：2097152
world keng：5, sheng ：1048576

2026-08-16 00:44:35.213 INFO [pool-6-thread-8][:] - /****************流量统计******************/
LastReadBytes:0
LastReadThroughput:0
LastWrittenBytes:0
LastWriteThroughput:0
RealWrittenBytes:0
RealWriteThroughput:0
当前玩家的连接数量:0
当前地图的线程个数：10
当前地图的个数:47
当前数据库执行队列数:0
当前发送队列缓存的对象数量:0
totalMemory：542113792, use ：416568712, free ：125545080DirectMemory：1827143680, 恢复 ：1
当前时间 ：2026-08-16 00:44:35send keng：3325, sheng ：4194304
decode keng：18, sheng ：2097152
world keng：5, sheng ：1048576

2026-08-16 00:44:40.213 INFO [pool-6-thread-4][:] - /****************流量统计******************/
LastReadBytes:0
LastReadThroughput:0
LastWrittenBytes:0
LastWriteThroughput:0
RealWrittenBytes:0
RealWriteThroughput:0
当前玩家的连接数量:0
当前地图的线程个数：10
当前地图的个数:47
当前数据库执行队列数:0
当前发送队列缓存的对象数量:0
totalMemory：542113792, use ：421270920, free ：120842872DirectMemory：1827143680, 恢复 ：1
当前时间 ：2026-08-16 00:44:40send keng：3325, sheng ：4194304
decode keng：18, sheng ：2097152
world keng：5, sheng ：1048576

2026-08-16 00:44:45.213 INFO [pool-6-thread-4][:] - /****************流量统计******************/
LastReadBytes:0
LastReadThroughput:0
LastWrittenBytes:0
LastWriteThroughput:0
RealWrittenBytes:0
RealWriteThroughput:0
当前玩家的连接数量:0
当前地图的线程个数：10
当前地图的个数:47
当前数据库执行队列数:0
当前发送队列缓存的对象数量:0
totalMemory：542113792, use ：426068896, free ：116044896DirectMemory：1827143680, 恢复 ：1
当前时间 ：2026-08-16 00:44:45send keng：3325, sheng ：4194304
decode keng：18, sheng ：2097152
world keng：5, sheng ：1048576

2026-08-16 00:44:50.213 INFO [pool-6-thread-9][:] - /****************流量统计******************/
LastReadBytes:0
LastReadThroughput:0
LastWrittenBytes:0
LastWriteThroughput:0
RealWrittenBytes:0
RealWriteThroughput:0
当前玩家的连接数量:0
当前地图的线程个数：10
当前地图的个数:47
当前数据库执行队列数:0
当前发送队列缓存的对象数量:0
totalMemory：542113792, use ：430358392, free ：111755400DirectMemory：1827143680, 恢复 ：1
当前时间 ：2026-08-16 00:44:50send keng：3325, sheng ：4194304
decode keng：18, sheng ：2097152
world keng：5, sheng ：1048576

2026-08-16 00:44:55.213 INFO [pool-6-thread-10][:] - /****************流量统计******************/
LastReadBytes:0
LastReadThroughput:0
LastWrittenBytes:0
LastWriteThroughput:0
RealWrittenBytes:0
RealWriteThroughput:0
当前玩家的连接数量:0
当前地图的线程个数：10
当前地图的个数:47
当前数据库执行队列数:0
当前发送队列缓存的对象数量:0
totalMemory：542113792, use ：434916288, free ：107197504DirectMemory：1827143680, 恢复 ：1
当前时间 ：2026-08-16 00:44:55send keng：3325, sheng ：4194304
decode keng：18, sheng ：2097152
world keng：5, sheng ：1048576

2026-08-16 00:45:00.213 INFO [pool-6-thread-4][:] - /****************流量统计******************/
LastReadBytes:0
LastReadThroughput:0
LastWrittenBytes:0
LastWriteThroughput:0
RealWrittenBytes:0
RealWriteThroughput:0
当前玩家的连接数量:0
当前地图的线程个数：10
当前地图的个数:47
当前数据库执行队列数:0
当前发送队列缓存的对象数量:0
totalMemory：542113792, use ：439468392, free ：102645400DirectMemory：1827143680, 恢复 ：1
当前时间 ：2026-08-16 00:45:00send keng：3325, sheng ：4194304
decode keng：18, sheng ：2097152
world keng：5, sheng ：1048576

2026-08-16 00:45:05.213 INFO [pool-6-thread-9][:] - /****************流量统计******************/
LastReadBytes:0
LastReadThroughput:0
LastWrittenBytes:0
LastWriteThroughput:0
RealWrittenBytes:0
RealWriteThroughput:0
当前玩家的连接数量:0
当前地图的线程个数：10
当前地图的个数:47
当前数据库执行队列数:0
当前发送队列缓存的对象数量:0
totalMemory：542113792, use ：444295776, free ：97818016DirectMemory：1827143680, 恢复 ：1
当前时间 ：2026-08-16 00:45:05send keng：3325, sheng ：4194304
decode keng：18, sheng ：2097152
world keng：5, sheng ：1048576

2026-08-16 00:45:10.213 INFO [pool-6-thread-5][:] - /****************流量统计******************/
LastReadBytes:0
LastReadThroughput:0
LastWrittenBytes:0
LastWriteThroughput:0
RealWrittenBytes:0
RealWriteThroughput:0
当前玩家的连接数量:0
当前地图的线程个数：10
当前地图的个数:47
当前数据库执行队列数:0
当前发送队列缓存的对象数量:0
totalMemory：542113792, use ：448797440, free ：93316352DirectMemory：1827143680, 恢复 ：1
当前时间 ：2026-08-16 00:45:10send keng：3325, sheng ：4194304
decode keng：18, sheng ：2097152
world keng：5, sheng ：1048576

2026-08-16 00:45:15.213 INFO [pool-6-thread-5][:] - /****************流量统计******************/
LastReadBytes:0
LastReadThroughput:0
LastWrittenBytes:0
LastWriteThroughput:0
RealWrittenBytes:0
RealWriteThroughput:0
当前玩家的连接数量:0
当前地图的线程个数：10
当前地图的个数:47
当前数据库执行队列数:0
当前发送队列缓存的对象数量:0
totalMemory：542113792, use ：414263920, free ：127849872DirectMemory：1827143680, 恢复 ：1
当前时间 ：2026-08-16 00:45:15send keng：3325, sheng ：4194304
decode keng：18, sheng ：2097152
world keng：5, sheng ：1048576

2026-08-16 00:45:20.213 INFO [pool-6-thread-6][:] - /****************流量统计******************/
LastReadBytes:0
LastReadThroughput:0
LastWrittenBytes:0
LastWriteThroughput:0
RealWrittenBytes:0
RealWriteThroughput:0
当前玩家的连接数量:0
当前地图的线程个数：10
当前地图的个数:47
当前数据库执行队列数:0
当前发送队列缓存的对象数量:0
totalMemory：542113792, use ：418785072, free ：123328720DirectMemory：1827143680, 恢复 ：1
当前时间 ：2026-08-16 00:45:20send keng：3325, sheng ：4194304
decode keng：18, sheng ：2097152
world keng：5, sheng ：1048576

2026-08-16 00:45:25.213 INFO [pool-6-thread-2][:] - /****************流量统计******************/
LastReadBytes:0
LastReadThroughput:0
LastWrittenBytes:0
LastWriteThroughput:0
RealWrittenBytes:0
RealWriteThroughput:0
当前玩家的连接数量:0
当前地图的线程个数：10
当前地图的个数:47
当前数据库执行队列数:0
当前发送队列缓存的对象数量:0
totalMemory：542113792, use ：423295192, free ：118818600DirectMemory：1827143680, 恢复 ：1
当前时间 ：2026-08-16 00:45:25send keng：3325, sheng ：4194304
decode keng：18, sheng ：2097152
world keng：5, sheng ：1048576

2026-08-16 00:45:30.213 INFO [pool-6-thread-9][:] - /****************流量统计******************/
LastReadBytes:0
LastReadThroughput:0
LastWrittenBytes:0
LastWriteThroughput:0
RealWrittenBytes:0
RealWriteThroughput:0
当前玩家的连接数量:0
当前地图的线程个数：10
当前地图的个数:47
当前数据库执行队列数:0
当前发送队列缓存的对象数量:0
totalMemory：542113792, use ：427657080, free ：114456712DirectMemory：1827143680, 恢复 ：1
当前时间 ：2026-08-16 00:45:30send keng：3325, sheng ：4194304
decode keng：18, sheng ：2097152
world keng：5, sheng ：1048576

2026-08-16 00:45:35.213 INFO [pool-6-thread-8][:] - /****************流量统计******************/
LastReadBytes:0
LastReadThroughput:0
LastWrittenBytes:0
LastWriteThroughput:0
RealWrittenBytes:0
RealWriteThroughput:0
当前玩家的连接数量:0
当前地图的线程个数：10
当前地图的个数:47
当前数据库执行队列数:0
当前发送队列缓存的对象数量:0
totalMemory：542113792, use ：432383864, free ：109729928DirectMemory：1827143680, 恢复 ：1
当前时间 ：2026-08-16 00:45:35send keng：3325, sheng ：4194304
decode keng：18, sheng ：2097152
world keng：5, sheng ：1048576

2026-08-16 00:45:40.213 INFO [pool-6-thread-4][:] - /****************流量统计******************/
LastReadBytes:0
LastReadThroughput:0
LastWrittenBytes:0
LastWriteThroughput:0
RealWrittenBytes:0
RealWriteThroughput:0
当前玩家的连接数量:0
当前地图的线程个数：10
当前地图的个数:47
当前数据库执行队列数:0
当前发送队列缓存的对象数量:0
totalMemory：542113792, use ：436965512, free ：105148280DirectMemory：1827143680, 恢复 ：1
当前时间 ：2026-08-16 00:45:40send keng：3325, sheng ：4194304
decode keng：18, sheng ：2097152
world keng：5, sheng ：1048576

2026-08-16 00:45:45.213 INFO [pool-6-thread-3][:] - /****************流量统计******************/
LastReadBytes:0
LastReadThroughput:0
LastWrittenBytes:0
LastWriteThroughput:0
RealWrittenBytes:0
RealWriteThroughput:0
当前玩家的连接数量:0
当前地图的线程个数：10
当前地图的个数:47
当前数据库执行队列数:0
当前发送队列缓存的对象数量:0
totalMemory：542113792, use ：441584152, free ：100529640DirectMemory：1827143680, 恢复 ：1
当前时间 ：2026-08-16 00:45:45send keng：3325, sheng ：4194304
decode keng：18, sheng ：2097152
world keng：5, sheng ：1048576

2026-08-16 00:45:50.213 INFO [pool-6-thread-9][:] - /****************流量统计******************/
LastReadBytes:0
LastReadThroughput:0
LastWrittenBytes:0
LastWriteThroughput:0
RealWrittenBytes:0
RealWriteThroughput:0
当前玩家的连接数量:0
当前地图的线程个数：10
当前地图的个数:47
当前数据库执行队列数:0
当前发送队列缓存的对象数量:0
totalMemory：542113792, use ：446308080, free ：95805712DirectMemory：1827143680, 恢复 ：1
当前时间 ：2026-08-16 00:45:50send keng：3325, sheng ：4194304
decode keng：18, sheng ：2097152
world keng：5, sheng ：1048576

2026-08-16 00:45:55.213 INFO [pool-6-thread-3][:] - /****************流量统计******************/
LastReadBytes:0
LastReadThroughput:0
LastWrittenBytes:0
LastWriteThroughput:0
RealWrittenBytes:0
RealWriteThroughput:0
当前玩家的连接数量:0
当前地图的线程个数：10
当前地图的个数:47
当前数据库执行队列数:0
当前发送队列缓存的对象数量:0
totalMemory：542113792, use ：411408280, free ：130705512DirectMemory：1827143680, 恢复 ：1
当前时间 ：2026-08-16 00:45:55send keng：3325, sheng ：4194304
decode keng：18, sheng ：2097152
world keng：5, sheng ：1048576

2026-08-16 00:46:00.213 INFO [pool-6-thread-10][:] - /****************流量统计******************/
LastReadBytes:0
LastReadThroughput:0
LastWrittenBytes:0
LastWriteThroughput:0
RealWrittenBytes:0
RealWriteThroughput:0
当前玩家的连接数量:0
当前地图的线程个数：10
当前地图的个数:47
当前数据库执行队列数:0
当前发送队列缓存的对象数量:0
totalMemory：542113792, use ：416029472, free ：126084320DirectMemory：1827143680, 恢复 ：1
当前时间 ：2026-08-16 00:46:00send keng：3325, sheng ：4194304
decode keng：18, sheng ：2097152
world keng：5, sheng ：1048576

2026-08-16 00:46:05.213 INFO [pool-6-thread-3][:] - /****************流量统计******************/
LastReadBytes:0
LastReadThroughput:0
LastWrittenBytes:0
LastWriteThroughput:0
RealWrittenBytes:0
RealWriteThroughput:0
当前玩家的连接数量:0
当前地图的线程个数：10
当前地图的个数:47
当前数据库执行队列数:0
当前发送队列缓存的对象数量:0
totalMemory：542113792, use ：420915672, free ：121198120DirectMemory：1827143680, 恢复 ：1
当前时间 ：2026-08-16 00:46:05send keng：3325, sheng ：4194304
decode keng：18, sheng ：2097152
world keng：5, sheng ：1048576

2026-08-16 00:46:10.213 INFO [pool-6-thread-2][:] - /****************流量统计******************/
LastReadBytes:0
LastReadThroughput:0
LastWrittenBytes:0
LastWriteThroughput:0
RealWrittenBytes:0
RealWriteThroughput:0
当前玩家的连接数量:0
当前地图的线程个数：10
当前地图的个数:47
当前数据库执行队列数:0
当前发送队列缓存的对象数量:0
totalMemory：542113792, use ：425432128, free ：116681664DirectMemory：1827143680, 恢复 ：1
当前时间 ：2026-08-16 00:46:10send keng：3325, sheng ：4194304
decode keng：18, sheng ：2097152
world keng：5, sheng ：1048576

2026-08-16 00:46:15.213 INFO [pool-6-thread-7][:] - /****************流量统计******************/
LastReadBytes:0
LastReadThroughput:0
LastWrittenBytes:0
LastWriteThroughput:0
RealWrittenBytes:0
RealWriteThroughput:0
当前玩家的连接数量:0
当前地图的线程个数：10
当前地图的个数:47
当前数据库执行队列数:0
当前发送队列缓存的对象数量:0
totalMemory：542113792, use ：430093248, free ：112020544DirectMemory：1827143680, 恢复 ：1
当前时间 ：2026-08-16 00:46:15send keng：3325, sheng ：4194304
decode keng：18, sheng ：2097152
world keng：5, sheng ：1048576

2026-08-16 00:46:20.213 INFO [pool-6-thread-4][:] - /****************流量统计******************/
LastReadBytes:0
LastReadThroughput:0
LastWrittenBytes:0
LastWriteThroughput:0
RealWrittenBytes:0
RealWriteThroughput:0
当前玩家的连接数量:0
当前地图的线程个数：10
当前地图的个数:47
当前数据库执行队列数:0
当前发送队列缓存的对象数量:0
totalMemory：542113792, use ：434722248, free ：107391544DirectMemory：1827143680, 恢复 ：1
当前时间 ：2026-08-16 00:46:20send keng：3325, sheng ：4194304
decode keng：18, sheng ：2097152
world keng：5, sheng ：1048576

2026-08-16 00:46:25.213 INFO [pool-6-thread-3][:] - /****************流量统计******************/
LastReadBytes:0
LastReadThroughput:0
LastWrittenBytes:0
LastWriteThroughput:0
RealWrittenBytes:0
RealWriteThroughput:0
当前玩家的连接数量:0
当前地图的线程个数：10
当前地图的个数:47
当前数据库执行队列数:0
当前发送队列缓存的对象数量:0
totalMemory：542113792, use ：439092992, free ：103020800DirectMemory：1827143680, 恢复 ：1
当前时间 ：2026-08-16 00:46:25send keng：3325, sheng ：4194304
decode keng：18, sheng ：2097152
world keng：5, sheng ：1048576

2026-08-16 00:46:30.213 INFO [pool-6-thread-3][:] - /****************流量统计******************/
LastReadBytes:0
LastReadThroughput:0
LastWrittenBytes:0
LastWriteThroughput:0
RealWrittenBytes:0
RealWriteThroughput:0
当前玩家的连接数量:0
当前地图的线程个数：10
当前地图的个数:47
当前数据库执行队列数:0
当前发送队列缓存的对象数量:0
totalMemory：542113792, use ：443774328, free ：98339464DirectMemory：1827143680, 恢复 ：1
当前时间 ：2026-08-16 00:46:30send keng：3325, sheng ：4194304
decode keng：18, sheng ：2097152
world keng：5, sheng ：1048576

2026-08-16 00:46:35.213 INFO [pool-6-thread-4][:] - /****************流量统计******************/
LastReadBytes:0
LastReadThroughput:0
LastWrittenBytes:0
LastWriteThroughput:0
RealWrittenBytes:0
RealWriteThroughput:0
当前玩家的连接数量:0
当前地图的线程个数：10
当前地图的个数:47
当前数据库执行队列数:0
当前发送队列缓存的对象数量:0
totalMemory：542113792, use ：448298728, free ：93815064DirectMemory：1827143680, 恢复 ：1
当前时间 ：2026-08-16 00:46:35send keng：3325, sheng ：4194304
decode keng：18, sheng ：2097152
world keng：5, sheng ：1048576

2026-08-16 00:46:40.213 INFO [pool-6-thread-5][:] - /****************流量统计******************/
LastReadBytes:0
LastReadThroughput:0
LastWrittenBytes:0
LastWriteThroughput:0
RealWrittenBytes:0
RealWriteThroughput:0
当前玩家的连接数量:0
当前地图的线程个数：10
当前地图的个数:47
当前数据库执行队列数:0
当前发送队列缓存的对象数量:0
totalMemory：542113792, use ：413364784, free ：128749008DirectMemory：1827143680, 恢复 ：1
当前时间 ：2026-08-16 00:46:40send keng：3325, sheng ：4194304
decode keng：18, sheng ：2097152
world keng：5, sheng ：1048576

2026-08-16 00:46:45.213 INFO [pool-6-thread-10][:] - /****************流量统计******************/
LastReadBytes:0
LastReadThroughput:0
LastWrittenBytes:0
LastWriteThroughput:0
RealWrittenBytes:0
RealWriteThroughput:0
当前玩家的连接数量:0
当前地图的线程个数：10
当前地图的个数:47
当前数据库执行队列数:0
当前发送队列缓存的对象数量:0
totalMemory：542113792, use ：418144296, free ：123969496DirectMemory：1827143680, 恢复 ：1
当前时间 ：2026-08-16 00:46:45send keng：3325, sheng ：4194304
decode keng：18, sheng ：2097152
world keng：5, sheng ：1048576

2026-08-16 00:46:50.213 INFO [pool-6-thread-3][:] - /****************流量统计******************/
LastReadBytes:0
LastReadThroughput:0
LastWrittenBytes:0
LastWriteThroughput:0
RealWrittenBytes:0
RealWriteThroughput:0
当前玩家的连接数量:0
当前地图的线程个数：10
当前地图的个数:47
当前数据库执行队列数:0
当前发送队列缓存的对象数量:0
totalMemory：542113792, use ：422872200, free ：119241592DirectMemory：1827143680, 恢复 ：1
当前时间 ：2026-08-16 00:46:50send keng：3325, sheng ：4194304
decode keng：18, sheng ：2097152
world keng：5, sheng ：1048576

2026-08-16 00:46:55.213 INFO [pool-6-thread-7][:] - /****************流量统计******************/
LastReadBytes:0
LastReadThroughput:0
LastWrittenBytes:0
LastWriteThroughput:0
RealWrittenBytes:0
RealWriteThroughput:0
当前玩家的连接数量:0
当前地图的线程个数：10
当前地图的个数:47
当前数据库执行队列数:0
当前发送队列缓存的对象数量:0
totalMemory：542113792, use ：427237336, free ：114876456DirectMemory：1827143680, 恢复 ：1
当前时间 ：2026-08-16 00:46:55send keng：3325, sheng ：4194304
decode keng：18, sheng ：2097152
world keng：5, sheng ：1048576

2026-08-16 00:47:00.213 INFO [pool-6-thread-7][:] - /****************流量统计******************/
LastReadBytes:0
LastReadThroughput:0
LastWrittenBytes:0
LastWriteThroughput:0
RealWrittenBytes:0
RealWriteThroughput:0
当前玩家的连接数量:0
当前地图的线程个数：10
当前地图的个数:47
当前数据库执行队列数:0
当前发送队列缓存的对象数量:0
totalMemory：542113792, use ：432048592, free ：110065200DirectMemory：1827143680, 恢复 ：1
当前时间 ：2026-08-16 00:47:00send keng：3325, sheng ：4194304
decode keng：18, sheng ：2097152
world keng：5, sheng ：1048576

2026-08-16 00:47:05.213 INFO [pool-6-thread-9][:] - /****************流量统计******************/
LastReadBytes:0
LastReadThroughput:0
LastWrittenBytes:0
LastWriteThroughput:0
RealWrittenBytes:0
RealWriteThroughput:0
当前玩家的连接数量:0
当前地图的线程个数：10
当前地图的个数:47
当前数据库执行队列数:0
当前发送队列缓存的对象数量:0
totalMemory：542113792, use ：436543720, free ：105570072DirectMemory：1827143680, 恢复 ：1
当前时间 ：2026-08-16 00:47:05send keng：3325, sheng ：4194304
decode keng：18, sheng ：2097152
world keng：5, sheng ：1048576

2026-08-16 00:47:10.213 INFO [pool-6-thread-6][:] - /****************流量统计******************/
LastReadBytes:0
LastReadThroughput:0
LastWrittenBytes:0
LastWriteThroughput:0
RealWrittenBytes:0
RealWriteThroughput:0
当前玩家的连接数量:0
当前地图的线程个数：10
当前地图的个数:47
当前数据库执行队列数:0
当前发送队列缓存的对象数量:0
totalMemory：542113792, use ：441249200, free ：100864592DirectMemory：1827143680, 恢复 ：1
当前时间 ：2026-08-16 00:47:10send keng：3325, sheng ：4194304
decode keng：18, sheng ：2097152
world keng：5, sheng ：1048576

2026-08-16 00:47:15.213 INFO [pool-6-thread-6][:] - /****************流量统计******************/
LastReadBytes:0
LastReadThroughput:0
LastWrittenBytes:0
LastWriteThroughput:0
RealWrittenBytes:0
RealWriteThroughput:0
当前玩家的连接数量:0
当前地图的线程个数：10
当前地图的个数:47
当前数据库执行队列数:0
当前发送队列缓存的对象数量:0
totalMemory：542113792, use ：445800064, free ：96313728DirectMemory：1827143680, 恢复 ：1
当前时间 ：2026-08-16 00:47:15send keng：3325, sheng ：4194304
decode keng：18, sheng ：2097152
world keng：5, sheng ：1048576

2026-08-16 00:47:20.213 INFO [pool-6-thread-10][:] - /****************流量统计******************/
LastReadBytes:0
LastReadThroughput:0
LastWrittenBytes:0
LastWriteThroughput:0
RealWrittenBytes:0
RealWriteThroughput:0
当前玩家的连接数量:0
当前地图的线程个数：10
当前地图的个数:47
当前数据库执行队列数:0
当前发送队列缓存的对象数量:0
totalMemory：542113792, use ：411312552, free ：130801240DirectMemory：1827143680, 恢复 ：1
当前时间 ：2026-08-16 00:47:20send keng：3325, sheng ：4194304
decode keng：18, sheng ：2097152
world keng：5, sheng ：1048576

2026-08-16 00:47:25.213 INFO [pool-6-thread-10][:] - /****************流量统计******************/
LastReadBytes:0
LastReadThroughput:0
LastWrittenBytes:0
LastWriteThroughput:0
RealWrittenBytes:0
RealWriteThroughput:0
当前玩家的连接数量:0
当前地图的线程个数：10
当前地图的个数:47
当前数据库执行队列数:0
当前发送队列缓存的对象数量:0
totalMemory：542113792, use ：415700400, free ：126413392DirectMemory：1827143680, 恢复 ：1
当前时间 ：2026-08-16 00:47:25send keng：3325, sheng ：4194304
decode keng：18, sheng ：2097152
world keng：5, sheng ：1048576

2026-08-16 00:47:30.213 INFO [pool-6-thread-7][:] - /****************流量统计******************/
LastReadBytes:0
LastReadThroughput:0
LastWrittenBytes:0
LastWriteThroughput:0
RealWrittenBytes:0
RealWriteThroughput:0
当前玩家的连接数量:0
当前地图的线程个数：10
当前地图的个数:47
当前数据库执行队列数:0
当前发送队列缓存的对象数量:0
totalMemory：542113792, use ：420599000, free ：121514792DirectMemory：1827143680, 恢复 ：1
当前时间 ：2026-08-16 00:47:30send keng：3325, sheng ：4194304
decode keng：18, sheng ：2097152
world keng：5, sheng ：1048576

2026-08-16 00:47:35.213 INFO [pool-6-thread-9][:] - /****************流量统计******************/
LastReadBytes:0
LastReadThroughput:0
LastWrittenBytes:0
LastWriteThroughput:0
RealWrittenBytes:0
RealWriteThroughput:0
当前玩家的连接数量:0
当前地图的线程个数：10
当前地图的个数:47
当前数据库执行队列数:0
当前发送队列缓存的对象数量:0
totalMemory：542113792, use ：424882960, free ：117230832DirectMemory：1827143680, 恢复 ：1
当前时间 ：2026-08-16 00:47:35send keng：3325, sheng ：4194304
decode keng：18, sheng ：2097152
world keng：5, sheng ：1048576

2026-08-16 00:47:40.213 INFO [pool-6-thread-10][:] - /****************流量统计******************/
LastReadBytes:0
LastReadThroughput:0
LastWrittenBytes:0
LastWriteThroughput:0
RealWrittenBytes:0
RealWriteThroughput:0
当前玩家的连接数量:0
当前地图的线程个数：10
当前地图的个数:47
当前数据库执行队列数:0
当前发送队列缓存的对象数量:0
totalMemory：542113792, use ：429380168, free ：112733624DirectMemory：1827143680, 恢复 ：1
当前时间 ：2026-08-16 00:47:40send keng：3325, sheng ：4194304
decode keng：18, sheng ：2097152
world keng：5, sheng ：1048576

2026-08-16 00:47:45.213 INFO [pool-6-thread-7][:] - /****************流量统计******************/
LastReadBytes:0
LastReadThroughput:0
LastWrittenBytes:0
LastWriteThroughput:0
RealWrittenBytes:0
RealWriteThroughput:0
当前玩家的连接数量:0
当前地图的线程个数：10
当前地图的个数:47
当前数据库执行队列数:0
当前发送队列缓存的对象数量:0
totalMemory：542113792, use ：433924392, free ：108189400DirectMemory：1827143680, 恢复 ：1
当前时间 ：2026-08-16 00:47:45send keng：3325, sheng ：4194304
decode keng：18, sheng ：2097152
world keng：5, sheng ：1048576

2026-08-16 00:47:50.213 INFO [pool-6-thread-6][:] - /****************流量统计******************/
LastReadBytes:0
LastReadThroughput:0
LastWrittenBytes:0
LastWriteThroughput:0
RealWrittenBytes:0
RealWriteThroughput:0
当前玩家的连接数量:0
当前地图的线程个数：10
当前地图的个数:47
当前数据库执行队列数:0
当前发送队列缓存的对象数量:0
totalMemory：542113792, use ：438582336, free ：103531456DirectMemory：1827143680, 恢复 ：1
当前时间 ：2026-08-16 00:47:50send keng：3325, sheng ：4194304
decode keng：18, sheng ：2097152
world keng：5, sheng ：1048576

2026-08-16 00:47:55.213 INFO [pool-6-thread-1][:] - /****************流量统计******************/
LastReadBytes:0
LastReadThroughput:0
LastWrittenBytes:0
LastWriteThroughput:0
RealWrittenBytes:0
RealWriteThroughput:0
当前玩家的连接数量:0
当前地图的线程个数：10
当前地图的个数:47
当前数据库执行队列数:0
当前发送队列缓存的对象数量:0
totalMemory：542113792, use ：443298176, free ：98815616DirectMemory：1827143680, 恢复 ：1
当前时间 ：2026-08-16 00:47:55send keng：3325, sheng ：4194304
decode keng：18, sheng ：2097152
world keng：5, sheng ：1048576

2026-08-16 00:48:00.213 INFO [pool-6-thread-4][:] - /****************流量统计******************/
LastReadBytes:0
LastReadThroughput:0
LastWrittenBytes:0
LastWriteThroughput:0
RealWrittenBytes:0
RealWriteThroughput:0
当前玩家的连接数量:0
当前地图的线程个数：10
当前地图的个数:47
当前数据库执行队列数:0
当前发送队列缓存的对象数量:0
totalMemory：542113792, use ：447984544, free ：94129248DirectMemory：1827143680, 恢复 ：1
当前时间 ：2026-08-16 00:48:00send keng：3325, sheng ：4194304
decode keng：18, sheng ：2097152
world keng：5, sheng ：1048576

2026-08-16 00:48:05.213 INFO [pool-6-thread-7][:] - /****************流量统计******************/
LastReadBytes:0
LastReadThroughput:0
LastWrittenBytes:0
LastWriteThroughput:0
RealWrittenBytes:0
RealWriteThroughput:0
当前玩家的连接数量:0
当前地图的线程个数：10
当前地图的个数:47
当前数据库执行队列数:0
当前发送队列缓存的对象数量:0
totalMemory：542113792, use ：413289024, free ：128824768DirectMemory：1827143680, 恢复 ：1
当前时间 ：2026-08-16 00:48:05send keng：3325, sheng ：4194304
decode keng：18, sheng ：2097152
world keng：5, sheng ：1048576

2026-08-16 00:48:10.213 INFO [pool-6-thread-8][:] - /****************流量统计******************/
LastReadBytes:0
LastReadThroughput:0
LastWrittenBytes:0
LastWriteThroughput:0
RealWrittenBytes:0
RealWriteThroughput:0
当前玩家的连接数量:0
当前地图的线程个数：10
当前地图的个数:47
当前数据库执行队列数:0
当前发送队列缓存的对象数量:0
totalMemory：542113792, use ：417753656, free ：124360136DirectMemory：1827143680, 恢复 ：1
当前时间 ：2026-08-16 00:48:10send keng：3325, sheng ：4194304
decode keng：18, sheng ：2097152
world keng：5, sheng ：1048576

2026-08-16 00:48:15.213 INFO [pool-6-thread-8][:] - /****************流量统计******************/
LastReadBytes:0
LastReadThroughput:0
LastWrittenBytes:0
LastWriteThroughput:0
RealWrittenBytes:0
RealWriteThroughput:0
当前玩家的连接数量:0
当前地图的线程个数：10
当前地图的个数:47
当前数据库执行队列数:0
当前发送队列缓存的对象数量:0
totalMemory：542113792, use ：422151336, free ：119962456DirectMemory：1827143680, 恢复 ：1
当前时间 ：2026-08-16 00:48:15send keng：3325, sheng ：4194304
decode keng：18, sheng ：2097152
world keng：5, sheng ：1048576

2026-08-16 00:48:20.213 INFO [pool-6-thread-5][:] - /****************流量统计******************/
LastReadBytes:0
LastReadThroughput:0
LastWrittenBytes:0
LastWriteThroughput:0
RealWrittenBytes:0
RealWriteThroughput:0
当前玩家的连接数量:0
当前地图的线程个数：10
当前地图的个数:47
当前数据库执行队列数:0
当前发送队列缓存的对象数量:0
totalMemory：542113792, use ：426992096, free ：115121696DirectMemory：1827143680, 恢复 ：1
当前时间 ：2026-08-16 00:48:20send keng：3325, sheng ：4194304
decode keng：18, sheng ：2097152
world keng：5, sheng ：1048576

2026-08-16 00:48:25.213 INFO [pool-6-thread-6][:] - /****************流量统计******************/
LastReadBytes:0
LastReadThroughput:0
LastWrittenBytes:0
LastWriteThroughput:0
RealWrittenBytes:0
RealWriteThroughput:0
当前玩家的连接数量:0
当前地图的线程个数：10
当前地图的个数:47
当前数据库执行队列数:0
当前发送队列缓存的对象数量:0
totalMemory：542113792, use ：431628480, free ：110485312DirectMemory：1827143680, 恢复 ：1
当前时间 ：2026-08-16 00:48:25send keng：3325, sheng ：4194304
decode keng：18, sheng ：2097152
world keng：5, sheng ：1048576

2026-08-16 00:48:30.213 INFO [pool-6-thread-2][:] - /****************流量统计******************/
LastReadBytes:0
LastReadThroughput:0
LastWrittenBytes:0
LastWriteThroughput:0
RealWrittenBytes:0
RealWriteThroughput:0
当前玩家的连接数量:0
当前地图的线程个数：10
当前地图的个数:47
当前数据库执行队列数:0
当前发送队列缓存的对象数量:0
totalMemory：542113792, use ：436151256, free ：105962536DirectMemory：1827143680, 恢复 ：1
当前时间 ：2026-08-16 00:48:30send keng：3325, sheng ：4194304
decode keng：18, sheng ：2097152
world keng：5, sheng ：1048576

2026-08-16 00:48:35.213 INFO [pool-6-thread-4][:] - /****************流量统计******************/
LastReadBytes:0
LastReadThroughput:0
LastWrittenBytes:0
LastWriteThroughput:0
RealWrittenBytes:0
RealWriteThroughput:0
当前玩家的连接数量:0
当前地图的线程个数：10
当前地图的个数:47
当前数据库执行队列数:0
当前发送队列缓存的对象数量:0
totalMemory：542113792, use ：440944296, free ：101169496DirectMemory：1827143680, 恢复 ：1
当前时间 ：2026-08-16 00:48:35send keng：3325, sheng ：4194304
decode keng：18, sheng ：2097152
world keng：5, sheng ：1048576

2026-08-16 00:48:40.213 INFO [pool-6-thread-5][:] - /****************流量统计******************/
LastReadBytes:0
LastReadThroughput:0
LastWrittenBytes:0
LastWriteThroughput:0
RealWrittenBytes:0
RealWriteThroughput:0
当前玩家的连接数量:0
当前地图的线程个数：10
当前地图的个数:47
当前数据库执行队列数:0
当前发送队列缓存的对象数量:0
totalMemory：542113792, use ：445422552, free ：96691240DirectMemory：1827143680, 恢复 ：1
当前时间 ：2026-08-16 00:48:40send keng：3325, sheng ：4194304
decode keng：18, sheng ：2097152
world keng：5, sheng ：1048576

2026-08-16 00:48:45.213 INFO [pool-6-thread-4][:] - /****************流量统计******************/
LastReadBytes:0
LastReadThroughput:0
LastWrittenBytes:0
LastWriteThroughput:0
RealWrittenBytes:0
RealWriteThroughput:0
当前玩家的连接数量:0
当前地图的线程个数：10
当前地图的个数:47
当前数据库执行队列数:0
当前发送队列缓存的对象数量:0
totalMemory：542113792, use ：450015992, free ：92097800DirectMemory：1827143680, 恢复 ：1
当前时间 ：2026-08-16 00:48:45send keng：3325, sheng ：4194304
decode keng：18, sheng ：2097152
world keng：5, sheng ：1048576

2026-08-16 00:48:50.213 INFO [pool-6-thread-3][:] - /****************流量统计******************/
LastReadBytes:0
LastReadThroughput:0
LastWrittenBytes:0
LastWriteThroughput:0
RealWrittenBytes:0
RealWriteThroughput:0
当前玩家的连接数量:0
当前地图的线程个数：10
当前地图的个数:47
当前数据库执行队列数:0
当前发送队列缓存的对象数量:0
totalMemory：542113792, use ：415154456, free ：126959336DirectMemory：1827143680, 恢复 ：1
当前时间 ：2026-08-16 00:48:50send keng：3325, sheng ：4194304
decode keng：18, sheng ：2097152
world keng：5, sheng ：1048576

2026-08-16 00:48:55.213 INFO [pool-6-thread-2][:] - /****************流量统计******************/
LastReadBytes:0
LastReadThroughput:0
LastWrittenBytes:0
LastWriteThroughput:0
RealWrittenBytes:0
RealWriteThroughput:0
当前玩家的连接数量:0
当前地图的线程个数：10
当前地图的个数:47
当前数据库执行队列数:0
当前发送队列缓存的对象数量:0
totalMemory：542113792, use ：420004288, free ：122109504DirectMemory：1827143680, 恢复 ：1
当前时间 ：2026-08-16 00:48:55send keng：3325, sheng ：4194304
decode keng：18, sheng ：2097152
world keng：5, sheng ：1048576

2026-08-16 00:49:00.213 INFO [pool-6-thread-5][:] - /****************流量统计******************/
LastReadBytes:0
LastReadThroughput:0
LastWrittenBytes:0
LastWriteThroughput:0
RealWrittenBytes:0
RealWriteThroughput:0
当前玩家的连接数量:0
当前地图的线程个数：10
当前地图的个数:47
当前数据库执行队列数:0
当前发送队列缓存的对象数量:0
totalMemory：542113792, use ：424759792, free ：117354000DirectMemory：1827143680, 恢复 ：1
当前时间 ：2026-08-16 00:49:00send keng：3325, sheng ：4194304
decode keng：18, sheng ：2097152
world keng：5, sheng ：1048576

2026-08-16 00:49:05.213 INFO [pool-6-thread-1][:] - /****************流量统计******************/
LastReadBytes:0
LastReadThroughput:0
LastWrittenBytes:0
LastWriteThroughput:0
RealWrittenBytes:0
RealWriteThroughput:0
当前玩家的连接数量:0
当前地图的线程个数：10
当前地图的个数:47
当前数据库执行队列数:0
当前发送队列缓存的对象数量:0
totalMemory：542113792, use ：429841424, free ：112272368DirectMemory：1827143680, 恢复 ：1
当前时间 ：2026-08-16 00:49:05send keng：3325, sheng ：4194304
decode keng：18, sheng ：2097152
world keng：5, sheng ：1048576

2026-08-16 00:49:10.213 INFO [pool-6-thread-1][:] - /****************流量统计******************/
LastReadBytes:0
LastReadThroughput:0
LastWrittenBytes:0
LastWriteThroughput:0
RealWrittenBytes:0
RealWriteThroughput:0
当前玩家的连接数量:0
当前地图的线程个数：10
当前地图的个数:47
当前数据库执行队列数:0
当前发送队列缓存的对象数量:0
totalMemory：542113792, use ：434213744, free ：107900048DirectMemory：1827143680, 恢复 ：1
当前时间 ：2026-08-16 00:49:10send keng：3325, sheng ：4194304
decode keng：18, sheng ：2097152
world keng：5, sheng ：1048576

2026-08-16 00:49:15.213 INFO [pool-6-thread-4][:] - /****************流量统计******************/
LastReadBytes:0
LastReadThroughput:0
LastWrittenBytes:0
LastWriteThroughput:0
RealWrittenBytes:0
RealWriteThroughput:0
当前玩家的连接数量:0
当前地图的线程个数：10
当前地图的个数:47
当前数据库执行队列数:0
当前发送队列缓存的对象数量:0
totalMemory：542113792, use ：439156864, free ：102956928DirectMemory：1827143680, 恢复 ：1
当前时间 ：2026-08-16 00:49:15send keng：3325, sheng ：4194304
decode keng：18, sheng ：2097152
world keng：5, sheng ：1048576

2026-08-16 00:49:20.213 INFO [pool-6-thread-10][:] - /****************流量统计******************/
LastReadBytes:0
LastReadThroughput:0
LastWrittenBytes:0
LastWriteThroughput:0
RealWrittenBytes:0
RealWriteThroughput:0
当前玩家的连接数量:0
当前地图的线程个数：10
当前地图的个数:47
当前数据库执行队列数:0
当前发送队列缓存的对象数量:0
totalMemory：542113792, use ：443924712, free ：98189080DirectMemory：1827143680, 恢复 ：1
当前时间 ：2026-08-16 00:49:20send keng：3325, sheng ：4194304
decode keng：18, sheng ：2097152
world keng：5, sheng ：1048576

2026-08-16 00:49:25.213 INFO [pool-6-thread-6][:] - /****************流量统计******************/
LastReadBytes:0
LastReadThroughput:0
LastWrittenBytes:0
LastWriteThroughput:0
RealWrittenBytes:10
RealWriteThroughput:0
当前玩家的连接数量:0
当前地图的线程个数：10
当前地图的个数:47
当前数据库执行队列数:0
当前发送队列缓存的对象数量:0
totalMemory：542113792, use ：448803112, free ：93310680DirectMemory：1827143680, 恢复 ：1
当前时间 ：2026-08-16 00:49:25send keng：3325, sheng ：4194304
decode keng：18, sheng ：2097152
world keng：5, sheng ：1048576

2026-08-16 00:49:30.213 INFO [pool-6-thread-10][:] - /****************流量统计******************/
LastReadBytes:0
LastReadThroughput:0
LastWrittenBytes:10
LastWriteThroughput:2
RealWrittenBytes:0
RealWriteThroughput:2
当前玩家的连接数量:0
当前地图的线程个数：10
当前地图的个数:47
当前数据库执行队列数:0
当前发送队列缓存的对象数量:0
totalMemory：542113792, use ：414277824, free ：127835968DirectMemory：1827143680, 恢复 ：1
当前时间 ：2026-08-16 00:49:30send keng：3325, sheng ：4194304
decode keng：18, sheng ：2097152
world keng：5, sheng ：1048576

2026-08-16 00:49:35.213 INFO [pool-6-thread-4][:] - /****************流量统计******************/
LastReadBytes:0
LastReadThroughput:0
LastWrittenBytes:0
LastWriteThroughput:0
RealWrittenBytes:0
RealWriteThroughput:0
当前玩家的连接数量:0
当前地图的线程个数：10
当前地图的个数:47
当前数据库执行队列数:0
当前发送队列缓存的对象数量:0
totalMemory：542113792, use ：418796048, free ：123317744DirectMemory：1827143680, 恢复 ：1
当前时间 ：2026-08-16 00:49:35send keng：3325, sheng ：4194304
decode keng：18, sheng ：2097152
world keng：5, sheng ：1048576

2026-08-16 00:49:40.213 INFO [pool-6-thread-7][:] - /****************流量统计******************/
LastReadBytes:0
LastReadThroughput:0
LastWrittenBytes:0
LastWriteThroughput:0
RealWrittenBytes:0
RealWriteThroughput:0
当前玩家的连接数量:0
当前地图的线程个数：10
当前地图的个数:47
当前数据库执行队列数:0
当前发送队列缓存的对象数量:0
totalMemory：542113792, use ：423500768, free ：118613024DirectMemory：1827143680, 恢复 ：1
当前时间 ：2026-08-16 00:49:40send keng：3325, sheng ：4194304
decode keng：18, sheng ：2097152
world keng：5, sheng ：1048576

2026-08-16 00:49:45.213 INFO [pool-6-thread-5][:] - /****************流量统计******************/
LastReadBytes:0
LastReadThroughput:0
LastWrittenBytes:0
LastWriteThroughput:0
RealWrittenBytes:0
RealWriteThroughput:0
当前玩家的连接数量:0
当前地图的线程个数：10
当前地图的个数:47
当前数据库执行队列数:0
当前发送队列缓存的对象数量:0
totalMemory：542113792, use ：427876744, free ：114237048DirectMemory：1827143680, 恢复 ：1
当前时间 ：2026-08-16 00:49:45send keng：3325, sheng ：4194304
decode keng：18, sheng ：2097152
world keng：5, sheng ：1048576

2026-08-16 00:49:50.213 INFO [pool-6-thread-2][:] - /****************流量统计******************/
LastReadBytes:0
LastReadThroughput:0
LastWrittenBytes:0
LastWriteThroughput:0
RealWrittenBytes:0
RealWriteThroughput:0
当前玩家的连接数量:0
当前地图的线程个数：10
当前地图的个数:47
当前数据库执行队列数:0
当前发送队列缓存的对象数量:0
totalMemory：542113792, use ：432390536, free ：109723256DirectMemory：1827143680, 恢复 ：1
当前时间 ：2026-08-16 00:49:50send keng：3325, sheng ：4194304
decode keng：18, sheng ：2097152
world keng：5, sheng ：1048576

2026-08-16 00:49:55.213 INFO [pool-6-thread-10][:] - /****************流量统计******************/
LastReadBytes:0
LastReadThroughput:0
LastWrittenBytes:0
LastWriteThroughput:0
RealWrittenBytes:0
RealWriteThroughput:0
当前玩家的连接数量:0
当前地图的线程个数：10
当前地图的个数:47
当前数据库执行队列数:0
当前发送队列缓存的对象数量:0
totalMemory：542113792, use ：436884584, free ：105229208DirectMemory：1827143680, 恢复 ：1
当前时间 ：2026-08-16 00:49:55send keng：3325, sheng ：4194304
decode keng：18, sheng ：2097152
world keng：5, sheng ：1048576

2026-08-16 00:50:00.213 INFO [pool-6-thread-8][:] - /****************流量统计******************/
LastReadBytes:0
LastReadThroughput:0
LastWrittenBytes:0
LastWriteThroughput:0
RealWrittenBytes:0
RealWriteThroughput:0
当前玩家的连接数量:0
当前地图的线程个数：10
当前地图的个数:47
当前数据库执行队列数:0
当前发送队列缓存的对象数量:0
totalMemory：542113792, use ：441688544, free ：100425248DirectMemory：1827143680, 恢复 ：1
当前时间 ：2026-08-16 00:50:00send keng：3325, sheng ：4194304
decode keng：18, sheng ：2097152
world keng：5, sheng ：1048576

2026-08-16 00:50:05.213 INFO [pool-6-thread-2][:] - /****************流量统计******************/
LastReadBytes:0
LastReadThroughput:0
LastWrittenBytes:0
LastWriteThroughput:0
RealWrittenBytes:0
RealWriteThroughput:0
当前玩家的连接数量:0
当前地图的线程个数：10
当前地图的个数:47
当前数据库执行队列数:0
当前发送队列缓存的对象数量:0
totalMemory：542113792, use ：446387960, free ：95725832DirectMemory：1827143680, 恢复 ：1
当前时间 ：2026-08-16 00:50:05send keng：3325, sheng ：4194304
decode keng：18, sheng ：2097152
world keng：5, sheng ：1048576

2026-08-16 00:50:10.213 INFO [pool-6-thread-1][:] - /****************流量统计******************/
LastReadBytes:0
LastReadThroughput:0
LastWrittenBytes:0
LastWriteThroughput:0
RealWrittenBytes:0
RealWriteThroughput:0
当前玩家的连接数量:0
当前地图的线程个数：10
当前地图的个数:47
当前数据库执行队列数:0
当前发送队列缓存的对象数量:0
totalMemory：542113792, use ：411717752, free ：130396040DirectMemory：1827143680, 恢复 ：1
当前时间 ：2026-08-16 00:50:10send keng：3325, sheng ：4194304
decode keng：18, sheng ：2097152
world keng：5, sheng ：1048576

2026-08-16 00:50:15.213 INFO [pool-6-thread-6][:] - /****************流量统计******************/
LastReadBytes:0
LastReadThroughput:0
LastWrittenBytes:0
LastWriteThroughput:0
RealWrittenBytes:0
RealWriteThroughput:0
当前玩家的连接数量:0
当前地图的线程个数：10
当前地图的个数:47
当前数据库执行队列数:0
当前发送队列缓存的对象数量:0
totalMemory：542113792, use ：415952416, free ：126161376DirectMemory：1827143680, 恢复 ：1
当前时间 ：2026-08-16 00:50:15send keng：3325, sheng ：4194304
decode keng：18, sheng ：2097152
world keng：5, sheng ：1048576

2026-08-16 00:50:20.214 INFO [pool-6-thread-8][:] - /****************流量统计******************/
LastReadBytes:0
LastReadThroughput:0
LastWrittenBytes:0
LastWriteThroughput:0
RealWrittenBytes:0
RealWriteThroughput:0
当前玩家的连接数量:0
当前地图的线程个数：10
当前地图的个数:47
当前数据库执行队列数:0
当前发送队列缓存的对象数量:0
totalMemory：542113792, use ：420713048, free ：121400744DirectMemory：1827143680, 恢复 ：1
当前时间 ：2026-08-16 00:50:20send keng：3325, sheng ：4194304
decode keng：18, sheng ：2097152
world keng：5, sheng ：1048576

2026-08-16 00:50:25.213 INFO [pool-6-thread-4][:] - /****************流量统计******************/
LastReadBytes:0
LastReadThroughput:0
LastWrittenBytes:0
LastWriteThroughput:0
RealWrittenBytes:0
RealWriteThroughput:0
当前玩家的连接数量:0
当前地图的线程个数：10
当前地图的个数:47
当前数据库执行队列数:0
当前发送队列缓存的对象数量:0
totalMemory：542113792, use ：425214000, free ：116899792DirectMemory：1827143680, 恢复 ：1
当前时间 ：2026-08-16 00:50:25send keng：3325, sheng ：4194304
decode keng：18, sheng ：2097152
world keng：5, sheng ：1048576

2026-08-16 00:50:30.213 INFO [pool-6-thread-10][:] - /****************流量统计******************/
LastReadBytes:0
LastReadThroughput:0
LastWrittenBytes:0
LastWriteThroughput:0
RealWrittenBytes:0
RealWriteThroughput:0
当前玩家的连接数量:0
当前地图的线程个数：10
当前地图的个数:47
当前数据库执行队列数:0
当前发送队列缓存的对象数量:0
totalMemory：542113792, use ：429896488, free ：112217304DirectMemory：1827143680, 恢复 ：1
当前时间 ：2026-08-16 00:50:30send keng：3325, sheng ：4194304
decode keng：18, sheng ：2097152
world keng：5, sheng ：1048576

2026-08-16 00:50:35.213 INFO [pool-6-thread-3][:] - /****************流量统计******************/
LastReadBytes:0
LastReadThroughput:0
LastWrittenBytes:0
LastWriteThroughput:0
RealWrittenBytes:0
RealWriteThroughput:0
当前玩家的连接数量:0
当前地图的线程个数：10
当前地图的个数:47
当前数据库执行队列数:0
当前发送队列缓存的对象数量:0
totalMemory：542113792, use ：434545720, free ：107568072DirectMemory：1827143680, 恢复 ：1
当前时间 ：2026-08-16 00:50:35send keng：3325, sheng ：4194304
decode keng：18, sheng ：2097152
world keng：5, sheng ：1048576

2026-08-16 00:50:40.213 INFO [pool-6-thread-5][:] - /****************流量统计******************/
LastReadBytes:0
LastReadThroughput:0
LastWrittenBytes:0
LastWriteThroughput:0
RealWrittenBytes:0
RealWriteThroughput:0
当前玩家的连接数量:0
当前地图的线程个数：10
当前地图的个数:47
当前数据库执行队列数:0
当前发送队列缓存的对象数量:0
totalMemory：542113792, use ：439153912, free ：102959880DirectMemory：1827143680, 恢复 ：1
当前时间 ：2026-08-16 00:50:40send keng：3325, sheng ：4194304
decode keng：18, sheng ：2097152
world keng：5, sheng ：1048576

2026-08-16 00:50:45.213 INFO [pool-6-thread-3][:] - /****************流量统计******************/
LastReadBytes:0
LastReadThroughput:0
LastWrittenBytes:0
LastWriteThroughput:0
RealWrittenBytes:0
RealWriteThroughput:0
当前玩家的连接数量:0
当前地图的线程个数：10
当前地图的个数:47
当前数据库执行队列数:0
当前发送队列缓存的对象数量:0
totalMemory：542113792, use ：443870520, free ：98243272DirectMemory：1827143680, 恢复 ：1
当前时间 ：2026-08-16 00:50:45send keng：3325, sheng ：4194304
decode keng：18, sheng ：2097152
world keng：5, sheng ：1048576

2026-08-16 00:50:50.213 INFO [pool-6-thread-9][:] - /****************流量统计******************/
LastReadBytes:0
LastReadThroughput:0
LastWrittenBytes:0
LastWriteThroughput:0
RealWrittenBytes:0
RealWriteThroughput:0
当前玩家的连接数量:0
当前地图的线程个数：10
当前地图的个数:47
当前数据库执行队列数:0
当前发送队列缓存的对象数量:0
totalMemory：542113792, use ：448342896, free ：93770896DirectMemory：1827143680, 恢复 ：1
当前时间 ：2026-08-16 00:50:50send keng：3325, sheng ：4194304
decode keng：18, sheng ：2097152
world keng：5, sheng ：1048576

2026-08-16 00:50:55.213 INFO [pool-6-thread-9][:] - /****************流量统计******************/
LastReadBytes:0
LastReadThroughput:0
LastWrittenBytes:0
LastWriteThroughput:0
RealWrittenBytes:0
RealWriteThroughput:0
当前玩家的连接数量:0
当前地图的线程个数：10
当前地图的个数:47
当前数据库执行队列数:0
当前发送队列缓存的对象数量:0
totalMemory：542113792, use ：413477968, free ：128635824DirectMemory：1827143680, 恢复 ：1
当前时间 ：2026-08-16 00:50:55send keng：3325, sheng ：4194304
decode keng：18, sheng ：2097152
world keng：5, sheng ：1048576

2026-08-16 00:51:00.213 INFO [pool-6-thread-4][:] - /****************流量统计******************/
LastReadBytes:0
LastReadThroughput:0
LastWrittenBytes:0
LastWriteThroughput:0
RealWrittenBytes:0
RealWriteThroughput:0
当前玩家的连接数量:0
当前地图的线程个数：10
当前地图的个数:47
当前数据库执行队列数:0
当前发送队列缓存的对象数量:0
totalMemory：542113792, use ：418361008, free ：123752784DirectMemory：1827143680, 恢复 ：1
当前时间 ：2026-08-16 00:51:00send keng：3325, sheng ：4194304
decode keng：18, sheng ：2097152
world keng：5, sheng ：1048576

2026-08-16 00:51:05.213 INFO [pool-6-thread-10][:] - /****************流量统计******************/
LastReadBytes:0
LastReadThroughput:0
LastWrittenBytes:0
LastWriteThroughput:0
RealWrittenBytes:0
RealWriteThroughput:0
当前玩家的连接数量:0
当前地图的线程个数：10
当前地图的个数:47
当前数据库执行队列数:0
当前发送队列缓存的对象数量:0
totalMemory：542113792, use ：423150184, free ：118963608DirectMemory：1827143680, 恢复 ：1
当前时间 ：2026-08-16 00:51:05send keng：3325, sheng ：4194304
decode keng：18, sheng ：2097152
world keng：5, sheng ：1048576

2026-08-16 00:51:10.213 INFO [pool-6-thread-1][:] - /****************流量统计******************/
LastReadBytes:0
LastReadThroughput:0
LastWrittenBytes:0
LastWriteThroughput:0
RealWrittenBytes:0
RealWriteThroughput:0
当前玩家的连接数量:0
当前地图的线程个数：10
当前地图的个数:47
当前数据库执行队列数:0
当前发送队列缓存的对象数量:0
totalMemory：542113792, use ：427678312, free ：114435480DirectMemory：1827143680, 恢复 ：1
当前时间 ：2026-08-16 00:51:10send keng：3325, sheng ：4194304
decode keng：18, sheng ：2097152
world keng：5, sheng ：1048576

2026-08-16 00:51:15.213 INFO [pool-6-thread-2][:] - /****************流量统计******************/
LastReadBytes:0
LastReadThroughput:0
LastWrittenBytes:0
LastWriteThroughput:0
RealWrittenBytes:0
RealWriteThroughput:0
当前玩家的连接数量:0
当前地图的线程个数：10
当前地图的个数:47
当前数据库执行队列数:0
当前发送队列缓存的对象数量:0
totalMemory：542113792, use ：432357712, free ：109756080DirectMemory：1827143680, 恢复 ：1
当前时间 ：2026-08-16 00:51:15send keng：3325, sheng ：4194304
decode keng：18, sheng ：2097152
world keng：5, sheng ：1048576

2026-08-16 00:51:20.214 INFO [pool-6-thread-10][:] - /****************流量统计******************/
LastReadBytes:0
LastReadThroughput:0
LastWrittenBytes:0
LastWriteThroughput:0
RealWrittenBytes:0
RealWriteThroughput:0
当前玩家的连接数量:0
当前地图的线程个数：10
当前地图的个数:47
当前数据库执行队列数:0
当前发送队列缓存的对象数量:0
totalMemory：542113792, use ：436714504, free ：105399288DirectMemory：1827143680, 恢复 ：1
当前时间 ：2026-08-16 00:51:20send keng：3325, sheng ：4194304
decode keng：18, sheng ：2097152
world keng：5, sheng ：1048576

2026-08-16 00:51:25.213 INFO [pool-6-thread-9][:] - /****************流量统计******************/
LastReadBytes:0
LastReadThroughput:0
LastWrittenBytes:0
LastWriteThroughput:0
RealWrittenBytes:0
RealWriteThroughput:0
当前玩家的连接数量:0
当前地图的线程个数：10
当前地图的个数:47
当前数据库执行队列数:0
当前发送队列缓存的对象数量:0
totalMemory：542113792, use ：441435992, free ：100677800DirectMemory：1827143680, 恢复 ：1
当前时间 ：2026-08-16 00:51:25send keng：3325, sheng ：4194304
decode keng：18, sheng ：2097152
world keng：5, sheng ：1048576

2026-08-16 00:51:30.213 INFO [pool-6-thread-10][:] - /****************流量统计******************/
LastReadBytes:0
LastReadThroughput:0
LastWrittenBytes:0
LastWriteThroughput:0
RealWrittenBytes:0
RealWriteThroughput:0
当前玩家的连接数量:0
当前地图的线程个数：10
当前地图的个数:47
当前数据库执行队列数:0
当前发送队列缓存的对象数量:0
totalMemory：542113792, use ：445906984, free ：96206808DirectMemory：1827143680, 恢复 ：1
当前时间 ：2026-08-16 00:51:30send keng：3325, sheng ：4194304
decode keng：18, sheng ：2097152
world keng：5, sheng ：1048576

2026-08-16 00:51:35.213 INFO [pool-6-thread-7][:] - /****************流量统计******************/
LastReadBytes:0
LastReadThroughput:0
LastWrittenBytes:0
LastWriteThroughput:0
RealWrittenBytes:0
RealWriteThroughput:0
当前玩家的连接数量:0
当前地图的线程个数：10
当前地图的个数:47
当前数据库执行队列数:0
当前发送队列缓存的对象数量:0
totalMemory：542113792, use ：411414408, free ：130699384DirectMemory：1827143680, 恢复 ：1
当前时间 ：2026-08-16 00:51:35send keng：3325, sheng ：4194304
decode keng：18, sheng ：2097152
world keng：5, sheng ：1048576

2026-08-16 00:51:40.213 INFO [pool-6-thread-1][:] - /****************流量统计******************/
LastReadBytes:0
LastReadThroughput:0
LastWrittenBytes:0
LastWriteThroughput:0
RealWrittenBytes:0
RealWriteThroughput:0
当前玩家的连接数量:0
当前地图的线程个数：10
当前地图的个数:47
当前数据库执行队列数:0
当前发送队列缓存的对象数量:0
totalMemory：542113792, use ：415785008, free ：126328784DirectMemory：1827143680, 恢复 ：1
当前时间 ：2026-08-16 00:51:40send keng：3325, sheng ：4194304
decode keng：18, sheng ：2097152
world keng：5, sheng ：1048576

2026-08-16 00:51:45.213 INFO [pool-6-thread-10][:] - /****************流量统计******************/
LastReadBytes:0
LastReadThroughput:0
LastWrittenBytes:0
LastWriteThroughput:0
RealWrittenBytes:0
RealWriteThroughput:0
当前玩家的连接数量:0
当前地图的线程个数：10
当前地图的个数:47
当前数据库执行队列数:0
当前发送队列缓存的对象数量:0
totalMemory：542113792, use ：420555320, free ：121558472DirectMemory：1827143680, 恢复 ：1
当前时间 ：2026-08-16 00:51:45send keng：3325, sheng ：4194304
decode keng：18, sheng ：2097152
world keng：5, sheng ：1048576

2026-08-16 00:51:50.213 INFO [pool-6-thread-5][:] - /****************流量统计******************/
LastReadBytes:0
LastReadThroughput:0
LastWrittenBytes:0
LastWriteThroughput:0
RealWrittenBytes:0
RealWriteThroughput:0
当前玩家的连接数量:0
当前地图的线程个数：10
当前地图的个数:47
当前数据库执行队列数:0
当前发送队列缓存的对象数量:0
totalMemory：542113792, use ：425114232, free ：116999560DirectMemory：1827143680, 恢复 ：1
当前时间 ：2026-08-16 00:51:50send keng：3325, sheng ：4194304
decode keng：18, sheng ：2097152
world keng：5, sheng ：1048576

2026-08-16 00:51:55.213 INFO [pool-6-thread-1][:] - /****************流量统计******************/
LastReadBytes:0
LastReadThroughput:0
LastWrittenBytes:0
LastWriteThroughput:0
RealWrittenBytes:0
RealWriteThroughput:0
当前玩家的连接数量:0
当前地图的线程个数：10
当前地图的个数:47
当前数据库执行队列数:0
当前发送队列缓存的对象数量:0
totalMemory：542113792, use ：429722008, free ：112391784DirectMemory：1827143680, 恢复 ：1
当前时间 ：2026-08-16 00:51:55send keng：3325, sheng ：4194304
decode keng：18, sheng ：2097152
world keng：5, sheng ：1048576

2026-08-16 00:52:00.213 INFO [pool-6-thread-4][:] - /****************流量统计******************/
LastReadBytes:0
LastReadThroughput:0
LastWrittenBytes:0
LastWriteThroughput:0
RealWrittenBytes:0
RealWriteThroughput:0
当前玩家的连接数量:0
当前地图的线程个数：10
当前地图的个数:47
当前数据库执行队列数:0
当前发送队列缓存的对象数量:0
totalMemory：542113792, use ：434367808, free ：107745984DirectMemory：1827143680, 恢复 ：1
当前时间 ：2026-08-16 00:52:00send keng：3325, sheng ：4194304
decode keng：18, sheng ：2097152
world keng：5, sheng ：1048576

2026-08-16 00:52:05.213 INFO [pool-6-thread-10][:] - /****************流量统计******************/
LastReadBytes:0
LastReadThroughput:0
LastWrittenBytes:0
LastWriteThroughput:0
RealWrittenBytes:0
RealWriteThroughput:0
当前玩家的连接数量:0
当前地图的线程个数：10
当前地图的个数:47
当前数据库执行队列数:0
当前发送队列缓存的对象数量:0
totalMemory：542113792, use ：439076768, free ：103037024DirectMemory：1827143680, 恢复 ：1
当前时间 ：2026-08-16 00:52:05send keng：3325, sheng ：4194304
decode keng：18, sheng ：2097152
world keng：5, sheng ：1048576

2026-08-16 00:52:10.213 INFO [pool-6-thread-3][:] - /****************流量统计******************/
LastReadBytes:0
LastReadThroughput:0
LastWrittenBytes:0
LastWriteThroughput:0
RealWrittenBytes:0
RealWriteThroughput:0
当前玩家的连接数量:0
当前地图的线程个数：10
当前地图的个数:47
当前数据库执行队列数:0
当前发送队列缓存的对象数量:0
totalMemory：542113792, use ：443639768, free ：98474024DirectMemory：1827143680, 恢复 ：1
当前时间 ：2026-08-16 00:52:10send keng：3325, sheng ：4194304
decode keng：18, sheng ：2097152
world keng：5, sheng ：1048576

2026-08-16 00:52:15.213 INFO [pool-6-thread-7][:] - /****************流量统计******************/
LastReadBytes:0
LastReadThroughput:0
LastWrittenBytes:0
LastWriteThroughput:0
RealWrittenBytes:0
RealWriteThroughput:0
当前玩家的连接数量:0
当前地图的线程个数：10
当前地图的个数:47
当前数据库执行队列数:0
当前发送队列缓存的对象数量:0
totalMemory：542113792, use ：448237008, free ：93876784DirectMemory：1827143680, 恢复 ：1
当前时间 ：2026-08-16 00:52:15send keng：3325, sheng ：4194304
decode keng：18, sheng ：2097152
world keng：5, sheng ：1048576

2026-08-16 00:52:20.213 INFO [pool-6-thread-7][:] - /****************流量统计******************/
LastReadBytes:0
LastReadThroughput:0
LastWrittenBytes:0
LastWriteThroughput:0
RealWrittenBytes:0
RealWriteThroughput:0
当前玩家的连接数量:0
当前地图的线程个数：10
当前地图的个数:47
当前数据库执行队列数:0
当前发送队列缓存的对象数量:0
totalMemory：542113792, use ：413500000, free ：128613792DirectMemory：1827143680, 恢复 ：1
当前时间 ：2026-08-16 00:52:20send keng：3325, sheng ：4194304
decode keng：18, sheng ：2097152
world keng：5, sheng ：1048576

2026-08-16 00:52:25.213 INFO [pool-6-thread-3][:] - /****************流量统计******************/
LastReadBytes:0
LastReadThroughput:0
LastWrittenBytes:0
LastWriteThroughput:0
RealWrittenBytes:0
RealWriteThroughput:0
当前玩家的连接数量:0
当前地图的线程个数：10
当前地图的个数:47
当前数据库执行队列数:0
当前发送队列缓存的对象数量:0
totalMemory：542113792, use ：418201968, free ：123911824DirectMemory：1827143680, 恢复 ：1
当前时间 ：2026-08-16 00:52:25send keng：3325, sheng ：4194304
decode keng：18, sheng ：2097152
world keng：5, sheng ：1048576

2026-08-16 00:52:30.213 INFO [pool-6-thread-9][:] - /****************流量统计******************/
LastReadBytes:0
LastReadThroughput:0
LastWrittenBytes:0
LastWriteThroughput:0
RealWrittenBytes:0
RealWriteThroughput:0
当前玩家的连接数量:0
当前地图的线程个数：10
当前地图的个数:47
当前数据库执行队列数:0
当前发送队列缓存的对象数量:0
totalMemory：542113792, use ：422941808, free ：119171984DirectMemory：1827143680, 恢复 ：1
当前时间 ：2026-08-16 00:52:30send keng：3325, sheng ：4194304
decode keng：18, sheng ：2097152
world keng：5, sheng ：1048576

2026-08-16 00:52:35.213 INFO [pool-6-thread-6][:] - /****************流量统计******************/
LastReadBytes:0
LastReadThroughput:0
LastWrittenBytes:0
LastWriteThroughput:0
RealWrittenBytes:0
RealWriteThroughput:0
当前玩家的连接数量:0
当前地图的线程个数：10
当前地图的个数:47
当前数据库执行队列数:0
当前发送队列缓存的对象数量:0
totalMemory：542113792, use ：427411432, free ：114702360DirectMemory：1827143680, 恢复 ：1
当前时间 ：2026-08-16 00:52:35send keng：3325, sheng ：4194304
decode keng：18, sheng ：2097152
world keng：5, sheng ：1048576

2026-08-16 00:52:40.213 INFO [pool-6-thread-1][:] - /****************流量统计******************/
LastReadBytes:0
LastReadThroughput:0
LastWrittenBytes:0
LastWriteThroughput:0
RealWrittenBytes:0
RealWriteThroughput:0
当前玩家的连接数量:0
当前地图的线程个数：10
当前地图的个数:47
当前数据库执行队列数:0
当前发送队列缓存的对象数量:0
totalMemory：542113792, use ：432002984, free ：110110808DirectMemory：1827143680, 恢复 ：1
当前时间 ：2026-08-16 00:52:40send keng：3325, sheng ：4194304
decode keng：18, sheng ：2097152
world keng：5, sheng ：1048576

2026-08-16 00:52:45.213 INFO [pool-6-thread-3][:] - /****************流量统计******************/
LastReadBytes:0
LastReadThroughput:0
LastWrittenBytes:0
LastWriteThroughput:0
RealWrittenBytes:0
RealWriteThroughput:0
当前玩家的连接数量:0
当前地图的线程个数：10
当前地图的个数:47
当前数据库执行队列数:0
当前发送队列缓存的对象数量:0
totalMemory：542113792, use ：436486048, free ：105627744DirectMemory：1827143680, 恢复 ：1
当前时间 ：2026-08-16 00:52:45send keng：3325, sheng ：4194304
decode keng：18, sheng ：2097152
world keng：5, sheng ：1048576

2026-08-16 00:52:50.213 INFO [pool-6-thread-2][:] - /****************流量统计******************/
LastReadBytes:0
LastReadThroughput:0
LastWrittenBytes:0
LastWriteThroughput:0
RealWrittenBytes:0
RealWriteThroughput:0
当前玩家的连接数量:0
当前地图的线程个数：10
当前地图的个数:47
当前数据库执行队列数:0
当前发送队列缓存的对象数量:0
totalMemory：542113792, use ：441153704, free ：100960088DirectMemory：1827143680, 恢复 ：1
当前时间 ：2026-08-16 00:52:50send keng：3325, sheng ：4194304
decode keng：18, sheng ：2097152
world keng：5, sheng ：1048576

2026-08-16 00:52:55.213 INFO [pool-6-thread-3][:] - /****************流量统计******************/
LastReadBytes:0
LastReadThroughput:0
LastWrittenBytes:0
LastWriteThroughput:0
RealWrittenBytes:0
RealWriteThroughput:0
当前玩家的连接数量:0
当前地图的线程个数：10
当前地图的个数:47
当前数据库执行队列数:0
当前发送队列缓存的对象数量:0
totalMemory：542113792, use ：445565296, free ：96548496DirectMemory：1827143680, 恢复 ：1
当前时间 ：2026-08-16 00:52:55send keng：3325, sheng ：4194304
decode keng：18, sheng ：2097152
world keng：5, sheng ：1048576

2026-08-16 00:53:00.213 INFO [pool-6-thread-2][:] - /****************流量统计******************/
LastReadBytes:0
LastReadThroughput:0
LastWrittenBytes:0
LastWriteThroughput:0
RealWrittenBytes:0
RealWriteThroughput:0
当前玩家的连接数量:0
当前地图的线程个数：10
当前地图的个数:47
当前数据库执行队列数:0
当前发送队列缓存的对象数量:0
totalMemory：542113792, use ：411482824, free ：130630968DirectMemory：1827143680, 恢复 ：1
当前时间 ：2026-08-16 00:53:00send keng：3325, sheng ：4194304
decode keng：18, sheng ：2097152
world keng：5, sheng ：1048576

2026-08-16 00:53:05.213 INFO [pool-6-thread-3][:] - /****************流量统计******************/
LastReadBytes:0
LastReadThroughput:0
LastWrittenBytes:0
LastWriteThroughput:0
RealWrittenBytes:0
RealWriteThroughput:0
当前玩家的连接数量:0
当前地图的线程个数：10
当前地图的个数:47
当前数据库执行队列数:0
当前发送队列缓存的对象数量:0
totalMemory：542113792, use ：415897872, free ：126215920DirectMemory：1827143680, 恢复 ：1
当前时间 ：2026-08-16 00:53:05send keng：3325, sheng ：4194304
decode keng：18, sheng ：2097152
world keng：5, sheng ：1048576

2026-08-16 00:53:10.213 INFO [pool-6-thread-1][:] - /****************流量统计******************/
LastReadBytes:0
LastReadThroughput:0
LastWrittenBytes:0
LastWriteThroughput:0
RealWrittenBytes:0
RealWriteThroughput:0
当前玩家的连接数量:0
当前地图的线程个数：10
当前地图的个数:47
当前数据库执行队列数:0
当前发送队列缓存的对象数量:0
totalMemory：542113792, use ：420375408, free ：121738384DirectMemory：1827143680, 恢复 ：1
当前时间 ：2026-08-16 00:53:10send keng：3325, sheng ：4194304
decode keng：18, sheng ：2097152
world keng：5, sheng ：1048576

2026-08-16 00:53:15.213 INFO [pool-6-thread-4][:] - /****************流量统计******************/
LastReadBytes:0
LastReadThroughput:0
LastWrittenBytes:0
LastWriteThroughput:0
RealWrittenBytes:0
RealWriteThroughput:0
当前玩家的连接数量:0
当前地图的线程个数：10
当前地图的个数:47
当前数据库执行队列数:0
当前发送队列缓存的对象数量:0
totalMemory：542113792, use ：424899448, free ：117214344DirectMemory：1827143680, 恢复 ：1
当前时间 ：2026-08-16 00:53:15send keng：3325, sheng ：4194304
decode keng：18, sheng ：2097152
world keng：5, sheng ：1048576

2026-08-16 00:53:20.213 INFO [pool-6-thread-8][:] - /****************流量统计******************/
LastReadBytes:0
LastReadThroughput:0
LastWrittenBytes:0
LastWriteThroughput:0
RealWrittenBytes:0
RealWriteThroughput:0
当前玩家的连接数量:0
当前地图的线程个数：10
当前地图的个数:47
当前数据库执行队列数:0
当前发送队列缓存的对象数量:0
totalMemory：542113792, use ：429620960, free ：112492832DirectMemory：1827143680, 恢复 ：1
当前时间 ：2026-08-16 00:53:20send keng：3325, sheng ：4194304
decode keng：18, sheng ：2097152
world keng：5, sheng ：1048576

2026-08-16 00:53:25.213 INFO [pool-6-thread-8][:] - /****************流量统计******************/
LastReadBytes:0
LastReadThroughput:0
LastWrittenBytes:0
LastWriteThroughput:0
RealWrittenBytes:0
RealWriteThroughput:0
当前玩家的连接数量:0
当前地图的线程个数：10
当前地图的个数:47
当前数据库执行队列数:0
当前发送队列缓存的对象数量:0
totalMemory：542113792, use ：434107664, free ：108006128DirectMemory：1827143680, 恢复 ：1
当前时间 ：2026-08-16 00:53:25send keng：3325, sheng ：4194304
decode keng：18, sheng ：2097152
world keng：5, sheng ：1048576

2026-08-16 00:53:30.213 INFO [pool-6-thread-10][:] - /****************流量统计******************/
LastReadBytes:0
LastReadThroughput:0
LastWrittenBytes:0
LastWriteThroughput:0
RealWrittenBytes:0
RealWriteThroughput:0
当前玩家的连接数量:0
当前地图的线程个数：10
当前地图的个数:47
当前数据库执行队列数:0
当前发送队列缓存的对象数量:0
totalMemory：542113792, use ：438908632, free ：103205160DirectMemory：1827143680, 恢复 ：1
当前时间 ：2026-08-16 00:53:30send keng：3325, sheng ：4194304
decode keng：18, sheng ：2097152
world keng：5, sheng ：1048576

2026-08-16 00:53:35.213 INFO [pool-6-thread-6][:] - /****************流量统计******************/
LastReadBytes:0
LastReadThroughput:0
LastWrittenBytes:0
LastWriteThroughput:0
RealWrittenBytes:0
RealWriteThroughput:0
当前玩家的连接数量:0
当前地图的线程个数：10
当前地图的个数:47
当前数据库执行队列数:0
当前发送队列缓存的对象数量:0
totalMemory：542113792, use ：443526072, free ：98587720DirectMemory：1827143680, 恢复 ：1
当前时间 ：2026-08-16 00:53:35send keng：3325, sheng ：4194304
decode keng：18, sheng ：2097152
world keng：5, sheng ：1048576

2026-08-16 00:53:40.213 INFO [pool-6-thread-10][:] - /****************流量统计******************/
LastReadBytes:0
LastReadThroughput:0
LastWrittenBytes:0
LastWriteThroughput:0
RealWrittenBytes:0
RealWriteThroughput:0
当前玩家的连接数量:0
当前地图的线程个数：10
当前地图的个数:47
当前数据库执行队列数:0
当前发送队列缓存的对象数量:0
totalMemory：542113792, use ：448153784, free ：93960008DirectMemory：1827143680, 恢复 ：1
当前时间 ：2026-08-16 00:53:40send keng：3325, sheng ：4194304
decode keng：18, sheng ：2097152
world keng：5, sheng ：1048576

2026-08-16 00:53:45.213 INFO [pool-6-thread-6][:] - /****************流量统计******************/
LastReadBytes:0
LastReadThroughput:0
LastWrittenBytes:0
LastWriteThroughput:0
RealWrittenBytes:0
RealWriteThroughput:0
当前玩家的连接数量:0
当前地图的线程个数：10
当前地图的个数:47
当前数据库执行队列数:0
当前发送队列缓存的对象数量:0
totalMemory：542113792, use ：413303336, free ：128810456DirectMemory：1827143680, 恢复 ：1
当前时间 ：2026-08-16 00:53:45send keng：3325, sheng ：4194304
decode keng：18, sheng ：2097152
world keng：5, sheng ：1048576

2026-08-16 00:53:50.213 INFO [pool-6-thread-3][:] - /****************流量统计******************/
LastReadBytes:0
LastReadThroughput:0
LastWrittenBytes:0
LastWriteThroughput:0
RealWrittenBytes:0
RealWriteThroughput:0
当前玩家的连接数量:0
当前地图的线程个数：10
当前地图的个数:47
当前数据库执行队列数:0
当前发送队列缓存的对象数量:0
totalMemory：542113792, use ：417749728, free ：124364064DirectMemory：1827143680, 恢复 ：1
当前时间 ：2026-08-16 00:53:50send keng：3325, sheng ：4194304
decode keng：18, sheng ：2097152
world keng：5, sheng ：1048576

2026-08-16 00:53:55.213 INFO [pool-6-thread-1][:] - /****************流量统计******************/
LastReadBytes:0
LastReadThroughput:0
LastWrittenBytes:0
LastWriteThroughput:0
RealWrittenBytes:0
RealWriteThroughput:0
当前玩家的连接数量:0
当前地图的线程个数：10
当前地图的个数:47
当前数据库执行队列数:0
当前发送队列缓存的对象数量:0
totalMemory：542113792, use ：422233864, free ：119879928DirectMemory：1827143680, 恢复 ：1
当前时间 ：2026-08-16 00:53:55send keng：3325, sheng ：4194304
decode keng：18, sheng ：2097152
world keng：5, sheng ：1048576

2026-08-16 00:54:00.213 INFO [pool-6-thread-4][:] - /****************流量统计******************/
LastReadBytes:0
LastReadThroughput:0
LastWrittenBytes:0
LastWriteThroughput:0
RealWrittenBytes:0
RealWriteThroughput:0
当前玩家的连接数量:0
当前地图的线程个数：10
当前地图的个数:47
当前数据库执行队列数:0
当前发送队列缓存的对象数量:0
totalMemory：542113792, use ：427128768, free ：114985024DirectMemory：1827143680, 恢复 ：1
当前时间 ：2026-08-16 00:54:00send keng：3325, sheng ：4194304
decode keng：18, sheng ：2097152
world keng：5, sheng ：1048576

2026-08-16 00:54:05.213 INFO [pool-6-thread-10][:] - /****************流量统计******************/
LastReadBytes:0
LastReadThroughput:0
LastWrittenBytes:0
LastWriteThroughput:0
RealWrittenBytes:0
RealWriteThroughput:0
当前玩家的连接数量:0
当前地图的线程个数：10
当前地图的个数:47
当前数据库执行队列数:0
当前发送队列缓存的对象数量:0
totalMemory：542113792, use ：431892512, free ：110221280DirectMemory：1827143680, 恢复 ：1
当前时间 ：2026-08-16 00:54:05send keng：3325, sheng ：4194304
decode keng：18, sheng ：2097152
world keng：5, sheng ：1048576

2026-08-16 00:54:10.213 INFO [pool-6-thread-7][:] - /****************流量统计******************/
LastReadBytes:0
LastReadThroughput:0
LastWrittenBytes:0
LastWriteThroughput:0
RealWrittenBytes:0
RealWriteThroughput:0
当前玩家的连接数量:0
当前地图的线程个数：10
当前地图的个数:47
当前数据库执行队列数:0
当前发送队列缓存的对象数量:0
totalMemory：542113792, use ：436456064, free ：105657728DirectMemory：1827143680, 恢复 ：1
当前时间 ：2026-08-16 00:54:10send keng：3325, sheng ：4194304
decode keng：18, sheng ：2097152
world keng：5, sheng ：1048576

2026-08-16 00:54:15.213 INFO [pool-6-thread-5][:] - /****************流量统计******************/
LastReadBytes:0
LastReadThroughput:0
LastWrittenBytes:0
LastWriteThroughput:0
RealWrittenBytes:0
RealWriteThroughput:0
当前玩家的连接数量:0
当前地图的线程个数：10
当前地图的个数:47
当前数据库执行队列数:0
当前发送队列缓存的对象数量:0
totalMemory：542113792, use ：441158832, free ：100954960DirectMemory：1827143680, 恢复 ：1
当前时间 ：2026-08-16 00:54:15send keng：3325, sheng ：4194304
decode keng：18, sheng ：2097152
world keng：5, sheng ：1048576

2026-08-16 00:54:20.213 INFO [pool-6-thread-9][:] - /****************流量统计******************/
LastReadBytes:0
LastReadThroughput:0
LastWrittenBytes:0
LastWriteThroughput:0
RealWrittenBytes:0
RealWriteThroughput:0
当前玩家的连接数量:0
当前地图的线程个数：10
当前地图的个数:47
当前数据库执行队列数:0
当前发送队列缓存的对象数量:0
totalMemory：542113792, use ：445583856, free ：96529936DirectMemory：1827143680, 恢复 ：1
当前时间 ：2026-08-16 00:54:20send keng：3325, sheng ：4194304
decode keng：18, sheng ：2097152
world keng：5, sheng ：1048576

2026-08-16 00:54:25.213 INFO [pool-6-thread-7][:] - /****************流量统计******************/
LastReadBytes:0
LastReadThroughput:0
LastWrittenBytes:0
LastWriteThroughput:0
RealWrittenBytes:0
RealWriteThroughput:0
当前玩家的连接数量:0
当前地图的线程个数：10
当前地图的个数:47
当前数据库执行队列数:0
当前发送队列缓存的对象数量:0
totalMemory：542113792, use ：411353088, free ：130760704DirectMemory：1827143680, 恢复 ：1
当前时间 ：2026-08-16 00:54:25send keng：3325, sheng ：4194304
decode keng：18, sheng ：2097152
world keng：5, sheng ：1048576

2026-08-16 00:54:30.213 INFO [pool-6-thread-7][:] - /****************流量统计******************/
LastReadBytes:0
LastReadThroughput:0
LastWrittenBytes:0
LastWriteThroughput:0
RealWrittenBytes:0
RealWriteThroughput:0
当前玩家的连接数量:0
当前地图的线程个数：10
当前地图的个数:47
当前数据库执行队列数:0
当前发送队列缓存的对象数量:0
totalMemory：542113792, use ：415673128, free ：126440664DirectMemory：1827143680, 恢复 ：1
当前时间 ：2026-08-16 00:54:30send keng：3325, sheng ：4194304
decode keng：18, sheng ：2097152
world keng：5, sheng ：1048576

2026-08-16 00:54:35.213 INFO [pool-6-thread-4][:] - /****************流量统计******************/
LastReadBytes:0
LastReadThroughput:0
LastWrittenBytes:0
LastWriteThroughput:0
RealWrittenBytes:0
RealWriteThroughput:0
当前玩家的连接数量:0
当前地图的线程个数：10
当前地图的个数:47
当前数据库执行队列数:0
当前发送队列缓存的对象数量:0
totalMemory：542113792, use ：420183440, free ：121930352DirectMemory：1827143680, 恢复 ：1
当前时间 ：2026-08-16 00:54:35send keng：3325, sheng ：4194304
decode keng：18, sheng ：2097152
world keng：5, sheng ：1048576

2026-08-16 00:54:40.213 INFO [pool-6-thread-7][:] - /****************流量统计******************/
LastReadBytes:0
LastReadThroughput:0
LastWrittenBytes:0
LastWriteThroughput:0
RealWrittenBytes:0
RealWriteThroughput:0
当前玩家的连接数量:0
当前地图的线程个数：10
当前地图的个数:47
当前数据库执行队列数:0
当前发送队列缓存的对象数量:0
totalMemory：542113792, use ：424637888, free ：117475904DirectMemory：1827143680, 恢复 ：1
当前时间 ：2026-08-16 00:54:40send keng：3325, sheng ：4194304
decode keng：18, sheng ：2097152
world keng：5, sheng ：1048576

2026-08-16 00:54:45.213 INFO [pool-6-thread-8][:] - /****************流量统计******************/
LastReadBytes:0
LastReadThroughput:0
LastWrittenBytes:0
LastWriteThroughput:0
RealWrittenBytes:0
RealWriteThroughput:0
当前玩家的连接数量:0
当前地图的线程个数：10
当前地图的个数:47
当前数据库执行队列数:0
当前发送队列缓存的对象数量:0
totalMemory：542113792, use ：429467312, free ：112646480DirectMemory：1827143680, 恢复 ：1
当前时间 ：2026-08-16 00:54:45send keng：3325, sheng ：4194304
decode keng：18, sheng ：2097152
world keng：5, sheng ：1048576

2026-08-16 00:54:50.213 INFO [pool-6-thread-5][:] - /****************流量统计******************/
LastReadBytes:0
LastReadThroughput:0
LastWrittenBytes:0
LastWriteThroughput:0
RealWrittenBytes:0
RealWriteThroughput:0
当前玩家的连接数量:0
当前地图的线程个数：10
当前地图的个数:47
当前数据库执行队列数:0
当前发送队列缓存的对象数量:0
totalMemory：542113792, use ：433965480, free ：108148312DirectMemory：1827143680, 恢复 ：1
当前时间 ：2026-08-16 00:54:50send keng：3325, sheng ：4194304
decode keng：18, sheng ：2097152
world keng：5, sheng ：1048576

2026-08-16 00:54:55.213 INFO [pool-6-thread-10][:] - /****************流量统计******************/
LastReadBytes:0
LastReadThroughput:0
LastWrittenBytes:0
LastWriteThroughput:0
RealWrittenBytes:0
RealWriteThroughput:0
当前玩家的连接数量:0
当前地图的线程个数：10
当前地图的个数:47
当前数据库执行队列数:0
当前发送队列缓存的对象数量:0
totalMemory：542113792, use ：438706104, free ：103407688DirectMemory：1827143680, 恢复 ：1
当前时间 ：2026-08-16 00:54:55send keng：3325, sheng ：4194304
decode keng：18, sheng ：2097152
world keng：5, sheng ：1048576

2026-08-16 00:55:00.213 INFO [pool-6-thread-5][:] - /****************流量统计******************/
LastReadBytes:0
LastReadThroughput:0
LastWrittenBytes:0
LastWriteThroughput:0
RealWrittenBytes:0
RealWriteThroughput:0
当前玩家的连接数量:0
当前地图的线程个数：10
当前地图的个数:47
当前数据库执行队列数:0
当前发送队列缓存的对象数量:0
totalMemory：542113792, use ：443401488, free ：98712304DirectMemory：1827143680, 恢复 ：1
当前时间 ：2026-08-16 00:55:00send keng：3325, sheng ：4194304
decode keng：18, sheng ：2097152
world keng：5, sheng ：1048576

2026-08-16 00:55:05.213 INFO [pool-6-thread-1][:] - /****************流量统计******************/
LastReadBytes:0
LastReadThroughput:0
LastWrittenBytes:0
LastWriteThroughput:0
RealWrittenBytes:0
RealWriteThroughput:0
当前玩家的连接数量:0
当前地图的线程个数：10
当前地图的个数:47
当前数据库执行队列数:0
当前发送队列缓存的对象数量:0
totalMemory：542113792, use ：448152312, free ：93961480DirectMemory：1827143680, 恢复 ：1
当前时间 ：2026-08-16 00:55:05send keng：3325, sheng ：4194304
decode keng：18, sheng ：2097152
world keng：5, sheng ：1048576

2026-08-16 00:55:10.213 INFO [pool-6-thread-1][:] - /****************流量统计******************/
LastReadBytes:0
LastReadThroughput:0
LastWrittenBytes:0
LastWriteThroughput:0
RealWrittenBytes:0
RealWriteThroughput:0
当前玩家的连接数量:0
当前地图的线程个数：10
当前地图的个数:47
当前数据库执行队列数:0
当前发送队列缓存的对象数量:0
totalMemory：542113792, use ：413491968, free ：128621824DirectMemory：1827143680, 恢复 ：1
当前时间 ：2026-08-16 00:55:10send keng：3325, sheng ：4194304
decode keng：18, sheng ：2097152
world keng：5, sheng ：1048576

2026-08-16 00:55:15.213 INFO [pool-6-thread-2][:] - /****************流量统计******************/
LastReadBytes:0
LastReadThroughput:0
LastWrittenBytes:0
LastWriteThroughput:0
RealWrittenBytes:0
RealWriteThroughput:0
当前玩家的连接数量:0
当前地图的线程个数：10
当前地图的个数:47
当前数据库执行队列数:0
当前发送队列缓存的对象数量:0
totalMemory：542113792, use ：418169088, free ：123944704DirectMemory：1827143680, 恢复 ：1
当前时间 ：2026-08-16 00:55:15send keng：3325, sheng ：4194304
decode keng：18, sheng ：2097152
world keng：5, sheng ：1048576

2026-08-16 00:55:20.213 INFO [pool-6-thread-4][:] - /****************流量统计******************/
LastReadBytes:0
LastReadThroughput:0
LastWrittenBytes:0
LastWriteThroughput:0
RealWrittenBytes:0
RealWriteThroughput:0
当前玩家的连接数量:0
当前地图的线程个数：10
当前地图的个数:47
当前数据库执行队列数:0
当前发送队列缓存的对象数量:0
totalMemory：542113792, use ：422533008, free ：119580784DirectMemory：1827143680, 恢复 ：1
当前时间 ：2026-08-16 00:55:20send keng：3325, sheng ：4194304
decode keng：18, sheng ：2097152
world keng：5, sheng ：1048576

2026-08-16 00:55:25.213 INFO [pool-6-thread-4][:] - /****************流量统计******************/
LastReadBytes:0
LastReadThroughput:0
LastWrittenBytes:0
LastWriteThroughput:0
RealWrittenBytes:0
RealWriteThroughput:0
当前玩家的连接数量:0
当前地图的线程个数：10
当前地图的个数:47
当前数据库执行队列数:0
当前发送队列缓存的对象数量:0
totalMemory：542113792, use ：427079248, free ：115034544DirectMemory：1827143680, 恢复 ：1
当前时间 ：2026-08-16 00:55:25send keng：3325, sheng ：4194304
decode keng：18, sheng ：2097152
world keng：5, sheng ：1048576

2026-08-16 00:55:30.213 INFO [pool-6-thread-6][:] - /****************流量统计******************/
LastReadBytes:0
LastReadThroughput:0
LastWrittenBytes:0
LastWriteThroughput:0
RealWrittenBytes:0
RealWriteThroughput:0
当前玩家的连接数量:0
当前地图的线程个数：10
当前地图的个数:47
当前数据库执行队列数:0
当前发送队列缓存的对象数量:0
totalMemory：542113792, use ：431818984, free ：110294808DirectMemory：1827143680, 恢复 ：1
当前时间 ：2026-08-16 00:55:30send keng：3325, sheng ：4194304
decode keng：18, sheng ：2097152
world keng：5, sheng ：1048576

2026-08-16 00:55:35.213 INFO [pool-6-thread-1][:] - /****************流量统计******************/
LastReadBytes:0
LastReadThroughput:0
LastWrittenBytes:0
LastWriteThroughput:0
RealWrittenBytes:0
RealWriteThroughput:0
当前玩家的连接数量:0
当前地图的线程个数：10
当前地图的个数:47
当前数据库执行队列数:0
当前发送队列缓存的对象数量:0
totalMemory：542113792, use ：436334728, free ：105779064DirectMemory：1827143680, 恢复 ：1
当前时间 ：2026-08-16 00:55:35send keng：3325, sheng ：4194304
decode keng：18, sheng ：2097152
world keng：5, sheng ：1048576

2026-08-16 00:55:40.213 INFO [pool-6-thread-2][:] - /****************流量统计******************/
LastReadBytes:0
LastReadThroughput:0
LastWrittenBytes:0
LastWriteThroughput:0
RealWrittenBytes:0
RealWriteThroughput:0
当前玩家的连接数量:0
当前地图的线程个数：10
当前地图的个数:47
当前数据库执行队列数:0
当前发送队列缓存的对象数量:0
totalMemory：542113792, use ：441087728, free ：101026064DirectMemory：1827143680, 恢复 ：1
当前时间 ：2026-08-16 00:55:40send keng：3325, sheng ：4194304
decode keng：18, sheng ：2097152
world keng：5, sheng ：1048576

2026-08-16 00:55:45.213 INFO [pool-6-thread-10][:] - /****************流量统计******************/
LastReadBytes:0
LastReadThroughput:0
LastWrittenBytes:0
LastWriteThroughput:0
RealWrittenBytes:0
RealWriteThroughput:0
当前玩家的连接数量:0
当前地图的线程个数：10
当前地图的个数:47
当前数据库执行队列数:0
当前发送队列缓存的对象数量:0
totalMemory：542113792, use ：445610848, free ：96502944DirectMemory：1827143680, 恢复 ：1
当前时间 ：2026-08-16 00:55:45send keng：3325, sheng ：4194304
decode keng：18, sheng ：2097152
world keng：5, sheng ：1048576

2026-08-16 00:55:50.213 INFO [pool-6-thread-2][:] - /****************流量统计******************/
LastReadBytes:0
LastReadThroughput:0
LastWrittenBytes:0
LastWriteThroughput:0
RealWrittenBytes:0
RealWriteThroughput:0
当前玩家的连接数量:0
当前地图的线程个数：10
当前地图的个数:47
当前数据库执行队列数:0
当前发送队列缓存的对象数量:0
totalMemory：542113792, use ：450197304, free ：91916488DirectMemory：1827143680, 恢复 ：1
当前时间 ：2026-08-16 00:55:50send keng：3325, sheng ：4194304
decode keng：18, sheng ：2097152
world keng：5, sheng ：1048576

2026-08-16 00:55:55.213 INFO [pool-6-thread-8][:] - /****************流量统计******************/
LastReadBytes:0
LastReadThroughput:0
LastWrittenBytes:0
LastWriteThroughput:0
RealWrittenBytes:0
RealWriteThroughput:0
当前玩家的连接数量:0
当前地图的线程个数：10
当前地图的个数:47
当前数据库执行队列数:0
当前发送队列缓存的对象数量:0
totalMemory：542113792, use ：415253696, free ：126860096DirectMemory：1827143680, 恢复 ：1
当前时间 ：2026-08-16 00:55:55send keng：3325, sheng ：4194304
decode keng：18, sheng ：2097152
world keng：5, sheng ：1048576

2026-08-16 00:56:00.213 INFO [pool-6-thread-10][:] - /****************流量统计******************/
LastReadBytes:0
LastReadThroughput:0
LastWrittenBytes:0
LastWriteThroughput:0
RealWrittenBytes:0
RealWriteThroughput:0
当前玩家的连接数量:0
当前地图的线程个数：10
当前地图的个数:47
当前数据库执行队列数:0
当前发送队列缓存的对象数量:0
totalMemory：542113792, use ：420177944, free ：121935848DirectMemory：1827143680, 恢复 ：1
当前时间 ：2026-08-16 00:56:00send keng：3325, sheng ：4194304
decode keng：18, sheng ：2097152
world keng：5, sheng ：1048576

2026-08-16 00:56:05.213 INFO [pool-6-thread-2][:] - /****************流量统计******************/
LastReadBytes:0
LastReadThroughput:0
LastWrittenBytes:0
LastWriteThroughput:0
RealWrittenBytes:0
RealWriteThroughput:0
当前玩家的连接数量:0
当前地图的线程个数：10
当前地图的个数:47
当前数据库执行队列数:0
当前发送队列缓存的对象数量:0
totalMemory：542113792, use ：424791392, free ：117322400DirectMemory：1827143680, 恢复 ：1
当前时间 ：2026-08-16 00:56:05send keng：3325, sheng ：4194304
decode keng：18, sheng ：2097152
world keng：5, sheng ：1048576

2026-08-16 00:56:10.213 INFO [pool-6-thread-2][:] - /****************流量统计******************/
LastReadBytes:0
LastReadThroughput:0
LastWrittenBytes:0
LastWriteThroughput:0
RealWrittenBytes:0
RealWriteThroughput:0
当前玩家的连接数量:0
当前地图的线程个数：10
当前地图的个数:47
当前数据库执行队列数:0
当前发送队列缓存的对象数量:0
totalMemory：542113792, use ：429431192, free ：112682600DirectMemory：1827143680, 恢复 ：1
当前时间 ：2026-08-16 00:56:10send keng：3325, sheng ：4194304
decode keng：18, sheng ：2097152
world keng：5, sheng ：1048576

2026-08-16 00:56:15.213 INFO [pool-6-thread-7][:] - /****************流量统计******************/
LastReadBytes:0
LastReadThroughput:0
LastWrittenBytes:0
LastWriteThroughput:0
RealWrittenBytes:0
RealWriteThroughput:0
当前玩家的连接数量:0
当前地图的线程个数：10
当前地图的个数:47
当前数据库执行队列数:0
当前发送队列缓存的对象数量:0
totalMemory：542113792, use ：433950152, free ：108163640DirectMemory：1827143680, 恢复 ：1
当前时间 ：2026-08-16 00:56:15send keng：3325, sheng ：4194304
decode keng：18, sheng ：2097152
world keng：5, sheng ：1048576

2026-08-16 00:56:20.213 INFO [pool-6-thread-3][:] - /****************流量统计******************/
LastReadBytes:0
LastReadThroughput:0
LastWrittenBytes:0
LastWriteThroughput:0
RealWrittenBytes:0
RealWriteThroughput:0
当前玩家的连接数量:0
当前地图的线程个数：10
当前地图的个数:47
当前数据库执行队列数:0
当前发送队列缓存的对象数量:0
totalMemory：542113792, use ：438648144, free ：103465648DirectMemory：1827143680, 恢复 ：1
当前时间 ：2026-08-16 00:56:20send keng：3325, sheng ：4194304
decode keng：18, sheng ：2097152
world keng：5, sheng ：1048576

2026-08-16 00:56:25.213 INFO [pool-6-thread-5][:] - /****************流量统计******************/
LastReadBytes:0
LastReadThroughput:0
LastWrittenBytes:0
LastWriteThroughput:0
RealWrittenBytes:0
RealWriteThroughput:0
当前玩家的连接数量:0
当前地图的线程个数：10
当前地图的个数:47
当前数据库执行队列数:0
当前发送队列缓存的对象数量:0
totalMemory：542113792, use ：442957400, free ：99156392DirectMemory：1827143680, 恢复 ：1
当前时间 ：2026-08-16 00:56:25send keng：3325, sheng ：4194304
decode keng：18, sheng ：2097152
world keng：5, sheng ：1048576

2026-08-16 00:56:30.213 INFO [pool-6-thread-3][:] - /****************流量统计******************/
LastReadBytes:0
LastReadThroughput:0
LastWrittenBytes:0
LastWriteThroughput:0
RealWrittenBytes:0
RealWriteThroughput:0
当前玩家的连接数量:0
当前地图的线程个数：10
当前地图的个数:47
当前数据库执行队列数:0
当前发送队列缓存的对象数量:0
totalMemory：542113792, use ：447684688, free ：94429104DirectMemory：1827143680, 恢复 ：1
当前时间 ：2026-08-16 00:56:30send keng：3325, sheng ：4194304
decode keng：18, sheng ：2097152
world keng：5, sheng ：1048576

2026-08-16 00:56:35.213 INFO [pool-6-thread-3][:] - /****************流量统计******************/
LastReadBytes:0
LastReadThroughput:0
LastWrittenBytes:0
LastWriteThroughput:0
RealWrittenBytes:0
RealWriteThroughput:0
当前玩家的连接数量:0
当前地图的线程个数：10
当前地图的个数:47
当前数据库执行队列数:0
当前发送队列缓存的对象数量:0
totalMemory：542113792, use ：412832520, free ：129281272DirectMemory：1827143680, 恢复 ：1
当前时间 ：2026-08-16 00:56:35send keng：3325, sheng ：4194304
decode keng：18, sheng ：2097152
world keng：5, sheng ：1048576

2026-08-16 00:56:40.213 INFO [pool-6-thread-4][:] - /****************流量统计******************/
LastReadBytes:0
LastReadThroughput:0
LastWrittenBytes:0
LastWriteThroughput:0
RealWrittenBytes:0
RealWriteThroughput:0
当前玩家的连接数量:0
当前地图的线程个数：10
当前地图的个数:47
当前数据库执行队列数:0
当前发送队列缓存的对象数量:0
totalMemory：542113792, use ：417627104, free ：124486688DirectMemory：1827143680, 恢复 ：1
当前时间 ：2026-08-16 00:56:40send keng：3325, sheng ：4194304
decode keng：18, sheng ：2097152
world keng：5, sheng ：1048576

2026-08-16 00:56:45.214 INFO [pool-6-thread-10][:] - /****************流量统计******************/
LastReadBytes:0
LastReadThroughput:0
LastWrittenBytes:0
LastWriteThroughput:0
RealWrittenBytes:0
RealWriteThroughput:0
当前玩家的连接数量:0
当前地图的线程个数：10
当前地图的个数:47
当前数据库执行队列数:0
当前发送队列缓存的对象数量:0
totalMemory：542113792, use ：422056448, free ：120057344DirectMemory：1827143680, 恢复 ：1
当前时间 ：2026-08-16 00:56:45send keng：3325, sheng ：4194304
decode keng：18, sheng ：2097152
world keng：5, sheng ：1048576

2026-08-16 00:56:50.213 INFO [pool-6-thread-7][:] - /****************流量统计******************/
LastReadBytes:0
LastReadThroughput:0
LastWrittenBytes:0
LastWriteThroughput:0
RealWrittenBytes:0
RealWriteThroughput:0
当前玩家的连接数量:0
当前地图的线程个数：10
当前地图的个数:47
当前数据库执行队列数:0
当前发送队列缓存的对象数量:0
totalMemory：542113792, use ：426784304, free ：115329488DirectMemory：1827143680, 恢复 ：1
当前时间 ：2026-08-16 00:56:50send keng：3325, sheng ：4194304
decode keng：18, sheng ：2097152
world keng：5, sheng ：1048576

2026-08-16 00:56:55.213 INFO [pool-6-thread-3][:] - /****************流量统计******************/
LastReadBytes:0
LastReadThroughput:0
LastWrittenBytes:0
LastWriteThroughput:0
RealWrittenBytes:0
RealWriteThroughput:0
当前玩家的连接数量:0
当前地图的线程个数：10
当前地图的个数:47
当前数据库执行队列数:0
当前发送队列缓存的对象数量:0
totalMemory：542113792, use ：431322248, free ：110791544DirectMemory：1827143680, 恢复 ：1
当前时间 ：2026-08-16 00:56:55send keng：3325, sheng ：4194304
decode keng：18, sheng ：2097152
world keng：5, sheng ：1048576

2026-08-16 00:57:00.213 INFO [pool-6-thread-1][:] - /****************流量统计******************/
LastReadBytes:0
LastReadThroughput:0
LastWrittenBytes:0
LastWriteThroughput:0
RealWrittenBytes:0
RealWriteThroughput:0
当前玩家的连接数量:0
当前地图的线程个数：10
当前地图的个数:47
当前数据库执行队列数:0
当前发送队列缓存的对象数量:0
totalMemory：542113792, use ：436034504, free ：106079288DirectMemory：1827143680, 恢复 ：1
当前时间 ：2026-08-16 00:57:00send keng：3325, sheng ：4194304
decode keng：18, sheng ：2097152
world keng：5, sheng ：1048576

2026-08-16 00:57:05.213 INFO [pool-6-thread-7][:] - /****************流量统计******************/
LastReadBytes:0
LastReadThroughput:0
LastWrittenBytes:0
LastWriteThroughput:0
RealWrittenBytes:0
RealWriteThroughput:0
当前玩家的连接数量:0
当前地图的线程个数：10
当前地图的个数:47
当前数据库执行队列数:0
当前发送队列缓存的对象数量:0
totalMemory：542113792, use ：440767640, free ：101346152DirectMemory：1827143680, 恢复 ：1
当前时间 ：2026-08-16 00:57:05send keng：3325, sheng ：4194304
decode keng：18, sheng ：2097152
world keng：5, sheng ：1048576

2026-08-16 00:57:10.213 INFO [pool-6-thread-8][:] - /****************流量统计******************/
LastReadBytes:0
LastReadThroughput:0
LastWrittenBytes:0
LastWriteThroughput:0
RealWrittenBytes:0
RealWriteThroughput:0
当前玩家的连接数量:0
当前地图的线程个数：10
当前地图的个数:47
当前数据库执行队列数:0
当前发送队列缓存的对象数量:0
totalMemory：542113792, use ：445235384, free ：96878408DirectMemory：1827143680, 恢复 ：1
当前时间 ：2026-08-16 00:57:10send keng：3325, sheng ：4194304
decode keng：18, sheng ：2097152
world keng：5, sheng ：1048576

2026-08-16 00:57:15.213 INFO [pool-6-thread-7][:] - /****************流量统计******************/
LastReadBytes:0
LastReadThroughput:0
LastWrittenBytes:0
LastWriteThroughput:0
RealWrittenBytes:0
RealWriteThroughput:0
当前玩家的连接数量:0
当前地图的线程个数：10
当前地图的个数:47
当前数据库执行队列数:0
当前发送队列缓存的对象数量:0
totalMemory：542113792, use ：449905848, free ：92207944DirectMemory：1827143680, 恢复 ：1
当前时间 ：2026-08-16 00:57:15send keng：3325, sheng ：4194304
decode keng：18, sheng ：2097152
world keng：5, sheng ：1048576

2026-08-16 00:57:20.213 INFO [pool-6-thread-7][:] - /****************流量统计******************/
LastReadBytes:0
LastReadThroughput:0
LastWrittenBytes:0
LastWriteThroughput:0
RealWrittenBytes:117
RealWriteThroughput:0
当前玩家的连接数量:0
当前地图的线程个数：10
当前地图的个数:47
当前数据库执行队列数:0
当前发送队列缓存的对象数量:0
totalMemory：542113792, use ：415448160, free ：126665632DirectMemory：1827143680, 恢复 ：1
当前时间 ：2026-08-16 00:57:20send keng：3325, sheng ：4194304
decode keng：19, sheng ：2097152
world keng：5, sheng ：1048576

2026-08-16 00:57:25.213 INFO [pool-6-thread-10][:] - /****************流量统计******************/
LastReadBytes:174
LastReadThroughput:34
LastWrittenBytes:117
LastWriteThroughput:23
RealWrittenBytes:0
RealWriteThroughput:23
当前玩家的连接数量:0
当前地图的线程个数：10
当前地图的个数:47
当前数据库执行队列数:0
当前发送队列缓存的对象数量:0
totalMemory：542113792, use ：420418680, free ：121695112DirectMemory：1827143680, 恢复 ：1
当前时间 ：2026-08-16 00:57:25send keng：3325, sheng ：4194304
decode keng：19, sheng ：2097152
world keng：5, sheng ：1048576

2026-08-16 00:57:30.213 INFO [pool-6-thread-1][:] - /****************流量统计******************/
LastReadBytes:0
LastReadThroughput:0
LastWrittenBytes:0
LastWriteThroughput:0
RealWrittenBytes:0
RealWriteThroughput:0
当前玩家的连接数量:0
当前地图的线程个数：10
当前地图的个数:47
当前数据库执行队列数:0
当前发送队列缓存的对象数量:0
totalMemory：542113792, use ：425102720, free ：117011072DirectMemory：1827143680, 恢复 ：1
当前时间 ：2026-08-16 00:57:30send keng：3325, sheng ：4194304
decode keng：19, sheng ：2097152
world keng：5, sheng ：1048576

2026-08-16 00:57:35.213 INFO [pool-6-thread-10][:] - /****************流量统计******************/
LastReadBytes:0
LastReadThroughput:0
LastWrittenBytes:0
LastWriteThroughput:0
RealWrittenBytes:0
RealWriteThroughput:0
当前玩家的连接数量:0
当前地图的线程个数：10
当前地图的个数:47
当前数据库执行队列数:0
当前发送队列缓存的对象数量:0
totalMemory：542113792, use ：430071448, free ：112042344DirectMemory：1827143680, 恢复 ：1
当前时间 ：2026-08-16 00:57:35send keng：3325, sheng ：4194304
decode keng：19, sheng ：2097152
world keng：5, sheng ：1048576

2026-08-16 00:57:40.213 INFO [pool-6-thread-6][:] - /****************流量统计******************/
LastReadBytes:0
LastReadThroughput:0
LastWrittenBytes:0
LastWriteThroughput:0
RealWrittenBytes:0
RealWriteThroughput:0
当前玩家的连接数量:0
当前地图的线程个数：10
当前地图的个数:47
当前数据库执行队列数:0
当前发送队列缓存的对象数量:0
totalMemory：542113792, use ：434634072, free ：107479720DirectMemory：1827143680, 恢复 ：1
当前时间 ：2026-08-16 00:57:40send keng：3325, sheng ：4194304
decode keng：19, sheng ：2097152
world keng：5, sheng ：1048576

2026-08-16 00:57:45.213 INFO [pool-6-thread-5][:] - /****************流量统计******************/
LastReadBytes:0
LastReadThroughput:0
LastWrittenBytes:0
LastWriteThroughput:0
RealWrittenBytes:0
RealWriteThroughput:0
当前玩家的连接数量:0
当前地图的线程个数：10
当前地图的个数:47
当前数据库执行队列数:0
当前发送队列缓存的对象数量:0
totalMemory：542113792, use ：439577072, free ：102536720DirectMemory：1827143680, 恢复 ：1
当前时间 ：2026-08-16 00:57:45send keng：3325, sheng ：4194304
decode keng：19, sheng ：2097152
world keng：5, sheng ：1048576

2026-08-16 00:57:50.213 INFO [pool-6-thread-5][:] - /****************流量统计******************/
LastReadBytes:0
LastReadThroughput:0
LastWrittenBytes:0
LastWriteThroughput:0
RealWrittenBytes:0
RealWriteThroughput:0
当前玩家的连接数量:0
当前地图的线程个数：10
当前地图的个数:47
当前数据库执行队列数:0
当前发送队列缓存的对象数量:0
totalMemory：542113792, use ：444258584, free ：97855208DirectMemory：1827143680, 恢复 ：1
当前时间 ：2026-08-16 00:57:50send keng：3325, sheng ：4194304
decode keng：19, sheng ：2097152
world keng：5, sheng ：1048576

2026-08-16 00:57:55.213 INFO [pool-6-thread-8][:] - /****************流量统计******************/
LastReadBytes:0
LastReadThroughput:0
LastWrittenBytes:0
LastWriteThroughput:0
RealWrittenBytes:0
RealWriteThroughput:0
当前玩家的连接数量:0
当前地图的线程个数：10
当前地图的个数:47
当前数据库执行队列数:0
当前发送队列缓存的对象数量:0
totalMemory：542113792, use ：449064464, free ：93049328DirectMemory：1827143680, 恢复 ：1
当前时间 ：2026-08-16 00:57:55send keng：3325, sheng ：4194304
decode keng：19, sheng ：2097152
world keng：5, sheng ：1048576

2026-08-16 00:58:00.213 INFO [pool-6-thread-5][:] - /****************流量统计******************/
LastReadBytes:0
LastReadThroughput:0
LastWrittenBytes:0
LastWriteThroughput:0
RealWrittenBytes:0
RealWriteThroughput:0
当前玩家的连接数量:0
当前地图的线程个数：10
当前地图的个数:47
当前数据库执行队列数:0
当前发送队列缓存的对象数量:0
totalMemory：542113792, use ：414796088, free ：127317704DirectMemory：1827143680, 恢复 ：1
当前时间 ：2026-08-16 00:58:00send keng：3325, sheng ：4194304
decode keng：19, sheng ：2097152
world keng：5, sheng ：1048576

2026-08-16 00:58:05.213 INFO [pool-6-thread-1][:] - /****************流量统计******************/
LastReadBytes:0
LastReadThroughput:0
LastWrittenBytes:0
LastWriteThroughput:0
RealWrittenBytes:0
RealWriteThroughput:0
当前玩家的连接数量:0
当前地图的线程个数：10
当前地图的个数:47
当前数据库执行队列数:0
当前发送队列缓存的对象数量:0
totalMemory：542113792, use ：419552832, free ：122560960DirectMemory：1827143680, 恢复 ：1
当前时间 ：2026-08-16 00:58:05send keng：3325, sheng ：4194304
decode keng：19, sheng ：2097152
world keng：5, sheng ：1048576

2026-08-16 00:58:10.213 INFO [pool-6-thread-9][:] - /****************流量统计******************/
LastReadBytes:0
LastReadThroughput:0
LastWrittenBytes:0
LastWriteThroughput:0
RealWrittenBytes:0
RealWriteThroughput:0
当前玩家的连接数量:0
当前地图的线程个数：10
当前地图的个数:47
当前数据库执行队列数:0
当前发送队列缓存的对象数量:0
totalMemory：542113792, use ：424528760, free ：117585032DirectMemory：1827143680, 恢复 ：1
当前时间 ：2026-08-16 00:58:10send keng：3325, sheng ：4194304
decode keng：19, sheng ：2097152
world keng：5, sheng ：1048576

2026-08-16 00:58:15.213 INFO [pool-6-thread-8][:] - /****************流量统计******************/
LastReadBytes:0
LastReadThroughput:0
LastWrittenBytes:0
LastWriteThroughput:0
RealWrittenBytes:0
RealWriteThroughput:0
当前玩家的连接数量:0
当前地图的线程个数：10
当前地图的个数:47
当前数据库执行队列数:0
当前发送队列缓存的对象数量:0
totalMemory：542113792, use ：429212504, free ：112901288DirectMemory：1827143680, 恢复 ：1
当前时间 ：2026-08-16 00:58:15send keng：3325, sheng ：4194304
decode keng：19, sheng ：2097152
world keng：5, sheng ：1048576

2026-08-16 00:58:20.213 INFO [pool-6-thread-1][:] - /****************流量统计******************/
LastReadBytes:0
LastReadThroughput:0
LastWrittenBytes:0
LastWriteThroughput:0
RealWrittenBytes:0
RealWriteThroughput:0
当前玩家的连接数量:0
当前地图的线程个数：10
当前地图的个数:47
当前数据库执行队列数:0
当前发送队列缓存的对象数量:0
totalMemory：542113792, use ：434104536, free ：108009256DirectMemory：1827143680, 恢复 ：1
当前时间 ：2026-08-16 00:58:20send keng：3325, sheng ：4194304
decode keng：19, sheng ：2097152
world keng：5, sheng ：1048576

2026-08-16 00:58:25.213 INFO [pool-6-thread-6][:] - /****************流量统计******************/
LastReadBytes:0
LastReadThroughput:0
LastWrittenBytes:0
LastWriteThroughput:0
RealWrittenBytes:0
RealWriteThroughput:0
当前玩家的连接数量:0
当前地图的线程个数：10
当前地图的个数:47
当前数据库执行队列数:0
当前发送队列缓存的对象数量:0
totalMemory：542113792, use ：438718880, free ：103394912DirectMemory：1827143680, 恢复 ：1
当前时间 ：2026-08-16 00:58:25send keng：3325, sheng ：4194304
decode keng：19, sheng ：2097152
world keng：5, sheng ：1048576

2026-08-16 00:58:30.213 INFO [pool-6-thread-7][:] - /****************流量统计******************/
LastReadBytes:0
LastReadThroughput:0
LastWrittenBytes:0
LastWriteThroughput:0
RealWrittenBytes:0
RealWriteThroughput:0
当前玩家的连接数量:0
当前地图的线程个数：10
当前地图的个数:47
当前数据库执行队列数:0
当前发送队列缓存的对象数量:0
totalMemory：542113792, use ：443516512, free ：98597280DirectMemory：1827143680, 恢复 ：1
当前时间 ：2026-08-16 00:58:30send keng：3325, sheng ：4194304
decode keng：19, sheng ：2097152
world keng：5, sheng ：1048576

2026-08-16 00:58:35.213 INFO [pool-6-thread-3][:] - /****************流量统计******************/
LastReadBytes:0
LastReadThroughput:0
LastWrittenBytes:0
LastWriteThroughput:0
RealWrittenBytes:0
RealWriteThroughput:0
当前玩家的连接数量:0
当前地图的线程个数：10
当前地图的个数:47
当前数据库执行队列数:0
当前发送队列缓存的对象数量:0
totalMemory：542113792, use ：448247280, free ：93866512DirectMemory：1827143680, 恢复 ：1
当前时间 ：2026-08-16 00:58:35send keng：3325, sheng ：4194304
decode keng：19, sheng ：2097152
world keng：5, sheng ：1048576

2026-08-16 00:58:40.213 INFO [pool-6-thread-7][:] - /****************流量统计******************/
LastReadBytes:0
LastReadThroughput:0
LastWrittenBytes:0
LastWriteThroughput:0
RealWrittenBytes:0
RealWriteThroughput:0
当前玩家的连接数量:0
当前地图的线程个数：10
当前地图的个数:47
当前数据库执行队列数:0
当前发送队列缓存的对象数量:0
totalMemory：542113792, use ：413523616, free ：128590176DirectMemory：1827143680, 恢复 ：1
当前时间 ：2026-08-16 00:58:40send keng：3325, sheng ：4194304
decode keng：19, sheng ：2097152
world keng：5, sheng ：1048576

2026-08-16 00:58:45.213 INFO [pool-6-thread-5][:] - /****************流量统计******************/
LastReadBytes:0
LastReadThroughput:0
LastWrittenBytes:0
LastWriteThroughput:0
RealWrittenBytes:0
RealWriteThroughput:0
当前玩家的连接数量:0
当前地图的线程个数：10
当前地图的个数:47
当前数据库执行队列数:0
当前发送队列缓存的对象数量:0
totalMemory：542113792, use ：418503272, free ：123610520DirectMemory：1827143680, 恢复 ：1
当前时间 ：2026-08-16 00:58:45send keng：3325, sheng ：4194304
decode keng：19, sheng ：2097152
world keng：5, sheng ：1048576

2026-08-16 00:58:50.213 INFO [pool-6-thread-2][:] - /****************流量统计******************/
LastReadBytes:0
LastReadThroughput:0
LastWrittenBytes:0
LastWriteThroughput:0
RealWrittenBytes:0
RealWriteThroughput:0
当前玩家的连接数量:0
当前地图的线程个数：10
当前地图的个数:47
当前数据库执行队列数:0
当前发送队列缓存的对象数量:0
totalMemory：542113792, use ：423171512, free ：118942280DirectMemory：1827143680, 恢复 ：1
当前时间 ：2026-08-16 00:58:50send keng：3325, sheng ：4194304
decode keng：19, sheng ：2097152
world keng：5, sheng ：1048576

2026-08-16 00:58:55.213 INFO [pool-6-thread-4][:] - /****************流量统计******************/
LastReadBytes:0
LastReadThroughput:0
LastWrittenBytes:0
LastWriteThroughput:0
RealWrittenBytes:0
RealWriteThroughput:0
当前玩家的连接数量:0
当前地图的线程个数：10
当前地图的个数:47
当前数据库执行队列数:0
当前发送队列缓存的对象数量:0
totalMemory：542113792, use ：428019896, free ：114093896DirectMemory：1827143680, 恢复 ：1
当前时间 ：2026-08-16 00:58:55send keng：3325, sheng ：4194304
decode keng：19, sheng ：2097152
world keng：5, sheng ：1048576

2026-08-16 00:59:00.213 INFO [pool-6-thread-8][:] - /****************流量统计******************/
LastReadBytes:0
LastReadThroughput:0
LastWrittenBytes:0
LastWriteThroughput:0
RealWrittenBytes:0
RealWriteThroughput:0
当前玩家的连接数量:0
当前地图的线程个数：10
当前地图的个数:47
当前数据库执行队列数:0
当前发送队列缓存的对象数量:0
totalMemory：542113792, use ：433052032, free ：109061760DirectMemory：1827143680, 恢复 ：1
当前时间 ：2026-08-16 00:59:00send keng：3325, sheng ：4194304
decode keng：19, sheng ：2097152
world keng：5, sheng ：1048576

2026-08-16 00:59:05.213 INFO [pool-6-thread-5][:] - /****************流量统计******************/
LastReadBytes:0
LastReadThroughput:0
LastWrittenBytes:0
LastWriteThroughput:0
RealWrittenBytes:0
RealWriteThroughput:0
当前玩家的连接数量:0
当前地图的线程个数：10
当前地图的个数:47
当前数据库执行队列数:0
当前发送队列缓存的对象数量:0
totalMemory：542113792, use ：437893384, free ：104220408DirectMemory：1827143680, 恢复 ：1
当前时间 ：2026-08-16 00:59:05send keng：3325, sheng ：4194304
decode keng：19, sheng ：2097152
world keng：5, sheng ：1048576

2026-08-16 00:59:10.213 INFO [pool-6-thread-7][:] - /****************流量统计******************/
LastReadBytes:0
LastReadThroughput:0
LastWrittenBytes:0
LastWriteThroughput:0
RealWrittenBytes:0
RealWriteThroughput:0
当前玩家的连接数量:0
当前地图的线程个数：10
当前地图的个数:47
当前数据库执行队列数:0
当前发送队列缓存的对象数量:0
totalMemory：542113792, use ：442769688, free ：99344104DirectMemory：1827143680, 恢复 ：1
当前时间 ：2026-08-16 00:59:10send keng：3325, sheng ：4194304
decode keng：19, sheng ：2097152
world keng：5, sheng ：1048576

2026-08-16 00:59:15.213 INFO [pool-6-thread-6][:] - /****************流量统计******************/
LastReadBytes:0
LastReadThroughput:0
LastWrittenBytes:0
LastWriteThroughput:0
RealWrittenBytes:0
RealWriteThroughput:0
当前玩家的连接数量:0
当前地图的线程个数：10
当前地图的个数:47
当前数据库执行队列数:0
当前发送队列缓存的对象数量:0
totalMemory：542113792, use ：447462832, free ：94650960DirectMemory：1827143680, 恢复 ：1
当前时间 ：2026-08-16 00:59:15send keng：3325, sheng ：4194304
decode keng：19, sheng ：2097152
world keng：5, sheng ：1048576

2026-08-16 00:59:20.213 INFO [pool-6-thread-3][:] - /****************流量统计******************/
LastReadBytes:0
LastReadThroughput:0
LastWrittenBytes:0
LastWriteThroughput:0
RealWrittenBytes:0
RealWriteThroughput:0
当前玩家的连接数量:0
当前地图的线程个数：10
当前地图的个数:47
当前数据库执行队列数:0
当前发送队列缓存的对象数量:0
totalMemory：542113792, use ：412873008, free ：129240784DirectMemory：1827143680, 恢复 ：1
当前时间 ：2026-08-16 00:59:20send keng：3325, sheng ：4194304
decode keng：19, sheng ：2097152
world keng：5, sheng ：1048576

2026-08-16 00:59:25.213 INFO [pool-6-thread-8][:] - /****************流量统计******************/
LastReadBytes:0
LastReadThroughput:0
LastWrittenBytes:0
LastWriteThroughput:0
RealWrittenBytes:0
RealWriteThroughput:0
当前玩家的连接数量:0
当前地图的线程个数：10
当前地图的个数:47
当前数据库执行队列数:0
当前发送队列缓存的对象数量:0
totalMemory：542113792, use ：417758576, free ：124355216DirectMemory：1827143680, 恢复 ：1
当前时间 ：2026-08-16 00:59:25send keng：3325, sheng ：4194304
decode keng：19, sheng ：2097152
world keng：5, sheng ：1048576

2026-08-16 00:59:30.213 INFO [pool-6-thread-4][:] - /****************流量统计******************/
LastReadBytes:0
LastReadThroughput:0
LastWrittenBytes:0
LastWriteThroughput:0
RealWrittenBytes:0
RealWriteThroughput:0
当前玩家的连接数量:0
当前地图的线程个数：10
当前地图的个数:47
当前数据库执行队列数:0
当前发送队列缓存的对象数量:0
totalMemory：542113792, use ：422463272, free ：119650520DirectMemory：1827143680, 恢复 ：1
当前时间 ：2026-08-16 00:59:30send keng：3325, sheng ：4194304
decode keng：19, sheng ：2097152
world keng：5, sheng ：1048576

2026-08-16 00:59:35.213 INFO [pool-6-thread-7][:] - /****************流量统计******************/
LastReadBytes:0
LastReadThroughput:0
LastWrittenBytes:0
LastWriteThroughput:0
RealWrittenBytes:0
RealWriteThroughput:0
当前玩家的连接数量:0
当前地图的线程个数：10
当前地图的个数:47
当前数据库执行队列数:0
当前发送队列缓存的对象数量:0
totalMemory：542113792, use ：427380232, free ：114733560DirectMemory：1827143680, 恢复 ：1
当前时间 ：2026-08-16 00:59:35send keng：3325, sheng ：4194304
decode keng：19, sheng ：2097152
world keng：5, sheng ：1048576

2026-08-16 00:59:40.213 INFO [pool-6-thread-7][:] - /****************流量统计******************/
LastReadBytes:0
LastReadThroughput:0
LastWrittenBytes:0
LastWriteThroughput:0
RealWrittenBytes:0
RealWriteThroughput:0
当前玩家的连接数量:0
当前地图的线程个数：10
当前地图的个数:47
当前数据库执行队列数:0
当前发送队列缓存的对象数量:0
totalMemory：542113792, use ：432091976, free ：110021816DirectMemory：1827143680, 恢复 ：1
当前时间 ：2026-08-16 00:59:40send keng：3325, sheng ：4194304
decode keng：19, sheng ：2097152
world keng：5, sheng ：1048576

2026-08-16 00:59:45.213 INFO [pool-6-thread-8][:] - /****************流量统计******************/
LastReadBytes:0
LastReadThroughput:0
LastWrittenBytes:0
LastWriteThroughput:0
RealWrittenBytes:0
RealWriteThroughput:0
当前玩家的连接数量:0
当前地图的线程个数：10
当前地图的个数:47
当前数据库执行队列数:0
当前发送队列缓存的对象数量:0
totalMemory：542113792, use ：436855128, free ：105258664DirectMemory：1827143680, 恢复 ：1
当前时间 ：2026-08-16 00:59:45send keng：3325, sheng ：4194304
decode keng：19, sheng ：2097152
world keng：5, sheng ：1048576

2026-08-16 00:59:50.213 INFO [pool-6-thread-8][:] - /****************流量统计******************/
LastReadBytes:0
LastReadThroughput:0
LastWrittenBytes:0
LastWriteThroughput:0
RealWrittenBytes:0
RealWriteThroughput:0
当前玩家的连接数量:0
当前地图的线程个数：10
当前地图的个数:47
当前数据库执行队列数:0
当前发送队列缓存的对象数量:0
totalMemory：542113792, use ：441736208, free ：100377584DirectMemory：1827143680, 恢复 ：1
当前时间 ：2026-08-16 00:59:50send keng：3325, sheng ：4194304
decode keng：19, sheng ：2097152
world keng：5, sheng ：1048576

2026-08-16 00:59:55.213 INFO [pool-6-thread-6][:] - /****************流量统计******************/
LastReadBytes:0
LastReadThroughput:0
LastWrittenBytes:0
LastWriteThroughput:0
RealWrittenBytes:0
RealWriteThroughput:0
当前玩家的连接数量:0
当前地图的线程个数：10
当前地图的个数:47
当前数据库执行队列数:0
当前发送队列缓存的对象数量:0
totalMemory：542113792, use ：446500760, free ：95613032DirectMemory：1827143680, 恢复 ：1
当前时间 ：2026-08-16 00:59:55send keng：3325, sheng ：4194304
decode keng：19, sheng ：2097152
world keng：5, sheng ：1048576

