2026-08-19 21:00:04.684 INFO [pool-6-thread-10][:] - /****************流量统计******************/
LastReadBytes:0
LastReadThroughput:0
LastWrittenBytes:0
LastWriteThroughput:0
RealWrittenBytes:0
RealWriteThroughput:0
当前玩家的连接数量:0
当前地图的线程个数：9
当前地图的个数:47
当前数据库执行队列数:0
当前发送队列缓存的对象数量:0
totalMemory：978321408, use ：542767896, free ：435553512DirectMemory：1827143680, 恢复 ：1
当前时间 ：2026-08-19 21:00:04send keng：-1, sheng ：4194304
decode keng：-1, sheng ：2097152
world keng：3, sheng ：1048576

2026-08-19 21:00:09.684 INFO [pool-6-thread-10][:] - /****************流量统计******************/
LastReadBytes:0
LastReadThroughput:0
LastWrittenBytes:0
LastWriteThroughput:0
RealWrittenBytes:0
RealWriteThroughput:0
当前玩家的连接数量:0
当前地图的线程个数：9
当前地图的个数:47
当前数据库执行队列数:0
当前发送队列缓存的对象数量:0
totalMemory：978321408, use ：545415576, free ：432905832DirectMemory：1827143680, 恢复 ：1
当前时间 ：2026-08-19 21:00:09send keng：-1, sheng ：4194304
decode keng：-1, sheng ：2097152
world keng：3, sheng ：1048576

2026-08-19 21:00:14.682 INFO [pool-6-thread-6][:] - /****************流量统计******************/
LastReadBytes:0
LastReadThroughput:0
LastWrittenBytes:0
LastWriteThroughput:0
RealWrittenBytes:0
RealWriteThroughput:0
当前玩家的连接数量:0
当前地图的线程个数：9
当前地图的个数:47
当前数据库执行队列数:0
当前发送队列缓存的对象数量:0
totalMemory：978321408, use ：549605720, free ：428715688DirectMemory：1827143680, 恢复 ：1
当前时间 ：2026-08-19 21:00:14send keng：-1, sheng ：4194304
decode keng：-1, sheng ：2097152
world keng：3, sheng ：1048576

2026-08-19 21:00:19.682 INFO [pool-6-thread-7][:] - /****************流量统计******************/
LastReadBytes:0
LastReadThroughput:0
LastWrittenBytes:0
LastWriteThroughput:0
RealWrittenBytes:0
RealWriteThroughput:0
当前玩家的连接数量:0
当前地图的线程个数：9
当前地图的个数:47
当前数据库执行队列数:0
当前发送队列缓存的对象数量:0
totalMemory：978321408, use ：551847648, free ：426473760DirectMemory：1827143680, 恢复 ：1
当前时间 ：2026-08-19 21:00:19send keng：-1, sheng ：4194304
decode keng：-1, sheng ：2097152
world keng：3, sheng ：1048576

2026-08-19 21:00:24.682 INFO [pool-6-thread-8][:] - /****************流量统计******************/
LastReadBytes:0
LastReadThroughput:0
LastWrittenBytes:0
LastWriteThroughput:0
RealWrittenBytes:0
RealWriteThroughput:0
当前玩家的连接数量:0
当前地图的线程个数：9
当前地图的个数:47
当前数据库执行队列数:0
当前发送队列缓存的对象数量:0
totalMemory：978321408, use ：556473152, free ：421848256DirectMemory：1827143680, 恢复 ：1
当前时间 ：2026-08-19 21:00:24send keng：-1, sheng ：4194304
decode keng：-1, sheng ：2097152
world keng：3, sheng ：1048576

2026-08-19 21:00:29.682 INFO [pool-6-thread-3][:] - /****************流量统计******************/
LastReadBytes:0
LastReadThroughput:0
LastWrittenBytes:0
LastWriteThroughput:0
RealWrittenBytes:0
RealWriteThroughput:0
当前玩家的连接数量:0
当前地图的线程个数：9
当前地图的个数:47
当前数据库执行队列数:0
当前发送队列缓存的对象数量:0
totalMemory：978321408, use ：558239048, free ：420082360DirectMemory：1827143680, 恢复 ：1
当前时间 ：2026-08-19 21:00:29send keng：-1, sheng ：4194304
decode keng：-1, sheng ：2097152
world keng：3, sheng ：1048576

2026-08-19 21:00:34.682 INFO [pool-6-thread-4][:] - /****************流量统计******************/
LastReadBytes:0
LastReadThroughput:0
LastWrittenBytes:0
LastWriteThroughput:0
RealWrittenBytes:0
RealWriteThroughput:0
当前玩家的连接数量:0
当前地图的线程个数：9
当前地图的个数:47
当前数据库执行队列数:0
当前发送队列缓存的对象数量:0
totalMemory：978321408, use ：563688264, free ：414633144DirectMemory：1827143680, 恢复 ：1
当前时间 ：2026-08-19 21:00:34send keng：-1, sheng ：4194304
decode keng：-1, sheng ：2097152
world keng：3, sheng ：1048576

2026-08-19 21:00:39.682 INFO [pool-6-thread-7][:] - /****************流量统计******************/
LastReadBytes:0
LastReadThroughput:0
LastWrittenBytes:0
LastWriteThroughput:0
RealWrittenBytes:0
RealWriteThroughput:0
当前玩家的连接数量:0
当前地图的线程个数：9
当前地图的个数:47
当前数据库执行队列数:0
当前发送队列缓存的对象数量:0
totalMemory：978321408, use ：565539176, free ：412782232DirectMemory：1827143680, 恢复 ：1
当前时间 ：2026-08-19 21:00:39send keng：-1, sheng ：4194304
decode keng：-1, sheng ：2097152
world keng：3, sheng ：1048576

2026-08-19 21:00:44.682 INFO [pool-6-thread-10][:] - /****************流量统计******************/
LastReadBytes:0
LastReadThroughput:0
LastWrittenBytes:0
LastWriteThroughput:0
RealWrittenBytes:0
RealWriteThroughput:0
当前玩家的连接数量:0
当前地图的线程个数：9
当前地图的个数:47
当前数据库执行队列数:0
当前发送队列缓存的对象数量:0
totalMemory：978321408, use ：570958376, free ：407363032DirectMemory：1827143680, 恢复 ：1
当前时间 ：2026-08-19 21:00:44send keng：-1, sheng ：4194304
decode keng：-1, sheng ：2097152
world keng：3, sheng ：1048576

2026-08-19 21:00:49.682 INFO [pool-6-thread-9][:] - /****************流量统计******************/
LastReadBytes:0
LastReadThroughput:0
LastWrittenBytes:0
LastWriteThroughput:0
RealWrittenBytes:0
RealWriteThroughput:0
当前玩家的连接数量:0
当前地图的线程个数：9
当前地图的个数:47
当前数据库执行队列数:0
当前发送队列缓存的对象数量:0
totalMemory：978321408, use ：572754184, free ：405567224DirectMemory：1827143680, 恢复 ：1
当前时间 ：2026-08-19 21:00:49send keng：-1, sheng ：4194304
decode keng：-1, sheng ：2097152
world keng：3, sheng ：1048576

2026-08-19 21:00:54.682 INFO [pool-6-thread-10][:] - /****************流量统计******************/
LastReadBytes:0
LastReadThroughput:0
LastWrittenBytes:0
LastWriteThroughput:0
RealWrittenBytes:0
RealWriteThroughput:0
当前玩家的连接数量:0
当前地图的线程个数：9
当前地图的个数:47
当前数据库执行队列数:0
当前发送队列缓存的对象数量:0
totalMemory：978321408, use ：577790032, free ：400531376DirectMemory：1827143680, 恢复 ：1
当前时间 ：2026-08-19 21:00:54send keng：-1, sheng ：4194304
decode keng：-1, sheng ：2097152
world keng：3, sheng ：1048576

2026-08-19 21:00:59.682 INFO [pool-6-thread-1][:] - /****************流量统计******************/
LastReadBytes:0
LastReadThroughput:0
LastWrittenBytes:0
LastWriteThroughput:0
RealWrittenBytes:0
RealWriteThroughput:0
当前玩家的连接数量:0
当前地图的线程个数：9
当前地图的个数:47
当前数据库执行队列数:0
当前发送队列缓存的对象数量:0
totalMemory：978321408, use ：579150880, free ：399170528DirectMemory：1827143680, 恢复 ：1
当前时间 ：2026-08-19 21:00:59send keng：-1, sheng ：4194304
decode keng：-1, sheng ：2097152
world keng：3, sheng ：1048576

2026-08-19 21:01:04.682 INFO [pool-6-thread-4][:] - /****************流量统计******************/
LastReadBytes:0
LastReadThroughput:0
LastWrittenBytes:0
LastWriteThroughput:0
RealWrittenBytes:0
RealWriteThroughput:0
当前玩家的连接数量:0
当前地图的线程个数：9
当前地图的个数:47
当前数据库执行队列数:0
当前发送队列缓存的对象数量:0
totalMemory：978321408, use ：584249808, free ：394071600DirectMemory：1827143680, 恢复 ：1
当前时间 ：2026-08-19 21:01:04send keng：-1, sheng ：4194304
decode keng：-1, sheng ：2097152
world keng：3, sheng ：1048576

2026-08-19 21:01:09.682 INFO [pool-6-thread-3][:] - /****************流量统计******************/
LastReadBytes:0
LastReadThroughput:0
LastWrittenBytes:0
LastWriteThroughput:0
RealWrittenBytes:0
RealWriteThroughput:0
当前玩家的连接数量:0
当前地图的线程个数：9
当前地图的个数:47
当前数据库执行队列数:0
当前发送队列缓存的对象数量:0
totalMemory：978321408, use ：585672896, free ：392648512DirectMemory：1827143680, 恢复 ：1
当前时间 ：2026-08-19 21:01:09send keng：-1, sheng ：4194304
decode keng：-1, sheng ：2097152
world keng：3, sheng ：1048576

2026-08-19 21:01:14.682 INFO [pool-6-thread-9][:] - /****************流量统计******************/
LastReadBytes:0
LastReadThroughput:0
LastWrittenBytes:0
LastWriteThroughput:0
RealWrittenBytes:0
RealWriteThroughput:0
当前玩家的连接数量:0
当前地图的线程个数：9
当前地图的个数:47
当前数据库执行队列数:0
当前发送队列缓存的对象数量:0
totalMemory：978321408, use ：591084872, free ：387236536DirectMemory：1827143680, 恢复 ：1
当前时间 ：2026-08-19 21:01:14send keng：-1, sheng ：4194304
decode keng：-1, sheng ：2097152
world keng：3, sheng ：1048576

2026-08-19 21:01:19.682 INFO [pool-6-thread-2][:] - /****************流量统计******************/
LastReadBytes:0
LastReadThroughput:0
LastWrittenBytes:0
LastWriteThroughput:0
RealWrittenBytes:0
RealWriteThroughput:0
当前玩家的连接数量:0
当前地图的线程个数：9
当前地图的个数:47
当前数据库执行队列数:0
当前发送队列缓存的对象数量:0
totalMemory：978321408, use ：593203928, free ：385117480DirectMemory：1827143680, 恢复 ：1
当前时间 ：2026-08-19 21:01:19send keng：-1, sheng ：4194304
decode keng：-1, sheng ：2097152
world keng：3, sheng ：1048576

2026-08-19 21:01:24.682 INFO [pool-6-thread-4][:] - /****************流量统计******************/
LastReadBytes:0
LastReadThroughput:0
LastWrittenBytes:0
LastWriteThroughput:0
RealWrittenBytes:0
RealWriteThroughput:0
当前玩家的连接数量:0
当前地图的线程个数：9
当前地图的个数:47
当前数据库执行队列数:0
当前发送队列缓存的对象数量:0
totalMemory：978321408, use ：598392216, free ：379929192DirectMemory：1827143680, 恢复 ：1
当前时间 ：2026-08-19 21:01:24send keng：-1, sheng ：4194304
decode keng：-1, sheng ：2097152
world keng：3, sheng ：1048576

2026-08-19 21:01:29.682 INFO [pool-6-thread-5][:] - /****************流量统计******************/
LastReadBytes:0
LastReadThroughput:0
LastWrittenBytes:0
LastWriteThroughput:0
RealWrittenBytes:0
RealWriteThroughput:0
当前玩家的连接数量:0
当前地图的线程个数：9
当前地图的个数:47
当前数据库执行队列数:0
当前发送队列缓存的对象数量:0
totalMemory：978321408, use ：601950240, free ：376371168DirectMemory：1827143680, 恢复 ：1
当前时间 ：2026-08-19 21:01:29send keng：-1, sheng ：4194304
decode keng：0, sheng ：2097152
world keng：3, sheng ：1048576

2026-08-19 21:01:34.682 INFO [pool-6-thread-6][:] - /****************流量统计******************/
LastReadBytes:204
LastReadThroughput:40
LastWrittenBytes:117
LastWriteThroughput:23
RealWrittenBytes:103
RealWriteThroughput:23
当前玩家的连接数量:1
当前地图的线程个数：9
当前地图的个数:47
当前数据库执行队列数:0
当前发送队列缓存的对象数量:1
totalMemory：978321408, use ：625367928, free ：352953480DirectMemory：1827143680, 恢复 ：1
当前时间 ：2026-08-19 21:01:34send keng：3, sheng ：4194304
decode keng：1, sheng ：2097152
world keng：3, sheng ：1048576

2026-08-19 21:01:39.683 INFO [pool-6-thread-7][:] - /****************流量统计******************/
LastReadBytes:131
LastReadThroughput:26
LastWrittenBytes:103
LastWriteThroughput:20
RealWrittenBytes:0
RealWriteThroughput:20
当前玩家的连接数量:1
当前地图的线程个数：9
当前地图的个数:47
当前数据库执行队列数:0
当前发送队列缓存的对象数量:1
totalMemory：978321408, use ：628107152, free ：350214256DirectMemory：1827143680, 恢复 ：1
当前时间 ：2026-08-19 21:01:39send keng：3, sheng ：4194304
decode keng：1, sheng ：2097152
world keng：3, sheng ：1048576

2026-08-19 21:01:44.682 INFO [pool-6-thread-2][:] - /****************流量统计******************/
LastReadBytes:744
LastReadThroughput:148
LastWrittenBytes:14497
LastWriteThroughput:2899
RealWrittenBytes:44
RealWriteThroughput:2899
当前玩家的连接数量:1
当前地图的线程个数：9
当前地图的个数:47
当前数据库执行队列数:0
当前发送队列缓存的对象数量:1
totalMemory：978321408, use ：715845512, free ：262475896DirectMemory：1827143680, 恢复 ：1
当前时间 ：2026-08-19 21:01:44send keng：226, sheng ：4194304
decode keng：2, sheng ：2097152
world keng：4, sheng ：1048576

2026-08-19 21:01:49.682 INFO [pool-6-thread-2][:] - /****************流量统计******************/
LastReadBytes:0
LastReadThroughput:0
LastWrittenBytes:110
LastWriteThroughput:21
RealWrittenBytes:44
RealWriteThroughput:21
当前玩家的连接数量:1
当前地图的线程个数：9
当前地图的个数:47
当前数据库执行队列数:0
当前发送队列缓存的对象数量:1
totalMemory：978321408, use ：719938648, free ：258382760DirectMemory：1827143680, 恢复 ：1
当前时间 ：2026-08-19 21:01:49send keng：231, sheng ：4194304
decode keng：2, sheng ：2097152
world keng：4, sheng ：1048576

2026-08-19 21:01:54.682 INFO [pool-6-thread-9][:] - /****************流量统计******************/
LastReadBytes:26
LastReadThroughput:5
LastWrittenBytes:80
LastWriteThroughput:16
RealWrittenBytes:0
RealWriteThroughput:16
当前玩家的连接数量:1
当前地图的线程个数：9
当前地图的个数:47
当前数据库执行队列数:0
当前发送队列缓存的对象数量:1
totalMemory：978321408, use ：723922800, free ：254398608DirectMemory：1827143680, 恢复 ：1
当前时间 ：2026-08-19 21:01:54send keng：232, sheng ：4194304
decode keng：2, sheng ：2097152
world keng：4, sheng ：1048576

2026-08-19 21:01:59.682 INFO [pool-6-thread-4][:] - /****************流量统计******************/
LastReadBytes:0
LastReadThroughput:0
LastWrittenBytes:0
LastWriteThroughput:0
RealWrittenBytes:158
RealWriteThroughput:0
当前玩家的连接数量:1
当前地图的线程个数：9
当前地图的个数:47
当前数据库执行队列数:0
当前发送队列缓存的对象数量:1
totalMemory：978321408, use ：728108880, free ：250212528DirectMemory：1827143680, 恢复 ：1
当前时间 ：2026-08-19 21:01:59send keng：235, sheng ：4194304
decode keng：2, sheng ：2097152
world keng：4, sheng ：1048576

2026-08-19 21:02:04.682 INFO [pool-6-thread-9][:] - /****************流量统计******************/
LastReadBytes:77
LastReadThroughput:15
LastWrittenBytes:172
LastWriteThroughput:34
RealWrittenBytes:0
RealWriteThroughput:34
当前玩家的连接数量:1
当前地图的线程个数：9
当前地图的个数:47
当前数据库执行队列数:0
当前发送队列缓存的对象数量:1
totalMemory：978321408, use ：731952552, free ：246368856DirectMemory：1827143680, 恢复 ：1
当前时间 ：2026-08-19 21:02:04send keng：235, sheng ：4194304
decode keng：2, sheng ：2097152
world keng：4, sheng ：1048576

2026-08-19 21:02:09.682 INFO [pool-6-thread-8][:] - /****************流量统计******************/
LastReadBytes:0
LastReadThroughput:0
LastWrittenBytes:0
LastWriteThroughput:0
RealWrittenBytes:0
RealWriteThroughput:0
当前玩家的连接数量:1
当前地图的线程个数：9
当前地图的个数:47
当前数据库执行队列数:0
当前发送队列缓存的对象数量:1
totalMemory：978321408, use ：736098136, free ：242223272DirectMemory：1827143680, 恢复 ：1
当前时间 ：2026-08-19 21:02:09send keng：235, sheng ：4194304
decode keng：2, sheng ：2097152
world keng：4, sheng ：1048576

2026-08-19 21:02:14.682 INFO [pool-6-thread-3][:] - /****************流量统计******************/
LastReadBytes:0
LastReadThroughput:0
LastWrittenBytes:0
LastWriteThroughput:0
RealWrittenBytes:14
RealWriteThroughput:0
当前玩家的连接数量:1
当前地图的线程个数：9
当前地图的个数:47
当前数据库执行队列数:0
当前发送队列缓存的对象数量:1
totalMemory：978321408, use ：414423240, free ：563898168DirectMemory：1827143680, 恢复 ：1
当前时间 ：2026-08-19 21:02:14send keng：235, sheng ：4194304
decode keng：2, sheng ：2097152
world keng：4, sheng ：1048576

2026-08-19 21:02:19.682 INFO [pool-6-thread-9][:] - /****************流量统计******************/
LastReadBytes:26
LastReadThroughput:5
LastWrittenBytes:14
LastWriteThroughput:2
RealWrittenBytes:0
RealWriteThroughput:2
当前玩家的连接数量:1
当前地图的线程个数：9
当前地图的个数:47
当前数据库执行队列数:0
当前发送队列缓存的对象数量:1
totalMemory：978321408, use ：414515400, free ：563806008DirectMemory：1827143680, 恢复 ：1
当前时间 ：2026-08-19 21:02:19send keng：235, sheng ：4194304
decode keng：2, sheng ：2097152
world keng：4, sheng ：1048576

2026-08-19 21:02:24.682 INFO [pool-6-thread-3][:] - /****************流量统计******************/
LastReadBytes:0
LastReadThroughput:0
LastWrittenBytes:0
LastWriteThroughput:0
RealWrittenBytes:14
RealWriteThroughput:0
当前玩家的连接数量:1
当前地图的线程个数：9
当前地图的个数:47
当前数据库执行队列数:0
当前发送队列缓存的对象数量:1
totalMemory：978321408, use ：421592864, free ：556728544DirectMemory：1827143680, 恢复 ：1
当前时间 ：2026-08-19 21:02:24send keng：235, sheng ：4194304
decode keng：2, sheng ：2097152
world keng：4, sheng ：1048576

2026-08-19 21:02:29.684 INFO [pool-6-thread-10][:] - /****************流量统计******************/
LastReadBytes:26
LastReadThroughput:5
LastWrittenBytes:14
LastWriteThroughput:2
RealWrittenBytes:0
RealWriteThroughput:2
当前玩家的连接数量:1
当前地图的线程个数：9
当前地图的个数:47
当前数据库执行队列数:0
当前发送队列缓存的对象数量:1
totalMemory：978321408, use ：422583000, free ：555738408DirectMemory：1827143680, 恢复 ：1
当前时间 ：2026-08-19 21:02:29send keng：235, sheng ：4194304
decode keng：2, sheng ：2097152
world keng：4, sheng ：1048576

2026-08-19 21:02:34.682 INFO [pool-6-thread-10][:] - /****************流量统计******************/
LastReadBytes:0
LastReadThroughput:0
LastWrittenBytes:0
LastWriteThroughput:0
RealWrittenBytes:0
RealWriteThroughput:0
当前玩家的连接数量:1
当前地图的线程个数：9
当前地图的个数:47
当前数据库执行队列数:0
当前发送队列缓存的对象数量:1
totalMemory：978321408, use ：427503584, free ：550817824DirectMemory：1827143680, 恢复 ：1
当前时间 ：2026-08-19 21:02:34send keng：235, sheng ：4194304
decode keng：2, sheng ：2097152
world keng：4, sheng ：1048576

2026-08-19 21:02:39.682 INFO [pool-6-thread-3][:] - /****************流量统计******************/
LastReadBytes:26
LastReadThroughput:5
LastWrittenBytes:14
LastWriteThroughput:2
RealWrittenBytes:0
RealWriteThroughput:2
当前玩家的连接数量:1
当前地图的线程个数：9
当前地图的个数:47
当前数据库执行队列数:0
当前发送队列缓存的对象数量:1
totalMemory：978321408, use ：431684200, free ：546637208DirectMemory：1827143680, 恢复 ：1
当前时间 ：2026-08-19 21:02:39send keng：235, sheng ：4194304
decode keng：2, sheng ：2097152
world keng：4, sheng ：1048576

2026-08-19 21:02:44.682 INFO [pool-6-thread-3][:] - /****************流量统计******************/
LastReadBytes:135
LastReadThroughput:26
LastWrittenBytes:112
LastWriteThroughput:22
RealWrittenBytes:0
RealWriteThroughput:22
当前玩家的连接数量:1
当前地图的线程个数：9
当前地图的个数:47
当前数据库执行队列数:0
当前发送队列缓存的对象数量:1
totalMemory：978321408, use ：445706696, free ：532614712DirectMemory：1827143680, 恢复 ：1
当前时间 ：2026-08-19 21:02:44send keng：241, sheng ：4194304
decode keng：2, sheng ：2097152
world keng：4, sheng ：1048576

2026-08-19 21:02:49.682 INFO [pool-6-thread-6][:] - /****************流量统计******************/
LastReadBytes:26
LastReadThroughput:5
LastWrittenBytes:14
LastWriteThroughput:2
RealWrittenBytes:0
RealWriteThroughput:2
当前玩家的连接数量:1
当前地图的线程个数：9
当前地图的个数:47
当前数据库执行队列数:0
当前发送队列缓存的对象数量:1
totalMemory：978321408, use ：450225808, free ：528095600DirectMemory：1827143680, 恢复 ：1
当前时间 ：2026-08-19 21:02:49send keng：241, sheng ：4194304
decode keng：2, sheng ：2097152
world keng：4, sheng ：1048576

2026-08-19 21:02:54.682 INFO [pool-6-thread-9][:] - /****************流量统计******************/
LastReadBytes:0
LastReadThroughput:0
LastWrittenBytes:0
LastWriteThroughput:0
RealWrittenBytes:0
RealWriteThroughput:0
当前玩家的连接数量:1
当前地图的线程个数：9
当前地图的个数:47
当前数据库执行队列数:0
当前发送队列缓存的对象数量:1
totalMemory：978321408, use ：452863200, free ：525458208DirectMemory：1827143680, 恢复 ：1
当前时间 ：2026-08-19 21:02:54send keng：241, sheng ：4194304
decode keng：2, sheng ：2097152
world keng：4, sheng ：1048576

2026-08-19 21:02:59.682 INFO [pool-6-thread-2][:] - /****************流量统计******************/
LastReadBytes:26
LastReadThroughput:5
LastWrittenBytes:14
LastWriteThroughput:2
RealWrittenBytes:0
RealWriteThroughput:2
当前玩家的连接数量:1
当前地图的线程个数：9
当前地图的个数:47
当前数据库执行队列数:0
当前发送队列缓存的对象数量:1
totalMemory：978321408, use ：457556704, free ：520764704DirectMemory：1827143680, 恢复 ：1
当前时间 ：2026-08-19 21:02:59send keng：241, sheng ：4194304
decode keng：2, sheng ：2097152
world keng：4, sheng ：1048576

2026-08-19 21:03:04.683 INFO [pool-6-thread-1][:] - /****************流量统计******************/
LastReadBytes:0
LastReadThroughput:0
LastWrittenBytes:0
LastWriteThroughput:0
RealWrittenBytes:0
RealWriteThroughput:0
当前玩家的连接数量:1
当前地图的线程个数：9
当前地图的个数:47
当前数据库执行队列数:0
当前发送队列缓存的对象数量:1
totalMemory：978321408, use ：460346128, free ：517975280DirectMemory：1827143680, 恢复 ：1
当前时间 ：2026-08-19 21:03:04send keng：241, sheng ：4194304
decode keng：2, sheng ：2097152
world keng：4, sheng ：1048576

2026-08-19 21:03:09.683 INFO [pool-6-thread-8][:] - /****************流量统计******************/
LastReadBytes:26
LastReadThroughput:5
LastWrittenBytes:14
LastWriteThroughput:2
RealWrittenBytes:0
RealWriteThroughput:2
当前玩家的连接数量:1
当前地图的线程个数：9
当前地图的个数:47
当前数据库执行队列数:0
当前发送队列缓存的对象数量:1
totalMemory：978321408, use ：464625688, free ：513695720DirectMemory：1827143680, 恢复 ：1
当前时间 ：2026-08-19 21:03:09send keng：241, sheng ：4194304
decode keng：2, sheng ：2097152
world keng：4, sheng ：1048576

2026-08-19 21:03:14.682 INFO [pool-6-thread-5][:] - /****************流量统计******************/
LastReadBytes:0
LastReadThroughput:0
LastWrittenBytes:0
LastWriteThroughput:0
RealWrittenBytes:0
RealWriteThroughput:0
当前玩家的连接数量:1
当前地图的线程个数：9
当前地图的个数:47
当前数据库执行队列数:0
当前发送队列缓存的对象数量:1
totalMemory：978321408, use ：467786984, free ：510534424DirectMemory：1827143680, 恢复 ：1
当前时间 ：2026-08-19 21:03:14send keng：241, sheng ：4194304
decode keng：2, sheng ：2097152
world keng：4, sheng ：1048576

2026-08-19 21:03:19.682 INFO [pool-6-thread-2][:] - /****************流量统计******************/
LastReadBytes:26
LastReadThroughput:5
LastWrittenBytes:14
LastWriteThroughput:2
RealWrittenBytes:0
RealWriteThroughput:2
当前玩家的连接数量:1
当前地图的线程个数：9
当前地图的个数:47
当前数据库执行队列数:0
当前发送队列缓存的对象数量:1
totalMemory：978321408, use ：472085656, free ：506235752DirectMemory：1827143680, 恢复 ：1
当前时间 ：2026-08-19 21:03:19send keng：241, sheng ：4194304
decode keng：2, sheng ：2097152
world keng：4, sheng ：1048576

2026-08-19 21:03:24.682 INFO [pool-6-thread-4][:] - /****************流量统计******************/
LastReadBytes:0
LastReadThroughput:0
LastWrittenBytes:0
LastWriteThroughput:0
RealWrittenBytes:0
RealWriteThroughput:0
当前玩家的连接数量:1
当前地图的线程个数：9
当前地图的个数:47
当前数据库执行队列数:0
当前发送队列缓存的对象数量:1
totalMemory：978321408, use ：475678968, free ：502642440DirectMemory：1827143680, 恢复 ：1
当前时间 ：2026-08-19 21:03:24send keng：241, sheng ：4194304
decode keng：2, sheng ：2097152
world keng：4, sheng ：1048576

2026-08-19 21:03:29.682 INFO [pool-6-thread-8][:] - /****************流量统计******************/
LastReadBytes:0
LastReadThroughput:0
LastWrittenBytes:0
LastWriteThroughput:0
RealWrittenBytes:14
RealWriteThroughput:0
当前玩家的连接数量:1
当前地图的线程个数：9
当前地图的个数:47
当前数据库执行队列数:0
当前发送队列缓存的对象数量:1
totalMemory：978321408, use ：479197536, free ：499123872DirectMemory：1827143680, 恢复 ：1
当前时间 ：2026-08-19 21:03:29send keng：241, sheng ：4194304
decode keng：2, sheng ：2097152
world keng：4, sheng ：1048576

2026-08-19 21:03:34.682 INFO [pool-6-thread-3][:] - /****************流量统计******************/
LastReadBytes:26
LastReadThroughput:5
LastWrittenBytes:14
LastWriteThroughput:2
RealWrittenBytes:0
RealWriteThroughput:2
当前玩家的连接数量:1
当前地图的线程个数：9
当前地图的个数:47
当前数据库执行队列数:0
当前发送队列缓存的对象数量:1
totalMemory：978321408, use ：483705400, free ：494616008DirectMemory：1827143680, 恢复 ：1
当前时间 ：2026-08-19 21:03:34send keng：241, sheng ：4194304
decode keng：2, sheng ：2097152
world keng：4, sheng ：1048576

2026-08-19 21:03:39.682 INFO [pool-6-thread-10][:] - /****************流量统计******************/
LastReadBytes:0
LastReadThroughput:0
LastWrittenBytes:0
LastWriteThroughput:0
RealWrittenBytes:0
RealWriteThroughput:0
当前玩家的连接数量:1
当前地图的线程个数：9
当前地图的个数:47
当前数据库执行队列数:0
当前发送队列缓存的对象数量:1
totalMemory：978321408, use ：486744816, free ：491576592DirectMemory：1827143680, 恢复 ：1
当前时间 ：2026-08-19 21:03:39send keng：241, sheng ：4194304
decode keng：2, sheng ：2097152
world keng：4, sheng ：1048576

2026-08-19 21:03:44.682 INFO [pool-6-thread-4][:] - /****************流量统计******************/
LastReadBytes:26
LastReadThroughput:5
LastWrittenBytes:14
LastWriteThroughput:2
RealWrittenBytes:0
RealWriteThroughput:2
当前玩家的连接数量:1
当前地图的线程个数：9
当前地图的个数:47
当前数据库执行队列数:0
当前发送队列缓存的对象数量:1
totalMemory：978321408, use ：491286320, free ：487035088DirectMemory：1827143680, 恢复 ：1
当前时间 ：2026-08-19 21:03:44send keng：241, sheng ：4194304
decode keng：2, sheng ：2097152
world keng：4, sheng ：1048576

2026-08-19 21:03:49.684 INFO [pool-6-thread-7][:] - /****************流量统计******************/
LastReadBytes:0
LastReadThroughput:0
LastWrittenBytes:0
LastWriteThroughput:0
RealWrittenBytes:0
RealWriteThroughput:0
当前玩家的连接数量:1
当前地图的线程个数：9
当前地图的个数:47
当前数据库执行队列数:0
当前发送队列缓存的对象数量:1
totalMemory：978321408, use ：493667792, free ：484653616DirectMemory：1827143680, 恢复 ：1
当前时间 ：2026-08-19 21:03:49send keng：241, sheng ：4194304
decode keng：2, sheng ：2097152
world keng：4, sheng ：1048576

2026-08-19 21:03:54.682 INFO [pool-6-thread-6][:] - /****************流量统计******************/
LastReadBytes:26
LastReadThroughput:5
LastWrittenBytes:14
LastWriteThroughput:2
RealWrittenBytes:0
RealWriteThroughput:2
当前玩家的连接数量:1
当前地图的线程个数：9
当前地图的个数:47
当前数据库执行队列数:0
当前发送队列缓存的对象数量:1
totalMemory：978321408, use ：498085448, free ：480235960DirectMemory：1827143680, 恢复 ：1
当前时间 ：2026-08-19 21:03:54send keng：241, sheng ：4194304
decode keng：2, sheng ：2097152
world keng：4, sheng ：1048576

2026-08-19 21:03:59.682 INFO [pool-6-thread-1][:] - /****************流量统计******************/
LastReadBytes:0
LastReadThroughput:0
LastWrittenBytes:0
LastWriteThroughput:0
RealWrittenBytes:0
RealWriteThroughput:0
当前玩家的连接数量:1
当前地图的线程个数：9
当前地图的个数:47
当前数据库执行队列数:0
当前发送队列缓存的对象数量:1
totalMemory：978321408, use ：502213248, free ：476108160DirectMemory：1827143680, 恢复 ：1
当前时间 ：2026-08-19 21:03:59send keng：241, sheng ：4194304
decode keng：2, sheng ：2097152
world keng：4, sheng ：1048576

2026-08-19 21:04:04.682 INFO [pool-6-thread-1][:] - /****************流量统计******************/
LastReadBytes:26
LastReadThroughput:5
LastWrittenBytes:14
LastWriteThroughput:2
RealWrittenBytes:0
RealWriteThroughput:2
当前玩家的连接数量:1
当前地图的线程个数：9
当前地图的个数:47
当前数据库执行队列数:0
当前发送队列缓存的对象数量:1
totalMemory：978321408, use ：505260776, free ：473060632DirectMemory：1827143680, 恢复 ：1
当前时间 ：2026-08-19 21:04:04send keng：241, sheng ：4194304
decode keng：2, sheng ：2097152
world keng：4, sheng ：1048576

2026-08-19 21:04:09.682 INFO [pool-6-thread-8][:] - /****************流量统计******************/
LastReadBytes:0
LastReadThroughput:0
LastWrittenBytes:0
LastWriteThroughput:0
RealWrittenBytes:0
RealWriteThroughput:0
当前玩家的连接数量:1
当前地图的线程个数：9
当前地图的个数:47
当前数据库执行队列数:0
当前发送队列缓存的对象数量:1
totalMemory：978321408, use ：509869832, free ：468451576DirectMemory：1827143680, 恢复 ：1
当前时间 ：2026-08-19 21:04:09send keng：241, sheng ：4194304
decode keng：2, sheng ：2097152
world keng：4, sheng ：1048576

2026-08-19 21:04:14.682 INFO [pool-6-thread-6][:] - /****************流量统计******************/
LastReadBytes:26
LastReadThroughput:5
LastWrittenBytes:14
LastWriteThroughput:2
RealWrittenBytes:0
RealWriteThroughput:2
当前玩家的连接数量:1
当前地图的线程个数：9
当前地图的个数:47
当前数据库执行队列数:0
当前发送队列缓存的对象数量:1
totalMemory：978321408, use ：513850688, free ：464470720DirectMemory：1827143680, 恢复 ：1
当前时间 ：2026-08-19 21:04:14send keng：241, sheng ：4194304
decode keng：2, sheng ：2097152
world keng：4, sheng ：1048576

2026-08-19 21:04:19.682 INFO [pool-6-thread-8][:] - /****************流量统计******************/
LastReadBytes:0
LastReadThroughput:0
LastWrittenBytes:0
LastWriteThroughput:0
RealWrittenBytes:0
RealWriteThroughput:0
当前玩家的连接数量:1
当前地图的线程个数：9
当前地图的个数:47
当前数据库执行队列数:0
当前发送队列缓存的对象数量:1
totalMemory：978321408, use ：516531192, free ：461790216DirectMemory：1827143680, 恢复 ：1
当前时间 ：2026-08-19 21:04:19send keng：241, sheng ：4194304
decode keng：2, sheng ：2097152
world keng：4, sheng ：1048576

2026-08-19 21:04:24.682 INFO [pool-6-thread-2][:] - /****************流量统计******************/
LastReadBytes:0
LastReadThroughput:0
LastWrittenBytes:0
LastWriteThroughput:0
RealWrittenBytes:14
RealWriteThroughput:0
当前玩家的连接数量:1
当前地图的线程个数：9
当前地图的个数:47
当前数据库执行队列数:0
当前发送队列缓存的对象数量:1
totalMemory：978321408, use ：520518768, free ：457802640DirectMemory：1827143680, 恢复 ：1
当前时间 ：2026-08-19 21:04:24send keng：241, sheng ：4194304
decode keng：2, sheng ：2097152
world keng：4, sheng ：1048576

2026-08-19 21:04:29.682 INFO [pool-6-thread-2][:] - /****************流量统计******************/
LastReadBytes:26
LastReadThroughput:5
LastWrittenBytes:14
LastWriteThroughput:2
RealWrittenBytes:0
RealWriteThroughput:2
当前玩家的连接数量:1
当前地图的线程个数：9
当前地图的个数:47
当前数据库执行队列数:0
当前发送队列缓存的对象数量:1
totalMemory：978321408, use ：523721048, free ：454600360DirectMemory：1827143680, 恢复 ：1
当前时间 ：2026-08-19 21:04:29send keng：241, sheng ：4194304
decode keng：2, sheng ：2097152
world keng：4, sheng ：1048576

2026-08-19 21:04:34.684 INFO [pool-6-thread-4][:] - /****************流量统计******************/
LastReadBytes:0
LastReadThroughput:0
LastWrittenBytes:0
LastWriteThroughput:0
RealWrittenBytes:126
RealWriteThroughput:0
当前玩家的连接数量:1
当前地图的线程个数：9
当前地图的个数:47
当前数据库执行队列数:0
当前发送队列缓存的对象数量:1
totalMemory：978321408, use ：527533312, free ：450788096DirectMemory：1827143680, 恢复 ：1
当前时间 ：2026-08-19 21:04:34send keng：247, sheng ：4194304
decode keng：2, sheng ：2097152
world keng：4, sheng ：1048576

2026-08-19 21:04:39.683 INFO [pool-6-thread-6][:] - /****************流量统计******************/
LastReadBytes:161
LastReadThroughput:32
LastWrittenBytes:126
LastWriteThroughput:25
RealWrittenBytes:0
RealWriteThroughput:25
当前玩家的连接数量:1
当前地图的线程个数：9
当前地图的个数:47
当前数据库执行队列数:0
当前发送队列缓存的对象数量:1
totalMemory：978321408, use ：531842352, free ：446479056DirectMemory：1827143680, 恢复 ：1
当前时间 ：2026-08-19 21:04:39send keng：247, sheng ：4194304
decode keng：2, sheng ：2097152
world keng：4, sheng ：1048576

2026-08-19 21:04:44.683 INFO [pool-6-thread-5][:] - /****************流量统计******************/
LastReadBytes:0
LastReadThroughput:0
LastWrittenBytes:0
LastWriteThroughput:0
RealWrittenBytes:0
RealWriteThroughput:0
当前玩家的连接数量:1
当前地图的线程个数：9
当前地图的个数:47
当前数据库执行队列数:0
当前发送队列缓存的对象数量:1
totalMemory：978321408, use ：535240496, free ：443080912DirectMemory：1827143680, 恢复 ：1
当前时间 ：2026-08-19 21:04:44send keng：247, sheng ：4194304
decode keng：2, sheng ：2097152
world keng：4, sheng ：1048576

2026-08-19 21:04:49.682 INFO [pool-6-thread-8][:] - /****************流量统计******************/
LastReadBytes:26
LastReadThroughput:5
LastWrittenBytes:14
LastWriteThroughput:2
RealWrittenBytes:0
RealWriteThroughput:2
当前玩家的连接数量:1
当前地图的线程个数：9
当前地图的个数:47
当前数据库执行队列数:0
当前发送队列缓存的对象数量:1
totalMemory：978321408, use ：538563616, free ：439757792DirectMemory：1827143680, 恢复 ：1
当前时间 ：2026-08-19 21:04:49send keng：247, sheng ：4194304
decode keng：2, sheng ：2097152
world keng：4, sheng ：1048576

2026-08-19 21:04:54.682 INFO [pool-6-thread-1][:] - /****************流量统计******************/
LastReadBytes:0
LastReadThroughput:0
LastWrittenBytes:0
LastWriteThroughput:0
RealWrittenBytes:0
RealWriteThroughput:0
当前玩家的连接数量:1
当前地图的线程个数：9
当前地图的个数:47
当前数据库执行队列数:0
当前发送队列缓存的对象数量:1
totalMemory：978321408, use ：542927368, free ：435394040DirectMemory：1827143680, 恢复 ：1
当前时间 ：2026-08-19 21:04:54send keng：247, sheng ：4194304
decode keng：2, sheng ：2097152
world keng：4, sheng ：1048576

2026-08-19 21:04:59.682 INFO [pool-6-thread-10][:] - /****************流量统计******************/
LastReadBytes:194
LastReadThroughput:38
LastWrittenBytes:14
LastWriteThroughput:2
RealWrittenBytes:0
RealWriteThroughput:2
当前玩家的连接数量:1
当前地图的线程个数：9
当前地图的个数:47
当前数据库执行队列数:0
当前发送队列缓存的对象数量:1
totalMemory：978321408, use ：546705608, free ：431615800DirectMemory：1827143680, 恢复 ：1
当前时间 ：2026-08-19 21:04:59send keng：247, sheng ：4194304
decode keng：2, sheng ：2097152
world keng：4, sheng ：1048576

2026-08-19 21:05:04.682 INFO [pool-6-thread-8][:] - /****************流量统计******************/
LastReadBytes:0
LastReadThroughput:0
LastWrittenBytes:0
LastWriteThroughput:0
RealWrittenBytes:0
RealWriteThroughput:0
当前玩家的连接数量:1
当前地图的线程个数：9
当前地图的个数:47
当前数据库执行队列数:0
当前发送队列缓存的对象数量:1
totalMemory：978321408, use ：550479552, free ：427841856DirectMemory：1827143680, 恢复 ：1
当前时间 ：2026-08-19 21:05:04send keng：247, sheng ：4194304
decode keng：2, sheng ：2097152
world keng：4, sheng ：1048576

2026-08-19 21:05:09.682 INFO [pool-6-thread-6][:] - /****************流量统计******************/
LastReadBytes:26
LastReadThroughput:5
LastWrittenBytes:14
LastWriteThroughput:2
RealWrittenBytes:0
RealWriteThroughput:2
当前玩家的连接数量:1
当前地图的线程个数：9
当前地图的个数:47
当前数据库执行队列数:0
当前发送队列缓存的对象数量:1
totalMemory：978321408, use ：554497824, free ：423823584DirectMemory：1827143680, 恢复 ：1
当前时间 ：2026-08-19 21:05:09send keng：247, sheng ：4194304
decode keng：2, sheng ：2097152
world keng：4, sheng ：1048576

2026-08-19 21:05:14.683 INFO [pool-6-thread-4][:] - /****************流量统计******************/
LastReadBytes:0
LastReadThroughput:0
LastWrittenBytes:0
LastWriteThroughput:0
RealWrittenBytes:0
RealWriteThroughput:0
当前玩家的连接数量:1
当前地图的线程个数：9
当前地图的个数:47
当前数据库执行队列数:0
当前发送队列缓存的对象数量:1
totalMemory：978321408, use ：558588992, free ：419732416DirectMemory：1827143680, 恢复 ：1
当前时间 ：2026-08-19 21:05:14send keng：247, sheng ：4194304
decode keng：2, sheng ：2097152
world keng：4, sheng ：1048576

2026-08-19 21:05:19.682 INFO [pool-6-thread-10][:] - /****************流量统计******************/
LastReadBytes:26
LastReadThroughput:5
LastWrittenBytes:14
LastWriteThroughput:2
RealWrittenBytes:0
RealWriteThroughput:2
当前玩家的连接数量:1
当前地图的线程个数：9
当前地图的个数:47
当前数据库执行队列数:0
当前发送队列缓存的对象数量:1
totalMemory：978321408, use ：562236808, free ：416084600DirectMemory：1827143680, 恢复 ：1
当前时间 ：2026-08-19 21:05:19send keng：247, sheng ：4194304
decode keng：2, sheng ：2097152
world keng：4, sheng ：1048576

2026-08-19 21:05:24.682 INFO [pool-6-thread-6][:] - /****************流量统计******************/
LastReadBytes:0
LastReadThroughput:0
LastWrittenBytes:0
LastWriteThroughput:0
RealWrittenBytes:0
RealWriteThroughput:0
当前玩家的连接数量:1
当前地图的线程个数：9
当前地图的个数:47
当前数据库执行队列数:0
当前发送队列缓存的对象数量:1
totalMemory：978321408, use ：566014232, free ：412307176DirectMemory：1827143680, 恢复 ：1
当前时间 ：2026-08-19 21:05:24send keng：247, sheng ：4194304
decode keng：2, sheng ：2097152
world keng：4, sheng ：1048576

2026-08-19 21:05:29.682 INFO [pool-6-thread-1][:] - /****************流量统计******************/
LastReadBytes:219
LastReadThroughput:43
LastWrittenBytes:112
LastWriteThroughput:22
RealWrittenBytes:14
RealWriteThroughput:22
当前玩家的连接数量:1
当前地图的线程个数：9
当前地图的个数:47
当前数据库执行队列数:0
当前发送队列缓存的对象数量:1
totalMemory：978321408, use ：570094728, free ：408226680DirectMemory：1827143680, 恢复 ：1
当前时间 ：2026-08-19 21:05:29send keng：253, sheng ：4194304
decode keng：2, sheng ：2097152
world keng：4, sheng ：1048576

2026-08-19 21:05:34.682 INFO [pool-6-thread-2][:] - /****************流量统计******************/
LastReadBytes:26
LastReadThroughput:5
LastWrittenBytes:14
LastWriteThroughput:2
RealWrittenBytes:0
RealWriteThroughput:2
当前玩家的连接数量:1
当前地图的线程个数：9
当前地图的个数:47
当前数据库执行队列数:0
当前发送队列缓存的对象数量:1
totalMemory：978321408, use ：572698976, free ：405622432DirectMemory：1827143680, 恢复 ：1
当前时间 ：2026-08-19 21:05:34send keng：253, sheng ：4194304
decode keng：2, sheng ：2097152
world keng：4, sheng ：1048576

2026-08-19 21:05:39.682 INFO [pool-6-thread-5][:] - /****************流量统计******************/
LastReadBytes:0
LastReadThroughput:0
LastWrittenBytes:0
LastWriteThroughput:0
RealWrittenBytes:14
RealWriteThroughput:0
当前玩家的连接数量:1
当前地图的线程个数：9
当前地图的个数:47
当前数据库执行队列数:0
当前发送队列缓存的对象数量:1
totalMemory：978321408, use ：577474984, free ：400846424DirectMemory：1827143680, 恢复 ：1
当前时间 ：2026-08-19 21:05:39send keng：253, sheng ：4194304
decode keng：2, sheng ：2097152
world keng：4, sheng ：1048576

2026-08-19 21:05:44.682 INFO [pool-6-thread-9][:] - /****************流量统计******************/
LastReadBytes:26
LastReadThroughput:5
LastWrittenBytes:14
LastWriteThroughput:2
RealWrittenBytes:0
RealWriteThroughput:2
当前玩家的连接数量:1
当前地图的线程个数：9
当前地图的个数:47
当前数据库执行队列数:0
当前发送队列缓存的对象数量:1
totalMemory：978321408, use ：580333328, free ：397988080DirectMemory：1827143680, 恢复 ：1
当前时间 ：2026-08-19 21:05:44send keng：253, sheng ：4194304
decode keng：2, sheng ：2097152
world keng：4, sheng ：1048576

2026-08-19 21:05:49.682 INFO [pool-6-thread-9][:] - /****************流量统计******************/
LastReadBytes:0
LastReadThroughput:0
LastWrittenBytes:0
LastWriteThroughput:0
RealWrittenBytes:0
RealWriteThroughput:0
当前玩家的连接数量:1
当前地图的线程个数：9
当前地图的个数:47
当前数据库执行队列数:0
当前发送队列缓存的对象数量:1
totalMemory：978321408, use ：584043032, free ：394278376DirectMemory：1827143680, 恢复 ：1
当前时间 ：2026-08-19 21:05:49send keng：253, sheng ：4194304
decode keng：2, sheng ：2097152
world keng：4, sheng ：1048576

2026-08-19 21:05:54.682 INFO [pool-6-thread-7][:] - /****************流量统计******************/
LastReadBytes:26
LastReadThroughput:5
LastWrittenBytes:14
LastWriteThroughput:2
RealWrittenBytes:0
RealWriteThroughput:2
当前玩家的连接数量:1
当前地图的线程个数：9
当前地图的个数:47
当前数据库执行队列数:0
当前发送队列缓存的对象数量:1
totalMemory：978321408, use ：589006480, free ：389314928DirectMemory：1827143680, 恢复 ：1
当前时间 ：2026-08-19 21:05:54send keng：253, sheng ：4194304
decode keng：2, sheng ：2097152
world keng：4, sheng ：1048576

2026-08-19 21:05:59.682 INFO [pool-6-thread-9][:] - /****************流量统计******************/
LastReadBytes:135
LastReadThroughput:27
LastWrittenBytes:112
LastWriteThroughput:22
RealWrittenBytes:0
RealWriteThroughput:22
当前玩家的连接数量:1
当前地图的线程个数：9
当前地图的个数:47
当前数据库执行队列数:0
当前发送队列缓存的对象数量:1
totalMemory：978321408, use ：591107936, free ：387213472DirectMemory：1827143680, 恢复 ：1
当前时间 ：2026-08-19 21:05:59send keng：259, sheng ：4194304
decode keng：2, sheng ：2097152
world keng：4, sheng ：1048576

2026-08-19 21:06:04.682 INFO [pool-6-thread-6][:] - /****************流量统计******************/
LastReadBytes:26
LastReadThroughput:5
LastWrittenBytes:14
LastWriteThroughput:2
RealWrittenBytes:0
RealWriteThroughput:2
当前玩家的连接数量:1
当前地图的线程个数：9
当前地图的个数:47
当前数据库执行队列数:0
当前发送队列缓存的对象数量:1
totalMemory：978321408, use ：596781752, free ：381539656DirectMemory：1827143680, 恢复 ：1
当前时间 ：2026-08-19 21:06:04send keng：259, sheng ：4194304
decode keng：2, sheng ：2097152
world keng：4, sheng ：1048576

2026-08-19 21:06:09.683 INFO [pool-6-thread-7][:] - /****************流量统计******************/
LastReadBytes:0
LastReadThroughput:0
LastWrittenBytes:0
LastWriteThroughput:0
RealWrittenBytes:0
RealWriteThroughput:0
当前玩家的连接数量:1
当前地图的线程个数：9
当前地图的个数:47
当前数据库执行队列数:0
当前发送队列缓存的对象数量:1
totalMemory：978321408, use ：599116280, free ：379205128DirectMemory：1827143680, 恢复 ：1
当前时间 ：2026-08-19 21:06:09send keng：259, sheng ：4194304
decode keng：2, sheng ：2097152
world keng：4, sheng ：1048576

2026-08-19 21:06:14.682 INFO [pool-6-thread-8][:] - /****************流量统计******************/
LastReadBytes:26
LastReadThroughput:5
LastWrittenBytes:14
LastWriteThroughput:2
RealWrittenBytes:0
RealWriteThroughput:2
当前玩家的连接数量:1
当前地图的线程个数：9
当前地图的个数:47
当前数据库执行队列数:0
当前发送队列缓存的对象数量:1
totalMemory：978321408, use ：603365832, free ：374955576DirectMemory：1827143680, 恢复 ：1
当前时间 ：2026-08-19 21:06:14send keng：259, sheng ：4194304
decode keng：2, sheng ：2097152
world keng：4, sheng ：1048576

2026-08-19 21:06:19.682 INFO [pool-6-thread-2][:] - /****************流量统计******************/
LastReadBytes:0
LastReadThroughput:0
LastWrittenBytes:0
LastWriteThroughput:0
RealWrittenBytes:0
RealWriteThroughput:0
当前玩家的连接数量:1
当前地图的线程个数：9
当前地图的个数:47
当前数据库执行队列数:0
当前发送队列缓存的对象数量:1
totalMemory：978321408, use ：607047680, free ：371273728DirectMemory：1827143680, 恢复 ：1
当前时间 ：2026-08-19 21:06:19send keng：259, sheng ：4194304
decode keng：2, sheng ：2097152
world keng：4, sheng ：1048576

2026-08-19 21:06:24.682 INFO [pool-6-thread-3][:] - /****************流量统计******************/
LastReadBytes:26
LastReadThroughput:5
LastWrittenBytes:14
LastWriteThroughput:2
RealWrittenBytes:0
RealWriteThroughput:2
当前玩家的连接数量:1
当前地图的线程个数：9
当前地图的个数:47
当前数据库执行队列数:0
当前发送队列缓存的对象数量:1
totalMemory：978321408, use ：611134376, free ：367187032DirectMemory：1827143680, 恢复 ：1
当前时间 ：2026-08-19 21:06:24send keng：259, sheng ：4194304
decode keng：2, sheng ：2097152
world keng：4, sheng ：1048576

2026-08-19 21:06:29.682 INFO [pool-6-thread-1][:] - /****************流量统计******************/
LastReadBytes:0
LastReadThroughput:0
LastWrittenBytes:0
LastWriteThroughput:0
RealWrittenBytes:0
RealWriteThroughput:0
当前玩家的连接数量:1
当前地图的线程个数：9
当前地图的个数:47
当前数据库执行队列数:0
当前发送队列缓存的对象数量:1
totalMemory：978321408, use ：615000424, free ：363320984DirectMemory：1827143680, 恢复 ：1
当前时间 ：2026-08-19 21:06:29send keng：259, sheng ：4194304
decode keng：2, sheng ：2097152
world keng：4, sheng ：1048576

2026-08-19 21:06:34.688 INFO [pool-6-thread-3][:] - /****************流量统计******************/
LastReadBytes:135
LastReadThroughput:26
LastWrittenBytes:112
LastWriteThroughput:22
RealWrittenBytes:14
RealWriteThroughput:22
当前玩家的连接数量:1
当前地图的线程个数：9
当前地图的个数:47
当前数据库执行队列数:0
当前发送队列缓存的对象数量:1
totalMemory：978321408, use ：617560592, free ：360760816DirectMemory：1827143680, 恢复 ：1
当前时间 ：2026-08-19 21:06:34send keng：265, sheng ：4194304
decode keng：2, sheng ：2097152
world keng：4, sheng ：1048576

2026-08-19 21:06:39.682 INFO [pool-6-thread-4][:] - /****************流量统计******************/
LastReadBytes:26
LastReadThroughput:5
LastWrittenBytes:14
LastWriteThroughput:2
RealWrittenBytes:0
RealWriteThroughput:2
当前玩家的连接数量:1
当前地图的线程个数：9
当前地图的个数:47
当前数据库执行队列数:0
当前发送队列缓存的对象数量:1
totalMemory：978321408, use ：622428448, free ：355892960DirectMemory：1827143680, 恢复 ：1
当前时间 ：2026-08-19 21:06:39send keng：265, sheng ：4194304
decode keng：2, sheng ：2097152
world keng：4, sheng ：1048576

2026-08-19 21:06:44.682 INFO [pool-6-thread-10][:] - /****************流量统计******************/
LastReadBytes:102
LastReadThroughput:20
LastWrittenBytes:0
LastWriteThroughput:0
RealWrittenBytes:14
RealWriteThroughput:0
当前玩家的连接数量:1
当前地图的线程个数：9
当前地图的个数:47
当前数据库执行队列数:0
当前发送队列缓存的对象数量:1
totalMemory：978321408, use ：624971352, free ：353350056DirectMemory：1827143680, 恢复 ：1
当前时间 ：2026-08-19 21:06:44send keng：265, sheng ：4194304
decode keng：2, sheng ：2097152
world keng：4, sheng ：1048576

2026-08-19 21:06:49.682 INFO [pool-6-thread-1][:] - /****************流量统计******************/
LastReadBytes:26
LastReadThroughput:5
LastWrittenBytes:14
LastWriteThroughput:2
RealWrittenBytes:0
RealWriteThroughput:2
当前玩家的连接数量:1
当前地图的线程个数：9
当前地图的个数:47
当前数据库执行队列数:0
当前发送队列缓存的对象数量:1
totalMemory：978321408, use ：628653744, free ：349667664DirectMemory：1827143680, 恢复 ：1
当前时间 ：2026-08-19 21:06:49send keng：265, sheng ：4194304
decode keng：2, sheng ：2097152
world keng：4, sheng ：1048576

2026-08-19 21:06:54.682 INFO [pool-6-thread-4][:] - /****************流量统计******************/
LastReadBytes:0
LastReadThroughput:0
LastWrittenBytes:0
LastWriteThroughput:0
RealWrittenBytes:0
RealWriteThroughput:0
当前玩家的连接数量:1
当前地图的线程个数：9
当前地图的个数:47
当前数据库执行队列数:0
当前发送队列缓存的对象数量:1
totalMemory：978321408, use ：632907544, free ：345413864DirectMemory：1827143680, 恢复 ：1
当前时间 ：2026-08-19 21:06:54send keng：265, sheng ：4194304
decode keng：2, sheng ：2097152
world keng：4, sheng ：1048576

2026-08-19 21:06:59.682 INFO [pool-6-thread-3][:] - /****************流量统计******************/
LastReadBytes:26
LastReadThroughput:5
LastWrittenBytes:14
LastWriteThroughput:2
RealWrittenBytes:0
RealWriteThroughput:2
当前玩家的连接数量:1
当前地图的线程个数：9
当前地图的个数:47
当前数据库执行队列数:0
当前发送队列缓存的对象数量:1
totalMemory：978321408, use ：636707664, free ：341613744DirectMemory：1827143680, 恢复 ：1
当前时间 ：2026-08-19 21:06:59send keng：265, sheng ：4194304
decode keng：2, sheng ：2097152
world keng：4, sheng ：1048576

2026-08-19 21:07:04.682 INFO [pool-6-thread-2][:] - /****************流量统计******************/
LastReadBytes:0
LastReadThroughput:0
LastWrittenBytes:0
LastWriteThroughput:0
RealWrittenBytes:0
RealWriteThroughput:0
当前玩家的连接数量:1
当前地图的线程个数：9
当前地图的个数:47
当前数据库执行队列数:0
当前发送队列缓存的对象数量:1
totalMemory：978321408, use ：640257632, free ：338063776DirectMemory：1827143680, 恢复 ：1
当前时间 ：2026-08-19 21:07:04send keng：265, sheng ：4194304
decode keng：2, sheng ：2097152
world keng：4, sheng ：1048576

2026-08-19 21:07:09.682 INFO [pool-6-thread-7][:] - /****************流量统计******************/
LastReadBytes:26
LastReadThroughput:5
LastWrittenBytes:14
LastWriteThroughput:2
RealWrittenBytes:0
RealWriteThroughput:2
当前玩家的连接数量:1
当前地图的线程个数：9
当前地图的个数:47
当前数据库执行队列数:0
当前发送队列缓存的对象数量:1
totalMemory：978321408, use ：643459312, free ：334862096DirectMemory：1827143680, 恢复 ：1
当前时间 ：2026-08-19 21:07:09send keng：265, sheng ：4194304
decode keng：2, sheng ：2097152
world keng：4, sheng ：1048576

2026-08-19 21:07:14.700 INFO [pool-6-thread-3][:] - /****************流量统计******************/
LastReadBytes:0
LastReadThroughput:0
LastWrittenBytes:0
LastWriteThroughput:0
RealWrittenBytes:0
RealWriteThroughput:0
当前玩家的连接数量:1
当前地图的线程个数：9
当前地图的个数:47
当前数据库执行队列数:0
当前发送队列缓存的对象数量:1
totalMemory：978321408, use ：647707680, free ：330613728DirectMemory：1827143680, 恢复 ：1
当前时间 ：2026-08-19 21:07:14send keng：265, sheng ：4194304
decode keng：2, sheng ：2097152
world keng：4, sheng ：1048576

2026-08-19 21:07:19.682 INFO [pool-6-thread-2][:] - /****************流量统计******************/
LastReadBytes:26
LastReadThroughput:5
LastWrittenBytes:14
LastWriteThroughput:2
RealWrittenBytes:0
RealWriteThroughput:2
当前玩家的连接数量:1
当前地图的线程个数：9
当前地图的个数:47
当前数据库执行队列数:0
当前发送队列缓存的对象数量:1
totalMemory：978321408, use ：650824040, free ：327497368DirectMemory：1827143680, 恢复 ：1
当前时间 ：2026-08-19 21:07:19send keng：265, sheng ：4194304
decode keng：2, sheng ：2097152
world keng：4, sheng ：1048576

2026-08-19 21:07:24.682 INFO [pool-6-thread-4][:] - /****************流量统计******************/
LastReadBytes:135
LastReadThroughput:27
LastWrittenBytes:112
LastWriteThroughput:22
RealWrittenBytes:0
RealWriteThroughput:22
当前玩家的连接数量:1
当前地图的线程个数：9
当前地图的个数:47
当前数据库执行队列数:0
当前发送队列缓存的对象数量:1
totalMemory：978321408, use ：654956480, free ：323364928DirectMemory：1827143680, 恢复 ：1
当前时间 ：2026-08-19 21:07:24send keng：271, sheng ：4194304
decode keng：2, sheng ：2097152
world keng：4, sheng ：1048576

2026-08-19 21:07:29.682 INFO [pool-6-thread-10][:] - /****************流量统计******************/
LastReadBytes:26
LastReadThroughput:5
LastWrittenBytes:14
LastWriteThroughput:2
RealWrittenBytes:0
RealWriteThroughput:2
当前玩家的连接数量:1
当前地图的线程个数：9
当前地图的个数:47
当前数据库执行队列数:0
当前发送队列缓存的对象数量:1
totalMemory：978321408, use ：658399816, free ：319921592DirectMemory：1827143680, 恢复 ：1
当前时间 ：2026-08-19 21:07:29send keng：271, sheng ：4194304
decode keng：2, sheng ：2097152
world keng：4, sheng ：1048576

2026-08-19 21:07:34.683 INFO [pool-6-thread-9][:] - /****************流量统计******************/
LastReadBytes:0
LastReadThroughput:0
LastWrittenBytes:0
LastWriteThroughput:0
RealWrittenBytes:0
RealWriteThroughput:0
当前玩家的连接数量:1
当前地图的线程个数：9
当前地图的个数:47
当前数据库执行队列数:0
当前发送队列缓存的对象数量:1
totalMemory：978321408, use ：662316544, free ：316004864DirectMemory：1827143680, 恢复 ：1
当前时间 ：2026-08-19 21:07:34send keng：271, sheng ：4194304
decode keng：2, sheng ：2097152
world keng：4, sheng ：1048576

2026-08-19 21:07:39.682 INFO [pool-6-thread-6][:] - /****************流量统计******************/
LastReadBytes:26
LastReadThroughput:5
LastWrittenBytes:14
LastWriteThroughput:2
RealWrittenBytes:0
RealWriteThroughput:2
当前玩家的连接数量:1
当前地图的线程个数：9
当前地图的个数:47
当前数据库执行队列数:0
当前发送队列缓存的对象数量:1
totalMemory：978321408, use ：665429840, free ：312891568DirectMemory：1827143680, 恢复 ：1
当前时间 ：2026-08-19 21:07:39send keng：271, sheng ：4194304
decode keng：2, sheng ：2097152
world keng：4, sheng ：1048576

2026-08-19 21:07:44.682 INFO [pool-6-thread-10][:] - /****************流量统计******************/
LastReadBytes:0
LastReadThroughput:0
LastWrittenBytes:0
LastWriteThroughput:0
RealWrittenBytes:0
RealWriteThroughput:0
当前玩家的连接数量:1
当前地图的线程个数：9
当前地图的个数:47
当前数据库执行队列数:0
当前发送队列缓存的对象数量:1
totalMemory：978321408, use ：669270904, free ：309050504DirectMemory：1827143680, 恢复 ：1
当前时间 ：2026-08-19 21:07:44send keng：271, sheng ：4194304
decode keng：2, sheng ：2097152
world keng：4, sheng ：1048576

2026-08-19 21:07:49.682 INFO [pool-6-thread-3][:] - /****************流量统计******************/
LastReadBytes:0
LastReadThroughput:0
LastWrittenBytes:0
LastWriteThroughput:0
RealWrittenBytes:14
RealWriteThroughput:0
当前玩家的连接数量:1
当前地图的线程个数：9
当前地图的个数:47
当前数据库执行队列数:0
当前发送队列缓存的对象数量:1
totalMemory：978321408, use ：672795328, free ：305526080DirectMemory：1827143680, 恢复 ：1
当前时间 ：2026-08-19 21:07:49send keng：271, sheng ：4194304
decode keng：2, sheng ：2097152
world keng：4, sheng ：1048576

2026-08-19 21:07:54.682 INFO [pool-6-thread-4][:] - /****************流量统计******************/
LastReadBytes:26
LastReadThroughput:5
LastWrittenBytes:14
LastWriteThroughput:2
RealWrittenBytes:0
RealWriteThroughput:2
当前玩家的连接数量:1
当前地图的线程个数：9
当前地图的个数:47
当前数据库执行队列数:0
当前发送队列缓存的对象数量:1
totalMemory：978321408, use ：676746624, free ：301574784DirectMemory：1827143680, 恢复 ：1
当前时间 ：2026-08-19 21:07:54send keng：271, sheng ：4194304
decode keng：2, sheng ：2097152
world keng：4, sheng ：1048576

2026-08-19 21:07:59.682 INFO [pool-6-thread-7][:] - /****************流量统计******************/
LastReadBytes:0
LastReadThroughput:0
LastWrittenBytes:0
LastWriteThroughput:0
RealWrittenBytes:14
RealWriteThroughput:0
当前玩家的连接数量:1
当前地图的线程个数：9
当前地图的个数:47
当前数据库执行队列数:0
当前发送队列缓存的对象数量:1
totalMemory：978321408, use ：680571104, free ：297750304DirectMemory：1827143680, 恢复 ：1
当前时间 ：2026-08-19 21:07:59send keng：271, sheng ：4194304
decode keng：2, sheng ：2097152
world keng：4, sheng ：1048576

2026-08-19 21:08:04.688 INFO [pool-6-thread-10][:] - /****************流量统计******************/
LastReadBytes:26
LastReadThroughput:5
LastWrittenBytes:14
LastWriteThroughput:2
RealWrittenBytes:0
RealWriteThroughput:2
当前玩家的连接数量:1
当前地图的线程个数：9
当前地图的个数:47
当前数据库执行队列数:0
当前发送队列缓存的对象数量:1
totalMemory：978321408, use ：684192608, free ：294128800DirectMemory：1827143680, 恢复 ：1
当前时间 ：2026-08-19 21:08:04send keng：271, sheng ：4194304
decode keng：2, sheng ：2097152
world keng：4, sheng ：1048576

2026-08-19 21:08:09.682 INFO [pool-6-thread-4][:] - /****************流量统计******************/
LastReadBytes:0
LastReadThroughput:0
LastWrittenBytes:0
LastWriteThroughput:0
RealWrittenBytes:0
RealWriteThroughput:0
当前玩家的连接数量:1
当前地图的线程个数：9
当前地图的个数:47
当前数据库执行队列数:0
当前发送队列缓存的对象数量:1
totalMemory：978321408, use ：687707376, free ：290614032DirectMemory：1827143680, 恢复 ：1
当前时间 ：2026-08-19 21:08:09send keng：271, sheng ：4194304
decode keng：2, sheng ：2097152
world keng：4, sheng ：1048576

2026-08-19 21:08:14.682 INFO [pool-6-thread-8][:] - /****************流量统计******************/
LastReadBytes:161
LastReadThroughput:32
LastWrittenBytes:126
LastWriteThroughput:25
RealWrittenBytes:0
RealWriteThroughput:25
当前玩家的连接数量:1
当前地图的线程个数：9
当前地图的个数:47
当前数据库执行队列数:0
当前发送队列缓存的对象数量:1
totalMemory：978321408, use ：691560304, free ：286761104DirectMemory：1827143680, 恢复 ：1
当前时间 ：2026-08-19 21:08:14send keng：277, sheng ：4194304
decode keng：2, sheng ：2097152
world keng：4, sheng ：1048576

2026-08-19 21:08:19.682 INFO [pool-6-thread-8][:] - /****************流量统计******************/
LastReadBytes:0
LastReadThroughput:0
LastWrittenBytes:0
LastWriteThroughput:0
RealWrittenBytes:0
RealWriteThroughput:0
当前玩家的连接数量:1
当前地图的线程个数：9
当前地图的个数:47
当前数据库执行队列数:0
当前发送队列缓存的对象数量:1
totalMemory：978321408, use ：694803128, free ：283518280DirectMemory：1827143680, 恢复 ：1
当前时间 ：2026-08-19 21:08:19send keng：277, sheng ：4194304
decode keng：2, sheng ：2097152
world keng：4, sheng ：1048576

2026-08-19 21:08:24.682 INFO [pool-6-thread-5][:] - /****************流量统计******************/
LastReadBytes:26
LastReadThroughput:5
LastWrittenBytes:14
LastWriteThroughput:2
RealWrittenBytes:0
RealWriteThroughput:2
当前玩家的连接数量:1
当前地图的线程个数：9
当前地图的个数:47
当前数据库执行队列数:0
当前发送队列缓存的对象数量:1
totalMemory：978321408, use ：698819832, free ：279501576DirectMemory：1827143680, 恢复 ：1
当前时间 ：2026-08-19 21:08:24send keng：277, sheng ：4194304
decode keng：2, sheng ：2097152
world keng：4, sheng ：1048576

2026-08-19 21:08:29.682 INFO [pool-6-thread-1][:] - /****************流量统计******************/
LastReadBytes:0
LastReadThroughput:0
LastWrittenBytes:0
LastWriteThroughput:0
RealWrittenBytes:0
RealWriteThroughput:0
当前玩家的连接数量:1
当前地图的线程个数：9
当前地图的个数:47
当前数据库执行队列数:0
当前发送队列缓存的对象数量:1
totalMemory：978321408, use ：701311744, free ：277009664DirectMemory：1827143680, 恢复 ：1
当前时间 ：2026-08-19 21:08:29send keng：277, sheng ：4194304
decode keng：2, sheng ：2097152
world keng：4, sheng ：1048576

2026-08-19 21:08:34.682 INFO [pool-6-thread-6][:] - /****************流量统计******************/
LastReadBytes:26
LastReadThroughput:5
LastWrittenBytes:14
LastWriteThroughput:2
RealWrittenBytes:0
RealWriteThroughput:2
当前玩家的连接数量:1
当前地图的线程个数：9
当前地图的个数:47
当前数据库执行队列数:0
当前发送队列缓存的对象数量:1
totalMemory：978321408, use ：705523224, free ：272798184DirectMemory：1827143680, 恢复 ：1
当前时间 ：2026-08-19 21:08:34send keng：277, sheng ：4194304
decode keng：2, sheng ：2097152
world keng：4, sheng ：1048576

2026-08-19 21:08:39.682 INFO [pool-6-thread-5][:] - /****************流量统计******************/
LastReadBytes:0
LastReadThroughput:0
LastWrittenBytes:0
LastWriteThroughput:0
RealWrittenBytes:0
RealWriteThroughput:0
当前玩家的连接数量:1
当前地图的线程个数：9
当前地图的个数:47
当前数据库执行队列数:0
当前发送队列缓存的对象数量:1
totalMemory：978321408, use ：709950784, free ：268370624DirectMemory：1827143680, 恢复 ：1
当前时间 ：2026-08-19 21:08:39send keng：277, sheng ：4194304
decode keng：2, sheng ：2097152
world keng：4, sheng ：1048576

2026-08-19 21:08:44.682 INFO [pool-6-thread-10][:] - /****************流量统计******************/
LastReadBytes:26
LastReadThroughput:5
LastWrittenBytes:14
LastWriteThroughput:2
RealWrittenBytes:0
RealWriteThroughput:2
当前玩家的连接数量:1
当前地图的线程个数：9
当前地图的个数:47
当前数据库执行队列数:0
当前发送队列缓存的对象数量:1
totalMemory：978321408, use ：712324072, free ：265997336DirectMemory：1827143680, 恢复 ：1
当前时间 ：2026-08-19 21:08:44send keng：277, sheng ：4194304
decode keng：2, sheng ：2097152
world keng：4, sheng ：1048576

2026-08-19 21:08:49.683 INFO [pool-6-thread-6][:] - /****************流量统计******************/
LastReadBytes:0
LastReadThroughput:0
LastWrittenBytes:0
LastWriteThroughput:0
RealWrittenBytes:0
RealWriteThroughput:0
当前玩家的连接数量:1
当前地图的线程个数：9
当前地图的个数:47
当前数据库执行队列数:0
当前发送队列缓存的对象数量:1
totalMemory：978321408, use ：716502720, free ：261818688DirectMemory：1827143680, 恢复 ：1
当前时间 ：2026-08-19 21:08:49send keng：277, sheng ：4194304
decode keng：2, sheng ：2097152
world keng：4, sheng ：1048576

2026-08-19 21:08:54.682 INFO [pool-6-thread-8][:] - /****************流量统计******************/
LastReadBytes:0
LastReadThroughput:0
LastWrittenBytes:0
LastWriteThroughput:0
RealWrittenBytes:14
RealWriteThroughput:0
当前玩家的连接数量:1
当前地图的线程个数：9
当前地图的个数:47
当前数据库执行队列数:0
当前发送队列缓存的对象数量:1
totalMemory：978321408, use ：721192072, free ：257129336DirectMemory：1827143680, 恢复 ：1
当前时间 ：2026-08-19 21:08:54send keng：277, sheng ：4194304
decode keng：2, sheng ：2097152
world keng：4, sheng ：1048576

2026-08-19 21:08:59.682 INFO [pool-6-thread-7][:] - /****************流量统计******************/
LastReadBytes:26
LastReadThroughput:5
LastWrittenBytes:14
LastWriteThroughput:2
RealWrittenBytes:0
RealWriteThroughput:2
当前玩家的连接数量:1
当前地图的线程个数：9
当前地图的个数:47
当前数据库执行队列数:0
当前发送队列缓存的对象数量:1
totalMemory：978321408, use ：724019992, free ：254301416DirectMemory：1827143680, 恢复 ：1
当前时间 ：2026-08-19 21:08:59send keng：277, sheng ：4194304
decode keng：2, sheng ：2097152
world keng：4, sheng ：1048576

2026-08-19 21:09:04.682 INFO [pool-6-thread-6][:] - /****************流量统计******************/
LastReadBytes:0
LastReadThroughput:0
LastWrittenBytes:0
LastWriteThroughput:0
RealWrittenBytes:14
RealWriteThroughput:0
当前玩家的连接数量:1
当前地图的线程个数：9
当前地图的个数:47
当前数据库执行队列数:0
当前发送队列缓存的对象数量:1
totalMemory：978321408, use ：727980568, free ：250340840DirectMemory：1827143680, 恢复 ：1
当前时间 ：2026-08-19 21:09:04send keng：277, sheng ：4194304
decode keng：2, sheng ：2097152
world keng：4, sheng ：1048576

2026-08-19 21:09:09.682 INFO [pool-6-thread-7][:] - /****************流量统计******************/
LastReadBytes:26
LastReadThroughput:5
LastWrittenBytes:14
LastWriteThroughput:2
RealWrittenBytes:0
RealWriteThroughput:2
当前玩家的连接数量:1
当前地图的线程个数：9
当前地图的个数:47
当前数据库执行队列数:0
当前发送队列缓存的对象数量:1
totalMemory：978321408, use ：731391680, free ：246929728DirectMemory：1827143680, 恢复 ：1
当前时间 ：2026-08-19 21:09:09send keng：277, sheng ：4194304
decode keng：2, sheng ：2097152
world keng：4, sheng ：1048576

2026-08-19 21:09:14.682 INFO [pool-6-thread-5][:] - /****************流量统计******************/
LastReadBytes:0
LastReadThroughput:0
LastWrittenBytes:0
LastWriteThroughput:0
RealWrittenBytes:0
RealWriteThroughput:0
当前玩家的连接数量:1
当前地图的线程个数：9
当前地图的个数:47
当前数据库执行队列数:0
当前发送队列缓存的对象数量:1
totalMemory：978321408, use ：734648712, free ：243672696DirectMemory：1827143680, 恢复 ：1
当前时间 ：2026-08-19 21:09:14send keng：277, sheng ：4194304
decode keng：2, sheng ：2097152
world keng：4, sheng ：1048576

2026-08-19 21:09:19.682 INFO [pool-6-thread-8][:] - /****************流量统计******************/
LastReadBytes:26
LastReadThroughput:5
LastWrittenBytes:14
LastWriteThroughput:2
RealWrittenBytes:0
RealWriteThroughput:2
当前玩家的连接数量:1
当前地图的线程个数：9
当前地图的个数:47
当前数据库执行队列数:0
当前发送队列缓存的对象数量:1
totalMemory：978321408, use ：739285112, free ：239036296DirectMemory：1827143680, 恢复 ：1
当前时间 ：2026-08-19 21:09:19send keng：277, sheng ：4194304
decode keng：2, sheng ：2097152
world keng：4, sheng ：1048576

2026-08-19 21:09:24.682 INFO [pool-6-thread-9][:] - /****************流量统计******************/
LastReadBytes:0
LastReadThroughput:0
LastWrittenBytes:0
LastWriteThroughput:0
RealWrittenBytes:0
RealWriteThroughput:0
当前玩家的连接数量:1
当前地图的线程个数：9
当前地图的个数:47
当前数据库执行队列数:0
当前发送队列缓存的对象数量:1
totalMemory：978321408, use ：742084672, free ：236236736DirectMemory：1827143680, 恢复 ：1
当前时间 ：2026-08-19 21:09:24send keng：277, sheng ：4194304
decode keng：2, sheng ：2097152
world keng：4, sheng ：1048576

2026-08-19 21:09:29.682 INFO [pool-6-thread-6][:] - /****************流量统计******************/
LastReadBytes:26
LastReadThroughput:5
LastWrittenBytes:14
LastWriteThroughput:2
RealWrittenBytes:0
RealWriteThroughput:2
当前玩家的连接数量:1
当前地图的线程个数：9
当前地图的个数:47
当前数据库执行队列数:0
当前发送队列缓存的对象数量:1
totalMemory：978321408, use ：746328912, free ：231992496DirectMemory：1827143680, 恢复 ：1
当前时间 ：2026-08-19 21:09:29send keng：277, sheng ：4194304
decode keng：2, sheng ：2097152
world keng：4, sheng ：1048576

2026-08-19 21:09:34.682 INFO [pool-6-thread-7][:] - /****************流量统计******************/
LastReadBytes:0
LastReadThroughput:0
LastWrittenBytes:0
LastWriteThroughput:0
RealWrittenBytes:0
RealWriteThroughput:0
当前玩家的连接数量:1
当前地图的线程个数：9
当前地图的个数:47
当前数据库执行队列数:0
当前发送队列缓存的对象数量:1
totalMemory：978321408, use ：750324224, free ：227997184DirectMemory：1827143680, 恢复 ：1
当前时间 ：2026-08-19 21:09:34send keng：277, sheng ：4194304
decode keng：2, sheng ：2097152
world keng：4, sheng ：1048576

2026-08-19 21:09:39.682 INFO [pool-6-thread-6][:] - /****************流量统计******************/
LastReadBytes:26
LastReadThroughput:5
LastWrittenBytes:14
LastWriteThroughput:2
RealWrittenBytes:0
RealWriteThroughput:2
当前玩家的连接数量:1
当前地图的线程个数：9
当前地图的个数:47
当前数据库执行队列数:0
当前发送队列缓存的对象数量:1
totalMemory：984088576, use ：416540152, free ：567548424DirectMemory：1827143680, 恢复 ：1
当前时间 ：2026-08-19 21:09:39send keng：277, sheng ：4194304
decode keng：2, sheng ：2097152
world keng：4, sheng ：1048576

2026-08-19 21:09:44.682 INFO [pool-6-thread-1][:] - /****************流量统计******************/
LastReadBytes:0
LastReadThroughput:0
LastWrittenBytes:0
LastWriteThroughput:0
RealWrittenBytes:0
RealWriteThroughput:0
当前玩家的连接数量:1
当前地图的线程个数：9
当前地图的个数:47
当前数据库执行队列数:0
当前发送队列缓存的对象数量:1
totalMemory：984088576, use ：416565568, free ：567523008DirectMemory：1827143680, 恢复 ：1
当前时间 ：2026-08-19 21:09:44send keng：277, sheng ：4194304
decode keng：2, sheng ：2097152
world keng：4, sheng ：1048576

2026-08-19 21:09:49.682 INFO [pool-6-thread-5][:] - /****************流量统计******************/
LastReadBytes:26
LastReadThroughput:5
LastWrittenBytes:14
LastWriteThroughput:2
RealWrittenBytes:0
RealWriteThroughput:2
当前玩家的连接数量:1
当前地图的线程个数：9
当前地图的个数:47
当前数据库执行队列数:0
当前发送队列缓存的对象数量:1
totalMemory：984088576, use ：422354416, free ：561734160DirectMemory：1827143680, 恢复 ：1
当前时间 ：2026-08-19 21:09:49send keng：277, sheng ：4194304
decode keng：2, sheng ：2097152
world keng：4, sheng ：1048576

2026-08-19 21:09:54.682 INFO [pool-6-thread-7][:] - /****************流量统计******************/
LastReadBytes:0
LastReadThroughput:0
LastWrittenBytes:0
LastWriteThroughput:0
RealWrittenBytes:0
RealWriteThroughput:0
当前玩家的连接数量:1
当前地图的线程个数：9
当前地图的个数:47
当前数据库执行队列数:0
当前发送队列缓存的对象数量:1
totalMemory：984088576, use ：424034280, free ：560054296DirectMemory：1827143680, 恢复 ：1
当前时间 ：2026-08-19 21:09:54send keng：277, sheng ：4194304
decode keng：2, sheng ：2097152
world keng：4, sheng ：1048576

2026-08-19 21:09:59.684 INFO [pool-6-thread-6][:] - /****************流量统计******************/
LastReadBytes:26
LastReadThroughput:5
LastWrittenBytes:14
LastWriteThroughput:2
RealWrittenBytes:0
RealWriteThroughput:2
当前玩家的连接数量:1
当前地图的线程个数：9
当前地图的个数:47
当前数据库执行队列数:0
当前发送队列缓存的对象数量:1
totalMemory：984088576, use ：429122760, free ：554965816DirectMemory：1827143680, 恢复 ：1
当前时间 ：2026-08-19 21:09:59send keng：277, sheng ：4194304
decode keng：2, sheng ：2097152
world keng：4, sheng ：1048576

2026-08-19 21:10:04.682 INFO [pool-6-thread-7][:] - /****************流量统计******************/
LastReadBytes:0
LastReadThroughput:0
LastWrittenBytes:0
LastWriteThroughput:0
RealWrittenBytes:0
RealWriteThroughput:0
当前玩家的连接数量:1
当前地图的线程个数：9
当前地图的个数:47
当前数据库执行队列数:0
当前发送队列缓存的对象数量:1
totalMemory：984088576, use ：431482552, free ：552606024DirectMemory：1827143680, 恢复 ：1
当前时间 ：2026-08-19 21:10:04send keng：277, sheng ：4194304
decode keng：2, sheng ：2097152
world keng：4, sheng ：1048576

2026-08-19 21:10:09.682 INFO [pool-6-thread-1][:] - /****************流量统计******************/
LastReadBytes:0
LastReadThroughput:0
LastWrittenBytes:0
LastWriteThroughput:0
RealWrittenBytes:14
RealWriteThroughput:0
当前玩家的连接数量:1
当前地图的线程个数：9
当前地图的个数:47
当前数据库执行队列数:0
当前发送队列缓存的对象数量:1
totalMemory：984088576, use ：435860640, free ：548227936DirectMemory：1827143680, 恢复 ：1
当前时间 ：2026-08-19 21:10:09send keng：277, sheng ：4194304
decode keng：2, sheng ：2097152
world keng：4, sheng ：1048576

2026-08-19 21:10:14.682 INFO [pool-6-thread-1][:] - /****************流量统计******************/
LastReadBytes:26
LastReadThroughput:5
LastWrittenBytes:14
LastWriteThroughput:2
RealWrittenBytes:0
RealWriteThroughput:2
当前玩家的连接数量:1
当前地图的线程个数：9
当前地图的个数:47
当前数据库执行队列数:0
当前发送队列缓存的对象数量:1
totalMemory：984088576, use ：440303352, free ：543785224DirectMemory：1827143680, 恢复 ：1
当前时间 ：2026-08-19 21:10:14send keng：277, sheng ：4194304
decode keng：2, sheng ：2097152
world keng：4, sheng ：1048576

2026-08-19 21:10:19.682 INFO [pool-6-thread-3][:] - /****************流量统计******************/
LastReadBytes:0
LastReadThroughput:0
LastWrittenBytes:0
LastWriteThroughput:0
RealWrittenBytes:0
RealWriteThroughput:0
当前玩家的连接数量:1
当前地图的线程个数：9
当前地图的个数:47
当前数据库执行队列数:0
当前发送队列缓存的对象数量:1
totalMemory：984088576, use ：443004944, free ：541083632DirectMemory：1827143680, 恢复 ：1
当前时间 ：2026-08-19 21:10:19send keng：277, sheng ：4194304
decode keng：2, sheng ：2097152
world keng：4, sheng ：1048576

2026-08-19 21:10:24.682 INFO [pool-6-thread-9][:] - /****************流量统计******************/
LastReadBytes:26
LastReadThroughput:5
LastWrittenBytes:14
LastWriteThroughput:2
RealWrittenBytes:0
RealWriteThroughput:2
当前玩家的连接数量:1
当前地图的线程个数：9
当前地图的个数:47
当前数据库执行队列数:0
当前发送队列缓存的对象数量:1
totalMemory：984088576, use ：447901064, free ：536187512DirectMemory：1827143680, 恢复 ：1
当前时间 ：2026-08-19 21:10:24send keng：277, sheng ：4194304
decode keng：2, sheng ：2097152
world keng：4, sheng ：1048576

2026-08-19 21:10:29.682 INFO [pool-6-thread-7][:] - /****************流量统计******************/
LastReadBytes:0
LastReadThroughput:0
LastWrittenBytes:0
LastWriteThroughput:0
RealWrittenBytes:0
RealWriteThroughput:0
当前玩家的连接数量:1
当前地图的线程个数：9
当前地图的个数:47
当前数据库执行队列数:0
当前发送队列缓存的对象数量:1
totalMemory：984088576, use ：450428784, free ：533659792DirectMemory：1827143680, 恢复 ：1
当前时间 ：2026-08-19 21:10:29send keng：277, sheng ：4194304
decode keng：2, sheng ：2097152
world keng：4, sheng ：1048576

2026-08-19 21:10:34.685 INFO [pool-6-thread-1][:] - /****************流量统计******************/
LastReadBytes:26
LastReadThroughput:5
LastWrittenBytes:14
LastWriteThroughput:2
RealWrittenBytes:0
RealWriteThroughput:2
当前玩家的连接数量:1
当前地图的线程个数：9
当前地图的个数:47
当前数据库执行队列数:0
当前发送队列缓存的对象数量:1
totalMemory：984088576, use ：454655912, free ：529432664DirectMemory：1827143680, 恢复 ：1
当前时间 ：2026-08-19 21:10:34send keng：277, sheng ：4194304
decode keng：2, sheng ：2097152
world keng：4, sheng ：1048576

2026-08-19 21:10:39.682 INFO [pool-6-thread-7][:] - /****************流量统计******************/
LastReadBytes:0
LastReadThroughput:0
LastWrittenBytes:0
LastWriteThroughput:0
RealWrittenBytes:0
RealWriteThroughput:0
当前玩家的连接数量:1
当前地图的线程个数：9
当前地图的个数:47
当前数据库执行队列数:0
当前发送队列缓存的对象数量:1
totalMemory：984088576, use ：457675096, free ：526413480DirectMemory：1827143680, 恢复 ：1
当前时间 ：2026-08-19 21:10:39send keng：277, sheng ：4194304
decode keng：2, sheng ：2097152
world keng：4, sheng ：1048576

2026-08-19 21:10:44.682 INFO [pool-6-thread-10][:] - /****************流量统计******************/
LastReadBytes:26
LastReadThroughput:5
LastWrittenBytes:14
LastWriteThroughput:2
RealWrittenBytes:0
RealWriteThroughput:2
当前玩家的连接数量:1
当前地图的线程个数：9
当前地图的个数:47
当前数据库执行队列数:0
当前发送队列缓存的对象数量:1
totalMemory：984088576, use ：462147464, free ：521941112DirectMemory：1827143680, 恢复 ：1
当前时间 ：2026-08-19 21:10:44send keng：277, sheng ：4194304
decode keng：2, sheng ：2097152
world keng：4, sheng ：1048576

2026-08-19 21:10:49.685 INFO [pool-6-thread-4][:] - /****************流量统计******************/
LastReadBytes:0
LastReadThroughput:0
LastWrittenBytes:0
LastWriteThroughput:0
RealWrittenBytes:0
RealWriteThroughput:0
当前玩家的连接数量:1
当前地图的线程个数：9
当前地图的个数:47
当前数据库执行队列数:0
当前发送队列缓存的对象数量:1
totalMemory：984088576, use ：465731504, free ：518357072DirectMemory：1827143680, 恢复 ：1
当前时间 ：2026-08-19 21:10:49send keng：277, sheng ：4194304
decode keng：2, sheng ：2097152
world keng：4, sheng ：1048576

2026-08-19 21:10:54.683 INFO [pool-6-thread-9][:] - /****************流量统计******************/
LastReadBytes:26
LastReadThroughput:5
LastWrittenBytes:14
LastWriteThroughput:2
RealWrittenBytes:0
RealWriteThroughput:2
当前玩家的连接数量:1
当前地图的线程个数：9
当前地图的个数:47
当前数据库执行队列数:0
当前发送队列缓存的对象数量:1
totalMemory：984088576, use ：468530592, free ：515557984DirectMemory：1827143680, 恢复 ：1
当前时间 ：2026-08-19 21:10:54send keng：277, sheng ：4194304
decode keng：2, sheng ：2097152
world keng：4, sheng ：1048576

2026-08-19 21:10:59.682 INFO [pool-6-thread-5][:] - /****************流量统计******************/
LastReadBytes:0
LastReadThroughput:0
LastWrittenBytes:0
LastWriteThroughput:0
RealWrittenBytes:0
RealWriteThroughput:0
当前玩家的连接数量:1
当前地图的线程个数：9
当前地图的个数:47
当前数据库执行队列数:0
当前发送队列缓存的对象数量:1
totalMemory：984088576, use ：473754544, free ：510334032DirectMemory：1827143680, 恢复 ：1
当前时间 ：2026-08-19 21:10:59send keng：277, sheng ：4194304
decode keng：2, sheng ：2097152
world keng：4, sheng ：1048576

2026-08-19 21:11:04.682 INFO [pool-6-thread-9][:] - /****************流量统计******************/
LastReadBytes:26
LastReadThroughput:5
LastWrittenBytes:14
LastWriteThroughput:2
RealWrittenBytes:0
RealWriteThroughput:2
当前玩家的连接数量:1
当前地图的线程个数：9
当前地图的个数:47
当前数据库执行队列数:0
当前发送队列缓存的对象数量:1
totalMemory：984088576, use ：476016976, free ：508071600DirectMemory：1827143680, 恢复 ：1
当前时间 ：2026-08-19 21:11:04send keng：277, sheng ：4194304
decode keng：2, sheng ：2097152
world keng：4, sheng ：1048576

2026-08-19 21:11:09.682 INFO [pool-6-thread-4][:] - /****************流量统计******************/
LastReadBytes:0
LastReadThroughput:0
LastWrittenBytes:0
LastWriteThroughput:0
RealWrittenBytes:0
RealWriteThroughput:0
当前玩家的连接数量:1
当前地图的线程个数：9
当前地图的个数:47
当前数据库执行队列数:0
当前发送队列缓存的对象数量:1
totalMemory：984088576, use ：480342272, free ：503746304DirectMemory：1827143680, 恢复 ：1
当前时间 ：2026-08-19 21:11:09send keng：277, sheng ：4194304
decode keng：2, sheng ：2097152
world keng：4, sheng ：1048576

2026-08-19 21:11:14.682 INFO [pool-6-thread-10][:] - /****************流量统计******************/
LastReadBytes:0
LastReadThroughput:0
LastWrittenBytes:0
LastWriteThroughput:0
RealWrittenBytes:14
RealWriteThroughput:0
当前玩家的连接数量:1
当前地图的线程个数：9
当前地图的个数:47
当前数据库执行队列数:0
当前发送队列缓存的对象数量:1
totalMemory：984088576, use ：483716896, free ：500371680DirectMemory：1827143680, 恢复 ：1
当前时间 ：2026-08-19 21:11:14send keng：277, sheng ：4194304
decode keng：2, sheng ：2097152
world keng：4, sheng ：1048576

2026-08-19 21:11:19.682 INFO [pool-6-thread-9][:] - /****************流量统计******************/
LastReadBytes:26
LastReadThroughput:5
LastWrittenBytes:14
LastWriteThroughput:2
RealWrittenBytes:0
RealWriteThroughput:2
当前玩家的连接数量:1
当前地图的线程个数：9
当前地图的个数:47
当前数据库执行队列数:0
当前发送队列缓存的对象数量:1
totalMemory：984088576, use ：487424888, free ：496663688DirectMemory：1827143680, 恢复 ：1
当前时间 ：2026-08-19 21:11:19send keng：277, sheng ：4194304
decode keng：2, sheng ：2097152
world keng：4, sheng ：1048576

2026-08-19 21:11:24.682 INFO [pool-6-thread-4][:] - /****************流量统计******************/
LastReadBytes:0
LastReadThroughput:0
LastWrittenBytes:0
LastWriteThroughput:0
RealWrittenBytes:0
RealWriteThroughput:0
当前玩家的连接数量:1
当前地图的线程个数：9
当前地图的个数:47
当前数据库执行队列数:0
当前发送队列缓存的对象数量:1
totalMemory：984088576, use ：491155928, free ：492932648DirectMemory：1827143680, 恢复 ：1
当前时间 ：2026-08-19 21:11:24send keng：277, sheng ：4194304
decode keng：2, sheng ：2097152
world keng：4, sheng ：1048576

2026-08-19 21:11:29.683 INFO [pool-6-thread-2][:] - /****************流量统计******************/
LastReadBytes:26
LastReadThroughput:5
LastWrittenBytes:14
LastWriteThroughput:2
RealWrittenBytes:0
RealWriteThroughput:2
当前玩家的连接数量:1
当前地图的线程个数：9
当前地图的个数:47
当前数据库执行队列数:0
当前发送队列缓存的对象数量:1
totalMemory：984088576, use ：495198984, free ：488889592DirectMemory：1827143680, 恢复 ：1
当前时间 ：2026-08-19 21:11:29send keng：277, sheng ：4194304
decode keng：2, sheng ：2097152
world keng：4, sheng ：1048576

2026-08-19 21:11:34.682 INFO [pool-6-thread-8][:] - /****************流量统计******************/
LastReadBytes:0
LastReadThroughput:0
LastWrittenBytes:0
LastWriteThroughput:0
RealWrittenBytes:0
RealWriteThroughput:0
当前玩家的连接数量:1
当前地图的线程个数：9
当前地图的个数:47
当前数据库执行队列数:0
当前发送队列缓存的对象数量:1
totalMemory：984088576, use ：498947304, free ：485141272DirectMemory：1827143680, 恢复 ：1
当前时间 ：2026-08-19 21:11:34send keng：277, sheng ：4194304
decode keng：2, sheng ：2097152
world keng：4, sheng ：1048576

2026-08-19 21:11:39.682 INFO [pool-6-thread-10][:] - /****************流量统计******************/
LastReadBytes:26
LastReadThroughput:5
LastWrittenBytes:14
LastWriteThroughput:2
RealWrittenBytes:0
RealWriteThroughput:2
当前玩家的连接数量:1
当前地图的线程个数：9
当前地图的个数:47
当前数据库执行队列数:0
当前发送队列缓存的对象数量:1
totalMemory：984088576, use ：502965080, free ：481123496DirectMemory：1827143680, 恢复 ：1
当前时间 ：2026-08-19 21:11:39send keng：277, sheng ：4194304
decode keng：2, sheng ：2097152
world keng：4, sheng ：1048576

2026-08-19 21:11:44.682 INFO [pool-6-thread-6][:] - /****************流量统计******************/
LastReadBytes:158
LastReadThroughput:31
LastWrittenBytes:42
LastWriteThroughput:8
RealWrittenBytes:0
RealWriteThroughput:8
当前玩家的连接数量:1
当前地图的线程个数：9
当前地图的个数:47
当前数据库执行队列数:0
当前发送队列缓存的对象数量:1
totalMemory：984088576, use ：505973736, free ：478114840DirectMemory：1827143680, 恢复 ：1
当前时间 ：2026-08-19 21:11:44send keng：278, sheng ：4194304
decode keng：2, sheng ：2097152
world keng：4, sheng ：1048576

2026-08-19 21:11:49.682 INFO [pool-6-thread-2][:] - /****************流量统计******************/
LastReadBytes:26
LastReadThroughput:5
LastWrittenBytes:14
LastWriteThroughput:2
RealWrittenBytes:0
RealWriteThroughput:2
当前玩家的连接数量:1
当前地图的线程个数：9
当前地图的个数:47
当前数据库执行队列数:0
当前发送队列缓存的对象数量:1
totalMemory：984088576, use ：509792000, free ：474296576DirectMemory：1827143680, 恢复 ：1
当前时间 ：2026-08-19 21:11:49send keng：278, sheng ：4194304
decode keng：2, sheng ：2097152
world keng：4, sheng ：1048576

2026-08-19 21:11:54.682 INFO [pool-6-thread-2][:] - /****************流量统计******************/
LastReadBytes:0
LastReadThroughput:0
LastWrittenBytes:0
LastWriteThroughput:0
RealWrittenBytes:0
RealWriteThroughput:0
当前玩家的连接数量:1
当前地图的线程个数：9
当前地图的个数:47
当前数据库执行队列数:0
当前发送队列缓存的对象数量:1
totalMemory：984088576, use ：513411632, free ：470676944DirectMemory：1827143680, 恢复 ：1
当前时间 ：2026-08-19 21:11:54send keng：278, sheng ：4194304
decode keng：2, sheng ：2097152
world keng：4, sheng ：1048576

2026-08-19 21:11:59.682 INFO [pool-6-thread-6][:] - /****************流量统计******************/
LastReadBytes:26
LastReadThroughput:5
LastWrittenBytes:14
LastWriteThroughput:2
RealWrittenBytes:0
RealWriteThroughput:2
当前玩家的连接数量:1
当前地图的线程个数：9
当前地图的个数:47
当前数据库执行队列数:0
当前发送队列缓存的对象数量:1
totalMemory：984088576, use ：517469144, free ：466619432DirectMemory：1827143680, 恢复 ：1
当前时间 ：2026-08-19 21:11:59send keng：278, sheng ：4194304
decode keng：2, sheng ：2097152
world keng：4, sheng ：1048576

2026-08-19 21:12:04.682 INFO [pool-6-thread-8][:] - /****************流量统计******************/
LastReadBytes:0
LastReadThroughput:0
LastWrittenBytes:0
LastWriteThroughput:0
RealWrittenBytes:0
RealWriteThroughput:0
当前玩家的连接数量:1
当前地图的线程个数：9
当前地图的个数:47
当前数据库执行队列数:0
当前发送队列缓存的对象数量:1
totalMemory：984088576, use ：521449736, free ：462638840DirectMemory：1827143680, 恢复 ：1
当前时间 ：2026-08-19 21:12:04send keng：278, sheng ：4194304
decode keng：2, sheng ：2097152
world keng：4, sheng ：1048576

2026-08-19 21:12:09.690 INFO [pool-6-thread-2][:] - /****************流量统计******************/
LastReadBytes:26
LastReadThroughput:5
LastWrittenBytes:14
LastWriteThroughput:2
RealWrittenBytes:0
RealWriteThroughput:2
当前玩家的连接数量:1
当前地图的线程个数：9
当前地图的个数:47
当前数据库执行队列数:0
当前发送队列缓存的对象数量:1
totalMemory：984088576, use ：525275056, free ：458813520DirectMemory：1827143680, 恢复 ：1
当前时间 ：2026-08-19 21:12:09send keng：278, sheng ：4194304
decode keng：2, sheng ：2097152
world keng：4, sheng ：1048576

2026-08-19 21:12:14.682 INFO [pool-6-thread-8][:] - /****************流量统计******************/
LastReadBytes:0
LastReadThroughput:0
LastWrittenBytes:0
LastWriteThroughput:0
RealWrittenBytes:0
RealWriteThroughput:0
当前玩家的连接数量:1
当前地图的线程个数：9
当前地图的个数:47
当前数据库执行队列数:0
当前发送队列缓存的对象数量:1
totalMemory：984088576, use ：527830176, free ：456258400DirectMemory：1827143680, 恢复 ：1
当前时间 ：2026-08-19 21:12:14send keng：278, sheng ：4194304
decode keng：2, sheng ：2097152
world keng：4, sheng ：1048576

2026-08-19 21:12:19.682 INFO [pool-6-thread-9][:] - /****************流量统计******************/
LastReadBytes:0
LastReadThroughput:0
LastWrittenBytes:0
LastWriteThroughput:0
RealWrittenBytes:14
RealWriteThroughput:0
当前玩家的连接数量:1
当前地图的线程个数：9
当前地图的个数:47
当前数据库执行队列数:0
当前发送队列缓存的对象数量:1
totalMemory：984088576, use ：531932840, free ：452155736DirectMemory：1827143680, 恢复 ：1
当前时间 ：2026-08-19 21:12:19send keng：278, sheng ：4194304
decode keng：2, sheng ：2097152
world keng：4, sheng ：1048576

2026-08-19 21:12:24.682 INFO [pool-6-thread-2][:] - /****************流量统计******************/
LastReadBytes:26
LastReadThroughput:5
LastWrittenBytes:14
LastWriteThroughput:2
RealWrittenBytes:0
RealWriteThroughput:2
当前玩家的连接数量:1
当前地图的线程个数：9
当前地图的个数:47
当前数据库执行队列数:0
当前发送队列缓存的对象数量:1
totalMemory：984088576, use ：536758392, free ：447330184DirectMemory：1827143680, 恢复 ：1
当前时间 ：2026-08-19 21:12:24send keng：278, sheng ：4194304
decode keng：2, sheng ：2097152
world keng：4, sheng ：1048576

2026-08-19 21:12:29.682 INFO [pool-6-thread-1][:] - /****************流量统计******************/
LastReadBytes:0
LastReadThroughput:0
LastWrittenBytes:0
LastWriteThroughput:0
RealWrittenBytes:14
RealWriteThroughput:0
当前玩家的连接数量:1
当前地图的线程个数：9
当前地图的个数:47
当前数据库执行队列数:0
当前发送队列缓存的对象数量:1
totalMemory：984088576, use ：540114368, free ：443974208DirectMemory：1827143680, 恢复 ：1
当前时间 ：2026-08-19 21:12:29send keng：278, sheng ：4194304
decode keng：2, sheng ：2097152
world keng：4, sheng ：1048576

2026-08-19 21:12:34.682 INFO [pool-6-thread-9][:] - /****************流量统计******************/
LastReadBytes:26
LastReadThroughput:5
LastWrittenBytes:14
LastWriteThroughput:2
RealWrittenBytes:0
RealWriteThroughput:2
当前玩家的连接数量:1
当前地图的线程个数：9
当前地图的个数:47
当前数据库执行队列数:0
当前发送队列缓存的对象数量:1
totalMemory：984088576, use ：543553408, free ：440535168DirectMemory：1827143680, 恢复 ：1
当前时间 ：2026-08-19 21:12:34send keng：278, sheng ：4194304
decode keng：2, sheng ：2097152
world keng：4, sheng ：1048576

2026-08-19 21:12:39.682 INFO [pool-6-thread-6][:] - /****************流量统计******************/
LastReadBytes:0
LastReadThroughput:0
LastWrittenBytes:0
LastWriteThroughput:0
RealWrittenBytes:0
RealWriteThroughput:0
当前玩家的连接数量:1
当前地图的线程个数：9
当前地图的个数:47
当前数据库执行队列数:0
当前发送队列缓存的对象数量:1
totalMemory：984088576, use ：547424976, free ：436663600DirectMemory：1827143680, 恢复 ：1
当前时间 ：2026-08-19 21:12:39send keng：278, sheng ：4194304
decode keng：2, sheng ：2097152
world keng：4, sheng ：1048576

2026-08-19 21:12:44.682 INFO [pool-6-thread-7][:] - /****************流量统计******************/
LastReadBytes:26
LastReadThroughput:5
LastWrittenBytes:14
LastWriteThroughput:2
RealWrittenBytes:0
RealWriteThroughput:2
当前玩家的连接数量:1
当前地图的线程个数：9
当前地图的个数:47
当前数据库执行队列数:0
当前发送队列缓存的对象数量:1
totalMemory：984088576, use ：550317952, free ：433770624DirectMemory：1827143680, 恢复 ：1
当前时间 ：2026-08-19 21:12:44send keng：278, sheng ：4194304
decode keng：2, sheng ：2097152
world keng：4, sheng ：1048576

2026-08-19 21:12:49.682 INFO [pool-6-thread-2][:] - /****************流量统计******************/
LastReadBytes:0
LastReadThroughput:0
LastWrittenBytes:0
LastWriteThroughput:0
RealWrittenBytes:0
RealWriteThroughput:0
当前玩家的连接数量:1
当前地图的线程个数：9
当前地图的个数:47
当前数据库执行队列数:0
当前发送队列缓存的对象数量:1
totalMemory：984088576, use ：555039136, free ：429049440DirectMemory：1827143680, 恢复 ：1
当前时间 ：2026-08-19 21:12:49send keng：278, sheng ：4194304
decode keng：2, sheng ：2097152
world keng：4, sheng ：1048576

2026-08-19 21:12:54.682 INFO [pool-6-thread-10][:] - /****************流量统计******************/
LastReadBytes:26
LastReadThroughput:5
LastWrittenBytes:14
LastWriteThroughput:2
RealWrittenBytes:0
RealWriteThroughput:2
当前玩家的连接数量:1
当前地图的线程个数：9
当前地图的个数:47
当前数据库执行队列数:0
当前发送队列缓存的对象数量:1
totalMemory：984088576, use ：557832808, free ：426255768DirectMemory：1827143680, 恢复 ：1
当前时间 ：2026-08-19 21:12:54send keng：278, sheng ：4194304
decode keng：2, sheng ：2097152
world keng：4, sheng ：1048576

2026-08-19 21:12:59.683 INFO [pool-6-thread-5][:] - /****************流量统计******************/
LastReadBytes:0
LastReadThroughput:0
LastWrittenBytes:0
LastWriteThroughput:0
RealWrittenBytes:0
RealWriteThroughput:0
当前玩家的连接数量:1
当前地图的线程个数：9
当前地图的个数:47
当前数据库执行队列数:0
当前发送队列缓存的对象数量:1
totalMemory：984088576, use ：561898872, free ：422189704DirectMemory：1827143680, 恢复 ：1
当前时间 ：2026-08-19 21:12:59send keng：278, sheng ：4194304
decode keng：2, sheng ：2097152
world keng：4, sheng ：1048576

2026-08-19 21:13:04.682 INFO [pool-6-thread-4][:] - /****************流量统计******************/
LastReadBytes:26
LastReadThroughput:5
LastWrittenBytes:14
LastWriteThroughput:2
RealWrittenBytes:0
RealWriteThroughput:2
当前玩家的连接数量:1
当前地图的线程个数：9
当前地图的个数:47
当前数据库执行队列数:0
当前发送队列缓存的对象数量:1
totalMemory：984088576, use ：566209768, free ：417878808DirectMemory：1827143680, 恢复 ：1
当前时间 ：2026-08-19 21:13:04send keng：278, sheng ：4194304
decode keng：2, sheng ：2097152
world keng：4, sheng ：1048576

2026-08-19 21:13:09.682 INFO [pool-6-thread-7][:] - /****************流量统计******************/
LastReadBytes:0
LastReadThroughput:0
LastWrittenBytes:0
LastWriteThroughput:0
RealWrittenBytes:0
RealWriteThroughput:0
当前玩家的连接数量:1
当前地图的线程个数：9
当前地图的个数:47
当前数据库执行队列数:0
当前发送队列缓存的对象数量:1
totalMemory：984088576, use ：568708304, free ：415380272DirectMemory：1827143680, 恢复 ：1
当前时间 ：2026-08-19 21:13:09send keng：278, sheng ：4194304
decode keng：2, sheng ：2097152
world keng：4, sheng ：1048576

2026-08-19 21:13:14.682 INFO [pool-6-thread-1][:] - /****************流量统计******************/
LastReadBytes:0
LastReadThroughput:0
LastWrittenBytes:0
LastWriteThroughput:0
RealWrittenBytes:14
RealWriteThroughput:0
当前玩家的连接数量:1
当前地图的线程个数：9
当前地图的个数:47
当前数据库执行队列数:0
当前发送队列缓存的对象数量:1
totalMemory：984088576, use ：573298032, free ：410790544DirectMemory：1827143680, 恢复 ：1
当前时间 ：2026-08-19 21:13:14send keng：278, sheng ：4194304
decode keng：2, sheng ：2097152
world keng：4, sheng ：1048576

2026-08-19 21:13:19.682 INFO [pool-6-thread-8][:] - /****************流量统计******************/
LastReadBytes:26
LastReadThroughput:5
LastWrittenBytes:14
LastWriteThroughput:2
RealWrittenBytes:0
RealWriteThroughput:2
当前玩家的连接数量:1
当前地图的线程个数：9
当前地图的个数:47
当前数据库执行队列数:0
当前发送队列缓存的对象数量:1
totalMemory：984088576, use ：576301608, free ：407786968DirectMemory：1827143680, 恢复 ：1
当前时间 ：2026-08-19 21:13:19send keng：278, sheng ：4194304
decode keng：2, sheng ：2097152
world keng：4, sheng ：1048576

2026-08-19 21:13:24.683 INFO [pool-6-thread-5][:] - /****************流量统计******************/
LastReadBytes:0
LastReadThroughput:0
LastWrittenBytes:0
LastWriteThroughput:0
RealWrittenBytes:14
RealWriteThroughput:0
当前玩家的连接数量:1
当前地图的线程个数：9
当前地图的个数:47
当前数据库执行队列数:0
当前发送队列缓存的对象数量:1
totalMemory：984088576, use ：579982456, free ：404106120DirectMemory：1827143680, 恢复 ：1
当前时间 ：2026-08-19 21:13:24send keng：278, sheng ：4194304
decode keng：2, sheng ：2097152
world keng：4, sheng ：1048576

2026-08-19 21:13:29.682 INFO [pool-6-thread-9][:] - /****************流量统计******************/
LastReadBytes:26
LastReadThroughput:5
LastWrittenBytes:14
LastWriteThroughput:2
RealWrittenBytes:0
RealWriteThroughput:2
当前玩家的连接数量:1
当前地图的线程个数：9
当前地图的个数:47
当前数据库执行队列数:0
当前发送队列缓存的对象数量:1
totalMemory：984088576, use ：583991680, free ：400096896DirectMemory：1827143680, 恢复 ：1
当前时间 ：2026-08-19 21:13:29send keng：278, sheng ：4194304
decode keng：2, sheng ：2097152
world keng：4, sheng ：1048576

2026-08-19 21:13:34.682 INFO [pool-6-thread-1][:] - /****************流量统计******************/
LastReadBytes:0
LastReadThroughput:0
LastWrittenBytes:0
LastWriteThroughput:0
RealWrittenBytes:0
RealWriteThroughput:0
当前玩家的连接数量:1
当前地图的线程个数：9
当前地图的个数:47
当前数据库执行队列数:0
当前发送队列缓存的对象数量:1
totalMemory：984088576, use ：587665336, free ：396423240DirectMemory：1827143680, 恢复 ：1
当前时间 ：2026-08-19 21:13:34send keng：278, sheng ：4194304
decode keng：2, sheng ：2097152
world keng：4, sheng ：1048576

2026-08-19 21:13:39.682 INFO [pool-6-thread-7][:] - /****************流量统计******************/
LastReadBytes:26
LastReadThroughput:5
LastWrittenBytes:14
LastWriteThroughput:2
RealWrittenBytes:0
RealWriteThroughput:2
当前玩家的连接数量:1
当前地图的线程个数：9
当前地图的个数:47
当前数据库执行队列数:0
当前发送队列缓存的对象数量:1
totalMemory：984088576, use ：590862096, free ：393226480DirectMemory：1827143680, 恢复 ：1
当前时间 ：2026-08-19 21:13:39send keng：278, sheng ：4194304
decode keng：2, sheng ：2097152
world keng：4, sheng ：1048576

2026-08-19 21:13:44.682 INFO [pool-6-thread-2][:] - /****************流量统计******************/
LastReadBytes:0
LastReadThroughput:0
LastWrittenBytes:0
LastWriteThroughput:0
RealWrittenBytes:0
RealWriteThroughput:0
当前玩家的连接数量:1
当前地图的线程个数：9
当前地图的个数:47
当前数据库执行队列数:0
当前发送队列缓存的对象数量:1
totalMemory：984088576, use ：594325952, free ：389762624DirectMemory：1827143680, 恢复 ：1
当前时间 ：2026-08-19 21:13:44send keng：278, sheng ：4194304
decode keng：2, sheng ：2097152
world keng：4, sheng ：1048576

2026-08-19 21:13:49.682 INFO [pool-6-thread-5][:] - /****************流量统计******************/
LastReadBytes:26
LastReadThroughput:5
LastWrittenBytes:14
LastWriteThroughput:2
RealWrittenBytes:0
RealWriteThroughput:2
当前玩家的连接数量:1
当前地图的线程个数：9
当前地图的个数:47
当前数据库执行队列数:0
当前发送队列缓存的对象数量:1
totalMemory：984088576, use ：598791328, free ：385297248DirectMemory：1827143680, 恢复 ：1
当前时间 ：2026-08-19 21:13:49send keng：278, sheng ：4194304
decode keng：2, sheng ：2097152
world keng：4, sheng ：1048576

2026-08-19 21:13:54.683 INFO [pool-6-thread-1][:] - /****************流量统计******************/
LastReadBytes:0
LastReadThroughput:0
LastWrittenBytes:0
LastWriteThroughput:0
RealWrittenBytes:0
RealWriteThroughput:0
当前玩家的连接数量:1
当前地图的线程个数：9
当前地图的个数:47
当前数据库执行队列数:0
当前发送队列缓存的对象数量:1
totalMemory：984088576, use ：602367728, free ：381720848DirectMemory：1827143680, 恢复 ：1
当前时间 ：2026-08-19 21:13:54send keng：278, sheng ：4194304
decode keng：2, sheng ：2097152
world keng：4, sheng ：1048576

2026-08-19 21:13:59.682 INFO [pool-6-thread-8][:] - /****************流量统计******************/
LastReadBytes:26
LastReadThroughput:5
LastWrittenBytes:14
LastWriteThroughput:2
RealWrittenBytes:0
RealWriteThroughput:2
当前玩家的连接数量:1
当前地图的线程个数：9
当前地图的个数:47
当前数据库执行队列数:0
当前发送队列缓存的对象数量:1
totalMemory：984088576, use ：605538712, free ：378549864DirectMemory：1827143680, 恢复 ：1
当前时间 ：2026-08-19 21:13:59send keng：278, sheng ：4194304
decode keng：2, sheng ：2097152
world keng：4, sheng ：1048576

2026-08-19 21:14:04.682 INFO [pool-6-thread-2][:] - /****************流量统计******************/
LastReadBytes:0
LastReadThroughput:0
LastWrittenBytes:0
LastWriteThroughput:0
RealWrittenBytes:0
RealWriteThroughput:0
当前玩家的连接数量:1
当前地图的线程个数：9
当前地图的个数:47
当前数据库执行队列数:0
当前发送队列缓存的对象数量:1
totalMemory：984088576, use ：610049176, free ：374039400DirectMemory：1827143680, 恢复 ：1
当前时间 ：2026-08-19 21:14:04send keng：278, sheng ：4194304
decode keng：2, sheng ：2097152
world keng：4, sheng ：1048576

2026-08-19 21:14:09.682 INFO [pool-6-thread-4][:] - /****************流量统计******************/
LastReadBytes:26
LastReadThroughput:5
LastWrittenBytes:14
LastWriteThroughput:2
RealWrittenBytes:0
RealWriteThroughput:2
当前玩家的连接数量:1
当前地图的线程个数：9
当前地图的个数:47
当前数据库执行队列数:0
当前发送队列缓存的对象数量:1
totalMemory：984088576, use ：612881616, free ：371206960DirectMemory：1827143680, 恢复 ：1
当前时间 ：2026-08-19 21:14:09send keng：278, sheng ：4194304
decode keng：2, sheng ：2097152
world keng：4, sheng ：1048576

2026-08-19 21:14:14.682 INFO [pool-6-thread-6][:] - /****************流量统计******************/
LastReadBytes:0
LastReadThroughput:0
LastWrittenBytes:0
LastWriteThroughput:0
RealWrittenBytes:0
RealWriteThroughput:0
当前玩家的连接数量:1
当前地图的线程个数：9
当前地图的个数:47
当前数据库执行队列数:0
当前发送队列缓存的对象数量:1
totalMemory：984088576, use ：617053352, free ：367035224DirectMemory：1827143680, 恢复 ：1
当前时间 ：2026-08-19 21:14:14send keng：278, sheng ：4194304
decode keng：2, sheng ：2097152
world keng：4, sheng ：1048576

2026-08-19 21:14:19.682 INFO [pool-6-thread-10][:] - /****************流量统计******************/
LastReadBytes:0
LastReadThroughput:0
LastWrittenBytes:0
LastWriteThroughput:0
RealWrittenBytes:14
RealWriteThroughput:0
当前玩家的连接数量:1
当前地图的线程个数：9
当前地图的个数:47
当前数据库执行队列数:0
当前发送队列缓存的对象数量:1
totalMemory：984088576, use ：620826320, free ：363262256DirectMemory：1827143680, 恢复 ：1
当前时间 ：2026-08-19 21:14:19send keng：278, sheng ：4194304
decode keng：2, sheng ：2097152
world keng：4, sheng ：1048576

2026-08-19 21:14:24.682 INFO [pool-6-thread-4][:] - /****************流量统计******************/
LastReadBytes:26
LastReadThroughput:5
LastWrittenBytes:14
LastWriteThroughput:2
RealWrittenBytes:0
RealWriteThroughput:2
当前玩家的连接数量:1
当前地图的线程个数：9
当前地图的个数:47
当前数据库执行队列数:0
当前发送队列缓存的对象数量:1
totalMemory：984088576, use ：624388536, free ：359700040DirectMemory：1827143680, 恢复 ：1
当前时间 ：2026-08-19 21:14:24send keng：278, sheng ：4194304
decode keng：2, sheng ：2097152
world keng：4, sheng ：1048576

2026-08-19 21:14:29.682 INFO [pool-6-thread-5][:] - /****************流量统计******************/
LastReadBytes:0
LastReadThroughput:0
LastWrittenBytes:0
LastWriteThroughput:0
RealWrittenBytes:14
RealWriteThroughput:0
当前玩家的连接数量:1
当前地图的线程个数：9
当前地图的个数:47
当前数据库执行队列数:0
当前发送队列缓存的对象数量:1
totalMemory：984088576, use ：627762784, free ：356325792DirectMemory：1827143680, 恢复 ：1
当前时间 ：2026-08-19 21:14:29send keng：278, sheng ：4194304
decode keng：2, sheng ：2097152
world keng：4, sheng ：1048576

2026-08-19 21:14:34.682 INFO [pool-6-thread-6][:] - /****************流量统计******************/
LastReadBytes:26
LastReadThroughput:5
LastWrittenBytes:14
LastWriteThroughput:2
RealWrittenBytes:0
RealWriteThroughput:2
当前玩家的连接数量:1
当前地图的线程个数：9
当前地图的个数:47
当前数据库执行队列数:0
当前发送队列缓存的对象数量:1
totalMemory：984088576, use ：631607648, free ：352480928DirectMemory：1827143680, 恢复 ：1
当前时间 ：2026-08-19 21:14:34send keng：278, sheng ：4194304
decode keng：2, sheng ：2097152
world keng：4, sheng ：1048576

2026-08-19 21:14:39.682 INFO [pool-6-thread-8][:] - /****************流量统计******************/
LastReadBytes:0
LastReadThroughput:0
LastWrittenBytes:0
LastWriteThroughput:0
RealWrittenBytes:0
RealWriteThroughput:0
当前玩家的连接数量:1
当前地图的线程个数：9
当前地图的个数:47
当前数据库执行队列数:0
当前发送队列缓存的对象数量:1
totalMemory：984088576, use ：635937496, free ：348151080DirectMemory：1827143680, 恢复 ：1
当前时间 ：2026-08-19 21:14:39send keng：278, sheng ：4194304
decode keng：2, sheng ：2097152
world keng：4, sheng ：1048576

2026-08-19 21:14:44.682 INFO [pool-6-thread-6][:] - /****************流量统计******************/
LastReadBytes:26
LastReadThroughput:5
LastWrittenBytes:14
LastWriteThroughput:2
RealWrittenBytes:0
RealWriteThroughput:2
当前玩家的连接数量:1
当前地图的线程个数：9
当前地图的个数:47
当前数据库执行队列数:0
当前发送队列缓存的对象数量:1
totalMemory：984088576, use ：639647544, free ：344441032DirectMemory：1827143680, 恢复 ：1
当前时间 ：2026-08-19 21:14:44send keng：278, sheng ：4194304
decode keng：2, sheng ：2097152
world keng：4, sheng ：1048576

2026-08-19 21:14:49.682 INFO [pool-6-thread-10][:] - /****************流量统计******************/
LastReadBytes:0
LastReadThroughput:0
LastWrittenBytes:0
LastWriteThroughput:0
RealWrittenBytes:0
RealWriteThroughput:0
当前玩家的连接数量:1
当前地图的线程个数：9
当前地图的个数:47
当前数据库执行队列数:0
当前发送队列缓存的对象数量:1
totalMemory：984088576, use ：642985392, free ：341103184DirectMemory：1827143680, 恢复 ：1
当前时间 ：2026-08-19 21:14:49send keng：278, sheng ：4194304
decode keng：2, sheng ：2097152
world keng：4, sheng ：1048576

2026-08-19 21:14:54.682 INFO [pool-6-thread-7][:] - /****************流量统计******************/
LastReadBytes:26
LastReadThroughput:5
LastWrittenBytes:14
LastWriteThroughput:2
RealWrittenBytes:0
RealWriteThroughput:2
当前玩家的连接数量:1
当前地图的线程个数：9
当前地图的个数:47
当前数据库执行队列数:0
当前发送队列缓存的对象数量:1
totalMemory：984088576, use ：646476584, free ：337611992DirectMemory：1827143680, 恢复 ：1
当前时间 ：2026-08-19 21:14:54send keng：278, sheng ：4194304
decode keng：2, sheng ：2097152
world keng：4, sheng ：1048576

2026-08-19 21:14:59.682 INFO [pool-6-thread-3][:] - /****************流量统计******************/
LastReadBytes:0
LastReadThroughput:0
LastWrittenBytes:0
LastWriteThroughput:0
RealWrittenBytes:0
RealWriteThroughput:0
当前玩家的连接数量:1
当前地图的线程个数：9
当前地图的个数:47
当前数据库执行队列数:0
当前发送队列缓存的对象数量:1
totalMemory：984088576, use ：650331880, free ：333756696DirectMemory：1827143680, 恢复 ：1
当前时间 ：2026-08-19 21:14:59send keng：278, sheng ：4194304
decode keng：2, sheng ：2097152
world keng：4, sheng ：1048576

2026-08-19 21:15:04.682 INFO [pool-6-thread-2][:] - /****************流量统计******************/
LastReadBytes:26
LastReadThroughput:5
LastWrittenBytes:14
LastWriteThroughput:2
RealWrittenBytes:0
RealWriteThroughput:2
当前玩家的连接数量:1
当前地图的线程个数：9
当前地图的个数:47
当前数据库执行队列数:0
当前发送队列缓存的对象数量:1
totalMemory：984088576, use ：654025576, free ：330063000DirectMemory：1827143680, 恢复 ：1
当前时间 ：2026-08-19 21:15:04send keng：278, sheng ：4194304
decode keng：2, sheng ：2097152
world keng：4, sheng ：1048576

2026-08-19 21:15:09.682 INFO [pool-6-thread-3][:] - /****************流量统计******************/
LastReadBytes:0
LastReadThroughput:0
LastWrittenBytes:0
LastWriteThroughput:0
RealWrittenBytes:0
RealWriteThroughput:0
当前玩家的连接数量:1
当前地图的线程个数：9
当前地图的个数:47
当前数据库执行队列数:0
当前发送队列缓存的对象数量:1
totalMemory：984088576, use ：657238120, free ：326850456DirectMemory：1827143680, 恢复 ：1
当前时间 ：2026-08-19 21:15:09send keng：278, sheng ：4194304
decode keng：2, sheng ：2097152
world keng：4, sheng ：1048576

2026-08-19 21:15:14.682 INFO [pool-6-thread-7][:] - /****************流量统计******************/
LastReadBytes:26
LastReadThroughput:5
LastWrittenBytes:14
LastWriteThroughput:2
RealWrittenBytes:0
RealWriteThroughput:2
当前玩家的连接数量:1
当前地图的线程个数：9
当前地图的个数:47
当前数据库执行队列数:0
当前发送队列缓存的对象数量:1
totalMemory：984088576, use ：662235704, free ：321852872DirectMemory：1827143680, 恢复 ：1
当前时间 ：2026-08-19 21:15:14send keng：278, sheng ：4194304
decode keng：2, sheng ：2097152
world keng：4, sheng ：1048576

2026-08-19 21:15:19.682 INFO [pool-6-thread-8][:] - /****************流量统计******************/
LastReadBytes:0
LastReadThroughput:0
LastWrittenBytes:0
LastWriteThroughput:0
RealWrittenBytes:0
RealWriteThroughput:0
当前玩家的连接数量:1
当前地图的线程个数：9
当前地图的个数:47
当前数据库执行队列数:0
当前发送队列缓存的对象数量:1
totalMemory：984088576, use ：664953208, free ：319135368DirectMemory：1827143680, 恢复 ：1
当前时间 ：2026-08-19 21:15:19send keng：278, sheng ：4194304
decode keng：2, sheng ：2097152
world keng：4, sheng ：1048576

2026-08-19 21:15:24.682 INFO [pool-6-thread-8][:] - /****************流量统计******************/
LastReadBytes:0
LastReadThroughput:0
LastWrittenBytes:0
LastWriteThroughput:0
RealWrittenBytes:14
RealWriteThroughput:0
当前玩家的连接数量:1
当前地图的线程个数：9
当前地图的个数:47
当前数据库执行队列数:0
当前发送队列缓存的对象数量:1
totalMemory：984088576, use ：669414016, free ：314674560DirectMemory：1827143680, 恢复 ：1
当前时间 ：2026-08-19 21:15:24send keng：278, sheng ：4194304
decode keng：2, sheng ：2097152
world keng：4, sheng ：1048576

2026-08-19 21:15:29.682 INFO [pool-6-thread-6][:] - /****************流量统计******************/
LastReadBytes:26
LastReadThroughput:5
LastWrittenBytes:14
LastWriteThroughput:2
RealWrittenBytes:0
RealWriteThroughput:2
当前玩家的连接数量:1
当前地图的线程个数：9
当前地图的个数:47
当前数据库执行队列数:0
当前发送队列缓存的对象数量:1
totalMemory：984088576, use ：673402104, free ：310686472DirectMemory：1827143680, 恢复 ：1
当前时间 ：2026-08-19 21:15:29send keng：278, sheng ：4194304
decode keng：2, sheng ：2097152
world keng：4, sheng ：1048576

2026-08-19 21:15:34.682 INFO [pool-6-thread-3][:] - /****************流量统计******************/
LastReadBytes:0
LastReadThroughput:0
LastWrittenBytes:0
LastWriteThroughput:0
RealWrittenBytes:14
RealWriteThroughput:0
当前玩家的连接数量:1
当前地图的线程个数：9
当前地图的个数:47
当前数据库执行队列数:0
当前发送队列缓存的对象数量:1
totalMemory：984088576, use ：676245024, free ：307843552DirectMemory：1827143680, 恢复 ：1
当前时间 ：2026-08-19 21:15:34send keng：278, sheng ：4194304
decode keng：2, sheng ：2097152
world keng：4, sheng ：1048576

2026-08-19 21:15:39.682 INFO [pool-6-thread-9][:] - /****************流量统计******************/
LastReadBytes:26
LastReadThroughput:5
LastWrittenBytes:14
LastWriteThroughput:2
RealWrittenBytes:0
RealWriteThroughput:2
当前玩家的连接数量:1
当前地图的线程个数：9
当前地图的个数:47
当前数据库执行队列数:0
当前发送队列缓存的对象数量:1
totalMemory：984088576, use ：679884000, free ：304204576DirectMemory：1827143680, 恢复 ：1
当前时间 ：2026-08-19 21:15:39send keng：278, sheng ：4194304
decode keng：2, sheng ：2097152
world keng：4, sheng ：1048576

2026-08-19 21:15:44.682 INFO [pool-6-thread-2][:] - /****************流量统计******************/
LastReadBytes:0
LastReadThroughput:0
LastWrittenBytes:0
LastWriteThroughput:0
RealWrittenBytes:0
RealWriteThroughput:0
当前玩家的连接数量:1
当前地图的线程个数：9
当前地图的个数:47
当前数据库执行队列数:0
当前发送队列缓存的对象数量:1
totalMemory：984088576, use ：683777976, free ：300310600DirectMemory：1827143680, 恢复 ：1
当前时间 ：2026-08-19 21:15:44send keng：278, sheng ：4194304
decode keng：2, sheng ：2097152
world keng：4, sheng ：1048576

2026-08-19 21:15:49.682 INFO [pool-6-thread-1][:] - /****************流量统计******************/
LastReadBytes:26
LastReadThroughput:5
LastWrittenBytes:14
LastWriteThroughput:2
RealWrittenBytes:0
RealWriteThroughput:2
当前玩家的连接数量:1
当前地图的线程个数：9
当前地图的个数:47
当前数据库执行队列数:0
当前发送队列缓存的对象数量:1
totalMemory：984088576, use ：687862880, free ：296225696DirectMemory：1827143680, 恢复 ：1
当前时间 ：2026-08-19 21:15:49send keng：278, sheng ：4194304
decode keng：2, sheng ：2097152
world keng：4, sheng ：1048576

2026-08-19 21:15:54.682 INFO [pool-6-thread-1][:] - /****************流量统计******************/
LastReadBytes:0
LastReadThroughput:0
LastWrittenBytes:0
LastWriteThroughput:0
RealWrittenBytes:0
RealWriteThroughput:0
当前玩家的连接数量:1
当前地图的线程个数：9
当前地图的个数:47
当前数据库执行队列数:0
当前发送队列缓存的对象数量:1
totalMemory：984088576, use ：692252088, free ：291836488DirectMemory：1827143680, 恢复 ：1
当前时间 ：2026-08-19 21:15:54send keng：278, sheng ：4194304
decode keng：2, sheng ：2097152
world keng：4, sheng ：1048576

2026-08-19 21:15:59.682 INFO [pool-6-thread-1][:] - /****************流量统计******************/
LastReadBytes:26
LastReadThroughput:5
LastWrittenBytes:14
LastWriteThroughput:2
RealWrittenBytes:0
RealWriteThroughput:2
当前玩家的连接数量:1
当前地图的线程个数：9
当前地图的个数:47
当前数据库执行队列数:0
当前发送队列缓存的对象数量:1
totalMemory：984088576, use ：694848448, free ：289240128DirectMemory：1827143680, 恢复 ：1
当前时间 ：2026-08-19 21:15:59send keng：278, sheng ：4194304
decode keng：2, sheng ：2097152
world keng：4, sheng ：1048576

2026-08-19 21:16:04.682 INFO [pool-6-thread-4][:] - /****************流量统计******************/
LastReadBytes:0
LastReadThroughput:0
LastWrittenBytes:0
LastWriteThroughput:0
RealWrittenBytes:0
RealWriteThroughput:0
当前玩家的连接数量:1
当前地图的线程个数：9
当前地图的个数:47
当前数据库执行队列数:0
当前发送队列缓存的对象数量:1
totalMemory：984088576, use ：699154480, free ：284934096DirectMemory：1827143680, 恢复 ：1
当前时间 ：2026-08-19 21:16:04send keng：278, sheng ：4194304
decode keng：2, sheng ：2097152
world keng：4, sheng ：1048576

2026-08-19 21:16:09.682 INFO [pool-6-thread-7][:] - /****************流量统计******************/
LastReadBytes:26
LastReadThroughput:5
LastWrittenBytes:14
LastWriteThroughput:2
RealWrittenBytes:0
RealWriteThroughput:2
当前玩家的连接数量:1
当前地图的线程个数：9
当前地图的个数:47
当前数据库执行队列数:0
当前发送队列缓存的对象数量:1
totalMemory：984088576, use ：702703984, free ：281384592DirectMemory：1827143680, 恢复 ：1
当前时间 ：2026-08-19 21:16:09send keng：278, sheng ：4194304
decode keng：2, sheng ：2097152
world keng：4, sheng ：1048576

2026-08-19 21:16:14.682 INFO [pool-6-thread-9][:] - /****************流量统计******************/
LastReadBytes:0
LastReadThroughput:0
LastWrittenBytes:0
LastWriteThroughput:0
RealWrittenBytes:0
RealWriteThroughput:0
当前玩家的连接数量:1
当前地图的线程个数：9
当前地图的个数:47
当前数据库执行队列数:0
当前发送队列缓存的对象数量:1
totalMemory：984088576, use ：706327056, free ：277761520DirectMemory：1827143680, 恢复 ：1
当前时间 ：2026-08-19 21:16:14send keng：278, sheng ：4194304
decode keng：2, sheng ：2097152
world keng：4, sheng ：1048576

2026-08-19 21:16:19.682 INFO [pool-6-thread-8][:] - /****************流量统计******************/
LastReadBytes:26
LastReadThroughput:5
LastWrittenBytes:14
LastWriteThroughput:2
RealWrittenBytes:0
RealWriteThroughput:2
当前玩家的连接数量:1
当前地图的线程个数：9
当前地图的个数:47
当前数据库执行队列数:0
当前发送队列缓存的对象数量:1
totalMemory：984088576, use ：709489080, free ：274599496DirectMemory：1827143680, 恢复 ：1
当前时间 ：2026-08-19 21:16:19send keng：278, sheng ：4194304
decode keng：2, sheng ：2097152
world keng：4, sheng ：1048576

2026-08-19 21:16:24.682 INFO [pool-6-thread-3][:] - /****************流量统计******************/
LastReadBytes:0
LastReadThroughput:0
LastWrittenBytes:0
LastWriteThroughput:0
RealWrittenBytes:0
RealWriteThroughput:0
当前玩家的连接数量:1
当前地图的线程个数：9
当前地图的个数:47
当前数据库执行队列数:0
当前发送队列缓存的对象数量:1
totalMemory：984088576, use ：714521032, free ：269567544DirectMemory：1827143680, 恢复 ：1
当前时间 ：2026-08-19 21:16:24send keng：278, sheng ：4194304
decode keng：2, sheng ：2097152
world keng：4, sheng ：1048576

2026-08-19 21:16:29.682 INFO [pool-6-thread-10][:] - /****************流量统计******************/
LastReadBytes:26
LastReadThroughput:5
LastWrittenBytes:14
LastWriteThroughput:2
RealWrittenBytes:0
RealWriteThroughput:2
当前玩家的连接数量:1
当前地图的线程个数：9
当前地图的个数:47
当前数据库执行队列数:0
当前发送队列缓存的对象数量:1
totalMemory：984088576, use ：717454136, free ：266634440DirectMemory：1827143680, 恢复 ：1
当前时间 ：2026-08-19 21:16:29send keng：278, sheng ：4194304
decode keng：2, sheng ：2097152
world keng：4, sheng ：1048576

2026-08-19 21:16:34.682 INFO [pool-6-thread-3][:] - /****************流量统计******************/
LastReadBytes:0
LastReadThroughput:0
LastWrittenBytes:0
LastWriteThroughput:0
RealWrittenBytes:0
RealWriteThroughput:0
当前玩家的连接数量:1
当前地图的线程个数：9
当前地图的个数:47
当前数据库执行队列数:0
当前发送队列缓存的对象数量:1
totalMemory：984088576, use ：721252456, free ：262836120DirectMemory：1827143680, 恢复 ：1
当前时间 ：2026-08-19 21:16:34send keng：278, sheng ：4194304
decode keng：2, sheng ：2097152
world keng：4, sheng ：1048576

2026-08-19 21:16:39.682 INFO [pool-6-thread-4][:] - /****************流量统计******************/
LastReadBytes:0
LastReadThroughput:0
LastWrittenBytes:0
LastWriteThroughput:0
RealWrittenBytes:14
RealWriteThroughput:0
当前玩家的连接数量:1
当前地图的线程个数：9
当前地图的个数:47
当前数据库执行队列数:0
当前发送队列缓存的对象数量:1
totalMemory：984088576, use ：726007704, free ：258080872DirectMemory：1827143680, 恢复 ：1
当前时间 ：2026-08-19 21:16:39send keng：278, sheng ：4194304
decode keng：2, sheng ：2097152
world keng：4, sheng ：1048576

2026-08-19 21:16:44.682 INFO [pool-6-thread-5][:] - /****************流量统计******************/
LastReadBytes:176
LastReadThroughput:35
LastWrittenBytes:14
LastWriteThroughput:2
RealWrittenBytes:0
RealWriteThroughput:2
当前玩家的连接数量:1
当前地图的线程个数：9
当前地图的个数:47
当前数据库执行队列数:0
当前发送队列缓存的对象数量:1
totalMemory：984088576, use ：728182224, free ：255906352DirectMemory：1827143680, 恢复 ：1
当前时间 ：2026-08-19 21:16:44send keng：278, sheng ：4194304
decode keng：2, sheng ：2097152
world keng：4, sheng ：1048576

2026-08-19 21:16:49.682 INFO [pool-6-thread-2][:] - /****************流量统计******************/
LastReadBytes:0
LastReadThroughput:0
LastWrittenBytes:0
LastWriteThroughput:0
RealWrittenBytes:14
RealWriteThroughput:0
当前玩家的连接数量:1
当前地图的线程个数：9
当前地图的个数:47
当前数据库执行队列数:0
当前发送队列缓存的对象数量:1
totalMemory：984088576, use ：733722320, free ：250366256DirectMemory：1827143680, 恢复 ：1
当前时间 ：2026-08-19 21:16:49send keng：278, sheng ：4194304
decode keng：2, sheng ：2097152
world keng：4, sheng ：1048576

2026-08-19 21:16:54.683 INFO [pool-6-thread-7][:] - /****************流量统计******************/
LastReadBytes:26
LastReadThroughput:5
LastWrittenBytes:14
LastWriteThroughput:2
RealWrittenBytes:0
RealWriteThroughput:2
当前玩家的连接数量:1
当前地图的线程个数：9
当前地图的个数:47
当前数据库执行队列数:0
当前发送队列缓存的对象数量:1
totalMemory：984088576, use ：735932440, free ：248156136DirectMemory：1827143680, 恢复 ：1
当前时间 ：2026-08-19 21:16:54send keng：278, sheng ：4194304
decode keng：2, sheng ：2097152
world keng：4, sheng ：1048576

2026-08-19 21:16:59.682 INFO [pool-6-thread-5][:] - /****************流量统计******************/
LastReadBytes:0
LastReadThroughput:0
LastWrittenBytes:0
LastWriteThroughput:0
RealWrittenBytes:0
RealWriteThroughput:0
当前玩家的连接数量:1
当前地图的线程个数：9
当前地图的个数:47
当前数据库执行队列数:0
当前发送队列缓存的对象数量:1
totalMemory：984088576, use ：740012560, free ：244076016DirectMemory：1827143680, 恢复 ：1
当前时间 ：2026-08-19 21:16:59send keng：278, sheng ：4194304
decode keng：2, sheng ：2097152
world keng：4, sheng ：1048576

2026-08-19 21:17:04.682 INFO [pool-6-thread-7][:] - /****************流量统计******************/
LastReadBytes:26
LastReadThroughput:5
LastWrittenBytes:14
LastWriteThroughput:2
RealWrittenBytes:0
RealWriteThroughput:2
当前玩家的连接数量:1
当前地图的线程个数：9
当前地图的个数:47
当前数据库执行队列数:0
当前发送队列缓存的对象数量:1
totalMemory：984088576, use ：744715024, free ：239373552DirectMemory：1827143680, 恢复 ：1
当前时间 ：2026-08-19 21:17:04send keng：278, sheng ：4194304
decode keng：2, sheng ：2097152
world keng：4, sheng ：1048576

2026-08-19 21:17:09.682 INFO [pool-6-thread-7][:] - /****************流量统计******************/
LastReadBytes:0
LastReadThroughput:0
LastWrittenBytes:0
LastWriteThroughput:0
RealWrittenBytes:0
RealWriteThroughput:0
当前玩家的连接数量:1
当前地图的线程个数：9
当前地图的个数:47
当前数据库执行队列数:0
当前发送队列缓存的对象数量:0
totalMemory：984088576, use ：747563136, free ：236525440DirectMemory：1827143680, 恢复 ：1
当前时间 ：2026-08-19 21:17:09send keng：278, sheng ：4194304
decode keng：2, sheng ：2097152
world keng：4, sheng ：1048576

2026-08-19 21:17:14.682 INFO [pool-6-thread-10][:] - /****************流量统计******************/
LastReadBytes:26
LastReadThroughput:5
LastWrittenBytes:14
LastWriteThroughput:2
RealWrittenBytes:0
RealWriteThroughput:2
当前玩家的连接数量:1
当前地图的线程个数：9
当前地图的个数:47
当前数据库执行队列数:0
当前发送队列缓存的对象数量:0
totalMemory：984088576, use ：751962472, free ：232126104DirectMemory：1827143680, 恢复 ：1
当前时间 ：2026-08-19 21:17:14send keng：278, sheng ：4194304
decode keng：2, sheng ：2097152
world keng：4, sheng ：1048576

2026-08-19 21:17:19.682 INFO [pool-6-thread-6][:] - /****************流量统计******************/
LastReadBytes:0
LastReadThroughput:0
LastWrittenBytes:0
LastWriteThroughput:0
RealWrittenBytes:0
RealWriteThroughput:0
当前玩家的连接数量:1
当前地图的线程个数：9
当前地图的个数:47
当前数据库执行队列数:0
当前发送队列缓存的对象数量:0
totalMemory：984088576, use ：755155080, free ：228933496DirectMemory：1827143680, 恢复 ：1
当前时间 ：2026-08-19 21:17:19send keng：278, sheng ：4194304
decode keng：2, sheng ：2097152
world keng：4, sheng ：1048576

2026-08-19 21:17:24.682 INFO [pool-6-thread-9][:] - /****************流量统计******************/
LastReadBytes:161
LastReadThroughput:32
LastWrittenBytes:126
LastWriteThroughput:25
RealWrittenBytes:0
RealWriteThroughput:25
当前玩家的连接数量:1
当前地图的线程个数：9
当前地图的个数:47
当前数据库执行队列数:0
当前发送队列缓存的对象数量:1
totalMemory：984088576, use ：416490704, free ：567597872DirectMemory：1827143680, 恢复 ：1
当前时间 ：2026-08-19 21:17:24send keng：284, sheng ：4194304
decode keng：2, sheng ：2097152
world keng：4, sheng ：1048576

2026-08-19 21:17:29.682 INFO [pool-6-thread-5][:] - /****************流量统计******************/
LastReadBytes:0
LastReadThroughput:0
LastWrittenBytes:0
LastWriteThroughput:0
RealWrittenBytes:0
RealWriteThroughput:0
当前玩家的连接数量:1
当前地图的线程个数：9
当前地图的个数:47
当前数据库执行队列数:0
当前发送队列缓存的对象数量:1
totalMemory：984088576, use ：418204120, free ：565884456DirectMemory：1827143680, 恢复 ：1
当前时间 ：2026-08-19 21:17:29send keng：284, sheng ：4194304
decode keng：2, sheng ：2097152
world keng：4, sheng ：1048576

2026-08-19 21:17:34.682 INFO [pool-6-thread-9][:] - /****************流量统计******************/
LastReadBytes:26
LastReadThroughput:5
LastWrittenBytes:14
LastWriteThroughput:2
RealWrittenBytes:0
RealWriteThroughput:2
当前玩家的连接数量:1
当前地图的线程个数：9
当前地图的个数:47
当前数据库执行队列数:0
当前发送队列缓存的对象数量:1
totalMemory：984088576, use ：422866888, free ：561221688DirectMemory：1827143680, 恢复 ：1
当前时间 ：2026-08-19 21:17:34send keng：284, sheng ：4194304
decode keng：2, sheng ：2097152
world keng：4, sheng ：1048576

2026-08-19 21:17:39.682 INFO [pool-6-thread-7][:] - /****************流量统计******************/
LastReadBytes:0
LastReadThroughput:0
LastWrittenBytes:0
LastWriteThroughput:0
RealWrittenBytes:0
RealWriteThroughput:0
当前玩家的连接数量:1
当前地图的线程个数：9
当前地图的个数:47
当前数据库执行队列数:0
当前发送队列缓存的对象数量:1
totalMemory：984088576, use ：427702472, free ：556386104DirectMemory：1827143680, 恢复 ：1
当前时间 ：2026-08-19 21:17:39send keng：284, sheng ：4194304
decode keng：2, sheng ：2097152
world keng：4, sheng ：1048576

2026-08-19 21:17:44.682 INFO [pool-6-thread-1][:] - /****************流量统计******************/
LastReadBytes:26
LastReadThroughput:5
LastWrittenBytes:14
LastWriteThroughput:2
RealWrittenBytes:0
RealWriteThroughput:2
当前玩家的连接数量:1
当前地图的线程个数：9
当前地图的个数:47
当前数据库执行队列数:0
当前发送队列缓存的对象数量:1
totalMemory：984088576, use ：429814248, free ：554274328DirectMemory：1827143680, 恢复 ：1
当前时间 ：2026-08-19 21:17:44send keng：284, sheng ：4194304
decode keng：2, sheng ：2097152
world keng：4, sheng ：1048576

2026-08-19 21:17:49.682 INFO [pool-6-thread-5][:] - /****************流量统计******************/
LastReadBytes:0
LastReadThroughput:0
LastWrittenBytes:0
LastWriteThroughput:0
RealWrittenBytes:0
RealWriteThroughput:0
当前玩家的连接数量:1
当前地图的线程个数：9
当前地图的个数:47
当前数据库执行队列数:0
当前发送队列缓存的对象数量:1
totalMemory：984088576, use ：434950608, free ：549137968DirectMemory：1827143680, 恢复 ：1
当前时间 ：2026-08-19 21:17:49send keng：284, sheng ：4194304
decode keng：2, sheng ：2097152
world keng：4, sheng ：1048576

2026-08-19 21:17:54.688 INFO [pool-6-thread-5][:] - /****************流量统计******************/
LastReadBytes:0
LastReadThroughput:0
LastWrittenBytes:0
LastWriteThroughput:0
RealWrittenBytes:14
RealWriteThroughput:0
当前玩家的连接数量:1
当前地图的线程个数：9
当前地图的个数:47
当前数据库执行队列数:0
当前发送队列缓存的对象数量:1
totalMemory：984088576, use ：438002952, free ：546085624DirectMemory：1827143680, 恢复 ：1
当前时间 ：2026-08-19 21:17:54send keng：284, sheng ：4194304
decode keng：2, sheng ：2097152
world keng：4, sheng ：1048576

2026-08-19 21:17:59.682 INFO [pool-6-thread-9][:] - /****************流量统计******************/
LastReadBytes:26
LastReadThroughput:5
LastWrittenBytes:14
LastWriteThroughput:2
RealWrittenBytes:0
RealWriteThroughput:2
当前玩家的连接数量:1
当前地图的线程个数：9
当前地图的个数:47
当前数据库执行队列数:0
当前发送队列缓存的对象数量:1
totalMemory：984088576, use ：442253984, free ：541834592DirectMemory：1827143680, 恢复 ：1
当前时间 ：2026-08-19 21:17:59send keng：284, sheng ：4194304
decode keng：2, sheng ：2097152
world keng：4, sheng ：1048576

2026-08-19 21:18:04.682 INFO [pool-6-thread-8][:] - /****************流量统计******************/
LastReadBytes:0
LastReadThroughput:0
LastWrittenBytes:0
LastWriteThroughput:0
RealWrittenBytes:0
RealWriteThroughput:0
当前玩家的连接数量:1
当前地图的线程个数：9
当前地图的个数:47
当前数据库执行队列数:0
当前发送队列缓存的对象数量:1
totalMemory：984088576, use ：444998288, free ：539090288DirectMemory：1827143680, 恢复 ：1
当前时间 ：2026-08-19 21:18:04send keng：284, sheng ：4194304
decode keng：2, sheng ：2097152
world keng：4, sheng ：1048576

2026-08-19 21:18:09.682 INFO [pool-6-thread-8][:] - /****************流量统计******************/
LastReadBytes:26
LastReadThroughput:5
LastWrittenBytes:14
LastWriteThroughput:2
RealWrittenBytes:0
RealWriteThroughput:2
当前玩家的连接数量:1
当前地图的线程个数：9
当前地图的个数:47
当前数据库执行队列数:0
当前发送队列缓存的对象数量:1
totalMemory：984088576, use ：449733080, free ：534355496DirectMemory：1827143680, 恢复 ：1
当前时间 ：2026-08-19 21:18:09send keng：284, sheng ：4194304
decode keng：2, sheng ：2097152
world keng：4, sheng ：1048576

2026-08-19 21:18:14.683 INFO [pool-6-thread-1][:] - /****************流量统计******************/
LastReadBytes:0
LastReadThroughput:0
LastWrittenBytes:0
LastWriteThroughput:0
RealWrittenBytes:0
RealWriteThroughput:0
当前玩家的连接数量:1
当前地图的线程个数：9
当前地图的个数:47
当前数据库执行队列数:0
当前发送队列缓存的对象数量:1
totalMemory：984088576, use ：453083456, free ：531005120DirectMemory：1827143680, 恢复 ：1
当前时间 ：2026-08-19 21:18:14send keng：284, sheng ：4194304
decode keng：2, sheng ：2097152
world keng：4, sheng ：1048576

2026-08-19 21:18:19.682 INFO [pool-6-thread-10][:] - /****************流量统计******************/
LastReadBytes:26
LastReadThroughput:5
LastWrittenBytes:14
LastWriteThroughput:2
RealWrittenBytes:0
RealWriteThroughput:2
当前玩家的连接数量:1
当前地图的线程个数：9
当前地图的个数:47
当前数据库执行队列数:0
当前发送队列缓存的对象数量:1
totalMemory：984088576, use ：457021056, free ：527067520DirectMemory：1827143680, 恢复 ：1
当前时间 ：2026-08-19 21:18:19send keng：284, sheng ：4194304
decode keng：2, sheng ：2097152
world keng：4, sheng ：1048576

2026-08-19 21:18:24.682 INFO [pool-6-thread-7][:] - /****************流量统计******************/
LastReadBytes:0
LastReadThroughput:0
LastWrittenBytes:0
LastWriteThroughput:0
RealWrittenBytes:0
RealWriteThroughput:0
当前玩家的连接数量:1
当前地图的线程个数：9
当前地图的个数:47
当前数据库执行队列数:0
当前发送队列缓存的对象数量:1
totalMemory：984088576, use ：462206616, free ：521881960DirectMemory：1827143680, 恢复 ：1
当前时间 ：2026-08-19 21:18:24send keng：284, sheng ：4194304
decode keng：2, sheng ：2097152
world keng：4, sheng ：1048576

2026-08-19 21:18:29.682 INFO [pool-6-thread-10][:] - /****************流量统计******************/
LastReadBytes:26
LastReadThroughput:5
LastWrittenBytes:14
LastWriteThroughput:2
RealWrittenBytes:0
RealWriteThroughput:2
当前玩家的连接数量:1
当前地图的线程个数：9
当前地图的个数:47
当前数据库执行队列数:0
当前发送队列缓存的对象数量:1
totalMemory：984088576, use ：464858936, free ：519229640DirectMemory：1827143680, 恢复 ：1
当前时间 ：2026-08-19 21:18:29send keng：284, sheng ：4194304
decode keng：2, sheng ：2097152
world keng：4, sheng ：1048576

2026-08-19 21:18:34.682 INFO [pool-6-thread-10][:] - /****************流量统计******************/
LastReadBytes:0
LastReadThroughput:0
LastWrittenBytes:0
LastWriteThroughput:0
RealWrittenBytes:0
RealWriteThroughput:0
当前玩家的连接数量:1
当前地图的线程个数：9
当前地图的个数:47
当前数据库执行队列数:0
当前发送队列缓存的对象数量:1
totalMemory：984088576, use ：469516952, free ：514571624DirectMemory：1827143680, 恢复 ：1
当前时间 ：2026-08-19 21:18:34send keng：284, sheng ：4194304
decode keng：2, sheng ：2097152
world keng：4, sheng ：1048576

2026-08-19 21:18:39.682 INFO [pool-6-thread-3][:] - /****************流量统计******************/
LastReadBytes:26
LastReadThroughput:5
LastWrittenBytes:14
LastWriteThroughput:2
RealWrittenBytes:0
RealWriteThroughput:2
当前玩家的连接数量:1
当前地图的线程个数：9
当前地图的个数:47
当前数据库执行队列数:0
当前发送队列缓存的对象数量:1
totalMemory：984088576, use ：471433576, free ：512655000DirectMemory：1827143680, 恢复 ：1
当前时间 ：2026-08-19 21:18:39send keng：284, sheng ：4194304
decode keng：2, sheng ：2097152
world keng：4, sheng ：1048576

2026-08-19 21:18:44.683 INFO [pool-6-thread-2][:] - /****************流量统计******************/
LastReadBytes:0
LastReadThroughput:0
LastWrittenBytes:0
LastWriteThroughput:0
RealWrittenBytes:0
RealWriteThroughput:0
当前玩家的连接数量:1
当前地图的线程个数：9
当前地图的个数:47
当前数据库执行队列数:0
当前发送队列缓存的对象数量:1
totalMemory：984088576, use ：476882016, free ：507206560DirectMemory：1827143680, 恢复 ：1
当前时间 ：2026-08-19 21:18:44send keng：284, sheng ：4194304
decode keng：2, sheng ：2097152
world keng：4, sheng ：1048576

2026-08-19 21:18:49.682 INFO [pool-6-thread-3][:] - /****************流量统计******************/
LastReadBytes:26
LastReadThroughput:5
LastWrittenBytes:14
LastWriteThroughput:2
RealWrittenBytes:0
RealWriteThroughput:2
当前玩家的连接数量:1
当前地图的线程个数：9
当前地图的个数:47
当前数据库执行队列数:0
当前发送队列缓存的对象数量:1
totalMemory：984088576, use ：479878104, free ：504210472DirectMemory：1827143680, 恢复 ：1
当前时间 ：2026-08-19 21:18:49send keng：284, sheng ：4194304
decode keng：2, sheng ：2097152
world keng：4, sheng ：1048576

2026-08-19 21:18:54.683 INFO [pool-6-thread-3][:] - /****************流量统计******************/
LastReadBytes:0
LastReadThroughput:0
LastWrittenBytes:0
LastWriteThroughput:0
RealWrittenBytes:0
RealWriteThroughput:0
当前玩家的连接数量:1
当前地图的线程个数：9
当前地图的个数:47
当前数据库执行队列数:0
当前发送队列缓存的对象数量:1
totalMemory：984088576, use ：483405648, free ：500682928DirectMemory：1827143680, 恢复 ：1
当前时间 ：2026-08-19 21:18:54send keng：284, sheng ：4194304
decode keng：2, sheng ：2097152
world keng：4, sheng ：1048576

2026-08-19 21:18:59.682 INFO [pool-6-thread-3][:] - /****************流量统计******************/
LastReadBytes:0
LastReadThroughput:0
LastWrittenBytes:0
LastWriteThroughput:0
RealWrittenBytes:14
RealWriteThroughput:0
当前玩家的连接数量:1
当前地图的线程个数：9
当前地图的个数:47
当前数据库执行队列数:0
当前发送队列缓存的对象数量:1
totalMemory：984088576, use ：486879896, free ：497208680DirectMemory：1827143680, 恢复 ：1
当前时间 ：2026-08-19 21:18:59send keng：284, sheng ：4194304
decode keng：2, sheng ：2097152
world keng：4, sheng ：1048576

2026-08-19 21:19:04.682 INFO [pool-6-thread-8][:] - /****************流量统计******************/
LastReadBytes:26
LastReadThroughput:5
LastWrittenBytes:14
LastWriteThroughput:2
RealWrittenBytes:0
RealWriteThroughput:2
当前玩家的连接数量:1
当前地图的线程个数：9
当前地图的个数:47
当前数据库执行队列数:0
当前发送队列缓存的对象数量:1
totalMemory：984088576, use ：490821464, free ：493267112DirectMemory：1827143680, 恢复 ：1
当前时间 ：2026-08-19 21:19:04send keng：284, sheng ：4194304
decode keng：2, sheng ：2097152
world keng：4, sheng ：1048576

2026-08-19 21:19:09.682 INFO [pool-6-thread-9][:] - /****************流量统计******************/
LastReadBytes:0
LastReadThroughput:0
LastWrittenBytes:0
LastWriteThroughput:0
RealWrittenBytes:14
RealWriteThroughput:0
当前玩家的连接数量:1
当前地图的线程个数：9
当前地图的个数:47
当前数据库执行队列数:0
当前发送队列缓存的对象数量:1
totalMemory：984088576, use ：496389496, free ：487699080DirectMemory：1827143680, 恢复 ：1
当前时间 ：2026-08-19 21:19:09send keng：284, sheng ：4194304
decode keng：2, sheng ：2097152
world keng：4, sheng ：1048576

2026-08-19 21:19:14.682 INFO [pool-6-thread-10][:] - /****************流量统计******************/
LastReadBytes:26
LastReadThroughput:5
LastWrittenBytes:14
LastWriteThroughput:2
RealWrittenBytes:0
RealWriteThroughput:2
当前玩家的连接数量:1
当前地图的线程个数：9
当前地图的个数:47
当前数据库执行队列数:0
当前发送队列缓存的对象数量:1
totalMemory：984088576, use ：497720440, free ：486368136DirectMemory：1827143680, 恢复 ：1
当前时间 ：2026-08-19 21:19:14send keng：284, sheng ：4194304
decode keng：2, sheng ：2097152
world keng：4, sheng ：1048576

2026-08-19 21:19:19.682 INFO [pool-6-thread-7][:] - /****************流量统计******************/
LastReadBytes:0
LastReadThroughput:0
LastWrittenBytes:0
LastWriteThroughput:0
RealWrittenBytes:0
RealWriteThroughput:0
当前玩家的连接数量:1
当前地图的线程个数：9
当前地图的个数:47
当前数据库执行队列数:0
当前发送队列缓存的对象数量:1
totalMemory：984088576, use ：502848640, free ：481239936DirectMemory：1827143680, 恢复 ：1
当前时间 ：2026-08-19 21:19:19send keng：284, sheng ：4194304
decode keng：2, sheng ：2097152
world keng：4, sheng ：1048576

2026-08-19 21:19:24.683 INFO [pool-6-thread-4][:] - /****************流量统计******************/
LastReadBytes:26
LastReadThroughput:5
LastWrittenBytes:14
LastWriteThroughput:2
RealWrittenBytes:0
RealWriteThroughput:2
当前玩家的连接数量:1
当前地图的线程个数：9
当前地图的个数:47
当前数据库执行队列数:0
当前发送队列缓存的对象数量:1
totalMemory：984088576, use ：505263440, free ：478825136DirectMemory：1827143680, 恢复 ：1
当前时间 ：2026-08-19 21:19:24send keng：284, sheng ：4194304
decode keng：2, sheng ：2097152
world keng：4, sheng ：1048576

2026-08-19 21:19:29.682 INFO [pool-6-thread-8][:] - /****************流量统计******************/
LastReadBytes:0
LastReadThroughput:0
LastWrittenBytes:0
LastWriteThroughput:0
RealWrittenBytes:0
RealWriteThroughput:0
当前玩家的连接数量:1
当前地图的线程个数：9
当前地图的个数:47
当前数据库执行队列数:0
当前发送队列缓存的对象数量:1
totalMemory：984088576, use ：510243608, free ：473844968DirectMemory：1827143680, 恢复 ：1
当前时间 ：2026-08-19 21:19:29send keng：284, sheng ：4194304
decode keng：2, sheng ：2097152
world keng：4, sheng ：1048576

2026-08-19 21:19:34.683 INFO [pool-6-thread-6][:] - /****************流量统计******************/
LastReadBytes:26
LastReadThroughput:5
LastWrittenBytes:14
LastWriteThroughput:2
RealWrittenBytes:0
RealWriteThroughput:2
当前玩家的连接数量:1
当前地图的线程个数：9
当前地图的个数:47
当前数据库执行队列数:0
当前发送队列缓存的对象数量:1
totalMemory：984088576, use ：513924816, free ：470163760DirectMemory：1827143680, 恢复 ：1
当前时间 ：2026-08-19 21:19:34send keng：284, sheng ：4194304
decode keng：2, sheng ：2097152
world keng：4, sheng ：1048576

2026-08-19 21:19:39.682 INFO [pool-6-thread-3][:] - /****************流量统计******************/
LastReadBytes:0
LastReadThroughput:0
LastWrittenBytes:0
LastWriteThroughput:0
RealWrittenBytes:0
RealWriteThroughput:0
当前玩家的连接数量:1
当前地图的线程个数：9
当前地图的个数:47
当前数据库执行队列数:0
当前发送队列缓存的对象数量:1
totalMemory：984088576, use ：517558144, free ：466530432DirectMemory：1827143680, 恢复 ：1
当前时间 ：2026-08-19 21:19:39send keng：284, sheng ：4194304
decode keng：2, sheng ：2097152
world keng：4, sheng ：1048576

2026-08-19 21:19:44.682 INFO [pool-6-thread-6][:] - /****************流量统计******************/
LastReadBytes:26
LastReadThroughput:5
LastWrittenBytes:14
LastWriteThroughput:2
RealWrittenBytes:0
RealWriteThroughput:2
当前玩家的连接数量:1
当前地图的线程个数：9
当前地图的个数:47
当前数据库执行队列数:0
当前发送队列缓存的对象数量:1
totalMemory：984088576, use ：521722768, free ：462365808DirectMemory：1827143680, 恢复 ：1
当前时间 ：2026-08-19 21:19:44send keng：284, sheng ：4194304
decode keng：2, sheng ：2097152
world keng：4, sheng ：1048576

2026-08-19 21:19:49.682 INFO [pool-6-thread-3][:] - /****************流量统计******************/
LastReadBytes:0
LastReadThroughput:0
LastWrittenBytes:0
LastWriteThroughput:0
RealWrittenBytes:0
RealWriteThroughput:0
当前玩家的连接数量:1
当前地图的线程个数：9
当前地图的个数:47
当前数据库执行队列数:0
当前发送队列缓存的对象数量:1
totalMemory：984088576, use ：524121304, free ：459967272DirectMemory：1827143680, 恢复 ：1
当前时间 ：2026-08-19 21:19:49send keng：284, sheng ：4194304
decode keng：2, sheng ：2097152
world keng：4, sheng ：1048576

2026-08-19 21:19:54.682 INFO [pool-6-thread-3][:] - /****************流量统计******************/
LastReadBytes:26
LastReadThroughput:5
LastWrittenBytes:14
LastWriteThroughput:2
RealWrittenBytes:0
RealWriteThroughput:2
当前玩家的连接数量:1
当前地图的线程个数：9
当前地图的个数:47
当前数据库执行队列数:0
当前发送队列缓存的对象数量:1
totalMemory：984088576, use ：529574920, free ：454513656DirectMemory：1827143680, 恢复 ：1
当前时间 ：2026-08-19 21:19:54send keng：284, sheng ：4194304
decode keng：2, sheng ：2097152
world keng：4, sheng ：1048576

2026-08-19 21:19:59.682 INFO [pool-6-thread-7][:] - /****************流量统计******************/
LastReadBytes:0
LastReadThroughput:0
LastWrittenBytes:0
LastWriteThroughput:0
RealWrittenBytes:0
RealWriteThroughput:0
当前玩家的连接数量:1
当前地图的线程个数：9
当前地图的个数:47
当前数据库执行队列数:0
当前发送队列缓存的对象数量:1
totalMemory：984088576, use ：532250112, free ：451838464DirectMemory：1827143680, 恢复 ：1
当前时间 ：2026-08-19 21:19:59send keng：284, sheng ：4194304
decode keng：2, sheng ：2097152
world keng：4, sheng ：1048576

2026-08-19 21:20:04.682 INFO [pool-6-thread-5][:] - /****************流量统计******************/
LastReadBytes:26
LastReadThroughput:5
LastWrittenBytes:14
LastWriteThroughput:2
RealWrittenBytes:0
RealWriteThroughput:2
当前玩家的连接数量:1
当前地图的线程个数：9
当前地图的个数:47
当前数据库执行队列数:0
当前发送队列缓存的对象数量:1
totalMemory：984088576, use ：536695104, free ：447393472DirectMemory：1827143680, 恢复 ：1
当前时间 ：2026-08-19 21:20:04send keng：284, sheng ：4194304
decode keng：2, sheng ：2097152
world keng：4, sheng ：1048576

2026-08-19 21:20:09.682 INFO [pool-6-thread-2][:] - /****************流量统计******************/
LastReadBytes:0
LastReadThroughput:0
LastWrittenBytes:0
LastWriteThroughput:0
RealWrittenBytes:0
RealWriteThroughput:0
当前玩家的连接数量:1
当前地图的线程个数：9
当前地图的个数:47
当前数据库执行队列数:0
当前发送队列缓存的对象数量:1
totalMemory：984088576, use ：540542416, free ：443546160DirectMemory：1827143680, 恢复 ：1
当前时间 ：2026-08-19 21:20:09send keng：284, sheng ：4194304
decode keng：2, sheng ：2097152
world keng：4, sheng ：1048576

2026-08-19 21:20:14.682 INFO [pool-6-thread-1][:] - /****************流量统计******************/
LastReadBytes:0
LastReadThroughput:0
LastWrittenBytes:0
LastWriteThroughput:0
RealWrittenBytes:14
RealWriteThroughput:0
当前玩家的连接数量:1
当前地图的线程个数：9
当前地图的个数:47
当前数据库执行队列数:0
当前发送队列缓存的对象数量:1
totalMemory：984088576, use ：544237352, free ：439851224DirectMemory：1827143680, 恢复 ：1
当前时间 ：2026-08-19 21:20:14send keng：284, sheng ：4194304
decode keng：2, sheng ：2097152
world keng：4, sheng ：1048576

2026-08-19 21:20:19.682 INFO [pool-6-thread-7][:] - /****************流量统计******************/
LastReadBytes:26
LastReadThroughput:5
LastWrittenBytes:14
LastWriteThroughput:2
RealWrittenBytes:0
RealWriteThroughput:2
当前玩家的连接数量:1
当前地图的线程个数：9
当前地图的个数:47
当前数据库执行队列数:0
当前发送队列缓存的对象数量:1
totalMemory：984088576, use ：547187952, free ：436900624DirectMemory：1827143680, 恢复 ：1
当前时间 ：2026-08-19 21:20:19send keng：284, sheng ：4194304
decode keng：2, sheng ：2097152
world keng：4, sheng ：1048576

2026-08-19 21:20:24.682 INFO [pool-6-thread-9][:] - /****************流量统计******************/
LastReadBytes:0
LastReadThroughput:0
LastWrittenBytes:0
LastWriteThroughput:0
RealWrittenBytes:0
RealWriteThroughput:0
当前玩家的连接数量:1
当前地图的线程个数：9
当前地图的个数:47
当前数据库执行队列数:0
当前发送队列缓存的对象数量:1
totalMemory：984088576, use ：551640632, free ：432447944DirectMemory：1827143680, 恢复 ：1
当前时间 ：2026-08-19 21:20:24send keng：284, sheng ：4194304
decode keng：2, sheng ：2097152
world keng：4, sheng ：1048576

2026-08-19 21:20:29.682 INFO [pool-6-thread-3][:] - /****************流量统计******************/
LastReadBytes:26
LastReadThroughput:5
LastWrittenBytes:14
LastWriteThroughput:2
RealWrittenBytes:0
RealWriteThroughput:2
当前玩家的连接数量:1
当前地图的线程个数：9
当前地图的个数:47
当前数据库执行队列数:0
当前发送队列缓存的对象数量:1
totalMemory：984088576, use ：555775760, free ：428312816DirectMemory：1827143680, 恢复 ：1
当前时间 ：2026-08-19 21:20:29send keng：284, sheng ：4194304
decode keng：2, sheng ：2097152
world keng：4, sheng ：1048576

2026-08-19 21:20:34.682 INFO [pool-6-thread-4][:] - /****************流量统计******************/
LastReadBytes:0
LastReadThroughput:0
LastWrittenBytes:0
LastWriteThroughput:0
RealWrittenBytes:0
RealWriteThroughput:0
当前玩家的连接数量:1
当前地图的线程个数：9
当前地图的个数:47
当前数据库执行队列数:0
当前发送队列缓存的对象数量:1
totalMemory：984088576, use ：558161736, free ：425926840DirectMemory：1827143680, 恢复 ：1
当前时间 ：2026-08-19 21:20:34send keng：284, sheng ：4194304
decode keng：2, sheng ：2097152
world keng：4, sheng ：1048576

2026-08-19 21:20:39.682 INFO [pool-6-thread-8][:] - /****************流量统计******************/
LastReadBytes:26
LastReadThroughput:5
LastWrittenBytes:14
LastWriteThroughput:2
RealWrittenBytes:0
RealWriteThroughput:2
当前玩家的连接数量:1
当前地图的线程个数：9
当前地图的个数:47
当前数据库执行队列数:0
当前发送队列缓存的对象数量:1
totalMemory：984088576, use ：564065296, free ：420023280DirectMemory：1827143680, 恢复 ：1
当前时间 ：2026-08-19 21:20:39send keng：284, sheng ：4194304
decode keng：2, sheng ：2097152
world keng：4, sheng ：1048576

2026-08-19 21:20:44.682 INFO [pool-6-thread-8][:] - /****************流量统计******************/
LastReadBytes:0
LastReadThroughput:0
LastWrittenBytes:0
LastWriteThroughput:0
RealWrittenBytes:0
RealWriteThroughput:0
当前玩家的连接数量:1
当前地图的线程个数：9
当前地图的个数:47
当前数据库执行队列数:0
当前发送队列缓存的对象数量:1
totalMemory：984088576, use ：565725336, free ：418363240DirectMemory：1827143680, 恢复 ：1
当前时间 ：2026-08-19 21:20:44send keng：284, sheng ：4194304
decode keng：2, sheng ：2097152
world keng：4, sheng ：1048576

2026-08-19 21:20:49.682 INFO [pool-6-thread-9][:] - /****************流量统计******************/
LastReadBytes:26
LastReadThroughput:5
LastWrittenBytes:14
LastWriteThroughput:2
RealWrittenBytes:0
RealWriteThroughput:2
当前玩家的连接数量:1
当前地图的线程个数：9
当前地图的个数:47
当前数据库执行队列数:0
当前发送队列缓存的对象数量:1
totalMemory：984088576, use ：571008392, free ：413080184DirectMemory：1827143680, 恢复 ：1
当前时间 ：2026-08-19 21:20:49send keng：284, sheng ：4194304
decode keng：2, sheng ：2097152
world keng：4, sheng ：1048576

2026-08-19 21:20:54.682 INFO [pool-6-thread-6][:] - /****************流量统计******************/
LastReadBytes:0
LastReadThroughput:0
LastWrittenBytes:0
LastWriteThroughput:0
RealWrittenBytes:0
RealWriteThroughput:0
当前玩家的连接数量:1
当前地图的线程个数：9
当前地图的个数:47
当前数据库执行队列数:0
当前发送队列缓存的对象数量:1
totalMemory：984088576, use ：573796120, free ：410292456DirectMemory：1827143680, 恢复 ：1
当前时间 ：2026-08-19 21:20:54send keng：284, sheng ：4194304
decode keng：2, sheng ：2097152
world keng：4, sheng ：1048576

2026-08-19 21:20:59.683 INFO [pool-6-thread-7][:] - /****************流量统计******************/
LastReadBytes:26
LastReadThroughput:5
LastWrittenBytes:14
LastWriteThroughput:2
RealWrittenBytes:0
RealWriteThroughput:2
当前玩家的连接数量:1
当前地图的线程个数：9
当前地图的个数:47
当前数据库执行队列数:0
当前发送队列缓存的对象数量:1
totalMemory：984088576, use ：577898808, free ：406189768DirectMemory：1827143680, 恢复 ：1
当前时间 ：2026-08-19 21:20:59send keng：284, sheng ：4194304
decode keng：2, sheng ：2097152
world keng：4, sheng ：1048576

2026-08-19 21:21:04.682 INFO [pool-6-thread-9][:] - /****************流量统计******************/
LastReadBytes:0
LastReadThroughput:0
LastWrittenBytes:0
LastWriteThroughput:0
RealWrittenBytes:0
RealWriteThroughput:0
当前玩家的连接数量:1
当前地图的线程个数：9
当前地图的个数:47
当前数据库执行队列数:0
当前发送队列缓存的对象数量:1
totalMemory：984088576, use ：582255848, free ：401832728DirectMemory：1827143680, 恢复 ：1
当前时间 ：2026-08-19 21:21:04send keng：284, sheng ：4194304
decode keng：2, sheng ：2097152
world keng：4, sheng ：1048576

2026-08-19 21:21:09.688 INFO [pool-6-thread-1][:] - /****************流量统计******************/
LastReadBytes:26
LastReadThroughput:5
LastWrittenBytes:14
LastWriteThroughput:2
RealWrittenBytes:0
RealWriteThroughput:2
当前玩家的连接数量:1
当前地图的线程个数：9
当前地图的个数:47
当前数据库执行队列数:0
当前发送队列缓存的对象数量:1
totalMemory：984088576, use ：584477600, free ：399610976DirectMemory：1827143680, 恢复 ：1
当前时间 ：2026-08-19 21:21:09send keng：284, sheng ：4194304
decode keng：2, sheng ：2097152
world keng：4, sheng ：1048576

2026-08-19 21:21:14.683 INFO [pool-6-thread-8][:] - /****************流量统计******************/
LastReadBytes:135
LastReadThroughput:27
LastWrittenBytes:112
LastWriteThroughput:22
RealWrittenBytes:0
RealWriteThroughput:22
当前玩家的连接数量:1
当前地图的线程个数：9
当前地图的个数:47
当前数据库执行队列数:0
当前发送队列缓存的对象数量:1
totalMemory：984088576, use ：590035352, free ：394053224DirectMemory：1827143680, 恢复 ：1
当前时间 ：2026-08-19 21:21:14send keng：290, sheng ：4194304
decode keng：2, sheng ：2097152
world keng：4, sheng ：1048576

2026-08-19 21:21:19.682 INFO [pool-6-thread-3][:] - /****************流量统计******************/
LastReadBytes:0
LastReadThroughput:0
LastWrittenBytes:0
LastWriteThroughput:0
RealWrittenBytes:14
RealWriteThroughput:0
当前玩家的连接数量:1
当前地图的线程个数：9
当前地图的个数:47
当前数据库执行队列数:0
当前发送队列缓存的对象数量:1
totalMemory：984088576, use ：592731288, free ：391357288DirectMemory：1827143680, 恢复 ：1
当前时间 ：2026-08-19 21:21:19send keng：290, sheng ：4194304
decode keng：2, sheng ：2097152
world keng：4, sheng ：1048576

2026-08-19 21:21:24.682 INFO [pool-6-thread-5][:] - /****************流量统计******************/
LastReadBytes:26
LastReadThroughput:5
LastWrittenBytes:14
LastWriteThroughput:2
RealWrittenBytes:0
RealWriteThroughput:2
当前玩家的连接数量:1
当前地图的线程个数：9
当前地图的个数:47
当前数据库执行队列数:0
当前发送队列缓存的对象数量:1
totalMemory：984088576, use ：597895096, free ：386193480DirectMemory：1827143680, 恢复 ：1
当前时间 ：2026-08-19 21:21:24send keng：290, sheng ：4194304
decode keng：2, sheng ：2097152
world keng：4, sheng ：1048576

2026-08-19 21:21:29.682 INFO [pool-6-thread-8][:] - /****************流量统计******************/
LastReadBytes:0
LastReadThroughput:0
LastWrittenBytes:0
LastWriteThroughput:0
RealWrittenBytes:14
RealWriteThroughput:0
当前玩家的连接数量:1
当前地图的线程个数：9
当前地图的个数:47
当前数据库执行队列数:0
当前发送队列缓存的对象数量:1
totalMemory：984088576, use ：599784408, free ：384304168DirectMemory：1827143680, 恢复 ：1
当前时间 ：2026-08-19 21:21:29send keng：290, sheng ：4194304
decode keng：2, sheng ：2097152
world keng：4, sheng ：1048576

2026-08-19 21:21:34.682 INFO [pool-6-thread-3][:] - /****************流量统计******************/
LastReadBytes:26
LastReadThroughput:5
LastWrittenBytes:14
LastWriteThroughput:2
RealWrittenBytes:0
RealWriteThroughput:2
当前玩家的连接数量:1
当前地图的线程个数：9
当前地图的个数:47
当前数据库执行队列数:0
当前发送队列缓存的对象数量:1
totalMemory：984088576, use ：604777512, free ：379311064DirectMemory：1827143680, 恢复 ：1
当前时间 ：2026-08-19 21:21:34send keng：290, sheng ：4194304
decode keng：2, sheng ：2097152
world keng：4, sheng ：1048576

2026-08-19 21:21:39.682 INFO [pool-6-thread-10][:] - /****************流量统计******************/
LastReadBytes:0
LastReadThroughput:0
LastWrittenBytes:0
LastWriteThroughput:0
RealWrittenBytes:0
RealWriteThroughput:0
当前玩家的连接数量:1
当前地图的线程个数：9
当前地图的个数:47
当前数据库执行队列数:0
当前发送队列缓存的对象数量:1
totalMemory：984088576, use ：607209160, free ：376879416DirectMemory：1827143680, 恢复 ：1
当前时间 ：2026-08-19 21:21:39send keng：290, sheng ：4194304
decode keng：2, sheng ：2097152
world keng：4, sheng ：1048576

2026-08-19 21:21:44.682 INFO [pool-6-thread-1][:] - /****************流量统计******************/
LastReadBytes:100
LastReadThroughput:20
LastWrittenBytes:56
LastWriteThroughput:11
RealWrittenBytes:0
RealWriteThroughput:11
当前玩家的连接数量:1
当前地图的线程个数：9
当前地图的个数:47
当前数据库执行队列数:0
当前发送队列缓存的对象数量:1
totalMemory：984088576, use ：611622952, free ：372465624DirectMemory：1827143680, 恢复 ：1
当前时间 ：2026-08-19 21:21:44send keng：291, sheng ：4194304
decode keng：2, sheng ：2097152
world keng：4, sheng ：1048576

2026-08-19 21:21:49.682 INFO [pool-6-thread-1][:] - /****************流量统计******************/
LastReadBytes:0
LastReadThroughput:0
LastWrittenBytes:0
LastWriteThroughput:0
RealWrittenBytes:0
RealWriteThroughput:0
当前玩家的连接数量:1
当前地图的线程个数：9
当前地图的个数:47
当前数据库执行队列数:0
当前发送队列缓存的对象数量:1
totalMemory：984088576, use ：615312336, free ：368776240DirectMemory：1827143680, 恢复 ：1
当前时间 ：2026-08-19 21:21:49send keng：291, sheng ：4194304
decode keng：2, sheng ：2097152
world keng：4, sheng ：1048576

2026-08-19 21:21:54.682 INFO [pool-6-thread-5][:] - /****************流量统计******************/
LastReadBytes:26
LastReadThroughput:5
LastWrittenBytes:14
LastWriteThroughput:2
RealWrittenBytes:0
RealWriteThroughput:2
当前玩家的连接数量:1
当前地图的线程个数：9
当前地图的个数:47
当前数据库执行队列数:0
当前发送队列缓存的对象数量:1
totalMemory：984088576, use ：619290304, free ：364798272DirectMemory：1827143680, 恢复 ：1
当前时间 ：2026-08-19 21:21:54send keng：291, sheng ：4194304
decode keng：2, sheng ：2097152
world keng：4, sheng ：1048576

2026-08-19 21:21:59.682 INFO [pool-6-thread-3][:] - /****************流量统计******************/
LastReadBytes:0
LastReadThroughput:0
LastWrittenBytes:0
LastWriteThroughput:0
RealWrittenBytes:0
RealWriteThroughput:0
当前玩家的连接数量:1
当前地图的线程个数：9
当前地图的个数:47
当前数据库执行队列数:0
当前发送队列缓存的对象数量:1
totalMemory：984088576, use ：623267248, free ：360821328DirectMemory：1827143680, 恢复 ：1
当前时间 ：2026-08-19 21:21:59send keng：291, sheng ：4194304
decode keng：2, sheng ：2097152
world keng：4, sheng ：1048576

2026-08-19 21:22:04.684 INFO [pool-6-thread-5][:] - /****************流量统计******************/
LastReadBytes:26
LastReadThroughput:5
LastWrittenBytes:14
LastWriteThroughput:2
RealWrittenBytes:0
RealWriteThroughput:2
当前玩家的连接数量:1
当前地图的线程个数：9
当前地图的个数:47
当前数据库执行队列数:0
当前发送队列缓存的对象数量:1
totalMemory：984088576, use ：626815864, free ：357272712DirectMemory：1827143680, 恢复 ：1
当前时间 ：2026-08-19 21:22:04send keng：291, sheng ：4194304
decode keng：2, sheng ：2097152
world keng：4, sheng ：1048576

2026-08-19 21:22:09.683 INFO [pool-6-thread-4][:] - /****************流量统计******************/
LastReadBytes:0
LastReadThroughput:0
LastWrittenBytes:0
LastWriteThroughput:0
RealWrittenBytes:0
RealWriteThroughput:0
当前玩家的连接数量:1
当前地图的线程个数：9
当前地图的个数:47
当前数据库执行队列数:0
当前发送队列缓存的对象数量:1
totalMemory：984088576, use ：632171784, free ：351916792DirectMemory：1827143680, 恢复 ：1
当前时间 ：2026-08-19 21:22:09send keng：291, sheng ：4194304
decode keng：2, sheng ：2097152
world keng：4, sheng ：1048576

2026-08-19 21:22:14.682 INFO [pool-6-thread-4][:] - /****************流量统计******************/
LastReadBytes:26
LastReadThroughput:5
LastWrittenBytes:14
LastWriteThroughput:2
RealWrittenBytes:0
RealWriteThroughput:2
当前玩家的连接数量:1
当前地图的线程个数：9
当前地图的个数:47
当前数据库执行队列数:0
当前发送队列缓存的对象数量:1
totalMemory：984088576, use ：634099792, free ：349988784DirectMemory：1827143680, 恢复 ：1
当前时间 ：2026-08-19 21:22:14send keng：291, sheng ：4194304
decode keng：2, sheng ：2097152
world keng：4, sheng ：1048576

2026-08-19 21:22:19.682 INFO [pool-6-thread-5][:] - /****************流量统计******************/
LastReadBytes:0
LastReadThroughput:0
LastWrittenBytes:0
LastWriteThroughput:0
RealWrittenBytes:0
RealWriteThroughput:0
当前玩家的连接数量:1
当前地图的线程个数：9
当前地图的个数:47
当前数据库执行队列数:0
当前发送队列缓存的对象数量:1
totalMemory：984088576, use ：639208024, free ：344880552DirectMemory：1827143680, 恢复 ：1
当前时间 ：2026-08-19 21:22:19send keng：291, sheng ：4194304
decode keng：2, sheng ：2097152
world keng：4, sheng ：1048576

2026-08-19 21:22:24.682 INFO [pool-6-thread-7][:] - /****************流量统计******************/
LastReadBytes:0
LastReadThroughput:0
LastWrittenBytes:0
LastWriteThroughput:0
RealWrittenBytes:14
RealWriteThroughput:0
当前玩家的连接数量:1
当前地图的线程个数：9
当前地图的个数:47
当前数据库执行队列数:0
当前发送队列缓存的对象数量:1
totalMemory：984088576, use ：642006952, free ：342081624DirectMemory：1827143680, 恢复 ：1
当前时间 ：2026-08-19 21:22:24send keng：291, sheng ：4194304
decode keng：2, sheng ：2097152
world keng：4, sheng ：1048576

2026-08-19 21:22:29.682 INFO [pool-6-thread-8][:] - /****************流量统计******************/
LastReadBytes:26
LastReadThroughput:5
LastWrittenBytes:14
LastWriteThroughput:2
RealWrittenBytes:0
RealWriteThroughput:2
当前玩家的连接数量:1
当前地图的线程个数：9
当前地图的个数:47
当前数据库执行队列数:0
当前发送队列缓存的对象数量:1
totalMemory：984088576, use ：646724712, free ：337363864DirectMemory：1827143680, 恢复 ：1
当前时间 ：2026-08-19 21:22:29send keng：291, sheng ：4194304
decode keng：2, sheng ：2097152
world keng：4, sheng ：1048576

2026-08-19 21:22:34.682 INFO [pool-6-thread-6][:] - /****************流量统计******************/
LastReadBytes:0
LastReadThroughput:0
LastWrittenBytes:0
LastWriteThroughput:0
RealWrittenBytes:14
RealWriteThroughput:0
当前玩家的连接数量:1
当前地图的线程个数：9
当前地图的个数:47
当前数据库执行队列数:0
当前发送队列缓存的对象数量:1
totalMemory：984088576, use ：649724216, free ：334364360DirectMemory：1827143680, 恢复 ：1
当前时间 ：2026-08-19 21:22:34send keng：291, sheng ：4194304
decode keng：2, sheng ：2097152
world keng：4, sheng ：1048576

2026-08-19 21:22:39.682 INFO [pool-6-thread-7][:] - /****************流量统计******************/
LastReadBytes:26
LastReadThroughput:5
LastWrittenBytes:14
LastWriteThroughput:2
RealWrittenBytes:0
RealWriteThroughput:2
当前玩家的连接数量:1
当前地图的线程个数：9
当前地图的个数:47
当前数据库执行队列数:0
当前发送队列缓存的对象数量:1
totalMemory：984088576, use ：654631376, free ：329457200DirectMemory：1827143680, 恢复 ：1
当前时间 ：2026-08-19 21:22:39send keng：291, sheng ：4194304
decode keng：2, sheng ：2097152
world keng：4, sheng ：1048576

2026-08-19 21:22:44.682 INFO [pool-6-thread-10][:] - /****************流量统计******************/
LastReadBytes:0
LastReadThroughput:0
LastWrittenBytes:0
LastWriteThroughput:0
RealWrittenBytes:0
RealWriteThroughput:0
当前玩家的连接数量:1
当前地图的线程个数：9
当前地图的个数:47
当前数据库执行队列数:0
当前发送队列缓存的对象数量:1
totalMemory：984088576, use ：657245768, free ：326842808DirectMemory：1827143680, 恢复 ：1
当前时间 ：2026-08-19 21:22:44send keng：291, sheng ：4194304
decode keng：2, sheng ：2097152
world keng：4, sheng ：1048576

2026-08-19 21:22:49.682 INFO [pool-6-thread-3][:] - /****************流量统计******************/
LastReadBytes:26
LastReadThroughput:5
LastWrittenBytes:14
LastWriteThroughput:2
RealWrittenBytes:0
RealWriteThroughput:2
当前玩家的连接数量:1
当前地图的线程个数：9
当前地图的个数:47
当前数据库执行队列数:0
当前发送队列缓存的对象数量:1
totalMemory：984088576, use ：661274984, free ：322813592DirectMemory：1827143680, 恢复 ：1
当前时间 ：2026-08-19 21:22:49send keng：291, sheng ：4194304
decode keng：2, sheng ：2097152
world keng：4, sheng ：1048576

2026-08-19 21:22:54.682 INFO [pool-6-thread-5][:] - /****************流量统计******************/
LastReadBytes:0
LastReadThroughput:0
LastWrittenBytes:0
LastWriteThroughput:0
RealWrittenBytes:0
RealWriteThroughput:0
当前玩家的连接数量:1
当前地图的线程个数：9
当前地图的个数:47
当前数据库执行队列数:0
当前发送队列缓存的对象数量:1
totalMemory：984088576, use ：665009568, free ：319079008DirectMemory：1827143680, 恢复 ：1
当前时间 ：2026-08-19 21:22:54send keng：291, sheng ：4194304
decode keng：2, sheng ：2097152
world keng：4, sheng ：1048576

2026-08-19 21:22:59.682 INFO [pool-6-thread-5][:] - /****************流量统计******************/
LastReadBytes:26
LastReadThroughput:5
LastWrittenBytes:14
LastWriteThroughput:2
RealWrittenBytes:0
RealWriteThroughput:2
当前玩家的连接数量:1
当前地图的线程个数：9
当前地图的个数:47
当前数据库执行队列数:0
当前发送队列缓存的对象数量:1
totalMemory：984088576, use ：668168216, free ：315920360DirectMemory：1827143680, 恢复 ：1
当前时间 ：2026-08-19 21:22:59send keng：291, sheng ：4194304
decode keng：2, sheng ：2097152
world keng：4, sheng ：1048576

2026-08-19 21:23:04.682 INFO [pool-6-thread-5][:] - /****************流量统计******************/
LastReadBytes:0
LastReadThroughput:0
LastWrittenBytes:0
LastWriteThroughput:0
RealWrittenBytes:0
RealWriteThroughput:0
当前玩家的连接数量:1
当前地图的线程个数：9
当前地图的个数:47
当前数据库执行队列数:0
当前发送队列缓存的对象数量:1
totalMemory：984088576, use ：672770792, free ：311317784DirectMemory：1827143680, 恢复 ：1
当前时间 ：2026-08-19 21:23:04send keng：291, sheng ：4194304
decode keng：2, sheng ：2097152
world keng：4, sheng ：1048576

2026-08-19 21:23:09.682 INFO [pool-6-thread-8][:] - /****************流量统计******************/
LastReadBytes:26
LastReadThroughput:5
LastWrittenBytes:14
LastWriteThroughput:2
RealWrittenBytes:0
RealWriteThroughput:2
当前玩家的连接数量:1
当前地图的线程个数：9
当前地图的个数:47
当前数据库执行队列数:0
当前发送队列缓存的对象数量:1
totalMemory：984088576, use ：675771648, free ：308316928DirectMemory：1827143680, 恢复 ：1
当前时间 ：2026-08-19 21:23:09send keng：291, sheng ：4194304
decode keng：2, sheng ：2097152
world keng：4, sheng ：1048576

2026-08-19 21:23:14.682 INFO [pool-6-thread-6][:] - /****************流量统计******************/
LastReadBytes:0
LastReadThroughput:0
LastWrittenBytes:0
LastWriteThroughput:0
RealWrittenBytes:0
RealWriteThroughput:0
当前玩家的连接数量:1
当前地图的线程个数：9
当前地图的个数:47
当前数据库执行队列数:0
当前发送队列缓存的对象数量:1
totalMemory：984088576, use ：680064176, free ：304024400DirectMemory：1827143680, 恢复 ：1
当前时间 ：2026-08-19 21:23:14send keng：291, sheng ：4194304
decode keng：2, sheng ：2097152
world keng：4, sheng ：1048576

2026-08-19 21:23:19.682 INFO [pool-6-thread-1][:] - /****************流量统计******************/
LastReadBytes:26
LastReadThroughput:5
LastWrittenBytes:14
LastWriteThroughput:2
RealWrittenBytes:0
RealWriteThroughput:2
当前玩家的连接数量:1
当前地图的线程个数：9
当前地图的个数:47
当前数据库执行队列数:0
当前发送队列缓存的对象数量:1
totalMemory：984088576, use ：684007808, free ：300080768DirectMemory：1827143680, 恢复 ：1
当前时间 ：2026-08-19 21:23:19send keng：291, sheng ：4194304
decode keng：2, sheng ：2097152
world keng：4, sheng ：1048576

2026-08-19 21:23:24.682 INFO [pool-6-thread-4][:] - /****************流量统计******************/
LastReadBytes:0
LastReadThroughput:0
LastWrittenBytes:0
LastWriteThroughput:0
RealWrittenBytes:0
RealWriteThroughput:0
当前玩家的连接数量:1
当前地图的线程个数：9
当前地图的个数:47
当前数据库执行队列数:0
当前发送队列缓存的对象数量:1
totalMemory：984088576, use ：687268296, free ：296820280DirectMemory：1827143680, 恢复 ：1
当前时间 ：2026-08-19 21:23:24send keng：291, sheng ：4194304
decode keng：2, sheng ：2097152
world keng：4, sheng ：1048576

2026-08-19 21:23:29.682 INFO [pool-6-thread-9][:] - /****************流量统计******************/
LastReadBytes:0
LastReadThroughput:0
LastWrittenBytes:0
LastWriteThroughput:0
RealWrittenBytes:14
RealWriteThroughput:0
当前玩家的连接数量:1
当前地图的线程个数：9
当前地图的个数:47
当前数据库执行队列数:0
当前发送队列缓存的对象数量:1
totalMemory：984088576, use ：691042512, free ：293046064DirectMemory：1827143680, 恢复 ：1
当前时间 ：2026-08-19 21:23:29send keng：291, sheng ：4194304
decode keng：2, sheng ：2097152
world keng：4, sheng ：1048576

2026-08-19 21:23:34.683 INFO [pool-6-thread-9][:] - /****************流量统计******************/
LastReadBytes:26
LastReadThroughput:5
LastWrittenBytes:14
LastWriteThroughput:2
RealWrittenBytes:0
RealWriteThroughput:2
当前玩家的连接数量:1
当前地图的线程个数：9
当前地图的个数:47
当前数据库执行队列数:0
当前发送队列缓存的对象数量:1
totalMemory：984088576, use ：694196296, free ：289892280DirectMemory：1827143680, 恢复 ：1
当前时间 ：2026-08-19 21:23:34send keng：291, sheng ：4194304
decode keng：2, sheng ：2097152
world keng：4, sheng ：1048576

2026-08-19 21:23:39.682 INFO [pool-6-thread-4][:] - /****************流量统计******************/
LastReadBytes:0
LastReadThroughput:0
LastWrittenBytes:0
LastWriteThroughput:0
RealWrittenBytes:14
RealWriteThroughput:0
当前玩家的连接数量:1
当前地图的线程个数：9
当前地图的个数:47
当前数据库执行队列数:0
当前发送队列缓存的对象数量:1
totalMemory：984088576, use ：699288704, free ：284799872DirectMemory：1827143680, 恢复 ：1
当前时间 ：2026-08-19 21:23:39send keng：291, sheng ：4194304
decode keng：2, sheng ：2097152
world keng：4, sheng ：1048576

2026-08-19 21:23:44.685 INFO [pool-6-thread-9][:] - /****************流量统计******************/
LastReadBytes:26
LastReadThroughput:5
LastWrittenBytes:14
LastWriteThroughput:2
RealWrittenBytes:0
RealWriteThroughput:2
当前玩家的连接数量:1
当前地图的线程个数：9
当前地图的个数:47
当前数据库执行队列数:0
当前发送队列缓存的对象数量:1
totalMemory：984088576, use ：702452344, free ：281636232DirectMemory：1827143680, 恢复 ：1
当前时间 ：2026-08-19 21:23:44send keng：291, sheng ：4194304
decode keng：2, sheng ：2097152
world keng：4, sheng ：1048576

2026-08-19 21:23:49.682 INFO [pool-6-thread-5][:] - /****************流量统计******************/
LastReadBytes:0
LastReadThroughput:0
LastWrittenBytes:0
LastWriteThroughput:0
RealWrittenBytes:0
RealWriteThroughput:0
当前玩家的连接数量:1
当前地图的线程个数：9
当前地图的个数:47
当前数据库执行队列数:0
当前发送队列缓存的对象数量:1
totalMemory：984088576, use ：705646448, free ：278442128DirectMemory：1827143680, 恢复 ：1
当前时间 ：2026-08-19 21:23:49send keng：291, sheng ：4194304
decode keng：2, sheng ：2097152
world keng：4, sheng ：1048576

2026-08-19 21:23:54.682 INFO [pool-6-thread-4][:] - /****************流量统计******************/
LastReadBytes:26
LastReadThroughput:5
LastWrittenBytes:14
LastWriteThroughput:2
RealWrittenBytes:0
RealWriteThroughput:2
当前玩家的连接数量:1
当前地图的线程个数：9
当前地图的个数:47
当前数据库执行队列数:0
当前发送队列缓存的对象数量:1
totalMemory：984088576, use ：709923280, free ：274165296DirectMemory：1827143680, 恢复 ：1
当前时间 ：2026-08-19 21:23:54send keng：291, sheng ：4194304
decode keng：2, sheng ：2097152
world keng：4, sheng ：1048576

2026-08-19 21:23:59.682 INFO [pool-6-thread-4][:] - /****************流量统计******************/
LastReadBytes:0
LastReadThroughput:0
LastWrittenBytes:0
LastWriteThroughput:0
RealWrittenBytes:0
RealWriteThroughput:0
当前玩家的连接数量:1
当前地图的线程个数：9
当前地图的个数:47
当前数据库执行队列数:0
当前发送队列缓存的对象数量:1
totalMemory：984088576, use ：713047112, free ：271041464DirectMemory：1827143680, 恢复 ：1
当前时间 ：2026-08-19 21:23:59send keng：291, sheng ：4194304
decode keng：2, sheng ：2097152
world keng：4, sheng ：1048576

2026-08-19 21:24:04.682 INFO [pool-6-thread-5][:] - /****************流量统计******************/
LastReadBytes:26
LastReadThroughput:5
LastWrittenBytes:14
LastWriteThroughput:2
RealWrittenBytes:0
RealWriteThroughput:2
当前玩家的连接数量:1
当前地图的线程个数：9
当前地图的个数:47
当前数据库执行队列数:0
当前发送队列缓存的对象数量:1
totalMemory：984088576, use ：716848128, free ：267240448DirectMemory：1827143680, 恢复 ：1
当前时间 ：2026-08-19 21:24:04send keng：291, sheng ：4194304
decode keng：2, sheng ：2097152
world keng：4, sheng ：1048576

2026-08-19 21:24:09.682 INFO [pool-6-thread-2][:] - /****************流量统计******************/
LastReadBytes:0
LastReadThroughput:0
LastWrittenBytes:0
LastWriteThroughput:0
RealWrittenBytes:0
RealWriteThroughput:0
当前玩家的连接数量:1
当前地图的线程个数：9
当前地图的个数:47
当前数据库执行队列数:0
当前发送队列缓存的对象数量:1
totalMemory：984088576, use ：720958640, free ：263129936DirectMemory：1827143680, 恢复 ：1
当前时间 ：2026-08-19 21:24:09send keng：291, sheng ：4194304
decode keng：2, sheng ：2097152
world keng：4, sheng ：1048576

2026-08-19 21:24:14.682 INFO [pool-6-thread-8][:] - /****************流量统计******************/
LastReadBytes:26
LastReadThroughput:5
LastWrittenBytes:14
LastWriteThroughput:2
RealWrittenBytes:0
RealWriteThroughput:2
当前玩家的连接数量:1
当前地图的线程个数：9
当前地图的个数:47
当前数据库执行队列数:0
当前发送队列缓存的对象数量:1
totalMemory：984088576, use ：724440496, free ：259648080DirectMemory：1827143680, 恢复 ：1
当前时间 ：2026-08-19 21:24:14send keng：291, sheng ：4194304
decode keng：2, sheng ：2097152
world keng：4, sheng ：1048576

2026-08-19 21:24:19.682 INFO [pool-6-thread-2][:] - /****************流量统计******************/
LastReadBytes:0
LastReadThroughput:0
LastWrittenBytes:0
LastWriteThroughput:0
RealWrittenBytes:0
RealWriteThroughput:0
当前玩家的连接数量:1
当前地图的线程个数：9
当前地图的个数:47
当前数据库执行队列数:0
当前发送队列缓存的对象数量:1
totalMemory：984088576, use ：728391360, free ：255697216DirectMemory：1827143680, 恢复 ：1
当前时间 ：2026-08-19 21:24:19send keng：291, sheng ：4194304
decode keng：2, sheng ：2097152
world keng：4, sheng ：1048576

2026-08-19 21:24:24.682 INFO [pool-6-thread-9][:] - /****************流量统计******************/
LastReadBytes:26
LastReadThroughput:5
LastWrittenBytes:14
LastWriteThroughput:2
RealWrittenBytes:0
RealWriteThroughput:2
当前玩家的连接数量:1
当前地图的线程个数：9
当前地图的个数:47
当前数据库执行队列数:0
当前发送队列缓存的对象数量:1
totalMemory：984088576, use ：732874992, free ：251213584DirectMemory：1827143680, 恢复 ：1
当前时间 ：2026-08-19 21:24:24send keng：291, sheng ：4194304
decode keng：2, sheng ：2097152
world keng：4, sheng ：1048576

2026-08-19 21:24:29.682 INFO [pool-6-thread-4][:] - /****************流量统计******************/
LastReadBytes:0
LastReadThroughput:0
LastWrittenBytes:0
LastWriteThroughput:0
RealWrittenBytes:0
RealWriteThroughput:0
当前玩家的连接数量:1
当前地图的线程个数：9
当前地图的个数:47
当前数据库执行队列数:0
当前发送队列缓存的对象数量:1
totalMemory：984088576, use ：734953696, free ：249134880DirectMemory：1827143680, 恢复 ：1
当前时间 ：2026-08-19 21:24:29send keng：291, sheng ：4194304
decode keng：2, sheng ：2097152
world keng：4, sheng ：1048576

2026-08-19 21:24:34.682 INFO [pool-6-thread-7][:] - /****************流量统计******************/
LastReadBytes:26
LastReadThroughput:5
LastWrittenBytes:14
LastWriteThroughput:2
RealWrittenBytes:0
RealWriteThroughput:2
当前玩家的连接数量:1
当前地图的线程个数：9
当前地图的个数:47
当前数据库执行队列数:0
当前发送队列缓存的对象数量:1
totalMemory：984088576, use ：740706320, free ：243382256DirectMemory：1827143680, 恢复 ：1
当前时间 ：2026-08-19 21:24:34send keng：291, sheng ：4194304
decode keng：2, sheng ：2097152
world keng：4, sheng ：1048576

2026-08-19 21:24:39.682 INFO [pool-6-thread-10][:] - /****************流量统计******************/
LastReadBytes:0
LastReadThroughput:0
LastWrittenBytes:0
LastWriteThroughput:0
RealWrittenBytes:0
RealWriteThroughput:0
当前玩家的连接数量:1
当前地图的线程个数：9
当前地图的个数:47
当前数据库执行队列数:0
当前发送队列缓存的对象数量:1
totalMemory：984088576, use ：743339408, free ：240749168DirectMemory：1827143680, 恢复 ：1
当前时间 ：2026-08-19 21:24:39send keng：291, sheng ：4194304
decode keng：2, sheng ：2097152
world keng：4, sheng ：1048576

2026-08-19 21:24:44.683 INFO [pool-6-thread-3][:] - /****************流量统计******************/
LastReadBytes:0
LastReadThroughput:0
LastWrittenBytes:0
LastWriteThroughput:0
RealWrittenBytes:14
RealWriteThroughput:0
当前玩家的连接数量:1
当前地图的线程个数：9
当前地图的个数:47
当前数据库执行队列数:0
当前发送队列缓存的对象数量:1
totalMemory：984088576, use ：747284040, free ：236804536DirectMemory：1827143680, 恢复 ：1
当前时间 ：2026-08-19 21:24:44send keng：291, sheng ：4194304
decode keng：2, sheng ：2097152
world keng：4, sheng ：1048576

2026-08-19 21:24:49.682 INFO [pool-6-thread-4][:] - /****************流量统计******************/
LastReadBytes:26
LastReadThroughput:5
LastWrittenBytes:14
LastWriteThroughput:2
RealWrittenBytes:0
RealWriteThroughput:2
当前玩家的连接数量:1
当前地图的线程个数：9
当前地图的个数:47
当前数据库执行队列数:0
当前发送队列缓存的对象数量:1
totalMemory：984088576, use ：751476296, free ：232612280DirectMemory：1827143680, 恢复 ：1
当前时间 ：2026-08-19 21:24:49send keng：291, sheng ：4194304
decode keng：2, sheng ：2097152
world keng：4, sheng ：1048576

2026-08-19 21:24:54.682 INFO [pool-6-thread-5][:] - /****************流量统计******************/
LastReadBytes:0
LastReadThroughput:0
LastWrittenBytes:0
LastWriteThroughput:0
RealWrittenBytes:0
RealWriteThroughput:0
当前玩家的连接数量:1
当前地图的线程个数：9
当前地图的个数:47
当前数据库执行队列数:0
当前发送队列缓存的对象数量:1
totalMemory：984088576, use ：754656152, free ：229432424DirectMemory：1827143680, 恢复 ：1
当前时间 ：2026-08-19 21:24:54send keng：291, sheng ：4194304
decode keng：2, sheng ：2097152
world keng：4, sheng ：1048576

2026-08-19 21:24:59.682 INFO [pool-6-thread-7][:] - /****************流量统计******************/
LastReadBytes:26
LastReadThroughput:5
LastWrittenBytes:14
LastWriteThroughput:2
RealWrittenBytes:0
RealWriteThroughput:2
当前玩家的连接数量:1
当前地图的线程个数：9
当前地图的个数:47
当前数据库执行队列数:0
当前发送队列缓存的对象数量:1
totalMemory：983564288, use ：416527368, free ：567036920DirectMemory：1827143680, 恢复 ：1
当前时间 ：2026-08-19 21:24:59send keng：291, sheng ：4194304
decode keng：2, sheng ：2097152
world keng：4, sheng ：1048576

2026-08-19 21:25:04.682 INFO [pool-6-thread-2][:] - /****************流量统计******************/
LastReadBytes:0
LastReadThroughput:0
LastWrittenBytes:13
LastWriteThroughput:2
RealWrittenBytes:0
RealWriteThroughput:2
当前玩家的连接数量:1
当前地图的线程个数：9
当前地图的个数:47
当前数据库执行队列数:0
当前发送队列缓存的对象数量:1
totalMemory：983564288, use ：417533536, free ：566030752DirectMemory：1827143680, 恢复 ：1
当前时间 ：2026-08-19 21:25:04send keng：292, sheng ：4194304
decode keng：2, sheng ：2097152
world keng：4, sheng ：1048576

2026-08-19 21:25:09.682 INFO [pool-6-thread-3][:] - /****************流量统计******************/
LastReadBytes:26
LastReadThroughput:5
LastWrittenBytes:14
LastWriteThroughput:2
RealWrittenBytes:0
RealWriteThroughput:2
当前玩家的连接数量:1
当前地图的线程个数：9
当前地图的个数:47
当前数据库执行队列数:0
当前发送队列缓存的对象数量:1
totalMemory：983564288, use ：423283336, free ：560280952DirectMemory：1827143680, 恢复 ：1
当前时间 ：2026-08-19 21:25:09send keng：292, sheng ：4194304
decode keng：2, sheng ：2097152
world keng：4, sheng ：1048576

2026-08-19 21:25:14.682 INFO [pool-6-thread-3][:] - /****************流量统计******************/
LastReadBytes:0
LastReadThroughput:0
LastWrittenBytes:0
LastWriteThroughput:0
RealWrittenBytes:0
RealWriteThroughput:0
当前玩家的连接数量:1
当前地图的线程个数：9
当前地图的个数:47
当前数据库执行队列数:0
当前发送队列缓存的对象数量:1
totalMemory：983564288, use ：425757064, free ：557807224DirectMemory：1827143680, 恢复 ：1
当前时间 ：2026-08-19 21:25:14send keng：292, sheng ：4194304
decode keng：2, sheng ：2097152
world keng：4, sheng ：1048576

2026-08-19 21:25:19.682 INFO [pool-6-thread-8][:] - /****************流量统计******************/
LastReadBytes:26
LastReadThroughput:5
LastWrittenBytes:14
LastWriteThroughput:2
RealWrittenBytes:0
RealWriteThroughput:2
当前玩家的连接数量:1
当前地图的线程个数：9
当前地图的个数:47
当前数据库执行队列数:0
当前发送队列缓存的对象数量:1
totalMemory：983564288, use ：430981632, free ：552582656DirectMemory：1827143680, 恢复 ：1
当前时间 ：2026-08-19 21:25:19send keng：292, sheng ：4194304
decode keng：2, sheng ：2097152
world keng：4, sheng ：1048576

2026-08-19 21:25:24.682 INFO [pool-6-thread-3][:] - /****************流量统计******************/
LastReadBytes:0
LastReadThroughput:0
LastWrittenBytes:0
LastWriteThroughput:0
RealWrittenBytes:0
RealWriteThroughput:0
当前玩家的连接数量:1
当前地图的线程个数：9
当前地图的个数:47
当前数据库执行队列数:0
当前发送队列缓存的对象数量:1
totalMemory：983564288, use ：434998112, free ：548566176DirectMemory：1827143680, 恢复 ：1
当前时间 ：2026-08-19 21:25:24send keng：292, sheng ：4194304
decode keng：2, sheng ：2097152
world keng：4, sheng ：1048576

2026-08-19 21:25:29.696 INFO [pool-6-thread-7][:] - /****************流量统计******************/
LastReadBytes:26
LastReadThroughput:5
LastWrittenBytes:14
LastWriteThroughput:2
RealWrittenBytes:0
RealWriteThroughput:2
当前玩家的连接数量:1
当前地图的线程个数：9
当前地图的个数:47
当前数据库执行队列数:0
当前发送队列缓存的对象数量:1
totalMemory：983564288, use ：438042264, free ：545522024DirectMemory：1827143680, 恢复 ：1
当前时间 ：2026-08-19 21:25:29send keng：292, sheng ：4194304
decode keng：2, sheng ：2097152
world keng：4, sheng ：1048576

2026-08-19 21:25:34.682 INFO [pool-6-thread-2][:] - /****************流量统计******************/
LastReadBytes:0
LastReadThroughput:0
LastWrittenBytes:0
LastWriteThroughput:0
RealWrittenBytes:0
RealWriteThroughput:0
当前玩家的连接数量:1
当前地图的线程个数：9
当前地图的个数:47
当前数据库执行队列数:0
当前发送队列缓存的对象数量:1
totalMemory：983564288, use ：441990440, free ：541573848DirectMemory：1827143680, 恢复 ：1
当前时间 ：2026-08-19 21:25:34send keng：292, sheng ：4194304
decode keng：2, sheng ：2097152
world keng：4, sheng ：1048576

2026-08-19 21:25:39.682 INFO [pool-6-thread-6][:] - /****************流量统计******************/
LastReadBytes:26
LastReadThroughput:5
LastWrittenBytes:14
LastWriteThroughput:2
RealWrittenBytes:0
RealWriteThroughput:2
当前玩家的连接数量:1
当前地图的线程个数：9
当前地图的个数:47
当前数据库执行队列数:0
当前发送队列缓存的对象数量:1
totalMemory：983564288, use ：445113280, free ：538451008DirectMemory：1827143680, 恢复 ：1
当前时间 ：2026-08-19 21:25:39send keng：292, sheng ：4194304
decode keng：2, sheng ：2097152
world keng：4, sheng ：1048576

2026-08-19 21:25:44.682 INFO [pool-6-thread-5][:] - /****************流量统计******************/
LastReadBytes:0
LastReadThroughput:0
LastWrittenBytes:0
LastWriteThroughput:0
RealWrittenBytes:0
RealWriteThroughput:0
当前玩家的连接数量:1
当前地图的线程个数：9
当前地图的个数:47
当前数据库执行队列数:0
当前发送队列缓存的对象数量:1
totalMemory：983564288, use ：448559288, free ：535005000DirectMemory：1827143680, 恢复 ：1
当前时间 ：2026-08-19 21:25:44send keng：292, sheng ：4194304
decode keng：2, sheng ：2097152
world keng：4, sheng ：1048576

2026-08-19 21:25:49.682 INFO [pool-6-thread-10][:] - /****************流量统计******************/
LastReadBytes:0
LastReadThroughput:0
LastWrittenBytes:0
LastWriteThroughput:0
RealWrittenBytes:14
RealWriteThroughput:0
当前玩家的连接数量:1
当前地图的线程个数：9
当前地图的个数:47
当前数据库执行队列数:0
当前发送队列缓存的对象数量:1
totalMemory：983564288, use ：451792968, free ：531771320DirectMemory：1827143680, 恢复 ：1
当前时间 ：2026-08-19 21:25:49send keng：292, sheng ：4194304
decode keng：2, sheng ：2097152
world keng：4, sheng ：1048576

2026-08-19 21:25:54.682 INFO [pool-6-thread-9][:] - /****************流量统计******************/
LastReadBytes:26
LastReadThroughput:5
LastWrittenBytes:14
LastWriteThroughput:2
RealWrittenBytes:0
RealWriteThroughput:2
当前玩家的连接数量:1
当前地图的线程个数：9
当前地图的个数:47
当前数据库执行队列数:0
当前发送队列缓存的对象数量:1
totalMemory：983564288, use ：456543616, free ：527020672DirectMemory：1827143680, 恢复 ：1
当前时间 ：2026-08-19 21:25:54send keng：292, sheng ：4194304
decode keng：2, sheng ：2097152
world keng：4, sheng ：1048576

2026-08-19 21:25:59.682 INFO [pool-6-thread-2][:] - /****************流量统计******************/
LastReadBytes:0
LastReadThroughput:0
LastWrittenBytes:0
LastWriteThroughput:0
RealWrittenBytes:14
RealWriteThroughput:0
当前玩家的连接数量:1
当前地图的线程个数：9
当前地图的个数:47
当前数据库执行队列数:0
当前发送队列缓存的对象数量:1
totalMemory：983564288, use ：460074608, free ：523489680DirectMemory：1827143680, 恢复 ：1
当前时间 ：2026-08-19 21:25:59send keng：292, sheng ：4194304
decode keng：2, sheng ：2097152
world keng：4, sheng ：1048576

2026-08-19 21:26:04.682 INFO [pool-6-thread-6][:] - /****************流量统计******************/
LastReadBytes:26
LastReadThroughput:5
LastWrittenBytes:14
LastWriteThroughput:2
RealWrittenBytes:0
RealWriteThroughput:2
当前玩家的连接数量:1
当前地图的线程个数：9
当前地图的个数:47
当前数据库执行队列数:0
当前发送队列缓存的对象数量:1
totalMemory：983564288, use ：463711776, free ：519852512DirectMemory：1827143680, 恢复 ：1
当前时间 ：2026-08-19 21:26:04send keng：292, sheng ：4194304
decode keng：2, sheng ：2097152
world keng：4, sheng ：1048576

2026-08-19 21:26:09.683 INFO [pool-6-thread-8][:] - /****************流量统计******************/
LastReadBytes:0
LastReadThroughput:0
LastWrittenBytes:0
LastWriteThroughput:0
RealWrittenBytes:0
RealWriteThroughput:0
当前玩家的连接数量:1
当前地图的线程个数：9
当前地图的个数:47
当前数据库执行队列数:0
当前发送队列缓存的对象数量:1
totalMemory：983564288, use ：468226376, free ：515337912DirectMemory：1827143680, 恢复 ：1
当前时间 ：2026-08-19 21:26:09send keng：292, sheng ：4194304
decode keng：2, sheng ：2097152
world keng：4, sheng ：1048576

2026-08-19 21:26:14.682 INFO [pool-6-thread-6][:] - /****************流量统计******************/
LastReadBytes:26
LastReadThroughput:5
LastWrittenBytes:14
LastWriteThroughput:2
RealWrittenBytes:0
RealWriteThroughput:2
当前玩家的连接数量:1
当前地图的线程个数：9
当前地图的个数:47
当前数据库执行队列数:0
当前发送队列缓存的对象数量:1
totalMemory：983564288, use ：471222160, free ：512342128DirectMemory：1827143680, 恢复 ：1
当前时间 ：2026-08-19 21:26:14send keng：292, sheng ：4194304
decode keng：2, sheng ：2097152
world keng：4, sheng ：1048576

2026-08-19 21:26:19.682 INFO [pool-6-thread-2][:] - /****************流量统计******************/
LastReadBytes:0
LastReadThroughput:0
LastWrittenBytes:0
LastWriteThroughput:0
RealWrittenBytes:0
RealWriteThroughput:0
当前玩家的连接数量:1
当前地图的线程个数：9
当前地图的个数:47
当前数据库执行队列数:0
当前发送队列缓存的对象数量:1
totalMemory：983564288, use ：475577536, free ：507986752DirectMemory：1827143680, 恢复 ：1
当前时间 ：2026-08-19 21:26:19send keng：292, sheng ：4194304
decode keng：2, sheng ：2097152
world keng：4, sheng ：1048576

2026-08-19 21:26:24.685 INFO [pool-6-thread-10][:] - /****************流量统计******************/
LastReadBytes:26
LastReadThroughput:5
LastWrittenBytes:14
LastWriteThroughput:2
RealWrittenBytes:0
RealWriteThroughput:2
当前玩家的连接数量:1
当前地图的线程个数：9
当前地图的个数:47
当前数据库执行队列数:0
当前发送队列缓存的对象数量:1
totalMemory：983564288, use ：478672808, free ：504891480DirectMemory：1827143680, 恢复 ：1
当前时间 ：2026-08-19 21:26:24send keng：292, sheng ：4194304
decode keng：2, sheng ：2097152
world keng：4, sheng ：1048576

2026-08-19 21:26:29.682 INFO [pool-6-thread-5][:] - /****************流量统计******************/
LastReadBytes:0
LastReadThroughput:0
LastWrittenBytes:0
LastWriteThroughput:0
RealWrittenBytes:0
RealWriteThroughput:0
当前玩家的连接数量:1
当前地图的线程个数：9
当前地图的个数:47
当前数据库执行队列数:0
当前发送队列缓存的对象数量:1
totalMemory：983564288, use ：483100808, free ：500463480DirectMemory：1827143680, 恢复 ：1
当前时间 ：2026-08-19 21:26:29send keng：292, sheng ：4194304
decode keng：2, sheng ：2097152
world keng：4, sheng ：1048576

2026-08-19 21:26:34.686 INFO [pool-6-thread-5][:] - /****************流量统计******************/
LastReadBytes:26
LastReadThroughput:5
LastWrittenBytes:14
LastWriteThroughput:2
RealWrittenBytes:0
RealWriteThroughput:2
当前玩家的连接数量:1
当前地图的线程个数：9
当前地图的个数:47
当前数据库执行队列数:0
当前发送队列缓存的对象数量:1
totalMemory：983564288, use ：485297008, free ：498267280DirectMemory：1827143680, 恢复 ：1
当前时间 ：2026-08-19 21:26:34send keng：292, sheng ：4194304
decode keng：2, sheng ：2097152
world keng：4, sheng ：1048576

2026-08-19 21:26:39.682 INFO [pool-6-thread-6][:] - /****************流量统计******************/
LastReadBytes:0
LastReadThroughput:0
LastWrittenBytes:0
LastWriteThroughput:0
RealWrittenBytes:0
RealWriteThroughput:0
当前玩家的连接数量:1
当前地图的线程个数：9
当前地图的个数:47
当前数据库执行队列数:0
当前发送队列缓存的对象数量:1
totalMemory：983564288, use ：490196984, free ：493367304DirectMemory：1827143680, 恢复 ：1
当前时间 ：2026-08-19 21:26:39send keng：292, sheng ：4194304
decode keng：2, sheng ：2097152
world keng：4, sheng ：1048576

2026-08-19 21:26:44.682 INFO [pool-6-thread-6][:] - /****************流量统计******************/
LastReadBytes:176
LastReadThroughput:35
LastWrittenBytes:14
LastWriteThroughput:2
RealWrittenBytes:0
RealWriteThroughput:2
当前玩家的连接数量:1
当前地图的线程个数：9
当前地图的个数:47
当前数据库执行队列数:0
当前发送队列缓存的对象数量:1
totalMemory：983564288, use ：493439568, free ：490124720DirectMemory：1827143680, 恢复 ：1
当前时间 ：2026-08-19 21:26:44send keng：292, sheng ：4194304
decode keng：2, sheng ：2097152
world keng：4, sheng ：1048576

2026-08-19 21:26:49.682 INFO [pool-6-thread-6][:] - /****************流量统计******************/
LastReadBytes:0
LastReadThroughput:0
LastWrittenBytes:0
LastWriteThroughput:0
RealWrittenBytes:0
RealWriteThroughput:0
当前玩家的连接数量:1
当前地图的线程个数：9
当前地图的个数:47
当前数据库执行队列数:0
当前发送队列缓存的对象数量:1
totalMemory：983564288, use ：497983512, free ：485580776DirectMemory：1827143680, 恢复 ：1
当前时间 ：2026-08-19 21:26:49send keng：292, sheng ：4194304
decode keng：2, sheng ：2097152
world keng：4, sheng ：1048576

2026-08-19 21:26:54.682 INFO [pool-6-thread-9][:] - /****************流量统计******************/
LastReadBytes:26
LastReadThroughput:5
LastWrittenBytes:14
LastWriteThroughput:2
RealWrittenBytes:0
RealWriteThroughput:2
当前玩家的连接数量:1
当前地图的线程个数：9
当前地图的个数:47
当前数据库执行队列数:0
当前发送队列缓存的对象数量:1
totalMemory：983564288, use ：501753064, free ：481811224DirectMemory：1827143680, 恢复 ：1
当前时间 ：2026-08-19 21:26:54send keng：292, sheng ：4194304
decode keng：2, sheng ：2097152
world keng：4, sheng ：1048576

2026-08-19 21:26:59.682 INFO [pool-6-thread-9][:] - /****************流量统计******************/
LastReadBytes:0
LastReadThroughput:0
LastWrittenBytes:0
LastWriteThroughput:0
RealWrittenBytes:0
RealWriteThroughput:0
当前玩家的连接数量:1
当前地图的线程个数：9
当前地图的个数:47
当前数据库执行队列数:0
当前发送队列缓存的对象数量:1
totalMemory：983564288, use ：504617112, free ：478947176DirectMemory：1827143680, 恢复 ：1
当前时间 ：2026-08-19 21:26:59send keng：292, sheng ：4194304
decode keng：2, sheng ：2097152
world keng：4, sheng ：1048576

2026-08-19 21:27:04.682 INFO [pool-6-thread-8][:] - /****************流量统计******************/
LastReadBytes:0
LastReadThroughput:0
LastWrittenBytes:0
LastWriteThroughput:0
RealWrittenBytes:14
RealWriteThroughput:0
当前玩家的连接数量:1
当前地图的线程个数：9
当前地图的个数:47
当前数据库执行队列数:0
当前发送队列缓存的对象数量:1
totalMemory：983564288, use ：509952344, free ：473611944DirectMemory：1827143680, 恢复 ：1
当前时间 ：2026-08-19 21:27:04send keng：292, sheng ：4194304
decode keng：2, sheng ：2097152
world keng：4, sheng ：1048576

2026-08-19 21:27:09.683 INFO [pool-6-thread-6][:] - /****************流量统计******************/
LastReadBytes:26
LastReadThroughput:5
LastWrittenBytes:14
LastWriteThroughput:2
RealWrittenBytes:0
RealWriteThroughput:2
当前玩家的连接数量:1
当前地图的线程个数：9
当前地图的个数:47
当前数据库执行队列数:0
当前发送队列缓存的对象数量:1
totalMemory：983564288, use ：512289128, free ：471275160DirectMemory：1827143680, 恢复 ：1
当前时间 ：2026-08-19 21:27:09send keng：292, sheng ：4194304
decode keng：2, sheng ：2097152
world keng：4, sheng ：1048576

2026-08-19 21:27:14.682 INFO [pool-6-thread-8][:] - /****************流量统计******************/
LastReadBytes:0
LastReadThroughput:0
LastWrittenBytes:0
LastWriteThroughput:0
RealWrittenBytes:0
RealWriteThroughput:0
当前玩家的连接数量:1
当前地图的线程个数：9
当前地图的个数:47
当前数据库执行队列数:0
当前发送队列缓存的对象数量:1
totalMemory：983564288, use ：516605040, free ：466959248DirectMemory：1827143680, 恢复 ：1
当前时间 ：2026-08-19 21:27:14send keng：292, sheng ：4194304
decode keng：2, sheng ：2097152
world keng：4, sheng ：1048576

2026-08-19 21:27:19.684 INFO [pool-6-thread-8][:] - /****************流量统计******************/
LastReadBytes:26
LastReadThroughput:5
LastWrittenBytes:14
LastWriteThroughput:2
RealWrittenBytes:0
RealWriteThroughput:2
当前玩家的连接数量:1
当前地图的线程个数：9
当前地图的个数:47
当前数据库执行队列数:0
当前发送队列缓存的对象数量:1
totalMemory：983564288, use ：519077128, free ：464487160DirectMemory：1827143680, 恢复 ：1
当前时间 ：2026-08-19 21:27:19send keng：292, sheng ：4194304
decode keng：2, sheng ：2097152
world keng：4, sheng ：1048576

2026-08-19 21:27:24.684 INFO [pool-6-thread-7][:] - /****************流量统计******************/
LastReadBytes:0
LastReadThroughput:0
LastWrittenBytes:0
LastWriteThroughput:0
RealWrittenBytes:0
RealWriteThroughput:0
当前玩家的连接数量:1
当前地图的线程个数：9
当前地图的个数:47
当前数据库执行队列数:0
当前发送队列缓存的对象数量:1
totalMemory：983564288, use ：524090280, free ：459474008DirectMemory：1827143680, 恢复 ：1
当前时间 ：2026-08-19 21:27:24send keng：292, sheng ：4194304
decode keng：2, sheng ：2097152
world keng：4, sheng ：1048576

2026-08-19 21:27:29.682 INFO [pool-6-thread-2][:] - /****************流量统计******************/
LastReadBytes:26
LastReadThroughput:5
LastWrittenBytes:14
LastWriteThroughput:2
RealWrittenBytes:0
RealWriteThroughput:2
当前玩家的连接数量:1
当前地图的线程个数：9
当前地图的个数:47
当前数据库执行队列数:0
当前发送队列缓存的对象数量:1
totalMemory：983564288, use ：526997744, free ：456566544DirectMemory：1827143680, 恢复 ：1
当前时间 ：2026-08-19 21:27:29send keng：292, sheng ：4194304
decode keng：2, sheng ：2097152
world keng：4, sheng ：1048576

2026-08-19 21:27:34.687 INFO [pool-6-thread-4][:] - /****************流量统计******************/
LastReadBytes:0
LastReadThroughput:0
LastWrittenBytes:0
LastWriteThroughput:0
RealWrittenBytes:0
RealWriteThroughput:0
当前玩家的连接数量:1
当前地图的线程个数：9
当前地图的个数:47
当前数据库执行队列数:0
当前发送队列缓存的对象数量:1
totalMemory：983564288, use ：531207432, free ：452356856DirectMemory：1827143680, 恢复 ：1
当前时间 ：2026-08-19 21:27:34send keng：292, sheng ：4194304
decode keng：2, sheng ：2097152
world keng：4, sheng ：1048576

2026-08-19 21:27:39.682 INFO [pool-6-thread-8][:] - /****************流量统计******************/
LastReadBytes:26
LastReadThroughput:5
LastWrittenBytes:14
LastWriteThroughput:2
RealWrittenBytes:0
RealWriteThroughput:2
当前玩家的连接数量:1
当前地图的线程个数：9
当前地图的个数:47
当前数据库执行队列数:0
当前发送队列缓存的对象数量:1
totalMemory：983564288, use ：535326432, free ：448237856DirectMemory：1827143680, 恢复 ：1
当前时间 ：2026-08-19 21:27:39send keng：292, sheng ：4194304
decode keng：2, sheng ：2097152
world keng：4, sheng ：1048576

2026-08-19 21:27:44.682 INFO [pool-6-thread-7][:] - /****************流量统计******************/
LastReadBytes:0
LastReadThroughput:0
LastWrittenBytes:0
LastWriteThroughput:0
RealWrittenBytes:0
RealWriteThroughput:0
当前玩家的连接数量:1
当前地图的线程个数：9
当前地图的个数:47
当前数据库执行队列数:0
当前发送队列缓存的对象数量:1
totalMemory：983564288, use ：538760088, free ：444804200DirectMemory：1827143680, 恢复 ：1
当前时间 ：2026-08-19 21:27:44send keng：292, sheng ：4194304
decode keng：2, sheng ：2097152
world keng：4, sheng ：1048576

2026-08-19 21:27:49.682 INFO [pool-6-thread-1][:] - /****************流量统计******************/
LastReadBytes:26
LastReadThroughput:5
LastWrittenBytes:14
LastWriteThroughput:2
RealWrittenBytes:0
RealWriteThroughput:2
当前玩家的连接数量:1
当前地图的线程个数：9
当前地图的个数:47
当前数据库执行队列数:0
当前发送队列缓存的对象数量:1
totalMemory：983564288, use ：543390344, free ：440173944DirectMemory：1827143680, 恢复 ：1
当前时间 ：2026-08-19 21:27:49send keng：292, sheng ：4194304
decode keng：2, sheng ：2097152
world keng：4, sheng ：1048576

2026-08-19 21:27:54.682 INFO [pool-6-thread-6][:] - /****************流量统计******************/
LastReadBytes:0
LastReadThroughput:0
LastWrittenBytes:0
LastWriteThroughput:0
RealWrittenBytes:0
RealWriteThroughput:0
当前玩家的连接数量:1
当前地图的线程个数：9
当前地图的个数:47
当前数据库执行队列数:0
当前发送队列缓存的对象数量:1
totalMemory：983564288, use ：545304008, free ：438260280DirectMemory：1827143680, 恢复 ：1
当前时间 ：2026-08-19 21:27:54send keng：292, sheng ：4194304
decode keng：2, sheng ：2097152
world keng：4, sheng ：1048576

2026-08-19 21:27:59.682 INFO [pool-6-thread-2][:] - /****************流量统计******************/
LastReadBytes:26
LastReadThroughput:5
LastWrittenBytes:14
LastWriteThroughput:2
RealWrittenBytes:0
RealWriteThroughput:2
当前玩家的连接数量:1
当前地图的线程个数：9
当前地图的个数:47
当前数据库执行队列数:0
当前发送队列缓存的对象数量:1
totalMemory：983564288, use ：550963544, free ：432600744DirectMemory：1827143680, 恢复 ：1
当前时间 ：2026-08-19 21:27:59send keng：292, sheng ：4194304
decode keng：2, sheng ：2097152
world keng：4, sheng ：1048576

2026-08-19 21:28:04.682 INFO [pool-6-thread-2][:] - /****************流量统计******************/
LastReadBytes:0
LastReadThroughput:0
LastWrittenBytes:0
LastWriteThroughput:0
RealWrittenBytes:0
RealWriteThroughput:0
当前玩家的连接数量:1
当前地图的线程个数：9
当前地图的个数:47
当前数据库执行队列数:0
当前发送队列缓存的对象数量:1
totalMemory：983564288, use ：553807472, free ：429756816DirectMemory：1827143680, 恢复 ：1
当前时间 ：2026-08-19 21:28:04send keng：292, sheng ：4194304
decode keng：2, sheng ：2097152
world keng：4, sheng ：1048576

2026-08-19 21:28:09.682 INFO [pool-6-thread-9][:] - /****************流量统计******************/
LastReadBytes:0
LastReadThroughput:0
LastWrittenBytes:0
LastWriteThroughput:0
RealWrittenBytes:14
RealWriteThroughput:0
当前玩家的连接数量:1
当前地图的线程个数：9
当前地图的个数:47
当前数据库执行队列数:0
当前发送队列缓存的对象数量:1
totalMemory：983564288, use ：558291216, free ：425273072DirectMemory：1827143680, 恢复 ：1
当前时间 ：2026-08-19 21:28:09send keng：292, sheng ：4194304
decode keng：2, sheng ：2097152
world keng：4, sheng ：1048576

2026-08-19 21:28:14.682 INFO [pool-6-thread-2][:] - /****************流量统计******************/
LastReadBytes:26
LastReadThroughput:5
LastWrittenBytes:14
LastWriteThroughput:2
RealWrittenBytes:0
RealWriteThroughput:2
当前玩家的连接数量:1
当前地图的线程个数：9
当前地图的个数:47
当前数据库执行队列数:0
当前发送队列缓存的对象数量:1
totalMemory：983564288, use ：560725128, free ：422839160DirectMemory：1827143680, 恢复 ：1
当前时间 ：2026-08-19 21:28:14send keng：292, sheng ：4194304
decode keng：2, sheng ：2097152
world keng：4, sheng ：1048576

2026-08-19 21:28:19.682 INFO [pool-6-thread-5][:] - /****************流量统计******************/
LastReadBytes:0
LastReadThroughput:0
LastWrittenBytes:0
LastWriteThroughput:0
RealWrittenBytes:14
RealWriteThroughput:0
当前玩家的连接数量:1
当前地图的线程个数：9
当前地图的个数:47
当前数据库执行队列数:0
当前发送队列缓存的对象数量:1
totalMemory：983564288, use ：565810832, free ：417753456DirectMemory：1827143680, 恢复 ：1
当前时间 ：2026-08-19 21:28:19send keng：292, sheng ：4194304
decode keng：2, sheng ：2097152
world keng：4, sheng ：1048576

2026-08-19 21:28:24.684 INFO [pool-6-thread-4][:] - /****************流量统计******************/
LastReadBytes:26
LastReadThroughput:5
LastWrittenBytes:14
LastWriteThroughput:2
RealWrittenBytes:0
RealWriteThroughput:2
当前玩家的连接数量:1
当前地图的线程个数：9
当前地图的个数:47
当前数据库执行队列数:0
当前发送队列缓存的对象数量:1
totalMemory：983564288, use ：569130632, free ：414433656DirectMemory：1827143680, 恢复 ：1
当前时间 ：2026-08-19 21:28:24send keng：292, sheng ：4194304
decode keng：2, sheng ：2097152
world keng：4, sheng ：1048576

2026-08-19 21:28:29.682 INFO [pool-6-thread-8][:] - /****************流量统计******************/
LastReadBytes:0
LastReadThroughput:0
LastWrittenBytes:0
LastWriteThroughput:0
RealWrittenBytes:0
RealWriteThroughput:0
当前玩家的连接数量:1
当前地图的线程个数：9
当前地图的个数:47
当前数据库执行队列数:0
当前发送队列缓存的对象数量:1
totalMemory：983564288, use ：572841448, free ：410722840DirectMemory：1827143680, 恢复 ：1
当前时间 ：2026-08-19 21:28:29send keng：292, sheng ：4194304
decode keng：2, sheng ：2097152
world keng：4, sheng ：1048576

2026-08-19 21:28:34.682 INFO [pool-6-thread-6][:] - /****************流量统计******************/
LastReadBytes:26
LastReadThroughput:5
LastWrittenBytes:14
LastWriteThroughput:2
RealWrittenBytes:0
RealWriteThroughput:2
当前玩家的连接数量:1
当前地图的线程个数：9
当前地图的个数:47
当前数据库执行队列数:0
当前发送队列缓存的对象数量:1
totalMemory：983564288, use ：577066896, free ：406497392DirectMemory：1827143680, 恢复 ：1
当前时间 ：2026-08-19 21:28:34send keng：292, sheng ：4194304
decode keng：2, sheng ：2097152
world keng：4, sheng ：1048576

2026-08-19 21:28:39.682 INFO [pool-6-thread-5][:] - /****************流量统计******************/
LastReadBytes:0
LastReadThroughput:0
LastWrittenBytes:0
LastWriteThroughput:0
RealWrittenBytes:0
RealWriteThroughput:0
当前玩家的连接数量:1
当前地图的线程个数：9
当前地图的个数:47
当前数据库执行队列数:0
当前发送队列缓存的对象数量:1
totalMemory：983564288, use ：579610856, free ：403953432DirectMemory：1827143680, 恢复 ：1
当前时间 ：2026-08-19 21:28:39send keng：292, sheng ：4194304
decode keng：2, sheng ：2097152
world keng：4, sheng ：1048576

2026-08-19 21:28:44.682 INFO [pool-6-thread-4][:] - /****************流量统计******************/
LastReadBytes:26
LastReadThroughput:5
LastWrittenBytes:14
LastWriteThroughput:2
RealWrittenBytes:0
RealWriteThroughput:2
当前玩家的连接数量:1
当前地图的线程个数：9
当前地图的个数:47
当前数据库执行队列数:0
当前发送队列缓存的对象数量:1
totalMemory：983564288, use ：584649384, free ：398914904DirectMemory：1827143680, 恢复 ：1
当前时间 ：2026-08-19 21:28:44send keng：292, sheng ：4194304
decode keng：2, sheng ：2097152
world keng：4, sheng ：1048576

2026-08-19 21:28:49.682 INFO [pool-6-thread-6][:] - /****************流量统计******************/
LastReadBytes:0
LastReadThroughput:0
LastWrittenBytes:0
LastWriteThroughput:0
RealWrittenBytes:0
RealWriteThroughput:0
当前玩家的连接数量:1
当前地图的线程个数：9
当前地图的个数:47
当前数据库执行队列数:0
当前发送队列缓存的对象数量:1
totalMemory：983564288, use ：586512528, free ：397051760DirectMemory：1827143680, 恢复 ：1
当前时间 ：2026-08-19 21:28:49send keng：292, sheng ：4194304
decode keng：2, sheng ：2097152
world keng：4, sheng ：1048576

2026-08-19 21:28:54.682 INFO [pool-6-thread-4][:] - /****************流量统计******************/
LastReadBytes:26
LastReadThroughput:5
LastWrittenBytes:14
LastWriteThroughput:2
RealWrittenBytes:0
RealWriteThroughput:2
当前玩家的连接数量:1
当前地图的线程个数：9
当前地图的个数:47
当前数据库执行队列数:0
当前发送队列缓存的对象数量:1
totalMemory：983564288, use ：592149400, free ：391414888DirectMemory：1827143680, 恢复 ：1
当前时间 ：2026-08-19 21:28:54send keng：292, sheng ：4194304
decode keng：2, sheng ：2097152
world keng：4, sheng ：1048576

2026-08-19 21:28:59.682 INFO [pool-6-thread-10][:] - /****************流量统计******************/
LastReadBytes:0
LastReadThroughput:0
LastWrittenBytes:0
LastWriteThroughput:0
RealWrittenBytes:0
RealWriteThroughput:0
当前玩家的连接数量:1
当前地图的线程个数：9
当前地图的个数:47
当前数据库执行队列数:0
当前发送队列缓存的对象数量:1
totalMemory：983564288, use ：595010624, free ：388553664DirectMemory：1827143680, 恢复 ：1
当前时间 ：2026-08-19 21:28:59send keng：292, sheng ：4194304
decode keng：2, sheng ：2097152
world keng：4, sheng ：1048576

2026-08-19 21:29:04.682 INFO [pool-6-thread-10][:] - /****************流量统计******************/
LastReadBytes:26
LastReadThroughput:5
LastWrittenBytes:14
LastWriteThroughput:2
RealWrittenBytes:0
RealWriteThroughput:2
当前玩家的连接数量:1
当前地图的线程个数：9
当前地图的个数:47
当前数据库执行队列数:0
当前发送队列缓存的对象数量:1
totalMemory：983564288, use ：598909936, free ：384654352DirectMemory：1827143680, 恢复 ：1
当前时间 ：2026-08-19 21:29:04send keng：292, sheng ：4194304
decode keng：2, sheng ：2097152
world keng：4, sheng ：1048576

2026-08-19 21:29:09.682 INFO [pool-6-thread-5][:] - /****************流量统计******************/
LastReadBytes:0
LastReadThroughput:0
LastWrittenBytes:0
LastWriteThroughput:0
RealWrittenBytes:0
RealWriteThroughput:0
当前玩家的连接数量:1
当前地图的线程个数：9
当前地图的个数:47
当前数据库执行队列数:0
当前发送队列缓存的对象数量:1
totalMemory：983564288, use ：604403784, free ：379160504DirectMemory：1827143680, 恢复 ：1
当前时间 ：2026-08-19 21:29:09send keng：292, sheng ：4194304
decode keng：2, sheng ：2097152
world keng：4, sheng ：1048576

2026-08-19 21:29:14.683 INFO [pool-6-thread-1][:] - /****************流量统计******************/
LastReadBytes:26
LastReadThroughput:5
LastWrittenBytes:14
LastWriteThroughput:2
RealWrittenBytes:0
RealWriteThroughput:2
当前玩家的连接数量:1
当前地图的线程个数：9
当前地图的个数:47
当前数据库执行队列数:0
当前发送队列缓存的对象数量:1
totalMemory：983564288, use ：606442568, free ：377121720DirectMemory：1827143680, 恢复 ：1
当前时间 ：2026-08-19 21:29:14send keng：292, sheng ：4194304
decode keng：2, sheng ：2097152
world keng：4, sheng ：1048576

2026-08-19 21:29:19.682 INFO [pool-6-thread-4][:] - /****************流量统计******************/
LastReadBytes:0
LastReadThroughput:0
LastWrittenBytes:0
LastWriteThroughput:0
RealWrittenBytes:0
RealWriteThroughput:0
当前玩家的连接数量:1
当前地图的线程个数：9
当前地图的个数:47
当前数据库执行队列数:0
当前发送队列缓存的对象数量:1
totalMemory：983564288, use ：610995464, free ：372568824DirectMemory：1827143680, 恢复 ：1
当前时间 ：2026-08-19 21:29:19send keng：292, sheng ：4194304
decode keng：2, sheng ：2097152
world keng：4, sheng ：1048576

2026-08-19 21:29:24.683 INFO [pool-6-thread-8][:] - /****************流量统计******************/
LastReadBytes:0
LastReadThroughput:0
LastWrittenBytes:0
LastWriteThroughput:0
RealWrittenBytes:14
RealWriteThroughput:0
当前玩家的连接数量:1
当前地图的线程个数：9
当前地图的个数:47
当前数据库执行队列数:0
当前发送队列缓存的对象数量:1
totalMemory：983564288, use ：614155632, free ：369408656DirectMemory：1827143680, 恢复 ：1
当前时间 ：2026-08-19 21:29:24send keng：292, sheng ：4194304
decode keng：2, sheng ：2097152
world keng：4, sheng ：1048576

2026-08-19 21:29:29.682 INFO [pool-6-thread-2][:] - /****************流量统计******************/
LastReadBytes:161
LastReadThroughput:32
LastWrittenBytes:126
LastWriteThroughput:25
RealWrittenBytes:0
RealWriteThroughput:25
当前玩家的连接数量:1
当前地图的线程个数：9
当前地图的个数:47
当前数据库执行队列数:0
当前发送队列缓存的对象数量:1
totalMemory：983564288, use ：617845904, free ：365718384DirectMemory：1827143680, 恢复 ：1
当前时间 ：2026-08-19 21:29:29send keng：298, sheng ：4194304
decode keng：2, sheng ：2097152
world keng：4, sheng ：1048576

2026-08-19 21:29:34.683 INFO [pool-6-thread-1][:] - /****************流量统计******************/
LastReadBytes:0
LastReadThroughput:0
LastWrittenBytes:0
LastWriteThroughput:0
RealWrittenBytes:0
RealWriteThroughput:0
当前玩家的连接数量:1
当前地图的线程个数：9
当前地图的个数:47
当前数据库执行队列数:0
当前发送队列缓存的对象数量:1
totalMemory：983564288, use ：622188616, free ：361375672DirectMemory：1827143680, 恢复 ：1
当前时间 ：2026-08-19 21:29:34send keng：298, sheng ：4194304
decode keng：2, sheng ：2097152
world keng：4, sheng ：1048576

2026-08-19 21:29:39.682 INFO [pool-6-thread-6][:] - /****************流量统计******************/
LastReadBytes:26
LastReadThroughput:5
LastWrittenBytes:14
LastWriteThroughput:2
RealWrittenBytes:0
RealWriteThroughput:2
当前玩家的连接数量:1
当前地图的线程个数：9
当前地图的个数:47
当前数据库执行队列数:0
当前发送队列缓存的对象数量:1
totalMemory：983564288, use ：625366536, free ：358197752DirectMemory：1827143680, 恢复 ：1
当前时间 ：2026-08-19 21:29:39send keng：298, sheng ：4194304
decode keng：2, sheng ：2097152
world keng：4, sheng ：1048576

2026-08-19 21:29:44.684 INFO [pool-6-thread-8][:] - /****************流量统计******************/
LastReadBytes:0
LastReadThroughput:0
LastWrittenBytes:0
LastWriteThroughput:0
RealWrittenBytes:0
RealWriteThroughput:0
当前玩家的连接数量:1
当前地图的线程个数：9
当前地图的个数:47
当前数据库执行队列数:0
当前发送队列缓存的对象数量:1
totalMemory：983564288, use ：629494928, free ：354069360DirectMemory：1827143680, 恢复 ：1
当前时间 ：2026-08-19 21:29:44send keng：298, sheng ：4194304
decode keng：2, sheng ：2097152
world keng：4, sheng ：1048576

2026-08-19 21:29:49.682 INFO [pool-6-thread-8][:] - /****************流量统计******************/
LastReadBytes:26
LastReadThroughput:5
LastWrittenBytes:14
LastWriteThroughput:2
RealWrittenBytes:0
RealWriteThroughput:2
当前玩家的连接数量:1
当前地图的线程个数：9
当前地图的个数:47
当前数据库执行队列数:0
当前发送队列缓存的对象数量:1
totalMemory：983564288, use ：633198600, free ：350365688DirectMemory：1827143680, 恢复 ：1
当前时间 ：2026-08-19 21:29:49send keng：298, sheng ：4194304
decode keng：2, sheng ：2097152
world keng：4, sheng ：1048576

2026-08-19 21:29:54.682 INFO [pool-6-thread-4][:] - /****************流量统计******************/
LastReadBytes:0
LastReadThroughput:0
LastWrittenBytes:0
LastWriteThroughput:0
RealWrittenBytes:0
RealWriteThroughput:0
当前玩家的连接数量:1
当前地图的线程个数：9
当前地图的个数:47
当前数据库执行队列数:0
当前发送队列缓存的对象数量:1
totalMemory：983564288, use ：636969072, free ：346595216DirectMemory：1827143680, 恢复 ：1
当前时间 ：2026-08-19 21:29:54send keng：298, sheng ：4194304
decode keng：2, sheng ：2097152
world keng：4, sheng ：1048576

2026-08-19 21:29:59.682 INFO [pool-6-thread-8][:] - /****************流量统计******************/
LastReadBytes:26
LastReadThroughput:5
LastWrittenBytes:14
LastWriteThroughput:2
RealWrittenBytes:0
RealWriteThroughput:2
当前玩家的连接数量:1
当前地图的线程个数：9
当前地图的个数:47
当前数据库执行队列数:0
当前发送队列缓存的对象数量:1
totalMemory：983564288, use ：640809824, free ：342754464DirectMemory：1827143680, 恢复 ：1
当前时间 ：2026-08-19 21:29:59send keng：298, sheng ：4194304
decode keng：2, sheng ：2097152
world keng：4, sheng ：1048576

2026-08-19 21:30:04.682 INFO [pool-6-thread-6][:] - /****************流量统计******************/
LastReadBytes:0
LastReadThroughput:0
LastWrittenBytes:37
LastWriteThroughput:7
RealWrittenBytes:0
RealWriteThroughput:7
当前玩家的连接数量:1
当前地图的线程个数：9
当前地图的个数:47
当前数据库执行队列数:0
当前发送队列缓存的对象数量:1
totalMemory：983564288, use ：644637920, free ：338926368DirectMemory：1827143680, 恢复 ：1
当前时间 ：2026-08-19 21:30:04send keng：301, sheng ：4194304
decode keng：2, sheng ：2097152
world keng：4, sheng ：1048576

2026-08-19 21:30:09.682 INFO [pool-6-thread-8][:] - /****************流量统计******************/
LastReadBytes:26
LastReadThroughput:5
LastWrittenBytes:14
LastWriteThroughput:2
RealWrittenBytes:0
RealWriteThroughput:2
当前玩家的连接数量:1
当前地图的线程个数：9
当前地图的个数:47
当前数据库执行队列数:0
当前发送队列缓存的对象数量:1
totalMemory：983564288, use ：647818040, free ：335746248DirectMemory：1827143680, 恢复 ：1
当前时间 ：2026-08-19 21:30:09send keng：301, sheng ：4194304
decode keng：2, sheng ：2097152
world keng：4, sheng ：1048576

2026-08-19 21:30:14.682 INFO [pool-6-thread-9][:] - /****************流量统计******************/
LastReadBytes:0
LastReadThroughput:0
LastWrittenBytes:0
LastWriteThroughput:0
RealWrittenBytes:0
RealWriteThroughput:0
当前玩家的连接数量:1
当前地图的线程个数：9
当前地图的个数:47
当前数据库执行队列数:0
当前发送队列缓存的对象数量:1
totalMemory：983564288, use ：652465280, free ：331099008DirectMemory：1827143680, 恢复 ：1
当前时间 ：2026-08-19 21:30:14send keng：301, sheng ：4194304
decode keng：2, sheng ：2097152
world keng：4, sheng ：1048576

2026-08-19 21:30:19.682 INFO [pool-6-thread-8][:] - /****************流量统计******************/
LastReadBytes:26
LastReadThroughput:5
LastWrittenBytes:14
LastWriteThroughput:2
RealWrittenBytes:0
RealWriteThroughput:2
当前玩家的连接数量:1
当前地图的线程个数：9
当前地图的个数:47
当前数据库执行队列数:0
当前发送队列缓存的对象数量:1
totalMemory：983564288, use ：655247720, free ：328316568DirectMemory：1827143680, 恢复 ：1
当前时间 ：2026-08-19 21:30:19send keng：301, sheng ：4194304
decode keng：2, sheng ：2097152
world keng：4, sheng ：1048576

2026-08-19 21:30:24.682 INFO [pool-6-thread-1][:] - /****************流量统计******************/
LastReadBytes:0
LastReadThroughput:0
LastWrittenBytes:0
LastWriteThroughput:0
RealWrittenBytes:0
RealWriteThroughput:0
当前玩家的连接数量:1
当前地图的线程个数：9
当前地图的个数:47
当前数据库执行队列数:0
当前发送队列缓存的对象数量:1
totalMemory：983564288, use ：660506944, free ：323057344DirectMemory：1827143680, 恢复 ：1
当前时间 ：2026-08-19 21:30:24send keng：301, sheng ：4194304
decode keng：2, sheng ：2097152
world keng：4, sheng ：1048576

2026-08-19 21:30:29.682 INFO [pool-6-thread-1][:] - /****************流量统计******************/
LastReadBytes:0
LastReadThroughput:0
LastWrittenBytes:0
LastWriteThroughput:0
RealWrittenBytes:14
RealWriteThroughput:0
当前玩家的连接数量:1
当前地图的线程个数：9
当前地图的个数:47
当前数据库执行队列数:0
当前发送队列缓存的对象数量:1
totalMemory：983564288, use ：662995168, free ：320569120DirectMemory：1827143680, 恢复 ：1
当前时间 ：2026-08-19 21:30:29send keng：301, sheng ：4194304
decode keng：2, sheng ：2097152
world keng：4, sheng ：1048576

2026-08-19 21:30:34.682 INFO [pool-6-thread-5][:] - /****************流量统计******************/
LastReadBytes:26
LastReadThroughput:5
LastWrittenBytes:14
LastWriteThroughput:2
RealWrittenBytes:0
RealWriteThroughput:2
当前玩家的连接数量:1
当前地图的线程个数：9
当前地图的个数:47
当前数据库执行队列数:0
当前发送队列缓存的对象数量:1
totalMemory：983564288, use ：667092856, free ：316471432DirectMemory：1827143680, 恢复 ：1
当前时间 ：2026-08-19 21:30:34send keng：301, sheng ：4194304
decode keng：2, sheng ：2097152
world keng：4, sheng ：1048576

2026-08-19 21:30:39.682 INFO [pool-6-thread-4][:] - /****************流量统计******************/
LastReadBytes:0
LastReadThroughput:0
LastWrittenBytes:0
LastWriteThroughput:0
RealWrittenBytes:0
RealWriteThroughput:0
当前玩家的连接数量:1
当前地图的线程个数：9
当前地图的个数:47
当前数据库执行队列数:0
当前发送队列缓存的对象数量:1
totalMemory：983564288, use ：671596240, free ：311968048DirectMemory：1827143680, 恢复 ：1
当前时间 ：2026-08-19 21:30:39send keng：301, sheng ：4194304
decode keng：2, sheng ：2097152
world keng：4, sheng ：1048576

2026-08-19 21:30:44.682 INFO [pool-6-thread-7][:] - /****************流量统计******************/
LastReadBytes:26
LastReadThroughput:5
LastWrittenBytes:14
LastWriteThroughput:2
RealWrittenBytes:0
RealWriteThroughput:2
当前玩家的连接数量:1
当前地图的线程个数：9
当前地图的个数:47
当前数据库执行队列数:0
当前发送队列缓存的对象数量:1
totalMemory：983564288, use ：674892416, free ：308671872DirectMemory：1827143680, 恢复 ：1
当前时间 ：2026-08-19 21:30:44send keng：301, sheng ：4194304
decode keng：2, sheng ：2097152
world keng：4, sheng ：1048576

2026-08-19 21:30:49.684 INFO [pool-6-thread-9][:] - /****************流量统计******************/
LastReadBytes:0
LastReadThroughput:0
LastWrittenBytes:0
LastWriteThroughput:0
RealWrittenBytes:0
RealWriteThroughput:0
当前玩家的连接数量:1
当前地图的线程个数：9
当前地图的个数:47
当前数据库执行队列数:0
当前发送队列缓存的对象数量:1
totalMemory：983564288, use ：679169400, free ：304394888DirectMemory：1827143680, 恢复 ：1
当前时间 ：2026-08-19 21:30:49send keng：301, sheng ：4194304
decode keng：2, sheng ：2097152
world keng：4, sheng ：1048576

2026-08-19 21:30:54.682 INFO [pool-6-thread-9][:] - /****************流量统计******************/
LastReadBytes:26
LastReadThroughput:5
LastWrittenBytes:14
LastWriteThroughput:2
RealWrittenBytes:0
RealWriteThroughput:2
当前玩家的连接数量:1
当前地图的线程个数：9
当前地图的个数:47
当前数据库执行队列数:0
当前发送队列缓存的对象数量:1
totalMemory：983564288, use ：681654960, free ：301909328DirectMemory：1827143680, 恢复 ：1
当前时间 ：2026-08-19 21:30:54send keng：301, sheng ：4194304
decode keng：2, sheng ：2097152
world keng：4, sheng ：1048576

2026-08-19 21:30:59.682 INFO [pool-6-thread-7][:] - /****************流量统计******************/
LastReadBytes:0
LastReadThroughput:0
LastWrittenBytes:0
LastWriteThroughput:0
RealWrittenBytes:0
RealWriteThroughput:0
当前玩家的连接数量:1
当前地图的线程个数：9
当前地图的个数:47
当前数据库执行队列数:0
当前发送队列缓存的对象数量:1
totalMemory：983564288, use ：685893408, free ：297670880DirectMemory：1827143680, 恢复 ：1
当前时间 ：2026-08-19 21:30:59send keng：301, sheng ：4194304
decode keng：2, sheng ：2097152
world keng：4, sheng ：1048576

2026-08-19 21:31:04.682 INFO [pool-6-thread-7][:] - /****************流量统计******************/
LastReadBytes:26
LastReadThroughput:5
LastWrittenBytes:14
LastWriteThroughput:2
RealWrittenBytes:0
RealWriteThroughput:2
当前玩家的连接数量:1
当前地图的线程个数：9
当前地图的个数:47
当前数据库执行队列数:0
当前发送队列缓存的对象数量:1
totalMemory：983564288, use ：689389376, free ：294174912DirectMemory：1827143680, 恢复 ：1
当前时间 ：2026-08-19 21:31:04send keng：301, sheng ：4194304
decode keng：2, sheng ：2097152
world keng：4, sheng ：1048576

2026-08-19 21:31:09.682 INFO [pool-6-thread-7][:] - /****************流量统计******************/
LastReadBytes:0
LastReadThroughput:0
LastWrittenBytes:0
LastWriteThroughput:0
RealWrittenBytes:0
RealWriteThroughput:0
当前玩家的连接数量:1
当前地图的线程个数：9
当前地图的个数:47
当前数据库执行队列数:0
当前发送队列缓存的对象数量:1
totalMemory：983564288, use ：694162672, free ：289401616DirectMemory：1827143680, 恢复 ：1
当前时间 ：2026-08-19 21:31:09send keng：301, sheng ：4194304
decode keng：2, sheng ：2097152
world keng：4, sheng ：1048576

2026-08-19 21:31:14.682 INFO [pool-6-thread-3][:] - /****************流量统计******************/
LastReadBytes:26
LastReadThroughput:5
LastWrittenBytes:14
LastWriteThroughput:2
RealWrittenBytes:0
RealWriteThroughput:2
当前玩家的连接数量:1
当前地图的线程个数：9
当前地图的个数:47
当前数据库执行队列数:0
当前发送队列缓存的对象数量:1
totalMemory：983564288, use ：696611784, free ：286952504DirectMemory：1827143680, 恢复 ：1
当前时间 ：2026-08-19 21:31:14send keng：301, sheng ：4194304
decode keng：2, sheng ：2097152
world keng：4, sheng ：1048576

2026-08-19 21:31:19.683 INFO [pool-6-thread-3][:] - /****************流量统计******************/
LastReadBytes:0
LastReadThroughput:0
LastWrittenBytes:0
LastWriteThroughput:0
RealWrittenBytes:0
RealWriteThroughput:0
当前玩家的连接数量:1
当前地图的线程个数：9
当前地图的个数:47
当前数据库执行队列数:0
当前发送队列缓存的对象数量:1
totalMemory：983564288, use ：700913808, free ：282650480DirectMemory：1827143680, 恢复 ：1
当前时间 ：2026-08-19 21:31:19send keng：301, sheng ：4194304
decode keng：2, sheng ：2097152
world keng：4, sheng ：1048576

2026-08-19 21:31:24.682 INFO [pool-6-thread-3][:] - /****************流量统计******************/
LastReadBytes:26
LastReadThroughput:5
LastWrittenBytes:14
LastWriteThroughput:2
RealWrittenBytes:0
RealWriteThroughput:2
当前玩家的连接数量:1
当前地图的线程个数：9
当前地图的个数:47
当前数据库执行队列数:0
当前发送队列缓存的对象数量:1
totalMemory：983564288, use ：704468096, free ：279096192DirectMemory：1827143680, 恢复 ：1
当前时间 ：2026-08-19 21:31:24send keng：301, sheng ：4194304
decode keng：2, sheng ：2097152
world keng：4, sheng ：1048576

2026-08-19 21:31:29.682 INFO [pool-6-thread-5][:] - /****************流量统计******************/
LastReadBytes:0
LastReadThroughput:0
LastWrittenBytes:0
LastWriteThroughput:0
RealWrittenBytes:0
RealWriteThroughput:0
当前玩家的连接数量:1
当前地图的线程个数：9
当前地图的个数:47
当前数据库执行队列数:0
当前发送队列缓存的对象数量:1
totalMemory：983564288, use ：709083584, free ：274480704DirectMemory：1827143680, 恢复 ：1
当前时间 ：2026-08-19 21:31:29send keng：301, sheng ：4194304
decode keng：2, sheng ：2097152
world keng：4, sheng ：1048576

2026-08-19 21:31:34.682 INFO [pool-6-thread-7][:] - /****************流量统计******************/
LastReadBytes:0
LastReadThroughput:0
LastWrittenBytes:0
LastWriteThroughput:0
RealWrittenBytes:14
RealWriteThroughput:0
当前玩家的连接数量:1
当前地图的线程个数：9
当前地图的个数:47
当前数据库执行队列数:0
当前发送队列缓存的对象数量:1
totalMemory：983564288, use ：712906344, free ：270657944DirectMemory：1827143680, 恢复 ：1
当前时间 ：2026-08-19 21:31:34send keng：301, sheng ：4194304
decode keng：2, sheng ：2097152
world keng：4, sheng ：1048576

2026-08-19 21:31:39.682 INFO [pool-6-thread-9][:] - /****************流量统计******************/
LastReadBytes:26
LastReadThroughput:5
LastWrittenBytes:14
LastWriteThroughput:2
RealWrittenBytes:0
RealWriteThroughput:2
当前玩家的连接数量:1
当前地图的线程个数：9
当前地图的个数:47
当前数据库执行队列数:0
当前发送队列缓存的对象数量:1
totalMemory：983564288, use ：715704752, free ：267859536DirectMemory：1827143680, 恢复 ：1
当前时间 ：2026-08-19 21:31:39send keng：301, sheng ：4194304
decode keng：2, sheng ：2097152
world keng：4, sheng ：1048576

2026-08-19 21:31:44.682 INFO [pool-6-thread-1][:] - /****************流量统计******************/
LastReadBytes:122
LastReadThroughput:24
LastWrittenBytes:42
LastWriteThroughput:8
RealWrittenBytes:14
RealWriteThroughput:8
当前玩家的连接数量:1
当前地图的线程个数：9
当前地图的个数:47
当前数据库执行队列数:0
当前发送队列缓存的对象数量:1
totalMemory：983564288, use ：719541408, free ：264022880DirectMemory：1827143680, 恢复 ：1
当前时间 ：2026-08-19 21:31:44send keng：302, sheng ：4194304
decode keng：2, sheng ：2097152
world keng：4, sheng ：1048576

2026-08-19 21:31:49.682 INFO [pool-6-thread-3][:] - /****************流量统计******************/
LastReadBytes:26
LastReadThroughput:5
LastWrittenBytes:14
LastWriteThroughput:2
RealWrittenBytes:0
RealWriteThroughput:2
当前玩家的连接数量:1
当前地图的线程个数：9
当前地图的个数:47
当前数据库执行队列数:0
当前发送队列缓存的对象数量:1
totalMemory：983564288, use ：723885784, free ：259678504DirectMemory：1827143680, 恢复 ：1
当前时间 ：2026-08-19 21:31:49send keng：302, sheng ：4194304
decode keng：2, sheng ：2097152
world keng：4, sheng ：1048576

2026-08-19 21:31:54.682 INFO [pool-6-thread-9][:] - /****************流量统计******************/
LastReadBytes:0
LastReadThroughput:0
LastWrittenBytes:0
LastWriteThroughput:0
RealWrittenBytes:0
RealWriteThroughput:0
当前玩家的连接数量:1
当前地图的线程个数：9
当前地图的个数:47
当前数据库执行队列数:0
当前发送队列缓存的对象数量:1
totalMemory：983564288, use ：727610104, free ：255954184DirectMemory：1827143680, 恢复 ：1
当前时间 ：2026-08-19 21:31:54send keng：302, sheng ：4194304
decode keng：2, sheng ：2097152
world keng：4, sheng ：1048576

2026-08-19 21:31:59.682 INFO [pool-6-thread-5][:] - /****************流量统计******************/
LastReadBytes:26
LastReadThroughput:5
LastWrittenBytes:14
LastWriteThroughput:2
RealWrittenBytes:0
RealWriteThroughput:2
当前玩家的连接数量:1
当前地图的线程个数：9
当前地图的个数:47
当前数据库执行队列数:0
当前发送队列缓存的对象数量:1
totalMemory：983564288, use ：731003016, free ：252561272DirectMemory：1827143680, 恢复 ：1
当前时间 ：2026-08-19 21:31:59send keng：302, sheng ：4194304
decode keng：2, sheng ：2097152
world keng：4, sheng ：1048576

2026-08-19 21:32:04.682 INFO [pool-6-thread-10][:] - /****************流量统计******************/
LastReadBytes:0
LastReadThroughput:0
LastWrittenBytes:0
LastWriteThroughput:0
RealWrittenBytes:0
RealWriteThroughput:0
当前玩家的连接数量:1
当前地图的线程个数：9
当前地图的个数:47
当前数据库执行队列数:0
当前发送队列缓存的对象数量:1
totalMemory：983564288, use ：734868536, free ：248695752DirectMemory：1827143680, 恢复 ：1
当前时间 ：2026-08-19 21:32:04send keng：302, sheng ：4194304
decode keng：2, sheng ：2097152
world keng：4, sheng ：1048576

2026-08-19 21:32:09.682 INFO [pool-6-thread-4][:] - /****************流量统计******************/
LastReadBytes:26
LastReadThroughput:5
LastWrittenBytes:14
LastWriteThroughput:2
RealWrittenBytes:0
RealWriteThroughput:2
当前玩家的连接数量:1
当前地图的线程个数：9
当前地图的个数:47
当前数据库执行队列数:0
当前发送队列缓存的对象数量:1
totalMemory：983564288, use ：738837976, free ：244726312DirectMemory：1827143680, 恢复 ：1
当前时间 ：2026-08-19 21:32:09send keng：302, sheng ：4194304
decode keng：2, sheng ：2097152
world keng：4, sheng ：1048576

2026-08-19 21:32:14.682 INFO [pool-6-thread-4][:] - /****************流量统计******************/
LastReadBytes:0
LastReadThroughput:0
LastWrittenBytes:0
LastWriteThroughput:0
RealWrittenBytes:0
RealWriteThroughput:0
当前玩家的连接数量:1
当前地图的线程个数：9
当前地图的个数:47
当前数据库执行队列数:0
当前发送队列缓存的对象数量:1
totalMemory：983564288, use ：742648752, free ：240915536DirectMemory：1827143680, 恢复 ：1
当前时间 ：2026-08-19 21:32:14send keng：302, sheng ：4194304
decode keng：2, sheng ：2097152
world keng：4, sheng ：1048576

2026-08-19 21:32:19.682 INFO [pool-6-thread-9][:] - /****************流量统计******************/
LastReadBytes:26
LastReadThroughput:5
LastWrittenBytes:14
LastWriteThroughput:2
RealWrittenBytes:0
RealWriteThroughput:2
当前玩家的连接数量:1
当前地图的线程个数：9
当前地图的个数:47
当前数据库执行队列数:0
当前发送队列缓存的对象数量:1
totalMemory：983564288, use ：746837136, free ：236727152DirectMemory：1827143680, 恢复 ：1
当前时间 ：2026-08-19 21:32:19send keng：302, sheng ：4194304
decode keng：2, sheng ：2097152
world keng：4, sheng ：1048576

2026-08-19 21:32:24.682 INFO [pool-6-thread-7][:] - /****************流量统计******************/
LastReadBytes:0
LastReadThroughput:0
LastWrittenBytes:0
LastWriteThroughput:0
RealWrittenBytes:0
RealWriteThroughput:0
当前玩家的连接数量:1
当前地图的线程个数：9
当前地图的个数:47
当前数据库执行队列数:0
当前发送队列缓存的对象数量:1
totalMemory：983564288, use ：749834432, free ：233729856DirectMemory：1827143680, 恢复 ：1
当前时间 ：2026-08-19 21:32:24send keng：302, sheng ：4194304
decode keng：2, sheng ：2097152
world keng：4, sheng ：1048576

2026-08-19 21:32:29.682 INFO [pool-6-thread-3][:] - /****************流量统计******************/
LastReadBytes:26
LastReadThroughput:5
LastWrittenBytes:14
LastWriteThroughput:2
RealWrittenBytes:0
RealWriteThroughput:2
当前玩家的连接数量:1
当前地图的线程个数：9
当前地图的个数:47
当前数据库执行队列数:0
当前发送队列缓存的对象数量:1
totalMemory：983564288, use ：753953640, free ：229610648DirectMemory：1827143680, 恢复 ：1
当前时间 ：2026-08-19 21:32:29send keng：302, sheng ：4194304
decode keng：2, sheng ：2097152
world keng：4, sheng ：1048576

2026-08-19 21:32:34.682 INFO [pool-6-thread-7][:] - /****************流量统计******************/
LastReadBytes:0
LastReadThroughput:0
LastWrittenBytes:0
LastWriteThroughput:0
RealWrittenBytes:0
RealWriteThroughput:0
当前玩家的连接数量:1
当前地图的线程个数：9
当前地图的个数:47
当前数据库执行队列数:0
当前发送队列缓存的对象数量:1
totalMemory：984088576, use ：416600296, free ：567488280DirectMemory：1827143680, 恢复 ：1
当前时间 ：2026-08-19 21:32:34send keng：302, sheng ：4194304
decode keng：2, sheng ：2097152
world keng：4, sheng ：1048576

2026-08-19 21:32:39.682 INFO [pool-6-thread-5][:] - /****************流量统计******************/
LastReadBytes:26
LastReadThroughput:5
LastWrittenBytes:14
LastWriteThroughput:2
RealWrittenBytes:0
RealWriteThroughput:2
当前玩家的连接数量:1
当前地图的线程个数：9
当前地图的个数:47
当前数据库执行队列数:0
当前发送队列缓存的对象数量:1
totalMemory：984088576, use ：417082264, free ：567006312DirectMemory：1827143680, 恢复 ：1
当前时间 ：2026-08-19 21:32:39send keng：302, sheng ：4194304
decode keng：2, sheng ：2097152
world keng：4, sheng ：1048576

2026-08-19 21:32:44.682 INFO [pool-6-thread-6][:] - /****************流量统计******************/
LastReadBytes:0
LastReadThroughput:0
LastWrittenBytes:0
LastWriteThroughput:0
RealWrittenBytes:0
RealWriteThroughput:0
当前玩家的连接数量:1
当前地图的线程个数：9
当前地图的个数:47
当前数据库执行队列数:0
当前发送队列缓存的对象数量:1
totalMemory：984088576, use ：422859312, free ：561229264DirectMemory：1827143680, 恢复 ：1
当前时间 ：2026-08-19 21:32:44send keng：302, sheng ：4194304
decode keng：2, sheng ：2097152
world keng：4, sheng ：1048576

2026-08-19 21:32:49.682 INFO [pool-6-thread-5][:] - /****************流量统计******************/
LastReadBytes:0
LastReadThroughput:0
LastWrittenBytes:0
LastWriteThroughput:0
RealWrittenBytes:14
RealWriteThroughput:0
当前玩家的连接数量:1
当前地图的线程个数：9
当前地图的个数:47
当前数据库执行队列数:0
当前发送队列缓存的对象数量:1
totalMemory：984088576, use ：424249384, free ：559839192DirectMemory：1827143680, 恢复 ：1
当前时间 ：2026-08-19 21:32:49send keng：302, sheng ：4194304
decode keng：2, sheng ：2097152
world keng：4, sheng ：1048576

2026-08-19 21:32:54.689 INFO [pool-6-thread-2][:] - /****************流量统计******************/
LastReadBytes:26
LastReadThroughput:5
LastWrittenBytes:14
LastWriteThroughput:2
RealWrittenBytes:0
RealWriteThroughput:2
当前玩家的连接数量:1
当前地图的线程个数：9
当前地图的个数:47
当前数据库执行队列数:0
当前发送队列缓存的对象数量:1
totalMemory：984088576, use ：429051784, free ：555036792DirectMemory：1827143680, 恢复 ：1
当前时间 ：2026-08-19 21:32:54send keng：302, sheng ：4194304
decode keng：2, sheng ：2097152
world keng：4, sheng ：1048576

2026-08-19 21:32:59.682 INFO [pool-6-thread-1][:] - /****************流量统计******************/
LastReadBytes:0
LastReadThroughput:0
LastWrittenBytes:0
LastWriteThroughput:0
RealWrittenBytes:0
RealWriteThroughput:0
当前玩家的连接数量:1
当前地图的线程个数：9
当前地图的个数:47
当前数据库执行队列数:0
当前发送队列缓存的对象数量:1
totalMemory：984088576, use ：432720280, free ：551368296DirectMemory：1827143680, 恢复 ：1
当前时间 ：2026-08-19 21:32:59send keng：302, sheng ：4194304
decode keng：2, sheng ：2097152
world keng：4, sheng ：1048576

2026-08-19 21:33:04.682 INFO [pool-6-thread-10][:] - /****************流量统计******************/
LastReadBytes:26
LastReadThroughput:5
LastWrittenBytes:14
LastWriteThroughput:2
RealWrittenBytes:0
RealWriteThroughput:2
当前玩家的连接数量:1
当前地图的线程个数：9
当前地图的个数:47
当前数据库执行队列数:0
当前发送队列缓存的对象数量:1
totalMemory：984088576, use ：436747144, free ：547341432DirectMemory：1827143680, 恢复 ：1
当前时间 ：2026-08-19 21:33:04send keng：302, sheng ：4194304
decode keng：2, sheng ：2097152
world keng：4, sheng ：1048576

2026-08-19 21:33:09.682 INFO [pool-6-thread-5][:] - /****************流量统计******************/
LastReadBytes:0
LastReadThroughput:0
LastWrittenBytes:0
LastWriteThroughput:0
RealWrittenBytes:112
RealWriteThroughput:0
当前玩家的连接数量:1
当前地图的线程个数：9
当前地图的个数:47
当前数据库执行队列数:0
当前发送队列缓存的对象数量:1
totalMemory：984088576, use ：441574696, free ：542513880DirectMemory：1827143680, 恢复 ：1
当前时间 ：2026-08-19 21:33:09send keng：308, sheng ：4194304
decode keng：2, sheng ：2097152
world keng：4, sheng ：1048576

2026-08-19 21:33:14.682 INFO [pool-6-thread-7][:] - /****************流量统计******************/
LastReadBytes:161
LastReadThroughput:32
LastWrittenBytes:126
LastWriteThroughput:25
RealWrittenBytes:0
RealWriteThroughput:25
当前玩家的连接数量:1
当前地图的线程个数：9
当前地图的个数:47
当前数据库执行队列数:0
当前发送队列缓存的对象数量:1
totalMemory：984088576, use ：443921192, free ：540167384DirectMemory：1827143680, 恢复 ：1
当前时间 ：2026-08-19 21:33:14send keng：308, sheng ：4194304
decode keng：2, sheng ：2097152
world keng：4, sheng ：1048576

2026-08-19 21:33:19.682 INFO [pool-6-thread-5][:] - /****************流量统计******************/
LastReadBytes:0
LastReadThroughput:0
LastWrittenBytes:0
LastWriteThroughput:0
RealWrittenBytes:0
RealWriteThroughput:0
当前玩家的连接数量:1
当前地图的线程个数：9
当前地图的个数:47
当前数据库执行队列数:0
当前发送队列缓存的对象数量:1
totalMemory：984088576, use ：448418976, free ：535669600DirectMemory：1827143680, 恢复 ：1
当前时间 ：2026-08-19 21:33:19send keng：308, sheng ：4194304
decode keng：2, sheng ：2097152
world keng：4, sheng ：1048576

2026-08-19 21:33:24.682 INFO [pool-6-thread-5][:] - /****************流量统计******************/
LastReadBytes:26
LastReadThroughput:5
LastWrittenBytes:14
LastWriteThroughput:2
RealWrittenBytes:0
RealWriteThroughput:2
当前玩家的连接数量:1
当前地图的线程个数：9
当前地图的个数:47
当前数据库执行队列数:0
当前发送队列缓存的对象数量:1
totalMemory：984088576, use ：451060784, free ：533027792DirectMemory：1827143680, 恢复 ：1
当前时间 ：2026-08-19 21:33:24send keng：308, sheng ：4194304
decode keng：2, sheng ：2097152
world keng：4, sheng ：1048576

2026-08-19 21:33:29.682 INFO [pool-6-thread-2][:] - /****************流量统计******************/
LastReadBytes:0
LastReadThroughput:0
LastWrittenBytes:0
LastWriteThroughput:0
RealWrittenBytes:0
RealWriteThroughput:0
当前玩家的连接数量:1
当前地图的线程个数：9
当前地图的个数:47
当前数据库执行队列数:0
当前发送队列缓存的对象数量:1
totalMemory：984088576, use ：456367576, free ：527721000DirectMemory：1827143680, 恢复 ：1
当前时间 ：2026-08-19 21:33:29send keng：308, sheng ：4194304
decode keng：2, sheng ：2097152
world keng：4, sheng ：1048576

2026-08-19 21:33:34.682 INFO [pool-6-thread-9][:] - /****************流量统计******************/
LastReadBytes:26
LastReadThroughput:5
LastWrittenBytes:14
LastWriteThroughput:2
RealWrittenBytes:0
RealWriteThroughput:2
当前玩家的连接数量:1
当前地图的线程个数：9
当前地图的个数:47
当前数据库执行队列数:0
当前发送队列缓存的对象数量:1
totalMemory：984088576, use ：458221672, free ：525866904DirectMemory：1827143680, 恢复 ：1
当前时间 ：2026-08-19 21:33:34send keng：308, sheng ：4194304
decode keng：2, sheng ：2097152
world keng：4, sheng ：1048576

2026-08-19 21:33:39.682 INFO [pool-6-thread-3][:] - /****************流量统计******************/
LastReadBytes:0
LastReadThroughput:0
LastWrittenBytes:0
LastWriteThroughput:0
RealWrittenBytes:0
RealWriteThroughput:0
当前玩家的连接数量:1
当前地图的线程个数：9
当前地图的个数:47
当前数据库执行队列数:0
当前发送队列缓存的对象数量:1
totalMemory：984088576, use ：462645528, free ：521443048DirectMemory：1827143680, 恢复 ：1
当前时间 ：2026-08-19 21:33:39send keng：308, sheng ：4194304
decode keng：2, sheng ：2097152
world keng：4, sheng ：1048576

2026-08-19 21:33:44.682 INFO [pool-6-thread-3][:] - /****************流量统计******************/
LastReadBytes:26
LastReadThroughput:5
LastWrittenBytes:14
LastWriteThroughput:2
RealWrittenBytes:0
RealWriteThroughput:2
当前玩家的连接数量:1
当前地图的线程个数：9
当前地图的个数:47
当前数据库执行队列数:0
当前发送队列缓存的对象数量:1
totalMemory：984088576, use ：465866584, free ：518221992DirectMemory：1827143680, 恢复 ：1
当前时间 ：2026-08-19 21:33:44send keng：308, sheng ：4194304
decode keng：2, sheng ：2097152
world keng：4, sheng ：1048576

2026-08-19 21:33:49.683 INFO [pool-6-thread-10][:] - /****************流量统计******************/
LastReadBytes:0
LastReadThroughput:0
LastWrittenBytes:0
LastWriteThroughput:0
RealWrittenBytes:0
RealWriteThroughput:0
当前玩家的连接数量:1
当前地图的线程个数：9
当前地图的个数:47
当前数据库执行队列数:0
当前发送队列缓存的对象数量:1
totalMemory：984088576, use ：470632368, free ：513456208DirectMemory：1827143680, 恢复 ：1
当前时间 ：2026-08-19 21:33:49send keng：308, sheng ：4194304
decode keng：2, sheng ：2097152
world keng：4, sheng ：1048576

2026-08-19 21:33:54.682 INFO [pool-6-thread-1][:] - /****************流量统计******************/
LastReadBytes:0
LastReadThroughput:0
LastWrittenBytes:0
LastWriteThroughput:0
RealWrittenBytes:14
RealWriteThroughput:0
当前玩家的连接数量:1
当前地图的线程个数：9
当前地图的个数:47
当前数据库执行队列数:0
当前发送队列缓存的对象数量:1
totalMemory：984088576, use ：473751536, free ：510337040DirectMemory：1827143680, 恢复 ：1
当前时间 ：2026-08-19 21:33:54send keng：308, sheng ：4194304
decode keng：2, sheng ：2097152
world keng：4, sheng ：1048576

2026-08-19 21:33:59.683 INFO [pool-6-thread-3][:] - /****************流量统计******************/
LastReadBytes:26
LastReadThroughput:5
LastWrittenBytes:14
LastWriteThroughput:2
RealWrittenBytes:0
RealWriteThroughput:2
当前玩家的连接数量:1
当前地图的线程个数：9
当前地图的个数:47
当前数据库执行队列数:0
当前发送队列缓存的对象数量:1
totalMemory：984088576, use ：477377264, free ：506711312DirectMemory：1827143680, 恢复 ：1
当前时间 ：2026-08-19 21:33:59send keng：308, sheng ：4194304
decode keng：2, sheng ：2097152
world keng：4, sheng ：1048576

2026-08-19 21:34:04.682 INFO [pool-6-thread-10][:] - /****************流量统计******************/
LastReadBytes:0
LastReadThroughput:0
LastWrittenBytes:0
LastWriteThroughput:0
RealWrittenBytes:14
RealWriteThroughput:0
当前玩家的连接数量:1
当前地图的线程个数：9
当前地图的个数:47
当前数据库执行队列数:0
当前发送队列缓存的对象数量:1
totalMemory：984088576, use ：481960416, free ：502128160DirectMemory：1827143680, 恢复 ：1
当前时间 ：2026-08-19 21:34:04send keng：308, sheng ：4194304
decode keng：2, sheng ：2097152
world keng：4, sheng ：1048576

2026-08-19 21:34:09.682 INFO [pool-6-thread-7][:] - /****************流量统计******************/
LastReadBytes:26
LastReadThroughput:5
LastWrittenBytes:14
LastWriteThroughput:2
RealWrittenBytes:0
RealWriteThroughput:2
当前玩家的连接数量:1
当前地图的线程个数：9
当前地图的个数:47
当前数据库执行队列数:0
当前发送队列缓存的对象数量:1
totalMemory：984088576, use ：484635104, free ：499453472DirectMemory：1827143680, 恢复 ：1
当前时间 ：2026-08-19 21:34:09send keng：308, sheng ：4194304
decode keng：2, sheng ：2097152
world keng：4, sheng ：1048576

2026-08-19 21:34:14.682 INFO [pool-6-thread-8][:] - /****************流量统计******************/
LastReadBytes:0
LastReadThroughput:0
LastWrittenBytes:0
LastWriteThroughput:0
RealWrittenBytes:0
RealWriteThroughput:0
当前玩家的连接数量:1
当前地图的线程个数：9
当前地图的个数:47
当前数据库执行队列数:0
当前发送队列缓存的对象数量:1
totalMemory：984088576, use ：489449272, free ：494639304DirectMemory：1827143680, 恢复 ：1
当前时间 ：2026-08-19 21:34:14send keng：308, sheng ：4194304
decode keng：2, sheng ：2097152
world keng：4, sheng ：1048576

2026-08-19 21:34:19.682 INFO [pool-6-thread-9][:] - /****************流量统计******************/
LastReadBytes:26
LastReadThroughput:5
LastWrittenBytes:14
LastWriteThroughput:2
RealWrittenBytes:0
RealWriteThroughput:2
当前玩家的连接数量:1
当前地图的线程个数：9
当前地图的个数:47
当前数据库执行队列数:0
当前发送队列缓存的对象数量:1
totalMemory：984088576, use ：491829384, free ：492259192DirectMemory：1827143680, 恢复 ：1
当前时间 ：2026-08-19 21:34:19send keng：308, sheng ：4194304
decode keng：2, sheng ：2097152
world keng：4, sheng ：1048576

2026-08-19 21:34:24.682 INFO [pool-6-thread-10][:] - /****************流量统计******************/
LastReadBytes:0
LastReadThroughput:0
LastWrittenBytes:0
LastWriteThroughput:0
RealWrittenBytes:0
RealWriteThroughput:0
当前玩家的连接数量:1
当前地图的线程个数：9
当前地图的个数:47
当前数据库执行队列数:0
当前发送队列缓存的对象数量:1
totalMemory：984088576, use ：496664536, free ：487424040DirectMemory：1827143680, 恢复 ：1
当前时间 ：2026-08-19 21:34:24send keng：308, sheng ：4194304
decode keng：2, sheng ：2097152
world keng：4, sheng ：1048576

2026-08-19 21:34:29.682 INFO [pool-6-thread-4][:] - /****************流量统计******************/
LastReadBytes:26
LastReadThroughput:5
LastWrittenBytes:14
LastWriteThroughput:2
RealWrittenBytes:0
RealWriteThroughput:2
当前玩家的连接数量:1
当前地图的线程个数：9
当前地图的个数:47
当前数据库执行队列数:0
当前发送队列缓存的对象数量:1
totalMemory：984088576, use ：498996216, free ：485092360DirectMemory：1827143680, 恢复 ：1
当前时间 ：2026-08-19 21:34:29send keng：308, sheng ：4194304
decode keng：2, sheng ：2097152
world keng：4, sheng ：1048576

2026-08-19 21:34:34.682 INFO [pool-6-thread-9][:] - /****************流量统计******************/
LastReadBytes:0
LastReadThroughput:0
LastWrittenBytes:0
LastWriteThroughput:0
RealWrittenBytes:0
RealWriteThroughput:0
当前玩家的连接数量:1
当前地图的线程个数：9
当前地图的个数:47
当前数据库执行队列数:0
当前发送队列缓存的对象数量:1
totalMemory：984088576, use ：504243600, free ：479844976DirectMemory：1827143680, 恢复 ：1
当前时间 ：2026-08-19 21:34:34send keng：308, sheng ：4194304
decode keng：2, sheng ：2097152
world keng：4, sheng ：1048576

2026-08-19 21:34:39.682 INFO [pool-6-thread-7][:] - /****************流量统计******************/
LastReadBytes:26
LastReadThroughput:5
LastWrittenBytes:14
LastWriteThroughput:2
RealWrittenBytes:0
RealWriteThroughput:2
当前玩家的连接数量:1
当前地图的线程个数：9
当前地图的个数:47
当前数据库执行队列数:0
当前发送队列缓存的对象数量:1
totalMemory：984088576, use ：507264376, free ：476824200DirectMemory：1827143680, 恢复 ：1
当前时间 ：2026-08-19 21:34:39send keng：308, sheng ：4194304
decode keng：2, sheng ：2097152
world keng：4, sheng ：1048576

2026-08-19 21:34:44.683 INFO [pool-6-thread-2][:] - /****************流量统计******************/
LastReadBytes:0
LastReadThroughput:0
LastWrittenBytes:0
LastWriteThroughput:0
RealWrittenBytes:0
RealWriteThroughput:0
当前玩家的连接数量:1
当前地图的线程个数：9
当前地图的个数:47
当前数据库执行队列数:0
当前发送队列缓存的对象数量:1
totalMemory：984088576, use ：511030336, free ：473058240DirectMemory：1827143680, 恢复 ：1
当前时间 ：2026-08-19 21:34:44send keng：308, sheng ：4194304
decode keng：2, sheng ：2097152
world keng：4, sheng ：1048576

2026-08-19 21:34:49.682 INFO [pool-6-thread-5][:] - /****************流量统计******************/
LastReadBytes:26
LastReadThroughput:5
LastWrittenBytes:14
LastWriteThroughput:2
RealWrittenBytes:0
RealWriteThroughput:2
当前玩家的连接数量:1
当前地图的线程个数：9
当前地图的个数:47
当前数据库执行队列数:0
当前发送队列缓存的对象数量:1
totalMemory：984088576, use ：516143248, free ：467945328DirectMemory：1827143680, 恢复 ：1
当前时间 ：2026-08-19 21:34:49send keng：308, sheng ：4194304
decode keng：2, sheng ：2097152
world keng：4, sheng ：1048576

2026-08-19 21:34:54.682 INFO [pool-6-thread-7][:] - /****************流量统计******************/
LastReadBytes:0
LastReadThroughput:0
LastWrittenBytes:0
LastWriteThroughput:0
RealWrittenBytes:0
RealWriteThroughput:0
当前玩家的连接数量:1
当前地图的线程个数：9
当前地图的个数:47
当前数据库执行队列数:0
当前发送队列缓存的对象数量:1
totalMemory：984088576, use ：518129136, free ：465959440DirectMemory：1827143680, 恢复 ：1
当前时间 ：2026-08-19 21:34:54send keng：308, sheng ：4194304
decode keng：2, sheng ：2097152
world keng：4, sheng ：1048576

2026-08-19 21:34:59.682 INFO [pool-6-thread-9][:] - /****************流量统计******************/
LastReadBytes:26
LastReadThroughput:5
LastWrittenBytes:14
LastWriteThroughput:2
RealWrittenBytes:0
RealWriteThroughput:2
当前玩家的连接数量:1
当前地图的线程个数：9
当前地图的个数:47
当前数据库执行队列数:0
当前发送队列缓存的对象数量:1
totalMemory：984088576, use ：523439968, free ：460648608DirectMemory：1827143680, 恢复 ：1
当前时间 ：2026-08-19 21:34:59send keng：308, sheng ：4194304
decode keng：2, sheng ：2097152
world keng：4, sheng ：1048576

2026-08-19 21:35:04.682 INFO [pool-6-thread-2][:] - /****************流量统计******************/
LastReadBytes:0
LastReadThroughput:0
LastWrittenBytes:0
LastWriteThroughput:0
RealWrittenBytes:0
RealWriteThroughput:0
当前玩家的连接数量:1
当前地图的线程个数：9
当前地图的个数:47
当前数据库执行队列数:0
当前发送队列缓存的对象数量:1
totalMemory：984088576, use ：525414176, free ：458674400DirectMemory：1827143680, 恢复 ：1
当前时间 ：2026-08-19 21:35:04send keng：308, sheng ：4194304
decode keng：2, sheng ：2097152
world keng：4, sheng ：1048576

2026-08-19 21:35:09.682 INFO [pool-6-thread-10][:] - /****************流量统计******************/
LastReadBytes:0
LastReadThroughput:0
LastWrittenBytes:0
LastWriteThroughput:0
RealWrittenBytes:14
RealWriteThroughput:0
当前玩家的连接数量:1
当前地图的线程个数：9
当前地图的个数:47
当前数据库执行队列数:0
当前发送队列缓存的对象数量:1
totalMemory：984088576, use ：530729000, free ：453359576DirectMemory：1827143680, 恢复 ：1
当前时间 ：2026-08-19 21:35:09send keng：308, sheng ：4194304
decode keng：2, sheng ：2097152
world keng：4, sheng ：1048576

2026-08-19 21:35:14.682 INFO [pool-6-thread-1][:] - /****************流量统计******************/
LastReadBytes:26
LastReadThroughput:5
LastWrittenBytes:14
LastWriteThroughput:2
RealWrittenBytes:0
RealWriteThroughput:2
当前玩家的连接数量:1
当前地图的线程个数：9
当前地图的个数:47
当前数据库执行队列数:0
当前发送队列缓存的对象数量:1
totalMemory：984088576, use ：533353104, free ：450735472DirectMemory：1827143680, 恢复 ：1
当前时间 ：2026-08-19 21:35:14send keng：308, sheng ：4194304
decode keng：2, sheng ：2097152
world keng：4, sheng ：1048576

2026-08-19 21:35:19.682 INFO [pool-6-thread-1][:] - /****************流量统计******************/
LastReadBytes:0
LastReadThroughput:0
LastWrittenBytes:0
LastWriteThroughput:0
RealWrittenBytes:0
RealWriteThroughput:0
当前玩家的连接数量:1
当前地图的线程个数：9
当前地图的个数:47
当前数据库执行队列数:0
当前发送队列缓存的对象数量:1
totalMemory：984088576, use ：537721352, free ：446367224DirectMemory：1827143680, 恢复 ：1
当前时间 ：2026-08-19 21:35:19send keng：308, sheng ：4194304
decode keng：2, sheng ：2097152
world keng：4, sheng ：1048576

2026-08-19 21:35:24.682 INFO [pool-6-thread-6][:] - /****************流量统计******************/
LastReadBytes:26
LastReadThroughput:5
LastWrittenBytes:14
LastWriteThroughput:2
RealWrittenBytes:0
RealWriteThroughput:2
当前玩家的连接数量:1
当前地图的线程个数：9
当前地图的个数:47
当前数据库执行队列数:0
当前发送队列缓存的对象数量:1
totalMemory：984088576, use ：541815240, free ：442273336DirectMemory：1827143680, 恢复 ：1
当前时间 ：2026-08-19 21:35:24send keng：308, sheng ：4194304
decode keng：2, sheng ：2097152
world keng：4, sheng ：1048576

2026-08-19 21:35:29.682 INFO [pool-6-thread-2][:] - /****************流量统计******************/
LastReadBytes:0
LastReadThroughput:0
LastWrittenBytes:0
LastWriteThroughput:0
RealWrittenBytes:0
RealWriteThroughput:0
当前玩家的连接数量:1
当前地图的线程个数：9
当前地图的个数:47
当前数据库执行队列数:0
当前发送队列缓存的对象数量:1
totalMemory：984088576, use ：544431064, free ：439657512DirectMemory：1827143680, 恢复 ：1
当前时间 ：2026-08-19 21:35:29send keng：308, sheng ：4194304
decode keng：2, sheng ：2097152
world keng：4, sheng ：1048576

2026-08-19 21:35:34.682 INFO [pool-6-thread-2][:] - /****************流量统计******************/
LastReadBytes:26
LastReadThroughput:5
LastWrittenBytes:14
LastWriteThroughput:2
RealWrittenBytes:0
RealWriteThroughput:2
当前玩家的连接数量:1
当前地图的线程个数：9
当前地图的个数:47
当前数据库执行队列数:0
当前发送队列缓存的对象数量:1
totalMemory：984088576, use ：549384280, free ：434704296DirectMemory：1827143680, 恢复 ：1
当前时间 ：2026-08-19 21:35:34send keng：308, sheng ：4194304
decode keng：2, sheng ：2097152
world keng：4, sheng ：1048576

2026-08-19 21:35:39.682 INFO [pool-6-thread-4][:] - /****************流量统计******************/
LastReadBytes:0
LastReadThroughput:0
LastWrittenBytes:0
LastWriteThroughput:0
RealWrittenBytes:0
RealWriteThroughput:0
当前玩家的连接数量:1
当前地图的线程个数：9
当前地图的个数:47
当前数据库执行队列数:0
当前发送队列缓存的对象数量:1
totalMemory：984088576, use ：552035968, free ：432052608DirectMemory：1827143680, 恢复 ：1
当前时间 ：2026-08-19 21:35:39send keng：308, sheng ：4194304
decode keng：2, sheng ：2097152
world keng：4, sheng ：1048576

2026-08-19 21:35:44.682 INFO [pool-6-thread-10][:] - /****************流量统计******************/
LastReadBytes:26
LastReadThroughput:5
LastWrittenBytes:14
LastWriteThroughput:2
RealWrittenBytes:0
RealWriteThroughput:2
当前玩家的连接数量:1
当前地图的线程个数：9
当前地图的个数:47
当前数据库执行队列数:0
当前发送队列缓存的对象数量:1
totalMemory：984088576, use ：557679344, free ：426409232DirectMemory：1827143680, 恢复 ：1
当前时间 ：2026-08-19 21:35:44send keng：308, sheng ：4194304
decode keng：2, sheng ：2097152
world keng：4, sheng ：1048576

2026-08-19 21:35:49.683 INFO [pool-6-thread-4][:] - /****************流量统计******************/
LastReadBytes:0
LastReadThroughput:0
LastWrittenBytes:0
LastWriteThroughput:0
RealWrittenBytes:0
RealWriteThroughput:0
当前玩家的连接数量:1
当前地图的线程个数：9
当前地图的个数:47
当前数据库执行队列数:0
当前发送队列缓存的对象数量:1
totalMemory：984088576, use ：559673000, free ：424415576DirectMemory：1827143680, 恢复 ：1
当前时间 ：2026-08-19 21:35:49send keng：308, sheng ：4194304
decode keng：2, sheng ：2097152
world keng：4, sheng ：1048576

2026-08-19 21:35:54.682 INFO [pool-6-thread-2][:] - /****************流量统计******************/
LastReadBytes:26
LastReadThroughput:5
LastWrittenBytes:14
LastWriteThroughput:2
RealWrittenBytes:0
RealWriteThroughput:2
当前玩家的连接数量:1
当前地图的线程个数：9
当前地图的个数:47
当前数据库执行队列数:0
当前发送队列缓存的对象数量:1
totalMemory：984088576, use ：564866232, free ：419222344DirectMemory：1827143680, 恢复 ：1
当前时间 ：2026-08-19 21:35:54send keng：308, sheng ：4194304
decode keng：2, sheng ：2097152
world keng：4, sheng ：1048576

2026-08-19 21:35:59.682 INFO [pool-6-thread-9][:] - /****************流量统计******************/
LastReadBytes:0
LastReadThroughput:0
LastWrittenBytes:0
LastWriteThroughput:0
RealWrittenBytes:0
RealWriteThroughput:0
当前玩家的连接数量:1
当前地图的线程个数：9
当前地图的个数:47
当前数据库执行队列数:0
当前发送队列缓存的对象数量:1
totalMemory：984088576, use ：566675408, free ：417413168DirectMemory：1827143680, 恢复 ：1
当前时间 ：2026-08-19 21:35:59send keng：308, sheng ：4194304
decode keng：2, sheng ：2097152
world keng：4, sheng ：1048576

2026-08-19 21:36:04.682 INFO [pool-6-thread-6][:] - /****************流量统计******************/
LastReadBytes:26
LastReadThroughput:5
LastWrittenBytes:14
LastWriteThroughput:2
RealWrittenBytes:0
RealWriteThroughput:2
当前玩家的连接数量:1
当前地图的线程个数：9
当前地图的个数:47
当前数据库执行队列数:0
当前发送队列缓存的对象数量:1
totalMemory：984088576, use ：572585096, free ：411503480DirectMemory：1827143680, 恢复 ：1
当前时间 ：2026-08-19 21:36:04send keng：308, sheng ：4194304
decode keng：2, sheng ：2097152
world keng：4, sheng ：1048576

2026-08-19 21:36:09.685 INFO [pool-6-thread-4][:] - /****************流量统计******************/
LastReadBytes:0
LastReadThroughput:0
LastWrittenBytes:0
LastWriteThroughput:0
RealWrittenBytes:0
RealWriteThroughput:0
当前玩家的连接数量:1
当前地图的线程个数：9
当前地图的个数:47
当前数据库执行队列数:0
当前发送队列缓存的对象数量:1
totalMemory：984088576, use ：575310688, free ：408777888DirectMemory：1827143680, 恢复 ：1
当前时间 ：2026-08-19 21:36:09send keng：308, sheng ：4194304
decode keng：2, sheng ：2097152
world keng：4, sheng ：1048576

2026-08-19 21:36:14.683 INFO [pool-6-thread-2][:] - /****************流量统计******************/
LastReadBytes:0
LastReadThroughput:0
LastWrittenBytes:0
LastWriteThroughput:0
RealWrittenBytes:14
RealWriteThroughput:0
当前玩家的连接数量:1
当前地图的线程个数：9
当前地图的个数:47
当前数据库执行队列数:0
当前发送队列缓存的对象数量:1
totalMemory：984088576, use ：579331664, free ：404756912DirectMemory：1827143680, 恢复 ：1
当前时间 ：2026-08-19 21:36:14send keng：308, sheng ：4194304
decode keng：2, sheng ：2097152
world keng：4, sheng ：1048576

2026-08-19 21:36:19.682 INFO [pool-6-thread-9][:] - /****************流量统计******************/
LastReadBytes:26
LastReadThroughput:5
LastWrittenBytes:14
LastWriteThroughput:2
RealWrittenBytes:0
RealWriteThroughput:2
当前玩家的连接数量:1
当前地图的线程个数：9
当前地图的个数:47
当前数据库执行队列数:0
当前发送队列缓存的对象数量:1
totalMemory：984088576, use ：582858304, free ：401230272DirectMemory：1827143680, 恢复 ：1
当前时间 ：2026-08-19 21:36:19send keng：308, sheng ：4194304
decode keng：2, sheng ：2097152
world keng：4, sheng ：1048576

2026-08-19 21:36:24.682 INFO [pool-6-thread-3][:] - /****************流量统计******************/
LastReadBytes:0
LastReadThroughput:0
LastWrittenBytes:0
LastWriteThroughput:0
RealWrittenBytes:0
RealWriteThroughput:0
当前玩家的连接数量:1
当前地图的线程个数：9
当前地图的个数:47
当前数据库执行队列数:0
当前发送队列缓存的对象数量:1
totalMemory：984088576, use ：585577480, free ：398511096DirectMemory：1827143680, 恢复 ：1
当前时间 ：2026-08-19 21:36:24send keng：308, sheng ：4194304
decode keng：2, sheng ：2097152
world keng：4, sheng ：1048576

2026-08-19 21:36:29.682 INFO [pool-6-thread-5][:] - /****************流量统计******************/
LastReadBytes:26
LastReadThroughput:5
LastWrittenBytes:14
LastWriteThroughput:2
RealWrittenBytes:0
RealWriteThroughput:2
当前玩家的连接数量:1
当前地图的线程个数：9
当前地图的个数:47
当前数据库执行队列数:0
当前发送队列缓存的对象数量:1
totalMemory：984088576, use ：591221288, free ：392867288DirectMemory：1827143680, 恢复 ：1
当前时间 ：2026-08-19 21:36:29send keng：308, sheng ：4194304
decode keng：2, sheng ：2097152
world keng：4, sheng ：1048576

2026-08-19 21:36:34.682 INFO [pool-6-thread-6][:] - /****************流量统计******************/
LastReadBytes:0
LastReadThroughput:0
LastWrittenBytes:0
LastWriteThroughput:0
RealWrittenBytes:0
RealWriteThroughput:0
当前玩家的连接数量:1
当前地图的线程个数：9
当前地图的个数:47
当前数据库执行队列数:0
当前发送队列缓存的对象数量:1
totalMemory：984088576, use ：592782448, free ：391306128DirectMemory：1827143680, 恢复 ：1
当前时间 ：2026-08-19 21:36:34send keng：308, sheng ：4194304
decode keng：2, sheng ：2097152
world keng：4, sheng ：1048576

2026-08-19 21:36:39.682 INFO [pool-6-thread-10][:] - /****************流量统计******************/
LastReadBytes:26
LastReadThroughput:5
LastWrittenBytes:14
LastWriteThroughput:2
RealWrittenBytes:0
RealWriteThroughput:2
当前玩家的连接数量:1
当前地图的线程个数：9
当前地图的个数:47
当前数据库执行队列数:0
当前发送队列缓存的对象数量:1
totalMemory：984088576, use ：598837528, free ：385251048DirectMemory：1827143680, 恢复 ：1
当前时间 ：2026-08-19 21:36:39send keng：308, sheng ：4194304
decode keng：2, sheng ：2097152
world keng：4, sheng ：1048576

2026-08-19 21:36:44.682 INFO [pool-6-thread-7][:] - /****************流量统计******************/
LastReadBytes:138
LastReadThroughput:27
LastWrittenBytes:0
LastWriteThroughput:0
RealWrittenBytes:0
RealWriteThroughput:0
当前玩家的连接数量:1
当前地图的线程个数：9
当前地图的个数:47
当前数据库执行队列数:0
当前发送队列缓存的对象数量:1
totalMemory：984088576, use ：600815360, free ：383273216DirectMemory：1827143680, 恢复 ：1
当前时间 ：2026-08-19 21:36:44send keng：308, sheng ：4194304
decode keng：2, sheng ：2097152
world keng：4, sheng ：1048576

2026-08-19 21:36:49.682 INFO [pool-6-thread-5][:] - /****************流量统计******************/
LastReadBytes:26
LastReadThroughput:5
LastWrittenBytes:14
LastWriteThroughput:2
RealWrittenBytes:0
RealWriteThroughput:2
当前玩家的连接数量:1
当前地图的线程个数：9
当前地图的个数:47
当前数据库执行队列数:0
当前发送队列缓存的对象数量:1
totalMemory：984088576, use ：604789128, free ：379299448DirectMemory：1827143680, 恢复 ：1
当前时间 ：2026-08-19 21:36:49send keng：308, sheng ：4194304
decode keng：2, sheng ：2097152
world keng：4, sheng ：1048576

2026-08-19 21:36:54.686 INFO [pool-6-thread-2][:] - /****************流量统计******************/
LastReadBytes:0
LastReadThroughput:0
LastWrittenBytes:0
LastWriteThroughput:0
RealWrittenBytes:0
RealWriteThroughput:0
当前玩家的连接数量:1
当前地图的线程个数：9
当前地图的个数:47
当前数据库执行队列数:0
当前发送队列缓存的对象数量:1
totalMemory：984088576, use ：608756016, free ：375332560DirectMemory：1827143680, 恢复 ：1
当前时间 ：2026-08-19 21:36:54send keng：308, sheng ：4194304
decode keng：2, sheng ：2097152
world keng：4, sheng ：1048576

2026-08-19 21:36:59.682 INFO [pool-6-thread-7][:] - /****************流量统计******************/
LastReadBytes:26
LastReadThroughput:5
LastWrittenBytes:14
LastWriteThroughput:2
RealWrittenBytes:0
RealWriteThroughput:2
当前玩家的连接数量:1
当前地图的线程个数：9
当前地图的个数:47
当前数据库执行队列数:0
当前发送队列缓存的对象数量:1
totalMemory：984088576, use ：612829272, free ：371259304DirectMemory：1827143680, 恢复 ：1
当前时间 ：2026-08-19 21:36:59send keng：308, sheng ：4194304
decode keng：2, sheng ：2097152
world keng：4, sheng ：1048576

2026-08-19 21:37:04.682 INFO [pool-6-thread-7][:] - /****************流量统计******************/
LastReadBytes:0
LastReadThroughput:0
LastWrittenBytes:0
LastWriteThroughput:0
RealWrittenBytes:0
RealWriteThroughput:0
当前玩家的连接数量:1
当前地图的线程个数：9
当前地图的个数:47
当前数据库执行队列数:0
当前发送队列缓存的对象数量:1
totalMemory：984088576, use ：616335384, free ：367753192DirectMemory：1827143680, 恢复 ：1
当前时间 ：2026-08-19 21:37:04send keng：308, sheng ：4194304
decode keng：2, sheng ：2097152
world keng：4, sheng ：1048576

2026-08-19 21:37:09.682 INFO [pool-6-thread-10][:] - /****************流量统计******************/
LastReadBytes:26
LastReadThroughput:5
LastWrittenBytes:14
LastWriteThroughput:2
RealWrittenBytes:0
RealWriteThroughput:2
当前玩家的连接数量:1
当前地图的线程个数：9
当前地图的个数:47
当前数据库执行队列数:0
当前发送队列缓存的对象数量:1
totalMemory：984088576, use ：621005824, free ：363082752DirectMemory：1827143680, 恢复 ：1
当前时间 ：2026-08-19 21:37:09send keng：308, sheng ：4194304
decode keng：2, sheng ：2097152
world keng：4, sheng ：1048576

2026-08-19 21:37:14.682 INFO [pool-6-thread-6][:] - /****************流量统计******************/
LastReadBytes:0
LastReadThroughput:0
LastWrittenBytes:0
LastWriteThroughput:0
RealWrittenBytes:0
RealWriteThroughput:0
当前玩家的连接数量:1
当前地图的线程个数：9
当前地图的个数:47
当前数据库执行队列数:0
当前发送队列缓存的对象数量:1
totalMemory：984088576, use ：623802512, free ：360286064DirectMemory：1827143680, 恢复 ：1
当前时间 ：2026-08-19 21:37:14send keng：308, sheng ：4194304
decode keng：2, sheng ：2097152
world keng：4, sheng ：1048576

2026-08-19 21:37:19.682 INFO [pool-6-thread-10][:] - /****************流量统计******************/
LastReadBytes:0
LastReadThroughput:0
LastWrittenBytes:0
LastWriteThroughput:0
RealWrittenBytes:14
RealWriteThroughput:0
当前玩家的连接数量:1
当前地图的线程个数：9
当前地图的个数:47
当前数据库执行队列数:0
当前发送队列缓存的对象数量:1
totalMemory：984088576, use ：628131464, free ：355957112DirectMemory：1827143680, 恢复 ：1
当前时间 ：2026-08-19 21:37:19send keng：308, sheng ：4194304
decode keng：2, sheng ：2097152
world keng：4, sheng ：1048576

2026-08-19 21:37:24.682 INFO [pool-6-thread-7][:] - /****************流量统计******************/
LastReadBytes:26
LastReadThroughput:5
LastWrittenBytes:14
LastWriteThroughput:2
RealWrittenBytes:0
RealWriteThroughput:2
当前玩家的连接数量:1
当前地图的线程个数：9
当前地图的个数:47
当前数据库执行队列数:0
当前发送队列缓存的对象数量:1
totalMemory：984088576, use ：632497984, free ：351590592DirectMemory：1827143680, 恢复 ：1
当前时间 ：2026-08-19 21:37:24send keng：308, sheng ：4194304
decode keng：2, sheng ：2097152
world keng：4, sheng ：1048576

2026-08-19 21:37:29.684 INFO [pool-6-thread-8][:] - /****************流量统计******************/
LastReadBytes:0
LastReadThroughput:0
LastWrittenBytes:0
LastWriteThroughput:0
RealWrittenBytes:0
RealWriteThroughput:0
当前玩家的连接数量:1
当前地图的线程个数：9
当前地图的个数:47
当前数据库执行队列数:0
当前发送队列缓存的对象数量:1
totalMemory：984088576, use ：634788728, free ：349299848DirectMemory：1827143680, 恢复 ：1
当前时间 ：2026-08-19 21:37:29send keng：308, sheng ：4194304
decode keng：2, sheng ：2097152
world keng：4, sheng ：1048576

2026-08-19 21:37:34.682 INFO [pool-6-thread-3][:] - /****************流量统计******************/
LastReadBytes:26
LastReadThroughput:5
LastWrittenBytes:14
LastWriteThroughput:2
RealWrittenBytes:0
RealWriteThroughput:2
当前玩家的连接数量:1
当前地图的线程个数：9
当前地图的个数:47
当前数据库执行队列数:0
当前发送队列缓存的对象数量:1
totalMemory：984088576, use ：639251688, free ：344836888DirectMemory：1827143680, 恢复 ：1
当前时间 ：2026-08-19 21:37:34send keng：308, sheng ：4194304
decode keng：2, sheng ：2097152
world keng：4, sheng ：1048576

2026-08-19 21:37:39.682 INFO [pool-6-thread-10][:] - /****************流量统计******************/
LastReadBytes:0
LastReadThroughput:0
LastWrittenBytes:0
LastWriteThroughput:0
RealWrittenBytes:0
RealWriteThroughput:0
当前玩家的连接数量:1
当前地图的线程个数：9
当前地图的个数:47
当前数据库执行队列数:0
当前发送队列缓存的对象数量:1
totalMemory：984088576, use ：642667936, free ：341420640DirectMemory：1827143680, 恢复 ：1
当前时间 ：2026-08-19 21:37:39send keng：308, sheng ：4194304
decode keng：2, sheng ：2097152
world keng：4, sheng ：1048576

2026-08-19 21:37:44.682 INFO [pool-6-thread-6][:] - /****************流量统计******************/
LastReadBytes:26
LastReadThroughput:5
LastWrittenBytes:14
LastWriteThroughput:2
RealWrittenBytes:0
RealWriteThroughput:2
当前玩家的连接数量:1
当前地图的线程个数：9
当前地图的个数:47
当前数据库执行队列数:0
当前发送队列缓存的对象数量:1
totalMemory：984088576, use ：645915344, free ：338173232DirectMemory：1827143680, 恢复 ：1
当前时间 ：2026-08-19 21:37:44send keng：308, sheng ：4194304
decode keng：2, sheng ：2097152
world keng：4, sheng ：1048576

2026-08-19 21:37:49.682 INFO [pool-6-thread-8][:] - /****************流量统计******************/
LastReadBytes:0
LastReadThroughput:0
LastWrittenBytes:0
LastWriteThroughput:0
RealWrittenBytes:0
RealWriteThroughput:0
当前玩家的连接数量:1
当前地图的线程个数：9
当前地图的个数:47
当前数据库执行队列数:0
当前发送队列缓存的对象数量:1
totalMemory：984088576, use ：651053936, free ：333034640DirectMemory：1827143680, 恢复 ：1
当前时间 ：2026-08-19 21:37:49send keng：308, sheng ：4194304
decode keng：2, sheng ：2097152
world keng：4, sheng ：1048576

2026-08-19 21:37:54.682 INFO [pool-6-thread-5][:] - /****************流量统计******************/
LastReadBytes:26
LastReadThroughput:5
LastWrittenBytes:14
LastWriteThroughput:2
RealWrittenBytes:0
RealWriteThroughput:2
当前玩家的连接数量:1
当前地图的线程个数：9
当前地图的个数:47
当前数据库执行队列数:0
当前发送队列缓存的对象数量:1
totalMemory：984088576, use ：654377640, free ：329710936DirectMemory：1827143680, 恢复 ：1
当前时间 ：2026-08-19 21:37:54send keng：308, sheng ：4194304
decode keng：2, sheng ：2097152
world keng：4, sheng ：1048576

2026-08-19 21:37:59.682 INFO [pool-6-thread-2][:] - /****************流量统计******************/
LastReadBytes:0
LastReadThroughput:0
LastWrittenBytes:0
LastWriteThroughput:0
RealWrittenBytes:0
RealWriteThroughput:0
当前玩家的连接数量:1
当前地图的线程个数：9
当前地图的个数:47
当前数据库执行队列数:0
当前发送队列缓存的对象数量:1
totalMemory：984088576, use ：657717296, free ：326371280DirectMemory：1827143680, 恢复 ：1
当前时间 ：2026-08-19 21:37:59send keng：308, sheng ：4194304
decode keng：2, sheng ：2097152
world keng：4, sheng ：1048576

2026-08-19 21:38:04.682 INFO [pool-6-thread-9][:] - /****************流量统计******************/
LastReadBytes:26
LastReadThroughput:5
LastWrittenBytes:14
LastWriteThroughput:2
RealWrittenBytes:0
RealWriteThroughput:2
当前玩家的连接数量:1
当前地图的线程个数：9
当前地图的个数:47
当前数据库执行队列数:0
当前发送队列缓存的对象数量:1
totalMemory：984088576, use ：661636512, free ：322452064DirectMemory：1827143680, 恢复 ：1
当前时间 ：2026-08-19 21:38:04send keng：308, sheng ：4194304
decode keng：2, sheng ：2097152
world keng：4, sheng ：1048576

2026-08-19 21:38:09.682 INFO [pool-6-thread-2][:] - /****************流量统计******************/
LastReadBytes:0
LastReadThroughput:0
LastWrittenBytes:0
LastWriteThroughput:0
RealWrittenBytes:0
RealWriteThroughput:0
当前玩家的连接数量:1
当前地图的线程个数：9
当前地图的个数:47
当前数据库执行队列数:0
当前发送队列缓存的对象数量:0
totalMemory：984088576, use ：665518736, free ：318569840DirectMemory：1827143680, 恢复 ：1
当前时间 ：2026-08-19 21:38:09send keng：308, sheng ：4194304
decode keng：2, sheng ：2097152
world keng：4, sheng ：1048576

2026-08-19 21:38:14.682 INFO [pool-6-thread-5][:] - /****************流量统计******************/
LastReadBytes:26
LastReadThroughput:5
LastWrittenBytes:14
LastWriteThroughput:2
RealWrittenBytes:0
RealWriteThroughput:2
当前玩家的连接数量:1
当前地图的线程个数：9
当前地图的个数:47
当前数据库执行队列数:0
当前发送队列缓存的对象数量:0
totalMemory：984088576, use ：668838960, free ：315249616DirectMemory：1827143680, 恢复 ：1
当前时间 ：2026-08-19 21:38:14send keng：308, sheng ：4194304
decode keng：2, sheng ：2097152
world keng：4, sheng ：1048576

2026-08-19 21:38:19.685 INFO [pool-6-thread-9][:] - /****************流量统计******************/
LastReadBytes:0
LastReadThroughput:0
LastWrittenBytes:0
LastWriteThroughput:0
RealWrittenBytes:0
RealWriteThroughput:0
当前玩家的连接数量:1
当前地图的线程个数：9
当前地图的个数:47
当前数据库执行队列数:0
当前发送队列缓存的对象数量:0
totalMemory：984088576, use ：673268552, free ：310820024DirectMemory：1827143680, 恢复 ：1
当前时间 ：2026-08-19 21:38:19send keng：308, sheng ：4194304
decode keng：2, sheng ：2097152
world keng：4, sheng ：1048576

2026-08-19 21:38:24.682 INFO [pool-6-thread-2][:] - /****************流量统计******************/
LastReadBytes:0
LastReadThroughput:0
LastWrittenBytes:0
LastWriteThroughput:0
RealWrittenBytes:14
RealWriteThroughput:0
当前玩家的连接数量:1
当前地图的线程个数：9
当前地图的个数:47
当前数据库执行队列数:0
当前发送队列缓存的对象数量:0
totalMemory：984088576, use ：676743728, free ：307344848DirectMemory：1827143680, 恢复 ：1
当前时间 ：2026-08-19 21:38:24send keng：308, sheng ：4194304
decode keng：2, sheng ：2097152
world keng：4, sheng ：1048576

2026-08-19 21:38:29.682 INFO [pool-6-thread-4][:] - /****************流量统计******************/
LastReadBytes:26
LastReadThroughput:5
LastWrittenBytes:14
LastWriteThroughput:2
RealWrittenBytes:0
RealWriteThroughput:2
当前玩家的连接数量:1
当前地图的线程个数：9
当前地图的个数:47
当前数据库执行队列数:0
当前发送队列缓存的对象数量:0
totalMemory：984088576, use ：680361288, free ：303727288DirectMemory：1827143680, 恢复 ：1
当前时间 ：2026-08-19 21:38:29send keng：308, sheng ：4194304
decode keng：2, sheng ：2097152
world keng：4, sheng ：1048576

2026-08-19 21:38:34.682 INFO [pool-6-thread-4][:] - /****************流量统计******************/
LastReadBytes:0
LastReadThroughput:0
LastWrittenBytes:0
LastWriteThroughput:0
RealWrittenBytes:14
RealWriteThroughput:0
当前玩家的连接数量:1
当前地图的线程个数：9
当前地图的个数:47
当前数据库执行队列数:0
当前发送队列缓存的对象数量:0
totalMemory：984088576, use ：684651856, free ：299436720DirectMemory：1827143680, 恢复 ：1
当前时间 ：2026-08-19 21:38:34send keng：308, sheng ：4194304
decode keng：2, sheng ：2097152
world keng：4, sheng ：1048576

2026-08-19 21:38:39.682 INFO [pool-6-thread-9][:] - /****************流量统计******************/
LastReadBytes:26
LastReadThroughput:5
LastWrittenBytes:14
LastWriteThroughput:2
RealWrittenBytes:0
RealWriteThroughput:2
当前玩家的连接数量:1
当前地图的线程个数：9
当前地图的个数:47
当前数据库执行队列数:0
当前发送队列缓存的对象数量:0
totalMemory：984088576, use ：687592744, free ：296495832DirectMemory：1827143680, 恢复 ：1
当前时间 ：2026-08-19 21:38:39send keng：308, sheng ：4194304
decode keng：2, sheng ：2097152
world keng：4, sheng ：1048576

2026-08-19 21:38:44.682 INFO [pool-6-thread-7][:] - /****************流量统计******************/
LastReadBytes:0
LastReadThroughput:0
LastWrittenBytes:0
LastWriteThroughput:0
RealWrittenBytes:0
RealWriteThroughput:0
当前玩家的连接数量:1
当前地图的线程个数：9
当前地图的个数:47
当前数据库执行队列数:0
当前发送队列缓存的对象数量:0
totalMemory：984088576, use ：691151888, free ：292936688DirectMemory：1827143680, 恢复 ：1
当前时间 ：2026-08-19 21:38:44send keng：308, sheng ：4194304
decode keng：2, sheng ：2097152
world keng：4, sheng ：1048576

2026-08-19 21:38:49.682 INFO [pool-6-thread-1][:] - /****************流量统计******************/
LastReadBytes:26
LastReadThroughput:5
LastWrittenBytes:14
LastWriteThroughput:2
RealWrittenBytes:0
RealWriteThroughput:2
当前玩家的连接数量:1
当前地图的线程个数：9
当前地图的个数:47
当前数据库执行队列数:0
当前发送队列缓存的对象数量:0
totalMemory：984088576, use ：695180152, free ：288908424DirectMemory：1827143680, 恢复 ：1
当前时间 ：2026-08-19 21:38:49send keng：308, sheng ：4194304
decode keng：2, sheng ：2097152
world keng：4, sheng ：1048576

2026-08-19 21:38:54.682 INFO [pool-6-thread-10][:] - /****************流量统计******************/
LastReadBytes:0
LastReadThroughput:0
LastWrittenBytes:0
LastWriteThroughput:0
RealWrittenBytes:0
RealWriteThroughput:0
当前玩家的连接数量:1
当前地图的线程个数：9
当前地图的个数:47
当前数据库执行队列数:0
当前发送队列缓存的对象数量:0
totalMemory：984088576, use ：699031808, free ：285056768DirectMemory：1827143680, 恢复 ：1
当前时间 ：2026-08-19 21:38:54send keng：308, sheng ：4194304
decode keng：2, sheng ：2097152
world keng：4, sheng ：1048576

2026-08-19 21:38:59.684 INFO [pool-6-thread-2][:] - /****************流量统计******************/
LastReadBytes:26
LastReadThroughput:5
LastWrittenBytes:14
LastWriteThroughput:2
RealWrittenBytes:0
RealWriteThroughput:2
当前玩家的连接数量:1
当前地图的线程个数：9
当前地图的个数:47
当前数据库执行队列数:0
当前发送队列缓存的对象数量:0
totalMemory：984088576, use ：702328616, free ：281759960DirectMemory：1827143680, 恢复 ：1
当前时间 ：2026-08-19 21:38:59send keng：308, sheng ：4194304
decode keng：2, sheng ：2097152
world keng：4, sheng ：1048576

2026-08-19 21:39:04.683 INFO [pool-6-thread-2][:] - /****************流量统计******************/
LastReadBytes:0
LastReadThroughput:0
LastWrittenBytes:0
LastWriteThroughput:0
RealWrittenBytes:0
RealWriteThroughput:0
当前玩家的连接数量:1
当前地图的线程个数：9
当前地图的个数:47
当前数据库执行队列数:0
当前发送队列缓存的对象数量:0
totalMemory：984088576, use ：707299280, free ：276789296DirectMemory：1827143680, 恢复 ：1
当前时间 ：2026-08-19 21:39:04send keng：308, sheng ：4194304
decode keng：2, sheng ：2097152
world keng：4, sheng ：1048576

2026-08-19 21:39:09.682 INFO [pool-6-thread-1][:] - /****************流量统计******************/
LastReadBytes:26
LastReadThroughput:5
LastWrittenBytes:14
LastWriteThroughput:2
RealWrittenBytes:0
RealWriteThroughput:2
当前玩家的连接数量:1
当前地图的线程个数：9
当前地图的个数:47
当前数据库执行队列数:0
当前发送队列缓存的对象数量:0
totalMemory：984088576, use ：709907408, free ：274181168DirectMemory：1827143680, 恢复 ：1
当前时间 ：2026-08-19 21:39:09send keng：308, sheng ：4194304
decode keng：2, sheng ：2097152
world keng：4, sheng ：1048576

2026-08-19 21:39:14.682 INFO [pool-6-thread-9][:] - /****************流量统计******************/
LastReadBytes:0
LastReadThroughput:0
LastWrittenBytes:0
LastWriteThroughput:0
RealWrittenBytes:0
RealWriteThroughput:0
当前玩家的连接数量:1
当前地图的线程个数：9
当前地图的个数:47
当前数据库执行队列数:0
当前发送队列缓存的对象数量:0
totalMemory：984088576, use ：713534360, free ：270554216DirectMemory：1827143680, 恢复 ：1
当前时间 ：2026-08-19 21:39:14send keng：308, sheng ：4194304
decode keng：2, sheng ：2097152
world keng：4, sheng ：1048576

2026-08-19 21:39:19.682 INFO [pool-6-thread-3][:] - /****************流量统计******************/
LastReadBytes:26
LastReadThroughput:5
LastWrittenBytes:14
LastWriteThroughput:2
RealWrittenBytes:0
RealWriteThroughput:2
当前玩家的连接数量:1
当前地图的线程个数：9
当前地图的个数:47
当前数据库执行队列数:0
当前发送队列缓存的对象数量:0
totalMemory：984088576, use ：717738064, free ：266350512DirectMemory：1827143680, 恢复 ：1
当前时间 ：2026-08-19 21:39:19send keng：308, sheng ：4194304
decode keng：2, sheng ：2097152
world keng：4, sheng ：1048576

2026-08-19 21:39:24.683 INFO [pool-6-thread-5][:] - /****************流量统计******************/
LastReadBytes:0
LastReadThroughput:0
LastWrittenBytes:0
LastWriteThroughput:0
RealWrittenBytes:0
RealWriteThroughput:0
当前玩家的连接数量:1
当前地图的线程个数：9
当前地图的个数:47
当前数据库执行队列数:0
当前发送队列缓存的对象数量:0
totalMemory：984088576, use ：721178448, free ：262910128DirectMemory：1827143680, 恢复 ：1
当前时间 ：2026-08-19 21:39:24send keng：308, sheng ：4194304
decode keng：2, sheng ：2097152
world keng：4, sheng ：1048576

2026-08-19 21:39:29.682 INFO [pool-6-thread-1][:] - /****************流量统计******************/
LastReadBytes:0
LastReadThroughput:0
LastWrittenBytes:0
LastWriteThroughput:0
RealWrittenBytes:14
RealWriteThroughput:0
当前玩家的连接数量:1
当前地图的线程个数：9
当前地图的个数:47
当前数据库执行队列数:0
当前发送队列缓存的对象数量:0
totalMemory：984088576, use ：724135712, free ：259952864DirectMemory：1827143680, 恢复 ：1
当前时间 ：2026-08-19 21:39:29send keng：308, sheng ：4194304
decode keng：2, sheng ：2097152
world keng：4, sheng ：1048576

2026-08-19 21:39:34.682 INFO [pool-6-thread-10][:] - /****************流量统计******************/
LastReadBytes:26
LastReadThroughput:5
LastWrittenBytes:14
LastWriteThroughput:2
RealWrittenBytes:0
RealWriteThroughput:2
当前玩家的连接数量:1
当前地图的线程个数：9
当前地图的个数:47
当前数据库执行队列数:0
当前发送队列缓存的对象数量:0
totalMemory：984088576, use ：728330320, free ：255758256DirectMemory：1827143680, 恢复 ：1
当前时间 ：2026-08-19 21:39:34send keng：308, sheng ：4194304
decode keng：2, sheng ：2097152
world keng：4, sheng ：1048576

2026-08-19 21:39:39.682 INFO [pool-6-thread-4][:] - /****************流量统计******************/
LastReadBytes:0
LastReadThroughput:0
LastWrittenBytes:0
LastWriteThroughput:0
RealWrittenBytes:14
RealWriteThroughput:0
当前玩家的连接数量:1
当前地图的线程个数：9
当前地图的个数:47
当前数据库执行队列数:0
当前发送队列缓存的对象数量:0
totalMemory：984088576, use ：732060328, free ：252028248DirectMemory：1827143680, 恢复 ：1
当前时间 ：2026-08-19 21:39:39send keng：308, sheng ：4194304
decode keng：2, sheng ：2097152
world keng：4, sheng ：1048576

2026-08-19 21:39:44.688 INFO [pool-6-thread-10][:] - /****************流量统计******************/
LastReadBytes:26
LastReadThroughput:5
LastWrittenBytes:14
LastWriteThroughput:2
RealWrittenBytes:0
RealWriteThroughput:2
当前玩家的连接数量:1
当前地图的线程个数：9
当前地图的个数:47
当前数据库执行队列数:0
当前发送队列缓存的对象数量:0
totalMemory：984088576, use ：735947704, free ：248140872DirectMemory：1827143680, 恢复 ：1
当前时间 ：2026-08-19 21:39:44send keng：308, sheng ：4194304
decode keng：2, sheng ：2097152
world keng：4, sheng ：1048576

2026-08-19 21:39:49.682 INFO [pool-6-thread-7][:] - /****************流量统计******************/
LastReadBytes:0
LastReadThroughput:0
LastWrittenBytes:0
LastWriteThroughput:0
RealWrittenBytes:0
RealWriteThroughput:0
当前玩家的连接数量:1
当前地图的线程个数：9
当前地图的个数:47
当前数据库执行队列数:0
当前发送队列缓存的对象数量:0
totalMemory：984088576, use ：740124336, free ：243964240DirectMemory：1827143680, 恢复 ：1
当前时间 ：2026-08-19 21:39:49send keng：308, sheng ：4194304
decode keng：2, sheng ：2097152
world keng：4, sheng ：1048576

2026-08-19 21:39:54.684 INFO [pool-6-thread-2][:] - /****************流量统计******************/
LastReadBytes:26
LastReadThroughput:5
LastWrittenBytes:14
LastWriteThroughput:2
RealWrittenBytes:0
RealWriteThroughput:2
当前玩家的连接数量:1
当前地图的线程个数：9
当前地图的个数:47
当前数据库执行队列数:0
当前发送队列缓存的对象数量:0
totalMemory：984088576, use ：742891032, free ：241197544DirectMemory：1827143680, 恢复 ：1
当前时间 ：2026-08-19 21:39:54send keng：308, sheng ：4194304
decode keng：2, sheng ：2097152
world keng：4, sheng ：1048576

2026-08-19 21:39:59.682 INFO [pool-6-thread-10][:] - /****************流量统计******************/
LastReadBytes:0
LastReadThroughput:0
LastWrittenBytes:0
LastWriteThroughput:0
RealWrittenBytes:0
RealWriteThroughput:0
当前玩家的连接数量:1
当前地图的线程个数：9
当前地图的个数:47
当前数据库执行队列数:0
当前发送队列缓存的对象数量:0
totalMemory：984088576, use ：747001000, free ：237087576DirectMemory：1827143680, 恢复 ：1
当前时间 ：2026-08-19 21:39:59send keng：308, sheng ：4194304
decode keng：2, sheng ：2097152
world keng：4, sheng ：1048576

2026-08-19 21:40:04.682 INFO [pool-6-thread-5][:] - /****************流量统计******************/
LastReadBytes:26
LastReadThroughput:5
LastWrittenBytes:14
LastWriteThroughput:2
RealWrittenBytes:0
RealWriteThroughput:2
当前玩家的连接数量:1
当前地图的线程个数：9
当前地图的个数:47
当前数据库执行队列数:0
当前发送队列缓存的对象数量:0
totalMemory：984088576, use ：750783240, free ：233305336DirectMemory：1827143680, 恢复 ：1
当前时间 ：2026-08-19 21:40:04send keng：308, sheng ：4194304
decode keng：2, sheng ：2097152
world keng：4, sheng ：1048576

2026-08-19 21:40:09.682 INFO [pool-6-thread-7][:] - /****************流量统计******************/
LastReadBytes:0
LastReadThroughput:0
LastWrittenBytes:0
LastWriteThroughput:0
RealWrittenBytes:0
RealWriteThroughput:0
当前玩家的连接数量:1
当前地图的线程个数：9
当前地图的个数:47
当前数据库执行队列数:0
当前发送队列缓存的对象数量:0
totalMemory：984088576, use ：754264648, free ：229823928DirectMemory：1827143680, 恢复 ：1
当前时间 ：2026-08-19 21:40:09send keng：308, sheng ：4194304
decode keng：2, sheng ：2097152
world keng：4, sheng ：1048576

2026-08-19 21:40:14.682 INFO [pool-6-thread-10][:] - /****************流量统计******************/
LastReadBytes:26
LastReadThroughput:5
LastWrittenBytes:14
LastWriteThroughput:2
RealWrittenBytes:0
RealWriteThroughput:2
当前玩家的连接数量:1
当前地图的线程个数：9
当前地图的个数:47
当前数据库执行队列数:0
当前发送队列缓存的对象数量:0
totalMemory：984612864, use ：416494112, free ：568118752DirectMemory：1827143680, 恢复 ：1
当前时间 ：2026-08-19 21:40:14send keng：308, sheng ：4194304
decode keng：2, sheng ：2097152
world keng：4, sheng ：1048576

2026-08-19 21:40:19.682 INFO [pool-6-thread-4][:] - /****************流量统计******************/
LastReadBytes:0
LastReadThroughput:0
LastWrittenBytes:0
LastWriteThroughput:0
RealWrittenBytes:0
RealWriteThroughput:0
当前玩家的连接数量:1
当前地图的线程个数：9
当前地图的个数:47
当前数据库执行队列数:0
当前发送队列缓存的对象数量:0
totalMemory：984612864, use ：416545712, free ：568067152DirectMemory：1827143680, 恢复 ：1
当前时间 ：2026-08-19 21:40:19send keng：308, sheng ：4194304
decode keng：2, sheng ：2097152
world keng：4, sheng ：1048576

2026-08-19 21:40:24.682 INFO [pool-6-thread-6][:] - /****************流量统计******************/
LastReadBytes:26
LastReadThroughput:5
LastWrittenBytes:14
LastWriteThroughput:2
RealWrittenBytes:0
RealWriteThroughput:2
当前玩家的连接数量:1
当前地图的线程个数：9
当前地图的个数:47
当前数据库执行队列数:0
当前发送队列缓存的对象数量:0
totalMemory：984612864, use ：422807496, free ：561805368DirectMemory：1827143680, 恢复 ：1
当前时间 ：2026-08-19 21:40:24send keng：308, sheng ：4194304
decode keng：2, sheng ：2097152
world keng：4, sheng ：1048576

2026-08-19 21:40:29.683 INFO [pool-6-thread-3][:] - /****************流量统计******************/
LastReadBytes:0
LastReadThroughput:0
LastWrittenBytes:0
LastWriteThroughput:0
RealWrittenBytes:0
RealWriteThroughput:0
当前玩家的连接数量:1
当前地图的线程个数：9
当前地图的个数:47
当前数据库执行队列数:0
当前发送队列缓存的对象数量:0
totalMemory：984612864, use ：424634544, free ：559978320DirectMemory：1827143680, 恢复 ：1
当前时间 ：2026-08-19 21:40:29send keng：308, sheng ：4194304
decode keng：2, sheng ：2097152
world keng：4, sheng ：1048576

2026-08-19 21:40:34.683 INFO [pool-6-thread-4][:] - /****************流量统计******************/
LastReadBytes:26
LastReadThroughput:5
LastWrittenBytes:14
LastWriteThroughput:2
RealWrittenBytes:0
RealWriteThroughput:2
当前玩家的连接数量:1
当前地图的线程个数：9
当前地图的个数:47
当前数据库执行队列数:0
当前发送队列缓存的对象数量:0
totalMemory：984612864, use ：429120808, free ：555492056DirectMemory：1827143680, 恢复 ：1
当前时间 ：2026-08-19 21:40:34send keng：308, sheng ：4194304
decode keng：2, sheng ：2097152
world keng：4, sheng ：1048576

2026-08-19 21:40:39.682 INFO [pool-6-thread-7][:] - /****************流量统计******************/
LastReadBytes:0
LastReadThroughput:0
LastWrittenBytes:0
LastWriteThroughput:0
RealWrittenBytes:0
RealWriteThroughput:0
当前玩家的连接数量:1
当前地图的线程个数：9
当前地图的个数:47
当前数据库执行队列数:0
当前发送队列缓存的对象数量:0
totalMemory：984612864, use ：432240712, free ：552372152DirectMemory：1827143680, 恢复 ：1
当前时间 ：2026-08-19 21:40:39send keng：308, sheng ：4194304
decode keng：2, sheng ：2097152
world keng：4, sheng ：1048576

2026-08-19 21:40:44.684 INFO [pool-6-thread-5][:] - /****************流量统计******************/
LastReadBytes:0
LastReadThroughput:0
LastWrittenBytes:0
LastWriteThroughput:0
RealWrittenBytes:14
RealWriteThroughput:0
当前玩家的连接数量:1
当前地图的线程个数：9
当前地图的个数:47
当前数据库执行队列数:0
当前发送队列缓存的对象数量:0
totalMemory：984612864, use ：435836152, free ：548776712DirectMemory：1827143680, 恢复 ：1
当前时间 ：2026-08-19 21:40:44send keng：308, sheng ：4194304
decode keng：2, sheng ：2097152
world keng：4, sheng ：1048576

2026-08-19 21:40:49.682 INFO [pool-6-thread-8][:] - /****************流量统计******************/
LastReadBytes:26
LastReadThroughput:5
LastWrittenBytes:14
LastWriteThroughput:2
RealWrittenBytes:0
RealWriteThroughput:2
当前玩家的连接数量:1
当前地图的线程个数：9
当前地图的个数:47
当前数据库执行队列数:0
当前发送队列缓存的对象数量:0
totalMemory：984612864, use ：439827272, free ：544785592DirectMemory：1827143680, 恢复 ：1
当前时间 ：2026-08-19 21:40:49send keng：308, sheng ：4194304
decode keng：2, sheng ：2097152
world keng：4, sheng ：1048576

2026-08-19 21:40:54.682 INFO [pool-6-thread-8][:] - /****************流量统计******************/
LastReadBytes:0
LastReadThroughput:0
LastWrittenBytes:0
LastWriteThroughput:0
RealWrittenBytes:14
RealWriteThroughput:0
当前玩家的连接数量:1
当前地图的线程个数：9
当前地图的个数:47
当前数据库执行队列数:0
当前发送队列缓存的对象数量:0
totalMemory：984612864, use ：443483080, free ：541129784DirectMemory：1827143680, 恢复 ：1
当前时间 ：2026-08-19 21:40:54send keng：308, sheng ：4194304
decode keng：2, sheng ：2097152
world keng：4, sheng ：1048576

2026-08-19 21:40:59.682 INFO [pool-6-thread-9][:] - /****************流量统计******************/
LastReadBytes:26
LastReadThroughput:5
LastWrittenBytes:14
LastWriteThroughput:2
RealWrittenBytes:0
RealWriteThroughput:2
当前玩家的连接数量:1
当前地图的线程个数：9
当前地图的个数:47
当前数据库执行队列数:0
当前发送队列缓存的对象数量:0
totalMemory：984612864, use ：448418448, free ：536194416DirectMemory：1827143680, 恢复 ：1
当前时间 ：2026-08-19 21:40:59send keng：308, sheng ：4194304
decode keng：2, sheng ：2097152
world keng：4, sheng ：1048576

2026-08-19 21:41:04.682 INFO [pool-6-thread-1][:] - /****************流量统计******************/
LastReadBytes:0
LastReadThroughput:0
LastWrittenBytes:0
LastWriteThroughput:0
RealWrittenBytes:0
RealWriteThroughput:0
当前玩家的连接数量:1
当前地图的线程个数：9
当前地图的个数:47
当前数据库执行队列数:0
当前发送队列缓存的对象数量:0
totalMemory：984612864, use ：450314408, free ：534298456DirectMemory：1827143680, 恢复 ：1
当前时间 ：2026-08-19 21:41:04send keng：308, sheng ：4194304
decode keng：2, sheng ：2097152
world keng：4, sheng ：1048576

2026-08-19 21:41:09.682 INFO [pool-6-thread-4][:] - /****************流量统计******************/
LastReadBytes:26
LastReadThroughput:5
LastWrittenBytes:14
LastWriteThroughput:2
RealWrittenBytes:0
RealWriteThroughput:2
当前玩家的连接数量:1
当前地图的线程个数：9
当前地图的个数:47
当前数据库执行队列数:0
当前发送队列缓存的对象数量:0
totalMemory：984612864, use ：455784984, free ：528827880DirectMemory：1827143680, 恢复 ：1
当前时间 ：2026-08-19 21:41:09send keng：308, sheng ：4194304
decode keng：2, sheng ：2097152
world keng：4, sheng ：1048576

2026-08-19 21:41:14.682 INFO [pool-6-thread-7][:] - /****************流量统计******************/
LastReadBytes:0
LastReadThroughput:0
LastWrittenBytes:0
LastWriteThroughput:0
RealWrittenBytes:0
RealWriteThroughput:0
当前玩家的连接数量:1
当前地图的线程个数：9
当前地图的个数:47
当前数据库执行队列数:0
当前发送队列缓存的对象数量:0
totalMemory：984612864, use ：457559296, free ：527053568DirectMemory：1827143680, 恢复 ：1
当前时间 ：2026-08-19 21:41:14send keng：308, sheng ：4194304
decode keng：2, sheng ：2097152
world keng：4, sheng ：1048576

2026-08-19 21:41:19.682 INFO [pool-6-thread-5][:] - /****************流量统计******************/
LastReadBytes:26
LastReadThroughput:5
LastWrittenBytes:14
LastWriteThroughput:2
RealWrittenBytes:0
RealWriteThroughput:2
当前玩家的连接数量:1
当前地图的线程个数：9
当前地图的个数:47
当前数据库执行队列数:0
当前发送队列缓存的对象数量:0
totalMemory：984612864, use ：463018080, free ：521594784DirectMemory：1827143680, 恢复 ：1
当前时间 ：2026-08-19 21:41:19send keng：308, sheng ：4194304
decode keng：2, sheng ：2097152
world keng：4, sheng ：1048576

2026-08-19 21:41:24.682 INFO [pool-6-thread-10][:] - /****************流量统计******************/
LastReadBytes:0
LastReadThroughput:0
LastWrittenBytes:0
LastWriteThroughput:0
RealWrittenBytes:0
RealWriteThroughput:0
当前玩家的连接数量:1
当前地图的线程个数：9
当前地图的个数:47
当前数据库执行队列数:0
当前发送队列缓存的对象数量:0
totalMemory：984612864, use ：465240576, free ：519372288DirectMemory：1827143680, 恢复 ：1
当前时间 ：2026-08-19 21:41:24send keng：308, sheng ：4194304
decode keng：2, sheng ：2097152
world keng：4, sheng ：1048576

2026-08-19 21:41:29.682 INFO [pool-6-thread-6][:] - /****************流量统计******************/
LastReadBytes:26
LastReadThroughput:5
LastWrittenBytes:14
LastWriteThroughput:2
RealWrittenBytes:0
RealWriteThroughput:2
当前玩家的连接数量:1
当前地图的线程个数：9
当前地图的个数:47
当前数据库执行队列数:0
当前发送队列缓存的对象数量:0
totalMemory：984612864, use ：470177936, free ：514434928DirectMemory：1827143680, 恢复 ：1
当前时间 ：2026-08-19 21:41:29send keng：308, sheng ：4194304
decode keng：2, sheng ：2097152
world keng：4, sheng ：1048576

2026-08-19 21:41:34.682 INFO [pool-6-thread-4][:] - /****************流量统计******************/
LastReadBytes:0
LastReadThroughput:0
LastWrittenBytes:0
LastWriteThroughput:0
RealWrittenBytes:0
RealWriteThroughput:0
当前玩家的连接数量:1
当前地图的线程个数：9
当前地图的个数:47
当前数据库执行队列数:0
当前发送队列缓存的对象数量:0
totalMemory：984612864, use ：472943240, free ：511669624DirectMemory：1827143680, 恢复 ：1
当前时间 ：2026-08-19 21:41:34send keng：308, sheng ：4194304
decode keng：2, sheng ：2097152
world keng：4, sheng ：1048576

2026-08-19 21:41:39.682 INFO [pool-6-thread-5][:] - /****************流量统计******************/
LastReadBytes:26
LastReadThroughput:5
LastWrittenBytes:14
LastWriteThroughput:2
RealWrittenBytes:0
RealWriteThroughput:2
当前玩家的连接数量:1
当前地图的线程个数：9
当前地图的个数:47
当前数据库执行队列数:0
当前发送队列缓存的对象数量:0
totalMemory：984612864, use ：476555096, free ：508057768DirectMemory：1827143680, 恢复 ：1
当前时间 ：2026-08-19 21:41:39send keng：308, sheng ：4194304
decode keng：2, sheng ：2097152
world keng：4, sheng ：1048576

2026-08-19 21:41:44.682 INFO [pool-6-thread-1][:] - /****************流量统计******************/
LastReadBytes:20
LastReadThroughput:3
LastWrittenBytes:42
LastWriteThroughput:8
RealWrittenBytes:0
RealWriteThroughput:8
当前玩家的连接数量:1
当前地图的线程个数：9
当前地图的个数:47
当前数据库执行队列数:0
当前发送队列缓存的对象数量:1
totalMemory：984612864, use ：481362632, free ：503250232DirectMemory：1827143680, 恢复 ：1
当前时间 ：2026-08-19 21:41:44send keng：309, sheng ：4194304
decode keng：2, sheng ：2097152
world keng：4, sheng ：1048576

2026-08-19 21:41:49.682 INFO [pool-6-thread-7][:] - /****************流量统计******************/
LastReadBytes:42
LastReadThroughput:8
LastWrittenBytes:0
LastWriteThroughput:0
RealWrittenBytes:14
RealWriteThroughput:0
当前玩家的连接数量:1
当前地图的线程个数：9
当前地图的个数:47
当前数据库执行队列数:0
当前发送队列缓存的对象数量:1
totalMemory：984612864, use ：485089552, free ：499523312DirectMemory：1827143680, 恢复 ：1
当前时间 ：2026-08-19 21:41:49send keng：309, sheng ：4194304
decode keng：2, sheng ：2097152
world keng：4, sheng ：1048576

2026-08-19 21:41:54.682 INFO [pool-6-thread-6][:] - /****************流量统计******************/
LastReadBytes:26
LastReadThroughput:5
LastWrittenBytes:14
LastWriteThroughput:2
RealWrittenBytes:0
RealWriteThroughput:2
当前玩家的连接数量:1
当前地图的线程个数：9
当前地图的个数:47
当前数据库执行队列数:0
当前发送队列缓存的对象数量:1
totalMemory：984612864, use ：489037200, free ：495575664DirectMemory：1827143680, 恢复 ：1
当前时间 ：2026-08-19 21:41:54send keng：309, sheng ：4194304
decode keng：2, sheng ：2097152
world keng：4, sheng ：1048576

2026-08-19 21:41:59.682 INFO [pool-6-thread-5][:] - /****************流量统计******************/
LastReadBytes:0
LastReadThroughput:0
LastWrittenBytes:0
LastWriteThroughput:0
RealWrittenBytes:14
RealWriteThroughput:0
当前玩家的连接数量:1
当前地图的线程个数：9
当前地图的个数:47
当前数据库执行队列数:0
当前发送队列缓存的对象数量:1
totalMemory：984612864, use ：492227016, free ：492385848DirectMemory：1827143680, 恢复 ：1
当前时间 ：2026-08-19 21:41:59send keng：309, sheng ：4194304
decode keng：2, sheng ：2097152
world keng：4, sheng ：1048576

2026-08-19 21:42:04.683 INFO [pool-6-thread-5][:] - /****************流量统计******************/
LastReadBytes:26
LastReadThroughput:5
LastWrittenBytes:14
LastWriteThroughput:2
RealWrittenBytes:0
RealWriteThroughput:2
当前玩家的连接数量:1
当前地图的线程个数：9
当前地图的个数:47
当前数据库执行队列数:0
当前发送队列缓存的对象数量:1
totalMemory：984612864, use ：496852792, free ：487760072DirectMemory：1827143680, 恢复 ：1
当前时间 ：2026-08-19 21:42:04send keng：309, sheng ：4194304
decode keng：2, sheng ：2097152
world keng：4, sheng ：1048576

2026-08-19 21:42:09.682 INFO [pool-6-thread-1][:] - /****************流量统计******************/
LastReadBytes:0
LastReadThroughput:0
LastWrittenBytes:0
LastWriteThroughput:0
RealWrittenBytes:0
RealWriteThroughput:0
当前玩家的连接数量:1
当前地图的线程个数：9
当前地图的个数:47
当前数据库执行队列数:0
当前发送队列缓存的对象数量:1
totalMemory：984612864, use ：499051672, free ：485561192DirectMemory：1827143680, 恢复 ：1
当前时间 ：2026-08-19 21:42:09send keng：309, sheng ：4194304
decode keng：2, sheng ：2097152
world keng：4, sheng ：1048576

2026-08-19 21:42:14.683 INFO [pool-6-thread-2][:] - /****************流量统计******************/
LastReadBytes:26
LastReadThroughput:5
LastWrittenBytes:14
LastWriteThroughput:2
RealWrittenBytes:0
RealWriteThroughput:2
当前玩家的连接数量:1
当前地图的线程个数：9
当前地图的个数:47
当前数据库执行队列数:0
当前发送队列缓存的对象数量:1
totalMemory：984612864, use ：503609448, free ：481003416DirectMemory：1827143680, 恢复 ：1
当前时间 ：2026-08-19 21:42:14send keng：309, sheng ：4194304
decode keng：2, sheng ：2097152
world keng：4, sheng ：1048576

2026-08-19 21:42:19.682 INFO [pool-6-thread-1][:] - /****************流量统计******************/
LastReadBytes:0
LastReadThroughput:0
LastWrittenBytes:0
LastWriteThroughput:0
RealWrittenBytes:0
RealWriteThroughput:0
当前玩家的连接数量:1
当前地图的线程个数：9
当前地图的个数:47
当前数据库执行队列数:0
当前发送队列缓存的对象数量:1
totalMemory：984612864, use ：506354632, free ：478258232DirectMemory：1827143680, 恢复 ：1
当前时间 ：2026-08-19 21:42:19send keng：309, sheng ：4194304
decode keng：2, sheng ：2097152
world keng：4, sheng ：1048576

2026-08-19 21:42:24.682 INFO [pool-6-thread-1][:] - /****************流量统计******************/
LastReadBytes:0
LastReadThroughput:0
LastWrittenBytes:0
LastWriteThroughput:0
RealWrittenBytes:0
RealWriteThroughput:0
当前玩家的连接数量:1
当前地图的线程个数：9
当前地图的个数:47
当前数据库执行队列数:0
当前发送队列缓存的对象数量:1
totalMemory：984612864, use ：511221848, free ：473391016DirectMemory：1827143680, 恢复 ：1
当前时间 ：2026-08-19 21:42:24send keng：309, sheng ：4194304
decode keng：2, sheng ：2097152
world keng：4, sheng ：1048576

2026-08-19 21:42:29.682 INFO [pool-6-thread-10][:] - /****************流量统计******************/
LastReadBytes:0
LastReadThroughput:0
LastWrittenBytes:10
LastWriteThroughput:2
RealWrittenBytes:0
RealWriteThroughput:2
当前玩家的连接数量:0
当前地图的线程个数：9
当前地图的个数:47
当前数据库执行队列数:0
当前发送队列缓存的对象数量:0
totalMemory：984612864, use ：518102432, free ：466510432DirectMemory：1827143680, 恢复 ：1
当前时间 ：2026-08-19 21:42:29send keng：309, sheng ：4194304
decode keng：2, sheng ：2097152
world keng：4, sheng ：1048576

2026-08-19 21:42:34.684 INFO [pool-6-thread-9][:] - /****************流量统计******************/
LastReadBytes:0
LastReadThroughput:0
LastWrittenBytes:0
LastWriteThroughput:0
RealWrittenBytes:0
RealWriteThroughput:0
当前玩家的连接数量:0
当前地图的线程个数：9
当前地图的个数:47
当前数据库执行队列数:0
当前发送队列缓存的对象数量:0
totalMemory：984612864, use ：522653104, free ：461959760DirectMemory：1827143680, 恢复 ：1
当前时间 ：2026-08-19 21:42:34send keng：309, sheng ：4194304
decode keng：2, sheng ：2097152
world keng：4, sheng ：1048576

2026-08-19 21:42:39.682 INFO [pool-6-thread-9][:] - /****************流量统计******************/
LastReadBytes:0
LastReadThroughput:0
LastWrittenBytes:0
LastWriteThroughput:0
RealWrittenBytes:0
RealWriteThroughput:0
当前玩家的连接数量:0
当前地图的线程个数：9
当前地图的个数:47
当前数据库执行队列数:0
当前发送队列缓存的对象数量:0
totalMemory：984612864, use ：526348160, free ：458264704DirectMemory：1827143680, 恢复 ：1
当前时间 ：2026-08-19 21:42:39send keng：309, sheng ：4194304
decode keng：2, sheng ：2097152
world keng：4, sheng ：1048576

2026-08-19 21:42:44.682 INFO [pool-6-thread-8][:] - /****************流量统计******************/
LastReadBytes:0
LastReadThroughput:0
LastWrittenBytes:0
LastWriteThroughput:0
RealWrittenBytes:0
RealWriteThroughput:0
当前玩家的连接数量:0
当前地图的线程个数：9
当前地图的个数:47
当前数据库执行队列数:0
当前发送队列缓存的对象数量:0
totalMemory：984612864, use ：529327832, free ：455285032DirectMemory：1827143680, 恢复 ：1
当前时间 ：2026-08-19 21:42:44send keng：309, sheng ：4194304
decode keng：2, sheng ：2097152
world keng：4, sheng ：1048576

2026-08-19 21:42:49.682 INFO [pool-6-thread-7][:] - /****************流量统计******************/
LastReadBytes:0
LastReadThroughput:0
LastWrittenBytes:0
LastWriteThroughput:0
RealWrittenBytes:0
RealWriteThroughput:0
当前玩家的连接数量:0
当前地图的线程个数：9
当前地图的个数:47
当前数据库执行队列数:0
当前发送队列缓存的对象数量:0
totalMemory：984612864, use ：533694960, free ：450917904DirectMemory：1827143680, 恢复 ：1
当前时间 ：2026-08-19 21:42:49send keng：309, sheng ：4194304
decode keng：2, sheng ：2097152
world keng：4, sheng ：1048576

2026-08-19 21:42:54.683 INFO [pool-6-thread-8][:] - /****************流量统计******************/
LastReadBytes:0
LastReadThroughput:0
LastWrittenBytes:0
LastWriteThroughput:0
RealWrittenBytes:0
RealWriteThroughput:0
当前玩家的连接数量:0
当前地图的线程个数：9
当前地图的个数:47
当前数据库执行队列数:0
当前发送队列缓存的对象数量:0
totalMemory：984612864, use ：536033144, free ：448579720DirectMemory：1827143680, 恢复 ：1
当前时间 ：2026-08-19 21:42:54send keng：309, sheng ：4194304
decode keng：2, sheng ：2097152
world keng：4, sheng ：1048576

2026-08-19 21:42:59.682 INFO [pool-6-thread-2][:] - /****************流量统计******************/
LastReadBytes:0
LastReadThroughput:0
LastWrittenBytes:0
LastWriteThroughput:0
RealWrittenBytes:0
RealWriteThroughput:0
当前玩家的连接数量:0
当前地图的线程个数：9
当前地图的个数:47
当前数据库执行队列数:0
当前发送队列缓存的对象数量:0
totalMemory：984612864, use ：540443096, free ：444169768DirectMemory：1827143680, 恢复 ：1
当前时间 ：2026-08-19 21:42:59send keng：309, sheng ：4194304
decode keng：2, sheng ：2097152
world keng：4, sheng ：1048576

2026-08-19 21:43:04.682 INFO [pool-6-thread-3][:] - /****************流量统计******************/
LastReadBytes:0
LastReadThroughput:0
LastWrittenBytes:0
LastWriteThroughput:0
RealWrittenBytes:0
RealWriteThroughput:0
当前玩家的连接数量:0
当前地图的线程个数：9
当前地图的个数:47
当前数据库执行队列数:0
当前发送队列缓存的对象数量:0
totalMemory：984612864, use ：543328064, free ：441284800DirectMemory：1827143680, 恢复 ：1
当前时间 ：2026-08-19 21:43:04send keng：309, sheng ：4194304
decode keng：2, sheng ：2097152
world keng：4, sheng ：1048576

2026-08-19 21:43:09.682 INFO [pool-6-thread-7][:] - /****************流量统计******************/
LastReadBytes:0
LastReadThroughput:0
LastWrittenBytes:0
LastWriteThroughput:0
RealWrittenBytes:0
RealWriteThroughput:0
当前玩家的连接数量:0
当前地图的线程个数：9
当前地图的个数:47
当前数据库执行队列数:0
当前发送队列缓存的对象数量:0
totalMemory：984612864, use ：547308704, free ：437304160DirectMemory：1827143680, 恢复 ：1
当前时间 ：2026-08-19 21:43:09send keng：309, sheng ：4194304
decode keng：2, sheng ：2097152
world keng：4, sheng ：1048576

2026-08-19 21:43:14.682 INFO [pool-6-thread-3][:] - /****************流量统计******************/
LastReadBytes:0
LastReadThroughput:0
LastWrittenBytes:0
LastWriteThroughput:0
RealWrittenBytes:0
RealWriteThroughput:0
当前玩家的连接数量:0
当前地图的线程个数：9
当前地图的个数:47
当前数据库执行队列数:0
当前发送队列缓存的对象数量:0
totalMemory：984612864, use ：549713816, free ：434899048DirectMemory：1827143680, 恢复 ：1
当前时间 ：2026-08-19 21:43:14send keng：309, sheng ：4194304
decode keng：2, sheng ：2097152
world keng：4, sheng ：1048576

2026-08-19 21:43:19.682 INFO [pool-6-thread-10][:] - /****************流量统计******************/
LastReadBytes:0
LastReadThroughput:0
LastWrittenBytes:0
LastWriteThroughput:0
RealWrittenBytes:0
RealWriteThroughput:0
当前玩家的连接数量:0
当前地图的线程个数：9
当前地图的个数:47
当前数据库执行队列数:0
当前发送队列缓存的对象数量:0
totalMemory：984612864, use ：554115952, free ：430496912DirectMemory：1827143680, 恢复 ：1
当前时间 ：2026-08-19 21:43:19send keng：309, sheng ：4194304
decode keng：2, sheng ：2097152
world keng：4, sheng ：1048576

2026-08-19 21:43:24.682 INFO [pool-6-thread-10][:] - /****************流量统计******************/
LastReadBytes:0
LastReadThroughput:0
LastWrittenBytes:0
LastWriteThroughput:0
RealWrittenBytes:0
RealWriteThroughput:0
当前玩家的连接数量:0
当前地图的线程个数：9
当前地图的个数:47
当前数据库执行队列数:0
当前发送队列缓存的对象数量:0
totalMemory：984612864, use ：557246464, free ：427366400DirectMemory：1827143680, 恢复 ：1
当前时间 ：2026-08-19 21:43:24send keng：309, sheng ：4194304
decode keng：2, sheng ：2097152
world keng：4, sheng ：1048576

2026-08-19 21:43:29.682 INFO [pool-6-thread-9][:] - /****************流量统计******************/
LastReadBytes:0
LastReadThroughput:0
LastWrittenBytes:0
LastWriteThroughput:0
RealWrittenBytes:0
RealWriteThroughput:0
当前玩家的连接数量:0
当前地图的线程个数：9
当前地图的个数:47
当前数据库执行队列数:0
当前发送队列缓存的对象数量:0
totalMemory：984612864, use ：560733152, free ：423879712DirectMemory：1827143680, 恢复 ：1
当前时间 ：2026-08-19 21:43:29send keng：309, sheng ：4194304
decode keng：2, sheng ：2097152
world keng：4, sheng ：1048576

2026-08-19 21:43:34.682 INFO [pool-6-thread-5][:] - /****************流量统计******************/
LastReadBytes:0
LastReadThroughput:0
LastWrittenBytes:0
LastWriteThroughput:0
RealWrittenBytes:0
RealWriteThroughput:0
当前玩家的连接数量:0
当前地图的线程个数：9
当前地图的个数:47
当前数据库执行队列数:0
当前发送队列缓存的对象数量:0
totalMemory：984612864, use ：565363424, free ：419249440DirectMemory：1827143680, 恢复 ：1
当前时间 ：2026-08-19 21:43:34send keng：309, sheng ：4194304
decode keng：2, sheng ：2097152
world keng：4, sheng ：1048576

2026-08-19 21:43:39.683 INFO [pool-6-thread-9][:] - /****************流量统计******************/
LastReadBytes:0
LastReadThroughput:0
LastWrittenBytes:0
LastWriteThroughput:0
RealWrittenBytes:0
RealWriteThroughput:0
当前玩家的连接数量:0
当前地图的线程个数：9
当前地图的个数:47
当前数据库执行队列数:0
当前发送队列缓存的对象数量:0
totalMemory：984612864, use ：567408176, free ：417204688DirectMemory：1827143680, 恢复 ：1
当前时间 ：2026-08-19 21:43:39send keng：309, sheng ：4194304
decode keng：2, sheng ：2097152
world keng：4, sheng ：1048576

2026-08-19 21:43:44.682 INFO [pool-6-thread-3][:] - /****************流量统计******************/
LastReadBytes:0
LastReadThroughput:0
LastWrittenBytes:0
LastWriteThroughput:0
RealWrittenBytes:0
RealWriteThroughput:0
当前玩家的连接数量:0
当前地图的线程个数：9
当前地图的个数:47
当前数据库执行队列数:0
当前发送队列缓存的对象数量:0
totalMemory：984612864, use ：572249952, free ：412362912DirectMemory：1827143680, 恢复 ：1
当前时间 ：2026-08-19 21:43:44send keng：309, sheng ：4194304
decode keng：2, sheng ：2097152
world keng：4, sheng ：1048576

2026-08-19 21:43:49.687 INFO [pool-6-thread-5][:] - /****************流量统计******************/
LastReadBytes:0
LastReadThroughput:0
LastWrittenBytes:0
LastWriteThroughput:0
RealWrittenBytes:0
RealWriteThroughput:0
当前玩家的连接数量:0
当前地图的线程个数：9
当前地图的个数:47
当前数据库执行队列数:0
当前发送队列缓存的对象数量:0
totalMemory：984612864, use ：574613200, free ：409999664DirectMemory：1827143680, 恢复 ：1
当前时间 ：2026-08-19 21:43:49send keng：309, sheng ：4194304
decode keng：2, sheng ：2097152
world keng：4, sheng ：1048576

2026-08-19 21:43:54.682 INFO [pool-6-thread-2][:] - /****************流量统计******************/
LastReadBytes:0
LastReadThroughput:0
LastWrittenBytes:0
LastWriteThroughput:0
RealWrittenBytes:0
RealWriteThroughput:0
当前玩家的连接数量:0
当前地图的线程个数：9
当前地图的个数:47
当前数据库执行队列数:0
当前发送队列缓存的对象数量:0
totalMemory：984612864, use ：578487640, free ：406125224DirectMemory：1827143680, 恢复 ：1
当前时间 ：2026-08-19 21:43:54send keng：309, sheng ：4194304
decode keng：2, sheng ：2097152
world keng：4, sheng ：1048576

2026-08-19 21:43:59.682 INFO [pool-6-thread-10][:] - /****************流量统计******************/
LastReadBytes:0
LastReadThroughput:0
LastWrittenBytes:0
LastWriteThroughput:0
RealWrittenBytes:0
RealWriteThroughput:0
当前玩家的连接数量:0
当前地图的线程个数：9
当前地图的个数:47
当前数据库执行队列数:0
当前发送队列缓存的对象数量:0
totalMemory：984612864, use ：580856128, free ：403756736DirectMemory：1827143680, 恢复 ：1
当前时间 ：2026-08-19 21:43:59send keng：309, sheng ：4194304
decode keng：2, sheng ：2097152
world keng：4, sheng ：1048576

2026-08-19 21:44:04.683 INFO [pool-6-thread-3][:] - /****************流量统计******************/
LastReadBytes:0
LastReadThroughput:0
LastWrittenBytes:0
LastWriteThroughput:0
RealWrittenBytes:0
RealWriteThroughput:0
当前玩家的连接数量:0
当前地图的线程个数：9
当前地图的个数:47
当前数据库执行队列数:0
当前发送队列缓存的对象数量:0
totalMemory：984612864, use ：584842752, free ：399770112DirectMemory：1827143680, 恢复 ：1
当前时间 ：2026-08-19 21:44:04send keng：309, sheng ：4194304
decode keng：2, sheng ：2097152
world keng：4, sheng ：1048576

2026-08-19 21:44:09.682 INFO [pool-6-thread-9][:] - /****************流量统计******************/
LastReadBytes:0
LastReadThroughput:0
LastWrittenBytes:0
LastWriteThroughput:0
RealWrittenBytes:0
RealWriteThroughput:0
当前玩家的连接数量:0
当前地图的线程个数：9
当前地图的个数:47
当前数据库执行队列数:0
当前发送队列缓存的对象数量:0
totalMemory：984612864, use ：588275936, free ：396336928DirectMemory：1827143680, 恢复 ：1
当前时间 ：2026-08-19 21:44:09send keng：309, sheng ：4194304
decode keng：2, sheng ：2097152
world keng：4, sheng ：1048576

2026-08-19 21:44:14.682 INFO [pool-6-thread-1][:] - /****************流量统计******************/
LastReadBytes:0
LastReadThroughput:0
LastWrittenBytes:0
LastWriteThroughput:0
RealWrittenBytes:0
RealWriteThroughput:0
当前玩家的连接数量:0
当前地图的线程个数：9
当前地图的个数:47
当前数据库执行队列数:0
当前发送队列缓存的对象数量:0
totalMemory：984612864, use ：592006752, free ：392606112DirectMemory：1827143680, 恢复 ：1
当前时间 ：2026-08-19 21:44:14send keng：309, sheng ：4194304
decode keng：2, sheng ：2097152
world keng：4, sheng ：1048576

2026-08-19 21:44:19.682 INFO [pool-6-thread-6][:] - /****************流量统计******************/
LastReadBytes:0
LastReadThroughput:0
LastWrittenBytes:0
LastWriteThroughput:0
RealWrittenBytes:0
RealWriteThroughput:0
当前玩家的连接数量:0
当前地图的线程个数：9
当前地图的个数:47
当前数据库执行队列数:0
当前发送队列缓存的对象数量:0
totalMemory：984612864, use ：594591208, free ：390021656DirectMemory：1827143680, 恢复 ：1
当前时间 ：2026-08-19 21:44:19send keng：309, sheng ：4194304
decode keng：2, sheng ：2097152
world keng：4, sheng ：1048576

2026-08-19 21:44:24.682 INFO [pool-6-thread-5][:] - /****************流量统计******************/
LastReadBytes:0
LastReadThroughput:0
LastWrittenBytes:0
LastWriteThroughput:0
RealWrittenBytes:0
RealWriteThroughput:0
当前玩家的连接数量:0
当前地图的线程个数：9
当前地图的个数:47
当前数据库执行队列数:0
当前发送队列缓存的对象数量:0
totalMemory：984612864, use ：599125864, free ：385487000DirectMemory：1827143680, 恢复 ：1
当前时间 ：2026-08-19 21:44:24send keng：309, sheng ：4194304
decode keng：2, sheng ：2097152
world keng：4, sheng ：1048576

2026-08-19 21:44:29.682 INFO [pool-6-thread-2][:] - /****************流量统计******************/
LastReadBytes:0
LastReadThroughput:0
LastWrittenBytes:0
LastWriteThroughput:0
RealWrittenBytes:0
RealWriteThroughput:0
当前玩家的连接数量:0
当前地图的线程个数：9
当前地图的个数:47
当前数据库执行队列数:0
当前发送队列缓存的对象数量:0
totalMemory：984612864, use ：603411664, free ：381201200DirectMemory：1827143680, 恢复 ：1
当前时间 ：2026-08-19 21:44:29send keng：309, sheng ：4194304
decode keng：2, sheng ：2097152
world keng：4, sheng ：1048576

2026-08-19 21:44:34.682 INFO [pool-6-thread-9][:] - /****************流量统计******************/
LastReadBytes:0
LastReadThroughput:0
LastWrittenBytes:0
LastWriteThroughput:0
RealWrittenBytes:0
RealWriteThroughput:0
当前玩家的连接数量:0
当前地图的线程个数：9
当前地图的个数:47
当前数据库执行队列数:0
当前发送队列缓存的对象数量:0
totalMemory：984612864, use ：605924032, free ：378688832DirectMemory：1827143680, 恢复 ：1
当前时间 ：2026-08-19 21:44:34send keng：309, sheng ：4194304
decode keng：2, sheng ：2097152
world keng：4, sheng ：1048576

2026-08-19 21:44:39.682 INFO [pool-6-thread-4][:] - /****************流量统计******************/
LastReadBytes:0
LastReadThroughput:0
LastWrittenBytes:0
LastWriteThroughput:0
RealWrittenBytes:0
RealWriteThroughput:0
当前玩家的连接数量:0
当前地图的线程个数：9
当前地图的个数:47
当前数据库执行队列数:0
当前发送队列缓存的对象数量:0
totalMemory：984612864, use ：610286928, free ：374325936DirectMemory：1827143680, 恢复 ：1
当前时间 ：2026-08-19 21:44:39send keng：309, sheng ：4194304
decode keng：2, sheng ：2097152
world keng：4, sheng ：1048576

2026-08-19 21:44:44.682 INFO [pool-6-thread-6][:] - /****************流量统计******************/
LastReadBytes:0
LastReadThroughput:0
LastWrittenBytes:0
LastWriteThroughput:0
RealWrittenBytes:0
RealWriteThroughput:0
当前玩家的连接数量:0
当前地图的线程个数：9
当前地图的个数:47
当前数据库执行队列数:0
当前发送队列缓存的对象数量:0
totalMemory：984612864, use ：612180040, free ：372432824DirectMemory：1827143680, 恢复 ：1
当前时间 ：2026-08-19 21:44:44send keng：309, sheng ：4194304
decode keng：2, sheng ：2097152
world keng：4, sheng ：1048576

2026-08-19 21:44:49.682 INFO [pool-6-thread-5][:] - /****************流量统计******************/
LastReadBytes:0
LastReadThroughput:0
LastWrittenBytes:0
LastWriteThroughput:0
RealWrittenBytes:0
RealWriteThroughput:0
当前玩家的连接数量:0
当前地图的线程个数：9
当前地图的个数:47
当前数据库执行队列数:0
当前发送队列缓存的对象数量:0
totalMemory：984612864, use ：616941176, free ：367671688DirectMemory：1827143680, 恢复 ：1
当前时间 ：2026-08-19 21:44:49send keng：309, sheng ：4194304
decode keng：2, sheng ：2097152
world keng：4, sheng ：1048576

2026-08-19 21:44:54.682 INFO [pool-6-thread-3][:] - /****************流量统计******************/
LastReadBytes:0
LastReadThroughput:0
LastWrittenBytes:0
LastWriteThroughput:0
RealWrittenBytes:0
RealWriteThroughput:0
当前玩家的连接数量:0
当前地图的线程个数：9
当前地图的个数:47
当前数据库执行队列数:0
当前发送队列缓存的对象数量:0
totalMemory：984612864, use ：618561112, free ：366051752DirectMemory：1827143680, 恢复 ：1
当前时间 ：2026-08-19 21:44:54send keng：309, sheng ：4194304
decode keng：2, sheng ：2097152
world keng：4, sheng ：1048576

2026-08-19 21:44:59.682 INFO [pool-6-thread-7][:] - /****************流量统计******************/
LastReadBytes:0
LastReadThroughput:0
LastWrittenBytes:0
LastWriteThroughput:0
RealWrittenBytes:0
RealWriteThroughput:0
当前玩家的连接数量:0
当前地图的线程个数：9
当前地图的个数:47
当前数据库执行队列数:0
当前发送队列缓存的对象数量:0
totalMemory：984612864, use ：624155880, free ：360456984DirectMemory：1827143680, 恢复 ：1
当前时间 ：2026-08-19 21:44:59send keng：309, sheng ：4194304
decode keng：2, sheng ：2097152
world keng：4, sheng ：1048576

2026-08-19 21:45:04.684 INFO [pool-6-thread-6][:] - /****************流量统计******************/
LastReadBytes:0
LastReadThroughput:0
LastWrittenBytes:0
LastWriteThroughput:0
RealWrittenBytes:0
RealWriteThroughput:0
当前玩家的连接数量:0
当前地图的线程个数：9
当前地图的个数:47
当前数据库执行队列数:0
当前发送队列缓存的对象数量:0
totalMemory：984612864, use ：626471960, free ：358140904DirectMemory：1827143680, 恢复 ：1
当前时间 ：2026-08-19 21:45:04send keng：309, sheng ：4194304
decode keng：2, sheng ：2097152
world keng：4, sheng ：1048576

2026-08-19 21:45:09.682 INFO [pool-6-thread-6][:] - /****************流量统计******************/
LastReadBytes:0
LastReadThroughput:0
LastWrittenBytes:0
LastWriteThroughput:0
RealWrittenBytes:0
RealWriteThroughput:0
当前玩家的连接数量:0
当前地图的线程个数：9
当前地图的个数:47
当前数据库执行队列数:0
当前发送队列缓存的对象数量:0
totalMemory：984612864, use ：630532320, free ：354080544DirectMemory：1827143680, 恢复 ：1
当前时间 ：2026-08-19 21:45:09send keng：309, sheng ：4194304
decode keng：2, sheng ：2097152
world keng：4, sheng ：1048576

2026-08-19 21:45:14.682 INFO [pool-6-thread-2][:] - /****************流量统计******************/
LastReadBytes:0
LastReadThroughput:0
LastWrittenBytes:0
LastWriteThroughput:0
RealWrittenBytes:0
RealWriteThroughput:0
当前玩家的连接数量:0
当前地图的线程个数：9
当前地图的个数:47
当前数据库执行队列数:0
当前发送队列缓存的对象数量:0
totalMemory：984612864, use ：634837392, free ：349775472DirectMemory：1827143680, 恢复 ：1
当前时间 ：2026-08-19 21:45:14send keng：309, sheng ：4194304
decode keng：2, sheng ：2097152
world keng：4, sheng ：1048576

2026-08-19 21:45:19.682 INFO [pool-6-thread-7][:] - /****************流量统计******************/
LastReadBytes:0
LastReadThroughput:0
LastWrittenBytes:0
LastWriteThroughput:0
RealWrittenBytes:0
RealWriteThroughput:0
当前玩家的连接数量:0
当前地图的线程个数：9
当前地图的个数:47
当前数据库执行队列数:0
当前发送队列缓存的对象数量:0
totalMemory：984612864, use ：636863456, free ：347749408DirectMemory：1827143680, 恢复 ：1
当前时间 ：2026-08-19 21:45:19send keng：309, sheng ：4194304
decode keng：2, sheng ：2097152
world keng：4, sheng ：1048576

2026-08-19 21:45:24.682 INFO [pool-6-thread-5][:] - /****************流量统计******************/
LastReadBytes:0
LastReadThroughput:0
LastWrittenBytes:0
LastWriteThroughput:0
RealWrittenBytes:0
RealWriteThroughput:0
当前玩家的连接数量:0
当前地图的线程个数：9
当前地图的个数:47
当前数据库执行队列数:0
当前发送队列缓存的对象数量:0
totalMemory：984612864, use ：641432384, free ：343180480DirectMemory：1827143680, 恢复 ：1
当前时间 ：2026-08-19 21:45:24send keng：309, sheng ：4194304
decode keng：2, sheng ：2097152
world keng：4, sheng ：1048576

2026-08-19 21:45:29.682 INFO [pool-6-thread-3][:] - /****************流量统计******************/
LastReadBytes:0
LastReadThroughput:0
LastWrittenBytes:0
LastWriteThroughput:0
RealWrittenBytes:0
RealWriteThroughput:0
当前玩家的连接数量:0
当前地图的线程个数：9
当前地图的个数:47
当前数据库执行队列数:0
当前发送队列缓存的对象数量:0
totalMemory：984612864, use ：643952272, free ：340660592DirectMemory：1827143680, 恢复 ：1
当前时间 ：2026-08-19 21:45:29send keng：309, sheng ：4194304
decode keng：2, sheng ：2097152
world keng：4, sheng ：1048576

2026-08-19 21:45:34.683 INFO [pool-6-thread-8][:] - /****************流量统计******************/
LastReadBytes:0
LastReadThroughput:0
LastWrittenBytes:0
LastWriteThroughput:0
RealWrittenBytes:0
RealWriteThroughput:0
当前玩家的连接数量:0
当前地图的线程个数：9
当前地图的个数:47
当前数据库执行队列数:0
当前发送队列缓存的对象数量:0
totalMemory：984612864, use ：648772136, free ：335840728DirectMemory：1827143680, 恢复 ：1
当前时间 ：2026-08-19 21:45:34send keng：309, sheng ：4194304
decode keng：2, sheng ：2097152
world keng：4, sheng ：1048576

2026-08-19 21:45:39.682 INFO [pool-6-thread-10][:] - /****************流量统计******************/
LastReadBytes:0
LastReadThroughput:0
LastWrittenBytes:0
LastWriteThroughput:0
RealWrittenBytes:0
RealWriteThroughput:0
当前玩家的连接数量:0
当前地图的线程个数：9
当前地图的个数:47
当前数据库执行队列数:0
当前发送队列缓存的对象数量:0
totalMemory：984612864, use ：651664880, free ：332947984DirectMemory：1827143680, 恢复 ：1
当前时间 ：2026-08-19 21:45:39send keng：309, sheng ：4194304
decode keng：2, sheng ：2097152
world keng：4, sheng ：1048576

2026-08-19 21:45:44.685 INFO [pool-6-thread-1][:] - /****************流量统计******************/
LastReadBytes:0
LastReadThroughput:0
LastWrittenBytes:0
LastWriteThroughput:0
RealWrittenBytes:0
RealWriteThroughput:0
当前玩家的连接数量:0
当前地图的线程个数：9
当前地图的个数:47
当前数据库执行队列数:0
当前发送队列缓存的对象数量:0
totalMemory：984612864, use ：654985600, free ：329627264DirectMemory：1827143680, 恢复 ：1
当前时间 ：2026-08-19 21:45:44send keng：309, sheng ：4194304
decode keng：2, sheng ：2097152
world keng：4, sheng ：1048576

2026-08-19 21:45:49.682 INFO [pool-6-thread-8][:] - /****************流量统计******************/
LastReadBytes:0
LastReadThroughput:0
LastWrittenBytes:0
LastWriteThroughput:0
RealWrittenBytes:0
RealWriteThroughput:0
当前玩家的连接数量:0
当前地图的线程个数：9
当前地图的个数:47
当前数据库执行队列数:0
当前发送队列缓存的对象数量:0
totalMemory：984612864, use ：657932224, free ：326680640DirectMemory：1827143680, 恢复 ：1
当前时间 ：2026-08-19 21:45:49send keng：309, sheng ：4194304
decode keng：2, sheng ：2097152
world keng：4, sheng ：1048576

2026-08-19 21:45:54.683 INFO [pool-6-thread-7][:] - /****************流量统计******************/
LastReadBytes:0
LastReadThroughput:0
LastWrittenBytes:0
LastWriteThroughput:0
RealWrittenBytes:0
RealWriteThroughput:0
当前玩家的连接数量:0
当前地图的线程个数：9
当前地图的个数:47
当前数据库执行队列数:0
当前发送队列缓存的对象数量:0
totalMemory：984612864, use ：661276904, free ：323335960DirectMemory：1827143680, 恢复 ：1
当前时间 ：2026-08-19 21:45:54send keng：309, sheng ：4194304
decode keng：2, sheng ：2097152
world keng：4, sheng ：1048576

2026-08-19 21:45:59.682 INFO [pool-6-thread-7][:] - /****************流量统计******************/
LastReadBytes:0
LastReadThroughput:0
LastWrittenBytes:0
LastWriteThroughput:0
RealWrittenBytes:0
RealWriteThroughput:0
当前玩家的连接数量:0
当前地图的线程个数：9
当前地图的个数:47
当前数据库执行队列数:0
当前发送队列缓存的对象数量:0
totalMemory：984612864, use ：664924632, free ：319688232DirectMemory：1827143680, 恢复 ：1
当前时间 ：2026-08-19 21:45:59send keng：309, sheng ：4194304
decode keng：2, sheng ：2097152
world keng：4, sheng ：1048576

2026-08-19 21:46:04.683 INFO [pool-6-thread-8][:] - /****************流量统计******************/
LastReadBytes:0
LastReadThroughput:0
LastWrittenBytes:0
LastWriteThroughput:0
RealWrittenBytes:0
RealWriteThroughput:0
当前玩家的连接数量:0
当前地图的线程个数：9
当前地图的个数:47
当前数据库执行队列数:0
当前发送队列缓存的对象数量:0
totalMemory：984612864, use ：669020536, free ：315592328DirectMemory：1827143680, 恢复 ：1
当前时间 ：2026-08-19 21:46:04send keng：309, sheng ：4194304
decode keng：2, sheng ：2097152
world keng：4, sheng ：1048576

2026-08-19 21:46:09.682 INFO [pool-6-thread-8][:] - /****************流量统计******************/
LastReadBytes:0
LastReadThroughput:0
LastWrittenBytes:0
LastWriteThroughput:0
RealWrittenBytes:0
RealWriteThroughput:0
当前玩家的连接数量:0
当前地图的线程个数：9
当前地图的个数:47
当前数据库执行队列数:0
当前发送队列缓存的对象数量:0
totalMemory：984612864, use ：672933880, free ：311678984DirectMemory：1827143680, 恢复 ：1
当前时间 ：2026-08-19 21:46:09send keng：309, sheng ：4194304
decode keng：2, sheng ：2097152
world keng：4, sheng ：1048576

2026-08-19 21:46:14.682 INFO [pool-6-thread-5][:] - /****************流量统计******************/
LastReadBytes:0
LastReadThroughput:0
LastWrittenBytes:0
LastWriteThroughput:0
RealWrittenBytes:0
RealWriteThroughput:0
当前玩家的连接数量:0
当前地图的线程个数：9
当前地图的个数:47
当前数据库执行队列数:0
当前发送队列缓存的对象数量:0
totalMemory：984612864, use ：674823568, free ：309789296DirectMemory：1827143680, 恢复 ：1
当前时间 ：2026-08-19 21:46:14send keng：309, sheng ：4194304
decode keng：2, sheng ：2097152
world keng：4, sheng ：1048576

2026-08-19 21:46:19.682 INFO [pool-6-thread-3][:] - /****************流量统计******************/
LastReadBytes:0
LastReadThroughput:0
LastWrittenBytes:0
LastWriteThroughput:0
RealWrittenBytes:0
RealWriteThroughput:0
当前玩家的连接数量:0
当前地图的线程个数：9
当前地图的个数:47
当前数据库执行队列数:0
当前发送队列缓存的对象数量:0
totalMemory：984612864, use ：680037584, free ：304575280DirectMemory：1827143680, 恢复 ：1
当前时间 ：2026-08-19 21:46:19send keng：309, sheng ：4194304
decode keng：2, sheng ：2097152
world keng：4, sheng ：1048576

2026-08-19 21:46:24.683 INFO [pool-6-thread-3][:] - /****************流量统计******************/
LastReadBytes:0
LastReadThroughput:0
LastWrittenBytes:0
LastWriteThroughput:0
RealWrittenBytes:0
RealWriteThroughput:0
当前玩家的连接数量:0
当前地图的线程个数：9
当前地图的个数:47
当前数据库执行队列数:0
当前发送队列缓存的对象数量:0
totalMemory：984612864, use ：682520840, free ：302092024DirectMemory：1827143680, 恢复 ：1
当前时间 ：2026-08-19 21:46:24send keng：309, sheng ：4194304
decode keng：2, sheng ：2097152
world keng：4, sheng ：1048576

2026-08-19 21:46:29.682 INFO [pool-6-thread-2][:] - /****************流量统计******************/
LastReadBytes:0
LastReadThroughput:0
LastWrittenBytes:0
LastWriteThroughput:0
RealWrittenBytes:0
RealWriteThroughput:0
当前玩家的连接数量:0
当前地图的线程个数：9
当前地图的个数:47
当前数据库执行队列数:0
当前发送队列缓存的对象数量:0
totalMemory：984612864, use ：686853440, free ：297759424DirectMemory：1827143680, 恢复 ：1
当前时间 ：2026-08-19 21:46:29send keng：309, sheng ：4194304
decode keng：2, sheng ：2097152
world keng：4, sheng ：1048576

2026-08-19 21:46:34.683 INFO [pool-6-thread-5][:] - /****************流量统计******************/
LastReadBytes:0
LastReadThroughput:0
LastWrittenBytes:0
LastWriteThroughput:0
RealWrittenBytes:0
RealWriteThroughput:0
当前玩家的连接数量:0
当前地图的线程个数：9
当前地图的个数:47
当前数据库执行队列数:0
当前发送队列缓存的对象数量:0
totalMemory：984612864, use ：689275992, free ：295336872DirectMemory：1827143680, 恢复 ：1
当前时间 ：2026-08-19 21:46:34send keng：309, sheng ：4194304
decode keng：2, sheng ：2097152
world keng：4, sheng ：1048576

2026-08-19 21:46:39.682 INFO [pool-6-thread-10][:] - /****************流量统计******************/
LastReadBytes:0
LastReadThroughput:0
LastWrittenBytes:0
LastWriteThroughput:0
RealWrittenBytes:0
RealWriteThroughput:0
当前玩家的连接数量:0
当前地图的线程个数：9
当前地图的个数:47
当前数据库执行队列数:0
当前发送队列缓存的对象数量:0
totalMemory：984612864, use ：693996032, free ：290616832DirectMemory：1827143680, 恢复 ：1
当前时间 ：2026-08-19 21:46:39send keng：309, sheng ：4194304
decode keng：2, sheng ：2097152
world keng：4, sheng ：1048576

2026-08-19 21:46:44.686 INFO [pool-6-thread-8][:] - /****************流量统计******************/
LastReadBytes:0
LastReadThroughput:0
LastWrittenBytes:0
LastWriteThroughput:0
RealWrittenBytes:0
RealWriteThroughput:0
当前玩家的连接数量:0
当前地图的线程个数：9
当前地图的个数:47
当前数据库执行队列数:0
当前发送队列缓存的对象数量:0
totalMemory：984612864, use ：696089872, free ：288522992DirectMemory：1827143680, 恢复 ：1
当前时间 ：2026-08-19 21:46:44send keng：309, sheng ：4194304
decode keng：2, sheng ：2097152
world keng：4, sheng ：1048576

2026-08-19 21:46:49.683 INFO [pool-6-thread-8][:] - /****************流量统计******************/
LastReadBytes:0
LastReadThroughput:0
LastWrittenBytes:0
LastWriteThroughput:0
RealWrittenBytes:0
RealWriteThroughput:0
当前玩家的连接数量:0
当前地图的线程个数：9
当前地图的个数:47
当前数据库执行队列数:0
当前发送队列缓存的对象数量:0
totalMemory：984612864, use ：700684864, free ：283928000DirectMemory：1827143680, 恢复 ：1
当前时间 ：2026-08-19 21:46:49send keng：309, sheng ：4194304
decode keng：2, sheng ：2097152
world keng：4, sheng ：1048576

2026-08-19 21:46:54.682 INFO [pool-6-thread-3][:] - /****************流量统计******************/
LastReadBytes:0
LastReadThroughput:0
LastWrittenBytes:0
LastWriteThroughput:0
RealWrittenBytes:0
RealWriteThroughput:0
当前玩家的连接数量:0
当前地图的线程个数：9
当前地图的个数:47
当前数据库执行队列数:0
当前发送队列缓存的对象数量:0
totalMemory：984612864, use ：702748576, free ：281864288DirectMemory：1827143680, 恢复 ：1
当前时间 ：2026-08-19 21:46:54send keng：309, sheng ：4194304
decode keng：2, sheng ：2097152
world keng：4, sheng ：1048576

2026-08-19 21:46:59.684 INFO [pool-6-thread-1][:] - /****************流量统计******************/
LastReadBytes:0
LastReadThroughput:0
LastWrittenBytes:0
LastWriteThroughput:0
RealWrittenBytes:0
RealWriteThroughput:0
当前玩家的连接数量:0
当前地图的线程个数：9
当前地图的个数:47
当前数据库执行队列数:0
当前发送队列缓存的对象数量:0
totalMemory：984612864, use ：707817992, free ：276794872DirectMemory：1827143680, 恢复 ：1
当前时间 ：2026-08-19 21:46:59send keng：309, sheng ：4194304
decode keng：2, sheng ：2097152
world keng：4, sheng ：1048576

2026-08-19 21:47:04.683 INFO [pool-6-thread-5][:] - /****************流量统计******************/
LastReadBytes:0
LastReadThroughput:0
LastWrittenBytes:0
LastWriteThroughput:0
RealWrittenBytes:0
RealWriteThroughput:0
当前玩家的连接数量:0
当前地图的线程个数：9
当前地图的个数:47
当前数据库执行队列数:0
当前发送队列缓存的对象数量:0
totalMemory：984612864, use ：710592544, free ：274020320DirectMemory：1827143680, 恢复 ：1
当前时间 ：2026-08-19 21:47:04send keng：309, sheng ：4194304
decode keng：2, sheng ：2097152
world keng：4, sheng ：1048576

2026-08-19 21:47:09.682 INFO [pool-6-thread-1][:] - /****************流量统计******************/
LastReadBytes:0
LastReadThroughput:0
LastWrittenBytes:0
LastWriteThroughput:0
RealWrittenBytes:0
RealWriteThroughput:0
当前玩家的连接数量:0
当前地图的线程个数：9
当前地图的个数:47
当前数据库执行队列数:0
当前发送队列缓存的对象数量:0
totalMemory：984612864, use ：715081400, free ：269531464DirectMemory：1827143680, 恢复 ：1
当前时间 ：2026-08-19 21:47:09send keng：309, sheng ：4194304
decode keng：2, sheng ：2097152
world keng：4, sheng ：1048576

2026-08-19 21:47:14.682 INFO [pool-6-thread-3][:] - /****************流量统计******************/
LastReadBytes:0
LastReadThroughput:0
LastWrittenBytes:0
LastWriteThroughput:0
RealWrittenBytes:0
RealWriteThroughput:0
当前玩家的连接数量:0
当前地图的线程个数：9
当前地图的个数:47
当前数据库执行队列数:0
当前发送队列缓存的对象数量:0
totalMemory：984612864, use ：717419080, free ：267193784DirectMemory：1827143680, 恢复 ：1
当前时间 ：2026-08-19 21:47:14send keng：309, sheng ：4194304
decode keng：2, sheng ：2097152
world keng：4, sheng ：1048576

2026-08-19 21:47:19.682 INFO [pool-6-thread-6][:] - /****************流量统计******************/
LastReadBytes:0
LastReadThroughput:0
LastWrittenBytes:0
LastWriteThroughput:0
RealWrittenBytes:0
RealWriteThroughput:0
当前玩家的连接数量:0
当前地图的线程个数：9
当前地图的个数:47
当前数据库执行队列数:0
当前发送队列缓存的对象数量:0
totalMemory：984612864, use ：720245968, free ：264366896DirectMemory：1827143680, 恢复 ：1
当前时间 ：2026-08-19 21:47:19send keng：309, sheng ：4194304
decode keng：2, sheng ：2097152
world keng：4, sheng ：1048576

2026-08-19 21:47:24.683 INFO [pool-6-thread-8][:] - /****************流量统计******************/
LastReadBytes:0
LastReadThroughput:0
LastWrittenBytes:0
LastWriteThroughput:0
RealWrittenBytes:0
RealWriteThroughput:0
当前玩家的连接数量:0
当前地图的线程个数：9
当前地图的个数:47
当前数据库执行队列数:0
当前发送队列缓存的对象数量:0
totalMemory：984612864, use ：725717856, free ：258895008DirectMemory：1827143680, 恢复 ：1
当前时间 ：2026-08-19 21:47:24send keng：309, sheng ：4194304
decode keng：2, sheng ：2097152
world keng：4, sheng ：1048576

2026-08-19 21:47:29.682 INFO [pool-6-thread-2][:] - /****************流量统计******************/
LastReadBytes:0
LastReadThroughput:0
LastWrittenBytes:0
LastWriteThroughput:0
RealWrittenBytes:0
RealWriteThroughput:0
当前玩家的连接数量:0
当前地图的线程个数：9
当前地图的个数:47
当前数据库执行队列数:0
当前发送队列缓存的对象数量:0
totalMemory：984612864, use ：726979216, free ：257633648DirectMemory：1827143680, 恢复 ：1
当前时间 ：2026-08-19 21:47:29send keng：309, sheng ：4194304
decode keng：2, sheng ：2097152
world keng：4, sheng ：1048576

2026-08-19 21:47:34.682 INFO [pool-6-thread-8][:] - /****************流量统计******************/
LastReadBytes:0
LastReadThroughput:0
LastWrittenBytes:0
LastWriteThroughput:0
RealWrittenBytes:0
RealWriteThroughput:0
当前玩家的连接数量:0
当前地图的线程个数：9
当前地图的个数:47
当前数据库执行队列数:0
当前发送队列缓存的对象数量:0
totalMemory：984612864, use ：731625552, free ：252987312DirectMemory：1827143680, 恢复 ：1
当前时间 ：2026-08-19 21:47:34send keng：309, sheng ：4194304
decode keng：2, sheng ：2097152
world keng：4, sheng ：1048576

2026-08-19 21:47:39.682 INFO [pool-6-thread-1][:] - /****************流量统计******************/
LastReadBytes:0
LastReadThroughput:0
LastWrittenBytes:0
LastWriteThroughput:0
RealWrittenBytes:0
RealWriteThroughput:0
当前玩家的连接数量:0
当前地图的线程个数：9
当前地图的个数:47
当前数据库执行队列数:0
当前发送队列缓存的对象数量:0
totalMemory：984612864, use ：734679280, free ：249933584DirectMemory：1827143680, 恢复 ：1
当前时间 ：2026-08-19 21:47:39send keng：309, sheng ：4194304
decode keng：2, sheng ：2097152
world keng：4, sheng ：1048576

2026-08-19 21:47:44.682 INFO [pool-6-thread-4][:] - /****************流量统计******************/
LastReadBytes:0
LastReadThroughput:0
LastWrittenBytes:0
LastWriteThroughput:0
RealWrittenBytes:0
RealWriteThroughput:0
当前玩家的连接数量:0
当前地图的线程个数：9
当前地图的个数:47
当前数据库执行队列数:0
当前发送队列缓存的对象数量:0
totalMemory：984612864, use ：738255920, free ：246356944DirectMemory：1827143680, 恢复 ：1
当前时间 ：2026-08-19 21:47:44send keng：309, sheng ：4194304
decode keng：2, sheng ：2097152
world keng：4, sheng ：1048576

2026-08-19 21:47:49.682 INFO [pool-6-thread-2][:] - /****************流量统计******************/
LastReadBytes:0
LastReadThroughput:0
LastWrittenBytes:0
LastWriteThroughput:0
RealWrittenBytes:0
RealWriteThroughput:0
当前玩家的连接数量:0
当前地图的线程个数：9
当前地图的个数:47
当前数据库执行队列数:0
当前发送队列缓存的对象数量:0
totalMemory：984612864, use ：742389112, free ：242223752DirectMemory：1827143680, 恢复 ：1
当前时间 ：2026-08-19 21:47:49send keng：309, sheng ：4194304
decode keng：2, sheng ：2097152
world keng：4, sheng ：1048576

2026-08-19 21:47:54.682 INFO [pool-6-thread-1][:] - /****************流量统计******************/
LastReadBytes:0
LastReadThroughput:0
LastWrittenBytes:0
LastWriteThroughput:0
RealWrittenBytes:0
RealWriteThroughput:0
当前玩家的连接数量:0
当前地图的线程个数：9
当前地图的个数:47
当前数据库执行队列数:0
当前发送队列缓存的对象数量:0
totalMemory：984612864, use ：744941512, free ：239671352DirectMemory：1827143680, 恢复 ：1
当前时间 ：2026-08-19 21:47:54send keng：309, sheng ：4194304
decode keng：2, sheng ：2097152
world keng：4, sheng ：1048576

2026-08-19 21:47:59.682 INFO [pool-6-thread-4][:] - /****************流量统计******************/
LastReadBytes:174
LastReadThroughput:34
LastWrittenBytes:117
LastWriteThroughput:23
RealWrittenBytes:0
RealWriteThroughput:23
当前玩家的连接数量:0
当前地图的线程个数：9
当前地图的个数:47
当前数据库执行队列数:0
当前发送队列缓存的对象数量:0
totalMemory：984612864, use ：749104640, free ：235508224DirectMemory：1827143680, 恢复 ：1
当前时间 ：2026-08-19 21:47:59send keng：309, sheng ：4194304
decode keng：3, sheng ：2097152
world keng：4, sheng ：1048576

2026-08-19 21:48:04.682 INFO [pool-6-thread-10][:] - /****************流量统计******************/
LastReadBytes:161
LastReadThroughput:32
LastWrittenBytes:62
LastWriteThroughput:12
RealWrittenBytes:0
RealWriteThroughput:12
当前玩家的连接数量:1
当前地图的线程个数：9
当前地图的个数:47
当前数据库执行队列数:0
当前发送队列缓存的对象数量:1
totalMemory：984612864, use ：752981320, free ：231631544DirectMemory：1827143680, 恢复 ：1
当前时间 ：2026-08-19 21:48:04send keng：312, sheng ：4194304
decode keng：4, sheng ：2097152
world keng：4, sheng ：1048576

2026-08-19 21:48:09.682 INFO [pool-6-thread-7][:] - /****************流量统计******************/
LastReadBytes:654
LastReadThroughput:130
LastWrittenBytes:12210
LastWriteThroughput:2442
RealWrittenBytes:0
RealWriteThroughput:2442
当前玩家的连接数量:1
当前地图的线程个数：9
当前地图的个数:47
当前数据库执行队列数:0
当前发送队列缓存的对象数量:1
totalMemory：984612864, use ：419265336, free ：565347528DirectMemory：1827143680, 恢复 ：1
当前时间 ：2026-08-19 21:48:09send keng：475, sheng ：4194304
decode keng：5, sheng ：2097152
world keng：5, sheng ：1048576

2026-08-19 21:48:14.682 INFO [pool-6-thread-2][:] - /****************流量统计******************/
LastReadBytes:0
LastReadThroughput:0
LastWrittenBytes:0
LastWriteThroughput:0
RealWrittenBytes:0
RealWriteThroughput:0
当前玩家的连接数量:1
当前地图的线程个数：9
当前地图的个数:47
当前数据库执行队列数:0
当前发送队列缓存的对象数量:1
totalMemory：984612864, use ：423978600, free ：560634264DirectMemory：1827143680, 恢复 ：1
当前时间 ：2026-08-19 21:48:14send keng：475, sheng ：4194304
decode keng：5, sheng ：2097152
world keng：5, sheng ：1048576

2026-08-19 21:48:19.682 INFO [pool-6-thread-3][:] - /****************流量统计******************/
LastReadBytes:26
LastReadThroughput:5
LastWrittenBytes:14
LastWriteThroughput:2
RealWrittenBytes:0
RealWriteThroughput:2
当前玩家的连接数量:1
当前地图的线程个数：9
当前地图的个数:47
当前数据库执行队列数:0
当前发送队列缓存的对象数量:1
totalMemory：984612864, use ：426658240, free ：557954624DirectMemory：1827143680, 恢复 ：1
当前时间 ：2026-08-19 21:48:19send keng：475, sheng ：4194304
decode keng：5, sheng ：2097152
world keng：5, sheng ：1048576

2026-08-19 21:48:24.682 INFO [pool-6-thread-9][:] - /****************流量统计******************/
LastReadBytes:0
LastReadThroughput:0
LastWrittenBytes:0
LastWriteThroughput:0
RealWrittenBytes:0
RealWriteThroughput:0
当前玩家的连接数量:1
当前地图的线程个数：9
当前地图的个数:47
当前数据库执行队列数:0
当前发送队列缓存的对象数量:1
totalMemory：984612864, use ：430785704, free ：553827160DirectMemory：1827143680, 恢复 ：1
当前时间 ：2026-08-19 21:48:24send keng：475, sheng ：4194304
decode keng：5, sheng ：2097152
world keng：5, sheng ：1048576

2026-08-19 21:48:29.682 INFO [pool-6-thread-4][:] - /****************流量统计******************/
LastReadBytes:26
LastReadThroughput:5
LastWrittenBytes:14
LastWriteThroughput:2
RealWrittenBytes:0
RealWriteThroughput:2
当前玩家的连接数量:1
当前地图的线程个数：9
当前地图的个数:47
当前数据库执行队列数:0
当前发送队列缓存的对象数量:1
totalMemory：984612864, use ：433834928, free ：550777936DirectMemory：1827143680, 恢复 ：1
当前时间 ：2026-08-19 21:48:29send keng：475, sheng ：4194304
decode keng：5, sheng ：2097152
world keng：5, sheng ：1048576

2026-08-19 21:48:34.682 INFO [pool-6-thread-4][:] - /****************流量统计******************/
LastReadBytes:0
LastReadThroughput:0
LastWrittenBytes:0
LastWriteThroughput:0
RealWrittenBytes:0
RealWriteThroughput:0
当前玩家的连接数量:1
当前地图的线程个数：9
当前地图的个数:47
当前数据库执行队列数:0
当前发送队列缓存的对象数量:1
totalMemory：984612864, use ：437972104, free ：546640760DirectMemory：1827143680, 恢复 ：1
当前时间 ：2026-08-19 21:48:34send keng：475, sheng ：4194304
decode keng：5, sheng ：2097152
world keng：5, sheng ：1048576

2026-08-19 21:48:39.682 INFO [pool-6-thread-9][:] - /****************流量统计******************/
LastReadBytes:26
LastReadThroughput:5
LastWrittenBytes:14
LastWriteThroughput:2
RealWrittenBytes:0
RealWriteThroughput:2
当前玩家的连接数量:1
当前地图的线程个数：9
当前地图的个数:47
当前数据库执行队列数:0
当前发送队列缓存的对象数量:1
totalMemory：984612864, use ：441009952, free ：543602912DirectMemory：1827143680, 恢复 ：1
当前时间 ：2026-08-19 21:48:39send keng：475, sheng ：4194304
decode keng：5, sheng ：2097152
world keng：5, sheng ：1048576

2026-08-19 21:48:44.682 INFO [pool-6-thread-7][:] - /****************流量统计******************/
LastReadBytes:0
LastReadThroughput:0
LastWrittenBytes:0
LastWriteThroughput:0
RealWrittenBytes:0
RealWriteThroughput:0
当前玩家的连接数量:1
当前地图的线程个数：9
当前地图的个数:47
当前数据库执行队列数:0
当前发送队列缓存的对象数量:1
totalMemory：984612864, use ：445542944, free ：539069920DirectMemory：1827143680, 恢复 ：1
当前时间 ：2026-08-19 21:48:44send keng：475, sheng ：4194304
decode keng：5, sheng ：2097152
world keng：5, sheng ：1048576

2026-08-19 21:48:49.682 INFO [pool-6-thread-3][:] - /****************流量统计******************/
LastReadBytes:26
LastReadThroughput:5
LastWrittenBytes:14
LastWriteThroughput:2
RealWrittenBytes:0
RealWriteThroughput:2
当前玩家的连接数量:1
当前地图的线程个数：9
当前地图的个数:47
当前数据库执行队列数:0
当前发送队列缓存的对象数量:1
totalMemory：984612864, use ：447752408, free ：536860456DirectMemory：1827143680, 恢复 ：1
当前时间 ：2026-08-19 21:48:49send keng：475, sheng ：4194304
decode keng：5, sheng ：2097152
world keng：5, sheng ：1048576

2026-08-19 21:48:54.682 INFO [pool-6-thread-10][:] - /****************流量统计******************/
LastReadBytes:0
LastReadThroughput:0
LastWrittenBytes:0
LastWriteThroughput:0
RealWrittenBytes:0
RealWriteThroughput:0
当前玩家的连接数量:1
当前地图的线程个数：9
当前地图的个数:47
当前数据库执行队列数:0
当前发送队列缓存的对象数量:1
totalMemory：984612864, use ：452795776, free ：531817088DirectMemory：1827143680, 恢复 ：1
当前时间 ：2026-08-19 21:48:54send keng：475, sheng ：4194304
decode keng：5, sheng ：2097152
world keng：5, sheng ：1048576

2026-08-19 21:48:59.682 INFO [pool-6-thread-3][:] - /****************流量统计******************/
LastReadBytes:0
LastReadThroughput:0
LastWrittenBytes:0
LastWriteThroughput:0
RealWrittenBytes:14
RealWriteThroughput:0
当前玩家的连接数量:1
当前地图的线程个数：9
当前地图的个数:47
当前数据库执行队列数:0
当前发送队列缓存的对象数量:1
totalMemory：984612864, use ：454928064, free ：529684800DirectMemory：1827143680, 恢复 ：1
当前时间 ：2026-08-19 21:48:59send keng：475, sheng ：4194304
decode keng：5, sheng ：2097152
world keng：5, sheng ：1048576

2026-08-19 21:49:04.682 INFO [pool-6-thread-9][:] - /****************流量统计******************/
LastReadBytes:26
LastReadThroughput:5
LastWrittenBytes:14
LastWriteThroughput:2
RealWrittenBytes:0
RealWriteThroughput:2
当前玩家的连接数量:1
当前地图的线程个数：9
当前地图的个数:47
当前数据库执行队列数:0
当前发送队列缓存的对象数量:1
totalMemory：984612864, use ：460175552, free ：524437312DirectMemory：1827143680, 恢复 ：1
当前时间 ：2026-08-19 21:49:04send keng：475, sheng ：4194304
decode keng：5, sheng ：2097152
world keng：5, sheng ：1048576

2026-08-19 21:49:09.682 INFO [pool-6-thread-2][:] - /****************流量统计******************/
LastReadBytes:0
LastReadThroughput:0
LastWrittenBytes:0
LastWriteThroughput:0
RealWrittenBytes:0
RealWriteThroughput:0
当前玩家的连接数量:1
当前地图的线程个数：9
当前地图的个数:47
当前数据库执行队列数:0
当前发送队列缓存的对象数量:1
totalMemory：984612864, use ：463030720, free ：521582144DirectMemory：1827143680, 恢复 ：1
当前时间 ：2026-08-19 21:49:09send keng：475, sheng ：4194304
decode keng：5, sheng ：2097152
world keng：5, sheng ：1048576

2026-08-19 21:49:14.683 INFO [pool-6-thread-3][:] - /****************流量统计******************/
LastReadBytes:26
LastReadThroughput:5
LastWrittenBytes:14
LastWriteThroughput:2
RealWrittenBytes:0
RealWriteThroughput:2
当前玩家的连接数量:1
当前地图的线程个数：9
当前地图的个数:47
当前数据库执行队列数:0
当前发送队列缓存的对象数量:1
totalMemory：984612864, use ：467534464, free ：517078400DirectMemory：1827143680, 恢复 ：1
当前时间 ：2026-08-19 21:49:14send keng：475, sheng ：4194304
decode keng：5, sheng ：2097152
world keng：5, sheng ：1048576

2026-08-19 21:49:19.694 INFO [pool-6-thread-3][:] - /****************流量统计******************/
LastReadBytes:0
LastReadThroughput:0
LastWrittenBytes:0
LastWriteThroughput:0
RealWrittenBytes:0
RealWriteThroughput:0
当前玩家的连接数量:1
当前地图的线程个数：9
当前地图的个数:47
当前数据库执行队列数:0
当前发送队列缓存的对象数量:1
totalMemory：984612864, use ：471338584, free ：513274280DirectMemory：1827143680, 恢复 ：1
当前时间 ：2026-08-19 21:49:19send keng：475, sheng ：4194304
decode keng：5, sheng ：2097152
world keng：5, sheng ：1048576

2026-08-19 21:49:24.682 INFO [pool-6-thread-8][:] - /****************流量统计******************/
LastReadBytes:26
LastReadThroughput:5
LastWrittenBytes:14
LastWriteThroughput:2
RealWrittenBytes:0
RealWriteThroughput:2
当前玩家的连接数量:1
当前地图的线程个数：9
当前地图的个数:47
当前数据库执行队列数:0
当前发送队列缓存的对象数量:1
totalMemory：984612864, use ：474315072, free ：510297792DirectMemory：1827143680, 恢复 ：1
当前时间 ：2026-08-19 21:49:24send keng：475, sheng ：4194304
decode keng：5, sheng ：2097152
world keng：5, sheng ：1048576

2026-08-19 21:49:29.682 INFO [pool-6-thread-3][:] - /****************流量统计******************/
LastReadBytes:0
LastReadThroughput:0
LastWrittenBytes:0
LastWriteThroughput:0
RealWrittenBytes:0
RealWriteThroughput:0
当前玩家的连接数量:1
当前地图的线程个数：9
当前地图的个数:47
当前数据库执行队列数:0
当前发送队列缓存的对象数量:1
totalMemory：984612864, use ：478115952, free ：506496912DirectMemory：1827143680, 恢复 ：1
当前时间 ：2026-08-19 21:49:29send keng：475, sheng ：4194304
decode keng：5, sheng ：2097152
world keng：5, sheng ：1048576

2026-08-19 21:49:34.682 INFO [pool-6-thread-3][:] - /****************流量统计******************/
LastReadBytes:26
LastReadThroughput:5
LastWrittenBytes:14
LastWriteThroughput:2
RealWrittenBytes:0
RealWriteThroughput:2
当前玩家的连接数量:1
当前地图的线程个数：9
当前地图的个数:47
当前数据库执行队列数:0
当前发送队列缓存的对象数量:1
totalMemory：984612864, use ：481959664, free ：502653200DirectMemory：1827143680, 恢复 ：1
当前时间 ：2026-08-19 21:49:34send keng：475, sheng ：4194304
decode keng：5, sheng ：2097152
world keng：5, sheng ：1048576

2026-08-19 21:49:39.682 INFO [pool-6-thread-3][:] - /****************流量统计******************/
LastReadBytes:0
LastReadThroughput:0
LastWrittenBytes:0
LastWriteThroughput:0
RealWrittenBytes:0
RealWriteThroughput:0
当前玩家的连接数量:1
当前地图的线程个数：9
当前地图的个数:47
当前数据库执行队列数:0
当前发送队列缓存的对象数量:1
totalMemory：984612864, use ：486143416, free ：498469448DirectMemory：1827143680, 恢复 ：1
当前时间 ：2026-08-19 21:49:39send keng：475, sheng ：4194304
decode keng：5, sheng ：2097152
world keng：5, sheng ：1048576

2026-08-19 21:49:44.682 INFO [pool-6-thread-2][:] - /****************流量统计******************/
LastReadBytes:161
LastReadThroughput:32
LastWrittenBytes:126
LastWriteThroughput:25
RealWrittenBytes:0
RealWriteThroughput:25
当前玩家的连接数量:1
当前地图的线程个数：9
当前地图的个数:47
当前数据库执行队列数:0
当前发送队列缓存的对象数量:1
totalMemory：984612864, use ：488778512, free ：495834352DirectMemory：1827143680, 恢复 ：1
当前时间 ：2026-08-19 21:49:44send keng：481, sheng ：4194304
decode keng：5, sheng ：2097152
world keng：5, sheng ：1048576

2026-08-19 21:49:49.682 INFO [pool-6-thread-7][:] - /****************流量统计******************/
LastReadBytes:0
LastReadThroughput:0
LastWrittenBytes:0
LastWriteThroughput:0
RealWrittenBytes:0
RealWriteThroughput:0
当前玩家的连接数量:1
当前地图的线程个数：9
当前地图的个数:47
当前数据库执行队列数:0
当前发送队列缓存的对象数量:1
totalMemory：984612864, use ：492875584, free ：491737280DirectMemory：1827143680, 恢复 ：1
当前时间 ：2026-08-19 21:49:49send keng：481, sheng ：4194304
decode keng：5, sheng ：2097152
world keng：5, sheng ：1048576

2026-08-19 21:49:54.682 INFO [pool-6-thread-4][:] - /****************流量统计******************/
LastReadBytes:26
LastReadThroughput:5
LastWrittenBytes:14
LastWriteThroughput:2
RealWrittenBytes:0
RealWriteThroughput:2
当前玩家的连接数量:1
当前地图的线程个数：9
当前地图的个数:47
当前数据库执行队列数:0
当前发送队列缓存的对象数量:1
totalMemory：984612864, use ：495984424, free ：488628440DirectMemory：1827143680, 恢复 ：1
当前时间 ：2026-08-19 21:49:54send keng：481, sheng ：4194304
decode keng：5, sheng ：2097152
world keng：5, sheng ：1048576

2026-08-19 21:49:59.682 INFO [pool-6-thread-7][:] - /****************流量统计******************/
LastReadBytes:0
LastReadThroughput:0
LastWrittenBytes:0
LastWriteThroughput:0
RealWrittenBytes:0
RealWriteThroughput:0
当前玩家的连接数量:1
当前地图的线程个数：9
当前地图的个数:47
当前数据库执行队列数:0
当前发送队列缓存的对象数量:1
totalMemory：984612864, use ：501044208, free ：483568656DirectMemory：1827143680, 恢复 ：1
当前时间 ：2026-08-19 21:49:59send keng：481, sheng ：4194304
decode keng：5, sheng ：2097152
world keng：5, sheng ：1048576

2026-08-19 21:50:04.682 INFO [pool-6-thread-2][:] - /****************流量统计******************/
LastReadBytes:0
LastReadThroughput:0
LastWrittenBytes:0
LastWriteThroughput:0
RealWrittenBytes:14
RealWriteThroughput:0
当前玩家的连接数量:1
当前地图的线程个数：9
当前地图的个数:47
当前数据库执行队列数:0
当前发送队列缓存的对象数量:1
totalMemory：984612864, use ：503094136, free ：481518728DirectMemory：1827143680, 恢复 ：1
当前时间 ：2026-08-19 21:50:04send keng：481, sheng ：4194304
decode keng：5, sheng ：2097152
world keng：5, sheng ：1048576

2026-08-19 21:50:09.682 INFO [pool-6-thread-6][:] - /****************流量统计******************/
LastReadBytes:26
LastReadThroughput:5
LastWrittenBytes:14
LastWriteThroughput:2
RealWrittenBytes:0
RealWriteThroughput:2
当前玩家的连接数量:1
当前地图的线程个数：9
当前地图的个数:47
当前数据库执行队列数:0
当前发送队列缓存的对象数量:1
totalMemory：984612864, use ：507966640, free ：476646224DirectMemory：1827143680, 恢复 ：1
当前时间 ：2026-08-19 21:50:09send keng：481, sheng ：4194304
decode keng：5, sheng ：2097152
world keng：5, sheng ：1048576

2026-08-19 21:50:14.682 INFO [pool-6-thread-3][:] - /****************流量统计******************/
LastReadBytes:0
LastReadThroughput:0
LastWrittenBytes:0
LastWriteThroughput:0
RealWrittenBytes:14
RealWriteThroughput:0
当前玩家的连接数量:1
当前地图的线程个数：9
当前地图的个数:47
当前数据库执行队列数:0
当前发送队列缓存的对象数量:1
totalMemory：984612864, use ：511475728, free ：473137136DirectMemory：1827143680, 恢复 ：1
当前时间 ：2026-08-19 21:50:14send keng：481, sheng ：4194304
decode keng：5, sheng ：2097152
world keng：5, sheng ：1048576

2026-08-19 21:50:19.682 INFO [pool-6-thread-10][:] - /****************流量统计******************/
LastReadBytes:26
LastReadThroughput:5
LastWrittenBytes:14
LastWriteThroughput:2
RealWrittenBytes:0
RealWriteThroughput:2
当前玩家的连接数量:1
当前地图的线程个数：9
当前地图的个数:47
当前数据库执行队列数:0
当前发送队列缓存的对象数量:1
totalMemory：984612864, use ：515021352, free ：469591512DirectMemory：1827143680, 恢复 ：1
当前时间 ：2026-08-19 21:50:19send keng：481, sheng ：4194304
decode keng：5, sheng ：2097152
world keng：5, sheng ：1048576

2026-08-19 21:50:24.682 INFO [pool-6-thread-3][:] - /****************流量统计******************/
LastReadBytes:0
LastReadThroughput:0
LastWrittenBytes:0
LastWriteThroughput:0
RealWrittenBytes:0
RealWriteThroughput:0
当前玩家的连接数量:1
当前地图的线程个数：9
当前地图的个数:47
当前数据库执行队列数:0
当前发送队列缓存的对象数量:1
totalMemory：984612864, use ：518780888, free ：465831976DirectMemory：1827143680, 恢复 ：1
当前时间 ：2026-08-19 21:50:24send keng：481, sheng ：4194304
decode keng：5, sheng ：2097152
world keng：5, sheng ：1048576

2026-08-19 21:50:29.682 INFO [pool-6-thread-3][:] - /****************流量统计******************/
LastReadBytes:26
LastReadThroughput:5
LastWrittenBytes:14
LastWriteThroughput:2
RealWrittenBytes:0
RealWriteThroughput:2
当前玩家的连接数量:1
当前地图的线程个数：9
当前地图的个数:47
当前数据库执行队列数:0
当前发送队列缓存的对象数量:1
totalMemory：984612864, use ：522289048, free ：462323816DirectMemory：1827143680, 恢复 ：1
当前时间 ：2026-08-19 21:50:29send keng：481, sheng ：4194304
decode keng：5, sheng ：2097152
world keng：5, sheng ：1048576

2026-08-19 21:50:34.682 INFO [pool-6-thread-6][:] - /****************流量统计******************/
LastReadBytes:0
LastReadThroughput:0
LastWrittenBytes:0
LastWriteThroughput:0
RealWrittenBytes:0
RealWriteThroughput:0
当前玩家的连接数量:1
当前地图的线程个数：9
当前地图的个数:47
当前数据库执行队列数:0
当前发送队列缓存的对象数量:1
totalMemory：984612864, use ：526948160, free ：457664704DirectMemory：1827143680, 恢复 ：1
当前时间 ：2026-08-19 21:50:34send keng：481, sheng ：4194304
decode keng：5, sheng ：2097152
world keng：5, sheng ：1048576

2026-08-19 21:50:39.682 INFO [pool-6-thread-7][:] - /****************流量统计******************/
LastReadBytes:26
LastReadThroughput:5
LastWrittenBytes:14
LastWriteThroughput:2
RealWrittenBytes:0
RealWriteThroughput:2
当前玩家的连接数量:1
当前地图的线程个数：9
当前地图的个数:47
当前数据库执行队列数:0
当前发送队列缓存的对象数量:1
totalMemory：984612864, use ：529065392, free ：455547472DirectMemory：1827143680, 恢复 ：1
当前时间 ：2026-08-19 21:50:39send keng：481, sheng ：4194304
decode keng：5, sheng ：2097152
world keng：5, sheng ：1048576

2026-08-19 21:50:44.682 INFO [pool-6-thread-6][:] - /****************流量统计******************/
LastReadBytes:0
LastReadThroughput:0
LastWrittenBytes:0
LastWriteThroughput:0
RealWrittenBytes:0
RealWriteThroughput:0
当前玩家的连接数量:1
当前地图的线程个数：9
当前地图的个数:47
当前数据库执行队列数:0
当前发送队列缓存的对象数量:1
totalMemory：984612864, use ：533652208, free ：450960656DirectMemory：1827143680, 恢复 ：1
当前时间 ：2026-08-19 21:50:44send keng：481, sheng ：4194304
decode keng：5, sheng ：2097152
world keng：5, sheng ：1048576

2026-08-19 21:50:49.682 INFO [pool-6-thread-5][:] - /****************流量统计******************/
LastReadBytes:26
LastReadThroughput:5
LastWrittenBytes:14
LastWriteThroughput:2
RealWrittenBytes:0
RealWriteThroughput:2
当前玩家的连接数量:1
当前地图的线程个数：9
当前地图的个数:47
当前数据库执行队列数:0
当前发送队列缓存的对象数量:1
totalMemory：984612864, use ：536776352, free ：447836512DirectMemory：1827143680, 恢复 ：1
当前时间 ：2026-08-19 21:50:49send keng：481, sheng ：4194304
decode keng：5, sheng ：2097152
world keng：5, sheng ：1048576

2026-08-19 21:50:54.682 INFO [pool-6-thread-10][:] - /****************流量统计******************/
LastReadBytes:0
LastReadThroughput:0
LastWrittenBytes:0
LastWriteThroughput:0
RealWrittenBytes:0
RealWriteThroughput:0
当前玩家的连接数量:1
当前地图的线程个数：9
当前地图的个数:47
当前数据库执行队列数:0
当前发送队列缓存的对象数量:1
totalMemory：984612864, use ：540883600, free ：443729264DirectMemory：1827143680, 恢复 ：1
当前时间 ：2026-08-19 21:50:54send keng：481, sheng ：4194304
decode keng：5, sheng ：2097152
world keng：5, sheng ：1048576

2026-08-19 21:50:59.682 INFO [pool-6-thread-1][:] - /****************流量统计******************/
LastReadBytes:26
LastReadThroughput:5
LastWrittenBytes:14
LastWriteThroughput:2
RealWrittenBytes:0
RealWriteThroughput:2
当前玩家的连接数量:1
当前地图的线程个数：9
当前地图的个数:47
当前数据库执行队列数:0
当前发送队列缓存的对象数量:1
totalMemory：984612864, use ：544243656, free ：440369208DirectMemory：1827143680, 恢复 ：1
当前时间 ：2026-08-19 21:50:59send keng：481, sheng ：4194304
decode keng：5, sheng ：2097152
world keng：5, sheng ：1048576

2026-08-19 21:51:04.683 INFO [pool-6-thread-5][:] - /****************流量统计******************/
LastReadBytes:0
LastReadThroughput:0
LastWrittenBytes:0
LastWriteThroughput:0
RealWrittenBytes:0
RealWriteThroughput:0
当前玩家的连接数量:1
当前地图的线程个数：9
当前地图的个数:47
当前数据库执行队列数:0
当前发送队列缓存的对象数量:1
totalMemory：984612864, use ：548223072, free ：436389792DirectMemory：1827143680, 恢复 ：1
当前时间 ：2026-08-19 21:51:04send keng：481, sheng ：4194304
decode keng：5, sheng ：2097152
world keng：5, sheng ：1048576

2026-08-19 21:51:09.682 INFO [pool-6-thread-10][:] - /****************流量统计******************/
LastReadBytes:26
LastReadThroughput:5
LastWrittenBytes:14
LastWriteThroughput:2
RealWrittenBytes:0
RealWriteThroughput:2
当前玩家的连接数量:1
当前地图的线程个数：9
当前地图的个数:47
当前数据库执行队列数:0
当前发送队列缓存的对象数量:1
totalMemory：984612864, use ：552175744, free ：432437120DirectMemory：1827143680, 恢复 ：1
当前时间 ：2026-08-19 21:51:09send keng：481, sheng ：4194304
decode keng：5, sheng ：2097152
world keng：5, sheng ：1048576

2026-08-19 21:51:14.683 INFO [pool-6-thread-5][:] - /****************流量统计******************/
LastReadBytes:0
LastReadThroughput:0
LastWrittenBytes:0
LastWriteThroughput:0
RealWrittenBytes:0
RealWriteThroughput:0
当前玩家的连接数量:1
当前地图的线程个数：9
当前地图的个数:47
当前数据库执行队列数:0
当前发送队列缓存的对象数量:1
totalMemory：984612864, use ：555501920, free ：429110944DirectMemory：1827143680, 恢复 ：1
当前时间 ：2026-08-19 21:51:14send keng：481, sheng ：4194304
decode keng：5, sheng ：2097152
world keng：5, sheng ：1048576

2026-08-19 21:51:19.682 INFO [pool-6-thread-1][:] - /****************流量统计******************/
LastReadBytes:0
LastReadThroughput:0
LastWrittenBytes:0
LastWriteThroughput:0
RealWrittenBytes:14
RealWriteThroughput:0
当前玩家的连接数量:1
当前地图的线程个数：9
当前地图的个数:47
当前数据库执行队列数:0
当前发送队列缓存的对象数量:1
totalMemory：984612864, use ：559965656, free ：424647208DirectMemory：1827143680, 恢复 ：1
当前时间 ：2026-08-19 21:51:19send keng：481, sheng ：4194304
decode keng：5, sheng ：2097152
world keng：5, sheng ：1048576

2026-08-19 21:51:24.682 INFO [pool-6-thread-5][:] - /****************流量统计******************/
LastReadBytes:26
LastReadThroughput:5
LastWrittenBytes:14
LastWriteThroughput:2
RealWrittenBytes:0
RealWriteThroughput:2
当前玩家的连接数量:1
当前地图的线程个数：9
当前地图的个数:47
当前数据库执行队列数:0
当前发送队列缓存的对象数量:1
totalMemory：984612864, use ：563234984, free ：421377880DirectMemory：1827143680, 恢复 ：1
当前时间 ：2026-08-19 21:51:24send keng：481, sheng ：4194304
decode keng：5, sheng ：2097152
world keng：5, sheng ：1048576

2026-08-19 21:51:29.682 INFO [pool-6-thread-9][:] - /****************流量统计******************/
LastReadBytes:0
LastReadThroughput:0
LastWrittenBytes:0
LastWriteThroughput:0
RealWrittenBytes:0
RealWriteThroughput:0
当前玩家的连接数量:1
当前地图的线程个数：9
当前地图的个数:47
当前数据库执行队列数:0
当前发送队列缓存的对象数量:1
totalMemory：984612864, use ：567045736, free ：417567128DirectMemory：1827143680, 恢复 ：1
当前时间 ：2026-08-19 21:51:29send keng：481, sheng ：4194304
decode keng：5, sheng ：2097152
world keng：5, sheng ：1048576

2026-08-19 21:51:34.682 INFO [pool-6-thread-6][:] - /****************流量统计******************/
LastReadBytes:26
LastReadThroughput:5
LastWrittenBytes:14
LastWriteThroughput:2
RealWrittenBytes:0
RealWriteThroughput:2
当前玩家的连接数量:1
当前地图的线程个数：9
当前地图的个数:47
当前数据库执行队列数:0
当前发送队列缓存的对象数量:1
totalMemory：984612864, use ：570540440, free ：414072424DirectMemory：1827143680, 恢复 ：1
当前时间 ：2026-08-19 21:51:34send keng：481, sheng ：4194304
decode keng：5, sheng ：2097152
world keng：5, sheng ：1048576

2026-08-19 21:51:39.682 INFO [pool-6-thread-2][:] - /****************流量统计******************/
LastReadBytes:0
LastReadThroughput:0
LastWrittenBytes:0
LastWriteThroughput:0
RealWrittenBytes:0
RealWriteThroughput:0
当前玩家的连接数量:1
当前地图的线程个数：9
当前地图的个数:47
当前数据库执行队列数:0
当前发送队列缓存的对象数量:1
totalMemory：984612864, use ：574744096, free ：409868768DirectMemory：1827143680, 恢复 ：1
当前时间 ：2026-08-19 21:51:39send keng：481, sheng ：4194304
decode keng：5, sheng ：2097152
world keng：5, sheng ：1048576

2026-08-19 21:51:44.682 INFO [pool-6-thread-8][:] - /****************流量统计******************/
LastReadBytes:26
LastReadThroughput:5
LastWrittenBytes:14
LastWriteThroughput:2
RealWrittenBytes:0
RealWriteThroughput:2
当前玩家的连接数量:1
当前地图的线程个数：9
当前地图的个数:47
当前数据库执行队列数:0
当前发送队列缓存的对象数量:1
totalMemory：984612864, use ：577296848, free ：407316016DirectMemory：1827143680, 恢复 ：1
当前时间 ：2026-08-19 21:51:44send keng：481, sheng ：4194304
decode keng：5, sheng ：2097152
world keng：5, sheng ：1048576

2026-08-19 21:51:49.682 INFO [pool-6-thread-6][:] - /****************流量统计******************/
LastReadBytes:0
LastReadThroughput:0
LastWrittenBytes:0
LastWriteThroughput:0
RealWrittenBytes:0
RealWriteThroughput:0
当前玩家的连接数量:1
当前地图的线程个数：9
当前地图的个数:47
当前数据库执行队列数:0
当前发送队列缓存的对象数量:1
totalMemory：984612864, use ：582313392, free ：402299472DirectMemory：1827143680, 恢复 ：1
当前时间 ：2026-08-19 21:51:49send keng：481, sheng ：4194304
decode keng：5, sheng ：2097152
world keng：5, sheng ：1048576

2026-08-19 21:51:54.682 INFO [pool-6-thread-4][:] - /****************流量统计******************/
LastReadBytes:26
LastReadThroughput:5
LastWrittenBytes:14
LastWriteThroughput:2
RealWrittenBytes:0
RealWriteThroughput:2
当前玩家的连接数量:1
当前地图的线程个数：9
当前地图的个数:47
当前数据库执行队列数:0
当前发送队列缓存的对象数量:1
totalMemory：984612864, use ：585505416, free ：399107448DirectMemory：1827143680, 恢复 ：1
当前时间 ：2026-08-19 21:51:54send keng：481, sheng ：4194304
decode keng：5, sheng ：2097152
world keng：5, sheng ：1048576

2026-08-19 21:51:59.682 INFO [pool-6-thread-8][:] - /****************流量统计******************/
LastReadBytes:0
LastReadThroughput:0
LastWrittenBytes:0
LastWriteThroughput:0
RealWrittenBytes:0
RealWriteThroughput:0
当前玩家的连接数量:1
当前地图的线程个数：9
当前地图的个数:47
当前数据库执行队列数:0
当前发送队列缓存的对象数量:1
totalMemory：984612864, use ：589102296, free ：395510568DirectMemory：1827143680, 恢复 ：1
当前时间 ：2026-08-19 21:51:59send keng：481, sheng ：4194304
decode keng：5, sheng ：2097152
world keng：5, sheng ：1048576

2026-08-19 21:52:04.682 INFO [pool-6-thread-9][:] - /****************流量统计******************/
LastReadBytes:26
LastReadThroughput:5
LastWrittenBytes:14
LastWriteThroughput:2
RealWrittenBytes:0
RealWriteThroughput:2
当前玩家的连接数量:1
当前地图的线程个数：9
当前地图的个数:47
当前数据库执行队列数:0
当前发送队列缓存的对象数量:1
totalMemory：984612864, use ：593627056, free ：390985808DirectMemory：1827143680, 恢复 ：1
当前时间 ：2026-08-19 21:52:04send keng：481, sheng ：4194304
decode keng：5, sheng ：2097152
world keng：5, sheng ：1048576

2026-08-19 21:52:09.685 INFO [pool-6-thread-10][:] - /****************流量统计******************/
LastReadBytes:0
LastReadThroughput:0
LastWrittenBytes:0
LastWriteThroughput:0
RealWrittenBytes:0
RealWriteThroughput:0
当前玩家的连接数量:1
当前地图的线程个数：9
当前地图的个数:47
当前数据库执行队列数:0
当前发送队列缓存的对象数量:1
totalMemory：984612864, use ：596007376, free ：388605488DirectMemory：1827143680, 恢复 ：1
当前时间 ：2026-08-19 21:52:09send keng：481, sheng ：4194304
decode keng：5, sheng ：2097152
world keng：5, sheng ：1048576

2026-08-19 21:52:14.687 INFO [pool-6-thread-2][:] - /****************流量统计******************/
LastReadBytes:26
LastReadThroughput:5
LastWrittenBytes:14
LastWriteThroughput:2
RealWrittenBytes:0
RealWriteThroughput:2
当前玩家的连接数量:1
当前地图的线程个数：9
当前地图的个数:47
当前数据库执行队列数:0
当前发送队列缓存的对象数量:1
totalMemory：984612864, use ：601208272, free ：383404592DirectMemory：1827143680, 恢复 ：1
当前时间 ：2026-08-19 21:52:14send keng：481, sheng ：4194304
decode keng：5, sheng ：2097152
world keng：5, sheng ：1048576

2026-08-19 21:52:19.682 INFO [pool-6-thread-2][:] - /****************流量统计******************/
LastReadBytes:0
LastReadThroughput:0
LastWrittenBytes:0
LastWriteThroughput:0
RealWrittenBytes:0
RealWriteThroughput:0
当前玩家的连接数量:1
当前地图的线程个数：9
当前地图的个数:47
当前数据库执行队列数:0
当前发送队列缓存的对象数量:1
totalMemory：984612864, use ：604190032, free ：380422832DirectMemory：1827143680, 恢复 ：1
当前时间 ：2026-08-19 21:52:19send keng：481, sheng ：4194304
decode keng：5, sheng ：2097152
world keng：5, sheng ：1048576

2026-08-19 21:52:24.682 INFO [pool-6-thread-7][:] - /****************流量统计******************/
LastReadBytes:0
LastReadThroughput:0
LastWrittenBytes:0
LastWriteThroughput:0
RealWrittenBytes:14
RealWriteThroughput:0
当前玩家的连接数量:1
当前地图的线程个数：9
当前地图的个数:47
当前数据库执行队列数:0
当前发送队列缓存的对象数量:1
totalMemory：984612864, use ：608366096, free ：376246768DirectMemory：1827143680, 恢复 ：1
当前时间 ：2026-08-19 21:52:24send keng：481, sheng ：4194304
decode keng：5, sheng ：2097152
world keng：5, sheng ：1048576

2026-08-19 21:52:29.682 INFO [pool-6-thread-8][:] - /****************流量统计******************/
LastReadBytes:26
LastReadThroughput:5
LastWrittenBytes:14
LastWriteThroughput:2
RealWrittenBytes:0
RealWriteThroughput:2
当前玩家的连接数量:1
当前地图的线程个数：9
当前地图的个数:47
当前数据库执行队列数:0
当前发送队列缓存的对象数量:1
totalMemory：984612864, use ：611932928, free ：372679936DirectMemory：1827143680, 恢复 ：1
当前时间 ：2026-08-19 21:52:29send keng：481, sheng ：4194304
decode keng：5, sheng ：2097152
world keng：5, sheng ：1048576

2026-08-19 21:52:34.682 INFO [pool-6-thread-5][:] - /****************流量统计******************/
LastReadBytes:0
LastReadThroughput:0
LastWrittenBytes:0
LastWriteThroughput:0
RealWrittenBytes:0
RealWriteThroughput:0
当前玩家的连接数量:1
当前地图的线程个数：9
当前地图的个数:47
当前数据库执行队列数:0
当前发送队列缓存的对象数量:1
totalMemory：984612864, use ：616135792, free ：368477072DirectMemory：1827143680, 恢复 ：1
当前时间 ：2026-08-19 21:52:34send keng：481, sheng ：4194304
decode keng：5, sheng ：2097152
world keng：5, sheng ：1048576

2026-08-19 21:52:39.682 INFO [pool-6-thread-6][:] - /****************流量统计******************/
LastReadBytes:26
LastReadThroughput:5
LastWrittenBytes:14
LastWriteThroughput:2
RealWrittenBytes:0
RealWriteThroughput:2
当前玩家的连接数量:1
当前地图的线程个数：9
当前地图的个数:47
当前数据库执行队列数:0
当前发送队列缓存的对象数量:1
totalMemory：984612864, use ：619610584, free ：365002280DirectMemory：1827143680, 恢复 ：1
当前时间 ：2026-08-19 21:52:39send keng：481, sheng ：4194304
decode keng：5, sheng ：2097152
world keng：5, sheng ：1048576

2026-08-19 21:52:44.684 INFO [pool-6-thread-4][:] - /****************流量统计******************/
LastReadBytes:0
LastReadThroughput:0
LastWrittenBytes:0
LastWriteThroughput:0
RealWrittenBytes:0
RealWriteThroughput:0
当前玩家的连接数量:1
当前地图的线程个数：9
当前地图的个数:47
当前数据库执行队列数:0
当前发送队列缓存的对象数量:1
totalMemory：984612864, use ：622449992, free ：362162872DirectMemory：1827143680, 恢复 ：1
当前时间 ：2026-08-19 21:52:44send keng：481, sheng ：4194304
decode keng：5, sheng ：2097152
world keng：5, sheng ：1048576

2026-08-19 21:52:49.682 INFO [pool-6-thread-7][:] - /****************流量统计******************/
LastReadBytes:161
LastReadThroughput:32
LastWrittenBytes:126
LastWriteThroughput:25
RealWrittenBytes:0
RealWriteThroughput:25
当前玩家的连接数量:1
当前地图的线程个数：9
当前地图的个数:47
当前数据库执行队列数:0
当前发送队列缓存的对象数量:1
totalMemory：984612864, use ：626649296, free ：357963568DirectMemory：1827143680, 恢复 ：1
当前时间 ：2026-08-19 21:52:49send keng：487, sheng ：4194304
decode keng：5, sheng ：2097152
world keng：5, sheng ：1048576

2026-08-19 21:52:54.682 INFO [pool-6-thread-5][:] - /****************流量统计******************/
LastReadBytes:0
LastReadThroughput:0
LastWrittenBytes:0
LastWriteThroughput:0
RealWrittenBytes:0
RealWriteThroughput:0
当前玩家的连接数量:1
当前地图的线程个数：9
当前地图的个数:47
当前数据库执行队列数:0
当前发送队列缓存的对象数量:1
totalMemory：984612864, use ：630561864, free ：354051000DirectMemory：1827143680, 恢复 ：1
当前时间 ：2026-08-19 21:52:54send keng：487, sheng ：4194304
decode keng：5, sheng ：2097152
world keng：5, sheng ：1048576

2026-08-19 21:52:59.682 INFO [pool-6-thread-5][:] - /****************流量统计******************/
LastReadBytes:26
LastReadThroughput:5
LastWrittenBytes:14
LastWriteThroughput:2
RealWrittenBytes:0
RealWriteThroughput:2
当前玩家的连接数量:1
当前地图的线程个数：9
当前地图的个数:47
当前数据库执行队列数:0
当前发送队列缓存的对象数量:1
totalMemory：984612864, use ：634769144, free ：349843720DirectMemory：1827143680, 恢复 ：1
当前时间 ：2026-08-19 21:52:59send keng：487, sheng ：4194304
decode keng：5, sheng ：2097152
world keng：5, sheng ：1048576

2026-08-19 21:53:04.682 INFO [pool-6-thread-3][:] - /****************流量统计******************/
LastReadBytes:0
LastReadThroughput:0
LastWrittenBytes:0
LastWriteThroughput:0
RealWrittenBytes:0
RealWriteThroughput:0
当前玩家的连接数量:1
当前地图的线程个数：9
当前地图的个数:47
当前数据库执行队列数:0
当前发送队列缓存的对象数量:1
totalMemory：984612864, use ：637933712, free ：346679152DirectMemory：1827143680, 恢复 ：1
当前时间 ：2026-08-19 21:53:04send keng：487, sheng ：4194304
decode keng：5, sheng ：2097152
world keng：5, sheng ：1048576

2026-08-19 21:53:09.682 INFO [pool-6-thread-1][:] - /****************流量统计******************/
LastReadBytes:140
LastReadThroughput:28
LastWrittenBytes:14
LastWriteThroughput:2
RealWrittenBytes:0
RealWriteThroughput:2
当前玩家的连接数量:1
当前地图的线程个数：9
当前地图的个数:47
当前数据库执行队列数:0
当前发送队列缓存的对象数量:1
totalMemory：984612864, use ：641910448, free ：342702416DirectMemory：1827143680, 恢复 ：1
当前时间 ：2026-08-19 21:53:09send keng：487, sheng ：4194304
decode keng：5, sheng ：2097152
world keng：5, sheng ：1048576

2026-08-19 21:53:14.682 INFO [pool-6-thread-8][:] - /****************流量统计******************/
LastReadBytes:0
LastReadThroughput:0
LastWrittenBytes:0
LastWriteThroughput:0
RealWrittenBytes:0
RealWriteThroughput:0
当前玩家的连接数量:1
当前地图的线程个数：9
当前地图的个数:47
当前数据库执行队列数:0
当前发送队列缓存的对象数量:1
totalMemory：984612864, use ：645185832, free ：339427032DirectMemory：1827143680, 恢复 ：1
当前时间 ：2026-08-19 21:53:14send keng：487, sheng ：4194304
decode keng：5, sheng ：2097152
world keng：5, sheng ：1048576

2026-08-19 21:53:19.682 INFO [pool-6-thread-9][:] - /****************流量统计******************/
LastReadBytes:26
LastReadThroughput:5
LastWrittenBytes:14
LastWriteThroughput:2
RealWrittenBytes:0
RealWriteThroughput:2
当前玩家的连接数量:1
当前地图的线程个数：9
当前地图的个数:47
当前数据库执行队列数:0
当前发送队列缓存的对象数量:1
totalMemory：984612864, use ：650273296, free ：334339568DirectMemory：1827143680, 恢复 ：1
当前时间 ：2026-08-19 21:53:19send keng：487, sheng ：4194304
decode keng：5, sheng ：2097152
world keng：5, sheng ：1048576

2026-08-19 21:53:24.682 INFO [pool-6-thread-6][:] - /****************流量统计******************/
LastReadBytes:0
LastReadThroughput:0
LastWrittenBytes:0
LastWriteThroughput:0
RealWrittenBytes:0
RealWriteThroughput:0
当前玩家的连接数量:1
当前地图的线程个数：9
当前地图的个数:47
当前数据库执行队列数:0
当前发送队列缓存的对象数量:1
totalMemory：984612864, use ：652886472, free ：331726392DirectMemory：1827143680, 恢复 ：1
当前时间 ：2026-08-19 21:53:24send keng：487, sheng ：4194304
decode keng：5, sheng ：2097152
world keng：5, sheng ：1048576

2026-08-19 21:53:29.682 INFO [pool-6-thread-9][:] - /****************流量统计******************/
LastReadBytes:0
LastReadThroughput:0
LastWrittenBytes:0
LastWriteThroughput:0
RealWrittenBytes:14
RealWriteThroughput:0
当前玩家的连接数量:1
当前地图的线程个数：9
当前地图的个数:47
当前数据库执行队列数:0
当前发送队列缓存的对象数量:1
totalMemory：984612864, use ：658037344, free ：326575520DirectMemory：1827143680, 恢复 ：1
当前时间 ：2026-08-19 21:53:29send keng：487, sheng ：4194304
decode keng：5, sheng ：2097152
world keng：5, sheng ：1048576

2026-08-19 21:53:34.682 INFO [pool-6-thread-3][:] - /****************流量统计******************/
LastReadBytes:26
LastReadThroughput:5
LastWrittenBytes:14
LastWriteThroughput:2
RealWrittenBytes:0
RealWriteThroughput:2
当前玩家的连接数量:1
当前地图的线程个数：9
当前地图的个数:47
当前数据库执行队列数:0
当前发送队列缓存的对象数量:1
totalMemory：984612864, use ：660623536, free ：323989328DirectMemory：1827143680, 恢复 ：1
当前时间 ：2026-08-19 21:53:34send keng：487, sheng ：4194304
decode keng：5, sheng ：2097152
world keng：5, sheng ：1048576

2026-08-19 21:53:39.682 INFO [pool-6-thread-2][:] - /****************流量统计******************/
LastReadBytes:0
LastReadThroughput:0
LastWrittenBytes:0
LastWriteThroughput:0
RealWrittenBytes:14
RealWriteThroughput:0
当前玩家的连接数量:1
当前地图的线程个数：9
当前地图的个数:47
当前数据库执行队列数:0
当前发送队列缓存的对象数量:1
totalMemory：984612864, use ：665171288, free ：319441576DirectMemory：1827143680, 恢复 ：1
当前时间 ：2026-08-19 21:53:39send keng：487, sheng ：4194304
decode keng：5, sheng ：2097152
world keng：5, sheng ：1048576

2026-08-19 21:53:44.682 INFO [pool-6-thread-9][:] - /****************流量统计******************/
LastReadBytes:26
LastReadThroughput:5
LastWrittenBytes:14
LastWriteThroughput:2
RealWrittenBytes:0
RealWriteThroughput:2
当前玩家的连接数量:1
当前地图的线程个数：9
当前地图的个数:47
当前数据库执行队列数:0
当前发送队列缓存的对象数量:1
totalMemory：984612864, use ：667577416, free ：317035448DirectMemory：1827143680, 恢复 ：1
当前时间 ：2026-08-19 21:53:44send keng：487, sheng ：4194304
decode keng：5, sheng ：2097152
world keng：5, sheng ：1048576

2026-08-19 21:53:49.682 INFO [pool-6-thread-1][:] - /****************流量统计******************/
LastReadBytes:0
LastReadThroughput:0
LastWrittenBytes:0
LastWriteThroughput:0
RealWrittenBytes:0
RealWriteThroughput:0
当前玩家的连接数量:1
当前地图的线程个数：9
当前地图的个数:47
当前数据库执行队列数:0
当前发送队列缓存的对象数量:1
totalMemory：984612864, use ：671927832, free ：312685032DirectMemory：1827143680, 恢复 ：1
当前时间 ：2026-08-19 21:53:49send keng：487, sheng ：4194304
decode keng：5, sheng ：2097152
world keng：5, sheng ：1048576

2026-08-19 21:53:54.682 INFO [pool-6-thread-4][:] - /****************流量统计******************/
LastReadBytes:26
LastReadThroughput:5
LastWrittenBytes:14
LastWriteThroughput:2
RealWrittenBytes:0
RealWriteThroughput:2
当前玩家的连接数量:1
当前地图的线程个数：9
当前地图的个数:47
当前数据库执行队列数:0
当前发送队列缓存的对象数量:1
totalMemory：984612864, use ：674881448, free ：309731416DirectMemory：1827143680, 恢复 ：1
当前时间 ：2026-08-19 21:53:54send keng：487, sheng ：4194304
decode keng：5, sheng ：2097152
world keng：5, sheng ：1048576

2026-08-19 21:53:59.682 INFO [pool-6-thread-7][:] - /****************流量统计******************/
LastReadBytes:0
LastReadThroughput:0
LastWrittenBytes:0
LastWriteThroughput:0
RealWrittenBytes:0
RealWriteThroughput:0
当前玩家的连接数量:1
当前地图的线程个数：9
当前地图的个数:47
当前数据库执行队列数:0
当前发送队列缓存的对象数量:1
totalMemory：984612864, use ：678798856, free ：305814008DirectMemory：1827143680, 恢复 ：1
当前时间 ：2026-08-19 21:53:59send keng：487, sheng ：4194304
decode keng：5, sheng ：2097152
world keng：5, sheng ：1048576

2026-08-19 21:54:04.685 INFO [pool-6-thread-10][:] - /****************流量统计******************/
LastReadBytes:26
LastReadThroughput:5
LastWrittenBytes:14
LastWriteThroughput:2
RealWrittenBytes:0
RealWriteThroughput:2
当前玩家的连接数量:1
当前地图的线程个数：9
当前地图的个数:47
当前数据库执行队列数:0
当前发送队列缓存的对象数量:1
totalMemory：984612864, use ：682861144, free ：301751720DirectMemory：1827143680, 恢复 ：1
当前时间 ：2026-08-19 21:54:04send keng：487, sheng ：4194304
decode keng：5, sheng ：2097152
world keng：5, sheng ：1048576

2026-08-19 21:54:09.682 INFO [pool-6-thread-2][:] - /****************流量统计******************/
LastReadBytes:0
LastReadThroughput:0
LastWrittenBytes:0
LastWriteThroughput:0
RealWrittenBytes:0
RealWriteThroughput:0
当前玩家的连接数量:1
当前地图的线程个数：9
当前地图的个数:47
当前数据库执行队列数:0
当前发送队列缓存的对象数量:1
totalMemory：984612864, use ：687896184, free ：296716680DirectMemory：1827143680, 恢复 ：1
当前时间 ：2026-08-19 21:54:09send keng：487, sheng ：4194304
decode keng：5, sheng ：2097152
world keng：5, sheng ：1048576

2026-08-19 21:54:14.682 INFO [pool-6-thread-2][:] - /****************流量统计******************/
LastReadBytes:26
LastReadThroughput:5
LastWrittenBytes:14
LastWriteThroughput:2
RealWrittenBytes:0
RealWriteThroughput:2
当前玩家的连接数量:1
当前地图的线程个数：9
当前地图的个数:47
当前数据库执行队列数:0
当前发送队列缓存的对象数量:1
totalMemory：984612864, use ：691345584, free ：293267280DirectMemory：1827143680, 恢复 ：1
当前时间 ：2026-08-19 21:54:14send keng：487, sheng ：4194304
decode keng：5, sheng ：2097152
world keng：5, sheng ：1048576

2026-08-19 21:54:19.682 INFO [pool-6-thread-5][:] - /****************流量统计******************/
LastReadBytes:0
LastReadThroughput:0
LastWrittenBytes:0
LastWriteThroughput:0
RealWrittenBytes:0
RealWriteThroughput:0
当前玩家的连接数量:1
当前地图的线程个数：9
当前地图的个数:47
当前数据库执行队列数:0
当前发送队列缓存的对象数量:1
totalMemory：984612864, use ：694285544, free ：290327320DirectMemory：1827143680, 恢复 ：1
当前时间 ：2026-08-19 21:54:19send keng：487, sheng ：4194304
decode keng：5, sheng ：2097152
world keng：5, sheng ：1048576

2026-08-19 21:54:24.691 INFO [pool-6-thread-6][:] - /****************流量统计******************/
LastReadBytes:26
LastReadThroughput:5
LastWrittenBytes:14
LastWriteThroughput:2
RealWrittenBytes:0
RealWriteThroughput:2
当前玩家的连接数量:1
当前地图的线程个数：9
当前地图的个数:47
当前数据库执行队列数:0
当前发送队列缓存的对象数量:1
totalMemory：984612864, use ：698558392, free ：286054472DirectMemory：1827143680, 恢复 ：1
当前时间 ：2026-08-19 21:54:24send keng：487, sheng ：4194304
decode keng：5, sheng ：2097152
world keng：5, sheng ：1048576

2026-08-19 21:54:29.683 INFO [pool-6-thread-10][:] - /****************流量统计******************/
LastReadBytes:0
LastReadThroughput:0
LastWrittenBytes:0
LastWriteThroughput:0
RealWrittenBytes:0
RealWriteThroughput:0
当前玩家的连接数量:1
当前地图的线程个数：9
当前地图的个数:47
当前数据库执行队列数:0
当前发送队列缓存的对象数量:1
totalMemory：984612864, use ：701569912, free ：283042952DirectMemory：1827143680, 恢复 ：1
当前时间 ：2026-08-19 21:54:29send keng：487, sheng ：4194304
decode keng：5, sheng ：2097152
world keng：5, sheng ：1048576

2026-08-19 21:54:34.682 INFO [pool-6-thread-9][:] - /****************流量统计******************/
LastReadBytes:26
LastReadThroughput:5
LastWrittenBytes:14
LastWriteThroughput:2
RealWrittenBytes:0
RealWriteThroughput:2
当前玩家的连接数量:1
当前地图的线程个数：9
当前地图的个数:47
当前数据库执行队列数:0
当前发送队列缓存的对象数量:1
totalMemory：984612864, use ：705792608, free ：278820256DirectMemory：1827143680, 恢复 ：1
当前时间 ：2026-08-19 21:54:34send keng：487, sheng ：4194304
decode keng：5, sheng ：2097152
world keng：5, sheng ：1048576

2026-08-19 21:54:39.682 INFO [pool-6-thread-5][:] - /****************流量统计******************/
LastReadBytes:0
LastReadThroughput:0
LastWrittenBytes:0
LastWriteThroughput:0
RealWrittenBytes:0
RealWriteThroughput:0
当前玩家的连接数量:1
当前地图的线程个数：9
当前地图的个数:47
当前数据库执行队列数:0
当前发送队列缓存的对象数量:1
totalMemory：984612864, use ：708681616, free ：275931248DirectMemory：1827143680, 恢复 ：1
当前时间 ：2026-08-19 21:54:39send keng：487, sheng ：4194304
decode keng：5, sheng ：2097152
world keng：5, sheng ：1048576

2026-08-19 21:54:44.682 INFO [pool-6-thread-3][:] - /****************流量统计******************/
LastReadBytes:0
LastReadThroughput:0
LastWrittenBytes:0
LastWriteThroughput:0
RealWrittenBytes:14
RealWriteThroughput:0
当前玩家的连接数量:1
当前地图的线程个数：9
当前地图的个数:47
当前数据库执行队列数:0
当前发送队列缓存的对象数量:1
totalMemory：984612864, use ：714236304, free ：270376560DirectMemory：1827143680, 恢复 ：1
当前时间 ：2026-08-19 21:54:44send keng：487, sheng ：4194304
decode keng：5, sheng ：2097152
world keng：5, sheng ：1048576

2026-08-19 21:54:49.682 INFO [pool-6-thread-10][:] - /****************流量统计******************/
LastReadBytes:26
LastReadThroughput:5
LastWrittenBytes:14
LastWriteThroughput:2
RealWrittenBytes:0
RealWriteThroughput:2
当前玩家的连接数量:1
当前地图的线程个数：9
当前地图的个数:47
当前数据库执行队列数:0
当前发送队列缓存的对象数量:1
totalMemory：984612864, use ：716725168, free ：267887696DirectMemory：1827143680, 恢复 ：1
当前时间 ：2026-08-19 21:54:49send keng：487, sheng ：4194304
decode keng：5, sheng ：2097152
world keng：5, sheng ：1048576

2026-08-19 21:54:54.682 INFO [pool-6-thread-10][:] - /****************流量统计******************/
LastReadBytes:0
LastReadThroughput:0
LastWrittenBytes:0
LastWriteThroughput:0
RealWrittenBytes:0
RealWriteThroughput:0
当前玩家的连接数量:1
当前地图的线程个数：9
当前地图的个数:47
当前数据库执行队列数:0
当前发送队列缓存的对象数量:1
totalMemory：984612864, use ：720613392, free ：263999472DirectMemory：1827143680, 恢复 ：1
当前时间 ：2026-08-19 21:54:54send keng：487, sheng ：4194304
decode keng：5, sheng ：2097152
world keng：5, sheng ：1048576

2026-08-19 21:54:59.682 INFO [pool-6-thread-7][:] - /****************流量统计******************/
LastReadBytes:26
LastReadThroughput:5
LastWrittenBytes:14
LastWriteThroughput:2
RealWrittenBytes:0
RealWriteThroughput:2
当前玩家的连接数量:1
当前地图的线程个数：9
当前地图的个数:47
当前数据库执行队列数:0
当前发送队列缓存的对象数量:1
totalMemory：984612864, use ：724587784, free ：260025080DirectMemory：1827143680, 恢复 ：1
当前时间 ：2026-08-19 21:54:59send keng：487, sheng ：4194304
decode keng：5, sheng ：2097152
world keng：5, sheng ：1048576

2026-08-19 21:55:04.682 INFO [pool-6-thread-1][:] - /****************流量统计******************/
LastReadBytes:0
LastReadThroughput:0
LastWrittenBytes:0
LastWriteThroughput:0
RealWrittenBytes:0
RealWriteThroughput:0
当前玩家的连接数量:1
当前地图的线程个数：9
当前地图的个数:47
当前数据库执行队列数:0
当前发送队列缓存的对象数量:1
totalMemory：984612864, use ：728008952, free ：256603912DirectMemory：1827143680, 恢复 ：1
当前时间 ：2026-08-19 21:55:04send keng：487, sheng ：4194304
decode keng：5, sheng ：2097152
world keng：5, sheng ：1048576

2026-08-19 21:55:09.683 INFO [pool-6-thread-5][:] - /****************流量统计******************/
LastReadBytes:26
LastReadThroughput:5
LastWrittenBytes:14
LastWriteThroughput:2
RealWrittenBytes:0
RealWriteThroughput:2
当前玩家的连接数量:1
当前地图的线程个数：9
当前地图的个数:47
当前数据库执行队列数:0
当前发送队列缓存的对象数量:1
totalMemory：984612864, use ：731990408, free ：252622456DirectMemory：1827143680, 恢复 ：1
当前时间 ：2026-08-19 21:55:09send keng：487, sheng ：4194304
decode keng：5, sheng ：2097152
world keng：5, sheng ：1048576

2026-08-19 21:55:14.682 INFO [pool-6-thread-9][:] - /****************流量统计******************/
LastReadBytes:0
LastReadThroughput:0
LastWrittenBytes:0
LastWriteThroughput:0
RealWrittenBytes:0
RealWriteThroughput:0
当前玩家的连接数量:1
当前地图的线程个数：9
当前地图的个数:47
当前数据库执行队列数:0
当前发送队列缓存的对象数量:1
totalMemory：984612864, use ：735892232, free ：248720632DirectMemory：1827143680, 恢复 ：1
当前时间 ：2026-08-19 21:55:14send keng：487, sheng ：4194304
decode keng：5, sheng ：2097152
world keng：5, sheng ：1048576

2026-08-19 21:55:19.682 INFO [pool-6-thread-4][:] - /****************流量统计******************/
LastReadBytes:26
LastReadThroughput:5
LastWrittenBytes:14
LastWriteThroughput:2
RealWrittenBytes:0
RealWriteThroughput:2
当前玩家的连接数量:1
当前地图的线程个数：9
当前地图的个数:47
当前数据库执行队列数:0
当前发送队列缓存的对象数量:1
totalMemory：984612864, use ：739925304, free ：244687560DirectMemory：1827143680, 恢复 ：1
当前时间 ：2026-08-19 21:55:19send keng：487, sheng ：4194304
decode keng：5, sheng ：2097152
world keng：5, sheng ：1048576

2026-08-19 21:55:24.684 INFO [pool-6-thread-1][:] - /****************流量统计******************/
LastReadBytes:0
LastReadThroughput:0
LastWrittenBytes:0
LastWriteThroughput:0
RealWrittenBytes:0
RealWriteThroughput:0
当前玩家的连接数量:1
当前地图的线程个数：9
当前地图的个数:47
当前数据库执行队列数:0
当前发送队列缓存的对象数量:1
totalMemory：984612864, use ：742739656, free ：241873208DirectMemory：1827143680, 恢复 ：1
当前时间 ：2026-08-19 21:55:24send keng：487, sheng ：4194304
decode keng：5, sheng ：2097152
world keng：5, sheng ：1048576

2026-08-19 21:55:29.682 INFO [pool-6-thread-3][:] - /****************流量统计******************/
LastReadBytes:26
LastReadThroughput:5
LastWrittenBytes:14
LastWriteThroughput:2
RealWrittenBytes:0
RealWriteThroughput:2
当前玩家的连接数量:1
当前地图的线程个数：9
当前地图的个数:47
当前数据库执行队列数:0
当前发送队列缓存的对象数量:1
totalMemory：984612864, use ：747861552, free ：236751312DirectMemory：1827143680, 恢复 ：1
当前时间 ：2026-08-19 21:55:29send keng：487, sheng ：4194304
decode keng：5, sheng ：2097152
world keng：5, sheng ：1048576

2026-08-19 21:55:34.682 INFO [pool-6-thread-8][:] - /****************流量统计******************/
LastReadBytes:0
LastReadThroughput:0
LastWrittenBytes:0
LastWriteThroughput:0
RealWrittenBytes:0
RealWriteThroughput:0
当前玩家的连接数量:1
当前地图的线程个数：9
当前地图的个数:47
当前数据库执行队列数:0
当前发送队列缓存的对象数量:1
totalMemory：984612864, use ：750561352, free ：234051512DirectMemory：1827143680, 恢复 ：1
当前时间 ：2026-08-19 21:55:34send keng：487, sheng ：4194304
decode keng：5, sheng ：2097152
world keng：5, sheng ：1048576

2026-08-19 21:55:39.682 INFO [pool-6-thread-6][:] - /****************流量统计******************/
LastReadBytes:26
LastReadThroughput:5
LastWrittenBytes:14
LastWriteThroughput:2
RealWrittenBytes:0
RealWriteThroughput:2
当前玩家的连接数量:1
当前地图的线程个数：9
当前地图的个数:47
当前数据库执行队列数:0
当前发送队列缓存的对象数量:1
totalMemory：984612864, use ：754991128, free ：229621736DirectMemory：1827143680, 恢复 ：1
当前时间 ：2026-08-19 21:55:39send keng：487, sheng ：4194304
decode keng：5, sheng ：2097152
world keng：5, sheng ：1048576

2026-08-19 21:55:44.682 INFO [pool-6-thread-1][:] - /****************流量统计******************/
LastReadBytes:0
LastReadThroughput:0
LastWrittenBytes:0
LastWriteThroughput:0
RealWrittenBytes:0
RealWriteThroughput:0
当前玩家的连接数量:1
当前地图的线程个数：9
当前地图的个数:47
当前数据库执行队列数:0
当前发送队列缓存的对象数量:1
totalMemory：985137152, use ：416986472, free ：568150680DirectMemory：1827143680, 恢复 ：1
当前时间 ：2026-08-19 21:55:44send keng：487, sheng ：4194304
decode keng：5, sheng ：2097152
world keng：5, sheng ：1048576

2026-08-19 21:55:49.682 INFO [pool-6-thread-9][:] - /****************流量统计******************/
LastReadBytes:0
LastReadThroughput:0
LastWrittenBytes:0
LastWriteThroughput:0
RealWrittenBytes:14
RealWriteThroughput:0
当前玩家的连接数量:1
当前地图的线程个数：9
当前地图的个数:47
当前数据库执行队列数:0
当前发送队列缓存的对象数量:1
totalMemory：985137152, use ：417455640, free ：567681512DirectMemory：1827143680, 恢复 ：1
当前时间 ：2026-08-19 21:55:49send keng：487, sheng ：4194304
decode keng：5, sheng ：2097152
world keng：5, sheng ：1048576

2026-08-19 21:55:54.686 INFO [pool-6-thread-9][:] - /****************流量统计******************/
LastReadBytes:26
LastReadThroughput:5
LastWrittenBytes:14
LastWriteThroughput:2
RealWrittenBytes:0
RealWriteThroughput:2
当前玩家的连接数量:1
当前地图的线程个数：9
当前地图的个数:47
当前数据库执行队列数:0
当前发送队列缓存的对象数量:1
totalMemory：985137152, use ：423262936, free ：561874216DirectMemory：1827143680, 恢复 ：1
当前时间 ：2026-08-19 21:55:54send keng：487, sheng ：4194304
decode keng：5, sheng ：2097152
world keng：5, sheng ：1048576

2026-08-19 21:55:59.682 INFO [pool-6-thread-9][:] - /****************流量统计******************/
LastReadBytes:0
LastReadThroughput:0
LastWrittenBytes:0
LastWriteThroughput:0
RealWrittenBytes:14
RealWriteThroughput:0
当前玩家的连接数量:1
当前地图的线程个数：9
当前地图的个数:47
当前数据库执行队列数:0
当前发送队列缓存的对象数量:1
totalMemory：985137152, use ：424225096, free ：560912056DirectMemory：1827143680, 恢复 ：1
当前时间 ：2026-08-19 21:55:59send keng：487, sheng ：4194304
decode keng：5, sheng ：2097152
world keng：5, sheng ：1048576

2026-08-19 21:56:04.682 INFO [pool-6-thread-1][:] - /****************流量统计******************/
LastReadBytes:26
LastReadThroughput:5
LastWrittenBytes:14
LastWriteThroughput:2
RealWrittenBytes:0
RealWriteThroughput:2
当前玩家的连接数量:1
当前地图的线程个数：9
当前地图的个数:47
当前数据库执行队列数:0
当前发送队列缓存的对象数量:1
totalMemory：985137152, use ：430614760, free ：554522392DirectMemory：1827143680, 恢复 ：1
当前时间 ：2026-08-19 21:56:04send keng：487, sheng ：4194304
decode keng：5, sheng ：2097152
world keng：5, sheng ：1048576

2026-08-19 21:56:09.682 INFO [pool-6-thread-10][:] - /****************流量统计******************/
LastReadBytes:0
LastReadThroughput:0
LastWrittenBytes:0
LastWriteThroughput:0
RealWrittenBytes:0
RealWriteThroughput:0
当前玩家的连接数量:1
当前地图的线程个数：9
当前地图的个数:47
当前数据库执行队列数:0
当前发送队列缓存的对象数量:1
totalMemory：985137152, use ：431632696, free ：553504456DirectMemory：1827143680, 恢复 ：1
当前时间 ：2026-08-19 21:56:09send keng：487, sheng ：4194304
decode keng：5, sheng ：2097152
world keng：5, sheng ：1048576

2026-08-19 21:56:14.682 INFO [pool-6-thread-6][:] - /****************流量统计******************/
LastReadBytes:26
LastReadThroughput:5
LastWrittenBytes:14
LastWriteThroughput:2
RealWrittenBytes:0
RealWriteThroughput:2
当前玩家的连接数量:1
当前地图的线程个数：9
当前地图的个数:47
当前数据库执行队列数:0
当前发送队列缓存的对象数量:1
totalMemory：985137152, use ：436956904, free ：548180248DirectMemory：1827143680, 恢复 ：1
当前时间 ：2026-08-19 21:56:14send keng：487, sheng ：4194304
decode keng：5, sheng ：2097152
world keng：5, sheng ：1048576

2026-08-19 21:56:19.683 INFO [pool-6-thread-2][:] - /****************流量统计******************/
LastReadBytes:0
LastReadThroughput:0
LastWrittenBytes:0
LastWriteThroughput:0
RealWrittenBytes:0
RealWriteThroughput:0
当前玩家的连接数量:1
当前地图的线程个数：9
当前地图的个数:47
当前数据库执行队列数:0
当前发送队列缓存的对象数量:1
totalMemory：985137152, use ：439767296, free ：545369856DirectMemory：1827143680, 恢复 ：1
当前时间 ：2026-08-19 21:56:19send keng：487, sheng ：4194304
decode keng：5, sheng ：2097152
world keng：5, sheng ：1048576

2026-08-19 21:56:24.682 INFO [pool-6-thread-3][:] - /****************流量统计******************/
LastReadBytes:26
LastReadThroughput:5
LastWrittenBytes:14
LastWriteThroughput:2
RealWrittenBytes:0
RealWriteThroughput:2
当前玩家的连接数量:1
当前地图的线程个数：9
当前地图的个数:47
当前数据库执行队列数:0
当前发送队列缓存的对象数量:1
totalMemory：985137152, use ：444703808, free ：540433344DirectMemory：1827143680, 恢复 ：1
当前时间 ：2026-08-19 21:56:24send keng：487, sheng ：4194304
decode keng：5, sheng ：2097152
world keng：5, sheng ：1048576

2026-08-19 21:56:29.682 INFO [pool-6-thread-3][:] - /****************流量统计******************/
LastReadBytes:0
LastReadThroughput:0
LastWrittenBytes:0
LastWriteThroughput:0
RealWrittenBytes:0
RealWriteThroughput:0
当前玩家的连接数量:1
当前地图的线程个数：9
当前地图的个数:47
当前数据库执行队列数:0
当前发送队列缓存的对象数量:1
totalMemory：985137152, use ：448453904, free ：536683248DirectMemory：1827143680, 恢复 ：1
当前时间 ：2026-08-19 21:56:29send keng：487, sheng ：4194304
decode keng：5, sheng ：2097152
world keng：5, sheng ：1048576

2026-08-19 21:56:34.682 INFO [pool-6-thread-2][:] - /****************流量统计******************/
LastReadBytes:26
LastReadThroughput:5
LastWrittenBytes:14
LastWriteThroughput:2
RealWrittenBytes:0
RealWriteThroughput:2
当前玩家的连接数量:1
当前地图的线程个数：9
当前地图的个数:47
当前数据库执行队列数:0
当前发送队列缓存的对象数量:1
totalMemory：985137152, use ：451934120, free ：533203032DirectMemory：1827143680, 恢复 ：1
当前时间 ：2026-08-19 21:56:34send keng：487, sheng ：4194304
decode keng：5, sheng ：2097152
world keng：5, sheng ：1048576

2026-08-19 21:56:39.682 INFO [pool-6-thread-3][:] - /****************流量统计******************/
LastReadBytes:0
LastReadThroughput:0
LastWrittenBytes:0
LastWriteThroughput:0
RealWrittenBytes:0
RealWriteThroughput:0
当前玩家的连接数量:1
当前地图的线程个数：9
当前地图的个数:47
当前数据库执行队列数:0
当前发送队列缓存的对象数量:1
totalMemory：985137152, use ：456867776, free ：528269376DirectMemory：1827143680, 恢复 ：1
当前时间 ：2026-08-19 21:56:39send keng：487, sheng ：4194304
decode keng：5, sheng ：2097152
world keng：5, sheng ：1048576

2026-08-19 21:56:44.682 INFO [pool-6-thread-1][:] - /****************流量统计******************/
LastReadBytes:26
LastReadThroughput:5
LastWrittenBytes:14
LastWriteThroughput:2
RealWrittenBytes:0
RealWriteThroughput:2
当前玩家的连接数量:1
当前地图的线程个数：9
当前地图的个数:47
当前数据库执行队列数:0
当前发送队列缓存的对象数量:1
totalMemory：985137152, use ：459169552, free ：525967600DirectMemory：1827143680, 恢复 ：1
当前时间 ：2026-08-19 21:56:44send keng：487, sheng ：4194304
decode keng：5, sheng ：2097152
world keng：5, sheng ：1048576

2026-08-19 21:56:49.682 INFO [pool-6-thread-2][:] - /****************流量统计******************/
LastReadBytes:0
LastReadThroughput:0
LastWrittenBytes:0
LastWriteThroughput:0
RealWrittenBytes:0
RealWriteThroughput:0
当前玩家的连接数量:1
当前地图的线程个数：9
当前地图的个数:47
当前数据库执行队列数:0
当前发送队列缓存的对象数量:1
totalMemory：985137152, use ：464091616, free ：521045536DirectMemory：1827143680, 恢复 ：1
当前时间 ：2026-08-19 21:56:49send keng：487, sheng ：4194304
decode keng：5, sheng ：2097152
world keng：5, sheng ：1048576

2026-08-19 21:56:54.682 INFO [pool-6-thread-4][:] - /****************流量统计******************/
LastReadBytes:26
LastReadThroughput:5
LastWrittenBytes:14
LastWriteThroughput:2
RealWrittenBytes:0
RealWriteThroughput:2
当前玩家的连接数量:1
当前地图的线程个数：9
当前地图的个数:47
当前数据库执行队列数:0
当前发送队列缓存的对象数量:1
totalMemory：985137152, use ：466405664, free ：518731488DirectMemory：1827143680, 恢复 ：1
当前时间 ：2026-08-19 21:56:54send keng：487, sheng ：4194304
decode keng：5, sheng ：2097152
world keng：5, sheng ：1048576

2026-08-19 21:56:59.682 INFO [pool-6-thread-7][:] - /****************流量统计******************/
LastReadBytes:0
LastReadThroughput:0
LastWrittenBytes:0
LastWriteThroughput:0
RealWrittenBytes:0
RealWriteThroughput:0
当前玩家的连接数量:1
当前地图的线程个数：9
当前地图的个数:47
当前数据库执行队列数:0
当前发送队列缓存的对象数量:1
totalMemory：985137152, use ：470837624, free ：514299528DirectMemory：1827143680, 恢复 ：1
当前时间 ：2026-08-19 21:56:59send keng：487, sheng ：4194304
decode keng：5, sheng ：2097152
world keng：5, sheng ：1048576

2026-08-19 21:57:04.682 INFO [pool-6-thread-8][:] - /****************流量统计******************/
LastReadBytes:0
LastReadThroughput:0
LastWrittenBytes:0
LastWriteThroughput:0
RealWrittenBytes:14
RealWriteThroughput:0
当前玩家的连接数量:1
当前地图的线程个数：9
当前地图的个数:47
当前数据库执行队列数:0
当前发送队列缓存的对象数量:1
totalMemory：985137152, use ：474201328, free ：510935824DirectMemory：1827143680, 恢复 ：1
当前时间 ：2026-08-19 21:57:04send keng：487, sheng ：4194304
decode keng：5, sheng ：2097152
world keng：5, sheng ：1048576

2026-08-19 21:57:09.684 INFO [pool-6-thread-6][:] - /****************流量统计******************/
LastReadBytes:26
LastReadThroughput:5
LastWrittenBytes:14
LastWriteThroughput:2
RealWrittenBytes:0
RealWriteThroughput:2
当前玩家的连接数量:1
当前地图的线程个数：9
当前地图的个数:47
当前数据库执行队列数:0
当前发送队列缓存的对象数量:1
totalMemory：985137152, use ：478275232, free ：506861920DirectMemory：1827143680, 恢复 ：1
当前时间 ：2026-08-19 21:57:09send keng：487, sheng ：4194304
decode keng：5, sheng ：2097152
world keng：5, sheng ：1048576

2026-08-19 21:57:14.683 INFO [pool-6-thread-2][:] - /****************流量统计******************/
LastReadBytes:0
LastReadThroughput:0
LastWrittenBytes:0
LastWriteThroughput:0
RealWrittenBytes:14
RealWriteThroughput:0
当前玩家的连接数量:1
当前地图的线程个数：9
当前地图的个数:47
当前数据库执行队列数:0
当前发送队列缓存的对象数量:1
totalMemory：985137152, use ：480543064, free ：504594088DirectMemory：1827143680, 恢复 ：1
当前时间 ：2026-08-19 21:57:14send keng：487, sheng ：4194304
decode keng：5, sheng ：2097152
world keng：5, sheng ：1048576

2026-08-19 21:57:19.682 INFO [pool-6-thread-9][:] - /****************流量统计******************/
LastReadBytes:26
LastReadThroughput:5
LastWrittenBytes:14
LastWriteThroughput:2
RealWrittenBytes:0
RealWriteThroughput:2
当前玩家的连接数量:1
当前地图的线程个数：9
当前地图的个数:47
当前数据库执行队列数:0
当前发送队列缓存的对象数量:1
totalMemory：985137152, use ：485976944, free ：499160208DirectMemory：1827143680, 恢复 ：1
当前时间 ：2026-08-19 21:57:19send keng：487, sheng ：4194304
decode keng：5, sheng ：2097152
world keng：5, sheng ：1048576

2026-08-19 21:57:24.682 INFO [pool-6-thread-10][:] - /****************流量统计******************/
LastReadBytes:0
LastReadThroughput:0
LastWrittenBytes:0
LastWriteThroughput:0
RealWrittenBytes:0
RealWriteThroughput:0
当前玩家的连接数量:1
当前地图的线程个数：9
当前地图的个数:47
当前数据库执行队列数:0
当前发送队列缓存的对象数量:1
totalMemory：985137152, use ：489916176, free ：495220976DirectMemory：1827143680, 恢复 ：1
当前时间 ：2026-08-19 21:57:24send keng：487, sheng ：4194304
decode keng：5, sheng ：2097152
world keng：5, sheng ：1048576

2026-08-19 21:57:29.682 INFO [pool-6-thread-9][:] - /****************流量统计******************/
LastReadBytes:26
LastReadThroughput:5
LastWrittenBytes:14
LastWriteThroughput:2
RealWrittenBytes:0
RealWriteThroughput:2
当前玩家的连接数量:1
当前地图的线程个数：9
当前地图的个数:47
当前数据库执行队列数:0
当前发送队列缓存的对象数量:1
totalMemory：985137152, use ：493220944, free ：491916208DirectMemory：1827143680, 恢复 ：1
当前时间 ：2026-08-19 21:57:29send keng：487, sheng ：4194304
decode keng：5, sheng ：2097152
world keng：5, sheng ：1048576

2026-08-19 21:57:34.682 INFO [pool-6-thread-8][:] - /****************流量统计******************/
LastReadBytes:0
LastReadThroughput:0
LastWrittenBytes:0
LastWriteThroughput:0
RealWrittenBytes:0
RealWriteThroughput:0
当前玩家的连接数量:1
当前地图的线程个数：9
当前地图的个数:47
当前数据库执行队列数:0
当前发送队列缓存的对象数量:1
totalMemory：985137152, use ：497400048, free ：487737104DirectMemory：1827143680, 恢复 ：1
当前时间 ：2026-08-19 21:57:34send keng：487, sheng ：4194304
decode keng：5, sheng ：2097152
world keng：5, sheng ：1048576

2026-08-19 21:57:39.682 INFO [pool-6-thread-4][:] - /****************流量统计******************/
LastReadBytes:26
LastReadThroughput:5
LastWrittenBytes:14
LastWriteThroughput:2
RealWrittenBytes:0
RealWriteThroughput:2
当前玩家的连接数量:1
当前地图的线程个数：9
当前地图的个数:47
当前数据库执行队列数:0
当前发送队列缓存的对象数量:1
totalMemory：985137152, use ：500389632, free ：484747520DirectMemory：1827143680, 恢复 ：1
当前时间 ：2026-08-19 21:57:39send keng：487, sheng ：4194304
decode keng：5, sheng ：2097152
world keng：5, sheng ：1048576

2026-08-19 21:57:44.682 INFO [pool-6-thread-4][:] - /****************流量统计******************/
LastReadBytes:0
LastReadThroughput:0
LastWrittenBytes:0
LastWriteThroughput:0
RealWrittenBytes:0
RealWriteThroughput:0
当前玩家的连接数量:1
当前地图的线程个数：9
当前地图的个数:47
当前数据库执行队列数:0
当前发送队列缓存的对象数量:1
totalMemory：985137152, use ：504474864, free ：480662288DirectMemory：1827143680, 恢复 ：1
当前时间 ：2026-08-19 21:57:44send keng：487, sheng ：4194304
decode keng：5, sheng ：2097152
world keng：5, sheng ：1048576

2026-08-19 21:57:49.682 INFO [pool-6-thread-4][:] - /****************流量统计******************/
LastReadBytes:26
LastReadThroughput:5
LastWrittenBytes:14
LastWriteThroughput:2
RealWrittenBytes:0
RealWriteThroughput:2
当前玩家的连接数量:1
当前地图的线程个数：9
当前地图的个数:47
当前数据库执行队列数:0
当前发送队列缓存的对象数量:1
totalMemory：985137152, use ：508087600, free ：477049552DirectMemory：1827143680, 恢复 ：1
当前时间 ：2026-08-19 21:57:49send keng：487, sheng ：4194304
decode keng：5, sheng ：2097152
world keng：5, sheng ：1048576

2026-08-19 21:57:54.682 INFO [pool-6-thread-1][:] - /****************流量统计******************/
LastReadBytes:0
LastReadThroughput:0
LastWrittenBytes:0
LastWriteThroughput:0
RealWrittenBytes:0
RealWriteThroughput:0
当前玩家的连接数量:1
当前地图的线程个数：9
当前地图的个数:47
当前数据库执行队列数:0
当前发送队列缓存的对象数量:1
totalMemory：985137152, use ：511694576, free ：473442576DirectMemory：1827143680, 恢复 ：1
当前时间 ：2026-08-19 21:57:54send keng：487, sheng ：4194304
decode keng：5, sheng ：2097152
world keng：5, sheng ：1048576

2026-08-19 21:57:59.682 INFO [pool-6-thread-3][:] - /****************流量统计******************/
LastReadBytes:26
LastReadThroughput:5
LastWrittenBytes:14
LastWriteThroughput:2
RealWrittenBytes:0
RealWriteThroughput:2
当前玩家的连接数量:1
当前地图的线程个数：9
当前地图的个数:47
当前数据库执行队列数:0
当前发送队列缓存的对象数量:1
totalMemory：985137152, use ：514877400, free ：470259752DirectMemory：1827143680, 恢复 ：1
当前时间 ：2026-08-19 21:57:59send keng：487, sheng ：4194304
decode keng：5, sheng ：2097152
world keng：5, sheng ：1048576

2026-08-19 21:58:04.682 INFO [pool-6-thread-1][:] - /****************流量统计******************/
LastReadBytes:0
LastReadThroughput:0
LastWrittenBytes:0
LastWriteThroughput:0
RealWrittenBytes:0
RealWriteThroughput:0
当前玩家的连接数量:1
当前地图的线程个数：9
当前地图的个数:47
当前数据库执行队列数:0
当前发送队列缓存的对象数量:1
totalMemory：985137152, use ：519485872, free ：465651280DirectMemory：1827143680, 恢复 ：1
当前时间 ：2026-08-19 21:58:04send keng：487, sheng ：4194304
decode keng：5, sheng ：2097152
world keng：5, sheng ：1048576

2026-08-19 21:58:09.683 INFO [pool-6-thread-5][:] - /****************流量统计******************/
LastReadBytes:170
LastReadThroughput:34
LastWrittenBytes:42
LastWriteThroughput:8
RealWrittenBytes:14
RealWriteThroughput:8
当前玩家的连接数量:1
当前地图的线程个数：9
当前地图的个数:47
当前数据库执行队列数:0
当前发送队列缓存的对象数量:1
totalMemory：985137152, use ：521417280, free ：463719872DirectMemory：1827143680, 恢复 ：1
当前时间 ：2026-08-19 21:58:09send keng：488, sheng ：4194304
decode keng：5, sheng ：2097152
world keng：5, sheng ：1048576

2026-08-19 21:58:14.682 INFO [pool-6-thread-5][:] - /****************流量统计******************/
LastReadBytes:26
LastReadThroughput:5
LastWrittenBytes:14
LastWriteThroughput:2
RealWrittenBytes:0
RealWriteThroughput:2
当前玩家的连接数量:1
当前地图的线程个数：9
当前地图的个数:47
当前数据库执行队列数:0
当前发送队列缓存的对象数量:1
totalMemory：985137152, use ：526728720, free ：458408432DirectMemory：1827143680, 恢复 ：1
当前时间 ：2026-08-19 21:58:14send keng：488, sheng ：4194304
decode keng：5, sheng ：2097152
world keng：5, sheng ：1048576

2026-08-19 21:58:19.682 INFO [pool-6-thread-5][:] - /****************流量统计******************/
LastReadBytes:0
LastReadThroughput:0
LastWrittenBytes:0
LastWriteThroughput:0
RealWrittenBytes:14
RealWriteThroughput:0
当前玩家的连接数量:1
当前地图的线程个数：9
当前地图的个数:47
当前数据库执行队列数:0
当前发送队列缓存的对象数量:1
totalMemory：985137152, use ：530456440, free ：454680712DirectMemory：1827143680, 恢复 ：1
当前时间 ：2026-08-19 21:58:19send keng：488, sheng ：4194304
decode keng：5, sheng ：2097152
world keng：5, sheng ：1048576

2026-08-19 21:58:24.682 INFO [pool-6-thread-1][:] - /****************流量统计******************/
LastReadBytes:26
LastReadThroughput:5
LastWrittenBytes:14
LastWriteThroughput:2
RealWrittenBytes:0
RealWriteThroughput:2
当前玩家的连接数量:1
当前地图的线程个数：9
当前地图的个数:47
当前数据库执行队列数:0
当前发送队列缓存的对象数量:1
totalMemory：985137152, use ：533540912, free ：451596240DirectMemory：1827143680, 恢复 ：1
当前时间 ：2026-08-19 21:58:24send keng：488, sheng ：4194304
decode keng：5, sheng ：2097152
world keng：5, sheng ：1048576

2026-08-19 21:58:29.682 INFO [pool-6-thread-1][:] - /****************流量统计******************/
LastReadBytes:0
LastReadThroughput:0
LastWrittenBytes:0
LastWriteThroughput:0
RealWrittenBytes:0
RealWriteThroughput:0
当前玩家的连接数量:1
当前地图的线程个数：9
当前地图的个数:47
当前数据库执行队列数:0
当前发送队列缓存的对象数量:1
totalMemory：985137152, use ：538056864, free ：447080288DirectMemory：1827143680, 恢复 ：1
当前时间 ：2026-08-19 21:58:29send keng：488, sheng ：4194304
decode keng：5, sheng ：2097152
world keng：5, sheng ：1048576

2026-08-19 21:58:34.682 INFO [pool-6-thread-5][:] - /****************流量统计******************/
LastReadBytes:26
LastReadThroughput:5
LastWrittenBytes:14
LastWriteThroughput:2
RealWrittenBytes:0
RealWriteThroughput:2
当前玩家的连接数量:1
当前地图的线程个数：9
当前地图的个数:47
当前数据库执行队列数:0
当前发送队列缓存的对象数量:1
totalMemory：985137152, use ：541240624, free ：443896528DirectMemory：1827143680, 恢复 ：1
当前时间 ：2026-08-19 21:58:34send keng：488, sheng ：4194304
decode keng：5, sheng ：2097152
world keng：5, sheng ：1048576

2026-08-19 21:58:39.682 INFO [pool-6-thread-3][:] - /****************流量统计******************/
LastReadBytes:0
LastReadThroughput:0
LastWrittenBytes:0
LastWriteThroughput:0
RealWrittenBytes:0
RealWriteThroughput:0
当前玩家的连接数量:1
当前地图的线程个数：9
当前地图的个数:47
当前数据库执行队列数:0
当前发送队列缓存的对象数量:1
totalMemory：985137152, use ：546357592, free ：438779560DirectMemory：1827143680, 恢复 ：1
当前时间 ：2026-08-19 21:58:39send keng：488, sheng ：4194304
decode keng：5, sheng ：2097152
world keng：5, sheng ：1048576

2026-08-19 21:58:44.682 INFO [pool-6-thread-1][:] - /****************流量统计******************/
LastReadBytes:26
LastReadThroughput:5
LastWrittenBytes:14
LastWriteThroughput:2
RealWrittenBytes:0
RealWriteThroughput:2
当前玩家的连接数量:1
当前地图的线程个数：9
当前地图的个数:47
当前数据库执行队列数:0
当前发送队列缓存的对象数量:1
totalMemory：985137152, use ：548909856, free ：436227296DirectMemory：1827143680, 恢复 ：1
当前时间 ：2026-08-19 21:58:44send keng：488, sheng ：4194304
decode keng：5, sheng ：2097152
world keng：5, sheng ：1048576

2026-08-19 21:58:49.682 INFO [pool-6-thread-1][:] - /****************流量统计******************/
LastReadBytes:0
LastReadThroughput:0
LastWrittenBytes:0
LastWriteThroughput:0
RealWrittenBytes:0
RealWriteThroughput:0
当前玩家的连接数量:1
当前地图的线程个数：9
当前地图的个数:47
当前数据库执行队列数:0
当前发送队列缓存的对象数量:1
totalMemory：985137152, use ：553372952, free ：431764200DirectMemory：1827143680, 恢复 ：1
当前时间 ：2026-08-19 21:58:49send keng：488, sheng ：4194304
decode keng：5, sheng ：2097152
world keng：5, sheng ：1048576

2026-08-19 21:58:54.683 INFO [pool-6-thread-3][:] - /****************流量统计******************/
LastReadBytes:26
LastReadThroughput:5
LastWrittenBytes:14
LastWriteThroughput:2
RealWrittenBytes:0
RealWriteThroughput:2
当前玩家的连接数量:1
当前地图的线程个数：9
当前地图的个数:47
当前数据库执行队列数:0
当前发送队列缓存的对象数量:1
totalMemory：985137152, use ：556596000, free ：428541152DirectMemory：1827143680, 恢复 ：1
当前时间 ：2026-08-19 21:58:54send keng：488, sheng ：4194304
decode keng：5, sheng ：2097152
world keng：5, sheng ：1048576

2026-08-19 21:58:59.682 INFO [pool-6-thread-10][:] - /****************流量统计******************/
LastReadBytes:0
LastReadThroughput:0
LastWrittenBytes:0
LastWriteThroughput:0
RealWrittenBytes:0
RealWriteThroughput:0
当前玩家的连接数量:1
当前地图的线程个数：9
当前地图的个数:47
当前数据库执行队列数:0
当前发送队列缓存的对象数量:1
totalMemory：985137152, use ：560132856, free ：425004296DirectMemory：1827143680, 恢复 ：1
当前时间 ：2026-08-19 21:58:59send keng：488, sheng ：4194304
decode keng：5, sheng ：2097152
world keng：5, sheng ：1048576

2026-08-19 21:59:04.682 INFO [pool-6-thread-5][:] - /****************流量统计******************/
LastReadBytes:26
LastReadThroughput:5
LastWrittenBytes:14
LastWriteThroughput:2
RealWrittenBytes:0
RealWriteThroughput:2
当前玩家的连接数量:1
当前地图的线程个数：9
当前地图的个数:47
当前数据库执行队列数:0
当前发送队列缓存的对象数量:1
totalMemory：985137152, use ：563079104, free ：422058048DirectMemory：1827143680, 恢复 ：1
当前时间 ：2026-08-19 21:59:04send keng：488, sheng ：4194304
decode keng：5, sheng ：2097152
world keng：5, sheng ：1048576

2026-08-19 21:59:09.682 INFO [pool-6-thread-9][:] - /****************流量统计******************/
LastReadBytes:0
LastReadThroughput:0
LastWrittenBytes:0
LastWriteThroughput:0
RealWrittenBytes:0
RealWriteThroughput:0
当前玩家的连接数量:1
当前地图的线程个数：9
当前地图的个数:47
当前数据库执行队列数:0
当前发送队列缓存的对象数量:1
totalMemory：985137152, use ：567508184, free ：417628968DirectMemory：1827143680, 恢复 ：1
当前时间 ：2026-08-19 21:59:09send keng：488, sheng ：4194304
decode keng：5, sheng ：2097152
world keng：5, sheng ：1048576

2026-08-19 21:59:14.682 INFO [pool-6-thread-2][:] - /****************流量统计******************/
LastReadBytes:26
LastReadThroughput:5
LastWrittenBytes:14
LastWriteThroughput:2
RealWrittenBytes:0
RealWriteThroughput:2
当前玩家的连接数量:1
当前地图的线程个数：9
当前地图的个数:47
当前数据库执行队列数:0
当前发送队列缓存的对象数量:1
totalMemory：985137152, use ：571521064, free ：413616088DirectMemory：1827143680, 恢复 ：1
当前时间 ：2026-08-19 21:59:14send keng：488, sheng ：4194304
decode keng：5, sheng ：2097152
world keng：5, sheng ：1048576

2026-08-19 21:59:19.682 INFO [pool-6-thread-1][:] - /****************流量统计******************/
LastReadBytes:0
LastReadThroughput:0
LastWrittenBytes:0
LastWriteThroughput:0
RealWrittenBytes:0
RealWriteThroughput:0
当前玩家的连接数量:1
当前地图的线程个数：9
当前地图的个数:47
当前数据库执行队列数:0
当前发送队列缓存的对象数量:1
totalMemory：985137152, use ：575304496, free ：409832656DirectMemory：1827143680, 恢复 ：1
当前时间 ：2026-08-19 21:59:19send keng：488, sheng ：4194304
decode keng：5, sheng ：2097152
world keng：5, sheng ：1048576

2026-08-19 21:59:24.682 INFO [pool-6-thread-1][:] - /****************流量统计******************/
LastReadBytes:0
LastReadThroughput:0
LastWrittenBytes:0
LastWriteThroughput:0
RealWrittenBytes:14
RealWriteThroughput:0
当前玩家的连接数量:1
当前地图的线程个数：9
当前地图的个数:47
当前数据库执行队列数:0
当前发送队列缓存的对象数量:1
totalMemory：985137152, use ：580005832, free ：405131320DirectMemory：1827143680, 恢复 ：1
当前时间 ：2026-08-19 21:59:24send keng：488, sheng ：4194304
decode keng：5, sheng ：2097152
world keng：5, sheng ：1048576

2026-08-19 21:59:29.682 INFO [pool-6-thread-3][:] - /****************流量统计******************/
LastReadBytes:26
LastReadThroughput:5
LastWrittenBytes:14
LastWriteThroughput:2
RealWrittenBytes:0
RealWriteThroughput:2
当前玩家的连接数量:1
当前地图的线程个数：9
当前地图的个数:47
当前数据库执行队列数:0
当前发送队列缓存的对象数量:1
totalMemory：985137152, use ：581648056, free ：403489096DirectMemory：1827143680, 恢复 ：1
当前时间 ：2026-08-19 21:59:29send keng：488, sheng ：4194304
decode keng：5, sheng ：2097152
world keng：5, sheng ：1048576

2026-08-19 21:59:34.682 INFO [pool-6-thread-10][:] - /****************流量统计******************/
LastReadBytes:0
LastReadThroughput:0
LastWrittenBytes:0
LastWriteThroughput:0
RealWrittenBytes:0
RealWriteThroughput:0
当前玩家的连接数量:1
当前地图的线程个数：9
当前地图的个数:47
当前数据库执行队列数:0
当前发送队列缓存的对象数量:1
totalMemory：985137152, use ：587497696, free ：397639456DirectMemory：1827143680, 恢复 ：1
当前时间 ：2026-08-19 21:59:34send keng：488, sheng ：4194304
decode keng：5, sheng ：2097152
world keng：5, sheng ：1048576

2026-08-19 21:59:39.682 INFO [pool-6-thread-2][:] - /****************流量统计******************/
LastReadBytes:26
LastReadThroughput:5
LastWrittenBytes:14
LastWriteThroughput:2
RealWrittenBytes:0
RealWriteThroughput:2
当前玩家的连接数量:1
当前地图的线程个数：9
当前地图的个数:47
当前数据库执行队列数:0
当前发送队列缓存的对象数量:1
totalMemory：985137152, use ：589710816, free ：395426336DirectMemory：1827143680, 恢复 ：1
当前时间 ：2026-08-19 21:59:39send keng：488, sheng ：4194304
decode keng：5, sheng ：2097152
world keng：5, sheng ：1048576

2026-08-19 21:59:44.682 INFO [pool-6-thread-7][:] - /****************流量统计******************/
LastReadBytes:0
LastReadThroughput:0
LastWrittenBytes:0
LastWriteThroughput:0
RealWrittenBytes:0
RealWriteThroughput:0
当前玩家的连接数量:1
当前地图的线程个数：9
当前地图的个数:47
当前数据库执行队列数:0
当前发送队列缓存的对象数量:1
totalMemory：985137152, use ：594474336, free ：390662816DirectMemory：1827143680, 恢复 ：1
当前时间 ：2026-08-19 21:59:44send keng：488, sheng ：4194304
decode keng：5, sheng ：2097152
world keng：5, sheng ：1048576

2026-08-19 21:59:49.682 INFO [pool-6-thread-9][:] - /****************流量统计******************/
LastReadBytes:26
LastReadThroughput:5
LastWrittenBytes:14
LastWriteThroughput:2
RealWrittenBytes:0
RealWriteThroughput:2
当前玩家的连接数量:1
当前地图的线程个数：9
当前地图的个数:47
当前数据库执行队列数:0
当前发送队列缓存的对象数量:1
totalMemory：985137152, use ：596520232, free ：388616920DirectMemory：1827143680, 恢复 ：1
当前时间 ：2026-08-19 21:59:49send keng：488, sheng ：4194304
decode keng：5, sheng ：2097152
world keng：5, sheng ：1048576

2026-08-19 21:59:54.682 INFO [pool-6-thread-8][:] - /****************流量统计******************/
LastReadBytes:0
LastReadThroughput:0
LastWrittenBytes:0
LastWriteThroughput:0
RealWrittenBytes:0
RealWriteThroughput:0
当前玩家的连接数量:1
当前地图的线程个数：9
当前地图的个数:47
当前数据库执行队列数:0
当前发送队列缓存的对象数量:1
totalMemory：985137152, use ：602353600, free ：382783552DirectMemory：1827143680, 恢复 ：1
当前时间 ：2026-08-19 21:59:54send keng：488, sheng ：4194304
decode keng：5, sheng ：2097152
world keng：5, sheng ：1048576

2026-08-19 21:59:59.682 INFO [pool-6-thread-3][:] - /****************流量统计******************/
LastReadBytes:26
LastReadThroughput:5
LastWrittenBytes:14
LastWriteThroughput:2
RealWrittenBytes:0
RealWriteThroughput:2
当前玩家的连接数量:1
当前地图的线程个数：9
当前地图的个数:47
当前数据库执行队列数:0
当前发送队列缓存的对象数量:1
totalMemory：985137152, use ：604222208, free ：380914944DirectMemory：1827143680, 恢复 ：1
当前时间 ：2026-08-19 21:59:59send keng：488, sheng ：4194304
decode keng：5, sheng ：2097152
world keng：5, sheng ：1048576

