2026-08-20 13:00:04.682 INFO [pool-6-thread-3][:] - /****************流量统计******************/
LastReadBytes:0
LastReadThroughput:0
LastWrittenBytes:0
LastWriteThroughput:0
RealWrittenBytes:0
RealWriteThroughput:0
当前玩家的连接数量:0
当前地图的线程个数：9
当前地图的个数:47
当前数据库执行队列数:0
当前发送队列缓存的对象数量:0
totalMemory：1009254400, use ：710576216, free ：298678184DirectMemory：1827143680, 恢复 ：1
当前时间 ：2026-08-20 13:00:04send keng：2418, sheng ：4194304
decode keng：26, sheng ：2097152
world keng：12, sheng ：1048576

2026-08-20 13:00:09.682 INFO [pool-6-thread-6][:] - /****************流量统计******************/
LastReadBytes:0
LastReadThroughput:0
LastWrittenBytes:0
LastWriteThroughput:0
RealWrittenBytes:0
RealWriteThroughput:0
当前玩家的连接数量:0
当前地图的线程个数：9
当前地图的个数:47
当前数据库执行队列数:0
当前发送队列缓存的对象数量:0
totalMemory：1009254400, use ：715572568, free ：293681832DirectMemory：1827143680, 恢复 ：1
当前时间 ：2026-08-20 13:00:09send keng：2418, sheng ：4194304
decode keng：26, sheng ：2097152
world keng：12, sheng ：1048576

2026-08-20 13:00:14.683 INFO [pool-6-thread-2][:] - /****************流量统计******************/
LastReadBytes:0
LastReadThroughput:0
LastWrittenBytes:0
LastWriteThroughput:0
RealWrittenBytes:0
RealWriteThroughput:0
当前玩家的连接数量:0
当前地图的线程个数：9
当前地图的个数:47
当前数据库执行队列数:0
当前发送队列缓存的对象数量:0
totalMemory：1009254400, use ：718329160, free ：290925240DirectMemory：1827143680, 恢复 ：1
当前时间 ：2026-08-20 13:00:14send keng：2418, sheng ：4194304
decode keng：26, sheng ：2097152
world keng：12, sheng ：1048576

2026-08-20 13:00:19.682 INFO [pool-6-thread-6][:] - /****************流量统计******************/
LastReadBytes:0
LastReadThroughput:0
LastWrittenBytes:0
LastWriteThroughput:0
RealWrittenBytes:0
RealWriteThroughput:0
当前玩家的连接数量:0
当前地图的线程个数：9
当前地图的个数:47
当前数据库执行队列数:0
当前发送队列缓存的对象数量:0
totalMemory：1009254400, use ：722110640, free ：287143760DirectMemory：1827143680, 恢复 ：1
当前时间 ：2026-08-20 13:00:19send keng：2418, sheng ：4194304
decode keng：26, sheng ：2097152
world keng：12, sheng ：1048576

2026-08-20 13:00:24.682 INFO [pool-6-thread-9][:] - /****************流量统计******************/
LastReadBytes:0
LastReadThroughput:0
LastWrittenBytes:0
LastWriteThroughput:0
RealWrittenBytes:0
RealWriteThroughput:0
当前玩家的连接数量:0
当前地图的线程个数：9
当前地图的个数:47
当前数据库执行队列数:0
当前发送队列缓存的对象数量:0
totalMemory：1009254400, use ：725284464, free ：283969936DirectMemory：1827143680, 恢复 ：1
当前时间 ：2026-08-20 13:00:24send keng：2418, sheng ：4194304
decode keng：26, sheng ：2097152
world keng：12, sheng ：1048576

2026-08-20 13:00:29.683 INFO [pool-6-thread-3][:] - /****************流量统计******************/
LastReadBytes:0
LastReadThroughput:0
LastWrittenBytes:0
LastWriteThroughput:0
RealWrittenBytes:0
RealWriteThroughput:0
当前玩家的连接数量:0
当前地图的线程个数：9
当前地图的个数:47
当前数据库执行队列数:0
当前发送队列缓存的对象数量:0
totalMemory：1009254400, use ：729480128, free ：279774272DirectMemory：1827143680, 恢复 ：1
当前时间 ：2026-08-20 13:00:29send keng：2418, sheng ：4194304
decode keng：26, sheng ：2097152
world keng：12, sheng ：1048576

2026-08-20 13:00:34.682 INFO [pool-6-thread-7][:] - /****************流量统计******************/
LastReadBytes:0
LastReadThroughput:0
LastWrittenBytes:0
LastWriteThroughput:0
RealWrittenBytes:0
RealWriteThroughput:0
当前玩家的连接数量:0
当前地图的线程个数：9
当前地图的个数:47
当前数据库执行队列数:0
当前发送队列缓存的对象数量:0
totalMemory：1009254400, use ：733646448, free ：275607952DirectMemory：1827143680, 恢复 ：1
当前时间 ：2026-08-20 13:00:34send keng：2418, sheng ：4194304
decode keng：26, sheng ：2097152
world keng：12, sheng ：1048576

2026-08-20 13:00:39.682 INFO [pool-6-thread-2][:] - /****************流量统计******************/
LastReadBytes:0
LastReadThroughput:0
LastWrittenBytes:0
LastWriteThroughput:0
RealWrittenBytes:0
RealWriteThroughput:0
当前玩家的连接数量:0
当前地图的线程个数：9
当前地图的个数:47
当前数据库执行队列数:0
当前发送队列缓存的对象数量:0
totalMemory：1009254400, use ：736898256, free ：272356144DirectMemory：1827143680, 恢复 ：1
当前时间 ：2026-08-20 13:00:39send keng：2418, sheng ：4194304
decode keng：26, sheng ：2097152
world keng：12, sheng ：1048576

2026-08-20 13:00:44.682 INFO [pool-6-thread-7][:] - /****************流量统计******************/
LastReadBytes:0
LastReadThroughput:0
LastWrittenBytes:0
LastWriteThroughput:0
RealWrittenBytes:0
RealWriteThroughput:0
当前玩家的连接数量:0
当前地图的线程个数：9
当前地图的个数:47
当前数据库执行队列数:0
当前发送队列缓存的对象数量:0
totalMemory：1009254400, use ：739011640, free ：270242760DirectMemory：1827143680, 恢复 ：1
当前时间 ：2026-08-20 13:00:44send keng：2418, sheng ：4194304
decode keng：26, sheng ：2097152
world keng：12, sheng ：1048576

2026-08-20 13:00:49.682 INFO [pool-6-thread-2][:] - /****************流量统计******************/
LastReadBytes:0
LastReadThroughput:0
LastWrittenBytes:0
LastWriteThroughput:0
RealWrittenBytes:0
RealWriteThroughput:0
当前玩家的连接数量:0
当前地图的线程个数：9
当前地图的个数:47
当前数据库执行队列数:0
当前发送队列缓存的对象数量:0
totalMemory：1009254400, use ：743367144, free ：265887256DirectMemory：1827143680, 恢复 ：1
当前时间 ：2026-08-20 13:00:49send keng：2418, sheng ：4194304
decode keng：26, sheng ：2097152
world keng：12, sheng ：1048576

2026-08-20 13:00:54.682 INFO [pool-6-thread-10][:] - /****************流量统计******************/
LastReadBytes:0
LastReadThroughput:0
LastWrittenBytes:0
LastWriteThroughput:0
RealWrittenBytes:0
RealWriteThroughput:0
当前玩家的连接数量:0
当前地图的线程个数：9
当前地图的个数:47
当前数据库执行队列数:0
当前发送队列缓存的对象数量:0
totalMemory：1009254400, use ：746412504, free ：262841896DirectMemory：1827143680, 恢复 ：1
当前时间 ：2026-08-20 13:00:54send keng：2418, sheng ：4194304
decode keng：26, sheng ：2097152
world keng：12, sheng ：1048576

2026-08-20 13:00:59.682 INFO [pool-6-thread-4][:] - /****************流量统计******************/
LastReadBytes:0
LastReadThroughput:0
LastWrittenBytes:0
LastWriteThroughput:0
RealWrittenBytes:0
RealWriteThroughput:0
当前玩家的连接数量:0
当前地图的线程个数：9
当前地图的个数:47
当前数据库执行队列数:0
当前发送队列缓存的对象数量:0
totalMemory：1009254400, use ：750222632, free ：259031768DirectMemory：1827143680, 恢复 ：1
当前时间 ：2026-08-20 13:00:59send keng：2418, sheng ：4194304
decode keng：26, sheng ：2097152
world keng：12, sheng ：1048576

2026-08-20 13:01:04.682 INFO [pool-6-thread-3][:] - /****************流量统计******************/
LastReadBytes:0
LastReadThroughput:0
LastWrittenBytes:0
LastWriteThroughput:0
RealWrittenBytes:0
RealWriteThroughput:0
当前玩家的连接数量:0
当前地图的线程个数：9
当前地图的个数:47
当前数据库执行队列数:0
当前发送队列缓存的对象数量:0
totalMemory：1009254400, use ：754830264, free ：254424136DirectMemory：1827143680, 恢复 ：1
当前时间 ：2026-08-20 13:01:04send keng：2418, sheng ：4194304
decode keng：26, sheng ：2097152
world keng：12, sheng ：1048576

2026-08-20 13:01:09.682 INFO [pool-6-thread-1][:] - /****************流量统计******************/
LastReadBytes:0
LastReadThroughput:0
LastWrittenBytes:0
LastWriteThroughput:0
RealWrittenBytes:0
RealWriteThroughput:0
当前玩家的连接数量:0
当前地图的线程个数：9
当前地图的个数:47
当前数据库执行队列数:0
当前发送队列缓存的对象数量:0
totalMemory：1009254400, use ：757749408, free ：251504992DirectMemory：1827143680, 恢复 ：1
当前时间 ：2026-08-20 13:01:09send keng：2418, sheng ：4194304
decode keng：26, sheng ：2097152
world keng：12, sheng ：1048576

2026-08-20 13:01:14.682 INFO [pool-6-thread-3][:] - /****************流量统计******************/
LastReadBytes:0
LastReadThroughput:0
LastWrittenBytes:0
LastWriteThroughput:0
RealWrittenBytes:0
RealWriteThroughput:0
当前玩家的连接数量:0
当前地图的线程个数：9
当前地图的个数:47
当前数据库执行队列数:0
当前发送队列缓存的对象数量:0
totalMemory：1009254400, use ：761269504, free ：247984896DirectMemory：1827143680, 恢复 ：1
当前时间 ：2026-08-20 13:01:14send keng：2418, sheng ：4194304
decode keng：26, sheng ：2097152
world keng：12, sheng ：1048576

2026-08-20 13:01:19.682 INFO [pool-6-thread-10][:] - /****************流量统计******************/
LastReadBytes:0
LastReadThroughput:0
LastWrittenBytes:0
LastWriteThroughput:0
RealWrittenBytes:0
RealWriteThroughput:0
当前玩家的连接数量:0
当前地图的线程个数：9
当前地图的个数:47
当前数据库执行队列数:0
当前发送队列缓存的对象数量:0
totalMemory：1009254400, use ：765537792, free ：243716608DirectMemory：1827143680, 恢复 ：1
当前时间 ：2026-08-20 13:01:19send keng：2418, sheng ：4194304
decode keng：26, sheng ：2097152
world keng：12, sheng ：1048576

2026-08-20 13:01:24.683 INFO [pool-6-thread-2][:] - /****************流量统计******************/
LastReadBytes:0
LastReadThroughput:0
LastWrittenBytes:0
LastWriteThroughput:0
RealWrittenBytes:0
RealWriteThroughput:0
当前玩家的连接数量:0
当前地图的线程个数：9
当前地图的个数:47
当前数据库执行队列数:0
当前发送队列缓存的对象数量:0
totalMemory：1009254400, use ：768272008, free ：240982392DirectMemory：1827143680, 恢复 ：1
当前时间 ：2026-08-20 13:01:24send keng：2418, sheng ：4194304
decode keng：26, sheng ：2097152
world keng：12, sheng ：1048576

2026-08-20 13:01:29.682 INFO [pool-6-thread-6][:] - /****************流量统计******************/
LastReadBytes:0
LastReadThroughput:0
LastWrittenBytes:0
LastWriteThroughput:0
RealWrittenBytes:0
RealWriteThroughput:0
当前玩家的连接数量:0
当前地图的线程个数：9
当前地图的个数:47
当前数据库执行队列数:0
当前发送队列缓存的对象数量:0
totalMemory：1009254400, use ：772324944, free ：236929456DirectMemory：1827143680, 恢复 ：1
当前时间 ：2026-08-20 13:01:29send keng：2418, sheng ：4194304
decode keng：26, sheng ：2097152
world keng：12, sheng ：1048576

2026-08-20 13:01:34.682 INFO [pool-6-thread-5][:] - /****************流量统计******************/
LastReadBytes:0
LastReadThroughput:0
LastWrittenBytes:0
LastWriteThroughput:0
RealWrittenBytes:0
RealWriteThroughput:0
当前玩家的连接数量:0
当前地图的线程个数：9
当前地图的个数:47
当前数据库执行队列数:0
当前发送队列缓存的对象数量:0
totalMemory：1009254400, use ：775125912, free ：234128488DirectMemory：1827143680, 恢复 ：1
当前时间 ：2026-08-20 13:01:34send keng：2418, sheng ：4194304
decode keng：26, sheng ：2097152
world keng：12, sheng ：1048576

2026-08-20 13:01:39.682 INFO [pool-6-thread-1][:] - /****************流量统计******************/
LastReadBytes:0
LastReadThroughput:0
LastWrittenBytes:0
LastWriteThroughput:0
RealWrittenBytes:0
RealWriteThroughput:0
当前玩家的连接数量:0
当前地图的线程个数：9
当前地图的个数:47
当前数据库执行队列数:0
当前发送队列缓存的对象数量:0
totalMemory：1009254400, use ：778928320, free ：230326080DirectMemory：1827143680, 恢复 ：1
当前时间 ：2026-08-20 13:01:39send keng：2418, sheng ：4194304
decode keng：26, sheng ：2097152
world keng：12, sheng ：1048576

2026-08-20 13:01:44.682 INFO [pool-6-thread-6][:] - /****************流量统计******************/
LastReadBytes:0
LastReadThroughput:0
LastWrittenBytes:0
LastWriteThroughput:0
RealWrittenBytes:0
RealWriteThroughput:0
当前玩家的连接数量:0
当前地图的线程个数：9
当前地图的个数:47
当前数据库执行队列数:0
当前发送队列缓存的对象数量:0
totalMemory：1009254400, use ：783049120, free ：226205280DirectMemory：1827143680, 恢复 ：1
当前时间 ：2026-08-20 13:01:44send keng：2418, sheng ：4194304
decode keng：26, sheng ：2097152
world keng：12, sheng ：1048576

2026-08-20 13:01:49.682 INFO [pool-6-thread-4][:] - /****************流量统计******************/
LastReadBytes:0
LastReadThroughput:0
LastWrittenBytes:0
LastWriteThroughput:0
RealWrittenBytes:0
RealWriteThroughput:0
当前玩家的连接数量:0
当前地图的线程个数：9
当前地图的个数:47
当前数据库执行队列数:0
当前发送队列缓存的对象数量:0
totalMemory：1009254400, use ：785497520, free ：223756880DirectMemory：1827143680, 恢复 ：1
当前时间 ：2026-08-20 13:01:49send keng：2418, sheng ：4194304
decode keng：26, sheng ：2097152
world keng：12, sheng ：1048576

2026-08-20 13:01:54.682 INFO [pool-6-thread-8][:] - /****************流量统计******************/
LastReadBytes:0
LastReadThroughput:0
LastWrittenBytes:0
LastWriteThroughput:0
RealWrittenBytes:0
RealWriteThroughput:0
当前玩家的连接数量:0
当前地图的线程个数：9
当前地图的个数:47
当前数据库执行队列数:0
当前发送队列缓存的对象数量:0
totalMemory：1009254400, use ：789532120, free ：219722280DirectMemory：1827143680, 恢复 ：1
当前时间 ：2026-08-20 13:01:54send keng：2418, sheng ：4194304
decode keng：26, sheng ：2097152
world keng：12, sheng ：1048576

2026-08-20 13:01:59.682 INFO [pool-6-thread-4][:] - /****************流量统计******************/
LastReadBytes:0
LastReadThroughput:0
LastWrittenBytes:0
LastWriteThroughput:0
RealWrittenBytes:0
RealWriteThroughput:0
当前玩家的连接数量:0
当前地图的线程个数：9
当前地图的个数:47
当前数据库执行队列数:0
当前发送队列缓存的对象数量:0
totalMemory：1009254400, use ：792833776, free ：216420624DirectMemory：1827143680, 恢复 ：1
当前时间 ：2026-08-20 13:01:59send keng：2418, sheng ：4194304
decode keng：26, sheng ：2097152
world keng：12, sheng ：1048576

2026-08-20 13:02:04.682 INFO [pool-6-thread-7][:] - /****************流量统计******************/
LastReadBytes:0
LastReadThroughput:0
LastWrittenBytes:0
LastWriteThroughput:0
RealWrittenBytes:0
RealWriteThroughput:0
当前玩家的连接数量:0
当前地图的线程个数：9
当前地图的个数:47
当前数据库执行队列数:0
当前发送队列缓存的对象数量:0
totalMemory：1009254400, use ：424424288, free ：584830112DirectMemory：1827143680, 恢复 ：1
当前时间 ：2026-08-20 13:02:04send keng：2418, sheng ：4194304
decode keng：26, sheng ：2097152
world keng：12, sheng ：1048576

2026-08-20 13:02:09.682 INFO [pool-6-thread-10][:] - /****************流量统计******************/
LastReadBytes:0
LastReadThroughput:0
LastWrittenBytes:0
LastWriteThroughput:0
RealWrittenBytes:0
RealWriteThroughput:0
当前玩家的连接数量:0
当前地图的线程个数：9
当前地图的个数:47
当前数据库执行队列数:0
当前发送队列缓存的对象数量:0
totalMemory：1009254400, use ：425393400, free ：583861000DirectMemory：1827143680, 恢复 ：1
当前时间 ：2026-08-20 13:02:09send keng：2418, sheng ：4194304
decode keng：26, sheng ：2097152
world keng：12, sheng ：1048576

2026-08-20 13:02:14.682 INFO [pool-6-thread-6][:] - /****************流量统计******************/
LastReadBytes:0
LastReadThroughput:0
LastWrittenBytes:0
LastWriteThroughput:0
RealWrittenBytes:0
RealWriteThroughput:0
当前玩家的连接数量:0
当前地图的线程个数：9
当前地图的个数:47
当前数据库执行队列数:0
当前发送队列缓存的对象数量:0
totalMemory：1009254400, use ：431324128, free ：577930272DirectMemory：1827143680, 恢复 ：1
当前时间 ：2026-08-20 13:02:14send keng：2418, sheng ：4194304
decode keng：26, sheng ：2097152
world keng：12, sheng ：1048576

2026-08-20 13:02:19.682 INFO [pool-6-thread-8][:] - /****************流量统计******************/
LastReadBytes:0
LastReadThroughput:0
LastWrittenBytes:0
LastWriteThroughput:0
RealWrittenBytes:0
RealWriteThroughput:0
当前玩家的连接数量:0
当前地图的线程个数：9
当前地图的个数:47
当前数据库执行队列数:0
当前发送队列缓存的对象数量:0
totalMemory：1009254400, use ：433849728, free ：575404672DirectMemory：1827143680, 恢复 ：1
当前时间 ：2026-08-20 13:02:19send keng：2418, sheng ：4194304
decode keng：26, sheng ：2097152
world keng：12, sheng ：1048576

2026-08-20 13:02:24.682 INFO [pool-6-thread-5][:] - /****************流量统计******************/
LastReadBytes:0
LastReadThroughput:0
LastWrittenBytes:0
LastWriteThroughput:0
RealWrittenBytes:0
RealWriteThroughput:0
当前玩家的连接数量:0
当前地图的线程个数：9
当前地图的个数:47
当前数据库执行队列数:0
当前发送队列缓存的对象数量:0
totalMemory：1009254400, use ：438805728, free ：570448672DirectMemory：1827143680, 恢复 ：1
当前时间 ：2026-08-20 13:02:24send keng：2418, sheng ：4194304
decode keng：26, sheng ：2097152
world keng：12, sheng ：1048576

2026-08-20 13:02:29.684 INFO [pool-6-thread-6][:] - /****************流量统计******************/
LastReadBytes:0
LastReadThroughput:0
LastWrittenBytes:0
LastWriteThroughput:0
RealWrittenBytes:0
RealWriteThroughput:0
当前玩家的连接数量:0
当前地图的线程个数：9
当前地图的个数:47
当前数据库执行队列数:0
当前发送队列缓存的对象数量:0
totalMemory：1009254400, use ：439763856, free ：569490544DirectMemory：1827143680, 恢复 ：1
当前时间 ：2026-08-20 13:02:29send keng：2418, sheng ：4194304
decode keng：26, sheng ：2097152
world keng：12, sheng ：1048576

2026-08-20 13:02:34.682 INFO [pool-6-thread-5][:] - /****************流量统计******************/
LastReadBytes:0
LastReadThroughput:0
LastWrittenBytes:0
LastWriteThroughput:0
RealWrittenBytes:0
RealWriteThroughput:0
当前玩家的连接数量:0
当前地图的线程个数：9
当前地图的个数:47
当前数据库执行队列数:0
当前发送队列缓存的对象数量:0
totalMemory：1009254400, use ：446241256, free ：563013144DirectMemory：1827143680, 恢复 ：1
当前时间 ：2026-08-20 13:02:34send keng：2418, sheng ：4194304
decode keng：26, sheng ：2097152
world keng：12, sheng ：1048576

2026-08-20 13:02:39.682 INFO [pool-6-thread-8][:] - /****************流量统计******************/
LastReadBytes:0
LastReadThroughput:0
LastWrittenBytes:0
LastWriteThroughput:0
RealWrittenBytes:0
RealWriteThroughput:0
当前玩家的连接数量:0
当前地图的线程个数：9
当前地图的个数:47
当前数据库执行队列数:0
当前发送队列缓存的对象数量:0
totalMemory：1009254400, use ：448168184, free ：561086216DirectMemory：1827143680, 恢复 ：1
当前时间 ：2026-08-20 13:02:39send keng：2418, sheng ：4194304
decode keng：26, sheng ：2097152
world keng：12, sheng ：1048576

2026-08-20 13:02:44.682 INFO [pool-6-thread-6][:] - /****************流量统计******************/
LastReadBytes:0
LastReadThroughput:0
LastWrittenBytes:0
LastWriteThroughput:0
RealWrittenBytes:0
RealWriteThroughput:0
当前玩家的连接数量:0
当前地图的线程个数：9
当前地图的个数:47
当前数据库执行队列数:0
当前发送队列缓存的对象数量:0
totalMemory：1009254400, use ：453138880, free ：556115520DirectMemory：1827143680, 恢复 ：1
当前时间 ：2026-08-20 13:02:44send keng：2418, sheng ：4194304
decode keng：26, sheng ：2097152
world keng：12, sheng ：1048576

2026-08-20 13:02:49.682 INFO [pool-6-thread-2][:] - /****************流量统计******************/
LastReadBytes:0
LastReadThroughput:0
LastWrittenBytes:0
LastWriteThroughput:0
RealWrittenBytes:0
RealWriteThroughput:0
当前玩家的连接数量:0
当前地图的线程个数：9
当前地图的个数:47
当前数据库执行队列数:0
当前发送队列缓存的对象数量:0
totalMemory：1009254400, use ：455606864, free ：553647536DirectMemory：1827143680, 恢复 ：1
当前时间 ：2026-08-20 13:02:49send keng：2418, sheng ：4194304
decode keng：26, sheng ：2097152
world keng：12, sheng ：1048576

2026-08-20 13:02:54.682 INFO [pool-6-thread-6][:] - /****************流量统计******************/
LastReadBytes:0
LastReadThroughput:0
LastWrittenBytes:0
LastWriteThroughput:0
RealWrittenBytes:0
RealWriteThroughput:0
当前玩家的连接数量:0
当前地图的线程个数：9
当前地图的个数:47
当前数据库执行队列数:0
当前发送队列缓存的对象数量:0
totalMemory：1009254400, use ：459619504, free ：549634896DirectMemory：1827143680, 恢复 ：1
当前时间 ：2026-08-20 13:02:54send keng：2418, sheng ：4194304
decode keng：26, sheng ：2097152
world keng：12, sheng ：1048576

2026-08-20 13:02:59.682 INFO [pool-6-thread-4][:] - /****************流量统计******************/
LastReadBytes:0
LastReadThroughput:0
LastWrittenBytes:0
LastWriteThroughput:0
RealWrittenBytes:0
RealWriteThroughput:0
当前玩家的连接数量:0
当前地图的线程个数：9
当前地图的个数:47
当前数据库执行队列数:0
当前发送队列缓存的对象数量:0
totalMemory：1009254400, use ：462502752, free ：546751648DirectMemory：1827143680, 恢复 ：1
当前时间 ：2026-08-20 13:02:59send keng：2418, sheng ：4194304
decode keng：26, sheng ：2097152
world keng：12, sheng ：1048576

2026-08-20 13:03:04.682 INFO [pool-6-thread-4][:] - /****************流量统计******************/
LastReadBytes:0
LastReadThroughput:0
LastWrittenBytes:0
LastWriteThroughput:0
RealWrittenBytes:0
RealWriteThroughput:0
当前玩家的连接数量:0
当前地图的线程个数：9
当前地图的个数:47
当前数据库执行队列数:0
当前发送队列缓存的对象数量:0
totalMemory：1009254400, use ：467590968, free ：541663432DirectMemory：1827143680, 恢复 ：1
当前时间 ：2026-08-20 13:03:04send keng：2418, sheng ：4194304
decode keng：26, sheng ：2097152
world keng：12, sheng ：1048576

2026-08-20 13:03:09.682 INFO [pool-6-thread-10][:] - /****************流量统计******************/
LastReadBytes:0
LastReadThroughput:0
LastWrittenBytes:0
LastWriteThroughput:0
RealWrittenBytes:0
RealWriteThroughput:0
当前玩家的连接数量:0
当前地图的线程个数：9
当前地图的个数:47
当前数据库执行队列数:0
当前发送队列缓存的对象数量:0
totalMemory：1009254400, use ：469579496, free ：539674904DirectMemory：1827143680, 恢复 ：1
当前时间 ：2026-08-20 13:03:09send keng：2418, sheng ：4194304
decode keng：26, sheng ：2097152
world keng：12, sheng ：1048576

2026-08-20 13:03:14.682 INFO [pool-6-thread-1][:] - /****************流量统计******************/
LastReadBytes:0
LastReadThroughput:0
LastWrittenBytes:0
LastWriteThroughput:0
RealWrittenBytes:0
RealWriteThroughput:0
当前玩家的连接数量:0
当前地图的线程个数：9
当前地图的个数:47
当前数据库执行队列数:0
当前发送队列缓存的对象数量:0
totalMemory：1009254400, use ：475016616, free ：534237784DirectMemory：1827143680, 恢复 ：1
当前时间 ：2026-08-20 13:03:14send keng：2418, sheng ：4194304
decode keng：26, sheng ：2097152
world keng：12, sheng ：1048576

2026-08-20 13:03:19.682 INFO [pool-6-thread-6][:] - /****************流量统计******************/
LastReadBytes:0
LastReadThroughput:0
LastWrittenBytes:0
LastWriteThroughput:0
RealWrittenBytes:0
RealWriteThroughput:0
当前玩家的连接数量:0
当前地图的线程个数：9
当前地图的个数:47
当前数据库执行队列数:0
当前发送队列缓存的对象数量:0
totalMemory：1009254400, use ：477010952, free ：532243448DirectMemory：1827143680, 恢复 ：1
当前时间 ：2026-08-20 13:03:19send keng：2418, sheng ：4194304
decode keng：26, sheng ：2097152
world keng：12, sheng ：1048576

2026-08-20 13:03:24.683 INFO [pool-6-thread-10][:] - /****************流量统计******************/
LastReadBytes:0
LastReadThroughput:0
LastWrittenBytes:0
LastWriteThroughput:0
RealWrittenBytes:0
RealWriteThroughput:0
当前玩家的连接数量:0
当前地图的线程个数：9
当前地图的个数:47
当前数据库执行队列数:0
当前发送队列缓存的对象数量:0
totalMemory：1009254400, use ：481883232, free ：527371168DirectMemory：1827143680, 恢复 ：1
当前时间 ：2026-08-20 13:03:24send keng：2418, sheng ：4194304
decode keng：26, sheng ：2097152
world keng：12, sheng ：1048576

2026-08-20 13:03:29.682 INFO [pool-6-thread-8][:] - /****************流量统计******************/
LastReadBytes:0
LastReadThroughput:0
LastWrittenBytes:0
LastWriteThroughput:0
RealWrittenBytes:0
RealWriteThroughput:0
当前玩家的连接数量:0
当前地图的线程个数：9
当前地图的个数:47
当前数据库执行队列数:0
当前发送队列缓存的对象数量:0
totalMemory：1009254400, use ：484452952, free ：524801448DirectMemory：1827143680, 恢复 ：1
当前时间 ：2026-08-20 13:03:29send keng：2418, sheng ：4194304
decode keng：26, sheng ：2097152
world keng：12, sheng ：1048576

2026-08-20 13:03:34.682 INFO [pool-6-thread-3][:] - /****************流量统计******************/
LastReadBytes:0
LastReadThroughput:0
LastWrittenBytes:0
LastWriteThroughput:0
RealWrittenBytes:0
RealWriteThroughput:0
当前玩家的连接数量:0
当前地图的线程个数：9
当前地图的个数:47
当前数据库执行队列数:0
当前发送队列缓存的对象数量:0
totalMemory：1009254400, use ：488927768, free ：520326632DirectMemory：1827143680, 恢复 ：1
当前时间 ：2026-08-20 13:03:34send keng：2418, sheng ：4194304
decode keng：26, sheng ：2097152
world keng：12, sheng ：1048576

2026-08-20 13:03:39.682 INFO [pool-6-thread-1][:] - /****************流量统计******************/
LastReadBytes:0
LastReadThroughput:0
LastWrittenBytes:0
LastWriteThroughput:0
RealWrittenBytes:0
RealWriteThroughput:0
当前玩家的连接数量:0
当前地图的线程个数：9
当前地图的个数:47
当前数据库执行队列数:0
当前发送队列缓存的对象数量:0
totalMemory：1009254400, use ：491400672, free ：517853728DirectMemory：1827143680, 恢复 ：1
当前时间 ：2026-08-20 13:03:39send keng：2418, sheng ：4194304
decode keng：26, sheng ：2097152
world keng：12, sheng ：1048576

2026-08-20 13:03:44.682 INFO [pool-6-thread-7][:] - /****************流量统计******************/
LastReadBytes:0
LastReadThroughput:0
LastWrittenBytes:0
LastWriteThroughput:0
RealWrittenBytes:0
RealWriteThroughput:0
当前玩家的连接数量:0
当前地图的线程个数：9
当前地图的个数:47
当前数据库执行队列数:0
当前发送队列缓存的对象数量:0
totalMemory：1009254400, use ：493531248, free ：515723152DirectMemory：1827143680, 恢复 ：1
当前时间 ：2026-08-20 13:03:44send keng：2418, sheng ：4194304
decode keng：26, sheng ：2097152
world keng：12, sheng ：1048576

2026-08-20 13:03:49.682 INFO [pool-6-thread-1][:] - /****************流量统计******************/
LastReadBytes:0
LastReadThroughput:0
LastWrittenBytes:0
LastWriteThroughput:0
RealWrittenBytes:0
RealWriteThroughput:0
当前玩家的连接数量:0
当前地图的线程个数：9
当前地图的个数:47
当前数据库执行队列数:0
当前发送队列缓存的对象数量:0
totalMemory：1009254400, use ：498783544, free ：510470856DirectMemory：1827143680, 恢复 ：1
当前时间 ：2026-08-20 13:03:49send keng：2418, sheng ：4194304
decode keng：26, sheng ：2097152
world keng：12, sheng ：1048576

2026-08-20 13:03:54.682 INFO [pool-6-thread-1][:] - /****************流量统计******************/
LastReadBytes:0
LastReadThroughput:0
LastWrittenBytes:0
LastWriteThroughput:0
RealWrittenBytes:0
RealWriteThroughput:0
当前玩家的连接数量:0
当前地图的线程个数：9
当前地图的个数:47
当前数据库执行队列数:0
当前发送队列缓存的对象数量:0
totalMemory：1009254400, use ：500819624, free ：508434776DirectMemory：1827143680, 恢复 ：1
当前时间 ：2026-08-20 13:03:54send keng：2418, sheng ：4194304
decode keng：26, sheng ：2097152
world keng：12, sheng ：1048576

2026-08-20 13:03:59.682 INFO [pool-6-thread-10][:] - /****************流量统计******************/
LastReadBytes:0
LastReadThroughput:0
LastWrittenBytes:0
LastWriteThroughput:0
RealWrittenBytes:0
RealWriteThroughput:0
当前玩家的连接数量:0
当前地图的线程个数：9
当前地图的个数:47
当前数据库执行队列数:0
当前发送队列缓存的对象数量:0
totalMemory：1009254400, use ：506220912, free ：503033488DirectMemory：1827143680, 恢复 ：1
当前时间 ：2026-08-20 13:03:59send keng：2418, sheng ：4194304
decode keng：26, sheng ：2097152
world keng：12, sheng ：1048576

2026-08-20 13:04:04.682 INFO [pool-6-thread-4][:] - /****************流量统计******************/
LastReadBytes:0
LastReadThroughput:0
LastWrittenBytes:0
LastWriteThroughput:0
RealWrittenBytes:0
RealWriteThroughput:0
当前玩家的连接数量:0
当前地图的线程个数：9
当前地图的个数:47
当前数据库执行队列数:0
当前发送队列缓存的对象数量:0
totalMemory：1009254400, use ：508282192, free ：500972208DirectMemory：1827143680, 恢复 ：1
当前时间 ：2026-08-20 13:04:04send keng：2418, sheng ：4194304
decode keng：26, sheng ：2097152
world keng：12, sheng ：1048576

2026-08-20 13:04:09.682 INFO [pool-6-thread-3][:] - /****************流量统计******************/
LastReadBytes:0
LastReadThroughput:0
LastWrittenBytes:0
LastWriteThroughput:0
RealWrittenBytes:0
RealWriteThroughput:0
当前玩家的连接数量:0
当前地图的线程个数：9
当前地图的个数:47
当前数据库执行队列数:0
当前发送队列缓存的对象数量:0
totalMemory：1009254400, use ：513704344, free ：495550056DirectMemory：1827143680, 恢复 ：1
当前时间 ：2026-08-20 13:04:09send keng：2418, sheng ：4194304
decode keng：26, sheng ：2097152
world keng：12, sheng ：1048576

2026-08-20 13:04:14.682 INFO [pool-6-thread-9][:] - /****************流量统计******************/
LastReadBytes:0
LastReadThroughput:0
LastWrittenBytes:0
LastWriteThroughput:0
RealWrittenBytes:0
RealWriteThroughput:0
当前玩家的连接数量:0
当前地图的线程个数：9
当前地图的个数:47
当前数据库执行队列数:0
当前发送队列缓存的对象数量:0
totalMemory：1009254400, use ：516189440, free ：493064960DirectMemory：1827143680, 恢复 ：1
当前时间 ：2026-08-20 13:04:14send keng：2418, sheng ：4194304
decode keng：26, sheng ：2097152
world keng：12, sheng ：1048576

2026-08-20 13:04:19.682 INFO [pool-6-thread-5][:] - /****************流量统计******************/
LastReadBytes:0
LastReadThroughput:0
LastWrittenBytes:0
LastWriteThroughput:0
RealWrittenBytes:0
RealWriteThroughput:0
当前玩家的连接数量:0
当前地图的线程个数：9
当前地图的个数:47
当前数据库执行队列数:0
当前发送队列缓存的对象数量:0
totalMemory：1009254400, use ：521184576, free ：488069824DirectMemory：1827143680, 恢复 ：1
当前时间 ：2026-08-20 13:04:19send keng：2418, sheng ：4194304
decode keng：26, sheng ：2097152
world keng：12, sheng ：1048576

2026-08-20 13:04:24.682 INFO [pool-6-thread-4][:] - /****************流量统计******************/
LastReadBytes:0
LastReadThroughput:0
LastWrittenBytes:0
LastWriteThroughput:0
RealWrittenBytes:0
RealWriteThroughput:0
当前玩家的连接数量:0
当前地图的线程个数：9
当前地图的个数:47
当前数据库执行队列数:0
当前发送队列缓存的对象数量:0
totalMemory：1009254400, use ：522160568, free ：487093832DirectMemory：1827143680, 恢复 ：1
当前时间 ：2026-08-20 13:04:24send keng：2418, sheng ：4194304
decode keng：26, sheng ：2097152
world keng：12, sheng ：1048576

2026-08-20 13:04:29.682 INFO [pool-6-thread-8][:] - /****************流量统计******************/
LastReadBytes:0
LastReadThroughput:0
LastWrittenBytes:0
LastWriteThroughput:0
RealWrittenBytes:0
RealWriteThroughput:0
当前玩家的连接数量:0
当前地图的线程个数：9
当前地图的个数:47
当前数据库执行队列数:0
当前发送队列缓存的对象数量:0
totalMemory：1009254400, use ：528147760, free ：481106640DirectMemory：1827143680, 恢复 ：1
当前时间 ：2026-08-20 13:04:29send keng：2418, sheng ：4194304
decode keng：26, sheng ：2097152
world keng：12, sheng ：1048576

2026-08-20 13:04:34.682 INFO [pool-6-thread-9][:] - /****************流量统计******************/
LastReadBytes:0
LastReadThroughput:0
LastWrittenBytes:0
LastWriteThroughput:0
RealWrittenBytes:0
RealWriteThroughput:0
当前玩家的连接数量:0
当前地图的线程个数：9
当前地图的个数:47
当前数据库执行队列数:0
当前发送队列缓存的对象数量:0
totalMemory：1009254400, use ：529107760, free ：480146640DirectMemory：1827143680, 恢复 ：1
当前时间 ：2026-08-20 13:04:34send keng：2418, sheng ：4194304
decode keng：26, sheng ：2097152
world keng：12, sheng ：1048576

2026-08-20 13:04:39.682 INFO [pool-6-thread-10][:] - /****************流量统计******************/
LastReadBytes:0
LastReadThroughput:0
LastWrittenBytes:0
LastWriteThroughput:0
RealWrittenBytes:0
RealWriteThroughput:0
当前玩家的连接数量:0
当前地图的线程个数：9
当前地图的个数:47
当前数据库执行队列数:0
当前发送队列缓存的对象数量:0
totalMemory：1009254400, use ：535044072, free ：474210328DirectMemory：1827143680, 恢复 ：1
当前时间 ：2026-08-20 13:04:39send keng：2418, sheng ：4194304
decode keng：26, sheng ：2097152
world keng：12, sheng ：1048576

2026-08-20 13:04:44.682 INFO [pool-6-thread-4][:] - /****************流量统计******************/
LastReadBytes:0
LastReadThroughput:0
LastWrittenBytes:0
LastWriteThroughput:0
RealWrittenBytes:0
RealWriteThroughput:0
当前玩家的连接数量:0
当前地图的线程个数：9
当前地图的个数:47
当前数据库执行队列数:0
当前发送队列缓存的对象数量:0
totalMemory：1009254400, use ：537537096, free ：471717304DirectMemory：1827143680, 恢复 ：1
当前时间 ：2026-08-20 13:04:44send keng：2418, sheng ：4194304
decode keng：26, sheng ：2097152
world keng：12, sheng ：1048576

2026-08-20 13:04:49.682 INFO [pool-6-thread-5][:] - /****************流量统计******************/
LastReadBytes:0
LastReadThroughput:0
LastWrittenBytes:0
LastWriteThroughput:0
RealWrittenBytes:0
RealWriteThroughput:0
当前玩家的连接数量:0
当前地图的线程个数：9
当前地图的个数:47
当前数据库执行队列数:0
当前发送队列缓存的对象数量:0
totalMemory：1009254400, use ：541509136, free ：467745264DirectMemory：1827143680, 恢复 ：1
当前时间 ：2026-08-20 13:04:49send keng：2418, sheng ：4194304
decode keng：26, sheng ：2097152
world keng：12, sheng ：1048576

2026-08-20 13:04:54.687 INFO [pool-6-thread-2][:] - /****************流量统计******************/
LastReadBytes:0
LastReadThroughput:0
LastWrittenBytes:0
LastWriteThroughput:0
RealWrittenBytes:0
RealWriteThroughput:0
当前玩家的连接数量:0
当前地图的线程个数：9
当前地图的个数:47
当前数据库执行队列数:0
当前发送队列缓存的对象数量:0
totalMemory：1009254400, use ：544417024, free ：464837376DirectMemory：1827143680, 恢复 ：1
当前时间 ：2026-08-20 13:04:54send keng：2418, sheng ：4194304
decode keng：26, sheng ：2097152
world keng：12, sheng ：1048576

2026-08-20 13:04:59.682 INFO [pool-6-thread-2][:] - /****************流量统计******************/
LastReadBytes:0
LastReadThroughput:0
LastWrittenBytes:0
LastWriteThroughput:0
RealWrittenBytes:0
RealWriteThroughput:0
当前玩家的连接数量:0
当前地图的线程个数：9
当前地图的个数:47
当前数据库执行队列数:0
当前发送队列缓存的对象数量:0
totalMemory：1009254400, use ：548905672, free ：460348728DirectMemory：1827143680, 恢复 ：1
当前时间 ：2026-08-20 13:04:59send keng：2418, sheng ：4194304
decode keng：26, sheng ：2097152
world keng：12, sheng ：1048576

2026-08-20 13:05:04.684 INFO [pool-6-thread-4][:] - /****************流量统计******************/
LastReadBytes:0
LastReadThroughput:0
LastWrittenBytes:0
LastWriteThroughput:0
RealWrittenBytes:0
RealWriteThroughput:0
当前玩家的连接数量:0
当前地图的线程个数：9
当前地图的个数:47
当前数据库执行队列数:0
当前发送队列缓存的对象数量:0
totalMemory：1009254400, use ：552480792, free ：456773608DirectMemory：1827143680, 恢复 ：1
当前时间 ：2026-08-20 13:05:04send keng：2418, sheng ：4194304
decode keng：26, sheng ：2097152
world keng：12, sheng ：1048576

2026-08-20 13:05:09.682 INFO [pool-6-thread-6][:] - /****************流量统计******************/
LastReadBytes:0
LastReadThroughput:0
LastWrittenBytes:0
LastWriteThroughput:0
RealWrittenBytes:0
RealWriteThroughput:0
当前玩家的连接数量:0
当前地图的线程个数：9
当前地图的个数:47
当前数据库执行队列数:0
当前发送队列缓存的对象数量:0
totalMemory：1009254400, use ：556216576, free ：453037824DirectMemory：1827143680, 恢复 ：1
当前时间 ：2026-08-20 13:05:09send keng：2418, sheng ：4194304
decode keng：26, sheng ：2097152
world keng：12, sheng ：1048576

2026-08-20 13:05:14.682 INFO [pool-6-thread-6][:] - /****************流量统计******************/
LastReadBytes:0
LastReadThroughput:0
LastWrittenBytes:0
LastWriteThroughput:0
RealWrittenBytes:0
RealWriteThroughput:0
当前玩家的连接数量:0
当前地图的线程个数：9
当前地图的个数:47
当前数据库执行队列数:0
当前发送队列缓存的对象数量:0
totalMemory：1009254400, use ：559345664, free ：449908736DirectMemory：1827143680, 恢复 ：1
当前时间 ：2026-08-20 13:05:14send keng：2418, sheng ：4194304
decode keng：26, sheng ：2097152
world keng：12, sheng ：1048576

2026-08-20 13:05:19.682 INFO [pool-6-thread-2][:] - /****************流量统计******************/
LastReadBytes:0
LastReadThroughput:0
LastWrittenBytes:0
LastWriteThroughput:0
RealWrittenBytes:0
RealWriteThroughput:0
当前玩家的连接数量:0
当前地图的线程个数：9
当前地图的个数:47
当前数据库执行队列数:0
当前发送队列缓存的对象数量:0
totalMemory：1009254400, use ：563520704, free ：445733696DirectMemory：1827143680, 恢复 ：1
当前时间 ：2026-08-20 13:05:19send keng：2418, sheng ：4194304
decode keng：26, sheng ：2097152
world keng：12, sheng ：1048576

2026-08-20 13:05:24.682 INFO [pool-6-thread-7][:] - /****************流量统计******************/
LastReadBytes:0
LastReadThroughput:0
LastWrittenBytes:0
LastWriteThroughput:0
RealWrittenBytes:0
RealWriteThroughput:0
当前玩家的连接数量:0
当前地图的线程个数：9
当前地图的个数:47
当前数据库执行队列数:0
当前发送队列缓存的对象数量:0
totalMemory：1009254400, use ：566340624, free ：442913776DirectMemory：1827143680, 恢复 ：1
当前时间 ：2026-08-20 13:05:24send keng：2418, sheng ：4194304
decode keng：26, sheng ：2097152
world keng：12, sheng ：1048576

2026-08-20 13:05:29.682 INFO [pool-6-thread-4][:] - /****************流量统计******************/
LastReadBytes:0
LastReadThroughput:0
LastWrittenBytes:0
LastWriteThroughput:0
RealWrittenBytes:0
RealWriteThroughput:0
当前玩家的连接数量:0
当前地图的线程个数：9
当前地图的个数:47
当前数据库执行队列数:0
当前发送队列缓存的对象数量:0
totalMemory：1009254400, use ：570264312, free ：438990088DirectMemory：1827143680, 恢复 ：1
当前时间 ：2026-08-20 13:05:29send keng：2418, sheng ：4194304
decode keng：26, sheng ：2097152
world keng：12, sheng ：1048576

2026-08-20 13:05:34.682 INFO [pool-6-thread-5][:] - /****************流量统计******************/
LastReadBytes:0
LastReadThroughput:0
LastWrittenBytes:0
LastWriteThroughput:0
RealWrittenBytes:0
RealWriteThroughput:0
当前玩家的连接数量:0
当前地图的线程个数：9
当前地图的个数:47
当前数据库执行队列数:0
当前发送队列缓存的对象数量:0
totalMemory：1009254400, use ：573312680, free ：435941720DirectMemory：1827143680, 恢复 ：1
当前时间 ：2026-08-20 13:05:34send keng：2418, sheng ：4194304
decode keng：26, sheng ：2097152
world keng：12, sheng ：1048576

2026-08-20 13:05:39.682 INFO [pool-6-thread-5][:] - /****************流量统计******************/
LastReadBytes:0
LastReadThroughput:0
LastWrittenBytes:0
LastWriteThroughput:0
RealWrittenBytes:0
RealWriteThroughput:0
当前玩家的连接数量:0
当前地图的线程个数：9
当前地图的个数:47
当前数据库执行队列数:0
当前发送队列缓存的对象数量:0
totalMemory：1009254400, use ：575965744, free ：433288656DirectMemory：1827143680, 恢复 ：1
当前时间 ：2026-08-20 13:05:39send keng：2418, sheng ：4194304
decode keng：26, sheng ：2097152
world keng：12, sheng ：1048576

2026-08-20 13:05:44.682 INFO [pool-6-thread-1][:] - /****************流量统计******************/
LastReadBytes:0
LastReadThroughput:0
LastWrittenBytes:0
LastWriteThroughput:0
RealWrittenBytes:0
RealWriteThroughput:0
当前玩家的连接数量:0
当前地图的线程个数：9
当前地图的个数:47
当前数据库执行队列数:0
当前发送队列缓存的对象数量:0
totalMemory：1009254400, use ：580699432, free ：428554968DirectMemory：1827143680, 恢复 ：1
当前时间 ：2026-08-20 13:05:44send keng：2418, sheng ：4194304
decode keng：26, sheng ：2097152
world keng：12, sheng ：1048576

2026-08-20 13:05:49.682 INFO [pool-6-thread-10][:] - /****************流量统计******************/
LastReadBytes:0
LastReadThroughput:0
LastWrittenBytes:0
LastWriteThroughput:0
RealWrittenBytes:0
RealWriteThroughput:0
当前玩家的连接数量:0
当前地图的线程个数：9
当前地图的个数:47
当前数据库执行队列数:0
当前发送队列缓存的对象数量:0
totalMemory：1009254400, use ：582821296, free ：426433104DirectMemory：1827143680, 恢复 ：1
当前时间 ：2026-08-20 13:05:49send keng：2418, sheng ：4194304
decode keng：26, sheng ：2097152
world keng：12, sheng ：1048576

2026-08-20 13:05:54.682 INFO [pool-6-thread-9][:] - /****************流量统计******************/
LastReadBytes:0
LastReadThroughput:0
LastWrittenBytes:0
LastWriteThroughput:0
RealWrittenBytes:0
RealWriteThroughput:0
当前玩家的连接数量:0
当前地图的线程个数：9
当前地图的个数:47
当前数据库执行队列数:0
当前发送队列缓存的对象数量:0
totalMemory：1009254400, use ：588121312, free ：421133088DirectMemory：1827143680, 恢复 ：1
当前时间 ：2026-08-20 13:05:54send keng：2418, sheng ：4194304
decode keng：26, sheng ：2097152
world keng：12, sheng ：1048576

2026-08-20 13:05:59.682 INFO [pool-6-thread-4][:] - /****************流量统计******************/
LastReadBytes:0
LastReadThroughput:0
LastWrittenBytes:0
LastWriteThroughput:0
RealWrittenBytes:0
RealWriteThroughput:0
当前玩家的连接数量:0
当前地图的线程个数：9
当前地图的个数:47
当前数据库执行队列数:0
当前发送队列缓存的对象数量:0
totalMemory：1009254400, use ：590101832, free ：419152568DirectMemory：1827143680, 恢复 ：1
当前时间 ：2026-08-20 13:05:59send keng：2418, sheng ：4194304
decode keng：26, sheng ：2097152
world keng：12, sheng ：1048576

2026-08-20 13:06:04.682 INFO [pool-6-thread-1][:] - /****************流量统计******************/
LastReadBytes:0
LastReadThroughput:0
LastWrittenBytes:0
LastWriteThroughput:0
RealWrittenBytes:0
RealWriteThroughput:0
当前玩家的连接数量:0
当前地图的线程个数：9
当前地图的个数:47
当前数据库执行队列数:0
当前发送队列缓存的对象数量:0
totalMemory：1009254400, use ：595150072, free ：414104328DirectMemory：1827143680, 恢复 ：1
当前时间 ：2026-08-20 13:06:04send keng：2418, sheng ：4194304
decode keng：26, sheng ：2097152
world keng：12, sheng ：1048576

2026-08-20 13:06:09.682 INFO [pool-6-thread-2][:] - /****************流量统计******************/
LastReadBytes:0
LastReadThroughput:0
LastWrittenBytes:0
LastWriteThroughput:0
RealWrittenBytes:0
RealWriteThroughput:0
当前玩家的连接数量:0
当前地图的线程个数：9
当前地图的个数:47
当前数据库执行队列数:0
当前发送队列缓存的对象数量:0
totalMemory：1009254400, use ：597153696, free ：412100704DirectMemory：1827143680, 恢复 ：1
当前时间 ：2026-08-20 13:06:09send keng：2418, sheng ：4194304
decode keng：26, sheng ：2097152
world keng：12, sheng ：1048576

2026-08-20 13:06:14.682 INFO [pool-6-thread-2][:] - /****************流量统计******************/
LastReadBytes:0
LastReadThroughput:0
LastWrittenBytes:0
LastWriteThroughput:0
RealWrittenBytes:0
RealWriteThroughput:0
当前玩家的连接数量:0
当前地图的线程个数：9
当前地图的个数:47
当前数据库执行队列数:0
当前发送队列缓存的对象数量:0
totalMemory：1009254400, use ：601619416, free ：407634984DirectMemory：1827143680, 恢复 ：1
当前时间 ：2026-08-20 13:06:14send keng：2418, sheng ：4194304
decode keng：26, sheng ：2097152
world keng：12, sheng ：1048576

2026-08-20 13:06:19.682 INFO [pool-6-thread-9][:] - /****************流量统计******************/
LastReadBytes:0
LastReadThroughput:0
LastWrittenBytes:0
LastWriteThroughput:0
RealWrittenBytes:0
RealWriteThroughput:0
当前玩家的连接数量:0
当前地图的线程个数：9
当前地图的个数:47
当前数据库执行队列数:0
当前发送队列缓存的对象数量:0
totalMemory：1009254400, use ：604085184, free ：405169216DirectMemory：1827143680, 恢复 ：1
当前时间 ：2026-08-20 13:06:19send keng：2418, sheng ：4194304
decode keng：26, sheng ：2097152
world keng：12, sheng ：1048576

2026-08-20 13:06:24.682 INFO [pool-6-thread-9][:] - /****************流量统计******************/
LastReadBytes:0
LastReadThroughput:0
LastWrittenBytes:0
LastWriteThroughput:0
RealWrittenBytes:0
RealWriteThroughput:0
当前玩家的连接数量:0
当前地图的线程个数：9
当前地图的个数:47
当前数据库执行队列数:0
当前发送队列缓存的对象数量:0
totalMemory：1009254400, use ：609093688, free ：400160712DirectMemory：1827143680, 恢复 ：1
当前时间 ：2026-08-20 13:06:24send keng：2418, sheng ：4194304
decode keng：26, sheng ：2097152
world keng：12, sheng ：1048576

2026-08-20 13:06:29.682 INFO [pool-6-thread-8][:] - /****************流量统计******************/
LastReadBytes:0
LastReadThroughput:0
LastWrittenBytes:0
LastWriteThroughput:0
RealWrittenBytes:0
RealWriteThroughput:0
当前玩家的连接数量:0
当前地图的线程个数：9
当前地图的个数:47
当前数据库执行队列数:0
当前发送队列缓存的对象数量:0
totalMemory：1009254400, use ：611535968, free ：397718432DirectMemory：1827143680, 恢复 ：1
当前时间 ：2026-08-20 13:06:29send keng：2418, sheng ：4194304
decode keng：26, sheng ：2097152
world keng：12, sheng ：1048576

2026-08-20 13:06:34.683 INFO [pool-6-thread-2][:] - /****************流量统计******************/
LastReadBytes:0
LastReadThroughput:0
LastWrittenBytes:0
LastWriteThroughput:0
RealWrittenBytes:0
RealWriteThroughput:0
当前玩家的连接数量:0
当前地图的线程个数：9
当前地图的个数:47
当前数据库执行队列数:0
当前发送队列缓存的对象数量:0
totalMemory：1009254400, use ：616424400, free ：392830000DirectMemory：1827143680, 恢复 ：1
当前时间 ：2026-08-20 13:06:34send keng：2418, sheng ：4194304
decode keng：26, sheng ：2097152
world keng：12, sheng ：1048576

2026-08-20 13:06:39.682 INFO [pool-6-thread-5][:] - /****************流量统计******************/
LastReadBytes:0
LastReadThroughput:0
LastWrittenBytes:0
LastWriteThroughput:0
RealWrittenBytes:0
RealWriteThroughput:0
当前玩家的连接数量:0
当前地图的线程个数：9
当前地图的个数:47
当前数据库执行队列数:0
当前发送队列缓存的对象数量:0
totalMemory：1009254400, use ：618472304, free ：390782096DirectMemory：1827143680, 恢复 ：1
当前时间 ：2026-08-20 13:06:39send keng：2418, sheng ：4194304
decode keng：26, sheng ：2097152
world keng：12, sheng ：1048576

2026-08-20 13:06:44.682 INFO [pool-6-thread-3][:] - /****************流量统计******************/
LastReadBytes:0
LastReadThroughput:0
LastWrittenBytes:0
LastWriteThroughput:0
RealWrittenBytes:0
RealWriteThroughput:0
当前玩家的连接数量:0
当前地图的线程个数：9
当前地图的个数:47
当前数据库执行队列数:0
当前发送队列缓存的对象数量:0
totalMemory：1009254400, use ：623247600, free ：386006800DirectMemory：1827143680, 恢复 ：1
当前时间 ：2026-08-20 13:06:44send keng：2418, sheng ：4194304
decode keng：26, sheng ：2097152
world keng：12, sheng ：1048576

2026-08-20 13:06:49.682 INFO [pool-6-thread-4][:] - /****************流量统计******************/
LastReadBytes:0
LastReadThroughput:0
LastWrittenBytes:0
LastWriteThroughput:0
RealWrittenBytes:0
RealWriteThroughput:0
当前玩家的连接数量:0
当前地图的线程个数：9
当前地图的个数:47
当前数据库执行队列数:0
当前发送队列缓存的对象数量:0
totalMemory：1009254400, use ：625853960, free ：383400440DirectMemory：1827143680, 恢复 ：1
当前时间 ：2026-08-20 13:06:49send keng：2418, sheng ：4194304
decode keng：26, sheng ：2097152
world keng：12, sheng ：1048576

2026-08-20 13:06:54.682 INFO [pool-6-thread-7][:] - /****************流量统计******************/
LastReadBytes:0
LastReadThroughput:0
LastWrittenBytes:0
LastWriteThroughput:0
RealWrittenBytes:0
RealWriteThroughput:0
当前玩家的连接数量:0
当前地图的线程个数：9
当前地图的个数:47
当前数据库执行队列数:0
当前发送队列缓存的对象数量:0
totalMemory：1009254400, use ：630082920, free ：379171480DirectMemory：1827143680, 恢复 ：1
当前时间 ：2026-08-20 13:06:54send keng：2418, sheng ：4194304
decode keng：26, sheng ：2097152
world keng：12, sheng ：1048576

2026-08-20 13:06:59.682 INFO [pool-6-thread-3][:] - /****************流量统计******************/
LastReadBytes:0
LastReadThroughput:0
LastWrittenBytes:0
LastWriteThroughput:0
RealWrittenBytes:0
RealWriteThroughput:0
当前玩家的连接数量:0
当前地图的线程个数：9
当前地图的个数:47
当前数据库执行队列数:0
当前发送队列缓存的对象数量:0
totalMemory：1009254400, use ：633304792, free ：375949608DirectMemory：1827143680, 恢复 ：1
当前时间 ：2026-08-20 13:06:59send keng：2418, sheng ：4194304
decode keng：26, sheng ：2097152
world keng：12, sheng ：1048576

2026-08-20 13:07:04.682 INFO [pool-6-thread-10][:] - /****************流量统计******************/
LastReadBytes:0
LastReadThroughput:0
LastWrittenBytes:0
LastWriteThroughput:0
RealWrittenBytes:0
RealWriteThroughput:0
当前玩家的连接数量:0
当前地图的线程个数：9
当前地图的个数:47
当前数据库执行队列数:0
当前发送队列缓存的对象数量:0
totalMemory：1009254400, use ：637502936, free ：371751464DirectMemory：1827143680, 恢复 ：1
当前时间 ：2026-08-20 13:07:04send keng：2418, sheng ：4194304
decode keng：26, sheng ：2097152
world keng：12, sheng ：1048576

2026-08-20 13:07:09.682 INFO [pool-6-thread-2][:] - /****************流量统计******************/
LastReadBytes:0
LastReadThroughput:0
LastWrittenBytes:0
LastWriteThroughput:0
RealWrittenBytes:0
RealWriteThroughput:0
当前玩家的连接数量:0
当前地图的线程个数：9
当前地图的个数:47
当前数据库执行队列数:0
当前发送队列缓存的对象数量:0
totalMemory：1009254400, use ：640315504, free ：368938896DirectMemory：1827143680, 恢复 ：1
当前时间 ：2026-08-20 13:07:09send keng：2418, sheng ：4194304
decode keng：26, sheng ：2097152
world keng：12, sheng ：1048576

2026-08-20 13:07:14.682 INFO [pool-6-thread-9][:] - /****************流量统计******************/
LastReadBytes:0
LastReadThroughput:0
LastWrittenBytes:0
LastWriteThroughput:0
RealWrittenBytes:0
RealWriteThroughput:0
当前玩家的连接数量:0
当前地图的线程个数：9
当前地图的个数:47
当前数据库执行队列数:0
当前发送队列缓存的对象数量:0
totalMemory：1009254400, use ：645336240, free ：363918160DirectMemory：1827143680, 恢复 ：1
当前时间 ：2026-08-20 13:07:14send keng：2418, sheng ：4194304
decode keng：26, sheng ：2097152
world keng：12, sheng ：1048576

2026-08-20 13:07:19.682 INFO [pool-6-thread-8][:] - /****************流量统计******************/
LastReadBytes:0
LastReadThroughput:0
LastWrittenBytes:0
LastWriteThroughput:0
RealWrittenBytes:0
RealWriteThroughput:0
当前玩家的连接数量:0
当前地图的线程个数：9
当前地图的个数:47
当前数据库执行队列数:0
当前发送队列缓存的对象数量:0
totalMemory：1009254400, use ：648286304, free ：360968096DirectMemory：1827143680, 恢复 ：1
当前时间 ：2026-08-20 13:07:19send keng：2418, sheng ：4194304
decode keng：26, sheng ：2097152
world keng：12, sheng ：1048576

2026-08-20 13:07:24.682 INFO [pool-6-thread-1][:] - /****************流量统计******************/
LastReadBytes:0
LastReadThroughput:0
LastWrittenBytes:0
LastWriteThroughput:0
RealWrittenBytes:0
RealWriteThroughput:0
当前玩家的连接数量:0
当前地图的线程个数：9
当前地图的个数:47
当前数据库执行队列数:0
当前发送队列缓存的对象数量:0
totalMemory：1009254400, use ：651176248, free ：358078152DirectMemory：1827143680, 恢复 ：1
当前时间 ：2026-08-20 13:07:24send keng：2418, sheng ：4194304
decode keng：26, sheng ：2097152
world keng：12, sheng ：1048576

2026-08-20 13:07:29.682 INFO [pool-6-thread-5][:] - /****************流量统计******************/
LastReadBytes:0
LastReadThroughput:0
LastWrittenBytes:0
LastWriteThroughput:0
RealWrittenBytes:0
RealWriteThroughput:0
当前玩家的连接数量:0
当前地图的线程个数：9
当前地图的个数:47
当前数据库执行队列数:0
当前发送队列缓存的对象数量:0
totalMemory：1009254400, use ：655725952, free ：353528448DirectMemory：1827143680, 恢复 ：1
当前时间 ：2026-08-20 13:07:29send keng：2418, sheng ：4194304
decode keng：26, sheng ：2097152
world keng：12, sheng ：1048576

2026-08-20 13:07:34.692 INFO [pool-6-thread-4][:] - /****************流量统计******************/
LastReadBytes:0
LastReadThroughput:0
LastWrittenBytes:0
LastWriteThroughput:0
RealWrittenBytes:0
RealWriteThroughput:0
当前玩家的连接数量:0
当前地图的线程个数：9
当前地图的个数:47
当前数据库执行队列数:0
当前发送队列缓存的对象数量:0
totalMemory：1009254400, use ：658243280, free ：351011120DirectMemory：1827143680, 恢复 ：1
当前时间 ：2026-08-20 13:07:34send keng：2418, sheng ：4194304
decode keng：26, sheng ：2097152
world keng：12, sheng ：1048576

2026-08-20 13:07:39.682 INFO [pool-6-thread-7][:] - /****************流量统计******************/
LastReadBytes:0
LastReadThroughput:0
LastWrittenBytes:0
LastWriteThroughput:0
RealWrittenBytes:0
RealWriteThroughput:0
当前玩家的连接数量:0
当前地图的线程个数：9
当前地图的个数:47
当前数据库执行队列数:0
当前发送队列缓存的对象数量:0
totalMemory：1009254400, use ：662609080, free ：346645320DirectMemory：1827143680, 恢复 ：1
当前时间 ：2026-08-20 13:07:39send keng：2418, sheng ：4194304
decode keng：26, sheng ：2097152
world keng：12, sheng ：1048576

2026-08-20 13:07:44.682 INFO [pool-6-thread-7][:] - /****************流量统计******************/
LastReadBytes:0
LastReadThroughput:0
LastWrittenBytes:0
LastWriteThroughput:0
RealWrittenBytes:0
RealWriteThroughput:0
当前玩家的连接数量:0
当前地图的线程个数：9
当前地图的个数:47
当前数据库执行队列数:0
当前发送队列缓存的对象数量:0
totalMemory：1009254400, use ：663791528, free ：345462872DirectMemory：1827143680, 恢复 ：1
当前时间 ：2026-08-20 13:07:44send keng：2418, sheng ：4194304
decode keng：26, sheng ：2097152
world keng：12, sheng ：1048576

2026-08-20 13:07:49.682 INFO [pool-6-thread-6][:] - /****************流量统计******************/
LastReadBytes:0
LastReadThroughput:0
LastWrittenBytes:0
LastWriteThroughput:0
RealWrittenBytes:0
RealWriteThroughput:0
当前玩家的连接数量:0
当前地图的线程个数：9
当前地图的个数:47
当前数据库执行队列数:0
当前发送队列缓存的对象数量:0
totalMemory：1009254400, use ：669073488, free ：340180912DirectMemory：1827143680, 恢复 ：1
当前时间 ：2026-08-20 13:07:49send keng：2418, sheng ：4194304
decode keng：26, sheng ：2097152
world keng：12, sheng ：1048576

2026-08-20 13:07:54.682 INFO [pool-6-thread-7][:] - /****************流量统计******************/
LastReadBytes:0
LastReadThroughput:0
LastWrittenBytes:0
LastWriteThroughput:0
RealWrittenBytes:0
RealWriteThroughput:0
当前玩家的连接数量:0
当前地图的线程个数：9
当前地图的个数:47
当前数据库执行队列数:0
当前发送队列缓存的对象数量:0
totalMemory：1009254400, use ：672096704, free ：337157696DirectMemory：1827143680, 恢复 ：1
当前时间 ：2026-08-20 13:07:54send keng：2418, sheng ：4194304
decode keng：26, sheng ：2097152
world keng：12, sheng ：1048576

2026-08-20 13:07:59.682 INFO [pool-6-thread-6][:] - /****************流量统计******************/
LastReadBytes:0
LastReadThroughput:0
LastWrittenBytes:0
LastWriteThroughput:0
RealWrittenBytes:0
RealWriteThroughput:0
当前玩家的连接数量:0
当前地图的线程个数：9
当前地图的个数:47
当前数据库执行队列数:0
当前发送队列缓存的对象数量:0
totalMemory：1009254400, use ：676997944, free ：332256456DirectMemory：1827143680, 恢复 ：1
当前时间 ：2026-08-20 13:07:59send keng：2418, sheng ：4194304
decode keng：26, sheng ：2097152
world keng：12, sheng ：1048576

2026-08-20 13:08:04.682 INFO [pool-6-thread-10][:] - /****************流量统计******************/
LastReadBytes:0
LastReadThroughput:0
LastWrittenBytes:0
LastWriteThroughput:0
RealWrittenBytes:0
RealWriteThroughput:0
当前玩家的连接数量:0
当前地图的线程个数：9
当前地图的个数:47
当前数据库执行队列数:0
当前发送队列缓存的对象数量:0
totalMemory：1009254400, use ：678617968, free ：330636432DirectMemory：1827143680, 恢复 ：1
当前时间 ：2026-08-20 13:08:04send keng：2418, sheng ：4194304
decode keng：26, sheng ：2097152
world keng：12, sheng ：1048576

2026-08-20 13:08:09.682 INFO [pool-6-thread-9][:] - /****************流量统计******************/
LastReadBytes:0
LastReadThroughput:0
LastWrittenBytes:0
LastWriteThroughput:0
RealWrittenBytes:0
RealWriteThroughput:0
当前玩家的连接数量:0
当前地图的线程个数：9
当前地图的个数:47
当前数据库执行队列数:0
当前发送队列缓存的对象数量:0
totalMemory：1009254400, use ：683504832, free ：325749568DirectMemory：1827143680, 恢复 ：1
当前时间 ：2026-08-20 13:08:09send keng：2418, sheng ：4194304
decode keng：26, sheng ：2097152
world keng：12, sheng ：1048576

2026-08-20 13:08:14.687 INFO [pool-6-thread-8][:] - /****************流量统计******************/
LastReadBytes:0
LastReadThroughput:0
LastWrittenBytes:0
LastWriteThroughput:0
RealWrittenBytes:0
RealWriteThroughput:0
当前玩家的连接数量:0
当前地图的线程个数：9
当前地图的个数:47
当前数据库执行队列数:0
当前发送队列缓存的对象数量:0
totalMemory：1009254400, use ：685991992, free ：323262408DirectMemory：1827143680, 恢复 ：1
当前时间 ：2026-08-20 13:08:14send keng：2418, sheng ：4194304
decode keng：26, sheng ：2097152
world keng：12, sheng ：1048576

2026-08-20 13:08:19.682 INFO [pool-6-thread-6][:] - /****************流量统计******************/
LastReadBytes:0
LastReadThroughput:0
LastWrittenBytes:0
LastWriteThroughput:0
RealWrittenBytes:0
RealWriteThroughput:0
当前玩家的连接数量:0
当前地图的线程个数：9
当前地图的个数:47
当前数据库执行队列数:0
当前发送队列缓存的对象数量:0
totalMemory：1009254400, use ：691385072, free ：317869328DirectMemory：1827143680, 恢复 ：1
当前时间 ：2026-08-20 13:08:19send keng：2418, sheng ：4194304
decode keng：26, sheng ：2097152
world keng：12, sheng ：1048576

2026-08-20 13:08:24.682 INFO [pool-6-thread-2][:] - /****************流量统计******************/
LastReadBytes:0
LastReadThroughput:0
LastWrittenBytes:0
LastWriteThroughput:0
RealWrittenBytes:0
RealWriteThroughput:0
当前玩家的连接数量:0
当前地图的线程个数：9
当前地图的个数:47
当前数据库执行队列数:0
当前发送队列缓存的对象数量:0
totalMemory：1009254400, use ：692970464, free ：316283936DirectMemory：1827143680, 恢复 ：1
当前时间 ：2026-08-20 13:08:24send keng：2418, sheng ：4194304
decode keng：26, sheng ：2097152
world keng：12, sheng ：1048576

2026-08-20 13:08:29.682 INFO [pool-6-thread-4][:] - /****************流量统计******************/
LastReadBytes:0
LastReadThroughput:0
LastWrittenBytes:0
LastWriteThroughput:0
RealWrittenBytes:0
RealWriteThroughput:0
当前玩家的连接数量:0
当前地图的线程个数：9
当前地图的个数:47
当前数据库执行队列数:0
当前发送队列缓存的对象数量:0
totalMemory：1009254400, use ：697711848, free ：311542552DirectMemory：1827143680, 恢复 ：1
当前时间 ：2026-08-20 13:08:29send keng：2418, sheng ：4194304
decode keng：26, sheng ：2097152
world keng：12, sheng ：1048576

2026-08-20 13:08:34.682 INFO [pool-6-thread-4][:] - /****************流量统计******************/
LastReadBytes:0
LastReadThroughput:0
LastWrittenBytes:0
LastWriteThroughput:0
RealWrittenBytes:0
RealWriteThroughput:0
当前玩家的连接数量:0
当前地图的线程个数：9
当前地图的个数:47
当前数据库执行队列数:0
当前发送队列缓存的对象数量:0
totalMemory：1009254400, use ：699939864, free ：309314536DirectMemory：1827143680, 恢复 ：1
当前时间 ：2026-08-20 13:08:34send keng：2418, sheng ：4194304
decode keng：26, sheng ：2097152
world keng：12, sheng ：1048576

2026-08-20 13:08:39.682 INFO [pool-6-thread-10][:] - /****************流量统计******************/
LastReadBytes:0
LastReadThroughput:0
LastWrittenBytes:0
LastWriteThroughput:0
RealWrittenBytes:0
RealWriteThroughput:0
当前玩家的连接数量:0
当前地图的线程个数：9
当前地图的个数:47
当前数据库执行队列数:0
当前发送队列缓存的对象数量:0
totalMemory：1009254400, use ：706018232, free ：303236168DirectMemory：1827143680, 恢复 ：1
当前时间 ：2026-08-20 13:08:39send keng：2418, sheng ：4194304
decode keng：26, sheng ：2097152
world keng：12, sheng ：1048576

2026-08-20 13:08:44.682 INFO [pool-6-thread-6][:] - /****************流量统计******************/
LastReadBytes:0
LastReadThroughput:0
LastWrittenBytes:0
LastWriteThroughput:0
RealWrittenBytes:0
RealWriteThroughput:0
当前玩家的连接数量:0
当前地图的线程个数：9
当前地图的个数:47
当前数据库执行队列数:0
当前发送队列缓存的对象数量:0
totalMemory：1009254400, use ：707290544, free ：301963856DirectMemory：1827143680, 恢复 ：1
当前时间 ：2026-08-20 13:08:44send keng：2418, sheng ：4194304
decode keng：26, sheng ：2097152
world keng：12, sheng ：1048576

2026-08-20 13:08:49.682 INFO [pool-6-thread-5][:] - /****************流量统计******************/
LastReadBytes:0
LastReadThroughput:0
LastWrittenBytes:0
LastWriteThroughput:0
RealWrittenBytes:0
RealWriteThroughput:0
当前玩家的连接数量:0
当前地图的线程个数：9
当前地图的个数:47
当前数据库执行队列数:0
当前发送队列缓存的对象数量:0
totalMemory：1009254400, use ：711953984, free ：297300416DirectMemory：1827143680, 恢复 ：1
当前时间 ：2026-08-20 13:08:49send keng：2418, sheng ：4194304
decode keng：26, sheng ：2097152
world keng：12, sheng ：1048576

2026-08-20 13:08:54.682 INFO [pool-6-thread-8][:] - /****************流量统计******************/
LastReadBytes:0
LastReadThroughput:0
LastWrittenBytes:0
LastWriteThroughput:0
RealWrittenBytes:0
RealWriteThroughput:0
当前玩家的连接数量:0
当前地图的线程个数：9
当前地图的个数:47
当前数据库执行队列数:0
当前发送队列缓存的对象数量:0
totalMemory：1009254400, use ：715693880, free ：293560520DirectMemory：1827143680, 恢复 ：1
当前时间 ：2026-08-20 13:08:54send keng：2418, sheng ：4194304
decode keng：26, sheng ：2097152
world keng：12, sheng ：1048576

2026-08-20 13:08:59.682 INFO [pool-6-thread-9][:] - /****************流量统计******************/
LastReadBytes:0
LastReadThroughput:0
LastWrittenBytes:0
LastWriteThroughput:0
RealWrittenBytes:0
RealWriteThroughput:0
当前玩家的连接数量:0
当前地图的线程个数：9
当前地图的个数:47
当前数据库执行队列数:0
当前发送队列缓存的对象数量:0
totalMemory：1009254400, use ：719286248, free ：289968152DirectMemory：1827143680, 恢复 ：1
当前时间 ：2026-08-20 13:08:59send keng：2418, sheng ：4194304
decode keng：26, sheng ：2097152
world keng：12, sheng ：1048576

2026-08-20 13:09:04.682 INFO [pool-6-thread-6][:] - /****************流量统计******************/
LastReadBytes:0
LastReadThroughput:0
LastWrittenBytes:0
LastWriteThroughput:0
RealWrittenBytes:0
RealWriteThroughput:0
当前玩家的连接数量:0
当前地图的线程个数：9
当前地图的个数:47
当前数据库执行队列数:0
当前发送队列缓存的对象数量:0
totalMemory：1009254400, use ：722237312, free ：287017088DirectMemory：1827143680, 恢复 ：1
当前时间 ：2026-08-20 13:09:04send keng：2418, sheng ：4194304
decode keng：26, sheng ：2097152
world keng：12, sheng ：1048576

2026-08-20 13:09:09.682 INFO [pool-6-thread-8][:] - /****************流量统计******************/
LastReadBytes:0
LastReadThroughput:0
LastWrittenBytes:0
LastWriteThroughput:0
RealWrittenBytes:0
RealWriteThroughput:0
当前玩家的连接数量:0
当前地图的线程个数：9
当前地图的个数:47
当前数据库执行队列数:0
当前发送队列缓存的对象数量:0
totalMemory：1009254400, use ：726694064, free ：282560336DirectMemory：1827143680, 恢复 ：1
当前时间 ：2026-08-20 13:09:09send keng：2418, sheng ：4194304
decode keng：26, sheng ：2097152
world keng：12, sheng ：1048576

2026-08-20 13:09:14.682 INFO [pool-6-thread-1][:] - /****************流量统计******************/
LastReadBytes:0
LastReadThroughput:0
LastWrittenBytes:0
LastWriteThroughput:0
RealWrittenBytes:0
RealWriteThroughput:0
当前玩家的连接数量:0
当前地图的线程个数：9
当前地图的个数:47
当前数据库执行队列数:0
当前发送队列缓存的对象数量:0
totalMemory：1009254400, use ：729190936, free ：280063464DirectMemory：1827143680, 恢复 ：1
当前时间 ：2026-08-20 13:09:14send keng：2418, sheng ：4194304
decode keng：26, sheng ：2097152
world keng：12, sheng ：1048576

2026-08-20 13:09:19.682 INFO [pool-6-thread-3][:] - /****************流量统计******************/
LastReadBytes:0
LastReadThroughput:0
LastWrittenBytes:0
LastWriteThroughput:0
RealWrittenBytes:0
RealWriteThroughput:0
当前玩家的连接数量:0
当前地图的线程个数：9
当前地图的个数:47
当前数据库执行队列数:0
当前发送队列缓存的对象数量:0
totalMemory：1009254400, use ：734040872, free ：275213528DirectMemory：1827143680, 恢复 ：1
当前时间 ：2026-08-20 13:09:19send keng：2418, sheng ：4194304
decode keng：26, sheng ：2097152
world keng：12, sheng ：1048576

2026-08-20 13:09:24.682 INFO [pool-6-thread-5][:] - /****************流量统计******************/
LastReadBytes:0
LastReadThroughput:0
LastWrittenBytes:0
LastWriteThroughput:0
RealWrittenBytes:0
RealWriteThroughput:0
当前玩家的连接数量:0
当前地图的线程个数：9
当前地图的个数:47
当前数据库执行队列数:0
当前发送队列缓存的对象数量:0
totalMemory：1009254400, use ：737131480, free ：272122920DirectMemory：1827143680, 恢复 ：1
当前时间 ：2026-08-20 13:09:24send keng：2418, sheng ：4194304
decode keng：26, sheng ：2097152
world keng：12, sheng ：1048576

2026-08-20 13:09:29.682 INFO [pool-6-thread-1][:] - /****************流量统计******************/
LastReadBytes:0
LastReadThroughput:0
LastWrittenBytes:0
LastWriteThroughput:0
RealWrittenBytes:0
RealWriteThroughput:0
当前玩家的连接数量:0
当前地图的线程个数：9
当前地图的个数:47
当前数据库执行队列数:0
当前发送队列缓存的对象数量:0
totalMemory：1009254400, use ：740156280, free ：269098120DirectMemory：1827143680, 恢复 ：1
当前时间 ：2026-08-20 13:09:29send keng：2418, sheng ：4194304
decode keng：26, sheng ：2097152
world keng：12, sheng ：1048576

2026-08-20 13:09:34.682 INFO [pool-6-thread-7][:] - /****************流量统计******************/
LastReadBytes:0
LastReadThroughput:0
LastWrittenBytes:0
LastWriteThroughput:0
RealWrittenBytes:0
RealWriteThroughput:0
当前玩家的连接数量:0
当前地图的线程个数：9
当前地图的个数:47
当前数据库执行队列数:0
当前发送队列缓存的对象数量:0
totalMemory：1009254400, use ：743521960, free ：265732440DirectMemory：1827143680, 恢复 ：1
当前时间 ：2026-08-20 13:09:34send keng：2418, sheng ：4194304
decode keng：26, sheng ：2097152
world keng：12, sheng ：1048576

2026-08-20 13:09:39.682 INFO [pool-6-thread-9][:] - /****************流量统计******************/
LastReadBytes:0
LastReadThroughput:0
LastWrittenBytes:0
LastWriteThroughput:0
RealWrittenBytes:0
RealWriteThroughput:0
当前玩家的连接数量:0
当前地图的线程个数：9
当前地图的个数:47
当前数据库执行队列数:0
当前发送队列缓存的对象数量:0
totalMemory：1009254400, use ：746693656, free ：262560744DirectMemory：1827143680, 恢复 ：1
当前时间 ：2026-08-20 13:09:39send keng：2418, sheng ：4194304
decode keng：26, sheng ：2097152
world keng：12, sheng ：1048576

2026-08-20 13:09:44.682 INFO [pool-6-thread-6][:] - /****************流量统计******************/
LastReadBytes:0
LastReadThroughput:0
LastWrittenBytes:0
LastWriteThroughput:0
RealWrittenBytes:0
RealWriteThroughput:0
当前玩家的连接数量:0
当前地图的线程个数：9
当前地图的个数:47
当前数据库执行队列数:0
当前发送队列缓存的对象数量:0
totalMemory：1009254400, use ：750942872, free ：258311528DirectMemory：1827143680, 恢复 ：1
当前时间 ：2026-08-20 13:09:44send keng：2418, sheng ：4194304
decode keng：26, sheng ：2097152
world keng：12, sheng ：1048576

2026-08-20 13:09:49.682 INFO [pool-6-thread-3][:] - /****************流量统计******************/
LastReadBytes:0
LastReadThroughput:0
LastWrittenBytes:0
LastWriteThroughput:0
RealWrittenBytes:0
RealWriteThroughput:0
当前玩家的连接数量:0
当前地图的线程个数：9
当前地图的个数:47
当前数据库执行队列数:0
当前发送队列缓存的对象数量:0
totalMemory：1009254400, use ：754014944, free ：255239456DirectMemory：1827143680, 恢复 ：1
当前时间 ：2026-08-20 13:09:49send keng：2418, sheng ：4194304
decode keng：26, sheng ：2097152
world keng：12, sheng ：1048576

2026-08-20 13:09:54.682 INFO [pool-6-thread-9][:] - /****************流量统计******************/
LastReadBytes:0
LastReadThroughput:0
LastWrittenBytes:0
LastWriteThroughput:0
RealWrittenBytes:0
RealWriteThroughput:0
当前玩家的连接数量:0
当前地图的线程个数：9
当前地图的个数:47
当前数据库执行队列数:0
当前发送队列缓存的对象数量:0
totalMemory：1009254400, use ：758331064, free ：250923336DirectMemory：1827143680, 恢复 ：1
当前时间 ：2026-08-20 13:09:54send keng：2418, sheng ：4194304
decode keng：26, sheng ：2097152
world keng：12, sheng ：1048576

2026-08-20 13:09:59.682 INFO [pool-6-thread-6][:] - /****************流量统计******************/
LastReadBytes:0
LastReadThroughput:0
LastWrittenBytes:0
LastWriteThroughput:0
RealWrittenBytes:0
RealWriteThroughput:0
当前玩家的连接数量:0
当前地图的线程个数：9
当前地图的个数:47
当前数据库执行队列数:0
当前发送队列缓存的对象数量:0
totalMemory：1009254400, use ：760914928, free ：248339472DirectMemory：1827143680, 恢复 ：1
当前时间 ：2026-08-20 13:09:59send keng：2418, sheng ：4194304
decode keng：26, sheng ：2097152
world keng：12, sheng ：1048576

2026-08-20 13:10:04.687 INFO [pool-6-thread-1][:] - /****************流量统计******************/
LastReadBytes:0
LastReadThroughput:0
LastWrittenBytes:0
LastWriteThroughput:0
RealWrittenBytes:0
RealWriteThroughput:0
当前玩家的连接数量:0
当前地图的线程个数：9
当前地图的个数:47
当前数据库执行队列数:0
当前发送队列缓存的对象数量:0
totalMemory：1009254400, use ：765290872, free ：243963528DirectMemory：1827143680, 恢复 ：1
当前时间 ：2026-08-20 13:10:04send keng：2418, sheng ：4194304
decode keng：26, sheng ：2097152
world keng：12, sheng ：1048576

2026-08-20 13:10:09.682 INFO [pool-6-thread-6][:] - /****************流量统计******************/
LastReadBytes:0
LastReadThroughput:0
LastWrittenBytes:0
LastWriteThroughput:0
RealWrittenBytes:0
RealWriteThroughput:0
当前玩家的连接数量:0
当前地图的线程个数：9
当前地图的个数:47
当前数据库执行队列数:0
当前发送队列缓存的对象数量:0
totalMemory：1009254400, use ：768357216, free ：240897184DirectMemory：1827143680, 恢复 ：1
当前时间 ：2026-08-20 13:10:09send keng：2418, sheng ：4194304
decode keng：26, sheng ：2097152
world keng：12, sheng ：1048576

2026-08-20 13:10:14.682 INFO [pool-6-thread-10][:] - /****************流量统计******************/
LastReadBytes:0
LastReadThroughput:0
LastWrittenBytes:0
LastWriteThroughput:0
RealWrittenBytes:0
RealWriteThroughput:0
当前玩家的连接数量:0
当前地图的线程个数：9
当前地图的个数:47
当前数据库执行队列数:0
当前发送队列缓存的对象数量:0
totalMemory：1009254400, use ：772148656, free ：237105744DirectMemory：1827143680, 恢复 ：1
当前时间 ：2026-08-20 13:10:14send keng：2418, sheng ：4194304
decode keng：26, sheng ：2097152
world keng：12, sheng ：1048576

2026-08-20 13:10:19.684 INFO [pool-6-thread-7][:] - /****************流量统计******************/
LastReadBytes:0
LastReadThroughput:0
LastWrittenBytes:0
LastWriteThroughput:0
RealWrittenBytes:0
RealWriteThroughput:0
当前玩家的连接数量:0
当前地图的线程个数：9
当前地图的个数:47
当前数据库执行队列数:0
当前发送队列缓存的对象数量:0
totalMemory：1009254400, use ：775356504, free ：233897896DirectMemory：1827143680, 恢复 ：1
当前时间 ：2026-08-20 13:10:19send keng：2418, sheng ：4194304
decode keng：26, sheng ：2097152
world keng：12, sheng ：1048576

2026-08-20 13:10:24.682 INFO [pool-6-thread-1][:] - /****************流量统计******************/
LastReadBytes:0
LastReadThroughput:0
LastWrittenBytes:0
LastWriteThroughput:0
RealWrittenBytes:0
RealWriteThroughput:0
当前玩家的连接数量:0
当前地图的线程个数：9
当前地图的个数:47
当前数据库执行队列数:0
当前发送队列缓存的对象数量:0
totalMemory：1009254400, use ：779960384, free ：229294016DirectMemory：1827143680, 恢复 ：1
当前时间 ：2026-08-20 13:10:24send keng：2418, sheng ：4194304
decode keng：26, sheng ：2097152
world keng：12, sheng ：1048576

2026-08-20 13:10:29.682 INFO [pool-6-thread-1][:] - /****************流量统计******************/
LastReadBytes:0
LastReadThroughput:0
LastWrittenBytes:0
LastWriteThroughput:0
RealWrittenBytes:0
RealWriteThroughput:0
当前玩家的连接数量:0
当前地图的线程个数：9
当前地图的个数:47
当前数据库执行队列数:0
当前发送队列缓存的对象数量:0
totalMemory：1009254400, use ：781814128, free ：227440272DirectMemory：1827143680, 恢复 ：1
当前时间 ：2026-08-20 13:10:29send keng：2418, sheng ：4194304
decode keng：26, sheng ：2097152
world keng：12, sheng ：1048576

2026-08-20 13:10:34.682 INFO [pool-6-thread-8][:] - /****************流量统计******************/
LastReadBytes:0
LastReadThroughput:0
LastWrittenBytes:0
LastWriteThroughput:0
RealWrittenBytes:0
RealWriteThroughput:0
当前玩家的连接数量:0
当前地图的线程个数：9
当前地图的个数:47
当前数据库执行队列数:0
当前发送队列缓存的对象数量:0
totalMemory：1009254400, use ：786390440, free ：222863960DirectMemory：1827143680, 恢复 ：1
当前时间 ：2026-08-20 13:10:34send keng：2418, sheng ：4194304
decode keng：26, sheng ：2097152
world keng：12, sheng ：1048576

2026-08-20 13:10:39.682 INFO [pool-6-thread-3][:] - /****************流量统计******************/
LastReadBytes:0
LastReadThroughput:0
LastWrittenBytes:0
LastWriteThroughput:0
RealWrittenBytes:0
RealWriteThroughput:0
当前玩家的连接数量:0
当前地图的线程个数：9
当前地图的个数:47
当前数据库执行队列数:0
当前发送队列缓存的对象数量:0
totalMemory：1009254400, use ：789622104, free ：219632296DirectMemory：1827143680, 恢复 ：1
当前时间 ：2026-08-20 13:10:39send keng：2418, sheng ：4194304
decode keng：26, sheng ：2097152
world keng：12, sheng ：1048576

2026-08-20 13:10:44.685 INFO [pool-6-thread-4][:] - /****************流量统计******************/
LastReadBytes:0
LastReadThroughput:0
LastWrittenBytes:0
LastWriteThroughput:0
RealWrittenBytes:0
RealWriteThroughput:0
当前玩家的连接数量:0
当前地图的线程个数：9
当前地图的个数:47
当前数据库执行队列数:0
当前发送队列缓存的对象数量:0
totalMemory：1009778688, use ：424467904, free ：585310784DirectMemory：1827143680, 恢复 ：1
当前时间 ：2026-08-20 13:10:44send keng：2418, sheng ：4194304
decode keng：26, sheng ：2097152
world keng：12, sheng ：1048576

2026-08-20 13:10:49.682 INFO [pool-6-thread-7][:] - /****************流量统计******************/
LastReadBytes:0
LastReadThroughput:0
LastWrittenBytes:0
LastWriteThroughput:0
RealWrittenBytes:0
RealWriteThroughput:0
当前玩家的连接数量:0
当前地图的线程个数：9
当前地图的个数:47
当前数据库执行队列数:0
当前发送队列缓存的对象数量:0
totalMemory：1009778688, use ：424477712, free ：585300976DirectMemory：1827143680, 恢复 ：1
当前时间 ：2026-08-20 13:10:49send keng：2418, sheng ：4194304
decode keng：26, sheng ：2097152
world keng：12, sheng ：1048576

2026-08-20 13:10:54.682 INFO [pool-6-thread-10][:] - /****************流量统计******************/
LastReadBytes:0
LastReadThroughput:0
LastWrittenBytes:0
LastWriteThroughput:0
RealWrittenBytes:0
RealWriteThroughput:0
当前玩家的连接数量:0
当前地图的线程个数：9
当前地图的个数:47
当前数据库执行队列数:0
当前发送队列缓存的对象数量:0
totalMemory：1009778688, use ：429918336, free ：579860352DirectMemory：1827143680, 恢复 ：1
当前时间 ：2026-08-20 13:10:54send keng：2418, sheng ：4194304
decode keng：26, sheng ：2097152
world keng：12, sheng ：1048576

2026-08-20 13:10:59.682 INFO [pool-6-thread-6][:] - /****************流量统计******************/
LastReadBytes:0
LastReadThroughput:0
LastWrittenBytes:0
LastWriteThroughput:0
RealWrittenBytes:0
RealWriteThroughput:0
当前玩家的连接数量:0
当前地图的线程个数：9
当前地图的个数:47
当前数据库执行队列数:0
当前发送队列缓存的对象数量:0
totalMemory：1009778688, use ：432412136, free ：577366552DirectMemory：1827143680, 恢复 ：1
当前时间 ：2026-08-20 13:10:59send keng：2418, sheng ：4194304
decode keng：26, sheng ：2097152
world keng：12, sheng ：1048576

2026-08-20 13:11:04.682 INFO [pool-6-thread-5][:] - /****************流量统计******************/
LastReadBytes:0
LastReadThroughput:0
LastWrittenBytes:0
LastWriteThroughput:0
RealWrittenBytes:0
RealWriteThroughput:0
当前玩家的连接数量:0
当前地图的线程个数：9
当前地图的个数:47
当前数据库执行队列数:0
当前发送队列缓存的对象数量:0
totalMemory：1009778688, use ：437028336, free ：572750352DirectMemory：1827143680, 恢复 ：1
当前时间 ：2026-08-20 13:11:04send keng：2418, sheng ：4194304
decode keng：26, sheng ：2097152
world keng：12, sheng ：1048576

2026-08-20 13:11:09.682 INFO [pool-6-thread-10][:] - /****************流量统计******************/
LastReadBytes:0
LastReadThroughput:0
LastWrittenBytes:0
LastWriteThroughput:0
RealWrittenBytes:0
RealWriteThroughput:0
当前玩家的连接数量:0
当前地图的线程个数：9
当前地图的个数:47
当前数据库执行队列数:0
当前发送队列缓存的对象数量:0
totalMemory：1009778688, use ：439448560, free ：570330128DirectMemory：1827143680, 恢复 ：1
当前时间 ：2026-08-20 13:11:09send keng：2418, sheng ：4194304
decode keng：26, sheng ：2097152
world keng：12, sheng ：1048576

2026-08-20 13:11:14.682 INFO [pool-6-thread-7][:] - /****************流量统计******************/
LastReadBytes:0
LastReadThroughput:0
LastWrittenBytes:0
LastWriteThroughput:0
RealWrittenBytes:0
RealWriteThroughput:0
当前玩家的连接数量:0
当前地图的线程个数：9
当前地图的个数:47
当前数据库执行队列数:0
当前发送队列缓存的对象数量:0
totalMemory：1009778688, use ：442554592, free ：567224096DirectMemory：1827143680, 恢复 ：1
当前时间 ：2026-08-20 13:11:14send keng：2418, sheng ：4194304
decode keng：26, sheng ：2097152
world keng：12, sheng ：1048576

2026-08-20 13:11:19.682 INFO [pool-6-thread-8][:] - /****************流量统计******************/
LastReadBytes:0
LastReadThroughput:0
LastWrittenBytes:0
LastWriteThroughput:0
RealWrittenBytes:0
RealWriteThroughput:0
当前玩家的连接数量:0
当前地图的线程个数：9
当前地图的个数:47
当前数据库执行队列数:0
当前发送队列缓存的对象数量:0
totalMemory：1009778688, use ：447903584, free ：561875104DirectMemory：1827143680, 恢复 ：1
当前时间 ：2026-08-20 13:11:19send keng：2418, sheng ：4194304
decode keng：26, sheng ：2097152
world keng：12, sheng ：1048576

2026-08-20 13:11:24.682 INFO [pool-6-thread-2][:] - /****************流量统计******************/
LastReadBytes:0
LastReadThroughput:0
LastWrittenBytes:0
LastWriteThroughput:0
RealWrittenBytes:0
RealWriteThroughput:0
当前玩家的连接数量:0
当前地图的线程个数：9
当前地图的个数:47
当前数据库执行队列数:0
当前发送队列缓存的对象数量:0
totalMemory：1009778688, use ：448887368, free ：560891320DirectMemory：1827143680, 恢复 ：1
当前时间 ：2026-08-20 13:11:24send keng：2418, sheng ：4194304
decode keng：26, sheng ：2097152
world keng：12, sheng ：1048576

2026-08-20 13:11:29.682 INFO [pool-6-thread-9][:] - /****************流量统计******************/
LastReadBytes:0
LastReadThroughput:0
LastWrittenBytes:0
LastWriteThroughput:0
RealWrittenBytes:0
RealWriteThroughput:0
当前玩家的连接数量:0
当前地图的线程个数：9
当前地图的个数:47
当前数据库执行队列数:0
当前发送队列缓存的对象数量:0
totalMemory：1009778688, use ：453851352, free ：555927336DirectMemory：1827143680, 恢复 ：1
当前时间 ：2026-08-20 13:11:29send keng：2418, sheng ：4194304
decode keng：26, sheng ：2097152
world keng：12, sheng ：1048576

2026-08-20 13:11:34.682 INFO [pool-6-thread-4][:] - /****************流量统计******************/
LastReadBytes:0
LastReadThroughput:0
LastWrittenBytes:0
LastWriteThroughput:0
RealWrittenBytes:0
RealWriteThroughput:0
当前玩家的连接数量:0
当前地图的线程个数：9
当前地图的个数:47
当前数据库执行队列数:0
当前发送队列缓存的对象数量:0
totalMemory：1009778688, use ：456342928, free ：553435760DirectMemory：1827143680, 恢复 ：1
当前时间 ：2026-08-20 13:11:34send keng：2418, sheng ：4194304
decode keng：26, sheng ：2097152
world keng：12, sheng ：1048576

2026-08-20 13:11:39.682 INFO [pool-6-thread-5][:] - /****************流量统计******************/
LastReadBytes:0
LastReadThroughput:0
LastWrittenBytes:0
LastWriteThroughput:0
RealWrittenBytes:0
RealWriteThroughput:0
当前玩家的连接数量:0
当前地图的线程个数：9
当前地图的个数:47
当前数据库执行队列数:0
当前发送队列缓存的对象数量:0
totalMemory：1009778688, use ：462288872, free ：547489816DirectMemory：1827143680, 恢复 ：1
当前时间 ：2026-08-20 13:11:39send keng：2418, sheng ：4194304
decode keng：26, sheng ：2097152
world keng：12, sheng ：1048576

2026-08-20 13:11:44.682 INFO [pool-6-thread-7][:] - /****************流量统计******************/
LastReadBytes:0
LastReadThroughput:0
LastWrittenBytes:0
LastWriteThroughput:0
RealWrittenBytes:0
RealWriteThroughput:0
当前玩家的连接数量:0
当前地图的线程个数：9
当前地图的个数:47
当前数据库执行队列数:0
当前发送队列缓存的对象数量:0
totalMemory：1009778688, use ：463743832, free ：546034856DirectMemory：1827143680, 恢复 ：1
当前时间 ：2026-08-20 13:11:44send keng：2418, sheng ：4194304
decode keng：26, sheng ：2097152
world keng：12, sheng ：1048576

2026-08-20 13:11:49.682 INFO [pool-6-thread-9][:] - /****************流量统计******************/
LastReadBytes:0
LastReadThroughput:0
LastWrittenBytes:0
LastWriteThroughput:0
RealWrittenBytes:0
RealWriteThroughput:0
当前玩家的连接数量:0
当前地图的线程个数：9
当前地图的个数:47
当前数据库执行队列数:0
当前发送队列缓存的对象数量:0
totalMemory：1009778688, use ：468766968, free ：541011720DirectMemory：1827143680, 恢复 ：1
当前时间 ：2026-08-20 13:11:49send keng：2418, sheng ：4194304
decode keng：26, sheng ：2097152
world keng：12, sheng ：1048576

2026-08-20 13:11:54.684 INFO [pool-6-thread-6][:] - /****************流量统计******************/
LastReadBytes:0
LastReadThroughput:0
LastWrittenBytes:0
LastWriteThroughput:0
RealWrittenBytes:0
RealWriteThroughput:0
当前玩家的连接数量:0
当前地图的线程个数：9
当前地图的个数:47
当前数据库执行队列数:0
当前发送队列缓存的对象数量:0
totalMemory：1009778688, use ：470710344, free ：539068344DirectMemory：1827143680, 恢复 ：1
当前时间 ：2026-08-20 13:11:54send keng：2418, sheng ：4194304
decode keng：26, sheng ：2097152
world keng：12, sheng ：1048576

2026-08-20 13:11:59.682 INFO [pool-6-thread-4][:] - /****************流量统计******************/
LastReadBytes:0
LastReadThroughput:0
LastWrittenBytes:0
LastWriteThroughput:0
RealWrittenBytes:0
RealWriteThroughput:0
当前玩家的连接数量:0
当前地图的线程个数：9
当前地图的个数:47
当前数据库执行队列数:0
当前发送队列缓存的对象数量:0
totalMemory：1009778688, use ：476640152, free ：533138536DirectMemory：1827143680, 恢复 ：1
当前时间 ：2026-08-20 13:11:59send keng：2418, sheng ：4194304
decode keng：26, sheng ：2097152
world keng：12, sheng ：1048576

2026-08-20 13:12:04.682 INFO [pool-6-thread-7][:] - /****************流量统计******************/
LastReadBytes:0
LastReadThroughput:0
LastWrittenBytes:0
LastWriteThroughput:0
RealWrittenBytes:0
RealWriteThroughput:0
当前玩家的连接数量:0
当前地图的线程个数：9
当前地图的个数:47
当前数据库执行队列数:0
当前发送队列缓存的对象数量:0
totalMemory：1009778688, use ：478237360, free ：531541328DirectMemory：1827143680, 恢复 ：1
当前时间 ：2026-08-20 13:12:04send keng：2418, sheng ：4194304
decode keng：26, sheng ：2097152
world keng：12, sheng ：1048576

2026-08-20 13:12:09.682 INFO [pool-6-thread-2][:] - /****************流量统计******************/
LastReadBytes:0
LastReadThroughput:0
LastWrittenBytes:0
LastWriteThroughput:0
RealWrittenBytes:0
RealWriteThroughput:0
当前玩家的连接数量:0
当前地图的线程个数：9
当前地图的个数:47
当前数据库执行队列数:0
当前发送队列缓存的对象数量:0
totalMemory：1009778688, use ：482783080, free ：526995608DirectMemory：1827143680, 恢复 ：1
当前时间 ：2026-08-20 13:12:09send keng：2418, sheng ：4194304
decode keng：26, sheng ：2097152
world keng：12, sheng ：1048576

2026-08-20 13:12:14.682 INFO [pool-6-thread-5][:] - /****************流量统计******************/
LastReadBytes:0
LastReadThroughput:0
LastWrittenBytes:0
LastWriteThroughput:0
RealWrittenBytes:0
RealWriteThroughput:0
当前玩家的连接数量:0
当前地图的线程个数：9
当前地图的个数:47
当前数据库执行队列数:0
当前发送队列缓存的对象数量:0
totalMemory：1009778688, use ：485677384, free ：524101304DirectMemory：1827143680, 恢复 ：1
当前时间 ：2026-08-20 13:12:14send keng：2418, sheng ：4194304
decode keng：26, sheng ：2097152
world keng：12, sheng ：1048576

2026-08-20 13:12:19.682 INFO [pool-6-thread-5][:] - /****************流量统计******************/
LastReadBytes:0
LastReadThroughput:0
LastWrittenBytes:0
LastWriteThroughput:0
RealWrittenBytes:0
RealWriteThroughput:0
当前玩家的连接数量:0
当前地图的线程个数：9
当前地图的个数:47
当前数据库执行队列数:0
当前发送队列缓存的对象数量:0
totalMemory：1009778688, use ：490700680, free ：519078008DirectMemory：1827143680, 恢复 ：1
当前时间 ：2026-08-20 13:12:19send keng：2418, sheng ：4194304
decode keng：26, sheng ：2097152
world keng：12, sheng ：1048576

2026-08-20 13:12:24.682 INFO [pool-6-thread-3][:] - /****************流量统计******************/
LastReadBytes:0
LastReadThroughput:0
LastWrittenBytes:0
LastWriteThroughput:0
RealWrittenBytes:0
RealWriteThroughput:0
当前玩家的连接数量:0
当前地图的线程个数：9
当前地图的个数:47
当前数据库执行队列数:0
当前发送队列缓存的对象数量:0
totalMemory：1009778688, use ：492675336, free ：517103352DirectMemory：1827143680, 恢复 ：1
当前时间 ：2026-08-20 13:12:24send keng：2418, sheng ：4194304
decode keng：26, sheng ：2097152
world keng：12, sheng ：1048576

2026-08-20 13:12:29.682 INFO [pool-6-thread-6][:] - /****************流量统计******************/
LastReadBytes:0
LastReadThroughput:0
LastWrittenBytes:0
LastWriteThroughput:0
RealWrittenBytes:0
RealWriteThroughput:0
当前玩家的连接数量:0
当前地图的线程个数：9
当前地图的个数:47
当前数据库执行队列数:0
当前发送队列缓存的对象数量:0
totalMemory：1009778688, use ：497675304, free ：512103384DirectMemory：1827143680, 恢复 ：1
当前时间 ：2026-08-20 13:12:29send keng：2418, sheng ：4194304
decode keng：26, sheng ：2097152
world keng：12, sheng ：1048576

2026-08-20 13:12:34.682 INFO [pool-6-thread-3][:] - /****************流量统计******************/
LastReadBytes:0
LastReadThroughput:0
LastWrittenBytes:0
LastWriteThroughput:0
RealWrittenBytes:0
RealWriteThroughput:0
当前玩家的连接数量:0
当前地图的线程个数：9
当前地图的个数:47
当前数据库执行队列数:0
当前发送队列缓存的对象数量:0
totalMemory：1009778688, use ：500094440, free ：509684248DirectMemory：1827143680, 恢复 ：1
当前时间 ：2026-08-20 13:12:34send keng：2418, sheng ：4194304
decode keng：26, sheng ：2097152
world keng：12, sheng ：1048576

2026-08-20 13:12:39.682 INFO [pool-6-thread-6][:] - /****************流量统计******************/
LastReadBytes:0
LastReadThroughput:0
LastWrittenBytes:0
LastWriteThroughput:0
RealWrittenBytes:0
RealWriteThroughput:0
当前玩家的连接数量:0
当前地图的线程个数：9
当前地图的个数:47
当前数据库执行队列数:0
当前发送队列缓存的对象数量:0
totalMemory：1009778688, use ：505608304, free ：504170384DirectMemory：1827143680, 恢复 ：1
当前时间 ：2026-08-20 13:12:39send keng：2418, sheng ：4194304
decode keng：26, sheng ：2097152
world keng：12, sheng ：1048576

2026-08-20 13:12:44.682 INFO [pool-6-thread-3][:] - /****************流量统计******************/
LastReadBytes:0
LastReadThroughput:0
LastWrittenBytes:0
LastWriteThroughput:0
RealWrittenBytes:0
RealWriteThroughput:0
当前玩家的连接数量:0
当前地图的线程个数：9
当前地图的个数:47
当前数据库执行队列数:0
当前发送队列缓存的对象数量:0
totalMemory：1009778688, use ：507538168, free ：502240520DirectMemory：1827143680, 恢复 ：1
当前时间 ：2026-08-20 13:12:44send keng：2418, sheng ：4194304
decode keng：26, sheng ：2097152
world keng：12, sheng ：1048576

2026-08-20 13:12:49.682 INFO [pool-6-thread-6][:] - /****************流量统计******************/
LastReadBytes:0
LastReadThroughput:0
LastWrittenBytes:0
LastWriteThroughput:0
RealWrittenBytes:0
RealWriteThroughput:0
当前玩家的连接数量:0
当前地图的线程个数：9
当前地图的个数:47
当前数据库执行队列数:0
当前发送队列缓存的对象数量:0
totalMemory：1009778688, use ：511703104, free ：498075584DirectMemory：1827143680, 恢复 ：1
当前时间 ：2026-08-20 13:12:49send keng：2418, sheng ：4194304
decode keng：26, sheng ：2097152
world keng：12, sheng ：1048576

2026-08-20 13:12:54.682 INFO [pool-6-thread-9][:] - /****************流量统计******************/
LastReadBytes:0
LastReadThroughput:0
LastWrittenBytes:0
LastWriteThroughput:0
RealWrittenBytes:0
RealWriteThroughput:0
当前玩家的连接数量:0
当前地图的线程个数：9
当前地图的个数:47
当前数据库执行队列数:0
当前发送队列缓存的对象数量:0
totalMemory：1009778688, use ：514490424, free ：495288264DirectMemory：1827143680, 恢复 ：1
当前时间 ：2026-08-20 13:12:54send keng：2418, sheng ：4194304
decode keng：26, sheng ：2097152
world keng：12, sheng ：1048576

2026-08-20 13:12:59.682 INFO [pool-6-thread-8][:] - /****************流量统计******************/
LastReadBytes:0
LastReadThroughput:0
LastWrittenBytes:0
LastWriteThroughput:0
RealWrittenBytes:0
RealWriteThroughput:0
当前玩家的连接数量:0
当前地图的线程个数：9
当前地图的个数:47
当前数据库执行队列数:0
当前发送队列缓存的对象数量:0
totalMemory：1009778688, use ：517188432, free ：492590256DirectMemory：1827143680, 恢复 ：1
当前时间 ：2026-08-20 13:12:59send keng：2418, sheng ：4194304
decode keng：26, sheng ：2097152
world keng：12, sheng ：1048576

2026-08-20 13:13:04.682 INFO [pool-6-thread-3][:] - /****************流量统计******************/
LastReadBytes:0
LastReadThroughput:0
LastWrittenBytes:0
LastWriteThroughput:0
RealWrittenBytes:0
RealWriteThroughput:0
当前玩家的连接数量:0
当前地图的线程个数：9
当前地图的个数:47
当前数据库执行队列数:0
当前发送队列缓存的对象数量:0
totalMemory：1009778688, use ：522476072, free ：487302616DirectMemory：1827143680, 恢复 ：1
当前时间 ：2026-08-20 13:13:04send keng：2418, sheng ：4194304
decode keng：26, sheng ：2097152
world keng：12, sheng ：1048576

2026-08-20 13:13:09.682 INFO [pool-6-thread-8][:] - /****************流量统计******************/
LastReadBytes:0
LastReadThroughput:0
LastWrittenBytes:0
LastWriteThroughput:0
RealWrittenBytes:0
RealWriteThroughput:0
当前玩家的连接数量:0
当前地图的线程个数：9
当前地图的个数:47
当前数据库执行队列数:0
当前发送队列缓存的对象数量:0
totalMemory：1009778688, use ：524926472, free ：484852216DirectMemory：1827143680, 恢复 ：1
当前时间 ：2026-08-20 13:13:09send keng：2418, sheng ：4194304
decode keng：26, sheng ：2097152
world keng：12, sheng ：1048576

2026-08-20 13:13:14.682 INFO [pool-6-thread-10][:] - /****************流量统计******************/
LastReadBytes:0
LastReadThroughput:0
LastWrittenBytes:0
LastWriteThroughput:0
RealWrittenBytes:0
RealWriteThroughput:0
当前玩家的连接数量:0
当前地图的线程个数：9
当前地图的个数:47
当前数据库执行队列数:0
当前发送队列缓存的对象数量:0
totalMemory：1009778688, use ：528498200, free ：481280488DirectMemory：1827143680, 恢复 ：1
当前时间 ：2026-08-20 13:13:14send keng：2418, sheng ：4194304
decode keng：26, sheng ：2097152
world keng：12, sheng ：1048576

2026-08-20 13:13:19.682 INFO [pool-6-thread-10][:] - /****************流量统计******************/
LastReadBytes:0
LastReadThroughput:0
LastWrittenBytes:0
LastWriteThroughput:0
RealWrittenBytes:0
RealWriteThroughput:0
当前玩家的连接数量:0
当前地图的线程个数：9
当前地图的个数:47
当前数据库执行队列数:0
当前发送队列缓存的对象数量:0
totalMemory：1009778688, use ：532082112, free ：477696576DirectMemory：1827143680, 恢复 ：1
当前时间 ：2026-08-20 13:13:19send keng：2418, sheng ：4194304
decode keng：26, sheng ：2097152
world keng：12, sheng ：1048576

2026-08-20 13:13:24.682 INFO [pool-6-thread-8][:] - /****************流量统计******************/
LastReadBytes:0
LastReadThroughput:0
LastWrittenBytes:0
LastWriteThroughput:0
RealWrittenBytes:0
RealWriteThroughput:0
当前玩家的连接数量:0
当前地图的线程个数：9
当前地图的个数:47
当前数据库执行队列数:0
当前发送队列缓存的对象数量:0
totalMemory：1009778688, use ：536483304, free ：473295384DirectMemory：1827143680, 恢复 ：1
当前时间 ：2026-08-20 13:13:24send keng：2418, sheng ：4194304
decode keng：26, sheng ：2097152
world keng：12, sheng ：1048576

2026-08-20 13:13:29.682 INFO [pool-6-thread-8][:] - /****************流量统计******************/
LastReadBytes:0
LastReadThroughput:0
LastWrittenBytes:0
LastWriteThroughput:0
RealWrittenBytes:0
RealWriteThroughput:0
当前玩家的连接数量:0
当前地图的线程个数：9
当前地图的个数:47
当前数据库执行队列数:0
当前发送队列缓存的对象数量:0
totalMemory：1009778688, use ：538954376, free ：470824312DirectMemory：1827143680, 恢复 ：1
当前时间 ：2026-08-20 13:13:29send keng：2418, sheng ：4194304
decode keng：26, sheng ：2097152
world keng：12, sheng ：1048576

2026-08-20 13:13:34.683 INFO [pool-6-thread-2][:] - /****************流量统计******************/
LastReadBytes:0
LastReadThroughput:0
LastWrittenBytes:0
LastWriteThroughput:0
RealWrittenBytes:0
RealWriteThroughput:0
当前玩家的连接数量:0
当前地图的线程个数：9
当前地图的个数:47
当前数据库执行队列数:0
当前发送队列缓存的对象数量:0
totalMemory：1009778688, use ：543399040, free ：466379648DirectMemory：1827143680, 恢复 ：1
当前时间 ：2026-08-20 13:13:34send keng：2418, sheng ：4194304
decode keng：26, sheng ：2097152
world keng：12, sheng ：1048576

2026-08-20 13:13:39.682 INFO [pool-6-thread-4][:] - /****************流量统计******************/
LastReadBytes:0
LastReadThroughput:0
LastWrittenBytes:0
LastWriteThroughput:0
RealWrittenBytes:0
RealWriteThroughput:0
当前玩家的连接数量:0
当前地图的线程个数：9
当前地图的个数:47
当前数据库执行队列数:0
当前发送队列缓存的对象数量:0
totalMemory：1009778688, use ：546307736, free ：463470952DirectMemory：1827143680, 恢复 ：1
当前时间 ：2026-08-20 13:13:39send keng：2418, sheng ：4194304
decode keng：26, sheng ：2097152
world keng：12, sheng ：1048576

2026-08-20 13:13:44.682 INFO [pool-6-thread-1][:] - /****************流量统计******************/
LastReadBytes:0
LastReadThroughput:0
LastWrittenBytes:0
LastWriteThroughput:0
RealWrittenBytes:0
RealWriteThroughput:0
当前玩家的连接数量:0
当前地图的线程个数：9
当前地图的个数:47
当前数据库执行队列数:0
当前发送队列缓存的对象数量:0
totalMemory：1009778688, use ：550364304, free ：459414384DirectMemory：1827143680, 恢复 ：1
当前时间 ：2026-08-20 13:13:44send keng：2418, sheng ：4194304
decode keng：26, sheng ：2097152
world keng：12, sheng ：1048576

2026-08-20 13:13:49.682 INFO [pool-6-thread-3][:] - /****************流量统计******************/
LastReadBytes:0
LastReadThroughput:0
LastWrittenBytes:0
LastWriteThroughput:0
RealWrittenBytes:0
RealWriteThroughput:0
当前玩家的连接数量:0
当前地图的线程个数：9
当前地图的个数:47
当前数据库执行队列数:0
当前发送队列缓存的对象数量:0
totalMemory：1009778688, use ：553757736, free ：456020952DirectMemory：1827143680, 恢复 ：1
当前时间 ：2026-08-20 13:13:49send keng：2418, sheng ：4194304
decode keng：26, sheng ：2097152
world keng：12, sheng ：1048576

2026-08-20 13:13:54.682 INFO [pool-6-thread-7][:] - /****************流量统计******************/
LastReadBytes:0
LastReadThroughput:0
LastWrittenBytes:0
LastWriteThroughput:0
RealWrittenBytes:0
RealWriteThroughput:0
当前玩家的连接数量:0
当前地图的线程个数：9
当前地图的个数:47
当前数据库执行队列数:0
当前发送队列缓存的对象数量:0
totalMemory：1009778688, use ：557268336, free ：452510352DirectMemory：1827143680, 恢复 ：1
当前时间 ：2026-08-20 13:13:54send keng：2418, sheng ：4194304
decode keng：26, sheng ：2097152
world keng：12, sheng ：1048576

2026-08-20 13:13:59.682 INFO [pool-6-thread-10][:] - /****************流量统计******************/
LastReadBytes:0
LastReadThroughput:0
LastWrittenBytes:0
LastWriteThroughput:0
RealWrittenBytes:0
RealWriteThroughput:0
当前玩家的连接数量:0
当前地图的线程个数：9
当前地图的个数:47
当前数据库执行队列数:0
当前发送队列缓存的对象数量:0
totalMemory：1009778688, use ：560241648, free ：449537040DirectMemory：1827143680, 恢复 ：1
当前时间 ：2026-08-20 13:13:59send keng：2418, sheng ：4194304
decode keng：26, sheng ：2097152
world keng：12, sheng ：1048576

2026-08-20 13:14:04.682 INFO [pool-6-thread-5][:] - /****************流量统计******************/
LastReadBytes:0
LastReadThroughput:0
LastWrittenBytes:0
LastWriteThroughput:0
RealWrittenBytes:0
RealWriteThroughput:0
当前玩家的连接数量:0
当前地图的线程个数：9
当前地图的个数:47
当前数据库执行队列数:0
当前发送队列缓存的对象数量:0
totalMemory：1009778688, use ：565329272, free ：444449416DirectMemory：1827143680, 恢复 ：1
当前时间 ：2026-08-20 13:14:04send keng：2418, sheng ：4194304
decode keng：26, sheng ：2097152
world keng：12, sheng ：1048576

2026-08-20 13:14:09.682 INFO [pool-6-thread-9][:] - /****************流量统计******************/
LastReadBytes:0
LastReadThroughput:0
LastWrittenBytes:0
LastWriteThroughput:0
RealWrittenBytes:0
RealWriteThroughput:0
当前玩家的连接数量:0
当前地图的线程个数：9
当前地图的个数:47
当前数据库执行队列数:0
当前发送队列缓存的对象数量:0
totalMemory：1009778688, use ：567739392, free ：442039296DirectMemory：1827143680, 恢复 ：1
当前时间 ：2026-08-20 13:14:09send keng：2418, sheng ：4194304
decode keng：26, sheng ：2097152
world keng：12, sheng ：1048576

2026-08-20 13:14:14.682 INFO [pool-6-thread-4][:] - /****************流量统计******************/
LastReadBytes:0
LastReadThroughput:0
LastWrittenBytes:0
LastWriteThroughput:0
RealWrittenBytes:0
RealWriteThroughput:0
当前玩家的连接数量:0
当前地图的线程个数：9
当前地图的个数:47
当前数据库执行队列数:0
当前发送队列缓存的对象数量:0
totalMemory：1009778688, use ：571845856, free ：437932832DirectMemory：1827143680, 恢复 ：1
当前时间 ：2026-08-20 13:14:14send keng：2418, sheng ：4194304
decode keng：26, sheng ：2097152
world keng：12, sheng ：1048576

2026-08-20 13:14:19.682 INFO [pool-6-thread-6][:] - /****************流量统计******************/
LastReadBytes:0
LastReadThroughput:0
LastWrittenBytes:0
LastWriteThroughput:0
RealWrittenBytes:0
RealWriteThroughput:0
当前玩家的连接数量:0
当前地图的线程个数：9
当前地图的个数:47
当前数据库执行队列数:0
当前发送队列缓存的对象数量:0
totalMemory：1009778688, use ：574768768, free ：435009920DirectMemory：1827143680, 恢复 ：1
当前时间 ：2026-08-20 13:14:19send keng：2418, sheng ：4194304
decode keng：26, sheng ：2097152
world keng：12, sheng ：1048576

2026-08-20 13:14:24.682 INFO [pool-6-thread-1][:] - /****************流量统计******************/
LastReadBytes:0
LastReadThroughput:0
LastWrittenBytes:0
LastWriteThroughput:0
RealWrittenBytes:0
RealWriteThroughput:0
当前玩家的连接数量:0
当前地图的线程个数：9
当前地图的个数:47
当前数据库执行队列数:0
当前发送队列缓存的对象数量:0
totalMemory：1009778688, use ：579698728, free ：430079960DirectMemory：1827143680, 恢复 ：1
当前时间 ：2026-08-20 13:14:24send keng：2418, sheng ：4194304
decode keng：26, sheng ：2097152
world keng：12, sheng ：1048576

2026-08-20 13:14:29.682 INFO [pool-6-thread-6][:] - /****************流量统计******************/
LastReadBytes:0
LastReadThroughput:0
LastWrittenBytes:0
LastWriteThroughput:0
RealWrittenBytes:0
RealWriteThroughput:0
当前玩家的连接数量:0
当前地图的线程个数：9
当前地图的个数:47
当前数据库执行队列数:0
当前发送队列缓存的对象数量:0
totalMemory：1009778688, use ：582214688, free ：427564000DirectMemory：1827143680, 恢复 ：1
当前时间 ：2026-08-20 13:14:29send keng：2418, sheng ：4194304
decode keng：26, sheng ：2097152
world keng：12, sheng ：1048576

2026-08-20 13:14:34.682 INFO [pool-6-thread-10][:] - /****************流量统计******************/
LastReadBytes:0
LastReadThroughput:0
LastWrittenBytes:0
LastWriteThroughput:0
RealWrittenBytes:0
RealWriteThroughput:0
当前玩家的连接数量:0
当前地图的线程个数：9
当前地图的个数:47
当前数据库执行队列数:0
当前发送队列缓存的对象数量:0
totalMemory：1009778688, use ：585379288, free ：424399400DirectMemory：1827143680, 恢复 ：1
当前时间 ：2026-08-20 13:14:34send keng：2418, sheng ：4194304
decode keng：26, sheng ：2097152
world keng：12, sheng ：1048576

2026-08-20 13:14:39.682 INFO [pool-6-thread-9][:] - /****************流量统计******************/
LastReadBytes:0
LastReadThroughput:0
LastWrittenBytes:0
LastWriteThroughput:0
RealWrittenBytes:0
RealWriteThroughput:0
当前玩家的连接数量:0
当前地图的线程个数：9
当前地图的个数:47
当前数据库执行队列数:0
当前发送队列缓存的对象数量:0
totalMemory：1009778688, use ：589598648, free ：420180040DirectMemory：1827143680, 恢复 ：1
当前时间 ：2026-08-20 13:14:39send keng：2418, sheng ：4194304
decode keng：26, sheng ：2097152
world keng：12, sheng ：1048576

2026-08-20 13:14:44.682 INFO [pool-6-thread-7][:] - /****************流量统计******************/
LastReadBytes:0
LastReadThroughput:0
LastWrittenBytes:0
LastWriteThroughput:0
RealWrittenBytes:0
RealWriteThroughput:0
当前玩家的连接数量:0
当前地图的线程个数：9
当前地图的个数:47
当前数据库执行队列数:0
当前发送队列缓存的对象数量:0
totalMemory：1009778688, use ：592286448, free ：417492240DirectMemory：1827143680, 恢复 ：1
当前时间 ：2026-08-20 13:14:44send keng：2418, sheng ：4194304
decode keng：26, sheng ：2097152
world keng：12, sheng ：1048576

2026-08-20 13:14:49.682 INFO [pool-6-thread-8][:] - /****************流量统计******************/
LastReadBytes:0
LastReadThroughput:0
LastWrittenBytes:0
LastWriteThroughput:0
RealWrittenBytes:0
RealWriteThroughput:0
当前玩家的连接数量:0
当前地图的线程个数：9
当前地图的个数:47
当前数据库执行队列数:0
当前发送队列缓存的对象数量:0
totalMemory：1009778688, use ：596566656, free ：413212032DirectMemory：1827143680, 恢复 ：1
当前时间 ：2026-08-20 13:14:49send keng：2418, sheng ：4194304
decode keng：26, sheng ：2097152
world keng：12, sheng ：1048576

2026-08-20 13:14:54.682 INFO [pool-6-thread-9][:] - /****************流量统计******************/
LastReadBytes:0
LastReadThroughput:0
LastWrittenBytes:0
LastWriteThroughput:0
RealWrittenBytes:0
RealWriteThroughput:0
当前玩家的连接数量:0
当前地图的线程个数：9
当前地图的个数:47
当前数据库执行队列数:0
当前发送队列缓存的对象数量:0
totalMemory：1009778688, use ：599504704, free ：410273984DirectMemory：1827143680, 恢复 ：1
当前时间 ：2026-08-20 13:14:54send keng：2418, sheng ：4194304
decode keng：26, sheng ：2097152
world keng：12, sheng ：1048576

2026-08-20 13:14:59.682 INFO [pool-6-thread-8][:] - /****************流量统计******************/
LastReadBytes:0
LastReadThroughput:0
LastWrittenBytes:0
LastWriteThroughput:0
RealWrittenBytes:0
RealWriteThroughput:0
当前玩家的连接数量:0
当前地图的线程个数：9
当前地图的个数:47
当前数据库执行队列数:0
当前发送队列缓存的对象数量:0
totalMemory：1009778688, use ：603043688, free ：406735000DirectMemory：1827143680, 恢复 ：1
当前时间 ：2026-08-20 13:14:59send keng：2418, sheng ：4194304
decode keng：26, sheng ：2097152
world keng：12, sheng ：1048576

2026-08-20 13:15:04.684 INFO [pool-6-thread-5][:] - /****************流量统计******************/
LastReadBytes:0
LastReadThroughput:0
LastWrittenBytes:0
LastWriteThroughput:0
RealWrittenBytes:0
RealWriteThroughput:0
当前玩家的连接数量:0
当前地图的线程个数：9
当前地图的个数:47
当前数据库执行队列数:0
当前发送队列缓存的对象数量:0
totalMemory：1009778688, use ：606855624, free ：402923064DirectMemory：1827143680, 恢复 ：1
当前时间 ：2026-08-20 13:15:04send keng：2418, sheng ：4194304
decode keng：26, sheng ：2097152
world keng：12, sheng ：1048576

2026-08-20 13:15:09.682 INFO [pool-6-thread-7][:] - /****************流量统计******************/
LastReadBytes:0
LastReadThroughput:0
LastWrittenBytes:0
LastWriteThroughput:0
RealWrittenBytes:0
RealWriteThroughput:0
当前玩家的连接数量:0
当前地图的线程个数：9
当前地图的个数:47
当前数据库执行队列数:0
当前发送队列缓存的对象数量:0
totalMemory：1009778688, use ：610568400, free ：399210288DirectMemory：1827143680, 恢复 ：1
当前时间 ：2026-08-20 13:15:09send keng：2418, sheng ：4194304
decode keng：26, sheng ：2097152
world keng：12, sheng ：1048576

2026-08-20 13:15:14.682 INFO [pool-6-thread-3][:] - /****************流量统计******************/
LastReadBytes:0
LastReadThroughput:0
LastWrittenBytes:0
LastWriteThroughput:0
RealWrittenBytes:0
RealWriteThroughput:0
当前玩家的连接数量:0
当前地图的线程个数：9
当前地图的个数:47
当前数据库执行队列数:0
当前发送队列缓存的对象数量:0
totalMemory：1009778688, use ：613133216, free ：396645472DirectMemory：1827143680, 恢复 ：1
当前时间 ：2026-08-20 13:15:14send keng：2418, sheng ：4194304
decode keng：26, sheng ：2097152
world keng：12, sheng ：1048576

2026-08-20 13:15:19.682 INFO [pool-6-thread-3][:] - /****************流量统计******************/
LastReadBytes:0
LastReadThroughput:0
LastWrittenBytes:0
LastWriteThroughput:0
RealWrittenBytes:0
RealWriteThroughput:0
当前玩家的连接数量:0
当前地图的线程个数：9
当前地图的个数:47
当前数据库执行队列数:0
当前发送队列缓存的对象数量:0
totalMemory：1009778688, use ：618551160, free ：391227528DirectMemory：1827143680, 恢复 ：1
当前时间 ：2026-08-20 13:15:19send keng：2418, sheng ：4194304
decode keng：26, sheng ：2097152
world keng：12, sheng ：1048576

2026-08-20 13:15:24.682 INFO [pool-6-thread-2][:] - /****************流量统计******************/
LastReadBytes:0
LastReadThroughput:0
LastWrittenBytes:0
LastWriteThroughput:0
RealWrittenBytes:0
RealWriteThroughput:0
当前玩家的连接数量:0
当前地图的线程个数：9
当前地图的个数:47
当前数据库执行队列数:0
当前发送队列缓存的对象数量:0
totalMemory：1009778688, use ：620070584, free ：389708104DirectMemory：1827143680, 恢复 ：1
当前时间 ：2026-08-20 13:15:24send keng：2418, sheng ：4194304
decode keng：26, sheng ：2097152
world keng：12, sheng ：1048576

2026-08-20 13:15:29.682 INFO [pool-6-thread-1][:] - /****************流量统计******************/
LastReadBytes:0
LastReadThroughput:0
LastWrittenBytes:0
LastWriteThroughput:0
RealWrittenBytes:0
RealWriteThroughput:0
当前玩家的连接数量:0
当前地图的线程个数：9
当前地图的个数:47
当前数据库执行队列数:0
当前发送队列缓存的对象数量:0
totalMemory：1009778688, use ：625462048, free ：384316640DirectMemory：1827143680, 恢复 ：1
当前时间 ：2026-08-20 13:15:29send keng：2418, sheng ：4194304
decode keng：26, sheng ：2097152
world keng：12, sheng ：1048576

2026-08-20 13:15:34.682 INFO [pool-6-thread-1][:] - /****************流量统计******************/
LastReadBytes:0
LastReadThroughput:0
LastWrittenBytes:0
LastWriteThroughput:0
RealWrittenBytes:0
RealWriteThroughput:0
当前玩家的连接数量:0
当前地图的线程个数：9
当前地图的个数:47
当前数据库执行队列数:0
当前发送队列缓存的对象数量:0
totalMemory：1009778688, use ：627470344, free ：382308344DirectMemory：1827143680, 恢复 ：1
当前时间 ：2026-08-20 13:15:34send keng：2418, sheng ：4194304
decode keng：26, sheng ：2097152
world keng：12, sheng ：1048576

2026-08-20 13:15:39.682 INFO [pool-6-thread-9][:] - /****************流量统计******************/
LastReadBytes:0
LastReadThroughput:0
LastWrittenBytes:0
LastWriteThroughput:0
RealWrittenBytes:0
RealWriteThroughput:0
当前玩家的连接数量:0
当前地图的线程个数：9
当前地图的个数:47
当前数据库执行队列数:0
当前发送队列缓存的对象数量:0
totalMemory：1009778688, use ：632911296, free ：376867392DirectMemory：1827143680, 恢复 ：1
当前时间 ：2026-08-20 13:15:39send keng：2418, sheng ：4194304
decode keng：26, sheng ：2097152
world keng：12, sheng ：1048576

2026-08-20 13:15:44.682 INFO [pool-6-thread-3][:] - /****************流量统计******************/
LastReadBytes:0
LastReadThroughput:0
LastWrittenBytes:0
LastWriteThroughput:0
RealWrittenBytes:0
RealWriteThroughput:0
当前玩家的连接数量:0
当前地图的线程个数：9
当前地图的个数:47
当前数据库执行队列数:0
当前发送队列缓存的对象数量:0
totalMemory：1009778688, use ：635314472, free ：374464216DirectMemory：1827143680, 恢复 ：1
当前时间 ：2026-08-20 13:15:44send keng：2418, sheng ：4194304
decode keng：26, sheng ：2097152
world keng：12, sheng ：1048576

2026-08-20 13:15:49.683 INFO [pool-6-thread-1][:] - /****************流量统计******************/
LastReadBytes:0
LastReadThroughput:0
LastWrittenBytes:0
LastWriteThroughput:0
RealWrittenBytes:0
RealWriteThroughput:0
当前玩家的连接数量:0
当前地图的线程个数：9
当前地图的个数:47
当前数据库执行队列数:0
当前发送队列缓存的对象数量:0
totalMemory：1009778688, use ：640323496, free ：369455192DirectMemory：1827143680, 恢复 ：1
当前时间 ：2026-08-20 13:15:49send keng：2418, sheng ：4194304
decode keng：26, sheng ：2097152
world keng：12, sheng ：1048576

2026-08-20 13:15:54.682 INFO [pool-6-thread-3][:] - /****************流量统计******************/
LastReadBytes:0
LastReadThroughput:0
LastWrittenBytes:0
LastWriteThroughput:0
RealWrittenBytes:0
RealWriteThroughput:0
当前玩家的连接数量:0
当前地图的线程个数：9
当前地图的个数:47
当前数据库执行队列数:0
当前发送队列缓存的对象数量:0
totalMemory：1009778688, use ：642253720, free ：367524968DirectMemory：1827143680, 恢复 ：1
当前时间 ：2026-08-20 13:15:54send keng：2418, sheng ：4194304
decode keng：26, sheng ：2097152
world keng：12, sheng ：1048576

2026-08-20 13:15:59.686 INFO [pool-6-thread-3][:] - /****************流量统计******************/
LastReadBytes:0
LastReadThroughput:0
LastWrittenBytes:0
LastWriteThroughput:0
RealWrittenBytes:0
RealWriteThroughput:0
当前玩家的连接数量:0
当前地图的线程个数：9
当前地图的个数:47
当前数据库执行队列数:0
当前发送队列缓存的对象数量:0
totalMemory：1009778688, use ：647221968, free ：362556720DirectMemory：1827143680, 恢复 ：1
当前时间 ：2026-08-20 13:15:59send keng：2418, sheng ：4194304
decode keng：26, sheng ：2097152
world keng：12, sheng ：1048576

2026-08-20 13:16:04.682 INFO [pool-6-thread-4][:] - /****************流量统计******************/
LastReadBytes:0
LastReadThroughput:0
LastWrittenBytes:0
LastWriteThroughput:0
RealWrittenBytes:0
RealWriteThroughput:0
当前玩家的连接数量:0
当前地图的线程个数：9
当前地图的个数:47
当前数据库执行队列数:0
当前发送队列缓存的对象数量:0
totalMemory：1009778688, use ：649320208, free ：360458480DirectMemory：1827143680, 恢复 ：1
当前时间 ：2026-08-20 13:16:04send keng：2418, sheng ：4194304
decode keng：26, sheng ：2097152
world keng：12, sheng ：1048576

2026-08-20 13:16:09.682 INFO [pool-6-thread-6][:] - /****************流量统计******************/
LastReadBytes:0
LastReadThroughput:0
LastWrittenBytes:0
LastWriteThroughput:0
RealWrittenBytes:0
RealWriteThroughput:0
当前玩家的连接数量:0
当前地图的线程个数：9
当前地图的个数:47
当前数据库执行队列数:0
当前发送队列缓存的对象数量:0
totalMemory：1009778688, use ：653813120, free ：355965568DirectMemory：1827143680, 恢复 ：1
当前时间 ：2026-08-20 13:16:09send keng：2418, sheng ：4194304
decode keng：26, sheng ：2097152
world keng：12, sheng ：1048576

2026-08-20 13:16:14.682 INFO [pool-6-thread-2][:] - /****************流量统计******************/
LastReadBytes:0
LastReadThroughput:0
LastWrittenBytes:0
LastWriteThroughput:0
RealWrittenBytes:0
RealWriteThroughput:0
当前玩家的连接数量:0
当前地图的线程个数：9
当前地图的个数:47
当前数据库执行队列数:0
当前发送队列缓存的对象数量:0
totalMemory：1009778688, use ：656773776, free ：353004912DirectMemory：1827143680, 恢复 ：1
当前时间 ：2026-08-20 13:16:14send keng：2418, sheng ：4194304
decode keng：26, sheng ：2097152
world keng：12, sheng ：1048576

2026-08-20 13:16:19.683 INFO [pool-6-thread-2][:] - /****************流量统计******************/
LastReadBytes:0
LastReadThroughput:0
LastWrittenBytes:0
LastWriteThroughput:0
RealWrittenBytes:0
RealWriteThroughput:0
当前玩家的连接数量:0
当前地图的线程个数：9
当前地图的个数:47
当前数据库执行队列数:0
当前发送队列缓存的对象数量:0
totalMemory：1009778688, use ：660025160, free ：349753528DirectMemory：1827143680, 恢复 ：1
当前时间 ：2026-08-20 13:16:19send keng：2418, sheng ：4194304
decode keng：26, sheng ：2097152
world keng：12, sheng ：1048576

2026-08-20 13:16:24.682 INFO [pool-6-thread-8][:] - /****************流量统计******************/
LastReadBytes:0
LastReadThroughput:0
LastWrittenBytes:0
LastWriteThroughput:0
RealWrittenBytes:0
RealWriteThroughput:0
当前玩家的连接数量:0
当前地图的线程个数：9
当前地图的个数:47
当前数据库执行队列数:0
当前发送队列缓存的对象数量:0
totalMemory：1009778688, use ：664266144, free ：345512544DirectMemory：1827143680, 恢复 ：1
当前时间 ：2026-08-20 13:16:24send keng：2418, sheng ：4194304
decode keng：26, sheng ：2097152
world keng：12, sheng ：1048576

2026-08-20 13:16:29.682 INFO [pool-6-thread-2][:] - /****************流量统计******************/
LastReadBytes:0
LastReadThroughput:0
LastWrittenBytes:0
LastWriteThroughput:0
RealWrittenBytes:0
RealWriteThroughput:0
当前玩家的连接数量:0
当前地图的线程个数：9
当前地图的个数:47
当前数据库执行队列数:0
当前发送队列缓存的对象数量:0
totalMemory：1009778688, use ：666858016, free ：342920672DirectMemory：1827143680, 恢复 ：1
当前时间 ：2026-08-20 13:16:29send keng：2418, sheng ：4194304
decode keng：26, sheng ：2097152
world keng：12, sheng ：1048576

2026-08-20 13:16:34.682 INFO [pool-6-thread-4][:] - /****************流量统计******************/
LastReadBytes:0
LastReadThroughput:0
LastWrittenBytes:0
LastWriteThroughput:0
RealWrittenBytes:0
RealWriteThroughput:0
当前玩家的连接数量:0
当前地图的线程个数：9
当前地图的个数:47
当前数据库执行队列数:0
当前发送队列缓存的对象数量:0
totalMemory：1009778688, use ：670688640, free ：339090048DirectMemory：1827143680, 恢复 ：1
当前时间 ：2026-08-20 13:16:34send keng：2418, sheng ：4194304
decode keng：26, sheng ：2097152
world keng：12, sheng ：1048576

2026-08-20 13:16:39.682 INFO [pool-6-thread-1][:] - /****************流量统计******************/
LastReadBytes:0
LastReadThroughput:0
LastWrittenBytes:0
LastWriteThroughput:0
RealWrittenBytes:0
RealWriteThroughput:0
当前玩家的连接数量:0
当前地图的线程个数：9
当前地图的个数:47
当前数据库执行队列数:0
当前发送队列缓存的对象数量:0
totalMemory：1009778688, use ：674662800, free ：335115888DirectMemory：1827143680, 恢复 ：1
当前时间 ：2026-08-20 13:16:39send keng：2418, sheng ：4194304
decode keng：26, sheng ：2097152
world keng：12, sheng ：1048576

2026-08-20 13:16:44.682 INFO [pool-6-thread-9][:] - /****************流量统计******************/
LastReadBytes:0
LastReadThroughput:0
LastWrittenBytes:0
LastWriteThroughput:0
RealWrittenBytes:0
RealWriteThroughput:0
当前玩家的连接数量:0
当前地图的线程个数：9
当前地图的个数:47
当前数据库执行队列数:0
当前发送队列缓存的对象数量:0
totalMemory：1009778688, use ：678613392, free ：331165296DirectMemory：1827143680, 恢复 ：1
当前时间 ：2026-08-20 13:16:44send keng：2418, sheng ：4194304
decode keng：26, sheng ：2097152
world keng：12, sheng ：1048576

2026-08-20 13:16:49.682 INFO [pool-6-thread-1][:] - /****************流量统计******************/
LastReadBytes:0
LastReadThroughput:0
LastWrittenBytes:0
LastWriteThroughput:0
RealWrittenBytes:0
RealWriteThroughput:0
当前玩家的连接数量:0
当前地图的线程个数：9
当前地图的个数:47
当前数据库执行队列数:0
当前发送队列缓存的对象数量:0
totalMemory：1009778688, use ：681431928, free ：328346760DirectMemory：1827143680, 恢复 ：1
当前时间 ：2026-08-20 13:16:49send keng：2418, sheng ：4194304
decode keng：26, sheng ：2097152
world keng：12, sheng ：1048576

2026-08-20 13:16:54.682 INFO [pool-6-thread-9][:] - /****************流量统计******************/
LastReadBytes:0
LastReadThroughput:0
LastWrittenBytes:0
LastWriteThroughput:0
RealWrittenBytes:0
RealWriteThroughput:0
当前玩家的连接数量:0
当前地图的线程个数：9
当前地图的个数:47
当前数据库执行队列数:0
当前发送队列缓存的对象数量:0
totalMemory：1009778688, use ：685599360, free ：324179328DirectMemory：1827143680, 恢复 ：1
当前时间 ：2026-08-20 13:16:54send keng：2418, sheng ：4194304
decode keng：26, sheng ：2097152
world keng：12, sheng ：1048576

2026-08-20 13:16:59.682 INFO [pool-6-thread-7][:] - /****************流量统计******************/
LastReadBytes:0
LastReadThroughput:0
LastWrittenBytes:0
LastWriteThroughput:0
RealWrittenBytes:0
RealWriteThroughput:0
当前玩家的连接数量:0
当前地图的线程个数：9
当前地图的个数:47
当前数据库执行队列数:0
当前发送队列缓存的对象数量:0
totalMemory：1009778688, use ：688256176, free ：321522512DirectMemory：1827143680, 恢复 ：1
当前时间 ：2026-08-20 13:16:59send keng：2418, sheng ：4194304
decode keng：26, sheng ：2097152
world keng：12, sheng ：1048576

2026-08-20 13:17:04.682 INFO [pool-6-thread-2][:] - /****************流量统计******************/
LastReadBytes:0
LastReadThroughput:0
LastWrittenBytes:0
LastWriteThroughput:0
RealWrittenBytes:0
RealWriteThroughput:0
当前玩家的连接数量:0
当前地图的线程个数：9
当前地图的个数:47
当前数据库执行队列数:0
当前发送队列缓存的对象数量:0
totalMemory：1009778688, use ：693605192, free ：316173496DirectMemory：1827143680, 恢复 ：1
当前时间 ：2026-08-20 13:17:04send keng：2418, sheng ：4194304
decode keng：26, sheng ：2097152
world keng：12, sheng ：1048576

2026-08-20 13:17:09.682 INFO [pool-6-thread-8][:] - /****************流量统计******************/
LastReadBytes:0
LastReadThroughput:0
LastWrittenBytes:0
LastWriteThroughput:0
RealWrittenBytes:0
RealWriteThroughput:0
当前玩家的连接数量:0
当前地图的线程个数：9
当前地图的个数:47
当前数据库执行队列数:0
当前发送队列缓存的对象数量:0
totalMemory：1009778688, use ：695698216, free ：314080472DirectMemory：1827143680, 恢复 ：1
当前时间 ：2026-08-20 13:17:09send keng：2418, sheng ：4194304
decode keng：26, sheng ：2097152
world keng：12, sheng ：1048576

2026-08-20 13:17:14.682 INFO [pool-6-thread-5][:] - /****************流量统计******************/
LastReadBytes:0
LastReadThroughput:0
LastWrittenBytes:0
LastWriteThroughput:0
RealWrittenBytes:0
RealWriteThroughput:0
当前玩家的连接数量:0
当前地图的线程个数：9
当前地图的个数:47
当前数据库执行队列数:0
当前发送队列缓存的对象数量:0
totalMemory：1009778688, use ：700086904, free ：309691784DirectMemory：1827143680, 恢复 ：1
当前时间 ：2026-08-20 13:17:14send keng：2418, sheng ：4194304
decode keng：26, sheng ：2097152
world keng：12, sheng ：1048576

2026-08-20 13:17:19.682 INFO [pool-6-thread-8][:] - /****************流量统计******************/
LastReadBytes:0
LastReadThroughput:0
LastWrittenBytes:0
LastWriteThroughput:0
RealWrittenBytes:0
RealWriteThroughput:0
当前玩家的连接数量:0
当前地图的线程个数：9
当前地图的个数:47
当前数据库执行队列数:0
当前发送队列缓存的对象数量:0
totalMemory：1009778688, use ：703143144, free ：306635544DirectMemory：1827143680, 恢复 ：1
当前时间 ：2026-08-20 13:17:19send keng：2418, sheng ：4194304
decode keng：26, sheng ：2097152
world keng：12, sheng ：1048576

2026-08-20 13:17:24.682 INFO [pool-6-thread-9][:] - /****************流量统计******************/
LastReadBytes:0
LastReadThroughput:0
LastWrittenBytes:0
LastWriteThroughput:0
RealWrittenBytes:0
RealWriteThroughput:0
当前玩家的连接数量:0
当前地图的线程个数：9
当前地图的个数:47
当前数据库执行队列数:0
当前发送队列缓存的对象数量:0
totalMemory：1009778688, use ：707506560, free ：302272128DirectMemory：1827143680, 恢复 ：1
当前时间 ：2026-08-20 13:17:24send keng：2418, sheng ：4194304
decode keng：26, sheng ：2097152
world keng：12, sheng ：1048576

2026-08-20 13:17:29.682 INFO [pool-6-thread-6][:] - /****************流量统计******************/
LastReadBytes:0
LastReadThroughput:0
LastWrittenBytes:0
LastWriteThroughput:0
RealWrittenBytes:0
RealWriteThroughput:0
当前玩家的连接数量:0
当前地图的线程个数：9
当前地图的个数:47
当前数据库执行队列数:0
当前发送队列缓存的对象数量:0
totalMemory：1009778688, use ：709087528, free ：300691160DirectMemory：1827143680, 恢复 ：1
当前时间 ：2026-08-20 13:17:29send keng：2418, sheng ：4194304
decode keng：26, sheng ：2097152
world keng：12, sheng ：1048576

2026-08-20 13:17:34.682 INFO [pool-6-thread-9][:] - /****************流量统计******************/
LastReadBytes:0
LastReadThroughput:0
LastWrittenBytes:0
LastWriteThroughput:0
RealWrittenBytes:0
RealWriteThroughput:0
当前玩家的连接数量:0
当前地图的线程个数：9
当前地图的个数:47
当前数据库执行队列数:0
当前发送队列缓存的对象数量:0
totalMemory：1009778688, use ：714464288, free ：295314400DirectMemory：1827143680, 恢复 ：1
当前时间 ：2026-08-20 13:17:34send keng：2418, sheng ：4194304
decode keng：26, sheng ：2097152
world keng：12, sheng ：1048576

2026-08-20 13:17:39.682 INFO [pool-6-thread-8][:] - /****************流量统计******************/
LastReadBytes:0
LastReadThroughput:0
LastWrittenBytes:0
LastWriteThroughput:0
RealWrittenBytes:0
RealWriteThroughput:0
当前玩家的连接数量:0
当前地图的线程个数：9
当前地图的个数:47
当前数据库执行队列数:0
当前发送队列缓存的对象数量:0
totalMemory：1009778688, use ：716435968, free ：293342720DirectMemory：1827143680, 恢复 ：1
当前时间 ：2026-08-20 13:17:39send keng：2418, sheng ：4194304
decode keng：26, sheng ：2097152
world keng：12, sheng ：1048576

2026-08-20 13:17:44.683 INFO [pool-6-thread-9][:] - /****************流量统计******************/
LastReadBytes:0
LastReadThroughput:0
LastWrittenBytes:0
LastWriteThroughput:0
RealWrittenBytes:0
RealWriteThroughput:0
当前玩家的连接数量:0
当前地图的线程个数：9
当前地图的个数:47
当前数据库执行队列数:0
当前发送队列缓存的对象数量:0
totalMemory：1009778688, use ：721099752, free ：288678936DirectMemory：1827143680, 恢复 ：1
当前时间 ：2026-08-20 13:17:44send keng：2418, sheng ：4194304
decode keng：26, sheng ：2097152
world keng：12, sheng ：1048576

2026-08-20 13:17:49.682 INFO [pool-6-thread-10][:] - /****************流量统计******************/
LastReadBytes:0
LastReadThroughput:0
LastWrittenBytes:0
LastWriteThroughput:0
RealWrittenBytes:0
RealWriteThroughput:0
当前玩家的连接数量:0
当前地图的线程个数：9
当前地图的个数:47
当前数据库执行队列数:0
当前发送队列缓存的对象数量:0
totalMemory：1009778688, use ：724853368, free ：284925320DirectMemory：1827143680, 恢复 ：1
当前时间 ：2026-08-20 13:17:49send keng：2418, sheng ：4194304
decode keng：26, sheng ：2097152
world keng：12, sheng ：1048576

2026-08-20 13:17:54.682 INFO [pool-6-thread-5][:] - /****************流量统计******************/
LastReadBytes:0
LastReadThroughput:0
LastWrittenBytes:0
LastWriteThroughput:0
RealWrittenBytes:0
RealWriteThroughput:0
当前玩家的连接数量:0
当前地图的线程个数：9
当前地图的个数:47
当前数据库执行队列数:0
当前发送队列缓存的对象数量:0
totalMemory：1009778688, use ：727556536, free ：282222152DirectMemory：1827143680, 恢复 ：1
当前时间 ：2026-08-20 13:17:54send keng：2418, sheng ：4194304
decode keng：26, sheng ：2097152
world keng：12, sheng ：1048576

2026-08-20 13:17:59.682 INFO [pool-6-thread-4][:] - /****************流量统计******************/
LastReadBytes:0
LastReadThroughput:0
LastWrittenBytes:0
LastWriteThroughput:0
RealWrittenBytes:0
RealWriteThroughput:0
当前玩家的连接数量:0
当前地图的线程个数：9
当前地图的个数:47
当前数据库执行队列数:0
当前发送队列缓存的对象数量:0
totalMemory：1009778688, use ：730836496, free ：278942192DirectMemory：1827143680, 恢复 ：1
当前时间 ：2026-08-20 13:17:59send keng：2418, sheng ：4194304
decode keng：26, sheng ：2097152
world keng：12, sheng ：1048576

2026-08-20 13:18:04.682 INFO [pool-6-thread-5][:] - /****************流量统计******************/
LastReadBytes:0
LastReadThroughput:0
LastWrittenBytes:0
LastWriteThroughput:0
RealWrittenBytes:0
RealWriteThroughput:0
当前玩家的连接数量:0
当前地图的线程个数：9
当前地图的个数:47
当前数据库执行队列数:0
当前发送队列缓存的对象数量:0
totalMemory：1009778688, use ：734586736, free ：275191952DirectMemory：1827143680, 恢复 ：1
当前时间 ：2026-08-20 13:18:04send keng：2418, sheng ：4194304
decode keng：26, sheng ：2097152
world keng：12, sheng ：1048576

2026-08-20 13:18:09.682 INFO [pool-6-thread-6][:] - /****************流量统计******************/
LastReadBytes:0
LastReadThroughput:0
LastWrittenBytes:0
LastWriteThroughput:0
RealWrittenBytes:0
RealWriteThroughput:0
当前玩家的连接数量:0
当前地图的线程个数：9
当前地图的个数:47
当前数据库执行队列数:0
当前发送队列缓存的对象数量:0
totalMemory：1009778688, use ：738344920, free ：271433768DirectMemory：1827143680, 恢复 ：1
当前时间 ：2026-08-20 13:18:09send keng：2418, sheng ：4194304
decode keng：26, sheng ：2097152
world keng：12, sheng ：1048576

2026-08-20 13:18:14.682 INFO [pool-6-thread-10][:] - /****************流量统计******************/
LastReadBytes:0
LastReadThroughput:0
LastWrittenBytes:0
LastWriteThroughput:0
RealWrittenBytes:0
RealWriteThroughput:0
当前玩家的连接数量:0
当前地图的线程个数：9
当前地图的个数:47
当前数据库执行队列数:0
当前发送队列缓存的对象数量:0
totalMemory：1009778688, use ：741988856, free ：267789832DirectMemory：1827143680, 恢复 ：1
当前时间 ：2026-08-20 13:18:14send keng：2418, sheng ：4194304
decode keng：26, sheng ：2097152
world keng：12, sheng ：1048576

2026-08-20 13:18:19.682 INFO [pool-6-thread-9][:] - /****************流量统计******************/
LastReadBytes:0
LastReadThroughput:0
LastWrittenBytes:0
LastWriteThroughput:0
RealWrittenBytes:0
RealWriteThroughput:0
当前玩家的连接数量:0
当前地图的线程个数：9
当前地图的个数:47
当前数据库执行队列数:0
当前发送队列缓存的对象数量:0
totalMemory：1009778688, use ：744898304, free ：264880384DirectMemory：1827143680, 恢复 ：1
当前时间 ：2026-08-20 13:18:19send keng：2418, sheng ：4194304
decode keng：26, sheng ：2097152
world keng：12, sheng ：1048576

2026-08-20 13:18:24.682 INFO [pool-6-thread-1][:] - /****************流量统计******************/
LastReadBytes:0
LastReadThroughput:0
LastWrittenBytes:0
LastWriteThroughput:0
RealWrittenBytes:0
RealWriteThroughput:0
当前玩家的连接数量:0
当前地图的线程个数：9
当前地图的个数:47
当前数据库执行队列数:0
当前发送队列缓存的对象数量:0
totalMemory：1009778688, use ：748795296, free ：260983392DirectMemory：1827143680, 恢复 ：1
当前时间 ：2026-08-20 13:18:24send keng：2418, sheng ：4194304
decode keng：26, sheng ：2097152
world keng：12, sheng ：1048576

2026-08-20 13:18:29.685 INFO [pool-6-thread-4][:] - /****************流量统计******************/
LastReadBytes:0
LastReadThroughput:0
LastWrittenBytes:0
LastWriteThroughput:0
RealWrittenBytes:0
RealWriteThroughput:0
当前玩家的连接数量:0
当前地图的线程个数：9
当前地图的个数:47
当前数据库执行队列数:0
当前发送队列缓存的对象数量:0
totalMemory：1009778688, use ：752337864, free ：257440824DirectMemory：1827143680, 恢复 ：1
当前时间 ：2026-08-20 13:18:29send keng：2418, sheng ：4194304
decode keng：26, sheng ：2097152
world keng：12, sheng ：1048576

2026-08-20 13:18:34.682 INFO [pool-6-thread-7][:] - /****************流量统计******************/
LastReadBytes:0
LastReadThroughput:0
LastWrittenBytes:0
LastWriteThroughput:0
RealWrittenBytes:0
RealWriteThroughput:0
当前玩家的连接数量:0
当前地图的线程个数：9
当前地图的个数:47
当前数据库执行队列数:0
当前发送队列缓存的对象数量:0
totalMemory：1009778688, use ：756135368, free ：253643320DirectMemory：1827143680, 恢复 ：1
当前时间 ：2026-08-20 13:18:34send keng：2418, sheng ：4194304
decode keng：26, sheng ：2097152
world keng：12, sheng ：1048576

2026-08-20 13:18:39.682 INFO [pool-6-thread-4][:] - /****************流量统计******************/
LastReadBytes:0
LastReadThroughput:0
LastWrittenBytes:0
LastWriteThroughput:0
RealWrittenBytes:0
RealWriteThroughput:0
当前玩家的连接数量:0
当前地图的线程个数：9
当前地图的个数:47
当前数据库执行队列数:0
当前发送队列缓存的对象数量:0
totalMemory：1009778688, use ：760214200, free ：249564488DirectMemory：1827143680, 恢复 ：1
当前时间 ：2026-08-20 13:18:39send keng：2418, sheng ：4194304
decode keng：26, sheng ：2097152
world keng：12, sheng ：1048576

2026-08-20 13:18:44.685 INFO [pool-6-thread-8][:] - /****************流量统计******************/
LastReadBytes:0
LastReadThroughput:0
LastWrittenBytes:0
LastWriteThroughput:0
RealWrittenBytes:0
RealWriteThroughput:0
当前玩家的连接数量:0
当前地图的线程个数：9
当前地图的个数:47
当前数据库执行队列数:0
当前发送队列缓存的对象数量:0
totalMemory：1009778688, use ：762900552, free ：246878136DirectMemory：1827143680, 恢复 ：1
当前时间 ：2026-08-20 13:18:44send keng：2418, sheng ：4194304
decode keng：26, sheng ：2097152
world keng：12, sheng ：1048576

2026-08-20 13:18:49.682 INFO [pool-6-thread-3][:] - /****************流量统计******************/
LastReadBytes:0
LastReadThroughput:0
LastWrittenBytes:0
LastWriteThroughput:0
RealWrittenBytes:0
RealWriteThroughput:0
当前玩家的连接数量:0
当前地图的线程个数：9
当前地图的个数:47
当前数据库执行队列数:0
当前发送队列缓存的对象数量:0
totalMemory：1009778688, use ：767188424, free ：242590264DirectMemory：1827143680, 恢复 ：1
当前时间 ：2026-08-20 13:18:49send keng：2418, sheng ：4194304
decode keng：26, sheng ：2097152
world keng：12, sheng ：1048576

2026-08-20 13:18:54.682 INFO [pool-6-thread-7][:] - /****************流量统计******************/
LastReadBytes:0
LastReadThroughput:0
LastWrittenBytes:0
LastWriteThroughput:0
RealWrittenBytes:0
RealWriteThroughput:0
当前玩家的连接数量:0
当前地图的线程个数：9
当前地图的个数:47
当前数据库执行队列数:0
当前发送队列缓存的对象数量:0
totalMemory：1009778688, use ：769787672, free ：239991016DirectMemory：1827143680, 恢复 ：1
当前时间 ：2026-08-20 13:18:54send keng：2418, sheng ：4194304
decode keng：26, sheng ：2097152
world keng：12, sheng ：1048576

2026-08-20 13:18:59.682 INFO [pool-6-thread-8][:] - /****************流量统计******************/
LastReadBytes:0
LastReadThroughput:0
LastWrittenBytes:0
LastWriteThroughput:0
RealWrittenBytes:0
RealWriteThroughput:0
当前玩家的连接数量:0
当前地图的线程个数：9
当前地图的个数:47
当前数据库执行队列数:0
当前发送队列缓存的对象数量:0
totalMemory：1009778688, use ：774578816, free ：235199872DirectMemory：1827143680, 恢复 ：1
当前时间 ：2026-08-20 13:18:59send keng：2418, sheng ：4194304
decode keng：26, sheng ：2097152
world keng：12, sheng ：1048576

2026-08-20 13:19:04.687 INFO [pool-6-thread-10][:] - /****************流量统计******************/
LastReadBytes:0
LastReadThroughput:0
LastWrittenBytes:0
LastWriteThroughput:0
RealWrittenBytes:0
RealWriteThroughput:0
当前玩家的连接数量:0
当前地图的线程个数：9
当前地图的个数:47
当前数据库执行队列数:0
当前发送队列缓存的对象数量:0
totalMemory：1009778688, use ：776379768, free ：233398920DirectMemory：1827143680, 恢复 ：1
当前时间 ：2026-08-20 13:19:04send keng：2418, sheng ：4194304
decode keng：26, sheng ：2097152
world keng：12, sheng ：1048576

2026-08-20 13:19:09.682 INFO [pool-6-thread-3][:] - /****************流量统计******************/
LastReadBytes:0
LastReadThroughput:0
LastWrittenBytes:0
LastWriteThroughput:0
RealWrittenBytes:0
RealWriteThroughput:0
当前玩家的连接数量:0
当前地图的线程个数：9
当前地图的个数:47
当前数据库执行队列数:0
当前发送队列缓存的对象数量:0
totalMemory：1009778688, use ：781649848, free ：228128840DirectMemory：1827143680, 恢复 ：1
当前时间 ：2026-08-20 13:19:09send keng：2418, sheng ：4194304
decode keng：26, sheng ：2097152
world keng：12, sheng ：1048576

2026-08-20 13:19:14.683 INFO [pool-6-thread-9][:] - /****************流量统计******************/
LastReadBytes:0
LastReadThroughput:0
LastWrittenBytes:0
LastWriteThroughput:0
RealWrittenBytes:0
RealWriteThroughput:0
当前玩家的连接数量:0
当前地图的线程个数：9
当前地图的个数:47
当前数据库执行队列数:0
当前发送队列缓存的对象数量:0
totalMemory：1009778688, use ：784235912, free ：225542776DirectMemory：1827143680, 恢复 ：1
当前时间 ：2026-08-20 13:19:14send keng：2418, sheng ：4194304
decode keng：26, sheng ：2097152
world keng：12, sheng ：1048576

2026-08-20 13:19:19.682 INFO [pool-6-thread-2][:] - /****************流量统计******************/
LastReadBytes:0
LastReadThroughput:0
LastWrittenBytes:0
LastWriteThroughput:0
RealWrittenBytes:0
RealWriteThroughput:0
当前玩家的连接数量:0
当前地图的线程个数：9
当前地图的个数:47
当前数据库执行队列数:0
当前发送队列缓存的对象数量:0
totalMemory：1009778688, use ：789069960, free ：220708728DirectMemory：1827143680, 恢复 ：1
当前时间 ：2026-08-20 13:19:19send keng：2418, sheng ：4194304
decode keng：26, sheng ：2097152
world keng：12, sheng ：1048576

2026-08-20 13:19:24.682 INFO [pool-6-thread-3][:] - /****************流量统计******************/
LastReadBytes:0
LastReadThroughput:0
LastWrittenBytes:0
LastWriteThroughput:0
RealWrittenBytes:0
RealWriteThroughput:0
当前玩家的连接数量:0
当前地图的线程个数：9
当前地图的个数:47
当前数据库执行队列数:0
当前发送队列缓存的对象数量:0
totalMemory：1009778688, use ：791657768, free ：218120920DirectMemory：1827143680, 恢复 ：1
当前时间 ：2026-08-20 13:19:24send keng：2418, sheng ：4194304
decode keng：26, sheng ：2097152
world keng：12, sheng ：1048576

2026-08-20 13:19:29.682 INFO [pool-6-thread-1][:] - /****************流量统计******************/
LastReadBytes:0
LastReadThroughput:0
LastWrittenBytes:0
LastWriteThroughput:0
RealWrittenBytes:0
RealWriteThroughput:0
当前玩家的连接数量:0
当前地图的线程个数：9
当前地图的个数:47
当前数据库执行队列数:0
当前发送队列缓存的对象数量:0
totalMemory：1009778688, use ：424476872, free ：585301816DirectMemory：1827143680, 恢复 ：1
当前时间 ：2026-08-20 13:19:29send keng：2418, sheng ：4194304
decode keng：26, sheng ：2097152
world keng：12, sheng ：1048576

2026-08-20 13:19:34.682 INFO [pool-6-thread-2][:] - /****************流量统计******************/
LastReadBytes:0
LastReadThroughput:0
LastWrittenBytes:0
LastWriteThroughput:0
RealWrittenBytes:0
RealWriteThroughput:0
当前玩家的连接数量:0
当前地图的线程个数：9
当前地图的个数:47
当前数据库执行队列数:0
当前发送队列缓存的对象数量:0
totalMemory：1009778688, use ：424513648, free ：585265040DirectMemory：1827143680, 恢复 ：1
当前时间 ：2026-08-20 13:19:34send keng：2418, sheng ：4194304
decode keng：26, sheng ：2097152
world keng：12, sheng ：1048576

2026-08-20 13:19:39.682 INFO [pool-6-thread-4][:] - /****************流量统计******************/
LastReadBytes:0
LastReadThroughput:0
LastWrittenBytes:0
LastWriteThroughput:0
RealWrittenBytes:0
RealWriteThroughput:0
当前玩家的连接数量:0
当前地图的线程个数：9
当前地图的个数:47
当前数据库执行队列数:0
当前发送队列缓存的对象数量:0
totalMemory：1009778688, use ：429399208, free ：580379480DirectMemory：1827143680, 恢复 ：1
当前时间 ：2026-08-20 13:19:39send keng：2418, sheng ：4194304
decode keng：26, sheng ：2097152
world keng：12, sheng ：1048576

2026-08-20 13:19:44.682 INFO [pool-6-thread-8][:] - /****************流量统计******************/
LastReadBytes:0
LastReadThroughput:0
LastWrittenBytes:0
LastWriteThroughput:0
RealWrittenBytes:0
RealWriteThroughput:0
当前玩家的连接数量:0
当前地图的线程个数：9
当前地图的个数:47
当前数据库执行队列数:0
当前发送队列缓存的对象数量:0
totalMemory：1009778688, use ：432457592, free ：577321096DirectMemory：1827143680, 恢复 ：1
当前时间 ：2026-08-20 13:19:44send keng：2418, sheng ：4194304
decode keng：26, sheng ：2097152
world keng：12, sheng ：1048576

2026-08-20 13:19:49.682 INFO [pool-6-thread-8][:] - /****************流量统计******************/
LastReadBytes:0
LastReadThroughput:0
LastWrittenBytes:0
LastWriteThroughput:0
RealWrittenBytes:0
RealWriteThroughput:0
当前玩家的连接数量:0
当前地图的线程个数：9
当前地图的个数:47
当前数据库执行队列数:0
当前发送队列缓存的对象数量:0
totalMemory：1009778688, use ：433916320, free ：575862368DirectMemory：1827143680, 恢复 ：1
当前时间 ：2026-08-20 13:19:49send keng：2418, sheng ：4194304
decode keng：26, sheng ：2097152
world keng：12, sheng ：1048576

2026-08-20 13:19:54.682 INFO [pool-6-thread-8][:] - /****************流量统计******************/
LastReadBytes:0
LastReadThroughput:0
LastWrittenBytes:0
LastWriteThroughput:0
RealWrittenBytes:0
RealWriteThroughput:0
当前玩家的连接数量:0
当前地图的线程个数：9
当前地图的个数:47
当前数据库执行队列数:0
当前发送队列缓存的对象数量:0
totalMemory：1009778688, use ：439353752, free ：570424936DirectMemory：1827143680, 恢复 ：1
当前时间 ：2026-08-20 13:19:54send keng：2418, sheng ：4194304
decode keng：26, sheng ：2097152
world keng：12, sheng ：1048576

2026-08-20 13:19:59.682 INFO [pool-6-thread-3][:] - /****************流量统计******************/
LastReadBytes:0
LastReadThroughput:0
LastWrittenBytes:0
LastWriteThroughput:0
RealWrittenBytes:0
RealWriteThroughput:0
当前玩家的连接数量:0
当前地图的线程个数：9
当前地图的个数:47
当前数据库执行队列数:0
当前发送队列缓存的对象数量:0
totalMemory：1009778688, use ：441326744, free ：568451944DirectMemory：1827143680, 恢复 ：1
当前时间 ：2026-08-20 13:19:59send keng：2418, sheng ：4194304
decode keng：26, sheng ：2097152
world keng：12, sheng ：1048576

2026-08-20 13:20:04.682 INFO [pool-6-thread-3][:] - /****************流量统计******************/
LastReadBytes:0
LastReadThroughput:0
LastWrittenBytes:0
LastWriteThroughput:0
RealWrittenBytes:0
RealWriteThroughput:0
当前玩家的连接数量:0
当前地图的线程个数：9
当前地图的个数:47
当前数据库执行队列数:0
当前发送队列缓存的对象数量:0
totalMemory：1009778688, use ：446442936, free ：563335752DirectMemory：1827143680, 恢复 ：1
当前时间 ：2026-08-20 13:20:04send keng：2418, sheng ：4194304
decode keng：26, sheng ：2097152
world keng：12, sheng ：1048576

2026-08-20 13:20:09.682 INFO [pool-6-thread-1][:] - /****************流量统计******************/
LastReadBytes:0
LastReadThroughput:0
LastWrittenBytes:0
LastWriteThroughput:0
RealWrittenBytes:0
RealWriteThroughput:0
当前玩家的连接数量:0
当前地图的线程个数：9
当前地图的个数:47
当前数据库执行队列数:0
当前发送队列缓存的对象数量:0
totalMemory：1009778688, use ：447400432, free ：562378256DirectMemory：1827143680, 恢复 ：1
当前时间 ：2026-08-20 13:20:09send keng：2418, sheng ：4194304
decode keng：26, sheng ：2097152
world keng：12, sheng ：1048576

2026-08-20 13:20:14.682 INFO [pool-6-thread-7][:] - /****************流量统计******************/
LastReadBytes:0
LastReadThroughput:0
LastWrittenBytes:0
LastWriteThroughput:0
RealWrittenBytes:0
RealWriteThroughput:0
当前玩家的连接数量:0
当前地图的线程个数：9
当前地图的个数:47
当前数据库执行队列数:0
当前发送队列缓存的对象数量:0
totalMemory：1009778688, use ：454299384, free ：555479304DirectMemory：1827143680, 恢复 ：1
当前时间 ：2026-08-20 13:20:14send keng：2418, sheng ：4194304
decode keng：26, sheng ：2097152
world keng：12, sheng ：1048576

2026-08-20 13:20:19.683 INFO [pool-6-thread-4][:] - /****************流量统计******************/
LastReadBytes:0
LastReadThroughput:0
LastWrittenBytes:0
LastWriteThroughput:0
RealWrittenBytes:0
RealWriteThroughput:0
当前玩家的连接数量:0
当前地图的线程个数：9
当前地图的个数:47
当前数据库执行队列数:0
当前发送队列缓存的对象数量:0
totalMemory：1009778688, use ：455847088, free ：553931600DirectMemory：1827143680, 恢复 ：1
当前时间 ：2026-08-20 13:20:19send keng：2418, sheng ：4194304
decode keng：26, sheng ：2097152
world keng：12, sheng ：1048576

2026-08-20 13:20:24.682 INFO [pool-6-thread-6][:] - /****************流量统计******************/
LastReadBytes:0
LastReadThroughput:0
LastWrittenBytes:0
LastWriteThroughput:0
RealWrittenBytes:0
RealWriteThroughput:0
当前玩家的连接数量:0
当前地图的线程个数：9
当前地图的个数:47
当前数据库执行队列数:0
当前发送队列缓存的对象数量:0
totalMemory：1009778688, use ：460835096, free ：548943592DirectMemory：1827143680, 恢复 ：1
当前时间 ：2026-08-20 13:20:24send keng：2418, sheng ：4194304
decode keng：26, sheng ：2097152
world keng：12, sheng ：1048576

2026-08-20 13:20:29.682 INFO [pool-6-thread-7][:] - /****************流量统计******************/
LastReadBytes:0
LastReadThroughput:0
LastWrittenBytes:0
LastWriteThroughput:0
RealWrittenBytes:0
RealWriteThroughput:0
当前玩家的连接数量:0
当前地图的线程个数：9
当前地图的个数:47
当前数据库执行队列数:0
当前发送队列缓存的对象数量:0
totalMemory：1009778688, use ：463729720, free ：546048968DirectMemory：1827143680, 恢复 ：1
当前时间 ：2026-08-20 13:20:29send keng：2418, sheng ：4194304
decode keng：26, sheng ：2097152
world keng：12, sheng ：1048576

2026-08-20 13:20:34.691 INFO [pool-6-thread-8][:] - /****************流量统计******************/
LastReadBytes:0
LastReadThroughput:0
LastWrittenBytes:0
LastWriteThroughput:0
RealWrittenBytes:0
RealWriteThroughput:0
当前玩家的连接数量:0
当前地图的线程个数：9
当前地图的个数:47
当前数据库执行队列数:0
当前发送队列缓存的对象数量:0
totalMemory：1009778688, use ：467312808, free ：542465880DirectMemory：1827143680, 恢复 ：1
当前时间 ：2026-08-20 13:20:34send keng：2418, sheng ：4194304
decode keng：26, sheng ：2097152
world keng：12, sheng ：1048576

2026-08-20 13:20:39.682 INFO [pool-6-thread-7][:] - /****************流量统计******************/
LastReadBytes:0
LastReadThroughput:0
LastWrittenBytes:0
LastWriteThroughput:0
RealWrittenBytes:0
RealWriteThroughput:0
当前玩家的连接数量:0
当前地图的线程个数：9
当前地图的个数:47
当前数据库执行队列数:0
当前发送队列缓存的对象数量:0
totalMemory：1009778688, use ：470201304, free ：539577384DirectMemory：1827143680, 恢复 ：1
当前时间 ：2026-08-20 13:20:39send keng：2418, sheng ：4194304
decode keng：26, sheng ：2097152
world keng：12, sheng ：1048576

2026-08-20 13:20:44.682 INFO [pool-6-thread-4][:] - /****************流量统计******************/
LastReadBytes:0
LastReadThroughput:0
LastWrittenBytes:0
LastWriteThroughput:0
RealWrittenBytes:0
RealWriteThroughput:0
当前玩家的连接数量:0
当前地图的线程个数：9
当前地图的个数:47
当前数据库执行队列数:0
当前发送队列缓存的对象数量:0
totalMemory：1009778688, use ：475181952, free ：534596736DirectMemory：1827143680, 恢复 ：1
当前时间 ：2026-08-20 13:20:44send keng：2418, sheng ：4194304
decode keng：26, sheng ：2097152
world keng：12, sheng ：1048576

2026-08-20 13:20:49.682 INFO [pool-6-thread-4][:] - /****************流量统计******************/
LastReadBytes:0
LastReadThroughput:0
LastWrittenBytes:0
LastWriteThroughput:0
RealWrittenBytes:0
RealWriteThroughput:0
当前玩家的连接数量:0
当前地图的线程个数：9
当前地图的个数:47
当前数据库执行队列数:0
当前发送队列缓存的对象数量:0
totalMemory：1009778688, use ：478124936, free ：531653752DirectMemory：1827143680, 恢复 ：1
当前时间 ：2026-08-20 13:20:49send keng：2418, sheng ：4194304
decode keng：26, sheng ：2097152
world keng：12, sheng ：1048576

2026-08-20 13:20:54.682 INFO [pool-6-thread-8][:] - /****************流量统计******************/
LastReadBytes:0
LastReadThroughput:0
LastWrittenBytes:0
LastWriteThroughput:0
RealWrittenBytes:0
RealWriteThroughput:0
当前玩家的连接数量:0
当前地图的线程个数：9
当前地图的个数:47
当前数据库执行队列数:0
当前发送队列缓存的对象数量:0
totalMemory：1009778688, use ：481171360, free ：528607328DirectMemory：1827143680, 恢复 ：1
当前时间 ：2026-08-20 13:20:54send keng：2418, sheng ：4194304
decode keng：26, sheng ：2097152
world keng：12, sheng ：1048576

2026-08-20 13:20:59.682 INFO [pool-6-thread-8][:] - /****************流量统计******************/
LastReadBytes:0
LastReadThroughput:0
LastWrittenBytes:0
LastWriteThroughput:0
RealWrittenBytes:0
RealWriteThroughput:0
当前玩家的连接数量:0
当前地图的线程个数：9
当前地图的个数:47
当前数据库执行队列数:0
当前发送队列缓存的对象数量:0
totalMemory：1009778688, use ：485507952, free ：524270736DirectMemory：1827143680, 恢复 ：1
当前时间 ：2026-08-20 13:20:59send keng：2418, sheng ：4194304
decode keng：26, sheng ：2097152
world keng：12, sheng ：1048576

2026-08-20 13:21:04.682 INFO [pool-6-thread-6][:] - /****************流量统计******************/
LastReadBytes:0
LastReadThroughput:0
LastWrittenBytes:0
LastWriteThroughput:0
RealWrittenBytes:0
RealWriteThroughput:0
当前玩家的连接数量:0
当前地图的线程个数：9
当前地图的个数:47
当前数据库执行队列数:0
当前发送队列缓存的对象数量:0
totalMemory：1009778688, use ：488674056, free ：521104632DirectMemory：1827143680, 恢复 ：1
当前时间 ：2026-08-20 13:21:04send keng：2418, sheng ：4194304
decode keng：26, sheng ：2097152
world keng：12, sheng ：1048576

2026-08-20 13:21:09.682 INFO [pool-6-thread-9][:] - /****************流量统计******************/
LastReadBytes:0
LastReadThroughput:0
LastWrittenBytes:0
LastWriteThroughput:0
RealWrittenBytes:0
RealWriteThroughput:0
当前玩家的连接数量:0
当前地图的线程个数：9
当前地图的个数:47
当前数据库执行队列数:0
当前发送队列缓存的对象数量:0
totalMemory：1009778688, use ：493075736, free ：516702952DirectMemory：1827143680, 恢复 ：1
当前时间 ：2026-08-20 13:21:09send keng：2418, sheng ：4194304
decode keng：26, sheng ：2097152
world keng：12, sheng ：1048576

2026-08-20 13:21:14.682 INFO [pool-6-thread-5][:] - /****************流量统计******************/
LastReadBytes:0
LastReadThroughput:0
LastWrittenBytes:0
LastWriteThroughput:0
RealWrittenBytes:0
RealWriteThroughput:0
当前玩家的连接数量:0
当前地图的线程个数：9
当前地图的个数:47
当前数据库执行队列数:0
当前发送队列缓存的对象数量:0
totalMemory：1009778688, use ：497012832, free ：512765856DirectMemory：1827143680, 恢复 ：1
当前时间 ：2026-08-20 13:21:14send keng：2418, sheng ：4194304
decode keng：26, sheng ：2097152
world keng：12, sheng ：1048576

2026-08-20 13:21:19.682 INFO [pool-6-thread-5][:] - /****************流量统计******************/
LastReadBytes:0
LastReadThroughput:0
LastWrittenBytes:0
LastWriteThroughput:0
RealWrittenBytes:0
RealWriteThroughput:0
当前玩家的连接数量:0
当前地图的线程个数：9
当前地图的个数:47
当前数据库执行队列数:0
当前发送队列缓存的对象数量:0
totalMemory：1009778688, use ：499052392, free ：510726296DirectMemory：1827143680, 恢复 ：1
当前时间 ：2026-08-20 13:21:19send keng：2418, sheng ：4194304
decode keng：26, sheng ：2097152
world keng：12, sheng ：1048576

2026-08-20 13:21:24.682 INFO [pool-6-thread-5][:] - /****************流量统计******************/
LastReadBytes:0
LastReadThroughput:0
LastWrittenBytes:0
LastWriteThroughput:0
RealWrittenBytes:0
RealWriteThroughput:0
当前玩家的连接数量:0
当前地图的线程个数：9
当前地图的个数:47
当前数据库执行队列数:0
当前发送队列缓存的对象数量:0
totalMemory：1009778688, use ：504028800, free ：505749888DirectMemory：1827143680, 恢复 ：1
当前时间 ：2026-08-20 13:21:24send keng：2418, sheng ：4194304
decode keng：26, sheng ：2097152
world keng：12, sheng ：1048576

2026-08-20 13:21:29.682 INFO [pool-6-thread-4][:] - /****************流量统计******************/
LastReadBytes:0
LastReadThroughput:0
LastWrittenBytes:0
LastWriteThroughput:0
RealWrittenBytes:0
RealWriteThroughput:0
当前玩家的连接数量:0
当前地图的线程个数：9
当前地图的个数:47
当前数据库执行队列数:0
当前发送队列缓存的对象数量:0
totalMemory：1009778688, use ：506514824, free ：503263864DirectMemory：1827143680, 恢复 ：1
当前时间 ：2026-08-20 13:21:29send keng：2418, sheng ：4194304
decode keng：26, sheng ：2097152
world keng：12, sheng ：1048576

2026-08-20 13:21:34.682 INFO [pool-6-thread-8][:] - /****************流量统计******************/
LastReadBytes:0
LastReadThroughput:0
LastWrittenBytes:0
LastWriteThroughput:0
RealWrittenBytes:0
RealWriteThroughput:0
当前玩家的连接数量:0
当前地图的线程个数：9
当前地图的个数:47
当前数据库执行队列数:0
当前发送队列缓存的对象数量:0
totalMemory：1009778688, use ：510177992, free ：499600696DirectMemory：1827143680, 恢复 ：1
当前时间 ：2026-08-20 13:21:34send keng：2418, sheng ：4194304
decode keng：26, sheng ：2097152
world keng：12, sheng ：1048576

2026-08-20 13:21:39.682 INFO [pool-6-thread-5][:] - /****************流量统计******************/
LastReadBytes:0
LastReadThroughput:0
LastWrittenBytes:0
LastWriteThroughput:0
RealWrittenBytes:0
RealWriteThroughput:0
当前玩家的连接数量:0
当前地图的线程个数：9
当前地图的个数:47
当前数据库执行队列数:0
当前发送队列缓存的对象数量:0
totalMemory：1009778688, use ：513479880, free ：496298808DirectMemory：1827143680, 恢复 ：1
当前时间 ：2026-08-20 13:21:39send keng：2418, sheng ：4194304
decode keng：26, sheng ：2097152
world keng：12, sheng ：1048576

2026-08-20 13:21:44.682 INFO [pool-6-thread-5][:] - /****************流量统计******************/
LastReadBytes:0
LastReadThroughput:0
LastWrittenBytes:0
LastWriteThroughput:0
RealWrittenBytes:0
RealWriteThroughput:0
当前玩家的连接数量:0
当前地图的线程个数：9
当前地图的个数:47
当前数据库执行队列数:0
当前发送队列缓存的对象数量:0
totalMemory：1009778688, use ：516408784, free ：493369904DirectMemory：1827143680, 恢复 ：1
当前时间 ：2026-08-20 13:21:44send keng：2418, sheng ：4194304
decode keng：26, sheng ：2097152
world keng：12, sheng ：1048576

2026-08-20 13:21:49.682 INFO [pool-6-thread-3][:] - /****************流量统计******************/
LastReadBytes:0
LastReadThroughput:0
LastWrittenBytes:0
LastWriteThroughput:0
RealWrittenBytes:0
RealWriteThroughput:0
当前玩家的连接数量:0
当前地图的线程个数：9
当前地图的个数:47
当前数据库执行队列数:0
当前发送队列缓存的对象数量:0
totalMemory：1009778688, use ：520860104, free ：488918584DirectMemory：1827143680, 恢复 ：1
当前时间 ：2026-08-20 13:21:49send keng：2418, sheng ：4194304
decode keng：26, sheng ：2097152
world keng：12, sheng ：1048576

2026-08-20 13:21:54.682 INFO [pool-6-thread-2][:] - /****************流量统计******************/
LastReadBytes:0
LastReadThroughput:0
LastWrittenBytes:0
LastWriteThroughput:0
RealWrittenBytes:0
RealWriteThroughput:0
当前玩家的连接数量:0
当前地图的线程个数：9
当前地图的个数:47
当前数据库执行队列数:0
当前发送队列缓存的对象数量:0
totalMemory：1009778688, use ：523833216, free ：485945472DirectMemory：1827143680, 恢复 ：1
当前时间 ：2026-08-20 13:21:54send keng：2418, sheng ：4194304
decode keng：26, sheng ：2097152
world keng：12, sheng ：1048576

2026-08-20 13:21:59.682 INFO [pool-6-thread-6][:] - /****************流量统计******************/
LastReadBytes:0
LastReadThroughput:0
LastWrittenBytes:0
LastWriteThroughput:0
RealWrittenBytes:0
RealWriteThroughput:0
当前玩家的连接数量:0
当前地图的线程个数：9
当前地图的个数:47
当前数据库执行队列数:0
当前发送队列缓存的对象数量:0
totalMemory：1009778688, use ：528295512, free ：481483176DirectMemory：1827143680, 恢复 ：1
当前时间 ：2026-08-20 13:21:59send keng：2418, sheng ：4194304
decode keng：26, sheng ：2097152
world keng：12, sheng ：1048576

2026-08-20 13:22:04.682 INFO [pool-6-thread-8][:] - /****************流量统计******************/
LastReadBytes:0
LastReadThroughput:0
LastWrittenBytes:0
LastWriteThroughput:0
RealWrittenBytes:0
RealWriteThroughput:0
当前玩家的连接数量:0
当前地图的线程个数：9
当前地图的个数:47
当前数据库执行队列数:0
当前发送队列缓存的对象数量:0
totalMemory：1009778688, use ：531327960, free ：478450728DirectMemory：1827143680, 恢复 ：1
当前时间 ：2026-08-20 13:22:04send keng：2418, sheng ：4194304
decode keng：26, sheng ：2097152
world keng：12, sheng ：1048576

2026-08-20 13:22:09.682 INFO [pool-6-thread-9][:] - /****************流量统计******************/
LastReadBytes:0
LastReadThroughput:0
LastWrittenBytes:0
LastWriteThroughput:0
RealWrittenBytes:0
RealWriteThroughput:0
当前玩家的连接数量:0
当前地图的线程个数：9
当前地图的个数:47
当前数据库执行队列数:0
当前发送队列缓存的对象数量:0
totalMemory：1009778688, use ：534856304, free ：474922384DirectMemory：1827143680, 恢复 ：1
当前时间 ：2026-08-20 13:22:09send keng：2418, sheng ：4194304
decode keng：26, sheng ：2097152
world keng：12, sheng ：1048576

2026-08-20 13:22:14.694 INFO [pool-6-thread-8][:] - /****************流量统计******************/
LastReadBytes:0
LastReadThroughput:0
LastWrittenBytes:0
LastWriteThroughput:0
RealWrittenBytes:0
RealWriteThroughput:0
当前玩家的连接数量:0
当前地图的线程个数：9
当前地图的个数:47
当前数据库执行队列数:0
当前发送队列缓存的对象数量:0
totalMemory：1009778688, use ：538288160, free ：471490528DirectMemory：1827143680, 恢复 ：1
当前时间 ：2026-08-20 13:22:14send keng：2418, sheng ：4194304
decode keng：26, sheng ：2097152
world keng：12, sheng ：1048576

2026-08-20 13:22:19.682 INFO [pool-6-thread-8][:] - /****************流量统计******************/
LastReadBytes:0
LastReadThroughput:0
LastWrittenBytes:0
LastWriteThroughput:0
RealWrittenBytes:0
RealWriteThroughput:0
当前玩家的连接数量:0
当前地图的线程个数：9
当前地图的个数:47
当前数据库执行队列数:0
当前发送队列缓存的对象数量:0
totalMemory：1009778688, use ：542837136, free ：466941552DirectMemory：1827143680, 恢复 ：1
当前时间 ：2026-08-20 13:22:19send keng：2418, sheng ：4194304
decode keng：26, sheng ：2097152
world keng：12, sheng ：1048576

2026-08-20 13:22:24.682 INFO [pool-6-thread-9][:] - /****************流量统计******************/
LastReadBytes:0
LastReadThroughput:0
LastWrittenBytes:0
LastWriteThroughput:0
RealWrittenBytes:0
RealWriteThroughput:0
当前玩家的连接数量:0
当前地图的线程个数：9
当前地图的个数:47
当前数据库执行队列数:0
当前发送队列缓存的对象数量:0
totalMemory：1009778688, use ：544757704, free ：465020984DirectMemory：1827143680, 恢复 ：1
当前时间 ：2026-08-20 13:22:24send keng：2418, sheng ：4194304
decode keng：26, sheng ：2097152
world keng：12, sheng ：1048576

2026-08-20 13:22:29.682 INFO [pool-6-thread-2][:] - /****************流量统计******************/
LastReadBytes:0
LastReadThroughput:0
LastWrittenBytes:0
LastWriteThroughput:0
RealWrittenBytes:0
RealWriteThroughput:0
当前玩家的连接数量:0
当前地图的线程个数：9
当前地图的个数:47
当前数据库执行队列数:0
当前发送队列缓存的对象数量:0
totalMemory：1009778688, use ：550267864, free ：459510824DirectMemory：1827143680, 恢复 ：1
当前时间 ：2026-08-20 13:22:29send keng：2418, sheng ：4194304
decode keng：26, sheng ：2097152
world keng：12, sheng ：1048576

2026-08-20 13:22:34.682 INFO [pool-6-thread-5][:] - /****************流量统计******************/
LastReadBytes:0
LastReadThroughput:0
LastWrittenBytes:0
LastWriteThroughput:0
RealWrittenBytes:0
RealWriteThroughput:0
当前玩家的连接数量:0
当前地图的线程个数：9
当前地图的个数:47
当前数据库执行队列数:0
当前发送队列缓存的对象数量:0
totalMemory：1009778688, use ：551700400, free ：458078288DirectMemory：1827143680, 恢复 ：1
当前时间 ：2026-08-20 13:22:34send keng：2418, sheng ：4194304
decode keng：26, sheng ：2097152
world keng：12, sheng ：1048576

2026-08-20 13:22:39.682 INFO [pool-6-thread-6][:] - /****************流量统计******************/
LastReadBytes:0
LastReadThroughput:0
LastWrittenBytes:0
LastWriteThroughput:0
RealWrittenBytes:0
RealWriteThroughput:0
当前玩家的连接数量:0
当前地图的线程个数：9
当前地图的个数:47
当前数据库执行队列数:0
当前发送队列缓存的对象数量:0
totalMemory：1009778688, use ：557158608, free ：452620080DirectMemory：1827143680, 恢复 ：1
当前时间 ：2026-08-20 13:22:39send keng：2418, sheng ：4194304
decode keng：26, sheng ：2097152
world keng：12, sheng ：1048576

2026-08-20 13:22:44.682 INFO [pool-6-thread-4][:] - /****************流量统计******************/
LastReadBytes:0
LastReadThroughput:0
LastWrittenBytes:0
LastWriteThroughput:0
RealWrittenBytes:0
RealWriteThroughput:0
当前玩家的连接数量:0
当前地图的线程个数：9
当前地图的个数:47
当前数据库执行队列数:0
当前发送队列缓存的对象数量:0
totalMemory：1009778688, use ：559641464, free ：450137224DirectMemory：1827143680, 恢复 ：1
当前时间 ：2026-08-20 13:22:44send keng：2418, sheng ：4194304
decode keng：26, sheng ：2097152
world keng：12, sheng ：1048576

2026-08-20 13:22:49.682 INFO [pool-6-thread-8][:] - /****************流量统计******************/
LastReadBytes:0
LastReadThroughput:0
LastWrittenBytes:0
LastWriteThroughput:0
RealWrittenBytes:0
RealWriteThroughput:0
当前玩家的连接数量:0
当前地图的线程个数：9
当前地图的个数:47
当前数据库执行队列数:0
当前发送队列缓存的对象数量:0
totalMemory：1009778688, use ：564564536, free ：445214152DirectMemory：1827143680, 恢复 ：1
当前时间 ：2026-08-20 13:22:49send keng：2418, sheng ：4194304
decode keng：26, sheng ：2097152
world keng：12, sheng ：1048576

2026-08-20 13:22:54.682 INFO [pool-6-thread-10][:] - /****************流量统计******************/
LastReadBytes:0
LastReadThroughput:0
LastWrittenBytes:0
LastWriteThroughput:0
RealWrittenBytes:0
RealWriteThroughput:0
当前玩家的连接数量:0
当前地图的线程个数：9
当前地图的个数:47
当前数据库执行队列数:0
当前发送队列缓存的对象数量:0
totalMemory：1009778688, use ：566537648, free ：443241040DirectMemory：1827143680, 恢复 ：1
当前时间 ：2026-08-20 13:22:54send keng：2418, sheng ：4194304
decode keng：26, sheng ：2097152
world keng：12, sheng ：1048576

2026-08-20 13:22:59.682 INFO [pool-6-thread-1][:] - /****************流量统计******************/
LastReadBytes:0
LastReadThroughput:0
LastWrittenBytes:0
LastWriteThroughput:0
RealWrittenBytes:0
RealWriteThroughput:0
当前玩家的连接数量:0
当前地图的线程个数：9
当前地图的个数:47
当前数据库执行队列数:0
当前发送队列缓存的对象数量:0
totalMemory：1009778688, use ：571739288, free ：438039400DirectMemory：1827143680, 恢复 ：1
当前时间 ：2026-08-20 13:22:59send keng：2418, sheng ：4194304
decode keng：26, sheng ：2097152
world keng：12, sheng ：1048576

2026-08-20 13:23:04.682 INFO [pool-6-thread-6][:] - /****************流量统计******************/
LastReadBytes:0
LastReadThroughput:0
LastWrittenBytes:0
LastWriteThroughput:0
RealWrittenBytes:0
RealWriteThroughput:0
当前玩家的连接数量:0
当前地图的线程个数：9
当前地图的个数:47
当前数据库执行队列数:0
当前发送队列缓存的对象数量:0
totalMemory：1009778688, use ：574121392, free ：435657296DirectMemory：1827143680, 恢复 ：1
当前时间 ：2026-08-20 13:23:04send keng：2418, sheng ：4194304
decode keng：26, sheng ：2097152
world keng：12, sheng ：1048576

2026-08-20 13:23:09.682 INFO [pool-6-thread-8][:] - /****************流量统计******************/
LastReadBytes:0
LastReadThroughput:0
LastWrittenBytes:0
LastWriteThroughput:0
RealWrittenBytes:0
RealWriteThroughput:0
当前玩家的连接数量:0
当前地图的线程个数：9
当前地图的个数:47
当前数据库执行队列数:0
当前发送队列缓存的对象数量:0
totalMemory：1009778688, use ：578966152, free ：430812536DirectMemory：1827143680, 恢复 ：1
当前时间 ：2026-08-20 13:23:09send keng：2418, sheng ：4194304
decode keng：26, sheng ：2097152
world keng：12, sheng ：1048576

2026-08-20 13:23:14.682 INFO [pool-6-thread-3][:] - /****************流量统计******************/
LastReadBytes:0
LastReadThroughput:0
LastWrittenBytes:0
LastWriteThroughput:0
RealWrittenBytes:0
RealWriteThroughput:0
当前玩家的连接数量:0
当前地图的线程个数：9
当前地图的个数:47
当前数据库执行队列数:0
当前发送队列缓存的对象数量:0
totalMemory：1009778688, use ：581028344, free ：428750344DirectMemory：1827143680, 恢复 ：1
当前时间 ：2026-08-20 13:23:14send keng：2418, sheng ：4194304
decode keng：26, sheng ：2097152
world keng：12, sheng ：1048576

2026-08-20 13:23:19.682 INFO [pool-6-thread-4][:] - /****************流量统计******************/
LastReadBytes:0
LastReadThroughput:0
LastWrittenBytes:0
LastWriteThroughput:0
RealWrittenBytes:0
RealWriteThroughput:0
当前玩家的连接数量:0
当前地图的线程个数：9
当前地图的个数:47
当前数据库执行队列数:0
当前发送队列缓存的对象数量:0
totalMemory：1009778688, use ：585349440, free ：424429248DirectMemory：1827143680, 恢复 ：1
当前时间 ：2026-08-20 13:23:19send keng：2418, sheng ：4194304
decode keng：26, sheng ：2097152
world keng：12, sheng ：1048576

2026-08-20 13:23:24.682 INFO [pool-6-thread-8][:] - /****************流量统计******************/
LastReadBytes:0
LastReadThroughput:0
LastWrittenBytes:0
LastWriteThroughput:0
RealWrittenBytes:0
RealWriteThroughput:0
当前玩家的连接数量:0
当前地图的线程个数：9
当前地图的个数:47
当前数据库执行队列数:0
当前发送队列缓存的对象数量:0
totalMemory：1009778688, use ：588509968, free ：421268720DirectMemory：1827143680, 恢复 ：1
当前时间 ：2026-08-20 13:23:24send keng：2418, sheng ：4194304
decode keng：26, sheng ：2097152
world keng：12, sheng ：1048576

2026-08-20 13:23:29.682 INFO [pool-6-thread-9][:] - /****************流量统计******************/
LastReadBytes:0
LastReadThroughput:0
LastWrittenBytes:0
LastWriteThroughput:0
RealWrittenBytes:0
RealWriteThroughput:0
当前玩家的连接数量:0
当前地图的线程个数：9
当前地图的个数:47
当前数据库执行队列数:0
当前发送队列缓存的对象数量:0
totalMemory：1009778688, use ：592352896, free ：417425792DirectMemory：1827143680, 恢复 ：1
当前时间 ：2026-08-20 13:23:29send keng：2418, sheng ：4194304
decode keng：26, sheng ：2097152
world keng：12, sheng ：1048576

2026-08-20 13:23:34.682 INFO [pool-6-thread-1][:] - /****************流量统计******************/
LastReadBytes:0
LastReadThroughput:0
LastWrittenBytes:0
LastWriteThroughput:0
RealWrittenBytes:0
RealWriteThroughput:0
当前玩家的连接数量:0
当前地图的线程个数：9
当前地图的个数:47
当前数据库执行队列数:0
当前发送队列缓存的对象数量:0
totalMemory：1009778688, use ：595937632, free ：413841056DirectMemory：1827143680, 恢复 ：1
当前时间 ：2026-08-20 13:23:34send keng：2418, sheng ：4194304
decode keng：26, sheng ：2097152
world keng：12, sheng ：1048576

2026-08-20 13:23:39.682 INFO [pool-6-thread-1][:] - /****************流量统计******************/
LastReadBytes:0
LastReadThroughput:0
LastWrittenBytes:0
LastWriteThroughput:0
RealWrittenBytes:0
RealWriteThroughput:0
当前玩家的连接数量:0
当前地图的线程个数：9
当前地图的个数:47
当前数据库执行队列数:0
当前发送队列缓存的对象数量:0
totalMemory：1009778688, use ：597941856, free ：411836832DirectMemory：1827143680, 恢复 ：1
当前时间 ：2026-08-20 13:23:39send keng：2418, sheng ：4194304
decode keng：26, sheng ：2097152
world keng：12, sheng ：1048576

2026-08-20 13:23:44.682 INFO [pool-6-thread-10][:] - /****************流量统计******************/
LastReadBytes:0
LastReadThroughput:0
LastWrittenBytes:0
LastWriteThroughput:0
RealWrittenBytes:0
RealWriteThroughput:0
当前玩家的连接数量:0
当前地图的线程个数：9
当前地图的个数:47
当前数据库执行队列数:0
当前发送队列缓存的对象数量:0
totalMemory：1009778688, use ：603330288, free ：406448400DirectMemory：1827143680, 恢复 ：1
当前时间 ：2026-08-20 13:23:44send keng：2418, sheng ：4194304
decode keng：26, sheng ：2097152
world keng：12, sheng ：1048576

2026-08-20 13:23:49.682 INFO [pool-6-thread-3][:] - /****************流量统计******************/
LastReadBytes:0
LastReadThroughput:0
LastWrittenBytes:0
LastWriteThroughput:0
RealWrittenBytes:0
RealWriteThroughput:0
当前玩家的连接数量:0
当前地图的线程个数：9
当前地图的个数:47
当前数据库执行队列数:0
当前发送队列缓存的对象数量:0
totalMemory：1009778688, use ：605337784, free ：404440904DirectMemory：1827143680, 恢复 ：1
当前时间 ：2026-08-20 13:23:49send keng：2418, sheng ：4194304
decode keng：26, sheng ：2097152
world keng：12, sheng ：1048576

2026-08-20 13:23:54.682 INFO [pool-6-thread-8][:] - /****************流量统计******************/
LastReadBytes:0
LastReadThroughput:0
LastWrittenBytes:0
LastWriteThroughput:0
RealWrittenBytes:0
RealWriteThroughput:0
当前玩家的连接数量:0
当前地图的线程个数：9
当前地图的个数:47
当前数据库执行队列数:0
当前发送队列缓存的对象数量:0
totalMemory：1009778688, use ：610788624, free ：398990064DirectMemory：1827143680, 恢复 ：1
当前时间 ：2026-08-20 13:23:54send keng：2418, sheng ：4194304
decode keng：26, sheng ：2097152
world keng：12, sheng ：1048576

2026-08-20 13:23:59.682 INFO [pool-6-thread-3][:] - /****************流量统计******************/
LastReadBytes:0
LastReadThroughput:0
LastWrittenBytes:0
LastWriteThroughput:0
RealWrittenBytes:0
RealWriteThroughput:0
当前玩家的连接数量:0
当前地图的线程个数：9
当前地图的个数:47
当前数据库执行队列数:0
当前发送队列缓存的对象数量:0
totalMemory：1009778688, use ：613189296, free ：396589392DirectMemory：1827143680, 恢复 ：1
当前时间 ：2026-08-20 13:23:59send keng：2418, sheng ：4194304
decode keng：26, sheng ：2097152
world keng：12, sheng ：1048576

2026-08-20 13:24:04.682 INFO [pool-6-thread-3][:] - /****************流量统计******************/
LastReadBytes:0
LastReadThroughput:0
LastWrittenBytes:0
LastWriteThroughput:0
RealWrittenBytes:0
RealWriteThroughput:0
当前玩家的连接数量:0
当前地图的线程个数：9
当前地图的个数:47
当前数据库执行队列数:0
当前发送队列缓存的对象数量:0
totalMemory：1009778688, use ：617375048, free ：392403640DirectMemory：1827143680, 恢复 ：1
当前时间 ：2026-08-20 13:24:04send keng：2418, sheng ：4194304
decode keng：26, sheng ：2097152
world keng：12, sheng ：1048576

2026-08-20 13:24:09.682 INFO [pool-6-thread-2][:] - /****************流量统计******************/
LastReadBytes:0
LastReadThroughput:0
LastWrittenBytes:0
LastWriteThroughput:0
RealWrittenBytes:0
RealWriteThroughput:0
当前玩家的连接数量:0
当前地图的线程个数：9
当前地图的个数:47
当前数据库执行队列数:0
当前发送队列缓存的对象数量:0
totalMemory：1009778688, use ：619791144, free ：389987544DirectMemory：1827143680, 恢复 ：1
当前时间 ：2026-08-20 13:24:09send keng：2418, sheng ：4194304
decode keng：26, sheng ：2097152
world keng：12, sheng ：1048576

2026-08-20 13:24:14.682 INFO [pool-6-thread-3][:] - /****************流量统计******************/
LastReadBytes:0
LastReadThroughput:0
LastWrittenBytes:0
LastWriteThroughput:0
RealWrittenBytes:0
RealWriteThroughput:0
当前玩家的连接数量:0
当前地图的线程个数：9
当前地图的个数:47
当前数据库执行队列数:0
当前发送队列缓存的对象数量:0
totalMemory：1009778688, use ：623792424, free ：385986264DirectMemory：1827143680, 恢复 ：1
当前时间 ：2026-08-20 13:24:14send keng：2418, sheng ：4194304
decode keng：26, sheng ：2097152
world keng：12, sheng ：1048576

2026-08-20 13:24:19.682 INFO [pool-6-thread-6][:] - /****************流量统计******************/
LastReadBytes:0
LastReadThroughput:0
LastWrittenBytes:0
LastWriteThroughput:0
RealWrittenBytes:0
RealWriteThroughput:0
当前玩家的连接数量:0
当前地图的线程个数：9
当前地图的个数:47
当前数据库执行队列数:0
当前发送队列缓存的对象数量:0
totalMemory：1009778688, use ：628241320, free ：381537368DirectMemory：1827143680, 恢复 ：1
当前时间 ：2026-08-20 13:24:19send keng：2418, sheng ：4194304
decode keng：26, sheng ：2097152
world keng：12, sheng ：1048576

2026-08-20 13:24:24.682 INFO [pool-6-thread-2][:] - /****************流量统计******************/
LastReadBytes:0
LastReadThroughput:0
LastWrittenBytes:0
LastWriteThroughput:0
RealWrittenBytes:0
RealWriteThroughput:0
当前玩家的连接数量:0
当前地图的线程个数：9
当前地图的个数:47
当前数据库执行队列数:0
当前发送队列缓存的对象数量:0
totalMemory：1009778688, use ：632212024, free ：377566664DirectMemory：1827143680, 恢复 ：1
当前时间 ：2026-08-20 13:24:24send keng：2418, sheng ：4194304
decode keng：26, sheng ：2097152
world keng：12, sheng ：1048576

2026-08-20 13:24:29.682 INFO [pool-6-thread-5][:] - /****************流量统计******************/
LastReadBytes:0
LastReadThroughput:0
LastWrittenBytes:0
LastWriteThroughput:0
RealWrittenBytes:0
RealWriteThroughput:0
当前玩家的连接数量:0
当前地图的线程个数：9
当前地图的个数:47
当前数据库执行队列数:0
当前发送队列缓存的对象数量:0
totalMemory：1009778688, use ：634176144, free ：375602544DirectMemory：1827143680, 恢复 ：1
当前时间 ：2026-08-20 13:24:29send keng：2418, sheng ：4194304
decode keng：26, sheng ：2097152
world keng：12, sheng ：1048576

2026-08-20 13:24:34.682 INFO [pool-6-thread-9][:] - /****************流量统计******************/
LastReadBytes:0
LastReadThroughput:0
LastWrittenBytes:0
LastWriteThroughput:0
RealWrittenBytes:0
RealWriteThroughput:0
当前玩家的连接数量:0
当前地图的线程个数：9
当前地图的个数:47
当前数据库执行队列数:0
当前发送队列缓存的对象数量:0
totalMemory：1009778688, use ：640002864, free ：369775824DirectMemory：1827143680, 恢复 ：1
当前时间 ：2026-08-20 13:24:34send keng：2418, sheng ：4194304
decode keng：26, sheng ：2097152
world keng：12, sheng ：1048576

2026-08-20 13:24:39.682 INFO [pool-6-thread-9][:] - /****************流量统计******************/
LastReadBytes:0
LastReadThroughput:0
LastWrittenBytes:0
LastWriteThroughput:0
RealWrittenBytes:0
RealWriteThroughput:0
当前玩家的连接数量:0
当前地图的线程个数：9
当前地图的个数:47
当前数据库执行队列数:0
当前发送队列缓存的对象数量:0
totalMemory：1009778688, use ：641119000, free ：368659688DirectMemory：1827143680, 恢复 ：1
当前时间 ：2026-08-20 13:24:39send keng：2418, sheng ：4194304
decode keng：26, sheng ：2097152
world keng：12, sheng ：1048576

2026-08-20 13:24:44.682 INFO [pool-6-thread-3][:] - /****************流量统计******************/
LastReadBytes:0
LastReadThroughput:0
LastWrittenBytes:0
LastWriteThroughput:0
RealWrittenBytes:0
RealWriteThroughput:0
当前玩家的连接数量:0
当前地图的线程个数：9
当前地图的个数:47
当前数据库执行队列数:0
当前发送队列缓存的对象数量:0
totalMemory：1009778688, use ：645738624, free ：364040064DirectMemory：1827143680, 恢复 ：1
当前时间 ：2026-08-20 13:24:44send keng：2418, sheng ：4194304
decode keng：26, sheng ：2097152
world keng：12, sheng ：1048576

2026-08-20 13:24:49.682 INFO [pool-6-thread-3][:] - /****************流量统计******************/
LastReadBytes:0
LastReadThroughput:0
LastWrittenBytes:0
LastWriteThroughput:0
RealWrittenBytes:0
RealWriteThroughput:0
当前玩家的连接数量:0
当前地图的线程个数：9
当前地图的个数:47
当前数据库执行队列数:0
当前发送队列缓存的对象数量:0
totalMemory：1009778688, use ：649000360, free ：360778328DirectMemory：1827143680, 恢复 ：1
当前时间 ：2026-08-20 13:24:49send keng：2418, sheng ：4194304
decode keng：26, sheng ：2097152
world keng：12, sheng ：1048576

2026-08-20 13:24:54.682 INFO [pool-6-thread-5][:] - /****************流量统计******************/
LastReadBytes:0
LastReadThroughput:0
LastWrittenBytes:0
LastWriteThroughput:0
RealWrittenBytes:0
RealWriteThroughput:0
当前玩家的连接数量:0
当前地图的线程个数：9
当前地图的个数:47
当前数据库执行队列数:0
当前发送队列缓存的对象数量:0
totalMemory：1009778688, use ：652983576, free ：356795112DirectMemory：1827143680, 恢复 ：1
当前时间 ：2026-08-20 13:24:54send keng：2418, sheng ：4194304
decode keng：26, sheng ：2097152
world keng：12, sheng ：1048576

2026-08-20 13:24:59.682 INFO [pool-6-thread-6][:] - /****************流量统计******************/
LastReadBytes:0
LastReadThroughput:0
LastWrittenBytes:0
LastWriteThroughput:0
RealWrittenBytes:0
RealWriteThroughput:0
当前玩家的连接数量:0
当前地图的线程个数：9
当前地图的个数:47
当前数据库执行队列数:0
当前发送队列缓存的对象数量:0
totalMemory：1009778688, use ：656448264, free ：353330424DirectMemory：1827143680, 恢复 ：1
当前时间 ：2026-08-20 13:24:59send keng：2418, sheng ：4194304
decode keng：26, sheng ：2097152
world keng：12, sheng ：1048576

2026-08-20 13:25:04.682 INFO [pool-6-thread-4][:] - /****************流量统计******************/
LastReadBytes:0
LastReadThroughput:0
LastWrittenBytes:0
LastWriteThroughput:0
RealWrittenBytes:0
RealWriteThroughput:0
当前玩家的连接数量:0
当前地图的线程个数：9
当前地图的个数:47
当前数据库执行队列数:0
当前发送队列缓存的对象数量:0
totalMemory：1009778688, use ：660363472, free ：349415216DirectMemory：1827143680, 恢复 ：1
当前时间 ：2026-08-20 13:25:04send keng：2418, sheng ：4194304
decode keng：26, sheng ：2097152
world keng：12, sheng ：1048576

2026-08-20 13:25:09.682 INFO [pool-6-thread-7][:] - /****************流量统计******************/
LastReadBytes:0
LastReadThroughput:0
LastWrittenBytes:0
LastWriteThroughput:0
RealWrittenBytes:0
RealWriteThroughput:0
当前玩家的连接数量:0
当前地图的线程个数：9
当前地图的个数:47
当前数据库执行队列数:0
当前发送队列缓存的对象数量:0
totalMemory：1009778688, use ：664019848, free ：345758840DirectMemory：1827143680, 恢复 ：1
当前时间 ：2026-08-20 13:25:09send keng：2418, sheng ：4194304
decode keng：26, sheng ：2097152
world keng：12, sheng ：1048576

2026-08-20 13:25:14.682 INFO [pool-6-thread-7][:] - /****************流量统计******************/
LastReadBytes:0
LastReadThroughput:0
LastWrittenBytes:0
LastWriteThroughput:0
RealWrittenBytes:0
RealWriteThroughput:0
当前玩家的连接数量:0
当前地图的线程个数：9
当前地图的个数:47
当前数据库执行队列数:0
当前发送队列缓存的对象数量:0
totalMemory：1009778688, use ：668684272, free ：341094416DirectMemory：1827143680, 恢复 ：1
当前时间 ：2026-08-20 13:25:14send keng：2418, sheng ：4194304
decode keng：26, sheng ：2097152
world keng：12, sheng ：1048576

2026-08-20 13:25:19.682 INFO [pool-6-thread-8][:] - /****************流量统计******************/
LastReadBytes:0
LastReadThroughput:0
LastWrittenBytes:0
LastWriteThroughput:0
RealWrittenBytes:0
RealWriteThroughput:0
当前玩家的连接数量:0
当前地图的线程个数：9
当前地图的个数:47
当前数据库执行队列数:0
当前发送队列缓存的对象数量:0
totalMemory：1009778688, use ：670011080, free ：339767608DirectMemory：1827143680, 恢复 ：1
当前时间 ：2026-08-20 13:25:19send keng：2418, sheng ：4194304
decode keng：26, sheng ：2097152
world keng：12, sheng ：1048576

2026-08-20 13:25:24.682 INFO [pool-6-thread-4][:] - /****************流量统计******************/
LastReadBytes:0
LastReadThroughput:0
LastWrittenBytes:0
LastWriteThroughput:0
RealWrittenBytes:0
RealWriteThroughput:0
当前玩家的连接数量:0
当前地图的线程个数：9
当前地图的个数:47
当前数据库执行队列数:0
当前发送队列缓存的对象数量:0
totalMemory：1009778688, use ：674143640, free ：335635048DirectMemory：1827143680, 恢复 ：1
当前时间 ：2026-08-20 13:25:24send keng：2418, sheng ：4194304
decode keng：26, sheng ：2097152
world keng：12, sheng ：1048576

2026-08-20 13:25:29.682 INFO [pool-6-thread-2][:] - /****************流量统计******************/
LastReadBytes:0
LastReadThroughput:0
LastWrittenBytes:0
LastWriteThroughput:0
RealWrittenBytes:0
RealWriteThroughput:0
当前玩家的连接数量:0
当前地图的线程个数：9
当前地图的个数:47
当前数据库执行队列数:0
当前发送队列缓存的对象数量:0
totalMemory：1009778688, use ：677449344, free ：332329344DirectMemory：1827143680, 恢复 ：1
当前时间 ：2026-08-20 13:25:29send keng：2418, sheng ：4194304
decode keng：26, sheng ：2097152
world keng：12, sheng ：1048576

2026-08-20 13:25:34.682 INFO [pool-6-thread-10][:] - /****************流量统计******************/
LastReadBytes:0
LastReadThroughput:0
LastWrittenBytes:0
LastWriteThroughput:0
RealWrittenBytes:0
RealWriteThroughput:0
当前玩家的连接数量:0
当前地图的线程个数：9
当前地图的个数:47
当前数据库执行队列数:0
当前发送队列缓存的对象数量:0
totalMemory：1009778688, use ：680417400, free ：329361288DirectMemory：1827143680, 恢复 ：1
当前时间 ：2026-08-20 13:25:34send keng：2418, sheng ：4194304
decode keng：26, sheng ：2097152
world keng：12, sheng ：1048576

2026-08-20 13:25:39.682 INFO [pool-6-thread-3][:] - /****************流量统计******************/
LastReadBytes:0
LastReadThroughput:0
LastWrittenBytes:0
LastWriteThroughput:0
RealWrittenBytes:0
RealWriteThroughput:0
当前玩家的连接数量:0
当前地图的线程个数：9
当前地图的个数:47
当前数据库执行队列数:0
当前发送队列缓存的对象数量:0
totalMemory：1009778688, use ：684895384, free ：324883304DirectMemory：1827143680, 恢复 ：1
当前时间 ：2026-08-20 13:25:39send keng：2418, sheng ：4194304
decode keng：26, sheng ：2097152
world keng：12, sheng ：1048576

2026-08-20 13:25:44.682 INFO [pool-6-thread-4][:] - /****************流量统计******************/
LastReadBytes:0
LastReadThroughput:0
LastWrittenBytes:0
LastWriteThroughput:0
RealWrittenBytes:0
RealWriteThroughput:0
当前玩家的连接数量:0
当前地图的线程个数：9
当前地图的个数:47
当前数据库执行队列数:0
当前发送队列缓存的对象数量:0
totalMemory：1009778688, use ：687827328, free ：321951360DirectMemory：1827143680, 恢复 ：1
当前时间 ：2026-08-20 13:25:44send keng：2418, sheng ：4194304
decode keng：26, sheng ：2097152
world keng：12, sheng ：1048576

2026-08-20 13:25:49.682 INFO [pool-6-thread-4][:] - /****************流量统计******************/
LastReadBytes:0
LastReadThroughput:0
LastWrittenBytes:0
LastWriteThroughput:0
RealWrittenBytes:0
RealWriteThroughput:0
当前玩家的连接数量:0
当前地图的线程个数：9
当前地图的个数:47
当前数据库执行队列数:0
当前发送队列缓存的对象数量:0
totalMemory：1009778688, use ：692269320, free ：317509368DirectMemory：1827143680, 恢复 ：1
当前时间 ：2026-08-20 13:25:49send keng：2418, sheng ：4194304
decode keng：26, sheng ：2097152
world keng：12, sheng ：1048576

2026-08-20 13:25:54.682 INFO [pool-6-thread-4][:] - /****************流量统计******************/
LastReadBytes:0
LastReadThroughput:0
LastWrittenBytes:0
LastWriteThroughput:0
RealWrittenBytes:0
RealWriteThroughput:0
当前玩家的连接数量:0
当前地图的线程个数：9
当前地图的个数:47
当前数据库执行队列数:0
当前发送队列缓存的对象数量:0
totalMemory：1009778688, use ：695263776, free ：314514912DirectMemory：1827143680, 恢复 ：1
当前时间 ：2026-08-20 13:25:54send keng：2418, sheng ：4194304
decode keng：26, sheng ：2097152
world keng：12, sheng ：1048576

2026-08-20 13:25:59.682 INFO [pool-6-thread-1][:] - /****************流量统计******************/
LastReadBytes:0
LastReadThroughput:0
LastWrittenBytes:0
LastWriteThroughput:0
RealWrittenBytes:0
RealWriteThroughput:0
当前玩家的连接数量:0
当前地图的线程个数：9
当前地图的个数:47
当前数据库执行队列数:0
当前发送队列缓存的对象数量:0
totalMemory：1009778688, use ：699195664, free ：310583024DirectMemory：1827143680, 恢复 ：1
当前时间 ：2026-08-20 13:25:59send keng：2418, sheng ：4194304
decode keng：26, sheng ：2097152
world keng：12, sheng ：1048576

2026-08-20 13:26:04.682 INFO [pool-6-thread-5][:] - /****************流量统计******************/
LastReadBytes:0
LastReadThroughput:0
LastWrittenBytes:0
LastWriteThroughput:0
RealWrittenBytes:0
RealWriteThroughput:0
当前玩家的连接数量:0
当前地图的线程个数：9
当前地图的个数:47
当前数据库执行队列数:0
当前发送队列缓存的对象数量:0
totalMemory：1009778688, use ：702759072, free ：307019616DirectMemory：1827143680, 恢复 ：1
当前时间 ：2026-08-20 13:26:04send keng：2418, sheng ：4194304
decode keng：26, sheng ：2097152
world keng：12, sheng ：1048576

2026-08-20 13:26:09.682 INFO [pool-6-thread-3][:] - /****************流量统计******************/
LastReadBytes:0
LastReadThroughput:0
LastWrittenBytes:0
LastWriteThroughput:0
RealWrittenBytes:0
RealWriteThroughput:0
当前玩家的连接数量:0
当前地图的线程个数：9
当前地图的个数:47
当前数据库执行队列数:0
当前发送队列缓存的对象数量:0
totalMemory：1009778688, use ：707140760, free ：302637928DirectMemory：1827143680, 恢复 ：1
当前时间 ：2026-08-20 13:26:09send keng：2418, sheng ：4194304
decode keng：26, sheng ：2097152
world keng：12, sheng ：1048576

2026-08-20 13:26:14.682 INFO [pool-6-thread-6][:] - /****************流量统计******************/
LastReadBytes:0
LastReadThroughput:0
LastWrittenBytes:0
LastWriteThroughput:0
RealWrittenBytes:0
RealWriteThroughput:0
当前玩家的连接数量:0
当前地图的线程个数：9
当前地图的个数:47
当前数据库执行队列数:0
当前发送队列缓存的对象数量:0
totalMemory：1009778688, use ：708758088, free ：301020600DirectMemory：1827143680, 恢复 ：1
当前时间 ：2026-08-20 13:26:14send keng：2418, sheng ：4194304
decode keng：26, sheng ：2097152
world keng：12, sheng ：1048576

2026-08-20 13:26:19.682 INFO [pool-6-thread-5][:] - /****************流量统计******************/
LastReadBytes:0
LastReadThroughput:0
LastWrittenBytes:0
LastWriteThroughput:0
RealWrittenBytes:0
RealWriteThroughput:0
当前玩家的连接数量:0
当前地图的线程个数：9
当前地图的个数:47
当前数据库执行队列数:0
当前发送队列缓存的对象数量:0
totalMemory：1009778688, use ：714441424, free ：295337264DirectMemory：1827143680, 恢复 ：1
当前时间 ：2026-08-20 13:26:19send keng：2418, sheng ：4194304
decode keng：26, sheng ：2097152
world keng：12, sheng ：1048576

2026-08-20 13:26:24.682 INFO [pool-6-thread-9][:] - /****************流量统计******************/
LastReadBytes:0
LastReadThroughput:0
LastWrittenBytes:0
LastWriteThroughput:0
RealWrittenBytes:0
RealWriteThroughput:0
当前玩家的连接数量:0
当前地图的线程个数：9
当前地图的个数:47
当前数据库执行队列数:0
当前发送队列缓存的对象数量:0
totalMemory：1009778688, use ：715682520, free ：294096168DirectMemory：1827143680, 恢复 ：1
当前时间 ：2026-08-20 13:26:24send keng：2418, sheng ：4194304
decode keng：26, sheng ：2097152
world keng：12, sheng ：1048576

2026-08-20 13:26:29.682 INFO [pool-6-thread-5][:] - /****************流量统计******************/
LastReadBytes:0
LastReadThroughput:0
LastWrittenBytes:0
LastWriteThroughput:0
RealWrittenBytes:0
RealWriteThroughput:0
当前玩家的连接数量:0
当前地图的线程个数：9
当前地图的个数:47
当前数据库执行队列数:0
当前发送队列缓存的对象数量:0
totalMemory：1009778688, use ：721235312, free ：288543376DirectMemory：1827143680, 恢复 ：1
当前时间 ：2026-08-20 13:26:29send keng：2418, sheng ：4194304
decode keng：26, sheng ：2097152
world keng：12, sheng ：1048576

2026-08-20 13:26:34.682 INFO [pool-6-thread-3][:] - /****************流量统计******************/
LastReadBytes:0
LastReadThroughput:0
LastWrittenBytes:0
LastWriteThroughput:0
RealWrittenBytes:0
RealWriteThroughput:0
当前玩家的连接数量:0
当前地图的线程个数：9
当前地图的个数:47
当前数据库执行队列数:0
当前发送队列缓存的对象数量:0
totalMemory：1009778688, use ：723134576, free ：286644112DirectMemory：1827143680, 恢复 ：1
当前时间 ：2026-08-20 13:26:34send keng：2418, sheng ：4194304
decode keng：26, sheng ：2097152
world keng：12, sheng ：1048576

2026-08-20 13:26:39.682 INFO [pool-6-thread-10][:] - /****************流量统计******************/
LastReadBytes:0
LastReadThroughput:0
LastWrittenBytes:0
LastWriteThroughput:0
RealWrittenBytes:0
RealWriteThroughput:0
当前玩家的连接数量:0
当前地图的线程个数：9
当前地图的个数:47
当前数据库执行队列数:0
当前发送队列缓存的对象数量:0
totalMemory：1009778688, use ：728966792, free ：280811896DirectMemory：1827143680, 恢复 ：1
当前时间 ：2026-08-20 13:26:39send keng：2418, sheng ：4194304
decode keng：26, sheng ：2097152
world keng：12, sheng ：1048576

2026-08-20 13:26:44.682 INFO [pool-6-thread-7][:] - /****************流量统计******************/
LastReadBytes:0
LastReadThroughput:0
LastWrittenBytes:0
LastWriteThroughput:0
RealWrittenBytes:0
RealWriteThroughput:0
当前玩家的连接数量:0
当前地图的线程个数：9
当前地图的个数:47
当前数据库执行队列数:0
当前发送队列缓存的对象数量:0
totalMemory：1009778688, use ：731052424, free ：278726264DirectMemory：1827143680, 恢复 ：1
当前时间 ：2026-08-20 13:26:44send keng：2418, sheng ：4194304
decode keng：26, sheng ：2097152
world keng：12, sheng ：1048576

2026-08-20 13:26:49.682 INFO [pool-6-thread-7][:] - /****************流量统计******************/
LastReadBytes:0
LastReadThroughput:0
LastWrittenBytes:0
LastWriteThroughput:0
RealWrittenBytes:0
RealWriteThroughput:0
当前玩家的连接数量:0
当前地图的线程个数：9
当前地图的个数:47
当前数据库执行队列数:0
当前发送队列缓存的对象数量:0
totalMemory：1009778688, use ：734822872, free ：274955816DirectMemory：1827143680, 恢复 ：1
当前时间 ：2026-08-20 13:26:49send keng：2418, sheng ：4194304
decode keng：26, sheng ：2097152
world keng：12, sheng ：1048576

2026-08-20 13:26:54.684 INFO [pool-6-thread-4][:] - /****************流量统计******************/
LastReadBytes:0
LastReadThroughput:0
LastWrittenBytes:0
LastWriteThroughput:0
RealWrittenBytes:0
RealWriteThroughput:0
当前玩家的连接数量:0
当前地图的线程个数：9
当前地图的个数:47
当前数据库执行队列数:0
当前发送队列缓存的对象数量:0
totalMemory：1009778688, use ：737951472, free ：271827216DirectMemory：1827143680, 恢复 ：1
当前时间 ：2026-08-20 13:26:54send keng：2418, sheng ：4194304
decode keng：26, sheng ：2097152
world keng：12, sheng ：1048576

2026-08-20 13:26:59.682 INFO [pool-6-thread-5][:] - /****************流量统计******************/
LastReadBytes:0
LastReadThroughput:0
LastWrittenBytes:0
LastWriteThroughput:0
RealWrittenBytes:0
RealWriteThroughput:0
当前玩家的连接数量:0
当前地图的线程个数：9
当前地图的个数:47
当前数据库执行队列数:0
当前发送队列缓存的对象数量:0
totalMemory：1009778688, use ：743160200, free ：266618488DirectMemory：1827143680, 恢复 ：1
当前时间 ：2026-08-20 13:26:59send keng：2418, sheng ：4194304
decode keng：26, sheng ：2097152
world keng：12, sheng ：1048576

2026-08-20 13:27:04.682 INFO [pool-6-thread-4][:] - /****************流量统计******************/
LastReadBytes:0
LastReadThroughput:0
LastWrittenBytes:0
LastWriteThroughput:0
RealWrittenBytes:0
RealWriteThroughput:0
当前玩家的连接数量:0
当前地图的线程个数：9
当前地图的个数:47
当前数据库执行队列数:0
当前发送队列缓存的对象数量:0
totalMemory：1009778688, use ：745534568, free ：264244120DirectMemory：1827143680, 恢复 ：1
当前时间 ：2026-08-20 13:27:04send keng：2418, sheng ：4194304
decode keng：26, sheng ：2097152
world keng：12, sheng ：1048576

2026-08-20 13:27:09.684 INFO [pool-6-thread-8][:] - /****************流量统计******************/
LastReadBytes:0
LastReadThroughput:0
LastWrittenBytes:0
LastWriteThroughput:0
RealWrittenBytes:0
RealWriteThroughput:0
当前玩家的连接数量:0
当前地图的线程个数：9
当前地图的个数:47
当前数据库执行队列数:0
当前发送队列缓存的对象数量:0
totalMemory：1009778688, use ：748872840, free ：260905848DirectMemory：1827143680, 恢复 ：1
当前时间 ：2026-08-20 13:27:09send keng：2418, sheng ：4194304
decode keng：26, sheng ：2097152
world keng：12, sheng ：1048576

2026-08-20 13:27:14.682 INFO [pool-6-thread-3][:] - /****************流量统计******************/
LastReadBytes:0
LastReadThroughput:0
LastWrittenBytes:0
LastWriteThroughput:0
RealWrittenBytes:0
RealWriteThroughput:0
当前玩家的连接数量:0
当前地图的线程个数：9
当前地图的个数:47
当前数据库执行队列数:0
当前发送队列缓存的对象数量:0
totalMemory：1009778688, use ：752427024, free ：257351664DirectMemory：1827143680, 恢复 ：1
当前时间 ：2026-08-20 13:27:14send keng：2418, sheng ：4194304
decode keng：26, sheng ：2097152
world keng：12, sheng ：1048576

2026-08-20 13:27:19.682 INFO [pool-6-thread-9][:] - /****************流量统计******************/
LastReadBytes:0
LastReadThroughput:0
LastWrittenBytes:0
LastWriteThroughput:0
RealWrittenBytes:0
RealWriteThroughput:0
当前玩家的连接数量:0
当前地图的线程个数：9
当前地图的个数:47
当前数据库执行队列数:0
当前发送队列缓存的对象数量:0
totalMemory：1009778688, use ：756601104, free ：253177584DirectMemory：1827143680, 恢复 ：1
当前时间 ：2026-08-20 13:27:19send keng：2418, sheng ：4194304
decode keng：26, sheng ：2097152
world keng：12, sheng ：1048576

2026-08-20 13:27:24.682 INFO [pool-6-thread-4][:] - /****************流量统计******************/
LastReadBytes:0
LastReadThroughput:0
LastWrittenBytes:0
LastWriteThroughput:0
RealWrittenBytes:0
RealWriteThroughput:0
当前玩家的连接数量:0
当前地图的线程个数：9
当前地图的个数:47
当前数据库执行队列数:0
当前发送队列缓存的对象数量:0
totalMemory：1009778688, use ：759917824, free ：249860864DirectMemory：1827143680, 恢复 ：1
当前时间 ：2026-08-20 13:27:24send keng：2418, sheng ：4194304
decode keng：26, sheng ：2097152
world keng：12, sheng ：1048576

2026-08-20 13:27:29.682 INFO [pool-6-thread-7][:] - /****************流量统计******************/
LastReadBytes:0
LastReadThroughput:0
LastWrittenBytes:0
LastWriteThroughput:0
RealWrittenBytes:0
RealWriteThroughput:0
当前玩家的连接数量:0
当前地图的线程个数：9
当前地图的个数:47
当前数据库执行队列数:0
当前发送队列缓存的对象数量:0
totalMemory：1009778688, use ：762468216, free ：247310472DirectMemory：1827143680, 恢复 ：1
当前时间 ：2026-08-20 13:27:29send keng：2418, sheng ：4194304
decode keng：26, sheng ：2097152
world keng：12, sheng ：1048576

2026-08-20 13:27:34.685 INFO [pool-6-thread-5][:] - /****************流量统计******************/
LastReadBytes:0
LastReadThroughput:0
LastWrittenBytes:0
LastWriteThroughput:0
RealWrittenBytes:0
RealWriteThroughput:0
当前玩家的连接数量:0
当前地图的线程个数：9
当前地图的个数:47
当前数据库执行队列数:0
当前发送队列缓存的对象数量:0
totalMemory：1009778688, use ：766848968, free ：242929720DirectMemory：1827143680, 恢复 ：1
当前时间 ：2026-08-20 13:27:34send keng：2418, sheng ：4194304
decode keng：26, sheng ：2097152
world keng：12, sheng ：1048576

2026-08-20 13:27:39.682 INFO [pool-6-thread-5][:] - /****************流量统计******************/
LastReadBytes:0
LastReadThroughput:0
LastWrittenBytes:0
LastWriteThroughput:0
RealWrittenBytes:0
RealWriteThroughput:0
当前玩家的连接数量:0
当前地图的线程个数：9
当前地图的个数:47
当前数据库执行队列数:0
当前发送队列缓存的对象数量:0
totalMemory：1009778688, use ：769327616, free ：240451072DirectMemory：1827143680, 恢复 ：1
当前时间 ：2026-08-20 13:27:39send keng：2418, sheng ：4194304
decode keng：26, sheng ：2097152
world keng：12, sheng ：1048576

2026-08-20 13:27:44.682 INFO [pool-6-thread-9][:] - /****************流量统计******************/
LastReadBytes:0
LastReadThroughput:0
LastWrittenBytes:0
LastWriteThroughput:0
RealWrittenBytes:0
RealWriteThroughput:0
当前玩家的连接数量:0
当前地图的线程个数：9
当前地图的个数:47
当前数据库执行队列数:0
当前发送队列缓存的对象数量:0
totalMemory：1009778688, use ：774169944, free ：235608744DirectMemory：1827143680, 恢复 ：1
当前时间 ：2026-08-20 13:27:44send keng：2418, sheng ：4194304
decode keng：26, sheng ：2097152
world keng：12, sheng ：1048576

2026-08-20 13:27:49.682 INFO [pool-6-thread-8][:] - /****************流量统计******************/
LastReadBytes:0
LastReadThroughput:0
LastWrittenBytes:0
LastWriteThroughput:0
RealWrittenBytes:0
RealWriteThroughput:0
当前玩家的连接数量:0
当前地图的线程个数：9
当前地图的个数:47
当前数据库执行队列数:0
当前发送队列缓存的对象数量:0
totalMemory：1009778688, use ：776759328, free ：233019360DirectMemory：1827143680, 恢复 ：1
当前时间 ：2026-08-20 13:27:49send keng：2418, sheng ：4194304
decode keng：26, sheng ：2097152
world keng：12, sheng ：1048576

2026-08-20 13:27:54.683 INFO [pool-6-thread-9][:] - /****************流量统计******************/
LastReadBytes:0
LastReadThroughput:0
LastWrittenBytes:0
LastWriteThroughput:0
RealWrittenBytes:0
RealWriteThroughput:0
当前玩家的连接数量:0
当前地图的线程个数：9
当前地图的个数:47
当前数据库执行队列数:0
当前发送队列缓存的对象数量:0
totalMemory：1009778688, use ：780990624, free ：228788064DirectMemory：1827143680, 恢复 ：1
当前时间 ：2026-08-20 13:27:54send keng：2418, sheng ：4194304
decode keng：26, sheng ：2097152
world keng：12, sheng ：1048576

2026-08-20 13:27:59.682 INFO [pool-6-thread-4][:] - /****************流量统计******************/
LastReadBytes:0
LastReadThroughput:0
LastWrittenBytes:0
LastWriteThroughput:0
RealWrittenBytes:0
RealWriteThroughput:0
当前玩家的连接数量:0
当前地图的线程个数：9
当前地图的个数:47
当前数据库执行队列数:0
当前发送队列缓存的对象数量:0
totalMemory：1009778688, use ：784125928, free ：225652760DirectMemory：1827143680, 恢复 ：1
当前时间 ：2026-08-20 13:27:59send keng：2418, sheng ：4194304
decode keng：26, sheng ：2097152
world keng：12, sheng ：1048576

2026-08-20 13:28:04.682 INFO [pool-6-thread-5][:] - /****************流量统计******************/
LastReadBytes:0
LastReadThroughput:0
LastWrittenBytes:0
LastWriteThroughput:0
RealWrittenBytes:0
RealWriteThroughput:0
当前玩家的连接数量:0
当前地图的线程个数：9
当前地图的个数:47
当前数据库执行队列数:0
当前发送队列缓存的对象数量:0
totalMemory：1009778688, use ：788753800, free ：221024888DirectMemory：1827143680, 恢复 ：1
当前时间 ：2026-08-20 13:28:04send keng：2418, sheng ：4194304
decode keng：26, sheng ：2097152
world keng：12, sheng ：1048576

2026-08-20 13:28:09.682 INFO [pool-6-thread-4][:] - /****************流量统计******************/
LastReadBytes:0
LastReadThroughput:0
LastWrittenBytes:0
LastWriteThroughput:0
RealWrittenBytes:0
RealWriteThroughput:0
当前玩家的连接数量:0
当前地图的线程个数：9
当前地图的个数:47
当前数据库执行队列数:0
当前发送队列缓存的对象数量:0
totalMemory：1009778688, use ：791196504, free ：218582184DirectMemory：1827143680, 恢复 ：1
当前时间 ：2026-08-20 13:28:09send keng：2418, sheng ：4194304
decode keng：26, sheng ：2097152
world keng：12, sheng ：1048576

2026-08-20 13:28:14.682 INFO [pool-6-thread-3][:] - /****************流量统计******************/
LastReadBytes:0
LastReadThroughput:0
LastWrittenBytes:0
LastWriteThroughput:0
RealWrittenBytes:0
RealWriteThroughput:0
当前玩家的连接数量:0
当前地图的线程个数：9
当前地图的个数:47
当前数据库执行队列数:0
当前发送队列缓存的对象数量:0
totalMemory：1010302976, use ：424545752, free ：585757224DirectMemory：1827143680, 恢复 ：1
当前时间 ：2026-08-20 13:28:14send keng：2418, sheng ：4194304
decode keng：26, sheng ：2097152
world keng：12, sheng ：1048576

2026-08-20 13:28:19.682 INFO [pool-6-thread-6][:] - /****************流量统计******************/
LastReadBytes:0
LastReadThroughput:0
LastWrittenBytes:0
LastWriteThroughput:0
RealWrittenBytes:0
RealWriteThroughput:0
当前玩家的连接数量:0
当前地图的线程个数：9
当前地图的个数:47
当前数据库执行队列数:0
当前发送队列缓存的对象数量:0
totalMemory：1010302976, use ：425073720, free ：585229256DirectMemory：1827143680, 恢复 ：1
当前时间 ：2026-08-20 13:28:19send keng：2418, sheng ：4194304
decode keng：26, sheng ：2097152
world keng：12, sheng ：1048576

2026-08-20 13:28:24.682 INFO [pool-6-thread-10][:] - /****************流量统计******************/
LastReadBytes:0
LastReadThroughput:0
LastWrittenBytes:0
LastWriteThroughput:0
RealWrittenBytes:0
RealWriteThroughput:0
当前玩家的连接数量:0
当前地图的线程个数：9
当前地图的个数:47
当前数据库执行队列数:0
当前发送队列缓存的对象数量:0
totalMemory：1010302976, use ：431022104, free ：579280872DirectMemory：1827143680, 恢复 ：1
当前时间 ：2026-08-20 13:28:24send keng：2418, sheng ：4194304
decode keng：26, sheng ：2097152
world keng：12, sheng ：1048576

2026-08-20 13:28:29.682 INFO [pool-6-thread-2][:] - /****************流量统计******************/
LastReadBytes:0
LastReadThroughput:0
LastWrittenBytes:0
LastWriteThroughput:0
RealWrittenBytes:0
RealWriteThroughput:0
当前玩家的连接数量:0
当前地图的线程个数：9
当前地图的个数:47
当前数据库执行队列数:0
当前发送队列缓存的对象数量:0
totalMemory：1010302976, use ：432535624, free ：577767352DirectMemory：1827143680, 恢复 ：1
当前时间 ：2026-08-20 13:28:29send keng：2418, sheng ：4194304
decode keng：26, sheng ：2097152
world keng：12, sheng ：1048576

2026-08-20 13:28:34.682 INFO [pool-6-thread-5][:] - /****************流量统计******************/
LastReadBytes:0
LastReadThroughput:0
LastWrittenBytes:0
LastWriteThroughput:0
RealWrittenBytes:0
RealWriteThroughput:0
当前玩家的连接数量:0
当前地图的线程个数：9
当前地图的个数:47
当前数据库执行队列数:0
当前发送队列缓存的对象数量:0
totalMemory：1010302976, use ：436574120, free ：573728856DirectMemory：1827143680, 恢复 ：1
当前时间 ：2026-08-20 13:28:34send keng：2418, sheng ：4194304
decode keng：26, sheng ：2097152
world keng：12, sheng ：1048576

2026-08-20 13:28:39.682 INFO [pool-6-thread-10][:] - /****************流量统计******************/
LastReadBytes:0
LastReadThroughput:0
LastWrittenBytes:0
LastWriteThroughput:0
RealWrittenBytes:0
RealWriteThroughput:0
当前玩家的连接数量:0
当前地图的线程个数：9
当前地图的个数:47
当前数据库执行队列数:0
当前发送队列缓存的对象数量:0
totalMemory：1010302976, use ：439923936, free ：570379040DirectMemory：1827143680, 恢复 ：1
当前时间 ：2026-08-20 13:28:39send keng：2418, sheng ：4194304
decode keng：26, sheng ：2097152
world keng：12, sheng ：1048576

2026-08-20 13:28:44.682 INFO [pool-6-thread-6][:] - /****************流量统计******************/
LastReadBytes:0
LastReadThroughput:0
LastWrittenBytes:0
LastWriteThroughput:0
RealWrittenBytes:0
RealWriteThroughput:0
当前玩家的连接数量:0
当前地图的线程个数：9
当前地图的个数:47
当前数据库执行队列数:0
当前发送队列缓存的对象数量:0
totalMemory：1010302976, use ：444518936, free ：565784040DirectMemory：1827143680, 恢复 ：1
当前时间 ：2026-08-20 13:28:44send keng：2418, sheng ：4194304
decode keng：26, sheng ：2097152
world keng：12, sheng ：1048576

2026-08-20 13:28:49.682 INFO [pool-6-thread-8][:] - /****************流量统计******************/
LastReadBytes:0
LastReadThroughput:0
LastWrittenBytes:0
LastWriteThroughput:0
RealWrittenBytes:0
RealWriteThroughput:0
当前玩家的连接数量:0
当前地图的线程个数：9
当前地图的个数:47
当前数据库执行队列数:0
当前发送队列缓存的对象数量:0
totalMemory：1010302976, use ：446439656, free ：563863320DirectMemory：1827143680, 恢复 ：1
当前时间 ：2026-08-20 13:28:49send keng：2418, sheng ：4194304
decode keng：26, sheng ：2097152
world keng：12, sheng ：1048576

2026-08-20 13:28:54.682 INFO [pool-6-thread-8][:] - /****************流量统计******************/
LastReadBytes:0
LastReadThroughput:0
LastWrittenBytes:0
LastWriteThroughput:0
RealWrittenBytes:0
RealWriteThroughput:0
当前玩家的连接数量:0
当前地图的线程个数：9
当前地图的个数:47
当前数据库执行队列数:0
当前发送队列缓存的对象数量:0
totalMemory：1010302976, use ：449458232, free ：560844744DirectMemory：1827143680, 恢复 ：1
当前时间 ：2026-08-20 13:28:54send keng：2418, sheng ：4194304
decode keng：26, sheng ：2097152
world keng：12, sheng ：1048576

2026-08-20 13:28:59.682 INFO [pool-6-thread-2][:] - /****************流量统计******************/
LastReadBytes:0
LastReadThroughput:0
LastWrittenBytes:0
LastWriteThroughput:0
RealWrittenBytes:0
RealWriteThroughput:0
当前玩家的连接数量:0
当前地图的线程个数：9
当前地图的个数:47
当前数据库执行队列数:0
当前发送队列缓存的对象数量:0
totalMemory：1010302976, use ：454869504, free ：555433472DirectMemory：1827143680, 恢复 ：1
当前时间 ：2026-08-20 13:28:59send keng：2418, sheng ：4194304
decode keng：26, sheng ：2097152
world keng：12, sheng ：1048576

2026-08-20 13:29:04.682 INFO [pool-6-thread-1][:] - /****************流量统计******************/
LastReadBytes:0
LastReadThroughput:0
LastWrittenBytes:0
LastWriteThroughput:0
RealWrittenBytes:0
RealWriteThroughput:0
当前玩家的连接数量:0
当前地图的线程个数：9
当前地图的个数:47
当前数据库执行队列数:0
当前发送队列缓存的对象数量:0
totalMemory：1010302976, use ：456537864, free ：553765112DirectMemory：1827143680, 恢复 ：1
当前时间 ：2026-08-20 13:29:04send keng：2418, sheng ：4194304
decode keng：26, sheng ：2097152
world keng：12, sheng ：1048576

2026-08-20 13:29:09.682 INFO [pool-6-thread-6][:] - /****************流量统计******************/
LastReadBytes:0
LastReadThroughput:0
LastWrittenBytes:0
LastWriteThroughput:0
RealWrittenBytes:0
RealWriteThroughput:0
当前玩家的连接数量:0
当前地图的线程个数：9
当前地图的个数:47
当前数据库执行队列数:0
当前发送队列缓存的对象数量:0
totalMemory：1010302976, use ：461933936, free ：548369040DirectMemory：1827143680, 恢复 ：1
当前时间 ：2026-08-20 13:29:09send keng：2418, sheng ：4194304
decode keng：26, sheng ：2097152
world keng：12, sheng ：1048576

2026-08-20 13:29:14.682 INFO [pool-6-thread-1][:] - /****************流量统计******************/
LastReadBytes:0
LastReadThroughput:0
LastWrittenBytes:0
LastWriteThroughput:0
RealWrittenBytes:0
RealWriteThroughput:0
当前玩家的连接数量:0
当前地图的线程个数：9
当前地图的个数:47
当前数据库执行队列数:0
当前发送队列缓存的对象数量:0
totalMemory：1010302976, use ：463874880, free ：546428096DirectMemory：1827143680, 恢复 ：1
当前时间 ：2026-08-20 13:29:14send keng：2418, sheng ：4194304
decode keng：26, sheng ：2097152
world keng：12, sheng ：1048576

2026-08-20 13:29:19.682 INFO [pool-6-thread-6][:] - /****************流量统计******************/
LastReadBytes:0
LastReadThroughput:0
LastWrittenBytes:0
LastWriteThroughput:0
RealWrittenBytes:0
RealWriteThroughput:0
当前玩家的连接数量:0
当前地图的线程个数：9
当前地图的个数:47
当前数据库执行队列数:0
当前发送队列缓存的对象数量:0
totalMemory：1010302976, use ：468968320, free ：541334656DirectMemory：1827143680, 恢复 ：1
当前时间 ：2026-08-20 13:29:19send keng：2418, sheng ：4194304
decode keng：26, sheng ：2097152
world keng：12, sheng ：1048576

2026-08-20 13:29:24.682 INFO [pool-6-thread-4][:] - /****************流量统计******************/
LastReadBytes:0
LastReadThroughput:0
LastWrittenBytes:0
LastWriteThroughput:0
RealWrittenBytes:0
RealWriteThroughput:0
当前玩家的连接数量:0
当前地图的线程个数：9
当前地图的个数:47
当前数据库执行队列数:0
当前发送队列缓存的对象数量:0
totalMemory：1010302976, use ：471382264, free ：538920712DirectMemory：1827143680, 恢复 ：1
当前时间 ：2026-08-20 13:29:24send keng：2418, sheng ：4194304
decode keng：26, sheng ：2097152
world keng：12, sheng ：1048576

2026-08-20 13:29:29.682 INFO [pool-6-thread-2][:] - /****************流量统计******************/
LastReadBytes:0
LastReadThroughput:0
LastWrittenBytes:0
LastWriteThroughput:0
RealWrittenBytes:0
RealWriteThroughput:0
当前玩家的连接数量:0
当前地图的线程个数：9
当前地图的个数:47
当前数据库执行队列数:0
当前发送队列缓存的对象数量:0
totalMemory：1010302976, use ：475888968, free ：534414008DirectMemory：1827143680, 恢复 ：1
当前时间 ：2026-08-20 13:29:29send keng：2418, sheng ：4194304
decode keng：26, sheng ：2097152
world keng：12, sheng ：1048576

2026-08-20 13:29:34.683 INFO [pool-6-thread-6][:] - /****************流量统计******************/
LastReadBytes:0
LastReadThroughput:0
LastWrittenBytes:0
LastWriteThroughput:0
RealWrittenBytes:0
RealWriteThroughput:0
当前玩家的连接数量:0
当前地图的线程个数：9
当前地图的个数:47
当前数据库执行队列数:0
当前发送队列缓存的对象数量:0
totalMemory：1010302976, use ：477874704, free ：532428272DirectMemory：1827143680, 恢复 ：1
当前时间 ：2026-08-20 13:29:34send keng：2418, sheng ：4194304
decode keng：26, sheng ：2097152
world keng：12, sheng ：1048576

2026-08-20 13:29:39.682 INFO [pool-6-thread-7][:] - /****************流量统计******************/
LastReadBytes:0
LastReadThroughput:0
LastWrittenBytes:0
LastWriteThroughput:0
RealWrittenBytes:0
RealWriteThroughput:0
当前玩家的连接数量:0
当前地图的线程个数：9
当前地图的个数:47
当前数据库执行队列数:0
当前发送队列缓存的对象数量:0
totalMemory：1010302976, use ：483354488, free ：526948488DirectMemory：1827143680, 恢复 ：1
当前时间 ：2026-08-20 13:29:39send keng：2418, sheng ：4194304
decode keng：26, sheng ：2097152
world keng：12, sheng ：1048576

2026-08-20 13:29:44.682 INFO [pool-6-thread-8][:] - /****************流量统计******************/
LastReadBytes:0
LastReadThroughput:0
LastWrittenBytes:0
LastWriteThroughput:0
RealWrittenBytes:0
RealWriteThroughput:0
当前玩家的连接数量:0
当前地图的线程个数：9
当前地图的个数:47
当前数据库执行队列数:0
当前发送队列缓存的对象数量:0
totalMemory：1010302976, use ：485778152, free ：524524824DirectMemory：1827143680, 恢复 ：1
当前时间 ：2026-08-20 13:29:44send keng：2418, sheng ：4194304
decode keng：26, sheng ：2097152
world keng：12, sheng ：1048576

2026-08-20 13:29:49.682 INFO [pool-6-thread-1][:] - /****************流量统计******************/
LastReadBytes:0
LastReadThroughput:0
LastWrittenBytes:0
LastWriteThroughput:0
RealWrittenBytes:0
RealWriteThroughput:0
当前玩家的连接数量:0
当前地图的线程个数：9
当前地图的个数:47
当前数据库执行队列数:0
当前发送队列缓存的对象数量:0
totalMemory：1010302976, use ：490335184, free ：519967792DirectMemory：1827143680, 恢复 ：1
当前时间 ：2026-08-20 13:29:49send keng：2418, sheng ：4194304
decode keng：26, sheng ：2097152
world keng：12, sheng ：1048576

2026-08-20 13:29:54.682 INFO [pool-6-thread-5][:] - /****************流量统计******************/
LastReadBytes:0
LastReadThroughput:0
LastWrittenBytes:0
LastWriteThroughput:0
RealWrittenBytes:0
RealWriteThroughput:0
当前玩家的连接数量:0
当前地图的线程个数：9
当前地图的个数:47
当前数据库执行队列数:0
当前发送队列缓存的对象数量:0
totalMemory：1010302976, use ：492280640, free ：518022336DirectMemory：1827143680, 恢复 ：1
当前时间 ：2026-08-20 13:29:54send keng：2418, sheng ：4194304
decode keng：26, sheng ：2097152
world keng：12, sheng ：1048576

2026-08-20 13:29:59.682 INFO [pool-6-thread-3][:] - /****************流量统计******************/
LastReadBytes:0
LastReadThroughput:0
LastWrittenBytes:0
LastWriteThroughput:0
RealWrittenBytes:0
RealWriteThroughput:0
当前玩家的连接数量:0
当前地图的线程个数：9
当前地图的个数:47
当前数据库执行队列数:0
当前发送队列缓存的对象数量:0
totalMemory：1010302976, use ：498236416, free ：512066560DirectMemory：1827143680, 恢复 ：1
当前时间 ：2026-08-20 13:29:59send keng：2418, sheng ：4194304
decode keng：26, sheng ：2097152
world keng：12, sheng ：1048576

2026-08-20 13:30:04.682 INFO [pool-6-thread-5][:] - /****************流量统计******************/
LastReadBytes:0
LastReadThroughput:0
LastWrittenBytes:0
LastWriteThroughput:0
RealWrittenBytes:0
RealWriteThroughput:0
当前玩家的连接数量:0
当前地图的线程个数：9
当前地图的个数:47
当前数据库执行队列数:0
当前发送队列缓存的对象数量:0
totalMemory：1010302976, use ：499828984, free ：510473992DirectMemory：1827143680, 恢复 ：1
当前时间 ：2026-08-20 13:30:04send keng：2418, sheng ：4194304
decode keng：26, sheng ：2097152
world keng：12, sheng ：1048576

2026-08-20 13:30:09.682 INFO [pool-6-thread-8][:] - /****************流量统计******************/
LastReadBytes:0
LastReadThroughput:0
LastWrittenBytes:0
LastWriteThroughput:0
RealWrittenBytes:0
RealWriteThroughput:0
当前玩家的连接数量:0
当前地图的线程个数：9
当前地图的个数:47
当前数据库执行队列数:0
当前发送队列缓存的对象数量:0
totalMemory：1010302976, use ：503911464, free ：506391512DirectMemory：1827143680, 恢复 ：1
当前时间 ：2026-08-20 13:30:09send keng：2418, sheng ：4194304
decode keng：26, sheng ：2097152
world keng：12, sheng ：1048576

2026-08-20 13:30:14.682 INFO [pool-6-thread-2][:] - /****************流量统计******************/
LastReadBytes:0
LastReadThroughput:0
LastWrittenBytes:0
LastWriteThroughput:0
RealWrittenBytes:0
RealWriteThroughput:0
当前玩家的连接数量:0
当前地图的线程个数：9
当前地图的个数:47
当前数据库执行队列数:0
当前发送队列缓存的对象数量:0
totalMemory：1010302976, use ：507288072, free ：503014904DirectMemory：1827143680, 恢复 ：1
当前时间 ：2026-08-20 13:30:14send keng：2418, sheng ：4194304
decode keng：26, sheng ：2097152
world keng：12, sheng ：1048576

2026-08-20 13:30:19.682 INFO [pool-6-thread-5][:] - /****************流量统计******************/
LastReadBytes:0
LastReadThroughput:0
LastWrittenBytes:0
LastWriteThroughput:0
RealWrittenBytes:0
RealWriteThroughput:0
当前玩家的连接数量:0
当前地图的线程个数：9
当前地图的个数:47
当前数据库执行队列数:0
当前发送队列缓存的对象数量:0
totalMemory：1010302976, use ：511845680, free ：498457296DirectMemory：1827143680, 恢复 ：1
当前时间 ：2026-08-20 13:30:19send keng：2418, sheng ：4194304
decode keng：26, sheng ：2097152
world keng：12, sheng ：1048576

2026-08-20 13:30:24.682 INFO [pool-6-thread-7][:] - /****************流量统计******************/
LastReadBytes:0
LastReadThroughput:0
LastWrittenBytes:0
LastWriteThroughput:0
RealWrittenBytes:0
RealWriteThroughput:0
当前玩家的连接数量:0
当前地图的线程个数：9
当前地图的个数:47
当前数据库执行队列数:0
当前发送队列缓存的对象数量:0
totalMemory：1010302976, use ：514325120, free ：495977856DirectMemory：1827143680, 恢复 ：1
当前时间 ：2026-08-20 13:30:24send keng：2418, sheng ：4194304
decode keng：26, sheng ：2097152
world keng：12, sheng ：1048576

2026-08-20 13:30:29.682 INFO [pool-6-thread-1][:] - /****************流量统计******************/
LastReadBytes:0
LastReadThroughput:0
LastWrittenBytes:0
LastWriteThroughput:0
RealWrittenBytes:0
RealWriteThroughput:0
当前玩家的连接数量:0
当前地图的线程个数：9
当前地图的个数:47
当前数据库执行队列数:0
当前发送队列缓存的对象数量:0
totalMemory：1010302976, use ：518703680, free ：491599296DirectMemory：1827143680, 恢复 ：1
当前时间 ：2026-08-20 13:30:29send keng：2418, sheng ：4194304
decode keng：26, sheng ：2097152
world keng：12, sheng ：1048576

2026-08-20 13:30:34.682 INFO [pool-6-thread-8][:] - /****************流量统计******************/
LastReadBytes:0
LastReadThroughput:0
LastWrittenBytes:0
LastWriteThroughput:0
RealWrittenBytes:0
RealWriteThroughput:0
当前玩家的连接数量:0
当前地图的线程个数：9
当前地图的个数:47
当前数据库执行队列数:0
当前发送队列缓存的对象数量:0
totalMemory：1010302976, use ：522196200, free ：488106776DirectMemory：1827143680, 恢复 ：1
当前时间 ：2026-08-20 13:30:34send keng：2418, sheng ：4194304
decode keng：26, sheng ：2097152
world keng：12, sheng ：1048576

2026-08-20 13:30:39.682 INFO [pool-6-thread-3][:] - /****************流量统计******************/
LastReadBytes:0
LastReadThroughput:0
LastWrittenBytes:0
LastWriteThroughput:0
RealWrittenBytes:0
RealWriteThroughput:0
当前玩家的连接数量:0
当前地图的线程个数：9
当前地图的个数:47
当前数据库执行队列数:0
当前发送队列缓存的对象数量:0
totalMemory：1010302976, use ：523932440, free ：486370536DirectMemory：1827143680, 恢复 ：1
当前时间 ：2026-08-20 13:30:39send keng：2418, sheng ：4194304
decode keng：26, sheng ：2097152
world keng：12, sheng ：1048576

2026-08-20 13:30:44.682 INFO [pool-6-thread-5][:] - /****************流量统计******************/
LastReadBytes:0
LastReadThroughput:0
LastWrittenBytes:0
LastWriteThroughput:0
RealWrittenBytes:0
RealWriteThroughput:0
当前玩家的连接数量:0
当前地图的线程个数：9
当前地图的个数:47
当前数据库执行队列数:0
当前发送队列缓存的对象数量:0
totalMemory：1010302976, use ：529687840, free ：480615136DirectMemory：1827143680, 恢复 ：1
当前时间 ：2026-08-20 13:30:44send keng：2418, sheng ：4194304
decode keng：26, sheng ：2097152
world keng：12, sheng ：1048576

2026-08-20 13:30:49.683 INFO [pool-6-thread-4][:] - /****************流量统计******************/
LastReadBytes:0
LastReadThroughput:0
LastWrittenBytes:0
LastWriteThroughput:0
RealWrittenBytes:0
RealWriteThroughput:0
当前玩家的连接数量:0
当前地图的线程个数：9
当前地图的个数:47
当前数据库执行队列数:0
当前发送队列缓存的对象数量:0
totalMemory：1010302976, use ：531324160, free ：478978816DirectMemory：1827143680, 恢复 ：1
当前时间 ：2026-08-20 13:30:49send keng：2418, sheng ：4194304
decode keng：26, sheng ：2097152
world keng：12, sheng ：1048576

2026-08-20 13:30:54.682 INFO [pool-6-thread-5][:] - /****************流量统计******************/
LastReadBytes:0
LastReadThroughput:0
LastWrittenBytes:0
LastWriteThroughput:0
RealWrittenBytes:0
RealWriteThroughput:0
当前玩家的连接数量:0
当前地图的线程个数：9
当前地图的个数:47
当前数据库执行队列数:0
当前发送队列缓存的对象数量:0
totalMemory：1010302976, use ：536673176, free ：473629800DirectMemory：1827143680, 恢复 ：1
当前时间 ：2026-08-20 13:30:54send keng：2418, sheng ：4194304
decode keng：26, sheng ：2097152
world keng：12, sheng ：1048576

2026-08-20 13:30:59.682 INFO [pool-6-thread-1][:] - /****************流量统计******************/
LastReadBytes:0
LastReadThroughput:0
LastWrittenBytes:0
LastWriteThroughput:0
RealWrittenBytes:0
RealWriteThroughput:0
当前玩家的连接数量:0
当前地图的线程个数：9
当前地图的个数:47
当前数据库执行队列数:0
当前发送队列缓存的对象数量:0
totalMemory：1010302976, use ：537683664, free ：472619312DirectMemory：1827143680, 恢复 ：1
当前时间 ：2026-08-20 13:30:59send keng：2418, sheng ：4194304
decode keng：26, sheng ：2097152
world keng：12, sheng ：1048576

2026-08-20 13:31:04.682 INFO [pool-6-thread-5][:] - /****************流量统计******************/
LastReadBytes:0
LastReadThroughput:0
LastWrittenBytes:0
LastWriteThroughput:0
RealWrittenBytes:0
RealWriteThroughput:0
当前玩家的连接数量:0
当前地图的线程个数：9
当前地图的个数:47
当前数据库执行队列数:0
当前发送队列缓存的对象数量:0
totalMemory：1010302976, use ：543704872, free ：466598104DirectMemory：1827143680, 恢复 ：1
当前时间 ：2026-08-20 13:31:04send keng：2418, sheng ：4194304
decode keng：26, sheng ：2097152
world keng：12, sheng ：1048576

2026-08-20 13:31:09.682 INFO [pool-6-thread-9][:] - /****************流量统计******************/
LastReadBytes:0
LastReadThroughput:0
LastWrittenBytes:0
LastWriteThroughput:0
RealWrittenBytes:0
RealWriteThroughput:0
当前玩家的连接数量:0
当前地图的线程个数：9
当前地图的个数:47
当前数据库执行队列数:0
当前发送队列缓存的对象数量:0
totalMemory：1010302976, use ：545660728, free ：464642248DirectMemory：1827143680, 恢复 ：1
当前时间 ：2026-08-20 13:31:09send keng：2418, sheng ：4194304
decode keng：26, sheng ：2097152
world keng：12, sheng ：1048576

2026-08-20 13:31:14.682 INFO [pool-6-thread-9][:] - /****************流量统计******************/
LastReadBytes:0
LastReadThroughput:0
LastWrittenBytes:0
LastWriteThroughput:0
RealWrittenBytes:0
RealWriteThroughput:0
当前玩家的连接数量:0
当前地图的线程个数：9
当前地图的个数:47
当前数据库执行队列数:0
当前发送队列缓存的对象数量:0
totalMemory：1010302976, use ：550223600, free ：460079376DirectMemory：1827143680, 恢复 ：1
当前时间 ：2026-08-20 13:31:14send keng：2418, sheng ：4194304
decode keng：26, sheng ：2097152
world keng：12, sheng ：1048576

2026-08-20 13:31:19.682 INFO [pool-6-thread-1][:] - /****************流量统计******************/
LastReadBytes:0
LastReadThroughput:0
LastWrittenBytes:0
LastWriteThroughput:0
RealWrittenBytes:0
RealWriteThroughput:0
当前玩家的连接数量:0
当前地图的线程个数：9
当前地图的个数:47
当前数据库执行队列数:0
当前发送队列缓存的对象数量:0
totalMemory：1010302976, use ：553164696, free ：457138280DirectMemory：1827143680, 恢复 ：1
当前时间 ：2026-08-20 13:31:19send keng：2418, sheng ：4194304
decode keng：26, sheng ：2097152
world keng：12, sheng ：1048576

2026-08-20 13:31:24.682 INFO [pool-6-thread-1][:] - /****************流量统计******************/
LastReadBytes:0
LastReadThroughput:0
LastWrittenBytes:0
LastWriteThroughput:0
RealWrittenBytes:0
RealWriteThroughput:0
当前玩家的连接数量:0
当前地图的线程个数：9
当前地图的个数:47
当前数据库执行队列数:0
当前发送队列缓存的对象数量:0
totalMemory：1010302976, use ：557651472, free ：452651504DirectMemory：1827143680, 恢复 ：1
当前时间 ：2026-08-20 13:31:24send keng：2418, sheng ：4194304
decode keng：26, sheng ：2097152
world keng：12, sheng ：1048576

2026-08-20 13:31:29.682 INFO [pool-6-thread-3][:] - /****************流量统计******************/
LastReadBytes:0
LastReadThroughput:0
LastWrittenBytes:0
LastWriteThroughput:0
RealWrittenBytes:0
RealWriteThroughput:0
当前玩家的连接数量:0
当前地图的线程个数：9
当前地图的个数:47
当前数据库执行队列数:0
当前发送队列缓存的对象数量:0
totalMemory：1010302976, use ：561078232, free ：449224744DirectMemory：1827143680, 恢复 ：1
当前时间 ：2026-08-20 13:31:29send keng：2418, sheng ：4194304
decode keng：26, sheng ：2097152
world keng：12, sheng ：1048576

2026-08-20 13:31:34.682 INFO [pool-6-thread-7][:] - /****************流量统计******************/
LastReadBytes:0
LastReadThroughput:0
LastWrittenBytes:0
LastWriteThroughput:0
RealWrittenBytes:0
RealWriteThroughput:0
当前玩家的连接数量:0
当前地图的线程个数：9
当前地图的个数:47
当前数据库执行队列数:0
当前发送队列缓存的对象数量:0
totalMemory：1010302976, use ：565110936, free ：445192040DirectMemory：1827143680, 恢复 ：1
当前时间 ：2026-08-20 13:31:34send keng：2418, sheng ：4194304
decode keng：26, sheng ：2097152
world keng：12, sheng ：1048576

2026-08-20 13:31:39.682 INFO [pool-6-thread-4][:] - /****************流量统计******************/
LastReadBytes:0
LastReadThroughput:0
LastWrittenBytes:0
LastWriteThroughput:0
RealWrittenBytes:0
RealWriteThroughput:0
当前玩家的连接数量:0
当前地图的线程个数：9
当前地图的个数:47
当前数据库执行队列数:0
当前发送队列缓存的对象数量:0
totalMemory：1010302976, use ：567511064, free ：442791912DirectMemory：1827143680, 恢复 ：1
当前时间 ：2026-08-20 13:31:39send keng：2418, sheng ：4194304
decode keng：26, sheng ：2097152
world keng：12, sheng ：1048576

2026-08-20 13:31:44.682 INFO [pool-6-thread-3][:] - /****************流量统计******************/
LastReadBytes:0
LastReadThroughput:0
LastWrittenBytes:0
LastWriteThroughput:0
RealWrittenBytes:0
RealWriteThroughput:0
当前玩家的连接数量:0
当前地图的线程个数：9
当前地图的个数:47
当前数据库执行队列数:0
当前发送队列缓存的对象数量:0
totalMemory：1010302976, use ：572113256, free ：438189720DirectMemory：1827143680, 恢复 ：1
当前时间 ：2026-08-20 13:31:44send keng：2418, sheng ：4194304
decode keng：26, sheng ：2097152
world keng：12, sheng ：1048576

2026-08-20 13:31:49.682 INFO [pool-6-thread-3][:] - /****************流量统计******************/
LastReadBytes:0
LastReadThroughput:0
LastWrittenBytes:0
LastWriteThroughput:0
RealWrittenBytes:0
RealWriteThroughput:0
当前玩家的连接数量:0
当前地图的线程个数：9
当前地图的个数:47
当前数据库执行队列数:0
当前发送队列缓存的对象数量:0
totalMemory：1010302976, use ：574025648, free ：436277328DirectMemory：1827143680, 恢复 ：1
当前时间 ：2026-08-20 13:31:49send keng：2418, sheng ：4194304
decode keng：26, sheng ：2097152
world keng：12, sheng ：1048576

2026-08-20 13:31:54.682 INFO [pool-6-thread-6][:] - /****************流量统计******************/
LastReadBytes:0
LastReadThroughput:0
LastWrittenBytes:0
LastWriteThroughput:0
RealWrittenBytes:0
RealWriteThroughput:0
当前玩家的连接数量:0
当前地图的线程个数：9
当前地图的个数:47
当前数据库执行队列数:0
当前发送队列缓存的对象数量:0
totalMemory：1010302976, use ：579013592, free ：431289384DirectMemory：1827143680, 恢复 ：1
当前时间 ：2026-08-20 13:31:54send keng：2418, sheng ：4194304
decode keng：26, sheng ：2097152
world keng：12, sheng ：1048576

2026-08-20 13:31:59.682 INFO [pool-6-thread-9][:] - /****************流量统计******************/
LastReadBytes:0
LastReadThroughput:0
LastWrittenBytes:0
LastWriteThroughput:0
RealWrittenBytes:0
RealWriteThroughput:0
当前玩家的连接数量:0
当前地图的线程个数：9
当前地图的个数:47
当前数据库执行队列数:0
当前发送队列缓存的对象数量:0
totalMemory：1010302976, use ：581993616, free ：428309360DirectMemory：1827143680, 恢复 ：1
当前时间 ：2026-08-20 13:31:59send keng：2418, sheng ：4194304
decode keng：26, sheng ：2097152
world keng：12, sheng ：1048576

2026-08-20 13:32:04.682 INFO [pool-6-thread-10][:] - /****************流量统计******************/
LastReadBytes:0
LastReadThroughput:0
LastWrittenBytes:0
LastWriteThroughput:0
RealWrittenBytes:0
RealWriteThroughput:0
当前玩家的连接数量:0
当前地图的线程个数：9
当前地图的个数:47
当前数据库执行队列数:0
当前发送队列缓存的对象数量:0
totalMemory：1010302976, use ：586598160, free ：423704816DirectMemory：1827143680, 恢复 ：1
当前时间 ：2026-08-20 13:32:04send keng：2418, sheng ：4194304
decode keng：26, sheng ：2097152
world keng：12, sheng ：1048576

2026-08-20 13:32:09.682 INFO [pool-6-thread-8][:] - /****************流量统计******************/
LastReadBytes:0
LastReadThroughput:0
LastWrittenBytes:0
LastWriteThroughput:0
RealWrittenBytes:0
RealWriteThroughput:0
当前玩家的连接数量:0
当前地图的线程个数：9
当前地图的个数:47
当前数据库执行队列数:0
当前发送队列缓存的对象数量:0
totalMemory：1010302976, use ：588559944, free ：421743032DirectMemory：1827143680, 恢复 ：1
当前时间 ：2026-08-20 13:32:09send keng：2418, sheng ：4194304
decode keng：26, sheng ：2097152
world keng：12, sheng ：1048576

2026-08-20 13:32:14.682 INFO [pool-6-thread-5][:] - /****************流量统计******************/
LastReadBytes:0
LastReadThroughput:0
LastWrittenBytes:0
LastWriteThroughput:0
RealWrittenBytes:0
RealWriteThroughput:0
当前玩家的连接数量:0
当前地图的线程个数：9
当前地图的个数:47
当前数据库执行队列数:0
当前发送队列缓存的对象数量:0
totalMemory：1010302976, use ：592313336, free ：417989640DirectMemory：1827143680, 恢复 ：1
当前时间 ：2026-08-20 13:32:14send keng：2418, sheng ：4194304
decode keng：26, sheng ：2097152
world keng：12, sheng ：1048576

2026-08-20 13:32:19.682 INFO [pool-6-thread-5][:] - /****************流量统计******************/
LastReadBytes:0
LastReadThroughput:0
LastWrittenBytes:0
LastWriteThroughput:0
RealWrittenBytes:0
RealWriteThroughput:0
当前玩家的连接数量:0
当前地图的线程个数：9
当前地图的个数:47
当前数据库执行队列数:0
当前发送队列缓存的对象数量:0
totalMemory：1010302976, use ：597036184, free ：413266792DirectMemory：1827143680, 恢复 ：1
当前时间 ：2026-08-20 13:32:19send keng：2418, sheng ：4194304
decode keng：26, sheng ：2097152
world keng：12, sheng ：1048576

2026-08-20 13:32:24.682 INFO [pool-6-thread-5][:] - /****************流量统计******************/
LastReadBytes:0
LastReadThroughput:0
LastWrittenBytes:0
LastWriteThroughput:0
RealWrittenBytes:0
RealWriteThroughput:0
当前玩家的连接数量:0
当前地图的线程个数：9
当前地图的个数:47
当前数据库执行队列数:0
当前发送队列缓存的对象数量:0
totalMemory：1010302976, use ：599608296, free ：410694680DirectMemory：1827143680, 恢复 ：1
当前时间 ：2026-08-20 13:32:24send keng：2418, sheng ：4194304
decode keng：26, sheng ：2097152
world keng：12, sheng ：1048576

2026-08-20 13:32:29.682 INFO [pool-6-thread-2][:] - /****************流量统计******************/
LastReadBytes:0
LastReadThroughput:0
LastWrittenBytes:0
LastWriteThroughput:0
RealWrittenBytes:0
RealWriteThroughput:0
当前玩家的连接数量:0
当前地图的线程个数：9
当前地图的个数:47
当前数据库执行队列数:0
当前发送队列缓存的对象数量:0
totalMemory：1010302976, use ：604407368, free ：405895608DirectMemory：1827143680, 恢复 ：1
当前时间 ：2026-08-20 13:32:29send keng：2418, sheng ：4194304
decode keng：26, sheng ：2097152
world keng：12, sheng ：1048576

2026-08-20 13:32:34.682 INFO [pool-6-thread-7][:] - /****************流量统计******************/
LastReadBytes:0
LastReadThroughput:0
LastWrittenBytes:0
LastWriteThroughput:0
RealWrittenBytes:0
RealWriteThroughput:0
当前玩家的连接数量:0
当前地图的线程个数：9
当前地图的个数:47
当前数据库执行队列数:0
当前发送队列缓存的对象数量:0
totalMemory：1010302976, use ：606365696, free ：403937280DirectMemory：1827143680, 恢复 ：1
当前时间 ：2026-08-20 13:32:34send keng：2418, sheng ：4194304
decode keng：26, sheng ：2097152
world keng：12, sheng ：1048576

2026-08-20 13:32:39.682 INFO [pool-6-thread-7][:] - /****************流量统计******************/
LastReadBytes:0
LastReadThroughput:0
LastWrittenBytes:0
LastWriteThroughput:0
RealWrittenBytes:0
RealWriteThroughput:0
当前玩家的连接数量:0
当前地图的线程个数：9
当前地图的个数:47
当前数据库执行队列数:0
当前发送队列缓存的对象数量:0
totalMemory：1010302976, use ：609956472, free ：400346504DirectMemory：1827143680, 恢复 ：1
当前时间 ：2026-08-20 13:32:39send keng：2418, sheng ：4194304
decode keng：26, sheng ：2097152
world keng：12, sheng ：1048576

2026-08-20 13:32:44.682 INFO [pool-6-thread-8][:] - /****************流量统计******************/
LastReadBytes:0
LastReadThroughput:0
LastWrittenBytes:0
LastWriteThroughput:0
RealWrittenBytes:0
RealWriteThroughput:0
当前玩家的连接数量:0
当前地图的线程个数：9
当前地图的个数:47
当前数据库执行队列数:0
当前发送队列缓存的对象数量:0
totalMemory：1010302976, use ：613933632, free ：396369344DirectMemory：1827143680, 恢复 ：1
当前时间 ：2026-08-20 13:32:44send keng：2418, sheng ：4194304
decode keng：26, sheng ：2097152
world keng：12, sheng ：1048576

2026-08-20 13:32:49.683 INFO [pool-6-thread-10][:] - /****************流量统计******************/
LastReadBytes:0
LastReadThroughput:0
LastWrittenBytes:0
LastWriteThroughput:0
RealWrittenBytes:0
RealWriteThroughput:0
当前玩家的连接数量:0
当前地图的线程个数：9
当前地图的个数:47
当前数据库执行队列数:0
当前发送队列缓存的对象数量:0
totalMemory：1010302976, use ：617421352, free ：392881624DirectMemory：1827143680, 恢复 ：1
当前时间 ：2026-08-20 13:32:49send keng：2418, sheng ：4194304
decode keng：26, sheng ：2097152
world keng：12, sheng ：1048576

2026-08-20 13:32:54.682 INFO [pool-6-thread-7][:] - /****************流量统计******************/
LastReadBytes:0
LastReadThroughput:0
LastWrittenBytes:0
LastWriteThroughput:0
RealWrittenBytes:0
RealWriteThroughput:0
当前玩家的连接数量:0
当前地图的线程个数：9
当前地图的个数:47
当前数据库执行队列数:0
当前发送队列缓存的对象数量:0
totalMemory：1010302976, use ：620858304, free ：389444672DirectMemory：1827143680, 恢复 ：1
当前时间 ：2026-08-20 13:32:54send keng：2418, sheng ：4194304
decode keng：26, sheng ：2097152
world keng：12, sheng ：1048576

2026-08-20 13:32:59.682 INFO [pool-6-thread-4][:] - /****************流量统计******************/
LastReadBytes:0
LastReadThroughput:0
LastWrittenBytes:0
LastWriteThroughput:0
RealWrittenBytes:0
RealWriteThroughput:0
当前玩家的连接数量:0
当前地图的线程个数：9
当前地图的个数:47
当前数据库执行队列数:0
当前发送队列缓存的对象数量:0
totalMemory：1010302976, use ：624817384, free ：385485592DirectMemory：1827143680, 恢复 ：1
当前时间 ：2026-08-20 13:32:59send keng：2418, sheng ：4194304
decode keng：26, sheng ：2097152
world keng：12, sheng ：1048576

2026-08-20 13:33:04.682 INFO [pool-6-thread-2][:] - /****************流量统计******************/
LastReadBytes:0
LastReadThroughput:0
LastWrittenBytes:0
LastWriteThroughput:0
RealWrittenBytes:0
RealWriteThroughput:0
当前玩家的连接数量:0
当前地图的线程个数：9
当前地图的个数:47
当前数据库执行队列数:0
当前发送队列缓存的对象数量:0
totalMemory：1010302976, use ：626418936, free ：383884040DirectMemory：1827143680, 恢复 ：1
当前时间 ：2026-08-20 13:33:04send keng：2418, sheng ：4194304
decode keng：26, sheng ：2097152
world keng：12, sheng ：1048576

2026-08-20 13:33:09.682 INFO [pool-6-thread-4][:] - /****************流量统计******************/
LastReadBytes:0
LastReadThroughput:0
LastWrittenBytes:0
LastWriteThroughput:0
RealWrittenBytes:0
RealWriteThroughput:0
当前玩家的连接数量:0
当前地图的线程个数：9
当前地图的个数:47
当前数据库执行队列数:0
当前发送队列缓存的对象数量:0
totalMemory：1010302976, use ：632908216, free ：377394760DirectMemory：1827143680, 恢复 ：1
当前时间 ：2026-08-20 13:33:09send keng：2418, sheng ：4194304
decode keng：26, sheng ：2097152
world keng：12, sheng ：1048576

2026-08-20 13:33:14.682 INFO [pool-6-thread-10][:] - /****************流量统计******************/
LastReadBytes:0
LastReadThroughput:0
LastWrittenBytes:0
LastWriteThroughput:0
RealWrittenBytes:0
RealWriteThroughput:0
当前玩家的连接数量:0
当前地图的线程个数：9
当前地图的个数:47
当前数据库执行队列数:0
当前发送队列缓存的对象数量:0
totalMemory：1010302976, use ：634366328, free ：375936648DirectMemory：1827143680, 恢复 ：1
当前时间 ：2026-08-20 13:33:14send keng：2418, sheng ：4194304
decode keng：26, sheng ：2097152
world keng：12, sheng ：1048576

2026-08-20 13:33:19.689 INFO [pool-6-thread-4][:] - /****************流量统计******************/
LastReadBytes:0
LastReadThroughput:0
LastWrittenBytes:0
LastWriteThroughput:0
RealWrittenBytes:0
RealWriteThroughput:0
当前玩家的连接数量:0
当前地图的线程个数：9
当前地图的个数:47
当前数据库执行队列数:0
当前发送队列缓存的对象数量:0
totalMemory：1010302976, use ：638422600, free ：371880376DirectMemory：1827143680, 恢复 ：1
当前时间 ：2026-08-20 13:33:19send keng：2418, sheng ：4194304
decode keng：26, sheng ：2097152
world keng：12, sheng ：1048576

2026-08-20 13:33:24.682 INFO [pool-6-thread-9][:] - /****************流量统计******************/
LastReadBytes:0
LastReadThroughput:0
LastWrittenBytes:0
LastWriteThroughput:0
RealWrittenBytes:0
RealWriteThroughput:0
当前玩家的连接数量:0
当前地图的线程个数：9
当前地图的个数:47
当前数据库执行队列数:0
当前发送队列缓存的对象数量:0
totalMemory：1010302976, use ：642341944, free ：367961032DirectMemory：1827143680, 恢复 ：1
当前时间 ：2026-08-20 13:33:24send keng：2418, sheng ：4194304
decode keng：26, sheng ：2097152
world keng：12, sheng ：1048576

2026-08-20 13:33:29.699 INFO [pool-6-thread-7][:] - /****************流量统计******************/
LastReadBytes:0
LastReadThroughput:0
LastWrittenBytes:0
LastWriteThroughput:0
RealWrittenBytes:0
RealWriteThroughput:0
当前玩家的连接数量:0
当前地图的线程个数：9
当前地图的个数:47
当前数据库执行队列数:0
当前发送队列缓存的对象数量:0
totalMemory：1010302976, use ：645891792, free ：364411184DirectMemory：1827143680, 恢复 ：1
当前时间 ：2026-08-20 13:33:29send keng：2418, sheng ：4194304
decode keng：26, sheng ：2097152
world keng：12, sheng ：1048576

2026-08-20 13:33:34.682 INFO [pool-6-thread-1][:] - /****************流量统计******************/
LastReadBytes:0
LastReadThroughput:0
LastWrittenBytes:0
LastWriteThroughput:0
RealWrittenBytes:0
RealWriteThroughput:0
当前玩家的连接数量:0
当前地图的线程个数：9
当前地图的个数:47
当前数据库执行队列数:0
当前发送队列缓存的对象数量:0
totalMemory：1010302976, use ：648314648, free ：361988328DirectMemory：1827143680, 恢复 ：1
当前时间 ：2026-08-20 13:33:34send keng：2418, sheng ：4194304
decode keng：26, sheng ：2097152
world keng：12, sheng ：1048576

2026-08-20 13:33:39.682 INFO [pool-6-thread-9][:] - /****************流量统计******************/
LastReadBytes:0
LastReadThroughput:0
LastWrittenBytes:0
LastWriteThroughput:0
RealWrittenBytes:0
RealWriteThroughput:0
当前玩家的连接数量:0
当前地图的线程个数：9
当前地图的个数:47
当前数据库执行队列数:0
当前发送队列缓存的对象数量:0
totalMemory：1010302976, use ：652828904, free ：357474072DirectMemory：1827143680, 恢复 ：1
当前时间 ：2026-08-20 13:33:39send keng：2418, sheng ：4194304
decode keng：26, sheng ：2097152
world keng：12, sheng ：1048576

2026-08-20 13:33:44.682 INFO [pool-6-thread-1][:] - /****************流量统计******************/
LastReadBytes:0
LastReadThroughput:0
LastWrittenBytes:0
LastWriteThroughput:0
RealWrittenBytes:0
RealWriteThroughput:0
当前玩家的连接数量:0
当前地图的线程个数：9
当前地图的个数:47
当前数据库执行队列数:0
当前发送队列缓存的对象数量:0
totalMemory：1010302976, use ：655784192, free ：354518784DirectMemory：1827143680, 恢复 ：1
当前时间 ：2026-08-20 13:33:44send keng：2418, sheng ：4194304
decode keng：26, sheng ：2097152
world keng：12, sheng ：1048576

2026-08-20 13:33:49.682 INFO [pool-6-thread-3][:] - /****************流量统计******************/
LastReadBytes:0
LastReadThroughput:0
LastWrittenBytes:0
LastWriteThroughput:0
RealWrittenBytes:0
RealWriteThroughput:0
当前玩家的连接数量:0
当前地图的线程个数：9
当前地图的个数:47
当前数据库执行队列数:0
当前发送队列缓存的对象数量:0
totalMemory：1010302976, use ：658575016, free ：351727960DirectMemory：1827143680, 恢复 ：1
当前时间 ：2026-08-20 13:33:49send keng：2418, sheng ：4194304
decode keng：26, sheng ：2097152
world keng：12, sheng ：1048576

2026-08-20 13:33:54.682 INFO [pool-6-thread-7][:] - /****************流量统计******************/
LastReadBytes:0
LastReadThroughput:0
LastWrittenBytes:0
LastWriteThroughput:0
RealWrittenBytes:0
RealWriteThroughput:0
当前玩家的连接数量:0
当前地图的线程个数：9
当前地图的个数:47
当前数据库执行队列数:0
当前发送队列缓存的对象数量:0
totalMemory：1010302976, use ：662749440, free ：347553536DirectMemory：1827143680, 恢复 ：1
当前时间 ：2026-08-20 13:33:54send keng：2418, sheng ：4194304
decode keng：26, sheng ：2097152
world keng：12, sheng ：1048576

2026-08-20 13:33:59.682 INFO [pool-6-thread-7][:] - /****************流量统计******************/
LastReadBytes:0
LastReadThroughput:0
LastWrittenBytes:0
LastWriteThroughput:0
RealWrittenBytes:0
RealWriteThroughput:0
当前玩家的连接数量:0
当前地图的线程个数：9
当前地图的个数:47
当前数据库执行队列数:0
当前发送队列缓存的对象数量:0
totalMemory：1010302976, use ：665400080, free ：344902896DirectMemory：1827143680, 恢复 ：1
当前时间 ：2026-08-20 13:33:59send keng：2418, sheng ：4194304
decode keng：26, sheng ：2097152
world keng：12, sheng ：1048576

2026-08-20 13:34:04.682 INFO [pool-6-thread-9][:] - /****************流量统计******************/
LastReadBytes:0
LastReadThroughput:0
LastWrittenBytes:0
LastWriteThroughput:0
RealWrittenBytes:0
RealWriteThroughput:0
当前玩家的连接数量:0
当前地图的线程个数：9
当前地图的个数:47
当前数据库执行队列数:0
当前发送队列缓存的对象数量:0
totalMemory：1010302976, use ：669787064, free ：340515912DirectMemory：1827143680, 恢复 ：1
当前时间 ：2026-08-20 13:34:04send keng：2418, sheng ：4194304
decode keng：26, sheng ：2097152
world keng：12, sheng ：1048576

2026-08-20 13:34:09.682 INFO [pool-6-thread-4][:] - /****************流量统计******************/
LastReadBytes:0
LastReadThroughput:0
LastWrittenBytes:0
LastWriteThroughput:0
RealWrittenBytes:0
RealWriteThroughput:0
当前玩家的连接数量:0
当前地图的线程个数：9
当前地图的个数:47
当前数据库执行队列数:0
当前发送队列缓存的对象数量:0
totalMemory：1010302976, use ：672633624, free ：337669352DirectMemory：1827143680, 恢复 ：1
当前时间 ：2026-08-20 13:34:09send keng：2418, sheng ：4194304
decode keng：26, sheng ：2097152
world keng：12, sheng ：1048576

2026-08-20 13:34:14.682 INFO [pool-6-thread-2][:] - /****************流量统计******************/
LastReadBytes:0
LastReadThroughput:0
LastWrittenBytes:0
LastWriteThroughput:0
RealWrittenBytes:0
RealWriteThroughput:0
当前玩家的连接数量:0
当前地图的线程个数：9
当前地图的个数:47
当前数据库执行队列数:0
当前发送队列缓存的对象数量:0
totalMemory：1010302976, use ：677255952, free ：333047024DirectMemory：1827143680, 恢复 ：1
当前时间 ：2026-08-20 13:34:14send keng：2418, sheng ：4194304
decode keng：26, sheng ：2097152
world keng：12, sheng ：1048576

2026-08-20 13:34:19.682 INFO [pool-6-thread-4][:] - /****************流量统计******************/
LastReadBytes:0
LastReadThroughput:0
LastWrittenBytes:0
LastWriteThroughput:0
RealWrittenBytes:0
RealWriteThroughput:0
当前玩家的连接数量:0
当前地图的线程个数：9
当前地图的个数:47
当前数据库执行队列数:0
当前发送队列缓存的对象数量:0
totalMemory：1010302976, use ：679886976, free ：330416000DirectMemory：1827143680, 恢复 ：1
当前时间 ：2026-08-20 13:34:19send keng：2418, sheng ：4194304
decode keng：26, sheng ：2097152
world keng：12, sheng ：1048576

2026-08-20 13:34:24.682 INFO [pool-6-thread-2][:] - /****************流量统计******************/
LastReadBytes:0
LastReadThroughput:0
LastWrittenBytes:0
LastWriteThroughput:0
RealWrittenBytes:0
RealWriteThroughput:0
当前玩家的连接数量:0
当前地图的线程个数：9
当前地图的个数:47
当前数据库执行队列数:0
当前发送队列缓存的对象数量:0
totalMemory：1010302976, use ：683756248, free ：326546728DirectMemory：1827143680, 恢复 ：1
当前时间 ：2026-08-20 13:34:24send keng：2418, sheng ：4194304
decode keng：26, sheng ：2097152
world keng：12, sheng ：1048576

2026-08-20 13:34:29.682 INFO [pool-6-thread-7][:] - /****************流量统计******************/
LastReadBytes:0
LastReadThroughput:0
LastWrittenBytes:0
LastWriteThroughput:0
RealWrittenBytes:0
RealWriteThroughput:0
当前玩家的连接数量:0
当前地图的线程个数：9
当前地图的个数:47
当前数据库执行队列数:0
当前发送队列缓存的对象数量:0
totalMemory：1010302976, use ：686761264, free ：323541712DirectMemory：1827143680, 恢复 ：1
当前时间 ：2026-08-20 13:34:29send keng：2418, sheng ：4194304
decode keng：26, sheng ：2097152
world keng：12, sheng ：1048576

2026-08-20 13:34:34.684 INFO [pool-6-thread-9][:] - /****************流量统计******************/
LastReadBytes:0
LastReadThroughput:0
LastWrittenBytes:0
LastWriteThroughput:0
RealWrittenBytes:0
RealWriteThroughput:0
当前玩家的连接数量:0
当前地图的线程个数：9
当前地图的个数:47
当前数据库执行队列数:0
当前发送队列缓存的对象数量:0
totalMemory：1010302976, use ：691717424, free ：318585552DirectMemory：1827143680, 恢复 ：1
当前时间 ：2026-08-20 13:34:34send keng：2418, sheng ：4194304
decode keng：26, sheng ：2097152
world keng：12, sheng ：1048576

2026-08-20 13:34:39.682 INFO [pool-6-thread-10][:] - /****************流量统计******************/
LastReadBytes:0
LastReadThroughput:0
LastWrittenBytes:0
LastWriteThroughput:0
RealWrittenBytes:0
RealWriteThroughput:0
当前玩家的连接数量:0
当前地图的线程个数：9
当前地图的个数:47
当前数据库执行队列数:0
当前发送队列缓存的对象数量:0
totalMemory：1010302976, use ：694146824, free ：316156152DirectMemory：1827143680, 恢复 ：1
当前时间 ：2026-08-20 13:34:39send keng：2418, sheng ：4194304
decode keng：26, sheng ：2097152
world keng：12, sheng ：1048576

2026-08-20 13:34:44.682 INFO [pool-6-thread-6][:] - /****************流量统计******************/
LastReadBytes:0
LastReadThroughput:0
LastWrittenBytes:0
LastWriteThroughput:0
RealWrittenBytes:0
RealWriteThroughput:0
当前玩家的连接数量:0
当前地图的线程个数：9
当前地图的个数:47
当前数据库执行队列数:0
当前发送队列缓存的对象数量:0
totalMemory：1010302976, use ：697730112, free ：312572864DirectMemory：1827143680, 恢复 ：1
当前时间 ：2026-08-20 13:34:44send keng：2418, sheng ：4194304
decode keng：26, sheng ：2097152
world keng：12, sheng ：1048576

2026-08-20 13:34:49.682 INFO [pool-6-thread-1][:] - /****************流量统计******************/
LastReadBytes:0
LastReadThroughput:0
LastWrittenBytes:0
LastWriteThroughput:0
RealWrittenBytes:0
RealWriteThroughput:0
当前玩家的连接数量:0
当前地图的线程个数：9
当前地图的个数:47
当前数据库执行队列数:0
当前发送队列缓存的对象数量:0
totalMemory：1010302976, use ：701600520, free ：308702456DirectMemory：1827143680, 恢复 ：1
当前时间 ：2026-08-20 13:34:49send keng：2418, sheng ：4194304
decode keng：26, sheng ：2097152
world keng：12, sheng ：1048576

2026-08-20 13:34:54.682 INFO [pool-6-thread-7][:] - /****************流量统计******************/
LastReadBytes:0
LastReadThroughput:0
LastWrittenBytes:0
LastWriteThroughput:0
RealWrittenBytes:0
RealWriteThroughput:0
当前玩家的连接数量:0
当前地图的线程个数：9
当前地图的个数:47
当前数据库执行队列数:0
当前发送队列缓存的对象数量:0
totalMemory：1010302976, use ：705101576, free ：305201400DirectMemory：1827143680, 恢复 ：1
当前时间 ：2026-08-20 13:34:54send keng：2418, sheng ：4194304
decode keng：26, sheng ：2097152
world keng：12, sheng ：1048576

2026-08-20 13:34:59.682 INFO [pool-6-thread-1][:] - /****************流量统计******************/
LastReadBytes:0
LastReadThroughput:0
LastWrittenBytes:0
LastWriteThroughput:0
RealWrittenBytes:0
RealWriteThroughput:0
当前玩家的连接数量:0
当前地图的线程个数：9
当前地图的个数:47
当前数据库执行队列数:0
当前发送队列缓存的对象数量:0
totalMemory：1010302976, use ：708579120, free ：301723856DirectMemory：1827143680, 恢复 ：1
当前时间 ：2026-08-20 13:34:59send keng：2418, sheng ：4194304
decode keng：26, sheng ：2097152
world keng：12, sheng ：1048576

2026-08-20 13:35:04.682 INFO [pool-6-thread-4][:] - /****************流量统计******************/
LastReadBytes:0
LastReadThroughput:0
LastWrittenBytes:0
LastWriteThroughput:0
RealWrittenBytes:0
RealWriteThroughput:0
当前玩家的连接数量:0
当前地图的线程个数：9
当前地图的个数:47
当前数据库执行队列数:0
当前发送队列缓存的对象数量:0
totalMemory：1010302976, use ：712197824, free ：298105152DirectMemory：1827143680, 恢复 ：1
当前时间 ：2026-08-20 13:35:04send keng：2418, sheng ：4194304
decode keng：26, sheng ：2097152
world keng：12, sheng ：1048576

2026-08-20 13:35:09.682 INFO [pool-6-thread-6][:] - /****************流量统计******************/
LastReadBytes:0
LastReadThroughput:0
LastWrittenBytes:0
LastWriteThroughput:0
RealWrittenBytes:0
RealWriteThroughput:0
当前玩家的连接数量:0
当前地图的线程个数：9
当前地图的个数:47
当前数据库执行队列数:0
当前发送队列缓存的对象数量:0
totalMemory：1010302976, use ：715644824, free ：294658152DirectMemory：1827143680, 恢复 ：1
当前时间 ：2026-08-20 13:35:09send keng：2418, sheng ：4194304
decode keng：26, sheng ：2097152
world keng：12, sheng ：1048576

2026-08-20 13:35:14.682 INFO [pool-6-thread-4][:] - /****************流量统计******************/
LastReadBytes:0
LastReadThroughput:0
LastWrittenBytes:0
LastWriteThroughput:0
RealWrittenBytes:0
RealWriteThroughput:0
当前玩家的连接数量:0
当前地图的线程个数：9
当前地图的个数:47
当前数据库执行队列数:0
当前发送队列缓存的对象数量:0
totalMemory：1010302976, use ：720047608, free ：290255368DirectMemory：1827143680, 恢复 ：1
当前时间 ：2026-08-20 13:35:14send keng：2418, sheng ：4194304
decode keng：26, sheng ：2097152
world keng：12, sheng ：1048576

2026-08-20 13:35:19.682 INFO [pool-6-thread-1][:] - /****************流量统计******************/
LastReadBytes:0
LastReadThroughput:0
LastWrittenBytes:0
LastWriteThroughput:0
RealWrittenBytes:0
RealWriteThroughput:0
当前玩家的连接数量:0
当前地图的线程个数：9
当前地图的个数:47
当前数据库执行队列数:0
当前发送队列缓存的对象数量:0
totalMemory：1010302976, use ：722174368, free ：288128608DirectMemory：1827143680, 恢复 ：1
当前时间 ：2026-08-20 13:35:19send keng：2418, sheng ：4194304
decode keng：26, sheng ：2097152
world keng：12, sheng ：1048576

2026-08-20 13:35:24.682 INFO [pool-6-thread-6][:] - /****************流量统计******************/
LastReadBytes:0
LastReadThroughput:0
LastWrittenBytes:0
LastWriteThroughput:0
RealWrittenBytes:0
RealWriteThroughput:0
当前玩家的连接数量:0
当前地图的线程个数：9
当前地图的个数:47
当前数据库执行队列数:0
当前发送队列缓存的对象数量:0
totalMemory：1010302976, use ：725962008, free ：284340968DirectMemory：1827143680, 恢复 ：1
当前时间 ：2026-08-20 13:35:24send keng：2418, sheng ：4194304
decode keng：26, sheng ：2097152
world keng：12, sheng ：1048576

2026-08-20 13:35:29.682 INFO [pool-6-thread-8][:] - /****************流量统计******************/
LastReadBytes:0
LastReadThroughput:0
LastWrittenBytes:0
LastWriteThroughput:0
RealWrittenBytes:0
RealWriteThroughput:0
当前玩家的连接数量:0
当前地图的线程个数：9
当前地图的个数:47
当前数据库执行队列数:0
当前发送队列缓存的对象数量:0
totalMemory：1010302976, use ：729557016, free ：280745960DirectMemory：1827143680, 恢复 ：1
当前时间 ：2026-08-20 13:35:29send keng：2418, sheng ：4194304
decode keng：26, sheng ：2097152
world keng：12, sheng ：1048576

2026-08-20 13:35:34.682 INFO [pool-6-thread-5][:] - /****************流量统计******************/
LastReadBytes:0
LastReadThroughput:0
LastWrittenBytes:0
LastWriteThroughput:0
RealWrittenBytes:0
RealWriteThroughput:0
当前玩家的连接数量:0
当前地图的线程个数：9
当前地图的个数:47
当前数据库执行队列数:0
当前发送队列缓存的对象数量:0
totalMemory：1010302976, use ：732818432, free ：277484544DirectMemory：1827143680, 恢复 ：1
当前时间 ：2026-08-20 13:35:34send keng：2418, sheng ：4194304
decode keng：26, sheng ：2097152
world keng：12, sheng ：1048576

2026-08-20 13:35:39.682 INFO [pool-6-thread-6][:] - /****************流量统计******************/
LastReadBytes:0
LastReadThroughput:0
LastWrittenBytes:0
LastWriteThroughput:0
RealWrittenBytes:0
RealWriteThroughput:0
当前玩家的连接数量:0
当前地图的线程个数：9
当前地图的个数:47
当前数据库执行队列数:0
当前发送队列缓存的对象数量:0
totalMemory：1010302976, use ：736546336, free ：273756640DirectMemory：1827143680, 恢复 ：1
当前时间 ：2026-08-20 13:35:39send keng：2418, sheng ：4194304
decode keng：26, sheng ：2097152
world keng：12, sheng ：1048576

2026-08-20 13:35:44.682 INFO [pool-6-thread-9][:] - /****************流量统计******************/
LastReadBytes:0
LastReadThroughput:0
LastWrittenBytes:0
LastWriteThroughput:0
RealWrittenBytes:0
RealWriteThroughput:0
当前玩家的连接数量:0
当前地图的线程个数：9
当前地图的个数:47
当前数据库执行队列数:0
当前发送队列缓存的对象数量:0
totalMemory：1010302976, use ：740470184, free ：269832792DirectMemory：1827143680, 恢复 ：1
当前时间 ：2026-08-20 13:35:44send keng：2418, sheng ：4194304
decode keng：26, sheng ：2097152
world keng：12, sheng ：1048576

2026-08-20 13:35:49.682 INFO [pool-6-thread-10][:] - /****************流量统计******************/
LastReadBytes:0
LastReadThroughput:0
LastWrittenBytes:0
LastWriteThroughput:0
RealWrittenBytes:0
RealWriteThroughput:0
当前玩家的连接数量:0
当前地图的线程个数：9
当前地图的个数:47
当前数据库执行队列数:0
当前发送队列缓存的对象数量:0
totalMemory：1010302976, use ：744008800, free ：266294176DirectMemory：1827143680, 恢复 ：1
当前时间 ：2026-08-20 13:35:49send keng：2418, sheng ：4194304
decode keng：26, sheng ：2097152
world keng：12, sheng ：1048576

2026-08-20 13:35:54.692 INFO [pool-6-thread-3][:] - /****************流量统计******************/
LastReadBytes:0
LastReadThroughput:0
LastWrittenBytes:0
LastWriteThroughput:0
RealWrittenBytes:0
RealWriteThroughput:0
当前玩家的连接数量:0
当前地图的线程个数：9
当前地图的个数:47
当前数据库执行队列数:0
当前发送队列缓存的对象数量:0
totalMemory：1010302976, use ：747162848, free ：263140128DirectMemory：1827143680, 恢复 ：1
当前时间 ：2026-08-20 13:35:54send keng：2418, sheng ：4194304
decode keng：26, sheng ：2097152
world keng：12, sheng ：1048576

2026-08-20 13:35:59.682 INFO [pool-6-thread-5][:] - /****************流量统计******************/
LastReadBytes:0
LastReadThroughput:0
LastWrittenBytes:0
LastWriteThroughput:0
RealWrittenBytes:0
RealWriteThroughput:0
当前玩家的连接数量:0
当前地图的线程个数：9
当前地图的个数:47
当前数据库执行队列数:0
当前发送队列缓存的对象数量:0
totalMemory：1010302976, use ：751410792, free ：258892184DirectMemory：1827143680, 恢复 ：1
当前时间 ：2026-08-20 13:35:59send keng：2418, sheng ：4194304
decode keng：26, sheng ：2097152
world keng：12, sheng ：1048576

2026-08-20 13:36:04.682 INFO [pool-6-thread-1][:] - /****************流量统计******************/
LastReadBytes:0
LastReadThroughput:0
LastWrittenBytes:0
LastWriteThroughput:0
RealWrittenBytes:0
RealWriteThroughput:0
当前玩家的连接数量:0
当前地图的线程个数：9
当前地图的个数:47
当前数据库执行队列数:0
当前发送队列缓存的对象数量:0
totalMemory：1010302976, use ：754574608, free ：255728368DirectMemory：1827143680, 恢复 ：1
当前时间 ：2026-08-20 13:36:04send keng：2418, sheng ：4194304
decode keng：26, sheng ：2097152
world keng：12, sheng ：1048576

2026-08-20 13:36:09.682 INFO [pool-6-thread-7][:] - /****************流量统计******************/
LastReadBytes:0
LastReadThroughput:0
LastWrittenBytes:0
LastWriteThroughput:0
RealWrittenBytes:0
RealWriteThroughput:0
当前玩家的连接数量:0
当前地图的线程个数：9
当前地图的个数:47
当前数据库执行队列数:0
当前发送队列缓存的对象数量:0
totalMemory：1010302976, use ：758523208, free ：251779768DirectMemory：1827143680, 恢复 ：1
当前时间 ：2026-08-20 13:36:09send keng：2418, sheng ：4194304
decode keng：26, sheng ：2097152
world keng：12, sheng ：1048576

2026-08-20 13:36:14.682 INFO [pool-6-thread-9][:] - /****************流量统计******************/
LastReadBytes:0
LastReadThroughput:0
LastWrittenBytes:0
LastWriteThroughput:0
RealWrittenBytes:0
RealWriteThroughput:0
当前玩家的连接数量:0
当前地图的线程个数：9
当前地图的个数:47
当前数据库执行队列数:0
当前发送队列缓存的对象数量:0
totalMemory：1010302976, use ：761938056, free ：248364920DirectMemory：1827143680, 恢复 ：1
当前时间 ：2026-08-20 13:36:14send keng：2418, sheng ：4194304
decode keng：26, sheng ：2097152
world keng：12, sheng ：1048576

2026-08-20 13:36:19.682 INFO [pool-6-thread-3][:] - /****************流量统计******************/
LastReadBytes:0
LastReadThroughput:0
LastWrittenBytes:0
LastWriteThroughput:0
RealWrittenBytes:0
RealWriteThroughput:0
当前玩家的连接数量:0
当前地图的线程个数：9
当前地图的个数:47
当前数据库执行队列数:0
当前发送队列缓存的对象数量:0
totalMemory：1010302976, use ：766437568, free ：243865408DirectMemory：1827143680, 恢复 ：1
当前时间 ：2026-08-20 13:36:19send keng：2418, sheng ：4194304
decode keng：26, sheng ：2097152
world keng：12, sheng ：1048576

2026-08-20 13:36:24.682 INFO [pool-6-thread-4][:] - /****************流量统计******************/
LastReadBytes:0
LastReadThroughput:0
LastWrittenBytes:0
LastWriteThroughput:0
RealWrittenBytes:0
RealWriteThroughput:0
当前玩家的连接数量:0
当前地图的线程个数：9
当前地图的个数:47
当前数据库执行队列数:0
当前发送队列缓存的对象数量:0
totalMemory：1010302976, use ：768002184, free ：242300792DirectMemory：1827143680, 恢复 ：1
当前时间 ：2026-08-20 13:36:24send keng：2418, sheng ：4194304
decode keng：26, sheng ：2097152
world keng：12, sheng ：1048576

2026-08-20 13:36:29.682 INFO [pool-6-thread-2][:] - /****************流量统计******************/
LastReadBytes:0
LastReadThroughput:0
LastWrittenBytes:0
LastWriteThroughput:0
RealWrittenBytes:0
RealWriteThroughput:0
当前玩家的连接数量:0
当前地图的线程个数：9
当前地图的个数:47
当前数据库执行队列数:0
当前发送队列缓存的对象数量:0
totalMemory：1010302976, use ：773415848, free ：236887128DirectMemory：1827143680, 恢复 ：1
当前时间 ：2026-08-20 13:36:29send keng：2418, sheng ：4194304
decode keng：26, sheng ：2097152
world keng：12, sheng ：1048576

2026-08-20 13:36:34.682 INFO [pool-6-thread-2][:] - /****************流量统计******************/
LastReadBytes:0
LastReadThroughput:0
LastWrittenBytes:0
LastWriteThroughput:0
RealWrittenBytes:0
RealWriteThroughput:0
当前玩家的连接数量:0
当前地图的线程个数：9
当前地图的个数:47
当前数据库执行队列数:0
当前发送队列缓存的对象数量:0
totalMemory：1010302976, use ：774913672, free ：235389304DirectMemory：1827143680, 恢复 ：1
当前时间 ：2026-08-20 13:36:34send keng：2418, sheng ：4194304
decode keng：26, sheng ：2097152
world keng：12, sheng ：1048576

2026-08-20 13:36:39.682 INFO [pool-6-thread-1][:] - /****************流量统计******************/
LastReadBytes:0
LastReadThroughput:0
LastWrittenBytes:0
LastWriteThroughput:0
RealWrittenBytes:0
RealWriteThroughput:0
当前玩家的连接数量:0
当前地图的线程个数：9
当前地图的个数:47
当前数据库执行队列数:0
当前发送队列缓存的对象数量:0
totalMemory：1010302976, use ：780368240, free ：229934736DirectMemory：1827143680, 恢复 ：1
当前时间 ：2026-08-20 13:36:39send keng：2418, sheng ：4194304
decode keng：26, sheng ：2097152
world keng：12, sheng ：1048576

2026-08-20 13:36:44.682 INFO [pool-6-thread-5][:] - /****************流量统计******************/
LastReadBytes:0
LastReadThroughput:0
LastWrittenBytes:0
LastWriteThroughput:0
RealWrittenBytes:0
RealWriteThroughput:0
当前玩家的连接数量:0
当前地图的线程个数：9
当前地图的个数:47
当前数据库执行队列数:0
当前发送队列缓存的对象数量:0
totalMemory：1010302976, use ：782368520, free ：227934456DirectMemory：1827143680, 恢复 ：1
当前时间 ：2026-08-20 13:36:44send keng：2418, sheng ：4194304
decode keng：26, sheng ：2097152
world keng：12, sheng ：1048576

2026-08-20 13:36:49.682 INFO [pool-6-thread-3][:] - /****************流量统计******************/
LastReadBytes:0
LastReadThroughput:0
LastWrittenBytes:0
LastWriteThroughput:0
RealWrittenBytes:0
RealWriteThroughput:0
当前玩家的连接数量:0
当前地图的线程个数：9
当前地图的个数:47
当前数据库执行队列数:0
当前发送队列缓存的对象数量:0
totalMemory：1010302976, use ：787710400, free ：222592576DirectMemory：1827143680, 恢复 ：1
当前时间 ：2026-08-20 13:36:49send keng：2418, sheng ：4194304
decode keng：26, sheng ：2097152
world keng：12, sheng ：1048576

2026-08-20 13:36:54.682 INFO [pool-6-thread-5][:] - /****************流量统计******************/
LastReadBytes:0
LastReadThroughput:0
LastWrittenBytes:0
LastWriteThroughput:0
RealWrittenBytes:0
RealWriteThroughput:0
当前玩家的连接数量:0
当前地图的线程个数：9
当前地图的个数:47
当前数据库执行队列数:0
当前发送队列缓存的对象数量:0
totalMemory：1010302976, use ：789835728, free ：220467248DirectMemory：1827143680, 恢复 ：1
当前时间 ：2026-08-20 13:36:54send keng：2418, sheng ：4194304
decode keng：26, sheng ：2097152
world keng：12, sheng ：1048576

2026-08-20 13:36:59.682 INFO [pool-6-thread-6][:] - /****************流量统计******************/
LastReadBytes:0
LastReadThroughput:0
LastWrittenBytes:0
LastWriteThroughput:0
RealWrittenBytes:0
RealWriteThroughput:0
当前玩家的连接数量:0
当前地图的线程个数：9
当前地图的个数:47
当前数据库执行队列数:0
当前发送队列缓存的对象数量:0
totalMemory：1010302976, use ：424412848, free ：585890128DirectMemory：1827143680, 恢复 ：1
当前时间 ：2026-08-20 13:36:59send keng：2418, sheng ：4194304
decode keng：26, sheng ：2097152
world keng：12, sheng ：1048576

2026-08-20 13:37:04.682 INFO [pool-6-thread-5][:] - /****************流量统计******************/
LastReadBytes:0
LastReadThroughput:0
LastWrittenBytes:0
LastWriteThroughput:0
RealWrittenBytes:0
RealWriteThroughput:0
当前玩家的连接数量:0
当前地图的线程个数：9
当前地图的个数:47
当前数据库执行队列数:0
当前发送队列缓存的对象数量:0
totalMemory：1010302976, use ：424639552, free ：585663424DirectMemory：1827143680, 恢复 ：1
当前时间 ：2026-08-20 13:37:04send keng：2418, sheng ：4194304
decode keng：26, sheng ：2097152
world keng：12, sheng ：1048576

2026-08-20 13:37:09.682 INFO [pool-6-thread-7][:] - /****************流量统计******************/
LastReadBytes:0
LastReadThroughput:0
LastWrittenBytes:0
LastWriteThroughput:0
RealWrittenBytes:0
RealWriteThroughput:0
当前玩家的连接数量:0
当前地图的线程个数：9
当前地图的个数:47
当前数据库执行队列数:0
当前发送队列缓存的对象数量:0
totalMemory：1010302976, use ：427056792, free ：583246184DirectMemory：1827143680, 恢复 ：1
当前时间 ：2026-08-20 13:37:09send keng：2418, sheng ：4194304
decode keng：26, sheng ：2097152
world keng：12, sheng ：1048576

2026-08-20 13:37:14.682 INFO [pool-6-thread-10][:] - /****************流量统计******************/
LastReadBytes:0
LastReadThroughput:0
LastWrittenBytes:0
LastWriteThroughput:0
RealWrittenBytes:0
RealWriteThroughput:0
当前玩家的连接数量:0
当前地图的线程个数：9
当前地图的个数:47
当前数据库执行队列数:0
当前发送队列缓存的对象数量:0
totalMemory：1010302976, use ：432040576, free ：578262400DirectMemory：1827143680, 恢复 ：1
当前时间 ：2026-08-20 13:37:14send keng：2418, sheng ：4194304
decode keng：26, sheng ：2097152
world keng：12, sheng ：1048576

2026-08-20 13:37:19.682 INFO [pool-6-thread-10][:] - /****************流量统计******************/
LastReadBytes:0
LastReadThroughput:0
LastWrittenBytes:0
LastWriteThroughput:0
RealWrittenBytes:0
RealWriteThroughput:0
当前玩家的连接数量:0
当前地图的线程个数：9
当前地图的个数:47
当前数据库执行队列数:0
当前发送队列缓存的对象数量:0
totalMemory：1010302976, use ：434054552, free ：576248424DirectMemory：1827143680, 恢复 ：1
当前时间 ：2026-08-20 13:37:19send keng：2418, sheng ：4194304
decode keng：26, sheng ：2097152
world keng：12, sheng ：1048576

2026-08-20 13:37:24.682 INFO [pool-6-thread-6][:] - /****************流量统计******************/
LastReadBytes:0
LastReadThroughput:0
LastWrittenBytes:0
LastWriteThroughput:0
RealWrittenBytes:0
RealWriteThroughput:0
当前玩家的连接数量:0
当前地图的线程个数：9
当前地图的个数:47
当前数据库执行队列数:0
当前发送队列缓存的对象数量:0
totalMemory：1010302976, use ：439541360, free ：570761616DirectMemory：1827143680, 恢复 ：1
当前时间 ：2026-08-20 13:37:24send keng：2418, sheng ：4194304
decode keng：26, sheng ：2097152
world keng：12, sheng ：1048576

2026-08-20 13:37:29.682 INFO [pool-6-thread-9][:] - /****************流量统计******************/
LastReadBytes:0
LastReadThroughput:0
LastWrittenBytes:0
LastWriteThroughput:0
RealWrittenBytes:0
RealWriteThroughput:0
当前玩家的连接数量:0
当前地图的线程个数：9
当前地图的个数:47
当前数据库执行队列数:0
当前发送队列缓存的对象数量:0
totalMemory：1010302976, use ：441461304, free ：568841672DirectMemory：1827143680, 恢复 ：1
当前时间 ：2026-08-20 13:37:29send keng：2418, sheng ：4194304
decode keng：26, sheng ：2097152
world keng：12, sheng ：1048576

2026-08-20 13:37:34.682 INFO [pool-6-thread-10][:] - /****************流量统计******************/
LastReadBytes:0
LastReadThroughput:0
LastWrittenBytes:0
LastWriteThroughput:0
RealWrittenBytes:0
RealWriteThroughput:0
当前玩家的连接数量:0
当前地图的线程个数：9
当前地图的个数:47
当前数据库执行队列数:0
当前发送队列缓存的对象数量:0
totalMemory：1010302976, use ：447000192, free ：563302784DirectMemory：1827143680, 恢复 ：1
当前时间 ：2026-08-20 13:37:34send keng：2418, sheng ：4194304
decode keng：26, sheng ：2097152
world keng：12, sheng ：1048576

2026-08-20 13:37:39.682 INFO [pool-6-thread-8][:] - /****************流量统计******************/
LastReadBytes:0
LastReadThroughput:0
LastWrittenBytes:0
LastWriteThroughput:0
RealWrittenBytes:0
RealWriteThroughput:0
当前玩家的连接数量:0
当前地图的线程个数：9
当前地图的个数:47
当前数据库执行队列数:0
当前发送队列缓存的对象数量:0
totalMemory：1010302976, use ：449398312, free ：560904664DirectMemory：1827143680, 恢复 ：1
当前时间 ：2026-08-20 13:37:39send keng：2418, sheng ：4194304
decode keng：26, sheng ：2097152
world keng：12, sheng ：1048576

2026-08-20 13:37:44.682 INFO [pool-6-thread-5][:] - /****************流量统计******************/
LastReadBytes:0
LastReadThroughput:0
LastWrittenBytes:0
LastWriteThroughput:0
RealWrittenBytes:0
RealWriteThroughput:0
当前玩家的连接数量:0
当前地图的线程个数：9
当前地图的个数:47
当前数据库执行队列数:0
当前发送队列缓存的对象数量:0
totalMemory：1010302976, use ：454383496, free ：555919480DirectMemory：1827143680, 恢复 ：1
当前时间 ：2026-08-20 13:37:44send keng：2418, sheng ：4194304
decode keng：26, sheng ：2097152
world keng：12, sheng ：1048576

2026-08-20 13:37:49.682 INFO [pool-6-thread-8][:] - /****************流量统计******************/
LastReadBytes:0
LastReadThroughput:0
LastWrittenBytes:0
LastWriteThroughput:0
RealWrittenBytes:0
RealWriteThroughput:0
当前玩家的连接数量:0
当前地图的线程个数：9
当前地图的个数:47
当前数据库执行队列数:0
当前发送队列缓存的对象数量:0
totalMemory：1010302976, use ：455387752, free ：554915224DirectMemory：1827143680, 恢复 ：1
当前时间 ：2026-08-20 13:37:49send keng：2418, sheng ：4194304
decode keng：26, sheng ：2097152
world keng：12, sheng ：1048576

2026-08-20 13:37:54.682 INFO [pool-6-thread-6][:] - /****************流量统计******************/
LastReadBytes:0
LastReadThroughput:0
LastWrittenBytes:0
LastWriteThroughput:0
RealWrittenBytes:0
RealWriteThroughput:0
当前玩家的连接数量:0
当前地图的线程个数：9
当前地图的个数:47
当前数据库执行队列数:0
当前发送队列缓存的对象数量:0
totalMemory：1010302976, use ：460895032, free ：549407944DirectMemory：1827143680, 恢复 ：1
当前时间 ：2026-08-20 13:37:54send keng：2418, sheng ：4194304
decode keng：26, sheng ：2097152
world keng：12, sheng ：1048576

2026-08-20 13:37:59.682 INFO [pool-6-thread-5][:] - /****************流量统计******************/
LastReadBytes:0
LastReadThroughput:0
LastWrittenBytes:0
LastWriteThroughput:0
RealWrittenBytes:0
RealWriteThroughput:0
当前玩家的连接数量:0
当前地图的线程个数：9
当前地图的个数:47
当前数据库执行队列数:0
当前发送队列缓存的对象数量:0
totalMemory：1010302976, use ：463766336, free ：546536640DirectMemory：1827143680, 恢复 ：1
当前时间 ：2026-08-20 13:37:59send keng：2418, sheng ：4194304
decode keng：26, sheng ：2097152
world keng：12, sheng ：1048576

2026-08-20 13:38:04.682 INFO [pool-6-thread-9][:] - /****************流量统计******************/
LastReadBytes:0
LastReadThroughput:0
LastWrittenBytes:0
LastWriteThroughput:0
RealWrittenBytes:0
RealWriteThroughput:0
当前玩家的连接数量:0
当前地图的线程个数：9
当前地图的个数:47
当前数据库执行队列数:0
当前发送队列缓存的对象数量:0
totalMemory：1010302976, use ：467428720, free ：542874256DirectMemory：1827143680, 恢复 ：1
当前时间 ：2026-08-20 13:38:04send keng：2418, sheng ：4194304
decode keng：26, sheng ：2097152
world keng：12, sheng ：1048576

2026-08-20 13:38:09.682 INFO [pool-6-thread-8][:] - /****************流量统计******************/
LastReadBytes:0
LastReadThroughput:0
LastWrittenBytes:0
LastWriteThroughput:0
RealWrittenBytes:0
RealWriteThroughput:0
当前玩家的连接数量:0
当前地图的线程个数：9
当前地图的个数:47
当前数据库执行队列数:0
当前发送队列缓存的对象数量:0
totalMemory：1010302976, use ：470396488, free ：539906488DirectMemory：1827143680, 恢复 ：1
当前时间 ：2026-08-20 13:38:09send keng：2418, sheng ：4194304
decode keng：26, sheng ：2097152
world keng：12, sheng ：1048576

2026-08-20 13:38:14.722 INFO [pool-6-thread-5][:] - /****************流量统计******************/
LastReadBytes:0
LastReadThroughput:0
LastWrittenBytes:0
LastWriteThroughput:0
RealWrittenBytes:0
RealWriteThroughput:0
当前玩家的连接数量:0
当前地图的线程个数：9
当前地图的个数:47
当前数据库执行队列数:0
当前发送队列缓存的对象数量:0
totalMemory：1010302976, use ：475354920, free ：534948056DirectMemory：1827143680, 恢复 ：1
当前时间 ：2026-08-20 13:38:14send keng：2418, sheng ：4194304
decode keng：26, sheng ：2097152
world keng：12, sheng ：1048576

2026-08-20 13:38:19.682 INFO [pool-6-thread-6][:] - /****************流量统计******************/
LastReadBytes:0
LastReadThroughput:0
LastWrittenBytes:0
LastWriteThroughput:0
RealWrittenBytes:0
RealWriteThroughput:0
当前玩家的连接数量:0
当前地图的线程个数：9
当前地图的个数:47
当前数据库执行队列数:0
当前发送队列缓存的对象数量:0
totalMemory：1010302976, use ：476828816, free ：533474160DirectMemory：1827143680, 恢复 ：1
当前时间 ：2026-08-20 13:38:19send keng：2418, sheng ：4194304
decode keng：26, sheng ：2097152
world keng：12, sheng ：1048576

2026-08-20 13:38:24.682 INFO [pool-6-thread-9][:] - /****************流量统计******************/
LastReadBytes:0
LastReadThroughput:0
LastWrittenBytes:0
LastWriteThroughput:0
RealWrittenBytes:0
RealWriteThroughput:0
当前玩家的连接数量:0
当前地图的线程个数：9
当前地图的个数:47
当前数据库执行队列数:0
当前发送队列缓存的对象数量:0
totalMemory：1010302976, use ：482832536, free ：527470440DirectMemory：1827143680, 恢复 ：1
当前时间 ：2026-08-20 13:38:24send keng：2418, sheng ：4194304
decode keng：26, sheng ：2097152
world keng：12, sheng ：1048576

2026-08-20 13:38:29.682 INFO [pool-6-thread-1][:] - /****************流量统计******************/
LastReadBytes:0
LastReadThroughput:0
LastWrittenBytes:0
LastWriteThroughput:0
RealWrittenBytes:0
RealWriteThroughput:0
当前玩家的连接数量:0
当前地图的线程个数：9
当前地图的个数:47
当前数据库执行队列数:0
当前发送队列缓存的对象数量:0
totalMemory：1010302976, use ：484771568, free ：525531408DirectMemory：1827143680, 恢复 ：1
当前时间 ：2026-08-20 13:38:29send keng：2418, sheng ：4194304
decode keng：26, sheng ：2097152
world keng：12, sheng ：1048576

2026-08-20 13:38:34.682 INFO [pool-6-thread-7][:] - /****************流量统计******************/
LastReadBytes:0
LastReadThroughput:0
LastWrittenBytes:0
LastWriteThroughput:0
RealWrittenBytes:0
RealWriteThroughput:0
当前玩家的连接数量:0
当前地图的线程个数：9
当前地图的个数:47
当前数据库执行队列数:0
当前发送队列缓存的对象数量:0
totalMemory：1010302976, use ：488834896, free ：521468080DirectMemory：1827143680, 恢复 ：1
当前时间 ：2026-08-20 13:38:34send keng：2418, sheng ：4194304
decode keng：26, sheng ：2097152
world keng：12, sheng ：1048576

2026-08-20 13:38:39.682 INFO [pool-6-thread-7][:] - /****************流量统计******************/
LastReadBytes:0
LastReadThroughput:0
LastWrittenBytes:0
LastWriteThroughput:0
RealWrittenBytes:0
RealWriteThroughput:0
当前玩家的连接数量:0
当前地图的线程个数：9
当前地图的个数:47
当前数据库执行队列数:0
当前发送队列缓存的对象数量:0
totalMemory：1010302976, use ：491737904, free ：518565072DirectMemory：1827143680, 恢复 ：1
当前时间 ：2026-08-20 13:38:39send keng：2418, sheng ：4194304
decode keng：26, sheng ：2097152
world keng：12, sheng ：1048576

2026-08-20 13:38:44.682 INFO [pool-6-thread-7][:] - /****************流量统计******************/
LastReadBytes:0
LastReadThroughput:0
LastWrittenBytes:0
LastWriteThroughput:0
RealWrittenBytes:0
RealWriteThroughput:0
当前玩家的连接数量:0
当前地图的线程个数：9
当前地图的个数:47
当前数据库执行队列数:0
当前发送队列缓存的对象数量:0
totalMemory：1010302976, use ：495233408, free ：515069568DirectMemory：1827143680, 恢复 ：1
当前时间 ：2026-08-20 13:38:44send keng：2418, sheng ：4194304
decode keng：26, sheng ：2097152
world keng：12, sheng ：1048576

2026-08-20 13:38:49.682 INFO [pool-6-thread-1][:] - /****************流量统计******************/
LastReadBytes:0
LastReadThroughput:0
LastWrittenBytes:0
LastWriteThroughput:0
RealWrittenBytes:0
RealWriteThroughput:0
当前玩家的连接数量:0
当前地图的线程个数：9
当前地图的个数:47
当前数据库执行队列数:0
当前发送队列缓存的对象数量:0
totalMemory：1010302976, use ：499124688, free ：511178288DirectMemory：1827143680, 恢复 ：1
当前时间 ：2026-08-20 13:38:49send keng：2418, sheng ：4194304
decode keng：26, sheng ：2097152
world keng：12, sheng ：1048576

2026-08-20 13:38:54.682 INFO [pool-6-thread-10][:] - /****************流量统计******************/
LastReadBytes:0
LastReadThroughput:0
LastWrittenBytes:0
LastWriteThroughput:0
RealWrittenBytes:0
RealWriteThroughput:0
当前玩家的连接数量:0
当前地图的线程个数：9
当前地图的个数:47
当前数据库执行队列数:0
当前发送队列缓存的对象数量:0
totalMemory：1010302976, use ：501151792, free ：509151184DirectMemory：1827143680, 恢复 ：1
当前时间 ：2026-08-20 13:38:54send keng：2418, sheng ：4194304
decode keng：26, sheng ：2097152
world keng：12, sheng ：1048576

2026-08-20 13:38:59.687 INFO [pool-6-thread-9][:] - /****************流量统计******************/
LastReadBytes:0
LastReadThroughput:0
LastWrittenBytes:0
LastWriteThroughput:0
RealWrittenBytes:0
RealWriteThroughput:0
当前玩家的连接数量:0
当前地图的线程个数：9
当前地图的个数:47
当前数据库执行队列数:0
当前发送队列缓存的对象数量:0
totalMemory：1010302976, use ：506081568, free ：504221408DirectMemory：1827143680, 恢复 ：1
当前时间 ：2026-08-20 13:38:59send keng：2418, sheng ：4194304
decode keng：26, sheng ：2097152
world keng：12, sheng ：1048576

2026-08-20 13:39:04.682 INFO [pool-6-thread-6][:] - /****************流量统计******************/
LastReadBytes:0
LastReadThroughput:0
LastWrittenBytes:0
LastWriteThroughput:0
RealWrittenBytes:0
RealWriteThroughput:0
当前玩家的连接数量:0
当前地图的线程个数：9
当前地图的个数:47
当前数据库执行队列数:0
当前发送队列缓存的对象数量:0
totalMemory：1010302976, use ：508144176, free ：502158800DirectMemory：1827143680, 恢复 ：1
当前时间 ：2026-08-20 13:39:04send keng：2418, sheng ：4194304
decode keng：26, sheng ：2097152
world keng：12, sheng ：1048576

2026-08-20 13:39:09.682 INFO [pool-6-thread-10][:] - /****************流量统计******************/
LastReadBytes:0
LastReadThroughput:0
LastWrittenBytes:0
LastWriteThroughput:0
RealWrittenBytes:0
RealWriteThroughput:0
当前玩家的连接数量:0
当前地图的线程个数：9
当前地图的个数:47
当前数据库执行队列数:0
当前发送队列缓存的对象数量:0
totalMemory：1010302976, use ：513645352, free ：496657624DirectMemory：1827143680, 恢复 ：1
当前时间 ：2026-08-20 13:39:09send keng：2418, sheng ：4194304
decode keng：26, sheng ：2097152
world keng：12, sheng ：1048576

2026-08-20 13:39:14.682 INFO [pool-6-thread-7][:] - /****************流量统计******************/
LastReadBytes:0
LastReadThroughput:0
LastWrittenBytes:0
LastWriteThroughput:0
RealWrittenBytes:0
RealWriteThroughput:0
当前玩家的连接数量:0
当前地图的线程个数：9
当前地图的个数:47
当前数据库执行队列数:0
当前发送队列缓存的对象数量:0
totalMemory：1010302976, use ：516116216, free ：494186760DirectMemory：1827143680, 恢复 ：1
当前时间 ：2026-08-20 13:39:14send keng：2418, sheng ：4194304
decode keng：26, sheng ：2097152
world keng：12, sheng ：1048576

2026-08-20 13:39:19.682 INFO [pool-6-thread-2][:] - /****************流量统计******************/
LastReadBytes:0
LastReadThroughput:0
LastWrittenBytes:0
LastWriteThroughput:0
RealWrittenBytes:0
RealWriteThroughput:0
当前玩家的连接数量:0
当前地图的线程个数：9
当前地图的个数:47
当前数据库执行队列数:0
当前发送队列缓存的对象数量:0
totalMemory：1010302976, use ：521132296, free ：489170680DirectMemory：1827143680, 恢复 ：1
当前时间 ：2026-08-20 13:39:19send keng：2418, sheng ：4194304
decode keng：26, sheng ：2097152
world keng：12, sheng ：1048576

2026-08-20 13:39:24.682 INFO [pool-6-thread-4][:] - /****************流量统计******************/
LastReadBytes:0
LastReadThroughput:0
LastWrittenBytes:0
LastWriteThroughput:0
RealWrittenBytes:0
RealWriteThroughput:0
当前玩家的连接数量:0
当前地图的线程个数：9
当前地图的个数:47
当前数据库执行队列数:0
当前发送队列缓存的对象数量:0
totalMemory：1010302976, use ：523529376, free ：486773600DirectMemory：1827143680, 恢复 ：1
当前时间 ：2026-08-20 13:39:24send keng：2418, sheng ：4194304
decode keng：26, sheng ：2097152
world keng：12, sheng ：1048576

2026-08-20 13:39:29.682 INFO [pool-6-thread-8][:] - /****************流量统计******************/
LastReadBytes:0
LastReadThroughput:0
LastWrittenBytes:0
LastWriteThroughput:0
RealWrittenBytes:0
RealWriteThroughput:0
当前玩家的连接数量:0
当前地图的线程个数：9
当前地图的个数:47
当前数据库执行队列数:0
当前发送队列缓存的对象数量:0
totalMemory：1010302976, use ：528077352, free ：482225624DirectMemory：1827143680, 恢复 ：1
当前时间 ：2026-08-20 13:39:29send keng：2418, sheng ：4194304
decode keng：26, sheng ：2097152
world keng：12, sheng ：1048576

2026-08-20 13:39:34.682 INFO [pool-6-thread-3][:] - /****************流量统计******************/
LastReadBytes:0
LastReadThroughput:0
LastWrittenBytes:0
LastWriteThroughput:0
RealWrittenBytes:0
RealWriteThroughput:0
当前玩家的连接数量:0
当前地图的线程个数：9
当前地图的个数:47
当前数据库执行队列数:0
当前发送队列缓存的对象数量:0
totalMemory：1010302976, use ：530006840, free ：480296136DirectMemory：1827143680, 恢复 ：1
当前时间 ：2026-08-20 13:39:34send keng：2418, sheng ：4194304
decode keng：26, sheng ：2097152
world keng：12, sheng ：1048576

2026-08-20 13:39:39.682 INFO [pool-6-thread-10][:] - /****************流量统计******************/
LastReadBytes:0
LastReadThroughput:0
LastWrittenBytes:0
LastWriteThroughput:0
RealWrittenBytes:0
RealWriteThroughput:0
当前玩家的连接数量:0
当前地图的线程个数：9
当前地图的个数:47
当前数据库执行队列数:0
当前发送队列缓存的对象数量:0
totalMemory：1010302976, use ：535941896, free ：474361080DirectMemory：1827143680, 恢复 ：1
当前时间 ：2026-08-20 13:39:39send keng：2418, sheng ：4194304
decode keng：26, sheng ：2097152
world keng：12, sheng ：1048576

2026-08-20 13:39:44.682 INFO [pool-6-thread-1][:] - /****************流量统计******************/
LastReadBytes:0
LastReadThroughput:0
LastWrittenBytes:0
LastWriteThroughput:0
RealWrittenBytes:0
RealWriteThroughput:0
当前玩家的连接数量:0
当前地图的线程个数：9
当前地图的个数:47
当前数据库执行队列数:0
当前发送队列缓存的对象数量:0
totalMemory：1010302976, use ：536991008, free ：473311968DirectMemory：1827143680, 恢复 ：1
当前时间 ：2026-08-20 13:39:44send keng：2418, sheng ：4194304
decode keng：26, sheng ：2097152
world keng：12, sheng ：1048576

2026-08-20 13:39:49.682 INFO [pool-6-thread-2][:] - /****************流量统计******************/
LastReadBytes:0
LastReadThroughput:0
LastWrittenBytes:0
LastWriteThroughput:0
RealWrittenBytes:0
RealWriteThroughput:0
当前玩家的连接数量:0
当前地图的线程个数：9
当前地图的个数:47
当前数据库执行队列数:0
当前发送队列缓存的对象数量:0
totalMemory：1010302976, use ：542945912, free ：467357064DirectMemory：1827143680, 恢复 ：1
当前时间 ：2026-08-20 13:39:49send keng：2418, sheng ：4194304
decode keng：26, sheng ：2097152
world keng：12, sheng ：1048576

2026-08-20 13:39:54.682 INFO [pool-6-thread-7][:] - /****************流量统计******************/
LastReadBytes:0
LastReadThroughput:0
LastWrittenBytes:0
LastWriteThroughput:0
RealWrittenBytes:0
RealWriteThroughput:0
当前玩家的连接数量:0
当前地图的线程个数：9
当前地图的个数:47
当前数据库执行队列数:0
当前发送队列缓存的对象数量:0
totalMemory：1010302976, use ：543885648, free ：466417328DirectMemory：1827143680, 恢复 ：1
当前时间 ：2026-08-20 13:39:54send keng：2418, sheng ：4194304
decode keng：26, sheng ：2097152
world keng：12, sheng ：1048576

2026-08-20 13:39:59.682 INFO [pool-6-thread-3][:] - /****************流量统计******************/
LastReadBytes:0
LastReadThroughput:0
LastWrittenBytes:0
LastWriteThroughput:0
RealWrittenBytes:0
RealWriteThroughput:0
当前玩家的连接数量:0
当前地图的线程个数：9
当前地图的个数:47
当前数据库执行队列数:0
当前发送队列缓存的对象数量:0
totalMemory：1010302976, use ：549881160, free ：460421816DirectMemory：1827143680, 恢复 ：1
当前时间 ：2026-08-20 13:39:59send keng：2418, sheng ：4194304
decode keng：26, sheng ：2097152
world keng：12, sheng ：1048576

2026-08-20 13:40:04.682 INFO [pool-6-thread-9][:] - /****************流量统计******************/
LastReadBytes:0
LastReadThroughput:0
LastWrittenBytes:0
LastWriteThroughput:0
RealWrittenBytes:0
RealWriteThroughput:0
当前玩家的连接数量:0
当前地图的线程个数：9
当前地图的个数:47
当前数据库执行队列数:0
当前发送队列缓存的对象数量:0
totalMemory：1010302976, use ：551946408, free ：458356568DirectMemory：1827143680, 恢复 ：1
当前时间 ：2026-08-20 13:40:04send keng：2418, sheng ：4194304
decode keng：26, sheng ：2097152
world keng：12, sheng ：1048576

2026-08-20 13:40:09.682 INFO [pool-6-thread-6][:] - /****************流量统计******************/
LastReadBytes:0
LastReadThroughput:0
LastWrittenBytes:0
LastWriteThroughput:0
RealWrittenBytes:0
RealWriteThroughput:0
当前玩家的连接数量:0
当前地图的线程个数：9
当前地图的个数:47
当前数据库执行队列数:0
当前发送队列缓存的对象数量:0
totalMemory：1010302976, use ：557573672, free ：452729304DirectMemory：1827143680, 恢复 ：1
当前时间 ：2026-08-20 13:40:09send keng：2418, sheng ：4194304
decode keng：26, sheng ：2097152
world keng：12, sheng ：1048576

2026-08-20 13:40:14.682 INFO [pool-6-thread-5][:] - /****************流量统计******************/
LastReadBytes:0
LastReadThroughput:0
LastWrittenBytes:0
LastWriteThroughput:0
RealWrittenBytes:0
RealWriteThroughput:0
当前玩家的连接数量:0
当前地图的线程个数：9
当前地图的个数:47
当前数据库执行队列数:0
当前发送队列缓存的对象数量:0
totalMemory：1010302976, use ：558929824, free ：451373152DirectMemory：1827143680, 恢复 ：1
当前时间 ：2026-08-20 13:40:14send keng：2418, sheng ：4194304
decode keng：26, sheng ：2097152
world keng：12, sheng ：1048576

2026-08-20 13:40:19.682 INFO [pool-6-thread-2][:] - /****************流量统计******************/
LastReadBytes:0
LastReadThroughput:0
LastWrittenBytes:0
LastWriteThroughput:0
RealWrittenBytes:0
RealWriteThroughput:0
当前玩家的连接数量:0
当前地图的线程个数：9
当前地图的个数:47
当前数据库执行队列数:0
当前发送队列缓存的对象数量:0
totalMemory：1010302976, use ：562623384, free ：447679592DirectMemory：1827143680, 恢复 ：1
当前时间 ：2026-08-20 13:40:19send keng：2418, sheng ：4194304
decode keng：26, sheng ：2097152
world keng：12, sheng ：1048576

2026-08-20 13:40:24.682 INFO [pool-6-thread-10][:] - /****************流量统计******************/
LastReadBytes:0
LastReadThroughput:0
LastWrittenBytes:0
LastWriteThroughput:0
RealWrittenBytes:0
RealWriteThroughput:0
当前玩家的连接数量:0
当前地图的线程个数：9
当前地图的个数:47
当前数据库执行队列数:0
当前发送队列缓存的对象数量:0
totalMemory：1010302976, use ：566843792, free ：443459184DirectMemory：1827143680, 恢复 ：1
当前时间 ：2026-08-20 13:40:24send keng：2418, sheng ：4194304
decode keng：26, sheng ：2097152
world keng：12, sheng ：1048576

2026-08-20 13:40:29.682 INFO [pool-6-thread-10][:] - /****************流量统计******************/
LastReadBytes:0
LastReadThroughput:0
LastWrittenBytes:0
LastWriteThroughput:0
RealWrittenBytes:0
RealWriteThroughput:0
当前玩家的连接数量:0
当前地图的线程个数：9
当前地图的个数:47
当前数据库执行队列数:0
当前发送队列缓存的对象数量:0
totalMemory：1010302976, use ：569907624, free ：440395352DirectMemory：1827143680, 恢复 ：1
当前时间 ：2026-08-20 13:40:29send keng：2418, sheng ：4194304
decode keng：26, sheng ：2097152
world keng：12, sheng ：1048576

2026-08-20 13:40:34.682 INFO [pool-6-thread-2][:] - /****************流量统计******************/
LastReadBytes:0
LastReadThroughput:0
LastWrittenBytes:0
LastWriteThroughput:0
RealWrittenBytes:0
RealWriteThroughput:0
当前玩家的连接数量:0
当前地图的线程个数：9
当前地图的个数:47
当前数据库执行队列数:0
当前发送队列缓存的对象数量:0
totalMemory：1010302976, use ：573832968, free ：436470008DirectMemory：1827143680, 恢复 ：1
当前时间 ：2026-08-20 13:40:34send keng：2418, sheng ：4194304
decode keng：26, sheng ：2097152
world keng：12, sheng ：1048576

2026-08-20 13:40:39.682 INFO [pool-6-thread-2][:] - /****************流量统计******************/
LastReadBytes:0
LastReadThroughput:0
LastWrittenBytes:0
LastWriteThroughput:0
RealWrittenBytes:0
RealWriteThroughput:0
当前玩家的连接数量:0
当前地图的线程个数：9
当前地图的个数:47
当前数据库执行队列数:0
当前发送队列缓存的对象数量:0
totalMemory：1010302976, use ：577274896, free ：433028080DirectMemory：1827143680, 恢复 ：1
当前时间 ：2026-08-20 13:40:39send keng：2418, sheng ：4194304
decode keng：26, sheng ：2097152
world keng：12, sheng ：1048576

2026-08-20 13:40:44.684 INFO [pool-6-thread-3][:] - /****************流量统计******************/
LastReadBytes:0
LastReadThroughput:0
LastWrittenBytes:0
LastWriteThroughput:0
RealWrittenBytes:0
RealWriteThroughput:0
当前玩家的连接数量:0
当前地图的线程个数：9
当前地图的个数:47
当前数据库执行队列数:0
当前发送队列缓存的对象数量:0
totalMemory：1010302976, use ：579852216, free ：430450760DirectMemory：1827143680, 恢复 ：1
当前时间 ：2026-08-20 13:40:44send keng：2418, sheng ：4194304
decode keng：26, sheng ：2097152
world keng：12, sheng ：1048576

2026-08-20 13:40:49.682 INFO [pool-6-thread-2][:] - /****************流量统计******************/
LastReadBytes:0
LastReadThroughput:0
LastWrittenBytes:0
LastWriteThroughput:0
RealWrittenBytes:0
RealWriteThroughput:0
当前玩家的连接数量:0
当前地图的线程个数：9
当前地图的个数:47
当前数据库执行队列数:0
当前发送队列缓存的对象数量:0
totalMemory：1010302976, use ：583244920, free ：427058056DirectMemory：1827143680, 恢复 ：1
当前时间 ：2026-08-20 13:40:49send keng：2418, sheng ：4194304
decode keng：26, sheng ：2097152
world keng：12, sheng ：1048576

2026-08-20 13:40:54.682 INFO [pool-6-thread-3][:] - /****************流量统计******************/
LastReadBytes:0
LastReadThroughput:0
LastWrittenBytes:0
LastWriteThroughput:0
RealWrittenBytes:0
RealWriteThroughput:0
当前玩家的连接数量:0
当前地图的线程个数：9
当前地图的个数:47
当前数据库执行队列数:0
当前发送队列缓存的对象数量:0
totalMemory：1010302976, use ：588704848, free ：421598128DirectMemory：1827143680, 恢复 ：1
当前时间 ：2026-08-20 13:40:54send keng：2418, sheng ：4194304
decode keng：26, sheng ：2097152
world keng：12, sheng ：1048576

2026-08-20 13:40:59.682 INFO [pool-6-thread-2][:] - /****************流量统计******************/
LastReadBytes:0
LastReadThroughput:0
LastWrittenBytes:0
LastWriteThroughput:0
RealWrittenBytes:0
RealWriteThroughput:0
当前玩家的连接数量:0
当前地图的线程个数：9
当前地图的个数:47
当前数据库执行队列数:0
当前发送队列缓存的对象数量:0
totalMemory：1010302976, use ：589730304, free ：420572672DirectMemory：1827143680, 恢复 ：1
当前时间 ：2026-08-20 13:40:59send keng：2418, sheng ：4194304
decode keng：26, sheng ：2097152
world keng：12, sheng ：1048576

2026-08-20 13:41:04.682 INFO [pool-6-thread-9][:] - /****************流量统计******************/
LastReadBytes:0
LastReadThroughput:0
LastWrittenBytes:0
LastWriteThroughput:0
RealWrittenBytes:0
RealWriteThroughput:0
当前玩家的连接数量:0
当前地图的线程个数：9
当前地图的个数:47
当前数据库执行队列数:0
当前发送队列缓存的对象数量:0
totalMemory：1010302976, use ：595303200, free ：414999776DirectMemory：1827143680, 恢复 ：1
当前时间 ：2026-08-20 13:41:04send keng：2418, sheng ：4194304
decode keng：26, sheng ：2097152
world keng：12, sheng ：1048576

2026-08-20 13:41:09.682 INFO [pool-6-thread-9][:] - /****************流量统计******************/
LastReadBytes:0
LastReadThroughput:0
LastWrittenBytes:0
LastWriteThroughput:0
RealWrittenBytes:0
RealWriteThroughput:0
当前玩家的连接数量:0
当前地图的线程个数：9
当前地图的个数:47
当前数据库执行队列数:0
当前发送队列缓存的对象数量:0
totalMemory：1010302976, use ：596781008, free ：413521968DirectMemory：1827143680, 恢复 ：1
当前时间 ：2026-08-20 13:41:09send keng：2418, sheng ：4194304
decode keng：26, sheng ：2097152
world keng：12, sheng ：1048576

2026-08-20 13:41:14.682 INFO [pool-6-thread-7][:] - /****************流量统计******************/
LastReadBytes:0
LastReadThroughput:0
LastWrittenBytes:0
LastWriteThroughput:0
RealWrittenBytes:0
RealWriteThroughput:0
当前玩家的连接数量:0
当前地图的线程个数：9
当前地图的个数:47
当前数据库执行队列数:0
当前发送队列缓存的对象数量:0
totalMemory：1010302976, use ：602271400, free ：408031576DirectMemory：1827143680, 恢复 ：1
当前时间 ：2026-08-20 13:41:14send keng：2418, sheng ：4194304
decode keng：26, sheng ：2097152
world keng：12, sheng ：1048576

2026-08-20 13:41:19.682 INFO [pool-6-thread-9][:] - /****************流量统计******************/
LastReadBytes:0
LastReadThroughput:0
LastWrittenBytes:0
LastWriteThroughput:0
RealWrittenBytes:0
RealWriteThroughput:0
当前玩家的连接数量:0
当前地图的线程个数：9
当前地图的个数:47
当前数据库执行队列数:0
当前发送队列缓存的对象数量:0
totalMemory：1010302976, use ：604291816, free ：406011160DirectMemory：1827143680, 恢复 ：1
当前时间 ：2026-08-20 13:41:19send keng：2418, sheng ：4194304
decode keng：26, sheng ：2097152
world keng：12, sheng ：1048576

2026-08-20 13:41:24.682 INFO [pool-6-thread-2][:] - /****************流量统计******************/
LastReadBytes:0
LastReadThroughput:0
LastWrittenBytes:0
LastWriteThroughput:0
RealWrittenBytes:0
RealWriteThroughput:0
当前玩家的连接数量:0
当前地图的线程个数：9
当前地图的个数:47
当前数据库执行队列数:0
当前发送队列缓存的对象数量:0
totalMemory：1010302976, use ：610253848, free ：400049128DirectMemory：1827143680, 恢复 ：1
当前时间 ：2026-08-20 13:41:24send keng：2418, sheng ：4194304
decode keng：26, sheng ：2097152
world keng：12, sheng ：1048576

2026-08-20 13:41:29.685 INFO [pool-6-thread-10][:] - /****************流量统计******************/
LastReadBytes:0
LastReadThroughput:0
LastWrittenBytes:0
LastWriteThroughput:0
RealWrittenBytes:0
RealWriteThroughput:0
当前玩家的连接数量:0
当前地图的线程个数：9
当前地图的个数:47
当前数据库执行队列数:0
当前发送队列缓存的对象数量:0
totalMemory：1010302976, use ：611691192, free ：398611784DirectMemory：1827143680, 恢复 ：1
当前时间 ：2026-08-20 13:41:29send keng：2418, sheng ：4194304
decode keng：26, sheng ：2097152
world keng：12, sheng ：1048576

2026-08-20 13:41:34.682 INFO [pool-6-thread-5][:] - /****************流量统计******************/
LastReadBytes:0
LastReadThroughput:0
LastWrittenBytes:0
LastWriteThroughput:0
RealWrittenBytes:0
RealWriteThroughput:0
当前玩家的连接数量:0
当前地图的线程个数：9
当前地图的个数:47
当前数据库执行队列数:0
当前发送队列缓存的对象数量:0
totalMemory：1010302976, use ：617677568, free ：392625408DirectMemory：1827143680, 恢复 ：1
当前时间 ：2026-08-20 13:41:34send keng：2418, sheng ：4194304
decode keng：26, sheng ：2097152
world keng：12, sheng ：1048576

2026-08-20 13:41:39.682 INFO [pool-6-thread-9][:] - /****************流量统计******************/
LastReadBytes:0
LastReadThroughput:0
LastWrittenBytes:0
LastWriteThroughput:0
RealWrittenBytes:0
RealWriteThroughput:0
当前玩家的连接数量:0
当前地图的线程个数：9
当前地图的个数:47
当前数据库执行队列数:0
当前发送队列缓存的对象数量:0
totalMemory：1010302976, use ：618686568, free ：391616408DirectMemory：1827143680, 恢复 ：1
当前时间 ：2026-08-20 13:41:39send keng：2418, sheng ：4194304
decode keng：26, sheng ：2097152
world keng：12, sheng ：1048576

2026-08-20 13:41:44.682 INFO [pool-6-thread-3][:] - /****************流量统计******************/
LastReadBytes:0
LastReadThroughput:0
LastWrittenBytes:0
LastWriteThroughput:0
RealWrittenBytes:0
RealWriteThroughput:0
当前玩家的连接数量:0
当前地图的线程个数：9
当前地图的个数:47
当前数据库执行队列数:0
当前发送队列缓存的对象数量:0
totalMemory：1010302976, use ：624327816, free ：385975160DirectMemory：1827143680, 恢复 ：1
当前时间 ：2026-08-20 13:41:44send keng：2418, sheng ：4194304
decode keng：26, sheng ：2097152
world keng：12, sheng ：1048576

2026-08-20 13:41:49.682 INFO [pool-6-thread-1][:] - /****************流量统计******************/
LastReadBytes:0
LastReadThroughput:0
LastWrittenBytes:0
LastWriteThroughput:0
RealWrittenBytes:0
RealWriteThroughput:0
当前玩家的连接数量:0
当前地图的线程个数：9
当前地图的个数:47
当前数据库执行队列数:0
当前发送队列缓存的对象数量:0
totalMemory：1010302976, use ：626609240, free ：383693736DirectMemory：1827143680, 恢复 ：1
当前时间 ：2026-08-20 13:41:49send keng：2418, sheng ：4194304
decode keng：26, sheng ：2097152
world keng：12, sheng ：1048576

2026-08-20 13:41:54.682 INFO [pool-6-thread-8][:] - /****************流量统计******************/
LastReadBytes:0
LastReadThroughput:0
LastWrittenBytes:0
LastWriteThroughput:0
RealWrittenBytes:0
RealWriteThroughput:0
当前玩家的连接数量:0
当前地图的线程个数：9
当前地图的个数:47
当前数据库执行队列数:0
当前发送队列缓存的对象数量:0
totalMemory：1010302976, use ：630907176, free ：379395800DirectMemory：1827143680, 恢复 ：1
当前时间 ：2026-08-20 13:41:54send keng：2418, sheng ：4194304
decode keng：26, sheng ：2097152
world keng：12, sheng ：1048576

2026-08-20 13:41:59.682 INFO [pool-6-thread-4][:] - /****************流量统计******************/
LastReadBytes:0
LastReadThroughput:0
LastWrittenBytes:0
LastWriteThroughput:0
RealWrittenBytes:0
RealWriteThroughput:0
当前玩家的连接数量:0
当前地图的线程个数：9
当前地图的个数:47
当前数据库执行队列数:0
当前发送队列缓存的对象数量:0
totalMemory：1010302976, use ：633527016, free ：376775960DirectMemory：1827143680, 恢复 ：1
当前时间 ：2026-08-20 13:41:59send keng：2418, sheng ：4194304
decode keng：26, sheng ：2097152
world keng：12, sheng ：1048576

2026-08-20 13:42:04.682 INFO [pool-6-thread-7][:] - /****************流量统计******************/
LastReadBytes:0
LastReadThroughput:0
LastWrittenBytes:0
LastWriteThroughput:0
RealWrittenBytes:0
RealWriteThroughput:0
当前玩家的连接数量:0
当前地图的线程个数：9
当前地图的个数:47
当前数据库执行队列数:0
当前发送队列缓存的对象数量:0
totalMemory：1010302976, use ：637683688, free ：372619288DirectMemory：1827143680, 恢复 ：1
当前时间 ：2026-08-20 13:42:04send keng：2418, sheng ：4194304
decode keng：26, sheng ：2097152
world keng：12, sheng ：1048576

2026-08-20 13:42:09.685 INFO [pool-6-thread-9][:] - /****************流量统计******************/
LastReadBytes:0
LastReadThroughput:0
LastWrittenBytes:0
LastWriteThroughput:0
RealWrittenBytes:0
RealWriteThroughput:0
当前玩家的连接数量:0
当前地图的线程个数：9
当前地图的个数:47
当前数据库执行队列数:0
当前发送队列缓存的对象数量:0
totalMemory：1010302976, use ：641115152, free ：369187824DirectMemory：1827143680, 恢复 ：1
当前时间 ：2026-08-20 13:42:09send keng：2418, sheng ：4194304
decode keng：26, sheng ：2097152
world keng：12, sheng ：1048576

2026-08-20 13:42:14.682 INFO [pool-6-thread-9][:] - /****************流量统计******************/
LastReadBytes:0
LastReadThroughput:0
LastWrittenBytes:0
LastWriteThroughput:0
RealWrittenBytes:0
RealWriteThroughput:0
当前玩家的连接数量:0
当前地图的线程个数：9
当前地图的个数:47
当前数据库执行队列数:0
当前发送队列缓存的对象数量:0
totalMemory：1010302976, use ：644151720, free ：366151256DirectMemory：1827143680, 恢复 ：1
当前时间 ：2026-08-20 13:42:14send keng：2418, sheng ：4194304
decode keng：26, sheng ：2097152
world keng：12, sheng ：1048576

2026-08-20 13:42:19.682 INFO [pool-6-thread-6][:] - /****************流量统计******************/
LastReadBytes:0
LastReadThroughput:0
LastWrittenBytes:0
LastWriteThroughput:0
RealWrittenBytes:0
RealWriteThroughput:0
当前玩家的连接数量:0
当前地图的线程个数：9
当前地图的个数:47
当前数据库执行队列数:0
当前发送队列缓存的对象数量:0
totalMemory：1010302976, use ：649042000, free ：361260976DirectMemory：1827143680, 恢复 ：1
当前时间 ：2026-08-20 13:42:19send keng：2418, sheng ：4194304
decode keng：26, sheng ：2097152
world keng：12, sheng ：1048576

2026-08-20 13:42:24.682 INFO [pool-6-thread-5][:] - /****************流量统计******************/
LastReadBytes:0
LastReadThroughput:0
LastWrittenBytes:0
LastWriteThroughput:0
RealWrittenBytes:0
RealWriteThroughput:0
当前玩家的连接数量:0
当前地图的线程个数：9
当前地图的个数:47
当前数据库执行队列数:0
当前发送队列缓存的对象数量:0
totalMemory：1010302976, use ：652540160, free ：357762816DirectMemory：1827143680, 恢复 ：1
当前时间 ：2026-08-20 13:42:24send keng：2418, sheng ：4194304
decode keng：26, sheng ：2097152
world keng：12, sheng ：1048576

2026-08-20 13:42:29.682 INFO [pool-6-thread-1][:] - /****************流量统计******************/
LastReadBytes:0
LastReadThroughput:0
LastWrittenBytes:0
LastWriteThroughput:0
RealWrittenBytes:0
RealWriteThroughput:0
当前玩家的连接数量:0
当前地图的线程个数：9
当前地图的个数:47
当前数据库执行队列数:0
当前发送队列缓存的对象数量:0
totalMemory：1010302976, use ：655534336, free ：354768640DirectMemory：1827143680, 恢复 ：1
当前时间 ：2026-08-20 13:42:29send keng：2418, sheng ：4194304
decode keng：26, sheng ：2097152
world keng：12, sheng ：1048576

2026-08-20 13:42:34.683 INFO [pool-6-thread-9][:] - /****************流量统计******************/
LastReadBytes:0
LastReadThroughput:0
LastWrittenBytes:0
LastWriteThroughput:0
RealWrittenBytes:0
RealWriteThroughput:0
当前玩家的连接数量:0
当前地图的线程个数：9
当前地图的个数:47
当前数据库执行队列数:0
当前发送队列缓存的对象数量:0
totalMemory：1010302976, use ：658439624, free ：351863352DirectMemory：1827143680, 恢复 ：1
当前时间 ：2026-08-20 13:42:34send keng：2418, sheng ：4194304
decode keng：26, sheng ：2097152
world keng：12, sheng ：1048576

2026-08-20 13:42:39.682 INFO [pool-6-thread-6][:] - /****************流量统计******************/
LastReadBytes:0
LastReadThroughput:0
LastWrittenBytes:0
LastWriteThroughput:0
RealWrittenBytes:0
RealWriteThroughput:0
当前玩家的连接数量:0
当前地图的线程个数：9
当前地图的个数:47
当前数据库执行队列数:0
当前发送队列缓存的对象数量:0
totalMemory：1010302976, use ：662496536, free ：347806440DirectMemory：1827143680, 恢复 ：1
当前时间 ：2026-08-20 13:42:39send keng：2418, sheng ：4194304
decode keng：26, sheng ：2097152
world keng：12, sheng ：1048576

2026-08-20 13:42:44.682 INFO [pool-6-thread-6][:] - /****************流量统计******************/
LastReadBytes:0
LastReadThroughput:0
LastWrittenBytes:0
LastWriteThroughput:0
RealWrittenBytes:0
RealWriteThroughput:0
当前玩家的连接数量:0
当前地图的线程个数：9
当前地图的个数:47
当前数据库执行队列数:0
当前发送队列缓存的对象数量:0
totalMemory：1010302976, use ：665894352, free ：344408624DirectMemory：1827143680, 恢复 ：1
当前时间 ：2026-08-20 13:42:44send keng：2418, sheng ：4194304
decode keng：26, sheng ：2097152
world keng：12, sheng ：1048576

2026-08-20 13:42:49.682 INFO [pool-6-thread-6][:] - /****************流量统计******************/
LastReadBytes:0
LastReadThroughput:0
LastWrittenBytes:0
LastWriteThroughput:0
RealWrittenBytes:0
RealWriteThroughput:0
当前玩家的连接数量:0
当前地图的线程个数：9
当前地图的个数:47
当前数据库执行队列数:0
当前发送队列缓存的对象数量:0
totalMemory：1010302976, use ：670368368, free ：339934608DirectMemory：1827143680, 恢复 ：1
当前时间 ：2026-08-20 13:42:49send keng：2418, sheng ：4194304
decode keng：26, sheng ：2097152
world keng：12, sheng ：1048576

2026-08-20 13:42:54.682 INFO [pool-6-thread-5][:] - /****************流量统计******************/
LastReadBytes:0
LastReadThroughput:0
LastWrittenBytes:0
LastWriteThroughput:0
RealWrittenBytes:0
RealWriteThroughput:0
当前玩家的连接数量:0
当前地图的线程个数：9
当前地图的个数:47
当前数据库执行队列数:0
当前发送队列缓存的对象数量:0
totalMemory：1010302976, use ：672383216, free ：337919760DirectMemory：1827143680, 恢复 ：1
当前时间 ：2026-08-20 13:42:54send keng：2418, sheng ：4194304
decode keng：26, sheng ：2097152
world keng：12, sheng ：1048576

2026-08-20 13:42:59.683 INFO [pool-6-thread-10][:] - /****************流量统计******************/
LastReadBytes:0
LastReadThroughput:0
LastWrittenBytes:0
LastWriteThroughput:0
RealWrittenBytes:0
RealWriteThroughput:0
当前玩家的连接数量:0
当前地图的线程个数：9
当前地图的个数:47
当前数据库执行队列数:0
当前发送队列缓存的对象数量:0
totalMemory：1010302976, use ：677320184, free ：332982792DirectMemory：1827143680, 恢复 ：1
当前时间 ：2026-08-20 13:42:59send keng：2418, sheng ：4194304
decode keng：26, sheng ：2097152
world keng：12, sheng ：1048576

2026-08-20 13:43:04.682 INFO [pool-6-thread-2][:] - /****************流量统计******************/
LastReadBytes:0
LastReadThroughput:0
LastWrittenBytes:0
LastWriteThroughput:0
RealWrittenBytes:0
RealWriteThroughput:0
当前玩家的连接数量:0
当前地图的线程个数：9
当前地图的个数:47
当前数据库执行队列数:0
当前发送队列缓存的对象数量:0
totalMemory：1010302976, use ：679906072, free ：330396904DirectMemory：1827143680, 恢复 ：1
当前时间 ：2026-08-20 13:43:04send keng：2418, sheng ：4194304
decode keng：26, sheng ：2097152
world keng：12, sheng ：1048576

2026-08-20 13:43:09.682 INFO [pool-6-thread-4][:] - /****************流量统计******************/
LastReadBytes:0
LastReadThroughput:0
LastWrittenBytes:0
LastWriteThroughput:0
RealWrittenBytes:0
RealWriteThroughput:0
当前玩家的连接数量:0
当前地图的线程个数：9
当前地图的个数:47
当前数据库执行队列数:0
当前发送队列缓存的对象数量:0
totalMemory：1010302976, use ：684349656, free ：325953320DirectMemory：1827143680, 恢复 ：1
当前时间 ：2026-08-20 13:43:09send keng：2418, sheng ：4194304
decode keng：26, sheng ：2097152
world keng：12, sheng ：1048576

2026-08-20 13:43:14.682 INFO [pool-6-thread-8][:] - /****************流量统计******************/
LastReadBytes:0
LastReadThroughput:0
LastWrittenBytes:0
LastWriteThroughput:0
RealWrittenBytes:0
RealWriteThroughput:0
当前玩家的连接数量:0
当前地图的线程个数：9
当前地图的个数:47
当前数据库执行队列数:0
当前发送队列缓存的对象数量:0
totalMemory：1010302976, use ：686387160, free ：323915816DirectMemory：1827143680, 恢复 ：1
当前时间 ：2026-08-20 13:43:14send keng：2418, sheng ：4194304
decode keng：26, sheng ：2097152
world keng：12, sheng ：1048576

2026-08-20 13:43:19.682 INFO [pool-6-thread-6][:] - /****************流量统计******************/
LastReadBytes:0
LastReadThroughput:0
LastWrittenBytes:0
LastWriteThroughput:0
RealWrittenBytes:0
RealWriteThroughput:0
当前玩家的连接数量:0
当前地图的线程个数：9
当前地图的个数:47
当前数据库执行队列数:0
当前发送队列缓存的对象数量:0
totalMemory：1010302976, use ：692645088, free ：317657888DirectMemory：1827143680, 恢复 ：1
当前时间 ：2026-08-20 13:43:19send keng：2418, sheng ：4194304
decode keng：26, sheng ：2097152
world keng：12, sheng ：1048576

2026-08-20 13:43:24.682 INFO [pool-6-thread-5][:] - /****************流量统计******************/
LastReadBytes:0
LastReadThroughput:0
LastWrittenBytes:0
LastWriteThroughput:0
RealWrittenBytes:0
RealWriteThroughput:0
当前玩家的连接数量:0
当前地图的线程个数：9
当前地图的个数:47
当前数据库执行队列数:0
当前发送队列缓存的对象数量:0
totalMemory：1010302976, use ：694301152, free ：316001824DirectMemory：1827143680, 恢复 ：1
当前时间 ：2026-08-20 13:43:24send keng：2418, sheng ：4194304
decode keng：26, sheng ：2097152
world keng：12, sheng ：1048576

2026-08-20 13:43:29.682 INFO [pool-6-thread-3][:] - /****************流量统计******************/
LastReadBytes:0
LastReadThroughput:0
LastWrittenBytes:0
LastWriteThroughput:0
RealWrittenBytes:0
RealWriteThroughput:0
当前玩家的连接数量:0
当前地图的线程个数：9
当前地图的个数:47
当前数据库执行队列数:0
当前发送队列缓存的对象数量:0
totalMemory：1010302976, use ：698319136, free ：311983840DirectMemory：1827143680, 恢复 ：1
当前时间 ：2026-08-20 13:43:29send keng：2418, sheng ：4194304
decode keng：26, sheng ：2097152
world keng：12, sheng ：1048576

2026-08-20 13:43:34.682 INFO [pool-6-thread-2][:] - /****************流量统计******************/
LastReadBytes:0
LastReadThroughput:0
LastWrittenBytes:0
LastWriteThroughput:0
RealWrittenBytes:0
RealWriteThroughput:0
当前玩家的连接数量:0
当前地图的线程个数：9
当前地图的个数:47
当前数据库执行队列数:0
当前发送队列缓存的对象数量:0
totalMemory：1010302976, use ：702747968, free ：307555008DirectMemory：1827143680, 恢复 ：1
当前时间 ：2026-08-20 13:43:34send keng：2418, sheng ：4194304
decode keng：26, sheng ：2097152
world keng：12, sheng ：1048576

2026-08-20 13:43:39.682 INFO [pool-6-thread-1][:] - /****************流量统计******************/
LastReadBytes:0
LastReadThroughput:0
LastWrittenBytes:0
LastWriteThroughput:0
RealWrittenBytes:0
RealWriteThroughput:0
当前玩家的连接数量:0
当前地图的线程个数：9
当前地图的个数:47
当前数据库执行队列数:0
当前发送队列缓存的对象数量:0
totalMemory：1010302976, use ：705400984, free ：304901992DirectMemory：1827143680, 恢复 ：1
当前时间 ：2026-08-20 13:43:39send keng：2418, sheng ：4194304
decode keng：26, sheng ：2097152
world keng：12, sheng ：1048576

2026-08-20 13:43:44.682 INFO [pool-6-thread-2][:] - /****************流量统计******************/
LastReadBytes:0
LastReadThroughput:0
LastWrittenBytes:0
LastWriteThroughput:0
RealWrittenBytes:0
RealWriteThroughput:0
当前玩家的连接数量:0
当前地图的线程个数：9
当前地图的个数:47
当前数据库执行队列数:0
当前发送队列缓存的对象数量:0
totalMemory：1010302976, use ：708743032, free ：301559944DirectMemory：1827143680, 恢复 ：1
当前时间 ：2026-08-20 13:43:44send keng：2418, sheng ：4194304
decode keng：26, sheng ：2097152
world keng：12, sheng ：1048576

2026-08-20 13:43:49.682 INFO [pool-6-thread-1][:] - /****************流量统计******************/
LastReadBytes:0
LastReadThroughput:0
LastWrittenBytes:0
LastWriteThroughput:0
RealWrittenBytes:0
RealWriteThroughput:0
当前玩家的连接数量:0
当前地图的线程个数：9
当前地图的个数:47
当前数据库执行队列数:0
当前发送队列缓存的对象数量:0
totalMemory：1010302976, use ：711358632, free ：298944344DirectMemory：1827143680, 恢复 ：1
当前时间 ：2026-08-20 13:43:49send keng：2418, sheng ：4194304
decode keng：26, sheng ：2097152
world keng：12, sheng ：1048576

2026-08-20 13:43:54.682 INFO [pool-6-thread-5][:] - /****************流量统计******************/
LastReadBytes:0
LastReadThroughput:0
LastWrittenBytes:0
LastWriteThroughput:0
RealWrittenBytes:0
RealWriteThroughput:0
当前玩家的连接数量:0
当前地图的线程个数：9
当前地图的个数:47
当前数据库执行队列数:0
当前发送队列缓存的对象数量:0
totalMemory：1010302976, use ：716138136, free ：294164840DirectMemory：1827143680, 恢复 ：1
当前时间 ：2026-08-20 13:43:54send keng：2418, sheng ：4194304
decode keng：26, sheng ：2097152
world keng：12, sheng ：1048576

2026-08-20 13:43:59.682 INFO [pool-6-thread-6][:] - /****************流量统计******************/
LastReadBytes:0
LastReadThroughput:0
LastWrittenBytes:0
LastWriteThroughput:0
RealWrittenBytes:0
RealWriteThroughput:0
当前玩家的连接数量:0
当前地图的线程个数：9
当前地图的个数:47
当前数据库执行队列数:0
当前发送队列缓存的对象数量:0
totalMemory：1010302976, use ：719227104, free ：291075872DirectMemory：1827143680, 恢复 ：1
当前时间 ：2026-08-20 13:43:59send keng：2418, sheng ：4194304
decode keng：26, sheng ：2097152
world keng：12, sheng ：1048576

2026-08-20 13:44:04.687 INFO [pool-6-thread-6][:] - /****************流量统计******************/
LastReadBytes:0
LastReadThroughput:0
LastWrittenBytes:0
LastWriteThroughput:0
RealWrittenBytes:0
RealWriteThroughput:0
当前玩家的连接数量:0
当前地图的线程个数：9
当前地图的个数:47
当前数据库执行队列数:0
当前发送队列缓存的对象数量:0
totalMemory：1010302976, use ：723234928, free ：287068048DirectMemory：1827143680, 恢复 ：1
当前时间 ：2026-08-20 13:44:04send keng：2418, sheng ：4194304
decode keng：26, sheng ：2097152
world keng：12, sheng ：1048576

2026-08-20 13:44:09.682 INFO [pool-6-thread-7][:] - /****************流量统计******************/
LastReadBytes:0
LastReadThroughput:0
LastWrittenBytes:0
LastWriteThroughput:0
RealWrittenBytes:0
RealWriteThroughput:0
当前玩家的连接数量:0
当前地图的线程个数：9
当前地图的个数:47
当前数据库执行队列数:0
当前发送队列缓存的对象数量:0
totalMemory：1010302976, use ：725270472, free ：285032504DirectMemory：1827143680, 恢复 ：1
当前时间 ：2026-08-20 13:44:09send keng：2418, sheng ：4194304
decode keng：26, sheng ：2097152
world keng：12, sheng ：1048576

2026-08-20 13:44:14.682 INFO [pool-6-thread-3][:] - /****************流量统计******************/
LastReadBytes:0
LastReadThroughput:0
LastWrittenBytes:0
LastWriteThroughput:0
RealWrittenBytes:0
RealWriteThroughput:0
当前玩家的连接数量:0
当前地图的线程个数：9
当前地图的个数:47
当前数据库执行队列数:0
当前发送队列缓存的对象数量:0
totalMemory：1010302976, use ：730224064, free ：280078912DirectMemory：1827143680, 恢复 ：1
当前时间 ：2026-08-20 13:44:14send keng：2418, sheng ：4194304
decode keng：26, sheng ：2097152
world keng：12, sheng ：1048576

2026-08-20 13:44:19.682 INFO [pool-6-thread-1][:] - /****************流量统计******************/
LastReadBytes:0
LastReadThroughput:0
LastWrittenBytes:0
LastWriteThroughput:0
RealWrittenBytes:0
RealWriteThroughput:0
当前玩家的连接数量:0
当前地图的线程个数：9
当前地图的个数:47
当前数据库执行队列数:0
当前发送队列缓存的对象数量:0
totalMemory：1010302976, use ：733713016, free ：276589960DirectMemory：1827143680, 恢复 ：1
当前时间 ：2026-08-20 13:44:19send keng：2418, sheng ：4194304
decode keng：26, sheng ：2097152
world keng：12, sheng ：1048576

2026-08-20 13:44:24.682 INFO [pool-6-thread-2][:] - /****************流量统计******************/
LastReadBytes:0
LastReadThroughput:0
LastWrittenBytes:0
LastWriteThroughput:0
RealWrittenBytes:0
RealWriteThroughput:0
当前玩家的连接数量:0
当前地图的线程个数：9
当前地图的个数:47
当前数据库执行队列数:0
当前发送队列缓存的对象数量:0
totalMemory：1010302976, use ：737152000, free ：273150976DirectMemory：1827143680, 恢复 ：1
当前时间 ：2026-08-20 13:44:24send keng：2418, sheng ：4194304
decode keng：26, sheng ：2097152
world keng：12, sheng ：1048576

2026-08-20 13:44:29.682 INFO [pool-6-thread-2][:] - /****************流量统计******************/
LastReadBytes:0
LastReadThroughput:0
LastWrittenBytes:0
LastWriteThroughput:0
RealWrittenBytes:0
RealWriteThroughput:0
当前玩家的连接数量:0
当前地图的线程个数：9
当前地图的个数:47
当前数据库执行队列数:0
当前发送队列缓存的对象数量:0
totalMemory：1010302976, use ：740137296, free ：270165680DirectMemory：1827143680, 恢复 ：1
当前时间 ：2026-08-20 13:44:29send keng：2418, sheng ：4194304
decode keng：26, sheng ：2097152
world keng：12, sheng ：1048576

2026-08-20 13:44:34.682 INFO [pool-6-thread-3][:] - /****************流量统计******************/
LastReadBytes:0
LastReadThroughput:0
LastWrittenBytes:0
LastWriteThroughput:0
RealWrittenBytes:0
RealWriteThroughput:0
当前玩家的连接数量:0
当前地图的线程个数：9
当前地图的个数:47
当前数据库执行队列数:0
当前发送队列缓存的对象数量:0
totalMemory：1010302976, use ：744144808, free ：266158168DirectMemory：1827143680, 恢复 ：1
当前时间 ：2026-08-20 13:44:34send keng：2418, sheng ：4194304
decode keng：26, sheng ：2097152
world keng：12, sheng ：1048576

2026-08-20 13:44:39.682 INFO [pool-6-thread-7][:] - /****************流量统计******************/
LastReadBytes:0
LastReadThroughput:0
LastWrittenBytes:0
LastWriteThroughput:0
RealWrittenBytes:0
RealWriteThroughput:0
当前玩家的连接数量:0
当前地图的线程个数：9
当前地图的个数:47
当前数据库执行队列数:0
当前发送队列缓存的对象数量:0
totalMemory：1010302976, use ：748041736, free ：262261240DirectMemory：1827143680, 恢复 ：1
当前时间 ：2026-08-20 13:44:39send keng：2418, sheng ：4194304
decode keng：26, sheng ：2097152
world keng：12, sheng ：1048576

2026-08-20 13:44:44.682 INFO [pool-6-thread-10][:] - /****************流量统计******************/
LastReadBytes:0
LastReadThroughput:0
LastWrittenBytes:0
LastWriteThroughput:0
RealWrittenBytes:0
RealWriteThroughput:0
当前玩家的连接数量:0
当前地图的线程个数：9
当前地图的个数:47
当前数据库执行队列数:0
当前发送队列缓存的对象数量:0
totalMemory：1010302976, use ：751564104, free ：258738872DirectMemory：1827143680, 恢复 ：1
当前时间 ：2026-08-20 13:44:44send keng：2418, sheng ：4194304
decode keng：26, sheng ：2097152
world keng：12, sheng ：1048576

2026-08-20 13:44:49.682 INFO [pool-6-thread-4][:] - /****************流量统计******************/
LastReadBytes:0
LastReadThroughput:0
LastWrittenBytes:0
LastWriteThroughput:0
RealWrittenBytes:0
RealWriteThroughput:0
当前玩家的连接数量:0
当前地图的线程个数：9
当前地图的个数:47
当前数据库执行队列数:0
当前发送队列缓存的对象数量:0
totalMemory：1010302976, use ：754529208, free ：255773768DirectMemory：1827143680, 恢复 ：1
当前时间 ：2026-08-20 13:44:49send keng：2418, sheng ：4194304
decode keng：26, sheng ：2097152
world keng：12, sheng ：1048576

2026-08-20 13:44:54.682 INFO [pool-6-thread-2][:] - /****************流量统计******************/
LastReadBytes:0
LastReadThroughput:0
LastWrittenBytes:0
LastWriteThroughput:0
RealWrittenBytes:0
RealWriteThroughput:0
当前玩家的连接数量:0
当前地图的线程个数：9
当前地图的个数:47
当前数据库执行队列数:0
当前发送队列缓存的对象数量:0
totalMemory：1010302976, use ：759332816, free ：250970160DirectMemory：1827143680, 恢复 ：1
当前时间 ：2026-08-20 13:44:54send keng：2418, sheng ：4194304
decode keng：26, sheng ：2097152
world keng：12, sheng ：1048576

2026-08-20 13:44:59.682 INFO [pool-6-thread-4][:] - /****************流量统计******************/
LastReadBytes:0
LastReadThroughput:0
LastWrittenBytes:0
LastWriteThroughput:0
RealWrittenBytes:0
RealWriteThroughput:0
当前玩家的连接数量:0
当前地图的线程个数：9
当前地图的个数:47
当前数据库执行队列数:0
当前发送队列缓存的对象数量:0
totalMemory：1010302976, use ：761977424, free ：248325552DirectMemory：1827143680, 恢复 ：1
当前时间 ：2026-08-20 13:44:59send keng：2418, sheng ：4194304
decode keng：26, sheng ：2097152
world keng：12, sheng ：1048576

2026-08-20 13:45:04.683 INFO [pool-6-thread-6][:] - /****************流量统计******************/
LastReadBytes:0
LastReadThroughput:0
LastWrittenBytes:0
LastWriteThroughput:0
RealWrittenBytes:0
RealWriteThroughput:0
当前玩家的连接数量:0
当前地图的线程个数：9
当前地图的个数:47
当前数据库执行队列数:0
当前发送队列缓存的对象数量:0
totalMemory：1010302976, use ：765509056, free ：244793920DirectMemory：1827143680, 恢复 ：1
当前时间 ：2026-08-20 13:45:04send keng：2418, sheng ：4194304
decode keng：26, sheng ：2097152
world keng：12, sheng ：1048576

2026-08-20 13:45:09.682 INFO [pool-6-thread-9][:] - /****************流量统计******************/
LastReadBytes:0
LastReadThroughput:0
LastWrittenBytes:0
LastWriteThroughput:0
RealWrittenBytes:0
RealWriteThroughput:0
当前玩家的连接数量:0
当前地图的线程个数：9
当前地图的个数:47
当前数据库执行队列数:0
当前发送队列缓存的对象数量:0
totalMemory：1010302976, use ：768083624, free ：242219352DirectMemory：1827143680, 恢复 ：1
当前时间 ：2026-08-20 13:45:09send keng：2418, sheng ：4194304
decode keng：26, sheng ：2097152
world keng：12, sheng ：1048576

2026-08-20 13:45:14.682 INFO [pool-6-thread-8][:] - /****************流量统计******************/
LastReadBytes:0
LastReadThroughput:0
LastWrittenBytes:0
LastWriteThroughput:0
RealWrittenBytes:0
RealWriteThroughput:0
当前玩家的连接数量:0
当前地图的线程个数：9
当前地图的个数:47
当前数据库执行队列数:0
当前发送队列缓存的对象数量:0
totalMemory：1010302976, use ：772720040, free ：237582936DirectMemory：1827143680, 恢复 ：1
当前时间 ：2026-08-20 13:45:14send keng：2418, sheng ：4194304
decode keng：26, sheng ：2097152
world keng：12, sheng ：1048576

2026-08-20 13:45:19.682 INFO [pool-6-thread-10][:] - /****************流量统计******************/
LastReadBytes:0
LastReadThroughput:0
LastWrittenBytes:0
LastWriteThroughput:0
RealWrittenBytes:0
RealWriteThroughput:0
当前玩家的连接数量:0
当前地图的线程个数：9
当前地图的个数:47
当前数据库执行队列数:0
当前发送队列缓存的对象数量:0
totalMemory：1010302976, use ：776024224, free ：234278752DirectMemory：1827143680, 恢复 ：1
当前时间 ：2026-08-20 13:45:19send keng：2418, sheng ：4194304
decode keng：26, sheng ：2097152
world keng：12, sheng ：1048576

2026-08-20 13:45:24.682 INFO [pool-6-thread-1][:] - /****************流量统计******************/
LastReadBytes:0
LastReadThroughput:0
LastWrittenBytes:0
LastWriteThroughput:0
RealWrittenBytes:0
RealWriteThroughput:0
当前玩家的连接数量:0
当前地图的线程个数：9
当前地图的个数:47
当前数据库执行队列数:0
当前发送队列缓存的对象数量:0
totalMemory：1010302976, use ：779647464, free ：230655512DirectMemory：1827143680, 恢复 ：1
当前时间 ：2026-08-20 13:45:24send keng：2418, sheng ：4194304
decode keng：26, sheng ：2097152
world keng：12, sheng ：1048576

2026-08-20 13:45:29.682 INFO [pool-6-thread-9][:] - /****************流量统计******************/
LastReadBytes:0
LastReadThroughput:0
LastWrittenBytes:0
LastWriteThroughput:0
RealWrittenBytes:0
RealWriteThroughput:0
当前玩家的连接数量:0
当前地图的线程个数：9
当前地图的个数:47
当前数据库执行队列数:0
当前发送队列缓存的对象数量:0
totalMemory：1010302976, use ：783449408, free ：226853568DirectMemory：1827143680, 恢复 ：1
当前时间 ：2026-08-20 13:45:29send keng：2418, sheng ：4194304
decode keng：26, sheng ：2097152
world keng：12, sheng ：1048576

2026-08-20 13:45:34.682 INFO [pool-6-thread-5][:] - /****************流量统计******************/
LastReadBytes:0
LastReadThroughput:0
LastWrittenBytes:0
LastWriteThroughput:0
RealWrittenBytes:0
RealWriteThroughput:0
当前玩家的连接数量:0
当前地图的线程个数：9
当前地图的个数:47
当前数据库执行队列数:0
当前发送队列缓存的对象数量:0
totalMemory：1010302976, use ：787058312, free ：223244664DirectMemory：1827143680, 恢复 ：1
当前时间 ：2026-08-20 13:45:34send keng：2418, sheng ：4194304
decode keng：26, sheng ：2097152
world keng：12, sheng ：1048576

2026-08-20 13:45:39.682 INFO [pool-6-thread-2][:] - /****************流量统计******************/
LastReadBytes:0
LastReadThroughput:0
LastWrittenBytes:0
LastWriteThroughput:0
RealWrittenBytes:0
RealWriteThroughput:0
当前玩家的连接数量:0
当前地图的线程个数：9
当前地图的个数:47
当前数据库执行队列数:0
当前发送队列缓存的对象数量:0
totalMemory：1010302976, use ：790394336, free ：219908640DirectMemory：1827143680, 恢复 ：1
当前时间 ：2026-08-20 13:45:39send keng：2418, sheng ：4194304
decode keng：26, sheng ：2097152
world keng：12, sheng ：1048576

2026-08-20 13:45:44.682 INFO [pool-6-thread-8][:] - /****************流量统计******************/
LastReadBytes:0
LastReadThroughput:0
LastWrittenBytes:0
LastWriteThroughput:0
RealWrittenBytes:0
RealWriteThroughput:0
当前玩家的连接数量:0
当前地图的线程个数：9
当前地图的个数:47
当前数据库执行队列数:0
当前发送队列缓存的对象数量:0
totalMemory：1010302976, use ：794413256, free ：215889720DirectMemory：1827143680, 恢复 ：1
当前时间 ：2026-08-20 13:45:44send keng：2418, sheng ：4194304
decode keng：26, sheng ：2097152
world keng：12, sheng ：1048576

2026-08-20 13:45:49.682 INFO [pool-6-thread-3][:] - /****************流量统计******************/
LastReadBytes:0
LastReadThroughput:0
LastWrittenBytes:0
LastWriteThroughput:0
RealWrittenBytes:0
RealWriteThroughput:0
当前玩家的连接数量:0
当前地图的线程个数：9
当前地图的个数:47
当前数据库执行队列数:0
当前发送队列缓存的对象数量:0
totalMemory：1010827264, use ：424518992, free ：586308272DirectMemory：1827143680, 恢复 ：1
当前时间 ：2026-08-20 13:45:49send keng：2418, sheng ：4194304
decode keng：26, sheng ：2097152
world keng：12, sheng ：1048576

2026-08-20 13:45:54.682 INFO [pool-6-thread-9][:] - /****************流量统计******************/
LastReadBytes:0
LastReadThroughput:0
LastWrittenBytes:0
LastWriteThroughput:0
RealWrittenBytes:0
RealWriteThroughput:0
当前玩家的连接数量:0
当前地图的线程个数：9
当前地图的个数:47
当前数据库执行队列数:0
当前发送队列缓存的对象数量:0
totalMemory：1010827264, use ：425492424, free ：585334840DirectMemory：1827143680, 恢复 ：1
当前时间 ：2026-08-20 13:45:54send keng：2418, sheng ：4194304
decode keng：26, sheng ：2097152
world keng：12, sheng ：1048576

2026-08-20 13:45:59.682 INFO [pool-6-thread-3][:] - /****************流量统计******************/
LastReadBytes:0
LastReadThroughput:0
LastWrittenBytes:0
LastWriteThroughput:0
RealWrittenBytes:0
RealWriteThroughput:0
当前玩家的连接数量:0
当前地图的线程个数：9
当前地图的个数:47
当前数据库执行队列数:0
当前发送队列缓存的对象数量:0
totalMemory：1010827264, use ：431418248, free ：579409016DirectMemory：1827143680, 恢复 ：1
当前时间 ：2026-08-20 13:45:59send keng：2418, sheng ：4194304
decode keng：26, sheng ：2097152
world keng：12, sheng ：1048576

2026-08-20 13:46:04.682 INFO [pool-6-thread-8][:] - /****************流量统计******************/
LastReadBytes:0
LastReadThroughput:0
LastWrittenBytes:0
LastWriteThroughput:0
RealWrittenBytes:0
RealWriteThroughput:0
当前玩家的连接数量:0
当前地图的线程个数：9
当前地图的个数:47
当前数据库执行队列数:0
当前发送队列缓存的对象数量:0
totalMemory：1010827264, use ：434043960, free ：576783304DirectMemory：1827143680, 恢复 ：1
当前时间 ：2026-08-20 13:46:04send keng：2418, sheng ：4194304
decode keng：26, sheng ：2097152
world keng：12, sheng ：1048576

2026-08-20 13:46:09.682 INFO [pool-6-thread-9][:] - /****************流量统计******************/
LastReadBytes:0
LastReadThroughput:0
LastWrittenBytes:0
LastWriteThroughput:0
RealWrittenBytes:0
RealWriteThroughput:0
当前玩家的连接数量:0
当前地图的线程个数：9
当前地图的个数:47
当前数据库执行队列数:0
当前发送队列缓存的对象数量:0
totalMemory：1010827264, use ：438561600, free ：572265664DirectMemory：1827143680, 恢复 ：1
当前时间 ：2026-08-20 13:46:09send keng：2418, sheng ：4194304
decode keng：26, sheng ：2097152
world keng：12, sheng ：1048576

2026-08-20 13:46:14.682 INFO [pool-6-thread-2][:] - /****************流量统计******************/
LastReadBytes:0
LastReadThroughput:0
LastWrittenBytes:0
LastWriteThroughput:0
RealWrittenBytes:0
RealWriteThroughput:0
当前玩家的连接数量:0
当前地图的线程个数：9
当前地图的个数:47
当前数据库执行队列数:0
当前发送队列缓存的对象数量:0
totalMemory：1010827264, use ：440517192, free ：570310072DirectMemory：1827143680, 恢复 ：1
当前时间 ：2026-08-20 13:46:14send keng：2418, sheng ：4194304
decode keng：26, sheng ：2097152
world keng：12, sheng ：1048576

2026-08-20 13:46:19.682 INFO [pool-6-thread-3][:] - /****************流量统计******************/
LastReadBytes:0
LastReadThroughput:0
LastWrittenBytes:0
LastWriteThroughput:0
RealWrittenBytes:0
RealWriteThroughput:0
当前玩家的连接数量:0
当前地图的线程个数：9
当前地图的个数:47
当前数据库执行队列数:0
当前发送队列缓存的对象数量:0
totalMemory：1010827264, use ：445605312, free ：565221952DirectMemory：1827143680, 恢复 ：1
当前时间 ：2026-08-20 13:46:19send keng：2418, sheng ：4194304
decode keng：26, sheng ：2097152
world keng：12, sheng ：1048576

2026-08-20 13:46:24.682 INFO [pool-6-thread-3][:] - /****************流量统计******************/
LastReadBytes:0
LastReadThroughput:0
LastWrittenBytes:0
LastWriteThroughput:0
RealWrittenBytes:0
RealWriteThroughput:0
当前玩家的连接数量:0
当前地图的线程个数：9
当前地图的个数:47
当前数据库执行队列数:0
当前发送队列缓存的对象数量:0
totalMemory：1010827264, use ：448026448, free ：562800816DirectMemory：1827143680, 恢复 ：1
当前时间 ：2026-08-20 13:46:24send keng：2418, sheng ：4194304
decode keng：26, sheng ：2097152
world keng：12, sheng ：1048576

2026-08-20 13:46:29.682 INFO [pool-6-thread-7][:] - /****************流量统计******************/
LastReadBytes:0
LastReadThroughput:0
LastWrittenBytes:0
LastWriteThroughput:0
RealWrittenBytes:0
RealWriteThroughput:0
当前玩家的连接数量:0
当前地图的线程个数：9
当前地图的个数:47
当前数据库执行队列数:0
当前发送队列缓存的对象数量:0
totalMemory：1010827264, use ：453501656, free ：557325608DirectMemory：1827143680, 恢复 ：1
当前时间 ：2026-08-20 13:46:29send keng：2418, sheng ：4194304
decode keng：26, sheng ：2097152
world keng：12, sheng ：1048576

2026-08-20 13:46:34.682 INFO [pool-6-thread-5][:] - /****************流量统计******************/
LastReadBytes:0
LastReadThroughput:0
LastWrittenBytes:0
LastWriteThroughput:0
RealWrittenBytes:0
RealWriteThroughput:0
当前玩家的连接数量:0
当前地图的线程个数：9
当前地图的个数:47
当前数据库执行队列数:0
当前发送队列缓存的对象数量:0
totalMemory：1010827264, use ：455475288, free ：555351976DirectMemory：1827143680, 恢复 ：1
当前时间 ：2026-08-20 13:46:34send keng：2418, sheng ：4194304
decode keng：26, sheng ：2097152
world keng：12, sheng ：1048576

2026-08-20 13:46:39.682 INFO [pool-6-thread-8][:] - /****************流量统计******************/
LastReadBytes:0
LastReadThroughput:0
LastWrittenBytes:0
LastWriteThroughput:0
RealWrittenBytes:0
RealWriteThroughput:0
当前玩家的连接数量:0
当前地图的线程个数：9
当前地图的个数:47
当前数据库执行队列数:0
当前发送队列缓存的对象数量:0
totalMemory：1010827264, use ：460003688, free ：550823576DirectMemory：1827143680, 恢复 ：1
当前时间 ：2026-08-20 13:46:39send keng：2418, sheng ：4194304
decode keng：26, sheng ：2097152
world keng：12, sheng ：1048576

2026-08-20 13:46:44.686 INFO [pool-6-thread-3][:] - /****************流量统计******************/
LastReadBytes:0
LastReadThroughput:0
LastWrittenBytes:0
LastWriteThroughput:0
RealWrittenBytes:0
RealWriteThroughput:0
当前玩家的连接数量:0
当前地图的线程个数：9
当前地图的个数:47
当前数据库执行队列数:0
当前发送队列缓存的对象数量:0
totalMemory：1010827264, use ：462892648, free ：547934616DirectMemory：1827143680, 恢复 ：1
当前时间 ：2026-08-20 13:46:44send keng：2418, sheng ：4194304
decode keng：26, sheng ：2097152
world keng：12, sheng ：1048576

2026-08-20 13:46:49.682 INFO [pool-6-thread-10][:] - /****************流量统计******************/
LastReadBytes:0
LastReadThroughput:0
LastWrittenBytes:0
LastWriteThroughput:0
RealWrittenBytes:0
RealWriteThroughput:0
当前玩家的连接数量:0
当前地图的线程个数：9
当前地图的个数:47
当前数据库执行队列数:0
当前发送队列缓存的对象数量:0
totalMemory：1010827264, use ：467377968, free ：543449296DirectMemory：1827143680, 恢复 ：1
当前时间 ：2026-08-20 13:46:49send keng：2418, sheng ：4194304
decode keng：26, sheng ：2097152
world keng：12, sheng ：1048576

2026-08-20 13:46:54.683 INFO [pool-6-thread-9][:] - /****************流量统计******************/
LastReadBytes:0
LastReadThroughput:0
LastWrittenBytes:0
LastWriteThroughput:0
RealWrittenBytes:0
RealWriteThroughput:0
当前玩家的连接数量:0
当前地图的线程个数：9
当前地图的个数:47
当前数据库执行队列数:0
当前发送队列缓存的对象数量:0
totalMemory：1010827264, use ：470370520, free ：540456744DirectMemory：1827143680, 恢复 ：1
当前时间 ：2026-08-20 13:46:54send keng：2418, sheng ：4194304
decode keng：26, sheng ：2097152
world keng：12, sheng ：1048576

2026-08-20 13:46:59.682 INFO [pool-6-thread-6][:] - /****************流量统计******************/
LastReadBytes:0
LastReadThroughput:0
LastWrittenBytes:0
LastWriteThroughput:0
RealWrittenBytes:0
RealWriteThroughput:0
当前玩家的连接数量:0
当前地图的线程个数：9
当前地图的个数:47
当前数据库执行队列数:0
当前发送队列缓存的对象数量:0
totalMemory：1010827264, use ：474772992, free ：536054272DirectMemory：1827143680, 恢复 ：1
当前时间 ：2026-08-20 13:46:59send keng：2418, sheng ：4194304
decode keng：26, sheng ：2097152
world keng：12, sheng ：1048576

2026-08-20 13:47:04.682 INFO [pool-6-thread-9][:] - /****************流量统计******************/
LastReadBytes:0
LastReadThroughput:0
LastWrittenBytes:0
LastWriteThroughput:0
RealWrittenBytes:0
RealWriteThroughput:0
当前玩家的连接数量:0
当前地图的线程个数：9
当前地图的个数:47
当前数据库执行队列数:0
当前发送队列缓存的对象数量:0
totalMemory：1010827264, use ：476942328, free ：533884936DirectMemory：1827143680, 恢复 ：1
当前时间 ：2026-08-20 13:47:04send keng：2418, sheng ：4194304
decode keng：26, sheng ：2097152
world keng：12, sheng ：1048576

2026-08-20 13:47:09.682 INFO [pool-6-thread-4][:] - /****************流量统计******************/
LastReadBytes:0
LastReadThroughput:0
LastWrittenBytes:0
LastWriteThroughput:0
RealWrittenBytes:0
RealWriteThroughput:0
当前玩家的连接数量:0
当前地图的线程个数：9
当前地图的个数:47
当前数据库执行队列数:0
当前发送队列缓存的对象数量:0
totalMemory：1010827264, use ：480892576, free ：529934688DirectMemory：1827143680, 恢复 ：1
当前时间 ：2026-08-20 13:47:09send keng：2418, sheng ：4194304
decode keng：26, sheng ：2097152
world keng：12, sheng ：1048576

2026-08-20 13:47:14.682 INFO [pool-6-thread-3][:] - /****************流量统计******************/
LastReadBytes:0
LastReadThroughput:0
LastWrittenBytes:0
LastWriteThroughput:0
RealWrittenBytes:0
RealWriteThroughput:0
当前玩家的连接数量:0
当前地图的线程个数：9
当前地图的个数:47
当前数据库执行队列数:0
当前发送队列缓存的对象数量:0
totalMemory：1010827264, use ：484906552, free ：525920712DirectMemory：1827143680, 恢复 ：1
当前时间 ：2026-08-20 13:47:14send keng：2418, sheng ：4194304
decode keng：26, sheng ：2097152
world keng：12, sheng ：1048576

2026-08-20 13:47:19.682 INFO [pool-6-thread-5][:] - /****************流量统计******************/
LastReadBytes:0
LastReadThroughput:0
LastWrittenBytes:0
LastWriteThroughput:0
RealWrittenBytes:0
RealWriteThroughput:0
当前玩家的连接数量:0
当前地图的线程个数：9
当前地图的个数:47
当前数据库执行队列数:0
当前发送队列缓存的对象数量:0
totalMemory：1010827264, use ：487464240, free ：523363024DirectMemory：1827143680, 恢复 ：1
当前时间 ：2026-08-20 13:47:19send keng：2418, sheng ：4194304
decode keng：26, sheng ：2097152
world keng：12, sheng ：1048576

2026-08-20 13:47:24.683 INFO [pool-6-thread-5][:] - /****************流量统计******************/
LastReadBytes:0
LastReadThroughput:0
LastWrittenBytes:0
LastWriteThroughput:0
RealWrittenBytes:0
RealWriteThroughput:0
当前玩家的连接数量:0
当前地图的线程个数：9
当前地图的个数:47
当前数据库执行队列数:0
当前发送队列缓存的对象数量:0
totalMemory：1010827264, use ：492413472, free ：518413792DirectMemory：1827143680, 恢复 ：1
当前时间 ：2026-08-20 13:47:24send keng：2418, sheng ：4194304
decode keng：26, sheng ：2097152
world keng：12, sheng ：1048576

2026-08-20 13:47:29.682 INFO [pool-6-thread-10][:] - /****************流量统计******************/
LastReadBytes:0
LastReadThroughput:0
LastWrittenBytes:0
LastWriteThroughput:0
RealWrittenBytes:0
RealWriteThroughput:0
当前玩家的连接数量:0
当前地图的线程个数：9
当前地图的个数:47
当前数据库执行队列数:0
当前发送队列缓存的对象数量:0
totalMemory：1010827264, use ：493858032, free ：516969232DirectMemory：1827143680, 恢复 ：1
当前时间 ：2026-08-20 13:47:29send keng：2418, sheng ：4194304
decode keng：26, sheng ：2097152
world keng：12, sheng ：1048576

2026-08-20 13:47:34.682 INFO [pool-6-thread-8][:] - /****************流量统计******************/
LastReadBytes:0
LastReadThroughput:0
LastWrittenBytes:0
LastWriteThroughput:0
RealWrittenBytes:0
RealWriteThroughput:0
当前玩家的连接数量:0
当前地图的线程个数：9
当前地图的个数:47
当前数据库执行队列数:0
当前发送队列缓存的对象数量:0
totalMemory：1010827264, use ：499322072, free ：511505192DirectMemory：1827143680, 恢复 ：1
当前时间 ：2026-08-20 13:47:34send keng：2418, sheng ：4194304
decode keng：26, sheng ：2097152
world keng：12, sheng ：1048576

2026-08-20 13:47:39.682 INFO [pool-6-thread-9][:] - /****************流量统计******************/
LastReadBytes:0
LastReadThroughput:0
LastWrittenBytes:0
LastWriteThroughput:0
RealWrittenBytes:0
RealWriteThroughput:0
当前玩家的连接数量:0
当前地图的线程个数：9
当前地图的个数:47
当前数据库执行队列数:0
当前发送队列缓存的对象数量:0
totalMemory：1010827264, use ：501347936, free ：509479328DirectMemory：1827143680, 恢复 ：1
当前时间 ：2026-08-20 13:47:39send keng：2418, sheng ：4194304
decode keng：26, sheng ：2097152
world keng：12, sheng ：1048576

2026-08-20 13:47:44.682 INFO [pool-6-thread-4][:] - /****************流量统计******************/
LastReadBytes:0
LastReadThroughput:0
LastWrittenBytes:0
LastWriteThroughput:0
RealWrittenBytes:0
RealWriteThroughput:0
当前玩家的连接数量:0
当前地图的线程个数：9
当前地图的个数:47
当前数据库执行队列数:0
当前发送队列缓存的对象数量:0
totalMemory：1010827264, use ：506813416, free ：504013848DirectMemory：1827143680, 恢复 ：1
当前时间 ：2026-08-20 13:47:44send keng：2418, sheng ：4194304
decode keng：26, sheng ：2097152
world keng：12, sheng ：1048576

2026-08-20 13:47:49.682 INFO [pool-6-thread-6][:] - /****************流量统计******************/
LastReadBytes:0
LastReadThroughput:0
LastWrittenBytes:0
LastWriteThroughput:0
RealWrittenBytes:0
RealWriteThroughput:0
当前玩家的连接数量:0
当前地图的线程个数：9
当前地图的个数:47
当前数据库执行队列数:0
当前发送队列缓存的对象数量:0
totalMemory：1010827264, use ：509228728, free ：501598536DirectMemory：1827143680, 恢复 ：1
当前时间 ：2026-08-20 13:47:49send keng：2418, sheng ：4194304
decode keng：26, sheng ：2097152
world keng：12, sheng ：1048576

2026-08-20 13:47:54.682 INFO [pool-6-thread-8][:] - /****************流量统计******************/
LastReadBytes:0
LastReadThroughput:0
LastWrittenBytes:0
LastWriteThroughput:0
RealWrittenBytes:0
RealWriteThroughput:0
当前玩家的连接数量:0
当前地图的线程个数：9
当前地图的个数:47
当前数据库执行队列数:0
当前发送队列缓存的对象数量:0
totalMemory：1010827264, use ：514753784, free ：496073480DirectMemory：1827143680, 恢复 ：1
当前时间 ：2026-08-20 13:47:54send keng：2418, sheng ：4194304
decode keng：26, sheng ：2097152
world keng：12, sheng ：1048576

2026-08-20 13:47:59.684 INFO [pool-6-thread-2][:] - /****************流量统计******************/
LastReadBytes:0
LastReadThroughput:0
LastWrittenBytes:0
LastWriteThroughput:0
RealWrittenBytes:0
RealWriteThroughput:0
当前玩家的连接数量:0
当前地图的线程个数：9
当前地图的个数:47
当前数据库执行队列数:0
当前发送队列缓存的对象数量:0
totalMemory：1010827264, use ：515711376, free ：495115888DirectMemory：1827143680, 恢复 ：1
当前时间 ：2026-08-20 13:47:59send keng：2418, sheng ：4194304
decode keng：26, sheng ：2097152
world keng：12, sheng ：1048576

2026-08-20 13:48:04.682 INFO [pool-6-thread-10][:] - /****************流量统计******************/
LastReadBytes:0
LastReadThroughput:0
LastWrittenBytes:0
LastWriteThroughput:0
RealWrittenBytes:0
RealWriteThroughput:0
当前玩家的连接数量:0
当前地图的线程个数：9
当前地图的个数:47
当前数据库执行队列数:0
当前发送队列缓存的对象数量:0
totalMemory：1010827264, use ：521339120, free ：489488144DirectMemory：1827143680, 恢复 ：1
当前时间 ：2026-08-20 13:48:04send keng：2418, sheng ：4194304
decode keng：26, sheng ：2097152
world keng：12, sheng ：1048576

2026-08-20 13:48:09.682 INFO [pool-6-thread-9][:] - /****************流量统计******************/
LastReadBytes:0
LastReadThroughput:0
LastWrittenBytes:0
LastWriteThroughput:0
RealWrittenBytes:0
RealWriteThroughput:0
当前玩家的连接数量:0
当前地图的线程个数：9
当前地图的个数:47
当前数据库执行队列数:0
当前发送队列缓存的对象数量:0
totalMemory：1010827264, use ：523719608, free ：487107656DirectMemory：1827143680, 恢复 ：1
当前时间 ：2026-08-20 13:48:09send keng：2418, sheng ：4194304
decode keng：26, sheng ：2097152
world keng：12, sheng ：1048576

2026-08-20 13:48:14.682 INFO [pool-6-thread-7][:] - /****************流量统计******************/
LastReadBytes:0
LastReadThroughput:0
LastWrittenBytes:0
LastWriteThroughput:0
RealWrittenBytes:0
RealWriteThroughput:0
当前玩家的连接数量:0
当前地图的线程个数：9
当前地图的个数:47
当前数据库执行队列数:0
当前发送队列缓存的对象数量:0
totalMemory：1010827264, use ：527818952, free ：483008312DirectMemory：1827143680, 恢复 ：1
当前时间 ：2026-08-20 13:48:14send keng：2418, sheng ：4194304
decode keng：26, sheng ：2097152
world keng：12, sheng ：1048576

2026-08-20 13:48:19.682 INFO [pool-6-thread-10][:] - /****************流量统计******************/
LastReadBytes:0
LastReadThroughput:0
LastWrittenBytes:0
LastWriteThroughput:0
RealWrittenBytes:0
RealWriteThroughput:0
当前玩家的连接数量:0
当前地图的线程个数：9
当前地图的个数:47
当前数据库执行队列数:0
当前发送队列缓存的对象数量:0
totalMemory：1010827264, use ：530757496, free ：480069768DirectMemory：1827143680, 恢复 ：1
当前时间 ：2026-08-20 13:48:19send keng：2418, sheng ：4194304
decode keng：26, sheng ：2097152
world keng：12, sheng ：1048576

2026-08-20 13:48:24.682 INFO [pool-6-thread-2][:] - /****************流量统计******************/
LastReadBytes:0
LastReadThroughput:0
LastWrittenBytes:0
LastWriteThroughput:0
RealWrittenBytes:0
RealWriteThroughput:0
当前玩家的连接数量:0
当前地图的线程个数：9
当前地图的个数:47
当前数据库执行队列数:0
当前发送队列缓存的对象数量:0
totalMemory：1010827264, use ：535228312, free ：475598952DirectMemory：1827143680, 恢复 ：1
当前时间 ：2026-08-20 13:48:24send keng：2418, sheng ：4194304
decode keng：26, sheng ：2097152
world keng：12, sheng ：1048576

2026-08-20 13:48:29.682 INFO [pool-6-thread-1][:] - /****************流量统计******************/
LastReadBytes:0
LastReadThroughput:0
LastWrittenBytes:0
LastWriteThroughput:0
RealWrittenBytes:0
RealWriteThroughput:0
当前玩家的连接数量:0
当前地图的线程个数：9
当前地图的个数:47
当前数据库执行队列数:0
当前发送队列缓存的对象数量:0
totalMemory：1010827264, use ：538239704, free ：472587560DirectMemory：1827143680, 恢复 ：1
当前时间 ：2026-08-20 13:48:29send keng：2418, sheng ：4194304
decode keng：26, sheng ：2097152
world keng：12, sheng ：1048576

2026-08-20 13:48:34.682 INFO [pool-6-thread-7][:] - /****************流量统计******************/
LastReadBytes:0
LastReadThroughput:0
LastWrittenBytes:0
LastWriteThroughput:0
RealWrittenBytes:0
RealWriteThroughput:0
当前玩家的连接数量:0
当前地图的线程个数：9
当前地图的个数:47
当前数据库执行队列数:0
当前发送队列缓存的对象数量:0
totalMemory：1010827264, use ：541644784, free ：469182480DirectMemory：1827143680, 恢复 ：1
当前时间 ：2026-08-20 13:48:34send keng：2418, sheng ：4194304
decode keng：26, sheng ：2097152
world keng：12, sheng ：1048576

2026-08-20 13:48:39.682 INFO [pool-6-thread-10][:] - /****************流量统计******************/
LastReadBytes:0
LastReadThroughput:0
LastWrittenBytes:0
LastWriteThroughput:0
RealWrittenBytes:0
RealWriteThroughput:0
当前玩家的连接数量:0
当前地图的线程个数：9
当前地图的个数:47
当前数据库执行队列数:0
当前发送队列缓存的对象数量:0
totalMemory：1010827264, use ：545661688, free ：465165576DirectMemory：1827143680, 恢复 ：1
当前时间 ：2026-08-20 13:48:39send keng：2418, sheng ：4194304
decode keng：26, sheng ：2097152
world keng：12, sheng ：1048576

2026-08-20 13:48:44.684 INFO [pool-6-thread-9][:] - /****************流量统计******************/
LastReadBytes:0
LastReadThroughput:0
LastWrittenBytes:0
LastWriteThroughput:0
RealWrittenBytes:0
RealWriteThroughput:0
当前玩家的连接数量:0
当前地图的线程个数：9
当前地图的个数:47
当前数据库执行队列数:0
当前发送队列缓存的对象数量:0
totalMemory：1010827264, use ：549491648, free ：461335616DirectMemory：1827143680, 恢复 ：1
当前时间 ：2026-08-20 13:48:44send keng：2418, sheng ：4194304
decode keng：26, sheng ：2097152
world keng：12, sheng ：1048576

2026-08-20 13:48:49.682 INFO [pool-6-thread-7][:] - /****************流量统计******************/
LastReadBytes:0
LastReadThroughput:0
LastWrittenBytes:0
LastWriteThroughput:0
RealWrittenBytes:0
RealWriteThroughput:0
当前玩家的连接数量:0
当前地图的线程个数：9
当前地图的个数:47
当前数据库执行队列数:0
当前发送队列缓存的对象数量:0
totalMemory：1010827264, use ：552628040, free ：458199224DirectMemory：1827143680, 恢复 ：1
当前时间 ：2026-08-20 13:48:49send keng：2418, sheng ：4194304
decode keng：26, sheng ：2097152
world keng：12, sheng ：1048576

2026-08-20 13:48:54.682 INFO [pool-6-thread-1][:] - /****************流量统计******************/
LastReadBytes:0
LastReadThroughput:0
LastWrittenBytes:0
LastWriteThroughput:0
RealWrittenBytes:0
RealWriteThroughput:0
当前玩家的连接数量:0
当前地图的线程个数：9
当前地图的个数:47
当前数据库执行队列数:0
当前发送队列缓存的对象数量:0
totalMemory：1010827264, use ：556670048, free ：454157216DirectMemory：1827143680, 恢复 ：1
当前时间 ：2026-08-20 13:48:54send keng：2418, sheng ：4194304
decode keng：26, sheng ：2097152
world keng：12, sheng ：1048576

2026-08-20 13:48:59.682 INFO [pool-6-thread-2][:] - /****************流量统计******************/
LastReadBytes:0
LastReadThroughput:0
LastWrittenBytes:0
LastWriteThroughput:0
RealWrittenBytes:0
RealWriteThroughput:0
当前玩家的连接数量:0
当前地图的线程个数：9
当前地图的个数:47
当前数据库执行队列数:0
当前发送队列缓存的对象数量:0
totalMemory：1010827264, use ：559609296, free ：451217968DirectMemory：1827143680, 恢复 ：1
当前时间 ：2026-08-20 13:48:59send keng：2418, sheng ：4194304
decode keng：26, sheng ：2097152
world keng：12, sheng ：1048576

2026-08-20 13:49:04.682 INFO [pool-6-thread-3][:] - /****************流量统计******************/
LastReadBytes:0
LastReadThroughput:0
LastWrittenBytes:0
LastWriteThroughput:0
RealWrittenBytes:0
RealWriteThroughput:0
当前玩家的连接数量:0
当前地图的线程个数：9
当前地图的个数:47
当前数据库执行队列数:0
当前发送队列缓存的对象数量:0
totalMemory：1010827264, use ：561890552, free ：448936712DirectMemory：1827143680, 恢复 ：1
当前时间 ：2026-08-20 13:49:04send keng：2418, sheng ：4194304
decode keng：26, sheng ：2097152
world keng：12, sheng ：1048576

2026-08-20 13:49:09.682 INFO [pool-6-thread-8][:] - /****************流量统计******************/
LastReadBytes:0
LastReadThroughput:0
LastWrittenBytes:0
LastWriteThroughput:0
RealWrittenBytes:0
RealWriteThroughput:0
当前玩家的连接数量:0
当前地图的线程个数：9
当前地图的个数:47
当前数据库执行队列数:0
当前发送队列缓存的对象数量:0
totalMemory：1010827264, use ：567139576, free ：443687688DirectMemory：1827143680, 恢复 ：1
当前时间 ：2026-08-20 13:49:09send keng：2418, sheng ：4194304
decode keng：26, sheng ：2097152
world keng：12, sheng ：1048576

2026-08-20 13:49:14.682 INFO [pool-6-thread-8][:] - /****************流量统计******************/
LastReadBytes:0
LastReadThroughput:0
LastWrittenBytes:0
LastWriteThroughput:0
RealWrittenBytes:0
RealWriteThroughput:0
当前玩家的连接数量:0
当前地图的线程个数：9
当前地图的个数:47
当前数据库执行队列数:0
当前发送队列缓存的对象数量:0
totalMemory：1010827264, use ：569131520, free ：441695744DirectMemory：1827143680, 恢复 ：1
当前时间 ：2026-08-20 13:49:14send keng：2418, sheng ：4194304
decode keng：26, sheng ：2097152
world keng：12, sheng ：1048576

2026-08-20 13:49:19.682 INFO [pool-6-thread-5][:] - /****************流量统计******************/
LastReadBytes:0
LastReadThroughput:0
LastWrittenBytes:0
LastWriteThroughput:0
RealWrittenBytes:0
RealWriteThroughput:0
当前玩家的连接数量:0
当前地图的线程个数：9
当前地图的个数:47
当前数据库执行队列数:0
当前发送队列缓存的对象数量:0
totalMemory：1010827264, use ：574162856, free ：436664408DirectMemory：1827143680, 恢复 ：1
当前时间 ：2026-08-20 13:49:19send keng：2418, sheng ：4194304
decode keng：26, sheng ：2097152
world keng：12, sheng ：1048576

2026-08-20 13:49:24.682 INFO [pool-6-thread-1][:] - /****************流量统计******************/
LastReadBytes:0
LastReadThroughput:0
LastWrittenBytes:0
LastWriteThroughput:0
RealWrittenBytes:0
RealWriteThroughput:0
当前玩家的连接数量:0
当前地图的线程个数：9
当前地图的个数:47
当前数据库执行队列数:0
当前发送队列缓存的对象数量:0
totalMemory：1010827264, use ：576598592, free ：434228672DirectMemory：1827143680, 恢复 ：1
当前时间 ：2026-08-20 13:49:24send keng：2418, sheng ：4194304
decode keng：26, sheng ：2097152
world keng：12, sheng ：1048576

2026-08-20 13:49:29.682 INFO [pool-6-thread-10][:] - /****************流量统计******************/
LastReadBytes:0
LastReadThroughput:0
LastWrittenBytes:0
LastWriteThroughput:0
RealWrittenBytes:0
RealWriteThroughput:0
当前玩家的连接数量:0
当前地图的线程个数：9
当前地图的个数:47
当前数据库执行队列数:0
当前发送队列缓存的对象数量:0
totalMemory：1010827264, use ：581088832, free ：429738432DirectMemory：1827143680, 恢复 ：1
当前时间 ：2026-08-20 13:49:29send keng：2418, sheng ：4194304
decode keng：26, sheng ：2097152
world keng：12, sheng ：1048576

2026-08-20 13:49:34.682 INFO [pool-6-thread-2][:] - /****************流量统计******************/
LastReadBytes:0
LastReadThroughput:0
LastWrittenBytes:0
LastWriteThroughput:0
RealWrittenBytes:0
RealWriteThroughput:0
当前玩家的连接数量:0
当前地图的线程个数：9
当前地图的个数:47
当前数据库执行队列数:0
当前发送队列缓存的对象数量:0
totalMemory：1010827264, use ：584048968, free ：426778296DirectMemory：1827143680, 恢复 ：1
当前时间 ：2026-08-20 13:49:34send keng：2418, sheng ：4194304
decode keng：26, sheng ：2097152
world keng：12, sheng ：1048576

2026-08-20 13:49:39.682 INFO [pool-6-thread-8][:] - /****************流量统计******************/
LastReadBytes:0
LastReadThroughput:0
LastWrittenBytes:0
LastWriteThroughput:0
RealWrittenBytes:0
RealWriteThroughput:0
当前玩家的连接数量:0
当前地图的线程个数：9
当前地图的个数:47
当前数据库执行队列数:0
当前发送队列缓存的对象数量:0
totalMemory：1010827264, use ：589029176, free ：421798088DirectMemory：1827143680, 恢复 ：1
当前时间 ：2026-08-20 13:49:39send keng：2418, sheng ：4194304
decode keng：26, sheng ：2097152
world keng：12, sheng ：1048576

2026-08-20 13:49:44.682 INFO [pool-6-thread-2][:] - /****************流量统计******************/
LastReadBytes:0
LastReadThroughput:0
LastWrittenBytes:0
LastWriteThroughput:0
RealWrittenBytes:0
RealWriteThroughput:0
当前玩家的连接数量:0
当前地图的线程个数：9
当前地图的个数:47
当前数据库执行队列数:0
当前发送队列缓存的对象数量:0
totalMemory：1010827264, use ：591950920, free ：418876344DirectMemory：1827143680, 恢复 ：1
当前时间 ：2026-08-20 13:49:44send keng：2418, sheng ：4194304
decode keng：26, sheng ：2097152
world keng：12, sheng ：1048576

2026-08-20 13:49:49.682 INFO [pool-6-thread-2][:] - /****************流量统计******************/
LastReadBytes:0
LastReadThroughput:0
LastWrittenBytes:0
LastWriteThroughput:0
RealWrittenBytes:0
RealWriteThroughput:0
当前玩家的连接数量:0
当前地图的线程个数：9
当前地图的个数:47
当前数据库执行队列数:0
当前发送队列缓存的对象数量:0
totalMemory：1010827264, use ：595542712, free ：415284552DirectMemory：1827143680, 恢复 ：1
当前时间 ：2026-08-20 13:49:49send keng：2418, sheng ：4194304
decode keng：26, sheng ：2097152
world keng：12, sheng ：1048576

2026-08-20 13:49:54.683 INFO [pool-6-thread-6][:] - /****************流量统计******************/
LastReadBytes:0
LastReadThroughput:0
LastWrittenBytes:0
LastWriteThroughput:0
RealWrittenBytes:0
RealWriteThroughput:0
当前玩家的连接数量:0
当前地图的线程个数：9
当前地图的个数:47
当前数据库执行队列数:0
当前发送队列缓存的对象数量:0
totalMemory：1010827264, use ：598939824, free ：411887440DirectMemory：1827143680, 恢复 ：1
当前时间 ：2026-08-20 13:49:54send keng：2418, sheng ：4194304
decode keng：26, sheng ：2097152
world keng：12, sheng ：1048576

2026-08-20 13:49:59.682 INFO [pool-6-thread-9][:] - /****************流量统计******************/
LastReadBytes:0
LastReadThroughput:0
LastWrittenBytes:0
LastWriteThroughput:0
RealWrittenBytes:0
RealWriteThroughput:0
当前玩家的连接数量:0
当前地图的线程个数：9
当前地图的个数:47
当前数据库执行队列数:0
当前发送队列缓存的对象数量:0
totalMemory：1010827264, use ：602422520, free ：408404744DirectMemory：1827143680, 恢复 ：1
当前时间 ：2026-08-20 13:49:59send keng：2418, sheng ：4194304
decode keng：26, sheng ：2097152
world keng：12, sheng ：1048576

2026-08-20 13:50:04.682 INFO [pool-6-thread-4][:] - /****************流量统计******************/
LastReadBytes:0
LastReadThroughput:0
LastWrittenBytes:0
LastWriteThroughput:0
RealWrittenBytes:0
RealWriteThroughput:0
当前玩家的连接数量:0
当前地图的线程个数：9
当前地图的个数:47
当前数据库执行队列数:0
当前发送队列缓存的对象数量:0
totalMemory：1010827264, use ：605487352, free ：405339912DirectMemory：1827143680, 恢复 ：1
当前时间 ：2026-08-20 13:50:04send keng：2418, sheng ：4194304
decode keng：26, sheng ：2097152
world keng：12, sheng ：1048576

2026-08-20 13:50:09.682 INFO [pool-6-thread-10][:] - /****************流量统计******************/
LastReadBytes:0
LastReadThroughput:0
LastWrittenBytes:0
LastWriteThroughput:0
RealWrittenBytes:0
RealWriteThroughput:0
当前玩家的连接数量:0
当前地图的线程个数：9
当前地图的个数:47
当前数据库执行队列数:0
当前发送队列缓存的对象数量:0
totalMemory：1010827264, use ：608466104, free ：402361160DirectMemory：1827143680, 恢复 ：1
当前时间 ：2026-08-20 13:50:09send keng：2418, sheng ：4194304
decode keng：26, sheng ：2097152
world keng：12, sheng ：1048576

2026-08-20 13:50:14.682 INFO [pool-6-thread-8][:] - /****************流量统计******************/
LastReadBytes:0
LastReadThroughput:0
LastWrittenBytes:0
LastWriteThroughput:0
RealWrittenBytes:0
RealWriteThroughput:0
当前玩家的连接数量:0
当前地图的线程个数：9
当前地图的个数:47
当前数据库执行队列数:0
当前发送队列缓存的对象数量:0
totalMemory：1010827264, use ：613456168, free ：397371096DirectMemory：1827143680, 恢复 ：1
当前时间 ：2026-08-20 13:50:14send keng：2418, sheng ：4194304
decode keng：26, sheng ：2097152
world keng：12, sheng ：1048576

2026-08-20 13:50:19.682 INFO [pool-6-thread-8][:] - /****************流量统计******************/
LastReadBytes:0
LastReadThroughput:0
LastWrittenBytes:0
LastWriteThroughput:0
RealWrittenBytes:0
RealWriteThroughput:0
当前玩家的连接数量:0
当前地图的线程个数：9
当前地图的个数:47
当前数据库执行队列数:0
当前发送队列缓存的对象数量:0
totalMemory：1010827264, use ：615863800, free ：394963464DirectMemory：1827143680, 恢复 ：1
当前时间 ：2026-08-20 13:50:19send keng：2418, sheng ：4194304
decode keng：26, sheng ：2097152
world keng：12, sheng ：1048576

2026-08-20 13:50:24.682 INFO [pool-6-thread-4][:] - /****************流量统计******************/
LastReadBytes:0
LastReadThroughput:0
LastWrittenBytes:0
LastWriteThroughput:0
RealWrittenBytes:0
RealWriteThroughput:0
当前玩家的连接数量:0
当前地图的线程个数：9
当前地图的个数:47
当前数据库执行队列数:0
当前发送队列缓存的对象数量:0
totalMemory：1010827264, use ：620464424, free ：390362840DirectMemory：1827143680, 恢复 ：1
当前时间 ：2026-08-20 13:50:24send keng：2418, sheng ：4194304
decode keng：26, sheng ：2097152
world keng：12, sheng ：1048576

2026-08-20 13:50:29.682 INFO [pool-6-thread-5][:] - /****************流量统计******************/
LastReadBytes:0
LastReadThroughput:0
LastWrittenBytes:0
LastWriteThroughput:0
RealWrittenBytes:0
RealWriteThroughput:0
当前玩家的连接数量:0
当前地图的线程个数：9
当前地图的个数:47
当前数据库执行队列数:0
当前发送队列缓存的对象数量:0
totalMemory：1010827264, use ：623717656, free ：387109608DirectMemory：1827143680, 恢复 ：1
当前时间 ：2026-08-20 13:50:29send keng：2418, sheng ：4194304
decode keng：26, sheng ：2097152
world keng：12, sheng ：1048576

2026-08-20 13:50:34.682 INFO [pool-6-thread-7][:] - /****************流量统计******************/
LastReadBytes:0
LastReadThroughput:0
LastWrittenBytes:0
LastWriteThroughput:0
RealWrittenBytes:0
RealWriteThroughput:0
当前玩家的连接数量:0
当前地图的线程个数：9
当前地图的个数:47
当前数据库执行队列数:0
当前发送队列缓存的对象数量:0
totalMemory：1010827264, use ：626900344, free ：383926920DirectMemory：1827143680, 恢复 ：1
当前时间 ：2026-08-20 13:50:34send keng：2418, sheng ：4194304
decode keng：26, sheng ：2097152
world keng：12, sheng ：1048576

2026-08-20 13:50:39.682 INFO [pool-6-thread-6][:] - /****************流量统计******************/
LastReadBytes:0
LastReadThroughput:0
LastWrittenBytes:0
LastWriteThroughput:0
RealWrittenBytes:0
RealWriteThroughput:0
当前玩家的连接数量:0
当前地图的线程个数：9
当前地图的个数:47
当前数据库执行队列数:0
当前发送队列缓存的对象数量:0
totalMemory：1010827264, use ：630998696, free ：379828568DirectMemory：1827143680, 恢复 ：1
当前时间 ：2026-08-20 13:50:39send keng：2418, sheng ：4194304
decode keng：26, sheng ：2097152
world keng：12, sheng ：1048576

2026-08-20 13:50:44.688 INFO [pool-6-thread-5][:] - /****************流量统计******************/
LastReadBytes:0
LastReadThroughput:0
LastWrittenBytes:0
LastWriteThroughput:0
RealWrittenBytes:0
RealWriteThroughput:0
当前玩家的连接数量:0
当前地图的线程个数：9
当前地图的个数:47
当前数据库执行队列数:0
当前发送队列缓存的对象数量:0
totalMemory：1010827264, use ：634367360, free ：376459904DirectMemory：1827143680, 恢复 ：1
当前时间 ：2026-08-20 13:50:44send keng：2418, sheng ：4194304
decode keng：26, sheng ：2097152
world keng：12, sheng ：1048576

2026-08-20 13:50:49.682 INFO [pool-6-thread-6][:] - /****************流量统计******************/
LastReadBytes:0
LastReadThroughput:0
LastWrittenBytes:0
LastWriteThroughput:0
RealWrittenBytes:0
RealWriteThroughput:0
当前玩家的连接数量:0
当前地图的线程个数：9
当前地图的个数:47
当前数据库执行队列数:0
当前发送队列缓存的对象数量:0
totalMemory：1010827264, use ：636585144, free ：374242120DirectMemory：1827143680, 恢复 ：1
当前时间 ：2026-08-20 13:50:49send keng：2418, sheng ：4194304
decode keng：26, sheng ：2097152
world keng：12, sheng ：1048576

2026-08-20 13:50:54.682 INFO [pool-6-thread-5][:] - /****************流量统计******************/
LastReadBytes:0
LastReadThroughput:0
LastWrittenBytes:0
LastWriteThroughput:0
RealWrittenBytes:0
RealWriteThroughput:0
当前玩家的连接数量:0
当前地图的线程个数：9
当前地图的个数:47
当前数据库执行队列数:0
当前发送队列缓存的对象数量:0
totalMemory：1010827264, use ：641818216, free ：369009048DirectMemory：1827143680, 恢复 ：1
当前时间 ：2026-08-20 13:50:54send keng：2418, sheng ：4194304
decode keng：26, sheng ：2097152
world keng：12, sheng ：1048576

2026-08-20 13:50:59.682 INFO [pool-6-thread-1][:] - /****************流量统计******************/
LastReadBytes:0
LastReadThroughput:0
LastWrittenBytes:0
LastWriteThroughput:0
RealWrittenBytes:0
RealWriteThroughput:0
当前玩家的连接数量:0
当前地图的线程个数：9
当前地图的个数:47
当前数据库执行队列数:0
当前发送队列缓存的对象数量:0
totalMemory：1010827264, use ：643845024, free ：366982240DirectMemory：1827143680, 恢复 ：1
当前时间 ：2026-08-20 13:50:59send keng：2418, sheng ：4194304
decode keng：26, sheng ：2097152
world keng：12, sheng ：1048576

2026-08-20 13:51:04.682 INFO [pool-6-thread-8][:] - /****************流量统计******************/
LastReadBytes:0
LastReadThroughput:0
LastWrittenBytes:0
LastWriteThroughput:0
RealWrittenBytes:0
RealWriteThroughput:0
当前玩家的连接数量:0
当前地图的线程个数：9
当前地图的个数:47
当前数据库执行队列数:0
当前发送队列缓存的对象数量:0
totalMemory：1010827264, use ：648880000, free ：361947264DirectMemory：1827143680, 恢复 ：1
当前时间 ：2026-08-20 13:51:04send keng：2418, sheng ：4194304
decode keng：26, sheng ：2097152
world keng：12, sheng ：1048576

2026-08-20 13:51:09.682 INFO [pool-6-thread-9][:] - /****************流量统计******************/
LastReadBytes:0
LastReadThroughput:0
LastWrittenBytes:0
LastWriteThroughput:0
RealWrittenBytes:0
RealWriteThroughput:0
当前玩家的连接数量:0
当前地图的线程个数：9
当前地图的个数:47
当前数据库执行队列数:0
当前发送队列缓存的对象数量:0
totalMemory：1010827264, use ：650820680, free ：360006584DirectMemory：1827143680, 恢复 ：1
当前时间 ：2026-08-20 13:51:09send keng：2418, sheng ：4194304
decode keng：26, sheng ：2097152
world keng：12, sheng ：1048576

2026-08-20 13:51:14.682 INFO [pool-6-thread-1][:] - /****************流量统计******************/
LastReadBytes:0
LastReadThroughput:0
LastWrittenBytes:0
LastWriteThroughput:0
RealWrittenBytes:0
RealWriteThroughput:0
当前玩家的连接数量:0
当前地图的线程个数：9
当前地图的个数:47
当前数据库执行队列数:0
当前发送队列缓存的对象数量:0
totalMemory：1010827264, use ：656807520, free ：354019744DirectMemory：1827143680, 恢复 ：1
当前时间 ：2026-08-20 13:51:14send keng：2418, sheng ：4194304
decode keng：26, sheng ：2097152
world keng：12, sheng ：1048576

2026-08-20 13:51:19.682 INFO [pool-6-thread-7][:] - /****************流量统计******************/
LastReadBytes:0
LastReadThroughput:0
LastWrittenBytes:0
LastWriteThroughput:0
RealWrittenBytes:0
RealWriteThroughput:0
当前玩家的连接数量:0
当前地图的线程个数：9
当前地图的个数:47
当前数据库执行队列数:0
当前发送队列缓存的对象数量:0
totalMemory：1010827264, use ：657354864, free ：353472400DirectMemory：1827143680, 恢复 ：1
当前时间 ：2026-08-20 13:51:19send keng：2418, sheng ：4194304
decode keng：26, sheng ：2097152
world keng：12, sheng ：1048576

2026-08-20 13:51:24.682 INFO [pool-6-thread-3][:] - /****************流量统计******************/
LastReadBytes:0
LastReadThroughput:0
LastWrittenBytes:0
LastWriteThroughput:0
RealWrittenBytes:0
RealWriteThroughput:0
当前玩家的连接数量:0
当前地图的线程个数：9
当前地图的个数:47
当前数据库执行队列数:0
当前发送队列缓存的对象数量:0
totalMemory：1010827264, use ：663230448, free ：347596816DirectMemory：1827143680, 恢复 ：1
当前时间 ：2026-08-20 13:51:24send keng：2418, sheng ：4194304
decode keng：26, sheng ：2097152
world keng：12, sheng ：1048576

2026-08-20 13:51:29.682 INFO [pool-6-thread-4][:] - /****************流量统计******************/
LastReadBytes:0
LastReadThroughput:0
LastWrittenBytes:0
LastWriteThroughput:0
RealWrittenBytes:0
RealWriteThroughput:0
当前玩家的连接数量:0
当前地图的线程个数：9
当前地图的个数:47
当前数据库执行队列数:0
当前发送队列缓存的对象数量:0
totalMemory：1010827264, use ：665292568, free ：345534696DirectMemory：1827143680, 恢复 ：1
当前时间 ：2026-08-20 13:51:29send keng：2418, sheng ：4194304
decode keng：26, sheng ：2097152
world keng：12, sheng ：1048576

2026-08-20 13:51:34.682 INFO [pool-6-thread-7][:] - /****************流量统计******************/
LastReadBytes:0
LastReadThroughput:0
LastWrittenBytes:0
LastWriteThroughput:0
RealWrittenBytes:0
RealWriteThroughput:0
当前玩家的连接数量:0
当前地图的线程个数：9
当前地图的个数:47
当前数据库执行队列数:0
当前发送队列缓存的对象数量:0
totalMemory：1010827264, use ：670672400, free ：340154864DirectMemory：1827143680, 恢复 ：1
当前时间 ：2026-08-20 13:51:34send keng：2418, sheng ：4194304
decode keng：26, sheng ：2097152
world keng：12, sheng ：1048576

2026-08-20 13:51:39.682 INFO [pool-6-thread-2][:] - /****************流量统计******************/
LastReadBytes:0
LastReadThroughput:0
LastWrittenBytes:0
LastWriteThroughput:0
RealWrittenBytes:0
RealWriteThroughput:0
当前玩家的连接数量:0
当前地图的线程个数：9
当前地图的个数:47
当前数据库执行队列数:0
当前发送队列缓存的对象数量:0
totalMemory：1010827264, use ：672695064, free ：338132200DirectMemory：1827143680, 恢复 ：1
当前时间 ：2026-08-20 13:51:39send keng：2418, sheng ：4194304
decode keng：26, sheng ：2097152
world keng：12, sheng ：1048576

2026-08-20 13:51:44.683 INFO [pool-6-thread-5][:] - /****************流量统计******************/
LastReadBytes:0
LastReadThroughput:0
LastWrittenBytes:0
LastWriteThroughput:0
RealWrittenBytes:0
RealWriteThroughput:0
当前玩家的连接数量:0
当前地图的线程个数：9
当前地图的个数:47
当前数据库执行队列数:0
当前发送队列缓存的对象数量:0
totalMemory：1010827264, use ：676584440, free ：334242824DirectMemory：1827143680, 恢复 ：1
当前时间 ：2026-08-20 13:51:44send keng：2418, sheng ：4194304
decode keng：26, sheng ：2097152
world keng：12, sheng ：1048576

2026-08-20 13:51:49.682 INFO [pool-6-thread-7][:] - /****************流量统计******************/
LastReadBytes:0
LastReadThroughput:0
LastWrittenBytes:0
LastWriteThroughput:0
RealWrittenBytes:0
RealWriteThroughput:0
当前玩家的连接数量:0
当前地图的线程个数：9
当前地图的个数:47
当前数据库执行队列数:0
当前发送队列缓存的对象数量:0
totalMemory：1010827264, use ：680164824, free ：330662440DirectMemory：1827143680, 恢复 ：1
当前时间 ：2026-08-20 13:51:49send keng：2418, sheng ：4194304
decode keng：26, sheng ：2097152
world keng：12, sheng ：1048576

2026-08-20 13:51:54.682 INFO [pool-6-thread-4][:] - /****************流量统计******************/
LastReadBytes:0
LastReadThroughput:0
LastWrittenBytes:0
LastWriteThroughput:0
RealWrittenBytes:0
RealWriteThroughput:0
当前玩家的连接数量:0
当前地图的线程个数：9
当前地图的个数:47
当前数据库执行队列数:0
当前发送队列缓存的对象数量:0
totalMemory：1010827264, use ：683486416, free ：327340848DirectMemory：1827143680, 恢复 ：1
当前时间 ：2026-08-20 13:51:54send keng：2418, sheng ：4194304
decode keng：26, sheng ：2097152
world keng：12, sheng ：1048576

2026-08-20 13:51:59.682 INFO [pool-6-thread-1][:] - /****************流量统计******************/
LastReadBytes:0
LastReadThroughput:0
LastWrittenBytes:0
LastWriteThroughput:0
RealWrittenBytes:0
RealWriteThroughput:0
当前玩家的连接数量:0
当前地图的线程个数：9
当前地图的个数:47
当前数据库执行队列数:0
当前发送队列缓存的对象数量:0
totalMemory：1010827264, use ：687635832, free ：323191432DirectMemory：1827143680, 恢复 ：1
当前时间 ：2026-08-20 13:51:59send keng：2418, sheng ：4194304
decode keng：26, sheng ：2097152
world keng：12, sheng ：1048576

2026-08-20 13:52:04.682 INFO [pool-6-thread-4][:] - /****************流量统计******************/
LastReadBytes:0
LastReadThroughput:0
LastWrittenBytes:0
LastWriteThroughput:0
RealWrittenBytes:0
RealWriteThroughput:0
当前玩家的连接数量:0
当前地图的线程个数：9
当前地图的个数:47
当前数据库执行队列数:0
当前发送队列缓存的对象数量:0
totalMemory：1010827264, use ：691522240, free ：319305024DirectMemory：1827143680, 恢复 ：1
当前时间 ：2026-08-20 13:52:04send keng：2418, sheng ：4194304
decode keng：26, sheng ：2097152
world keng：12, sheng ：1048576

2026-08-20 13:52:09.682 INFO [pool-6-thread-5][:] - /****************流量统计******************/
LastReadBytes:0
LastReadThroughput:0
LastWrittenBytes:0
LastWriteThroughput:0
RealWrittenBytes:0
RealWriteThroughput:0
当前玩家的连接数量:0
当前地图的线程个数：9
当前地图的个数:47
当前数据库执行队列数:0
当前发送队列缓存的对象数量:0
totalMemory：1010827264, use ：695157608, free ：315669656DirectMemory：1827143680, 恢复 ：1
当前时间 ：2026-08-20 13:52:09send keng：2418, sheng ：4194304
decode keng：26, sheng ：2097152
world keng：12, sheng ：1048576

2026-08-20 13:52:14.682 INFO [pool-6-thread-8][:] - /****************流量统计******************/
LastReadBytes:0
LastReadThroughput:0
LastWrittenBytes:0
LastWriteThroughput:0
RealWrittenBytes:0
RealWriteThroughput:0
当前玩家的连接数量:0
当前地图的线程个数：9
当前地图的个数:47
当前数据库执行队列数:0
当前发送队列缓存的对象数量:0
totalMemory：1010827264, use ：698451080, free ：312376184DirectMemory：1827143680, 恢复 ：1
当前时间 ：2026-08-20 13:52:14send keng：2418, sheng ：4194304
decode keng：26, sheng ：2097152
world keng：12, sheng ：1048576

2026-08-20 13:52:19.682 INFO [pool-6-thread-10][:] - /****************流量统计******************/
LastReadBytes:0
LastReadThroughput:0
LastWrittenBytes:0
LastWriteThroughput:0
RealWrittenBytes:0
RealWriteThroughput:0
当前玩家的连接数量:0
当前地图的线程个数：9
当前地图的个数:47
当前数据库执行队列数:0
当前发送队列缓存的对象数量:0
totalMemory：1010827264, use ：702710448, free ：308116816DirectMemory：1827143680, 恢复 ：1
当前时间 ：2026-08-20 13:52:19send keng：2418, sheng ：4194304
decode keng：26, sheng ：2097152
world keng：12, sheng ：1048576

2026-08-20 13:52:24.683 INFO [pool-6-thread-4][:] - /****************流量统计******************/
LastReadBytes:0
LastReadThroughput:0
LastWrittenBytes:0
LastWriteThroughput:0
RealWrittenBytes:0
RealWriteThroughput:0
当前玩家的连接数量:0
当前地图的线程个数：9
当前地图的个数:47
当前数据库执行队列数:0
当前发送队列缓存的对象数量:0
totalMemory：1010827264, use ：705774224, free ：305053040DirectMemory：1827143680, 恢复 ：1
当前时间 ：2026-08-20 13:52:24send keng：2418, sheng ：4194304
decode keng：26, sheng ：2097152
world keng：12, sheng ：1048576

2026-08-20 13:52:29.682 INFO [pool-6-thread-8][:] - /****************流量统计******************/
LastReadBytes:0
LastReadThroughput:0
LastWrittenBytes:0
LastWriteThroughput:0
RealWrittenBytes:0
RealWriteThroughput:0
当前玩家的连接数量:0
当前地图的线程个数：9
当前地图的个数:47
当前数据库执行队列数:0
当前发送队列缓存的对象数量:0
totalMemory：1010827264, use ：709675960, free ：301151304DirectMemory：1827143680, 恢复 ：1
当前时间 ：2026-08-20 13:52:29send keng：2418, sheng ：4194304
decode keng：26, sheng ：2097152
world keng：12, sheng ：1048576

2026-08-20 13:52:34.684 INFO [pool-6-thread-6][:] - /****************流量统计******************/
LastReadBytes:0
LastReadThroughput:0
LastWrittenBytes:0
LastWriteThroughput:0
RealWrittenBytes:0
RealWriteThroughput:0
当前玩家的连接数量:0
当前地图的线程个数：9
当前地图的个数:47
当前数据库执行队列数:0
当前发送队列缓存的对象数量:0
totalMemory：1010827264, use ：712898248, free ：297929016DirectMemory：1827143680, 恢复 ：1
当前时间 ：2026-08-20 13:52:34send keng：2418, sheng ：4194304
decode keng：26, sheng ：2097152
world keng：12, sheng ：1048576

2026-08-20 13:52:39.682 INFO [pool-6-thread-2][:] - /****************流量统计******************/
LastReadBytes:0
LastReadThroughput:0
LastWrittenBytes:0
LastWriteThroughput:0
RealWrittenBytes:0
RealWriteThroughput:0
当前玩家的连接数量:0
当前地图的线程个数：9
当前地图的个数:47
当前数据库执行队列数:0
当前发送队列缓存的对象数量:0
totalMemory：1010827264, use ：716603232, free ：294224032DirectMemory：1827143680, 恢复 ：1
当前时间 ：2026-08-20 13:52:39send keng：2418, sheng ：4194304
decode keng：26, sheng ：2097152
world keng：12, sheng ：1048576

2026-08-20 13:52:44.682 INFO [pool-6-thread-4][:] - /****************流量统计******************/
LastReadBytes:0
LastReadThroughput:0
LastWrittenBytes:0
LastWriteThroughput:0
RealWrittenBytes:0
RealWriteThroughput:0
当前玩家的连接数量:0
当前地图的线程个数：9
当前地图的个数:47
当前数据库执行队列数:0
当前发送队列缓存的对象数量:0
totalMemory：1010827264, use ：719184424, free ：291642840DirectMemory：1827143680, 恢复 ：1
当前时间 ：2026-08-20 13:52:44send keng：2418, sheng ：4194304
decode keng：26, sheng ：2097152
world keng：12, sheng ：1048576

2026-08-20 13:52:49.682 INFO [pool-6-thread-1][:] - /****************流量统计******************/
LastReadBytes:0
LastReadThroughput:0
LastWrittenBytes:0
LastWriteThroughput:0
RealWrittenBytes:0
RealWriteThroughput:0
当前玩家的连接数量:0
当前地图的线程个数：9
当前地图的个数:47
当前数据库执行队列数:0
当前发送队列缓存的对象数量:0
totalMemory：1010827264, use ：723554592, free ：287272672DirectMemory：1827143680, 恢复 ：1
当前时间 ：2026-08-20 13:52:49send keng：2418, sheng ：4194304
decode keng：26, sheng ：2097152
world keng：12, sheng ：1048576

2026-08-20 13:52:54.682 INFO [pool-6-thread-1][:] - /****************流量统计******************/
LastReadBytes:0
LastReadThroughput:0
LastWrittenBytes:0
LastWriteThroughput:0
RealWrittenBytes:0
RealWriteThroughput:0
当前玩家的连接数量:0
当前地图的线程个数：9
当前地图的个数:47
当前数据库执行队列数:0
当前发送队列缓存的对象数量:0
totalMemory：1010827264, use ：726530936, free ：284296328DirectMemory：1827143680, 恢复 ：1
当前时间 ：2026-08-20 13:52:54send keng：2418, sheng ：4194304
decode keng：26, sheng ：2097152
world keng：12, sheng ：1048576

2026-08-20 13:52:59.682 INFO [pool-6-thread-5][:] - /****************流量统计******************/
LastReadBytes:0
LastReadThroughput:0
LastWrittenBytes:0
LastWriteThroughput:0
RealWrittenBytes:0
RealWriteThroughput:0
当前玩家的连接数量:0
当前地图的线程个数：9
当前地图的个数:47
当前数据库执行队列数:0
当前发送队列缓存的对象数量:0
totalMemory：1010827264, use ：730930768, free ：279896496DirectMemory：1827143680, 恢复 ：1
当前时间 ：2026-08-20 13:52:59send keng：2418, sheng ：4194304
decode keng：26, sheng ：2097152
world keng：12, sheng ：1048576

2026-08-20 13:53:04.682 INFO [pool-6-thread-1][:] - /****************流量统计******************/
LastReadBytes:0
LastReadThroughput:0
LastWrittenBytes:0
LastWriteThroughput:0
RealWrittenBytes:0
RealWriteThroughput:0
当前玩家的连接数量:0
当前地图的线程个数：9
当前地图的个数:47
当前数据库执行队列数:0
当前发送队列缓存的对象数量:0
totalMemory：1010827264, use ：733596280, free ：277230984DirectMemory：1827143680, 恢复 ：1
当前时间 ：2026-08-20 13:53:04send keng：2418, sheng ：4194304
decode keng：26, sheng ：2097152
world keng：12, sheng ：1048576

2026-08-20 13:53:09.682 INFO [pool-6-thread-6][:] - /****************流量统计******************/
LastReadBytes:0
LastReadThroughput:0
LastWrittenBytes:0
LastWriteThroughput:0
RealWrittenBytes:0
RealWriteThroughput:0
当前玩家的连接数量:0
当前地图的线程个数：9
当前地图的个数:47
当前数据库执行队列数:0
当前发送队列缓存的对象数量:0
totalMemory：1010827264, use ：738012872, free ：272814392DirectMemory：1827143680, 恢复 ：1
当前时间 ：2026-08-20 13:53:09send keng：2418, sheng ：4194304
decode keng：26, sheng ：2097152
world keng：12, sheng ：1048576

2026-08-20 13:53:14.682 INFO [pool-6-thread-10][:] - /****************流量统计******************/
LastReadBytes:0
LastReadThroughput:0
LastWrittenBytes:0
LastWriteThroughput:0
RealWrittenBytes:0
RealWriteThroughput:0
当前玩家的连接数量:0
当前地图的线程个数：9
当前地图的个数:47
当前数据库执行队列数:0
当前发送队列缓存的对象数量:0
totalMemory：1010827264, use ：740999120, free ：269828144DirectMemory：1827143680, 恢复 ：1
当前时间 ：2026-08-20 13:53:14send keng：2418, sheng ：4194304
decode keng：26, sheng ：2097152
world keng：12, sheng ：1048576

2026-08-20 13:53:19.682 INFO [pool-6-thread-1][:] - /****************流量统计******************/
LastReadBytes:0
LastReadThroughput:0
LastWrittenBytes:0
LastWriteThroughput:0
RealWrittenBytes:0
RealWriteThroughput:0
当前玩家的连接数量:0
当前地图的线程个数：9
当前地图的个数:47
当前数据库执行队列数:0
当前发送队列缓存的对象数量:0
totalMemory：1010827264, use ：744016816, free ：266810448DirectMemory：1827143680, 恢复 ：1
当前时间 ：2026-08-20 13:53:19send keng：2418, sheng ：4194304
decode keng：26, sheng ：2097152
world keng：12, sheng ：1048576

2026-08-20 13:53:24.682 INFO [pool-6-thread-3][:] - /****************流量统计******************/
LastReadBytes:0
LastReadThroughput:0
LastWrittenBytes:0
LastWriteThroughput:0
RealWrittenBytes:0
RealWriteThroughput:0
当前玩家的连接数量:0
当前地图的线程个数：9
当前地图的个数:47
当前数据库执行队列数:0
当前发送队列缓存的对象数量:0
totalMemory：1010827264, use ：748513712, free ：262313552DirectMemory：1827143680, 恢复 ：1
当前时间 ：2026-08-20 13:53:24send keng：2418, sheng ：4194304
decode keng：26, sheng ：2097152
world keng：12, sheng ：1048576

2026-08-20 13:53:29.682 INFO [pool-6-thread-4][:] - /****************流量统计******************/
LastReadBytes:0
LastReadThroughput:0
LastWrittenBytes:0
LastWriteThroughput:0
RealWrittenBytes:0
RealWriteThroughput:0
当前玩家的连接数量:0
当前地图的线程个数：9
当前地图的个数:47
当前数据库执行队列数:0
当前发送队列缓存的对象数量:0
totalMemory：1010827264, use ：751364000, free ：259463264DirectMemory：1827143680, 恢复 ：1
当前时间 ：2026-08-20 13:53:29send keng：2418, sheng ：4194304
decode keng：26, sheng ：2097152
world keng：12, sheng ：1048576

2026-08-20 13:53:34.682 INFO [pool-6-thread-1][:] - /****************流量统计******************/
LastReadBytes:0
LastReadThroughput:0
LastWrittenBytes:0
LastWriteThroughput:0
RealWrittenBytes:0
RealWriteThroughput:0
当前玩家的连接数量:0
当前地图的线程个数：9
当前地图的个数:47
当前数据库执行队列数:0
当前发送队列缓存的对象数量:0
totalMemory：1010827264, use ：755512784, free ：255314480DirectMemory：1827143680, 恢复 ：1
当前时间 ：2026-08-20 13:53:34send keng：2418, sheng ：4194304
decode keng：26, sheng ：2097152
world keng：12, sheng ：1048576

2026-08-20 13:53:39.682 INFO [pool-6-thread-5][:] - /****************流量统计******************/
LastReadBytes:0
LastReadThroughput:0
LastWrittenBytes:0
LastWriteThroughput:0
RealWrittenBytes:0
RealWriteThroughput:0
当前玩家的连接数量:0
当前地图的线程个数：9
当前地图的个数:47
当前数据库执行队列数:0
当前发送队列缓存的对象数量:0
totalMemory：1010827264, use ：758795368, free ：252031896DirectMemory：1827143680, 恢复 ：1
当前时间 ：2026-08-20 13:53:39send keng：2418, sheng ：4194304
decode keng：26, sheng ：2097152
world keng：12, sheng ：1048576

2026-08-20 13:53:44.683 INFO [pool-6-thread-9][:] - /****************流量统计******************/
LastReadBytes:0
LastReadThroughput:0
LastWrittenBytes:0
LastWriteThroughput:0
RealWrittenBytes:0
RealWriteThroughput:0
当前玩家的连接数量:0
当前地图的线程个数：9
当前地图的个数:47
当前数据库执行队列数:0
当前发送队列缓存的对象数量:0
totalMemory：1010827264, use ：762915264, free ：247912000DirectMemory：1827143680, 恢复 ：1
当前时间 ：2026-08-20 13:53:44send keng：2418, sheng ：4194304
decode keng：26, sheng ：2097152
world keng：12, sheng ：1048576

2026-08-20 13:53:49.682 INFO [pool-6-thread-5][:] - /****************流量统计******************/
LastReadBytes:0
LastReadThroughput:0
LastWrittenBytes:0
LastWriteThroughput:0
RealWrittenBytes:0
RealWriteThroughput:0
当前玩家的连接数量:0
当前地图的线程个数：9
当前地图的个数:47
当前数据库执行队列数:0
当前发送队列缓存的对象数量:0
totalMemory：1010827264, use ：766256848, free ：244570416DirectMemory：1827143680, 恢复 ：1
当前时间 ：2026-08-20 13:53:49send keng：2418, sheng ：4194304
decode keng：26, sheng ：2097152
world keng：12, sheng ：1048576

2026-08-20 13:53:54.682 INFO [pool-6-thread-3][:] - /****************流量统计******************/
LastReadBytes:0
LastReadThroughput:0
LastWrittenBytes:0
LastWriteThroughput:0
RealWrittenBytes:0
RealWriteThroughput:0
当前玩家的连接数量:0
当前地图的线程个数：9
当前地图的个数:47
当前数据库执行队列数:0
当前发送队列缓存的对象数量:0
totalMemory：1010827264, use ：768923128, free ：241904136DirectMemory：1827143680, 恢复 ：1
当前时间 ：2026-08-20 13:53:54send keng：2418, sheng ：4194304
decode keng：26, sheng ：2097152
world keng：12, sheng ：1048576

2026-08-20 13:53:59.682 INFO [pool-6-thread-3][:] - /****************流量统计******************/
LastReadBytes:0
LastReadThroughput:0
LastWrittenBytes:0
LastWriteThroughput:0
RealWrittenBytes:0
RealWriteThroughput:0
当前玩家的连接数量:0
当前地图的线程个数：9
当前地图的个数:47
当前数据库执行队列数:0
当前发送队列缓存的对象数量:0
totalMemory：1010827264, use ：773606400, free ：237220864DirectMemory：1827143680, 恢复 ：1
当前时间 ：2026-08-20 13:53:59send keng：2418, sheng ：4194304
decode keng：26, sheng ：2097152
world keng：12, sheng ：1048576

2026-08-20 13:54:04.683 INFO [pool-6-thread-4][:] - /****************流量统计******************/
LastReadBytes:0
LastReadThroughput:0
LastWrittenBytes:0
LastWriteThroughput:0
RealWrittenBytes:0
RealWriteThroughput:0
当前玩家的连接数量:0
当前地图的线程个数：9
当前地图的个数:47
当前数据库执行队列数:0
当前发送队列缓存的对象数量:0
totalMemory：1010827264, use ：776943240, free ：233884024DirectMemory：1827143680, 恢复 ：1
当前时间 ：2026-08-20 13:54:04send keng：2418, sheng ：4194304
decode keng：26, sheng ：2097152
world keng：12, sheng ：1048576

2026-08-20 13:54:09.682 INFO [pool-6-thread-5][:] - /****************流量统计******************/
LastReadBytes:0
LastReadThroughput:0
LastWrittenBytes:0
LastWriteThroughput:0
RealWrittenBytes:0
RealWriteThroughput:0
当前玩家的连接数量:0
当前地图的线程个数：9
当前地图的个数:47
当前数据库执行队列数:0
当前发送队列缓存的对象数量:0
totalMemory：1010827264, use ：780122248, free ：230705016DirectMemory：1827143680, 恢复 ：1
当前时间 ：2026-08-20 13:54:09send keng：2418, sheng ：4194304
decode keng：26, sheng ：2097152
world keng：12, sheng ：1048576

2026-08-20 13:54:14.682 INFO [pool-6-thread-5][:] - /****************流量统计******************/
LastReadBytes:0
LastReadThroughput:0
LastWrittenBytes:0
LastWriteThroughput:0
RealWrittenBytes:0
RealWriteThroughput:0
当前玩家的连接数量:0
当前地图的线程个数：9
当前地图的个数:47
当前数据库执行队列数:0
当前发送队列缓存的对象数量:0
totalMemory：1010827264, use ：784392624, free ：226434640DirectMemory：1827143680, 恢复 ：1
当前时间 ：2026-08-20 13:54:14send keng：2418, sheng ：4194304
decode keng：26, sheng ：2097152
world keng：12, sheng ：1048576

2026-08-20 13:54:19.682 INFO [pool-6-thread-10][:] - /****************流量统计******************/
LastReadBytes:0
LastReadThroughput:0
LastWrittenBytes:0
LastWriteThroughput:0
RealWrittenBytes:0
RealWriteThroughput:0
当前玩家的连接数量:0
当前地图的线程个数：9
当前地图的个数:47
当前数据库执行队列数:0
当前发送队列缓存的对象数量:0
totalMemory：1010827264, use ：788356880, free ：222470384DirectMemory：1827143680, 恢复 ：1
当前时间 ：2026-08-20 13:54:19send keng：2418, sheng ：4194304
decode keng：26, sheng ：2097152
world keng：12, sheng ：1048576

2026-08-20 13:54:24.682 INFO [pool-6-thread-10][:] - /****************流量统计******************/
LastReadBytes:0
LastReadThroughput:0
LastWrittenBytes:0
LastWriteThroughput:0
RealWrittenBytes:0
RealWriteThroughput:0
当前玩家的连接数量:0
当前地图的线程个数：9
当前地图的个数:47
当前数据库执行队列数:0
当前发送队列缓存的对象数量:0
totalMemory：1010827264, use ：791386384, free ：219440880DirectMemory：1827143680, 恢复 ：1
当前时间 ：2026-08-20 13:54:24send keng：2418, sheng ：4194304
decode keng：26, sheng ：2097152
world keng：12, sheng ：1048576

2026-08-20 13:54:29.682 INFO [pool-6-thread-1][:] - /****************流量统计******************/
LastReadBytes:0
LastReadThroughput:0
LastWrittenBytes:0
LastWriteThroughput:0
RealWrittenBytes:0
RealWriteThroughput:0
当前玩家的连接数量:0
当前地图的线程个数：9
当前地图的个数:47
当前数据库执行队列数:0
当前发送队列缓存的对象数量:0
totalMemory：1010827264, use ：794627744, free ：216199520DirectMemory：1827143680, 恢复 ：1
当前时间 ：2026-08-20 13:54:29send keng：2418, sheng ：4194304
decode keng：26, sheng ：2097152
world keng：12, sheng ：1048576

2026-08-20 13:54:34.682 INFO [pool-6-thread-2][:] - /****************流量统计******************/
LastReadBytes:0
LastReadThroughput:0
LastWrittenBytes:0
LastWriteThroughput:0
RealWrittenBytes:0
RealWriteThroughput:0
当前玩家的连接数量:0
当前地图的线程个数：9
当前地图的个数:47
当前数据库执行队列数:0
当前发送队列缓存的对象数量:0
totalMemory：1010827264, use ：424568664, free ：586258600DirectMemory：1827143680, 恢复 ：1
当前时间 ：2026-08-20 13:54:34send keng：2418, sheng ：4194304
decode keng：26, sheng ：2097152
world keng：12, sheng ：1048576

2026-08-20 13:54:39.682 INFO [pool-6-thread-7][:] - /****************流量统计******************/
LastReadBytes:0
LastReadThroughput:0
LastWrittenBytes:0
LastWriteThroughput:0
RealWrittenBytes:0
RealWriteThroughput:0
当前玩家的连接数量:0
当前地图的线程个数：9
当前地图的个数:47
当前数据库执行队列数:0
当前发送队列缓存的对象数量:0
totalMemory：1010827264, use ：426004576, free ：584822688DirectMemory：1827143680, 恢复 ：1
当前时间 ：2026-08-20 13:54:39send keng：2418, sheng ：4194304
decode keng：26, sheng ：2097152
world keng：12, sheng ：1048576

2026-08-20 13:54:44.682 INFO [pool-6-thread-1][:] - /****************流量统计******************/
LastReadBytes:0
LastReadThroughput:0
LastWrittenBytes:0
LastWriteThroughput:0
RealWrittenBytes:0
RealWriteThroughput:0
当前玩家的连接数量:0
当前地图的线程个数：9
当前地图的个数:47
当前数据库执行队列数:0
当前发送队列缓存的对象数量:0
totalMemory：1010827264, use ：431019104, free ：579808160DirectMemory：1827143680, 恢复 ：1
当前时间 ：2026-08-20 13:54:44send keng：2418, sheng ：4194304
decode keng：26, sheng ：2097152
world keng：12, sheng ：1048576

2026-08-20 13:54:49.682 INFO [pool-6-thread-2][:] - /****************流量统计******************/
LastReadBytes:0
LastReadThroughput:0
LastWrittenBytes:0
LastWriteThroughput:0
RealWrittenBytes:0
RealWriteThroughput:0
当前玩家的连接数量:0
当前地图的线程个数：9
当前地图的个数:47
当前数据库执行队列数:0
当前发送队列缓存的对象数量:0
totalMemory：1010827264, use ：433485320, free ：577341944DirectMemory：1827143680, 恢复 ：1
当前时间 ：2026-08-20 13:54:49send keng：2418, sheng ：4194304
decode keng：26, sheng ：2097152
world keng：12, sheng ：1048576

2026-08-20 13:54:54.682 INFO [pool-6-thread-9][:] - /****************流量统计******************/
LastReadBytes:0
LastReadThroughput:0
LastWrittenBytes:0
LastWriteThroughput:0
RealWrittenBytes:0
RealWriteThroughput:0
当前玩家的连接数量:0
当前地图的线程个数：9
当前地图的个数:47
当前数据库执行队列数:0
当前发送队列缓存的对象数量:0
totalMemory：1010827264, use ：437979696, free ：572847568DirectMemory：1827143680, 恢复 ：1
当前时间 ：2026-08-20 13:54:54send keng：2418, sheng ：4194304
decode keng：26, sheng ：2097152
world keng：12, sheng ：1048576

2026-08-20 13:54:59.682 INFO [pool-6-thread-6][:] - /****************流量统计******************/
LastReadBytes:0
LastReadThroughput:0
LastWrittenBytes:0
LastWriteThroughput:0
RealWrittenBytes:0
RealWriteThroughput:0
当前玩家的连接数量:0
当前地图的线程个数：9
当前地图的个数:47
当前数据库执行队列数:0
当前发送队列缓存的对象数量:0
totalMemory：1010827264, use ：440890360, free ：569936904DirectMemory：1827143680, 恢复 ：1
当前时间 ：2026-08-20 13:54:59send keng：2418, sheng ：4194304
decode keng：26, sheng ：2097152
world keng：12, sheng ：1048576

2026-08-20 13:55:04.682 INFO [pool-6-thread-9][:] - /****************流量统计******************/
LastReadBytes:0
LastReadThroughput:0
LastWrittenBytes:0
LastWriteThroughput:0
RealWrittenBytes:0
RealWriteThroughput:0
当前玩家的连接数量:0
当前地图的线程个数：9
当前地图的个数:47
当前数据库执行队列数:0
当前发送队列缓存的对象数量:0
totalMemory：1010827264, use ：446095528, free ：564731736DirectMemory：1827143680, 恢复 ：1
当前时间 ：2026-08-20 13:55:04send keng：2418, sheng ：4194304
decode keng：26, sheng ：2097152
world keng：12, sheng ：1048576

2026-08-20 13:55:09.682 INFO [pool-6-thread-10][:] - /****************流量统计******************/
LastReadBytes:0
LastReadThroughput:0
LastWrittenBytes:0
LastWriteThroughput:0
RealWrittenBytes:0
RealWriteThroughput:0
当前玩家的连接数量:0
当前地图的线程个数：9
当前地图的个数:47
当前数据库执行队列数:0
当前发送队列缓存的对象数量:0
totalMemory：1010827264, use ：447541696, free ：563285568DirectMemory：1827143680, 恢复 ：1
当前时间 ：2026-08-20 13:55:09send keng：2418, sheng ：4194304
decode keng：26, sheng ：2097152
world keng：12, sheng ：1048576

2026-08-20 13:55:14.682 INFO [pool-6-thread-2][:] - /****************流量统计******************/
LastReadBytes:0
LastReadThroughput:0
LastWrittenBytes:0
LastWriteThroughput:0
RealWrittenBytes:0
RealWriteThroughput:0
当前玩家的连接数量:0
当前地图的线程个数：9
当前地图的个数:47
当前数据库执行队列数:0
当前发送队列缓存的对象数量:0
totalMemory：1010827264, use ：453484144, free ：557343120DirectMemory：1827143680, 恢复 ：1
当前时间 ：2026-08-20 13:55:14send keng：2418, sheng ：4194304
decode keng：26, sheng ：2097152
world keng：12, sheng ：1048576

2026-08-20 13:55:19.682 INFO [pool-6-thread-10][:] - /****************流量统计******************/
LastReadBytes:0
LastReadThroughput:0
LastWrittenBytes:0
LastWriteThroughput:0
RealWrittenBytes:0
RealWriteThroughput:0
当前玩家的连接数量:0
当前地图的线程个数：9
当前地图的个数:47
当前数据库执行队列数:0
当前发送队列缓存的对象数量:0
totalMemory：1010827264, use ：455049680, free ：555777584DirectMemory：1827143680, 恢复 ：1
当前时间 ：2026-08-20 13:55:19send keng：2418, sheng ：4194304
decode keng：26, sheng ：2097152
world keng：12, sheng ：1048576

2026-08-20 13:55:24.682 INFO [pool-6-thread-3][:] - /****************流量统计******************/
LastReadBytes:0
LastReadThroughput:0
LastWrittenBytes:0
LastWriteThroughput:0
RealWrittenBytes:0
RealWriteThroughput:0
当前玩家的连接数量:0
当前地图的线程个数：9
当前地图的个数:47
当前数据库执行队列数:0
当前发送队列缓存的对象数量:0
totalMemory：1010827264, use ：460545136, free ：550282128DirectMemory：1827143680, 恢复 ：1
当前时间 ：2026-08-20 13:55:24send keng：2418, sheng ：4194304
decode keng：26, sheng ：2097152
world keng：12, sheng ：1048576

2026-08-20 13:55:29.682 INFO [pool-6-thread-4][:] - /****************流量统计******************/
LastReadBytes:0
LastReadThroughput:0
LastWrittenBytes:0
LastWriteThroughput:0
RealWrittenBytes:0
RealWriteThroughput:0
当前玩家的连接数量:0
当前地图的线程个数：9
当前地图的个数:47
当前数据库执行队列数:0
当前发送队列缓存的对象数量:0
totalMemory：1010827264, use ：462960368, free ：547866896DirectMemory：1827143680, 恢复 ：1
当前时间 ：2026-08-20 13:55:29send keng：2418, sheng ：4194304
decode keng：26, sheng ：2097152
world keng：12, sheng ：1048576

2026-08-20 13:55:34.682 INFO [pool-6-thread-1][:] - /****************流量统计******************/
LastReadBytes:0
LastReadThroughput:0
LastWrittenBytes:0
LastWriteThroughput:0
RealWrittenBytes:0
RealWriteThroughput:0
当前玩家的连接数量:0
当前地图的线程个数：9
当前地图的个数:47
当前数据库执行队列数:0
当前发送队列缓存的对象数量:0
totalMemory：1010827264, use ：467538272, free ：543288992DirectMemory：1827143680, 恢复 ：1
当前时间 ：2026-08-20 13:55:34send keng：2418, sheng ：4194304
decode keng：26, sheng ：2097152
world keng：12, sheng ：1048576

2026-08-20 13:55:39.682 INFO [pool-6-thread-5][:] - /****************流量统计******************/
LastReadBytes:0
LastReadThroughput:0
LastWrittenBytes:0
LastWriteThroughput:0
RealWrittenBytes:0
RealWriteThroughput:0
当前玩家的连接数量:0
当前地图的线程个数：9
当前地图的个数:47
当前数据库执行队列数:0
当前发送队列缓存的对象数量:0
totalMemory：1010827264, use ：469926216, free ：540901048DirectMemory：1827143680, 恢复 ：1
当前时间 ：2026-08-20 13:55:39send keng：2418, sheng ：4194304
decode keng：26, sheng ：2097152
world keng：12, sheng ：1048576

2026-08-20 13:55:44.682 INFO [pool-6-thread-2][:] - /****************流量统计******************/
LastReadBytes:0
LastReadThroughput:0
LastWrittenBytes:0
LastWriteThroughput:0
RealWrittenBytes:0
RealWriteThroughput:0
当前玩家的连接数量:0
当前地图的线程个数：9
当前地图的个数:47
当前数据库执行队列数:0
当前发送队列缓存的对象数量:0
totalMemory：1010827264, use ：474889912, free ：535937352DirectMemory：1827143680, 恢复 ：1
当前时间 ：2026-08-20 13:55:44send keng：2418, sheng ：4194304
decode keng：26, sheng ：2097152
world keng：12, sheng ：1048576

2026-08-20 13:55:49.683 INFO [pool-6-thread-3][:] - /****************流量统计******************/
LastReadBytes:0
LastReadThroughput:0
LastWrittenBytes:0
LastWriteThroughput:0
RealWrittenBytes:0
RealWriteThroughput:0
当前玩家的连接数量:0
当前地图的线程个数：9
当前地图的个数:47
当前数据库执行队列数:0
当前发送队列缓存的对象数量:0
totalMemory：1010827264, use ：476399744, free ：534427520DirectMemory：1827143680, 恢复 ：1
当前时间 ：2026-08-20 13:55:49send keng：2418, sheng ：4194304
decode keng：26, sheng ：2097152
world keng：12, sheng ：1048576

2026-08-20 13:55:54.682 INFO [pool-6-thread-1][:] - /****************流量统计******************/
LastReadBytes:0
LastReadThroughput:0
LastWrittenBytes:0
LastWriteThroughput:0
RealWrittenBytes:0
RealWriteThroughput:0
当前玩家的连接数量:0
当前地图的线程个数：9
当前地图的个数:47
当前数据库执行队列数:0
当前发送队列缓存的对象数量:0
totalMemory：1010827264, use ：481307552, free ：529519712DirectMemory：1827143680, 恢复 ：1
当前时间 ：2026-08-20 13:55:54send keng：2418, sheng ：4194304
decode keng：26, sheng ：2097152
world keng：12, sheng ：1048576

2026-08-20 13:55:59.682 INFO [pool-6-thread-10][:] - /****************流量统计******************/
LastReadBytes:0
LastReadThroughput:0
LastWrittenBytes:0
LastWriteThroughput:0
RealWrittenBytes:0
RealWriteThroughput:0
当前玩家的连接数量:0
当前地图的线程个数：9
当前地图的个数:47
当前数据库执行队列数:0
当前发送队列缓存的对象数量:0
totalMemory：1010827264, use ：483394936, free ：527432328DirectMemory：1827143680, 恢复 ：1
当前时间 ：2026-08-20 13:55:59send keng：2418, sheng ：4194304
decode keng：26, sheng ：2097152
world keng：12, sheng ：1048576

2026-08-20 13:56:04.682 INFO [pool-6-thread-7][:] - /****************流量统计******************/
LastReadBytes:0
LastReadThroughput:0
LastWrittenBytes:0
LastWriteThroughput:0
RealWrittenBytes:0
RealWriteThroughput:0
当前玩家的连接数量:0
当前地图的线程个数：9
当前地图的个数:47
当前数据库执行队列数:0
当前发送队列缓存的对象数量:0
totalMemory：1010827264, use ：488372720, free ：522454544DirectMemory：1827143680, 恢复 ：1
当前时间 ：2026-08-20 13:56:04send keng：2418, sheng ：4194304
decode keng：26, sheng ：2097152
world keng：12, sheng ：1048576

2026-08-20 13:56:09.682 INFO [pool-6-thread-7][:] - /****************流量统计******************/
LastReadBytes:0
LastReadThroughput:0
LastWrittenBytes:0
LastWriteThroughput:0
RealWrittenBytes:0
RealWriteThroughput:0
当前玩家的连接数量:0
当前地图的线程个数：9
当前地图的个数:47
当前数据库执行队列数:0
当前发送队列缓存的对象数量:0
totalMemory：1010827264, use ：490990648, free ：519836616DirectMemory：1827143680, 恢复 ：1
当前时间 ：2026-08-20 13:56:09send keng：2418, sheng ：4194304
decode keng：26, sheng ：2097152
world keng：12, sheng ：1048576

2026-08-20 13:56:14.682 INFO [pool-6-thread-3][:] - /****************流量统计******************/
LastReadBytes:0
LastReadThroughput:0
LastWrittenBytes:0
LastWriteThroughput:0
RealWrittenBytes:0
RealWriteThroughput:0
当前玩家的连接数量:0
当前地图的线程个数：9
当前地图的个数:47
当前数据库执行队列数:0
当前发送队列缓存的对象数量:0
totalMemory：1010827264, use ：494406344, free ：516420920DirectMemory：1827143680, 恢复 ：1
当前时间 ：2026-08-20 13:56:14send keng：2418, sheng ：4194304
decode keng：26, sheng ：2097152
world keng：12, sheng ：1048576

2026-08-20 13:56:19.682 INFO [pool-6-thread-3][:] - /****************流量统计******************/
LastReadBytes:0
LastReadThroughput:0
LastWrittenBytes:0
LastWriteThroughput:0
RealWrittenBytes:0
RealWriteThroughput:0
当前玩家的连接数量:0
当前地图的线程个数：9
当前地图的个数:47
当前数据库执行队列数:0
当前发送队列缓存的对象数量:0
totalMemory：1010827264, use ：498463680, free ：512363584DirectMemory：1827143680, 恢复 ：1
当前时间 ：2026-08-20 13:56:19send keng：2418, sheng ：4194304
decode keng：26, sheng ：2097152
world keng：12, sheng ：1048576

2026-08-20 13:56:24.682 INFO [pool-6-thread-8][:] - /****************流量统计******************/
LastReadBytes:0
LastReadThroughput:0
LastWrittenBytes:0
LastWriteThroughput:0
RealWrittenBytes:0
RealWriteThroughput:0
当前玩家的连接数量:0
当前地图的线程个数：9
当前地图的个数:47
当前数据库执行队列数:0
当前发送队列缓存的对象数量:0
totalMemory：1010827264, use ：501911960, free ：508915304DirectMemory：1827143680, 恢复 ：1
当前时间 ：2026-08-20 13:56:24send keng：2418, sheng ：4194304
decode keng：26, sheng ：2097152
world keng：12, sheng ：1048576

2026-08-20 13:56:29.682 INFO [pool-6-thread-9][:] - /****************流量统计******************/
LastReadBytes:0
LastReadThroughput:0
LastWrittenBytes:0
LastWriteThroughput:0
RealWrittenBytes:0
RealWriteThroughput:0
当前玩家的连接数量:0
当前地图的线程个数：9
当前地图的个数:47
当前数据库执行队列数:0
当前发送队列缓存的对象数量:0
totalMemory：1010827264, use ：505921088, free ：504906176DirectMemory：1827143680, 恢复 ：1
当前时间 ：2026-08-20 13:56:29send keng：2418, sheng ：4194304
decode keng：26, sheng ：2097152
world keng：12, sheng ：1048576

2026-08-20 13:56:34.682 INFO [pool-6-thread-10][:] - /****************流量统计******************/
LastReadBytes:0
LastReadThroughput:0
LastWrittenBytes:0
LastWriteThroughput:0
RealWrittenBytes:0
RealWriteThroughput:0
当前玩家的连接数量:0
当前地图的线程个数：9
当前地图的个数:47
当前数据库执行队列数:0
当前发送队列缓存的对象数量:0
totalMemory：1010827264, use ：508369264, free ：502458000DirectMemory：1827143680, 恢复 ：1
当前时间 ：2026-08-20 13:56:34send keng：2418, sheng ：4194304
decode keng：26, sheng ：2097152
world keng：12, sheng ：1048576

2026-08-20 13:56:39.682 INFO [pool-6-thread-7][:] - /****************流量统计******************/
LastReadBytes:0
LastReadThroughput:0
LastWrittenBytes:0
LastWriteThroughput:0
RealWrittenBytes:0
RealWriteThroughput:0
当前玩家的连接数量:0
当前地图的线程个数：9
当前地图的个数:47
当前数据库执行队列数:0
当前发送队列缓存的对象数量:0
totalMemory：1010827264, use ：512910392, free ：497916872DirectMemory：1827143680, 恢复 ：1
当前时间 ：2026-08-20 13:56:39send keng：2418, sheng ：4194304
decode keng：26, sheng ：2097152
world keng：12, sheng ：1048576

2026-08-20 13:56:44.683 INFO [pool-6-thread-4][:] - /****************流量统计******************/
LastReadBytes:0
LastReadThroughput:0
LastWrittenBytes:0
LastWriteThroughput:0
RealWrittenBytes:0
RealWriteThroughput:0
当前玩家的连接数量:0
当前地图的线程个数：9
当前地图的个数:47
当前数据库执行队列数:0
当前发送队列缓存的对象数量:0
totalMemory：1010827264, use ：515844128, free ：494983136DirectMemory：1827143680, 恢复 ：1
当前时间 ：2026-08-20 13:56:44send keng：2418, sheng ：4194304
decode keng：26, sheng ：2097152
world keng：12, sheng ：1048576

2026-08-20 13:56:49.682 INFO [pool-6-thread-1][:] - /****************流量统计******************/
LastReadBytes:0
LastReadThroughput:0
LastWrittenBytes:0
LastWriteThroughput:0
RealWrittenBytes:0
RealWriteThroughput:0
当前玩家的连接数量:0
当前地图的线程个数：9
当前地图的个数:47
当前数据库执行队列数:0
当前发送队列缓存的对象数量:0
totalMemory：1010827264, use ：521313320, free ：489513944DirectMemory：1827143680, 恢复 ：1
当前时间 ：2026-08-20 13:56:49send keng：2418, sheng ：4194304
decode keng：26, sheng ：2097152
world keng：12, sheng ：1048576

2026-08-20 13:56:54.682 INFO [pool-6-thread-6][:] - /****************流量统计******************/
LastReadBytes:0
LastReadThroughput:0
LastWrittenBytes:0
LastWriteThroughput:0
RealWrittenBytes:0
RealWriteThroughput:0
当前玩家的连接数量:0
当前地图的线程个数：9
当前地图的个数:47
当前数据库执行队列数:0
当前发送队列缓存的对象数量:0
totalMemory：1010827264, use ：522760240, free ：488067024DirectMemory：1827143680, 恢复 ：1
当前时间 ：2026-08-20 13:56:54send keng：2418, sheng ：4194304
decode keng：26, sheng ：2097152
world keng：12, sheng ：1048576

2026-08-20 13:56:59.682 INFO [pool-6-thread-5][:] - /****************流量统计******************/
LastReadBytes:0
LastReadThroughput:0
LastWrittenBytes:0
LastWriteThroughput:0
RealWrittenBytes:0
RealWriteThroughput:0
当前玩家的连接数量:0
当前地图的线程个数：9
当前地图的个数:47
当前数据库执行队列数:0
当前发送队列缓存的对象数量:0
totalMemory：1010827264, use ：527316168, free ：483511096DirectMemory：1827143680, 恢复 ：1
当前时间 ：2026-08-20 13:56:59send keng：2418, sheng ：4194304
decode keng：26, sheng ：2097152
world keng：12, sheng ：1048576

2026-08-20 13:57:04.685 INFO [pool-6-thread-5][:] - /****************流量统计******************/
LastReadBytes:0
LastReadThroughput:0
LastWrittenBytes:0
LastWriteThroughput:0
RealWrittenBytes:0
RealWriteThroughput:0
当前玩家的连接数量:0
当前地图的线程个数：9
当前地图的个数:47
当前数据库执行队列数:0
当前发送队列缓存的对象数量:0
totalMemory：1010827264, use ：530352376, free ：480474888DirectMemory：1827143680, 恢复 ：1
当前时间 ：2026-08-20 13:57:04send keng：2418, sheng ：4194304
decode keng：26, sheng ：2097152
world keng：12, sheng ：1048576

2026-08-20 13:57:09.682 INFO [pool-6-thread-4][:] - /****************流量统计******************/
LastReadBytes:0
LastReadThroughput:0
LastWrittenBytes:0
LastWriteThroughput:0
RealWrittenBytes:0
RealWriteThroughput:0
当前玩家的连接数量:0
当前地图的线程个数：9
当前地图的个数:47
当前数据库执行队列数:0
当前发送队列缓存的对象数量:0
totalMemory：1010827264, use ：534851992, free ：475975272DirectMemory：1827143680, 恢复 ：1
当前时间 ：2026-08-20 13:57:09send keng：2418, sheng ：4194304
decode keng：26, sheng ：2097152
world keng：12, sheng ：1048576

2026-08-20 13:57:14.682 INFO [pool-6-thread-4][:] - /****************流量统计******************/
LastReadBytes:0
LastReadThroughput:0
LastWrittenBytes:0
LastWriteThroughput:0
RealWrittenBytes:0
RealWriteThroughput:0
当前玩家的连接数量:0
当前地图的线程个数：9
当前地图的个数:47
当前数据库执行队列数:0
当前发送队列缓存的对象数量:0
totalMemory：1010827264, use ：537350632, free ：473476632DirectMemory：1827143680, 恢复 ：1
当前时间 ：2026-08-20 13:57:14send keng：2418, sheng ：4194304
decode keng：26, sheng ：2097152
world keng：12, sheng ：1048576

2026-08-20 13:57:19.682 INFO [pool-6-thread-8][:] - /****************流量统计******************/
LastReadBytes:0
LastReadThroughput:0
LastWrittenBytes:0
LastWriteThroughput:0
RealWrittenBytes:0
RealWriteThroughput:0
当前玩家的连接数量:0
当前地图的线程个数：9
当前地图的个数:47
当前数据库执行队列数:0
当前发送队列缓存的对象数量:0
totalMemory：1010827264, use ：542285952, free ：468541312DirectMemory：1827143680, 恢复 ：1
当前时间 ：2026-08-20 13:57:19send keng：2418, sheng ：4194304
decode keng：26, sheng ：2097152
world keng：12, sheng ：1048576

2026-08-20 13:57:24.686 INFO [pool-6-thread-7][:] - /****************流量统计******************/
LastReadBytes:0
LastReadThroughput:0
LastWrittenBytes:0
LastWriteThroughput:0
RealWrittenBytes:0
RealWriteThroughput:0
当前玩家的连接数量:0
当前地图的线程个数：9
当前地图的个数:47
当前数据库执行队列数:0
当前发送队列缓存的对象数量:0
totalMemory：1010827264, use ：544324368, free ：466502896DirectMemory：1827143680, 恢复 ：1
当前时间 ：2026-08-20 13:57:24send keng：2418, sheng ：4194304
decode keng：26, sheng ：2097152
world keng：12, sheng ：1048576

2026-08-20 13:57:29.682 INFO [pool-6-thread-10][:] - /****************流量统计******************/
LastReadBytes:0
LastReadThroughput:0
LastWrittenBytes:0
LastWriteThroughput:0
RealWrittenBytes:0
RealWriteThroughput:0
当前玩家的连接数量:0
当前地图的线程个数：9
当前地图的个数:47
当前数据库执行队列数:0
当前发送队列缓存的对象数量:0
totalMemory：1010827264, use ：549077648, free ：461749616DirectMemory：1827143680, 恢复 ：1
当前时间 ：2026-08-20 13:57:29send keng：2418, sheng ：4194304
decode keng：26, sheng ：2097152
world keng：12, sheng ：1048576

2026-08-20 13:57:34.682 INFO [pool-6-thread-8][:] - /****************流量统计******************/
LastReadBytes:0
LastReadThroughput:0
LastWrittenBytes:0
LastWriteThroughput:0
RealWrittenBytes:0
RealWriteThroughput:0
当前玩家的连接数量:0
当前地图的线程个数：9
当前地图的个数:47
当前数据库执行队列数:0
当前发送队列缓存的对象数量:0
totalMemory：1010827264, use ：552272912, free ：458554352DirectMemory：1827143680, 恢复 ：1
当前时间 ：2026-08-20 13:57:34send keng：2418, sheng ：4194304
decode keng：26, sheng ：2097152
world keng：12, sheng ：1048576

2026-08-20 13:57:39.682 INFO [pool-6-thread-2][:] - /****************流量统计******************/
LastReadBytes:0
LastReadThroughput:0
LastWrittenBytes:0
LastWriteThroughput:0
RealWrittenBytes:0
RealWriteThroughput:0
当前玩家的连接数量:0
当前地图的线程个数：9
当前地图的个数:47
当前数据库执行队列数:0
当前发送队列缓存的对象数量:0
totalMemory：1010827264, use ：555546384, free ：455280880DirectMemory：1827143680, 恢复 ：1
当前时间 ：2026-08-20 13:57:39send keng：2418, sheng ：4194304
decode keng：26, sheng ：2097152
world keng：12, sheng ：1048576

2026-08-20 13:57:44.692 INFO [pool-6-thread-3][:] - /****************流量统计******************/
LastReadBytes:0
LastReadThroughput:0
LastWrittenBytes:0
LastWriteThroughput:0
RealWrittenBytes:0
RealWriteThroughput:0
当前玩家的连接数量:0
当前地图的线程个数：9
当前地图的个数:47
当前数据库执行队列数:0
当前发送队列缓存的对象数量:0
totalMemory：1010827264, use ：559278304, free ：451548960DirectMemory：1827143680, 恢复 ：1
当前时间 ：2026-08-20 13:57:44send keng：2418, sheng ：4194304
decode keng：26, sheng ：2097152
world keng：12, sheng ：1048576

2026-08-20 13:57:49.682 INFO [pool-6-thread-10][:] - /****************流量统计******************/
LastReadBytes:0
LastReadThroughput:0
LastWrittenBytes:0
LastWriteThroughput:0
RealWrittenBytes:0
RealWriteThroughput:0
当前玩家的连接数量:0
当前地图的线程个数：9
当前地图的个数:47
当前数据库执行队列数:0
当前发送队列缓存的对象数量:0
totalMemory：1010827264, use ：561562744, free ：449264520DirectMemory：1827143680, 恢复 ：1
当前时间 ：2026-08-20 13:57:49send keng：2418, sheng ：4194304
decode keng：26, sheng ：2097152
world keng：12, sheng ：1048576

2026-08-20 13:57:54.682 INFO [pool-6-thread-7][:] - /****************流量统计******************/
LastReadBytes:0
LastReadThroughput:0
LastWrittenBytes:0
LastWriteThroughput:0
RealWrittenBytes:0
RealWriteThroughput:0
当前玩家的连接数量:0
当前地图的线程个数：9
当前地图的个数:47
当前数据库执行队列数:0
当前发送队列缓存的对象数量:0
totalMemory：1010827264, use ：565236848, free ：445590416DirectMemory：1827143680, 恢复 ：1
当前时间 ：2026-08-20 13:57:54send keng：2418, sheng ：4194304
decode keng：26, sheng ：2097152
world keng：12, sheng ：1048576

2026-08-20 13:57:59.682 INFO [pool-6-thread-6][:] - /****************流量统计******************/
LastReadBytes:0
LastReadThroughput:0
LastWrittenBytes:0
LastWriteThroughput:0
RealWrittenBytes:0
RealWriteThroughput:0
当前玩家的连接数量:0
当前地图的线程个数：9
当前地图的个数:47
当前数据库执行队列数:0
当前发送队列缓存的对象数量:0
totalMemory：1010827264, use ：568188192, free ：442639072DirectMemory：1827143680, 恢复 ：1
当前时间 ：2026-08-20 13:57:59send keng：2418, sheng ：4194304
decode keng：26, sheng ：2097152
world keng：12, sheng ：1048576

2026-08-20 13:58:04.682 INFO [pool-6-thread-6][:] - /****************流量统计******************/
LastReadBytes:0
LastReadThroughput:0
LastWrittenBytes:0
LastWriteThroughput:0
RealWrittenBytes:0
RealWriteThroughput:0
当前玩家的连接数量:0
当前地图的线程个数：9
当前地图的个数:47
当前数据库执行队列数:0
当前发送队列缓存的对象数量:0
totalMemory：1010827264, use ：572834896, free ：437992368DirectMemory：1827143680, 恢复 ：1
当前时间 ：2026-08-20 13:58:04send keng：2418, sheng ：4194304
decode keng：26, sheng ：2097152
world keng：12, sheng ：1048576

2026-08-20 13:58:09.682 INFO [pool-6-thread-2][:] - /****************流量统计******************/
LastReadBytes:0
LastReadThroughput:0
LastWrittenBytes:0
LastWriteThroughput:0
RealWrittenBytes:0
RealWriteThroughput:0
当前玩家的连接数量:0
当前地图的线程个数：9
当前地图的个数:47
当前数据库执行队列数:0
当前发送队列缓存的对象数量:0
totalMemory：1010827264, use ：575751448, free ：435075816DirectMemory：1827143680, 恢复 ：1
当前时间 ：2026-08-20 13:58:09send keng：2418, sheng ：4194304
decode keng：26, sheng ：2097152
world keng：12, sheng ：1048576

2026-08-20 13:58:14.682 INFO [pool-6-thread-9][:] - /****************流量统计******************/
LastReadBytes:0
LastReadThroughput:0
LastWrittenBytes:0
LastWriteThroughput:0
RealWrittenBytes:0
RealWriteThroughput:0
当前玩家的连接数量:0
当前地图的线程个数：9
当前地图的个数:47
当前数据库执行队列数:0
当前发送队列缓存的对象数量:0
totalMemory：1010827264, use ：579772144, free ：431055120DirectMemory：1827143680, 恢复 ：1
当前时间 ：2026-08-20 13:58:14send keng：2418, sheng ：4194304
decode keng：26, sheng ：2097152
world keng：12, sheng ：1048576

2026-08-20 13:58:19.682 INFO [pool-6-thread-4][:] - /****************流量统计******************/
LastReadBytes:0
LastReadThroughput:0
LastWrittenBytes:0
LastWriteThroughput:0
RealWrittenBytes:0
RealWriteThroughput:0
当前玩家的连接数量:0
当前地图的线程个数：9
当前地图的个数:47
当前数据库执行队列数:0
当前发送队列缓存的对象数量:0
totalMemory：1010827264, use ：581804576, free ：429022688DirectMemory：1827143680, 恢复 ：1
当前时间 ：2026-08-20 13:58:19send keng：2418, sheng ：4194304
decode keng：26, sheng ：2097152
world keng：12, sheng ：1048576

2026-08-20 13:58:24.684 INFO [pool-6-thread-5][:] - /****************流量统计******************/
LastReadBytes:0
LastReadThroughput:0
LastWrittenBytes:0
LastWriteThroughput:0
RealWrittenBytes:0
RealWriteThroughput:0
当前玩家的连接数量:0
当前地图的线程个数：9
当前地图的个数:47
当前数据库执行队列数:0
当前发送队列缓存的对象数量:0
totalMemory：1010827264, use ：587284608, free ：423542656DirectMemory：1827143680, 恢复 ：1
当前时间 ：2026-08-20 13:58:24send keng：2418, sheng ：4194304
decode keng：26, sheng ：2097152
world keng：12, sheng ：1048576

2026-08-20 13:58:29.682 INFO [pool-6-thread-6][:] - /****************流量统计******************/
LastReadBytes:0
LastReadThroughput:0
LastWrittenBytes:0
LastWriteThroughput:0
RealWrittenBytes:0
RealWriteThroughput:0
当前玩家的连接数量:0
当前地图的线程个数：9
当前地图的个数:47
当前数据库执行队列数:0
当前发送队列缓存的对象数量:0
totalMemory：1010827264, use ：589691808, free ：421135456DirectMemory：1827143680, 恢复 ：1
当前时间 ：2026-08-20 13:58:29send keng：2418, sheng ：4194304
decode keng：26, sheng ：2097152
world keng：12, sheng ：1048576

2026-08-20 13:58:34.682 INFO [pool-6-thread-5][:] - /****************流量统计******************/
LastReadBytes:0
LastReadThroughput:0
LastWrittenBytes:0
LastWriteThroughput:0
RealWrittenBytes:0
RealWriteThroughput:0
当前玩家的连接数量:0
当前地图的线程个数：9
当前地图的个数:47
当前数据库执行队列数:0
当前发送队列缓存的对象数量:0
totalMemory：1010827264, use ：594733296, free ：416093968DirectMemory：1827143680, 恢复 ：1
当前时间 ：2026-08-20 13:58:34send keng：2418, sheng ：4194304
decode keng：26, sheng ：2097152
world keng：12, sheng ：1048576

2026-08-20 13:58:39.682 INFO [pool-6-thread-5][:] - /****************流量统计******************/
LastReadBytes:0
LastReadThroughput:0
LastWrittenBytes:0
LastWriteThroughput:0
RealWrittenBytes:0
RealWriteThroughput:0
当前玩家的连接数量:0
当前地图的线程个数：9
当前地图的个数:47
当前数据库执行队列数:0
当前发送队列缓存的对象数量:0
totalMemory：1010827264, use ：597181872, free ：413645392DirectMemory：1827143680, 恢复 ：1
当前时间 ：2026-08-20 13:58:39send keng：2418, sheng ：4194304
decode keng：26, sheng ：2097152
world keng：12, sheng ：1048576

2026-08-20 13:58:44.682 INFO [pool-6-thread-3][:] - /****************流量统计******************/
LastReadBytes:0
LastReadThroughput:0
LastWrittenBytes:0
LastWriteThroughput:0
RealWrittenBytes:0
RealWriteThroughput:0
当前玩家的连接数量:0
当前地图的线程个数：9
当前地图的个数:47
当前数据库执行队列数:0
当前发送队列缓存的对象数量:0
totalMemory：1010827264, use ：601099072, free ：409728192DirectMemory：1827143680, 恢复 ：1
当前时间 ：2026-08-20 13:58:44send keng：2418, sheng ：4194304
decode keng：26, sheng ：2097152
world keng：12, sheng ：1048576

2026-08-20 13:58:49.682 INFO [pool-6-thread-2][:] - /****************流量统计******************/
LastReadBytes:0
LastReadThroughput:0
LastWrittenBytes:0
LastWriteThroughput:0
RealWrittenBytes:0
RealWriteThroughput:0
当前玩家的连接数量:0
当前地图的线程个数：9
当前地图的个数:47
当前数据库执行队列数:0
当前发送队列缓存的对象数量:0
totalMemory：1010827264, use ：603682088, free ：407145176DirectMemory：1827143680, 恢复 ：1
当前时间 ：2026-08-20 13:58:49send keng：2418, sheng ：4194304
decode keng：26, sheng ：2097152
world keng：12, sheng ：1048576

2026-08-20 13:58:54.682 INFO [pool-6-thread-3][:] - /****************流量统计******************/
LastReadBytes:0
LastReadThroughput:0
LastWrittenBytes:0
LastWriteThroughput:0
RealWrittenBytes:0
RealWriteThroughput:0
当前玩家的连接数量:0
当前地图的线程个数：9
当前地图的个数:47
当前数据库执行队列数:0
当前发送队列缓存的对象数量:0
totalMemory：1010827264, use ：608482832, free ：402344432DirectMemory：1827143680, 恢复 ：1
当前时间 ：2026-08-20 13:58:54send keng：2418, sheng ：4194304
decode keng：26, sheng ：2097152
world keng：12, sheng ：1048576

2026-08-20 13:58:59.682 INFO [pool-6-thread-2][:] - /****************流量统计******************/
LastReadBytes:0
LastReadThroughput:0
LastWrittenBytes:0
LastWriteThroughput:0
RealWrittenBytes:0
RealWriteThroughput:0
当前玩家的连接数量:0
当前地图的线程个数：9
当前地图的个数:47
当前数据库执行队列数:0
当前发送队列缓存的对象数量:0
totalMemory：1010827264, use ：611584368, free ：399242896DirectMemory：1827143680, 恢复 ：1
当前时间 ：2026-08-20 13:58:59send keng：2418, sheng ：4194304
decode keng：26, sheng ：2097152
world keng：12, sheng ：1048576

2026-08-20 13:59:04.682 INFO [pool-6-thread-9][:] - /****************流量统计******************/
LastReadBytes:0
LastReadThroughput:0
LastWrittenBytes:0
LastWriteThroughput:0
RealWrittenBytes:0
RealWriteThroughput:0
当前玩家的连接数量:0
当前地图的线程个数：9
当前地图的个数:47
当前数据库执行队列数:0
当前发送队列缓存的对象数量:0
totalMemory：1010827264, use ：615423400, free ：395403864DirectMemory：1827143680, 恢复 ：1
当前时间 ：2026-08-20 13:59:04send keng：2418, sheng ：4194304
decode keng：26, sheng ：2097152
world keng：12, sheng ：1048576

2026-08-20 13:59:09.682 INFO [pool-6-thread-3][:] - /****************流量统计******************/
LastReadBytes:0
LastReadThroughput:0
LastWrittenBytes:0
LastWriteThroughput:0
RealWrittenBytes:0
RealWriteThroughput:0
当前玩家的连接数量:0
当前地图的线程个数：9
当前地图的个数:47
当前数据库执行队列数:0
当前发送队列缓存的对象数量:0
totalMemory：1010827264, use ：619666760, free ：391160504DirectMemory：1827143680, 恢复 ：1
当前时间 ：2026-08-20 13:59:09send keng：2418, sheng ：4194304
decode keng：26, sheng ：2097152
world keng：12, sheng ：1048576

2026-08-20 13:59:14.682 INFO [pool-6-thread-2][:] - /****************流量统计******************/
LastReadBytes:0
LastReadThroughput:0
LastWrittenBytes:0
LastWriteThroughput:0
RealWrittenBytes:0
RealWriteThroughput:0
当前玩家的连接数量:0
当前地图的线程个数：9
当前地图的个数:47
当前数据库执行队列数:0
当前发送队列缓存的对象数量:0
totalMemory：1010827264, use ：622435992, free ：388391272DirectMemory：1827143680, 恢复 ：1
当前时间 ：2026-08-20 13:59:14send keng：2418, sheng ：4194304
decode keng：26, sheng ：2097152
world keng：12, sheng ：1048576

2026-08-20 13:59:19.682 INFO [pool-6-thread-2][:] - /****************流量统计******************/
LastReadBytes:0
LastReadThroughput:0
LastWrittenBytes:0
LastWriteThroughput:0
RealWrittenBytes:0
RealWriteThroughput:0
当前玩家的连接数量:0
当前地图的线程个数：9
当前地图的个数:47
当前数据库执行队列数:0
当前发送队列缓存的对象数量:0
totalMemory：1010827264, use ：625686232, free ：385141032DirectMemory：1827143680, 恢复 ：1
当前时间 ：2026-08-20 13:59:19send keng：2418, sheng ：4194304
decode keng：26, sheng ：2097152
world keng：12, sheng ：1048576

2026-08-20 13:59:24.683 INFO [pool-6-thread-3][:] - /****************流量统计******************/
LastReadBytes:0
LastReadThroughput:0
LastWrittenBytes:0
LastWriteThroughput:0
RealWrittenBytes:0
RealWriteThroughput:0
当前玩家的连接数量:0
当前地图的线程个数：9
当前地图的个数:47
当前数据库执行队列数:0
当前发送队列缓存的对象数量:0
totalMemory：1010827264, use ：629834576, free ：380992688DirectMemory：1827143680, 恢复 ：1
当前时间 ：2026-08-20 13:59:24send keng：2418, sheng ：4194304
decode keng：26, sheng ：2097152
world keng：12, sheng ：1048576

2026-08-20 13:59:29.682 INFO [pool-6-thread-8][:] - /****************流量统计******************/
LastReadBytes:0
LastReadThroughput:0
LastWrittenBytes:0
LastWriteThroughput:0
RealWrittenBytes:0
RealWriteThroughput:0
当前玩家的连接数量:0
当前地图的线程个数：9
当前地图的个数:47
当前数据库执行队列数:0
当前发送队列缓存的对象数量:0
totalMemory：1010827264, use ：632677504, free ：378149760DirectMemory：1827143680, 恢复 ：1
当前时间 ：2026-08-20 13:59:29send keng：2418, sheng ：4194304
decode keng：26, sheng ：2097152
world keng：12, sheng ：1048576

2026-08-20 13:59:34.682 INFO [pool-6-thread-6][:] - /****************流量统计******************/
LastReadBytes:0
LastReadThroughput:0
LastWrittenBytes:0
LastWriteThroughput:0
RealWrittenBytes:0
RealWriteThroughput:0
当前玩家的连接数量:0
当前地图的线程个数：9
当前地图的个数:47
当前数据库执行队列数:0
当前发送队列缓存的对象数量:0
totalMemory：1010827264, use ：635985120, free ：374842144DirectMemory：1827143680, 恢复 ：1
当前时间 ：2026-08-20 13:59:34send keng：2418, sheng ：4194304
decode keng：26, sheng ：2097152
world keng：12, sheng ：1048576

2026-08-20 13:59:39.682 INFO [pool-6-thread-2][:] - /****************流量统计******************/
LastReadBytes:0
LastReadThroughput:0
LastWrittenBytes:0
LastWriteThroughput:0
RealWrittenBytes:0
RealWriteThroughput:0
当前玩家的连接数量:0
当前地图的线程个数：9
当前地图的个数:47
当前数据库执行队列数:0
当前发送队列缓存的对象数量:0
totalMemory：1010827264, use ：640158320, free ：370668944DirectMemory：1827143680, 恢复 ：1
当前时间 ：2026-08-20 13:59:39send keng：2418, sheng ：4194304
decode keng：26, sheng ：2097152
world keng：12, sheng ：1048576

2026-08-20 13:59:44.684 INFO [pool-6-thread-7][:] - /****************流量统计******************/
LastReadBytes:0
LastReadThroughput:0
LastWrittenBytes:0
LastWriteThroughput:0
RealWrittenBytes:0
RealWriteThroughput:0
当前玩家的连接数量:0
当前地图的线程个数：9
当前地图的个数:47
当前数据库执行队列数:0
当前发送队列缓存的对象数量:0
totalMemory：1010827264, use ：642979176, free ：367848088DirectMemory：1827143680, 恢复 ：1
当前时间 ：2026-08-20 13:59:44send keng：2418, sheng ：4194304
decode keng：26, sheng ：2097152
world keng：12, sheng ：1048576

2026-08-20 13:59:49.682 INFO [pool-6-thread-1][:] - /****************流量统计******************/
LastReadBytes:0
LastReadThroughput:0
LastWrittenBytes:0
LastWriteThroughput:0
RealWrittenBytes:0
RealWriteThroughput:0
当前玩家的连接数量:0
当前地图的线程个数：9
当前地图的个数:47
当前数据库执行队列数:0
当前发送队列缓存的对象数量:0
totalMemory：1010827264, use ：647573656, free ：363253608DirectMemory：1827143680, 恢复 ：1
当前时间 ：2026-08-20 13:59:49send keng：2418, sheng ：4194304
decode keng：26, sheng ：2097152
world keng：12, sheng ：1048576

2026-08-20 13:59:54.682 INFO [pool-6-thread-7][:] - /****************流量统计******************/
LastReadBytes:0
LastReadThroughput:0
LastWrittenBytes:0
LastWriteThroughput:0
RealWrittenBytes:0
RealWriteThroughput:0
当前玩家的连接数量:0
当前地图的线程个数：9
当前地图的个数:47
当前数据库执行队列数:0
当前发送队列缓存的对象数量:0
totalMemory：1010827264, use ：650113008, free ：360714256DirectMemory：1827143680, 恢复 ：1
当前时间 ：2026-08-20 13:59:54send keng：2418, sheng ：4194304
decode keng：26, sheng ：2097152
world keng：12, sheng ：1048576

2026-08-20 13:59:59.682 INFO [pool-6-thread-6][:] - /****************流量统计******************/
LastReadBytes:0
LastReadThroughput:0
LastWrittenBytes:0
LastWriteThroughput:0
RealWrittenBytes:0
RealWriteThroughput:0
当前玩家的连接数量:0
当前地图的线程个数：9
当前地图的个数:47
当前数据库执行队列数:0
当前发送队列缓存的对象数量:0
totalMemory：1010827264, use ：654078640, free ：356748624DirectMemory：1827143680, 恢复 ：1
当前时间 ：2026-08-20 13:59:59send keng：2418, sheng ：4194304
decode keng：26, sheng ：2097152
world keng：12, sheng ：1048576

