2026-08-19 16:00:04.682 INFO [pool-6-thread-1][:] - /****************流量统计******************/
LastReadBytes:0
LastReadThroughput:0
LastWrittenBytes:0
LastWriteThroughput:0
RealWrittenBytes:0
RealWriteThroughput:0
当前玩家的连接数量:0
当前地图的线程个数：9
当前地图的个数:47
当前数据库执行队列数:0
当前发送队列缓存的对象数量:0
totalMemory：969408512, use ：705310160, free ：264098352DirectMemory：1827143680, 恢复 ：1
当前时间 ：2026-08-19 16:00:04send keng：-1, sheng ：4194304
decode keng：-1, sheng ：2097152
world keng：3, sheng ：1048576

2026-08-19 16:00:09.682 INFO [pool-6-thread-7][:] - /****************流量统计******************/
LastReadBytes:0
LastReadThroughput:0
LastWrittenBytes:0
LastWriteThroughput:0
RealWrittenBytes:0
RealWriteThroughput:0
当前玩家的连接数量:0
当前地图的线程个数：9
当前地图的个数:47
当前数据库执行队列数:0
当前发送队列缓存的对象数量:0
totalMemory：969408512, use ：708206688, free ：261201824DirectMemory：1827143680, 恢复 ：1
当前时间 ：2026-08-19 16:00:09send keng：-1, sheng ：4194304
decode keng：-1, sheng ：2097152
world keng：3, sheng ：1048576

2026-08-19 16:00:14.682 INFO [pool-6-thread-4][:] - /****************流量统计******************/
LastReadBytes:0
LastReadThroughput:0
LastWrittenBytes:0
LastWriteThroughput:0
RealWrittenBytes:0
RealWriteThroughput:0
当前玩家的连接数量:0
当前地图的线程个数：9
当前地图的个数:47
当前数据库执行队列数:0
当前发送队列缓存的对象数量:0
totalMemory：969408512, use ：712405776, free ：257002736DirectMemory：1827143680, 恢复 ：1
当前时间 ：2026-08-19 16:00:14send keng：-1, sheng ：4194304
decode keng：-1, sheng ：2097152
world keng：3, sheng ：1048576

2026-08-19 16:00:19.682 INFO [pool-6-thread-8][:] - /****************流量统计******************/
LastReadBytes:0
LastReadThroughput:0
LastWrittenBytes:0
LastWriteThroughput:0
RealWrittenBytes:0
RealWriteThroughput:0
当前玩家的连接数量:0
当前地图的线程个数：9
当前地图的个数:47
当前数据库执行队列数:0
当前发送队列缓存的对象数量:0
totalMemory：969408512, use ：714841776, free ：254566736DirectMemory：1827143680, 恢复 ：1
当前时间 ：2026-08-19 16:00:19send keng：-1, sheng ：4194304
decode keng：-1, sheng ：2097152
world keng：3, sheng ：1048576

2026-08-19 16:00:24.682 INFO [pool-6-thread-4][:] - /****************流量统计******************/
LastReadBytes:0
LastReadThroughput:0
LastWrittenBytes:0
LastWriteThroughput:0
RealWrittenBytes:0
RealWriteThroughput:0
当前玩家的连接数量:0
当前地图的线程个数：9
当前地图的个数:47
当前数据库执行队列数:0
当前发送队列缓存的对象数量:0
totalMemory：969408512, use ：719535960, free ：249872552DirectMemory：1827143680, 恢复 ：1
当前时间 ：2026-08-19 16:00:24send keng：-1, sheng ：4194304
decode keng：-1, sheng ：2097152
world keng：3, sheng ：1048576

2026-08-19 16:00:29.682 INFO [pool-6-thread-10][:] - /****************流量统计******************/
LastReadBytes:0
LastReadThroughput:0
LastWrittenBytes:0
LastWriteThroughput:0
RealWrittenBytes:0
RealWriteThroughput:0
当前玩家的连接数量:0
当前地图的线程个数：9
当前地图的个数:47
当前数据库执行队列数:0
当前发送队列缓存的对象数量:0
totalMemory：969408512, use ：722904176, free ：246504336DirectMemory：1827143680, 恢复 ：1
当前时间 ：2026-08-19 16:00:29send keng：-1, sheng ：4194304
decode keng：-1, sheng ：2097152
world keng：3, sheng ：1048576

2026-08-19 16:00:34.683 INFO [pool-6-thread-9][:] - /****************流量统计******************/
LastReadBytes:0
LastReadThroughput:0
LastWrittenBytes:0
LastWriteThroughput:0
RealWrittenBytes:0
RealWriteThroughput:0
当前玩家的连接数量:0
当前地图的线程个数：9
当前地图的个数:47
当前数据库执行队列数:0
当前发送队列缓存的对象数量:0
totalMemory：969408512, use ：725681552, free ：243726960DirectMemory：1827143680, 恢复 ：1
当前时间 ：2026-08-19 16:00:34send keng：-1, sheng ：4194304
decode keng：-1, sheng ：2097152
world keng：3, sheng ：1048576

2026-08-19 16:00:39.682 INFO [pool-6-thread-4][:] - /****************流量统计******************/
LastReadBytes:0
LastReadThroughput:0
LastWrittenBytes:0
LastWriteThroughput:0
RealWrittenBytes:0
RealWriteThroughput:0
当前玩家的连接数量:0
当前地图的线程个数：9
当前地图的个数:47
当前数据库执行队列数:0
当前发送队列缓存的对象数量:0
totalMemory：969408512, use ：400075784, free ：569332728DirectMemory：1827143680, 恢复 ：1
当前时间 ：2026-08-19 16:00:39send keng：-1, sheng ：4194304
decode keng：-1, sheng ：2097152
world keng：3, sheng ：1048576

2026-08-19 16:00:44.682 INFO [pool-6-thread-10][:] - /****************流量统计******************/
LastReadBytes:0
LastReadThroughput:0
LastWrittenBytes:0
LastWriteThroughput:0
RealWrittenBytes:0
RealWriteThroughput:0
当前玩家的连接数量:0
当前地图的线程个数：9
当前地图的个数:47
当前数据库执行队列数:0
当前发送队列缓存的对象数量:0
totalMemory：969408512, use ：400111448, free ：569297064DirectMemory：1827143680, 恢复 ：1
当前时间 ：2026-08-19 16:00:44send keng：-1, sheng ：4194304
decode keng：-1, sheng ：2097152
world keng：3, sheng ：1048576

2026-08-19 16:00:49.682 INFO [pool-6-thread-2][:] - /****************流量统计******************/
LastReadBytes:0
LastReadThroughput:0
LastWrittenBytes:0
LastWriteThroughput:0
RealWrittenBytes:0
RealWriteThroughput:0
当前玩家的连接数量:0
当前地图的线程个数：9
当前地图的个数:47
当前数据库执行队列数:0
当前发送队列缓存的对象数量:0
totalMemory：969408512, use ：405834440, free ：563574072DirectMemory：1827143680, 恢复 ：1
当前时间 ：2026-08-19 16:00:49send keng：-1, sheng ：4194304
decode keng：-1, sheng ：2097152
world keng：3, sheng ：1048576

2026-08-19 16:00:54.682 INFO [pool-6-thread-3][:] - /****************流量统计******************/
LastReadBytes:0
LastReadThroughput:0
LastWrittenBytes:0
LastWriteThroughput:0
RealWrittenBytes:0
RealWriteThroughput:0
当前玩家的连接数量:0
当前地图的线程个数：9
当前地图的个数:47
当前数据库执行队列数:0
当前发送队列缓存的对象数量:0
totalMemory：969408512, use ：407173488, free ：562235024DirectMemory：1827143680, 恢复 ：1
当前时间 ：2026-08-19 16:00:54send keng：-1, sheng ：4194304
decode keng：-1, sheng ：2097152
world keng：3, sheng ：1048576

2026-08-19 16:00:59.682 INFO [pool-6-thread-5][:] - /****************流量统计******************/
LastReadBytes:0
LastReadThroughput:0
LastWrittenBytes:0
LastWriteThroughput:0
RealWrittenBytes:0
RealWriteThroughput:0
当前玩家的连接数量:0
当前地图的线程个数：9
当前地图的个数:47
当前数据库执行队列数:0
当前发送队列缓存的对象数量:0
totalMemory：969408512, use ：412478160, free ：556930352DirectMemory：1827143680, 恢复 ：1
当前时间 ：2026-08-19 16:00:59send keng：-1, sheng ：4194304
decode keng：-1, sheng ：2097152
world keng：3, sheng ：1048576

2026-08-19 16:01:04.682 INFO [pool-6-thread-4][:] - /****************流量统计******************/
LastReadBytes:0
LastReadThroughput:0
LastWrittenBytes:0
LastWriteThroughput:0
RealWrittenBytes:0
RealWriteThroughput:0
当前玩家的连接数量:0
当前地图的线程个数：9
当前地图的个数:47
当前数据库执行队列数:0
当前发送队列缓存的对象数量:0
totalMemory：969408512, use ：414314344, free ：555094168DirectMemory：1827143680, 恢复 ：1
当前时间 ：2026-08-19 16:01:04send keng：-1, sheng ：4194304
decode keng：-1, sheng ：2097152
world keng：3, sheng ：1048576

2026-08-19 16:01:09.682 INFO [pool-6-thread-2][:] - /****************流量统计******************/
LastReadBytes:0
LastReadThroughput:0
LastWrittenBytes:0
LastWriteThroughput:0
RealWrittenBytes:0
RealWriteThroughput:0
当前玩家的连接数量:0
当前地图的线程个数：9
当前地图的个数:47
当前数据库执行队列数:0
当前发送队列缓存的对象数量:0
totalMemory：969408512, use ：419238864, free ：550169648DirectMemory：1827143680, 恢复 ：1
当前时间 ：2026-08-19 16:01:09send keng：-1, sheng ：4194304
decode keng：-1, sheng ：2097152
world keng：3, sheng ：1048576

2026-08-19 16:01:14.683 INFO [pool-6-thread-8][:] - /****************流量统计******************/
LastReadBytes:0
LastReadThroughput:0
LastWrittenBytes:0
LastWriteThroughput:0
RealWrittenBytes:0
RealWriteThroughput:0
当前玩家的连接数量:0
当前地图的线程个数：9
当前地图的个数:47
当前数据库执行队列数:0
当前发送队列缓存的对象数量:0
totalMemory：969408512, use ：421393096, free ：548015416DirectMemory：1827143680, 恢复 ：1
当前时间 ：2026-08-19 16:01:14send keng：-1, sheng ：4194304
decode keng：-1, sheng ：2097152
world keng：3, sheng ：1048576

2026-08-19 16:01:19.682 INFO [pool-6-thread-4][:] - /****************流量统计******************/
LastReadBytes:0
LastReadThroughput:0
LastWrittenBytes:0
LastWriteThroughput:0
RealWrittenBytes:0
RealWriteThroughput:0
当前玩家的连接数量:0
当前地图的线程个数：9
当前地图的个数:47
当前数据库执行队列数:0
当前发送队列缓存的对象数量:0
totalMemory：969408512, use ：425440992, free ：543967520DirectMemory：1827143680, 恢复 ：1
当前时间 ：2026-08-19 16:01:19send keng：-1, sheng ：4194304
decode keng：-1, sheng ：2097152
world keng：3, sheng ：1048576

2026-08-19 16:01:24.682 INFO [pool-6-thread-7][:] - /****************流量统计******************/
LastReadBytes:0
LastReadThroughput:0
LastWrittenBytes:0
LastWriteThroughput:0
RealWrittenBytes:0
RealWriteThroughput:0
当前玩家的连接数量:0
当前地图的线程个数：9
当前地图的个数:47
当前数据库执行队列数:0
当前发送队列缓存的对象数量:0
totalMemory：969408512, use ：428073800, free ：541334712DirectMemory：1827143680, 恢复 ：1
当前时间 ：2026-08-19 16:01:24send keng：-1, sheng ：4194304
decode keng：-1, sheng ：2097152
world keng：3, sheng ：1048576

2026-08-19 16:01:29.682 INFO [pool-6-thread-8][:] - /****************流量统计******************/
LastReadBytes:0
LastReadThroughput:0
LastWrittenBytes:0
LastWriteThroughput:0
RealWrittenBytes:0
RealWriteThroughput:0
当前玩家的连接数量:0
当前地图的线程个数：9
当前地图的个数:47
当前数据库执行队列数:0
当前发送队列缓存的对象数量:0
totalMemory：969408512, use ：433355248, free ：536053264DirectMemory：1827143680, 恢复 ：1
当前时间 ：2026-08-19 16:01:29send keng：-1, sheng ：4194304
decode keng：-1, sheng ：2097152
world keng：3, sheng ：1048576

2026-08-19 16:01:34.682 INFO [pool-6-thread-7][:] - /****************流量统计******************/
LastReadBytes:0
LastReadThroughput:0
LastWrittenBytes:0
LastWriteThroughput:0
RealWrittenBytes:0
RealWriteThroughput:0
当前玩家的连接数量:0
当前地图的线程个数：9
当前地图的个数:47
当前数据库执行队列数:0
当前发送队列缓存的对象数量:0
totalMemory：969408512, use ：435513336, free ：533895176DirectMemory：1827143680, 恢复 ：1
当前时间 ：2026-08-19 16:01:34send keng：-1, sheng ：4194304
decode keng：-1, sheng ：2097152
world keng：3, sheng ：1048576

2026-08-19 16:01:39.682 INFO [pool-6-thread-10][:] - /****************流量统计******************/
LastReadBytes:0
LastReadThroughput:0
LastWrittenBytes:0
LastWriteThroughput:0
RealWrittenBytes:0
RealWriteThroughput:0
当前玩家的连接数量:0
当前地图的线程个数：9
当前地图的个数:47
当前数据库执行队列数:0
当前发送队列缓存的对象数量:0
totalMemory：969408512, use ：439999360, free ：529409152DirectMemory：1827143680, 恢复 ：1
当前时间 ：2026-08-19 16:01:39send keng：-1, sheng ：4194304
decode keng：-1, sheng ：2097152
world keng：3, sheng ：1048576

2026-08-19 16:01:44.682 INFO [pool-6-thread-10][:] - /****************流量统计******************/
LastReadBytes:0
LastReadThroughput:0
LastWrittenBytes:0
LastWriteThroughput:0
RealWrittenBytes:0
RealWriteThroughput:0
当前玩家的连接数量:0
当前地图的线程个数：9
当前地图的个数:47
当前数据库执行队列数:0
当前发送队列缓存的对象数量:0
totalMemory：969408512, use ：443053544, free ：526354968DirectMemory：1827143680, 恢复 ：1
当前时间 ：2026-08-19 16:01:44send keng：-1, sheng ：4194304
decode keng：-1, sheng ：2097152
world keng：3, sheng ：1048576

2026-08-19 16:01:49.682 INFO [pool-6-thread-5][:] - /****************流量统计******************/
LastReadBytes:0
LastReadThroughput:0
LastWrittenBytes:0
LastWriteThroughput:0
RealWrittenBytes:0
RealWriteThroughput:0
当前玩家的连接数量:0
当前地图的线程个数：9
当前地图的个数:47
当前数据库执行队列数:0
当前发送队列缓存的对象数量:0
totalMemory：969408512, use ：447505160, free ：521903352DirectMemory：1827143680, 恢复 ：1
当前时间 ：2026-08-19 16:01:49send keng：-1, sheng ：4194304
decode keng：-1, sheng ：2097152
world keng：3, sheng ：1048576

2026-08-19 16:01:54.682 INFO [pool-6-thread-1][:] - /****************流量统计******************/
LastReadBytes:0
LastReadThroughput:0
LastWrittenBytes:0
LastWriteThroughput:0
RealWrittenBytes:0
RealWriteThroughput:0
当前玩家的连接数量:0
当前地图的线程个数：9
当前地图的个数:47
当前数据库执行队列数:0
当前发送队列缓存的对象数量:0
totalMemory：969408512, use ：449757376, free ：519651136DirectMemory：1827143680, 恢复 ：1
当前时间 ：2026-08-19 16:01:54send keng：-1, sheng ：4194304
decode keng：-1, sheng ：2097152
world keng：3, sheng ：1048576

2026-08-19 16:01:59.682 INFO [pool-6-thread-8][:] - /****************流量统计******************/
LastReadBytes:0
LastReadThroughput:0
LastWrittenBytes:0
LastWriteThroughput:0
RealWrittenBytes:0
RealWriteThroughput:0
当前玩家的连接数量:0
当前地图的线程个数：9
当前地图的个数:47
当前数据库执行队列数:0
当前发送队列缓存的对象数量:0
totalMemory：969408512, use ：454493976, free ：514914536DirectMemory：1827143680, 恢复 ：1
当前时间 ：2026-08-19 16:01:59send keng：-1, sheng ：4194304
decode keng：-1, sheng ：2097152
world keng：3, sheng ：1048576

2026-08-19 16:02:04.682 INFO [pool-6-thread-9][:] - /****************流量统计******************/
LastReadBytes:0
LastReadThroughput:0
LastWrittenBytes:0
LastWriteThroughput:0
RealWrittenBytes:0
RealWriteThroughput:0
当前玩家的连接数量:0
当前地图的线程个数：9
当前地图的个数:47
当前数据库执行队列数:0
当前发送队列缓存的对象数量:0
totalMemory：969408512, use ：456763408, free ：512645104DirectMemory：1827143680, 恢复 ：1
当前时间 ：2026-08-19 16:02:04send keng：-1, sheng ：4194304
decode keng：-1, sheng ：2097152
world keng：3, sheng ：1048576

2026-08-19 16:02:09.682 INFO [pool-6-thread-6][:] - /****************流量统计******************/
LastReadBytes:0
LastReadThroughput:0
LastWrittenBytes:0
LastWriteThroughput:0
RealWrittenBytes:0
RealWriteThroughput:0
当前玩家的连接数量:0
当前地图的线程个数：9
当前地图的个数:47
当前数据库执行队列数:0
当前发送队列缓存的对象数量:0
totalMemory：969408512, use ：461245208, free ：508163304DirectMemory：1827143680, 恢复 ：1
当前时间 ：2026-08-19 16:02:09send keng：-1, sheng ：4194304
decode keng：-1, sheng ：2097152
world keng：3, sheng ：1048576

2026-08-19 16:02:14.682 INFO [pool-6-thread-1][:] - /****************流量统计******************/
LastReadBytes:0
LastReadThroughput:0
LastWrittenBytes:0
LastWriteThroughput:0
RealWrittenBytes:0
RealWriteThroughput:0
当前玩家的连接数量:0
当前地图的线程个数：9
当前地图的个数:47
当前数据库执行队列数:0
当前发送队列缓存的对象数量:0
totalMemory：969408512, use ：465591896, free ：503816616DirectMemory：1827143680, 恢复 ：1
当前时间 ：2026-08-19 16:02:14send keng：-1, sheng ：4194304
decode keng：-1, sheng ：2097152
world keng：3, sheng ：1048576

2026-08-19 16:02:19.682 INFO [pool-6-thread-4][:] - /****************流量统计******************/
LastReadBytes:0
LastReadThroughput:0
LastWrittenBytes:0
LastWriteThroughput:0
RealWrittenBytes:0
RealWriteThroughput:0
当前玩家的连接数量:0
当前地图的线程个数：9
当前地图的个数:47
当前数据库执行队列数:0
当前发送队列缓存的对象数量:0
totalMemory：969408512, use ：467502000, free ：501906512DirectMemory：1827143680, 恢复 ：1
当前时间 ：2026-08-19 16:02:19send keng：-1, sheng ：4194304
decode keng：-1, sheng ：2097152
world keng：3, sheng ：1048576

2026-08-19 16:02:24.682 INFO [pool-6-thread-4][:] - /****************流量统计******************/
LastReadBytes:0
LastReadThroughput:0
LastWrittenBytes:0
LastWriteThroughput:0
RealWrittenBytes:0
RealWriteThroughput:0
当前玩家的连接数量:0
当前地图的线程个数：9
当前地图的个数:47
当前数据库执行队列数:0
当前发送队列缓存的对象数量:0
totalMemory：969408512, use ：473053280, free ：496355232DirectMemory：1827143680, 恢复 ：1
当前时间 ：2026-08-19 16:02:24send keng：-1, sheng ：4194304
decode keng：-1, sheng ：2097152
world keng：3, sheng ：1048576

2026-08-19 16:02:29.682 INFO [pool-6-thread-9][:] - /****************流量统计******************/
LastReadBytes:0
LastReadThroughput:0
LastWrittenBytes:0
LastWriteThroughput:0
RealWrittenBytes:0
RealWriteThroughput:0
当前玩家的连接数量:0
当前地图的线程个数：9
当前地图的个数:47
当前数据库执行队列数:0
当前发送队列缓存的对象数量:0
totalMemory：969408512, use ：474944208, free ：494464304DirectMemory：1827143680, 恢复 ：1
当前时间 ：2026-08-19 16:02:29send keng：-1, sheng ：4194304
decode keng：-1, sheng ：2097152
world keng：3, sheng ：1048576

2026-08-19 16:02:34.682 INFO [pool-6-thread-9][:] - /****************流量统计******************/
LastReadBytes:0
LastReadThroughput:0
LastWrittenBytes:0
LastWriteThroughput:0
RealWrittenBytes:0
RealWriteThroughput:0
当前玩家的连接数量:0
当前地图的线程个数：9
当前地图的个数:47
当前数据库执行队列数:0
当前发送队列缓存的对象数量:0
totalMemory：969408512, use ：480297864, free ：489110648DirectMemory：1827143680, 恢复 ：1
当前时间 ：2026-08-19 16:02:34send keng：-1, sheng ：4194304
decode keng：-1, sheng ：2097152
world keng：3, sheng ：1048576

2026-08-19 16:02:39.682 INFO [pool-6-thread-7][:] - /****************流量统计******************/
LastReadBytes:0
LastReadThroughput:0
LastWrittenBytes:0
LastWriteThroughput:0
RealWrittenBytes:0
RealWriteThroughput:0
当前玩家的连接数量:0
当前地图的线程个数：9
当前地图的个数:47
当前数据库执行队列数:0
当前发送队列缓存的对象数量:0
totalMemory：969408512, use ：482023912, free ：487384600DirectMemory：1827143680, 恢复 ：1
当前时间 ：2026-08-19 16:02:39send keng：-1, sheng ：4194304
decode keng：-1, sheng ：2097152
world keng：3, sheng ：1048576

2026-08-19 16:02:44.682 INFO [pool-6-thread-3][:] - /****************流量统计******************/
LastReadBytes:0
LastReadThroughput:0
LastWrittenBytes:0
LastWriteThroughput:0
RealWrittenBytes:0
RealWriteThroughput:0
当前玩家的连接数量:0
当前地图的线程个数：9
当前地图的个数:47
当前数据库执行队列数:0
当前发送队列缓存的对象数量:0
totalMemory：969408512, use ：486908712, free ：482499800DirectMemory：1827143680, 恢复 ：1
当前时间 ：2026-08-19 16:02:44send keng：-1, sheng ：4194304
decode keng：-1, sheng ：2097152
world keng：3, sheng ：1048576

2026-08-19 16:02:49.682 INFO [pool-6-thread-1][:] - /****************流量统计******************/
LastReadBytes:0
LastReadThroughput:0
LastWrittenBytes:0
LastWriteThroughput:0
RealWrittenBytes:0
RealWriteThroughput:0
当前玩家的连接数量:0
当前地图的线程个数：9
当前地图的个数:47
当前数据库执行队列数:0
当前发送队列缓存的对象数量:0
totalMemory：969408512, use ：488672968, free ：480735544DirectMemory：1827143680, 恢复 ：1
当前时间 ：2026-08-19 16:02:49send keng：-1, sheng ：4194304
decode keng：-1, sheng ：2097152
world keng：3, sheng ：1048576

2026-08-19 16:02:54.682 INFO [pool-6-thread-7][:] - /****************流量统计******************/
LastReadBytes:0
LastReadThroughput:0
LastWrittenBytes:0
LastWriteThroughput:0
RealWrittenBytes:0
RealWriteThroughput:0
当前玩家的连接数量:0
当前地图的线程个数：9
当前地图的个数:47
当前数据库执行队列数:0
当前发送队列缓存的对象数量:0
totalMemory：969408512, use ：493103072, free ：476305440DirectMemory：1827143680, 恢复 ：1
当前时间 ：2026-08-19 16:02:54send keng：-1, sheng ：4194304
decode keng：-1, sheng ：2097152
world keng：3, sheng ：1048576

2026-08-19 16:02:59.682 INFO [pool-6-thread-10][:] - /****************流量统计******************/
LastReadBytes:0
LastReadThroughput:0
LastWrittenBytes:0
LastWriteThroughput:0
RealWrittenBytes:0
RealWriteThroughput:0
当前玩家的连接数量:0
当前地图的线程个数：9
当前地图的个数:47
当前数据库执行队列数:0
当前发送队列缓存的对象数量:0
totalMemory：969408512, use ：496150648, free ：473257864DirectMemory：1827143680, 恢复 ：1
当前时间 ：2026-08-19 16:02:59send keng：-1, sheng ：4194304
decode keng：-1, sheng ：2097152
world keng：3, sheng ：1048576

2026-08-19 16:03:04.682 INFO [pool-6-thread-8][:] - /****************流量统计******************/
LastReadBytes:0
LastReadThroughput:0
LastWrittenBytes:0
LastWriteThroughput:0
RealWrittenBytes:0
RealWriteThroughput:0
当前玩家的连接数量:0
当前地图的线程个数：9
当前地图的个数:47
当前数据库执行队列数:0
当前发送队列缓存的对象数量:0
totalMemory：969408512, use ：500296816, free ：469111696DirectMemory：1827143680, 恢复 ：1
当前时间 ：2026-08-19 16:03:04send keng：-1, sheng ：4194304
decode keng：-1, sheng ：2097152
world keng：3, sheng ：1048576

2026-08-19 16:03:09.682 INFO [pool-6-thread-3][:] - /****************流量统计******************/
LastReadBytes:0
LastReadThroughput:0
LastWrittenBytes:0
LastWriteThroughput:0
RealWrittenBytes:0
RealWriteThroughput:0
当前玩家的连接数量:0
当前地图的线程个数：9
当前地图的个数:47
当前数据库执行队列数:0
当前发送队列缓存的对象数量:0
totalMemory：969408512, use ：502865872, free ：466542640DirectMemory：1827143680, 恢复 ：1
当前时间 ：2026-08-19 16:03:09send keng：-1, sheng ：4194304
decode keng：-1, sheng ：2097152
world keng：3, sheng ：1048576

2026-08-19 16:03:14.682 INFO [pool-6-thread-9][:] - /****************流量统计******************/
LastReadBytes:0
LastReadThroughput:0
LastWrittenBytes:0
LastWriteThroughput:0
RealWrittenBytes:0
RealWriteThroughput:0
当前玩家的连接数量:0
当前地图的线程个数：9
当前地图的个数:47
当前数据库执行队列数:0
当前发送队列缓存的对象数量:0
totalMemory：969408512, use ：507794792, free ：461613720DirectMemory：1827143680, 恢复 ：1
当前时间 ：2026-08-19 16:03:14send keng：-1, sheng ：4194304
decode keng：-1, sheng ：2097152
world keng：3, sheng ：1048576

2026-08-19 16:03:19.682 INFO [pool-6-thread-2][:] - /****************流量统计******************/
LastReadBytes:0
LastReadThroughput:0
LastWrittenBytes:0
LastWriteThroughput:0
RealWrittenBytes:0
RealWriteThroughput:0
当前玩家的连接数量:0
当前地图的线程个数：9
当前地图的个数:47
当前数据库执行队列数:0
当前发送队列缓存的对象数量:0
totalMemory：969408512, use ：509591024, free ：459817488DirectMemory：1827143680, 恢复 ：1
当前时间 ：2026-08-19 16:03:19send keng：-1, sheng ：4194304
decode keng：-1, sheng ：2097152
world keng：3, sheng ：1048576

2026-08-19 16:03:24.682 INFO [pool-6-thread-8][:] - /****************流量统计******************/
LastReadBytes:0
LastReadThroughput:0
LastWrittenBytes:0
LastWriteThroughput:0
RealWrittenBytes:0
RealWriteThroughput:0
当前玩家的连接数量:0
当前地图的线程个数：9
当前地图的个数:47
当前数据库执行队列数:0
当前发送队列缓存的对象数量:0
totalMemory：969408512, use ：515272000, free ：454136512DirectMemory：1827143680, 恢复 ：1
当前时间 ：2026-08-19 16:03:24send keng：-1, sheng ：4194304
decode keng：-1, sheng ：2097152
world keng：3, sheng ：1048576

2026-08-19 16:03:29.682 INFO [pool-6-thread-7][:] - /****************流量统计******************/
LastReadBytes:0
LastReadThroughput:0
LastWrittenBytes:0
LastWriteThroughput:0
RealWrittenBytes:0
RealWriteThroughput:0
当前玩家的连接数量:0
当前地图的线程个数：9
当前地图的个数:47
当前数据库执行队列数:0
当前发送队列缓存的对象数量:0
totalMemory：969408512, use ：516744376, free ：452664136DirectMemory：1827143680, 恢复 ：1
当前时间 ：2026-08-19 16:03:29send keng：-1, sheng ：4194304
decode keng：-1, sheng ：2097152
world keng：3, sheng ：1048576

2026-08-19 16:03:34.682 INFO [pool-6-thread-5][:] - /****************流量统计******************/
LastReadBytes:0
LastReadThroughput:0
LastWrittenBytes:0
LastWriteThroughput:0
RealWrittenBytes:0
RealWriteThroughput:0
当前玩家的连接数量:0
当前地图的线程个数：9
当前地图的个数:47
当前数据库执行队列数:0
当前发送队列缓存的对象数量:0
totalMemory：969408512, use ：521490352, free ：447918160DirectMemory：1827143680, 恢复 ：1
当前时间 ：2026-08-19 16:03:34send keng：-1, sheng ：4194304
decode keng：-1, sheng ：2097152
world keng：3, sheng ：1048576

2026-08-19 16:03:39.682 INFO [pool-6-thread-4][:] - /****************流量统计******************/
LastReadBytes:0
LastReadThroughput:0
LastWrittenBytes:0
LastWriteThroughput:0
RealWrittenBytes:0
RealWriteThroughput:0
当前玩家的连接数量:0
当前地图的线程个数：9
当前地图的个数:47
当前数据库执行队列数:0
当前发送队列缓存的对象数量:0
totalMemory：969408512, use ：524299952, free ：445108560DirectMemory：1827143680, 恢复 ：1
当前时间 ：2026-08-19 16:03:39send keng：-1, sheng ：4194304
decode keng：-1, sheng ：2097152
world keng：3, sheng ：1048576

2026-08-19 16:03:44.683 INFO [pool-6-thread-6][:] - /****************流量统计******************/
LastReadBytes:0
LastReadThroughput:0
LastWrittenBytes:0
LastWriteThroughput:0
RealWrittenBytes:0
RealWriteThroughput:0
当前玩家的连接数量:0
当前地图的线程个数：9
当前地图的个数:47
当前数据库执行队列数:0
当前发送队列缓存的对象数量:0
totalMemory：969408512, use ：528555712, free ：440852800DirectMemory：1827143680, 恢复 ：1
当前时间 ：2026-08-19 16:03:44send keng：-1, sheng ：4194304
decode keng：-1, sheng ：2097152
world keng：3, sheng ：1048576

2026-08-19 16:03:49.682 INFO [pool-6-thread-7][:] - /****************流量统计******************/
LastReadBytes:0
LastReadThroughput:0
LastWrittenBytes:0
LastWriteThroughput:0
RealWrittenBytes:0
RealWriteThroughput:0
当前玩家的连接数量:0
当前地图的线程个数：9
当前地图的个数:47
当前数据库执行队列数:0
当前发送队列缓存的对象数量:0
totalMemory：969408512, use ：530808392, free ：438600120DirectMemory：1827143680, 恢复 ：1
当前时间 ：2026-08-19 16:03:49send keng：-1, sheng ：4194304
decode keng：-1, sheng ：2097152
world keng：3, sheng ：1048576

2026-08-19 16:03:54.682 INFO [pool-6-thread-6][:] - /****************流量统计******************/
LastReadBytes:0
LastReadThroughput:0
LastWrittenBytes:0
LastWriteThroughput:0
RealWrittenBytes:0
RealWriteThroughput:0
当前玩家的连接数量:0
当前地图的线程个数：9
当前地图的个数:47
当前数据库执行队列数:0
当前发送队列缓存的对象数量:0
totalMemory：969408512, use ：535140928, free ：434267584DirectMemory：1827143680, 恢复 ：1
当前时间 ：2026-08-19 16:03:54send keng：-1, sheng ：4194304
decode keng：-1, sheng ：2097152
world keng：3, sheng ：1048576

2026-08-19 16:03:59.682 INFO [pool-6-thread-7][:] - /****************流量统计******************/
LastReadBytes:0
LastReadThroughput:0
LastWrittenBytes:0
LastWriteThroughput:0
RealWrittenBytes:0
RealWriteThroughput:0
当前玩家的连接数量:0
当前地图的线程个数：9
当前地图的个数:47
当前数据库执行队列数:0
当前发送队列缓存的对象数量:0
totalMemory：969408512, use ：539967912, free ：429440600DirectMemory：1827143680, 恢复 ：1
当前时间 ：2026-08-19 16:03:59send keng：-1, sheng ：4194304
decode keng：-1, sheng ：2097152
world keng：3, sheng ：1048576

2026-08-19 16:04:04.682 INFO [pool-6-thread-6][:] - /****************流量统计******************/
LastReadBytes:0
LastReadThroughput:0
LastWrittenBytes:0
LastWriteThroughput:0
RealWrittenBytes:0
RealWriteThroughput:0
当前玩家的连接数量:0
当前地图的线程个数：9
当前地图的个数:47
当前数据库执行队列数:0
当前发送队列缓存的对象数量:0
totalMemory：969408512, use ：541471688, free ：427936824DirectMemory：1827143680, 恢复 ：1
当前时间 ：2026-08-19 16:04:04send keng：-1, sheng ：4194304
decode keng：-1, sheng ：2097152
world keng：3, sheng ：1048576

2026-08-19 16:04:09.683 INFO [pool-6-thread-8][:] - /****************流量统计******************/
LastReadBytes:0
LastReadThroughput:0
LastWrittenBytes:0
LastWriteThroughput:0
RealWrittenBytes:0
RealWriteThroughput:0
当前玩家的连接数量:0
当前地图的线程个数：9
当前地图的个数:47
当前数据库执行队列数:0
当前发送队列缓存的对象数量:0
totalMemory：969408512, use ：546834856, free ：422573656DirectMemory：1827143680, 恢复 ：1
当前时间 ：2026-08-19 16:04:09send keng：-1, sheng ：4194304
decode keng：-1, sheng ：2097152
world keng：3, sheng ：1048576

2026-08-19 16:04:14.685 INFO [pool-6-thread-10][:] - /****************流量统计******************/
LastReadBytes:0
LastReadThroughput:0
LastWrittenBytes:0
LastWriteThroughput:0
RealWrittenBytes:0
RealWriteThroughput:0
当前玩家的连接数量:0
当前地图的线程个数：9
当前地图的个数:47
当前数据库执行队列数:0
当前发送队列缓存的对象数量:0
totalMemory：969408512, use ：549820120, free ：419588392DirectMemory：1827143680, 恢复 ：1
当前时间 ：2026-08-19 16:04:14send keng：-1, sheng ：4194304
decode keng：-1, sheng ：2097152
world keng：3, sheng ：1048576

2026-08-19 16:04:19.682 INFO [pool-6-thread-2][:] - /****************流量统计******************/
LastReadBytes:0
LastReadThroughput:0
LastWrittenBytes:0
LastWriteThroughput:0
RealWrittenBytes:0
RealWriteThroughput:0
当前玩家的连接数量:0
当前地图的线程个数：9
当前地图的个数:47
当前数据库执行队列数:0
当前发送队列缓存的对象数量:0
totalMemory：969408512, use ：553997608, free ：415410904DirectMemory：1827143680, 恢复 ：1
当前时间 ：2026-08-19 16:04:19send keng：-1, sheng ：4194304
decode keng：-1, sheng ：2097152
world keng：3, sheng ：1048576

2026-08-19 16:04:24.683 INFO [pool-6-thread-5][:] - /****************流量统计******************/
LastReadBytes:0
LastReadThroughput:0
LastWrittenBytes:0
LastWriteThroughput:0
RealWrittenBytes:0
RealWriteThroughput:0
当前玩家的连接数量:0
当前地图的线程个数：9
当前地图的个数:47
当前数据库执行队列数:0
当前发送队列缓存的对象数量:0
totalMemory：969408512, use ：556079800, free ：413328712DirectMemory：1827143680, 恢复 ：1
当前时间 ：2026-08-19 16:04:24send keng：-1, sheng ：4194304
decode keng：-1, sheng ：2097152
world keng：3, sheng ：1048576

2026-08-19 16:04:29.683 INFO [pool-6-thread-10][:] - /****************流量统计******************/
LastReadBytes:0
LastReadThroughput:0
LastWrittenBytes:0
LastWriteThroughput:0
RealWrittenBytes:0
RealWriteThroughput:0
当前玩家的连接数量:0
当前地图的线程个数：9
当前地图的个数:47
当前数据库执行队列数:0
当前发送队列缓存的对象数量:0
totalMemory：969408512, use ：561783896, free ：407624616DirectMemory：1827143680, 恢复 ：1
当前时间 ：2026-08-19 16:04:29send keng：-1, sheng ：4194304
decode keng：-1, sheng ：2097152
world keng：3, sheng ：1048576

2026-08-19 16:04:34.682 INFO [pool-6-thread-10][:] - /****************流量统计******************/
LastReadBytes:0
LastReadThroughput:0
LastWrittenBytes:0
LastWriteThroughput:0
RealWrittenBytes:0
RealWriteThroughput:0
当前玩家的连接数量:0
当前地图的线程个数：9
当前地图的个数:47
当前数据库执行队列数:0
当前发送队列缓存的对象数量:0
totalMemory：969408512, use ：563105160, free ：406303352DirectMemory：1827143680, 恢复 ：1
当前时间 ：2026-08-19 16:04:34send keng：-1, sheng ：4194304
decode keng：-1, sheng ：2097152
world keng：3, sheng ：1048576

2026-08-19 16:04:39.682 INFO [pool-6-thread-10][:] - /****************流量统计******************/
LastReadBytes:0
LastReadThroughput:0
LastWrittenBytes:0
LastWriteThroughput:0
RealWrittenBytes:0
RealWriteThroughput:0
当前玩家的连接数量:0
当前地图的线程个数：9
当前地图的个数:47
当前数据库执行队列数:0
当前发送队列缓存的对象数量:0
totalMemory：969408512, use ：568456520, free ：400951992DirectMemory：1827143680, 恢复 ：1
当前时间 ：2026-08-19 16:04:39send keng：-1, sheng ：4194304
decode keng：-1, sheng ：2097152
world keng：3, sheng ：1048576

2026-08-19 16:04:44.682 INFO [pool-6-thread-10][:] - /****************流量统计******************/
LastReadBytes:0
LastReadThroughput:0
LastWrittenBytes:0
LastWriteThroughput:0
RealWrittenBytes:0
RealWriteThroughput:0
当前玩家的连接数量:0
当前地图的线程个数：9
当前地图的个数:47
当前数据库执行队列数:0
当前发送队列缓存的对象数量:0
totalMemory：969408512, use ：570221608, free ：399186904DirectMemory：1827143680, 恢复 ：1
当前时间 ：2026-08-19 16:04:44send keng：-1, sheng ：4194304
decode keng：-1, sheng ：2097152
world keng：3, sheng ：1048576

2026-08-19 16:04:49.682 INFO [pool-6-thread-4][:] - /****************流量统计******************/
LastReadBytes:0
LastReadThroughput:0
LastWrittenBytes:0
LastWriteThroughput:0
RealWrittenBytes:0
RealWriteThroughput:0
当前玩家的连接数量:0
当前地图的线程个数：9
当前地图的个数:47
当前数据库执行队列数:0
当前发送队列缓存的对象数量:0
totalMemory：969408512, use ：575033712, free ：394374800DirectMemory：1827143680, 恢复 ：1
当前时间 ：2026-08-19 16:04:49send keng：-1, sheng ：4194304
decode keng：-1, sheng ：2097152
world keng：3, sheng ：1048576

2026-08-19 16:04:54.682 INFO [pool-6-thread-6][:] - /****************流量统计******************/
LastReadBytes:0
LastReadThroughput:0
LastWrittenBytes:0
LastWriteThroughput:0
RealWrittenBytes:0
RealWriteThroughput:0
当前玩家的连接数量:0
当前地图的线程个数：9
当前地图的个数:47
当前数据库执行队列数:0
当前发送队列缓存的对象数量:0
totalMemory：969408512, use ：577311888, free ：392096624DirectMemory：1827143680, 恢复 ：1
当前时间 ：2026-08-19 16:04:54send keng：-1, sheng ：4194304
decode keng：-1, sheng ：2097152
world keng：3, sheng ：1048576

2026-08-19 16:04:59.682 INFO [pool-6-thread-2][:] - /****************流量统计******************/
LastReadBytes:0
LastReadThroughput:0
LastWrittenBytes:0
LastWriteThroughput:0
RealWrittenBytes:0
RealWriteThroughput:0
当前玩家的连接数量:0
当前地图的线程个数：9
当前地图的个数:47
当前数据库执行队列数:0
当前发送队列缓存的对象数量:0
totalMemory：969408512, use ：582104424, free ：387304088DirectMemory：1827143680, 恢复 ：1
当前时间 ：2026-08-19 16:04:59send keng：-1, sheng ：4194304
decode keng：-1, sheng ：2097152
world keng：3, sheng ：1048576

2026-08-19 16:05:04.682 INFO [pool-6-thread-10][:] - /****************流量统计******************/
LastReadBytes:0
LastReadThroughput:0
LastWrittenBytes:0
LastWriteThroughput:0
RealWrittenBytes:0
RealWriteThroughput:0
当前玩家的连接数量:0
当前地图的线程个数：9
当前地图的个数:47
当前数据库执行队列数:0
当前发送队列缓存的对象数量:0
totalMemory：969408512, use ：584934184, free ：384474328DirectMemory：1827143680, 恢复 ：1
当前时间 ：2026-08-19 16:05:04send keng：-1, sheng ：4194304
decode keng：-1, sheng ：2097152
world keng：3, sheng ：1048576

2026-08-19 16:05:09.682 INFO [pool-6-thread-4][:] - /****************流量统计******************/
LastReadBytes:0
LastReadThroughput:0
LastWrittenBytes:0
LastWriteThroughput:0
RealWrittenBytes:0
RealWriteThroughput:0
当前玩家的连接数量:0
当前地图的线程个数：9
当前地图的个数:47
当前数据库执行队列数:0
当前发送队列缓存的对象数量:0
totalMemory：969408512, use ：589275136, free ：380133376DirectMemory：1827143680, 恢复 ：1
当前时间 ：2026-08-19 16:05:09send keng：-1, sheng ：4194304
decode keng：-1, sheng ：2097152
world keng：3, sheng ：1048576

2026-08-19 16:05:14.682 INFO [pool-6-thread-9][:] - /****************流量统计******************/
LastReadBytes:0
LastReadThroughput:0
LastWrittenBytes:0
LastWriteThroughput:0
RealWrittenBytes:0
RealWriteThroughput:0
当前玩家的连接数量:0
当前地图的线程个数：9
当前地图的个数:47
当前数据库执行队列数:0
当前发送队列缓存的对象数量:0
totalMemory：969408512, use ：592530480, free ：376878032DirectMemory：1827143680, 恢复 ：1
当前时间 ：2026-08-19 16:05:14send keng：-1, sheng ：4194304
decode keng：-1, sheng ：2097152
world keng：3, sheng ：1048576

2026-08-19 16:05:19.682 INFO [pool-6-thread-9][:] - /****************流量统计******************/
LastReadBytes:0
LastReadThroughput:0
LastWrittenBytes:0
LastWriteThroughput:0
RealWrittenBytes:0
RealWriteThroughput:0
当前玩家的连接数量:0
当前地图的线程个数：9
当前地图的个数:47
当前数据库执行队列数:0
当前发送队列缓存的对象数量:0
totalMemory：969408512, use ：597177904, free ：372230608DirectMemory：1827143680, 恢复 ：1
当前时间 ：2026-08-19 16:05:19send keng：-1, sheng ：4194304
decode keng：-1, sheng ：2097152
world keng：3, sheng ：1048576

2026-08-19 16:05:24.682 INFO [pool-6-thread-3][:] - /****************流量统计******************/
LastReadBytes:0
LastReadThroughput:0
LastWrittenBytes:0
LastWriteThroughput:0
RealWrittenBytes:0
RealWriteThroughput:0
当前玩家的连接数量:0
当前地图的线程个数：9
当前地图的个数:47
当前数据库执行队列数:0
当前发送队列缓存的对象数量:0
totalMemory：969408512, use ：598906744, free ：370501768DirectMemory：1827143680, 恢复 ：1
当前时间 ：2026-08-19 16:05:24send keng：-1, sheng ：4194304
decode keng：-1, sheng ：2097152
world keng：3, sheng ：1048576

2026-08-19 16:05:29.682 INFO [pool-6-thread-9][:] - /****************流量统计******************/
LastReadBytes:0
LastReadThroughput:0
LastWrittenBytes:0
LastWriteThroughput:0
RealWrittenBytes:0
RealWriteThroughput:0
当前玩家的连接数量:0
当前地图的线程个数：9
当前地图的个数:47
当前数据库执行队列数:0
当前发送队列缓存的对象数量:0
totalMemory：969408512, use ：603820976, free ：365587536DirectMemory：1827143680, 恢复 ：1
当前时间 ：2026-08-19 16:05:29send keng：-1, sheng ：4194304
decode keng：-1, sheng ：2097152
world keng：3, sheng ：1048576

2026-08-19 16:05:34.682 INFO [pool-6-thread-3][:] - /****************流量统计******************/
LastReadBytes:0
LastReadThroughput:0
LastWrittenBytes:0
LastWriteThroughput:0
RealWrittenBytes:0
RealWriteThroughput:0
当前玩家的连接数量:0
当前地图的线程个数：9
当前地图的个数:47
当前数据库执行队列数:0
当前发送队列缓存的对象数量:0
totalMemory：969408512, use ：606655728, free ：362752784DirectMemory：1827143680, 恢复 ：1
当前时间 ：2026-08-19 16:05:34send keng：-1, sheng ：4194304
decode keng：-1, sheng ：2097152
world keng：3, sheng ：1048576

2026-08-19 16:05:39.682 INFO [pool-6-thread-2][:] - /****************流量统计******************/
LastReadBytes:0
LastReadThroughput:0
LastWrittenBytes:0
LastWriteThroughput:0
RealWrittenBytes:0
RealWriteThroughput:0
当前玩家的连接数量:0
当前地图的线程个数：9
当前地图的个数:47
当前数据库执行队列数:0
当前发送队列缓存的对象数量:0
totalMemory：969408512, use ：610031296, free ：359377216DirectMemory：1827143680, 恢复 ：1
当前时间 ：2026-08-19 16:05:39send keng：-1, sheng ：4194304
decode keng：-1, sheng ：2097152
world keng：3, sheng ：1048576

2026-08-19 16:05:44.682 INFO [pool-6-thread-9][:] - /****************流量统计******************/
LastReadBytes:0
LastReadThroughput:0
LastWrittenBytes:0
LastWriteThroughput:0
RealWrittenBytes:0
RealWriteThroughput:0
当前玩家的连接数量:0
当前地图的线程个数：9
当前地图的个数:47
当前数据库执行队列数:0
当前发送队列缓存的对象数量:0
totalMemory：969408512, use ：614422600, free ：354985912DirectMemory：1827143680, 恢复 ：1
当前时间 ：2026-08-19 16:05:44send keng：-1, sheng ：4194304
decode keng：-1, sheng ：2097152
world keng：3, sheng ：1048576

2026-08-19 16:05:49.682 INFO [pool-6-thread-5][:] - /****************流量统计******************/
LastReadBytes:0
LastReadThroughput:0
LastWrittenBytes:0
LastWriteThroughput:0
RealWrittenBytes:0
RealWriteThroughput:0
当前玩家的连接数量:0
当前地图的线程个数：9
当前地图的个数:47
当前数据库执行队列数:0
当前发送队列缓存的对象数量:0
totalMemory：969408512, use ：617952496, free ：351456016DirectMemory：1827143680, 恢复 ：1
当前时间 ：2026-08-19 16:05:49send keng：-1, sheng ：4194304
decode keng：-1, sheng ：2097152
world keng：3, sheng ：1048576

2026-08-19 16:05:54.682 INFO [pool-6-thread-1][:] - /****************流量统计******************/
LastReadBytes:0
LastReadThroughput:0
LastWrittenBytes:0
LastWriteThroughput:0
RealWrittenBytes:0
RealWriteThroughput:0
当前玩家的连接数量:0
当前地图的线程个数：9
当前地图的个数:47
当前数据库执行队列数:0
当前发送队列缓存的对象数量:0
totalMemory：969408512, use ：621562656, free ：347845856DirectMemory：1827143680, 恢复 ：1
当前时间 ：2026-08-19 16:05:54send keng：-1, sheng ：4194304
decode keng：-1, sheng ：2097152
world keng：3, sheng ：1048576

2026-08-19 16:05:59.682 INFO [pool-6-thread-10][:] - /****************流量统计******************/
LastReadBytes:0
LastReadThroughput:0
LastWrittenBytes:0
LastWriteThroughput:0
RealWrittenBytes:0
RealWriteThroughput:0
当前玩家的连接数量:0
当前地图的线程个数：9
当前地图的个数:47
当前数据库执行队列数:0
当前发送队列缓存的对象数量:0
totalMemory：969408512, use ：624566736, free ：344841776DirectMemory：1827143680, 恢复 ：1
当前时间 ：2026-08-19 16:05:59send keng：-1, sheng ：4194304
decode keng：-1, sheng ：2097152
world keng：3, sheng ：1048576

2026-08-19 16:06:04.682 INFO [pool-6-thread-1][:] - /****************流量统计******************/
LastReadBytes:0
LastReadThroughput:0
LastWrittenBytes:0
LastWriteThroughput:0
RealWrittenBytes:0
RealWriteThroughput:0
当前玩家的连接数量:0
当前地图的线程个数：9
当前地图的个数:47
当前数据库执行队列数:0
当前发送队列缓存的对象数量:0
totalMemory：969408512, use ：628362064, free ：341046448DirectMemory：1827143680, 恢复 ：1
当前时间 ：2026-08-19 16:06:04send keng：-1, sheng ：4194304
decode keng：-1, sheng ：2097152
world keng：3, sheng ：1048576

2026-08-19 16:06:09.685 INFO [pool-6-thread-2][:] - /****************流量统计******************/
LastReadBytes:0
LastReadThroughput:0
LastWrittenBytes:0
LastWriteThroughput:0
RealWrittenBytes:0
RealWriteThroughput:0
当前玩家的连接数量:0
当前地图的线程个数：9
当前地图的个数:47
当前数据库执行队列数:0
当前发送队列缓存的对象数量:0
totalMemory：969408512, use ：631759024, free ：337649488DirectMemory：1827143680, 恢复 ：1
当前时间 ：2026-08-19 16:06:09send keng：-1, sheng ：4194304
decode keng：-1, sheng ：2097152
world keng：3, sheng ：1048576

2026-08-19 16:06:14.682 INFO [pool-6-thread-6][:] - /****************流量统计******************/
LastReadBytes:0
LastReadThroughput:0
LastWrittenBytes:0
LastWriteThroughput:0
RealWrittenBytes:0
RealWriteThroughput:0
当前玩家的连接数量:0
当前地图的线程个数：9
当前地图的个数:47
当前数据库执行队列数:0
当前发送队列缓存的对象数量:0
totalMemory：969408512, use ：635823072, free ：333585440DirectMemory：1827143680, 恢复 ：1
当前时间 ：2026-08-19 16:06:14send keng：-1, sheng ：4194304
decode keng：-1, sheng ：2097152
world keng：3, sheng ：1048576

2026-08-19 16:06:19.682 INFO [pool-6-thread-4][:] - /****************流量统计******************/
LastReadBytes:0
LastReadThroughput:0
LastWrittenBytes:0
LastWriteThroughput:0
RealWrittenBytes:0
RealWriteThroughput:0
当前玩家的连接数量:0
当前地图的线程个数：9
当前地图的个数:47
当前数据库执行队列数:0
当前发送队列缓存的对象数量:0
totalMemory：969408512, use ：638027952, free ：331380560DirectMemory：1827143680, 恢复 ：1
当前时间 ：2026-08-19 16:06:19send keng：-1, sheng ：4194304
decode keng：-1, sheng ：2097152
world keng：3, sheng ：1048576

2026-08-19 16:06:24.682 INFO [pool-6-thread-8][:] - /****************流量统计******************/
LastReadBytes:0
LastReadThroughput:0
LastWrittenBytes:0
LastWriteThroughput:0
RealWrittenBytes:0
RealWriteThroughput:0
当前玩家的连接数量:0
当前地图的线程个数：9
当前地图的个数:47
当前数据库执行队列数:0
当前发送队列缓存的对象数量:0
totalMemory：969408512, use ：643083568, free ：326324944DirectMemory：1827143680, 恢复 ：1
当前时间 ：2026-08-19 16:06:24send keng：-1, sheng ：4194304
decode keng：-1, sheng ：2097152
world keng：3, sheng ：1048576

2026-08-19 16:06:29.682 INFO [pool-6-thread-3][:] - /****************流量统计******************/
LastReadBytes:0
LastReadThroughput:0
LastWrittenBytes:0
LastWriteThroughput:0
RealWrittenBytes:0
RealWriteThroughput:0
当前玩家的连接数量:0
当前地图的线程个数：9
当前地图的个数:47
当前数据库执行队列数:0
当前发送队列缓存的对象数量:0
totalMemory：969408512, use ：645507208, free ：323901304DirectMemory：1827143680, 恢复 ：1
当前时间 ：2026-08-19 16:06:29send keng：-1, sheng ：4194304
decode keng：-1, sheng ：2097152
world keng：3, sheng ：1048576

2026-08-19 16:06:34.682 INFO [pool-6-thread-1][:] - /****************流量统计******************/
LastReadBytes:0
LastReadThroughput:0
LastWrittenBytes:0
LastWriteThroughput:0
RealWrittenBytes:0
RealWriteThroughput:0
当前玩家的连接数量:0
当前地图的线程个数：9
当前地图的个数:47
当前数据库执行队列数:0
当前发送队列缓存的对象数量:0
totalMemory：969408512, use ：649899888, free ：319508624DirectMemory：1827143680, 恢复 ：1
当前时间 ：2026-08-19 16:06:34send keng：-1, sheng ：4194304
decode keng：-1, sheng ：2097152
world keng：3, sheng ：1048576

2026-08-19 16:06:39.682 INFO [pool-6-thread-7][:] - /****************流量统计******************/
LastReadBytes:0
LastReadThroughput:0
LastWrittenBytes:0
LastWriteThroughput:0
RealWrittenBytes:0
RealWriteThroughput:0
当前玩家的连接数量:0
当前地图的线程个数：9
当前地图的个数:47
当前数据库执行队列数:0
当前发送队列缓存的对象数量:0
totalMemory：969408512, use ：653455960, free ：315952552DirectMemory：1827143680, 恢复 ：1
当前时间 ：2026-08-19 16:06:39send keng：-1, sheng ：4194304
decode keng：-1, sheng ：2097152
world keng：3, sheng ：1048576

2026-08-19 16:06:44.682 INFO [pool-6-thread-1][:] - /****************流量统计******************/
LastReadBytes:0
LastReadThroughput:0
LastWrittenBytes:0
LastWriteThroughput:0
RealWrittenBytes:0
RealWriteThroughput:0
当前玩家的连接数量:0
当前地图的线程个数：9
当前地图的个数:47
当前数据库执行队列数:0
当前发送队列缓存的对象数量:0
totalMemory：969408512, use ：656477800, free ：312930712DirectMemory：1827143680, 恢复 ：1
当前时间 ：2026-08-19 16:06:44send keng：-1, sheng ：4194304
decode keng：-1, sheng ：2097152
world keng：3, sheng ：1048576

2026-08-19 16:06:49.682 INFO [pool-6-thread-6][:] - /****************流量统计******************/
LastReadBytes:0
LastReadThroughput:0
LastWrittenBytes:0
LastWriteThroughput:0
RealWrittenBytes:0
RealWriteThroughput:0
当前玩家的连接数量:0
当前地图的线程个数：9
当前地图的个数:47
当前数据库执行队列数:0
当前发送队列缓存的对象数量:0
totalMemory：969408512, use ：659781152, free ：309627360DirectMemory：1827143680, 恢复 ：1
当前时间 ：2026-08-19 16:06:49send keng：-1, sheng ：4194304
decode keng：-1, sheng ：2097152
world keng：3, sheng ：1048576

2026-08-19 16:06:54.682 INFO [pool-6-thread-3][:] - /****************流量统计******************/
LastReadBytes:0
LastReadThroughput:0
LastWrittenBytes:0
LastWriteThroughput:0
RealWrittenBytes:0
RealWriteThroughput:0
当前玩家的连接数量:0
当前地图的线程个数：9
当前地图的个数:47
当前数据库执行队列数:0
当前发送队列缓存的对象数量:0
totalMemory：969408512, use ：663563224, free ：305845288DirectMemory：1827143680, 恢复 ：1
当前时间 ：2026-08-19 16:06:54send keng：-1, sheng ：4194304
decode keng：-1, sheng ：2097152
world keng：3, sheng ：1048576

2026-08-19 16:06:59.682 INFO [pool-6-thread-7][:] - /****************流量统计******************/
LastReadBytes:0
LastReadThroughput:0
LastWrittenBytes:0
LastWriteThroughput:0
RealWrittenBytes:0
RealWriteThroughput:0
当前玩家的连接数量:0
当前地图的线程个数：9
当前地图的个数:47
当前数据库执行队列数:0
当前发送队列缓存的对象数量:0
totalMemory：969408512, use ：666961336, free ：302447176DirectMemory：1827143680, 恢复 ：1
当前时间 ：2026-08-19 16:06:59send keng：-1, sheng ：4194304
decode keng：-1, sheng ：2097152
world keng：3, sheng ：1048576

2026-08-19 16:07:04.684 INFO [pool-6-thread-2][:] - /****************流量统计******************/
LastReadBytes:0
LastReadThroughput:0
LastWrittenBytes:0
LastWriteThroughput:0
RealWrittenBytes:0
RealWriteThroughput:0
当前玩家的连接数量:0
当前地图的线程个数：9
当前地图的个数:47
当前数据库执行队列数:0
当前发送队列缓存的对象数量:0
totalMemory：969408512, use ：670736376, free ：298672136DirectMemory：1827143680, 恢复 ：1
当前时间 ：2026-08-19 16:07:04send keng：-1, sheng ：4194304
decode keng：-1, sheng ：2097152
world keng：3, sheng ：1048576

2026-08-19 16:07:09.682 INFO [pool-6-thread-6][:] - /****************流量统计******************/
LastReadBytes:0
LastReadThroughput:0
LastWrittenBytes:0
LastWriteThroughput:0
RealWrittenBytes:0
RealWriteThroughput:0
当前玩家的连接数量:0
当前地图的线程个数：9
当前地图的个数:47
当前数据库执行队列数:0
当前发送队列缓存的对象数量:0
totalMemory：969408512, use ：674239992, free ：295168520DirectMemory：1827143680, 恢复 ：1
当前时间 ：2026-08-19 16:07:09send keng：-1, sheng ：4194304
decode keng：-1, sheng ：2097152
world keng：3, sheng ：1048576

2026-08-19 16:07:14.682 INFO [pool-6-thread-5][:] - /****************流量统计******************/
LastReadBytes:0
LastReadThroughput:0
LastWrittenBytes:0
LastWriteThroughput:0
RealWrittenBytes:0
RealWriteThroughput:0
当前玩家的连接数量:0
当前地图的线程个数：9
当前地图的个数:47
当前数据库执行队列数:0
当前发送队列缓存的对象数量:0
totalMemory：969408512, use ：677396776, free ：292011736DirectMemory：1827143680, 恢复 ：1
当前时间 ：2026-08-19 16:07:14send keng：-1, sheng ：4194304
decode keng：-1, sheng ：2097152
world keng：3, sheng ：1048576

2026-08-19 16:07:19.682 INFO [pool-6-thread-3][:] - /****************流量统计******************/
LastReadBytes:0
LastReadThroughput:0
LastWrittenBytes:0
LastWriteThroughput:0
RealWrittenBytes:0
RealWriteThroughput:0
当前玩家的连接数量:0
当前地图的线程个数：9
当前地图的个数:47
当前数据库执行队列数:0
当前发送队列缓存的对象数量:0
totalMemory：969408512, use ：681070304, free ：288338208DirectMemory：1827143680, 恢复 ：1
当前时间 ：2026-08-19 16:07:19send keng：-1, sheng ：4194304
decode keng：-1, sheng ：2097152
world keng：3, sheng ：1048576

2026-08-19 16:07:24.682 INFO [pool-6-thread-5][:] - /****************流量统计******************/
LastReadBytes:0
LastReadThroughput:0
LastWrittenBytes:0
LastWriteThroughput:0
RealWrittenBytes:0
RealWriteThroughput:0
当前玩家的连接数量:0
当前地图的线程个数：9
当前地图的个数:47
当前数据库执行队列数:0
当前发送队列缓存的对象数量:0
totalMemory：969408512, use ：685316104, free ：284092408DirectMemory：1827143680, 恢复 ：1
当前时间 ：2026-08-19 16:07:24send keng：-1, sheng ：4194304
decode keng：-1, sheng ：2097152
world keng：3, sheng ：1048576

2026-08-19 16:07:29.682 INFO [pool-6-thread-10][:] - /****************流量统计******************/
LastReadBytes:0
LastReadThroughput:0
LastWrittenBytes:0
LastWriteThroughput:0
RealWrittenBytes:0
RealWriteThroughput:0
当前玩家的连接数量:0
当前地图的线程个数：9
当前地图的个数:47
当前数据库执行队列数:0
当前发送队列缓存的对象数量:0
totalMemory：969408512, use ：688313528, free ：281094984DirectMemory：1827143680, 恢复 ：1
当前时间 ：2026-08-19 16:07:29send keng：-1, sheng ：4194304
decode keng：-1, sheng ：2097152
world keng：3, sheng ：1048576

2026-08-19 16:07:34.682 INFO [pool-6-thread-6][:] - /****************流量统计******************/
LastReadBytes:0
LastReadThroughput:0
LastWrittenBytes:0
LastWriteThroughput:0
RealWrittenBytes:0
RealWriteThroughput:0
当前玩家的连接数量:0
当前地图的线程个数：9
当前地图的个数:47
当前数据库执行队列数:0
当前发送队列缓存的对象数量:0
totalMemory：969408512, use ：692386296, free ：277022216DirectMemory：1827143680, 恢复 ：1
当前时间 ：2026-08-19 16:07:34send keng：-1, sheng ：4194304
decode keng：-1, sheng ：2097152
world keng：3, sheng ：1048576

2026-08-19 16:07:39.682 INFO [pool-6-thread-4][:] - /****************流量统计******************/
LastReadBytes:0
LastReadThroughput:0
LastWrittenBytes:0
LastWriteThroughput:0
RealWrittenBytes:0
RealWriteThroughput:0
当前玩家的连接数量:0
当前地图的线程个数：9
当前地图的个数:47
当前数据库执行队列数:0
当前发送队列缓存的对象数量:0
totalMemory：969408512, use ：696327920, free ：273080592DirectMemory：1827143680, 恢复 ：1
当前时间 ：2026-08-19 16:07:39send keng：-1, sheng ：4194304
decode keng：-1, sheng ：2097152
world keng：3, sheng ：1048576

2026-08-19 16:07:44.682 INFO [pool-6-thread-6][:] - /****************流量统计******************/
LastReadBytes:0
LastReadThroughput:0
LastWrittenBytes:0
LastWriteThroughput:0
RealWrittenBytes:0
RealWriteThroughput:0
当前玩家的连接数量:0
当前地图的线程个数：9
当前地图的个数:47
当前数据库执行队列数:0
当前发送队列缓存的对象数量:0
totalMemory：969408512, use ：699476600, free ：269931912DirectMemory：1827143680, 恢复 ：1
当前时间 ：2026-08-19 16:07:44send keng：-1, sheng ：4194304
decode keng：-1, sheng ：2097152
world keng：3, sheng ：1048576

2026-08-19 16:07:49.682 INFO [pool-6-thread-6][:] - /****************流量统计******************/
LastReadBytes:0
LastReadThroughput:0
LastWrittenBytes:0
LastWriteThroughput:0
RealWrittenBytes:0
RealWriteThroughput:0
当前玩家的连接数量:0
当前地图的线程个数：9
当前地图的个数:47
当前数据库执行队列数:0
当前发送队列缓存的对象数量:0
totalMemory：969408512, use ：703522224, free ：265886288DirectMemory：1827143680, 恢复 ：1
当前时间 ：2026-08-19 16:07:49send keng：-1, sheng ：4194304
decode keng：-1, sheng ：2097152
world keng：3, sheng ：1048576

2026-08-19 16:07:54.682 INFO [pool-6-thread-5][:] - /****************流量统计******************/
LastReadBytes:0
LastReadThroughput:0
LastWrittenBytes:0
LastWriteThroughput:0
RealWrittenBytes:0
RealWriteThroughput:0
当前玩家的连接数量:0
当前地图的线程个数：9
当前地图的个数:47
当前数据库执行队列数:0
当前发送队列缓存的对象数量:0
totalMemory：969408512, use ：705638368, free ：263770144DirectMemory：1827143680, 恢复 ：1
当前时间 ：2026-08-19 16:07:54send keng：-1, sheng ：4194304
decode keng：-1, sheng ：2097152
world keng：3, sheng ：1048576

2026-08-19 16:07:59.682 INFO [pool-6-thread-9][:] - /****************流量统计******************/
LastReadBytes:0
LastReadThroughput:0
LastWrittenBytes:0
LastWriteThroughput:0
RealWrittenBytes:0
RealWriteThroughput:0
当前玩家的连接数量:0
当前地图的线程个数：9
当前地图的个数:47
当前数据库执行队列数:0
当前发送队列缓存的对象数量:0
totalMemory：969408512, use ：710160648, free ：259247864DirectMemory：1827143680, 恢复 ：1
当前时间 ：2026-08-19 16:07:59send keng：-1, sheng ：4194304
decode keng：-1, sheng ：2097152
world keng：3, sheng ：1048576

2026-08-19 16:08:04.682 INFO [pool-6-thread-5][:] - /****************流量统计******************/
LastReadBytes:0
LastReadThroughput:0
LastWrittenBytes:0
LastWriteThroughput:0
RealWrittenBytes:0
RealWriteThroughput:0
当前玩家的连接数量:0
当前地图的线程个数：9
当前地图的个数:47
当前数据库执行队列数:0
当前发送队列缓存的对象数量:0
totalMemory：969408512, use ：712440656, free ：256967856DirectMemory：1827143680, 恢复 ：1
当前时间 ：2026-08-19 16:08:04send keng：-1, sheng ：4194304
decode keng：-1, sheng ：2097152
world keng：3, sheng ：1048576

2026-08-19 16:08:09.682 INFO [pool-6-thread-2][:] - /****************流量统计******************/
LastReadBytes:0
LastReadThroughput:0
LastWrittenBytes:0
LastWriteThroughput:0
RealWrittenBytes:0
RealWriteThroughput:0
当前玩家的连接数量:0
当前地图的线程个数：9
当前地图的个数:47
当前数据库执行队列数:0
当前发送队列缓存的对象数量:0
totalMemory：969408512, use ：717711280, free ：251697232DirectMemory：1827143680, 恢复 ：1
当前时间 ：2026-08-19 16:08:09send keng：-1, sheng ：4194304
decode keng：-1, sheng ：2097152
world keng：3, sheng ：1048576

2026-08-19 16:08:14.682 INFO [pool-6-thread-9][:] - /****************流量统计******************/
LastReadBytes:0
LastReadThroughput:0
LastWrittenBytes:0
LastWriteThroughput:0
RealWrittenBytes:0
RealWriteThroughput:0
当前玩家的连接数量:0
当前地图的线程个数：9
当前地图的个数:47
当前数据库执行队列数:0
当前发送队列缓存的对象数量:0
totalMemory：969408512, use ：719989832, free ：249418680DirectMemory：1827143680, 恢复 ：1
当前时间 ：2026-08-19 16:08:14send keng：-1, sheng ：4194304
decode keng：-1, sheng ：2097152
world keng：3, sheng ：1048576

2026-08-19 16:08:19.682 INFO [pool-6-thread-4][:] - /****************流量统计******************/
LastReadBytes:0
LastReadThroughput:0
LastWrittenBytes:0
LastWriteThroughput:0
RealWrittenBytes:0
RealWriteThroughput:0
当前玩家的连接数量:0
当前地图的线程个数：9
当前地图的个数:47
当前数据库执行队列数:0
当前发送队列缓存的对象数量:0
totalMemory：969408512, use ：724431880, free ：244976632DirectMemory：1827143680, 恢复 ：1
当前时间 ：2026-08-19 16:08:19send keng：-1, sheng ：4194304
decode keng：-1, sheng ：2097152
world keng：3, sheng ：1048576

2026-08-19 16:08:24.682 INFO [pool-6-thread-10][:] - /****************流量统计******************/
LastReadBytes:0
LastReadThroughput:0
LastWrittenBytes:0
LastWriteThroughput:0
RealWrittenBytes:0
RealWriteThroughput:0
当前玩家的连接数量:0
当前地图的线程个数：9
当前地图的个数:47
当前数据库执行队列数:0
当前发送队列缓存的对象数量:0
totalMemory：969408512, use ：727170952, free ：242237560DirectMemory：1827143680, 恢复 ：1
当前时间 ：2026-08-19 16:08:24send keng：-1, sheng ：4194304
decode keng：-1, sheng ：2097152
world keng：3, sheng ：1048576

2026-08-19 16:08:29.682 INFO [pool-6-thread-6][:] - /****************流量统计******************/
LastReadBytes:0
LastReadThroughput:0
LastWrittenBytes:0
LastWriteThroughput:0
RealWrittenBytes:0
RealWriteThroughput:0
当前玩家的连接数量:0
当前地图的线程个数：9
当前地图的个数:47
当前数据库执行队列数:0
当前发送队列缓存的对象数量:0
totalMemory：969932800, use ：400064872, free ：569867928DirectMemory：1827143680, 恢复 ：1
当前时间 ：2026-08-19 16:08:29send keng：-1, sheng ：4194304
decode keng：-1, sheng ：2097152
world keng：3, sheng ：1048576

2026-08-19 16:08:34.682 INFO [pool-6-thread-9][:] - /****************流量统计******************/
LastReadBytes:0
LastReadThroughput:0
LastWrittenBytes:0
LastWriteThroughput:0
RealWrittenBytes:0
RealWriteThroughput:0
当前玩家的连接数量:0
当前地图的线程个数：9
当前地图的个数:47
当前数据库执行队列数:0
当前发送队列缓存的对象数量:0
totalMemory：969932800, use ：400956784, free ：568976016DirectMemory：1827143680, 恢复 ：1
当前时间 ：2026-08-19 16:08:34send keng：-1, sheng ：4194304
decode keng：-1, sheng ：2097152
world keng：3, sheng ：1048576

2026-08-19 16:08:39.682 INFO [pool-6-thread-1][:] - /****************流量统计******************/
LastReadBytes:0
LastReadThroughput:0
LastWrittenBytes:0
LastWriteThroughput:0
RealWrittenBytes:0
RealWriteThroughput:0
当前玩家的连接数量:0
当前地图的线程个数：9
当前地图的个数:47
当前数据库执行队列数:0
当前发送队列缓存的对象数量:0
totalMemory：969932800, use ：406261064, free ：563671736DirectMemory：1827143680, 恢复 ：1
当前时间 ：2026-08-19 16:08:39send keng：-1, sheng ：4194304
decode keng：-1, sheng ：2097152
world keng：3, sheng ：1048576

2026-08-19 16:08:44.682 INFO [pool-6-thread-8][:] - /****************流量统计******************/
LastReadBytes:0
LastReadThroughput:0
LastWrittenBytes:0
LastWriteThroughput:0
RealWrittenBytes:0
RealWriteThroughput:0
当前玩家的连接数量:0
当前地图的线程个数：9
当前地图的个数:47
当前数据库执行队列数:0
当前发送队列缓存的对象数量:0
totalMemory：969932800, use ：408459440, free ：561473360DirectMemory：1827143680, 恢复 ：1
当前时间 ：2026-08-19 16:08:44send keng：-1, sheng ：4194304
decode keng：-1, sheng ：2097152
world keng：3, sheng ：1048576

2026-08-19 16:08:49.682 INFO [pool-6-thread-5][:] - /****************流量统计******************/
LastReadBytes:0
LastReadThroughput:0
LastWrittenBytes:0
LastWriteThroughput:0
RealWrittenBytes:0
RealWriteThroughput:0
当前玩家的连接数量:0
当前地图的线程个数：9
当前地图的个数:47
当前数据库执行队列数:0
当前发送队列缓存的对象数量:0
totalMemory：969932800, use ：412486928, free ：557445872DirectMemory：1827143680, 恢复 ：1
当前时间 ：2026-08-19 16:08:49send keng：-1, sheng ：4194304
decode keng：-1, sheng ：2097152
world keng：3, sheng ：1048576

2026-08-19 16:08:54.685 INFO [pool-6-thread-1][:] - /****************流量统计******************/
LastReadBytes:0
LastReadThroughput:0
LastWrittenBytes:0
LastWriteThroughput:0
RealWrittenBytes:0
RealWriteThroughput:0
当前玩家的连接数量:0
当前地图的线程个数：9
当前地图的个数:47
当前数据库执行队列数:0
当前发送队列缓存的对象数量:0
totalMemory：969932800, use ：415064664, free ：554868136DirectMemory：1827143680, 恢复 ：1
当前时间 ：2026-08-19 16:08:54send keng：-1, sheng ：4194304
decode keng：-1, sheng ：2097152
world keng：3, sheng ：1048576

2026-08-19 16:08:59.682 INFO [pool-6-thread-5][:] - /****************流量统计******************/
LastReadBytes:0
LastReadThroughput:0
LastWrittenBytes:0
LastWriteThroughput:0
RealWrittenBytes:0
RealWriteThroughput:0
当前玩家的连接数量:0
当前地图的线程个数：9
当前地图的个数:47
当前数据库执行队列数:0
当前发送队列缓存的对象数量:0
totalMemory：969932800, use ：419562424, free ：550370376DirectMemory：1827143680, 恢复 ：1
当前时间 ：2026-08-19 16:08:59send keng：-1, sheng ：4194304
decode keng：-1, sheng ：2097152
world keng：3, sheng ：1048576

2026-08-19 16:09:04.682 INFO [pool-6-thread-8][:] - /****************流量统计******************/
LastReadBytes:0
LastReadThroughput:0
LastWrittenBytes:0
LastWriteThroughput:0
RealWrittenBytes:0
RealWriteThroughput:0
当前玩家的连接数量:0
当前地图的线程个数：9
当前地图的个数:47
当前数据库执行队列数:0
当前发送队列缓存的对象数量:0
totalMemory：969932800, use ：422012976, free ：547919824DirectMemory：1827143680, 恢复 ：1
当前时间 ：2026-08-19 16:09:04send keng：-1, sheng ：4194304
decode keng：-1, sheng ：2097152
world keng：3, sheng ：1048576

2026-08-19 16:09:09.682 INFO [pool-6-thread-2][:] - /****************流量统计******************/
LastReadBytes:0
LastReadThroughput:0
LastWrittenBytes:0
LastWriteThroughput:0
RealWrittenBytes:0
RealWriteThroughput:0
当前玩家的连接数量:0
当前地图的线程个数：9
当前地图的个数:47
当前数据库执行队列数:0
当前发送队列缓存的对象数量:0
totalMemory：969932800, use ：426765912, free ：543166888DirectMemory：1827143680, 恢复 ：1
当前时间 ：2026-08-19 16:09:09send keng：-1, sheng ：4194304
decode keng：-1, sheng ：2097152
world keng：3, sheng ：1048576

2026-08-19 16:09:14.682 INFO [pool-6-thread-7][:] - /****************流量统计******************/
LastReadBytes:0
LastReadThroughput:0
LastWrittenBytes:0
LastWriteThroughput:0
RealWrittenBytes:0
RealWriteThroughput:0
当前玩家的连接数量:0
当前地图的线程个数：9
当前地图的个数:47
当前数据库执行队列数:0
当前发送队列缓存的对象数量:0
totalMemory：969932800, use ：430688736, free ：539244064DirectMemory：1827143680, 恢复 ：1
当前时间 ：2026-08-19 16:09:14send keng：-1, sheng ：4194304
decode keng：-1, sheng ：2097152
world keng：3, sheng ：1048576

2026-08-19 16:09:19.682 INFO [pool-6-thread-6][:] - /****************流量统计******************/
LastReadBytes:0
LastReadThroughput:0
LastWrittenBytes:0
LastWriteThroughput:0
RealWrittenBytes:0
RealWriteThroughput:0
当前玩家的连接数量:0
当前地图的线程个数：9
当前地图的个数:47
当前数据库执行队列数:0
当前发送队列缓存的对象数量:0
totalMemory：969932800, use ：433857664, free ：536075136DirectMemory：1827143680, 恢复 ：1
当前时间 ：2026-08-19 16:09:19send keng：-1, sheng ：4194304
decode keng：-1, sheng ：2097152
world keng：3, sheng ：1048576

2026-08-19 16:09:24.682 INFO [pool-6-thread-2][:] - /****************流量统计******************/
LastReadBytes:0
LastReadThroughput:0
LastWrittenBytes:0
LastWriteThroughput:0
RealWrittenBytes:0
RealWriteThroughput:0
当前玩家的连接数量:0
当前地图的线程个数：9
当前地图的个数:47
当前数据库执行队列数:0
当前发送队列缓存的对象数量:0
totalMemory：969932800, use ：437913704, free ：532019096DirectMemory：1827143680, 恢复 ：1
当前时间 ：2026-08-19 16:09:24send keng：-1, sheng ：4194304
decode keng：-1, sheng ：2097152
world keng：3, sheng ：1048576

2026-08-19 16:09:29.682 INFO [pool-6-thread-4][:] - /****************流量统计******************/
LastReadBytes:0
LastReadThroughput:0
LastWrittenBytes:0
LastWriteThroughput:0
RealWrittenBytes:0
RealWriteThroughput:0
当前玩家的连接数量:0
当前地图的线程个数：9
当前地图的个数:47
当前数据库执行队列数:0
当前发送队列缓存的对象数量:0
totalMemory：969932800, use ：440921320, free ：529011480DirectMemory：1827143680, 恢复 ：1
当前时间 ：2026-08-19 16:09:29send keng：-1, sheng ：4194304
decode keng：-1, sheng ：2097152
world keng：3, sheng ：1048576

2026-08-19 16:09:34.682 INFO [pool-6-thread-8][:] - /****************流量统计******************/
LastReadBytes:0
LastReadThroughput:0
LastWrittenBytes:0
LastWriteThroughput:0
RealWrittenBytes:0
RealWriteThroughput:0
当前玩家的连接数量:0
当前地图的线程个数：9
当前地图的个数:47
当前数据库执行队列数:0
当前发送队列缓存的对象数量:0
totalMemory：969932800, use ：445784896, free ：524147904DirectMemory：1827143680, 恢复 ：1
当前时间 ：2026-08-19 16:09:34send keng：-1, sheng ：4194304
decode keng：-1, sheng ：2097152
world keng：3, sheng ：1048576

2026-08-19 16:09:39.682 INFO [pool-6-thread-8][:] - /****************流量统计******************/
LastReadBytes:0
LastReadThroughput:0
LastWrittenBytes:0
LastWriteThroughput:0
RealWrittenBytes:0
RealWriteThroughput:0
当前玩家的连接数量:0
当前地图的线程个数：9
当前地图的个数:47
当前数据库执行队列数:0
当前发送队列缓存的对象数量:0
totalMemory：969932800, use ：447573696, free ：522359104DirectMemory：1827143680, 恢复 ：1
当前时间 ：2026-08-19 16:09:39send keng：-1, sheng ：4194304
decode keng：-1, sheng ：2097152
world keng：3, sheng ：1048576

2026-08-19 16:09:44.682 INFO [pool-6-thread-1][:] - /****************流量统计******************/
LastReadBytes:0
LastReadThroughput:0
LastWrittenBytes:0
LastWriteThroughput:0
RealWrittenBytes:0
RealWriteThroughput:0
当前玩家的连接数量:0
当前地图的线程个数：9
当前地图的个数:47
当前数据库执行队列数:0
当前发送队列缓存的对象数量:0
totalMemory：969932800, use ：452022192, free ：517910608DirectMemory：1827143680, 恢复 ：1
当前时间 ：2026-08-19 16:09:44send keng：-1, sheng ：4194304
decode keng：-1, sheng ：2097152
world keng：3, sheng ：1048576

2026-08-19 16:09:49.682 INFO [pool-6-thread-4][:] - /****************流量统计******************/
LastReadBytes:0
LastReadThroughput:0
LastWrittenBytes:0
LastWriteThroughput:0
RealWrittenBytes:0
RealWriteThroughput:0
当前玩家的连接数量:0
当前地图的线程个数：9
当前地图的个数:47
当前数据库执行队列数:0
当前发送队列缓存的对象数量:0
totalMemory：969932800, use ：453745576, free ：516187224DirectMemory：1827143680, 恢复 ：1
当前时间 ：2026-08-19 16:09:49send keng：-1, sheng ：4194304
decode keng：-1, sheng ：2097152
world keng：3, sheng ：1048576

2026-08-19 16:09:54.682 INFO [pool-6-thread-8][:] - /****************流量统计******************/
LastReadBytes:0
LastReadThroughput:0
LastWrittenBytes:0
LastWriteThroughput:0
RealWrittenBytes:0
RealWriteThroughput:0
当前玩家的连接数量:0
当前地图的线程个数：9
当前地图的个数:47
当前数据库执行队列数:0
当前发送队列缓存的对象数量:0
totalMemory：969932800, use ：458687136, free ：511245664DirectMemory：1827143680, 恢复 ：1
当前时间 ：2026-08-19 16:09:54send keng：-1, sheng ：4194304
decode keng：-1, sheng ：2097152
world keng：3, sheng ：1048576

2026-08-19 16:09:59.682 INFO [pool-6-thread-10][:] - /****************流量统计******************/
LastReadBytes:0
LastReadThroughput:0
LastWrittenBytes:0
LastWriteThroughput:0
RealWrittenBytes:0
RealWriteThroughput:0
当前玩家的连接数量:0
当前地图的线程个数：9
当前地图的个数:47
当前数据库执行队列数:0
当前发送队列缓存的对象数量:0
totalMemory：969932800, use ：461256088, free ：508676712DirectMemory：1827143680, 恢复 ：1
当前时间 ：2026-08-19 16:09:59send keng：-1, sheng ：4194304
decode keng：-1, sheng ：2097152
world keng：3, sheng ：1048576

2026-08-19 16:10:04.682 INFO [pool-6-thread-3][:] - /****************流量统计******************/
LastReadBytes:0
LastReadThroughput:0
LastWrittenBytes:0
LastWriteThroughput:0
RealWrittenBytes:0
RealWriteThroughput:0
当前玩家的连接数量:0
当前地图的线程个数：9
当前地图的个数:47
当前数据库执行队列数:0
当前发送队列缓存的对象数量:0
totalMemory：969932800, use ：466248104, free ：503684696DirectMemory：1827143680, 恢复 ：1
当前时间 ：2026-08-19 16:10:04send keng：-1, sheng ：4194304
decode keng：-1, sheng ：2097152
world keng：3, sheng ：1048576

2026-08-19 16:10:09.683 INFO [pool-6-thread-6][:] - /****************流量统计******************/
LastReadBytes:0
LastReadThroughput:0
LastWrittenBytes:0
LastWriteThroughput:0
RealWrittenBytes:0
RealWriteThroughput:0
当前玩家的连接数量:0
当前地图的线程个数：9
当前地图的个数:47
当前数据库执行队列数:0
当前发送队列缓存的对象数量:0
totalMemory：969932800, use ：467599328, free ：502333472DirectMemory：1827143680, 恢复 ：1
当前时间 ：2026-08-19 16:10:09send keng：-1, sheng ：4194304
decode keng：-1, sheng ：2097152
world keng：3, sheng ：1048576

2026-08-19 16:10:14.682 INFO [pool-6-thread-2][:] - /****************流量统计******************/
LastReadBytes:0
LastReadThroughput:0
LastWrittenBytes:0
LastWriteThroughput:0
RealWrittenBytes:0
RealWriteThroughput:0
当前玩家的连接数量:0
当前地图的线程个数：9
当前地图的个数:47
当前数据库执行队列数:0
当前发送队列缓存的对象数量:0
totalMemory：969932800, use ：472929440, free ：497003360DirectMemory：1827143680, 恢复 ：1
当前时间 ：2026-08-19 16:10:14send keng：-1, sheng ：4194304
decode keng：-1, sheng ：2097152
world keng：3, sheng ：1048576

2026-08-19 16:10:19.682 INFO [pool-6-thread-4][:] - /****************流量统计******************/
LastReadBytes:0
LastReadThroughput:0
LastWrittenBytes:0
LastWriteThroughput:0
RealWrittenBytes:0
RealWriteThroughput:0
当前玩家的连接数量:0
当前地图的线程个数：9
当前地图的个数:47
当前数据库执行队列数:0
当前发送队列缓存的对象数量:0
totalMemory：969932800, use ：475172440, free ：494760360DirectMemory：1827143680, 恢复 ：1
当前时间 ：2026-08-19 16:10:19send keng：-1, sheng ：4194304
decode keng：-1, sheng ：2097152
world keng：3, sheng ：1048576

2026-08-19 16:10:24.682 INFO [pool-6-thread-1][:] - /****************流量统计******************/
LastReadBytes:0
LastReadThroughput:0
LastWrittenBytes:0
LastWriteThroughput:0
RealWrittenBytes:0
RealWriteThroughput:0
当前玩家的连接数量:0
当前地图的线程个数：9
当前地图的个数:47
当前数据库执行队列数:0
当前发送队列缓存的对象数量:0
totalMemory：969932800, use ：479618336, free ：490314464DirectMemory：1827143680, 恢复 ：1
当前时间 ：2026-08-19 16:10:24send keng：-1, sheng ：4194304
decode keng：-1, sheng ：2097152
world keng：3, sheng ：1048576

2026-08-19 16:10:29.682 INFO [pool-6-thread-8][:] - /****************流量统计******************/
LastReadBytes:0
LastReadThroughput:0
LastWrittenBytes:0
LastWriteThroughput:0
RealWrittenBytes:0
RealWriteThroughput:0
当前玩家的连接数量:0
当前地图的线程个数：9
当前地图的个数:47
当前数据库执行队列数:0
当前发送队列缓存的对象数量:0
totalMemory：969932800, use ：482283872, free ：487648928DirectMemory：1827143680, 恢复 ：1
当前时间 ：2026-08-19 16:10:29send keng：-1, sheng ：4194304
decode keng：-1, sheng ：2097152
world keng：3, sheng ：1048576

2026-08-19 16:10:34.682 INFO [pool-6-thread-10][:] - /****************流量统计******************/
LastReadBytes:0
LastReadThroughput:0
LastWrittenBytes:0
LastWriteThroughput:0
RealWrittenBytes:0
RealWriteThroughput:0
当前玩家的连接数量:0
当前地图的线程个数：9
当前地图的个数:47
当前数据库执行队列数:0
当前发送队列缓存的对象数量:0
totalMemory：969932800, use ：486694880, free ：483237920DirectMemory：1827143680, 恢复 ：1
当前时间 ：2026-08-19 16:10:34send keng：-1, sheng ：4194304
decode keng：-1, sheng ：2097152
world keng：3, sheng ：1048576

2026-08-19 16:10:39.682 INFO [pool-6-thread-4][:] - /****************流量统计******************/
LastReadBytes:0
LastReadThroughput:0
LastWrittenBytes:0
LastWriteThroughput:0
RealWrittenBytes:0
RealWriteThroughput:0
当前玩家的连接数量:0
当前地图的线程个数：9
当前地图的个数:47
当前数据库执行队列数:0
当前发送队列缓存的对象数量:0
totalMemory：969932800, use ：489111152, free ：480821648DirectMemory：1827143680, 恢复 ：1
当前时间 ：2026-08-19 16:10:39send keng：-1, sheng ：4194304
decode keng：-1, sheng ：2097152
world keng：3, sheng ：1048576

2026-08-19 16:10:44.682 INFO [pool-6-thread-3][:] - /****************流量统计******************/
LastReadBytes:0
LastReadThroughput:0
LastWrittenBytes:0
LastWriteThroughput:0
RealWrittenBytes:0
RealWriteThroughput:0
当前玩家的连接数量:0
当前地图的线程个数：9
当前地图的个数:47
当前数据库执行队列数:0
当前发送队列缓存的对象数量:0
totalMemory：969932800, use ：493717912, free ：476214888DirectMemory：1827143680, 恢复 ：1
当前时间 ：2026-08-19 16:10:44send keng：-1, sheng ：4194304
decode keng：-1, sheng ：2097152
world keng：3, sheng ：1048576

2026-08-19 16:10:49.682 INFO [pool-6-thread-7][:] - /****************流量统计******************/
LastReadBytes:0
LastReadThroughput:0
LastWrittenBytes:0
LastWriteThroughput:0
RealWrittenBytes:0
RealWriteThroughput:0
当前玩家的连接数量:0
当前地图的线程个数：9
当前地图的个数:47
当前数据库执行队列数:0
当前发送队列缓存的对象数量:0
totalMemory：969932800, use ：497353232, free ：472579568DirectMemory：1827143680, 恢复 ：1
当前时间 ：2026-08-19 16:10:49send keng：-1, sheng ：4194304
decode keng：-1, sheng ：2097152
world keng：3, sheng ：1048576

2026-08-19 16:10:54.682 INFO [pool-6-thread-2][:] - /****************流量统计******************/
LastReadBytes:0
LastReadThroughput:0
LastWrittenBytes:0
LastWriteThroughput:0
RealWrittenBytes:0
RealWriteThroughput:0
当前玩家的连接数量:0
当前地图的线程个数：9
当前地图的个数:47
当前数据库执行队列数:0
当前发送队列缓存的对象数量:0
totalMemory：969932800, use ：500381664, free ：469551136DirectMemory：1827143680, 恢复 ：1
当前时间 ：2026-08-19 16:10:54send keng：-1, sheng ：4194304
decode keng：-1, sheng ：2097152
world keng：3, sheng ：1048576

2026-08-19 16:10:59.682 INFO [pool-6-thread-10][:] - /****************流量统计******************/
LastReadBytes:0
LastReadThroughput:0
LastWrittenBytes:0
LastWriteThroughput:0
RealWrittenBytes:0
RealWriteThroughput:0
当前玩家的连接数量:0
当前地图的线程个数：9
当前地图的个数:47
当前数据库执行队列数:0
当前发送队列缓存的对象数量:0
totalMemory：969932800, use ：504456472, free ：465476328DirectMemory：1827143680, 恢复 ：1
当前时间 ：2026-08-19 16:10:59send keng：-1, sheng ：4194304
decode keng：-1, sheng ：2097152
world keng：3, sheng ：1048576

2026-08-19 16:11:04.683 INFO [pool-6-thread-7][:] - /****************流量统计******************/
LastReadBytes:0
LastReadThroughput:0
LastWrittenBytes:0
LastWriteThroughput:0
RealWrittenBytes:0
RealWriteThroughput:0
当前玩家的连接数量:0
当前地图的线程个数：9
当前地图的个数:47
当前数据库执行队列数:0
当前发送队列缓存的对象数量:0
totalMemory：969932800, use ：506730112, free ：463202688DirectMemory：1827143680, 恢复 ：1
当前时间 ：2026-08-19 16:11:04send keng：-1, sheng ：4194304
decode keng：-1, sheng ：2097152
world keng：3, sheng ：1048576

2026-08-19 16:11:09.682 INFO [pool-6-thread-1][:] - /****************流量统计******************/
LastReadBytes:0
LastReadThroughput:0
LastWrittenBytes:0
LastWriteThroughput:0
RealWrittenBytes:0
RealWriteThroughput:0
当前玩家的连接数量:0
当前地图的线程个数：9
当前地图的个数:47
当前数据库执行队列数:0
当前发送队列缓存的对象数量:0
totalMemory：969932800, use ：512038168, free ：457894632DirectMemory：1827143680, 恢复 ：1
当前时间 ：2026-08-19 16:11:09send keng：-1, sheng ：4194304
decode keng：-1, sheng ：2097152
world keng：3, sheng ：1048576

2026-08-19 16:11:14.682 INFO [pool-6-thread-4][:] - /****************流量统计******************/
LastReadBytes:0
LastReadThroughput:0
LastWrittenBytes:0
LastWriteThroughput:0
RealWrittenBytes:0
RealWriteThroughput:0
当前玩家的连接数量:0
当前地图的线程个数：9
当前地图的个数:47
当前数据库执行队列数:0
当前发送队列缓存的对象数量:0
totalMemory：969932800, use ：513770032, free ：456162768DirectMemory：1827143680, 恢复 ：1
当前时间 ：2026-08-19 16:11:14send keng：-1, sheng ：4194304
decode keng：-1, sheng ：2097152
world keng：3, sheng ：1048576

2026-08-19 16:11:19.682 INFO [pool-6-thread-10][:] - /****************流量统计******************/
LastReadBytes:0
LastReadThroughput:0
LastWrittenBytes:0
LastWriteThroughput:0
RealWrittenBytes:0
RealWriteThroughput:0
当前玩家的连接数量:0
当前地图的线程个数：9
当前地图的个数:47
当前数据库执行队列数:0
当前发送队列缓存的对象数量:0
totalMemory：969932800, use ：518723176, free ：451209624DirectMemory：1827143680, 恢复 ：1
当前时间 ：2026-08-19 16:11:19send keng：-1, sheng ：4194304
decode keng：-1, sheng ：2097152
world keng：3, sheng ：1048576

2026-08-19 16:11:24.682 INFO [pool-6-thread-7][:] - /****************流量统计******************/
LastReadBytes:0
LastReadThroughput:0
LastWrittenBytes:0
LastWriteThroughput:0
RealWrittenBytes:0
RealWriteThroughput:0
当前玩家的连接数量:0
当前地图的线程个数：9
当前地图的个数:47
当前数据库执行队列数:0
当前发送队列缓存的对象数量:0
totalMemory：969932800, use ：520878328, free ：449054472DirectMemory：1827143680, 恢复 ：1
当前时间 ：2026-08-19 16:11:24send keng：-1, sheng ：4194304
decode keng：-1, sheng ：2097152
world keng：3, sheng ：1048576

2026-08-19 16:11:29.682 INFO [pool-6-thread-8][:] - /****************流量统计******************/
LastReadBytes:0
LastReadThroughput:0
LastWrittenBytes:0
LastWriteThroughput:0
RealWrittenBytes:0
RealWriteThroughput:0
当前玩家的连接数量:0
当前地图的线程个数：9
当前地图的个数:47
当前数据库执行队列数:0
当前发送队列缓存的对象数量:0
totalMemory：969932800, use ：526241416, free ：443691384DirectMemory：1827143680, 恢复 ：1
当前时间 ：2026-08-19 16:11:29send keng：-1, sheng ：4194304
decode keng：-1, sheng ：2097152
world keng：3, sheng ：1048576

2026-08-19 16:11:34.682 INFO [pool-6-thread-4][:] - /****************流量统计******************/
LastReadBytes:0
LastReadThroughput:0
LastWrittenBytes:0
LastWriteThroughput:0
RealWrittenBytes:0
RealWriteThroughput:0
当前玩家的连接数量:0
当前地图的线程个数：9
当前地图的个数:47
当前数据库执行队列数:0
当前发送队列缓存的对象数量:0
totalMemory：969932800, use ：527531432, free ：442401368DirectMemory：1827143680, 恢复 ：1
当前时间 ：2026-08-19 16:11:34send keng：-1, sheng ：4194304
decode keng：-1, sheng ：2097152
world keng：3, sheng ：1048576

2026-08-19 16:11:39.682 INFO [pool-6-thread-4][:] - /****************流量统计******************/
LastReadBytes:0
LastReadThroughput:0
LastWrittenBytes:0
LastWriteThroughput:0
RealWrittenBytes:0
RealWriteThroughput:0
当前玩家的连接数量:0
当前地图的线程个数：9
当前地图的个数:47
当前数据库执行队列数:0
当前发送队列缓存的对象数量:0
totalMemory：969932800, use ：533247176, free ：436685624DirectMemory：1827143680, 恢复 ：1
当前时间 ：2026-08-19 16:11:39send keng：-1, sheng ：4194304
decode keng：-1, sheng ：2097152
world keng：3, sheng ：1048576

2026-08-19 16:11:44.683 INFO [pool-6-thread-8][:] - /****************流量统计******************/
LastReadBytes:0
LastReadThroughput:0
LastWrittenBytes:0
LastWriteThroughput:0
RealWrittenBytes:0
RealWriteThroughput:0
当前玩家的连接数量:0
当前地图的线程个数：9
当前地图的个数:47
当前数据库执行队列数:0
当前发送队列缓存的对象数量:0
totalMemory：969932800, use ：535055848, free ：434876952DirectMemory：1827143680, 恢复 ：1
当前时间 ：2026-08-19 16:11:44send keng：-1, sheng ：4194304
decode keng：-1, sheng ：2097152
world keng：3, sheng ：1048576

2026-08-19 16:11:49.682 INFO [pool-6-thread-5][:] - /****************流量统计******************/
LastReadBytes:0
LastReadThroughput:0
LastWrittenBytes:0
LastWriteThroughput:0
RealWrittenBytes:0
RealWriteThroughput:0
当前玩家的连接数量:0
当前地图的线程个数：9
当前地图的个数:47
当前数据库执行队列数:0
当前发送队列缓存的对象数量:0
totalMemory：969932800, use ：539904432, free ：430028368DirectMemory：1827143680, 恢复 ：1
当前时间 ：2026-08-19 16:11:49send keng：-1, sheng ：4194304
decode keng：-1, sheng ：2097152
world keng：3, sheng ：1048576

2026-08-19 16:11:54.682 INFO [pool-6-thread-3][:] - /****************流量统计******************/
LastReadBytes:0
LastReadThroughput:0
LastWrittenBytes:0
LastWriteThroughput:0
RealWrittenBytes:0
RealWriteThroughput:0
当前玩家的连接数量:0
当前地图的线程个数：9
当前地图的个数:47
当前数据库执行队列数:0
当前发送队列缓存的对象数量:0
totalMemory：969932800, use ：541699728, free ：428233072DirectMemory：1827143680, 恢复 ：1
当前时间 ：2026-08-19 16:11:54send keng：-1, sheng ：4194304
decode keng：-1, sheng ：2097152
world keng：3, sheng ：1048576

2026-08-19 16:11:59.683 INFO [pool-6-thread-2][:] - /****************流量统计******************/
LastReadBytes:0
LastReadThroughput:0
LastWrittenBytes:0
LastWriteThroughput:0
RealWrittenBytes:0
RealWriteThroughput:0
当前玩家的连接数量:0
当前地图的线程个数：9
当前地图的个数:47
当前数据库执行队列数:0
当前发送队列缓存的对象数量:0
totalMemory：969932800, use ：545720912, free ：424211888DirectMemory：1827143680, 恢复 ：1
当前时间 ：2026-08-19 16:11:59send keng：-1, sheng ：4194304
decode keng：-1, sheng ：2097152
world keng：3, sheng ：1048576

2026-08-19 16:12:04.682 INFO [pool-6-thread-4][:] - /****************流量统计******************/
LastReadBytes:0
LastReadThroughput:0
LastWrittenBytes:0
LastWriteThroughput:0
RealWrittenBytes:0
RealWriteThroughput:0
当前玩家的连接数量:0
当前地图的线程个数：9
当前地图的个数:47
当前数据库执行队列数:0
当前发送队列缓存的对象数量:0
totalMemory：969932800, use ：548620656, free ：421312144DirectMemory：1827143680, 恢复 ：1
当前时间 ：2026-08-19 16:12:04send keng：-1, sheng ：4194304
decode keng：-1, sheng ：2097152
world keng：3, sheng ：1048576

2026-08-19 16:12:09.682 INFO [pool-6-thread-6][:] - /****************流量统计******************/
LastReadBytes:0
LastReadThroughput:0
LastWrittenBytes:0
LastWriteThroughput:0
RealWrittenBytes:0
RealWriteThroughput:0
当前玩家的连接数量:0
当前地图的线程个数：9
当前地图的个数:47
当前数据库执行队列数:0
当前发送队列缓存的对象数量:0
totalMemory：969932800, use ：553286688, free ：416646112DirectMemory：1827143680, 恢复 ：1
当前时间 ：2026-08-19 16:12:09send keng：-1, sheng ：4194304
decode keng：-1, sheng ：2097152
world keng：3, sheng ：1048576

2026-08-19 16:12:14.682 INFO [pool-6-thread-10][:] - /****************流量统计******************/
LastReadBytes:0
LastReadThroughput:0
LastWrittenBytes:0
LastWriteThroughput:0
RealWrittenBytes:0
RealWriteThroughput:0
当前玩家的连接数量:0
当前地图的线程个数：9
当前地图的个数:47
当前数据库执行队列数:0
当前发送队列缓存的对象数量:0
totalMemory：969932800, use ：556715832, free ：413216968DirectMemory：1827143680, 恢复 ：1
当前时间 ：2026-08-19 16:12:14send keng：-1, sheng ：4194304
decode keng：-1, sheng ：2097152
world keng：3, sheng ：1048576

2026-08-19 16:12:19.682 INFO [pool-6-thread-1][:] - /****************流量统计******************/
LastReadBytes:0
LastReadThroughput:0
LastWrittenBytes:0
LastWriteThroughput:0
RealWrittenBytes:0
RealWriteThroughput:0
当前玩家的连接数量:0
当前地图的线程个数：9
当前地图的个数:47
当前数据库执行队列数:0
当前发送队列缓存的对象数量:0
totalMemory：969932800, use ：560839384, free ：409093416DirectMemory：1827143680, 恢复 ：1
当前时间 ：2026-08-19 16:12:19send keng：-1, sheng ：4194304
decode keng：-1, sheng ：2097152
world keng：3, sheng ：1048576

2026-08-19 16:12:24.682 INFO [pool-6-thread-3][:] - /****************流量统计******************/
LastReadBytes:0
LastReadThroughput:0
LastWrittenBytes:0
LastWriteThroughput:0
RealWrittenBytes:0
RealWriteThroughput:0
当前玩家的连接数量:0
当前地图的线程个数：9
当前地图的个数:47
当前数据库执行队列数:0
当前发送队列缓存的对象数量:0
totalMemory：969932800, use ：564342448, free ：405590352DirectMemory：1827143680, 恢复 ：1
当前时间 ：2026-08-19 16:12:24send keng：-1, sheng ：4194304
decode keng：-1, sheng ：2097152
world keng：3, sheng ：1048576

2026-08-19 16:12:29.682 INFO [pool-6-thread-10][:] - /****************流量统计******************/
LastReadBytes:0
LastReadThroughput:0
LastWrittenBytes:0
LastWriteThroughput:0
RealWrittenBytes:0
RealWriteThroughput:0
当前玩家的连接数量:0
当前地图的线程个数：9
当前地图的个数:47
当前数据库执行队列数:0
当前发送队列缓存的对象数量:0
totalMemory：969932800, use ：567059096, free ：402873704DirectMemory：1827143680, 恢复 ：1
当前时间 ：2026-08-19 16:12:29send keng：-1, sheng ：4194304
decode keng：-1, sheng ：2097152
world keng：3, sheng ：1048576

2026-08-19 16:12:34.682 INFO [pool-6-thread-4][:] - /****************流量统计******************/
LastReadBytes:0
LastReadThroughput:0
LastWrittenBytes:0
LastWriteThroughput:0
RealWrittenBytes:0
RealWriteThroughput:0
当前玩家的连接数量:0
当前地图的线程个数：9
当前地图的个数:47
当前数据库执行队列数:0
当前发送队列缓存的对象数量:0
totalMemory：969932800, use ：571145512, free ：398787288DirectMemory：1827143680, 恢复 ：1
当前时间 ：2026-08-19 16:12:34send keng：-1, sheng ：4194304
decode keng：-1, sheng ：2097152
world keng：3, sheng ：1048576

2026-08-19 16:12:39.682 INFO [pool-6-thread-1][:] - /****************流量统计******************/
LastReadBytes:0
LastReadThroughput:0
LastWrittenBytes:0
LastWriteThroughput:0
RealWrittenBytes:0
RealWriteThroughput:0
当前玩家的连接数量:0
当前地图的线程个数：9
当前地图的个数:47
当前数据库执行队列数:0
当前发送队列缓存的对象数量:0
totalMemory：969932800, use ：573712744, free ：396220056DirectMemory：1827143680, 恢复 ：1
当前时间 ：2026-08-19 16:12:39send keng：-1, sheng ：4194304
decode keng：-1, sheng ：2097152
world keng：3, sheng ：1048576

2026-08-19 16:12:44.682 INFO [pool-6-thread-9][:] - /****************流量统计******************/
LastReadBytes:0
LastReadThroughput:0
LastWrittenBytes:0
LastWriteThroughput:0
RealWrittenBytes:0
RealWriteThroughput:0
当前玩家的连接数量:0
当前地图的线程个数：9
当前地图的个数:47
当前数据库执行队列数:0
当前发送队列缓存的对象数量:0
totalMemory：969932800, use ：578262128, free ：391670672DirectMemory：1827143680, 恢复 ：1
当前时间 ：2026-08-19 16:12:44send keng：-1, sheng ：4194304
decode keng：-1, sheng ：2097152
world keng：3, sheng ：1048576

2026-08-19 16:12:49.683 INFO [pool-6-thread-3][:] - /****************流量统计******************/
LastReadBytes:0
LastReadThroughput:0
LastWrittenBytes:0
LastWriteThroughput:0
RealWrittenBytes:0
RealWriteThroughput:0
当前玩家的连接数量:0
当前地图的线程个数：9
当前地图的个数:47
当前数据库执行队列数:0
当前发送队列缓存的对象数量:0
totalMemory：969932800, use ：580322360, free ：389610440DirectMemory：1827143680, 恢复 ：1
当前时间 ：2026-08-19 16:12:49send keng：-1, sheng ：4194304
decode keng：-1, sheng ：2097152
world keng：3, sheng ：1048576

2026-08-19 16:12:54.682 INFO [pool-6-thread-9][:] - /****************流量统计******************/
LastReadBytes:0
LastReadThroughput:0
LastWrittenBytes:0
LastWriteThroughput:0
RealWrittenBytes:0
RealWriteThroughput:0
当前玩家的连接数量:0
当前地图的线程个数：9
当前地图的个数:47
当前数据库执行队列数:0
当前发送队列缓存的对象数量:0
totalMemory：969932800, use ：585696696, free ：384236104DirectMemory：1827143680, 恢复 ：1
当前时间 ：2026-08-19 16:12:54send keng：-1, sheng ：4194304
decode keng：-1, sheng ：2097152
world keng：3, sheng ：1048576

2026-08-19 16:12:59.682 INFO [pool-6-thread-2][:] - /****************流量统计******************/
LastReadBytes:0
LastReadThroughput:0
LastWrittenBytes:0
LastWriteThroughput:0
RealWrittenBytes:0
RealWriteThroughput:0
当前玩家的连接数量:0
当前地图的线程个数：9
当前地图的个数:47
当前数据库执行队列数:0
当前发送队列缓存的对象数量:0
totalMemory：969932800, use ：587849752, free ：382083048DirectMemory：1827143680, 恢复 ：1
当前时间 ：2026-08-19 16:12:59send keng：-1, sheng ：4194304
decode keng：-1, sheng ：2097152
world keng：3, sheng ：1048576

2026-08-19 16:13:04.682 INFO [pool-6-thread-10][:] - /****************流量统计******************/
LastReadBytes:0
LastReadThroughput:0
LastWrittenBytes:0
LastWriteThroughput:0
RealWrittenBytes:0
RealWriteThroughput:0
当前玩家的连接数量:0
当前地图的线程个数：9
当前地图的个数:47
当前数据库执行队列数:0
当前发送队列缓存的对象数量:0
totalMemory：969932800, use ：591971512, free ：377961288DirectMemory：1827143680, 恢复 ：1
当前时间 ：2026-08-19 16:13:04send keng：-1, sheng ：4194304
decode keng：-1, sheng ：2097152
world keng：3, sheng ：1048576

2026-08-19 16:13:09.682 INFO [pool-6-thread-4][:] - /****************流量统计******************/
LastReadBytes:0
LastReadThroughput:0
LastWrittenBytes:0
LastWriteThroughput:0
RealWrittenBytes:0
RealWriteThroughput:0
当前玩家的连接数量:0
当前地图的线程个数：9
当前地图的个数:47
当前数据库执行队列数:0
当前发送队列缓存的对象数量:0
totalMemory：969932800, use ：595051656, free ：374881144DirectMemory：1827143680, 恢复 ：1
当前时间 ：2026-08-19 16:13:09send keng：-1, sheng ：4194304
decode keng：-1, sheng ：2097152
world keng：3, sheng ：1048576

2026-08-19 16:13:14.682 INFO [pool-6-thread-5][:] - /****************流量统计******************/
LastReadBytes:0
LastReadThroughput:0
LastWrittenBytes:0
LastWriteThroughput:0
RealWrittenBytes:0
RealWriteThroughput:0
当前玩家的连接数量:0
当前地图的线程个数：9
当前地图的个数:47
当前数据库执行队列数:0
当前发送队列缓存的对象数量:0
totalMemory：969932800, use ：599077752, free ：370855048DirectMemory：1827143680, 恢复 ：1
当前时间 ：2026-08-19 16:13:14send keng：-1, sheng ：4194304
decode keng：-1, sheng ：2097152
world keng：3, sheng ：1048576

2026-08-19 16:13:19.682 INFO [pool-6-thread-5][:] - /****************流量统计******************/
LastReadBytes:0
LastReadThroughput:0
LastWrittenBytes:0
LastWriteThroughput:0
RealWrittenBytes:0
RealWriteThroughput:0
当前玩家的连接数量:0
当前地图的线程个数：9
当前地图的个数:47
当前数据库执行队列数:0
当前发送队列缓存的对象数量:0
totalMemory：969932800, use ：601733680, free ：368199120DirectMemory：1827143680, 恢复 ：1
当前时间 ：2026-08-19 16:13:19send keng：-1, sheng ：4194304
decode keng：-1, sheng ：2097152
world keng：3, sheng ：1048576

2026-08-19 16:13:24.682 INFO [pool-6-thread-5][:] - /****************流量统计******************/
LastReadBytes:0
LastReadThroughput:0
LastWrittenBytes:0
LastWriteThroughput:0
RealWrittenBytes:0
RealWriteThroughput:0
当前玩家的连接数量:0
当前地图的线程个数：9
当前地图的个数:47
当前数据库执行队列数:0
当前发送队列缓存的对象数量:0
totalMemory：969932800, use ：606628744, free ：363304056DirectMemory：1827143680, 恢复 ：1
当前时间 ：2026-08-19 16:13:24send keng：-1, sheng ：4194304
decode keng：-1, sheng ：2097152
world keng：3, sheng ：1048576

2026-08-19 16:13:29.682 INFO [pool-6-thread-7][:] - /****************流量统计******************/
LastReadBytes:0
LastReadThroughput:0
LastWrittenBytes:0
LastWriteThroughput:0
RealWrittenBytes:0
RealWriteThroughput:0
当前玩家的连接数量:0
当前地图的线程个数：9
当前地图的个数:47
当前数据库执行队列数:0
当前发送队列缓存的对象数量:0
totalMemory：969932800, use ：608902592, free ：361030208DirectMemory：1827143680, 恢复 ：1
当前时间 ：2026-08-19 16:13:29send keng：-1, sheng ：4194304
decode keng：-1, sheng ：2097152
world keng：3, sheng ：1048576

2026-08-19 16:13:34.682 INFO [pool-6-thread-6][:] - /****************流量统计******************/
LastReadBytes:0
LastReadThroughput:0
LastWrittenBytes:0
LastWriteThroughput:0
RealWrittenBytes:0
RealWriteThroughput:0
当前玩家的连接数量:0
当前地图的线程个数：9
当前地图的个数:47
当前数据库执行队列数:0
当前发送队列缓存的对象数量:0
totalMemory：969932800, use ：612785384, free ：357147416DirectMemory：1827143680, 恢复 ：1
当前时间 ：2026-08-19 16:13:34send keng：-1, sheng ：4194304
decode keng：-1, sheng ：2097152
world keng：3, sheng ：1048576

2026-08-19 16:13:39.682 INFO [pool-6-thread-7][:] - /****************流量统计******************/
LastReadBytes:0
LastReadThroughput:0
LastWrittenBytes:0
LastWriteThroughput:0
RealWrittenBytes:0
RealWriteThroughput:0
当前玩家的连接数量:0
当前地图的线程个数：9
当前地图的个数:47
当前数据库执行队列数:0
当前发送队列缓存的对象数量:0
totalMemory：969932800, use ：616185848, free ：353746952DirectMemory：1827143680, 恢复 ：1
当前时间 ：2026-08-19 16:13:39send keng：-1, sheng ：4194304
decode keng：-1, sheng ：2097152
world keng：3, sheng ：1048576

2026-08-19 16:13:44.682 INFO [pool-6-thread-3][:] - /****************流量统计******************/
LastReadBytes:0
LastReadThroughput:0
LastWrittenBytes:0
LastWriteThroughput:0
RealWrittenBytes:0
RealWriteThroughput:0
当前玩家的连接数量:0
当前地图的线程个数：9
当前地图的个数:47
当前数据库执行队列数:0
当前发送队列缓存的对象数量:0
totalMemory：969932800, use ：620311624, free ：349621176DirectMemory：1827143680, 恢复 ：1
当前时间 ：2026-08-19 16:13:44send keng：-1, sheng ：4194304
decode keng：-1, sheng ：2097152
world keng：3, sheng ：1048576

2026-08-19 16:13:49.682 INFO [pool-6-thread-4][:] - /****************流量统计******************/
LastReadBytes:0
LastReadThroughput:0
LastWrittenBytes:0
LastWriteThroughput:0
RealWrittenBytes:0
RealWriteThroughput:0
当前玩家的连接数量:0
当前地图的线程个数：9
当前地图的个数:47
当前数据库执行队列数:0
当前发送队列缓存的对象数量:0
totalMemory：969932800, use ：623433416, free ：346499384DirectMemory：1827143680, 恢复 ：1
当前时间 ：2026-08-19 16:13:49send keng：-1, sheng ：4194304
decode keng：-1, sheng ：2097152
world keng：3, sheng ：1048576

2026-08-19 16:13:54.683 INFO [pool-6-thread-4][:] - /****************流量统计******************/
LastReadBytes:0
LastReadThroughput:0
LastWrittenBytes:0
LastWriteThroughput:0
RealWrittenBytes:0
RealWriteThroughput:0
当前玩家的连接数量:0
当前地图的线程个数：9
当前地图的个数:47
当前数据库执行队列数:0
当前发送队列缓存的对象数量:0
totalMemory：969932800, use ：626966608, free ：342966192DirectMemory：1827143680, 恢复 ：1
当前时间 ：2026-08-19 16:13:54send keng：-1, sheng ：4194304
decode keng：-1, sheng ：2097152
world keng：3, sheng ：1048576

2026-08-19 16:13:59.682 INFO [pool-6-thread-2][:] - /****************流量统计******************/
LastReadBytes:0
LastReadThroughput:0
LastWrittenBytes:0
LastWriteThroughput:0
RealWrittenBytes:0
RealWriteThroughput:0
当前玩家的连接数量:0
当前地图的线程个数：9
当前地图的个数:47
当前数据库执行队列数:0
当前发送队列缓存的对象数量:0
totalMemory：969932800, use ：630819592, free ：339113208DirectMemory：1827143680, 恢复 ：1
当前时间 ：2026-08-19 16:13:59send keng：-1, sheng ：4194304
decode keng：-1, sheng ：2097152
world keng：3, sheng ：1048576

2026-08-19 16:14:04.682 INFO [pool-6-thread-1][:] - /****************流量统计******************/
LastReadBytes:0
LastReadThroughput:0
LastWrittenBytes:0
LastWriteThroughput:0
RealWrittenBytes:0
RealWriteThroughput:0
当前玩家的连接数量:0
当前地图的线程个数：9
当前地图的个数:47
当前数据库执行队列数:0
当前发送队列缓存的对象数量:0
totalMemory：969932800, use ：634155208, free ：335777592DirectMemory：1827143680, 恢复 ：1
当前时间 ：2026-08-19 16:14:04send keng：-1, sheng ：4194304
decode keng：-1, sheng ：2097152
world keng：3, sheng ：1048576

2026-08-19 16:14:09.685 INFO [pool-6-thread-4][:] - /****************流量统计******************/
LastReadBytes:0
LastReadThroughput:0
LastWrittenBytes:0
LastWriteThroughput:0
RealWrittenBytes:0
RealWriteThroughput:0
当前玩家的连接数量:0
当前地图的线程个数：9
当前地图的个数:47
当前数据库执行队列数:0
当前发送队列缓存的对象数量:0
totalMemory：969932800, use ：637766248, free ：332166552DirectMemory：1827143680, 恢复 ：1
当前时间 ：2026-08-19 16:14:09send keng：-1, sheng ：4194304
decode keng：-1, sheng ：2097152
world keng：3, sheng ：1048576

2026-08-19 16:14:14.682 INFO [pool-6-thread-9][:] - /****************流量统计******************/
LastReadBytes:0
LastReadThroughput:0
LastWrittenBytes:0
LastWriteThroughput:0
RealWrittenBytes:0
RealWriteThroughput:0
当前玩家的连接数量:0
当前地图的线程个数：9
当前地图的个数:47
当前数据库执行队列数:0
当前发送队列缓存的对象数量:0
totalMemory：969932800, use ：641616904, free ：328315896DirectMemory：1827143680, 恢复 ：1
当前时间 ：2026-08-19 16:14:14send keng：-1, sheng ：4194304
decode keng：-1, sheng ：2097152
world keng：3, sheng ：1048576

2026-08-19 16:14:19.682 INFO [pool-6-thread-5][:] - /****************流量统计******************/
LastReadBytes:0
LastReadThroughput:0
LastWrittenBytes:0
LastWriteThroughput:0
RealWrittenBytes:0
RealWriteThroughput:0
当前玩家的连接数量:0
当前地图的线程个数：9
当前地图的个数:47
当前数据库执行队列数:0
当前发送队列缓存的对象数量:0
totalMemory：969932800, use ：645395472, free ：324537328DirectMemory：1827143680, 恢复 ：1
当前时间 ：2026-08-19 16:14:19send keng：-1, sheng ：4194304
decode keng：-1, sheng ：2097152
world keng：3, sheng ：1048576

2026-08-19 16:14:24.682 INFO [pool-6-thread-6][:] - /****************流量统计******************/
LastReadBytes:0
LastReadThroughput:0
LastWrittenBytes:0
LastWriteThroughput:0
RealWrittenBytes:0
RealWriteThroughput:0
当前玩家的连接数量:0
当前地图的线程个数：9
当前地图的个数:47
当前数据库执行队列数:0
当前发送队列缓存的对象数量:0
totalMemory：969932800, use ：647877904, free ：322054896DirectMemory：1827143680, 恢复 ：1
当前时间 ：2026-08-19 16:14:24send keng：-1, sheng ：4194304
decode keng：-1, sheng ：2097152
world keng：3, sheng ：1048576

2026-08-19 16:14:29.682 INFO [pool-6-thread-9][:] - /****************流量统计******************/
LastReadBytes:0
LastReadThroughput:0
LastWrittenBytes:0
LastWriteThroughput:0
RealWrittenBytes:0
RealWriteThroughput:0
当前玩家的连接数量:0
当前地图的线程个数：9
当前地图的个数:47
当前数据库执行队列数:0
当前发送队列缓存的对象数量:0
totalMemory：969932800, use ：652426184, free ：317506616DirectMemory：1827143680, 恢复 ：1
当前时间 ：2026-08-19 16:14:29send keng：-1, sheng ：4194304
decode keng：-1, sheng ：2097152
world keng：3, sheng ：1048576

2026-08-19 16:14:34.682 INFO [pool-6-thread-7][:] - /****************流量统计******************/
LastReadBytes:0
LastReadThroughput:0
LastWrittenBytes:0
LastWriteThroughput:0
RealWrittenBytes:0
RealWriteThroughput:0
当前玩家的连接数量:0
当前地图的线程个数：9
当前地图的个数:47
当前数据库执行队列数:0
当前发送队列缓存的对象数量:0
totalMemory：969932800, use ：654972216, free ：314960584DirectMemory：1827143680, 恢复 ：1
当前时间 ：2026-08-19 16:14:34send keng：-1, sheng ：4194304
decode keng：-1, sheng ：2097152
world keng：3, sheng ：1048576

2026-08-19 16:14:39.682 INFO [pool-6-thread-6][:] - /****************流量统计******************/
LastReadBytes:0
LastReadThroughput:0
LastWrittenBytes:0
LastWriteThroughput:0
RealWrittenBytes:0
RealWriteThroughput:0
当前玩家的连接数量:0
当前地图的线程个数：9
当前地图的个数:47
当前数据库执行队列数:0
当前发送队列缓存的对象数量:0
totalMemory：969932800, use ：658909272, free ：311023528DirectMemory：1827143680, 恢复 ：1
当前时间 ：2026-08-19 16:14:39send keng：-1, sheng ：4194304
decode keng：-1, sheng ：2097152
world keng：3, sheng ：1048576

2026-08-19 16:14:44.682 INFO [pool-6-thread-1][:] - /****************流量统计******************/
LastReadBytes:0
LastReadThroughput:0
LastWrittenBytes:0
LastWriteThroughput:0
RealWrittenBytes:0
RealWriteThroughput:0
当前玩家的连接数量:0
当前地图的线程个数：9
当前地图的个数:47
当前数据库执行队列数:0
当前发送队列缓存的对象数量:0
totalMemory：969932800, use ：662016832, free ：307915968DirectMemory：1827143680, 恢复 ：1
当前时间 ：2026-08-19 16:14:44send keng：-1, sheng ：4194304
decode keng：-1, sheng ：2097152
world keng：3, sheng ：1048576

2026-08-19 16:14:49.682 INFO [pool-6-thread-1][:] - /****************流量统计******************/
LastReadBytes:0
LastReadThroughput:0
LastWrittenBytes:0
LastWriteThroughput:0
RealWrittenBytes:0
RealWriteThroughput:0
当前玩家的连接数量:0
当前地图的线程个数：9
当前地图的个数:47
当前数据库执行队列数:0
当前发送队列缓存的对象数量:0
totalMemory：969932800, use ：666519160, free ：303413640DirectMemory：1827143680, 恢复 ：1
当前时间 ：2026-08-19 16:14:49send keng：-1, sheng ：4194304
decode keng：-1, sheng ：2097152
world keng：3, sheng ：1048576

2026-08-19 16:14:54.682 INFO [pool-6-thread-3][:] - /****************流量统计******************/
LastReadBytes:0
LastReadThroughput:0
LastWrittenBytes:0
LastWriteThroughput:0
RealWrittenBytes:0
RealWriteThroughput:0
当前玩家的连接数量:0
当前地图的线程个数：9
当前地图的个数:47
当前数据库执行队列数:0
当前发送队列缓存的对象数量:0
totalMemory：969932800, use ：668768008, free ：301164792DirectMemory：1827143680, 恢复 ：1
当前时间 ：2026-08-19 16:14:54send keng：-1, sheng ：4194304
decode keng：-1, sheng ：2097152
world keng：3, sheng ：1048576

2026-08-19 16:14:59.682 INFO [pool-6-thread-5][:] - /****************流量统计******************/
LastReadBytes:0
LastReadThroughput:0
LastWrittenBytes:0
LastWriteThroughput:0
RealWrittenBytes:0
RealWriteThroughput:0
当前玩家的连接数量:0
当前地图的线程个数：9
当前地图的个数:47
当前数据库执行队列数:0
当前发送队列缓存的对象数量:0
totalMemory：969932800, use ：673536824, free ：296395976DirectMemory：1827143680, 恢复 ：1
当前时间 ：2026-08-19 16:14:59send keng：-1, sheng ：4194304
decode keng：-1, sheng ：2097152
world keng：3, sheng ：1048576

2026-08-19 16:15:04.682 INFO [pool-6-thread-1][:] - /****************流量统计******************/
LastReadBytes:0
LastReadThroughput:0
LastWrittenBytes:0
LastWriteThroughput:0
RealWrittenBytes:0
RealWriteThroughput:0
当前玩家的连接数量:0
当前地图的线程个数：9
当前地图的个数:47
当前数据库执行队列数:0
当前发送队列缓存的对象数量:0
totalMemory：969932800, use ：676094632, free ：293838168DirectMemory：1827143680, 恢复 ：1
当前时间 ：2026-08-19 16:15:04send keng：-1, sheng ：4194304
decode keng：-1, sheng ：2097152
world keng：3, sheng ：1048576

2026-08-19 16:15:09.682 INFO [pool-6-thread-6][:] - /****************流量统计******************/
LastReadBytes:0
LastReadThroughput:0
LastWrittenBytes:0
LastWriteThroughput:0
RealWrittenBytes:0
RealWriteThroughput:0
当前玩家的连接数量:0
当前地图的线程个数：9
当前地图的个数:47
当前数据库执行队列数:0
当前发送队列缓存的对象数量:0
totalMemory：969932800, use ：679469760, free ：290463040DirectMemory：1827143680, 恢复 ：1
当前时间 ：2026-08-19 16:15:09send keng：-1, sheng ：4194304
decode keng：-1, sheng ：2097152
world keng：3, sheng ：1048576

2026-08-19 16:15:14.682 INFO [pool-6-thread-1][:] - /****************流量统计******************/
LastReadBytes:0
LastReadThroughput:0
LastWrittenBytes:0
LastWriteThroughput:0
RealWrittenBytes:0
RealWriteThroughput:0
当前玩家的连接数量:0
当前地图的线程个数：9
当前地图的个数:47
当前数据库执行队列数:0
当前发送队列缓存的对象数量:0
totalMemory：969932800, use ：683758528, free ：286174272DirectMemory：1827143680, 恢复 ：1
当前时间 ：2026-08-19 16:15:14send keng：-1, sheng ：4194304
decode keng：-1, sheng ：2097152
world keng：3, sheng ：1048576

2026-08-19 16:15:19.682 INFO [pool-6-thread-10][:] - /****************流量统计******************/
LastReadBytes:0
LastReadThroughput:0
LastWrittenBytes:0
LastWriteThroughput:0
RealWrittenBytes:0
RealWriteThroughput:0
当前玩家的连接数量:0
当前地图的线程个数：9
当前地图的个数:47
当前数据库执行队列数:0
当前发送队列缓存的对象数量:0
totalMemory：969932800, use ：687460192, free ：282472608DirectMemory：1827143680, 恢复 ：1
当前时间 ：2026-08-19 16:15:19send keng：-1, sheng ：4194304
decode keng：-1, sheng ：2097152
world keng：3, sheng ：1048576

2026-08-19 16:15:24.682 INFO [pool-6-thread-2][:] - /****************流量统计******************/
LastReadBytes:0
LastReadThroughput:0
LastWrittenBytes:0
LastWriteThroughput:0
RealWrittenBytes:0
RealWriteThroughput:0
当前玩家的连接数量:0
当前地图的线程个数：9
当前地图的个数:47
当前数据库执行队列数:0
当前发送队列缓存的对象数量:0
totalMemory：969932800, use ：691007920, free ：278924880DirectMemory：1827143680, 恢复 ：1
当前时间 ：2026-08-19 16:15:24send keng：-1, sheng ：4194304
decode keng：-1, sheng ：2097152
world keng：3, sheng ：1048576

2026-08-19 16:15:29.682 INFO [pool-6-thread-1][:] - /****************流量统计******************/
LastReadBytes:0
LastReadThroughput:0
LastWrittenBytes:0
LastWriteThroughput:0
RealWrittenBytes:0
RealWriteThroughput:0
当前玩家的连接数量:0
当前地图的线程个数：9
当前地图的个数:47
当前数据库执行队列数:0
当前发送队列缓存的对象数量:0
totalMemory：969932800, use ：694562728, free ：275370072DirectMemory：1827143680, 恢复 ：1
当前时间 ：2026-08-19 16:15:29send keng：-1, sheng ：4194304
decode keng：-1, sheng ：2097152
world keng：3, sheng ：1048576

2026-08-19 16:15:34.682 INFO [pool-6-thread-6][:] - /****************流量统计******************/
LastReadBytes:0
LastReadThroughput:0
LastWrittenBytes:0
LastWriteThroughput:0
RealWrittenBytes:0
RealWriteThroughput:0
当前玩家的连接数量:0
当前地图的线程个数：9
当前地图的个数:47
当前数据库执行队列数:0
当前发送队列缓存的对象数量:0
totalMemory：969932800, use ：697954744, free ：271978056DirectMemory：1827143680, 恢复 ：1
当前时间 ：2026-08-19 16:15:34send keng：-1, sheng ：4194304
decode keng：-1, sheng ：2097152
world keng：3, sheng ：1048576

2026-08-19 16:15:39.682 INFO [pool-6-thread-4][:] - /****************流量统计******************/
LastReadBytes:0
LastReadThroughput:0
LastWrittenBytes:0
LastWriteThroughput:0
RealWrittenBytes:0
RealWriteThroughput:0
当前玩家的连接数量:0
当前地图的线程个数：9
当前地图的个数:47
当前数据库执行队列数:0
当前发送队列缓存的对象数量:0
totalMemory：969932800, use ：701563256, free ：268369544DirectMemory：1827143680, 恢复 ：1
当前时间 ：2026-08-19 16:15:39send keng：-1, sheng ：4194304
decode keng：-1, sheng ：2097152
world keng：3, sheng ：1048576

2026-08-19 16:15:44.682 INFO [pool-6-thread-1][:] - /****************流量统计******************/
LastReadBytes:0
LastReadThroughput:0
LastWrittenBytes:0
LastWriteThroughput:0
RealWrittenBytes:0
RealWriteThroughput:0
当前玩家的连接数量:0
当前地图的线程个数：9
当前地图的个数:47
当前数据库执行队列数:0
当前发送队列缓存的对象数量:0
totalMemory：969932800, use ：705631208, free ：264301592DirectMemory：1827143680, 恢复 ：1
当前时间 ：2026-08-19 16:15:44send keng：-1, sheng ：4194304
decode keng：-1, sheng ：2097152
world keng：3, sheng ：1048576

2026-08-19 16:15:49.682 INFO [pool-6-thread-1][:] - /****************流量统计******************/
LastReadBytes:0
LastReadThroughput:0
LastWrittenBytes:0
LastWriteThroughput:0
RealWrittenBytes:0
RealWriteThroughput:0
当前玩家的连接数量:0
当前地图的线程个数：9
当前地图的个数:47
当前数据库执行队列数:0
当前发送队列缓存的对象数量:0
totalMemory：969932800, use ：708652208, free ：261280592DirectMemory：1827143680, 恢复 ：1
当前时间 ：2026-08-19 16:15:49send keng：-1, sheng ：4194304
decode keng：-1, sheng ：2097152
world keng：3, sheng ：1048576

2026-08-19 16:15:54.682 INFO [pool-6-thread-6][:] - /****************流量统计******************/
LastReadBytes:0
LastReadThroughput:0
LastWrittenBytes:0
LastWriteThroughput:0
RealWrittenBytes:0
RealWriteThroughput:0
当前玩家的连接数量:0
当前地图的线程个数：9
当前地图的个数:47
当前数据库执行队列数:0
当前发送队列缓存的对象数量:0
totalMemory：969932800, use ：712287432, free ：257645368DirectMemory：1827143680, 恢复 ：1
当前时间 ：2026-08-19 16:15:54send keng：-1, sheng ：4194304
decode keng：-1, sheng ：2097152
world keng：3, sheng ：1048576

2026-08-19 16:15:59.682 INFO [pool-6-thread-4][:] - /****************流量统计******************/
LastReadBytes:0
LastReadThroughput:0
LastWrittenBytes:0
LastWriteThroughput:0
RealWrittenBytes:0
RealWriteThroughput:0
当前玩家的连接数量:0
当前地图的线程个数：9
当前地图的个数:47
当前数据库执行队列数:0
当前发送队列缓存的对象数量:0
totalMemory：969932800, use ：715313264, free ：254619536DirectMemory：1827143680, 恢复 ：1
当前时间 ：2026-08-19 16:15:59send keng：-1, sheng ：4194304
decode keng：-1, sheng ：2097152
world keng：3, sheng ：1048576

2026-08-19 16:16:04.682 INFO [pool-6-thread-3][:] - /****************流量统计******************/
LastReadBytes:0
LastReadThroughput:0
LastWrittenBytes:0
LastWriteThroughput:0
RealWrittenBytes:0
RealWriteThroughput:0
当前玩家的连接数量:0
当前地图的线程个数：9
当前地图的个数:47
当前数据库执行队列数:0
当前发送队列缓存的对象数量:0
totalMemory：969932800, use ：719090872, free ：250841928DirectMemory：1827143680, 恢复 ：1
当前时间 ：2026-08-19 16:16:04send keng：-1, sheng ：4194304
decode keng：-1, sheng ：2097152
world keng：3, sheng ：1048576

2026-08-19 16:16:09.682 INFO [pool-6-thread-2][:] - /****************流量统计******************/
LastReadBytes:0
LastReadThroughput:0
LastWrittenBytes:0
LastWriteThroughput:0
RealWrittenBytes:0
RealWriteThroughput:0
当前玩家的连接数量:0
当前地图的线程个数：9
当前地图的个数:47
当前数据库执行队列数:0
当前发送队列缓存的对象数量:0
totalMemory：969932800, use ：722455280, free ：247477520DirectMemory：1827143680, 恢复 ：1
当前时间 ：2026-08-19 16:16:09send keng：-1, sheng ：4194304
decode keng：-1, sheng ：2097152
world keng：3, sheng ：1048576

2026-08-19 16:16:14.682 INFO [pool-6-thread-1][:] - /****************流量统计******************/
LastReadBytes:0
LastReadThroughput:0
LastWrittenBytes:0
LastWriteThroughput:0
RealWrittenBytes:0
RealWriteThroughput:0
当前玩家的连接数量:0
当前地图的线程个数：9
当前地图的个数:47
当前数据库执行队列数:0
当前发送队列缓存的对象数量:0
totalMemory：969932800, use ：725748792, free ：244184008DirectMemory：1827143680, 恢复 ：1
当前时间 ：2026-08-19 16:16:14send keng：-1, sheng ：4194304
decode keng：-1, sheng ：2097152
world keng：3, sheng ：1048576

2026-08-19 16:16:19.682 INFO [pool-6-thread-2][:] - /****************流量统计******************/
LastReadBytes:0
LastReadThroughput:0
LastWrittenBytes:0
LastWriteThroughput:0
RealWrittenBytes:0
RealWriteThroughput:0
当前玩家的连接数量:0
当前地图的线程个数：9
当前地图的个数:47
当前数据库执行队列数:0
当前发送队列缓存的对象数量:0
totalMemory：969932800, use ：400082096, free ：569850704DirectMemory：1827143680, 恢复 ：1
当前时间 ：2026-08-19 16:16:19send keng：-1, sheng ：4194304
decode keng：-1, sheng ：2097152
world keng：3, sheng ：1048576

2026-08-19 16:16:24.682 INFO [pool-6-thread-5][:] - /****************流量统计******************/
LastReadBytes:0
LastReadThroughput:0
LastWrittenBytes:0
LastWriteThroughput:0
RealWrittenBytes:0
RealWriteThroughput:0
当前玩家的连接数量:0
当前地图的线程个数：9
当前地图的个数:47
当前数据库执行队列数:0
当前发送队列缓存的对象数量:0
totalMemory：969932800, use ：400548360, free ：569384440DirectMemory：1827143680, 恢复 ：1
当前时间 ：2026-08-19 16:16:24send keng：-1, sheng ：4194304
decode keng：-1, sheng ：2097152
world keng：3, sheng ：1048576

2026-08-19 16:16:29.682 INFO [pool-6-thread-7][:] - /****************流量统计******************/
LastReadBytes:0
LastReadThroughput:0
LastWrittenBytes:0
LastWriteThroughput:0
RealWrittenBytes:0
RealWriteThroughput:0
当前玩家的连接数量:0
当前地图的线程个数：9
当前地图的个数:47
当前数据库执行队列数:0
当前发送队列缓存的对象数量:0
totalMemory：969932800, use ：404576328, free ：565356472DirectMemory：1827143680, 恢复 ：1
当前时间 ：2026-08-19 16:16:29send keng：-1, sheng ：4194304
decode keng：-1, sheng ：2097152
world keng：3, sheng ：1048576

2026-08-19 16:16:34.682 INFO [pool-6-thread-8][:] - /****************流量统计******************/
LastReadBytes:0
LastReadThroughput:0
LastWrittenBytes:0
LastWriteThroughput:0
RealWrittenBytes:0
RealWriteThroughput:0
当前玩家的连接数量:0
当前地图的线程个数：9
当前地图的个数:47
当前数据库执行队列数:0
当前发送队列缓存的对象数量:0
totalMemory：969932800, use ：407199296, free ：562733504DirectMemory：1827143680, 恢复 ：1
当前时间 ：2026-08-19 16:16:34send keng：-1, sheng ：4194304
decode keng：-1, sheng ：2097152
world keng：3, sheng ：1048576

2026-08-19 16:16:39.682 INFO [pool-6-thread-9][:] - /****************流量统计******************/
LastReadBytes:0
LastReadThroughput:0
LastWrittenBytes:0
LastWriteThroughput:0
RealWrittenBytes:0
RealWriteThroughput:0
当前玩家的连接数量:0
当前地图的线程个数：9
当前地图的个数:47
当前数据库执行队列数:0
当前发送队列缓存的对象数量:0
totalMemory：969932800, use ：411629200, free ：558303600DirectMemory：1827143680, 恢复 ：1
当前时间 ：2026-08-19 16:16:39send keng：-1, sheng ：4194304
decode keng：-1, sheng ：2097152
world keng：3, sheng ：1048576

2026-08-19 16:16:44.682 INFO [pool-6-thread-4][:] - /****************流量统计******************/
LastReadBytes:0
LastReadThroughput:0
LastWrittenBytes:0
LastWriteThroughput:0
RealWrittenBytes:0
RealWriteThroughput:0
当前玩家的连接数量:0
当前地图的线程个数：9
当前地图的个数:47
当前数据库执行队列数:0
当前发送队列缓存的对象数量:0
totalMemory：969932800, use ：414659240, free ：555273560DirectMemory：1827143680, 恢复 ：1
当前时间 ：2026-08-19 16:16:44send keng：-1, sheng ：4194304
decode keng：-1, sheng ：2097152
world keng：3, sheng ：1048576

2026-08-19 16:16:49.682 INFO [pool-6-thread-9][:] - /****************流量统计******************/
LastReadBytes:0
LastReadThroughput:0
LastWrittenBytes:0
LastWriteThroughput:0
RealWrittenBytes:0
RealWriteThroughput:0
当前玩家的连接数量:0
当前地图的线程个数：9
当前地图的个数:47
当前数据库执行队列数:0
当前发送队列缓存的对象数量:0
totalMemory：969932800, use ：418734032, free ：551198768DirectMemory：1827143680, 恢复 ：1
当前时间 ：2026-08-19 16:16:49send keng：-1, sheng ：4194304
decode keng：-1, sheng ：2097152
world keng：3, sheng ：1048576

2026-08-19 16:16:54.682 INFO [pool-6-thread-2][:] - /****************流量统计******************/
LastReadBytes:0
LastReadThroughput:0
LastWrittenBytes:0
LastWriteThroughput:0
RealWrittenBytes:0
RealWriteThroughput:0
当前玩家的连接数量:0
当前地图的线程个数：9
当前地图的个数:47
当前数据库执行队列数:0
当前发送队列缓存的对象数量:0
totalMemory：969932800, use ：421303424, free ：548629376DirectMemory：1827143680, 恢复 ：1
当前时间 ：2026-08-19 16:16:54send keng：-1, sheng ：4194304
decode keng：-1, sheng ：2097152
world keng：3, sheng ：1048576

2026-08-19 16:16:59.682 INFO [pool-6-thread-10][:] - /****************流量统计******************/
LastReadBytes:0
LastReadThroughput:0
LastWrittenBytes:0
LastWriteThroughput:0
RealWrittenBytes:0
RealWriteThroughput:0
当前玩家的连接数量:0
当前地图的线程个数：9
当前地图的个数:47
当前数据库执行队列数:0
当前发送队列缓存的对象数量:0
totalMemory：969932800, use ：425730896, free ：544201904DirectMemory：1827143680, 恢复 ：1
当前时间 ：2026-08-19 16:16:59send keng：-1, sheng ：4194304
decode keng：-1, sheng ：2097152
world keng：3, sheng ：1048576

2026-08-19 16:17:04.682 INFO [pool-6-thread-4][:] - /****************流量统计******************/
LastReadBytes:0
LastReadThroughput:0
LastWrittenBytes:0
LastWriteThroughput:0
RealWrittenBytes:0
RealWriteThroughput:0
当前玩家的连接数量:0
当前地图的线程个数：9
当前地图的个数:47
当前数据库执行队列数:0
当前发送队列缓存的对象数量:0
totalMemory：969932800, use ：427642192, free ：542290608DirectMemory：1827143680, 恢复 ：1
当前时间 ：2026-08-19 16:17:04send keng：-1, sheng ：4194304
decode keng：-1, sheng ：2097152
world keng：3, sheng ：1048576

2026-08-19 16:17:09.682 INFO [pool-6-thread-6][:] - /****************流量统计******************/
LastReadBytes:0
LastReadThroughput:0
LastWrittenBytes:0
LastWriteThroughput:0
RealWrittenBytes:0
RealWriteThroughput:0
当前玩家的连接数量:0
当前地图的线程个数：9
当前地图的个数:47
当前数据库执行队列数:0
当前发送队列缓存的对象数量:0
totalMemory：969932800, use ：432495952, free ：537436848DirectMemory：1827143680, 恢复 ：1
当前时间 ：2026-08-19 16:17:09send keng：-1, sheng ：4194304
decode keng：-1, sheng ：2097152
world keng：3, sheng ：1048576

2026-08-19 16:17:14.683 INFO [pool-6-thread-6][:] - /****************流量统计******************/
LastReadBytes:0
LastReadThroughput:0
LastWrittenBytes:0
LastWriteThroughput:0
RealWrittenBytes:0
RealWriteThroughput:0
当前玩家的连接数量:0
当前地图的线程个数：9
当前地图的个数:47
当前数据库执行队列数:0
当前发送队列缓存的对象数量:0
totalMemory：969932800, use ：435179688, free ：534753112DirectMemory：1827143680, 恢复 ：1
当前时间 ：2026-08-19 16:17:14send keng：-1, sheng ：4194304
decode keng：-1, sheng ：2097152
world keng：3, sheng ：1048576

2026-08-19 16:17:19.682 INFO [pool-6-thread-3][:] - /****************流量统计******************/
LastReadBytes:0
LastReadThroughput:0
LastWrittenBytes:0
LastWriteThroughput:0
RealWrittenBytes:0
RealWriteThroughput:0
当前玩家的连接数量:0
当前地图的线程个数：9
当前地图的个数:47
当前数据库执行队列数:0
当前发送队列缓存的对象数量:0
totalMemory：969932800, use ：439216600, free ：530716200DirectMemory：1827143680, 恢复 ：1
当前时间 ：2026-08-19 16:17:19send keng：-1, sheng ：4194304
decode keng：-1, sheng ：2097152
world keng：3, sheng ：1048576

2026-08-19 16:17:24.682 INFO [pool-6-thread-3][:] - /****************流量统计******************/
LastReadBytes:0
LastReadThroughput:0
LastWrittenBytes:0
LastWriteThroughput:0
RealWrittenBytes:0
RealWriteThroughput:0
当前玩家的连接数量:0
当前地图的线程个数：9
当前地图的个数:47
当前数据库执行队列数:0
当前发送队列缓存的对象数量:0
totalMemory：969932800, use ：442246312, free ：527686488DirectMemory：1827143680, 恢复 ：1
当前时间 ：2026-08-19 16:17:24send keng：-1, sheng ：4194304
decode keng：-1, sheng ：2097152
world keng：3, sheng ：1048576

2026-08-19 16:17:29.682 INFO [pool-6-thread-5][:] - /****************流量统计******************/
LastReadBytes:0
LastReadThroughput:0
LastWrittenBytes:0
LastWriteThroughput:0
RealWrittenBytes:0
RealWriteThroughput:0
当前玩家的连接数量:0
当前地图的线程个数：9
当前地图的个数:47
当前数据库执行队列数:0
当前发送队列缓存的对象数量:0
totalMemory：969932800, use ：446735000, free ：523197800DirectMemory：1827143680, 恢复 ：1
当前时间 ：2026-08-19 16:17:29send keng：-1, sheng ：4194304
decode keng：-1, sheng ：2097152
world keng：3, sheng ：1048576

2026-08-19 16:17:34.682 INFO [pool-6-thread-4][:] - /****************流量统计******************/
LastReadBytes:0
LastReadThroughput:0
LastWrittenBytes:0
LastWriteThroughput:0
RealWrittenBytes:0
RealWriteThroughput:0
当前玩家的连接数量:0
当前地图的线程个数：9
当前地图的个数:47
当前数据库执行队列数:0
当前发送队列缓存的对象数量:0
totalMemory：969932800, use ：449184296, free ：520748504DirectMemory：1827143680, 恢复 ：1
当前时间 ：2026-08-19 16:17:34send keng：-1, sheng ：4194304
decode keng：-1, sheng ：2097152
world keng：3, sheng ：1048576

2026-08-19 16:17:39.682 INFO [pool-6-thread-4][:] - /****************流量统计******************/
LastReadBytes:0
LastReadThroughput:0
LastWrittenBytes:0
LastWriteThroughput:0
RealWrittenBytes:0
RealWriteThroughput:0
当前玩家的连接数量:0
当前地图的线程个数：9
当前地图的个数:47
当前数据库执行队列数:0
当前发送队列缓存的对象数量:0
totalMemory：969932800, use ：453323672, free ：516609128DirectMemory：1827143680, 恢复 ：1
当前时间 ：2026-08-19 16:17:39send keng：-1, sheng ：4194304
decode keng：-1, sheng ：2097152
world keng：3, sheng ：1048576

2026-08-19 16:17:44.682 INFO [pool-6-thread-8][:] - /****************流量统计******************/
LastReadBytes:0
LastReadThroughput:0
LastWrittenBytes:0
LastWriteThroughput:0
RealWrittenBytes:0
RealWriteThroughput:0
当前玩家的连接数量:0
当前地图的线程个数：9
当前地图的个数:47
当前数据库执行队列数:0
当前发送队列缓存的对象数量:0
totalMemory：969932800, use ：458589424, free ：511343376DirectMemory：1827143680, 恢复 ：1
当前时间 ：2026-08-19 16:17:44send keng：-1, sheng ：4194304
decode keng：-1, sheng ：2097152
world keng：3, sheng ：1048576

2026-08-19 16:17:49.682 INFO [pool-6-thread-6][:] - /****************流量统计******************/
LastReadBytes:0
LastReadThroughput:0
LastWrittenBytes:0
LastWriteThroughput:0
RealWrittenBytes:0
RealWriteThroughput:0
当前玩家的连接数量:0
当前地图的线程个数：9
当前地图的个数:47
当前数据库执行队列数:0
当前发送队列缓存的对象数量:0
totalMemory：969932800, use ：459538040, free ：510394760DirectMemory：1827143680, 恢复 ：1
当前时间 ：2026-08-19 16:17:49send keng：-1, sheng ：4194304
decode keng：-1, sheng ：2097152
world keng：3, sheng ：1048576

2026-08-19 16:17:54.682 INFO [pool-6-thread-5][:] - /****************流量统计******************/
LastReadBytes:0
LastReadThroughput:0
LastWrittenBytes:0
LastWriteThroughput:0
RealWrittenBytes:0
RealWriteThroughput:0
当前玩家的连接数量:0
当前地图的线程个数：9
当前地图的个数:47
当前数据库执行队列数:0
当前发送队列缓存的对象数量:0
totalMemory：969932800, use ：465258680, free ：504674120DirectMemory：1827143680, 恢复 ：1
当前时间 ：2026-08-19 16:17:54send keng：-1, sheng ：4194304
decode keng：-1, sheng ：2097152
world keng：3, sheng ：1048576

2026-08-19 16:17:59.682 INFO [pool-6-thread-2][:] - /****************流量统计******************/
LastReadBytes:0
LastReadThroughput:0
LastWrittenBytes:0
LastWriteThroughput:0
RealWrittenBytes:0
RealWriteThroughput:0
当前玩家的连接数量:0
当前地图的线程个数：9
当前地图的个数:47
当前数据库执行队列数:0
当前发送队列缓存的对象数量:0
totalMemory：969932800, use ：467466656, free ：502466144DirectMemory：1827143680, 恢复 ：1
当前时间 ：2026-08-19 16:17:59send keng：-1, sheng ：4194304
decode keng：-1, sheng ：2097152
world keng：3, sheng ：1048576

2026-08-19 16:18:04.682 INFO [pool-6-thread-2][:] - /****************流量统计******************/
LastReadBytes:0
LastReadThroughput:0
LastWrittenBytes:0
LastWriteThroughput:0
RealWrittenBytes:0
RealWriteThroughput:0
当前玩家的连接数量:0
当前地图的线程个数：9
当前地图的个数:47
当前数据库执行队列数:0
当前发送队列缓存的对象数量:0
totalMemory：969932800, use ：471604416, free ：498328384DirectMemory：1827143680, 恢复 ：1
当前时间 ：2026-08-19 16:18:04send keng：-1, sheng ：4194304
decode keng：-1, sheng ：2097152
world keng：3, sheng ：1048576

2026-08-19 16:18:09.682 INFO [pool-6-thread-6][:] - /****************流量统计******************/
LastReadBytes:0
LastReadThroughput:0
LastWrittenBytes:0
LastWriteThroughput:0
RealWrittenBytes:0
RealWriteThroughput:0
当前玩家的连接数量:0
当前地图的线程个数：9
当前地图的个数:47
当前数据库执行队列数:0
当前发送队列缓存的对象数量:0
totalMemory：969932800, use ：474186240, free ：495746560DirectMemory：1827143680, 恢复 ：1
当前时间 ：2026-08-19 16:18:09send keng：-1, sheng ：4194304
decode keng：-1, sheng ：2097152
world keng：3, sheng ：1048576

2026-08-19 16:18:14.682 INFO [pool-6-thread-8][:] - /****************流量统计******************/
LastReadBytes:0
LastReadThroughput:0
LastWrittenBytes:0
LastWriteThroughput:0
RealWrittenBytes:0
RealWriteThroughput:0
当前玩家的连接数量:0
当前地图的线程个数：9
当前地图的个数:47
当前数据库执行队列数:0
当前发送队列缓存的对象数量:0
totalMemory：969932800, use ：478719464, free ：491213336DirectMemory：1827143680, 恢复 ：1
当前时间 ：2026-08-19 16:18:14send keng：-1, sheng ：4194304
decode keng：-1, sheng ：2097152
world keng：3, sheng ：1048576

2026-08-19 16:18:19.682 INFO [pool-6-thread-10][:] - /****************流量统计******************/
LastReadBytes:0
LastReadThroughput:0
LastWrittenBytes:0
LastWriteThroughput:0
RealWrittenBytes:0
RealWriteThroughput:0
当前玩家的连接数量:0
当前地图的线程个数：9
当前地图的个数:47
当前数据库执行队列数:0
当前发送队列缓存的对象数量:0
totalMemory：969932800, use ：481751072, free ：488181728DirectMemory：1827143680, 恢复 ：1
当前时间 ：2026-08-19 16:18:19send keng：-1, sheng ：4194304
decode keng：-1, sheng ：2097152
world keng：3, sheng ：1048576

2026-08-19 16:18:24.682 INFO [pool-6-thread-6][:] - /****************流量统计******************/
LastReadBytes:0
LastReadThroughput:0
LastWrittenBytes:0
LastWriteThroughput:0
RealWrittenBytes:0
RealWriteThroughput:0
当前玩家的连接数量:0
当前地图的线程个数：9
当前地图的个数:47
当前数据库执行队列数:0
当前发送队列缓存的对象数量:0
totalMemory：969932800, use ：486260744, free ：483672056DirectMemory：1827143680, 恢复 ：1
当前时间 ：2026-08-19 16:18:24send keng：-1, sheng ：4194304
decode keng：-1, sheng ：2097152
world keng：3, sheng ：1048576

2026-08-19 16:18:29.682 INFO [pool-6-thread-10][:] - /****************流量统计******************/
LastReadBytes:0
LastReadThroughput:0
LastWrittenBytes:0
LastWriteThroughput:0
RealWrittenBytes:0
RealWriteThroughput:0
当前玩家的连接数量:0
当前地图的线程个数：9
当前地图的个数:47
当前数据库执行队列数:0
当前发送队列缓存的对象数量:0
totalMemory：969932800, use ：488407384, free ：481525416DirectMemory：1827143680, 恢复 ：1
当前时间 ：2026-08-19 16:18:29send keng：-1, sheng ：4194304
decode keng：-1, sheng ：2097152
world keng：3, sheng ：1048576

2026-08-19 16:18:34.682 INFO [pool-6-thread-2][:] - /****************流量统计******************/
LastReadBytes:0
LastReadThroughput:0
LastWrittenBytes:0
LastWriteThroughput:0
RealWrittenBytes:0
RealWriteThroughput:0
当前玩家的连接数量:0
当前地图的线程个数：9
当前地图的个数:47
当前数据库执行队列数:0
当前发送队列缓存的对象数量:0
totalMemory：969932800, use ：492403496, free ：477529304DirectMemory：1827143680, 恢复 ：1
当前时间 ：2026-08-19 16:18:34send keng：-1, sheng ：4194304
decode keng：-1, sheng ：2097152
world keng：3, sheng ：1048576

2026-08-19 16:18:39.682 INFO [pool-6-thread-4][:] - /****************流量统计******************/
LastReadBytes:0
LastReadThroughput:0
LastWrittenBytes:0
LastWriteThroughput:0
RealWrittenBytes:0
RealWriteThroughput:0
当前玩家的连接数量:0
当前地图的线程个数：9
当前地图的个数:47
当前数据库执行队列数:0
当前发送队列缓存的对象数量:0
totalMemory：969932800, use ：495051368, free ：474881432DirectMemory：1827143680, 恢复 ：1
当前时间 ：2026-08-19 16:18:39send keng：-1, sheng ：4194304
decode keng：-1, sheng ：2097152
world keng：3, sheng ：1048576

2026-08-19 16:18:44.682 INFO [pool-6-thread-5][:] - /****************流量统计******************/
LastReadBytes:0
LastReadThroughput:0
LastWrittenBytes:0
LastWriteThroughput:0
RealWrittenBytes:0
RealWriteThroughput:0
当前玩家的连接数量:0
当前地图的线程个数：9
当前地图的个数:47
当前数据库执行队列数:0
当前发送队列缓存的对象数量:0
totalMemory：969932800, use ：499903584, free ：470029216DirectMemory：1827143680, 恢复 ：1
当前时间 ：2026-08-19 16:18:44send keng：-1, sheng ：4194304
decode keng：-1, sheng ：2097152
world keng：3, sheng ：1048576

2026-08-19 16:18:49.682 INFO [pool-6-thread-1][:] - /****************流量统计******************/
LastReadBytes:0
LastReadThroughput:0
LastWrittenBytes:0
LastWriteThroughput:0
RealWrittenBytes:0
RealWriteThroughput:0
当前玩家的连接数量:0
当前地图的线程个数：9
当前地图的个数:47
当前数据库执行队列数:0
当前发送队列缓存的对象数量:0
totalMemory：969932800, use ：502139056, free ：467793744DirectMemory：1827143680, 恢复 ：1
当前时间 ：2026-08-19 16:18:49send keng：-1, sheng ：4194304
decode keng：-1, sheng ：2097152
world keng：3, sheng ：1048576

2026-08-19 16:18:54.683 INFO [pool-6-thread-6][:] - /****************流量统计******************/
LastReadBytes:0
LastReadThroughput:0
LastWrittenBytes:0
LastWriteThroughput:0
RealWrittenBytes:0
RealWriteThroughput:0
当前玩家的连接数量:0
当前地图的线程个数：9
当前地图的个数:47
当前数据库执行队列数:0
当前发送队列缓存的对象数量:0
totalMemory：969932800, use ：506550296, free ：463382504DirectMemory：1827143680, 恢复 ：1
当前时间 ：2026-08-19 16:18:54send keng：-1, sheng ：4194304
decode keng：-1, sheng ：2097152
world keng：3, sheng ：1048576

2026-08-19 16:18:59.682 INFO [pool-6-thread-9][:] - /****************流量统计******************/
LastReadBytes:0
LastReadThroughput:0
LastWrittenBytes:0
LastWriteThroughput:0
RealWrittenBytes:0
RealWriteThroughput:0
当前玩家的连接数量:0
当前地图的线程个数：9
当前地图的个数:47
当前数据库执行队列数:0
当前发送队列缓存的对象数量:0
totalMemory：969932800, use ：508562720, free ：461370080DirectMemory：1827143680, 恢复 ：1
当前时间 ：2026-08-19 16:18:59send keng：-1, sheng ：4194304
decode keng：-1, sheng ：2097152
world keng：3, sheng ：1048576

2026-08-19 16:19:04.682 INFO [pool-6-thread-2][:] - /****************流量统计******************/
LastReadBytes:0
LastReadThroughput:0
LastWrittenBytes:0
LastWriteThroughput:0
RealWrittenBytes:0
RealWriteThroughput:0
当前玩家的连接数量:0
当前地图的线程个数：9
当前地图的个数:47
当前数据库执行队列数:0
当前发送队列缓存的对象数量:0
totalMemory：969932800, use ：513722712, free ：456210088DirectMemory：1827143680, 恢复 ：1
当前时间 ：2026-08-19 16:19:04send keng：-1, sheng ：4194304
decode keng：-1, sheng ：2097152
world keng：3, sheng ：1048576

2026-08-19 16:19:09.682 INFO [pool-6-thread-10][:] - /****************流量统计******************/
LastReadBytes:0
LastReadThroughput:0
LastWrittenBytes:0
LastWriteThroughput:0
RealWrittenBytes:0
RealWriteThroughput:0
当前玩家的连接数量:0
当前地图的线程个数：9
当前地图的个数:47
当前数据库执行队列数:0
当前发送队列缓存的对象数量:0
totalMemory：969932800, use ：517439008, free ：452493792DirectMemory：1827143680, 恢复 ：1
当前时间 ：2026-08-19 16:19:09send keng：-1, sheng ：4194304
decode keng：-1, sheng ：2097152
world keng：3, sheng ：1048576

2026-08-19 16:19:14.682 INFO [pool-6-thread-3][:] - /****************流量统计******************/
LastReadBytes:0
LastReadThroughput:0
LastWrittenBytes:0
LastWriteThroughput:0
RealWrittenBytes:0
RealWriteThroughput:0
当前玩家的连接数量:0
当前地图的线程个数：9
当前地图的个数:47
当前数据库执行队列数:0
当前发送队列缓存的对象数量:0
totalMemory：969932800, use ：521235480, free ：448697320DirectMemory：1827143680, 恢复 ：1
当前时间 ：2026-08-19 16:19:14send keng：-1, sheng ：4194304
decode keng：-1, sheng ：2097152
world keng：3, sheng ：1048576

2026-08-19 16:19:19.682 INFO [pool-6-thread-4][:] - /****************流量统计******************/
LastReadBytes:0
LastReadThroughput:0
LastWrittenBytes:0
LastWriteThroughput:0
RealWrittenBytes:0
RealWriteThroughput:0
当前玩家的连接数量:0
当前地图的线程个数：9
当前地图的个数:47
当前数据库执行队列数:0
当前发送队列缓存的对象数量:0
totalMemory：969932800, use ：525196928, free ：444735872DirectMemory：1827143680, 恢复 ：1
当前时间 ：2026-08-19 16:19:19send keng：-1, sheng ：4194304
decode keng：-1, sheng ：2097152
world keng：3, sheng ：1048576

2026-08-19 16:19:24.682 INFO [pool-6-thread-7][:] - /****************流量统计******************/
LastReadBytes:0
LastReadThroughput:0
LastWrittenBytes:0
LastWriteThroughput:0
RealWrittenBytes:0
RealWriteThroughput:0
当前玩家的连接数量:0
当前地图的线程个数：9
当前地图的个数:47
当前数据库执行队列数:0
当前发送队列缓存的对象数量:0
totalMemory：969932800, use ：528345632, free ：441587168DirectMemory：1827143680, 恢复 ：1
当前时间 ：2026-08-19 16:19:24send keng：-1, sheng ：4194304
decode keng：-1, sheng ：2097152
world keng：3, sheng ：1048576

2026-08-19 16:19:29.682 INFO [pool-6-thread-5][:] - /****************流量统计******************/
LastReadBytes:0
LastReadThroughput:0
LastWrittenBytes:0
LastWriteThroughput:0
RealWrittenBytes:0
RealWriteThroughput:0
当前玩家的连接数量:0
当前地图的线程个数：9
当前地图的个数:47
当前数据库执行队列数:0
当前发送队列缓存的对象数量:0
totalMemory：969932800, use ：531919032, free ：438013768DirectMemory：1827143680, 恢复 ：1
当前时间 ：2026-08-19 16:19:29send keng：-1, sheng ：4194304
decode keng：-1, sheng ：2097152
world keng：3, sheng ：1048576

2026-08-19 16:19:34.682 INFO [pool-6-thread-9][:] - /****************流量统计******************/
LastReadBytes:0
LastReadThroughput:0
LastWrittenBytes:0
LastWriteThroughput:0
RealWrittenBytes:0
RealWriteThroughput:0
当前玩家的连接数量:0
当前地图的线程个数：9
当前地图的个数:47
当前数据库执行队列数:0
当前发送队列缓存的对象数量:0
totalMemory：969932800, use ：534568704, free ：435364096DirectMemory：1827143680, 恢复 ：1
当前时间 ：2026-08-19 16:19:34send keng：-1, sheng ：4194304
decode keng：-1, sheng ：2097152
world keng：3, sheng ：1048576

2026-08-19 16:19:39.682 INFO [pool-6-thread-5][:] - /****************流量统计******************/
LastReadBytes:0
LastReadThroughput:0
LastWrittenBytes:0
LastWriteThroughput:0
RealWrittenBytes:0
RealWriteThroughput:0
当前玩家的连接数量:0
当前地图的线程个数：9
当前地图的个数:47
当前数据库执行队列数:0
当前发送队列缓存的对象数量:0
totalMemory：969932800, use ：539424168, free ：430508632DirectMemory：1827143680, 恢复 ：1
当前时间 ：2026-08-19 16:19:39send keng：-1, sheng ：4194304
decode keng：-1, sheng ：2097152
world keng：3, sheng ：1048576

2026-08-19 16:19:44.682 INFO [pool-6-thread-4][:] - /****************流量统计******************/
LastReadBytes:0
LastReadThroughput:0
LastWrittenBytes:0
LastWriteThroughput:0
RealWrittenBytes:0
RealWriteThroughput:0
当前玩家的连接数量:0
当前地图的线程个数：9
当前地图的个数:47
当前数据库执行队列数:0
当前发送队列缓存的对象数量:0
totalMemory：969932800, use ：541569912, free ：428362888DirectMemory：1827143680, 恢复 ：1
当前时间 ：2026-08-19 16:19:44send keng：-1, sheng ：4194304
decode keng：-1, sheng ：2097152
world keng：3, sheng ：1048576

2026-08-19 16:19:49.682 INFO [pool-6-thread-3][:] - /****************流量统计******************/
LastReadBytes:0
LastReadThroughput:0
LastWrittenBytes:0
LastWriteThroughput:0
RealWrittenBytes:0
RealWriteThroughput:0
当前玩家的连接数量:0
当前地图的线程个数：9
当前地图的个数:47
当前数据库执行队列数:0
当前发送队列缓存的对象数量:0
totalMemory：969932800, use ：545657840, free ：424274960DirectMemory：1827143680, 恢复 ：1
当前时间 ：2026-08-19 16:19:49send keng：-1, sheng ：4194304
decode keng：-1, sheng ：2097152
world keng：3, sheng ：1048576

2026-08-19 16:19:54.682 INFO [pool-6-thread-6][:] - /****************流量统计******************/
LastReadBytes:0
LastReadThroughput:0
LastWrittenBytes:0
LastWriteThroughput:0
RealWrittenBytes:0
RealWriteThroughput:0
当前玩家的连接数量:0
当前地图的线程个数：9
当前地图的个数:47
当前数据库执行队列数:0
当前发送队列缓存的对象数量:0
totalMemory：969932800, use ：549098912, free ：420833888DirectMemory：1827143680, 恢复 ：1
当前时间 ：2026-08-19 16:19:54send keng：-1, sheng ：4194304
decode keng：-1, sheng ：2097152
world keng：3, sheng ：1048576

2026-08-19 16:19:59.682 INFO [pool-6-thread-8][:] - /****************流量统计******************/
LastReadBytes:0
LastReadThroughput:0
LastWrittenBytes:0
LastWriteThroughput:0
RealWrittenBytes:0
RealWriteThroughput:0
当前玩家的连接数量:0
当前地图的线程个数：9
当前地图的个数:47
当前数据库执行队列数:0
当前发送队列缓存的对象数量:0
totalMemory：969932800, use ：552677960, free ：417254840DirectMemory：1827143680, 恢复 ：1
当前时间 ：2026-08-19 16:19:59send keng：-1, sheng ：4194304
decode keng：-1, sheng ：2097152
world keng：3, sheng ：1048576

2026-08-19 16:20:04.682 INFO [pool-6-thread-4][:] - /****************流量统计******************/
LastReadBytes:0
LastReadThroughput:0
LastWrittenBytes:0
LastWriteThroughput:0
RealWrittenBytes:0
RealWriteThroughput:0
当前玩家的连接数量:0
当前地图的线程个数：9
当前地图的个数:47
当前数据库执行队列数:0
当前发送队列缓存的对象数量:0
totalMemory：969932800, use ：555888936, free ：414043864DirectMemory：1827143680, 恢复 ：1
当前时间 ：2026-08-19 16:20:04send keng：-1, sheng ：4194304
decode keng：-1, sheng ：2097152
world keng：3, sheng ：1048576

2026-08-19 16:20:09.682 INFO [pool-6-thread-3][:] - /****************流量统计******************/
LastReadBytes:0
LastReadThroughput:0
LastWrittenBytes:0
LastWriteThroughput:0
RealWrittenBytes:0
RealWriteThroughput:0
当前玩家的连接数量:0
当前地图的线程个数：9
当前地图的个数:47
当前数据库执行队列数:0
当前发送队列缓存的对象数量:0
totalMemory：969932800, use ：559863584, free ：410069216DirectMemory：1827143680, 恢复 ：1
当前时间 ：2026-08-19 16:20:09send keng：-1, sheng ：4194304
decode keng：-1, sheng ：2097152
world keng：3, sheng ：1048576

2026-08-19 16:20:14.682 INFO [pool-6-thread-1][:] - /****************流量统计******************/
LastReadBytes:0
LastReadThroughput:0
LastWrittenBytes:0
LastWriteThroughput:0
RealWrittenBytes:0
RealWriteThroughput:0
当前玩家的连接数量:0
当前地图的线程个数：9
当前地图的个数:47
当前数据库执行队列数:0
当前发送队列缓存的对象数量:0
totalMemory：969932800, use ：562164536, free ：407768264DirectMemory：1827143680, 恢复 ：1
当前时间 ：2026-08-19 16:20:14send keng：-1, sheng ：4194304
decode keng：-1, sheng ：2097152
world keng：3, sheng ：1048576

2026-08-19 16:20:19.682 INFO [pool-6-thread-6][:] - /****************流量统计******************/
LastReadBytes:0
LastReadThroughput:0
LastWrittenBytes:0
LastWriteThroughput:0
RealWrittenBytes:0
RealWriteThroughput:0
当前玩家的连接数量:0
当前地图的线程个数：9
当前地图的个数:47
当前数据库执行队列数:0
当前发送队列缓存的对象数量:0
totalMemory：969932800, use ：567006240, free ：402926560DirectMemory：1827143680, 恢复 ：1
当前时间 ：2026-08-19 16:20:19send keng：-1, sheng ：4194304
decode keng：-1, sheng ：2097152
world keng：3, sheng ：1048576

2026-08-19 16:20:24.682 INFO [pool-6-thread-10][:] - /****************流量统计******************/
LastReadBytes:0
LastReadThroughput:0
LastWrittenBytes:0
LastWriteThroughput:0
RealWrittenBytes:0
RealWriteThroughput:0
当前玩家的连接数量:0
当前地图的线程个数：9
当前地图的个数:47
当前数据库执行队列数:0
当前发送队列缓存的对象数量:0
totalMemory：969932800, use ：569927192, free ：400005608DirectMemory：1827143680, 恢复 ：1
当前时间 ：2026-08-19 16:20:24send keng：-1, sheng ：4194304
decode keng：-1, sheng ：2097152
world keng：3, sheng ：1048576

2026-08-19 16:20:29.682 INFO [pool-6-thread-7][:] - /****************流量统计******************/
LastReadBytes:0
LastReadThroughput:0
LastWrittenBytes:0
LastWriteThroughput:0
RealWrittenBytes:0
RealWriteThroughput:0
当前玩家的连接数量:0
当前地图的线程个数：9
当前地图的个数:47
当前数据库执行队列数:0
当前发送队列缓存的对象数量:0
totalMemory：969932800, use ：574087464, free ：395845336DirectMemory：1827143680, 恢复 ：1
当前时间 ：2026-08-19 16:20:29send keng：-1, sheng ：4194304
decode keng：-1, sheng ：2097152
world keng：3, sheng ：1048576

2026-08-19 16:20:34.682 INFO [pool-6-thread-10][:] - /****************流量统计******************/
LastReadBytes:0
LastReadThroughput:0
LastWrittenBytes:0
LastWriteThroughput:0
RealWrittenBytes:0
RealWriteThroughput:0
当前玩家的连接数量:0
当前地图的线程个数：9
当前地图的个数:47
当前数据库执行队列数:0
当前发送队列缓存的对象数量:0
totalMemory：969932800, use ：576456000, free ：393476800DirectMemory：1827143680, 恢复 ：1
当前时间 ：2026-08-19 16:20:34send keng：-1, sheng ：4194304
decode keng：-1, sheng ：2097152
world keng：3, sheng ：1048576

2026-08-19 16:20:39.682 INFO [pool-6-thread-7][:] - /****************流量统计******************/
LastReadBytes:0
LastReadThroughput:0
LastWrittenBytes:0
LastWriteThroughput:0
RealWrittenBytes:0
RealWriteThroughput:0
当前玩家的连接数量:0
当前地图的线程个数：9
当前地图的个数:47
当前数据库执行队列数:0
当前发送队列缓存的对象数量:0
totalMemory：969932800, use ：580250776, free ：389682024DirectMemory：1827143680, 恢复 ：1
当前时间 ：2026-08-19 16:20:39send keng：-1, sheng ：4194304
decode keng：-1, sheng ：2097152
world keng：3, sheng ：1048576

2026-08-19 16:20:44.682 INFO [pool-6-thread-4][:] - /****************流量统计******************/
LastReadBytes:0
LastReadThroughput:0
LastWrittenBytes:0
LastWriteThroughput:0
RealWrittenBytes:0
RealWriteThroughput:0
当前玩家的连接数量:0
当前地图的线程个数：9
当前地图的个数:47
当前数据库执行队列数:0
当前发送队列缓存的对象数量:0
totalMemory：969932800, use ：584501520, free ：385431280DirectMemory：1827143680, 恢复 ：1
当前时间 ：2026-08-19 16:20:44send keng：-1, sheng ：4194304
decode keng：-1, sheng ：2097152
world keng：3, sheng ：1048576

2026-08-19 16:20:49.682 INFO [pool-6-thread-8][:] - /****************流量统计******************/
LastReadBytes:0
LastReadThroughput:0
LastWrittenBytes:0
LastWriteThroughput:0
RealWrittenBytes:0
RealWriteThroughput:0
当前玩家的连接数量:0
当前地图的线程个数：9
当前地图的个数:47
当前数据库执行队列数:0
当前发送队列缓存的对象数量:0
totalMemory：969932800, use ：588625360, free ：381307440DirectMemory：1827143680, 恢复 ：1
当前时间 ：2026-08-19 16:20:49send keng：-1, sheng ：4194304
decode keng：-1, sheng ：2097152
world keng：3, sheng ：1048576

2026-08-19 16:20:54.682 INFO [pool-6-thread-1][:] - /****************流量统计******************/
LastReadBytes:0
LastReadThroughput:0
LastWrittenBytes:0
LastWriteThroughput:0
RealWrittenBytes:0
RealWriteThroughput:0
当前玩家的连接数量:0
当前地图的线程个数：9
当前地图的个数:47
当前数据库执行队列数:0
当前发送队列缓存的对象数量:0
totalMemory：969932800, use ：593004760, free ：376928040DirectMemory：1827143680, 恢复 ：1
当前时间 ：2026-08-19 16:20:54send keng：-1, sheng ：4194304
decode keng：-1, sheng ：2097152
world keng：3, sheng ：1048576

2026-08-19 16:20:59.682 INFO [pool-6-thread-1][:] - /****************流量统计******************/
LastReadBytes:0
LastReadThroughput:0
LastWrittenBytes:0
LastWriteThroughput:0
RealWrittenBytes:0
RealWriteThroughput:0
当前玩家的连接数量:0
当前地图的线程个数：9
当前地图的个数:47
当前数据库执行队列数:0
当前发送队列缓存的对象数量:0
totalMemory：969932800, use ：595698176, free ：374234624DirectMemory：1827143680, 恢复 ：1
当前时间 ：2026-08-19 16:20:59send keng：-1, sheng ：4194304
decode keng：-1, sheng ：2097152
world keng：3, sheng ：1048576

2026-08-19 16:21:04.682 INFO [pool-6-thread-8][:] - /****************流量统计******************/
LastReadBytes:0
LastReadThroughput:0
LastWrittenBytes:0
LastWriteThroughput:0
RealWrittenBytes:0
RealWriteThroughput:0
当前玩家的连接数量:0
当前地图的线程个数：9
当前地图的个数:47
当前数据库执行队列数:0
当前发送队列缓存的对象数量:0
totalMemory：969932800, use ：598974680, free ：370958120DirectMemory：1827143680, 恢复 ：1
当前时间 ：2026-08-19 16:21:04send keng：-1, sheng ：4194304
decode keng：-1, sheng ：2097152
world keng：3, sheng ：1048576

2026-08-19 16:21:09.682 INFO [pool-6-thread-2][:] - /****************流量统计******************/
LastReadBytes:0
LastReadThroughput:0
LastWrittenBytes:0
LastWriteThroughput:0
RealWrittenBytes:0
RealWriteThroughput:0
当前玩家的连接数量:0
当前地图的线程个数：9
当前地图的个数:47
当前数据库执行队列数:0
当前发送队列缓存的对象数量:0
totalMemory：969932800, use ：602412888, free ：367519912DirectMemory：1827143680, 恢复 ：1
当前时间 ：2026-08-19 16:21:09send keng：-1, sheng ：4194304
decode keng：-1, sheng ：2097152
world keng：3, sheng ：1048576

2026-08-19 16:21:14.682 INFO [pool-6-thread-9][:] - /****************流量统计******************/
LastReadBytes:0
LastReadThroughput:0
LastWrittenBytes:0
LastWriteThroughput:0
RealWrittenBytes:0
RealWriteThroughput:0
当前玩家的连接数量:0
当前地图的线程个数：9
当前地图的个数:47
当前数据库执行队列数:0
当前发送队列缓存的对象数量:0
totalMemory：969932800, use ：606912600, free ：363020200DirectMemory：1827143680, 恢复 ：1
当前时间 ：2026-08-19 16:21:14send keng：-1, sheng ：4194304
decode keng：-1, sheng ：2097152
world keng：3, sheng ：1048576

2026-08-19 16:21:19.682 INFO [pool-6-thread-4][:] - /****************流量统计******************/
LastReadBytes:0
LastReadThroughput:0
LastWrittenBytes:0
LastWriteThroughput:0
RealWrittenBytes:0
RealWriteThroughput:0
当前玩家的连接数量:0
当前地图的线程个数：9
当前地图的个数:47
当前数据库执行队列数:0
当前发送队列缓存的对象数量:0
totalMemory：969932800, use ：609121480, free ：360811320DirectMemory：1827143680, 恢复 ：1
当前时间 ：2026-08-19 16:21:19send keng：-1, sheng ：4194304
decode keng：-1, sheng ：2097152
world keng：3, sheng ：1048576

2026-08-19 16:21:24.682 INFO [pool-6-thread-3][:] - /****************流量统计******************/
LastReadBytes:0
LastReadThroughput:0
LastWrittenBytes:0
LastWriteThroughput:0
RealWrittenBytes:0
RealWriteThroughput:0
当前玩家的连接数量:0
当前地图的线程个数：9
当前地图的个数:47
当前数据库执行队列数:0
当前发送队列缓存的对象数量:0
totalMemory：969932800, use ：613967200, free ：355965600DirectMemory：1827143680, 恢复 ：1
当前时间 ：2026-08-19 16:21:24send keng：-1, sheng ：4194304
decode keng：-1, sheng ：2097152
world keng：3, sheng ：1048576

2026-08-19 16:21:29.682 INFO [pool-6-thread-5][:] - /****************流量统计******************/
LastReadBytes:0
LastReadThroughput:0
LastWrittenBytes:0
LastWriteThroughput:0
RealWrittenBytes:0
RealWriteThroughput:0
当前玩家的连接数量:0
当前地图的线程个数：9
当前地图的个数:47
当前数据库执行队列数:0
当前发送队列缓存的对象数量:0
totalMemory：969932800, use ：615871544, free ：354061256DirectMemory：1827143680, 恢复 ：1
当前时间 ：2026-08-19 16:21:29send keng：-1, sheng ：4194304
decode keng：-1, sheng ：2097152
world keng：3, sheng ：1048576

2026-08-19 16:21:34.682 INFO [pool-6-thread-4][:] - /****************流量统计******************/
LastReadBytes:0
LastReadThroughput:0
LastWrittenBytes:0
LastWriteThroughput:0
RealWrittenBytes:0
RealWriteThroughput:0
当前玩家的连接数量:0
当前地图的线程个数：9
当前地图的个数:47
当前数据库执行队列数:0
当前发送队列缓存的对象数量:0
totalMemory：969932800, use ：620174152, free ：349758648DirectMemory：1827143680, 恢复 ：1
当前时间 ：2026-08-19 16:21:34send keng：-1, sheng ：4194304
decode keng：-1, sheng ：2097152
world keng：3, sheng ：1048576

2026-08-19 16:21:39.682 INFO [pool-6-thread-2][:] - /****************流量统计******************/
LastReadBytes:0
LastReadThroughput:0
LastWrittenBytes:0
LastWriteThroughput:0
RealWrittenBytes:0
RealWriteThroughput:0
当前玩家的连接数量:0
当前地图的线程个数：9
当前地图的个数:47
当前数据库执行队列数:0
当前发送队列缓存的对象数量:0
totalMemory：969932800, use ：623497176, free ：346435624DirectMemory：1827143680, 恢复 ：1
当前时间 ：2026-08-19 16:21:39send keng：-1, sheng ：4194304
decode keng：-1, sheng ：2097152
world keng：3, sheng ：1048576

2026-08-19 16:21:44.682 INFO [pool-6-thread-5][:] - /****************流量统计******************/
LastReadBytes:0
LastReadThroughput:0
LastWrittenBytes:0
LastWriteThroughput:0
RealWrittenBytes:0
RealWriteThroughput:0
当前玩家的连接数量:0
当前地图的线程个数：9
当前地图的个数:47
当前数据库执行队列数:0
当前发送队列缓存的对象数量:0
totalMemory：969932800, use ：627699856, free ：342232944DirectMemory：1827143680, 恢复 ：1
当前时间 ：2026-08-19 16:21:44send keng：-1, sheng ：4194304
decode keng：-1, sheng ：2097152
world keng：3, sheng ：1048576

2026-08-19 16:21:49.682 INFO [pool-6-thread-3][:] - /****************流量统计******************/
LastReadBytes:0
LastReadThroughput:0
LastWrittenBytes:0
LastWriteThroughput:0
RealWrittenBytes:0
RealWriteThroughput:0
当前玩家的连接数量:0
当前地图的线程个数：9
当前地图的个数:47
当前数据库执行队列数:0
当前发送队列缓存的对象数量:0
totalMemory：969932800, use ：630808352, free ：339124448DirectMemory：1827143680, 恢复 ：1
当前时间 ：2026-08-19 16:21:49send keng：-1, sheng ：4194304
decode keng：-1, sheng ：2097152
world keng：3, sheng ：1048576

2026-08-19 16:21:54.683 INFO [pool-6-thread-3][:] - /****************流量统计******************/
LastReadBytes:0
LastReadThroughput:0
LastWrittenBytes:0
LastWriteThroughput:0
RealWrittenBytes:0
RealWriteThroughput:0
当前玩家的连接数量:0
当前地图的线程个数：9
当前地图的个数:47
当前数据库执行队列数:0
当前发送队列缓存的对象数量:0
totalMemory：969932800, use ：634352760, free ：335580040DirectMemory：1827143680, 恢复 ：1
当前时间 ：2026-08-19 16:21:54send keng：-1, sheng ：4194304
decode keng：-1, sheng ：2097152
world keng：3, sheng ：1048576

2026-08-19 16:21:59.682 INFO [pool-6-thread-6][:] - /****************流量统计******************/
LastReadBytes:0
LastReadThroughput:0
LastWrittenBytes:0
LastWriteThroughput:0
RealWrittenBytes:0
RealWriteThroughput:0
当前玩家的连接数量:0
当前地图的线程个数：9
当前地图的个数:47
当前数据库执行队列数:0
当前发送队列缓存的对象数量:0
totalMemory：969932800, use ：637175096, free ：332757704DirectMemory：1827143680, 恢复 ：1
当前时间 ：2026-08-19 16:21:59send keng：-1, sheng ：4194304
decode keng：-1, sheng ：2097152
world keng：3, sheng ：1048576

2026-08-19 16:22:04.682 INFO [pool-6-thread-3][:] - /****************流量统计******************/
LastReadBytes:0
LastReadThroughput:0
LastWrittenBytes:0
LastWriteThroughput:0
RealWrittenBytes:0
RealWriteThroughput:0
当前玩家的连接数量:0
当前地图的线程个数：9
当前地图的个数:47
当前数据库执行队列数:0
当前发送队列缓存的对象数量:0
totalMemory：969932800, use ：641916072, free ：328016728DirectMemory：1827143680, 恢复 ：1
当前时间 ：2026-08-19 16:22:04send keng：-1, sheng ：4194304
decode keng：-1, sheng ：2097152
world keng：3, sheng ：1048576

2026-08-19 16:22:09.682 INFO [pool-6-thread-4][:] - /****************流量统计******************/
LastReadBytes:0
LastReadThroughput:0
LastWrittenBytes:0
LastWriteThroughput:0
RealWrittenBytes:0
RealWriteThroughput:0
当前玩家的连接数量:0
当前地图的线程个数：9
当前地图的个数:47
当前数据库执行队列数:0
当前发送队列缓存的对象数量:0
totalMemory：969932800, use ：645260240, free ：324672560DirectMemory：1827143680, 恢复 ：1
当前时间 ：2026-08-19 16:22:09send keng：-1, sheng ：4194304
decode keng：-1, sheng ：2097152
world keng：3, sheng ：1048576

2026-08-19 16:22:14.685 INFO [pool-6-thread-6][:] - /****************流量统计******************/
LastReadBytes:0
LastReadThroughput:0
LastWrittenBytes:0
LastWriteThroughput:0
RealWrittenBytes:0
RealWriteThroughput:0
当前玩家的连接数量:0
当前地图的线程个数：9
当前地图的个数:47
当前数据库执行队列数:0
当前发送队列缓存的对象数量:0
totalMemory：969932800, use ：648972584, free ：320960216DirectMemory：1827143680, 恢复 ：1
当前时间 ：2026-08-19 16:22:14send keng：-1, sheng ：4194304
decode keng：-1, sheng ：2097152
world keng：3, sheng ：1048576

2026-08-19 16:22:19.682 INFO [pool-6-thread-10][:] - /****************流量统计******************/
LastReadBytes:0
LastReadThroughput:0
LastWrittenBytes:0
LastWriteThroughput:0
RealWrittenBytes:0
RealWriteThroughput:0
当前玩家的连接数量:0
当前地图的线程个数：9
当前地图的个数:47
当前数据库执行队列数:0
当前发送队列缓存的对象数量:0
totalMemory：969932800, use ：651963456, free ：317969344DirectMemory：1827143680, 恢复 ：1
当前时间 ：2026-08-19 16:22:19send keng：-1, sheng ：4194304
decode keng：-1, sheng ：2097152
world keng：3, sheng ：1048576

2026-08-19 16:22:24.682 INFO [pool-6-thread-7][:] - /****************流量统计******************/
LastReadBytes:0
LastReadThroughput:0
LastWrittenBytes:0
LastWriteThroughput:0
RealWrittenBytes:0
RealWriteThroughput:0
当前玩家的连接数量:0
当前地图的线程个数：9
当前地图的个数:47
当前数据库执行队列数:0
当前发送队列缓存的对象数量:0
totalMemory：969932800, use ：655691568, free ：314241232DirectMemory：1827143680, 恢复 ：1
当前时间 ：2026-08-19 16:22:24send keng：-1, sheng ：4194304
decode keng：-1, sheng ：2097152
world keng：3, sheng ：1048576

2026-08-19 16:22:29.682 INFO [pool-6-thread-4][:] - /****************流量统计******************/
LastReadBytes:0
LastReadThroughput:0
LastWrittenBytes:0
LastWriteThroughput:0
RealWrittenBytes:0
RealWriteThroughput:0
当前玩家的连接数量:0
当前地图的线程个数：9
当前地图的个数:47
当前数据库执行队列数:0
当前发送队列缓存的对象数量:0
totalMemory：969932800, use ：660059912, free ：309872888DirectMemory：1827143680, 恢复 ：1
当前时间 ：2026-08-19 16:22:29send keng：-1, sheng ：4194304
decode keng：-1, sheng ：2097152
world keng：3, sheng ：1048576

2026-08-19 16:22:34.682 INFO [pool-6-thread-8][:] - /****************流量统计******************/
LastReadBytes:0
LastReadThroughput:0
LastWrittenBytes:0
LastWriteThroughput:0
RealWrittenBytes:0
RealWriteThroughput:0
当前玩家的连接数量:0
当前地图的线程个数：9
当前地图的个数:47
当前数据库执行队列数:0
当前发送队列缓存的对象数量:0
totalMemory：969932800, use ：661839896, free ：308092904DirectMemory：1827143680, 恢复 ：1
当前时间 ：2026-08-19 16:22:34send keng：-1, sheng ：4194304
decode keng：-1, sheng ：2097152
world keng：3, sheng ：1048576

2026-08-19 16:22:39.682 INFO [pool-6-thread-5][:] - /****************流量统计******************/
LastReadBytes:0
LastReadThroughput:0
LastWrittenBytes:0
LastWriteThroughput:0
RealWrittenBytes:0
RealWriteThroughput:0
当前玩家的连接数量:0
当前地图的线程个数：9
当前地图的个数:47
当前数据库执行队列数:0
当前发送队列缓存的对象数量:0
totalMemory：969932800, use ：667199928, free ：302732872DirectMemory：1827143680, 恢复 ：1
当前时间 ：2026-08-19 16:22:39send keng：-1, sheng ：4194304
decode keng：-1, sheng ：2097152
world keng：3, sheng ：1048576

2026-08-19 16:22:44.682 INFO [pool-6-thread-5][:] - /****************流量统计******************/
LastReadBytes:0
LastReadThroughput:0
LastWrittenBytes:0
LastWriteThroughput:0
RealWrittenBytes:0
RealWriteThroughput:0
当前玩家的连接数量:0
当前地图的线程个数：9
当前地图的个数:47
当前数据库执行队列数:0
当前发送队列缓存的对象数量:0
totalMemory：969932800, use ：668974104, free ：300958696DirectMemory：1827143680, 恢复 ：1
当前时间 ：2026-08-19 16:22:44send keng：-1, sheng ：4194304
decode keng：-1, sheng ：2097152
world keng：3, sheng ：1048576

2026-08-19 16:22:49.682 INFO [pool-6-thread-2][:] - /****************流量统计******************/
LastReadBytes:0
LastReadThroughput:0
LastWrittenBytes:0
LastWriteThroughput:0
RealWrittenBytes:0
RealWriteThroughput:0
当前玩家的连接数量:0
当前地图的线程个数：9
当前地图的个数:47
当前数据库执行队列数:0
当前发送队列缓存的对象数量:0
totalMemory：969932800, use ：673426304, free ：296506496DirectMemory：1827143680, 恢复 ：1
当前时间 ：2026-08-19 16:22:49send keng：-1, sheng ：4194304
decode keng：-1, sheng ：2097152
world keng：3, sheng ：1048576

2026-08-19 16:22:54.682 INFO [pool-6-thread-9][:] - /****************流量统计******************/
LastReadBytes:0
LastReadThroughput:0
LastWrittenBytes:0
LastWriteThroughput:0
RealWrittenBytes:0
RealWriteThroughput:0
当前玩家的连接数量:0
当前地图的线程个数：9
当前地图的个数:47
当前数据库执行队列数:0
当前发送队列缓存的对象数量:0
totalMemory：969932800, use ：676589744, free ：293343056DirectMemory：1827143680, 恢复 ：1
当前时间 ：2026-08-19 16:22:54send keng：-1, sheng ：4194304
decode keng：-1, sheng ：2097152
world keng：3, sheng ：1048576

2026-08-19 16:22:59.682 INFO [pool-6-thread-5][:] - /****************流量统计******************/
LastReadBytes:0
LastReadThroughput:0
LastWrittenBytes:0
LastWriteThroughput:0
RealWrittenBytes:0
RealWriteThroughput:0
当前玩家的连接数量:0
当前地图的线程个数：9
当前地图的个数:47
当前数据库执行队列数:0
当前发送队列缓存的对象数量:0
totalMemory：969932800, use ：680864368, free ：289068432DirectMemory：1827143680, 恢复 ：1
当前时间 ：2026-08-19 16:22:59send keng：-1, sheng ：4194304
decode keng：-1, sheng ：2097152
world keng：3, sheng ：1048576

2026-08-19 16:23:04.682 INFO [pool-6-thread-10][:] - /****************流量统计******************/
LastReadBytes:0
LastReadThroughput:0
LastWrittenBytes:0
LastWriteThroughput:0
RealWrittenBytes:0
RealWriteThroughput:0
当前玩家的连接数量:0
当前地图的线程个数：9
当前地图的个数:47
当前数据库执行队列数:0
当前发送队列缓存的对象数量:0
totalMemory：969932800, use ：683436728, free ：286496072DirectMemory：1827143680, 恢复 ：1
当前时间 ：2026-08-19 16:23:04send keng：-1, sheng ：4194304
decode keng：-1, sheng ：2097152
world keng：3, sheng ：1048576

2026-08-19 16:23:09.682 INFO [pool-6-thread-6][:] - /****************流量统计******************/
LastReadBytes:0
LastReadThroughput:0
LastWrittenBytes:0
LastWriteThroughput:0
RealWrittenBytes:0
RealWriteThroughput:0
当前玩家的连接数量:0
当前地图的线程个数：9
当前地图的个数:47
当前数据库执行队列数:0
当前发送队列缓存的对象数量:0
totalMemory：969932800, use ：687205464, free ：282727336DirectMemory：1827143680, 恢复 ：1
当前时间 ：2026-08-19 16:23:09send keng：-1, sheng ：4194304
decode keng：-1, sheng ：2097152
world keng：3, sheng ：1048576

2026-08-19 16:23:14.682 INFO [pool-6-thread-10][:] - /****************流量统计******************/
LastReadBytes:0
LastReadThroughput:0
LastWrittenBytes:0
LastWriteThroughput:0
RealWrittenBytes:0
RealWriteThroughput:0
当前玩家的连接数量:0
当前地图的线程个数：9
当前地图的个数:47
当前数据库执行队列数:0
当前发送队列缓存的对象数量:0
totalMemory：969932800, use ：690664352, free ：279268448DirectMemory：1827143680, 恢复 ：1
当前时间 ：2026-08-19 16:23:14send keng：-1, sheng ：4194304
decode keng：-1, sheng ：2097152
world keng：3, sheng ：1048576

2026-08-19 16:23:19.682 INFO [pool-6-thread-3][:] - /****************流量统计******************/
LastReadBytes:0
LastReadThroughput:0
LastWrittenBytes:0
LastWriteThroughput:0
RealWrittenBytes:0
RealWriteThroughput:0
当前玩家的连接数量:0
当前地图的线程个数：9
当前地图的个数:47
当前数据库执行队列数:0
当前发送队列缓存的对象数量:0
totalMemory：969932800, use ：694788216, free ：275144584DirectMemory：1827143680, 恢复 ：1
当前时间 ：2026-08-19 16:23:19send keng：-1, sheng ：4194304
decode keng：-1, sheng ：2097152
world keng：3, sheng ：1048576

2026-08-19 16:23:24.682 INFO [pool-6-thread-8][:] - /****************流量统计******************/
LastReadBytes:0
LastReadThroughput:0
LastWrittenBytes:0
LastWriteThroughput:0
RealWrittenBytes:0
RealWriteThroughput:0
当前玩家的连接数量:0
当前地图的线程个数：9
当前地图的个数:47
当前数据库执行队列数:0
当前发送队列缓存的对象数量:0
totalMemory：969932800, use ：697571520, free ：272361280DirectMemory：1827143680, 恢复 ：1
当前时间 ：2026-08-19 16:23:24send keng：-1, sheng ：4194304
decode keng：-1, sheng ：2097152
world keng：3, sheng ：1048576

2026-08-19 16:23:29.682 INFO [pool-6-thread-2][:] - /****************流量统计******************/
LastReadBytes:0
LastReadThroughput:0
LastWrittenBytes:0
LastWriteThroughput:0
RealWrittenBytes:0
RealWriteThroughput:0
当前玩家的连接数量:0
当前地图的线程个数：9
当前地图的个数:47
当前数据库执行队列数:0
当前发送队列缓存的对象数量:0
totalMemory：969932800, use ：701803840, free ：268128960DirectMemory：1827143680, 恢复 ：1
当前时间 ：2026-08-19 16:23:29send keng：-1, sheng ：4194304
decode keng：-1, sheng ：2097152
world keng：3, sheng ：1048576

2026-08-19 16:23:34.682 INFO [pool-6-thread-10][:] - /****************流量统计******************/
LastReadBytes:0
LastReadThroughput:0
LastWrittenBytes:0
LastWriteThroughput:0
RealWrittenBytes:0
RealWriteThroughput:0
当前玩家的连接数量:0
当前地图的线程个数：9
当前地图的个数:47
当前数据库执行队列数:0
当前发送队列缓存的对象数量:0
totalMemory：969932800, use ：704822304, free ：265110496DirectMemory：1827143680, 恢复 ：1
当前时间 ：2026-08-19 16:23:34send keng：-1, sheng ：4194304
decode keng：-1, sheng ：2097152
world keng：3, sheng ：1048576

2026-08-19 16:23:39.682 INFO [pool-6-thread-4][:] - /****************流量统计******************/
LastReadBytes:0
LastReadThroughput:0
LastWrittenBytes:0
LastWriteThroughput:0
RealWrittenBytes:0
RealWriteThroughput:0
当前玩家的连接数量:0
当前地图的线程个数：9
当前地图的个数:47
当前数据库执行队列数:0
当前发送队列缓存的对象数量:0
totalMemory：969932800, use ：708452400, free ：261480400DirectMemory：1827143680, 恢复 ：1
当前时间 ：2026-08-19 16:23:39send keng：-1, sheng ：4194304
decode keng：-1, sheng ：2097152
world keng：3, sheng ：1048576

2026-08-19 16:23:44.682 INFO [pool-6-thread-4][:] - /****************流量统计******************/
LastReadBytes:0
LastReadThroughput:0
LastWrittenBytes:0
LastWriteThroughput:0
RealWrittenBytes:0
RealWriteThroughput:0
当前玩家的连接数量:0
当前地图的线程个数：9
当前地图的个数:47
当前数据库执行队列数:0
当前发送队列缓存的对象数量:0
totalMemory：969932800, use ：712280760, free ：257652040DirectMemory：1827143680, 恢复 ：1
当前时间 ：2026-08-19 16:23:44send keng：-1, sheng ：4194304
decode keng：-1, sheng ：2097152
world keng：3, sheng ：1048576

2026-08-19 16:23:49.682 INFO [pool-6-thread-4][:] - /****************流量统计******************/
LastReadBytes:0
LastReadThroughput:0
LastWrittenBytes:0
LastWriteThroughput:0
RealWrittenBytes:0
RealWriteThroughput:0
当前玩家的连接数量:0
当前地图的线程个数：9
当前地图的个数:47
当前数据库执行队列数:0
当前发送队列缓存的对象数量:0
totalMemory：969932800, use ：714656136, free ：255276664DirectMemory：1827143680, 恢复 ：1
当前时间 ：2026-08-19 16:23:49send keng：-1, sheng ：4194304
decode keng：-1, sheng ：2097152
world keng：3, sheng ：1048576

2026-08-19 16:23:54.682 INFO [pool-6-thread-10][:] - /****************流量统计******************/
LastReadBytes:0
LastReadThroughput:0
LastWrittenBytes:0
LastWriteThroughput:0
RealWrittenBytes:0
RealWriteThroughput:0
当前玩家的连接数量:0
当前地图的线程个数：9
当前地图的个数:47
当前数据库执行队列数:0
当前发送队列缓存的对象数量:0
totalMemory：969932800, use ：718732960, free ：251199840DirectMemory：1827143680, 恢复 ：1
当前时间 ：2026-08-19 16:23:54send keng：-1, sheng ：4194304
decode keng：-1, sheng ：2097152
world keng：3, sheng ：1048576

2026-08-19 16:23:59.682 INFO [pool-6-thread-3][:] - /****************流量统计******************/
LastReadBytes:0
LastReadThroughput:0
LastWrittenBytes:0
LastWriteThroughput:0
RealWrittenBytes:0
RealWriteThroughput:0
当前玩家的连接数量:0
当前地图的线程个数：9
当前地图的个数:47
当前数据库执行队列数:0
当前发送队列缓存的对象数量:0
totalMemory：969932800, use ：722639216, free ：247293584DirectMemory：1827143680, 恢复 ：1
当前时间 ：2026-08-19 16:23:59send keng：-1, sheng ：4194304
decode keng：-1, sheng ：2097152
world keng：3, sheng ：1048576

2026-08-19 16:24:04.682 INFO [pool-6-thread-6][:] - /****************流量统计******************/
LastReadBytes:0
LastReadThroughput:0
LastWrittenBytes:0
LastWriteThroughput:0
RealWrittenBytes:0
RealWriteThroughput:0
当前玩家的连接数量:0
当前地图的线程个数：9
当前地图的个数:47
当前数据库执行队列数:0
当前发送队列缓存的对象数量:0
totalMemory：969932800, use ：726664408, free ：243268392DirectMemory：1827143680, 恢复 ：1
当前时间 ：2026-08-19 16:24:04send keng：-1, sheng ：4194304
decode keng：-1, sheng ：2097152
world keng：3, sheng ：1048576

2026-08-19 16:24:09.682 INFO [pool-6-thread-1][:] - /****************流量统计******************/
LastReadBytes:0
LastReadThroughput:0
LastWrittenBytes:0
LastWriteThroughput:0
RealWrittenBytes:0
RealWriteThroughput:0
当前玩家的连接数量:0
当前地图的线程个数：9
当前地图的个数:47
当前数据库执行队列数:0
当前发送队列缓存的对象数量:0
totalMemory：969932800, use ：729003944, free ：240928856DirectMemory：1827143680, 恢复 ：1
当前时间 ：2026-08-19 16:24:09send keng：-1, sheng ：4194304
decode keng：-1, sheng ：2097152
world keng：3, sheng ：1048576

2026-08-19 16:24:14.682 INFO [pool-6-thread-4][:] - /****************流量统计******************/
LastReadBytes:0
LastReadThroughput:0
LastWrittenBytes:0
LastWriteThroughput:0
RealWrittenBytes:0
RealWriteThroughput:0
当前玩家的连接数量:0
当前地图的线程个数：9
当前地图的个数:47
当前数据库执行队列数:0
当前发送队列缓存的对象数量:0
totalMemory：969408512, use ：400107320, free ：569301192DirectMemory：1827143680, 恢复 ：1
当前时间 ：2026-08-19 16:24:14send keng：-1, sheng ：4194304
decode keng：-1, sheng ：2097152
world keng：3, sheng ：1048576

2026-08-19 16:24:19.682 INFO [pool-6-thread-9][:] - /****************流量统计******************/
LastReadBytes:0
LastReadThroughput:0
LastWrittenBytes:0
LastWriteThroughput:0
RealWrittenBytes:0
RealWriteThroughput:0
当前玩家的连接数量:0
当前地图的线程个数：9
当前地图的个数:47
当前数据库执行队列数:0
当前发送队列缓存的对象数量:0
totalMemory：969408512, use ：401897288, free ：567511224DirectMemory：1827143680, 恢复 ：1
当前时间 ：2026-08-19 16:24:19send keng：-1, sheng ：4194304
decode keng：-1, sheng ：2097152
world keng：3, sheng ：1048576

2026-08-19 16:24:24.682 INFO [pool-6-thread-3][:] - /****************流量统计******************/
LastReadBytes:0
LastReadThroughput:0
LastWrittenBytes:0
LastWriteThroughput:0
RealWrittenBytes:0
RealWriteThroughput:0
当前玩家的连接数量:0
当前地图的线程个数：9
当前地图的个数:47
当前数据库执行队列数:0
当前发送队列缓存的对象数量:0
totalMemory：969408512, use ：406748224, free ：562660288DirectMemory：1827143680, 恢复 ：1
当前时间 ：2026-08-19 16:24:24send keng：-1, sheng ：4194304
decode keng：-1, sheng ：2097152
world keng：3, sheng ：1048576

2026-08-19 16:24:29.682 INFO [pool-6-thread-1][:] - /****************流量统计******************/
LastReadBytes:0
LastReadThroughput:0
LastWrittenBytes:0
LastWriteThroughput:0
RealWrittenBytes:0
RealWriteThroughput:0
当前玩家的连接数量:0
当前地图的线程个数：9
当前地图的个数:47
当前数据库执行队列数:0
当前发送队列缓存的对象数量:0
totalMemory：969408512, use ：411515992, free ：557892520DirectMemory：1827143680, 恢复 ：1
当前时间 ：2026-08-19 16:24:29send keng：-1, sheng ：4194304
decode keng：-1, sheng ：2097152
world keng：3, sheng ：1048576

2026-08-19 16:24:34.682 INFO [pool-6-thread-8][:] - /****************流量统计******************/
LastReadBytes:0
LastReadThroughput:0
LastWrittenBytes:0
LastWriteThroughput:0
RealWrittenBytes:0
RealWriteThroughput:0
当前玩家的连接数量:0
当前地图的线程个数：9
当前地图的个数:47
当前数据库执行队列数:0
当前发送队列缓存的对象数量:0
totalMemory：969408512, use ：413391416, free ：556017096DirectMemory：1827143680, 恢复 ：1
当前时间 ：2026-08-19 16:24:34send keng：-1, sheng ：4194304
decode keng：-1, sheng ：2097152
world keng：3, sheng ：1048576

2026-08-19 16:24:39.682 INFO [pool-6-thread-5][:] - /****************流量统计******************/
LastReadBytes:0
LastReadThroughput:0
LastWrittenBytes:0
LastWriteThroughput:0
RealWrittenBytes:0
RealWriteThroughput:0
当前玩家的连接数量:0
当前地图的线程个数：9
当前地图的个数:47
当前数据库执行队列数:0
当前发送队列缓存的对象数量:0
totalMemory：969408512, use ：418328408, free ：551080104DirectMemory：1827143680, 恢复 ：1
当前时间 ：2026-08-19 16:24:39send keng：-1, sheng ：4194304
decode keng：-1, sheng ：2097152
world keng：3, sheng ：1048576

2026-08-19 16:24:44.682 INFO [pool-6-thread-8][:] - /****************流量统计******************/
LastReadBytes:0
LastReadThroughput:0
LastWrittenBytes:0
LastWriteThroughput:0
RealWrittenBytes:0
RealWriteThroughput:0
当前玩家的连接数量:0
当前地图的线程个数：9
当前地图的个数:47
当前数据库执行队列数:0
当前发送队列缓存的对象数量:0
totalMemory：969408512, use ：419615728, free ：549792784DirectMemory：1827143680, 恢复 ：1
当前时间 ：2026-08-19 16:24:44send keng：-1, sheng ：4194304
decode keng：-1, sheng ：2097152
world keng：3, sheng ：1048576

2026-08-19 16:24:49.682 INFO [pool-6-thread-10][:] - /****************流量统计******************/
LastReadBytes:0
LastReadThroughput:0
LastWrittenBytes:0
LastWriteThroughput:0
RealWrittenBytes:0
RealWriteThroughput:0
当前玩家的连接数量:0
当前地图的线程个数：9
当前地图的个数:47
当前数据库执行队列数:0
当前发送队列缓存的对象数量:0
totalMemory：969408512, use ：424486144, free ：544922368DirectMemory：1827143680, 恢复 ：1
当前时间 ：2026-08-19 16:24:49send keng：-1, sheng ：4194304
decode keng：-1, sheng ：2097152
world keng：3, sheng ：1048576

2026-08-19 16:24:54.682 INFO [pool-6-thread-7][:] - /****************流量统计******************/
LastReadBytes:0
LastReadThroughput:0
LastWrittenBytes:0
LastWriteThroughput:0
RealWrittenBytes:0
RealWriteThroughput:0
当前玩家的连接数量:0
当前地图的线程个数：9
当前地图的个数:47
当前数据库执行队列数:0
当前发送队列缓存的对象数量:0
totalMemory：969408512, use ：426720680, free ：542687832DirectMemory：1827143680, 恢复 ：1
当前时间 ：2026-08-19 16:24:54send keng：-1, sheng ：4194304
decode keng：-1, sheng ：2097152
world keng：3, sheng ：1048576

2026-08-19 16:24:59.682 INFO [pool-6-thread-1][:] - /****************流量统计******************/
LastReadBytes:0
LastReadThroughput:0
LastWrittenBytes:0
LastWriteThroughput:0
RealWrittenBytes:0
RealWriteThroughput:0
当前玩家的连接数量:0
当前地图的线程个数：9
当前地图的个数:47
当前数据库执行队列数:0
当前发送队列缓存的对象数量:0
totalMemory：969408512, use ：431569744, free ：537838768DirectMemory：1827143680, 恢复 ：1
当前时间 ：2026-08-19 16:24:59send keng：-1, sheng ：4194304
decode keng：-1, sheng ：2097152
world keng：3, sheng ：1048576

2026-08-19 16:25:04.683 INFO [pool-6-thread-4][:] - /****************流量统计******************/
LastReadBytes:0
LastReadThroughput:0
LastWrittenBytes:0
LastWriteThroughput:0
RealWrittenBytes:0
RealWriteThroughput:0
当前玩家的连接数量:0
当前地图的线程个数：9
当前地图的个数:47
当前数据库执行队列数:0
当前发送队列缓存的对象数量:0
totalMemory：969408512, use ：433873176, free ：535535336DirectMemory：1827143680, 恢复 ：1
当前时间 ：2026-08-19 16:25:04send keng：-1, sheng ：4194304
decode keng：-1, sheng ：2097152
world keng：3, sheng ：1048576

2026-08-19 16:25:09.682 INFO [pool-6-thread-8][:] - /****************流量统计******************/
LastReadBytes:0
LastReadThroughput:0
LastWrittenBytes:0
LastWriteThroughput:0
RealWrittenBytes:0
RealWriteThroughput:0
当前玩家的连接数量:0
当前地图的线程个数：9
当前地图的个数:47
当前数据库执行队列数:0
当前发送队列缓存的对象数量:0
totalMemory：969408512, use ：438787192, free ：530621320DirectMemory：1827143680, 恢复 ：1
当前时间 ：2026-08-19 16:25:09send keng：-1, sheng ：4194304
decode keng：-1, sheng ：2097152
world keng：3, sheng ：1048576

2026-08-19 16:25:14.681 INFO [pool-6-thread-5][:] - /****************流量统计******************/
LastReadBytes:0
LastReadThroughput:0
LastWrittenBytes:0
LastWriteThroughput:0
RealWrittenBytes:0
RealWriteThroughput:0
当前玩家的连接数量:0
当前地图的线程个数：9
当前地图的个数:47
当前数据库执行队列数:0
当前发送队列缓存的对象数量:0
totalMemory：969408512, use ：440536616, free ：528871896DirectMemory：1827143680, 恢复 ：1
当前时间 ：2026-08-19 16:25:14send keng：-1, sheng ：4194304
decode keng：-1, sheng ：2097152
world keng：3, sheng ：1048576

2026-08-19 16:25:19.682 INFO [pool-6-thread-8][:] - /****************流量统计******************/
LastReadBytes:0
LastReadThroughput:0
LastWrittenBytes:0
LastWriteThroughput:0
RealWrittenBytes:0
RealWriteThroughput:0
当前玩家的连接数量:0
当前地图的线程个数：9
当前地图的个数:47
当前数据库执行队列数:0
当前发送队列缓存的对象数量:0
totalMemory：969408512, use ：445431600, free ：523976912DirectMemory：1827143680, 恢复 ：1
当前时间 ：2026-08-19 16:25:19send keng：-1, sheng ：4194304
decode keng：-1, sheng ：2097152
world keng：3, sheng ：1048576

2026-08-19 16:25:24.682 INFO [pool-6-thread-5][:] - /****************流量统计******************/
LastReadBytes:0
LastReadThroughput:0
LastWrittenBytes:0
LastWriteThroughput:0
RealWrittenBytes:0
RealWriteThroughput:0
当前玩家的连接数量:0
当前地图的线程个数：9
当前地图的个数:47
当前数据库执行队列数:0
当前发送队列缓存的对象数量:0
totalMemory：969408512, use ：448085712, free ：521322800DirectMemory：1827143680, 恢复 ：1
当前时间 ：2026-08-19 16:25:24send keng：-1, sheng ：4194304
decode keng：-1, sheng ：2097152
world keng：3, sheng ：1048576

2026-08-19 16:25:29.682 INFO [pool-6-thread-5][:] - /****************流量统计******************/
LastReadBytes:0
LastReadThroughput:0
LastWrittenBytes:0
LastWriteThroughput:0
RealWrittenBytes:0
RealWriteThroughput:0
当前玩家的连接数量:0
当前地图的线程个数：9
当前地图的个数:47
当前数据库执行队列数:0
当前发送队列缓存的对象数量:0
totalMemory：969408512, use ：452932272, free ：516476240DirectMemory：1827143680, 恢复 ：1
当前时间 ：2026-08-19 16:25:29send keng：-1, sheng ：4194304
decode keng：-1, sheng ：2097152
world keng：3, sheng ：1048576

2026-08-19 16:25:34.683 INFO [pool-6-thread-6][:] - /****************流量统计******************/
LastReadBytes:0
LastReadThroughput:0
LastWrittenBytes:0
LastWriteThroughput:0
RealWrittenBytes:0
RealWriteThroughput:0
当前玩家的连接数量:0
当前地图的线程个数：9
当前地图的个数:47
当前数据库执行队列数:0
当前发送队列缓存的对象数量:0
totalMemory：969408512, use ：454745320, free ：514663192DirectMemory：1827143680, 恢复 ：1
当前时间 ：2026-08-19 16:25:34send keng：-1, sheng ：4194304
decode keng：-1, sheng ：2097152
world keng：3, sheng ：1048576

2026-08-19 16:25:39.682 INFO [pool-6-thread-1][:] - /****************流量统计******************/
LastReadBytes:0
LastReadThroughput:0
LastWrittenBytes:0
LastWriteThroughput:0
RealWrittenBytes:0
RealWriteThroughput:0
当前玩家的连接数量:0
当前地图的线程个数：9
当前地图的个数:47
当前数据库执行队列数:0
当前发送队列缓存的对象数量:0
totalMemory：969408512, use ：460031208, free ：509377304DirectMemory：1827143680, 恢复 ：1
当前时间 ：2026-08-19 16:25:39send keng：-1, sheng ：4194304
decode keng：-1, sheng ：2097152
world keng：3, sheng ：1048576

2026-08-19 16:25:44.682 INFO [pool-6-thread-4][:] - /****************流量统计******************/
LastReadBytes:0
LastReadThroughput:0
LastWrittenBytes:0
LastWriteThroughput:0
RealWrittenBytes:0
RealWriteThroughput:0
当前玩家的连接数量:0
当前地图的线程个数：9
当前地图的个数:47
当前数据库执行队列数:0
当前发送队列缓存的对象数量:0
totalMemory：969408512, use ：461357808, free ：508050704DirectMemory：1827143680, 恢复 ：1
当前时间 ：2026-08-19 16:25:44send keng：-1, sheng ：4194304
decode keng：-1, sheng ：2097152
world keng：3, sheng ：1048576

2026-08-19 16:25:49.682 INFO [pool-6-thread-10][:] - /****************流量统计******************/
LastReadBytes:0
LastReadThroughput:0
LastWrittenBytes:0
LastWriteThroughput:0
RealWrittenBytes:0
RealWriteThroughput:0
当前玩家的连接数量:0
当前地图的线程个数：9
当前地图的个数:47
当前数据库执行队列数:0
当前发送队列缓存的对象数量:0
totalMemory：969408512, use ：466692800, free ：502715712DirectMemory：1827143680, 恢复 ：1
当前时间 ：2026-08-19 16:25:49send keng：-1, sheng ：4194304
decode keng：-1, sheng ：2097152
world keng：3, sheng ：1048576

2026-08-19 16:25:54.682 INFO [pool-6-thread-4][:] - /****************流量统计******************/
LastReadBytes:0
LastReadThroughput:0
LastWrittenBytes:0
LastWriteThroughput:0
RealWrittenBytes:0
RealWriteThroughput:0
当前玩家的连接数量:0
当前地图的线程个数：9
当前地图的个数:47
当前数据库执行队列数:0
当前发送队列缓存的对象数量:0
totalMemory：969408512, use ：469774832, free ：499633680DirectMemory：1827143680, 恢复 ：1
当前时间 ：2026-08-19 16:25:54send keng：-1, sheng ：4194304
decode keng：-1, sheng ：2097152
world keng：3, sheng ：1048576

2026-08-19 16:25:59.682 INFO [pool-6-thread-6][:] - /****************流量统计******************/
LastReadBytes:0
LastReadThroughput:0
LastWrittenBytes:0
LastWriteThroughput:0
RealWrittenBytes:0
RealWriteThroughput:0
当前玩家的连接数量:0
当前地图的线程个数：9
当前地图的个数:47
当前数据库执行队列数:0
当前发送队列缓存的对象数量:0
totalMemory：969408512, use ：472879248, free ：496529264DirectMemory：1827143680, 恢复 ：1
当前时间 ：2026-08-19 16:25:59send keng：-1, sheng ：4194304
decode keng：-1, sheng ：2097152
world keng：3, sheng ：1048576

2026-08-19 16:26:04.684 INFO [pool-6-thread-4][:] - /****************流量统计******************/
LastReadBytes:0
LastReadThroughput:0
LastWrittenBytes:0
LastWriteThroughput:0
RealWrittenBytes:0
RealWriteThroughput:0
当前玩家的连接数量:0
当前地图的线程个数：9
当前地图的个数:47
当前数据库执行队列数:0
当前发送队列缓存的对象数量:0
totalMemory：969408512, use ：477691536, free ：491716976DirectMemory：1827143680, 恢复 ：1
当前时间 ：2026-08-19 16:26:04send keng：-1, sheng ：4194304
decode keng：-1, sheng ：2097152
world keng：3, sheng ：1048576

2026-08-19 16:26:09.683 INFO [pool-6-thread-8][:] - /****************流量统计******************/
LastReadBytes:0
LastReadThroughput:0
LastWrittenBytes:0
LastWriteThroughput:0
RealWrittenBytes:0
RealWriteThroughput:0
当前玩家的连接数量:0
当前地图的线程个数：9
当前地图的个数:47
当前数据库执行队列数:0
当前发送队列缓存的对象数量:0
totalMemory：969408512, use ：479243200, free ：490165312DirectMemory：1827143680, 恢复 ：1
当前时间 ：2026-08-19 16:26:09send keng：-1, sheng ：4194304
decode keng：-1, sheng ：2097152
world keng：3, sheng ：1048576

2026-08-19 16:26:14.682 INFO [pool-6-thread-1][:] - /****************流量统计******************/
LastReadBytes:0
LastReadThroughput:0
LastWrittenBytes:0
LastWriteThroughput:0
RealWrittenBytes:0
RealWriteThroughput:0
当前玩家的连接数量:0
当前地图的线程个数：9
当前地图的个数:47
当前数据库执行队列数:0
当前发送队列缓存的对象数量:0
totalMemory：969408512, use ：483986984, free ：485421528DirectMemory：1827143680, 恢复 ：1
当前时间 ：2026-08-19 16:26:14send keng：-1, sheng ：4194304
decode keng：-1, sheng ：2097152
world keng：3, sheng ：1048576

2026-08-19 16:26:19.682 INFO [pool-6-thread-8][:] - /****************流量统计******************/
LastReadBytes:0
LastReadThroughput:0
LastWrittenBytes:0
LastWriteThroughput:0
RealWrittenBytes:0
RealWriteThroughput:0
当前玩家的连接数量:0
当前地图的线程个数：9
当前地图的个数:47
当前数据库执行队列数:0
当前发送队列缓存的对象数量:0
totalMemory：969408512, use ：486790936, free ：482617576DirectMemory：1827143680, 恢复 ：1
当前时间 ：2026-08-19 16:26:19send keng：-1, sheng ：4194304
decode keng：-1, sheng ：2097152
world keng：3, sheng ：1048576

2026-08-19 16:26:24.682 INFO [pool-6-thread-8][:] - /****************流量统计******************/
LastReadBytes:0
LastReadThroughput:0
LastWrittenBytes:0
LastWriteThroughput:0
RealWrittenBytes:0
RealWriteThroughput:0
当前玩家的连接数量:0
当前地图的线程个数：9
当前地图的个数:47
当前数据库执行队列数:0
当前发送队列缓存的对象数量:0
totalMemory：969408512, use ：490740328, free ：478668184DirectMemory：1827143680, 恢复 ：1
当前时间 ：2026-08-19 16:26:24send keng：-1, sheng ：4194304
decode keng：-1, sheng ：2097152
world keng：3, sheng ：1048576

2026-08-19 16:26:29.682 INFO [pool-6-thread-7][:] - /****************流量统计******************/
LastReadBytes:0
LastReadThroughput:0
LastWrittenBytes:0
LastWriteThroughput:0
RealWrittenBytes:0
RealWriteThroughput:0
当前玩家的连接数量:0
当前地图的线程个数：9
当前地图的个数:47
当前数据库执行队列数:0
当前发送队列缓存的对象数量:0
totalMemory：969408512, use ：493814632, free ：475593880DirectMemory：1827143680, 恢复 ：1
当前时间 ：2026-08-19 16:26:29send keng：-1, sheng ：4194304
decode keng：-1, sheng ：2097152
world keng：3, sheng ：1048576

2026-08-19 16:26:34.682 INFO [pool-6-thread-2][:] - /****************流量统计******************/
LastReadBytes:0
LastReadThroughput:0
LastWrittenBytes:0
LastWriteThroughput:0
RealWrittenBytes:0
RealWriteThroughput:0
当前玩家的连接数量:0
当前地图的线程个数：9
当前地图的个数:47
当前数据库执行队列数:0
当前发送队列缓存的对象数量:0
totalMemory：969408512, use ：497451728, free ：471956784DirectMemory：1827143680, 恢复 ：1
当前时间 ：2026-08-19 16:26:34send keng：-1, sheng ：4194304
decode keng：-1, sheng ：2097152
world keng：3, sheng ：1048576

2026-08-19 16:26:39.682 INFO [pool-6-thread-7][:] - /****************流量统计******************/
LastReadBytes:0
LastReadThroughput:0
LastWrittenBytes:0
LastWriteThroughput:0
RealWrittenBytes:0
RealWriteThroughput:0
当前玩家的连接数量:0
当前地图的线程个数：9
当前地图的个数:47
当前数据库执行队列数:0
当前发送队列缓存的对象数量:0
totalMemory：969408512, use ：500899744, free ：468508768DirectMemory：1827143680, 恢复 ：1
当前时间 ：2026-08-19 16:26:39send keng：-1, sheng ：4194304
decode keng：-1, sheng ：2097152
world keng：3, sheng ：1048576

2026-08-19 16:26:44.682 INFO [pool-6-thread-9][:] - /****************流量统计******************/
LastReadBytes:0
LastReadThroughput:0
LastWrittenBytes:0
LastWriteThroughput:0
RealWrittenBytes:0
RealWriteThroughput:0
当前玩家的连接数量:0
当前地图的线程个数：9
当前地图的个数:47
当前数据库执行队列数:0
当前发送队列缓存的对象数量:0
totalMemory：969408512, use ：504108072, free ：465300440DirectMemory：1827143680, 恢复 ：1
当前时间 ：2026-08-19 16:26:44send keng：-1, sheng ：4194304
decode keng：-1, sheng ：2097152
world keng：3, sheng ：1048576

2026-08-19 16:26:49.682 INFO [pool-6-thread-8][:] - /****************流量统计******************/
LastReadBytes:0
LastReadThroughput:0
LastWrittenBytes:0
LastWriteThroughput:0
RealWrittenBytes:0
RealWriteThroughput:0
当前玩家的连接数量:0
当前地图的线程个数：9
当前地图的个数:47
当前数据库执行队列数:0
当前发送队列缓存的对象数量:0
totalMemory：969408512, use ：507546808, free ：461861704DirectMemory：1827143680, 恢复 ：1
当前时间 ：2026-08-19 16:26:49send keng：-1, sheng ：4194304
decode keng：-1, sheng ：2097152
world keng：3, sheng ：1048576

2026-08-19 16:26:54.682 INFO [pool-6-thread-4][:] - /****************流量统计******************/
LastReadBytes:0
LastReadThroughput:0
LastWrittenBytes:0
LastWriteThroughput:0
RealWrittenBytes:0
RealWriteThroughput:0
当前玩家的连接数量:0
当前地图的线程个数：9
当前地图的个数:47
当前数据库执行队列数:0
当前发送队列缓存的对象数量:0
totalMemory：969408512, use ：511568320, free ：457840192DirectMemory：1827143680, 恢复 ：1
当前时间 ：2026-08-19 16:26:54send keng：-1, sheng ：4194304
decode keng：-1, sheng ：2097152
world keng：3, sheng ：1048576

2026-08-19 16:26:59.682 INFO [pool-6-thread-6][:] - /****************流量统计******************/
LastReadBytes:0
LastReadThroughput:0
LastWrittenBytes:0
LastWriteThroughput:0
RealWrittenBytes:0
RealWriteThroughput:0
当前玩家的连接数量:0
当前地图的线程个数：9
当前地图的个数:47
当前数据库执行队列数:0
当前发送队列缓存的对象数量:0
totalMemory：969408512, use ：513797024, free ：455611488DirectMemory：1827143680, 恢复 ：1
当前时间 ：2026-08-19 16:26:59send keng：-1, sheng ：4194304
decode keng：-1, sheng ：2097152
world keng：3, sheng ：1048576

2026-08-19 16:27:04.682 INFO [pool-6-thread-10][:] - /****************流量统计******************/
LastReadBytes:0
LastReadThroughput:0
LastWrittenBytes:0
LastWriteThroughput:0
RealWrittenBytes:0
RealWriteThroughput:0
当前玩家的连接数量:0
当前地图的线程个数：9
当前地图的个数:47
当前数据库执行队列数:0
当前发送队列缓存的对象数量:0
totalMemory：969408512, use ：518795328, free ：450613184DirectMemory：1827143680, 恢复 ：1
当前时间 ：2026-08-19 16:27:04send keng：-1, sheng ：4194304
decode keng：-1, sheng ：2097152
world keng：3, sheng ：1048576

2026-08-19 16:27:09.682 INFO [pool-6-thread-3][:] - /****************流量统计******************/
LastReadBytes:0
LastReadThroughput:0
LastWrittenBytes:0
LastWriteThroughput:0
RealWrittenBytes:0
RealWriteThroughput:0
当前玩家的连接数量:0
当前地图的线程个数：9
当前地图的个数:47
当前数据库执行队列数:0
当前发送队列缓存的对象数量:0
totalMemory：969408512, use ：520088928, free ：449319584DirectMemory：1827143680, 恢复 ：1
当前时间 ：2026-08-19 16:27:09send keng：-1, sheng ：4194304
decode keng：-1, sheng ：2097152
world keng：3, sheng ：1048576

2026-08-19 16:27:14.682 INFO [pool-6-thread-10][:] - /****************流量统计******************/
LastReadBytes:0
LastReadThroughput:0
LastWrittenBytes:0
LastWriteThroughput:0
RealWrittenBytes:0
RealWriteThroughput:0
当前玩家的连接数量:0
当前地图的线程个数：9
当前地图的个数:47
当前数据库执行队列数:0
当前发送队列缓存的对象数量:0
totalMemory：969408512, use ：525891600, free ：443516912DirectMemory：1827143680, 恢复 ：1
当前时间 ：2026-08-19 16:27:14send keng：-1, sheng ：4194304
decode keng：-1, sheng ：2097152
world keng：3, sheng ：1048576

2026-08-19 16:27:19.682 INFO [pool-6-thread-8][:] - /****************流量统计******************/
LastReadBytes:0
LastReadThroughput:0
LastWrittenBytes:0
LastWriteThroughput:0
RealWrittenBytes:0
RealWriteThroughput:0
当前玩家的连接数量:0
当前地图的线程个数：9
当前地图的个数:47
当前数据库执行队列数:0
当前发送队列缓存的对象数量:0
totalMemory：969408512, use ：528170936, free ：441237576DirectMemory：1827143680, 恢复 ：1
当前时间 ：2026-08-19 16:27:19send keng：-1, sheng ：4194304
decode keng：-1, sheng ：2097152
world keng：3, sheng ：1048576

2026-08-19 16:27:24.693 INFO [pool-6-thread-10][:] - /****************流量统计******************/
LastReadBytes:0
LastReadThroughput:0
LastWrittenBytes:0
LastWriteThroughput:0
RealWrittenBytes:0
RealWriteThroughput:0
当前玩家的连接数量:0
当前地图的线程个数：9
当前地图的个数:47
当前数据库执行队列数:0
当前发送队列缓存的对象数量:0
totalMemory：969408512, use ：532514040, free ：436894472DirectMemory：1827143680, 恢复 ：1
当前时间 ：2026-08-19 16:27:24send keng：-1, sheng ：4194304
decode keng：-1, sheng ：2097152
world keng：3, sheng ：1048576

2026-08-19 16:27:29.682 INFO [pool-6-thread-10][:] - /****************流量统计******************/
LastReadBytes:0
LastReadThroughput:0
LastWrittenBytes:0
LastWriteThroughput:0
RealWrittenBytes:0
RealWriteThroughput:0
当前玩家的连接数量:0
当前地图的线程个数：9
当前地图的个数:47
当前数据库执行队列数:0
当前发送队列缓存的对象数量:0
totalMemory：969408512, use ：535385376, free ：434023136DirectMemory：1827143680, 恢复 ：1
当前时间 ：2026-08-19 16:27:29send keng：-1, sheng ：4194304
decode keng：-1, sheng ：2097152
world keng：3, sheng ：1048576

2026-08-19 16:27:34.682 INFO [pool-6-thread-9][:] - /****************流量统计******************/
LastReadBytes:0
LastReadThroughput:0
LastWrittenBytes:0
LastWriteThroughput:0
RealWrittenBytes:0
RealWriteThroughput:0
当前玩家的连接数量:0
当前地图的线程个数：9
当前地图的个数:47
当前数据库执行队列数:0
当前发送队列缓存的对象数量:0
totalMemory：969408512, use ：539168064, free ：430240448DirectMemory：1827143680, 恢复 ：1
当前时间 ：2026-08-19 16:27:34send keng：-1, sheng ：4194304
decode keng：-1, sheng ：2097152
world keng：3, sheng ：1048576

2026-08-19 16:27:39.682 INFO [pool-6-thread-9][:] - /****************流量统计******************/
LastReadBytes:0
LastReadThroughput:0
LastWrittenBytes:0
LastWriteThroughput:0
RealWrittenBytes:0
RealWriteThroughput:0
当前玩家的连接数量:0
当前地图的线程个数：9
当前地图的个数:47
当前数据库执行队列数:0
当前发送队列缓存的对象数量:0
totalMemory：969408512, use ：542983800, free ：426424712DirectMemory：1827143680, 恢复 ：1
当前时间 ：2026-08-19 16:27:39send keng：-1, sheng ：4194304
decode keng：-1, sheng ：2097152
world keng：3, sheng ：1048576

2026-08-19 16:27:44.682 INFO [pool-6-thread-10][:] - /****************流量统计******************/
LastReadBytes:0
LastReadThroughput:0
LastWrittenBytes:0
LastWriteThroughput:0
RealWrittenBytes:0
RealWriteThroughput:0
当前玩家的连接数量:0
当前地图的线程个数：9
当前地图的个数:47
当前数据库执行队列数:0
当前发送队列缓存的对象数量:0
totalMemory：969408512, use ：545851872, free ：423556640DirectMemory：1827143680, 恢复 ：1
当前时间 ：2026-08-19 16:27:44send keng：-1, sheng ：4194304
decode keng：-1, sheng ：2097152
world keng：3, sheng ：1048576

2026-08-19 16:27:49.682 INFO [pool-6-thread-6][:] - /****************流量统计******************/
LastReadBytes:0
LastReadThroughput:0
LastWrittenBytes:0
LastWriteThroughput:0
RealWrittenBytes:0
RealWriteThroughput:0
当前玩家的连接数量:0
当前地图的线程个数：9
当前地图的个数:47
当前数据库执行队列数:0
当前发送队列缓存的对象数量:0
totalMemory：969408512, use ：549717432, free ：419691080DirectMemory：1827143680, 恢复 ：1
当前时间 ：2026-08-19 16:27:49send keng：-1, sheng ：4194304
decode keng：-1, sheng ：2097152
world keng：3, sheng ：1048576

2026-08-19 16:27:54.682 INFO [pool-6-thread-7][:] - /****************流量统计******************/
LastReadBytes:0
LastReadThroughput:0
LastWrittenBytes:0
LastWriteThroughput:0
RealWrittenBytes:0
RealWriteThroughput:0
当前玩家的连接数量:0
当前地图的线程个数：9
当前地图的个数:47
当前数据库执行队列数:0
当前发送队列缓存的对象数量:0
totalMemory：969408512, use ：552924704, free ：416483808DirectMemory：1827143680, 恢复 ：1
当前时间 ：2026-08-19 16:27:54send keng：-1, sheng ：4194304
decode keng：-1, sheng ：2097152
world keng：3, sheng ：1048576

2026-08-19 16:27:59.682 INFO [pool-6-thread-5][:] - /****************流量统计******************/
LastReadBytes:0
LastReadThroughput:0
LastWrittenBytes:0
LastWriteThroughput:0
RealWrittenBytes:0
RealWriteThroughput:0
当前玩家的连接数量:0
当前地图的线程个数：9
当前地图的个数:47
当前数据库执行队列数:0
当前发送队列缓存的对象数量:0
totalMemory：969408512, use ：557302552, free ：412105960DirectMemory：1827143680, 恢复 ：1
当前时间 ：2026-08-19 16:27:59send keng：-1, sheng ：4194304
decode keng：-1, sheng ：2097152
world keng：3, sheng ：1048576

2026-08-19 16:28:04.682 INFO [pool-6-thread-6][:] - /****************流量统计******************/
LastReadBytes:0
LastReadThroughput:0
LastWrittenBytes:0
LastWriteThroughput:0
RealWrittenBytes:0
RealWriteThroughput:0
当前玩家的连接数量:0
当前地图的线程个数：9
当前地图的个数:47
当前数据库执行队列数:0
当前发送队列缓存的对象数量:0
totalMemory：969408512, use ：559637680, free ：409770832DirectMemory：1827143680, 恢复 ：1
当前时间 ：2026-08-19 16:28:04send keng：-1, sheng ：4194304
decode keng：-1, sheng ：2097152
world keng：3, sheng ：1048576

2026-08-19 16:28:09.683 INFO [pool-6-thread-4][:] - /****************流量统计******************/
LastReadBytes:0
LastReadThroughput:0
LastWrittenBytes:0
LastWriteThroughput:0
RealWrittenBytes:0
RealWriteThroughput:0
当前玩家的连接数量:0
当前地图的线程个数：9
当前地图的个数:47
当前数据库执行队列数:0
当前发送队列缓存的对象数量:0
totalMemory：969408512, use ：564092064, free ：405316448DirectMemory：1827143680, 恢复 ：1
当前时间 ：2026-08-19 16:28:09send keng：-1, sheng ：4194304
decode keng：-1, sheng ：2097152
world keng：3, sheng ：1048576

2026-08-19 16:28:14.682 INFO [pool-6-thread-6][:] - /****************流量统计******************/
LastReadBytes:0
LastReadThroughput:0
LastWrittenBytes:0
LastWriteThroughput:0
RealWrittenBytes:0
RealWriteThroughput:0
当前玩家的连接数量:0
当前地图的线程个数：9
当前地图的个数:47
当前数据库执行队列数:0
当前发送队列缓存的对象数量:0
totalMemory：969408512, use ：566303264, free ：403105248DirectMemory：1827143680, 恢复 ：1
当前时间 ：2026-08-19 16:28:14send keng：-1, sheng ：4194304
decode keng：-1, sheng ：2097152
world keng：3, sheng ：1048576

2026-08-19 16:28:19.682 INFO [pool-6-thread-5][:] - /****************流量统计******************/
LastReadBytes:0
LastReadThroughput:0
LastWrittenBytes:0
LastWriteThroughput:0
RealWrittenBytes:0
RealWriteThroughput:0
当前玩家的连接数量:0
当前地图的线程个数：9
当前地图的个数:47
当前数据库执行队列数:0
当前发送队列缓存的对象数量:0
totalMemory：969408512, use ：571198832, free ：398209680DirectMemory：1827143680, 恢复 ：1
当前时间 ：2026-08-19 16:28:19send keng：-1, sheng ：4194304
decode keng：-1, sheng ：2097152
world keng：3, sheng ：1048576

2026-08-19 16:28:24.682 INFO [pool-6-thread-3][:] - /****************流量统计******************/
LastReadBytes:0
LastReadThroughput:0
LastWrittenBytes:0
LastWriteThroughput:0
RealWrittenBytes:0
RealWriteThroughput:0
当前玩家的连接数量:0
当前地图的线程个数：9
当前地图的个数:47
当前数据库执行队列数:0
当前发送队列缓存的对象数量:0
totalMemory：969408512, use ：573016120, free ：396392392DirectMemory：1827143680, 恢复 ：1
当前时间 ：2026-08-19 16:28:24send keng：-1, sheng ：4194304
decode keng：-1, sheng ：2097152
world keng：3, sheng ：1048576

2026-08-19 16:28:29.682 INFO [pool-6-thread-7][:] - /****************流量统计******************/
LastReadBytes:0
LastReadThroughput:0
LastWrittenBytes:0
LastWriteThroughput:0
RealWrittenBytes:0
RealWriteThroughput:0
当前玩家的连接数量:0
当前地图的线程个数：9
当前地图的个数:47
当前数据库执行队列数:0
当前发送队列缓存的对象数量:0
totalMemory：969408512, use ：578331544, free ：391076968DirectMemory：1827143680, 恢复 ：1
当前时间 ：2026-08-19 16:28:29send keng：-1, sheng ：4194304
decode keng：-1, sheng ：2097152
world keng：3, sheng ：1048576

2026-08-19 16:28:34.682 INFO [pool-6-thread-6][:] - /****************流量统计******************/
LastReadBytes:0
LastReadThroughput:0
LastWrittenBytes:0
LastWriteThroughput:0
RealWrittenBytes:0
RealWriteThroughput:0
当前玩家的连接数量:0
当前地图的线程个数：9
当前地图的个数:47
当前数据库执行队列数:0
当前发送队列缓存的对象数量:0
totalMemory：969408512, use ：579625384, free ：389783128DirectMemory：1827143680, 恢复 ：1
当前时间 ：2026-08-19 16:28:34send keng：-1, sheng ：4194304
decode keng：-1, sheng ：2097152
world keng：3, sheng ：1048576

2026-08-19 16:28:39.682 INFO [pool-6-thread-4][:] - /****************流量统计******************/
LastReadBytes:0
LastReadThroughput:0
LastWrittenBytes:0
LastWriteThroughput:0
RealWrittenBytes:0
RealWriteThroughput:0
当前玩家的连接数量:0
当前地图的线程个数：9
当前地图的个数:47
当前数据库执行队列数:0
当前发送队列缓存的对象数量:0
totalMemory：969408512, use ：585414624, free ：383993888DirectMemory：1827143680, 恢复 ：1
当前时间 ：2026-08-19 16:28:39send keng：-1, sheng ：4194304
decode keng：-1, sheng ：2097152
world keng：3, sheng ：1048576

2026-08-19 16:28:44.682 INFO [pool-6-thread-2][:] - /****************流量统计******************/
LastReadBytes:0
LastReadThroughput:0
LastWrittenBytes:0
LastWriteThroughput:0
RealWrittenBytes:0
RealWriteThroughput:0
当前玩家的连接数量:0
当前地图的线程个数：9
当前地图的个数:47
当前数据库执行队列数:0
当前发送队列缓存的对象数量:0
totalMemory：969408512, use ：586770936, free ：382637576DirectMemory：1827143680, 恢复 ：1
当前时间 ：2026-08-19 16:28:44send keng：-1, sheng ：4194304
decode keng：-1, sheng ：2097152
world keng：3, sheng ：1048576

2026-08-19 16:28:49.682 INFO [pool-6-thread-6][:] - /****************流量统计******************/
LastReadBytes:0
LastReadThroughput:0
LastWrittenBytes:0
LastWriteThroughput:0
RealWrittenBytes:0
RealWriteThroughput:0
当前玩家的连接数量:0
当前地图的线程个数：9
当前地图的个数:47
当前数据库执行队列数:0
当前发送队列缓存的对象数量:0
totalMemory：969408512, use ：591646528, free ：377761984DirectMemory：1827143680, 恢复 ：1
当前时间 ：2026-08-19 16:28:49send keng：-1, sheng ：4194304
decode keng：-1, sheng ：2097152
world keng：3, sheng ：1048576

2026-08-19 16:28:54.682 INFO [pool-6-thread-3][:] - /****************流量统计******************/
LastReadBytes:0
LastReadThroughput:0
LastWrittenBytes:0
LastWriteThroughput:0
RealWrittenBytes:0
RealWriteThroughput:0
当前玩家的连接数量:0
当前地图的线程个数：9
当前地图的个数:47
当前数据库执行队列数:0
当前发送队列缓存的对象数量:0
totalMemory：969408512, use ：594409944, free ：374998568DirectMemory：1827143680, 恢复 ：1
当前时间 ：2026-08-19 16:28:54send keng：-1, sheng ：4194304
decode keng：-1, sheng ：2097152
world keng：3, sheng ：1048576

2026-08-19 16:28:59.682 INFO [pool-6-thread-4][:] - /****************流量统计******************/
LastReadBytes:0
LastReadThroughput:0
LastWrittenBytes:0
LastWriteThroughput:0
RealWrittenBytes:0
RealWriteThroughput:0
当前玩家的连接数量:0
当前地图的线程个数：9
当前地图的个数:47
当前数据库执行队列数:0
当前发送队列缓存的对象数量:0
totalMemory：969408512, use ：597827112, free ：371581400DirectMemory：1827143680, 恢复 ：1
当前时间 ：2026-08-19 16:28:59send keng：-1, sheng ：4194304
decode keng：-1, sheng ：2097152
world keng：3, sheng ：1048576

2026-08-19 16:29:04.682 INFO [pool-6-thread-3][:] - /****************流量统计******************/
LastReadBytes:0
LastReadThroughput:0
LastWrittenBytes:0
LastWriteThroughput:0
RealWrittenBytes:0
RealWriteThroughput:0
当前玩家的连接数量:0
当前地图的线程个数：9
当前地图的个数:47
当前数据库执行队列数:0
当前发送队列缓存的对象数量:0
totalMemory：969408512, use ：602708272, free ：366700240DirectMemory：1827143680, 恢复 ：1
当前时间 ：2026-08-19 16:29:04send keng：-1, sheng ：4194304
decode keng：-1, sheng ：2097152
world keng：3, sheng ：1048576

2026-08-19 16:29:09.682 INFO [pool-6-thread-8][:] - /****************流量统计******************/
LastReadBytes:0
LastReadThroughput:0
LastWrittenBytes:0
LastWriteThroughput:0
RealWrittenBytes:0
RealWriteThroughput:0
当前玩家的连接数量:0
当前地图的线程个数：9
当前地图的个数:47
当前数据库执行队列数:0
当前发送队列缓存的对象数量:0
totalMemory：969408512, use ：604595360, free ：364813152DirectMemory：1827143680, 恢复 ：1
当前时间 ：2026-08-19 16:29:09send keng：-1, sheng ：4194304
decode keng：-1, sheng ：2097152
world keng：3, sheng ：1048576

2026-08-19 16:29:14.682 INFO [pool-6-thread-5][:] - /****************流量统计******************/
LastReadBytes:0
LastReadThroughput:0
LastWrittenBytes:0
LastWriteThroughput:0
RealWrittenBytes:0
RealWriteThroughput:0
当前玩家的连接数量:0
当前地图的线程个数：9
当前地图的个数:47
当前数据库执行队列数:0
当前发送队列缓存的对象数量:0
totalMemory：969408512, use ：610119064, free ：359289448DirectMemory：1827143680, 恢复 ：1
当前时间 ：2026-08-19 16:29:14send keng：-1, sheng ：4194304
decode keng：-1, sheng ：2097152
world keng：3, sheng ：1048576

2026-08-19 16:29:19.682 INFO [pool-6-thread-8][:] - /****************流量统计******************/
LastReadBytes:0
LastReadThroughput:0
LastWrittenBytes:0
LastWriteThroughput:0
RealWrittenBytes:0
RealWriteThroughput:0
当前玩家的连接数量:0
当前地图的线程个数：9
当前地图的个数:47
当前数据库执行队列数:0
当前发送队列缓存的对象数量:0
totalMemory：969408512, use ：612584520, free ：356823992DirectMemory：1827143680, 恢复 ：1
当前时间 ：2026-08-19 16:29:19send keng：-1, sheng ：4194304
decode keng：-1, sheng ：2097152
world keng：3, sheng ：1048576

2026-08-19 16:29:24.682 INFO [pool-6-thread-10][:] - /****************流量统计******************/
LastReadBytes:0
LastReadThroughput:0
LastWrittenBytes:0
LastWriteThroughput:0
RealWrittenBytes:0
RealWriteThroughput:0
当前玩家的连接数量:0
当前地图的线程个数：9
当前地图的个数:47
当前数据库执行队列数:0
当前发送队列缓存的对象数量:0
totalMemory：969408512, use ：616878248, free ：352530264DirectMemory：1827143680, 恢复 ：1
当前时间 ：2026-08-19 16:29:24send keng：-1, sheng ：4194304
decode keng：-1, sheng ：2097152
world keng：3, sheng ：1048576

2026-08-19 16:29:29.682 INFO [pool-6-thread-1][:] - /****************流量统计******************/
LastReadBytes:0
LastReadThroughput:0
LastWrittenBytes:0
LastWriteThroughput:0
RealWrittenBytes:0
RealWriteThroughput:0
当前玩家的连接数量:0
当前地图的线程个数：9
当前地图的个数:47
当前数据库执行队列数:0
当前发送队列缓存的对象数量:0
totalMemory：969408512, use ：619220384, free ：350188128DirectMemory：1827143680, 恢复 ：1
当前时间 ：2026-08-19 16:29:29send keng：-1, sheng ：4194304
decode keng：-1, sheng ：2097152
world keng：3, sheng ：1048576

2026-08-19 16:29:34.682 INFO [pool-6-thread-2][:] - /****************流量统计******************/
LastReadBytes:0
LastReadThroughput:0
LastWrittenBytes:0
LastWriteThroughput:0
RealWrittenBytes:0
RealWriteThroughput:0
当前玩家的连接数量:0
当前地图的线程个数：9
当前地图的个数:47
当前数据库执行队列数:0
当前发送队列缓存的对象数量:0
totalMemory：969408512, use ：623559984, free ：345848528DirectMemory：1827143680, 恢复 ：1
当前时间 ：2026-08-19 16:29:34send keng：-1, sheng ：4194304
decode keng：-1, sheng ：2097152
world keng：3, sheng ：1048576

2026-08-19 16:29:39.682 INFO [pool-6-thread-9][:] - /****************流量统计******************/
LastReadBytes:0
LastReadThroughput:0
LastWrittenBytes:0
LastWriteThroughput:0
RealWrittenBytes:0
RealWriteThroughput:0
当前玩家的连接数量:0
当前地图的线程个数：9
当前地图的个数:47
当前数据库执行队列数:0
当前发送队列缓存的对象数量:0
totalMemory：969408512, use ：626314728, free ：343093784DirectMemory：1827143680, 恢复 ：1
当前时间 ：2026-08-19 16:29:39send keng：-1, sheng ：4194304
decode keng：-1, sheng ：2097152
world keng：3, sheng ：1048576

2026-08-19 16:29:44.682 INFO [pool-6-thread-3][:] - /****************流量统计******************/
LastReadBytes:0
LastReadThroughput:0
LastWrittenBytes:0
LastWriteThroughput:0
RealWrittenBytes:0
RealWriteThroughput:0
当前玩家的连接数量:0
当前地图的线程个数：9
当前地图的个数:47
当前数据库执行队列数:0
当前发送队列缓存的对象数量:0
totalMemory：969408512, use ：630673776, free ：338734736DirectMemory：1827143680, 恢复 ：1
当前时间 ：2026-08-19 16:29:44send keng：-1, sheng ：4194304
decode keng：-1, sheng ：2097152
world keng：3, sheng ：1048576

2026-08-19 16:29:49.682 INFO [pool-6-thread-10][:] - /****************流量统计******************/
LastReadBytes:0
LastReadThroughput:0
LastWrittenBytes:0
LastWriteThroughput:0
RealWrittenBytes:0
RealWriteThroughput:0
当前玩家的连接数量:0
当前地图的线程个数：9
当前地图的个数:47
当前数据库执行队列数:0
当前发送队列缓存的对象数量:0
totalMemory：969408512, use ：632543048, free ：336865464DirectMemory：1827143680, 恢复 ：1
当前时间 ：2026-08-19 16:29:49send keng：-1, sheng ：4194304
decode keng：-1, sheng ：2097152
world keng：3, sheng ：1048576

2026-08-19 16:29:54.682 INFO [pool-6-thread-9][:] - /****************流量统计******************/
LastReadBytes:0
LastReadThroughput:0
LastWrittenBytes:0
LastWriteThroughput:0
RealWrittenBytes:0
RealWriteThroughput:0
当前玩家的连接数量:0
当前地图的线程个数：9
当前地图的个数:47
当前数据库执行队列数:0
当前发送队列缓存的对象数量:0
totalMemory：969408512, use ：637783840, free ：331624672DirectMemory：1827143680, 恢复 ：1
当前时间 ：2026-08-19 16:29:54send keng：-1, sheng ：4194304
decode keng：-1, sheng ：2097152
world keng：3, sheng ：1048576

2026-08-19 16:29:59.682 INFO [pool-6-thread-5][:] - /****************流量统计******************/
LastReadBytes:0
LastReadThroughput:0
LastWrittenBytes:0
LastWriteThroughput:0
RealWrittenBytes:0
RealWriteThroughput:0
当前玩家的连接数量:0
当前地图的线程个数：9
当前地图的个数:47
当前数据库执行队列数:0
当前发送队列缓存的对象数量:0
totalMemory：969408512, use ：640492992, free ：328915520DirectMemory：1827143680, 恢复 ：1
当前时间 ：2026-08-19 16:29:59send keng：-1, sheng ：4194304
decode keng：-1, sheng ：2097152
world keng：3, sheng ：1048576

2026-08-19 16:30:04.682 INFO [pool-6-thread-2][:] - /****************流量统计******************/
LastReadBytes:0
LastReadThroughput:0
LastWrittenBytes:0
LastWriteThroughput:0
RealWrittenBytes:0
RealWriteThroughput:0
当前玩家的连接数量:0
当前地图的线程个数：9
当前地图的个数:47
当前数据库执行队列数:0
当前发送队列缓存的对象数量:0
totalMemory：969408512, use ：644595912, free ：324812600DirectMemory：1827143680, 恢复 ：1
当前时间 ：2026-08-19 16:30:04send keng：-1, sheng ：4194304
decode keng：-1, sheng ：2097152
world keng：3, sheng ：1048576

2026-08-19 16:30:09.682 INFO [pool-6-thread-9][:] - /****************流量统计******************/
LastReadBytes:0
LastReadThroughput:0
LastWrittenBytes:0
LastWriteThroughput:0
RealWrittenBytes:0
RealWriteThroughput:0
当前玩家的连接数量:0
当前地图的线程个数：9
当前地图的个数:47
当前数据库执行队列数:0
当前发送队列缓存的对象数量:0
totalMemory：969408512, use ：646793176, free ：322615336DirectMemory：1827143680, 恢复 ：1
当前时间 ：2026-08-19 16:30:09send keng：-1, sheng ：4194304
decode keng：-1, sheng ：2097152
world keng：3, sheng ：1048576

2026-08-19 16:30:14.682 INFO [pool-6-thread-6][:] - /****************流量统计******************/
LastReadBytes:0
LastReadThroughput:0
LastWrittenBytes:0
LastWriteThroughput:0
RealWrittenBytes:0
RealWriteThroughput:0
当前玩家的连接数量:0
当前地图的线程个数：9
当前地图的个数:47
当前数据库执行队列数:0
当前发送队列缓存的对象数量:0
totalMemory：969408512, use ：651692464, free ：317716048DirectMemory：1827143680, 恢复 ：1
当前时间 ：2026-08-19 16:30:14send keng：-1, sheng ：4194304
decode keng：-1, sheng ：2097152
world keng：3, sheng ：1048576

2026-08-19 16:30:19.682 INFO [pool-6-thread-3][:] - /****************流量统计******************/
LastReadBytes:0
LastReadThroughput:0
LastWrittenBytes:0
LastWriteThroughput:0
RealWrittenBytes:0
RealWriteThroughput:0
当前玩家的连接数量:0
当前地图的线程个数：9
当前地图的个数:47
当前数据库执行队列数:0
当前发送队列缓存的对象数量:0
totalMemory：969408512, use ：653180856, free ：316227656DirectMemory：1827143680, 恢复 ：1
当前时间 ：2026-08-19 16:30:19send keng：-1, sheng ：4194304
decode keng：-1, sheng ：2097152
world keng：3, sheng ：1048576

2026-08-19 16:30:24.682 INFO [pool-6-thread-9][:] - /****************流量统计******************/
LastReadBytes:0
LastReadThroughput:0
LastWrittenBytes:0
LastWriteThroughput:0
RealWrittenBytes:0
RealWriteThroughput:0
当前玩家的连接数量:0
当前地图的线程个数：9
当前地图的个数:47
当前数据库执行队列数:0
当前发送队列缓存的对象数量:0
totalMemory：969408512, use ：658346584, free ：311061928DirectMemory：1827143680, 恢复 ：1
当前时间 ：2026-08-19 16:30:24send keng：-1, sheng ：4194304
decode keng：-1, sheng ：2097152
world keng：3, sheng ：1048576

2026-08-19 16:30:29.682 INFO [pool-6-thread-6][:] - /****************流量统计******************/
LastReadBytes:0
LastReadThroughput:0
LastWrittenBytes:0
LastWriteThroughput:0
RealWrittenBytes:0
RealWriteThroughput:0
当前玩家的连接数量:0
当前地图的线程个数：9
当前地图的个数:47
当前数据库执行队列数:0
当前发送队列缓存的对象数量:0
totalMemory：969408512, use ：661705984, free ：307702528DirectMemory：1827143680, 恢复 ：1
当前时间 ：2026-08-19 16:30:29send keng：-1, sheng ：4194304
decode keng：-1, sheng ：2097152
world keng：3, sheng ：1048576

2026-08-19 16:30:34.682 INFO [pool-6-thread-5][:] - /****************流量统计******************/
LastReadBytes:0
LastReadThroughput:0
LastWrittenBytes:0
LastWriteThroughput:0
RealWrittenBytes:0
RealWriteThroughput:0
当前玩家的连接数量:0
当前地图的线程个数：9
当前地图的个数:47
当前数据库执行队列数:0
当前发送队列缓存的对象数量:0
totalMemory：969408512, use ：665414888, free ：303993624DirectMemory：1827143680, 恢复 ：1
当前时间 ：2026-08-19 16:30:34send keng：-1, sheng ：4194304
decode keng：-1, sheng ：2097152
world keng：3, sheng ：1048576

2026-08-19 16:30:39.682 INFO [pool-6-thread-5][:] - /****************流量统计******************/
LastReadBytes:0
LastReadThroughput:0
LastWrittenBytes:0
LastWriteThroughput:0
RealWrittenBytes:0
RealWriteThroughput:0
当前玩家的连接数量:0
当前地图的线程个数：9
当前地图的个数:47
当前数据库执行队列数:0
当前发送队列缓存的对象数量:0
totalMemory：969408512, use ：668723168, free ：300685344DirectMemory：1827143680, 恢复 ：1
当前时间 ：2026-08-19 16:30:39send keng：-1, sheng ：4194304
decode keng：-1, sheng ：2097152
world keng：3, sheng ：1048576

2026-08-19 16:30:44.682 INFO [pool-6-thread-4][:] - /****************流量统计******************/
LastReadBytes:0
LastReadThroughput:0
LastWrittenBytes:0
LastWriteThroughput:0
RealWrittenBytes:0
RealWriteThroughput:0
当前玩家的连接数量:0
当前地图的线程个数：9
当前地图的个数:47
当前数据库执行队列数:0
当前发送队列缓存的对象数量:0
totalMemory：969408512, use ：672073888, free ：297334624DirectMemory：1827143680, 恢复 ：1
当前时间 ：2026-08-19 16:30:44send keng：-1, sheng ：4194304
decode keng：-1, sheng ：2097152
world keng：3, sheng ：1048576

2026-08-19 16:30:49.682 INFO [pool-6-thread-3][:] - /****************流量统计******************/
LastReadBytes:0
LastReadThroughput:0
LastWrittenBytes:0
LastWriteThroughput:0
RealWrittenBytes:0
RealWriteThroughput:0
当前玩家的连接数量:0
当前地图的线程个数：9
当前地图的个数:47
当前数据库执行队列数:0
当前发送队列缓存的对象数量:0
totalMemory：969408512, use ：675865904, free ：293542608DirectMemory：1827143680, 恢复 ：1
当前时间 ：2026-08-19 16:30:49send keng：-1, sheng ：4194304
decode keng：-1, sheng ：2097152
world keng：3, sheng ：1048576

2026-08-19 16:30:54.684 INFO [pool-6-thread-8][:] - /****************流量统计******************/
LastReadBytes:0
LastReadThroughput:0
LastWrittenBytes:0
LastWriteThroughput:0
RealWrittenBytes:0
RealWriteThroughput:0
当前玩家的连接数量:0
当前地图的线程个数：9
当前地图的个数:47
当前数据库执行队列数:0
当前发送队列缓存的对象数量:0
totalMemory：969408512, use ：679146536, free ：290261976DirectMemory：1827143680, 恢复 ：1
当前时间 ：2026-08-19 16:30:54send keng：-1, sheng ：4194304
decode keng：-1, sheng ：2097152
world keng：3, sheng ：1048576

2026-08-19 16:30:59.682 INFO [pool-6-thread-8][:] - /****************流量统计******************/
LastReadBytes:0
LastReadThroughput:0
LastWrittenBytes:0
LastWriteThroughput:0
RealWrittenBytes:0
RealWriteThroughput:0
当前玩家的连接数量:0
当前地图的线程个数：9
当前地图的个数:47
当前数据库执行队列数:0
当前发送队列缓存的对象数量:0
totalMemory：969408512, use ：683424864, free ：285983648DirectMemory：1827143680, 恢复 ：1
当前时间 ：2026-08-19 16:30:59send keng：-1, sheng ：4194304
decode keng：-1, sheng ：2097152
world keng：3, sheng ：1048576

2026-08-19 16:31:04.682 INFO [pool-6-thread-1][:] - /****************流量统计******************/
LastReadBytes:0
LastReadThroughput:0
LastWrittenBytes:0
LastWriteThroughput:0
RealWrittenBytes:0
RealWriteThroughput:0
当前玩家的连接数量:0
当前地图的线程个数：9
当前地图的个数:47
当前数据库执行队列数:0
当前发送队列缓存的对象数量:0
totalMemory：969408512, use ：685452072, free ：283956440DirectMemory：1827143680, 恢复 ：1
当前时间 ：2026-08-19 16:31:04send keng：-1, sheng ：4194304
decode keng：-1, sheng ：2097152
world keng：3, sheng ：1048576

2026-08-19 16:31:09.682 INFO [pool-6-thread-9][:] - /****************流量统计******************/
LastReadBytes:0
LastReadThroughput:0
LastWrittenBytes:0
LastWriteThroughput:0
RealWrittenBytes:0
RealWriteThroughput:0
当前玩家的连接数量:0
当前地图的线程个数：9
当前地图的个数:47
当前数据库执行队列数:0
当前发送队列缓存的对象数量:0
totalMemory：969408512, use ：689811632, free ：279596880DirectMemory：1827143680, 恢复 ：1
当前时间 ：2026-08-19 16:31:09send keng：-1, sheng ：4194304
decode keng：-1, sheng ：2097152
world keng：3, sheng ：1048576

2026-08-19 16:31:14.682 INFO [pool-6-thread-3][:] - /****************流量统计******************/
LastReadBytes:0
LastReadThroughput:0
LastWrittenBytes:0
LastWriteThroughput:0
RealWrittenBytes:0
RealWriteThroughput:0
当前玩家的连接数量:0
当前地图的线程个数：9
当前地图的个数:47
当前数据库执行队列数:0
当前发送队列缓存的对象数量:0
totalMemory：969408512, use ：693425160, free ：275983352DirectMemory：1827143680, 恢复 ：1
当前时间 ：2026-08-19 16:31:14send keng：-1, sheng ：4194304
decode keng：-1, sheng ：2097152
world keng：3, sheng ：1048576

2026-08-19 16:31:19.682 INFO [pool-6-thread-8][:] - /****************流量统计******************/
LastReadBytes:0
LastReadThroughput:0
LastWrittenBytes:0
LastWriteThroughput:0
RealWrittenBytes:0
RealWriteThroughput:0
当前玩家的连接数量:0
当前地图的线程个数：9
当前地图的个数:47
当前数据库执行队列数:0
当前发送队列缓存的对象数量:0
totalMemory：969408512, use ：696518480, free ：272890032DirectMemory：1827143680, 恢复 ：1
当前时间 ：2026-08-19 16:31:19send keng：-1, sheng ：4194304
decode keng：-1, sheng ：2097152
world keng：3, sheng ：1048576

2026-08-19 16:31:24.682 INFO [pool-6-thread-9][:] - /****************流量统计******************/
LastReadBytes:0
LastReadThroughput:0
LastWrittenBytes:0
LastWriteThroughput:0
RealWrittenBytes:0
RealWriteThroughput:0
当前玩家的连接数量:0
当前地图的线程个数：9
当前地图的个数:47
当前数据库执行队列数:0
当前发送队列缓存的对象数量:0
totalMemory：969408512, use ：700579096, free ：268829416DirectMemory：1827143680, 恢复 ：1
当前时间 ：2026-08-19 16:31:24send keng：-1, sheng ：4194304
decode keng：-1, sheng ：2097152
world keng：3, sheng ：1048576

2026-08-19 16:31:29.682 INFO [pool-6-thread-6][:] - /****************流量统计******************/
LastReadBytes:0
LastReadThroughput:0
LastWrittenBytes:0
LastWriteThroughput:0
RealWrittenBytes:0
RealWriteThroughput:0
当前玩家的连接数量:0
当前地图的线程个数：9
当前地图的个数:47
当前数据库执行队列数:0
当前发送队列缓存的对象数量:0
totalMemory：969408512, use ：703623696, free ：265784816DirectMemory：1827143680, 恢复 ：1
当前时间 ：2026-08-19 16:31:29send keng：-1, sheng ：4194304
decode keng：-1, sheng ：2097152
world keng：3, sheng ：1048576

2026-08-19 16:31:34.682 INFO [pool-6-thread-4][:] - /****************流量统计******************/
LastReadBytes:0
LastReadThroughput:0
LastWrittenBytes:0
LastWriteThroughput:0
RealWrittenBytes:0
RealWriteThroughput:0
当前玩家的连接数量:0
当前地图的线程个数：9
当前地图的个数:47
当前数据库执行队列数:0
当前发送队列缓存的对象数量:0
totalMemory：969408512, use ：707612448, free ：261796064DirectMemory：1827143680, 恢复 ：1
当前时间 ：2026-08-19 16:31:34send keng：-1, sheng ：4194304
decode keng：-1, sheng ：2097152
world keng：3, sheng ：1048576

2026-08-19 16:31:39.682 INFO [pool-6-thread-10][:] - /****************流量统计******************/
LastReadBytes:0
LastReadThroughput:0
LastWrittenBytes:0
LastWriteThroughput:0
RealWrittenBytes:0
RealWriteThroughput:0
当前玩家的连接数量:0
当前地图的线程个数：9
当前地图的个数:47
当前数据库执行队列数:0
当前发送队列缓存的对象数量:0
totalMemory：969408512, use ：710332344, free ：259076168DirectMemory：1827143680, 恢复 ：1
当前时间 ：2026-08-19 16:31:39send keng：-1, sheng ：4194304
decode keng：-1, sheng ：2097152
world keng：3, sheng ：1048576

2026-08-19 16:31:44.682 INFO [pool-6-thread-4][:] - /****************流量统计******************/
LastReadBytes:0
LastReadThroughput:0
LastWrittenBytes:0
LastWriteThroughput:0
RealWrittenBytes:0
RealWriteThroughput:0
当前玩家的连接数量:0
当前地图的线程个数：9
当前地图的个数:47
当前数据库执行队列数:0
当前发送队列缓存的对象数量:0
totalMemory：969408512, use ：713578200, free ：255830312DirectMemory：1827143680, 恢复 ：1
当前时间 ：2026-08-19 16:31:44send keng：-1, sheng ：4194304
decode keng：-1, sheng ：2097152
world keng：3, sheng ：1048576

2026-08-19 16:31:49.682 INFO [pool-6-thread-4][:] - /****************流量统计******************/
LastReadBytes:0
LastReadThroughput:0
LastWrittenBytes:0
LastWriteThroughput:0
RealWrittenBytes:0
RealWriteThroughput:0
当前玩家的连接数量:0
当前地图的线程个数：9
当前地图的个数:47
当前数据库执行队列数:0
当前发送队列缓存的对象数量:0
totalMemory：969408512, use ：719096944, free ：250311568DirectMemory：1827143680, 恢复 ：1
当前时间 ：2026-08-19 16:31:49send keng：-1, sheng ：4194304
decode keng：-1, sheng ：2097152
world keng：3, sheng ：1048576

2026-08-19 16:31:54.682 INFO [pool-6-thread-5][:] - /****************流量统计******************/
LastReadBytes:0
LastReadThroughput:0
LastWrittenBytes:0
LastWriteThroughput:0
RealWrittenBytes:0
RealWriteThroughput:0
当前玩家的连接数量:0
当前地图的线程个数：9
当前地图的个数:47
当前数据库执行队列数:0
当前发送队列缓存的对象数量:0
totalMemory：969408512, use ：722349056, free ：247059456DirectMemory：1827143680, 恢复 ：1
当前时间 ：2026-08-19 16:31:54send keng：-1, sheng ：4194304
decode keng：-1, sheng ：2097152
world keng：3, sheng ：1048576

2026-08-19 16:31:59.682 INFO [pool-6-thread-9][:] - /****************流量统计******************/
LastReadBytes:0
LastReadThroughput:0
LastWrittenBytes:0
LastWriteThroughput:0
RealWrittenBytes:0
RealWriteThroughput:0
当前玩家的连接数量:0
当前地图的线程个数：9
当前地图的个数:47
当前数据库执行队列数:0
当前发送队列缓存的对象数量:0
totalMemory：969408512, use ：725323432, free ：244085080DirectMemory：1827143680, 恢复 ：1
当前时间 ：2026-08-19 16:31:59send keng：-1, sheng ：4194304
decode keng：-1, sheng ：2097152
world keng：3, sheng ：1048576

2026-08-19 16:32:04.682 INFO [pool-6-thread-8][:] - /****************流量统计******************/
LastReadBytes:0
LastReadThroughput:0
LastWrittenBytes:0
LastWriteThroughput:0
RealWrittenBytes:0
RealWriteThroughput:0
当前玩家的连接数量:0
当前地图的线程个数：9
当前地图的个数:47
当前数据库执行队列数:0
当前发送队列缓存的对象数量:0
totalMemory：969408512, use ：729393136, free ：240015376DirectMemory：1827143680, 恢复 ：1
当前时间 ：2026-08-19 16:32:04send keng：-1, sheng ：4194304
decode keng：-1, sheng ：2097152
world keng：3, sheng ：1048576

2026-08-19 16:32:09.682 INFO [pool-6-thread-8][:] - /****************流量统计******************/
LastReadBytes:0
LastReadThroughput:0
LastWrittenBytes:0
LastWriteThroughput:0
RealWrittenBytes:0
RealWriteThroughput:0
当前玩家的连接数量:0
当前地图的线程个数：9
当前地图的个数:47
当前数据库执行队列数:0
当前发送队列缓存的对象数量:0
totalMemory：969932800, use ：400094936, free ：569837864DirectMemory：1827143680, 恢复 ：1
当前时间 ：2026-08-19 16:32:09send keng：-1, sheng ：4194304
decode keng：-1, sheng ：2097152
world keng：3, sheng ：1048576

2026-08-19 16:32:14.682 INFO [pool-6-thread-3][:] - /****************流量统计******************/
LastReadBytes:0
LastReadThroughput:0
LastWrittenBytes:0
LastWriteThroughput:0
RealWrittenBytes:0
RealWriteThroughput:0
当前玩家的连接数量:0
当前地图的线程个数：9
当前地图的个数:47
当前数据库执行队列数:0
当前发送队列缓存的对象数量:0
totalMemory：969932800, use ：401832656, free ：568100144DirectMemory：1827143680, 恢复 ：1
当前时间 ：2026-08-19 16:32:14send keng：-1, sheng ：4194304
decode keng：-1, sheng ：2097152
world keng：3, sheng ：1048576

2026-08-19 16:32:19.682 INFO [pool-6-thread-3][:] - /****************流量统计******************/
LastReadBytes:0
LastReadThroughput:0
LastWrittenBytes:0
LastWriteThroughput:0
RealWrittenBytes:0
RealWriteThroughput:0
当前玩家的连接数量:0
当前地图的线程个数：9
当前地图的个数:47
当前数据库执行队列数:0
当前发送队列缓存的对象数量:0
totalMemory：969932800, use ：406748528, free ：563184272DirectMemory：1827143680, 恢复 ：1
当前时间 ：2026-08-19 16:32:19send keng：-1, sheng ：4194304
decode keng：-1, sheng ：2097152
world keng：3, sheng ：1048576

2026-08-19 16:32:24.682 INFO [pool-6-thread-9][:] - /****************流量统计******************/
LastReadBytes:0
LastReadThroughput:0
LastWrittenBytes:0
LastWriteThroughput:0
RealWrittenBytes:0
RealWriteThroughput:0
当前玩家的连接数量:0
当前地图的线程个数：9
当前地图的个数:47
当前数据库执行队列数:0
当前发送队列缓存的对象数量:0
totalMemory：969932800, use ：408582784, free ：561350016DirectMemory：1827143680, 恢复 ：1
当前时间 ：2026-08-19 16:32:24send keng：-1, sheng ：4194304
decode keng：-1, sheng ：2097152
world keng：3, sheng ：1048576

2026-08-19 16:32:29.682 INFO [pool-6-thread-9][:] - /****************流量统计******************/
LastReadBytes:0
LastReadThroughput:0
LastWrittenBytes:0
LastWriteThroughput:0
RealWrittenBytes:0
RealWriteThroughput:0
当前玩家的连接数量:0
当前地图的线程个数：9
当前地图的个数:47
当前数据库执行队列数:0
当前发送队列缓存的对象数量:0
totalMemory：969932800, use ：413406416, free ：556526384DirectMemory：1827143680, 恢复 ：1
当前时间 ：2026-08-19 16:32:29send keng：-1, sheng ：4194304
decode keng：-1, sheng ：2097152
world keng：3, sheng ：1048576

2026-08-19 16:32:34.682 INFO [pool-6-thread-3][:] - /****************流量统计******************/
LastReadBytes:0
LastReadThroughput:0
LastWrittenBytes:0
LastWriteThroughput:0
RealWrittenBytes:0
RealWriteThroughput:0
当前玩家的连接数量:0
当前地图的线程个数：9
当前地图的个数:47
当前数据库执行队列数:0
当前发送队列缓存的对象数量:0
totalMemory：969932800, use ：418345024, free ：551587776DirectMemory：1827143680, 恢复 ：1
当前时间 ：2026-08-19 16:32:34send keng：-1, sheng ：4194304
decode keng：-1, sheng ：2097152
world keng：3, sheng ：1048576

2026-08-19 16:32:39.682 INFO [pool-6-thread-5][:] - /****************流量统计******************/
LastReadBytes:0
LastReadThroughput:0
LastWrittenBytes:0
LastWriteThroughput:0
RealWrittenBytes:0
RealWriteThroughput:0
当前玩家的连接数量:0
当前地图的线程个数：9
当前地图的个数:47
当前数据库执行队列数:0
当前发送队列缓存的对象数量:0
totalMemory：969932800, use ：420057272, free ：549875528DirectMemory：1827143680, 恢复 ：1
当前时间 ：2026-08-19 16:32:39send keng：-1, sheng ：4194304
decode keng：-1, sheng ：2097152
world keng：3, sheng ：1048576

2026-08-19 16:32:44.682 INFO [pool-6-thread-5][:] - /****************流量统计******************/
LastReadBytes:0
LastReadThroughput:0
LastWrittenBytes:0
LastWriteThroughput:0
RealWrittenBytes:0
RealWriteThroughput:0
当前玩家的连接数量:0
当前地图的线程个数：9
当前地图的个数:47
当前数据库执行队列数:0
当前发送队列缓存的对象数量:0
totalMemory：969932800, use ：425380840, free ：544551960DirectMemory：1827143680, 恢复 ：1
当前时间 ：2026-08-19 16:32:44send keng：-1, sheng ：4194304
decode keng：-1, sheng ：2097152
world keng：3, sheng ：1048576

2026-08-19 16:32:49.682 INFO [pool-6-thread-6][:] - /****************流量统计******************/
LastReadBytes:0
LastReadThroughput:0
LastWrittenBytes:0
LastWriteThroughput:0
RealWrittenBytes:0
RealWriteThroughput:0
当前玩家的连接数量:0
当前地图的线程个数：9
当前地图的个数:47
当前数据库执行队列数:0
当前发送队列缓存的对象数量:0
totalMemory：969932800, use ：427602048, free ：542330752DirectMemory：1827143680, 恢复 ：1
当前时间 ：2026-08-19 16:32:49send keng：-1, sheng ：4194304
decode keng：-1, sheng ：2097152
world keng：3, sheng ：1048576

2026-08-19 16:32:54.682 INFO [pool-6-thread-8][:] - /****************流量统计******************/
LastReadBytes:0
LastReadThroughput:0
LastWrittenBytes:0
LastWriteThroughput:0
RealWrittenBytes:0
RealWriteThroughput:0
当前玩家的连接数量:0
当前地图的线程个数：9
当前地图的个数:47
当前数据库执行队列数:0
当前发送队列缓存的对象数量:0
totalMemory：969932800, use ：431609288, free ：538323512DirectMemory：1827143680, 恢复 ：1
当前时间 ：2026-08-19 16:32:54send keng：-1, sheng ：4194304
decode keng：-1, sheng ：2097152
world keng：3, sheng ：1048576

2026-08-19 16:32:59.682 INFO [pool-6-thread-2][:] - /****************流量统计******************/
LastReadBytes:0
LastReadThroughput:0
LastWrittenBytes:0
LastWriteThroughput:0
RealWrittenBytes:0
RealWriteThroughput:0
当前玩家的连接数量:0
当前地图的线程个数：9
当前地图的个数:47
当前数据库执行队列数:0
当前发送队列缓存的对象数量:0
totalMemory：969932800, use ：434636832, free ：535295968DirectMemory：1827143680, 恢复 ：1
当前时间 ：2026-08-19 16:32:59send keng：-1, sheng ：4194304
decode keng：-1, sheng ：2097152
world keng：3, sheng ：1048576

2026-08-19 16:33:04.682 INFO [pool-6-thread-3][:] - /****************流量统计******************/
LastReadBytes:0
LastReadThroughput:0
LastWrittenBytes:0
LastWriteThroughput:0
RealWrittenBytes:0
RealWriteThroughput:0
当前玩家的连接数量:0
当前地图的线程个数：9
当前地图的个数:47
当前数据库执行队列数:0
当前发送队列缓存的对象数量:0
totalMemory：969932800, use ：439245560, free ：530687240DirectMemory：1827143680, 恢复 ：1
当前时间 ：2026-08-19 16:33:04send keng：-1, sheng ：4194304
decode keng：-1, sheng ：2097152
world keng：3, sheng ：1048576

2026-08-19 16:33:09.682 INFO [pool-6-thread-5][:] - /****************流量统计******************/
LastReadBytes:0
LastReadThroughput:0
LastWrittenBytes:0
LastWriteThroughput:0
RealWrittenBytes:0
RealWriteThroughput:0
当前玩家的连接数量:0
当前地图的线程个数：9
当前地图的个数:47
当前数据库执行队列数:0
当前发送队列缓存的对象数量:0
totalMemory：969932800, use ：440538888, free ：529393912DirectMemory：1827143680, 恢复 ：1
当前时间 ：2026-08-19 16:33:09send keng：-1, sheng ：4194304
decode keng：-1, sheng ：2097152
world keng：3, sheng ：1048576

2026-08-19 16:33:14.682 INFO [pool-6-thread-7][:] - /****************流量统计******************/
LastReadBytes:0
LastReadThroughput:0
LastWrittenBytes:0
LastWriteThroughput:0
RealWrittenBytes:0
RealWriteThroughput:0
当前玩家的连接数量:0
当前地图的线程个数：9
当前地图的个数:47
当前数据库执行队列数:0
当前发送队列缓存的对象数量:0
totalMemory：969932800, use ：446711408, free ：523221392DirectMemory：1827143680, 恢复 ：1
当前时间 ：2026-08-19 16:33:14send keng：-1, sheng ：4194304
decode keng：-1, sheng ：2097152
world keng：3, sheng ：1048576

2026-08-19 16:33:19.682 INFO [pool-6-thread-4][:] - /****************流量统计******************/
LastReadBytes:0
LastReadThroughput:0
LastWrittenBytes:0
LastWriteThroughput:0
RealWrittenBytes:0
RealWriteThroughput:0
当前玩家的连接数量:0
当前地图的线程个数：9
当前地图的个数:47
当前数据库执行队列数:0
当前发送队列缓存的对象数量:0
totalMemory：969932800, use ：447244272, free ：522688528DirectMemory：1827143680, 恢复 ：1
当前时间 ：2026-08-19 16:33:19send keng：-1, sheng ：4194304
decode keng：-1, sheng ：2097152
world keng：3, sheng ：1048576

2026-08-19 16:33:24.682 INFO [pool-6-thread-1][:] - /****************流量统计******************/
LastReadBytes:0
LastReadThroughput:0
LastWrittenBytes:0
LastWriteThroughput:0
RealWrittenBytes:0
RealWriteThroughput:0
当前玩家的连接数量:0
当前地图的线程个数：9
当前地图的个数:47
当前数据库执行队列数:0
当前发送队列缓存的对象数量:0
totalMemory：969932800, use ：453409240, free ：516523560DirectMemory：1827143680, 恢复 ：1
当前时间 ：2026-08-19 16:33:24send keng：-1, sheng ：4194304
decode keng：-1, sheng ：2097152
world keng：3, sheng ：1048576

2026-08-19 16:33:29.682 INFO [pool-6-thread-8][:] - /****************流量统计******************/
LastReadBytes:0
LastReadThroughput:0
LastWrittenBytes:0
LastWriteThroughput:0
RealWrittenBytes:0
RealWriteThroughput:0
当前玩家的连接数量:0
当前地图的线程个数：9
当前地图的个数:47
当前数据库执行队列数:0
当前发送队列缓存的对象数量:0
totalMemory：969932800, use ：455558160, free ：514374640DirectMemory：1827143680, 恢复 ：1
当前时间 ：2026-08-19 16:33:29send keng：-1, sheng ：4194304
decode keng：-1, sheng ：2097152
world keng：3, sheng ：1048576

2026-08-19 16:33:34.682 INFO [pool-6-thread-4][:] - /****************流量统计******************/
LastReadBytes:0
LastReadThroughput:0
LastWrittenBytes:0
LastWriteThroughput:0
RealWrittenBytes:0
RealWriteThroughput:0
当前玩家的连接数量:0
当前地图的线程个数：9
当前地图的个数:47
当前数据库执行队列数:0
当前发送队列缓存的对象数量:0
totalMemory：969932800, use ：460074432, free ：509858368DirectMemory：1827143680, 恢复 ：1
当前时间 ：2026-08-19 16:33:34send keng：-1, sheng ：4194304
decode keng：-1, sheng ：2097152
world keng：3, sheng ：1048576

2026-08-19 16:33:39.682 INFO [pool-6-thread-5][:] - /****************流量统计******************/
LastReadBytes:0
LastReadThroughput:0
LastWrittenBytes:0
LastWriteThroughput:0
RealWrittenBytes:0
RealWriteThroughput:0
当前玩家的连接数量:0
当前地图的线程个数：9
当前地图的个数:47
当前数据库执行队列数:0
当前发送队列缓存的对象数量:0
totalMemory：969932800, use ：461815928, free ：508116872DirectMemory：1827143680, 恢复 ：1
当前时间 ：2026-08-19 16:33:39send keng：-1, sheng ：4194304
decode keng：-1, sheng ：2097152
world keng：3, sheng ：1048576

2026-08-19 16:33:44.682 INFO [pool-6-thread-2][:] - /****************流量统计******************/
LastReadBytes:0
LastReadThroughput:0
LastWrittenBytes:0
LastWriteThroughput:0
RealWrittenBytes:0
RealWriteThroughput:0
当前玩家的连接数量:0
当前地图的线程个数：9
当前地图的个数:47
当前数据库执行队列数:0
当前发送队列缓存的对象数量:0
totalMemory：969932800, use ：467164864, free ：502767936DirectMemory：1827143680, 恢复 ：1
当前时间 ：2026-08-19 16:33:44send keng：-1, sheng ：4194304
decode keng：-1, sheng ：2097152
world keng：3, sheng ：1048576

2026-08-19 16:33:49.682 INFO [pool-6-thread-7][:] - /****************流量统计******************/
LastReadBytes:0
LastReadThroughput:0
LastWrittenBytes:0
LastWriteThroughput:0
RealWrittenBytes:0
RealWriteThroughput:0
当前玩家的连接数量:0
当前地图的线程个数：9
当前地图的个数:47
当前数据库执行队列数:0
当前发送队列缓存的对象数量:0
totalMemory：969932800, use ：468966888, free ：500965912DirectMemory：1827143680, 恢复 ：1
当前时间 ：2026-08-19 16:33:49send keng：-1, sheng ：4194304
decode keng：-1, sheng ：2097152
world keng：3, sheng ：1048576

2026-08-19 16:33:54.682 INFO [pool-6-thread-9][:] - /****************流量统计******************/
LastReadBytes:0
LastReadThroughput:0
LastWrittenBytes:0
LastWriteThroughput:0
RealWrittenBytes:0
RealWriteThroughput:0
当前玩家的连接数量:0
当前地图的线程个数：9
当前地图的个数:47
当前数据库执行队列数:0
当前发送队列缓存的对象数量:0
totalMemory：969932800, use ：473425008, free ：496507792DirectMemory：1827143680, 恢复 ：1
当前时间 ：2026-08-19 16:33:54send keng：-1, sheng ：4194304
decode keng：-1, sheng ：2097152
world keng：3, sheng ：1048576

2026-08-19 16:33:59.682 INFO [pool-6-thread-9][:] - /****************流量统计******************/
LastReadBytes:0
LastReadThroughput:0
LastWrittenBytes:0
LastWriteThroughput:0
RealWrittenBytes:0
RealWriteThroughput:0
当前玩家的连接数量:0
当前地图的线程个数：9
当前地图的个数:47
当前数据库执行队列数:0
当前发送队列缓存的对象数量:0
totalMemory：969932800, use ：476469632, free ：493463168DirectMemory：1827143680, 恢复 ：1
当前时间 ：2026-08-19 16:33:59send keng：-1, sheng ：4194304
decode keng：-1, sheng ：2097152
world keng：3, sheng ：1048576

2026-08-19 16:34:04.682 INFO [pool-6-thread-7][:] - /****************流量统计******************/
LastReadBytes:0
LastReadThroughput:0
LastWrittenBytes:0
LastWriteThroughput:0
RealWrittenBytes:0
RealWriteThroughput:0
当前玩家的连接数量:0
当前地图的线程个数：9
当前地图的个数:47
当前数据库执行队列数:0
当前发送队列缓存的对象数量:0
totalMemory：969932800, use ：481111560, free ：488821240DirectMemory：1827143680, 恢复 ：1
当前时间 ：2026-08-19 16:34:04send keng：-1, sheng ：4194304
decode keng：-1, sheng ：2097152
world keng：3, sheng ：1048576

2026-08-19 16:34:09.682 INFO [pool-6-thread-8][:] - /****************流量统计******************/
LastReadBytes:0
LastReadThroughput:0
LastWrittenBytes:0
LastWriteThroughput:0
RealWrittenBytes:0
RealWriteThroughput:0
当前玩家的连接数量:0
当前地图的线程个数：9
当前地图的个数:47
当前数据库执行队列数:0
当前发送队列缓存的对象数量:0
totalMemory：969932800, use ：484671520, free ：485261280DirectMemory：1827143680, 恢复 ：1
当前时间 ：2026-08-19 16:34:09send keng：-1, sheng ：4194304
decode keng：-1, sheng ：2097152
world keng：3, sheng ：1048576

2026-08-19 16:34:14.682 INFO [pool-6-thread-10][:] - /****************流量统计******************/
LastReadBytes:0
LastReadThroughput:0
LastWrittenBytes:0
LastWriteThroughput:0
RealWrittenBytes:0
RealWriteThroughput:0
当前玩家的连接数量:0
当前地图的线程个数：9
当前地图的个数:47
当前数据库执行队列数:0
当前发送队列缓存的对象数量:0
totalMemory：969932800, use ：487772376, free ：482160424DirectMemory：1827143680, 恢复 ：1
当前时间 ：2026-08-19 16:34:14send keng：-1, sheng ：4194304
decode keng：-1, sheng ：2097152
world keng：3, sheng ：1048576

2026-08-19 16:34:19.682 INFO [pool-6-thread-9][:] - /****************流量统计******************/
LastReadBytes:0
LastReadThroughput:0
LastWrittenBytes:0
LastWriteThroughput:0
RealWrittenBytes:0
RealWriteThroughput:0
当前玩家的连接数量:0
当前地图的线程个数：9
当前地图的个数:47
当前数据库执行队列数:0
当前发送队列缓存的对象数量:0
totalMemory：969932800, use ：492686408, free ：477246392DirectMemory：1827143680, 恢复 ：1
当前时间 ：2026-08-19 16:34:19send keng：-1, sheng ：4194304
decode keng：-1, sheng ：2097152
world keng：3, sheng ：1048576

2026-08-19 16:34:24.682 INFO [pool-6-thread-1][:] - /****************流量统计******************/
LastReadBytes:0
LastReadThroughput:0
LastWrittenBytes:0
LastWriteThroughput:0
RealWrittenBytes:0
RealWriteThroughput:0
当前玩家的连接数量:0
当前地图的线程个数：9
当前地图的个数:47
当前数据库执行队列数:0
当前发送队列缓存的对象数量:0
totalMemory：969932800, use ：494872144, free ：475060656DirectMemory：1827143680, 恢复 ：1
当前时间 ：2026-08-19 16:34:24send keng：-1, sheng ：4194304
decode keng：-1, sheng ：2097152
world keng：3, sheng ：1048576

2026-08-19 16:34:29.682 INFO [pool-6-thread-8][:] - /****************流量统计******************/
LastReadBytes:0
LastReadThroughput:0
LastWrittenBytes:0
LastWriteThroughput:0
RealWrittenBytes:0
RealWriteThroughput:0
当前玩家的连接数量:0
当前地图的线程个数：9
当前地图的个数:47
当前数据库执行队列数:0
当前发送队列缓存的对象数量:0
totalMemory：969932800, use ：498935360, free ：470997440DirectMemory：1827143680, 恢复 ：1
当前时间 ：2026-08-19 16:34:29send keng：-1, sheng ：4194304
decode keng：-1, sheng ：2097152
world keng：3, sheng ：1048576

2026-08-19 16:34:34.682 INFO [pool-6-thread-2][:] - /****************流量统计******************/
LastReadBytes:0
LastReadThroughput:0
LastWrittenBytes:0
LastWriteThroughput:0
RealWrittenBytes:0
RealWriteThroughput:0
当前玩家的连接数量:0
当前地图的线程个数：9
当前地图的个数:47
当前数据库执行队列数:0
当前发送队列缓存的对象数量:0
totalMemory：969932800, use ：501530864, free ：468401936DirectMemory：1827143680, 恢复 ：1
当前时间 ：2026-08-19 16:34:34send keng：-1, sheng ：4194304
decode keng：-1, sheng ：2097152
world keng：3, sheng ：1048576

2026-08-19 16:34:39.682 INFO [pool-6-thread-1][:] - /****************流量统计******************/
LastReadBytes:0
LastReadThroughput:0
LastWrittenBytes:0
LastWriteThroughput:0
RealWrittenBytes:0
RealWriteThroughput:0
当前玩家的连接数量:0
当前地图的线程个数：9
当前地图的个数:47
当前数据库执行队列数:0
当前发送队列缓存的对象数量:0
totalMemory：969932800, use ：505951016, free ：463981784DirectMemory：1827143680, 恢复 ：1
当前时间 ：2026-08-19 16:34:39send keng：-1, sheng ：4194304
decode keng：-1, sheng ：2097152
world keng：3, sheng ：1048576

2026-08-19 16:34:44.682 INFO [pool-6-thread-8][:] - /****************流量统计******************/
LastReadBytes:0
LastReadThroughput:0
LastWrittenBytes:0
LastWriteThroughput:0
RealWrittenBytes:0
RealWriteThroughput:0
当前玩家的连接数量:0
当前地图的线程个数：9
当前地图的个数:47
当前数据库执行队列数:0
当前发送队列缓存的对象数量:0
totalMemory：969932800, use ：508623672, free ：461309128DirectMemory：1827143680, 恢复 ：1
当前时间 ：2026-08-19 16:34:44send keng：-1, sheng ：4194304
decode keng：-1, sheng ：2097152
world keng：3, sheng ：1048576

2026-08-19 16:34:49.682 INFO [pool-6-thread-7][:] - /****************流量统计******************/
LastReadBytes:0
LastReadThroughput:0
LastWrittenBytes:0
LastWriteThroughput:0
RealWrittenBytes:0
RealWriteThroughput:0
当前玩家的连接数量:0
当前地图的线程个数：9
当前地图的个数:47
当前数据库执行队列数:0
当前发送队列缓存的对象数量:0
totalMemory：969932800, use ：513058320, free ：456874480DirectMemory：1827143680, 恢复 ：1
当前时间 ：2026-08-19 16:34:49send keng：-1, sheng ：4194304
decode keng：-1, sheng ：2097152
world keng：3, sheng ：1048576

2026-08-19 16:34:54.682 INFO [pool-6-thread-3][:] - /****************流量统计******************/
LastReadBytes:0
LastReadThroughput:0
LastWrittenBytes:0
LastWriteThroughput:0
RealWrittenBytes:0
RealWriteThroughput:0
当前玩家的连接数量:0
当前地图的线程个数：9
当前地图的个数:47
当前数据库执行队列数:0
当前发送队列缓存的对象数量:0
totalMemory：969932800, use ：515729208, free ：454203592DirectMemory：1827143680, 恢复 ：1
当前时间 ：2026-08-19 16:34:54send keng：-1, sheng ：4194304
decode keng：-1, sheng ：2097152
world keng：3, sheng ：1048576

2026-08-19 16:34:59.682 INFO [pool-6-thread-10][:] - /****************流量统计******************/
LastReadBytes:0
LastReadThroughput:0
LastWrittenBytes:0
LastWriteThroughput:0
RealWrittenBytes:0
RealWriteThroughput:0
当前玩家的连接数量:0
当前地图的线程个数：9
当前地图的个数:47
当前数据库执行队列数:0
当前发送队列缓存的对象数量:0
totalMemory：969932800, use ：519717184, free ：450215616DirectMemory：1827143680, 恢复 ：1
当前时间 ：2026-08-19 16:34:59send keng：-1, sheng ：4194304
decode keng：-1, sheng ：2097152
world keng：3, sheng ：1048576

2026-08-19 16:35:04.682 INFO [pool-6-thread-7][:] - /****************流量统计******************/
LastReadBytes:0
LastReadThroughput:0
LastWrittenBytes:0
LastWriteThroughput:0
RealWrittenBytes:0
RealWriteThroughput:0
当前玩家的连接数量:0
当前地图的线程个数：9
当前地图的个数:47
当前数据库执行队列数:0
当前发送队列缓存的对象数量:0
totalMemory：969932800, use ：522466912, free ：447465888DirectMemory：1827143680, 恢复 ：1
当前时间 ：2026-08-19 16:35:04send keng：-1, sheng ：4194304
decode keng：-1, sheng ：2097152
world keng：3, sheng ：1048576

2026-08-19 16:35:09.682 INFO [pool-6-thread-1][:] - /****************流量统计******************/
LastReadBytes:0
LastReadThroughput:0
LastWrittenBytes:0
LastWriteThroughput:0
RealWrittenBytes:0
RealWriteThroughput:0
当前玩家的连接数量:0
当前地图的线程个数：9
当前地图的个数:47
当前数据库执行队列数:0
当前发送队列缓存的对象数量:0
totalMemory：969932800, use ：526524072, free ：443408728DirectMemory：1827143680, 恢复 ：1
当前时间 ：2026-08-19 16:35:09send keng：-1, sheng ：4194304
decode keng：-1, sheng ：2097152
world keng：3, sheng ：1048576

2026-08-19 16:35:14.683 INFO [pool-6-thread-6][:] - /****************流量统计******************/
LastReadBytes:0
LastReadThroughput:0
LastWrittenBytes:0
LastWriteThroughput:0
RealWrittenBytes:0
RealWriteThroughput:0
当前玩家的连接数量:0
当前地图的线程个数：9
当前地图的个数:47
当前数据库执行队列数:0
当前发送队列缓存的对象数量:0
totalMemory：969932800, use ：529645744, free ：440287056DirectMemory：1827143680, 恢复 ：1
当前时间 ：2026-08-19 16:35:14send keng：-1, sheng ：4194304
decode keng：-1, sheng ：2097152
world keng：3, sheng ：1048576

2026-08-19 16:35:19.682 INFO [pool-6-thread-3][:] - /****************流量统计******************/
LastReadBytes:0
LastReadThroughput:0
LastWrittenBytes:0
LastWriteThroughput:0
RealWrittenBytes:0
RealWriteThroughput:0
当前玩家的连接数量:0
当前地图的线程个数：9
当前地图的个数:47
当前数据库执行队列数:0
当前发送队列缓存的对象数量:0
totalMemory：969932800, use ：534453520, free ：435479280DirectMemory：1827143680, 恢复 ：1
当前时间 ：2026-08-19 16:35:19send keng：-1, sheng ：4194304
decode keng：-1, sheng ：2097152
world keng：3, sheng ：1048576

2026-08-19 16:35:24.682 INFO [pool-6-thread-6][:] - /****************流量统计******************/
LastReadBytes:0
LastReadThroughput:0
LastWrittenBytes:0
LastWriteThroughput:0
RealWrittenBytes:0
RealWriteThroughput:0
当前玩家的连接数量:0
当前地图的线程个数：9
当前地图的个数:47
当前数据库执行队列数:0
当前发送队列缓存的对象数量:0
totalMemory：969932800, use ：536874208, free ：433058592DirectMemory：1827143680, 恢复 ：1
当前时间 ：2026-08-19 16:35:24send keng：-1, sheng ：4194304
decode keng：-1, sheng ：2097152
world keng：3, sheng ：1048576

2026-08-19 16:35:29.682 INFO [pool-6-thread-3][:] - /****************流量统计******************/
LastReadBytes:0
LastReadThroughput:0
LastWrittenBytes:0
LastWriteThroughput:0
RealWrittenBytes:0
RealWriteThroughput:0
当前玩家的连接数量:0
当前地图的线程个数：9
当前地图的个数:47
当前数据库执行队列数:0
当前发送队列缓存的对象数量:0
totalMemory：969932800, use ：540699296, free ：429233504DirectMemory：1827143680, 恢复 ：1
当前时间 ：2026-08-19 16:35:29send keng：-1, sheng ：4194304
decode keng：-1, sheng ：2097152
world keng：3, sheng ：1048576

2026-08-19 16:35:34.682 INFO [pool-6-thread-7][:] - /****************流量统计******************/
LastReadBytes:0
LastReadThroughput:0
LastWrittenBytes:0
LastWriteThroughput:0
RealWrittenBytes:0
RealWriteThroughput:0
当前玩家的连接数量:0
当前地图的线程个数：9
当前地图的个数:47
当前数据库执行队列数:0
当前发送队列缓存的对象数量:0
totalMemory：969932800, use ：543711928, free ：426220872DirectMemory：1827143680, 恢复 ：1
当前时间 ：2026-08-19 16:35:34send keng：-1, sheng ：4194304
decode keng：-1, sheng ：2097152
world keng：3, sheng ：1048576

2026-08-19 16:35:39.682 INFO [pool-6-thread-8][:] - /****************流量统计******************/
LastReadBytes:0
LastReadThroughput:0
LastWrittenBytes:0
LastWriteThroughput:0
RealWrittenBytes:0
RealWriteThroughput:0
当前玩家的连接数量:0
当前地图的线程个数：9
当前地图的个数:47
当前数据库执行队列数:0
当前发送队列缓存的对象数量:0
totalMemory：969932800, use ：547792072, free ：422140728DirectMemory：1827143680, 恢复 ：1
当前时间 ：2026-08-19 16:35:39send keng：-1, sheng ：4194304
decode keng：-1, sheng ：2097152
world keng：3, sheng ：1048576

2026-08-19 16:35:44.682 INFO [pool-6-thread-7][:] - /****************流量统计******************/
LastReadBytes:0
LastReadThroughput:0
LastWrittenBytes:0
LastWriteThroughput:0
RealWrittenBytes:0
RealWriteThroughput:0
当前玩家的连接数量:0
当前地图的线程个数：9
当前地图的个数:47
当前数据库执行队列数:0
当前发送队列缓存的对象数量:0
totalMemory：969932800, use ：551869656, free ：418063144DirectMemory：1827143680, 恢复 ：1
当前时间 ：2026-08-19 16:35:44send keng：-1, sheng ：4194304
decode keng：-1, sheng ：2097152
world keng：3, sheng ：1048576

2026-08-19 16:35:49.682 INFO [pool-6-thread-10][:] - /****************流量统计******************/
LastReadBytes:0
LastReadThroughput:0
LastWrittenBytes:0
LastWriteThroughput:0
RealWrittenBytes:0
RealWriteThroughput:0
当前玩家的连接数量:0
当前地图的线程个数：9
当前地图的个数:47
当前数据库执行队列数:0
当前发送队列缓存的对象数量:0
totalMemory：969932800, use ：554008296, free ：415924504DirectMemory：1827143680, 恢复 ：1
当前时间 ：2026-08-19 16:35:49send keng：-1, sheng ：4194304
decode keng：-1, sheng ：2097152
world keng：3, sheng ：1048576

2026-08-19 16:35:54.682 INFO [pool-6-thread-7][:] - /****************流量统计******************/
LastReadBytes:0
LastReadThroughput:0
LastWrittenBytes:0
LastWriteThroughput:0
RealWrittenBytes:0
RealWriteThroughput:0
当前玩家的连接数量:0
当前地图的线程个数：9
当前地图的个数:47
当前数据库执行队列数:0
当前发送队列缓存的对象数量:0
totalMemory：969932800, use ：559691656, free ：410241144DirectMemory：1827143680, 恢复 ：1
当前时间 ：2026-08-19 16:35:54send keng：-1, sheng ：4194304
decode keng：-1, sheng ：2097152
world keng：3, sheng ：1048576

2026-08-19 16:35:59.682 INFO [pool-6-thread-6][:] - /****************流量统计******************/
LastReadBytes:0
LastReadThroughput:0
LastWrittenBytes:0
LastWriteThroughput:0
RealWrittenBytes:0
RealWriteThroughput:0
当前玩家的连接数量:0
当前地图的线程个数：9
当前地图的个数:47
当前数据库执行队列数:0
当前发送队列缓存的对象数量:0
totalMemory：969932800, use ：561525440, free ：408407360DirectMemory：1827143680, 恢复 ：1
当前时间 ：2026-08-19 16:35:59send keng：-1, sheng ：4194304
decode keng：-1, sheng ：2097152
world keng：3, sheng ：1048576

2026-08-19 16:36:04.682 INFO [pool-6-thread-2][:] - /****************流量统计******************/
LastReadBytes:0
LastReadThroughput:0
LastWrittenBytes:0
LastWriteThroughput:0
RealWrittenBytes:0
RealWriteThroughput:0
当前玩家的连接数量:0
当前地图的线程个数：9
当前地图的个数:47
当前数据库执行队列数:0
当前发送队列缓存的对象数量:0
totalMemory：969932800, use ：566542936, free ：403389864DirectMemory：1827143680, 恢复 ：1
当前时间 ：2026-08-19 16:36:04send keng：-1, sheng ：4194304
decode keng：-1, sheng ：2097152
world keng：3, sheng ：1048576

2026-08-19 16:36:09.682 INFO [pool-6-thread-10][:] - /****************流量统计******************/
LastReadBytes:0
LastReadThroughput:0
LastWrittenBytes:0
LastWriteThroughput:0
RealWrittenBytes:0
RealWriteThroughput:0
当前玩家的连接数量:0
当前地图的线程个数：9
当前地图的个数:47
当前数据库执行队列数:0
当前发送队列缓存的对象数量:0
totalMemory：969932800, use ：568732152, free ：401200648DirectMemory：1827143680, 恢复 ：1
当前时间 ：2026-08-19 16:36:09send keng：-1, sheng ：4194304
decode keng：-1, sheng ：2097152
world keng：3, sheng ：1048576

2026-08-19 16:36:14.682 INFO [pool-6-thread-2][:] - /****************流量统计******************/
LastReadBytes:0
LastReadThroughput:0
LastWrittenBytes:0
LastWriteThroughput:0
RealWrittenBytes:0
RealWriteThroughput:0
当前玩家的连接数量:0
当前地图的线程个数：9
当前地图的个数:47
当前数据库执行队列数:0
当前发送队列缓存的对象数量:0
totalMemory：969932800, use ：573589472, free ：396343328DirectMemory：1827143680, 恢复 ：1
当前时间 ：2026-08-19 16:36:14send keng：-1, sheng ：4194304
decode keng：-1, sheng ：2097152
world keng：3, sheng ：1048576

2026-08-19 16:36:19.683 INFO [pool-6-thread-9][:] - /****************流量统计******************/
LastReadBytes:0
LastReadThroughput:0
LastWrittenBytes:0
LastWriteThroughput:0
RealWrittenBytes:0
RealWriteThroughput:0
当前玩家的连接数量:0
当前地图的线程个数：9
当前地图的个数:47
当前数据库执行队列数:0
当前发送队列缓存的对象数量:0
totalMemory：969932800, use ：575881408, free ：394051392DirectMemory：1827143680, 恢复 ：1
当前时间 ：2026-08-19 16:36:19send keng：-1, sheng ：4194304
decode keng：-1, sheng ：2097152
world keng：3, sheng ：1048576

2026-08-19 16:36:24.682 INFO [pool-6-thread-10][:] - /****************流量统计******************/
LastReadBytes:0
LastReadThroughput:0
LastWrittenBytes:0
LastWriteThroughput:0
RealWrittenBytes:0
RealWriteThroughput:0
当前玩家的连接数量:0
当前地图的线程个数：9
当前地图的个数:47
当前数据库执行队列数:0
当前发送队列缓存的对象数量:0
totalMemory：969932800, use ：580291704, free ：389641096DirectMemory：1827143680, 恢复 ：1
当前时间 ：2026-08-19 16:36:24send keng：-1, sheng ：4194304
decode keng：-1, sheng ：2097152
world keng：3, sheng ：1048576

2026-08-19 16:36:29.682 INFO [pool-6-thread-1][:] - /****************流量统计******************/
LastReadBytes:0
LastReadThroughput:0
LastWrittenBytes:0
LastWriteThroughput:0
RealWrittenBytes:0
RealWriteThroughput:0
当前玩家的连接数量:0
当前地图的线程个数：9
当前地图的个数:47
当前数据库执行队列数:0
当前发送队列缓存的对象数量:0
totalMemory：969932800, use ：582960912, free ：386971888DirectMemory：1827143680, 恢复 ：1
当前时间 ：2026-08-19 16:36:29send keng：-1, sheng ：4194304
decode keng：-1, sheng ：2097152
world keng：3, sheng ：1048576

2026-08-19 16:36:34.682 INFO [pool-6-thread-7][:] - /****************流量统计******************/
LastReadBytes:0
LastReadThroughput:0
LastWrittenBytes:0
LastWriteThroughput:0
RealWrittenBytes:0
RealWriteThroughput:0
当前玩家的连接数量:0
当前地图的线程个数：9
当前地图的个数:47
当前数据库执行队列数:0
当前发送队列缓存的对象数量:0
totalMemory：969932800, use ：587804224, free ：382128576DirectMemory：1827143680, 恢复 ：1
当前时间 ：2026-08-19 16:36:34send keng：-1, sheng ：4194304
decode keng：-1, sheng ：2097152
world keng：3, sheng ：1048576

2026-08-19 16:36:39.682 INFO [pool-6-thread-9][:] - /****************流量统计******************/
LastReadBytes:0
LastReadThroughput:0
LastWrittenBytes:0
LastWriteThroughput:0
RealWrittenBytes:0
RealWriteThroughput:0
当前玩家的连接数量:0
当前地图的线程个数：9
当前地图的个数:47
当前数据库执行队列数:0
当前发送队列缓存的对象数量:0
totalMemory：969932800, use ：589656384, free ：380276416DirectMemory：1827143680, 恢复 ：1
当前时间 ：2026-08-19 16:36:39send keng：-1, sheng ：4194304
decode keng：-1, sheng ：2097152
world keng：3, sheng ：1048576

2026-08-19 16:36:44.682 INFO [pool-6-thread-1][:] - /****************流量统计******************/
LastReadBytes:0
LastReadThroughput:0
LastWrittenBytes:0
LastWriteThroughput:0
RealWrittenBytes:0
RealWriteThroughput:0
当前玩家的连接数量:0
当前地图的线程个数：9
当前地图的个数:47
当前数据库执行队列数:0
当前发送队列缓存的对象数量:0
totalMemory：969932800, use ：594839136, free ：375093664DirectMemory：1827143680, 恢复 ：1
当前时间 ：2026-08-19 16:36:44send keng：-1, sheng ：4194304
decode keng：-1, sheng ：2097152
world keng：3, sheng ：1048576

2026-08-19 16:36:49.682 INFO [pool-6-thread-9][:] - /****************流量统计******************/
LastReadBytes:0
LastReadThroughput:0
LastWrittenBytes:0
LastWriteThroughput:0
RealWrittenBytes:0
RealWriteThroughput:0
当前玩家的连接数量:0
当前地图的线程个数：9
当前地图的个数:47
当前数据库执行队列数:0
当前发送队列缓存的对象数量:0
totalMemory：969932800, use ：596821200, free ：373111600DirectMemory：1827143680, 恢复 ：1
当前时间 ：2026-08-19 16:36:49send keng：-1, sheng ：4194304
decode keng：-1, sheng ：2097152
world keng：3, sheng ：1048576

2026-08-19 16:36:54.682 INFO [pool-6-thread-5][:] - /****************流量统计******************/
LastReadBytes:0
LastReadThroughput:0
LastWrittenBytes:0
LastWriteThroughput:0
RealWrittenBytes:0
RealWriteThroughput:0
当前玩家的连接数量:0
当前地图的线程个数：9
当前地图的个数:47
当前数据库执行队列数:0
当前发送队列缓存的对象数量:0
totalMemory：969932800, use ：601067504, free ：368865296DirectMemory：1827143680, 恢复 ：1
当前时间 ：2026-08-19 16:36:54send keng：-1, sheng ：4194304
decode keng：-1, sheng ：2097152
world keng：3, sheng ：1048576

2026-08-19 16:36:59.682 INFO [pool-6-thread-9][:] - /****************流量统计******************/
LastReadBytes:0
LastReadThroughput:0
LastWrittenBytes:0
LastWriteThroughput:0
RealWrittenBytes:0
RealWriteThroughput:0
当前玩家的连接数量:0
当前地图的线程个数：9
当前地图的个数:47
当前数据库执行队列数:0
当前发送队列缓存的对象数量:0
totalMemory：969932800, use ：604835328, free ：365097472DirectMemory：1827143680, 恢复 ：1
当前时间 ：2026-08-19 16:36:59send keng：-1, sheng ：4194304
decode keng：-1, sheng ：2097152
world keng：3, sheng ：1048576

2026-08-19 16:37:04.682 INFO [pool-6-thread-3][:] - /****************流量统计******************/
LastReadBytes:0
LastReadThroughput:0
LastWrittenBytes:0
LastWriteThroughput:0
RealWrittenBytes:0
RealWriteThroughput:0
当前玩家的连接数量:0
当前地图的线程个数：9
当前地图的个数:47
当前数据库执行队列数:0
当前发送队列缓存的对象数量:0
totalMemory：969932800, use ：607447704, free ：362485096DirectMemory：1827143680, 恢复 ：1
当前时间 ：2026-08-19 16:37:04send keng：-1, sheng ：4194304
decode keng：-1, sheng ：2097152
world keng：3, sheng ：1048576

2026-08-19 16:37:09.682 INFO [pool-6-thread-4][:] - /****************流量统计******************/
LastReadBytes:0
LastReadThroughput:0
LastWrittenBytes:0
LastWriteThroughput:0
RealWrittenBytes:0
RealWriteThroughput:0
当前玩家的连接数量:0
当前地图的线程个数：9
当前地图的个数:47
当前数据库执行队列数:0
当前发送队列缓存的对象数量:0
totalMemory：969932800, use ：611832872, free ：358099928DirectMemory：1827143680, 恢复 ：1
当前时间 ：2026-08-19 16:37:09send keng：-1, sheng ：4194304
decode keng：-1, sheng ：2097152
world keng：3, sheng ：1048576

2026-08-19 16:37:14.682 INFO [pool-6-thread-4][:] - /****************流量统计******************/
LastReadBytes:0
LastReadThroughput:0
LastWrittenBytes:0
LastWriteThroughput:0
RealWrittenBytes:0
RealWriteThroughput:0
当前玩家的连接数量:0
当前地图的线程个数：9
当前地图的个数:47
当前数据库执行队列数:0
当前发送队列缓存的对象数量:0
totalMemory：969932800, use ：614533208, free ：355399592DirectMemory：1827143680, 恢复 ：1
当前时间 ：2026-08-19 16:37:14send keng：-1, sheng ：4194304
decode keng：-1, sheng ：2097152
world keng：3, sheng ：1048576

2026-08-19 16:37:19.682 INFO [pool-6-thread-9][:] - /****************流量统计******************/
LastReadBytes:0
LastReadThroughput:0
LastWrittenBytes:0
LastWriteThroughput:0
RealWrittenBytes:0
RealWriteThroughput:0
当前玩家的连接数量:0
当前地图的线程个数：9
当前地图的个数:47
当前数据库执行队列数:0
当前发送队列缓存的对象数量:0
totalMemory：969932800, use ：619510664, free ：350422136DirectMemory：1827143680, 恢复 ：1
当前时间 ：2026-08-19 16:37:19send keng：-1, sheng ：4194304
decode keng：-1, sheng ：2097152
world keng：3, sheng ：1048576

2026-08-19 16:37:24.682 INFO [pool-6-thread-3][:] - /****************流量统计******************/
LastReadBytes:0
LastReadThroughput:0
LastWrittenBytes:0
LastWriteThroughput:0
RealWrittenBytes:0
RealWriteThroughput:0
当前玩家的连接数量:0
当前地图的线程个数：9
当前地图的个数:47
当前数据库执行队列数:0
当前发送队列缓存的对象数量:0
totalMemory：969932800, use ：622474952, free ：347457848DirectMemory：1827143680, 恢复 ：1
当前时间 ：2026-08-19 16:37:24send keng：-1, sheng ：4194304
decode keng：-1, sheng ：2097152
world keng：3, sheng ：1048576

2026-08-19 16:37:29.682 INFO [pool-6-thread-7][:] - /****************流量统计******************/
LastReadBytes:0
LastReadThroughput:0
LastWrittenBytes:0
LastWriteThroughput:0
RealWrittenBytes:0
RealWriteThroughput:0
当前玩家的连接数量:0
当前地图的线程个数：9
当前地图的个数:47
当前数据库执行队列数:0
当前发送队列缓存的对象数量:0
totalMemory：969932800, use ：626969272, free ：342963528DirectMemory：1827143680, 恢复 ：1
当前时间 ：2026-08-19 16:37:29send keng：-1, sheng ：4194304
decode keng：-1, sheng ：2097152
world keng：3, sheng ：1048576

2026-08-19 16:37:34.682 INFO [pool-6-thread-2][:] - /****************流量统计******************/
LastReadBytes:0
LastReadThroughput:0
LastWrittenBytes:0
LastWriteThroughput:0
RealWrittenBytes:0
RealWriteThroughput:0
当前玩家的连接数量:0
当前地图的线程个数：9
当前地图的个数:47
当前数据库执行队列数:0
当前发送队列缓存的对象数量:0
totalMemory：969932800, use ：629152632, free ：340780168DirectMemory：1827143680, 恢复 ：1
当前时间 ：2026-08-19 16:37:34send keng：-1, sheng ：4194304
decode keng：-1, sheng ：2097152
world keng：3, sheng ：1048576

2026-08-19 16:37:39.682 INFO [pool-6-thread-7][:] - /****************流量统计******************/
LastReadBytes:0
LastReadThroughput:0
LastWrittenBytes:0
LastWriteThroughput:0
RealWrittenBytes:0
RealWriteThroughput:0
当前玩家的连接数量:0
当前地图的线程个数：9
当前地图的个数:47
当前数据库执行队列数:0
当前发送队列缓存的对象数量:0
totalMemory：969932800, use ：633082960, free ：336849840DirectMemory：1827143680, 恢复 ：1
当前时间 ：2026-08-19 16:37:39send keng：-1, sheng ：4194304
decode keng：-1, sheng ：2097152
world keng：3, sheng ：1048576

2026-08-19 16:37:44.682 INFO [pool-6-thread-6][:] - /****************流量统计******************/
LastReadBytes:0
LastReadThroughput:0
LastWrittenBytes:0
LastWriteThroughput:0
RealWrittenBytes:0
RealWriteThroughput:0
当前玩家的连接数量:0
当前地图的线程个数：9
当前地图的个数:47
当前数据库执行队列数:0
当前发送队列缓存的对象数量:0
totalMemory：969932800, use ：635842312, free ：334090488DirectMemory：1827143680, 恢复 ：1
当前时间 ：2026-08-19 16:37:44send keng：-1, sheng ：4194304
decode keng：-1, sheng ：2097152
world keng：3, sheng ：1048576

2026-08-19 16:37:49.682 INFO [pool-6-thread-5][:] - /****************流量统计******************/
LastReadBytes:0
LastReadThroughput:0
LastWrittenBytes:0
LastWriteThroughput:0
RealWrittenBytes:0
RealWriteThroughput:0
当前玩家的连接数量:0
当前地图的线程个数：9
当前地图的个数:47
当前数据库执行队列数:0
当前发送队列缓存的对象数量:0
totalMemory：969932800, use ：640663352, free ：329269448DirectMemory：1827143680, 恢复 ：1
当前时间 ：2026-08-19 16:37:49send keng：-1, sheng ：4194304
decode keng：-1, sheng ：2097152
world keng：3, sheng ：1048576

2026-08-19 16:37:54.682 INFO [pool-6-thread-1][:] - /****************流量统计******************/
LastReadBytes:0
LastReadThroughput:0
LastWrittenBytes:0
LastWriteThroughput:0
RealWrittenBytes:0
RealWriteThroughput:0
当前玩家的连接数量:0
当前地图的线程个数：9
当前地图的个数:47
当前数据库执行队列数:0
当前发送队列缓存的对象数量:0
totalMemory：969932800, use ：643744720, free ：326188080DirectMemory：1827143680, 恢复 ：1
当前时间 ：2026-08-19 16:37:54send keng：-1, sheng ：4194304
decode keng：-1, sheng ：2097152
world keng：3, sheng ：1048576

2026-08-19 16:37:59.682 INFO [pool-6-thread-8][:] - /****************流量统计******************/
LastReadBytes:0
LastReadThroughput:0
LastWrittenBytes:0
LastWriteThroughput:0
RealWrittenBytes:0
RealWriteThroughput:0
当前玩家的连接数量:0
当前地图的线程个数：9
当前地图的个数:47
当前数据库执行队列数:0
当前发送队列缓存的对象数量:0
totalMemory：969932800, use ：647751888, free ：322180912DirectMemory：1827143680, 恢复 ：1
当前时间 ：2026-08-19 16:37:59send keng：-1, sheng ：4194304
decode keng：-1, sheng ：2097152
world keng：3, sheng ：1048576

2026-08-19 16:38:04.682 INFO [pool-6-thread-10][:] - /****************流量统计******************/
LastReadBytes:0
LastReadThroughput:0
LastWrittenBytes:0
LastWriteThroughput:0
RealWrittenBytes:0
RealWriteThroughput:0
当前玩家的连接数量:0
当前地图的线程个数：9
当前地图的个数:47
当前数据库执行队列数:0
当前发送队列缓存的对象数量:0
totalMemory：969932800, use ：650146608, free ：319786192DirectMemory：1827143680, 恢复 ：1
当前时间 ：2026-08-19 16:38:04send keng：-1, sheng ：4194304
decode keng：-1, sheng ：2097152
world keng：3, sheng ：1048576

2026-08-19 16:38:09.682 INFO [pool-6-thread-6][:] - /****************流量统计******************/
LastReadBytes:0
LastReadThroughput:0
LastWrittenBytes:0
LastWriteThroughput:0
RealWrittenBytes:0
RealWriteThroughput:0
当前玩家的连接数量:0
当前地图的线程个数：9
当前地图的个数:47
当前数据库执行队列数:0
当前发送队列缓存的对象数量:0
totalMemory：969932800, use ：655333992, free ：314598808DirectMemory：1827143680, 恢复 ：1
当前时间 ：2026-08-19 16:38:09send keng：-1, sheng ：4194304
decode keng：-1, sheng ：2097152
world keng：3, sheng ：1048576

2026-08-19 16:38:14.682 INFO [pool-6-thread-8][:] - /****************流量统计******************/
LastReadBytes:0
LastReadThroughput:0
LastWrittenBytes:0
LastWriteThroughput:0
RealWrittenBytes:0
RealWriteThroughput:0
当前玩家的连接数量:0
当前地图的线程个数：9
当前地图的个数:47
当前数据库执行队列数:0
当前发送队列缓存的对象数量:0
totalMemory：969932800, use ：657752536, free ：312180264DirectMemory：1827143680, 恢复 ：1
当前时间 ：2026-08-19 16:38:14send keng：-1, sheng ：4194304
decode keng：-1, sheng ：2097152
world keng：3, sheng ：1048576

2026-08-19 16:38:19.682 INFO [pool-6-thread-8][:] - /****************流量统计******************/
LastReadBytes:0
LastReadThroughput:0
LastWrittenBytes:0
LastWriteThroughput:0
RealWrittenBytes:0
RealWriteThroughput:0
当前玩家的连接数量:0
当前地图的线程个数：9
当前地图的个数:47
当前数据库执行队列数:0
当前发送队列缓存的对象数量:0
totalMemory：969932800, use ：662056376, free ：307876424DirectMemory：1827143680, 恢复 ：1
当前时间 ：2026-08-19 16:38:19send keng：-1, sheng ：4194304
decode keng：-1, sheng ：2097152
world keng：3, sheng ：1048576

2026-08-19 16:38:24.683 INFO [pool-6-thread-4][:] - /****************流量统计******************/
LastReadBytes:0
LastReadThroughput:0
LastWrittenBytes:0
LastWriteThroughput:0
RealWrittenBytes:0
RealWriteThroughput:0
当前玩家的连接数量:0
当前地图的线程个数：9
当前地图的个数:47
当前数据库执行队列数:0
当前发送队列缓存的对象数量:0
totalMemory：969932800, use ：665326104, free ：304606696DirectMemory：1827143680, 恢复 ：1
当前时间 ：2026-08-19 16:38:24send keng：-1, sheng ：4194304
decode keng：-1, sheng ：2097152
world keng：3, sheng ：1048576

2026-08-19 16:38:29.682 INFO [pool-6-thread-6][:] - /****************流量统计******************/
LastReadBytes:0
LastReadThroughput:0
LastWrittenBytes:0
LastWriteThroughput:0
RealWrittenBytes:0
RealWriteThroughput:0
当前玩家的连接数量:0
当前地图的线程个数：9
当前地图的个数:47
当前数据库执行队列数:0
当前发送队列缓存的对象数量:0
totalMemory：969932800, use ：668309904, free ：301622896DirectMemory：1827143680, 恢复 ：1
当前时间 ：2026-08-19 16:38:29send keng：-1, sheng ：4194304
decode keng：-1, sheng ：2097152
world keng：3, sheng ：1048576

2026-08-19 16:38:34.682 INFO [pool-6-thread-5][:] - /****************流量统计******************/
LastReadBytes:0
LastReadThroughput:0
LastWrittenBytes:0
LastWriteThroughput:0
RealWrittenBytes:0
RealWriteThroughput:0
当前玩家的连接数量:0
当前地图的线程个数：9
当前地图的个数:47
当前数据库执行队列数:0
当前发送队列缓存的对象数量:0
totalMemory：969932800, use ：671701128, free ：298231672DirectMemory：1827143680, 恢复 ：1
当前时间 ：2026-08-19 16:38:34send keng：-1, sheng ：4194304
decode keng：-1, sheng ：2097152
world keng：3, sheng ：1048576

2026-08-19 16:38:39.682 INFO [pool-6-thread-3][:] - /****************流量统计******************/
LastReadBytes:0
LastReadThroughput:0
LastWrittenBytes:0
LastWriteThroughput:0
RealWrittenBytes:0
RealWriteThroughput:0
当前玩家的连接数量:0
当前地图的线程个数：9
当前地图的个数:47
当前数据库执行队列数:0
当前发送队列缓存的对象数量:0
totalMemory：969932800, use ：675835856, free ：294096944DirectMemory：1827143680, 恢复 ：1
当前时间 ：2026-08-19 16:38:39send keng：-1, sheng ：4194304
decode keng：-1, sheng ：2097152
world keng：3, sheng ：1048576

2026-08-19 16:38:44.682 INFO [pool-6-thread-1][:] - /****************流量统计******************/
LastReadBytes:0
LastReadThroughput:0
LastWrittenBytes:0
LastWriteThroughput:0
RealWrittenBytes:0
RealWriteThroughput:0
当前玩家的连接数量:0
当前地图的线程个数：9
当前地图的个数:47
当前数据库执行队列数:0
当前发送队列缓存的对象数量:0
totalMemory：969932800, use ：679442712, free ：290490088DirectMemory：1827143680, 恢复 ：1
当前时间 ：2026-08-19 16:38:44send keng：-1, sheng ：4194304
decode keng：-1, sheng ：2097152
world keng：3, sheng ：1048576

2026-08-19 16:38:49.682 INFO [pool-6-thread-2][:] - /****************流量统计******************/
LastReadBytes:0
LastReadThroughput:0
LastWrittenBytes:0
LastWriteThroughput:0
RealWrittenBytes:0
RealWriteThroughput:0
当前玩家的连接数量:0
当前地图的线程个数：9
当前地图的个数:47
当前数据库执行队列数:0
当前发送队列缓存的对象数量:0
totalMemory：969932800, use ：682876696, free ：287056104DirectMemory：1827143680, 恢复 ：1
当前时间 ：2026-08-19 16:38:49send keng：-1, sheng ：4194304
decode keng：-1, sheng ：2097152
world keng：3, sheng ：1048576

2026-08-19 16:38:54.682 INFO [pool-6-thread-7][:] - /****************流量统计******************/
LastReadBytes:0
LastReadThroughput:0
LastWrittenBytes:0
LastWriteThroughput:0
RealWrittenBytes:0
RealWriteThroughput:0
当前玩家的连接数量:0
当前地图的线程个数：9
当前地图的个数:47
当前数据库执行队列数:0
当前发送队列缓存的对象数量:0
totalMemory：969932800, use ：686249840, free ：283682960DirectMemory：1827143680, 恢复 ：1
当前时间 ：2026-08-19 16:38:54send keng：-1, sheng ：4194304
decode keng：-1, sheng ：2097152
world keng：3, sheng ：1048576

2026-08-19 16:38:59.682 INFO [pool-6-thread-4][:] - /****************流量统计******************/
LastReadBytes:0
LastReadThroughput:0
LastWrittenBytes:0
LastWriteThroughput:0
RealWrittenBytes:0
RealWriteThroughput:0
当前玩家的连接数量:0
当前地图的线程个数：9
当前地图的个数:47
当前数据库执行队列数:0
当前发送队列缓存的对象数量:0
totalMemory：969932800, use ：689558472, free ：280374328DirectMemory：1827143680, 恢复 ：1
当前时间 ：2026-08-19 16:38:59send keng：-1, sheng ：4194304
decode keng：-1, sheng ：2097152
world keng：3, sheng ：1048576

2026-08-19 16:39:04.682 INFO [pool-6-thread-9][:] - /****************流量统计******************/
LastReadBytes:0
LastReadThroughput:0
LastWrittenBytes:0
LastWriteThroughput:0
RealWrittenBytes:0
RealWriteThroughput:0
当前玩家的连接数量:0
当前地图的线程个数：9
当前地图的个数:47
当前数据库执行队列数:0
当前发送队列缓存的对象数量:0
totalMemory：969932800, use ：694513928, free ：275418872DirectMemory：1827143680, 恢复 ：1
当前时间 ：2026-08-19 16:39:04send keng：-1, sheng ：4194304
decode keng：-1, sheng ：2097152
world keng：3, sheng ：1048576

2026-08-19 16:39:09.689 INFO [pool-6-thread-9][:] - /****************流量统计******************/
LastReadBytes:0
LastReadThroughput:0
LastWrittenBytes:0
LastWriteThroughput:0
RealWrittenBytes:0
RealWriteThroughput:0
当前玩家的连接数量:0
当前地图的线程个数：9
当前地图的个数:47
当前数据库执行队列数:0
当前发送队列缓存的对象数量:0
totalMemory：969932800, use ：697210704, free ：272722096DirectMemory：1827143680, 恢复 ：1
当前时间 ：2026-08-19 16:39:09send keng：-1, sheng ：4194304
decode keng：-1, sheng ：2097152
world keng：3, sheng ：1048576

2026-08-19 16:39:14.682 INFO [pool-6-thread-3][:] - /****************流量统计******************/
LastReadBytes:0
LastReadThroughput:0
LastWrittenBytes:0
LastWriteThroughput:0
RealWrittenBytes:0
RealWriteThroughput:0
当前玩家的连接数量:0
当前地图的线程个数：9
当前地图的个数:47
当前数据库执行队列数:0
当前发送队列缓存的对象数量:0
totalMemory：969932800, use ：701309152, free ：268623648DirectMemory：1827143680, 恢复 ：1
当前时间 ：2026-08-19 16:39:14send keng：-1, sheng ：4194304
decode keng：-1, sheng ：2097152
world keng：3, sheng ：1048576

2026-08-19 16:39:19.682 INFO [pool-6-thread-7][:] - /****************流量统计******************/
LastReadBytes:0
LastReadThroughput:0
LastWrittenBytes:0
LastWriteThroughput:0
RealWrittenBytes:0
RealWriteThroughput:0
当前玩家的连接数量:0
当前地图的线程个数：9
当前地图的个数:47
当前数据库执行队列数:0
当前发送队列缓存的对象数量:0
totalMemory：969932800, use ：703451672, free ：266481128DirectMemory：1827143680, 恢复 ：1
当前时间 ：2026-08-19 16:39:19send keng：-1, sheng ：4194304
decode keng：-1, sheng ：2097152
world keng：3, sheng ：1048576

2026-08-19 16:39:24.682 INFO [pool-6-thread-9][:] - /****************流量统计******************/
LastReadBytes:0
LastReadThroughput:0
LastWrittenBytes:0
LastWriteThroughput:0
RealWrittenBytes:0
RealWriteThroughput:0
当前玩家的连接数量:0
当前地图的线程个数：9
当前地图的个数:47
当前数据库执行队列数:0
当前发送队列缓存的对象数量:0
totalMemory：969932800, use ：708686720, free ：261246080DirectMemory：1827143680, 恢复 ：1
当前时间 ：2026-08-19 16:39:24send keng：-1, sheng ：4194304
decode keng：-1, sheng ：2097152
world keng：3, sheng ：1048576

2026-08-19 16:39:29.682 INFO [pool-6-thread-7][:] - /****************流量统计******************/
LastReadBytes:0
LastReadThroughput:0
LastWrittenBytes:0
LastWriteThroughput:0
RealWrittenBytes:0
RealWriteThroughput:0
当前玩家的连接数量:0
当前地图的线程个数：9
当前地图的个数:47
当前数据库执行队列数:0
当前发送队列缓存的对象数量:0
totalMemory：969932800, use ：711412736, free ：258520064DirectMemory：1827143680, 恢复 ：1
当前时间 ：2026-08-19 16:39:29send keng：-1, sheng ：4194304
decode keng：-1, sheng ：2097152
world keng：3, sheng ：1048576

2026-08-19 16:39:34.682 INFO [pool-6-thread-4][:] - /****************流量统计******************/
LastReadBytes:0
LastReadThroughput:0
LastWrittenBytes:0
LastWriteThroughput:0
RealWrittenBytes:0
RealWriteThroughput:0
当前玩家的连接数量:0
当前地图的线程个数：9
当前地图的个数:47
当前数据库执行队列数:0
当前发送队列缓存的对象数量:0
totalMemory：969932800, use ：715341784, free ：254591016DirectMemory：1827143680, 恢复 ：1
当前时间 ：2026-08-19 16:39:34send keng：-1, sheng ：4194304
decode keng：-1, sheng ：2097152
world keng：3, sheng ：1048576

2026-08-19 16:39:39.682 INFO [pool-6-thread-8][:] - /****************流量统计******************/
LastReadBytes:0
LastReadThroughput:0
LastWrittenBytes:0
LastWriteThroughput:0
RealWrittenBytes:0
RealWriteThroughput:0
当前玩家的连接数量:0
当前地图的线程个数：9
当前地图的个数:47
当前数据库执行队列数:0
当前发送队列缓存的对象数量:0
totalMemory：969932800, use ：717313496, free ：252619304DirectMemory：1827143680, 恢复 ：1
当前时间 ：2026-08-19 16:39:39send keng：-1, sheng ：4194304
decode keng：-1, sheng ：2097152
world keng：3, sheng ：1048576

2026-08-19 16:39:44.682 INFO [pool-6-thread-1][:] - /****************流量统计******************/
LastReadBytes:0
LastReadThroughput:0
LastWrittenBytes:0
LastWriteThroughput:0
RealWrittenBytes:0
RealWriteThroughput:0
当前玩家的连接数量:0
当前地图的线程个数：9
当前地图的个数:47
当前数据库执行队列数:0
当前发送队列缓存的对象数量:0
totalMemory：969932800, use ：722878576, free ：247054224DirectMemory：1827143680, 恢复 ：1
当前时间 ：2026-08-19 16:39:44send keng：-1, sheng ：4194304
decode keng：-1, sheng ：2097152
world keng：3, sheng ：1048576

2026-08-19 16:39:49.682 INFO [pool-6-thread-7][:] - /****************流量统计******************/
LastReadBytes:0
LastReadThroughput:0
LastWrittenBytes:0
LastWriteThroughput:0
RealWrittenBytes:0
RealWriteThroughput:0
当前玩家的连接数量:0
当前地图的线程个数：9
当前地图的个数:47
当前数据库执行队列数:0
当前发送队列缓存的对象数量:0
totalMemory：969932800, use ：724877152, free ：245055648DirectMemory：1827143680, 恢复 ：1
当前时间 ：2026-08-19 16:39:49send keng：-1, sheng ：4194304
decode keng：-1, sheng ：2097152
world keng：3, sheng ：1048576

2026-08-19 16:39:54.682 INFO [pool-6-thread-6][:] - /****************流量统计******************/
LastReadBytes:0
LastReadThroughput:0
LastWrittenBytes:0
LastWriteThroughput:0
RealWrittenBytes:0
RealWriteThroughput:0
当前玩家的连接数量:0
当前地图的线程个数：9
当前地图的个数:47
当前数据库执行队列数:0
当前发送队列缓存的对象数量:0
totalMemory：969932800, use ：729110520, free ：240822280DirectMemory：1827143680, 恢复 ：1
当前时间 ：2026-08-19 16:39:54send keng：-1, sheng ：4194304
decode keng：-1, sheng ：2097152
world keng：3, sheng ：1048576

2026-08-19 16:39:59.682 INFO [pool-6-thread-7][:] - /****************流量统计******************/
LastReadBytes:0
LastReadThroughput:0
LastWrittenBytes:0
LastWriteThroughput:0
RealWrittenBytes:0
RealWriteThroughput:0
当前玩家的连接数量:0
当前地图的线程个数：9
当前地图的个数:47
当前数据库执行队列数:0
当前发送队列缓存的对象数量:0
totalMemory：970457088, use ：400172472, free ：570284616DirectMemory：1827143680, 恢复 ：1
当前时间 ：2026-08-19 16:39:59send keng：-1, sheng ：4194304
decode keng：-1, sheng ：2097152
world keng：3, sheng ：1048576

2026-08-19 16:40:04.682 INFO [pool-6-thread-9][:] - /****************流量统计******************/
LastReadBytes:0
LastReadThroughput:0
LastWrittenBytes:0
LastWriteThroughput:0
RealWrittenBytes:0
RealWriteThroughput:0
当前玩家的连接数量:0
当前地图的线程个数：9
当前地图的个数:47
当前数据库执行队列数:0
当前发送队列缓存的对象数量:0
totalMemory：970457088, use ：401153744, free ：569303344DirectMemory：1827143680, 恢复 ：1
当前时间 ：2026-08-19 16:40:04send keng：-1, sheng ：4194304
decode keng：-1, sheng ：2097152
world keng：3, sheng ：1048576

2026-08-19 16:40:09.682 INFO [pool-6-thread-1][:] - /****************流量统计******************/
LastReadBytes:0
LastReadThroughput:0
LastWrittenBytes:0
LastWriteThroughput:0
RealWrittenBytes:0
RealWriteThroughput:0
当前玩家的连接数量:0
当前地图的线程个数：9
当前地图的个数:47
当前数据库执行队列数:0
当前发送队列缓存的对象数量:0
totalMemory：970457088, use ：406096608, free ：564360480DirectMemory：1827143680, 恢复 ：1
当前时间 ：2026-08-19 16:40:09send keng：-1, sheng ：4194304
decode keng：-1, sheng ：2097152
world keng：3, sheng ：1048576

2026-08-19 16:40:14.682 INFO [pool-6-thread-4][:] - /****************流量统计******************/
LastReadBytes:0
LastReadThroughput:0
LastWrittenBytes:0
LastWriteThroughput:0
RealWrittenBytes:0
RealWriteThroughput:0
当前玩家的连接数量:0
当前地图的线程个数：9
当前地图的个数:47
当前数据库执行队列数:0
当前发送队列缓存的对象数量:0
totalMemory：970457088, use ：408249744, free ：562207344DirectMemory：1827143680, 恢复 ：1
当前时间 ：2026-08-19 16:40:14send keng：-1, sheng ：4194304
decode keng：-1, sheng ：2097152
world keng：3, sheng ：1048576

2026-08-19 16:40:19.682 INFO [pool-6-thread-4][:] - /****************流量统计******************/
LastReadBytes:0
LastReadThroughput:0
LastWrittenBytes:0
LastWriteThroughput:0
RealWrittenBytes:0
RealWriteThroughput:0
当前玩家的连接数量:0
当前地图的线程个数：9
当前地图的个数:47
当前数据库执行队列数:0
当前发送队列缓存的对象数量:0
totalMemory：970457088, use ：414021888, free ：556435200DirectMemory：1827143680, 恢复 ：1
当前时间 ：2026-08-19 16:40:19send keng：-1, sheng ：4194304
decode keng：-1, sheng ：2097152
world keng：3, sheng ：1048576

2026-08-19 16:40:24.682 INFO [pool-6-thread-3][:] - /****************流量统计******************/
LastReadBytes:0
LastReadThroughput:0
LastWrittenBytes:0
LastWriteThroughput:0
RealWrittenBytes:0
RealWriteThroughput:0
当前玩家的连接数量:0
当前地图的线程个数：9
当前地图的个数:47
当前数据库执行队列数:0
当前发送队列缓存的对象数量:0
totalMemory：970457088, use ：415397416, free ：555059672DirectMemory：1827143680, 恢复 ：1
当前时间 ：2026-08-19 16:40:24send keng：-1, sheng ：4194304
decode keng：-1, sheng ：2097152
world keng：3, sheng ：1048576

2026-08-19 16:40:29.682 INFO [pool-6-thread-1][:] - /****************流量统计******************/
LastReadBytes:0
LastReadThroughput:0
LastWrittenBytes:0
LastWriteThroughput:0
RealWrittenBytes:0
RealWriteThroughput:0
当前玩家的连接数量:0
当前地图的线程个数：9
当前地图的个数:47
当前数据库执行队列数:0
当前发送队列缓存的对象数量:0
totalMemory：970457088, use ：420684408, free ：549772680DirectMemory：1827143680, 恢复 ：1
当前时间 ：2026-08-19 16:40:29send keng：-1, sheng ：4194304
decode keng：-1, sheng ：2097152
world keng：3, sheng ：1048576

2026-08-19 16:40:34.682 INFO [pool-6-thread-10][:] - /****************流量统计******************/
LastReadBytes:0
LastReadThroughput:0
LastWrittenBytes:0
LastWriteThroughput:0
RealWrittenBytes:0
RealWriteThroughput:0
当前玩家的连接数量:0
当前地图的线程个数：9
当前地图的个数:47
当前数据库执行队列数:0
当前发送队列缓存的对象数量:0
totalMemory：970457088, use ：424870984, free ：545586104DirectMemory：1827143680, 恢复 ：1
当前时间 ：2026-08-19 16:40:34send keng：-1, sheng ：4194304
decode keng：-1, sheng ：2097152
world keng：3, sheng ：1048576

2026-08-19 16:40:39.682 INFO [pool-6-thread-4][:] - /****************流量统计******************/
LastReadBytes:0
LastReadThroughput:0
LastWrittenBytes:0
LastWriteThroughput:0
RealWrittenBytes:0
RealWriteThroughput:0
当前玩家的连接数量:0
当前地图的线程个数：9
当前地图的个数:47
当前数据库执行队列数:0
当前发送队列缓存的对象数量:0
totalMemory：970457088, use ：426930320, free ：543526768DirectMemory：1827143680, 恢复 ：1
当前时间 ：2026-08-19 16:40:39send keng：-1, sheng ：4194304
decode keng：-1, sheng ：2097152
world keng：3, sheng ：1048576

2026-08-19 16:40:44.682 INFO [pool-6-thread-4][:] - /****************流量统计******************/
LastReadBytes:0
LastReadThroughput:0
LastWrittenBytes:0
LastWriteThroughput:0
RealWrittenBytes:0
RealWriteThroughput:0
当前玩家的连接数量:0
当前地图的线程个数：9
当前地图的个数:47
当前数据库执行队列数:0
当前发送队列缓存的对象数量:0
totalMemory：970457088, use ：432219480, free ：538237608DirectMemory：1827143680, 恢复 ：1
当前时间 ：2026-08-19 16:40:44send keng：-1, sheng ：4194304
decode keng：-1, sheng ：2097152
world keng：3, sheng ：1048576

2026-08-19 16:40:49.682 INFO [pool-6-thread-5][:] - /****************流量统计******************/
LastReadBytes:0
LastReadThroughput:0
LastWrittenBytes:0
LastWriteThroughput:0
RealWrittenBytes:0
RealWriteThroughput:0
当前玩家的连接数量:0
当前地图的线程个数：9
当前地图的个数:47
当前数据库执行队列数:0
当前发送队列缓存的对象数量:0
totalMemory：970457088, use ：433973000, free ：536484088DirectMemory：1827143680, 恢复 ：1
当前时间 ：2026-08-19 16:40:49send keng：-1, sheng ：4194304
decode keng：-1, sheng ：2097152
world keng：3, sheng ：1048576

2026-08-19 16:40:54.682 INFO [pool-6-thread-9][:] - /****************流量统计******************/
LastReadBytes:0
LastReadThroughput:0
LastWrittenBytes:0
LastWriteThroughput:0
RealWrittenBytes:0
RealWriteThroughput:0
当前玩家的连接数量:0
当前地图的线程个数：9
当前地图的个数:47
当前数据库执行队列数:0
当前发送队列缓存的对象数量:0
totalMemory：970457088, use ：438898696, free ：531558392DirectMemory：1827143680, 恢复 ：1
当前时间 ：2026-08-19 16:40:54send keng：-1, sheng ：4194304
decode keng：-1, sheng ：2097152
world keng：3, sheng ：1048576

2026-08-19 16:40:59.682 INFO [pool-6-thread-1][:] - /****************流量统计******************/
LastReadBytes:0
LastReadThroughput:0
LastWrittenBytes:0
LastWriteThroughput:0
RealWrittenBytes:0
RealWriteThroughput:0
当前玩家的连接数量:0
当前地图的线程个数：9
当前地图的个数:47
当前数据库执行队列数:0
当前发送队列缓存的对象数量:0
totalMemory：970457088, use ：440620408, free ：529836680DirectMemory：1827143680, 恢复 ：1
当前时间 ：2026-08-19 16:40:59send keng：-1, sheng ：4194304
decode keng：-1, sheng ：2097152
world keng：3, sheng ：1048576

2026-08-19 16:41:04.682 INFO [pool-6-thread-5][:] - /****************流量统计******************/
LastReadBytes:0
LastReadThroughput:0
LastWrittenBytes:0
LastWriteThroughput:0
RealWrittenBytes:0
RealWriteThroughput:0
当前玩家的连接数量:0
当前地图的线程个数：9
当前地图的个数:47
当前数据库执行队列数:0
当前发送队列缓存的对象数量:0
totalMemory：970457088, use ：445687216, free ：524769872DirectMemory：1827143680, 恢复 ：1
当前时间 ：2026-08-19 16:41:04send keng：-1, sheng ：4194304
decode keng：-1, sheng ：2097152
world keng：3, sheng ：1048576

2026-08-19 16:41:09.682 INFO [pool-6-thread-2][:] - /****************流量统计******************/
LastReadBytes:0
LastReadThroughput:0
LastWrittenBytes:0
LastWriteThroughput:0
RealWrittenBytes:0
RealWriteThroughput:0
当前玩家的连接数量:0
当前地图的线程个数：9
当前地图的个数:47
当前数据库执行队列数:0
当前发送队列缓存的对象数量:0
totalMemory：970457088, use ：448264432, free ：522192656DirectMemory：1827143680, 恢复 ：1
当前时间 ：2026-08-19 16:41:09send keng：-1, sheng ：4194304
decode keng：-1, sheng ：2097152
world keng：3, sheng ：1048576

2026-08-19 16:41:14.682 INFO [pool-6-thread-8][:] - /****************流量统计******************/
LastReadBytes:0
LastReadThroughput:0
LastWrittenBytes:0
LastWriteThroughput:0
RealWrittenBytes:0
RealWriteThroughput:0
当前玩家的连接数量:0
当前地图的线程个数：9
当前地图的个数:47
当前数据库执行队列数:0
当前发送队列缓存的对象数量:0
totalMemory：970457088, use ：452732792, free ：517724296DirectMemory：1827143680, 恢复 ：1
当前时间 ：2026-08-19 16:41:14send keng：-1, sheng ：4194304
decode keng：-1, sheng ：2097152
world keng：3, sheng ：1048576

2026-08-19 16:41:19.682 INFO [pool-6-thread-9][:] - /****************流量统计******************/
LastReadBytes:0
LastReadThroughput:0
LastWrittenBytes:0
LastWriteThroughput:0
RealWrittenBytes:0
RealWriteThroughput:0
当前玩家的连接数量:0
当前地图的线程个数：9
当前地图的个数:47
当前数据库执行队列数:0
当前发送队列缓存的对象数量:0
totalMemory：970457088, use ：454977680, free ：515479408DirectMemory：1827143680, 恢复 ：1
当前时间 ：2026-08-19 16:41:19send keng：-1, sheng ：4194304
decode keng：-1, sheng ：2097152
world keng：3, sheng ：1048576

2026-08-19 16:41:24.682 INFO [pool-6-thread-3][:] - /****************流量统计******************/
LastReadBytes:0
LastReadThroughput:0
LastWrittenBytes:0
LastWriteThroughput:0
RealWrittenBytes:0
RealWriteThroughput:0
当前玩家的连接数量:0
当前地图的线程个数：9
当前地图的个数:47
当前数据库执行队列数:0
当前发送队列缓存的对象数量:0
totalMemory：970457088, use ：460290984, free ：510166104DirectMemory：1827143680, 恢复 ：1
当前时间 ：2026-08-19 16:41:24send keng：-1, sheng ：4194304
decode keng：-1, sheng ：2097152
world keng：3, sheng ：1048576

2026-08-19 16:41:29.682 INFO [pool-6-thread-7][:] - /****************流量统计******************/
LastReadBytes:0
LastReadThroughput:0
LastWrittenBytes:0
LastWriteThroughput:0
RealWrittenBytes:0
RealWriteThroughput:0
当前玩家的连接数量:0
当前地图的线程个数：9
当前地图的个数:47
当前数据库执行队列数:0
当前发送队列缓存的对象数量:0
totalMemory：970457088, use ：462465248, free ：507991840DirectMemory：1827143680, 恢复 ：1
当前时间 ：2026-08-19 16:41:29send keng：-1, sheng ：4194304
decode keng：-1, sheng ：2097152
world keng：3, sheng ：1048576

2026-08-19 16:41:34.682 INFO [pool-6-thread-10][:] - /****************流量统计******************/
LastReadBytes:0
LastReadThroughput:0
LastWrittenBytes:0
LastWriteThroughput:0
RealWrittenBytes:0
RealWriteThroughput:0
当前玩家的连接数量:0
当前地图的线程个数：9
当前地图的个数:47
当前数据库执行队列数:0
当前发送队列缓存的对象数量:0
totalMemory：970457088, use ：466519544, free ：503937544DirectMemory：1827143680, 恢复 ：1
当前时间 ：2026-08-19 16:41:34send keng：-1, sheng ：4194304
decode keng：-1, sheng ：2097152
world keng：3, sheng ：1048576

2026-08-19 16:41:39.686 INFO [pool-6-thread-10][:] - /****************流量统计******************/
LastReadBytes:0
LastReadThroughput:0
LastWrittenBytes:0
LastWriteThroughput:0
RealWrittenBytes:0
RealWriteThroughput:0
当前玩家的连接数量:0
当前地图的线程个数：9
当前地图的个数:47
当前数据库执行队列数:0
当前发送队列缓存的对象数量:0
totalMemory：970457088, use ：470037776, free ：500419312DirectMemory：1827143680, 恢复 ：1
当前时间 ：2026-08-19 16:41:39send keng：-1, sheng ：4194304
decode keng：-1, sheng ：2097152
world keng：3, sheng ：1048576

2026-08-19 16:41:44.684 INFO [pool-6-thread-7][:] - /****************流量统计******************/
LastReadBytes:0
LastReadThroughput:0
LastWrittenBytes:0
LastWriteThroughput:0
RealWrittenBytes:0
RealWriteThroughput:0
当前玩家的连接数量:0
当前地图的线程个数：9
当前地图的个数:47
当前数据库执行队列数:0
当前发送队列缓存的对象数量:0
totalMemory：970457088, use ：473578176, free ：496878912DirectMemory：1827143680, 恢复 ：1
当前时间 ：2026-08-19 16:41:44send keng：-1, sheng ：4194304
decode keng：-1, sheng ：2097152
world keng：3, sheng ：1048576

2026-08-19 16:41:49.682 INFO [pool-6-thread-3][:] - /****************流量统计******************/
LastReadBytes:0
LastReadThroughput:0
LastWrittenBytes:0
LastWriteThroughput:0
RealWrittenBytes:0
RealWriteThroughput:0
当前玩家的连接数量:0
当前地图的线程个数：9
当前地图的个数:47
当前数据库执行队列数:0
当前发送队列缓存的对象数量:0
totalMemory：970457088, use ：476798984, free ：493658104DirectMemory：1827143680, 恢复 ：1
当前时间 ：2026-08-19 16:41:49send keng：-1, sheng ：4194304
decode keng：-1, sheng ：2097152
world keng：3, sheng ：1048576

2026-08-19 16:41:54.682 INFO [pool-6-thread-7][:] - /****************流量统计******************/
LastReadBytes:0
LastReadThroughput:0
LastWrittenBytes:0
LastWriteThroughput:0
RealWrittenBytes:0
RealWriteThroughput:0
当前玩家的连接数量:0
当前地图的线程个数：9
当前地图的个数:47
当前数据库执行队列数:0
当前发送队列缓存的对象数量:0
totalMemory：970457088, use ：480659616, free ：489797472DirectMemory：1827143680, 恢复 ：1
当前时间 ：2026-08-19 16:41:54send keng：-1, sheng ：4194304
decode keng：-1, sheng ：2097152
world keng：3, sheng ：1048576

2026-08-19 16:41:59.682 INFO [pool-6-thread-5][:] - /****************流量统计******************/
LastReadBytes:0
LastReadThroughput:0
LastWrittenBytes:0
LastWriteThroughput:0
RealWrittenBytes:0
RealWriteThroughput:0
当前玩家的连接数量:0
当前地图的线程个数：9
当前地图的个数:47
当前数据库执行队列数:0
当前发送队列缓存的对象数量:0
totalMemory：970457088, use ：483872432, free ：486584656DirectMemory：1827143680, 恢复 ：1
当前时间 ：2026-08-19 16:41:59send keng：-1, sheng ：4194304
decode keng：-1, sheng ：2097152
world keng：3, sheng ：1048576

2026-08-19 16:42:04.682 INFO [pool-6-thread-8][:] - /****************流量统计******************/
LastReadBytes:0
LastReadThroughput:0
LastWrittenBytes:0
LastWriteThroughput:0
RealWrittenBytes:0
RealWriteThroughput:0
当前玩家的连接数量:0
当前地图的线程个数：9
当前地图的个数:47
当前数据库执行队列数:0
当前发送队列缓存的对象数量:0
totalMemory：970457088, use ：487869768, free ：482587320DirectMemory：1827143680, 恢复 ：1
当前时间 ：2026-08-19 16:42:04send keng：-1, sheng ：4194304
decode keng：-1, sheng ：2097152
world keng：3, sheng ：1048576

2026-08-19 16:42:09.682 INFO [pool-6-thread-7][:] - /****************流量统计******************/
LastReadBytes:0
LastReadThroughput:0
LastWrittenBytes:0
LastWriteThroughput:0
RealWrittenBytes:0
RealWriteThroughput:0
当前玩家的连接数量:0
当前地图的线程个数：9
当前地图的个数:47
当前数据库执行队列数:0
当前发送队列缓存的对象数量:0
totalMemory：970457088, use ：492303848, free ：478153240DirectMemory：1827143680, 恢复 ：1
当前时间 ：2026-08-19 16:42:09send keng：-1, sheng ：4194304
decode keng：-1, sheng ：2097152
world keng：3, sheng ：1048576

2026-08-19 16:42:14.682 INFO [pool-6-thread-1][:] - /****************流量统计******************/
LastReadBytes:0
LastReadThroughput:0
LastWrittenBytes:0
LastWriteThroughput:0
RealWrittenBytes:0
RealWriteThroughput:0
当前玩家的连接数量:0
当前地图的线程个数：9
当前地图的个数:47
当前数据库执行队列数:0
当前发送队列缓存的对象数量:0
totalMemory：970457088, use ：494980056, free ：475477032DirectMemory：1827143680, 恢复 ：1
当前时间 ：2026-08-19 16:42:14send keng：-1, sheng ：4194304
decode keng：-1, sheng ：2097152
world keng：3, sheng ：1048576

2026-08-19 16:42:19.682 INFO [pool-6-thread-9][:] - /****************流量统计******************/
LastReadBytes:0
LastReadThroughput:0
LastWrittenBytes:0
LastWriteThroughput:0
RealWrittenBytes:0
RealWriteThroughput:0
当前玩家的连接数量:0
当前地图的线程个数：9
当前地图的个数:47
当前数据库执行队列数:0
当前发送队列缓存的对象数量:0
totalMemory：970457088, use ：499472696, free ：470984392DirectMemory：1827143680, 恢复 ：1
当前时间 ：2026-08-19 16:42:19send keng：-1, sheng ：4194304
decode keng：-1, sheng ：2097152
world keng：3, sheng ：1048576

2026-08-19 16:42:24.682 INFO [pool-6-thread-2][:] - /****************流量统计******************/
LastReadBytes:0
LastReadThroughput:0
LastWrittenBytes:0
LastWriteThroughput:0
RealWrittenBytes:0
RealWriteThroughput:0
当前玩家的连接数量:0
当前地图的线程个数：9
当前地图的个数:47
当前数据库执行队列数:0
当前发送队列缓存的对象数量:0
totalMemory：970457088, use ：502058872, free ：468398216DirectMemory：1827143680, 恢复 ：1
当前时间 ：2026-08-19 16:42:24send keng：-1, sheng ：4194304
decode keng：-1, sheng ：2097152
world keng：3, sheng ：1048576

2026-08-19 16:42:29.682 INFO [pool-6-thread-8][:] - /****************流量统计******************/
LastReadBytes:0
LastReadThroughput:0
LastWrittenBytes:0
LastWriteThroughput:0
RealWrittenBytes:0
RealWriteThroughput:0
当前玩家的连接数量:0
当前地图的线程个数：9
当前地图的个数:47
当前数据库执行队列数:0
当前发送队列缓存的对象数量:0
totalMemory：970457088, use ：506555680, free ：463901408DirectMemory：1827143680, 恢复 ：1
当前时间 ：2026-08-19 16:42:29send keng：-1, sheng ：4194304
decode keng：-1, sheng ：2097152
world keng：3, sheng ：1048576

2026-08-19 16:42:34.682 INFO [pool-6-thread-4][:] - /****************流量统计******************/
LastReadBytes:0
LastReadThroughput:0
LastWrittenBytes:0
LastWriteThroughput:0
RealWrittenBytes:0
RealWriteThroughput:0
当前玩家的连接数量:0
当前地图的线程个数：9
当前地图的个数:47
当前数据库执行队列数:0
当前发送队列缓存的对象数量:0
totalMemory：970457088, use ：509164568, free ：461292520DirectMemory：1827143680, 恢复 ：1
当前时间 ：2026-08-19 16:42:34send keng：-1, sheng ：4194304
decode keng：-1, sheng ：2097152
world keng：3, sheng ：1048576

2026-08-19 16:42:39.682 INFO [pool-6-thread-6][:] - /****************流量统计******************/
LastReadBytes:0
LastReadThroughput:0
LastWrittenBytes:0
LastWriteThroughput:0
RealWrittenBytes:0
RealWriteThroughput:0
当前玩家的连接数量:0
当前地图的线程个数：9
当前地图的个数:47
当前数据库执行队列数:0
当前发送队列缓存的对象数量:0
totalMemory：970457088, use ：514040376, free ：456416712DirectMemory：1827143680, 恢复 ：1
当前时间 ：2026-08-19 16:42:39send keng：-1, sheng ：4194304
decode keng：-1, sheng ：2097152
world keng：3, sheng ：1048576

2026-08-19 16:42:44.682 INFO [pool-6-thread-6][:] - /****************流量统计******************/
LastReadBytes:0
LastReadThroughput:0
LastWrittenBytes:0
LastWriteThroughput:0
RealWrittenBytes:0
RealWriteThroughput:0
当前玩家的连接数量:0
当前地图的线程个数：9
当前地图的个数:47
当前数据库执行队列数:0
当前发送队列缓存的对象数量:0
totalMemory：970457088, use ：515825112, free ：454631976DirectMemory：1827143680, 恢复 ：1
当前时间 ：2026-08-19 16:42:44send keng：-1, sheng ：4194304
decode keng：-1, sheng ：2097152
world keng：3, sheng ：1048576

2026-08-19 16:42:49.682 INFO [pool-6-thread-1][:] - /****************流量统计******************/
LastReadBytes:0
LastReadThroughput:0
LastWrittenBytes:0
LastWriteThroughput:0
RealWrittenBytes:0
RealWriteThroughput:0
当前玩家的连接数量:0
当前地图的线程个数：9
当前地图的个数:47
当前数据库执行队列数:0
当前发送队列缓存的对象数量:0
totalMemory：970457088, use ：520689984, free ：449767104DirectMemory：1827143680, 恢复 ：1
当前时间 ：2026-08-19 16:42:49send keng：-1, sheng ：4194304
decode keng：-1, sheng ：2097152
world keng：3, sheng ：1048576

2026-08-19 16:42:54.682 INFO [pool-6-thread-8][:] - /****************流量统计******************/
LastReadBytes:0
LastReadThroughput:0
LastWrittenBytes:0
LastWriteThroughput:0
RealWrittenBytes:0
RealWriteThroughput:0
当前玩家的连接数量:0
当前地图的线程个数：9
当前地图的个数:47
当前数据库执行队列数:0
当前发送队列缓存的对象数量:0
totalMemory：970457088, use ：522926264, free ：447530824DirectMemory：1827143680, 恢复 ：1
当前时间 ：2026-08-19 16:42:54send keng：-1, sheng ：4194304
decode keng：-1, sheng ：2097152
world keng：3, sheng ：1048576

2026-08-19 16:42:59.682 INFO [pool-6-thread-7][:] - /****************流量统计******************/
LastReadBytes:0
LastReadThroughput:0
LastWrittenBytes:0
LastWriteThroughput:0
RealWrittenBytes:0
RealWriteThroughput:0
当前玩家的连接数量:0
当前地图的线程个数：9
当前地图的个数:47
当前数据库执行队列数:0
当前发送队列缓存的对象数量:0
totalMemory：970457088, use ：527781360, free ：442675728DirectMemory：1827143680, 恢复 ：1
当前时间 ：2026-08-19 16:42:59send keng：-1, sheng ：4194304
decode keng：-1, sheng ：2097152
world keng：3, sheng ：1048576

2026-08-19 16:43:04.682 INFO [pool-6-thread-2][:] - /****************流量统计******************/
LastReadBytes:0
LastReadThroughput:0
LastWrittenBytes:0
LastWriteThroughput:0
RealWrittenBytes:0
RealWriteThroughput:0
当前玩家的连接数量:0
当前地图的线程个数：9
当前地图的个数:47
当前数据库执行队列数:0
当前发送队列缓存的对象数量:0
totalMemory：970457088, use ：530555504, free ：439901584DirectMemory：1827143680, 恢复 ：1
当前时间 ：2026-08-19 16:43:04send keng：-1, sheng ：4194304
decode keng：-1, sheng ：2097152
world keng：3, sheng ：1048576

2026-08-19 16:43:09.682 INFO [pool-6-thread-2][:] - /****************流量统计******************/
LastReadBytes:0
LastReadThroughput:0
LastWrittenBytes:0
LastWriteThroughput:0
RealWrittenBytes:0
RealWriteThroughput:0
当前玩家的连接数量:0
当前地图的线程个数：9
当前地图的个数:47
当前数据库执行队列数:0
当前发送队列缓存的对象数量:0
totalMemory：970457088, use ：534562184, free ：435894904DirectMemory：1827143680, 恢复 ：1
当前时间 ：2026-08-19 16:43:09send keng：-1, sheng ：4194304
decode keng：-1, sheng ：2097152
world keng：3, sheng ：1048576

2026-08-19 16:43:14.682 INFO [pool-6-thread-3][:] - /****************流量统计******************/
LastReadBytes:0
LastReadThroughput:0
LastWrittenBytes:0
LastWriteThroughput:0
RealWrittenBytes:0
RealWriteThroughput:0
当前玩家的连接数量:0
当前地图的线程个数：9
当前地图的个数:47
当前数据库执行队列数:0
当前发送队列缓存的对象数量:0
totalMemory：970457088, use ：536561408, free ：433895680DirectMemory：1827143680, 恢复 ：1
当前时间 ：2026-08-19 16:43:14send keng：-1, sheng ：4194304
decode keng：-1, sheng ：2097152
world keng：3, sheng ：1048576

2026-08-19 16:43:19.682 INFO [pool-6-thread-7][:] - /****************流量统计******************/
LastReadBytes:0
LastReadThroughput:0
LastWrittenBytes:0
LastWriteThroughput:0
RealWrittenBytes:0
RealWriteThroughput:0
当前玩家的连接数量:0
当前地图的线程个数：9
当前地图的个数:47
当前数据库执行队列数:0
当前发送队列缓存的对象数量:0
totalMemory：970457088, use ：542090960, free ：428366128DirectMemory：1827143680, 恢复 ：1
当前时间 ：2026-08-19 16:43:19send keng：-1, sheng ：4194304
decode keng：-1, sheng ：2097152
world keng：3, sheng ：1048576

2026-08-19 16:43:24.682 INFO [pool-6-thread-7][:] - /****************流量统计******************/
LastReadBytes:0
LastReadThroughput:0
LastWrittenBytes:0
LastWriteThroughput:0
RealWrittenBytes:0
RealWriteThroughput:0
当前玩家的连接数量:0
当前地图的线程个数：9
当前地图的个数:47
当前数据库执行队列数:0
当前发送队列缓存的对象数量:0
totalMemory：970457088, use ：544016936, free ：426440152DirectMemory：1827143680, 恢复 ：1
当前时间 ：2026-08-19 16:43:24send keng：-1, sheng ：4194304
decode keng：-1, sheng ：2097152
world keng：3, sheng ：1048576

2026-08-19 16:43:29.682 INFO [pool-6-thread-10][:] - /****************流量统计******************/
LastReadBytes:0
LastReadThroughput:0
LastWrittenBytes:0
LastWriteThroughput:0
RealWrittenBytes:0
RealWriteThroughput:0
当前玩家的连接数量:0
当前地图的线程个数：9
当前地图的个数:47
当前数据库执行队列数:0
当前发送队列缓存的对象数量:0
totalMemory：970457088, use ：548765952, free ：421691136DirectMemory：1827143680, 恢复 ：1
当前时间 ：2026-08-19 16:43:29send keng：-1, sheng ：4194304
decode keng：-1, sheng ：2097152
world keng：3, sheng ：1048576

2026-08-19 16:43:34.682 INFO [pool-6-thread-2][:] - /****************流量统计******************/
LastReadBytes:0
LastReadThroughput:0
LastWrittenBytes:0
LastWriteThroughput:0
RealWrittenBytes:0
RealWriteThroughput:0
当前玩家的连接数量:0
当前地图的线程个数：9
当前地图的个数:47
当前数据库执行队列数:0
当前发送队列缓存的对象数量:0
totalMemory：970457088, use ：552496784, free ：417960304DirectMemory：1827143680, 恢复 ：1
当前时间 ：2026-08-19 16:43:34send keng：-1, sheng ：4194304
decode keng：-1, sheng ：2097152
world keng：3, sheng ：1048576

2026-08-19 16:43:39.682 INFO [pool-6-thread-7][:] - /****************流量统计******************/
LastReadBytes:0
LastReadThroughput:0
LastWrittenBytes:0
LastWriteThroughput:0
RealWrittenBytes:0
RealWriteThroughput:0
当前玩家的连接数量:0
当前地图的线程个数：9
当前地图的个数:47
当前数据库执行队列数:0
当前发送队列缓存的对象数量:0
totalMemory：970457088, use ：555424688, free ：415032400DirectMemory：1827143680, 恢复 ：1
当前时间 ：2026-08-19 16:43:39send keng：-1, sheng ：4194304
decode keng：-1, sheng ：2097152
world keng：3, sheng ：1048576

2026-08-19 16:43:44.682 INFO [pool-6-thread-1][:] - /****************流量统计******************/
LastReadBytes:0
LastReadThroughput:0
LastWrittenBytes:0
LastWriteThroughput:0
RealWrittenBytes:0
RealWriteThroughput:0
当前玩家的连接数量:0
当前地图的线程个数：9
当前地图的个数:47
当前数据库执行队列数:0
当前发送队列缓存的对象数量:0
totalMemory：970457088, use ：559407296, free ：411049792DirectMemory：1827143680, 恢复 ：1
当前时间 ：2026-08-19 16:43:44send keng：-1, sheng ：4194304
decode keng：-1, sheng ：2097152
world keng：3, sheng ：1048576

2026-08-19 16:43:49.682 INFO [pool-6-thread-6][:] - /****************流量统计******************/
LastReadBytes:0
LastReadThroughput:0
LastWrittenBytes:0
LastWriteThroughput:0
RealWrittenBytes:0
RealWriteThroughput:0
当前玩家的连接数量:0
当前地图的线程个数：9
当前地图的个数:47
当前数据库执行队列数:0
当前发送队列缓存的对象数量:0
totalMemory：970457088, use ：562510336, free ：407946752DirectMemory：1827143680, 恢复 ：1
当前时间 ：2026-08-19 16:43:49send keng：-1, sheng ：4194304
decode keng：-1, sheng ：2097152
world keng：3, sheng ：1048576

2026-08-19 16:43:54.682 INFO [pool-6-thread-8][:] - /****************流量统计******************/
LastReadBytes:0
LastReadThroughput:0
LastWrittenBytes:0
LastWriteThroughput:0
RealWrittenBytes:0
RealWriteThroughput:0
当前玩家的连接数量:0
当前地图的线程个数：9
当前地图的个数:47
当前数据库执行队列数:0
当前发送队列缓存的对象数量:0
totalMemory：970457088, use ：566949856, free ：403507232DirectMemory：1827143680, 恢复 ：1
当前时间 ：2026-08-19 16:43:54send keng：-1, sheng ：4194304
decode keng：-1, sheng ：2097152
world keng：3, sheng ：1048576

2026-08-19 16:43:59.682 INFO [pool-6-thread-1][:] - /****************流量统计******************/
LastReadBytes:0
LastReadThroughput:0
LastWrittenBytes:0
LastWriteThroughput:0
RealWrittenBytes:0
RealWriteThroughput:0
当前玩家的连接数量:0
当前地图的线程个数：9
当前地图的个数:47
当前数据库执行队列数:0
当前发送队列缓存的对象数量:0
totalMemory：970457088, use ：569112208, free ：401344880DirectMemory：1827143680, 恢复 ：1
当前时间 ：2026-08-19 16:43:59send keng：-1, sheng ：4194304
decode keng：-1, sheng ：2097152
world keng：3, sheng ：1048576

2026-08-19 16:44:04.682 INFO [pool-6-thread-3][:] - /****************流量统计******************/
LastReadBytes:0
LastReadThroughput:0
LastWrittenBytes:0
LastWriteThroughput:0
RealWrittenBytes:0
RealWriteThroughput:0
当前玩家的连接数量:0
当前地图的线程个数：9
当前地图的个数:47
当前数据库执行队列数:0
当前发送队列缓存的对象数量:0
totalMemory：970457088, use ：574169928, free ：396287160DirectMemory：1827143680, 恢复 ：1
当前时间 ：2026-08-19 16:44:04send keng：-1, sheng ：4194304
decode keng：-1, sheng ：2097152
world keng：3, sheng ：1048576

2026-08-19 16:44:09.682 INFO [pool-6-thread-7][:] - /****************流量统计******************/
LastReadBytes:0
LastReadThroughput:0
LastWrittenBytes:0
LastWriteThroughput:0
RealWrittenBytes:0
RealWriteThroughput:0
当前玩家的连接数量:0
当前地图的线程个数：9
当前地图的个数:47
当前数据库执行队列数:0
当前发送队列缓存的对象数量:0
totalMemory：970457088, use ：575903976, free ：394553112DirectMemory：1827143680, 恢复 ：1
当前时间 ：2026-08-19 16:44:09send keng：-1, sheng ：4194304
decode keng：-1, sheng ：2097152
world keng：3, sheng ：1048576

2026-08-19 16:44:14.683 INFO [pool-6-thread-8][:] - /****************流量统计******************/
LastReadBytes:0
LastReadThroughput:0
LastWrittenBytes:0
LastWriteThroughput:0
RealWrittenBytes:0
RealWriteThroughput:0
当前玩家的连接数量:0
当前地图的线程个数：9
当前地图的个数:47
当前数据库执行队列数:0
当前发送队列缓存的对象数量:0
totalMemory：970457088, use ：581659368, free ：388797720DirectMemory：1827143680, 恢复 ：1
当前时间 ：2026-08-19 16:44:14send keng：-1, sheng ：4194304
decode keng：-1, sheng ：2097152
world keng：3, sheng ：1048576

2026-08-19 16:44:19.682 INFO [pool-6-thread-8][:] - /****************流量统计******************/
LastReadBytes:0
LastReadThroughput:0
LastWrittenBytes:0
LastWriteThroughput:0
RealWrittenBytes:0
RealWriteThroughput:0
当前玩家的连接数量:0
当前地图的线程个数：9
当前地图的个数:47
当前数据库执行队列数:0
当前发送队列缓存的对象数量:0
totalMemory：970457088, use ：583498208, free ：386958880DirectMemory：1827143680, 恢复 ：1
当前时间 ：2026-08-19 16:44:19send keng：-1, sheng ：4194304
decode keng：-1, sheng ：2097152
world keng：3, sheng ：1048576

2026-08-19 16:44:24.682 INFO [pool-6-thread-3][:] - /****************流量统计******************/
LastReadBytes:0
LastReadThroughput:0
LastWrittenBytes:0
LastWriteThroughput:0
RealWrittenBytes:0
RealWriteThroughput:0
当前玩家的连接数量:0
当前地图的线程个数：9
当前地图的个数:47
当前数据库执行队列数:0
当前发送队列缓存的对象数量:0
totalMemory：970457088, use ：587924616, free ：382532472DirectMemory：1827143680, 恢复 ：1
当前时间 ：2026-08-19 16:44:24send keng：-1, sheng ：4194304
decode keng：-1, sheng ：2097152
world keng：3, sheng ：1048576

2026-08-19 16:44:29.682 INFO [pool-6-thread-4][:] - /****************流量统计******************/
LastReadBytes:0
LastReadThroughput:0
LastWrittenBytes:0
LastWriteThroughput:0
RealWrittenBytes:0
RealWriteThroughput:0
当前玩家的连接数量:0
当前地图的线程个数：9
当前地图的个数:47
当前数据库执行队列数:0
当前发送队列缓存的对象数量:0
totalMemory：970457088, use ：590716224, free ：379740864DirectMemory：1827143680, 恢复 ：1
当前时间 ：2026-08-19 16:44:29send keng：-1, sheng ：4194304
decode keng：-1, sheng ：2097152
world keng：3, sheng ：1048576

2026-08-19 16:44:34.682 INFO [pool-6-thread-4][:] - /****************流量统计******************/
LastReadBytes:0
LastReadThroughput:0
LastWrittenBytes:0
LastWriteThroughput:0
RealWrittenBytes:0
RealWriteThroughput:0
当前玩家的连接数量:0
当前地图的线程个数：9
当前地图的个数:47
当前数据库执行队列数:0
当前发送队列缓存的对象数量:0
totalMemory：970457088, use ：595020088, free ：375437000DirectMemory：1827143680, 恢复 ：1
当前时间 ：2026-08-19 16:44:34send keng：-1, sheng ：4194304
decode keng：-1, sheng ：2097152
world keng：3, sheng ：1048576

2026-08-19 16:44:39.682 INFO [pool-6-thread-2][:] - /****************流量统计******************/
LastReadBytes:0
LastReadThroughput:0
LastWrittenBytes:0
LastWriteThroughput:0
RealWrittenBytes:0
RealWriteThroughput:0
当前玩家的连接数量:0
当前地图的线程个数：9
当前地图的个数:47
当前数据库执行队列数:0
当前发送队列缓存的对象数量:0
totalMemory：970457088, use ：597529544, free ：372927544DirectMemory：1827143680, 恢复 ：1
当前时间 ：2026-08-19 16:44:39send keng：-1, sheng ：4194304
decode keng：-1, sheng ：2097152
world keng：3, sheng ：1048576

2026-08-19 16:44:44.682 INFO [pool-6-thread-8][:] - /****************流量统计******************/
LastReadBytes:0
LastReadThroughput:0
LastWrittenBytes:0
LastWriteThroughput:0
RealWrittenBytes:0
RealWriteThroughput:0
当前玩家的连接数量:0
当前地图的线程个数：9
当前地图的个数:47
当前数据库执行队列数:0
当前发送队列缓存的对象数量:0
totalMemory：970457088, use ：602105808, free ：368351280DirectMemory：1827143680, 恢复 ：1
当前时间 ：2026-08-19 16:44:44send keng：-1, sheng ：4194304
decode keng：-1, sheng ：2097152
world keng：3, sheng ：1048576

2026-08-19 16:44:49.682 INFO [pool-6-thread-9][:] - /****************流量统计******************/
LastReadBytes:0
LastReadThroughput:0
LastWrittenBytes:0
LastWriteThroughput:0
RealWrittenBytes:0
RealWriteThroughput:0
当前玩家的连接数量:0
当前地图的线程个数：9
当前地图的个数:47
当前数据库执行队列数:0
当前发送队列缓存的对象数量:0
totalMemory：970457088, use ：604890696, free ：365566392DirectMemory：1827143680, 恢复 ：1
当前时间 ：2026-08-19 16:44:49send keng：-1, sheng ：4194304
decode keng：-1, sheng ：2097152
world keng：3, sheng ：1048576

2026-08-19 16:44:54.682 INFO [pool-6-thread-8][:] - /****************流量统计******************/
LastReadBytes:0
LastReadThroughput:0
LastWrittenBytes:0
LastWriteThroughput:0
RealWrittenBytes:0
RealWriteThroughput:0
当前玩家的连接数量:0
当前地图的线程个数：9
当前地图的个数:47
当前数据库执行队列数:0
当前发送队列缓存的对象数量:0
totalMemory：970457088, use ：608703800, free ：361753288DirectMemory：1827143680, 恢复 ：1
当前时间 ：2026-08-19 16:44:54send keng：-1, sheng ：4194304
decode keng：-1, sheng ：2097152
world keng：3, sheng ：1048576

2026-08-19 16:44:59.682 INFO [pool-6-thread-3][:] - /****************流量统计******************/
LastReadBytes:0
LastReadThroughput:0
LastWrittenBytes:0
LastWriteThroughput:0
RealWrittenBytes:0
RealWriteThroughput:0
当前玩家的连接数量:0
当前地图的线程个数：9
当前地图的个数:47
当前数据库执行队列数:0
当前发送队列缓存的对象数量:0
totalMemory：970457088, use ：611942352, free ：358514736DirectMemory：1827143680, 恢复 ：1
当前时间 ：2026-08-19 16:44:59send keng：-1, sheng ：4194304
decode keng：-1, sheng ：2097152
world keng：3, sheng ：1048576

2026-08-19 16:45:04.682 INFO [pool-6-thread-2][:] - /****************流量统计******************/
LastReadBytes:0
LastReadThroughput:0
LastWrittenBytes:0
LastWriteThroughput:0
RealWrittenBytes:0
RealWriteThroughput:0
当前玩家的连接数量:0
当前地图的线程个数：9
当前地图的个数:47
当前数据库执行队列数:0
当前发送队列缓存的对象数量:0
totalMemory：970457088, use ：615925736, free ：354531352DirectMemory：1827143680, 恢复 ：1
当前时间 ：2026-08-19 16:45:04send keng：-1, sheng ：4194304
decode keng：-1, sheng ：2097152
world keng：3, sheng ：1048576

2026-08-19 16:45:09.682 INFO [pool-6-thread-3][:] - /****************流量统计******************/
LastReadBytes:0
LastReadThroughput:0
LastWrittenBytes:0
LastWriteThroughput:0
RealWrittenBytes:0
RealWriteThroughput:0
当前玩家的连接数量:0
当前地图的线程个数：9
当前地图的个数:47
当前数据库执行队列数:0
当前发送队列缓存的对象数量:0
totalMemory：970457088, use ：619314032, free ：351143056DirectMemory：1827143680, 恢复 ：1
当前时间 ：2026-08-19 16:45:09send keng：-1, sheng ：4194304
decode keng：-1, sheng ：2097152
world keng：3, sheng ：1048576

2026-08-19 16:45:14.682 INFO [pool-6-thread-8][:] - /****************流量统计******************/
LastReadBytes:0
LastReadThroughput:0
LastWrittenBytes:0
LastWriteThroughput:0
RealWrittenBytes:0
RealWriteThroughput:0
当前玩家的连接数量:0
当前地图的线程个数：9
当前地图的个数:47
当前数据库执行队列数:0
当前发送队列缓存的对象数量:0
totalMemory：970457088, use ：623452248, free ：347004840DirectMemory：1827143680, 恢复 ：1
当前时间 ：2026-08-19 16:45:14send keng：-1, sheng ：4194304
decode keng：-1, sheng ：2097152
world keng：3, sheng ：1048576

2026-08-19 16:45:19.682 INFO [pool-6-thread-2][:] - /****************流量统计******************/
LastReadBytes:0
LastReadThroughput:0
LastWrittenBytes:0
LastWriteThroughput:0
RealWrittenBytes:0
RealWriteThroughput:0
当前玩家的连接数量:0
当前地图的线程个数：9
当前地图的个数:47
当前数据库执行队列数:0
当前发送队列缓存的对象数量:0
totalMemory：970457088, use ：627059672, free ：343397416DirectMemory：1827143680, 恢复 ：1
当前时间 ：2026-08-19 16:45:19send keng：-1, sheng ：4194304
decode keng：-1, sheng ：2097152
world keng：3, sheng ：1048576

2026-08-19 16:45:24.682 INFO [pool-6-thread-9][:] - /****************流量统计******************/
LastReadBytes:0
LastReadThroughput:0
LastWrittenBytes:0
LastWriteThroughput:0
RealWrittenBytes:0
RealWriteThroughput:0
当前玩家的连接数量:0
当前地图的线程个数：9
当前地图的个数:47
当前数据库执行队列数:0
当前发送队列缓存的对象数量:0
totalMemory：970457088, use ：629731488, free ：340725600DirectMemory：1827143680, 恢复 ：1
当前时间 ：2026-08-19 16:45:24send keng：-1, sheng ：4194304
decode keng：-1, sheng ：2097152
world keng：3, sheng ：1048576

2026-08-19 16:45:29.684 INFO [pool-6-thread-6][:] - /****************流量统计******************/
LastReadBytes:0
LastReadThroughput:0
LastWrittenBytes:0
LastWriteThroughput:0
RealWrittenBytes:0
RealWriteThroughput:0
当前玩家的连接数量:0
当前地图的线程个数：9
当前地图的个数:47
当前数据库执行队列数:0
当前发送队列缓存的对象数量:0
totalMemory：970457088, use ：635041208, free ：335415880DirectMemory：1827143680, 恢复 ：1
当前时间 ：2026-08-19 16:45:29send keng：-1, sheng ：4194304
decode keng：-1, sheng ：2097152
world keng：3, sheng ：1048576

2026-08-19 16:45:34.682 INFO [pool-6-thread-6][:] - /****************流量统计******************/
LastReadBytes:0
LastReadThroughput:0
LastWrittenBytes:0
LastWriteThroughput:0
RealWrittenBytes:0
RealWriteThroughput:0
当前玩家的连接数量:0
当前地图的线程个数：9
当前地图的个数:47
当前数据库执行队列数:0
当前发送队列缓存的对象数量:0
totalMemory：970457088, use ：637193072, free ：333264016DirectMemory：1827143680, 恢复 ：1
当前时间 ：2026-08-19 16:45:34send keng：-1, sheng ：4194304
decode keng：-1, sheng ：2097152
world keng：3, sheng ：1048576

2026-08-19 16:45:39.682 INFO [pool-6-thread-4][:] - /****************流量统计******************/
LastReadBytes:0
LastReadThroughput:0
LastWrittenBytes:0
LastWriteThroughput:0
RealWrittenBytes:0
RealWriteThroughput:0
当前玩家的连接数量:0
当前地图的线程个数：9
当前地图的个数:47
当前数据库执行队列数:0
当前发送队列缓存的对象数量:0
totalMemory：970457088, use ：642122096, free ：328334992DirectMemory：1827143680, 恢复 ：1
当前时间 ：2026-08-19 16:45:39send keng：-1, sheng ：4194304
decode keng：-1, sheng ：2097152
world keng：3, sheng ：1048576

2026-08-19 16:45:44.682 INFO [pool-6-thread-1][:] - /****************流量统计******************/
LastReadBytes:0
LastReadThroughput:0
LastWrittenBytes:0
LastWriteThroughput:0
RealWrittenBytes:0
RealWriteThroughput:0
当前玩家的连接数量:0
当前地图的线程个数：9
当前地图的个数:47
当前数据库执行队列数:0
当前发送队列缓存的对象数量:0
totalMemory：970457088, use ：643443768, free ：327013320DirectMemory：1827143680, 恢复 ：1
当前时间 ：2026-08-19 16:45:44send keng：-1, sheng ：4194304
decode keng：-1, sheng ：2097152
world keng：3, sheng ：1048576

2026-08-19 16:45:49.682 INFO [pool-6-thread-4][:] - /****************流量统计******************/
LastReadBytes:0
LastReadThroughput:0
LastWrittenBytes:0
LastWriteThroughput:0
RealWrittenBytes:0
RealWriteThroughput:0
当前玩家的连接数量:0
当前地图的线程个数：9
当前地图的个数:47
当前数据库执行队列数:0
当前发送队列缓存的对象数量:0
totalMemory：970457088, use ：649152472, free ：321304616DirectMemory：1827143680, 恢复 ：1
当前时间 ：2026-08-19 16:45:49send keng：-1, sheng ：4194304
decode keng：-1, sheng ：2097152
world keng：3, sheng ：1048576

2026-08-19 16:45:54.682 INFO [pool-6-thread-3][:] - /****************流量统计******************/
LastReadBytes:0
LastReadThroughput:0
LastWrittenBytes:0
LastWriteThroughput:0
RealWrittenBytes:0
RealWriteThroughput:0
当前玩家的连接数量:0
当前地图的线程个数：9
当前地图的个数:47
当前数据库执行队列数:0
当前发送队列缓存的对象数量:0
totalMemory：970457088, use ：651102688, free ：319354400DirectMemory：1827143680, 恢复 ：1
当前时间 ：2026-08-19 16:45:54send keng：-1, sheng ：4194304
decode keng：-1, sheng ：2097152
world keng：3, sheng ：1048576

2026-08-19 16:45:59.682 INFO [pool-6-thread-7][:] - /****************流量统计******************/
LastReadBytes:0
LastReadThroughput:0
LastWrittenBytes:0
LastWriteThroughput:0
RealWrittenBytes:0
RealWriteThroughput:0
当前玩家的连接数量:0
当前地图的线程个数：9
当前地图的个数:47
当前数据库执行队列数:0
当前发送队列缓存的对象数量:0
totalMemory：970457088, use ：655380920, free ：315076168DirectMemory：1827143680, 恢复 ：1
当前时间 ：2026-08-19 16:45:59send keng：-1, sheng ：4194304
decode keng：-1, sheng ：2097152
world keng：3, sheng ：1048576

2026-08-19 16:46:04.682 INFO [pool-6-thread-1][:] - /****************流量统计******************/
LastReadBytes:0
LastReadThroughput:0
LastWrittenBytes:0
LastWriteThroughput:0
RealWrittenBytes:0
RealWriteThroughput:0
当前玩家的连接数量:0
当前地图的线程个数：9
当前地图的个数:47
当前数据库执行队列数:0
当前发送队列缓存的对象数量:0
totalMemory：970457088, use ：658440488, free ：312016600DirectMemory：1827143680, 恢复 ：1
当前时间 ：2026-08-19 16:46:04send keng：-1, sheng ：4194304
decode keng：-1, sheng ：2097152
world keng：3, sheng ：1048576

2026-08-19 16:46:09.682 INFO [pool-6-thread-1][:] - /****************流量统计******************/
LastReadBytes:0
LastReadThroughput:0
LastWrittenBytes:0
LastWriteThroughput:0
RealWrittenBytes:0
RealWriteThroughput:0
当前玩家的连接数量:0
当前地图的线程个数：9
当前地图的个数:47
当前数据库执行队列数:0
当前发送队列缓存的对象数量:0
totalMemory：970457088, use ：662599696, free ：307857392DirectMemory：1827143680, 恢复 ：1
当前时间 ：2026-08-19 16:46:09send keng：-1, sheng ：4194304
decode keng：-1, sheng ：2097152
world keng：3, sheng ：1048576

2026-08-19 16:46:14.682 INFO [pool-6-thread-2][:] - /****************流量统计******************/
LastReadBytes:0
LastReadThroughput:0
LastWrittenBytes:0
LastWriteThroughput:0
RealWrittenBytes:0
RealWriteThroughput:0
当前玩家的连接数量:0
当前地图的线程个数：9
当前地图的个数:47
当前数据库执行队列数:0
当前发送队列缓存的对象数量:0
totalMemory：970457088, use ：665403456, free ：305053632DirectMemory：1827143680, 恢复 ：1
当前时间 ：2026-08-19 16:46:14send keng：-1, sheng ：4194304
decode keng：-1, sheng ：2097152
world keng：3, sheng ：1048576

2026-08-19 16:46:19.682 INFO [pool-6-thread-5][:] - /****************流量统计******************/
LastReadBytes:0
LastReadThroughput:0
LastWrittenBytes:0
LastWriteThroughput:0
RealWrittenBytes:0
RealWriteThroughput:0
当前玩家的连接数量:0
当前地图的线程个数：9
当前地图的个数:47
当前数据库执行队列数:0
当前发送队列缓存的对象数量:0
totalMemory：970457088, use ：670161280, free ：300295808DirectMemory：1827143680, 恢复 ：1
当前时间 ：2026-08-19 16:46:19send keng：-1, sheng ：4194304
decode keng：-1, sheng ：2097152
world keng：3, sheng ：1048576

2026-08-19 16:46:24.682 INFO [pool-6-thread-10][:] - /****************流量统计******************/
LastReadBytes:0
LastReadThroughput:0
LastWrittenBytes:0
LastWriteThroughput:0
RealWrittenBytes:0
RealWriteThroughput:0
当前玩家的连接数量:0
当前地图的线程个数：9
当前地图的个数:47
当前数据库执行队列数:0
当前发送队列缓存的对象数量:0
totalMemory：970457088, use ：672629256, free ：297827832DirectMemory：1827143680, 恢复 ：1
当前时间 ：2026-08-19 16:46:24send keng：-1, sheng ：4194304
decode keng：-1, sheng ：2097152
world keng：3, sheng ：1048576

2026-08-19 16:46:29.682 INFO [pool-6-thread-7][:] - /****************流量统计******************/
LastReadBytes:0
LastReadThroughput:0
LastWrittenBytes:0
LastWriteThroughput:0
RealWrittenBytes:0
RealWriteThroughput:0
当前玩家的连接数量:0
当前地图的线程个数：9
当前地图的个数:47
当前数据库执行队列数:0
当前发送队列缓存的对象数量:0
totalMemory：970457088, use ：676766592, free ：293690496DirectMemory：1827143680, 恢复 ：1
当前时间 ：2026-08-19 16:46:29send keng：-1, sheng ：4194304
decode keng：-1, sheng ：2097152
world keng：3, sheng ：1048576

2026-08-19 16:46:34.683 INFO [pool-6-thread-7][:] - /****************流量统计******************/
LastReadBytes:0
LastReadThroughput:0
LastWrittenBytes:0
LastWriteThroughput:0
RealWrittenBytes:0
RealWriteThroughput:0
当前玩家的连接数量:0
当前地图的线程个数：9
当前地图的个数:47
当前数据库执行队列数:0
当前发送队列缓存的对象数量:0
totalMemory：970457088, use ：680207288, free ：290249800DirectMemory：1827143680, 恢复 ：1
当前时间 ：2026-08-19 16:46:34send keng：-1, sheng ：4194304
decode keng：-1, sheng ：2097152
world keng：3, sheng ：1048576

2026-08-19 16:46:39.682 INFO [pool-6-thread-1][:] - /****************流量统计******************/
LastReadBytes:0
LastReadThroughput:0
LastWrittenBytes:0
LastWriteThroughput:0
RealWrittenBytes:0
RealWriteThroughput:0
当前玩家的连接数量:0
当前地图的线程个数：9
当前地图的个数:47
当前数据库执行队列数:0
当前发送队列缓存的对象数量:0
totalMemory：970457088, use ：683926360, free ：286530728DirectMemory：1827143680, 恢复 ：1
当前时间 ：2026-08-19 16:46:39send keng：-1, sheng ：4194304
decode keng：-1, sheng ：2097152
world keng：3, sheng ：1048576

2026-08-19 16:46:44.682 INFO [pool-6-thread-10][:] - /****************流量统计******************/
LastReadBytes:0
LastReadThroughput:0
LastWrittenBytes:0
LastWriteThroughput:0
RealWrittenBytes:0
RealWriteThroughput:0
当前玩家的连接数量:0
当前地图的线程个数：9
当前地图的个数:47
当前数据库执行队列数:0
当前发送队列缓存的对象数量:0
totalMemory：970457088, use ：687104696, free ：283352392DirectMemory：1827143680, 恢复 ：1
当前时间 ：2026-08-19 16:46:44send keng：-1, sheng ：4194304
decode keng：-1, sheng ：2097152
world keng：3, sheng ：1048576

2026-08-19 16:46:49.682 INFO [pool-6-thread-9][:] - /****************流量统计******************/
LastReadBytes:0
LastReadThroughput:0
LastWrittenBytes:0
LastWriteThroughput:0
RealWrittenBytes:0
RealWriteThroughput:0
当前玩家的连接数量:0
当前地图的线程个数：9
当前地图的个数:47
当前数据库执行队列数:0
当前发送队列缓存的对象数量:0
totalMemory：970457088, use ：690226096, free ：280230992DirectMemory：1827143680, 恢复 ：1
当前时间 ：2026-08-19 16:46:49send keng：-1, sheng ：4194304
decode keng：-1, sheng ：2097152
world keng：3, sheng ：1048576

2026-08-19 16:46:54.682 INFO [pool-6-thread-2][:] - /****************流量统计******************/
LastReadBytes:0
LastReadThroughput:0
LastWrittenBytes:0
LastWriteThroughput:0
RealWrittenBytes:0
RealWriteThroughput:0
当前玩家的连接数量:0
当前地图的线程个数：9
当前地图的个数:47
当前数据库执行队列数:0
当前发送队列缓存的对象数量:0
totalMemory：970457088, use ：695080048, free ：275377040DirectMemory：1827143680, 恢复 ：1
当前时间 ：2026-08-19 16:46:54send keng：-1, sheng ：4194304
decode keng：-1, sheng ：2097152
world keng：3, sheng ：1048576

2026-08-19 16:46:59.682 INFO [pool-6-thread-10][:] - /****************流量统计******************/
LastReadBytes:0
LastReadThroughput:0
LastWrittenBytes:0
LastWriteThroughput:0
RealWrittenBytes:0
RealWriteThroughput:0
当前玩家的连接数量:0
当前地图的线程个数：9
当前地图的个数:47
当前数据库执行队列数:0
当前发送队列缓存的对象数量:0
totalMemory：970457088, use ：698166960, free ：272290128DirectMemory：1827143680, 恢复 ：1
当前时间 ：2026-08-19 16:46:59send keng：-1, sheng ：4194304
decode keng：-1, sheng ：2097152
world keng：3, sheng ：1048576

2026-08-19 16:47:04.682 INFO [pool-6-thread-8][:] - /****************流量统计******************/
LastReadBytes:0
LastReadThroughput:0
LastWrittenBytes:0
LastWriteThroughput:0
RealWrittenBytes:0
RealWriteThroughput:0
当前玩家的连接数量:0
当前地图的线程个数：9
当前地图的个数:47
当前数据库执行队列数:0
当前发送队列缓存的对象数量:0
totalMemory：970457088, use ：701435488, free ：269021600DirectMemory：1827143680, 恢复 ：1
当前时间 ：2026-08-19 16:47:04send keng：-1, sheng ：4194304
decode keng：-1, sheng ：2097152
world keng：3, sheng ：1048576

2026-08-19 16:47:09.682 INFO [pool-6-thread-8][:] - /****************流量统计******************/
LastReadBytes:0
LastReadThroughput:0
LastWrittenBytes:0
LastWriteThroughput:0
RealWrittenBytes:0
RealWriteThroughput:0
当前玩家的连接数量:0
当前地图的线程个数：9
当前地图的个数:47
当前数据库执行队列数:0
当前发送队列缓存的对象数量:0
totalMemory：970457088, use ：704990920, free ：265466168DirectMemory：1827143680, 恢复 ：1
当前时间 ：2026-08-19 16:47:09send keng：-1, sheng ：4194304
decode keng：-1, sheng ：2097152
world keng：3, sheng ：1048576

2026-08-19 16:47:14.682 INFO [pool-6-thread-1][:] - /****************流量统计******************/
LastReadBytes:0
LastReadThroughput:0
LastWrittenBytes:0
LastWriteThroughput:0
RealWrittenBytes:0
RealWriteThroughput:0
当前玩家的连接数量:0
当前地图的线程个数：9
当前地图的个数:47
当前数据库执行队列数:0
当前发送队列缓存的对象数量:0
totalMemory：970457088, use ：709390936, free ：261066152DirectMemory：1827143680, 恢复 ：1
当前时间 ：2026-08-19 16:47:14send keng：-1, sheng ：4194304
decode keng：-1, sheng ：2097152
world keng：3, sheng ：1048576

2026-08-19 16:47:19.683 INFO [pool-6-thread-2][:] - /****************流量统计******************/
LastReadBytes:0
LastReadThroughput:0
LastWrittenBytes:0
LastWriteThroughput:0
RealWrittenBytes:0
RealWriteThroughput:0
当前玩家的连接数量:0
当前地图的线程个数：9
当前地图的个数:47
当前数据库执行队列数:0
当前发送队列缓存的对象数量:0
totalMemory：970457088, use ：711869840, free ：258587248DirectMemory：1827143680, 恢复 ：1
当前时间 ：2026-08-19 16:47:19send keng：-1, sheng ：4194304
decode keng：-1, sheng ：2097152
world keng：3, sheng ：1048576

2026-08-19 16:47:24.682 INFO [pool-6-thread-5][:] - /****************流量统计******************/
LastReadBytes:0
LastReadThroughput:0
LastWrittenBytes:0
LastWriteThroughput:0
RealWrittenBytes:0
RealWriteThroughput:0
当前玩家的连接数量:0
当前地图的线程个数：9
当前地图的个数:47
当前数据库执行队列数:0
当前发送队列缓存的对象数量:0
totalMemory：970457088, use ：716469072, free ：253988016DirectMemory：1827143680, 恢复 ：1
当前时间 ：2026-08-19 16:47:24send keng：-1, sheng ：4194304
decode keng：-1, sheng ：2097152
world keng：3, sheng ：1048576

2026-08-19 16:47:29.682 INFO [pool-6-thread-4][:] - /****************流量统计******************/
LastReadBytes:0
LastReadThroughput:0
LastWrittenBytes:0
LastWriteThroughput:0
RealWrittenBytes:0
RealWriteThroughput:0
当前玩家的连接数量:0
当前地图的线程个数：9
当前地图的个数:47
当前数据库执行队列数:0
当前发送队列缓存的对象数量:0
totalMemory：970457088, use ：718752016, free ：251705072DirectMemory：1827143680, 恢复 ：1
当前时间 ：2026-08-19 16:47:29send keng：-1, sheng ：4194304
decode keng：-1, sheng ：2097152
world keng：3, sheng ：1048576

2026-08-19 16:47:34.683 INFO [pool-6-thread-1][:] - /****************流量统计******************/
LastReadBytes:0
LastReadThroughput:0
LastWrittenBytes:0
LastWriteThroughput:0
RealWrittenBytes:0
RealWriteThroughput:0
当前玩家的连接数量:0
当前地图的线程个数：9
当前地图的个数:47
当前数据库执行队列数:0
当前发送队列缓存的对象数量:0
totalMemory：970457088, use ：722279336, free ：248177752DirectMemory：1827143680, 恢复 ：1
当前时间 ：2026-08-19 16:47:34send keng：-1, sheng ：4194304
decode keng：-1, sheng ：2097152
world keng：3, sheng ：1048576

2026-08-19 16:47:39.685 INFO [pool-6-thread-2][:] - /****************流量统计******************/
LastReadBytes:0
LastReadThroughput:0
LastWrittenBytes:0
LastWriteThroughput:0
RealWrittenBytes:0
RealWriteThroughput:0
当前玩家的连接数量:0
当前地图的线程个数：9
当前地图的个数:47
当前数据库执行队列数:0
当前发送队列缓存的对象数量:0
totalMemory：970457088, use ：726381728, free ：244075360DirectMemory：1827143680, 恢复 ：1
当前时间 ：2026-08-19 16:47:39send keng：-1, sheng ：4194304
decode keng：-1, sheng ：2097152
world keng：3, sheng ：1048576

2026-08-19 16:47:44.682 INFO [pool-6-thread-7][:] - /****************流量统计******************/
LastReadBytes:0
LastReadThroughput:0
LastWrittenBytes:0
LastWriteThroughput:0
RealWrittenBytes:0
RealWriteThroughput:0
当前玩家的连接数量:0
当前地图的线程个数：9
当前地图的个数:47
当前数据库执行队列数:0
当前发送队列缓存的对象数量:0
totalMemory：970457088, use ：730239528, free ：240217560DirectMemory：1827143680, 恢复 ：1
当前时间 ：2026-08-19 16:47:44send keng：-1, sheng ：4194304
decode keng：-1, sheng ：2097152
world keng：3, sheng ：1048576

2026-08-19 16:47:49.682 INFO [pool-6-thread-4][:] - /****************流量统计******************/
LastReadBytes:0
LastReadThroughput:0
LastWrittenBytes:0
LastWriteThroughput:0
RealWrittenBytes:0
RealWriteThroughput:0
当前玩家的连接数量:0
当前地图的线程个数：9
当前地图的个数:47
当前数据库执行队列数:0
当前发送队列缓存的对象数量:0
totalMemory：970457088, use ：400167752, free ：570289336DirectMemory：1827143680, 恢复 ：1
当前时间 ：2026-08-19 16:47:49send keng：-1, sheng ：4194304
decode keng：-1, sheng ：2097152
world keng：3, sheng ：1048576

2026-08-19 16:47:54.682 INFO [pool-6-thread-4][:] - /****************流量统计******************/
LastReadBytes:0
LastReadThroughput:0
LastWrittenBytes:0
LastWriteThroughput:0
RealWrittenBytes:0
RealWriteThroughput:0
当前玩家的连接数量:0
当前地图的线程个数：9
当前地图的个数:47
当前数据库执行队列数:0
当前发送队列缓存的对象数量:0
totalMemory：970457088, use ：401475648, free ：568981440DirectMemory：1827143680, 恢复 ：1
当前时间 ：2026-08-19 16:47:54send keng：-1, sheng ：4194304
decode keng：-1, sheng ：2097152
world keng：3, sheng ：1048576

2026-08-19 16:47:59.682 INFO [pool-6-thread-2][:] - /****************流量统计******************/
LastReadBytes:0
LastReadThroughput:0
LastWrittenBytes:0
LastWriteThroughput:0
RealWrittenBytes:0
RealWriteThroughput:0
当前玩家的连接数量:0
当前地图的线程个数：9
当前地图的个数:47
当前数据库执行队列数:0
当前发送队列缓存的对象数量:0
totalMemory：970457088, use ：406778560, free ：563678528DirectMemory：1827143680, 恢复 ：1
当前时间 ：2026-08-19 16:47:59send keng：-1, sheng ：4194304
decode keng：-1, sheng ：2097152
world keng：3, sheng ：1048576

2026-08-19 16:48:04.682 INFO [pool-6-thread-5][:] - /****************流量统计******************/
LastReadBytes:0
LastReadThroughput:0
LastWrittenBytes:0
LastWriteThroughput:0
RealWrittenBytes:0
RealWriteThroughput:0
当前玩家的连接数量:0
当前地图的线程个数：9
当前地图的个数:47
当前数据库执行队列数:0
当前发送队列缓存的对象数量:0
totalMemory：970457088, use ：409281240, free ：561175848DirectMemory：1827143680, 恢复 ：1
当前时间 ：2026-08-19 16:48:04send keng：-1, sheng ：4194304
decode keng：-1, sheng ：2097152
world keng：3, sheng ：1048576

2026-08-19 16:48:09.682 INFO [pool-6-thread-5][:] - /****************流量统计******************/
LastReadBytes:0
LastReadThroughput:0
LastWrittenBytes:0
LastWriteThroughput:0
RealWrittenBytes:0
RealWriteThroughput:0
当前玩家的连接数量:0
当前地图的线程个数：9
当前地图的个数:47
当前数据库执行队列数:0
当前发送队列缓存的对象数量:0
totalMemory：970457088, use ：413990776, free ：556466312DirectMemory：1827143680, 恢复 ：1
当前时间 ：2026-08-19 16:48:09send keng：-1, sheng ：4194304
decode keng：-1, sheng ：2097152
world keng：3, sheng ：1048576

2026-08-19 16:48:14.682 INFO [pool-6-thread-6][:] - /****************流量统计******************/
LastReadBytes:0
LastReadThroughput:0
LastWrittenBytes:0
LastWriteThroughput:0
RealWrittenBytes:0
RealWriteThroughput:0
当前玩家的连接数量:0
当前地图的线程个数：9
当前地图的个数:47
当前数据库执行队列数:0
当前发送队列缓存的对象数量:0
totalMemory：970457088, use ：418490248, free ：551966840DirectMemory：1827143680, 恢复 ：1
当前时间 ：2026-08-19 16:48:14send keng：-1, sheng ：4194304
decode keng：-1, sheng ：2097152
world keng：3, sheng ：1048576

2026-08-19 16:48:19.682 INFO [pool-6-thread-2][:] - /****************流量统计******************/
LastReadBytes:0
LastReadThroughput:0
LastWrittenBytes:0
LastWriteThroughput:0
RealWrittenBytes:0
RealWriteThroughput:0
当前玩家的连接数量:0
当前地图的线程个数：9
当前地图的个数:47
当前数据库执行队列数:0
当前发送队列缓存的对象数量:0
totalMemory：970457088, use ：420707248, free ：549749840DirectMemory：1827143680, 恢复 ：1
当前时间 ：2026-08-19 16:48:19send keng：-1, sheng ：4194304
decode keng：-1, sheng ：2097152
world keng：3, sheng ：1048576

2026-08-19 16:48:24.682 INFO [pool-6-thread-5][:] - /****************流量统计******************/
LastReadBytes:0
LastReadThroughput:0
LastWrittenBytes:0
LastWriteThroughput:0
RealWrittenBytes:0
RealWriteThroughput:0
当前玩家的连接数量:0
当前地图的线程个数：9
当前地图的个数:47
当前数据库执行队列数:0
当前发送队列缓存的对象数量:0
totalMemory：970457088, use ：425594784, free ：544862304DirectMemory：1827143680, 恢复 ：1
当前时间 ：2026-08-19 16:48:24send keng：-1, sheng ：4194304
decode keng：-1, sheng ：2097152
world keng：3, sheng ：1048576

2026-08-19 16:48:29.682 INFO [pool-6-thread-10][:] - /****************流量统计******************/
LastReadBytes:0
LastReadThroughput:0
LastWrittenBytes:0
LastWriteThroughput:0
RealWrittenBytes:0
RealWriteThroughput:0
当前玩家的连接数量:0
当前地图的线程个数：9
当前地图的个数:47
当前数据库执行队列数:0
当前发送队列缓存的对象数量:0
totalMemory：970457088, use ：427812520, free ：542644568DirectMemory：1827143680, 恢复 ：1
当前时间 ：2026-08-19 16:48:29send keng：-1, sheng ：4194304
decode keng：-1, sheng ：2097152
world keng：3, sheng ：1048576

2026-08-19 16:48:34.682 INFO [pool-6-thread-6][:] - /****************流量统计******************/
LastReadBytes:0
LastReadThroughput:0
LastWrittenBytes:0
LastWriteThroughput:0
RealWrittenBytes:0
RealWriteThroughput:0
当前玩家的连接数量:0
当前地图的线程个数：9
当前地图的个数:47
当前数据库执行队列数:0
当前发送队列缓存的对象数量:0
totalMemory：970457088, use ：433116336, free ：537340752DirectMemory：1827143680, 恢复 ：1
当前时间 ：2026-08-19 16:48:34send keng：-1, sheng ：4194304
decode keng：-1, sheng ：2097152
world keng：3, sheng ：1048576

2026-08-19 16:48:39.682 INFO [pool-6-thread-2][:] - /****************流量统计******************/
LastReadBytes:0
LastReadThroughput:0
LastWrittenBytes:0
LastWriteThroughput:0
RealWrittenBytes:0
RealWriteThroughput:0
当前玩家的连接数量:0
当前地图的线程个数：9
当前地图的个数:47
当前数据库执行队列数:0
当前发送队列缓存的对象数量:0
totalMemory：970457088, use ：434003136, free ：536453952DirectMemory：1827143680, 恢复 ：1
当前时间 ：2026-08-19 16:48:39send keng：-1, sheng ：4194304
decode keng：-1, sheng ：2097152
world keng：3, sheng ：1048576

2026-08-19 16:48:44.682 INFO [pool-6-thread-8][:] - /****************流量统计******************/
LastReadBytes:0
LastReadThroughput:0
LastWrittenBytes:0
LastWriteThroughput:0
RealWrittenBytes:0
RealWriteThroughput:0
当前玩家的连接数量:0
当前地图的线程个数：9
当前地图的个数:47
当前数据库执行队列数:0
当前发送队列缓存的对象数量:0
totalMemory：970457088, use ：439802848, free ：530654240DirectMemory：1827143680, 恢复 ：1
当前时间 ：2026-08-19 16:48:44send keng：-1, sheng ：4194304
decode keng：-1, sheng ：2097152
world keng：3, sheng ：1048576

2026-08-19 16:48:49.682 INFO [pool-6-thread-4][:] - /****************流量统计******************/
LastReadBytes:0
LastReadThroughput:0
LastWrittenBytes:0
LastWriteThroughput:0
RealWrittenBytes:0
RealWriteThroughput:0
当前玩家的连接数量:0
当前地图的线程个数：9
当前地图的个数:47
当前数据库执行队列数:0
当前发送队列缓存的对象数量:0
totalMemory：970457088, use ：441970072, free ：528487016DirectMemory：1827143680, 恢复 ：1
当前时间 ：2026-08-19 16:48:49send keng：-1, sheng ：4194304
decode keng：-1, sheng ：2097152
world keng：3, sheng ：1048576

2026-08-19 16:48:54.682 INFO [pool-6-thread-8][:] - /****************流量统计******************/
LastReadBytes:0
LastReadThroughput:0
LastWrittenBytes:0
LastWriteThroughput:0
RealWrittenBytes:0
RealWriteThroughput:0
当前玩家的连接数量:0
当前地图的线程个数：9
当前地图的个数:47
当前数据库执行队列数:0
当前发送队列缓存的对象数量:0
totalMemory：970457088, use ：446468840, free ：523988248DirectMemory：1827143680, 恢复 ：1
当前时间 ：2026-08-19 16:48:54send keng：-1, sheng ：4194304
decode keng：-1, sheng ：2097152
world keng：3, sheng ：1048576

2026-08-19 16:48:59.682 INFO [pool-6-thread-3][:] - /****************流量统计******************/
LastReadBytes:0
LastReadThroughput:0
LastWrittenBytes:0
LastWriteThroughput:0
RealWrittenBytes:0
RealWriteThroughput:0
当前玩家的连接数量:0
当前地图的线程个数：9
当前地图的个数:47
当前数据库执行队列数:0
当前发送队列缓存的对象数量:0
totalMemory：970457088, use ：449070416, free ：521386672DirectMemory：1827143680, 恢复 ：1
当前时间 ：2026-08-19 16:48:59send keng：-1, sheng ：4194304
decode keng：-1, sheng ：2097152
world keng：3, sheng ：1048576

2026-08-19 16:49:04.682 INFO [pool-6-thread-8][:] - /****************流量统计******************/
LastReadBytes:0
LastReadThroughput:0
LastWrittenBytes:0
LastWriteThroughput:0
RealWrittenBytes:0
RealWriteThroughput:0
当前玩家的连接数量:0
当前地图的线程个数：9
当前地图的个数:47
当前数据库执行队列数:0
当前发送队列缓存的对象数量:0
totalMemory：970457088, use ：453640408, free ：516816680DirectMemory：1827143680, 恢复 ：1
当前时间 ：2026-08-19 16:49:04send keng：-1, sheng ：4194304
decode keng：-1, sheng ：2097152
world keng：3, sheng ：1048576

2026-08-19 16:49:09.682 INFO [pool-6-thread-9][:] - /****************流量统计******************/
LastReadBytes:0
LastReadThroughput:0
LastWrittenBytes:0
LastWriteThroughput:0
RealWrittenBytes:0
RealWriteThroughput:0
当前玩家的连接数量:0
当前地图的线程个数：9
当前地图的个数:47
当前数据库执行队列数:0
当前发送队列缓存的对象数量:0
totalMemory：970457088, use ：456295072, free ：514162016DirectMemory：1827143680, 恢复 ：1
当前时间 ：2026-08-19 16:49:09send keng：-1, sheng ：4194304
decode keng：-1, sheng ：2097152
world keng：3, sheng ：1048576

2026-08-19 16:49:14.683 INFO [pool-6-thread-1][:] - /****************流量统计******************/
LastReadBytes:0
LastReadThroughput:0
LastWrittenBytes:0
LastWriteThroughput:0
RealWrittenBytes:0
RealWriteThroughput:0
当前玩家的连接数量:0
当前地图的线程个数：9
当前地图的个数:47
当前数据库执行队列数:0
当前发送队列缓存的对象数量:0
totalMemory：970457088, use ：460332504, free ：510124584DirectMemory：1827143680, 恢复 ：1
当前时间 ：2026-08-19 16:49:14send keng：-1, sheng ：4194304
decode keng：-1, sheng ：2097152
world keng：3, sheng ：1048576

2026-08-19 16:49:19.682 INFO [pool-6-thread-6][:] - /****************流量统计******************/
LastReadBytes:0
LastReadThroughput:0
LastWrittenBytes:0
LastWriteThroughput:0
RealWrittenBytes:0
RealWriteThroughput:0
当前玩家的连接数量:0
当前地图的线程个数：9
当前地图的个数:47
当前数据库执行队列数:0
当前发送队列缓存的对象数量:0
totalMemory：970457088, use ：462579464, free ：507877624DirectMemory：1827143680, 恢复 ：1
当前时间 ：2026-08-19 16:49:19send keng：-1, sheng ：4194304
decode keng：-1, sheng ：2097152
world keng：3, sheng ：1048576

2026-08-19 16:49:24.682 INFO [pool-6-thread-6][:] - /****************流量统计******************/
LastReadBytes:0
LastReadThroughput:0
LastWrittenBytes:0
LastWriteThroughput:0
RealWrittenBytes:0
RealWriteThroughput:0
当前玩家的连接数量:0
当前地图的线程个数：9
当前地图的个数:47
当前数据库执行队列数:0
当前发送队列缓存的对象数量:0
totalMemory：970457088, use ：467038872, free ：503418216DirectMemory：1827143680, 恢复 ：1
当前时间 ：2026-08-19 16:49:24send keng：-1, sheng ：4194304
decode keng：-1, sheng ：2097152
world keng：3, sheng ：1048576

2026-08-19 16:49:29.682 INFO [pool-6-thread-1][:] - /****************流量统计******************/
LastReadBytes:0
LastReadThroughput:0
LastWrittenBytes:0
LastWriteThroughput:0
RealWrittenBytes:0
RealWriteThroughput:0
当前玩家的连接数量:0
当前地图的线程个数：9
当前地图的个数:47
当前数据库执行队列数:0
当前发送队列缓存的对象数量:0
totalMemory：970457088, use ：470095288, free ：500361800DirectMemory：1827143680, 恢复 ：1
当前时间 ：2026-08-19 16:49:29send keng：-1, sheng ：4194304
decode keng：-1, sheng ：2097152
world keng：3, sheng ：1048576

2026-08-19 16:49:34.684 INFO [pool-6-thread-1][:] - /****************流量统计******************/
LastReadBytes:0
LastReadThroughput:0
LastWrittenBytes:0
LastWriteThroughput:0
RealWrittenBytes:0
RealWriteThroughput:0
当前玩家的连接数量:0
当前地图的线程个数：9
当前地图的个数:47
当前数据库执行队列数:0
当前发送队列缓存的对象数量:0
totalMemory：970457088, use ：474520008, free ：495937080DirectMemory：1827143680, 恢复 ：1
当前时间 ：2026-08-19 16:49:34send keng：-1, sheng ：4194304
decode keng：-1, sheng ：2097152
world keng：3, sheng ：1048576

2026-08-19 16:49:39.682 INFO [pool-6-thread-5][:] - /****************流量统计******************/
LastReadBytes:0
LastReadThroughput:0
LastWrittenBytes:0
LastWriteThroughput:0
RealWrittenBytes:0
RealWriteThroughput:0
当前玩家的连接数量:0
当前地图的线程个数：9
当前地图的个数:47
当前数据库执行队列数:0
当前发送队列缓存的对象数量:0
totalMemory：970457088, use ：479835280, free ：490621808DirectMemory：1827143680, 恢复 ：1
当前时间 ：2026-08-19 16:49:39send keng：-1, sheng ：4194304
decode keng：-1, sheng ：2097152
world keng：3, sheng ：1048576

2026-08-19 16:49:44.682 INFO [pool-6-thread-10][:] - /****************流量统计******************/
LastReadBytes:0
LastReadThroughput:0
LastWrittenBytes:0
LastWriteThroughput:0
RealWrittenBytes:0
RealWriteThroughput:0
当前玩家的连接数量:0
当前地图的线程个数：9
当前地图的个数:47
当前数据库执行队列数:0
当前发送队列缓存的对象数量:0
totalMemory：970457088, use ：481177288, free ：489279800DirectMemory：1827143680, 恢复 ：1
当前时间 ：2026-08-19 16:49:44send keng：-1, sheng ：4194304
decode keng：-1, sheng ：2097152
world keng：3, sheng ：1048576

2026-08-19 16:49:49.682 INFO [pool-6-thread-9][:] - /****************流量统计******************/
LastReadBytes:0
LastReadThroughput:0
LastWrittenBytes:0
LastWriteThroughput:0
RealWrittenBytes:0
RealWriteThroughput:0
当前玩家的连接数量:0
当前地图的线程个数：9
当前地图的个数:47
当前数据库执行队列数:0
当前发送队列缓存的对象数量:0
totalMemory：970457088, use ：486542648, free ：483914440DirectMemory：1827143680, 恢复 ：1
当前时间 ：2026-08-19 16:49:49send keng：-1, sheng ：4194304
decode keng：-1, sheng ：2097152
world keng：3, sheng ：1048576

2026-08-19 16:49:54.682 INFO [pool-6-thread-10][:] - /****************流量统计******************/
LastReadBytes:0
LastReadThroughput:0
LastWrittenBytes:0
LastWriteThroughput:0
RealWrittenBytes:0
RealWriteThroughput:0
当前玩家的连接数量:0
当前地图的线程个数：9
当前地图的个数:47
当前数据库执行队列数:0
当前发送队列缓存的对象数量:0
totalMemory：970457088, use ：488294592, free ：482162496DirectMemory：1827143680, 恢复 ：1
当前时间 ：2026-08-19 16:49:54send keng：-1, sheng ：4194304
decode keng：-1, sheng ：2097152
world keng：3, sheng ：1048576

2026-08-19 16:49:59.682 INFO [pool-6-thread-3][:] - /****************流量统计******************/
LastReadBytes:0
LastReadThroughput:0
LastWrittenBytes:0
LastWriteThroughput:0
RealWrittenBytes:0
RealWriteThroughput:0
当前玩家的连接数量:0
当前地图的线程个数：9
当前地图的个数:47
当前数据库执行队列数:0
当前发送队列缓存的对象数量:0
totalMemory：970457088, use ：492711992, free ：477745096DirectMemory：1827143680, 恢复 ：1
当前时间 ：2026-08-19 16:49:59send keng：-1, sheng ：4194304
decode keng：-1, sheng ：2097152
world keng：3, sheng ：1048576

2026-08-19 16:50:04.682 INFO [pool-6-thread-5][:] - /****************流量统计******************/
LastReadBytes:0
LastReadThroughput:0
LastWrittenBytes:0
LastWriteThroughput:0
RealWrittenBytes:0
RealWriteThroughput:0
当前玩家的连接数量:0
当前地图的线程个数：9
当前地图的个数:47
当前数据库执行队列数:0
当前发送队列缓存的对象数量:0
totalMemory：970457088, use ：495493464, free ：474963624DirectMemory：1827143680, 恢复 ：1
当前时间 ：2026-08-19 16:50:04send keng：-1, sheng ：4194304
decode keng：-1, sheng ：2097152
world keng：3, sheng ：1048576

2026-08-19 16:50:09.682 INFO [pool-6-thread-5][:] - /****************流量统计******************/
LastReadBytes:0
LastReadThroughput:0
LastWrittenBytes:0
LastWriteThroughput:0
RealWrittenBytes:0
RealWriteThroughput:0
当前玩家的连接数量:0
当前地图的线程个数：9
当前地图的个数:47
当前数据库执行队列数:0
当前发送队列缓存的对象数量:0
totalMemory：970457088, use ：499937424, free ：470519664DirectMemory：1827143680, 恢复 ：1
当前时间 ：2026-08-19 16:50:09send keng：-1, sheng ：4194304
decode keng：-1, sheng ：2097152
world keng：3, sheng ：1048576

2026-08-19 16:50:14.682 INFO [pool-6-thread-10][:] - /****************流量统计******************/
LastReadBytes:0
LastReadThroughput:0
LastWrittenBytes:0
LastWriteThroughput:0
RealWrittenBytes:0
RealWriteThroughput:0
当前玩家的连接数量:0
当前地图的线程个数：9
当前地图的个数:47
当前数据库执行队列数:0
当前发送队列缓存的对象数量:0
totalMemory：970457088, use ：502511184, free ：467945904DirectMemory：1827143680, 恢复 ：1
当前时间 ：2026-08-19 16:50:14send keng：-1, sheng ：4194304
decode keng：-1, sheng ：2097152
world keng：3, sheng ：1048576

2026-08-19 16:50:19.682 INFO [pool-6-thread-9][:] - /****************流量统计******************/
LastReadBytes:0
LastReadThroughput:0
LastWrittenBytes:0
LastWriteThroughput:0
RealWrittenBytes:0
RealWriteThroughput:0
当前玩家的连接数量:0
当前地图的线程个数：9
当前地图的个数:47
当前数据库执行队列数:0
当前发送队列缓存的对象数量:0
totalMemory：970457088, use ：507073224, free ：463383864DirectMemory：1827143680, 恢复 ：1
当前时间 ：2026-08-19 16:50:19send keng：-1, sheng ：4194304
decode keng：-1, sheng ：2097152
world keng：3, sheng ：1048576

2026-08-19 16:50:24.682 INFO [pool-6-thread-9][:] - /****************流量统计******************/
LastReadBytes:0
LastReadThroughput:0
LastWrittenBytes:0
LastWriteThroughput:0
RealWrittenBytes:0
RealWriteThroughput:0
当前玩家的连接数量:0
当前地图的线程个数：9
当前地图的个数:47
当前数据库执行队列数:0
当前发送队列缓存的对象数量:0
totalMemory：970457088, use ：509263336, free ：461193752DirectMemory：1827143680, 恢复 ：1
当前时间 ：2026-08-19 16:50:24send keng：-1, sheng ：4194304
decode keng：-1, sheng ：2097152
world keng：3, sheng ：1048576

2026-08-19 16:50:29.682 INFO [pool-6-thread-1][:] - /****************流量统计******************/
LastReadBytes:0
LastReadThroughput:0
LastWrittenBytes:0
LastWriteThroughput:0
RealWrittenBytes:0
RealWriteThroughput:0
当前玩家的连接数量:0
当前地图的线程个数：9
当前地图的个数:47
当前数据库执行队列数:0
当前发送队列缓存的对象数量:0
totalMemory：970457088, use ：514132192, free ：456324896DirectMemory：1827143680, 恢复 ：1
当前时间 ：2026-08-19 16:50:29send keng：-1, sheng ：4194304
decode keng：-1, sheng ：2097152
world keng：3, sheng ：1048576

2026-08-19 16:50:34.682 INFO [pool-6-thread-3][:] - /****************流量统计******************/
LastReadBytes:0
LastReadThroughput:0
LastWrittenBytes:0
LastWriteThroughput:0
RealWrittenBytes:0
RealWriteThroughput:0
当前玩家的连接数量:0
当前地图的线程个数：9
当前地图的个数:47
当前数据库执行队列数:0
当前发送队列缓存的对象数量:0
totalMemory：970457088, use ：515510384, free ：454946704DirectMemory：1827143680, 恢复 ：1
当前时间 ：2026-08-19 16:50:34send keng：-1, sheng ：4194304
decode keng：-1, sheng ：2097152
world keng：3, sheng ：1048576

2026-08-19 16:50:39.682 INFO [pool-6-thread-4][:] - /****************流量统计******************/
LastReadBytes:0
LastReadThroughput:0
LastWrittenBytes:0
LastWriteThroughput:0
RealWrittenBytes:0
RealWriteThroughput:0
当前玩家的连接数量:0
当前地图的线程个数：9
当前地图的个数:47
当前数据库执行队列数:0
当前发送队列缓存的对象数量:0
totalMemory：970457088, use ：521231832, free ：449225256DirectMemory：1827143680, 恢复 ：1
当前时间 ：2026-08-19 16:50:39send keng：-1, sheng ：4194304
decode keng：-1, sheng ：2097152
world keng：3, sheng ：1048576

2026-08-19 16:50:44.682 INFO [pool-6-thread-4][:] - /****************流量统计******************/
LastReadBytes:0
LastReadThroughput:0
LastWrittenBytes:0
LastWriteThroughput:0
RealWrittenBytes:0
RealWriteThroughput:0
当前玩家的连接数量:0
当前地图的线程个数：9
当前地图的个数:47
当前数据库执行队列数:0
当前发送队列缓存的对象数量:0
totalMemory：970457088, use ：522362824, free ：448094264DirectMemory：1827143680, 恢复 ：1
当前时间 ：2026-08-19 16:50:44send keng：-1, sheng ：4194304
decode keng：-1, sheng ：2097152
world keng：3, sheng ：1048576

2026-08-19 16:50:49.682 INFO [pool-6-thread-9][:] - /****************流量统计******************/
LastReadBytes:0
LastReadThroughput:0
LastWrittenBytes:0
LastWriteThroughput:0
RealWrittenBytes:0
RealWriteThroughput:0
当前玩家的连接数量:0
当前地图的线程个数：9
当前地图的个数:47
当前数据库执行队列数:0
当前发送队列缓存的对象数量:0
totalMemory：970457088, use ：528779256, free ：441677832DirectMemory：1827143680, 恢复 ：1
当前时间 ：2026-08-19 16:50:49send keng：-1, sheng ：4194304
decode keng：-1, sheng ：2097152
world keng：3, sheng ：1048576

2026-08-19 16:50:54.682 INFO [pool-6-thread-10][:] - /****************流量统计******************/
LastReadBytes:0
LastReadThroughput:0
LastWrittenBytes:0
LastWriteThroughput:0
RealWrittenBytes:0
RealWriteThroughput:0
当前玩家的连接数量:0
当前地图的线程个数：9
当前地图的个数:47
当前数据库执行队列数:0
当前发送队列缓存的对象数量:0
totalMemory：970457088, use ：530214160, free ：440242928DirectMemory：1827143680, 恢复 ：1
当前时间 ：2026-08-19 16:50:54send keng：-1, sheng ：4194304
decode keng：-1, sheng ：2097152
world keng：3, sheng ：1048576

2026-08-19 16:50:59.682 INFO [pool-6-thread-4][:] - /****************流量统计******************/
LastReadBytes:0
LastReadThroughput:0
LastWrittenBytes:0
LastWriteThroughput:0
RealWrittenBytes:0
RealWriteThroughput:0
当前玩家的连接数量:0
当前地图的线程个数：9
当前地图的个数:47
当前数据库执行队列数:0
当前发送队列缓存的对象数量:0
totalMemory：970457088, use ：535446008, free ：435011080DirectMemory：1827143680, 恢复 ：1
当前时间 ：2026-08-19 16:50:59send keng：-1, sheng ：4194304
decode keng：-1, sheng ：2097152
world keng：3, sheng ：1048576

2026-08-19 16:51:04.682 INFO [pool-6-thread-1][:] - /****************流量统计******************/
LastReadBytes:0
LastReadThroughput:0
LastWrittenBytes:0
LastWriteThroughput:0
RealWrittenBytes:0
RealWriteThroughput:0
当前玩家的连接数量:0
当前地图的线程个数：9
当前地图的个数:47
当前数据库执行队列数:0
当前发送队列缓存的对象数量:0
totalMemory：970457088, use ：538677184, free ：431779904DirectMemory：1827143680, 恢复 ：1
当前时间 ：2026-08-19 16:51:04send keng：-1, sheng ：4194304
decode keng：-1, sheng ：2097152
world keng：3, sheng ：1048576

2026-08-19 16:51:09.685 INFO [pool-6-thread-6][:] - /****************流量统计******************/
LastReadBytes:0
LastReadThroughput:0
LastWrittenBytes:0
LastWriteThroughput:0
RealWrittenBytes:0
RealWriteThroughput:0
当前玩家的连接数量:0
当前地图的线程个数：9
当前地图的个数:47
当前数据库执行队列数:0
当前发送队列缓存的对象数量:0
totalMemory：970457088, use ：541732760, free ：428724328DirectMemory：1827143680, 恢复 ：1
当前时间 ：2026-08-19 16:51:09send keng：-1, sheng ：4194304
decode keng：-1, sheng ：2097152
world keng：3, sheng ：1048576

2026-08-19 16:51:14.682 INFO [pool-6-thread-3][:] - /****************流量统计******************/
LastReadBytes:0
LastReadThroughput:0
LastWrittenBytes:0
LastWriteThroughput:0
RealWrittenBytes:0
RealWriteThroughput:0
当前玩家的连接数量:0
当前地图的线程个数：9
当前地图的个数:47
当前数据库执行队列数:0
当前发送队列缓存的对象数量:0
totalMemory：970457088, use ：546670576, free ：423786512DirectMemory：1827143680, 恢复 ：1
当前时间 ：2026-08-19 16:51:14send keng：-1, sheng ：4194304
decode keng：-1, sheng ：2097152
world keng：3, sheng ：1048576

2026-08-19 16:51:19.682 INFO [pool-6-thread-4][:] - /****************流量统计******************/
LastReadBytes:0
LastReadThroughput:0
LastWrittenBytes:0
LastWriteThroughput:0
RealWrittenBytes:0
RealWriteThroughput:0
当前玩家的连接数量:0
当前地图的线程个数：9
当前地图的个数:47
当前数据库执行队列数:0
当前发送队列缓存的对象数量:0
totalMemory：970457088, use ：548462808, free ：421994280DirectMemory：1827143680, 恢复 ：1
当前时间 ：2026-08-19 16:51:19send keng：-1, sheng ：4194304
decode keng：-1, sheng ：2097152
world keng：3, sheng ：1048576

2026-08-19 16:51:24.682 INFO [pool-6-thread-8][:] - /****************流量统计******************/
LastReadBytes:0
LastReadThroughput:0
LastWrittenBytes:0
LastWriteThroughput:0
RealWrittenBytes:0
RealWriteThroughput:0
当前玩家的连接数量:0
当前地图的线程个数：9
当前地图的个数:47
当前数据库执行队列数:0
当前发送队列缓存的对象数量:0
totalMemory：970457088, use ：553755416, free ：416701672DirectMemory：1827143680, 恢复 ：1
当前时间 ：2026-08-19 16:51:24send keng：-1, sheng ：4194304
decode keng：-1, sheng ：2097152
world keng：3, sheng ：1048576

2026-08-19 16:51:29.683 INFO [pool-6-thread-10][:] - /****************流量统计******************/
LastReadBytes:0
LastReadThroughput:0
LastWrittenBytes:0
LastWriteThroughput:0
RealWrittenBytes:0
RealWriteThroughput:0
当前玩家的连接数量:0
当前地图的线程个数：9
当前地图的个数:47
当前数据库执行队列数:0
当前发送队列缓存的对象数量:0
totalMemory：970457088, use ：555127920, free ：415329168DirectMemory：1827143680, 恢复 ：1
当前时间 ：2026-08-19 16:51:29send keng：-1, sheng ：4194304
decode keng：-1, sheng ：2097152
world keng：3, sheng ：1048576

2026-08-19 16:51:34.682 INFO [pool-6-thread-2][:] - /****************流量统计******************/
LastReadBytes:0
LastReadThroughput:0
LastWrittenBytes:0
LastWriteThroughput:0
RealWrittenBytes:0
RealWriteThroughput:0
当前玩家的连接数量:0
当前地图的线程个数：9
当前地图的个数:47
当前数据库执行队列数:0
当前发送队列缓存的对象数量:0
totalMemory：970457088, use ：560855008, free ：409602080DirectMemory：1827143680, 恢复 ：1
当前时间 ：2026-08-19 16:51:34send keng：-1, sheng ：4194304
decode keng：-1, sheng ：2097152
world keng：3, sheng ：1048576

2026-08-19 16:51:39.682 INFO [pool-6-thread-5][:] - /****************流量统计******************/
LastReadBytes:0
LastReadThroughput:0
LastWrittenBytes:0
LastWriteThroughput:0
RealWrittenBytes:0
RealWriteThroughput:0
当前玩家的连接数量:0
当前地图的线程个数：9
当前地图的个数:47
当前数据库执行队列数:0
当前发送队列缓存的对象数量:0
totalMemory：970457088, use ：562654976, free ：407802112DirectMemory：1827143680, 恢复 ：1
当前时间 ：2026-08-19 16:51:39send keng：-1, sheng ：4194304
decode keng：-1, sheng ：2097152
world keng：3, sheng ：1048576

2026-08-19 16:51:44.682 INFO [pool-6-thread-10][:] - /****************流量统计******************/
LastReadBytes:0
LastReadThroughput:0
LastWrittenBytes:0
LastWriteThroughput:0
RealWrittenBytes:0
RealWriteThroughput:0
当前玩家的连接数量:0
当前地图的线程个数：9
当前地图的个数:47
当前数据库执行队列数:0
当前发送队列缓存的对象数量:0
totalMemory：970457088, use ：567104928, free ：403352160DirectMemory：1827143680, 恢复 ：1
当前时间 ：2026-08-19 16:51:44send keng：-1, sheng ：4194304
decode keng：-1, sheng ：2097152
world keng：3, sheng ：1048576

2026-08-19 16:51:49.682 INFO [pool-6-thread-8][:] - /****************流量统计******************/
LastReadBytes:0
LastReadThroughput:0
LastWrittenBytes:0
LastWriteThroughput:0
RealWrittenBytes:0
RealWriteThroughput:0
当前玩家的连接数量:0
当前地图的线程个数：9
当前地图的个数:47
当前数据库执行队列数:0
当前发送队列缓存的对象数量:0
totalMemory：970457088, use ：569288256, free ：401168832DirectMemory：1827143680, 恢复 ：1
当前时间 ：2026-08-19 16:51:49send keng：-1, sheng ：4194304
decode keng：-1, sheng ：2097152
world keng：3, sheng ：1048576

2026-08-19 16:51:54.682 INFO [pool-6-thread-5][:] - /****************流量统计******************/
LastReadBytes:0
LastReadThroughput:0
LastWrittenBytes:0
LastWriteThroughput:0
RealWrittenBytes:0
RealWriteThroughput:0
当前玩家的连接数量:0
当前地图的线程个数：9
当前地图的个数:47
当前数据库执行队列数:0
当前发送队列缓存的对象数量:0
totalMemory：970457088, use ：575067656, free ：395389432DirectMemory：1827143680, 恢复 ：1
当前时间 ：2026-08-19 16:51:54send keng：-1, sheng ：4194304
decode keng：-1, sheng ：2097152
world keng：3, sheng ：1048576

2026-08-19 16:51:59.682 INFO [pool-6-thread-3][:] - /****************流量统计******************/
LastReadBytes:0
LastReadThroughput:0
LastWrittenBytes:0
LastWriteThroughput:0
RealWrittenBytes:0
RealWriteThroughput:0
当前玩家的连接数量:0
当前地图的线程个数：9
当前地图的个数:47
当前数据库执行队列数:0
当前发送队列缓存的对象数量:0
totalMemory：970457088, use ：576070624, free ：394386464DirectMemory：1827143680, 恢复 ：1
当前时间 ：2026-08-19 16:51:59send keng：-1, sheng ：4194304
decode keng：-1, sheng ：2097152
world keng：3, sheng ：1048576

2026-08-19 16:52:04.682 INFO [pool-6-thread-8][:] - /****************流量统计******************/
LastReadBytes:0
LastReadThroughput:0
LastWrittenBytes:0
LastWriteThroughput:0
RealWrittenBytes:0
RealWriteThroughput:0
当前玩家的连接数量:0
当前地图的线程个数：9
当前地图的个数:47
当前数据库执行队列数:0
当前发送队列缓存的对象数量:0
totalMemory：970457088, use ：581795512, free ：388661576DirectMemory：1827143680, 恢复 ：1
当前时间 ：2026-08-19 16:52:04send keng：-1, sheng ：4194304
decode keng：-1, sheng ：2097152
world keng：3, sheng ：1048576

2026-08-19 16:52:09.682 INFO [pool-6-thread-7][:] - /****************流量统计******************/
LastReadBytes:0
LastReadThroughput:0
LastWrittenBytes:0
LastWriteThroughput:0
RealWrittenBytes:0
RealWriteThroughput:0
当前玩家的连接数量:0
当前地图的线程个数：9
当前地图的个数:47
当前数据库执行队列数:0
当前发送队列缓存的对象数量:0
totalMemory：970457088, use ：583920688, free ：386536400DirectMemory：1827143680, 恢复 ：1
当前时间 ：2026-08-19 16:52:09send keng：-1, sheng ：4194304
decode keng：-1, sheng ：2097152
world keng：3, sheng ：1048576

2026-08-19 16:52:14.682 INFO [pool-6-thread-9][:] - /****************流量统计******************/
LastReadBytes:0
LastReadThroughput:0
LastWrittenBytes:0
LastWriteThroughput:0
RealWrittenBytes:0
RealWriteThroughput:0
当前玩家的连接数量:0
当前地图的线程个数：9
当前地图的个数:47
当前数据库执行队列数:0
当前发送队列缓存的对象数量:0
totalMemory：970457088, use ：588926272, free ：381530816DirectMemory：1827143680, 恢复 ：1
当前时间 ：2026-08-19 16:52:14send keng：-1, sheng ：4194304
decode keng：-1, sheng ：2097152
world keng：3, sheng ：1048576

2026-08-19 16:52:19.682 INFO [pool-6-thread-1][:] - /****************流量统计******************/
LastReadBytes:0
LastReadThroughput:0
LastWrittenBytes:0
LastWriteThroughput:0
RealWrittenBytes:0
RealWriteThroughput:0
当前玩家的连接数量:0
当前地图的线程个数：9
当前地图的个数:47
当前数据库执行队列数:0
当前发送队列缓存的对象数量:0
totalMemory：970457088, use ：592048896, free ：378408192DirectMemory：1827143680, 恢复 ：1
当前时间 ：2026-08-19 16:52:19send keng：-1, sheng ：4194304
decode keng：-1, sheng ：2097152
world keng：3, sheng ：1048576

2026-08-19 16:52:24.682 INFO [pool-6-thread-3][:] - /****************流量统计******************/
LastReadBytes:0
LastReadThroughput:0
LastWrittenBytes:0
LastWriteThroughput:0
RealWrittenBytes:0
RealWriteThroughput:0
当前玩家的连接数量:0
当前地图的线程个数：9
当前地图的个数:47
当前数据库执行队列数:0
当前发送队列缓存的对象数量:0
totalMemory：970457088, use ：594771920, free ：375685168DirectMemory：1827143680, 恢复 ：1
当前时间 ：2026-08-19 16:52:24send keng：-1, sheng ：4194304
decode keng：-1, sheng ：2097152
world keng：3, sheng ：1048576

2026-08-19 16:52:29.682 INFO [pool-6-thread-5][:] - /****************流量统计******************/
LastReadBytes:0
LastReadThroughput:0
LastWrittenBytes:0
LastWriteThroughput:0
RealWrittenBytes:0
RealWriteThroughput:0
当前玩家的连接数量:0
当前地图的线程个数：9
当前地图的个数:47
当前数据库执行队列数:0
当前发送队列缓存的对象数量:0
totalMemory：970457088, use ：600011872, free ：370445216DirectMemory：1827143680, 恢复 ：1
当前时间 ：2026-08-19 16:52:29send keng：-1, sheng ：4194304
decode keng：-1, sheng ：2097152
world keng：3, sheng ：1048576

2026-08-19 16:52:34.682 INFO [pool-6-thread-6][:] - /****************流量统计******************/
LastReadBytes:0
LastReadThroughput:0
LastWrittenBytes:0
LastWriteThroughput:0
RealWrittenBytes:0
RealWriteThroughput:0
当前玩家的连接数量:0
当前地图的线程个数：9
当前地图的个数:47
当前数据库执行队列数:0
当前发送队列缓存的对象数量:0
totalMemory：970457088, use ：601437944, free ：369019144DirectMemory：1827143680, 恢复 ：1
当前时间 ：2026-08-19 16:52:34send keng：-1, sheng ：4194304
decode keng：-1, sheng ：2097152
world keng：3, sheng ：1048576

2026-08-19 16:52:39.683 INFO [pool-6-thread-8][:] - /****************流量统计******************/
LastReadBytes:0
LastReadThroughput:0
LastWrittenBytes:0
LastWriteThroughput:0
RealWrittenBytes:0
RealWriteThroughput:0
当前玩家的连接数量:0
当前地图的线程个数：9
当前地图的个数:47
当前数据库执行队列数:0
当前发送队列缓存的对象数量:0
totalMemory：970457088, use ：606305160, free ：364151928DirectMemory：1827143680, 恢复 ：1
当前时间 ：2026-08-19 16:52:39send keng：-1, sheng ：4194304
decode keng：-1, sheng ：2097152
world keng：3, sheng ：1048576

2026-08-19 16:52:44.682 INFO [pool-6-thread-9][:] - /****************流量统计******************/
LastReadBytes:0
LastReadThroughput:0
LastWrittenBytes:0
LastWriteThroughput:0
RealWrittenBytes:0
RealWriteThroughput:0
当前玩家的连接数量:0
当前地图的线程个数：9
当前地图的个数:47
当前数据库执行队列数:0
当前发送队列缓存的对象数量:0
totalMemory：970457088, use ：608492376, free ：361964712DirectMemory：1827143680, 恢复 ：1
当前时间 ：2026-08-19 16:52:44send keng：-1, sheng ：4194304
decode keng：-1, sheng ：2097152
world keng：3, sheng ：1048576

2026-08-19 16:52:49.682 INFO [pool-6-thread-9][:] - /****************流量统计******************/
LastReadBytes:0
LastReadThroughput:0
LastWrittenBytes:0
LastWriteThroughput:0
RealWrittenBytes:0
RealWriteThroughput:0
当前玩家的连接数量:0
当前地图的线程个数：9
当前地图的个数:47
当前数据库执行队列数:0
当前发送队列缓存的对象数量:0
totalMemory：970457088, use ：613427144, free ：357029944DirectMemory：1827143680, 恢复 ：1
当前时间 ：2026-08-19 16:52:49send keng：-1, sheng ：4194304
decode keng：-1, sheng ：2097152
world keng：3, sheng ：1048576

2026-08-19 16:52:54.683 INFO [pool-6-thread-5][:] - /****************流量统计******************/
LastReadBytes:0
LastReadThroughput:0
LastWrittenBytes:0
LastWriteThroughput:0
RealWrittenBytes:0
RealWriteThroughput:0
当前玩家的连接数量:0
当前地图的线程个数：9
当前地图的个数:47
当前数据库执行队列数:0
当前发送队列缓存的对象数量:0
totalMemory：970457088, use ：616028416, free ：354428672DirectMemory：1827143680, 恢复 ：1
当前时间 ：2026-08-19 16:52:54send keng：-1, sheng ：4194304
decode keng：-1, sheng ：2097152
world keng：3, sheng ：1048576

2026-08-19 16:52:59.682 INFO [pool-6-thread-3][:] - /****************流量统计******************/
LastReadBytes:0
LastReadThroughput:0
LastWrittenBytes:0
LastWriteThroughput:0
RealWrittenBytes:0
RealWriteThroughput:0
当前玩家的连接数量:0
当前地图的线程个数：9
当前地图的个数:47
当前数据库执行队列数:0
当前发送队列缓存的对象数量:0
totalMemory：970457088, use ：619609296, free ：350847792DirectMemory：1827143680, 恢复 ：1
当前时间 ：2026-08-19 16:52:59send keng：-1, sheng ：4194304
decode keng：-1, sheng ：2097152
world keng：3, sheng ：1048576

2026-08-19 16:53:04.682 INFO [pool-6-thread-8][:] - /****************流量统计******************/
LastReadBytes:0
LastReadThroughput:0
LastWrittenBytes:0
LastWriteThroughput:0
RealWrittenBytes:0
RealWriteThroughput:0
当前玩家的连接数量:0
当前地图的线程个数：9
当前地图的个数:47
当前数据库执行队列数:0
当前发送队列缓存的对象数量:0
totalMemory：970457088, use ：623247976, free ：347209112DirectMemory：1827143680, 恢复 ：1
当前时间 ：2026-08-19 16:53:04send keng：-1, sheng ：4194304
decode keng：-1, sheng ：2097152
world keng：3, sheng ：1048576

2026-08-19 16:53:09.683 INFO [pool-6-thread-6][:] - /****************流量统计******************/
LastReadBytes:0
LastReadThroughput:0
LastWrittenBytes:0
LastWriteThroughput:0
RealWrittenBytes:0
RealWriteThroughput:0
当前玩家的连接数量:0
当前地图的线程个数：9
当前地图的个数:47
当前数据库执行队列数:0
当前发送队列缓存的对象数量:0
totalMemory：970457088, use ：627261256, free ：343195832DirectMemory：1827143680, 恢复 ：1
当前时间 ：2026-08-19 16:53:09send keng：-1, sheng ：4194304
decode keng：-1, sheng ：2097152
world keng：3, sheng ：1048576

2026-08-19 16:53:14.682 INFO [pool-6-thread-2][:] - /****************流量统计******************/
LastReadBytes:0
LastReadThroughput:0
LastWrittenBytes:0
LastWriteThroughput:0
RealWrittenBytes:0
RealWriteThroughput:0
当前玩家的连接数量:0
当前地图的线程个数：9
当前地图的个数:47
当前数据库执行队列数:0
当前发送队列缓存的对象数量:0
totalMemory：970457088, use ：630331504, free ：340125584DirectMemory：1827143680, 恢复 ：1
当前时间 ：2026-08-19 16:53:14send keng：-1, sheng ：4194304
decode keng：-1, sheng ：2097152
world keng：3, sheng ：1048576

2026-08-19 16:53:19.682 INFO [pool-6-thread-4][:] - /****************流量统计******************/
LastReadBytes:0
LastReadThroughput:0
LastWrittenBytes:0
LastWriteThroughput:0
RealWrittenBytes:0
RealWriteThroughput:0
当前玩家的连接数量:0
当前地图的线程个数：9
当前地图的个数:47
当前数据库执行队列数:0
当前发送队列缓存的对象数量:0
totalMemory：970457088, use ：634398560, free ：336058528DirectMemory：1827143680, 恢复 ：1
当前时间 ：2026-08-19 16:53:19send keng：-1, sheng ：4194304
decode keng：-1, sheng ：2097152
world keng：3, sheng ：1048576

2026-08-19 16:53:24.682 INFO [pool-6-thread-5][:] - /****************流量统计******************/
LastReadBytes:0
LastReadThroughput:0
LastWrittenBytes:0
LastWriteThroughput:0
RealWrittenBytes:0
RealWriteThroughput:0
当前玩家的连接数量:0
当前地图的线程个数：9
当前地图的个数:47
当前数据库执行队列数:0
当前发送队列缓存的对象数量:0
totalMemory：970457088, use ：636720456, free ：333736632DirectMemory：1827143680, 恢复 ：1
当前时间 ：2026-08-19 16:53:24send keng：-1, sheng ：4194304
decode keng：-1, sheng ：2097152
world keng：3, sheng ：1048576

2026-08-19 16:53:29.687 INFO [pool-6-thread-7][:] - /****************流量统计******************/
LastReadBytes:0
LastReadThroughput:0
LastWrittenBytes:0
LastWriteThroughput:0
RealWrittenBytes:0
RealWriteThroughput:0
当前玩家的连接数量:0
当前地图的线程个数：9
当前地图的个数:47
当前数据库执行队列数:0
当前发送队列缓存的对象数量:0
totalMemory：970457088, use ：641485264, free ：328971824DirectMemory：1827143680, 恢复 ：1
当前时间 ：2026-08-19 16:53:29send keng：-1, sheng ：4194304
decode keng：-1, sheng ：2097152
world keng：3, sheng ：1048576

2026-08-19 16:53:34.682 INFO [pool-6-thread-6][:] - /****************流量统计******************/
LastReadBytes:0
LastReadThroughput:0
LastWrittenBytes:0
LastWriteThroughput:0
RealWrittenBytes:0
RealWriteThroughput:0
当前玩家的连接数量:0
当前地图的线程个数：9
当前地图的个数:47
当前数据库执行队列数:0
当前发送队列缓存的对象数量:0
totalMemory：970457088, use ：644854600, free ：325602488DirectMemory：1827143680, 恢复 ：1
当前时间 ：2026-08-19 16:53:34send keng：-1, sheng ：4194304
decode keng：-1, sheng ：2097152
world keng：3, sheng ：1048576

2026-08-19 16:53:39.682 INFO [pool-6-thread-9][:] - /****************流量统计******************/
LastReadBytes:0
LastReadThroughput:0
LastWrittenBytes:0
LastWriteThroughput:0
RealWrittenBytes:0
RealWriteThroughput:0
当前玩家的连接数量:0
当前地图的线程个数：9
当前地图的个数:47
当前数据库执行队列数:0
当前发送队列缓存的对象数量:0
totalMemory：970457088, use ：648094064, free ：322363024DirectMemory：1827143680, 恢复 ：1
当前时间 ：2026-08-19 16:53:39send keng：-1, sheng ：4194304
decode keng：-1, sheng ：2097152
world keng：3, sheng ：1048576

2026-08-19 16:53:44.682 INFO [pool-6-thread-8][:] - /****************流量统计******************/
LastReadBytes:0
LastReadThroughput:0
LastWrittenBytes:0
LastWriteThroughput:0
RealWrittenBytes:0
RealWriteThroughput:0
当前玩家的连接数量:0
当前地图的线程个数：9
当前地图的个数:47
当前数据库执行队列数:0
当前发送队列缓存的对象数量:0
totalMemory：970457088, use ：651599680, free ：318857408DirectMemory：1827143680, 恢复 ：1
当前时间 ：2026-08-19 16:53:44send keng：-1, sheng ：4194304
decode keng：-1, sheng ：2097152
world keng：3, sheng ：1048576

2026-08-19 16:53:49.687 INFO [pool-6-thread-4][:] - /****************流量统计******************/
LastReadBytes:0
LastReadThroughput:0
LastWrittenBytes:0
LastWriteThroughput:0
RealWrittenBytes:0
RealWriteThroughput:0
当前玩家的连接数量:0
当前地图的线程个数：9
当前地图的个数:47
当前数据库执行队列数:0
当前发送队列缓存的对象数量:0
totalMemory：970457088, use ：655206912, free ：315250176DirectMemory：1827143680, 恢复 ：1
当前时间 ：2026-08-19 16:53:49send keng：-1, sheng ：4194304
decode keng：-1, sheng ：2097152
world keng：3, sheng ：1048576

2026-08-19 16:53:54.682 INFO [pool-6-thread-7][:] - /****************流量统计******************/
LastReadBytes:0
LastReadThroughput:0
LastWrittenBytes:0
LastWriteThroughput:0
RealWrittenBytes:0
RealWriteThroughput:0
当前玩家的连接数量:0
当前地图的线程个数：9
当前地图的个数:47
当前数据库执行队列数:0
当前发送队列缓存的对象数量:0
totalMemory：970457088, use ：659983872, free ：310473216DirectMemory：1827143680, 恢复 ：1
当前时间 ：2026-08-19 16:53:54send keng：-1, sheng ：4194304
decode keng：-1, sheng ：2097152
world keng：3, sheng ：1048576

2026-08-19 16:53:59.682 INFO [pool-6-thread-9][:] - /****************流量统计******************/
LastReadBytes:0
LastReadThroughput:0
LastWrittenBytes:0
LastWriteThroughput:0
RealWrittenBytes:0
RealWriteThroughput:0
当前玩家的连接数量:0
当前地图的线程个数：9
当前地图的个数:47
当前数据库执行队列数:0
当前发送队列缓存的对象数量:0
totalMemory：970457088, use ：662313832, free ：308143256DirectMemory：1827143680, 恢复 ：1
当前时间 ：2026-08-19 16:53:59send keng：-1, sheng ：4194304
decode keng：-1, sheng ：2097152
world keng：3, sheng ：1048576

2026-08-19 16:54:04.682 INFO [pool-6-thread-5][:] - /****************流量统计******************/
LastReadBytes:0
LastReadThroughput:0
LastWrittenBytes:0
LastWriteThroughput:0
RealWrittenBytes:0
RealWriteThroughput:0
当前玩家的连接数量:0
当前地图的线程个数：9
当前地图的个数:47
当前数据库执行队列数:0
当前发送队列缓存的对象数量:0
totalMemory：970457088, use ：666799704, free ：303657384DirectMemory：1827143680, 恢复 ：1
当前时间 ：2026-08-19 16:54:04send keng：-1, sheng ：4194304
decode keng：-1, sheng ：2097152
world keng：3, sheng ：1048576

2026-08-19 16:54:09.682 INFO [pool-6-thread-1][:] - /****************流量统计******************/
LastReadBytes:0
LastReadThroughput:0
LastWrittenBytes:0
LastWriteThroughput:0
RealWrittenBytes:0
RealWriteThroughput:0
当前玩家的连接数量:0
当前地图的线程个数：9
当前地图的个数:47
当前数据库执行队列数:0
当前发送队列缓存的对象数量:0
totalMemory：970457088, use ：668607224, free ：301849864DirectMemory：1827143680, 恢复 ：1
当前时间 ：2026-08-19 16:54:09send keng：-1, sheng ：4194304
decode keng：-1, sheng ：2097152
world keng：3, sheng ：1048576

2026-08-19 16:54:14.682 INFO [pool-6-thread-5][:] - /****************流量统计******************/
LastReadBytes:0
LastReadThroughput:0
LastWrittenBytes:0
LastWriteThroughput:0
RealWrittenBytes:0
RealWriteThroughput:0
当前玩家的连接数量:0
当前地图的线程个数：9
当前地图的个数:47
当前数据库执行队列数:0
当前发送队列缓存的对象数量:0
totalMemory：970457088, use ：673954680, free ：296502408DirectMemory：1827143680, 恢复 ：1
当前时间 ：2026-08-19 16:54:14send keng：-1, sheng ：4194304
decode keng：-1, sheng ：2097152
world keng：3, sheng ：1048576

2026-08-19 16:54:19.682 INFO [pool-6-thread-1][:] - /****************流量统计******************/
LastReadBytes:0
LastReadThroughput:0
LastWrittenBytes:0
LastWriteThroughput:0
RealWrittenBytes:0
RealWriteThroughput:0
当前玩家的连接数量:0
当前地图的线程个数：9
当前地图的个数:47
当前数据库执行队列数:0
当前发送队列缓存的对象数量:0
totalMemory：970457088, use ：676190752, free ：294266336DirectMemory：1827143680, 恢复 ：1
当前时间 ：2026-08-19 16:54:19send keng：-1, sheng ：4194304
decode keng：-1, sheng ：2097152
world keng：3, sheng ：1048576

2026-08-19 16:54:24.682 INFO [pool-6-thread-4][:] - /****************流量统计******************/
LastReadBytes:0
LastReadThroughput:0
LastWrittenBytes:0
LastWriteThroughput:0
RealWrittenBytes:0
RealWriteThroughput:0
当前玩家的连接数量:0
当前地图的线程个数：9
当前地图的个数:47
当前数据库执行队列数:0
当前发送队列缓存的对象数量:0
totalMemory：970457088, use ：680670568, free ：289786520DirectMemory：1827143680, 恢复 ：1
当前时间 ：2026-08-19 16:54:24send keng：-1, sheng ：4194304
decode keng：-1, sheng ：2097152
world keng：3, sheng ：1048576

2026-08-19 16:54:29.682 INFO [pool-6-thread-7][:] - /****************流量统计******************/
LastReadBytes:0
LastReadThroughput:0
LastWrittenBytes:0
LastWriteThroughput:0
RealWrittenBytes:0
RealWriteThroughput:0
当前玩家的连接数量:0
当前地图的线程个数：9
当前地图的个数:47
当前数据库执行队列数:0
当前发送队列缓存的对象数量:0
totalMemory：970457088, use ：682445584, free ：288011504DirectMemory：1827143680, 恢复 ：1
当前时间 ：2026-08-19 16:54:29send keng：-1, sheng ：4194304
decode keng：-1, sheng ：2097152
world keng：3, sheng ：1048576

2026-08-19 16:54:34.683 INFO [pool-6-thread-8][:] - /****************流量统计******************/
LastReadBytes:0
LastReadThroughput:0
LastWrittenBytes:0
LastWriteThroughput:0
RealWrittenBytes:0
RealWriteThroughput:0
当前玩家的连接数量:0
当前地图的线程个数：9
当前地图的个数:47
当前数据库执行队列数:0
当前发送队列缓存的对象数量:0
totalMemory：970457088, use ：687710880, free ：282746208DirectMemory：1827143680, 恢复 ：1
当前时间 ：2026-08-19 16:54:34send keng：-1, sheng ：4194304
decode keng：-1, sheng ：2097152
world keng：3, sheng ：1048576

2026-08-19 16:54:39.682 INFO [pool-6-thread-6][:] - /****************流量统计******************/
LastReadBytes:0
LastReadThroughput:0
LastWrittenBytes:0
LastWriteThroughput:0
RealWrittenBytes:0
RealWriteThroughput:0
当前玩家的连接数量:0
当前地图的线程个数：9
当前地图的个数:47
当前数据库执行队列数:0
当前发送队列缓存的对象数量:0
totalMemory：970457088, use ：689994024, free ：280463064DirectMemory：1827143680, 恢复 ：1
当前时间 ：2026-08-19 16:54:39send keng：-1, sheng ：4194304
decode keng：-1, sheng ：2097152
world keng：3, sheng ：1048576

2026-08-19 16:54:44.682 INFO [pool-6-thread-5][:] - /****************流量统计******************/
LastReadBytes:0
LastReadThroughput:0
LastWrittenBytes:0
LastWriteThroughput:0
RealWrittenBytes:0
RealWriteThroughput:0
当前玩家的连接数量:0
当前地图的线程个数：9
当前地图的个数:47
当前数据库执行队列数:0
当前发送队列缓存的对象数量:0
totalMemory：970457088, use ：694813672, free ：275643416DirectMemory：1827143680, 恢复 ：1
当前时间 ：2026-08-19 16:54:44send keng：-1, sheng ：4194304
decode keng：-1, sheng ：2097152
world keng：3, sheng ：1048576

2026-08-19 16:54:49.682 INFO [pool-6-thread-4][:] - /****************流量统计******************/
LastReadBytes:0
LastReadThroughput:0
LastWrittenBytes:0
LastWriteThroughput:0
RealWrittenBytes:0
RealWriteThroughput:0
当前玩家的连接数量:0
当前地图的线程个数：9
当前地图的个数:47
当前数据库执行队列数:0
当前发送队列缓存的对象数量:0
totalMemory：970457088, use ：697122536, free ：273334552DirectMemory：1827143680, 恢复 ：1
当前时间 ：2026-08-19 16:54:49send keng：-1, sheng ：4194304
decode keng：-1, sheng ：2097152
world keng：3, sheng ：1048576

2026-08-19 16:54:54.682 INFO [pool-6-thread-2][:] - /****************流量统计******************/
LastReadBytes:0
LastReadThroughput:0
LastWrittenBytes:0
LastWriteThroughput:0
RealWrittenBytes:0
RealWriteThroughput:0
当前玩家的连接数量:0
当前地图的线程个数：9
当前地图的个数:47
当前数据库执行队列数:0
当前发送队列缓存的对象数量:0
totalMemory：970457088, use ：701482848, free ：268974240DirectMemory：1827143680, 恢复 ：1
当前时间 ：2026-08-19 16:54:54send keng：-1, sheng ：4194304
decode keng：-1, sheng ：2097152
world keng：3, sheng ：1048576

2026-08-19 16:54:59.682 INFO [pool-6-thread-2][:] - /****************流量统计******************/
LastReadBytes:0
LastReadThroughput:0
LastWrittenBytes:0
LastWriteThroughput:0
RealWrittenBytes:0
RealWriteThroughput:0
当前玩家的连接数量:0
当前地图的线程个数：9
当前地图的个数:47
当前数据库执行队列数:0
当前发送队列缓存的对象数量:0
totalMemory：970457088, use ：703489664, free ：266967424DirectMemory：1827143680, 恢复 ：1
当前时间 ：2026-08-19 16:54:59send keng：-1, sheng ：4194304
decode keng：-1, sheng ：2097152
world keng：3, sheng ：1048576

2026-08-19 16:55:04.682 INFO [pool-6-thread-8][:] - /****************流量统计******************/
LastReadBytes:0
LastReadThroughput:0
LastWrittenBytes:0
LastWriteThroughput:0
RealWrittenBytes:0
RealWriteThroughput:0
当前玩家的连接数量:0
当前地图的线程个数：9
当前地图的个数:47
当前数据库执行队列数:0
当前发送队列缓存的对象数量:0
totalMemory：970457088, use ：708201624, free ：262255464DirectMemory：1827143680, 恢复 ：1
当前时间 ：2026-08-19 16:55:04send keng：-1, sheng ：4194304
decode keng：-1, sheng ：2097152
world keng：3, sheng ：1048576

2026-08-19 16:55:09.682 INFO [pool-6-thread-2][:] - /****************流量统计******************/
LastReadBytes:0
LastReadThroughput:0
LastWrittenBytes:0
LastWriteThroughput:0
RealWrittenBytes:0
RealWriteThroughput:0
当前玩家的连接数量:0
当前地图的线程个数：9
当前地图的个数:47
当前数据库执行队列数:0
当前发送队列缓存的对象数量:0
totalMemory：970457088, use ：711737024, free ：258720064DirectMemory：1827143680, 恢复 ：1
当前时间 ：2026-08-19 16:55:09send keng：-1, sheng ：4194304
decode keng：-1, sheng ：2097152
world keng：3, sheng ：1048576

2026-08-19 16:55:14.682 INFO [pool-6-thread-4][:] - /****************流量统计******************/
LastReadBytes:0
LastReadThroughput:0
LastWrittenBytes:0
LastWriteThroughput:0
RealWrittenBytes:0
RealWriteThroughput:0
当前玩家的连接数量:0
当前地图的线程个数：9
当前地图的个数:47
当前数据库执行队列数:0
当前发送队列缓存的对象数量:0
totalMemory：970457088, use ：714435928, free ：256021160DirectMemory：1827143680, 恢复 ：1
当前时间 ：2026-08-19 16:55:14send keng：-1, sheng ：4194304
decode keng：-1, sheng ：2097152
world keng：3, sheng ：1048576

2026-08-19 16:55:19.683 INFO [pool-6-thread-2][:] - /****************流量统计******************/
LastReadBytes:0
LastReadThroughput:0
LastWrittenBytes:0
LastWriteThroughput:0
RealWrittenBytes:0
RealWriteThroughput:0
当前玩家的连接数量:0
当前地图的线程个数：9
当前地图的个数:47
当前数据库执行队列数:0
当前发送队列缓存的对象数量:0
totalMemory：970457088, use ：719709648, free ：250747440DirectMemory：1827143680, 恢复 ：1
当前时间 ：2026-08-19 16:55:19send keng：-1, sheng ：4194304
decode keng：-1, sheng ：2097152
world keng：3, sheng ：1048576

2026-08-19 16:55:24.682 INFO [pool-6-thread-4][:] - /****************流量统计******************/
LastReadBytes:0
LastReadThroughput:0
LastWrittenBytes:0
LastWriteThroughput:0
RealWrittenBytes:0
RealWriteThroughput:0
当前玩家的连接数量:0
当前地图的线程个数：9
当前地图的个数:47
当前数据库执行队列数:0
当前发送队列缓存的对象数量:0
totalMemory：970457088, use ：722413328, free ：248043760DirectMemory：1827143680, 恢复 ：1
当前时间 ：2026-08-19 16:55:24send keng：-1, sheng ：4194304
decode keng：-1, sheng ：2097152
world keng：3, sheng ：1048576

2026-08-19 16:55:29.682 INFO [pool-6-thread-9][:] - /****************流量统计******************/
LastReadBytes:0
LastReadThroughput:0
LastWrittenBytes:0
LastWriteThroughput:0
RealWrittenBytes:0
RealWriteThroughput:0
当前玩家的连接数量:0
当前地图的线程个数：9
当前地图的个数:47
当前数据库执行队列数:0
当前发送队列缓存的对象数量:0
totalMemory：970457088, use ：726367152, free ：244089936DirectMemory：1827143680, 恢复 ：1
当前时间 ：2026-08-19 16:55:29send keng：-1, sheng ：4194304
decode keng：-1, sheng ：2097152
world keng：3, sheng ：1048576

2026-08-19 16:55:34.682 INFO [pool-6-thread-2][:] - /****************流量统计******************/
LastReadBytes:0
LastReadThroughput:0
LastWrittenBytes:0
LastWriteThroughput:0
RealWrittenBytes:0
RealWriteThroughput:0
当前玩家的连接数量:0
当前地图的线程个数：9
当前地图的个数:47
当前数据库执行队列数:0
当前发送队列缓存的对象数量:0
totalMemory：970457088, use ：728691016, free ：241766072DirectMemory：1827143680, 恢复 ：1
当前时间 ：2026-08-19 16:55:34send keng：-1, sheng ：4194304
decode keng：-1, sheng ：2097152
world keng：3, sheng ：1048576

2026-08-19 16:55:39.682 INFO [pool-6-thread-1][:] - /****************流量统计******************/
LastReadBytes:0
LastReadThroughput:0
LastWrittenBytes:0
LastWriteThroughput:0
RealWrittenBytes:0
RealWriteThroughput:0
当前玩家的连接数量:0
当前地图的线程个数：9
当前地图的个数:47
当前数据库执行队列数:0
当前发送队列缓存的对象数量:0
totalMemory：970981376, use ：400236784, free ：570744592DirectMemory：1827143680, 恢复 ：1
当前时间 ：2026-08-19 16:55:39send keng：-1, sheng ：4194304
decode keng：-1, sheng ：2097152
world keng：3, sheng ：1048576

2026-08-19 16:55:44.682 INFO [pool-6-thread-3][:] - /****************流量统计******************/
LastReadBytes:0
LastReadThroughput:0
LastWrittenBytes:0
LastWriteThroughput:0
RealWrittenBytes:0
RealWriteThroughput:0
当前玩家的连接数量:0
当前地图的线程个数：9
当前地图的个数:47
当前数据库执行队列数:0
当前发送队列缓存的对象数量:0
totalMemory：970981376, use ：401542512, free ：569438864DirectMemory：1827143680, 恢复 ：1
当前时间 ：2026-08-19 16:55:44send keng：-1, sheng ：4194304
decode keng：-1, sheng ：2097152
world keng：3, sheng ：1048576

2026-08-19 16:55:49.682 INFO [pool-6-thread-1][:] - /****************流量统计******************/
LastReadBytes:0
LastReadThroughput:0
LastWrittenBytes:0
LastWriteThroughput:0
RealWrittenBytes:0
RealWriteThroughput:0
当前玩家的连接数量:0
当前地图的线程个数：9
当前地图的个数:47
当前数据库执行队列数:0
当前发送队列缓存的对象数量:0
totalMemory：970981376, use ：405986264, free ：564995112DirectMemory：1827143680, 恢复 ：1
当前时间 ：2026-08-19 16:55:49send keng：-1, sheng ：4194304
decode keng：-1, sheng ：2097152
world keng：3, sheng ：1048576

2026-08-19 16:55:54.682 INFO [pool-6-thread-10][:] - /****************流量统计******************/
LastReadBytes:0
LastReadThroughput:0
LastWrittenBytes:0
LastWriteThroughput:0
RealWrittenBytes:0
RealWriteThroughput:0
当前玩家的连接数量:0
当前地图的线程个数：9
当前地图的个数:47
当前数据库执行队列数:0
当前发送队列缓存的对象数量:0
totalMemory：970981376, use ：408664240, free ：562317136DirectMemory：1827143680, 恢复 ：1
当前时间 ：2026-08-19 16:55:54send keng：-1, sheng ：4194304
decode keng：-1, sheng ：2097152
world keng：3, sheng ：1048576

2026-08-19 16:55:59.682 INFO [pool-6-thread-8][:] - /****************流量统计******************/
LastReadBytes:0
LastReadThroughput:0
LastWrittenBytes:0
LastWriteThroughput:0
RealWrittenBytes:0
RealWriteThroughput:0
当前玩家的连接数量:0
当前地图的线程个数：9
当前地图的个数:47
当前数据库执行队列数:0
当前发送队列缓存的对象数量:0
totalMemory：970981376, use ：412666064, free ：558315312DirectMemory：1827143680, 恢复 ：1
当前时间 ：2026-08-19 16:55:59send keng：-1, sheng ：4194304
decode keng：-1, sheng ：2097152
world keng：3, sheng ：1048576

2026-08-19 16:56:04.682 INFO [pool-6-thread-5][:] - /****************流量统计******************/
LastReadBytes:0
LastReadThroughput:0
LastWrittenBytes:0
LastWriteThroughput:0
RealWrittenBytes:0
RealWriteThroughput:0
当前玩家的连接数量:0
当前地图的线程个数：9
当前地图的个数:47
当前数据库执行队列数:0
当前发送队列缓存的对象数量:0
totalMemory：970981376, use ：415463816, free ：555517560DirectMemory：1827143680, 恢复 ：1
当前时间 ：2026-08-19 16:56:04send keng：-1, sheng ：4194304
decode keng：-1, sheng ：2097152
world keng：3, sheng ：1048576

2026-08-19 16:56:09.682 INFO [pool-6-thread-7][:] - /****************流量统计******************/
LastReadBytes:0
LastReadThroughput:0
LastWrittenBytes:0
LastWriteThroughput:0
RealWrittenBytes:0
RealWriteThroughput:0
当前玩家的连接数量:0
当前地图的线程个数：9
当前地图的个数:47
当前数据库执行队列数:0
当前发送队列缓存的对象数量:0
totalMemory：970981376, use ：419463512, free ：551517864DirectMemory：1827143680, 恢复 ：1
当前时间 ：2026-08-19 16:56:09send keng：-1, sheng ：4194304
decode keng：-1, sheng ：2097152
world keng：3, sheng ：1048576

2026-08-19 16:56:14.682 INFO [pool-6-thread-7][:] - /****************流量统计******************/
LastReadBytes:0
LastReadThroughput:0
LastWrittenBytes:0
LastWriteThroughput:0
RealWrittenBytes:0
RealWriteThroughput:0
当前玩家的连接数量:0
当前地图的线程个数：9
当前地图的个数:47
当前数据库执行队列数:0
当前发送队列缓存的对象数量:0
totalMemory：970981376, use ：422121968, free ：548859408DirectMemory：1827143680, 恢复 ：1
当前时间 ：2026-08-19 16:56:14send keng：-1, sheng ：4194304
decode keng：-1, sheng ：2097152
world keng：3, sheng ：1048576

2026-08-19 16:56:19.682 INFO [pool-6-thread-4][:] - /****************流量统计******************/
LastReadBytes:0
LastReadThroughput:0
LastWrittenBytes:0
LastWriteThroughput:0
RealWrittenBytes:0
RealWriteThroughput:0
当前玩家的连接数量:0
当前地图的线程个数：9
当前地图的个数:47
当前数据库执行队列数:0
当前发送队列缓存的对象数量:0
totalMemory：970981376, use ：427506360, free ：543475016DirectMemory：1827143680, 恢复 ：1
当前时间 ：2026-08-19 16:56:19send keng：-1, sheng ：4194304
decode keng：-1, sheng ：2097152
world keng：3, sheng ：1048576

2026-08-19 16:56:24.682 INFO [pool-6-thread-2][:] - /****************流量统计******************/
LastReadBytes:0
LastReadThroughput:0
LastWrittenBytes:0
LastWriteThroughput:0
RealWrittenBytes:0
RealWriteThroughput:0
当前玩家的连接数量:0
当前地图的线程个数：9
当前地图的个数:47
当前数据库执行队列数:0
当前发送队列缓存的对象数量:0
totalMemory：970981376, use ：431257024, free ：539724352DirectMemory：1827143680, 恢复 ：1
当前时间 ：2026-08-19 16:56:24send keng：-1, sheng ：4194304
decode keng：-1, sheng ：2097152
world keng：3, sheng ：1048576

2026-08-19 16:56:29.682 INFO [pool-6-thread-8][:] - /****************流量统计******************/
LastReadBytes:0
LastReadThroughput:0
LastWrittenBytes:0
LastWriteThroughput:0
RealWrittenBytes:0
RealWriteThroughput:0
当前玩家的连接数量:0
当前地图的线程个数：9
当前地图的个数:47
当前数据库执行队列数:0
当前发送队列缓存的对象数量:0
totalMemory：970981376, use ：434132504, free ：536848872DirectMemory：1827143680, 恢复 ：1
当前时间 ：2026-08-19 16:56:29send keng：-1, sheng ：4194304
decode keng：-1, sheng ：2097152
world keng：3, sheng ：1048576

2026-08-19 16:56:34.682 INFO [pool-6-thread-7][:] - /****************流量统计******************/
LastReadBytes:0
LastReadThroughput:0
LastWrittenBytes:0
LastWriteThroughput:0
RealWrittenBytes:0
RealWriteThroughput:0
当前玩家的连接数量:0
当前地图的线程个数：9
当前地图的个数:47
当前数据库执行队列数:0
当前发送队列缓存的对象数量:0
totalMemory：970981376, use ：437747232, free ：533234144DirectMemory：1827143680, 恢复 ：1
当前时间 ：2026-08-19 16:56:34send keng：-1, sheng ：4194304
decode keng：-1, sheng ：2097152
world keng：3, sheng ：1048576

2026-08-19 16:56:39.682 INFO [pool-6-thread-2][:] - /****************流量统计******************/
LastReadBytes:0
LastReadThroughput:0
LastWrittenBytes:0
LastWriteThroughput:0
RealWrittenBytes:0
RealWriteThroughput:0
当前玩家的连接数量:0
当前地图的线程个数：9
当前地图的个数:47
当前数据库执行队列数:0
当前发送队列缓存的对象数量:0
totalMemory：970981376, use ：440821216, free ：530160160DirectMemory：1827143680, 恢复 ：1
当前时间 ：2026-08-19 16:56:39send keng：-1, sheng ：4194304
decode keng：-1, sheng ：2097152
world keng：3, sheng ：1048576

2026-08-19 16:56:44.682 INFO [pool-6-thread-9][:] - /****************流量统计******************/
LastReadBytes:0
LastReadThroughput:0
LastWrittenBytes:0
LastWriteThroughput:0
RealWrittenBytes:0
RealWriteThroughput:0
当前玩家的连接数量:0
当前地图的线程个数：9
当前地图的个数:47
当前数据库执行队列数:0
当前发送队列缓存的对象数量:0
totalMemory：970981376, use ：445687520, free ：525293856DirectMemory：1827143680, 恢复 ：1
当前时间 ：2026-08-19 16:56:44send keng：-1, sheng ：4194304
decode keng：-1, sheng ：2097152
world keng：3, sheng ：1048576

2026-08-19 16:56:49.682 INFO [pool-6-thread-6][:] - /****************流量统计******************/
LastReadBytes:0
LastReadThroughput:0
LastWrittenBytes:0
LastWriteThroughput:0
RealWrittenBytes:0
RealWriteThroughput:0
当前玩家的连接数量:0
当前地图的线程个数：9
当前地图的个数:47
当前数据库执行队列数:0
当前发送队列缓存的对象数量:0
totalMemory：970981376, use ：447460624, free ：523520752DirectMemory：1827143680, 恢复 ：1
当前时间 ：2026-08-19 16:56:49send keng：-1, sheng ：4194304
decode keng：-1, sheng ：2097152
world keng：3, sheng ：1048576

2026-08-19 16:56:54.682 INFO [pool-6-thread-4][:] - /****************流量统计******************/
LastReadBytes:0
LastReadThroughput:0
LastWrittenBytes:0
LastWriteThroughput:0
RealWrittenBytes:0
RealWriteThroughput:0
当前玩家的连接数量:0
当前地图的线程个数：9
当前地图的个数:47
当前数据库执行队列数:0
当前发送队列缓存的对象数量:0
totalMemory：970981376, use ：451501576, free ：519479800DirectMemory：1827143680, 恢复 ：1
当前时间 ：2026-08-19 16:56:54send keng：-1, sheng ：4194304
decode keng：-1, sheng ：2097152
world keng：3, sheng ：1048576

2026-08-19 16:56:59.682 INFO [pool-6-thread-2][:] - /****************流量统计******************/
LastReadBytes:0
LastReadThroughput:0
LastWrittenBytes:0
LastWriteThroughput:0
RealWrittenBytes:0
RealWriteThroughput:0
当前玩家的连接数量:0
当前地图的线程个数：9
当前地图的个数:47
当前数据库执行队列数:0
当前发送队列缓存的对象数量:0
totalMemory：970981376, use ：454519936, free ：516461440DirectMemory：1827143680, 恢复 ：1
当前时间 ：2026-08-19 16:56:59send keng：-1, sheng ：4194304
decode keng：-1, sheng ：2097152
world keng：3, sheng ：1048576

2026-08-19 16:57:04.682 INFO [pool-6-thread-1][:] - /****************流量统计******************/
LastReadBytes:0
LastReadThroughput:0
LastWrittenBytes:0
LastWriteThroughput:0
RealWrittenBytes:0
RealWriteThroughput:0
当前玩家的连接数量:0
当前地图的线程个数：9
当前地图的个数:47
当前数据库执行队列数:0
当前发送队列缓存的对象数量:0
totalMemory：970981376, use ：459149856, free ：511831520DirectMemory：1827143680, 恢复 ：1
当前时间 ：2026-08-19 16:57:04send keng：-1, sheng ：4194304
decode keng：-1, sheng ：2097152
world keng：3, sheng ：1048576

2026-08-19 16:57:09.682 INFO [pool-6-thread-8][:] - /****************流量统计******************/
LastReadBytes:0
LastReadThroughput:0
LastWrittenBytes:0
LastWriteThroughput:0
RealWrittenBytes:0
RealWriteThroughput:0
当前玩家的连接数量:0
当前地图的线程个数：9
当前地图的个数:47
当前数据库执行队列数:0
当前发送队列缓存的对象数量:0
totalMemory：970981376, use ：461746096, free ：509235280DirectMemory：1827143680, 恢复 ：1
当前时间 ：2026-08-19 16:57:09send keng：-1, sheng ：4194304
decode keng：-1, sheng ：2097152
world keng：3, sheng ：1048576

2026-08-19 16:57:14.682 INFO [pool-6-thread-1][:] - /****************流量统计******************/
LastReadBytes:0
LastReadThroughput:0
LastWrittenBytes:0
LastWriteThroughput:0
RealWrittenBytes:0
RealWriteThroughput:0
当前玩家的连接数量:0
当前地图的线程个数：9
当前地图的个数:47
当前数据库执行队列数:0
当前发送队列缓存的对象数量:0
totalMemory：970981376, use ：465834912, free ：505146464DirectMemory：1827143680, 恢复 ：1
当前时间 ：2026-08-19 16:57:14send keng：-1, sheng ：4194304
decode keng：-1, sheng ：2097152
world keng：3, sheng ：1048576

2026-08-19 16:57:19.682 INFO [pool-6-thread-8][:] - /****************流量统计******************/
LastReadBytes:0
LastReadThroughput:0
LastWrittenBytes:0
LastWriteThroughput:0
RealWrittenBytes:0
RealWriteThroughput:0
当前玩家的连接数量:0
当前地图的线程个数：9
当前地图的个数:47
当前数据库执行队列数:0
当前发送队列缓存的对象数量:0
totalMemory：970981376, use ：469352672, free ：501628704DirectMemory：1827143680, 恢复 ：1
当前时间 ：2026-08-19 16:57:19send keng：-1, sheng ：4194304
decode keng：-1, sheng ：2097152
world keng：3, sheng ：1048576

2026-08-19 16:57:24.682 INFO [pool-6-thread-7][:] - /****************流量统计******************/
LastReadBytes:0
LastReadThroughput:0
LastWrittenBytes:0
LastWriteThroughput:0
RealWrittenBytes:0
RealWriteThroughput:0
当前玩家的连接数量:0
当前地图的线程个数：9
当前地图的个数:47
当前数据库执行队列数:0
当前发送队列缓存的对象数量:0
totalMemory：970981376, use ：472519384, free ：498461992DirectMemory：1827143680, 恢复 ：1
当前时间 ：2026-08-19 16:57:24send keng：-1, sheng ：4194304
decode keng：-1, sheng ：2097152
world keng：3, sheng ：1048576

2026-08-19 16:57:29.682 INFO [pool-6-thread-4][:] - /****************流量统计******************/
LastReadBytes:0
LastReadThroughput:0
LastWrittenBytes:0
LastWriteThroughput:0
RealWrittenBytes:0
RealWriteThroughput:0
当前玩家的连接数量:0
当前地图的线程个数：9
当前地图的个数:47
当前数据库执行队列数:0
当前发送队列缓存的对象数量:0
totalMemory：970981376, use ：476046248, free ：494935128DirectMemory：1827143680, 恢复 ：1
当前时间 ：2026-08-19 16:57:29send keng：-1, sheng ：4194304
decode keng：-1, sheng ：2097152
world keng：3, sheng ：1048576

2026-08-19 16:57:34.682 INFO [pool-6-thread-10][:] - /****************流量统计******************/
LastReadBytes:0
LastReadThroughput:0
LastWrittenBytes:0
LastWriteThroughput:0
RealWrittenBytes:0
RealWriteThroughput:0
当前玩家的连接数量:0
当前地图的线程个数：9
当前地图的个数:47
当前数据库执行队列数:0
当前发送队列缓存的对象数量:0
totalMemory：970981376, use ：479623600, free ：491357776DirectMemory：1827143680, 恢复 ：1
当前时间 ：2026-08-19 16:57:34send keng：-1, sheng ：4194304
decode keng：-1, sheng ：2097152
world keng：3, sheng ：1048576

2026-08-19 16:57:39.682 INFO [pool-6-thread-2][:] - /****************流量统计******************/
LastReadBytes:0
LastReadThroughput:0
LastWrittenBytes:0
LastWriteThroughput:0
RealWrittenBytes:0
RealWriteThroughput:0
当前玩家的连接数量:0
当前地图的线程个数：9
当前地图的个数:47
当前数据库执行队列数:0
当前发送队列缓存的对象数量:0
totalMemory：970981376, use ：482400616, free ：488580760DirectMemory：1827143680, 恢复 ：1
当前时间 ：2026-08-19 16:57:39send keng：-1, sheng ：4194304
decode keng：-1, sheng ：2097152
world keng：3, sheng ：1048576

2026-08-19 16:57:44.682 INFO [pool-6-thread-10][:] - /****************流量统计******************/
LastReadBytes:0
LastReadThroughput:0
LastWrittenBytes:0
LastWriteThroughput:0
RealWrittenBytes:0
RealWriteThroughput:0
当前玩家的连接数量:0
当前地图的线程个数：9
当前地图的个数:47
当前数据库执行队列数:0
当前发送队列缓存的对象数量:0
totalMemory：970981376, use ：487180728, free ：483800648DirectMemory：1827143680, 恢复 ：1
当前时间 ：2026-08-19 16:57:44send keng：-1, sheng ：4194304
decode keng：-1, sheng ：2097152
world keng：3, sheng ：1048576

2026-08-19 16:57:49.682 INFO [pool-6-thread-8][:] - /****************流量统计******************/
LastReadBytes:0
LastReadThroughput:0
LastWrittenBytes:0
LastWriteThroughput:0
RealWrittenBytes:0
RealWriteThroughput:0
当前玩家的连接数量:0
当前地图的线程个数：9
当前地图的个数:47
当前数据库执行队列数:0
当前发送队列缓存的对象数量:0
totalMemory：970981376, use ：490836560, free ：480144816DirectMemory：1827143680, 恢复 ：1
当前时间 ：2026-08-19 16:57:49send keng：-1, sheng ：4194304
decode keng：-1, sheng ：2097152
world keng：3, sheng ：1048576

2026-08-19 16:57:54.682 INFO [pool-6-thread-1][:] - /****************流量统计******************/
LastReadBytes:0
LastReadThroughput:0
LastWrittenBytes:0
LastWriteThroughput:0
RealWrittenBytes:0
RealWriteThroughput:0
当前玩家的连接数量:0
当前地图的线程个数：9
当前地图的个数:47
当前数据库执行队列数:0
当前发送队列缓存的对象数量:0
totalMemory：970981376, use ：493800744, free ：477180632DirectMemory：1827143680, 恢复 ：1
当前时间 ：2026-08-19 16:57:54send keng：-1, sheng ：4194304
decode keng：-1, sheng ：2097152
world keng：3, sheng ：1048576

2026-08-19 16:57:59.682 INFO [pool-6-thread-1][:] - /****************流量统计******************/
LastReadBytes:0
LastReadThroughput:0
LastWrittenBytes:0
LastWriteThroughput:0
RealWrittenBytes:0
RealWriteThroughput:0
当前玩家的连接数量:0
当前地图的线程个数：9
当前地图的个数:47
当前数据库执行队列数:0
当前发送队列缓存的对象数量:0
totalMemory：970981376, use ：498210576, free ：472770800DirectMemory：1827143680, 恢复 ：1
当前时间 ：2026-08-19 16:57:59send keng：-1, sheng ：4194304
decode keng：-1, sheng ：2097152
world keng：3, sheng ：1048576

2026-08-19 16:58:04.682 INFO [pool-6-thread-5][:] - /****************流量统计******************/
LastReadBytes:0
LastReadThroughput:0
LastWrittenBytes:0
LastWriteThroughput:0
RealWrittenBytes:0
RealWriteThroughput:0
当前玩家的连接数量:0
当前地图的线程个数：9
当前地图的个数:47
当前数据库执行队列数:0
当前发送队列缓存的对象数量:0
totalMemory：970981376, use ：500167624, free ：470813752DirectMemory：1827143680, 恢复 ：1
当前时间 ：2026-08-19 16:58:04send keng：-1, sheng ：4194304
decode keng：-1, sheng ：2097152
world keng：3, sheng ：1048576

2026-08-19 16:58:09.682 INFO [pool-6-thread-5][:] - /****************流量统计******************/
LastReadBytes:0
LastReadThroughput:0
LastWrittenBytes:0
LastWriteThroughput:0
RealWrittenBytes:0
RealWriteThroughput:0
当前玩家的连接数量:0
当前地图的线程个数：9
当前地图的个数:47
当前数据库执行队列数:0
当前发送队列缓存的对象数量:0
totalMemory：970981376, use ：505508248, free ：465473128DirectMemory：1827143680, 恢复 ：1
当前时间 ：2026-08-19 16:58:09send keng：-1, sheng ：4194304
decode keng：-1, sheng ：2097152
world keng：3, sheng ：1048576

2026-08-19 16:58:14.682 INFO [pool-6-thread-1][:] - /****************流量统计******************/
LastReadBytes:0
LastReadThroughput:0
LastWrittenBytes:0
LastWriteThroughput:0
RealWrittenBytes:0
RealWriteThroughput:0
当前玩家的连接数量:0
当前地图的线程个数：9
当前地图的个数:47
当前数据库执行队列数:0
当前发送队列缓存的对象数量:0
totalMemory：970981376, use ：507729776, free ：463251600DirectMemory：1827143680, 恢复 ：1
当前时间 ：2026-08-19 16:58:14send keng：-1, sheng ：4194304
decode keng：-1, sheng ：2097152
world keng：3, sheng ：1048576

2026-08-19 16:58:19.682 INFO [pool-6-thread-2][:] - /****************流量统计******************/
LastReadBytes:0
LastReadThroughput:0
LastWrittenBytes:0
LastWriteThroughput:0
RealWrittenBytes:0
RealWriteThroughput:0
当前玩家的连接数量:0
当前地图的线程个数：9
当前地图的个数:47
当前数据库执行队列数:0
当前发送队列缓存的对象数量:0
totalMemory：970981376, use ：513091696, free ：457889680DirectMemory：1827143680, 恢复 ：1
当前时间 ：2026-08-19 16:58:19send keng：-1, sheng ：4194304
decode keng：-1, sheng ：2097152
world keng：3, sheng ：1048576

2026-08-19 16:58:24.682 INFO [pool-6-thread-3][:] - /****************流量统计******************/
LastReadBytes:0
LastReadThroughput:0
LastWrittenBytes:0
LastWriteThroughput:0
RealWrittenBytes:0
RealWriteThroughput:0
当前玩家的连接数量:0
当前地图的线程个数：9
当前地图的个数:47
当前数据库执行队列数:0
当前发送队列缓存的对象数量:0
totalMemory：970981376, use ：514431120, free ：456550256DirectMemory：1827143680, 恢复 ：1
当前时间 ：2026-08-19 16:58:24send keng：-1, sheng ：4194304
decode keng：-1, sheng ：2097152
world keng：3, sheng ：1048576

2026-08-19 16:58:29.684 INFO [pool-6-thread-4][:] - /****************流量统计******************/
LastReadBytes:0
LastReadThroughput:0
LastWrittenBytes:0
LastWriteThroughput:0
RealWrittenBytes:0
RealWriteThroughput:0
当前玩家的连接数量:0
当前地图的线程个数：9
当前地图的个数:47
当前数据库执行队列数:0
当前发送队列缓存的对象数量:0
totalMemory：970981376, use ：519330392, free ：451650984DirectMemory：1827143680, 恢复 ：1
当前时间 ：2026-08-19 16:58:29send keng：-1, sheng ：4194304
decode keng：-1, sheng ：2097152
world keng：3, sheng ：1048576

2026-08-19 16:58:34.682 INFO [pool-6-thread-9][:] - /****************流量统计******************/
LastReadBytes:0
LastReadThroughput:0
LastWrittenBytes:0
LastWriteThroughput:0
RealWrittenBytes:0
RealWriteThroughput:0
当前玩家的连接数量:0
当前地图的线程个数：9
当前地图的个数:47
当前数据库执行队列数:0
当前发送队列缓存的对象数量:0
totalMemory：970981376, use ：521046480, free ：449934896DirectMemory：1827143680, 恢复 ：1
当前时间 ：2026-08-19 16:58:34send keng：-1, sheng ：4194304
decode keng：-1, sheng ：2097152
world keng：3, sheng ：1048576

2026-08-19 16:58:39.682 INFO [pool-6-thread-2][:] - /****************流量统计******************/
LastReadBytes:0
LastReadThroughput:0
LastWrittenBytes:0
LastWriteThroughput:0
RealWrittenBytes:0
RealWriteThroughput:0
当前玩家的连接数量:0
当前地图的线程个数：9
当前地图的个数:47
当前数据库执行队列数:0
当前发送队列缓存的对象数量:0
totalMemory：970981376, use ：526452176, free ：444529200DirectMemory：1827143680, 恢复 ：1
当前时间 ：2026-08-19 16:58:39send keng：-1, sheng ：4194304
decode keng：-1, sheng ：2097152
world keng：3, sheng ：1048576

2026-08-19 16:58:44.682 INFO [pool-6-thread-6][:] - /****************流量统计******************/
LastReadBytes:0
LastReadThroughput:0
LastWrittenBytes:0
LastWriteThroughput:0
RealWrittenBytes:0
RealWriteThroughput:0
当前玩家的连接数量:0
当前地图的线程个数：9
当前地图的个数:47
当前数据库执行队列数:0
当前发送队列缓存的对象数量:0
totalMemory：970981376, use ：528618888, free ：442362488DirectMemory：1827143680, 恢复 ：1
当前时间 ：2026-08-19 16:58:44send keng：-1, sheng ：4194304
decode keng：-1, sheng ：2097152
world keng：3, sheng ：1048576

2026-08-19 16:58:49.682 INFO [pool-6-thread-10][:] - /****************流量统计******************/
LastReadBytes:0
LastReadThroughput:0
LastWrittenBytes:0
LastWriteThroughput:0
RealWrittenBytes:0
RealWriteThroughput:0
当前玩家的连接数量:0
当前地图的线程个数：9
当前地图的个数:47
当前数据库执行队列数:0
当前发送队列缓存的对象数量:0
totalMemory：970981376, use ：533479544, free ：437501832DirectMemory：1827143680, 恢复 ：1
当前时间 ：2026-08-19 16:58:49send keng：-1, sheng ：4194304
decode keng：-1, sheng ：2097152
world keng：3, sheng ：1048576

2026-08-19 16:58:54.682 INFO [pool-6-thread-9][:] - /****************流量统计******************/
LastReadBytes:0
LastReadThroughput:0
LastWrittenBytes:0
LastWriteThroughput:0
RealWrittenBytes:0
RealWriteThroughput:0
当前玩家的连接数量:0
当前地图的线程个数：9
当前地图的个数:47
当前数据库执行队列数:0
当前发送队列缓存的对象数量:0
totalMemory：970981376, use ：535307536, free ：435673840DirectMemory：1827143680, 恢复 ：1
当前时间 ：2026-08-19 16:58:54send keng：-1, sheng ：4194304
decode keng：-1, sheng ：2097152
world keng：3, sheng ：1048576

2026-08-19 16:58:59.682 INFO [pool-6-thread-5][:] - /****************流量统计******************/
LastReadBytes:0
LastReadThroughput:0
LastWrittenBytes:0
LastWriteThroughput:0
RealWrittenBytes:0
RealWriteThroughput:0
当前玩家的连接数量:0
当前地图的线程个数：9
当前地图的个数:47
当前数据库执行队列数:0
当前发送队列缓存的对象数量:0
totalMemory：970981376, use ：540171208, free ：430810168DirectMemory：1827143680, 恢复 ：1
当前时间 ：2026-08-19 16:58:59send keng：-1, sheng ：4194304
decode keng：-1, sheng ：2097152
world keng：3, sheng ：1048576

2026-08-19 16:59:04.682 INFO [pool-6-thread-4][:] - /****************流量统计******************/
LastReadBytes:0
LastReadThroughput:0
LastWrittenBytes:0
LastWriteThroughput:0
RealWrittenBytes:0
RealWriteThroughput:0
当前玩家的连接数量:0
当前地图的线程个数：9
当前地图的个数:47
当前数据库执行队列数:0
当前发送队列缓存的对象数量:0
totalMemory：970981376, use ：543294392, free ：427686984DirectMemory：1827143680, 恢复 ：1
当前时间 ：2026-08-19 16:59:04send keng：-1, sheng ：4194304
decode keng：-1, sheng ：2097152
world keng：3, sheng ：1048576

2026-08-19 16:59:09.682 INFO [pool-6-thread-3][:] - /****************流量统计******************/
LastReadBytes:0
LastReadThroughput:0
LastWrittenBytes:0
LastWriteThroughput:0
RealWrittenBytes:0
RealWriteThroughput:0
当前玩家的连接数量:0
当前地图的线程个数：9
当前地图的个数:47
当前数据库执行队列数:0
当前发送队列缓存的对象数量:0
totalMemory：970981376, use ：547841560, free ：423139816DirectMemory：1827143680, 恢复 ：1
当前时间 ：2026-08-19 16:59:09send keng：-1, sheng ：4194304
decode keng：-1, sheng ：2097152
world keng：3, sheng ：1048576

2026-08-19 16:59:14.682 INFO [pool-6-thread-5][:] - /****************流量统计******************/
LastReadBytes:0
LastReadThroughput:0
LastWrittenBytes:0
LastWriteThroughput:0
RealWrittenBytes:0
RealWriteThroughput:0
当前玩家的连接数量:0
当前地图的线程个数：9
当前地图的个数:47
当前数据库执行队列数:0
当前发送队列缓存的对象数量:0
totalMemory：970981376, use ：550962256, free ：420019120DirectMemory：1827143680, 恢复 ：1
当前时间 ：2026-08-19 16:59:14send keng：-1, sheng ：4194304
decode keng：-1, sheng ：2097152
world keng：3, sheng ：1048576

2026-08-19 16:59:19.682 INFO [pool-6-thread-4][:] - /****************流量统计******************/
LastReadBytes:0
LastReadThroughput:0
LastWrittenBytes:0
LastWriteThroughput:0
RealWrittenBytes:0
RealWriteThroughput:0
当前玩家的连接数量:0
当前地图的线程个数：9
当前地图的个数:47
当前数据库执行队列数:0
当前发送队列缓存的对象数量:0
totalMemory：970981376, use ：554124584, free ：416856792DirectMemory：1827143680, 恢复 ：1
当前时间 ：2026-08-19 16:59:19send keng：-1, sheng ：4194304
decode keng：-1, sheng ：2097152
world keng：3, sheng ：1048576

2026-08-19 16:59:24.682 INFO [pool-6-thread-2][:] - /****************流量统计******************/
LastReadBytes:0
LastReadThroughput:0
LastWrittenBytes:0
LastWriteThroughput:0
RealWrittenBytes:0
RealWriteThroughput:0
当前玩家的连接数量:0
当前地图的线程个数：9
当前地图的个数:47
当前数据库执行队列数:0
当前发送队列缓存的对象数量:0
totalMemory：970981376, use ：558379840, free ：412601536DirectMemory：1827143680, 恢复 ：1
当前时间 ：2026-08-19 16:59:24send keng：-1, sheng ：4194304
decode keng：-1, sheng ：2097152
world keng：3, sheng ：1048576

2026-08-19 16:59:29.682 INFO [pool-6-thread-9][:] - /****************流量统计******************/
LastReadBytes:0
LastReadThroughput:0
LastWrittenBytes:0
LastWriteThroughput:0
RealWrittenBytes:0
RealWriteThroughput:0
当前玩家的连接数量:0
当前地图的线程个数：9
当前地图的个数:47
当前数据库执行队列数:0
当前发送队列缓存的对象数量:0
totalMemory：970981376, use ：561182064, free ：409799312DirectMemory：1827143680, 恢复 ：1
当前时间 ：2026-08-19 16:59:29send keng：-1, sheng ：4194304
decode keng：-1, sheng ：2097152
world keng：3, sheng ：1048576

2026-08-19 16:59:34.682 INFO [pool-6-thread-4][:] - /****************流量统计******************/
LastReadBytes:0
LastReadThroughput:0
LastWrittenBytes:0
LastWriteThroughput:0
RealWrittenBytes:0
RealWriteThroughput:0
当前玩家的连接数量:0
当前地图的线程个数：9
当前地图的个数:47
当前数据库执行队列数:0
当前发送队列缓存的对象数量:0
totalMemory：970981376, use ：565156248, free ：405825128DirectMemory：1827143680, 恢复 ：1
当前时间 ：2026-08-19 16:59:34send keng：-1, sheng ：4194304
decode keng：-1, sheng ：2097152
world keng：3, sheng ：1048576

2026-08-19 16:59:39.682 INFO [pool-6-thread-4][:] - /****************流量统计******************/
LastReadBytes:0
LastReadThroughput:0
LastWrittenBytes:0
LastWriteThroughput:0
RealWrittenBytes:0
RealWriteThroughput:0
当前玩家的连接数量:0
当前地图的线程个数：9
当前地图的个数:47
当前数据库执行队列数:0
当前发送队列缓存的对象数量:0
totalMemory：970981376, use ：567847056, free ：403134320DirectMemory：1827143680, 恢复 ：1
当前时间 ：2026-08-19 16:59:39send keng：-1, sheng ：4194304
decode keng：-1, sheng ：2097152
world keng：3, sheng ：1048576

2026-08-19 16:59:44.682 INFO [pool-6-thread-1][:] - /****************流量统计******************/
LastReadBytes:0
LastReadThroughput:0
LastWrittenBytes:0
LastWriteThroughput:0
RealWrittenBytes:0
RealWriteThroughput:0
当前玩家的连接数量:0
当前地图的线程个数：9
当前地图的个数:47
当前数据库执行队列数:0
当前发送队列缓存的对象数量:0
totalMemory：970981376, use ：572282200, free ：398699176DirectMemory：1827143680, 恢复 ：1
当前时间 ：2026-08-19 16:59:44send keng：-1, sheng ：4194304
decode keng：-1, sheng ：2097152
world keng：3, sheng ：1048576

2026-08-19 16:59:49.682 INFO [pool-6-thread-7][:] - /****************流量统计******************/
LastReadBytes:0
LastReadThroughput:0
LastWrittenBytes:0
LastWriteThroughput:0
RealWrittenBytes:0
RealWriteThroughput:0
当前玩家的连接数量:0
当前地图的线程个数：9
当前地图的个数:47
当前数据库执行队列数:0
当前发送队列缓存的对象数量:0
totalMemory：970981376, use ：574965992, free ：396015384DirectMemory：1827143680, 恢复 ：1
当前时间 ：2026-08-19 16:59:49send keng：-1, sheng ：4194304
decode keng：-1, sheng ：2097152
world keng：3, sheng ：1048576

2026-08-19 16:59:54.682 INFO [pool-6-thread-7][:] - /****************流量统计******************/
LastReadBytes:0
LastReadThroughput:0
LastWrittenBytes:0
LastWriteThroughput:0
RealWrittenBytes:0
RealWriteThroughput:0
当前玩家的连接数量:0
当前地图的线程个数：9
当前地图的个数:47
当前数据库执行队列数:0
当前发送队列缓存的对象数量:0
totalMemory：970981376, use ：579849568, free ：391131808DirectMemory：1827143680, 恢复 ：1
当前时间 ：2026-08-19 16:59:54send keng：-1, sheng ：4194304
decode keng：-1, sheng ：2097152
world keng：3, sheng ：1048576

2026-08-19 16:59:59.682 INFO [pool-6-thread-9][:] - /****************流量统计******************/
LastReadBytes:0
LastReadThroughput:0
LastWrittenBytes:0
LastWriteThroughput:0
RealWrittenBytes:0
RealWriteThroughput:0
当前玩家的连接数量:0
当前地图的线程个数：9
当前地图的个数:47
当前数据库执行队列数:0
当前发送队列缓存的对象数量:0
totalMemory：970981376, use ：582101440, free ：388879936DirectMemory：1827143680, 恢复 ：1
当前时间 ：2026-08-19 16:59:59send keng：-1, sheng ：4194304
decode keng：-1, sheng ：2097152
world keng：3, sheng ：1048576

