2026-08-21 12:00:04.682 INFO [pool-6-thread-2][:] - /****************流量统计******************/
LastReadBytes:0
LastReadThroughput:0
LastWrittenBytes:0
LastWriteThroughput:0
RealWrittenBytes:0
RealWriteThroughput:0
当前玩家的连接数量:0
当前地图的线程个数：9
当前地图的个数:48
当前数据库执行队列数:0
当前发送队列缓存的对象数量:0
totalMemory：680001536, use ：440653680, free ：239347856DirectMemory：1827143680, 恢复 ：1
当前时间 ：2026-08-21 12:00:04send keng：2418, sheng ：4194304
decode keng：26, sheng ：2097152
world keng：12, sheng ：1048576

2026-08-21 12:00:09.682 INFO [pool-6-thread-8][:] - /****************流量统计******************/
LastReadBytes:0
LastReadThroughput:0
LastWrittenBytes:0
LastWriteThroughput:0
RealWrittenBytes:0
RealWriteThroughput:0
当前玩家的连接数量:0
当前地图的线程个数：9
当前地图的个数:48
当前数据库执行队列数:0
当前发送队列缓存的对象数量:0
totalMemory：680001536, use ：444000528, free ：236001008DirectMemory：1827143680, 恢复 ：1
当前时间 ：2026-08-21 12:00:09send keng：2418, sheng ：4194304
decode keng：26, sheng ：2097152
world keng：12, sheng ：1048576

2026-08-21 12:00:14.682 INFO [pool-6-thread-4][:] - /****************流量统计******************/
LastReadBytes:0
LastReadThroughput:0
LastWrittenBytes:0
LastWriteThroughput:0
RealWrittenBytes:0
RealWriteThroughput:0
当前玩家的连接数量:0
当前地图的线程个数：9
当前地图的个数:48
当前数据库执行队列数:0
当前发送队列缓存的对象数量:0
totalMemory：680001536, use ：447755448, free ：232246088DirectMemory：1827143680, 恢复 ：1
当前时间 ：2026-08-21 12:00:14send keng：2418, sheng ：4194304
decode keng：26, sheng ：2097152
world keng：12, sheng ：1048576

2026-08-21 12:00:19.683 INFO [pool-6-thread-2][:] - /****************流量统计******************/
LastReadBytes:0
LastReadThroughput:0
LastWrittenBytes:0
LastWriteThroughput:0
RealWrittenBytes:0
RealWriteThroughput:0
当前玩家的连接数量:0
当前地图的线程个数：9
当前地图的个数:48
当前数据库执行队列数:0
当前发送队列缓存的对象数量:0
totalMemory：680001536, use ：451085152, free ：228916384DirectMemory：1827143680, 恢复 ：1
当前时间 ：2026-08-21 12:00:19send keng：2418, sheng ：4194304
decode keng：26, sheng ：2097152
world keng：12, sheng ：1048576

2026-08-21 12:00:24.682 INFO [pool-6-thread-3][:] - /****************流量统计******************/
LastReadBytes:0
LastReadThroughput:0
LastWrittenBytes:0
LastWriteThroughput:0
RealWrittenBytes:0
RealWriteThroughput:0
当前玩家的连接数量:0
当前地图的线程个数：9
当前地图的个数:48
当前数据库执行队列数:0
当前发送队列缓存的对象数量:0
totalMemory：680001536, use ：454587584, free ：225413952DirectMemory：1827143680, 恢复 ：1
当前时间 ：2026-08-21 12:00:24send keng：2418, sheng ：4194304
decode keng：26, sheng ：2097152
world keng：12, sheng ：1048576

2026-08-21 12:00:29.682 INFO [pool-6-thread-7][:] - /****************流量统计******************/
LastReadBytes:0
LastReadThroughput:0
LastWrittenBytes:0
LastWriteThroughput:0
RealWrittenBytes:0
RealWriteThroughput:0
当前玩家的连接数量:0
当前地图的线程个数：9
当前地图的个数:48
当前数据库执行队列数:0
当前发送队列缓存的对象数量:0
totalMemory：680001536, use ：458003968, free ：221997568DirectMemory：1827143680, 恢复 ：1
当前时间 ：2026-08-21 12:00:29send keng：2418, sheng ：4194304
decode keng：26, sheng ：2097152
world keng：12, sheng ：1048576

2026-08-21 12:00:34.682 INFO [pool-6-thread-8][:] - /****************流量统计******************/
LastReadBytes:0
LastReadThroughput:0
LastWrittenBytes:0
LastWriteThroughput:0
RealWrittenBytes:0
RealWriteThroughput:0
当前玩家的连接数量:0
当前地图的线程个数：9
当前地图的个数:48
当前数据库执行队列数:0
当前发送队列缓存的对象数量:0
totalMemory：680001536, use ：461496112, free ：218505424DirectMemory：1827143680, 恢复 ：1
当前时间 ：2026-08-21 12:00:34send keng：2418, sheng ：4194304
decode keng：26, sheng ：2097152
world keng：12, sheng ：1048576

2026-08-21 12:00:39.682 INFO [pool-6-thread-9][:] - /****************流量统计******************/
LastReadBytes:0
LastReadThroughput:0
LastWrittenBytes:0
LastWriteThroughput:0
RealWrittenBytes:0
RealWriteThroughput:0
当前玩家的连接数量:0
当前地图的线程个数：9
当前地图的个数:48
当前数据库执行队列数:0
当前发送队列缓存的对象数量:0
totalMemory：680001536, use ：465190216, free ：214811320DirectMemory：1827143680, 恢复 ：1
当前时间 ：2026-08-21 12:00:39send keng：2418, sheng ：4194304
decode keng：26, sheng ：2097152
world keng：12, sheng ：1048576

2026-08-21 12:00:44.682 INFO [pool-6-thread-2][:] - /****************流量统计******************/
LastReadBytes:0
LastReadThroughput:0
LastWrittenBytes:0
LastWriteThroughput:0
RealWrittenBytes:0
RealWriteThroughput:0
当前玩家的连接数量:0
当前地图的线程个数：9
当前地图的个数:48
当前数据库执行队列数:0
当前发送队列缓存的对象数量:0
totalMemory：680001536, use ：468615952, free ：211385584DirectMemory：1827143680, 恢复 ：1
当前时间 ：2026-08-21 12:00:44send keng：2418, sheng ：4194304
decode keng：26, sheng ：2097152
world keng：12, sheng ：1048576

2026-08-21 12:00:49.682 INFO [pool-6-thread-9][:] - /****************流量统计******************/
LastReadBytes:0
LastReadThroughput:0
LastWrittenBytes:0
LastWriteThroughput:0
RealWrittenBytes:0
RealWriteThroughput:0
当前玩家的连接数量:0
当前地图的线程个数：9
当前地图的个数:48
当前数据库执行队列数:0
当前发送队列缓存的对象数量:0
totalMemory：680001536, use ：425524144, free ：254477392DirectMemory：1827143680, 恢复 ：1
当前时间 ：2026-08-21 12:00:49send keng：2418, sheng ：4194304
decode keng：26, sheng ：2097152
world keng：12, sheng ：1048576

2026-08-21 12:00:54.682 INFO [pool-6-thread-8][:] - /****************流量统计******************/
LastReadBytes:0
LastReadThroughput:0
LastWrittenBytes:0
LastWriteThroughput:0
RealWrittenBytes:0
RealWriteThroughput:0
当前玩家的连接数量:0
当前地图的线程个数：9
当前地图的个数:48
当前数据库执行队列数:0
当前发送队列缓存的对象数量:0
totalMemory：680001536, use ：429104272, free ：250897264DirectMemory：1827143680, 恢复 ：1
当前时间 ：2026-08-21 12:00:54send keng：2418, sheng ：4194304
decode keng：26, sheng ：2097152
world keng：12, sheng ：1048576

2026-08-21 12:00:59.682 INFO [pool-6-thread-8][:] - /****************流量统计******************/
LastReadBytes:0
LastReadThroughput:0
LastWrittenBytes:0
LastWriteThroughput:0
RealWrittenBytes:0
RealWriteThroughput:0
当前玩家的连接数量:0
当前地图的线程个数：9
当前地图的个数:48
当前数据库执行队列数:0
当前发送队列缓存的对象数量:0
totalMemory：680001536, use ：432518984, free ：247482552DirectMemory：1827143680, 恢复 ：1
当前时间 ：2026-08-21 12:00:59send keng：2418, sheng ：4194304
decode keng：26, sheng ：2097152
world keng：12, sheng ：1048576

2026-08-21 12:01:04.682 INFO [pool-6-thread-10][:] - /****************流量统计******************/
LastReadBytes:0
LastReadThroughput:0
LastWrittenBytes:0
LastWriteThroughput:0
RealWrittenBytes:0
RealWriteThroughput:0
当前玩家的连接数量:0
当前地图的线程个数：9
当前地图的个数:48
当前数据库执行队列数:0
当前发送队列缓存的对象数量:0
totalMemory：680001536, use ：436139896, free ：243861640DirectMemory：1827143680, 恢复 ：1
当前时间 ：2026-08-21 12:01:04send keng：2418, sheng ：4194304
decode keng：26, sheng ：2097152
world keng：12, sheng ：1048576

2026-08-21 12:01:09.682 INFO [pool-6-thread-5][:] - /****************流量统计******************/
LastReadBytes:0
LastReadThroughput:0
LastWrittenBytes:0
LastWriteThroughput:0
RealWrittenBytes:0
RealWriteThroughput:0
当前玩家的连接数量:0
当前地图的线程个数：9
当前地图的个数:48
当前数据库执行队列数:0
当前发送队列缓存的对象数量:0
totalMemory：680001536, use ：439491128, free ：240510408DirectMemory：1827143680, 恢复 ：1
当前时间 ：2026-08-21 12:01:09send keng：2418, sheng ：4194304
decode keng：26, sheng ：2097152
world keng：12, sheng ：1048576

2026-08-21 12:01:14.682 INFO [pool-6-thread-3][:] - /****************流量统计******************/
LastReadBytes:0
LastReadThroughput:0
LastWrittenBytes:0
LastWriteThroughput:0
RealWrittenBytes:0
RealWriteThroughput:0
当前玩家的连接数量:0
当前地图的线程个数：9
当前地图的个数:48
当前数据库执行队列数:0
当前发送队列缓存的对象数量:0
totalMemory：680001536, use ：443281984, free ：236719552DirectMemory：1827143680, 恢复 ：1
当前时间 ：2026-08-21 12:01:14send keng：2418, sheng ：4194304
decode keng：26, sheng ：2097152
world keng：12, sheng ：1048576

2026-08-21 12:01:19.682 INFO [pool-6-thread-8][:] - /****************流量统计******************/
LastReadBytes:0
LastReadThroughput:0
LastWrittenBytes:0
LastWriteThroughput:0
RealWrittenBytes:0
RealWriteThroughput:0
当前玩家的连接数量:0
当前地图的线程个数：9
当前地图的个数:48
当前数据库执行队列数:0
当前发送队列缓存的对象数量:0
totalMemory：680001536, use ：446697760, free ：233303776DirectMemory：1827143680, 恢复 ：1
当前时间 ：2026-08-21 12:01:19send keng：2418, sheng ：4194304
decode keng：26, sheng ：2097152
world keng：12, sheng ：1048576

2026-08-21 12:01:24.682 INFO [pool-6-thread-4][:] - /****************流量统计******************/
LastReadBytes:0
LastReadThroughput:0
LastWrittenBytes:0
LastWriteThroughput:0
RealWrittenBytes:0
RealWriteThroughput:0
当前玩家的连接数量:0
当前地图的线程个数：9
当前地图的个数:48
当前数据库执行队列数:0
当前发送队列缓存的对象数量:0
totalMemory：680001536, use ：450276488, free ：229725048DirectMemory：1827143680, 恢复 ：1
当前时间 ：2026-08-21 12:01:24send keng：2418, sheng ：4194304
decode keng：26, sheng ：2097152
world keng：12, sheng ：1048576

2026-08-21 12:01:29.682 INFO [pool-6-thread-4][:] - /****************流量统计******************/
LastReadBytes:0
LastReadThroughput:0
LastWrittenBytes:0
LastWriteThroughput:0
RealWrittenBytes:0
RealWriteThroughput:0
当前玩家的连接数量:0
当前地图的线程个数：9
当前地图的个数:48
当前数据库执行队列数:0
当前发送队列缓存的对象数量:0
totalMemory：680001536, use ：453630568, free ：226370968DirectMemory：1827143680, 恢复 ：1
当前时间 ：2026-08-21 12:01:29send keng：2418, sheng ：4194304
decode keng：26, sheng ：2097152
world keng：12, sheng ：1048576

2026-08-21 12:01:34.682 INFO [pool-6-thread-3][:] - /****************流量统计******************/
LastReadBytes:0
LastReadThroughput:0
LastWrittenBytes:0
LastWriteThroughput:0
RealWrittenBytes:0
RealWriteThroughput:0
当前玩家的连接数量:0
当前地图的线程个数：9
当前地图的个数:48
当前数据库执行队列数:0
当前发送队列缓存的对象数量:0
totalMemory：680001536, use ：457350608, free ：222650928DirectMemory：1827143680, 恢复 ：1
当前时间 ：2026-08-21 12:01:34send keng：2418, sheng ：4194304
decode keng：26, sheng ：2097152
world keng：12, sheng ：1048576

2026-08-21 12:01:39.682 INFO [pool-6-thread-10][:] - /****************流量统计******************/
LastReadBytes:0
LastReadThroughput:0
LastWrittenBytes:0
LastWriteThroughput:0
RealWrittenBytes:0
RealWriteThroughput:0
当前玩家的连接数量:0
当前地图的线程个数：9
当前地图的个数:48
当前数据库执行队列数:0
当前发送队列缓存的对象数量:0
totalMemory：680001536, use ：460958424, free ：219043112DirectMemory：1827143680, 恢复 ：1
当前时间 ：2026-08-21 12:01:39send keng：2418, sheng ：4194304
decode keng：26, sheng ：2097152
world keng：12, sheng ：1048576

2026-08-21 12:01:44.682 INFO [pool-6-thread-5][:] - /****************流量统计******************/
LastReadBytes:0
LastReadThroughput:0
LastWrittenBytes:0
LastWriteThroughput:0
RealWrittenBytes:0
RealWriteThroughput:0
当前玩家的连接数量:0
当前地图的线程个数：9
当前地图的个数:48
当前数据库执行队列数:0
当前发送队列缓存的对象数量:0
totalMemory：680001536, use ：464237376, free ：215764160DirectMemory：1827143680, 恢复 ：1
当前时间 ：2026-08-21 12:01:44send keng：2418, sheng ：4194304
decode keng：26, sheng ：2097152
world keng：12, sheng ：1048576

2026-08-21 12:01:49.682 INFO [pool-6-thread-9][:] - /****************流量统计******************/
LastReadBytes:0
LastReadThroughput:0
LastWrittenBytes:0
LastWriteThroughput:0
RealWrittenBytes:0
RealWriteThroughput:0
当前玩家的连接数量:0
当前地图的线程个数：9
当前地图的个数:48
当前数据库执行队列数:0
当前发送队列缓存的对象数量:0
totalMemory：680001536, use ：467899816, free ：212101720DirectMemory：1827143680, 恢复 ：1
当前时间 ：2026-08-21 12:01:49send keng：2418, sheng ：4194304
decode keng：26, sheng ：2097152
world keng：12, sheng ：1048576

2026-08-21 12:01:54.682 INFO [pool-6-thread-9][:] - /****************流量统计******************/
LastReadBytes:0
LastReadThroughput:0
LastWrittenBytes:0
LastWriteThroughput:0
RealWrittenBytes:0
RealWriteThroughput:0
当前玩家的连接数量:0
当前地图的线程个数：9
当前地图的个数:48
当前数据库执行队列数:0
当前发送队列缓存的对象数量:0
totalMemory：680001536, use ：424774112, free ：255227424DirectMemory：1827143680, 恢复 ：1
当前时间 ：2026-08-21 12:01:54send keng：2418, sheng ：4194304
decode keng：26, sheng ：2097152
world keng：12, sheng ：1048576

2026-08-21 12:01:59.682 INFO [pool-6-thread-7][:] - /****************流量统计******************/
LastReadBytes:0
LastReadThroughput:0
LastWrittenBytes:0
LastWriteThroughput:0
RealWrittenBytes:0
RealWriteThroughput:0
当前玩家的连接数量:0
当前地图的线程个数：9
当前地图的个数:48
当前数据库执行队列数:0
当前发送队列缓存的对象数量:0
totalMemory：680001536, use ：428142352, free ：251859184DirectMemory：1827143680, 恢复 ：1
当前时间 ：2026-08-21 12:01:59send keng：2418, sheng ：4194304
decode keng：26, sheng ：2097152
world keng：12, sheng ：1048576

2026-08-21 12:02:04.682 INFO [pool-6-thread-1][:] - /****************流量统计******************/
LastReadBytes:0
LastReadThroughput:0
LastWrittenBytes:0
LastWriteThroughput:0
RealWrittenBytes:0
RealWriteThroughput:0
当前玩家的连接数量:0
当前地图的线程个数：9
当前地图的个数:48
当前数据库执行队列数:0
当前发送队列缓存的对象数量:0
totalMemory：680001536, use ：431824752, free ：248176784DirectMemory：1827143680, 恢复 ：1
当前时间 ：2026-08-21 12:02:04send keng：2418, sheng ：4194304
decode keng：26, sheng ：2097152
world keng：12, sheng ：1048576

2026-08-21 12:02:09.682 INFO [pool-6-thread-9][:] - /****************流量统计******************/
LastReadBytes:0
LastReadThroughput:0
LastWrittenBytes:0
LastWriteThroughput:0
RealWrittenBytes:0
RealWriteThroughput:0
当前玩家的连接数量:0
当前地图的线程个数：9
当前地图的个数:48
当前数据库执行队列数:0
当前发送队列缓存的对象数量:0
totalMemory：680001536, use ：435159312, free ：244842224DirectMemory：1827143680, 恢复 ：1
当前时间 ：2026-08-21 12:02:09send keng：2418, sheng ：4194304
decode keng：26, sheng ：2097152
world keng：12, sheng ：1048576

2026-08-21 12:02:14.682 INFO [pool-6-thread-3][:] - /****************流量统计******************/
LastReadBytes:0
LastReadThroughput:0
LastWrittenBytes:0
LastWriteThroughput:0
RealWrittenBytes:0
RealWriteThroughput:0
当前玩家的连接数量:0
当前地图的线程个数：9
当前地图的个数:48
当前数据库执行队列数:0
当前发送队列缓存的对象数量:0
totalMemory：680001536, use ：438993848, free ：241007688DirectMemory：1827143680, 恢复 ：1
当前时间 ：2026-08-21 12:02:14send keng：2418, sheng ：4194304
decode keng：26, sheng ：2097152
world keng：12, sheng ：1048576

2026-08-21 12:02:19.682 INFO [pool-6-thread-6][:] - /****************流量统计******************/
LastReadBytes:0
LastReadThroughput:0
LastWrittenBytes:0
LastWriteThroughput:0
RealWrittenBytes:0
RealWriteThroughput:0
当前玩家的连接数量:0
当前地图的线程个数：9
当前地图的个数:48
当前数据库执行队列数:0
当前发送队列缓存的对象数量:0
totalMemory：680001536, use ：442223800, free ：237777736DirectMemory：1827143680, 恢复 ：1
当前时间 ：2026-08-21 12:02:19send keng：2418, sheng ：4194304
decode keng：26, sheng ：2097152
world keng：12, sheng ：1048576

2026-08-21 12:02:24.682 INFO [pool-6-thread-1][:] - /****************流量统计******************/
LastReadBytes:0
LastReadThroughput:0
LastWrittenBytes:0
LastWriteThroughput:0
RealWrittenBytes:0
RealWriteThroughput:0
当前玩家的连接数量:0
当前地图的线程个数：9
当前地图的个数:48
当前数据库执行队列数:0
当前发送队列缓存的对象数量:0
totalMemory：680001536, use ：445812256, free ：234189280DirectMemory：1827143680, 恢复 ：1
当前时间 ：2026-08-21 12:02:24send keng：2418, sheng ：4194304
decode keng：26, sheng ：2097152
world keng：12, sheng ：1048576

2026-08-21 12:02:29.682 INFO [pool-6-thread-6][:] - /****************流量统计******************/
LastReadBytes:0
LastReadThroughput:0
LastWrittenBytes:0
LastWriteThroughput:0
RealWrittenBytes:0
RealWriteThroughput:0
当前玩家的连接数量:0
当前地图的线程个数：9
当前地图的个数:48
当前数据库执行队列数:0
当前发送队列缓存的对象数量:0
totalMemory：680001536, use ：449380800, free ：230620736DirectMemory：1827143680, 恢复 ：1
当前时间 ：2026-08-21 12:02:29send keng：2418, sheng ：4194304
decode keng：26, sheng ：2097152
world keng：12, sheng ：1048576

2026-08-21 12:02:34.682 INFO [pool-6-thread-6][:] - /****************流量统计******************/
LastReadBytes:0
LastReadThroughput:0
LastWrittenBytes:0
LastWriteThroughput:0
RealWrittenBytes:0
RealWriteThroughput:0
当前玩家的连接数量:0
当前地图的线程个数：9
当前地图的个数:48
当前数据库执行队列数:0
当前发送队列缓存的对象数量:0
totalMemory：680001536, use ：452782144, free ：227219392DirectMemory：1827143680, 恢复 ：1
当前时间 ：2026-08-21 12:02:34send keng：2418, sheng ：4194304
decode keng：26, sheng ：2097152
world keng：12, sheng ：1048576

2026-08-21 12:02:39.682 INFO [pool-6-thread-9][:] - /****************流量统计******************/
LastReadBytes:0
LastReadThroughput:0
LastWrittenBytes:0
LastWriteThroughput:0
RealWrittenBytes:0
RealWriteThroughput:0
当前玩家的连接数量:0
当前地图的线程个数：9
当前地图的个数:48
当前数据库执行队列数:0
当前发送队列缓存的对象数量:0
totalMemory：680001536, use ：456502584, free ：223498952DirectMemory：1827143680, 恢复 ：1
当前时间 ：2026-08-21 12:02:39send keng：2418, sheng ：4194304
decode keng：26, sheng ：2097152
world keng：12, sheng ：1048576

2026-08-21 12:02:44.682 INFO [pool-6-thread-6][:] - /****************流量统计******************/
LastReadBytes:0
LastReadThroughput:0
LastWrittenBytes:0
LastWriteThroughput:0
RealWrittenBytes:0
RealWriteThroughput:0
当前玩家的连接数量:0
当前地图的线程个数：9
当前地图的个数:48
当前数据库执行队列数:0
当前发送队列缓存的对象数量:0
totalMemory：680001536, use ：459815720, free ：220185816DirectMemory：1827143680, 恢复 ：1
当前时间 ：2026-08-21 12:02:44send keng：2418, sheng ：4194304
decode keng：26, sheng ：2097152
world keng：12, sheng ：1048576

2026-08-21 12:02:49.682 INFO [pool-6-thread-4][:] - /****************流量统计******************/
LastReadBytes:0
LastReadThroughput:0
LastWrittenBytes:0
LastWriteThroughput:0
RealWrittenBytes:0
RealWriteThroughput:0
当前玩家的连接数量:0
当前地图的线程个数：9
当前地图的个数:48
当前数据库执行队列数:0
当前发送队列缓存的对象数量:0
totalMemory：680001536, use ：463351456, free ：216650080DirectMemory：1827143680, 恢复 ：1
当前时间 ：2026-08-21 12:02:49send keng：2418, sheng ：4194304
decode keng：26, sheng ：2097152
world keng：12, sheng ：1048576

2026-08-21 12:02:54.682 INFO [pool-6-thread-7][:] - /****************流量统计******************/
LastReadBytes:0
LastReadThroughput:0
LastWrittenBytes:0
LastWriteThroughput:0
RealWrittenBytes:0
RealWriteThroughput:0
当前玩家的连接数量:0
当前地图的线程个数：9
当前地图的个数:48
当前数据库执行队列数:0
当前发送队列缓存的对象数量:0
totalMemory：680001536, use ：466737224, free ：213264312DirectMemory：1827143680, 恢复 ：1
当前时间 ：2026-08-21 12:02:54send keng：2418, sheng ：4194304
decode keng：26, sheng ：2097152
world keng：12, sheng ：1048576

2026-08-21 12:02:59.682 INFO [pool-6-thread-9][:] - /****************流量统计******************/
LastReadBytes:0
LastReadThroughput:0
LastWrittenBytes:0
LastWriteThroughput:0
RealWrittenBytes:0
RealWriteThroughput:0
当前玩家的连接数量:0
当前地图的线程个数：9
当前地图的个数:48
当前数据库执行队列数:0
当前发送队列缓存的对象数量:0
totalMemory：680001536, use ：423475640, free ：256525896DirectMemory：1827143680, 恢复 ：1
当前时间 ：2026-08-21 12:02:59send keng：2418, sheng ：4194304
decode keng：26, sheng ：2097152
world keng：12, sheng ：1048576

2026-08-21 12:03:04.682 INFO [pool-6-thread-8][:] - /****************流量统计******************/
LastReadBytes:0
LastReadThroughput:0
LastWrittenBytes:0
LastWriteThroughput:0
RealWrittenBytes:0
RealWriteThroughput:0
当前玩家的连接数量:0
当前地图的线程个数：9
当前地图的个数:48
当前数据库执行队列数:0
当前发送队列缓存的对象数量:0
totalMemory：680001536, use ：427390528, free ：252611008DirectMemory：1827143680, 恢复 ：1
当前时间 ：2026-08-21 12:03:04send keng：2418, sheng ：4194304
decode keng：26, sheng ：2097152
world keng：12, sheng ：1048576

2026-08-21 12:03:09.682 INFO [pool-6-thread-10][:] - /****************流量统计******************/
LastReadBytes:0
LastReadThroughput:0
LastWrittenBytes:0
LastWriteThroughput:0
RealWrittenBytes:0
RealWriteThroughput:0
当前玩家的连接数量:0
当前地图的线程个数：9
当前地图的个数:48
当前数据库执行队列数:0
当前发送队列缓存的对象数量:0
totalMemory：680001536, use ：430680640, free ：249320896DirectMemory：1827143680, 恢复 ：1
当前时间 ：2026-08-21 12:03:09send keng：2418, sheng ：4194304
decode keng：26, sheng ：2097152
world keng：12, sheng ：1048576

2026-08-21 12:03:14.682 INFO [pool-6-thread-7][:] - /****************流量统计******************/
LastReadBytes:0
LastReadThroughput:0
LastWrittenBytes:0
LastWriteThroughput:0
RealWrittenBytes:0
RealWriteThroughput:0
当前玩家的连接数量:0
当前地图的线程个数：9
当前地图的个数:48
当前数据库执行队列数:0
当前发送队列缓存的对象数量:0
totalMemory：680001536, use ：434679152, free ：245322384DirectMemory：1827143680, 恢复 ：1
当前时间 ：2026-08-21 12:03:14send keng：2418, sheng ：4194304
decode keng：26, sheng ：2097152
world keng：12, sheng ：1048576

2026-08-21 12:03:19.682 INFO [pool-6-thread-6][:] - /****************流量统计******************/
LastReadBytes:0
LastReadThroughput:0
LastWrittenBytes:0
LastWriteThroughput:0
RealWrittenBytes:0
RealWriteThroughput:0
当前玩家的连接数量:0
当前地图的线程个数：9
当前地图的个数:48
当前数据库执行队列数:0
当前发送队列缓存的对象数量:0
totalMemory：680001536, use ：437900208, free ：242101328DirectMemory：1827143680, 恢复 ：1
当前时间 ：2026-08-21 12:03:19send keng：2418, sheng ：4194304
decode keng：26, sheng ：2097152
world keng：12, sheng ：1048576

2026-08-21 12:03:24.682 INFO [pool-6-thread-1][:] - /****************流量统计******************/
LastReadBytes:0
LastReadThroughput:0
LastWrittenBytes:0
LastWriteThroughput:0
RealWrittenBytes:0
RealWriteThroughput:0
当前玩家的连接数量:0
当前地图的线程个数：9
当前地图的个数:48
当前数据库执行队列数:0
当前发送队列缓存的对象数量:0
totalMemory：680001536, use ：441469032, free ：238532504DirectMemory：1827143680, 恢复 ：1
当前时间 ：2026-08-21 12:03:24send keng：2418, sheng ：4194304
decode keng：26, sheng ：2097152
world keng：12, sheng ：1048576

2026-08-21 12:03:29.682 INFO [pool-6-thread-3][:] - /****************流量统计******************/
LastReadBytes:0
LastReadThroughput:0
LastWrittenBytes:0
LastWriteThroughput:0
RealWrittenBytes:0
RealWriteThroughput:0
当前玩家的连接数量:0
当前地图的线程个数：9
当前地图的个数:48
当前数据库执行队列数:0
当前发送队列缓存的对象数量:0
totalMemory：680001536, use ：445053160, free ：234948376DirectMemory：1827143680, 恢复 ：1
当前时间 ：2026-08-21 12:03:29send keng：2418, sheng ：4194304
decode keng：26, sheng ：2097152
world keng：12, sheng ：1048576

2026-08-21 12:03:34.682 INFO [pool-6-thread-3][:] - /****************流量统计******************/
LastReadBytes:0
LastReadThroughput:0
LastWrittenBytes:0
LastWriteThroughput:0
RealWrittenBytes:0
RealWriteThroughput:0
当前玩家的连接数量:0
当前地图的线程个数：9
当前地图的个数:48
当前数据库执行队列数:0
当前发送队列缓存的对象数量:0
totalMemory：680001536, use ：448565392, free ：231436144DirectMemory：1827143680, 恢复 ：1
当前时间 ：2026-08-21 12:03:34send keng：2418, sheng ：4194304
decode keng：26, sheng ：2097152
world keng：12, sheng ：1048576

2026-08-21 12:03:39.682 INFO [pool-6-thread-3][:] - /****************流量统计******************/
LastReadBytes:0
LastReadThroughput:0
LastWrittenBytes:0
LastWriteThroughput:0
RealWrittenBytes:0
RealWriteThroughput:0
当前玩家的连接数量:0
当前地图的线程个数：9
当前地图的个数:48
当前数据库执行队列数:0
当前发送队列缓存的对象数量:0
totalMemory：680001536, use ：451776040, free ：228225496DirectMemory：1827143680, 恢复 ：1
当前时间 ：2026-08-21 12:03:39send keng：2418, sheng ：4194304
decode keng：26, sheng ：2097152
world keng：12, sheng ：1048576

2026-08-21 12:03:44.682 INFO [pool-6-thread-6][:] - /****************流量统计******************/
LastReadBytes:0
LastReadThroughput:0
LastWrittenBytes:0
LastWriteThroughput:0
RealWrittenBytes:0
RealWriteThroughput:0
当前玩家的连接数量:0
当前地图的线程个数：9
当前地图的个数:48
当前数据库执行队列数:0
当前发送队列缓存的对象数量:0
totalMemory：680001536, use ：455344592, free ：224656944DirectMemory：1827143680, 恢复 ：1
当前时间 ：2026-08-21 12:03:44send keng：2418, sheng ：4194304
decode keng：26, sheng ：2097152
world keng：12, sheng ：1048576

2026-08-21 12:03:49.682 INFO [pool-6-thread-5][:] - /****************流量统计******************/
LastReadBytes:0
LastReadThroughput:0
LastWrittenBytes:0
LastWriteThroughput:0
RealWrittenBytes:0
RealWriteThroughput:0
当前玩家的连接数量:0
当前地图的线程个数：9
当前地图的个数:48
当前数据库执行队列数:0
当前发送队列缓存的对象数量:0
totalMemory：680001536, use ：458922936, free ：221078600DirectMemory：1827143680, 恢复 ：1
当前时间 ：2026-08-21 12:03:49send keng：2418, sheng ：4194304
decode keng：26, sheng ：2097152
world keng：12, sheng ：1048576

2026-08-21 12:03:54.682 INFO [pool-6-thread-7][:] - /****************流量统计******************/
LastReadBytes:0
LastReadThroughput:0
LastWrittenBytes:0
LastWriteThroughput:0
RealWrittenBytes:0
RealWriteThroughput:0
当前玩家的连接数量:0
当前地图的线程个数：9
当前地图的个数:48
当前数据库执行队列数:0
当前发送队列缓存的对象数量:0
totalMemory：680001536, use ：462259392, free ：217742144DirectMemory：1827143680, 恢复 ：1
当前时间 ：2026-08-21 12:03:54send keng：2418, sheng ：4194304
decode keng：26, sheng ：2097152
world keng：12, sheng ：1048576

2026-08-21 12:03:59.682 INFO [pool-6-thread-7][:] - /****************流量统计******************/
LastReadBytes:0
LastReadThroughput:0
LastWrittenBytes:0
LastWriteThroughput:0
RealWrittenBytes:0
RealWriteThroughput:0
当前玩家的连接数量:0
当前地图的线程个数：9
当前地图的个数:48
当前数据库执行队列数:0
当前发送队列缓存的对象数量:0
totalMemory：680001536, use ：465756736, free ：214244800DirectMemory：1827143680, 恢复 ：1
当前时间 ：2026-08-21 12:03:59send keng：2418, sheng ：4194304
decode keng：26, sheng ：2097152
world keng：12, sheng ：1048576

2026-08-21 12:04:04.682 INFO [pool-6-thread-6][:] - /****************流量统计******************/
LastReadBytes:0
LastReadThroughput:0
LastWrittenBytes:0
LastWriteThroughput:0
RealWrittenBytes:0
RealWriteThroughput:0
当前玩家的连接数量:0
当前地图的线程个数：9
当前地图的个数:48
当前数据库执行队列数:0
当前发送队列缓存的对象数量:0
totalMemory：680001536, use ：422660968, free ：257340568DirectMemory：1827143680, 恢复 ：1
当前时间 ：2026-08-21 12:04:04send keng：2418, sheng ：4194304
decode keng：26, sheng ：2097152
world keng：12, sheng ：1048576

2026-08-21 12:04:09.682 INFO [pool-6-thread-3][:] - /****************流量统计******************/
LastReadBytes:0
LastReadThroughput:0
LastWrittenBytes:0
LastWriteThroughput:0
RealWrittenBytes:0
RealWriteThroughput:0
当前玩家的连接数量:0
当前地图的线程个数：9
当前地图的个数:48
当前数据库执行队列数:0
当前发送队列缓存的对象数量:0
totalMemory：680001536, use ：426172280, free ：253829256DirectMemory：1827143680, 恢复 ：1
当前时间 ：2026-08-21 12:04:09send keng：2418, sheng ：4194304
decode keng：26, sheng ：2097152
world keng：12, sheng ：1048576

2026-08-21 12:04:14.682 INFO [pool-6-thread-5][:] - /****************流量统计******************/
LastReadBytes:0
LastReadThroughput:0
LastWrittenBytes:0
LastWriteThroughput:0
RealWrittenBytes:0
RealWriteThroughput:0
当前玩家的连接数量:0
当前地图的线程个数：9
当前地图的个数:48
当前数据库执行队列数:0
当前发送队列缓存的对象数量:0
totalMemory：680001536, use ：429961912, free ：250039624DirectMemory：1827143680, 恢复 ：1
当前时间 ：2026-08-21 12:04:14send keng：2418, sheng ：4194304
decode keng：26, sheng ：2097152
world keng：12, sheng ：1048576

2026-08-21 12:04:19.682 INFO [pool-6-thread-10][:] - /****************流量统计******************/
LastReadBytes:0
LastReadThroughput:0
LastWrittenBytes:0
LastWriteThroughput:0
RealWrittenBytes:0
RealWriteThroughput:0
当前玩家的连接数量:0
当前地图的线程个数：9
当前地图的个数:48
当前数据库执行队列数:0
当前发送队列缓存的对象数量:0
totalMemory：680001536, use ：433141072, free ：246860464DirectMemory：1827143680, 恢复 ：1
当前时间 ：2026-08-21 12:04:19send keng：2418, sheng ：4194304
decode keng：26, sheng ：2097152
world keng：12, sheng ：1048576

2026-08-21 12:04:24.682 INFO [pool-6-thread-5][:] - /****************流量统计******************/
LastReadBytes:0
LastReadThroughput:0
LastWrittenBytes:0
LastWriteThroughput:0
RealWrittenBytes:0
RealWriteThroughput:0
当前玩家的连接数量:0
当前地图的线程个数：9
当前地图的个数:48
当前数据库执行队列数:0
当前发送队列缓存的对象数量:0
totalMemory：680001536, use ：436683696, free ：243317840DirectMemory：1827143680, 恢复 ：1
当前时间 ：2026-08-21 12:04:24send keng：2418, sheng ：4194304
decode keng：26, sheng ：2097152
world keng：12, sheng ：1048576

2026-08-21 12:04:29.682 INFO [pool-6-thread-7][:] - /****************流量统计******************/
LastReadBytes:0
LastReadThroughput:0
LastWrittenBytes:0
LastWriteThroughput:0
RealWrittenBytes:0
RealWriteThroughput:0
当前玩家的连接数量:0
当前地图的线程个数：9
当前地图的个数:48
当前数据库执行队列数:0
当前发送队列缓存的对象数量:0
totalMemory：680001536, use ：440292848, free ：239708688DirectMemory：1827143680, 恢复 ：1
当前时间 ：2026-08-21 12:04:29send keng：2418, sheng ：4194304
decode keng：26, sheng ：2097152
world keng：12, sheng ：1048576

2026-08-21 12:04:34.682 INFO [pool-6-thread-2][:] - /****************流量统计******************/
LastReadBytes:0
LastReadThroughput:0
LastWrittenBytes:0
LastWriteThroughput:0
RealWrittenBytes:0
RealWriteThroughput:0
当前玩家的连接数量:0
当前地图的线程个数：9
当前地图的个数:48
当前数据库执行队列数:0
当前发送队列缓存的对象数量:0
totalMemory：680001536, use ：443824592, free ：236176944DirectMemory：1827143680, 恢复 ：1
当前时间 ：2026-08-21 12:04:34send keng：2418, sheng ：4194304
decode keng：26, sheng ：2097152
world keng：12, sheng ：1048576

2026-08-21 12:04:39.682 INFO [pool-6-thread-8][:] - /****************流量统计******************/
LastReadBytes:0
LastReadThroughput:0
LastWrittenBytes:0
LastWriteThroughput:0
RealWrittenBytes:0
RealWriteThroughput:0
当前玩家的连接数量:0
当前地图的线程个数：9
当前地图的个数:48
当前数据库执行队列数:0
当前发送队列缓存的对象数量:0
totalMemory：680001536, use ：447332112, free ：232669424DirectMemory：1827143680, 恢复 ：1
当前时间 ：2026-08-21 12:04:39send keng：2418, sheng ：4194304
decode keng：26, sheng ：2097152
world keng：12, sheng ：1048576

2026-08-21 12:04:44.682 INFO [pool-6-thread-8][:] - /****************流量统计******************/
LastReadBytes:0
LastReadThroughput:0
LastWrittenBytes:0
LastWriteThroughput:0
RealWrittenBytes:0
RealWriteThroughput:0
当前玩家的连接数量:0
当前地图的线程个数：9
当前地图的个数:48
当前数据库执行队列数:0
当前发送队列缓存的对象数量:0
totalMemory：680001536, use ：450637240, free ：229364296DirectMemory：1827143680, 恢复 ：1
当前时间 ：2026-08-21 12:04:44send keng：2418, sheng ：4194304
decode keng：26, sheng ：2097152
world keng：12, sheng ：1048576

2026-08-21 12:04:49.682 INFO [pool-6-thread-4][:] - /****************流量统计******************/
LastReadBytes:0
LastReadThroughput:0
LastWrittenBytes:0
LastWriteThroughput:0
RealWrittenBytes:0
RealWriteThroughput:0
当前玩家的连接数量:0
当前地图的线程个数：9
当前地图的个数:48
当前数据库执行队列数:0
当前发送队列缓存的对象数量:0
totalMemory：680001536, use ：454328960, free ：225672576DirectMemory：1827143680, 恢复 ：1
当前时间 ：2026-08-21 12:04:49send keng：2418, sheng ：4194304
decode keng：26, sheng ：2097152
world keng：12, sheng ：1048576

2026-08-21 12:04:54.682 INFO [pool-6-thread-3][:] - /****************流量统计******************/
LastReadBytes:0
LastReadThroughput:0
LastWrittenBytes:0
LastWriteThroughput:0
RealWrittenBytes:0
RealWriteThroughput:0
当前玩家的连接数量:0
当前地图的线程个数：9
当前地图的个数:48
当前数据库执行队列数:0
当前发送队列缓存的对象数量:0
totalMemory：680001536, use ：457755520, free ：222246016DirectMemory：1827143680, 恢复 ：1
当前时间 ：2026-08-21 12:04:54send keng：2418, sheng ：4194304
decode keng：26, sheng ：2097152
world keng：12, sheng ：1048576

2026-08-21 12:04:59.682 INFO [pool-6-thread-3][:] - /****************流量统计******************/
LastReadBytes:0
LastReadThroughput:0
LastWrittenBytes:0
LastWriteThroughput:0
RealWrittenBytes:0
RealWriteThroughput:0
当前玩家的连接数量:0
当前地图的线程个数：9
当前地图的个数:48
当前数据库执行队列数:0
当前发送队列缓存的对象数量:0
totalMemory：680001536, use ：461321096, free ：218680440DirectMemory：1827143680, 恢复 ：1
当前时间 ：2026-08-21 12:04:59send keng：2418, sheng ：4194304
decode keng：26, sheng ：2097152
world keng：12, sheng ：1048576

2026-08-21 12:05:04.682 INFO [pool-6-thread-6][:] - /****************流量统计******************/
LastReadBytes:0
LastReadThroughput:0
LastWrittenBytes:0
LastWriteThroughput:0
RealWrittenBytes:0
RealWriteThroughput:0
当前玩家的连接数量:0
当前地图的线程个数：9
当前地图的个数:48
当前数据库执行队列数:0
当前发送队列缓存的对象数量:0
totalMemory：680001536, use ：464751832, free ：215249704DirectMemory：1827143680, 恢复 ：1
当前时间 ：2026-08-21 12:05:04send keng：2418, sheng ：4194304
decode keng：26, sheng ：2097152
world keng：12, sheng ：1048576

2026-08-21 12:05:09.684 INFO [pool-6-thread-7][:] - /****************流量统计******************/
LastReadBytes:0
LastReadThroughput:0
LastWrittenBytes:0
LastWriteThroughput:0
RealWrittenBytes:0
RealWriteThroughput:0
当前玩家的连接数量:0
当前地图的线程个数：9
当前地图的个数:48
当前数据库执行队列数:0
当前发送队列缓存的对象数量:0
totalMemory：680001536, use ：468334080, free ：211667456DirectMemory：1827143680, 恢复 ：1
当前时间 ：2026-08-21 12:05:09send keng：2418, sheng ：4194304
decode keng：26, sheng ：2097152
world keng：12, sheng ：1048576

2026-08-21 12:05:14.682 INFO [pool-6-thread-5][:] - /****************流量统计******************/
LastReadBytes:0
LastReadThroughput:0
LastWrittenBytes:0
LastWriteThroughput:0
RealWrittenBytes:0
RealWriteThroughput:0
当前玩家的连接数量:0
当前地图的线程个数：9
当前地图的个数:48
当前数据库执行队列数:0
当前发送队列缓存的对象数量:0
totalMemory：680001536, use ：425284848, free ：254716688DirectMemory：1827143680, 恢复 ：1
当前时间 ：2026-08-21 12:05:14send keng：2418, sheng ：4194304
decode keng：26, sheng ：2097152
world keng：12, sheng ：1048576

2026-08-21 12:05:19.682 INFO [pool-6-thread-8][:] - /****************流量统计******************/
LastReadBytes:0
LastReadThroughput:0
LastWrittenBytes:0
LastWriteThroughput:0
RealWrittenBytes:0
RealWriteThroughput:0
当前玩家的连接数量:0
当前地图的线程个数：9
当前地图的个数:48
当前数据库执行队列数:0
当前发送队列缓存的对象数量:0
totalMemory：680001536, use ：428745296, free ：251256240DirectMemory：1827143680, 恢复 ：1
当前时间 ：2026-08-21 12:05:19send keng：2418, sheng ：4194304
decode keng：26, sheng ：2097152
world keng：12, sheng ：1048576

2026-08-21 12:05:24.682 INFO [pool-6-thread-6][:] - /****************流量统计******************/
LastReadBytes:0
LastReadThroughput:0
LastWrittenBytes:0
LastWriteThroughput:0
RealWrittenBytes:0
RealWriteThroughput:0
当前玩家的连接数量:0
当前地图的线程个数：9
当前地图的个数:48
当前数据库执行队列数:0
当前发送队列缓存的对象数量:0
totalMemory：680001536, use ：432312216, free ：247689320DirectMemory：1827143680, 恢复 ：1
当前时间 ：2026-08-21 12:05:24send keng：2418, sheng ：4194304
decode keng：26, sheng ：2097152
world keng：12, sheng ：1048576

2026-08-21 12:05:29.682 INFO [pool-6-thread-4][:] - /****************流量统计******************/
LastReadBytes:0
LastReadThroughput:0
LastWrittenBytes:0
LastWriteThroughput:0
RealWrittenBytes:0
RealWriteThroughput:0
当前玩家的连接数量:0
当前地图的线程个数：9
当前地图的个数:48
当前数据库执行队列数:0
当前发送队列缓存的对象数量:0
totalMemory：680001536, use ：435782936, free ：244218600DirectMemory：1827143680, 恢复 ：1
当前时间 ：2026-08-21 12:05:29send keng：2418, sheng ：4194304
decode keng：26, sheng ：2097152
world keng：12, sheng ：1048576

2026-08-21 12:05:34.682 INFO [pool-6-thread-4][:] - /****************流量统计******************/
LastReadBytes:0
LastReadThroughput:0
LastWrittenBytes:0
LastWriteThroughput:0
RealWrittenBytes:0
RealWriteThroughput:0
当前玩家的连接数量:0
当前地图的线程个数：9
当前地图的个数:48
当前数据库执行队列数:0
当前发送队列缓存的对象数量:0
totalMemory：680001536, use ：439211224, free ：240790312DirectMemory：1827143680, 恢复 ：1
当前时间 ：2026-08-21 12:05:34send keng：2418, sheng ：4194304
decode keng：26, sheng ：2097152
world keng：12, sheng ：1048576

2026-08-21 12:05:39.682 INFO [pool-6-thread-7][:] - /****************流量统计******************/
LastReadBytes:0
LastReadThroughput:0
LastWrittenBytes:0
LastWriteThroughput:0
RealWrittenBytes:0
RealWriteThroughput:0
当前玩家的连接数量:0
当前地图的线程个数：9
当前地图的个数:48
当前数据库执行队列数:0
当前发送队列缓存的对象数量:0
totalMemory：680001536, use ：442932816, free ：237068720DirectMemory：1827143680, 恢复 ：1
当前时间 ：2026-08-21 12:05:39send keng：2418, sheng ：4194304
decode keng：26, sheng ：2097152
world keng：12, sheng ：1048576

2026-08-21 12:05:44.682 INFO [pool-6-thread-8][:] - /****************流量统计******************/
LastReadBytes:0
LastReadThroughput:0
LastWrittenBytes:0
LastWriteThroughput:0
RealWrittenBytes:0
RealWriteThroughput:0
当前玩家的连接数量:0
当前地图的线程个数：9
当前地图的个数:48
当前数据库执行队列数:0
当前发送队列缓存的对象数量:0
totalMemory：680001536, use ：446167920, free ：233833616DirectMemory：1827143680, 恢复 ：1
当前时间 ：2026-08-21 12:05:44send keng：2418, sheng ：4194304
decode keng：26, sheng ：2097152
world keng：12, sheng ：1048576

2026-08-21 12:05:49.682 INFO [pool-6-thread-9][:] - /****************流量统计******************/
LastReadBytes:0
LastReadThroughput:0
LastWrittenBytes:0
LastWriteThroughput:0
RealWrittenBytes:0
RealWriteThroughput:0
当前玩家的连接数量:0
当前地图的线程个数：9
当前地图的个数:48
当前数据库执行队列数:0
当前发送队列缓存的对象数量:0
totalMemory：680001536, use ：449813152, free ：230188384DirectMemory：1827143680, 恢复 ：1
当前时间 ：2026-08-21 12:05:49send keng：2418, sheng ：4194304
decode keng：26, sheng ：2097152
world keng：12, sheng ：1048576

2026-08-21 12:05:54.682 INFO [pool-6-thread-4][:] - /****************流量统计******************/
LastReadBytes:0
LastReadThroughput:0
LastWrittenBytes:0
LastWriteThroughput:0
RealWrittenBytes:0
RealWriteThroughput:0
当前玩家的连接数量:0
当前地图的线程个数：9
当前地图的个数:48
当前数据库执行队列数:0
当前发送队列缓存的对象数量:0
totalMemory：680001536, use ：453195808, free ：226805728DirectMemory：1827143680, 恢复 ：1
当前时间 ：2026-08-21 12:05:54send keng：2418, sheng ：4194304
decode keng：26, sheng ：2097152
world keng：12, sheng ：1048576

2026-08-21 12:05:59.682 INFO [pool-6-thread-9][:] - /****************流量统计******************/
LastReadBytes:0
LastReadThroughput:0
LastWrittenBytes:0
LastWriteThroughput:0
RealWrittenBytes:0
RealWriteThroughput:0
当前玩家的连接数量:0
当前地图的线程个数：9
当前地图的个数:48
当前数据库执行队列数:0
当前发送队列缓存的对象数量:0
totalMemory：680001536, use ：456863184, free ：223138352DirectMemory：1827143680, 恢复 ：1
当前时间 ：2026-08-21 12:05:59send keng：2418, sheng ：4194304
decode keng：26, sheng ：2097152
world keng：12, sheng ：1048576

2026-08-21 12:06:04.682 INFO [pool-6-thread-2][:] - /****************流量统计******************/
LastReadBytes:0
LastReadThroughput:0
LastWrittenBytes:0
LastWriteThroughput:0
RealWrittenBytes:0
RealWriteThroughput:0
当前玩家的连接数量:0
当前地图的线程个数：9
当前地图的个数:48
当前数据库执行队列数:0
当前发送队列缓存的对象数量:0
totalMemory：680001536, use ：460242960, free ：219758576DirectMemory：1827143680, 恢复 ：1
当前时间 ：2026-08-21 12:06:04send keng：2418, sheng ：4194304
decode keng：26, sheng ：2097152
world keng：12, sheng ：1048576

2026-08-21 12:06:09.682 INFO [pool-6-thread-5][:] - /****************流量统计******************/
LastReadBytes:0
LastReadThroughput:0
LastWrittenBytes:0
LastWriteThroughput:0
RealWrittenBytes:0
RealWriteThroughput:0
当前玩家的连接数量:0
当前地图的线程个数：9
当前地图的个数:48
当前数据库执行队列数:0
当前发送队列缓存的对象数量:0
totalMemory：680001536, use ：463761968, free ：216239568DirectMemory：1827143680, 恢复 ：1
当前时间 ：2026-08-21 12:06:09send keng：2418, sheng ：4194304
decode keng：26, sheng ：2097152
world keng：12, sheng ：1048576

2026-08-21 12:06:14.683 INFO [pool-6-thread-9][:] - /****************流量统计******************/
LastReadBytes:0
LastReadThroughput:0
LastWrittenBytes:0
LastWriteThroughput:0
RealWrittenBytes:0
RealWriteThroughput:0
当前玩家的连接数量:0
当前地图的线程个数：9
当前地图的个数:48
当前数据库执行队列数:0
当前发送队列缓存的对象数量:0
totalMemory：680001536, use ：467291664, free ：212709872DirectMemory：1827143680, 恢复 ：1
当前时间 ：2026-08-21 12:06:14send keng：2418, sheng ：4194304
decode keng：26, sheng ：2097152
world keng：12, sheng ：1048576

2026-08-21 12:06:19.682 INFO [pool-6-thread-10][:] - /****************流量统计******************/
LastReadBytes:0
LastReadThroughput:0
LastWrittenBytes:0
LastWriteThroughput:0
RealWrittenBytes:0
RealWriteThroughput:0
当前玩家的连接数量:0
当前地图的线程个数：9
当前地图的个数:48
当前数据库执行队列数:0
当前发送队列缓存的对象数量:0
totalMemory：680001536, use ：424218104, free ：255783432DirectMemory：1827143680, 恢复 ：1
当前时间 ：2026-08-21 12:06:19send keng：2418, sheng ：4194304
decode keng：26, sheng ：2097152
world keng：12, sheng ：1048576

2026-08-21 12:06:24.682 INFO [pool-6-thread-8][:] - /****************流量统计******************/
LastReadBytes:0
LastReadThroughput:0
LastWrittenBytes:0
LastWriteThroughput:0
RealWrittenBytes:0
RealWriteThroughput:0
当前玩家的连接数量:0
当前地图的线程个数：9
当前地图的个数:48
当前数据库执行队列数:0
当前发送队列缓存的对象数量:0
totalMemory：680001536, use ：427808976, free ：252192560DirectMemory：1827143680, 恢复 ：1
当前时间 ：2026-08-21 12:06:24send keng：2418, sheng ：4194304
decode keng：26, sheng ：2097152
world keng：12, sheng ：1048576

2026-08-21 12:06:29.682 INFO [pool-6-thread-5][:] - /****************流量统计******************/
LastReadBytes:0
LastReadThroughput:0
LastWrittenBytes:0
LastWriteThroughput:0
RealWrittenBytes:0
RealWriteThroughput:0
当前玩家的连接数量:0
当前地图的线程个数：9
当前地图的个数:48
当前数据库执行队列数:0
当前发送队列缓存的对象数量:0
totalMemory：680001536, use ：431390576, free ：248610960DirectMemory：1827143680, 恢复 ：1
当前时间 ：2026-08-21 12:06:29send keng：2418, sheng ：4194304
decode keng：26, sheng ：2097152
world keng：12, sheng ：1048576

2026-08-21 12:06:34.682 INFO [pool-6-thread-7][:] - /****************流量统计******************/
LastReadBytes:0
LastReadThroughput:0
LastWrittenBytes:0
LastWriteThroughput:0
RealWrittenBytes:0
RealWriteThroughput:0
当前玩家的连接数量:0
当前地图的线程个数：9
当前地图的个数:48
当前数据库执行队列数:0
当前发送队列缓存的对象数量:0
totalMemory：680001536, use ：434664784, free ：245336752DirectMemory：1827143680, 恢复 ：1
当前时间 ：2026-08-21 12:06:34send keng：2418, sheng ：4194304
decode keng：26, sheng ：2097152
world keng：12, sheng ：1048576

2026-08-21 12:06:39.682 INFO [pool-6-thread-2][:] - /****************流量统计******************/
LastReadBytes:0
LastReadThroughput:0
LastWrittenBytes:0
LastWriteThroughput:0
RealWrittenBytes:0
RealWriteThroughput:0
当前玩家的连接数量:0
当前地图的线程个数：9
当前地图的个数:48
当前数据库执行队列数:0
当前发送队列缓存的对象数量:0
totalMemory：680001536, use ：438405632, free ：241595904DirectMemory：1827143680, 恢复 ：1
当前时间 ：2026-08-21 12:06:39send keng：2418, sheng ：4194304
decode keng：26, sheng ：2097152
world keng：12, sheng ：1048576

2026-08-21 12:06:44.682 INFO [pool-6-thread-9][:] - /****************流量统计******************/
LastReadBytes:0
LastReadThroughput:0
LastWrittenBytes:0
LastWriteThroughput:0
RealWrittenBytes:0
RealWriteThroughput:0
当前玩家的连接数量:0
当前地图的线程个数：9
当前地图的个数:48
当前数据库执行队列数:0
当前发送队列缓存的对象数量:0
totalMemory：680001536, use ：441862880, free ：238138656DirectMemory：1827143680, 恢复 ：1
当前时间 ：2026-08-21 12:06:44send keng：2418, sheng ：4194304
decode keng：26, sheng ：2097152
world keng：12, sheng ：1048576

2026-08-21 12:06:49.682 INFO [pool-6-thread-1][:] - /****************流量统计******************/
LastReadBytes:0
LastReadThroughput:0
LastWrittenBytes:0
LastWriteThroughput:0
RealWrittenBytes:0
RealWriteThroughput:0
当前玩家的连接数量:0
当前地图的线程个数：9
当前地图的个数:48
当前数据库执行队列数:0
当前发送队列缓存的对象数量:0
totalMemory：680001536, use ：445569152, free ：234432384DirectMemory：1827143680, 恢复 ：1
当前时间 ：2026-08-21 12:06:49send keng：2418, sheng ：4194304
decode keng：26, sheng ：2097152
world keng：12, sheng ：1048576

2026-08-21 12:06:54.682 INFO [pool-6-thread-9][:] - /****************流量统计******************/
LastReadBytes:0
LastReadThroughput:0
LastWrittenBytes:0
LastWriteThroughput:0
RealWrittenBytes:0
RealWriteThroughput:0
当前玩家的连接数量:0
当前地图的线程个数：9
当前地图的个数:48
当前数据库执行队列数:0
当前发送队列缓存的对象数量:0
totalMemory：680001536, use ：448770520, free ：231231016DirectMemory：1827143680, 恢复 ：1
当前时间 ：2026-08-21 12:06:54send keng：2418, sheng ：4194304
decode keng：26, sheng ：2097152
world keng：12, sheng ：1048576

2026-08-21 12:06:59.682 INFO [pool-6-thread-7][:] - /****************流量统计******************/
LastReadBytes:0
LastReadThroughput:0
LastWrittenBytes:0
LastWriteThroughput:0
RealWrittenBytes:0
RealWriteThroughput:0
当前玩家的连接数量:0
当前地图的线程个数：9
当前地图的个数:48
当前数据库执行队列数:0
当前发送队列缓存的对象数量:0
totalMemory：680001536, use ：452513096, free ：227488440DirectMemory：1827143680, 恢复 ：1
当前时间 ：2026-08-21 12:06:59send keng：2418, sheng ：4194304
decode keng：26, sheng ：2097152
world keng：12, sheng ：1048576

2026-08-21 12:07:04.683 INFO [pool-6-thread-1][:] - /****************流量统计******************/
LastReadBytes:0
LastReadThroughput:0
LastWrittenBytes:0
LastWriteThroughput:0
RealWrittenBytes:0
RealWriteThroughput:0
当前玩家的连接数量:0
当前地图的线程个数：9
当前地图的个数:48
当前数据库执行队列数:0
当前发送队列缓存的对象数量:0
totalMemory：680001536, use ：456072320, free ：223929216DirectMemory：1827143680, 恢复 ：1
当前时间 ：2026-08-21 12:07:04send keng：2418, sheng ：4194304
decode keng：26, sheng ：2097152
world keng：12, sheng ：1048576

2026-08-21 12:07:09.682 INFO [pool-6-thread-2][:] - /****************流量统计******************/
LastReadBytes:0
LastReadThroughput:0
LastWrittenBytes:0
LastWriteThroughput:0
RealWrittenBytes:0
RealWriteThroughput:0
当前玩家的连接数量:0
当前地图的线程个数：9
当前地图的个数:48
当前数据库执行队列数:0
当前发送队列缓存的对象数量:0
totalMemory：680001536, use ：459567232, free ：220434304DirectMemory：1827143680, 恢复 ：1
当前时间 ：2026-08-21 12:07:09send keng：2418, sheng ：4194304
decode keng：26, sheng ：2097152
world keng：12, sheng ：1048576

2026-08-21 12:07:14.682 INFO [pool-6-thread-3][:] - /****************流量统计******************/
LastReadBytes:0
LastReadThroughput:0
LastWrittenBytes:0
LastWriteThroughput:0
RealWrittenBytes:0
RealWriteThroughput:0
当前玩家的连接数量:0
当前地图的线程个数：9
当前地图的个数:48
当前数据库执行队列数:0
当前发送队列缓存的对象数量:0
totalMemory：680001536, use ：463200128, free ：216801408DirectMemory：1827143680, 恢复 ：1
当前时间 ：2026-08-21 12:07:14send keng：2418, sheng ：4194304
decode keng：26, sheng ：2097152
world keng：12, sheng ：1048576

2026-08-21 12:07:19.682 INFO [pool-6-thread-5][:] - /****************流量统计******************/
LastReadBytes:0
LastReadThroughput:0
LastWrittenBytes:0
LastWriteThroughput:0
RealWrittenBytes:0
RealWriteThroughput:0
当前玩家的连接数量:0
当前地图的线程个数：9
当前地图的个数:48
当前数据库执行队列数:0
当前发送队列缓存的对象数量:0
totalMemory：680001536, use ：466361208, free ：213640328DirectMemory：1827143680, 恢复 ：1
当前时间 ：2026-08-21 12:07:19send keng：2418, sheng ：4194304
decode keng：26, sheng ：2097152
world keng：12, sheng ：1048576

2026-08-21 12:07:24.682 INFO [pool-6-thread-8][:] - /****************流量统计******************/
LastReadBytes:0
LastReadThroughput:0
LastWrittenBytes:0
LastWriteThroughput:0
RealWrittenBytes:0
RealWriteThroughput:0
当前玩家的连接数量:0
当前地图的线程个数：9
当前地图的个数:48
当前数据库执行队列数:0
当前发送队列缓存的对象数量:0
totalMemory：680001536, use ：423200016, free ：256801520DirectMemory：1827143680, 恢复 ：1
当前时间 ：2026-08-21 12:07:24send keng：2418, sheng ：4194304
decode keng：26, sheng ：2097152
world keng：12, sheng ：1048576

2026-08-21 12:07:29.682 INFO [pool-6-thread-7][:] - /****************流量统计******************/
LastReadBytes:0
LastReadThroughput:0
LastWrittenBytes:0
LastWriteThroughput:0
RealWrittenBytes:0
RealWriteThroughput:0
当前玩家的连接数量:0
当前地图的线程个数：9
当前地图的个数:48
当前数据库执行队列数:0
当前发送队列缓存的对象数量:0
totalMemory：680001536, use ：426826000, free ：253175536DirectMemory：1827143680, 恢复 ：1
当前时间 ：2026-08-21 12:07:29send keng：2418, sheng ：4194304
decode keng：26, sheng ：2097152
world keng：12, sheng ：1048576

2026-08-21 12:07:34.682 INFO [pool-6-thread-1][:] - /****************流量统计******************/
LastReadBytes:0
LastReadThroughput:0
LastWrittenBytes:0
LastWriteThroughput:0
RealWrittenBytes:0
RealWriteThroughput:0
当前玩家的连接数量:0
当前地图的线程个数：9
当前地图的个数:48
当前数据库执行队列数:0
当前发送队列缓存的对象数量:0
totalMemory：680001536, use ：430104520, free ：249897016DirectMemory：1827143680, 恢复 ：1
当前时间 ：2026-08-21 12:07:34send keng：2418, sheng ：4194304
decode keng：26, sheng ：2097152
world keng：12, sheng ：1048576

2026-08-21 12:07:39.682 INFO [pool-6-thread-4][:] - /****************流量统计******************/
LastReadBytes:0
LastReadThroughput:0
LastWrittenBytes:0
LastWriteThroughput:0
RealWrittenBytes:0
RealWriteThroughput:0
当前玩家的连接数量:0
当前地图的线程个数：9
当前地图的个数:48
当前数据库执行队列数:0
当前发送队列缓存的对象数量:0
totalMemory：680001536, use ：433806448, free ：246195088DirectMemory：1827143680, 恢复 ：1
当前时间 ：2026-08-21 12:07:39send keng：2418, sheng ：4194304
decode keng：26, sheng ：2097152
world keng：12, sheng ：1048576

2026-08-21 12:07:44.682 INFO [pool-6-thread-10][:] - /****************流量统计******************/
LastReadBytes:0
LastReadThroughput:0
LastWrittenBytes:0
LastWriteThroughput:0
RealWrittenBytes:0
RealWriteThroughput:0
当前玩家的连接数量:0
当前地图的线程个数：9
当前地图的个数:48
当前数据库执行队列数:0
当前发送队列缓存的对象数量:0
totalMemory：680001536, use ：437094912, free ：242906624DirectMemory：1827143680, 恢复 ：1
当前时间 ：2026-08-21 12:07:44send keng：2418, sheng ：4194304
decode keng：26, sheng ：2097152
world keng：12, sheng ：1048576

2026-08-21 12:07:49.682 INFO [pool-6-thread-6][:] - /****************流量统计******************/
LastReadBytes:0
LastReadThroughput:0
LastWrittenBytes:0
LastWriteThroughput:0
RealWrittenBytes:0
RealWriteThroughput:0
当前玩家的连接数量:0
当前地图的线程个数：9
当前地图的个数:48
当前数据库执行队列数:0
当前发送队列缓存的对象数量:0
totalMemory：680001536, use ：440846456, free ：239155080DirectMemory：1827143680, 恢复 ：1
当前时间 ：2026-08-21 12:07:49send keng：2418, sheng ：4194304
decode keng：26, sheng ：2097152
world keng：12, sheng ：1048576

2026-08-21 12:07:54.682 INFO [pool-6-thread-7][:] - /****************流量统计******************/
LastReadBytes:0
LastReadThroughput:0
LastWrittenBytes:0
LastWriteThroughput:0
RealWrittenBytes:0
RealWriteThroughput:0
当前玩家的连接数量:0
当前地图的线程个数：9
当前地图的个数:48
当前数据库执行队列数:0
当前发送队列缓存的对象数量:0
totalMemory：680001536, use ：444156352, free ：235845184DirectMemory：1827143680, 恢复 ：1
当前时间 ：2026-08-21 12:07:54send keng：2418, sheng ：4194304
decode keng：26, sheng ：2097152
world keng：12, sheng ：1048576

2026-08-21 12:07:59.682 INFO [pool-6-thread-4][:] - /****************流量统计******************/
LastReadBytes:0
LastReadThroughput:0
LastWrittenBytes:0
LastWriteThroughput:0
RealWrittenBytes:0
RealWriteThroughput:0
当前玩家的连接数量:0
当前地图的线程个数：9
当前地图的个数:48
当前数据库执行队列数:0
当前发送队列缓存的对象数量:0
totalMemory：680001536, use ：447684944, free ：232316592DirectMemory：1827143680, 恢复 ：1
当前时间 ：2026-08-21 12:07:59send keng：2418, sheng ：4194304
decode keng：26, sheng ：2097152
world keng：12, sheng ：1048576

2026-08-21 12:08:04.682 INFO [pool-6-thread-7][:] - /****************流量统计******************/
LastReadBytes:0
LastReadThroughput:0
LastWrittenBytes:0
LastWriteThroughput:0
RealWrittenBytes:0
RealWriteThroughput:0
当前玩家的连接数量:0
当前地图的线程个数：9
当前地图的个数:48
当前数据库执行队列数:0
当前发送队列缓存的对象数量:0
totalMemory：680001536, use ：451267688, free ：228733848DirectMemory：1827143680, 恢复 ：1
当前时间 ：2026-08-21 12:08:04send keng：2418, sheng ：4194304
decode keng：26, sheng ：2097152
world keng：12, sheng ：1048576

2026-08-21 12:08:09.682 INFO [pool-6-thread-8][:] - /****************流量统计******************/
LastReadBytes:0
LastReadThroughput:0
LastWrittenBytes:0
LastWriteThroughput:0
RealWrittenBytes:0
RealWriteThroughput:0
当前玩家的连接数量:0
当前地图的线程个数：9
当前地图的个数:48
当前数据库执行队列数:0
当前发送队列缓存的对象数量:0
totalMemory：680001536, use ：454783672, free ：225217864DirectMemory：1827143680, 恢复 ：1
当前时间 ：2026-08-21 12:08:09send keng：2418, sheng ：4194304
decode keng：26, sheng ：2097152
world keng：12, sheng ：1048576

2026-08-21 12:08:14.682 INFO [pool-6-thread-1][:] - /****************流量统计******************/
LastReadBytes:0
LastReadThroughput:0
LastWrittenBytes:0
LastWriteThroughput:0
RealWrittenBytes:0
RealWriteThroughput:0
当前玩家的连接数量:0
当前地图的线程个数：9
当前地图的个数:48
当前数据库执行队列数:0
当前发送队列缓存的对象数量:0
totalMemory：680001536, use ：458402176, free ：221599360DirectMemory：1827143680, 恢复 ：1
当前时间 ：2026-08-21 12:08:14send keng：2418, sheng ：4194304
decode keng：26, sheng ：2097152
world keng：12, sheng ：1048576

2026-08-21 12:08:19.682 INFO [pool-6-thread-8][:] - /****************流量统计******************/
LastReadBytes:0
LastReadThroughput:0
LastWrittenBytes:0
LastWriteThroughput:0
RealWrittenBytes:0
RealWriteThroughput:0
当前玩家的连接数量:0
当前地图的线程个数：9
当前地图的个数:48
当前数据库执行队列数:0
当前发送队列缓存的对象数量:0
totalMemory：680001536, use ：461883880, free ：218117656DirectMemory：1827143680, 恢复 ：1
当前时间 ：2026-08-21 12:08:19send keng：2418, sheng ：4194304
decode keng：26, sheng ：2097152
world keng：12, sheng ：1048576

2026-08-21 12:08:24.682 INFO [pool-6-thread-1][:] - /****************流量统计******************/
LastReadBytes:0
LastReadThroughput:0
LastWrittenBytes:0
LastWriteThroughput:0
RealWrittenBytes:0
RealWriteThroughput:0
当前玩家的连接数量:0
当前地图的线程个数：9
当前地图的个数:48
当前数据库执行队列数:0
当前发送队列缓存的对象数量:0
totalMemory：680001536, use ：465443232, free ：214558304DirectMemory：1827143680, 恢复 ：1
当前时间 ：2026-08-21 12:08:24send keng：2418, sheng ：4194304
decode keng：26, sheng ：2097152
world keng：12, sheng ：1048576

2026-08-21 12:08:29.682 INFO [pool-6-thread-7][:] - /****************流量统计******************/
LastReadBytes:0
LastReadThroughput:0
LastWrittenBytes:0
LastWriteThroughput:0
RealWrittenBytes:0
RealWriteThroughput:0
当前玩家的连接数量:0
当前地图的线程个数：9
当前地图的个数:48
当前数据库执行队列数:0
当前发送队列缓存的对象数量:0
totalMemory：680001536, use ：422211072, free ：257790464DirectMemory：1827143680, 恢复 ：1
当前时间 ：2026-08-21 12:08:29send keng：2418, sheng ：4194304
decode keng：26, sheng ：2097152
world keng：12, sheng ：1048576

2026-08-21 12:08:34.682 INFO [pool-6-thread-9][:] - /****************流量统计******************/
LastReadBytes:0
LastReadThroughput:0
LastWrittenBytes:0
LastWriteThroughput:0
RealWrittenBytes:0
RealWriteThroughput:0
当前玩家的连接数量:0
当前地图的线程个数：9
当前地图的个数:48
当前数据库执行队列数:0
当前发送队列缓存的对象数量:0
totalMemory：680001536, use ：425564432, free ：254437104DirectMemory：1827143680, 恢复 ：1
当前时间 ：2026-08-21 12:08:34send keng：2418, sheng ：4194304
decode keng：26, sheng ：2097152
world keng：12, sheng ：1048576

2026-08-21 12:08:39.682 INFO [pool-6-thread-3][:] - /****************流量统计******************/
LastReadBytes:0
LastReadThroughput:0
LastWrittenBytes:0
LastWriteThroughput:0
RealWrittenBytes:0
RealWriteThroughput:0
当前玩家的连接数量:0
当前地图的线程个数：9
当前地图的个数:48
当前数据库执行队列数:0
当前发送队列缓存的对象数量:0
totalMemory：680001536, use ：429193952, free ：250807584DirectMemory：1827143680, 恢复 ：1
当前时间 ：2026-08-21 12:08:39send keng：2418, sheng ：4194304
decode keng：26, sheng ：2097152
world keng：12, sheng ：1048576

2026-08-21 12:08:44.682 INFO [pool-6-thread-3][:] - /****************流量统计******************/
LastReadBytes:0
LastReadThroughput:0
LastWrittenBytes:0
LastWriteThroughput:0
RealWrittenBytes:0
RealWriteThroughput:0
当前玩家的连接数量:0
当前地图的线程个数：9
当前地图的个数:48
当前数据库执行队列数:0
当前发送队列缓存的对象数量:0
totalMemory：680001536, use ：432545944, free ：247455592DirectMemory：1827143680, 恢复 ：1
当前时间 ：2026-08-21 12:08:44send keng：2418, sheng ：4194304
decode keng：26, sheng ：2097152
world keng：12, sheng ：1048576

2026-08-21 12:08:49.682 INFO [pool-6-thread-4][:] - /****************流量统计******************/
LastReadBytes:0
LastReadThroughput:0
LastWrittenBytes:0
LastWriteThroughput:0
RealWrittenBytes:0
RealWriteThroughput:0
当前玩家的连接数量:0
当前地图的线程个数：9
当前地图的个数:48
当前数据库执行队列数:0
当前发送队列缓存的对象数量:0
totalMemory：680001536, use ：436184440, free ：243817096DirectMemory：1827143680, 恢复 ：1
当前时间 ：2026-08-21 12:08:49send keng：2418, sheng ：4194304
decode keng：26, sheng ：2097152
world keng：12, sheng ：1048576

2026-08-21 12:08:54.682 INFO [pool-6-thread-6][:] - /****************流量统计******************/
LastReadBytes:0
LastReadThroughput:0
LastWrittenBytes:0
LastWriteThroughput:0
RealWrittenBytes:0
RealWriteThroughput:0
当前玩家的连接数量:0
当前地图的线程个数：9
当前地图的个数:48
当前数据库执行队列数:0
当前发送队列缓存的对象数量:0
totalMemory：680001536, use ：439345632, free ：240655904DirectMemory：1827143680, 恢复 ：1
当前时间 ：2026-08-21 12:08:54send keng：2418, sheng ：4194304
decode keng：26, sheng ：2097152
world keng：12, sheng ：1048576

2026-08-21 12:08:59.682 INFO [pool-6-thread-9][:] - /****************流量统计******************/
LastReadBytes:0
LastReadThroughput:0
LastWrittenBytes:0
LastWriteThroughput:0
RealWrittenBytes:0
RealWriteThroughput:0
当前玩家的连接数量:0
当前地图的线程个数：9
当前地图的个数:48
当前数据库执行队列数:0
当前发送队列缓存的对象数量:0
totalMemory：680001536, use ：442957688, free ：237043848DirectMemory：1827143680, 恢复 ：1
当前时间 ：2026-08-21 12:08:59send keng：2418, sheng ：4194304
decode keng：26, sheng ：2097152
world keng：12, sheng ：1048576

2026-08-21 12:09:04.682 INFO [pool-6-thread-6][:] - /****************流量统计******************/
LastReadBytes:0
LastReadThroughput:0
LastWrittenBytes:0
LastWriteThroughput:0
RealWrittenBytes:0
RealWriteThroughput:0
当前玩家的连接数量:0
当前地图的线程个数：9
当前地图的个数:48
当前数据库执行队列数:0
当前发送队列缓存的对象数量:0
totalMemory：680001536, use ：446186408, free ：233815128DirectMemory：1827143680, 恢复 ：1
当前时间 ：2026-08-21 12:09:04send keng：2418, sheng ：4194304
decode keng：26, sheng ：2097152
world keng：12, sheng ：1048576

2026-08-21 12:09:09.682 INFO [pool-6-thread-3][:] - /****************流量统计******************/
LastReadBytes:0
LastReadThroughput:0
LastWrittenBytes:0
LastWriteThroughput:0
RealWrittenBytes:0
RealWriteThroughput:0
当前玩家的连接数量:0
当前地图的线程个数：9
当前地图的个数:48
当前数据库执行队列数:0
当前发送队列缓存的对象数量:0
totalMemory：680001536, use ：449742000, free ：230259536DirectMemory：1827143680, 恢复 ：1
当前时间 ：2026-08-21 12:09:09send keng：2418, sheng ：4194304
decode keng：26, sheng ：2097152
world keng：12, sheng ：1048576

2026-08-21 12:09:14.682 INFO [pool-6-thread-4][:] - /****************流量统计******************/
LastReadBytes:0
LastReadThroughput:0
LastWrittenBytes:0
LastWriteThroughput:0
RealWrittenBytes:0
RealWriteThroughput:0
当前玩家的连接数量:0
当前地图的线程个数：9
当前地图的个数:48
当前数据库执行队列数:0
当前发送队列缓存的对象数量:0
totalMemory：680001536, use ：453254008, free ：226747528DirectMemory：1827143680, 恢复 ：1
当前时间 ：2026-08-21 12:09:14send keng：2418, sheng ：4194304
decode keng：26, sheng ：2097152
world keng：12, sheng ：1048576

2026-08-21 12:09:19.682 INFO [pool-6-thread-6][:] - /****************流量统计******************/
LastReadBytes:0
LastReadThroughput:0
LastWrittenBytes:0
LastWriteThroughput:0
RealWrittenBytes:0
RealWriteThroughput:0
当前玩家的连接数量:0
当前地图的线程个数：9
当前地图的个数:48
当前数据库执行队列数:0
当前发送队列缓存的对象数量:0
totalMemory：680001536, use ：456785352, free ：223216184DirectMemory：1827143680, 恢复 ：1
当前时间 ：2026-08-21 12:09:19send keng：2418, sheng ：4194304
decode keng：26, sheng ：2097152
world keng：12, sheng ：1048576

2026-08-21 12:09:24.685 INFO [pool-6-thread-3][:] - /****************流量统计******************/
LastReadBytes:0
LastReadThroughput:0
LastWrittenBytes:0
LastWriteThroughput:0
RealWrittenBytes:0
RealWriteThroughput:0
当前玩家的连接数量:0
当前地图的线程个数：9
当前地图的个数:48
当前数据库执行队列数:0
当前发送队列缓存的对象数量:0
totalMemory：680001536, use ：460394152, free ：219607384DirectMemory：1827143680, 恢复 ：1
当前时间 ：2026-08-21 12:09:24send keng：2418, sheng ：4194304
decode keng：26, sheng ：2097152
world keng：12, sheng ：1048576

2026-08-21 12:09:29.682 INFO [pool-6-thread-1][:] - /****************流量统计******************/
LastReadBytes:0
LastReadThroughput:0
LastWrittenBytes:0
LastWriteThroughput:0
RealWrittenBytes:0
RealWriteThroughput:0
当前玩家的连接数量:0
当前地图的线程个数：9
当前地图的个数:48
当前数据库执行队列数:0
当前发送队列缓存的对象数量:0
totalMemory：680001536, use ：463761312, free ：216240224DirectMemory：1827143680, 恢复 ：1
当前时间 ：2026-08-21 12:09:29send keng：2418, sheng ：4194304
decode keng：26, sheng ：2097152
world keng：12, sheng ：1048576

2026-08-21 12:09:34.682 INFO [pool-6-thread-5][:] - /****************流量统计******************/
LastReadBytes:0
LastReadThroughput:0
LastWrittenBytes:0
LastWriteThroughput:0
RealWrittenBytes:0
RealWriteThroughput:0
当前玩家的连接数量:0
当前地图的线程个数：9
当前地图的个数:48
当前数据库执行队列数:0
当前发送队列缓存的对象数量:0
totalMemory：680001536, use ：467228896, free ：212772640DirectMemory：1827143680, 恢复 ：1
当前时间 ：2026-08-21 12:09:34send keng：2418, sheng ：4194304
decode keng：26, sheng ：2097152
world keng：12, sheng ：1048576

2026-08-21 12:09:39.682 INFO [pool-6-thread-8][:] - /****************流量统计******************/
LastReadBytes:0
LastReadThroughput:0
LastWrittenBytes:0
LastWriteThroughput:0
RealWrittenBytes:0
RealWriteThroughput:0
当前玩家的连接数量:0
当前地图的线程个数：9
当前地图的个数:48
当前数据库执行队列数:0
当前发送队列缓存的对象数量:0
totalMemory：680001536, use ：424006640, free ：255994896DirectMemory：1827143680, 恢复 ：1
当前时间 ：2026-08-21 12:09:39send keng：2418, sheng ：4194304
decode keng：26, sheng ：2097152
world keng：12, sheng ：1048576

2026-08-21 12:09:44.682 INFO [pool-6-thread-9][:] - /****************流量统计******************/
LastReadBytes:0
LastReadThroughput:0
LastWrittenBytes:0
LastWriteThroughput:0
RealWrittenBytes:0
RealWriteThroughput:0
当前玩家的连接数量:0
当前地图的线程个数：9
当前地图的个数:48
当前数据库执行队列数:0
当前发送队列缓存的对象数量:0
totalMemory：680001536, use ：427314736, free ：252686800DirectMemory：1827143680, 恢复 ：1
当前时间 ：2026-08-21 12:09:44send keng：2418, sheng ：4194304
decode keng：26, sheng ：2097152
world keng：12, sheng ：1048576

2026-08-21 12:09:49.682 INFO [pool-6-thread-8][:] - /****************流量统计******************/
LastReadBytes:0
LastReadThroughput:0
LastWrittenBytes:0
LastWriteThroughput:0
RealWrittenBytes:0
RealWriteThroughput:0
当前玩家的连接数量:0
当前地图的线程个数：9
当前地图的个数:48
当前数据库执行队列数:0
当前发送队列缓存的对象数量:0
totalMemory：680001536, use ：430915792, free ：249085744DirectMemory：1827143680, 恢复 ：1
当前时间 ：2026-08-21 12:09:49send keng：2418, sheng ：4194304
decode keng：26, sheng ：2097152
world keng：12, sheng ：1048576

2026-08-21 12:09:54.682 INFO [pool-6-thread-4][:] - /****************流量统计******************/
LastReadBytes:0
LastReadThroughput:0
LastWrittenBytes:0
LastWriteThroughput:0
RealWrittenBytes:0
RealWriteThroughput:0
当前玩家的连接数量:0
当前地图的线程个数：9
当前地图的个数:48
当前数据库执行队列数:0
当前发送队列缓存的对象数量:0
totalMemory：680001536, use ：434661144, free ：245340392DirectMemory：1827143680, 恢复 ：1
当前时间 ：2026-08-21 12:09:54send keng：2418, sheng ：4194304
decode keng：26, sheng ：2097152
world keng：12, sheng ：1048576

2026-08-21 12:09:59.682 INFO [pool-6-thread-5][:] - /****************流量统计******************/
LastReadBytes:0
LastReadThroughput:0
LastWrittenBytes:0
LastWriteThroughput:0
RealWrittenBytes:0
RealWriteThroughput:0
当前玩家的连接数量:0
当前地图的线程个数：9
当前地图的个数:48
当前数据库执行队列数:0
当前发送队列缓存的对象数量:0
totalMemory：680001536, use ：438300536, free ：241701000DirectMemory：1827143680, 恢复 ：1
当前时间 ：2026-08-21 12:09:59send keng：2418, sheng ：4194304
decode keng：26, sheng ：2097152
world keng：12, sheng ：1048576

2026-08-21 12:10:04.682 INFO [pool-6-thread-2][:] - /****************流量统计******************/
LastReadBytes:0
LastReadThroughput:0
LastWrittenBytes:0
LastWriteThroughput:0
RealWrittenBytes:0
RealWriteThroughput:0
当前玩家的连接数量:0
当前地图的线程个数：9
当前地图的个数:48
当前数据库执行队列数:0
当前发送队列缓存的对象数量:0
totalMemory：680001536, use ：441380536, free ：238621000DirectMemory：1827143680, 恢复 ：1
当前时间 ：2026-08-21 12:10:04send keng：2418, sheng ：4194304
decode keng：26, sheng ：2097152
world keng：12, sheng ：1048576

2026-08-21 12:10:09.682 INFO [pool-6-thread-7][:] - /****************流量统计******************/
LastReadBytes:0
LastReadThroughput:0
LastWrittenBytes:0
LastWriteThroughput:0
RealWrittenBytes:0
RealWriteThroughput:0
当前玩家的连接数量:0
当前地图的线程个数：9
当前地图的个数:48
当前数据库执行队列数:0
当前发送队列缓存的对象数量:0
totalMemory：680001536, use ：445081704, free ：234919832DirectMemory：1827143680, 恢复 ：1
当前时间 ：2026-08-21 12:10:09send keng：2418, sheng ：4194304
decode keng：26, sheng ：2097152
world keng：12, sheng ：1048576

2026-08-21 12:10:14.685 INFO [pool-6-thread-2][:] - /****************流量统计******************/
LastReadBytes:0
LastReadThroughput:0
LastWrittenBytes:0
LastWriteThroughput:0
RealWrittenBytes:0
RealWriteThroughput:0
当前玩家的连接数量:0
当前地图的线程个数：9
当前地图的个数:48
当前数据库执行队列数:0
当前发送队列缓存的对象数量:0
totalMemory：680001536, use ：448700616, free ：231300920DirectMemory：1827143680, 恢复 ：1
当前时间 ：2026-08-21 12:10:14send keng：2418, sheng ：4194304
decode keng：26, sheng ：2097152
world keng：12, sheng ：1048576

2026-08-21 12:10:19.682 INFO [pool-6-thread-4][:] - /****************流量统计******************/
LastReadBytes:0
LastReadThroughput:0
LastWrittenBytes:0
LastWriteThroughput:0
RealWrittenBytes:0
RealWriteThroughput:0
当前玩家的连接数量:0
当前地图的线程个数：9
当前地图的个数:48
当前数据库执行队列数:0
当前发送队列缓存的对象数量:0
totalMemory：680001536, use ：452356272, free ：227645264DirectMemory：1827143680, 恢复 ：1
当前时间 ：2026-08-21 12:10:19send keng：2418, sheng ：4194304
decode keng：26, sheng ：2097152
world keng：12, sheng ：1048576

2026-08-21 12:10:24.682 INFO [pool-6-thread-4][:] - /****************流量统计******************/
LastReadBytes:0
LastReadThroughput:0
LastWrittenBytes:0
LastWriteThroughput:0
RealWrittenBytes:0
RealWriteThroughput:0
当前玩家的连接数量:0
当前地图的线程个数：9
当前地图的个数:48
当前数据库执行队列数:0
当前发送队列缓存的对象数量:0
totalMemory：680001536, use ：455512664, free ：224488872DirectMemory：1827143680, 恢复 ：1
当前时间 ：2026-08-21 12:10:24send keng：2418, sheng ：4194304
decode keng：26, sheng ：2097152
world keng：12, sheng ：1048576

2026-08-21 12:10:29.682 INFO [pool-6-thread-10][:] - /****************流量统计******************/
LastReadBytes:0
LastReadThroughput:0
LastWrittenBytes:0
LastWriteThroughput:0
RealWrittenBytes:0
RealWriteThroughput:0
当前玩家的连接数量:0
当前地图的线程个数：9
当前地图的个数:48
当前数据库执行队列数:0
当前发送队列缓存的对象数量:0
totalMemory：680001536, use ：459137832, free ：220863704DirectMemory：1827143680, 恢复 ：1
当前时间 ：2026-08-21 12:10:29send keng：2418, sheng ：4194304
decode keng：26, sheng ：2097152
world keng：12, sheng ：1048576

2026-08-21 12:10:34.682 INFO [pool-6-thread-5][:] - /****************流量统计******************/
LastReadBytes:0
LastReadThroughput:0
LastWrittenBytes:0
LastWriteThroughput:0
RealWrittenBytes:0
RealWriteThroughput:0
当前玩家的连接数量:0
当前地图的线程个数：9
当前地图的个数:48
当前数据库执行队列数:0
当前发送队列缓存的对象数量:0
totalMemory：680001536, use ：462770320, free ：217231216DirectMemory：1827143680, 恢复 ：1
当前时间 ：2026-08-21 12:10:34send keng：2418, sheng ：4194304
decode keng：26, sheng ：2097152
world keng：12, sheng ：1048576

2026-08-21 12:10:39.682 INFO [pool-6-thread-2][:] - /****************流量统计******************/
LastReadBytes:0
LastReadThroughput:0
LastWrittenBytes:0
LastWriteThroughput:0
RealWrittenBytes:0
RealWriteThroughput:0
当前玩家的连接数量:0
当前地图的线程个数：9
当前地图的个数:48
当前数据库执行队列数:0
当前发送队列缓存的对象数量:0
totalMemory：680001536, use ：466295160, free ：213706376DirectMemory：1827143680, 恢复 ：1
当前时间 ：2026-08-21 12:10:39send keng：2418, sheng ：4194304
decode keng：26, sheng ：2097152
world keng：12, sheng ：1048576

2026-08-21 12:10:44.682 INFO [pool-6-thread-4][:] - /****************流量统计******************/
LastReadBytes:0
LastReadThroughput:0
LastWrittenBytes:0
LastWriteThroughput:0
RealWrittenBytes:0
RealWriteThroughput:0
当前玩家的连接数量:0
当前地图的线程个数：9
当前地图的个数:48
当前数据库执行队列数:0
当前发送队列缓存的对象数量:0
totalMemory：680001536, use ：423191504, free ：256810032DirectMemory：1827143680, 恢复 ：1
当前时间 ：2026-08-21 12:10:44send keng：2418, sheng ：4194304
decode keng：26, sheng ：2097152
world keng：12, sheng ：1048576

2026-08-21 12:10:49.682 INFO [pool-6-thread-10][:] - /****************流量统计******************/
LastReadBytes:0
LastReadThroughput:0
LastWrittenBytes:0
LastWriteThroughput:0
RealWrittenBytes:0
RealWriteThroughput:0
当前玩家的连接数量:0
当前地图的线程个数：9
当前地图的个数:48
当前数据库执行队列数:0
当前发送队列缓存的对象数量:0
totalMemory：680001536, use ：426490616, free ：253510920DirectMemory：1827143680, 恢复 ：1
当前时间 ：2026-08-21 12:10:49send keng：2418, sheng ：4194304
decode keng：26, sheng ：2097152
world keng：12, sheng ：1048576

2026-08-21 12:10:54.682 INFO [pool-6-thread-6][:] - /****************流量统计******************/
LastReadBytes:0
LastReadThroughput:0
LastWrittenBytes:0
LastWriteThroughput:0
RealWrittenBytes:0
RealWriteThroughput:0
当前玩家的连接数量:0
当前地图的线程个数：9
当前地图的个数:48
当前数据库执行队列数:0
当前发送队列缓存的对象数量:0
totalMemory：680001536, use ：430137440, free ：249864096DirectMemory：1827143680, 恢复 ：1
当前时间 ：2026-08-21 12:10:54send keng：2418, sheng ：4194304
decode keng：26, sheng ：2097152
world keng：12, sheng ：1048576

2026-08-21 12:10:59.682 INFO [pool-6-thread-7][:] - /****************流量统计******************/
LastReadBytes:0
LastReadThroughput:0
LastWrittenBytes:0
LastWriteThroughput:0
RealWrittenBytes:0
RealWriteThroughput:0
当前玩家的连接数量:0
当前地图的线程个数：9
当前地图的个数:48
当前数据库执行队列数:0
当前发送队列缓存的对象数量:0
totalMemory：680001536, use ：433749720, free ：246251816DirectMemory：1827143680, 恢复 ：1
当前时间 ：2026-08-21 12:10:59send keng：2418, sheng ：4194304
decode keng：26, sheng ：2097152
world keng：12, sheng ：1048576

2026-08-21 12:11:04.682 INFO [pool-6-thread-7][:] - /****************流量统计******************/
LastReadBytes:0
LastReadThroughput:0
LastWrittenBytes:0
LastWriteThroughput:0
RealWrittenBytes:0
RealWriteThroughput:0
当前玩家的连接数量:0
当前地图的线程个数：9
当前地图的个数:48
当前数据库执行队列数:0
当前发送队列缓存的对象数量:0
totalMemory：680001536, use ：437157616, free ：242843920DirectMemory：1827143680, 恢复 ：1
当前时间 ：2026-08-21 12:11:04send keng：2418, sheng ：4194304
decode keng：26, sheng ：2097152
world keng：12, sheng ：1048576

2026-08-21 12:11:09.682 INFO [pool-6-thread-4][:] - /****************流量统计******************/
LastReadBytes:0
LastReadThroughput:0
LastWrittenBytes:0
LastWriteThroughput:0
RealWrittenBytes:0
RealWriteThroughput:0
当前玩家的连接数量:0
当前地图的线程个数：9
当前地图的个数:48
当前数据库执行队列数:0
当前发送队列缓存的对象数量:0
totalMemory：680001536, use ：440757560, free ：239243976DirectMemory：1827143680, 恢复 ：1
当前时间 ：2026-08-21 12:11:09send keng：2418, sheng ：4194304
decode keng：26, sheng ：2097152
world keng：12, sheng ：1048576

2026-08-21 12:11:14.682 INFO [pool-6-thread-10][:] - /****************流量统计******************/
LastReadBytes:0
LastReadThroughput:0
LastWrittenBytes:0
LastWriteThroughput:0
RealWrittenBytes:0
RealWriteThroughput:0
当前玩家的连接数量:0
当前地图的线程个数：9
当前地图的个数:48
当前数据库执行队列数:0
当前发送队列缓存的对象数量:0
totalMemory：680001536, use ：444135992, free ：235865544DirectMemory：1827143680, 恢复 ：1
当前时间 ：2026-08-21 12:11:14send keng：2418, sheng ：4194304
decode keng：26, sheng ：2097152
world keng：12, sheng ：1048576

2026-08-21 12:11:19.682 INFO [pool-6-thread-6][:] - /****************流量统计******************/
LastReadBytes:0
LastReadThroughput:0
LastWrittenBytes:0
LastWriteThroughput:0
RealWrittenBytes:0
RealWriteThroughput:0
当前玩家的连接数量:0
当前地图的线程个数：9
当前地图的个数:48
当前数据库执行队列数:0
当前发送队列缓存的对象数量:0
totalMemory：680001536, use ：447865984, free ：232135552DirectMemory：1827143680, 恢复 ：1
当前时间 ：2026-08-21 12:11:19send keng：2418, sheng ：4194304
decode keng：26, sheng ：2097152
world keng：12, sheng ：1048576

2026-08-21 12:11:24.685 INFO [pool-6-thread-7][:] - /****************流量统计******************/
LastReadBytes:0
LastReadThroughput:0
LastWrittenBytes:0
LastWriteThroughput:0
RealWrittenBytes:0
RealWriteThroughput:0
当前玩家的连接数量:0
当前地图的线程个数：9
当前地图的个数:48
当前数据库执行队列数:0
当前发送队列缓存的对象数量:0
totalMemory：680001536, use ：451162280, free ：228839256DirectMemory：1827143680, 恢复 ：1
当前时间 ：2026-08-21 12:11:24send keng：2418, sheng ：4194304
decode keng：26, sheng ：2097152
world keng：12, sheng ：1048576

2026-08-21 12:11:29.682 INFO [pool-6-thread-6][:] - /****************流量统计******************/
LastReadBytes:0
LastReadThroughput:0
LastWrittenBytes:0
LastWriteThroughput:0
RealWrittenBytes:0
RealWriteThroughput:0
当前玩家的连接数量:0
当前地图的线程个数：9
当前地图的个数:48
当前数据库执行队列数:0
当前发送队列缓存的对象数量:0
totalMemory：680001536, use ：454653784, free ：225347752DirectMemory：1827143680, 恢复 ：1
当前时间 ：2026-08-21 12:11:29send keng：2418, sheng ：4194304
decode keng：26, sheng ：2097152
world keng：12, sheng ：1048576

2026-08-21 12:11:34.686 INFO [pool-6-thread-10][:] - /****************流量统计******************/
LastReadBytes:0
LastReadThroughput:0
LastWrittenBytes:0
LastWriteThroughput:0
RealWrittenBytes:0
RealWriteThroughput:0
当前玩家的连接数量:0
当前地图的线程个数：9
当前地图的个数:48
当前数据库执行队列数:0
当前发送队列缓存的对象数量:0
totalMemory：680001536, use ：458267056, free ：221734480DirectMemory：1827143680, 恢复 ：1
当前时间 ：2026-08-21 12:11:34send keng：2418, sheng ：4194304
decode keng：26, sheng ：2097152
world keng：12, sheng ：1048576

2026-08-21 12:11:39.682 INFO [pool-6-thread-9][:] - /****************流量统计******************/
LastReadBytes:0
LastReadThroughput:0
LastWrittenBytes:0
LastWriteThroughput:0
RealWrittenBytes:0
RealWriteThroughput:0
当前玩家的连接数量:0
当前地图的线程个数：9
当前地图的个数:48
当前数据库执行队列数:0
当前发送队列缓存的对象数量:0
totalMemory：680001536, use ：461629456, free ：218372080DirectMemory：1827143680, 恢复 ：1
当前时间 ：2026-08-21 12:11:39send keng：2418, sheng ：4194304
decode keng：26, sheng ：2097152
world keng：12, sheng ：1048576

2026-08-21 12:11:44.682 INFO [pool-6-thread-8][:] - /****************流量统计******************/
LastReadBytes:0
LastReadThroughput:0
LastWrittenBytes:0
LastWriteThroughput:0
RealWrittenBytes:0
RealWriteThroughput:0
当前玩家的连接数量:0
当前地图的线程个数：9
当前地图的个数:48
当前数据库执行队列数:0
当前发送队列缓存的对象数量:0
totalMemory：680001536, use ：465210160, free ：214791376DirectMemory：1827143680, 恢复 ：1
当前时间 ：2026-08-21 12:11:44send keng：2418, sheng ：4194304
decode keng：26, sheng ：2097152
world keng：12, sheng ：1048576

2026-08-21 12:11:49.682 INFO [pool-6-thread-1][:] - /****************流量统计******************/
LastReadBytes:0
LastReadThroughput:0
LastWrittenBytes:0
LastWriteThroughput:0
RealWrittenBytes:0
RealWriteThroughput:0
当前玩家的连接数量:0
当前地图的线程个数：9
当前地图的个数:48
当前数据库执行队列数:0
当前发送队列缓存的对象数量:0
totalMemory：680001536, use ：468632336, free ：211369200DirectMemory：1827143680, 恢复 ：1
当前时间 ：2026-08-21 12:11:49send keng：2418, sheng ：4194304
decode keng：26, sheng ：2097152
world keng：12, sheng ：1048576

2026-08-21 12:11:54.682 INFO [pool-6-thread-1][:] - /****************流量统计******************/
LastReadBytes:0
LastReadThroughput:0
LastWrittenBytes:0
LastWriteThroughput:0
RealWrittenBytes:0
RealWriteThroughput:0
当前玩家的连接数量:0
当前地图的线程个数：9
当前地图的个数:48
当前数据库执行队列数:0
当前发送队列缓存的对象数量:0
totalMemory：680001536, use ：425452256, free ：254549280DirectMemory：1827143680, 恢复 ：1
当前时间 ：2026-08-21 12:11:54send keng：2418, sheng ：4194304
decode keng：26, sheng ：2097152
world keng：12, sheng ：1048576

2026-08-21 12:11:59.682 INFO [pool-6-thread-2][:] - /****************流量统计******************/
LastReadBytes:0
LastReadThroughput:0
LastWrittenBytes:0
LastWriteThroughput:0
RealWrittenBytes:0
RealWriteThroughput:0
当前玩家的连接数量:0
当前地图的线程个数：9
当前地图的个数:48
当前数据库执行队列数:0
当前发送队列缓存的对象数量:0
totalMemory：680001536, use ：429002168, free ：250999368DirectMemory：1827143680, 恢复 ：1
当前时间 ：2026-08-21 12:11:59send keng：2418, sheng ：4194304
decode keng：26, sheng ：2097152
world keng：12, sheng ：1048576

2026-08-21 12:12:04.682 INFO [pool-6-thread-7][:] - /****************流量统计******************/
LastReadBytes:0
LastReadThroughput:0
LastWrittenBytes:0
LastWriteThroughput:0
RealWrittenBytes:0
RealWriteThroughput:0
当前玩家的连接数量:0
当前地图的线程个数：9
当前地图的个数:48
当前数据库执行队列数:0
当前发送队列缓存的对象数量:0
totalMemory：680001536, use ：432667384, free ：247334152DirectMemory：1827143680, 恢复 ：1
当前时间 ：2026-08-21 12:12:04send keng：2418, sheng ：4194304
decode keng：26, sheng ：2097152
world keng：12, sheng ：1048576

2026-08-21 12:12:09.682 INFO [pool-6-thread-3][:] - /****************流量统计******************/
LastReadBytes:0
LastReadThroughput:0
LastWrittenBytes:0
LastWriteThroughput:0
RealWrittenBytes:0
RealWriteThroughput:0
当前玩家的连接数量:0
当前地图的线程个数：9
当前地图的个数:48
当前数据库执行队列数:0
当前发送队列缓存的对象数量:0
totalMemory：680001536, use ：436043200, free ：243958336DirectMemory：1827143680, 恢复 ：1
当前时间 ：2026-08-21 12:12:09send keng：2418, sheng ：4194304
decode keng：26, sheng ：2097152
world keng：12, sheng ：1048576

2026-08-21 12:12:14.682 INFO [pool-6-thread-6][:] - /****************流量统计******************/
LastReadBytes:0
LastReadThroughput:0
LastWrittenBytes:0
LastWriteThroughput:0
RealWrittenBytes:0
RealWriteThroughput:0
当前玩家的连接数量:0
当前地图的线程个数：9
当前地图的个数:48
当前数据库执行队列数:0
当前发送队列缓存的对象数量:0
totalMemory：680001536, use ：439603144, free ：240398392DirectMemory：1827143680, 恢复 ：1
当前时间 ：2026-08-21 12:12:14send keng：2418, sheng ：4194304
decode keng：26, sheng ：2097152
world keng：12, sheng ：1048576

2026-08-21 12:12:19.682 INFO [pool-6-thread-8][:] - /****************流量统计******************/
LastReadBytes:0
LastReadThroughput:0
LastWrittenBytes:0
LastWriteThroughput:0
RealWrittenBytes:0
RealWriteThroughput:0
当前玩家的连接数量:0
当前地图的线程个数：9
当前地图的个数:48
当前数据库执行队列数:0
当前发送队列缓存的对象数量:0
totalMemory：680001536, use ：443232392, free ：236769144DirectMemory：1827143680, 恢复 ：1
当前时间 ：2026-08-21 12:12:19send keng：2418, sheng ：4194304
decode keng：26, sheng ：2097152
world keng：12, sheng ：1048576

2026-08-21 12:12:24.682 INFO [pool-6-thread-2][:] - /****************流量统计******************/
LastReadBytes:0
LastReadThroughput:0
LastWrittenBytes:0
LastWriteThroughput:0
RealWrittenBytes:0
RealWriteThroughput:0
当前玩家的连接数量:0
当前地图的线程个数：9
当前地图的个数:48
当前数据库执行队列数:0
当前发送队列缓存的对象数量:0
totalMemory：680001536, use ：446721320, free ：233280216DirectMemory：1827143680, 恢复 ：1
当前时间 ：2026-08-21 12:12:24send keng：2418, sheng ：4194304
decode keng：26, sheng ：2097152
world keng：12, sheng ：1048576

2026-08-21 12:12:29.682 INFO [pool-6-thread-1][:] - /****************流量统计******************/
LastReadBytes:0
LastReadThroughput:0
LastWrittenBytes:0
LastWriteThroughput:0
RealWrittenBytes:0
RealWriteThroughput:0
当前玩家的连接数量:0
当前地图的线程个数：9
当前地图的个数:48
当前数据库执行队列数:0
当前发送队列缓存的对象数量:0
totalMemory：680001536, use ：449960896, free ：230040640DirectMemory：1827143680, 恢复 ：1
当前时间 ：2026-08-21 12:12:29send keng：2418, sheng ：4194304
decode keng：26, sheng ：2097152
world keng：12, sheng ：1048576

2026-08-21 12:12:34.682 INFO [pool-6-thread-9][:] - /****************流量统计******************/
LastReadBytes:0
LastReadThroughput:0
LastWrittenBytes:0
LastWriteThroughput:0
RealWrittenBytes:0
RealWriteThroughput:0
当前玩家的连接数量:0
当前地图的线程个数：9
当前地图的个数:48
当前数据库执行队列数:0
当前发送队列缓存的对象数量:0
totalMemory：680001536, use ：453282152, free ：226719384DirectMemory：1827143680, 恢复 ：1
当前时间 ：2026-08-21 12:12:34send keng：2418, sheng ：4194304
decode keng：26, sheng ：2097152
world keng：12, sheng ：1048576

2026-08-21 12:12:39.682 INFO [pool-6-thread-7][:] - /****************流量统计******************/
LastReadBytes:0
LastReadThroughput:0
LastWrittenBytes:0
LastWriteThroughput:0
RealWrittenBytes:0
RealWriteThroughput:0
当前玩家的连接数量:0
当前地图的线程个数：9
当前地图的个数:48
当前数据库执行队列数:0
当前发送队列缓存的对象数量:0
totalMemory：680001536, use ：456886448, free ：223115088DirectMemory：1827143680, 恢复 ：1
当前时间 ：2026-08-21 12:12:39send keng：2418, sheng ：4194304
decode keng：26, sheng ：2097152
world keng：12, sheng ：1048576

2026-08-21 12:12:44.682 INFO [pool-6-thread-2][:] - /****************流量统计******************/
LastReadBytes:0
LastReadThroughput:0
LastWrittenBytes:0
LastWriteThroughput:0
RealWrittenBytes:0
RealWriteThroughput:0
当前玩家的连接数量:0
当前地图的线程个数：9
当前地图的个数:48
当前数据库执行队列数:0
当前发送队列缓存的对象数量:0
totalMemory：680001536, use ：460360192, free ：219641344DirectMemory：1827143680, 恢复 ：1
当前时间 ：2026-08-21 12:12:44send keng：2418, sheng ：4194304
decode keng：26, sheng ：2097152
world keng：12, sheng ：1048576

2026-08-21 12:12:49.682 INFO [pool-6-thread-8][:] - /****************流量统计******************/
LastReadBytes:0
LastReadThroughput:0
LastWrittenBytes:0
LastWriteThroughput:0
RealWrittenBytes:0
RealWriteThroughput:0
当前玩家的连接数量:0
当前地图的线程个数：9
当前地图的个数:48
当前数据库执行队列数:0
当前发送队列缓存的对象数量:0
totalMemory：680001536, use ：463817568, free ：216183968DirectMemory：1827143680, 恢复 ：1
当前时间 ：2026-08-21 12:12:49send keng：2418, sheng ：4194304
decode keng：26, sheng ：2097152
world keng：12, sheng ：1048576

2026-08-21 12:12:54.682 INFO [pool-6-thread-2][:] - /****************流量统计******************/
LastReadBytes:0
LastReadThroughput:0
LastWrittenBytes:0
LastWriteThroughput:0
RealWrittenBytes:0
RealWriteThroughput:0
当前玩家的连接数量:0
当前地图的线程个数：9
当前地图的个数:48
当前数据库执行队列数:0
当前发送队列缓存的对象数量:0
totalMemory：680001536, use ：467326128, free ：212675408DirectMemory：1827143680, 恢复 ：1
当前时间 ：2026-08-21 12:12:54send keng：2418, sheng ：4194304
decode keng：26, sheng ：2097152
world keng：12, sheng ：1048576

2026-08-21 12:12:59.683 INFO [pool-6-thread-4][:] - /****************流量统计******************/
LastReadBytes:0
LastReadThroughput:0
LastWrittenBytes:0
LastWriteThroughput:0
RealWrittenBytes:0
RealWriteThroughput:0
当前玩家的连接数量:0
当前地图的线程个数：9
当前地图的个数:48
当前数据库执行队列数:0
当前发送队列缓存的对象数量:0
totalMemory：680001536, use ：424005072, free ：255996464DirectMemory：1827143680, 恢复 ：1
当前时间 ：2026-08-21 12:12:59send keng：2418, sheng ：4194304
decode keng：26, sheng ：2097152
world keng：12, sheng ：1048576

2026-08-21 12:13:04.682 INFO [pool-6-thread-5][:] - /****************流量统计******************/
LastReadBytes:0
LastReadThroughput:0
LastWrittenBytes:0
LastWriteThroughput:0
RealWrittenBytes:0
RealWriteThroughput:0
当前玩家的连接数量:0
当前地图的线程个数：9
当前地图的个数:48
当前数据库执行队列数:0
当前发送队列缓存的对象数量:0
totalMemory：680001536, use ：427540224, free ：252461312DirectMemory：1827143680, 恢复 ：1
当前时间 ：2026-08-21 12:13:04send keng：2418, sheng ：4194304
decode keng：26, sheng ：2097152
world keng：12, sheng ：1048576

2026-08-21 12:13:09.682 INFO [pool-6-thread-10][:] - /****************流量统计******************/
LastReadBytes:0
LastReadThroughput:0
LastWrittenBytes:0
LastWriteThroughput:0
RealWrittenBytes:0
RealWriteThroughput:0
当前玩家的连接数量:0
当前地图的线程个数：9
当前地图的个数:48
当前数据库执行队列数:0
当前发送队列缓存的对象数量:0
totalMemory：680001536, use ：431072704, free ：248928832DirectMemory：1827143680, 恢复 ：1
当前时间 ：2026-08-21 12:13:09send keng：2418, sheng ：4194304
decode keng：26, sheng ：2097152
world keng：12, sheng ：1048576

2026-08-21 12:13:14.682 INFO [pool-6-thread-6][:] - /****************流量统计******************/
LastReadBytes:0
LastReadThroughput:0
LastWrittenBytes:0
LastWriteThroughput:0
RealWrittenBytes:0
RealWriteThroughput:0
当前玩家的连接数量:0
当前地图的线程个数：9
当前地图的个数:48
当前数据库执行队列数:0
当前发送队列缓存的对象数量:0
totalMemory：680001536, use ：434637696, free ：245363840DirectMemory：1827143680, 恢复 ：1
当前时间 ：2026-08-21 12:13:14send keng：2418, sheng ：4194304
decode keng：26, sheng ：2097152
world keng：12, sheng ：1048576

2026-08-21 12:13:19.682 INFO [pool-6-thread-3][:] - /****************流量统计******************/
LastReadBytes:0
LastReadThroughput:0
LastWrittenBytes:0
LastWriteThroughput:0
RealWrittenBytes:0
RealWriteThroughput:0
当前玩家的连接数量:0
当前地图的线程个数：9
当前地图的个数:48
当前数据库执行队列数:0
当前发送队列缓存的对象数量:0
totalMemory：680001536, use ：438263208, free ：241738328DirectMemory：1827143680, 恢复 ：1
当前时间 ：2026-08-21 12:13:19send keng：2418, sheng ：4194304
decode keng：26, sheng ：2097152
world keng：12, sheng ：1048576

2026-08-21 12:13:24.682 INFO [pool-6-thread-3][:] - /****************流量统计******************/
LastReadBytes:0
LastReadThroughput:0
LastWrittenBytes:0
LastWriteThroughput:0
RealWrittenBytes:0
RealWriteThroughput:0
当前玩家的连接数量:0
当前地图的线程个数：9
当前地图的个数:48
当前数据库执行队列数:0
当前发送队列缓存的对象数量:0
totalMemory：680001536, use ：441438408, free ：238563128DirectMemory：1827143680, 恢复 ：1
当前时间 ：2026-08-21 12:13:24send keng：2418, sheng ：4194304
decode keng：26, sheng ：2097152
world keng：12, sheng ：1048576

2026-08-21 12:13:29.682 INFO [pool-6-thread-7][:] - /****************流量统计******************/
LastReadBytes:0
LastReadThroughput:0
LastWrittenBytes:0
LastWriteThroughput:0
RealWrittenBytes:0
RealWriteThroughput:0
当前玩家的连接数量:0
当前地图的线程个数：9
当前地图的个数:48
当前数据库执行队列数:0
当前发送队列缓存的对象数量:0
totalMemory：680001536, use ：445125544, free ：234875992DirectMemory：1827143680, 恢复 ：1
当前时间 ：2026-08-21 12:13:29send keng：2418, sheng ：4194304
decode keng：26, sheng ：2097152
world keng：12, sheng ：1048576

2026-08-21 12:13:34.682 INFO [pool-6-thread-7][:] - /****************流量统计******************/
LastReadBytes:0
LastReadThroughput:0
LastWrittenBytes:0
LastWriteThroughput:0
RealWrittenBytes:0
RealWriteThroughput:0
当前玩家的连接数量:0
当前地图的线程个数：9
当前地图的个数:48
当前数据库执行队列数:0
当前发送队列缓存的对象数量:0
totalMemory：680001536, use ：448410992, free ：231590544DirectMemory：1827143680, 恢复 ：1
当前时间 ：2026-08-21 12:13:34send keng：2418, sheng ：4194304
decode keng：26, sheng ：2097152
world keng：12, sheng ：1048576

2026-08-21 12:13:39.682 INFO [pool-6-thread-5][:] - /****************流量统计******************/
LastReadBytes:0
LastReadThroughput:0
LastWrittenBytes:0
LastWriteThroughput:0
RealWrittenBytes:0
RealWriteThroughput:0
当前玩家的连接数量:0
当前地图的线程个数：9
当前地图的个数:48
当前数据库执行队列数:0
当前发送队列缓存的对象数量:0
totalMemory：680001536, use ：452073680, free ：227927856DirectMemory：1827143680, 恢复 ：1
当前时间 ：2026-08-21 12:13:39send keng：2418, sheng ：4194304
decode keng：26, sheng ：2097152
world keng：12, sheng ：1048576

2026-08-21 12:13:44.682 INFO [pool-6-thread-5][:] - /****************流量统计******************/
LastReadBytes:0
LastReadThroughput:0
LastWrittenBytes:0
LastWriteThroughput:0
RealWrittenBytes:0
RealWriteThroughput:0
当前玩家的连接数量:0
当前地图的线程个数：9
当前地图的个数:48
当前数据库执行队列数:0
当前发送队列缓存的对象数量:0
totalMemory：680001536, use ：455277072, free ：224724464DirectMemory：1827143680, 恢复 ：1
当前时间 ：2026-08-21 12:13:44send keng：2418, sheng ：4194304
decode keng：26, sheng ：2097152
world keng：12, sheng ：1048576

2026-08-21 12:13:49.682 INFO [pool-6-thread-2][:] - /****************流量统计******************/
LastReadBytes:0
LastReadThroughput:0
LastWrittenBytes:0
LastWriteThroughput:0
RealWrittenBytes:0
RealWriteThroughput:0
当前玩家的连接数量:0
当前地图的线程个数：9
当前地图的个数:48
当前数据库执行队列数:0
当前发送队列缓存的对象数量:0
totalMemory：680001536, use ：458848848, free ：221152688DirectMemory：1827143680, 恢复 ：1
当前时间 ：2026-08-21 12:13:49send keng：2418, sheng ：4194304
decode keng：26, sheng ：2097152
world keng：12, sheng ：1048576

2026-08-21 12:13:54.682 INFO [pool-6-thread-2][:] - /****************流量统计******************/
LastReadBytes:0
LastReadThroughput:0
LastWrittenBytes:0
LastWriteThroughput:0
RealWrittenBytes:0
RealWriteThroughput:0
当前玩家的连接数量:0
当前地图的线程个数：9
当前地图的个数:48
当前数据库执行队列数:0
当前发送队列缓存的对象数量:0
totalMemory：680001536, use ：462336848, free ：217664688DirectMemory：1827143680, 恢复 ：1
当前时间 ：2026-08-21 12:13:54send keng：2418, sheng ：4194304
decode keng：26, sheng ：2097152
world keng：12, sheng ：1048576

2026-08-21 12:13:59.682 INFO [pool-6-thread-10][:] - /****************流量统计******************/
LastReadBytes:0
LastReadThroughput:0
LastWrittenBytes:0
LastWriteThroughput:0
RealWrittenBytes:0
RealWriteThroughput:0
当前玩家的连接数量:0
当前地图的线程个数：9
当前地图的个数:48
当前数据库执行队列数:0
当前发送队列缓存的对象数量:0
totalMemory：680001536, use ：465877336, free ：214124200DirectMemory：1827143680, 恢复 ：1
当前时间 ：2026-08-21 12:13:59send keng：2418, sheng ：4194304
decode keng：26, sheng ：2097152
world keng：12, sheng ：1048576

2026-08-21 12:14:04.682 INFO [pool-6-thread-10][:] - /****************流量统计******************/
LastReadBytes:0
LastReadThroughput:0
LastWrittenBytes:0
LastWriteThroughput:0
RealWrittenBytes:0
RealWriteThroughput:0
当前玩家的连接数量:0
当前地图的线程个数：9
当前地图的个数:48
当前数据库执行队列数:0
当前发送队列缓存的对象数量:0
totalMemory：680001536, use ：422752376, free ：257249160DirectMemory：1827143680, 恢复 ：1
当前时间 ：2026-08-21 12:14:04send keng：2418, sheng ：4194304
decode keng：26, sheng ：2097152
world keng：12, sheng ：1048576

2026-08-21 12:14:09.682 INFO [pool-6-thread-9][:] - /****************流量统计******************/
LastReadBytes:0
LastReadThroughput:0
LastWrittenBytes:0
LastWriteThroughput:0
RealWrittenBytes:0
RealWriteThroughput:0
当前玩家的连接数量:0
当前地图的线程个数：9
当前地图的个数:48
当前数据库执行队列数:0
当前发送队列缓存的对象数量:0
totalMemory：680001536, use ：426118368, free ：253883168DirectMemory：1827143680, 恢复 ：1
当前时间 ：2026-08-21 12:14:09send keng：2418, sheng ：4194304
decode keng：26, sheng ：2097152
world keng：12, sheng ：1048576

2026-08-21 12:14:14.682 INFO [pool-6-thread-10][:] - /****************流量统计******************/
LastReadBytes:0
LastReadThroughput:0
LastWrittenBytes:0
LastWriteThroughput:0
RealWrittenBytes:0
RealWriteThroughput:0
当前玩家的连接数量:0
当前地图的线程个数：9
当前地图的个数:48
当前数据库执行队列数:0
当前发送队列缓存的对象数量:0
totalMemory：680001536, use ：429856296, free ：250145240DirectMemory：1827143680, 恢复 ：1
当前时间 ：2026-08-21 12:14:14send keng：2418, sheng ：4194304
decode keng：26, sheng ：2097152
world keng：12, sheng ：1048576

2026-08-21 12:14:19.682 INFO [pool-6-thread-3][:] - /****************流量统计******************/
LastReadBytes:0
LastReadThroughput:0
LastWrittenBytes:0
LastWriteThroughput:0
RealWrittenBytes:0
RealWriteThroughput:0
当前玩家的连接数量:0
当前地图的线程个数：9
当前地图的个数:48
当前数据库执行队列数:0
当前发送队列缓存的对象数量:0
totalMemory：680001536, use ：433222848, free ：246778688DirectMemory：1827143680, 恢复 ：1
当前时间 ：2026-08-21 12:14:19send keng：2418, sheng ：4194304
decode keng：26, sheng ：2097152
world keng：12, sheng ：1048576

2026-08-21 12:14:24.682 INFO [pool-6-thread-2][:] - /****************流量统计******************/
LastReadBytes:0
LastReadThroughput:0
LastWrittenBytes:0
LastWriteThroughput:0
RealWrittenBytes:0
RealWriteThroughput:0
当前玩家的连接数量:0
当前地图的线程个数：9
当前地图的个数:48
当前数据库执行队列数:0
当前发送队列缓存的对象数量:0
totalMemory：680001536, use ：436753944, free ：243247592DirectMemory：1827143680, 恢复 ：1
当前时间 ：2026-08-21 12:14:24send keng：2418, sheng ：4194304
decode keng：26, sheng ：2097152
world keng：12, sheng ：1048576

2026-08-21 12:14:29.682 INFO [pool-6-thread-8][:] - /****************流量统计******************/
LastReadBytes:0
LastReadThroughput:0
LastWrittenBytes:0
LastWriteThroughput:0
RealWrittenBytes:0
RealWriteThroughput:0
当前玩家的连接数量:0
当前地图的线程个数：9
当前地图的个数:48
当前数据库执行队列数:0
当前发送队列缓存的对象数量:0
totalMemory：680001536, use ：440308648, free ：239692888DirectMemory：1827143680, 恢复 ：1
当前时间 ：2026-08-21 12:14:29send keng：2418, sheng ：4194304
decode keng：26, sheng ：2097152
world keng：12, sheng ：1048576

2026-08-21 12:14:34.682 INFO [pool-6-thread-9][:] - /****************流量统计******************/
LastReadBytes:0
LastReadThroughput:0
LastWrittenBytes:0
LastWriteThroughput:0
RealWrittenBytes:0
RealWriteThroughput:0
当前玩家的连接数量:0
当前地图的线程个数：9
当前地图的个数:48
当前数据库执行队列数:0
当前发送队列缓存的对象数量:0
totalMemory：680001536, use ：443649768, free ：236351768DirectMemory：1827143680, 恢复 ：1
当前时间 ：2026-08-21 12:14:34send keng：2418, sheng ：4194304
decode keng：26, sheng ：2097152
world keng：12, sheng ：1048576

2026-08-21 12:14:39.682 INFO [pool-6-thread-7][:] - /****************流量统计******************/
LastReadBytes:0
LastReadThroughput:0
LastWrittenBytes:0
LastWriteThroughput:0
RealWrittenBytes:0
RealWriteThroughput:0
当前玩家的连接数量:0
当前地图的线程个数：9
当前地图的个数:48
当前数据库执行队列数:0
当前发送队列缓存的对象数量:0
totalMemory：680001536, use ：447202984, free ：232798552DirectMemory：1827143680, 恢复 ：1
当前时间 ：2026-08-21 12:14:39send keng：2418, sheng ：4194304
decode keng：26, sheng ：2097152
world keng：12, sheng ：1048576

2026-08-21 12:14:44.682 INFO [pool-6-thread-2][:] - /****************流量统计******************/
LastReadBytes:0
LastReadThroughput:0
LastWrittenBytes:0
LastWriteThroughput:0
RealWrittenBytes:0
RealWriteThroughput:0
当前玩家的连接数量:0
当前地图的线程个数：9
当前地图的个数:48
当前数据库执行队列数:0
当前发送队列缓存的对象数量:0
totalMemory：680001536, use ：450621120, free ：229380416DirectMemory：1827143680, 恢复 ：1
当前时间 ：2026-08-21 12:14:44send keng：2418, sheng ：4194304
decode keng：26, sheng ：2097152
world keng：12, sheng ：1048576

2026-08-21 12:14:49.682 INFO [pool-6-thread-1][:] - /****************流量统计******************/
LastReadBytes:0
LastReadThroughput:0
LastWrittenBytes:0
LastWriteThroughput:0
RealWrittenBytes:0
RealWriteThroughput:0
当前玩家的连接数量:0
当前地图的线程个数：9
当前地图的个数:48
当前数据库执行队列数:0
当前发送队列缓存的对象数量:0
totalMemory：680001536, use ：454243336, free ：225758200DirectMemory：1827143680, 恢复 ：1
当前时间 ：2026-08-21 12:14:49send keng：2418, sheng ：4194304
decode keng：26, sheng ：2097152
world keng：12, sheng ：1048576

2026-08-21 12:14:54.682 INFO [pool-6-thread-4][:] - /****************流量统计******************/
LastReadBytes:0
LastReadThroughput:0
LastWrittenBytes:0
LastWriteThroughput:0
RealWrittenBytes:0
RealWriteThroughput:0
当前玩家的连接数量:0
当前地图的线程个数：9
当前地图的个数:48
当前数据库执行队列数:0
当前发送队列缓存的对象数量:0
totalMemory：680001536, use ：457495912, free ：222505624DirectMemory：1827143680, 恢复 ：1
当前时间 ：2026-08-21 12:14:54send keng：2418, sheng ：4194304
decode keng：26, sheng ：2097152
world keng：12, sheng ：1048576

2026-08-21 12:14:59.682 INFO [pool-6-thread-9][:] - /****************流量统计******************/
LastReadBytes:0
LastReadThroughput:0
LastWrittenBytes:0
LastWriteThroughput:0
RealWrittenBytes:0
RealWriteThroughput:0
当前玩家的连接数量:0
当前地图的线程个数：9
当前地图的个数:48
当前数据库执行队列数:0
当前发送队列缓存的对象数量:0
totalMemory：680001536, use ：461169784, free ：218831752DirectMemory：1827143680, 恢复 ：1
当前时间 ：2026-08-21 12:14:59send keng：2418, sheng ：4194304
decode keng：26, sheng ：2097152
world keng：12, sheng ：1048576

2026-08-21 12:15:04.682 INFO [pool-6-thread-10][:] - /****************流量统计******************/
LastReadBytes:0
LastReadThroughput:0
LastWrittenBytes:0
LastWriteThroughput:0
RealWrittenBytes:0
RealWriteThroughput:0
当前玩家的连接数量:0
当前地图的线程个数：9
当前地图的个数:48
当前数据库执行队列数:0
当前发送队列缓存的对象数量:0
totalMemory：680001536, use ：464465896, free ：215535640DirectMemory：1827143680, 恢复 ：1
当前时间 ：2026-08-21 12:15:04send keng：2418, sheng ：4194304
decode keng：26, sheng ：2097152
world keng：12, sheng ：1048576

2026-08-21 12:15:09.682 INFO [pool-6-thread-2][:] - /****************流量统计******************/
LastReadBytes:0
LastReadThroughput:0
LastWrittenBytes:0
LastWriteThroughput:0
RealWrittenBytes:0
RealWriteThroughput:0
当前玩家的连接数量:0
当前地图的线程个数：9
当前地图的个数:48
当前数据库执行队列数:0
当前发送队列缓存的对象数量:0
totalMemory：680001536, use ：468028320, free ：211973216DirectMemory：1827143680, 恢复 ：1
当前时间 ：2026-08-21 12:15:09send keng：2418, sheng ：4194304
decode keng：26, sheng ：2097152
world keng：12, sheng ：1048576

2026-08-21 12:15:14.682 INFO [pool-6-thread-9][:] - /****************流量统计******************/
LastReadBytes:0
LastReadThroughput:0
LastWrittenBytes:0
LastWriteThroughput:0
RealWrittenBytes:0
RealWriteThroughput:0
当前玩家的连接数量:0
当前地图的线程个数：9
当前地图的个数:48
当前数据库执行队列数:0
当前发送队列缓存的对象数量:0
totalMemory：680001536, use ：424764960, free ：255236576DirectMemory：1827143680, 恢复 ：1
当前时间 ：2026-08-21 12:15:14send keng：2418, sheng ：4194304
decode keng：26, sheng ：2097152
world keng：12, sheng ：1048576

2026-08-21 12:15:19.682 INFO [pool-6-thread-7][:] - /****************流量统计******************/
LastReadBytes:0
LastReadThroughput:0
LastWrittenBytes:0
LastWriteThroughput:0
RealWrittenBytes:0
RealWriteThroughput:0
当前玩家的连接数量:0
当前地图的线程个数：9
当前地图的个数:48
当前数据库执行队列数:0
当前发送队列缓存的对象数量:0
totalMemory：680001536, use ：428187712, free ：251813824DirectMemory：1827143680, 恢复 ：1
当前时间 ：2026-08-21 12:15:19send keng：2418, sheng ：4194304
decode keng：26, sheng ：2097152
world keng：12, sheng ：1048576

2026-08-21 12:15:24.682 INFO [pool-6-thread-1][:] - /****************流量统计******************/
LastReadBytes:0
LastReadThroughput:0
LastWrittenBytes:0
LastWriteThroughput:0
RealWrittenBytes:0
RealWriteThroughput:0
当前玩家的连接数量:0
当前地图的线程个数：9
当前地图的个数:48
当前数据库执行队列数:0
当前发送队列缓存的对象数量:0
totalMemory：680001536, use ：431790224, free ：248211312DirectMemory：1827143680, 恢复 ：1
当前时间 ：2026-08-21 12:15:24send keng：2418, sheng ：4194304
decode keng：26, sheng ：2097152
world keng：12, sheng ：1048576

2026-08-21 12:15:29.682 INFO [pool-6-thread-6][:] - /****************流量统计******************/
LastReadBytes:0
LastReadThroughput:0
LastWrittenBytes:0
LastWriteThroughput:0
RealWrittenBytes:0
RealWriteThroughput:0
当前玩家的连接数量:0
当前地图的线程个数：9
当前地图的个数:48
当前数据库执行队列数:0
当前发送队列缓存的对象数量:0
totalMemory：680001536, use ：435205568, free ：244795968DirectMemory：1827143680, 恢复 ：1
当前时间 ：2026-08-21 12:15:29send keng：2418, sheng ：4194304
decode keng：26, sheng ：2097152
world keng：12, sheng ：1048576

2026-08-21 12:15:34.682 INFO [pool-6-thread-7][:] - /****************流量统计******************/
LastReadBytes:0
LastReadThroughput:0
LastWrittenBytes:0
LastWriteThroughput:0
RealWrittenBytes:0
RealWriteThroughput:0
当前玩家的连接数量:0
当前地图的线程个数：9
当前地图的个数:48
当前数据库执行队列数:0
当前发送队列缓存的对象数量:0
totalMemory：680001536, use ：438851864, free ：241149672DirectMemory：1827143680, 恢复 ：1
当前时间 ：2026-08-21 12:15:34send keng：2418, sheng ：4194304
decode keng：26, sheng ：2097152
world keng：12, sheng ：1048576

2026-08-21 12:15:39.682 INFO [pool-6-thread-9][:] - /****************流量统计******************/
LastReadBytes:0
LastReadThroughput:0
LastWrittenBytes:0
LastWriteThroughput:0
RealWrittenBytes:0
RealWriteThroughput:0
当前玩家的连接数量:0
当前地图的线程个数：9
当前地图的个数:48
当前数据库执行队列数:0
当前发送队列缓存的对象数量:0
totalMemory：680001536, use ：442056568, free ：237944968DirectMemory：1827143680, 恢复 ：1
当前时间 ：2026-08-21 12:15:39send keng：2418, sheng ：4194304
decode keng：26, sheng ：2097152
world keng：12, sheng ：1048576

2026-08-21 12:15:44.682 INFO [pool-6-thread-9][:] - /****************流量统计******************/
LastReadBytes:0
LastReadThroughput:0
LastWrittenBytes:0
LastWriteThroughput:0
RealWrittenBytes:0
RealWriteThroughput:0
当前玩家的连接数量:0
当前地图的线程个数：9
当前地图的个数:48
当前数据库执行队列数:0
当前发送队列缓存的对象数量:0
totalMemory：680001536, use ：445580896, free ：234420640DirectMemory：1827143680, 恢复 ：1
当前时间 ：2026-08-21 12:15:44send keng：2418, sheng ：4194304
decode keng：26, sheng ：2097152
world keng：12, sheng ：1048576

2026-08-21 12:15:49.682 INFO [pool-6-thread-4][:] - /****************流量统计******************/
LastReadBytes:0
LastReadThroughput:0
LastWrittenBytes:0
LastWriteThroughput:0
RealWrittenBytes:0
RealWriteThroughput:0
当前玩家的连接数量:0
当前地图的线程个数：9
当前地图的个数:48
当前数据库执行队列数:0
当前发送队列缓存的对象数量:0
totalMemory：680001536, use ：449048600, free ：230952936DirectMemory：1827143680, 恢复 ：1
当前时间 ：2026-08-21 12:15:49send keng：2418, sheng ：4194304
decode keng：26, sheng ：2097152
world keng：12, sheng ：1048576

2026-08-21 12:15:54.682 INFO [pool-6-thread-7][:] - /****************流量统计******************/
LastReadBytes:0
LastReadThroughput:0
LastWrittenBytes:0
LastWriteThroughput:0
RealWrittenBytes:0
RealWriteThroughput:0
当前玩家的连接数量:0
当前地图的线程个数：9
当前地图的个数:48
当前数据库执行队列数:0
当前发送队列缓存的对象数量:0
totalMemory：680001536, use ：452469576, free ：227531960DirectMemory：1827143680, 恢复 ：1
当前时间 ：2026-08-21 12:15:54send keng：2418, sheng ：4194304
decode keng：26, sheng ：2097152
world keng：12, sheng ：1048576

2026-08-21 12:15:59.682 INFO [pool-6-thread-10][:] - /****************流量统计******************/
LastReadBytes:0
LastReadThroughput:0
LastWrittenBytes:0
LastWriteThroughput:0
RealWrittenBytes:0
RealWriteThroughput:0
当前玩家的连接数量:0
当前地图的线程个数：9
当前地图的个数:48
当前数据库执行队列数:0
当前发送队列缓存的对象数量:0
totalMemory：680001536, use ：455959616, free ：224041920DirectMemory：1827143680, 恢复 ：1
当前时间 ：2026-08-21 12:15:59send keng：2418, sheng ：4194304
decode keng：26, sheng ：2097152
world keng：12, sheng ：1048576

2026-08-21 12:16:04.682 INFO [pool-6-thread-9][:] - /****************流量统计******************/
LastReadBytes:0
LastReadThroughput:0
LastWrittenBytes:0
LastWriteThroughput:0
RealWrittenBytes:0
RealWriteThroughput:0
当前玩家的连接数量:0
当前地图的线程个数：9
当前地图的个数:48
当前数据库执行队列数:0
当前发送队列缓存的对象数量:0
totalMemory：680001536, use ：459436744, free ：220564792DirectMemory：1827143680, 恢复 ：1
当前时间 ：2026-08-21 12:16:04send keng：2418, sheng ：4194304
decode keng：26, sheng ：2097152
world keng：12, sheng ：1048576

2026-08-21 12:16:09.682 INFO [pool-6-thread-2][:] - /****************流量统计******************/
LastReadBytes:0
LastReadThroughput:0
LastWrittenBytes:0
LastWriteThroughput:0
RealWrittenBytes:0
RealWriteThroughput:0
当前玩家的连接数量:0
当前地图的线程个数：9
当前地图的个数:48
当前数据库执行队列数:0
当前发送队列缓存的对象数量:0
totalMemory：680001536, use ：462975712, free ：217025824DirectMemory：1827143680, 恢复 ：1
当前时间 ：2026-08-21 12:16:09send keng：2418, sheng ：4194304
decode keng：26, sheng ：2097152
world keng：12, sheng ：1048576

2026-08-21 12:16:14.682 INFO [pool-6-thread-5][:] - /****************流量统计******************/
LastReadBytes:0
LastReadThroughput:0
LastWrittenBytes:0
LastWriteThroughput:0
RealWrittenBytes:0
RealWriteThroughput:0
当前玩家的连接数量:0
当前地图的线程个数：9
当前地图的个数:48
当前数据库执行队列数:0
当前发送队列缓存的对象数量:0
totalMemory：680001536, use ：466421464, free ：213580072DirectMemory：1827143680, 恢复 ：1
当前时间 ：2026-08-21 12:16:14send keng：2418, sheng ：4194304
decode keng：26, sheng ：2097152
world keng：12, sheng ：1048576

2026-08-21 12:16:19.682 INFO [pool-6-thread-4][:] - /****************流量统计******************/
LastReadBytes:0
LastReadThroughput:0
LastWrittenBytes:0
LastWriteThroughput:0
RealWrittenBytes:0
RealWriteThroughput:0
当前玩家的连接数量:0
当前地图的线程个数：9
当前地图的个数:48
当前数据库执行队列数:0
当前发送队列缓存的对象数量:0
totalMemory：680001536, use ：423262936, free ：256738600DirectMemory：1827143680, 恢复 ：1
当前时间 ：2026-08-21 12:16:19send keng：2418, sheng ：4194304
decode keng：26, sheng ：2097152
world keng：12, sheng ：1048576

2026-08-21 12:16:24.682 INFO [pool-6-thread-7][:] - /****************流量统计******************/
LastReadBytes:0
LastReadThroughput:0
LastWrittenBytes:0
LastWriteThroughput:0
RealWrittenBytes:0
RealWriteThroughput:0
当前玩家的连接数量:0
当前地图的线程个数：9
当前地图的个数:48
当前数据库执行队列数:0
当前发送队列缓存的对象数量:0
totalMemory：680001536, use ：426714328, free ：253287208DirectMemory：1827143680, 恢复 ：1
当前时间 ：2026-08-21 12:16:24send keng：2418, sheng ：4194304
decode keng：26, sheng ：2097152
world keng：12, sheng ：1048576

2026-08-21 12:16:29.682 INFO [pool-6-thread-3][:] - /****************流量统计******************/
LastReadBytes:0
LastReadThroughput:0
LastWrittenBytes:0
LastWriteThroughput:0
RealWrittenBytes:0
RealWriteThroughput:0
当前玩家的连接数量:0
当前地图的线程个数：9
当前地图的个数:48
当前数据库执行队列数:0
当前发送队列缓存的对象数量:0
totalMemory：680001536, use ：430002776, free ：249998760DirectMemory：1827143680, 恢复 ：1
当前时间 ：2026-08-21 12:16:29send keng：2418, sheng ：4194304
decode keng：26, sheng ：2097152
world keng：12, sheng ：1048576

2026-08-21 12:16:34.682 INFO [pool-6-thread-8][:] - /****************流量统计******************/
LastReadBytes:0
LastReadThroughput:0
LastWrittenBytes:0
LastWriteThroughput:0
RealWrittenBytes:0
RealWriteThroughput:0
当前玩家的连接数量:0
当前地图的线程个数：9
当前地图的个数:48
当前数据库执行队列数:0
当前发送队列缓存的对象数量:0
totalMemory：680001536, use ：433825336, free ：246176200DirectMemory：1827143680, 恢复 ：1
当前时间 ：2026-08-21 12:16:34send keng：2418, sheng ：4194304
decode keng：26, sheng ：2097152
world keng：12, sheng ：1048576

2026-08-21 12:16:39.682 INFO [pool-6-thread-7][:] - /****************流量统计******************/
LastReadBytes:0
LastReadThroughput:0
LastWrittenBytes:0
LastWriteThroughput:0
RealWrittenBytes:0
RealWriteThroughput:0
当前玩家的连接数量:0
当前地图的线程个数：9
当前地图的个数:48
当前数据库执行队列数:0
当前发送队列缓存的对象数量:0
totalMemory：680001536, use ：436994880, free ：243006656DirectMemory：1827143680, 恢复 ：1
当前时间 ：2026-08-21 12:16:39send keng：2418, sheng ：4194304
decode keng：26, sheng ：2097152
world keng：12, sheng ：1048576

2026-08-21 12:16:44.682 INFO [pool-6-thread-7][:] - /****************流量统计******************/
LastReadBytes:0
LastReadThroughput:0
LastWrittenBytes:0
LastWriteThroughput:0
RealWrittenBytes:0
RealWriteThroughput:0
当前玩家的连接数量:0
当前地图的线程个数：9
当前地图的个数:48
当前数据库执行队列数:0
当前发送队列缓存的对象数量:0
totalMemory：680001536, use ：440451424, free ：239550112DirectMemory：1827143680, 恢复 ：1
当前时间 ：2026-08-21 12:16:44send keng：2418, sheng ：4194304
decode keng：26, sheng ：2097152
world keng：12, sheng ：1048576

2026-08-21 12:16:49.682 INFO [pool-6-thread-7][:] - /****************流量统计******************/
LastReadBytes:0
LastReadThroughput:0
LastWrittenBytes:0
LastWriteThroughput:0
RealWrittenBytes:0
RealWriteThroughput:0
当前玩家的连接数量:0
当前地图的线程个数：9
当前地图的个数:48
当前数据库执行队列数:0
当前发送队列缓存的对象数量:0
totalMemory：680001536, use ：443753872, free ：236247664DirectMemory：1827143680, 恢复 ：1
当前时间 ：2026-08-21 12:16:49send keng：2418, sheng ：4194304
decode keng：26, sheng ：2097152
world keng：12, sheng ：1048576

2026-08-21 12:16:54.682 INFO [pool-6-thread-5][:] - /****************流量统计******************/
LastReadBytes:0
LastReadThroughput:0
LastWrittenBytes:0
LastWriteThroughput:0
RealWrittenBytes:0
RealWriteThroughput:0
当前玩家的连接数量:0
当前地图的线程个数：9
当前地图的个数:48
当前数据库执行队列数:0
当前发送队列缓存的对象数量:0
totalMemory：680001536, use ：447316216, free ：232685320DirectMemory：1827143680, 恢复 ：1
当前时间 ：2026-08-21 12:16:54send keng：2418, sheng ：4194304
decode keng：26, sheng ：2097152
world keng：12, sheng ：1048576

2026-08-21 12:16:59.682 INFO [pool-6-thread-4][:] - /****************流量统计******************/
LastReadBytes:0
LastReadThroughput:0
LastWrittenBytes:0
LastWriteThroughput:0
RealWrittenBytes:0
RealWriteThroughput:0
当前玩家的连接数量:0
当前地图的线程个数：9
当前地图的个数:48
当前数据库执行队列数:0
当前发送队列缓存的对象数量:0
totalMemory：680001536, use ：450739048, free ：229262488DirectMemory：1827143680, 恢复 ：1
当前时间 ：2026-08-21 12:16:59send keng：2418, sheng ：4194304
decode keng：26, sheng ：2097152
world keng：12, sheng ：1048576

2026-08-21 12:17:04.682 INFO [pool-6-thread-7][:] - /****************流量统计******************/
LastReadBytes:0
LastReadThroughput:0
LastWrittenBytes:0
LastWriteThroughput:0
RealWrittenBytes:0
RealWriteThroughput:0
当前玩家的连接数量:0
当前地图的线程个数：9
当前地图的个数:48
当前数据库执行队列数:0
当前发送队列缓存的对象数量:0
totalMemory：680001536, use ：454274304, free ：225727232DirectMemory：1827143680, 恢复 ：1
当前时间 ：2026-08-21 12:17:04send keng：2418, sheng ：4194304
decode keng：26, sheng ：2097152
world keng：12, sheng ：1048576

2026-08-21 12:17:09.682 INFO [pool-6-thread-9][:] - /****************流量统计******************/
LastReadBytes:0
LastReadThroughput:0
LastWrittenBytes:0
LastWriteThroughput:0
RealWrittenBytes:0
RealWriteThroughput:0
当前玩家的连接数量:0
当前地图的线程个数：9
当前地图的个数:48
当前数据库执行队列数:0
当前发送队列缓存的对象数量:0
totalMemory：680001536, use ：457786224, free ：222215312DirectMemory：1827143680, 恢复 ：1
当前时间 ：2026-08-21 12:17:09send keng：2418, sheng ：4194304
decode keng：26, sheng ：2097152
world keng：12, sheng ：1048576

2026-08-21 12:17:14.682 INFO [pool-6-thread-2][:] - /****************流量统计******************/
LastReadBytes:0
LastReadThroughput:0
LastWrittenBytes:0
LastWriteThroughput:0
RealWrittenBytes:0
RealWriteThroughput:0
当前玩家的连接数量:0
当前地图的线程个数：9
当前地图的个数:48
当前数据库执行队列数:0
当前发送队列缓存的对象数量:0
totalMemory：680001536, use ：461509888, free ：218491648DirectMemory：1827143680, 恢复 ：1
当前时间 ：2026-08-21 12:17:14send keng：2418, sheng ：4194304
decode keng：26, sheng ：2097152
world keng：12, sheng ：1048576

2026-08-21 12:17:19.682 INFO [pool-6-thread-2][:] - /****************流量统计******************/
LastReadBytes:0
LastReadThroughput:0
LastWrittenBytes:0
LastWriteThroughput:0
RealWrittenBytes:0
RealWriteThroughput:0
当前玩家的连接数量:0
当前地图的线程个数：9
当前地图的个数:48
当前数据库执行队列数:0
当前发送队列缓存的对象数量:0
totalMemory：680001536, use ：465037136, free ：214964400DirectMemory：1827143680, 恢复 ：1
当前时间 ：2026-08-21 12:17:19send keng：2418, sheng ：4194304
decode keng：26, sheng ：2097152
world keng：12, sheng ：1048576

2026-08-21 12:17:24.682 INFO [pool-6-thread-10][:] - /****************流量统计******************/
LastReadBytes:0
LastReadThroughput:0
LastWrittenBytes:0
LastWriteThroughput:0
RealWrittenBytes:0
RealWriteThroughput:0
当前玩家的连接数量:0
当前地图的线程个数：9
当前地图的个数:48
当前数据库执行队列数:0
当前发送队列缓存的对象数量:0
totalMemory：680001536, use ：468513192, free ：211488344DirectMemory：1827143680, 恢复 ：1
当前时间 ：2026-08-21 12:17:24send keng：2418, sheng ：4194304
decode keng：26, sheng ：2097152
world keng：12, sheng ：1048576

2026-08-21 12:17:29.682 INFO [pool-6-thread-10][:] - /****************流量统计******************/
LastReadBytes:0
LastReadThroughput:0
LastWrittenBytes:0
LastWriteThroughput:0
RealWrittenBytes:0
RealWriteThroughput:0
当前玩家的连接数量:0
当前地图的线程个数：9
当前地图的个数:48
当前数据库执行队列数:0
当前发送队列缓存的对象数量:0
totalMemory：680001536, use ：425323944, free ：254677592DirectMemory：1827143680, 恢复 ：1
当前时间 ：2026-08-21 12:17:29send keng：2418, sheng ：4194304
decode keng：26, sheng ：2097152
world keng：12, sheng ：1048576

2026-08-21 12:17:34.682 INFO [pool-6-thread-7][:] - /****************流量统计******************/
LastReadBytes:0
LastReadThroughput:0
LastWrittenBytes:0
LastWriteThroughput:0
RealWrittenBytes:0
RealWriteThroughput:0
当前玩家的连接数量:0
当前地图的线程个数：9
当前地图的个数:48
当前数据库执行队列数:0
当前发送队列缓存的对象数量:0
totalMemory：680001536, use ：428866944, free ：251134592DirectMemory：1827143680, 恢复 ：1
当前时间 ：2026-08-21 12:17:34send keng：2418, sheng ：4194304
decode keng：26, sheng ：2097152
world keng：12, sheng ：1048576

2026-08-21 12:17:39.682 INFO [pool-6-thread-8][:] - /****************流量统计******************/
LastReadBytes:0
LastReadThroughput:0
LastWrittenBytes:0
LastWriteThroughput:0
RealWrittenBytes:0
RealWriteThroughput:0
当前玩家的连接数量:0
当前地图的线程个数：9
当前地图的个数:48
当前数据库执行队列数:0
当前发送队列缓存的对象数量:0
totalMemory：680001536, use ：432382584, free ：247618952DirectMemory：1827143680, 恢复 ：1
当前时间 ：2026-08-21 12:17:39send keng：2418, sheng ：4194304
decode keng：26, sheng ：2097152
world keng：12, sheng ：1048576

2026-08-21 12:17:44.682 INFO [pool-6-thread-6][:] - /****************流量统计******************/
LastReadBytes:0
LastReadThroughput:0
LastWrittenBytes:0
LastWriteThroughput:0
RealWrittenBytes:0
RealWriteThroughput:0
当前玩家的连接数量:0
当前地图的线程个数：9
当前地图的个数:48
当前数据库执行队列数:0
当前发送队列缓存的对象数量:0
totalMemory：680001536, use ：435885256, free ：244116280DirectMemory：1827143680, 恢复 ：1
当前时间 ：2026-08-21 12:17:44send keng：2418, sheng ：4194304
decode keng：26, sheng ：2097152
world keng：12, sheng ：1048576

2026-08-21 12:17:49.682 INFO [pool-6-thread-7][:] - /****************流量统计******************/
LastReadBytes:0
LastReadThroughput:0
LastWrittenBytes:0
LastWriteThroughput:0
RealWrittenBytes:0
RealWriteThroughput:0
当前玩家的连接数量:0
当前地图的线程个数：9
当前地图的个数:48
当前数据库执行队列数:0
当前发送队列缓存的对象数量:0
totalMemory：680001536, use ：439229736, free ：240771800DirectMemory：1827143680, 恢复 ：1
当前时间 ：2026-08-21 12:17:49send keng：2418, sheng ：4194304
decode keng：26, sheng ：2097152
world keng：12, sheng ：1048576

2026-08-21 12:17:54.684 INFO [pool-6-thread-2][:] - /****************流量统计******************/
LastReadBytes:0
LastReadThroughput:0
LastWrittenBytes:0
LastWriteThroughput:0
RealWrittenBytes:0
RealWriteThroughput:0
当前玩家的连接数量:0
当前地图的线程个数：9
当前地图的个数:48
当前数据库执行队列数:0
当前发送队列缓存的对象数量:0
totalMemory：680001536, use ：442916192, free ：237085344DirectMemory：1827143680, 恢复 ：1
当前时间 ：2026-08-21 12:17:54send keng：2418, sheng ：4194304
decode keng：26, sheng ：2097152
world keng：12, sheng ：1048576

2026-08-21 12:17:59.682 INFO [pool-6-thread-1][:] - /****************流量统计******************/
LastReadBytes:0
LastReadThroughput:0
LastWrittenBytes:0
LastWriteThroughput:0
RealWrittenBytes:0
RealWriteThroughput:0
当前玩家的连接数量:0
当前地图的线程个数：9
当前地图的个数:48
当前数据库执行队列数:0
当前发送队列缓存的对象数量:0
totalMemory：680001536, use ：446035552, free ：233965984DirectMemory：1827143680, 恢复 ：1
当前时间 ：2026-08-21 12:17:59send keng：2418, sheng ：4194304
decode keng：26, sheng ：2097152
world keng：12, sheng ：1048576

2026-08-21 12:18:04.682 INFO [pool-6-thread-7][:] - /****************流量统计******************/
LastReadBytes:0
LastReadThroughput:0
LastWrittenBytes:0
LastWriteThroughput:0
RealWrittenBytes:0
RealWriteThroughput:0
当前玩家的连接数量:0
当前地图的线程个数：9
当前地图的个数:48
当前数据库执行队列数:0
当前发送队列缓存的对象数量:0
totalMemory：680001536, use ：449723496, free ：230278040DirectMemory：1827143680, 恢复 ：1
当前时间 ：2026-08-21 12:18:04send keng：2418, sheng ：4194304
decode keng：26, sheng ：2097152
world keng：12, sheng ：1048576

2026-08-21 12:18:09.682 INFO [pool-6-thread-9][:] - /****************流量统计******************/
LastReadBytes:0
LastReadThroughput:0
LastWrittenBytes:0
LastWriteThroughput:0
RealWrittenBytes:0
RealWriteThroughput:0
当前玩家的连接数量:0
当前地图的线程个数：9
当前地图的个数:48
当前数据库执行队列数:0
当前发送队列缓存的对象数量:0
totalMemory：680001536, use ：453087304, free ：226914232DirectMemory：1827143680, 恢复 ：1
当前时间 ：2026-08-21 12:18:09send keng：2418, sheng ：4194304
decode keng：26, sheng ：2097152
world keng：12, sheng ：1048576

2026-08-21 12:18:14.682 INFO [pool-6-thread-7][:] - /****************流量统计******************/
LastReadBytes:0
LastReadThroughput:0
LastWrittenBytes:0
LastWriteThroughput:0
RealWrittenBytes:0
RealWriteThroughput:0
当前玩家的连接数量:0
当前地图的线程个数：9
当前地图的个数:48
当前数据库执行队列数:0
当前发送队列缓存的对象数量:0
totalMemory：680001536, use ：456794184, free ：223207352DirectMemory：1827143680, 恢复 ：1
当前时间 ：2026-08-21 12:18:14send keng：2418, sheng ：4194304
decode keng：26, sheng ：2097152
world keng：12, sheng ：1048576

2026-08-21 12:18:19.682 INFO [pool-6-thread-1][:] - /****************流量统计******************/
LastReadBytes:0
LastReadThroughput:0
LastWrittenBytes:0
LastWriteThroughput:0
RealWrittenBytes:0
RealWriteThroughput:0
当前玩家的连接数量:0
当前地图的线程个数：9
当前地图的个数:48
当前数据库执行队列数:0
当前发送队列缓存的对象数量:0
totalMemory：680001536, use ：460220440, free ：219781096DirectMemory：1827143680, 恢复 ：1
当前时间 ：2026-08-21 12:18:19send keng：2418, sheng ：4194304
decode keng：26, sheng ：2097152
world keng：12, sheng ：1048576

2026-08-21 12:18:24.682 INFO [pool-6-thread-5][:] - /****************流量统计******************/
LastReadBytes:0
LastReadThroughput:0
LastWrittenBytes:0
LastWriteThroughput:0
RealWrittenBytes:0
RealWriteThroughput:0
当前玩家的连接数量:0
当前地图的线程个数：9
当前地图的个数:48
当前数据库执行队列数:0
当前发送队列缓存的对象数量:0
totalMemory：680001536, use ：463569512, free ：216432024DirectMemory：1827143680, 恢复 ：1
当前时间 ：2026-08-21 12:18:24send keng：2418, sheng ：4194304
decode keng：26, sheng ：2097152
world keng：12, sheng ：1048576

2026-08-21 12:18:29.682 INFO [pool-6-thread-1][:] - /****************流量统计******************/
LastReadBytes:0
LastReadThroughput:0
LastWrittenBytes:0
LastWriteThroughput:0
RealWrittenBytes:0
RealWriteThroughput:0
当前玩家的连接数量:0
当前地图的线程个数：9
当前地图的个数:48
当前数据库执行队列数:0
当前发送队列缓存的对象数量:0
totalMemory：680001536, use ：467100224, free ：212901312DirectMemory：1827143680, 恢复 ：1
当前时间 ：2026-08-21 12:18:29send keng：2418, sheng ：4194304
decode keng：26, sheng ：2097152
world keng：12, sheng ：1048576

2026-08-21 12:18:34.682 INFO [pool-6-thread-3][:] - /****************流量统计******************/
LastReadBytes:0
LastReadThroughput:0
LastWrittenBytes:0
LastWriteThroughput:0
RealWrittenBytes:0
RealWriteThroughput:0
当前玩家的连接数量:0
当前地图的线程个数：9
当前地图的个数:48
当前数据库执行队列数:0
当前发送队列缓存的对象数量:0
totalMemory：680001536, use ：424060408, free ：255941128DirectMemory：1827143680, 恢复 ：1
当前时间 ：2026-08-21 12:18:34send keng：2418, sheng ：4194304
decode keng：26, sheng ：2097152
world keng：12, sheng ：1048576

2026-08-21 12:18:39.682 INFO [pool-6-thread-10][:] - /****************流量统计******************/
LastReadBytes:0
LastReadThroughput:0
LastWrittenBytes:0
LastWriteThroughput:0
RealWrittenBytes:0
RealWriteThroughput:0
当前玩家的连接数量:0
当前地图的线程个数：9
当前地图的个数:48
当前数据库执行队列数:0
当前发送队列缓存的对象数量:0
totalMemory：680001536, use ：427518888, free ：252482648DirectMemory：1827143680, 恢复 ：1
当前时间 ：2026-08-21 12:18:39send keng：2418, sheng ：4194304
decode keng：26, sheng ：2097152
world keng：12, sheng ：1048576

2026-08-21 12:18:44.682 INFO [pool-6-thread-4][:] - /****************流量统计******************/
LastReadBytes:0
LastReadThroughput:0
LastWrittenBytes:0
LastWriteThroughput:0
RealWrittenBytes:0
RealWriteThroughput:0
当前玩家的连接数量:0
当前地图的线程个数：9
当前地图的个数:48
当前数据库执行队列数:0
当前发送队列缓存的对象数量:0
totalMemory：680001536, use ：430919384, free ：249082152DirectMemory：1827143680, 恢复 ：1
当前时间 ：2026-08-21 12:18:44send keng：2418, sheng ：4194304
decode keng：26, sheng ：2097152
world keng：12, sheng ：1048576

2026-08-21 12:18:49.682 INFO [pool-6-thread-2][:] - /****************流量统计******************/
LastReadBytes:0
LastReadThroughput:0
LastWrittenBytes:0
LastWriteThroughput:0
RealWrittenBytes:0
RealWriteThroughput:0
当前玩家的连接数量:0
当前地图的线程个数：9
当前地图的个数:48
当前数据库执行队列数:0
当前发送队列缓存的对象数量:0
totalMemory：680001536, use ：434577624, free ：245423912DirectMemory：1827143680, 恢复 ：1
当前时间 ：2026-08-21 12:18:49send keng：2418, sheng ：4194304
decode keng：26, sheng ：2097152
world keng：12, sheng ：1048576

2026-08-21 12:18:54.682 INFO [pool-6-thread-2][:] - /****************流量统计******************/
LastReadBytes:0
LastReadThroughput:0
LastWrittenBytes:0
LastWriteThroughput:0
RealWrittenBytes:0
RealWriteThroughput:0
当前玩家的连接数量:0
当前地图的线程个数：9
当前地图的个数:48
当前数据库执行队列数:0
当前发送队列缓存的对象数量:0
totalMemory：680001536, use ：438022640, free ：241978896DirectMemory：1827143680, 恢复 ：1
当前时间 ：2026-08-21 12:18:54send keng：2418, sheng ：4194304
decode keng：26, sheng ：2097152
world keng：12, sheng ：1048576

2026-08-21 12:18:59.682 INFO [pool-6-thread-3][:] - /****************流量统计******************/
LastReadBytes:0
LastReadThroughput:0
LastWrittenBytes:0
LastWriteThroughput:0
RealWrittenBytes:0
RealWriteThroughput:0
当前玩家的连接数量:0
当前地图的线程个数：9
当前地图的个数:48
当前数据库执行队列数:0
当前发送队列缓存的对象数量:0
totalMemory：680001536, use ：441521864, free ：238479672DirectMemory：1827143680, 恢复 ：1
当前时间 ：2026-08-21 12:18:59send keng：2418, sheng ：4194304
decode keng：26, sheng ：2097152
world keng：12, sheng ：1048576

2026-08-21 12:19:04.682 INFO [pool-6-thread-6][:] - /****************流量统计******************/
LastReadBytes:0
LastReadThroughput:0
LastWrittenBytes:0
LastWriteThroughput:0
RealWrittenBytes:0
RealWriteThroughput:0
当前玩家的连接数量:0
当前地图的线程个数：9
当前地图的个数:48
当前数据库执行队列数:0
当前发送队列缓存的对象数量:0
totalMemory：680001536, use ：445221272, free ：234780264DirectMemory：1827143680, 恢复 ：1
当前时间 ：2026-08-21 12:19:04send keng：2418, sheng ：4194304
decode keng：26, sheng ：2097152
world keng：12, sheng ：1048576

2026-08-21 12:19:09.682 INFO [pool-6-thread-5][:] - /****************流量统计******************/
LastReadBytes:0
LastReadThroughput:0
LastWrittenBytes:0
LastWriteThroughput:0
RealWrittenBytes:0
RealWriteThroughput:0
当前玩家的连接数量:0
当前地图的线程个数：9
当前地图的个数:48
当前数据库执行队列数:0
当前发送队列缓存的对象数量:0
totalMemory：680001536, use ：448516096, free ：231485440DirectMemory：1827143680, 恢复 ：1
当前时间 ：2026-08-21 12:19:09send keng：2418, sheng ：4194304
decode keng：26, sheng ：2097152
world keng：12, sheng ：1048576

2026-08-21 12:19:14.682 INFO [pool-6-thread-5][:] - /****************流量统计******************/
LastReadBytes:0
LastReadThroughput:0
LastWrittenBytes:0
LastWriteThroughput:0
RealWrittenBytes:0
RealWriteThroughput:0
当前玩家的连接数量:0
当前地图的线程个数：9
当前地图的个数:48
当前数据库执行队列数:0
当前发送队列缓存的对象数量:0
totalMemory：680001536, use ：452167904, free ：227833632DirectMemory：1827143680, 恢复 ：1
当前时间 ：2026-08-21 12:19:14send keng：2418, sheng ：4194304
decode keng：26, sheng ：2097152
world keng：12, sheng ：1048576

2026-08-21 12:19:19.682 INFO [pool-6-thread-4][:] - /****************流量统计******************/
LastReadBytes:0
LastReadThroughput:0
LastWrittenBytes:0
LastWriteThroughput:0
RealWrittenBytes:0
RealWriteThroughput:0
当前玩家的连接数量:0
当前地图的线程个数：9
当前地图的个数:48
当前数据库执行队列数:0
当前发送队列缓存的对象数量:0
totalMemory：680001536, use ：455617376, free ：224384160DirectMemory：1827143680, 恢复 ：1
当前时间 ：2026-08-21 12:19:19send keng：2418, sheng ：4194304
decode keng：26, sheng ：2097152
world keng：12, sheng ：1048576

2026-08-21 12:19:24.682 INFO [pool-6-thread-3][:] - /****************流量统计******************/
LastReadBytes:0
LastReadThroughput:0
LastWrittenBytes:0
LastWriteThroughput:0
RealWrittenBytes:0
RealWriteThroughput:0
当前玩家的连接数量:0
当前地图的线程个数：9
当前地图的个数:48
当前数据库执行队列数:0
当前发送队列缓存的对象数量:0
totalMemory：680001536, use ：459370512, free ：220631024DirectMemory：1827143680, 恢复 ：1
当前时间 ：2026-08-21 12:19:24send keng：2418, sheng ：4194304
decode keng：26, sheng ：2097152
world keng：12, sheng ：1048576

2026-08-21 12:19:29.682 INFO [pool-6-thread-8][:] - /****************流量统计******************/
LastReadBytes:0
LastReadThroughput:0
LastWrittenBytes:0
LastWriteThroughput:0
RealWrittenBytes:0
RealWriteThroughput:0
当前玩家的连接数量:0
当前地图的线程个数：9
当前地图的个数:48
当前数据库执行队列数:0
当前发送队列缓存的对象数量:0
totalMemory：680001536, use ：462585168, free ：217416368DirectMemory：1827143680, 恢复 ：1
当前时间 ：2026-08-21 12:19:29send keng：2418, sheng ：4194304
decode keng：26, sheng ：2097152
world keng：12, sheng ：1048576

2026-08-21 12:19:34.682 INFO [pool-6-thread-6][:] - /****************流量统计******************/
LastReadBytes:0
LastReadThroughput:0
LastWrittenBytes:0
LastWriteThroughput:0
RealWrittenBytes:0
RealWriteThroughput:0
当前玩家的连接数量:0
当前地图的线程个数：9
当前地图的个数:48
当前数据库执行队列数:0
当前发送队列缓存的对象数量:0
totalMemory：680001536, use ：466163320, free ：213838216DirectMemory：1827143680, 恢复 ：1
当前时间 ：2026-08-21 12:19:34send keng：2418, sheng ：4194304
decode keng：26, sheng ：2097152
world keng：12, sheng ：1048576

2026-08-21 12:19:39.682 INFO [pool-6-thread-10][:] - /****************流量统计******************/
LastReadBytes:0
LastReadThroughput:0
LastWrittenBytes:0
LastWriteThroughput:0
RealWrittenBytes:0
RealWriteThroughput:0
当前玩家的连接数量:0
当前地图的线程个数：9
当前地图的个数:48
当前数据库执行队列数:0
当前发送队列缓存的对象数量:0
totalMemory：680001536, use ：422798088, free ：257203448DirectMemory：1827143680, 恢复 ：1
当前时间 ：2026-08-21 12:19:39send keng：2418, sheng ：4194304
decode keng：26, sheng ：2097152
world keng：12, sheng ：1048576

2026-08-21 12:19:44.682 INFO [pool-6-thread-10][:] - /****************流量统计******************/
LastReadBytes:0
LastReadThroughput:0
LastWrittenBytes:0
LastWriteThroughput:0
RealWrittenBytes:0
RealWriteThroughput:0
当前玩家的连接数量:0
当前地图的线程个数：9
当前地图的个数:48
当前数据库执行队列数:0
当前发送队列缓存的对象数量:0
totalMemory：680001536, use ：426217856, free ：253783680DirectMemory：1827143680, 恢复 ：1
当前时间 ：2026-08-21 12:19:44send keng：2418, sheng ：4194304
decode keng：26, sheng ：2097152
world keng：12, sheng ：1048576

2026-08-21 12:19:49.682 INFO [pool-6-thread-8][:] - /****************流量统计******************/
LastReadBytes:0
LastReadThroughput:0
LastWrittenBytes:0
LastWriteThroughput:0
RealWrittenBytes:0
RealWriteThroughput:0
当前玩家的连接数量:0
当前地图的线程个数：9
当前地图的个数:48
当前数据库执行队列数:0
当前发送队列缓存的对象数量:0
totalMemory：680001536, use ：429948464, free ：250053072DirectMemory：1827143680, 恢复 ：1
当前时间 ：2026-08-21 12:19:49send keng：2418, sheng ：4194304
decode keng：26, sheng ：2097152
world keng：12, sheng ：1048576

2026-08-21 12:19:54.682 INFO [pool-6-thread-6][:] - /****************流量统计******************/
LastReadBytes:0
LastReadThroughput:0
LastWrittenBytes:0
LastWriteThroughput:0
RealWrittenBytes:0
RealWriteThroughput:0
当前玩家的连接数量:0
当前地图的线程个数：9
当前地图的个数:48
当前数据库执行队列数:0
当前发送队列缓存的对象数量:0
totalMemory：680001536, use ：433371448, free ：246630088DirectMemory：1827143680, 恢复 ：1
当前时间 ：2026-08-21 12:19:54send keng：2418, sheng ：4194304
decode keng：26, sheng ：2097152
world keng：12, sheng ：1048576

2026-08-21 12:19:59.682 INFO [pool-6-thread-5][:] - /****************流量统计******************/
LastReadBytes:0
LastReadThroughput:0
LastWrittenBytes:0
LastWriteThroughput:0
RealWrittenBytes:0
RealWriteThroughput:0
当前玩家的连接数量:0
当前地图的线程个数：9
当前地图的个数:48
当前数据库执行队列数:0
当前发送队列缓存的对象数量:0
totalMemory：680001536, use ：436859648, free ：243141888DirectMemory：1827143680, 恢复 ：1
当前时间 ：2026-08-21 12:19:59send keng：2418, sheng ：4194304
decode keng：26, sheng ：2097152
world keng：12, sheng ：1048576

2026-08-21 12:20:04.682 INFO [pool-6-thread-5][:] - /****************流量统计******************/
LastReadBytes:0
LastReadThroughput:0
LastWrittenBytes:0
LastWriteThroughput:0
RealWrittenBytes:0
RealWriteThroughput:0
当前玩家的连接数量:0
当前地图的线程个数：9
当前地图的个数:48
当前数据库执行队列数:0
当前发送队列缓存的对象数量:0
totalMemory：680001536, use ：440356504, free ：239645032DirectMemory：1827143680, 恢复 ：1
当前时间 ：2026-08-21 12:20:04send keng：2418, sheng ：4194304
decode keng：26, sheng ：2097152
world keng：12, sheng ：1048576

2026-08-21 12:20:09.682 INFO [pool-6-thread-1][:] - /****************流量统计******************/
LastReadBytes:0
LastReadThroughput:0
LastWrittenBytes:0
LastWriteThroughput:0
RealWrittenBytes:0
RealWriteThroughput:0
当前玩家的连接数量:0
当前地图的线程个数：9
当前地图的个数:48
当前数据库执行队列数:0
当前发送队列缓存的对象数量:0
totalMemory：680001536, use ：443785072, free ：236216464DirectMemory：1827143680, 恢复 ：1
当前时间 ：2026-08-21 12:20:09send keng：2418, sheng ：4194304
decode keng：26, sheng ：2097152
world keng：12, sheng ：1048576

2026-08-21 12:20:14.682 INFO [pool-6-thread-10][:] - /****************流量统计******************/
LastReadBytes:0
LastReadThroughput:0
LastWrittenBytes:0
LastWriteThroughput:0
RealWrittenBytes:0
RealWriteThroughput:0
当前玩家的连接数量:0
当前地图的线程个数：9
当前地图的个数:48
当前数据库执行队列数:0
当前发送队列缓存的对象数量:0
totalMemory：680001536, use ：447760008, free ：232241528DirectMemory：1827143680, 恢复 ：1
当前时间 ：2026-08-21 12:20:14send keng：2418, sheng ：4194304
decode keng：26, sheng ：2097152
world keng：12, sheng ：1048576

2026-08-21 12:20:19.682 INFO [pool-6-thread-10][:] - /****************流量统计******************/
LastReadBytes:0
LastReadThroughput:0
LastWrittenBytes:0
LastWriteThroughput:0
RealWrittenBytes:0
RealWriteThroughput:0
当前玩家的连接数量:0
当前地图的线程个数：9
当前地图的个数:48
当前数据库执行队列数:0
当前发送队列缓存的对象数量:0
totalMemory：680001536, use ：450922984, free ：229078552DirectMemory：1827143680, 恢复 ：1
当前时间 ：2026-08-21 12:20:19send keng：2418, sheng ：4194304
decode keng：26, sheng ：2097152
world keng：12, sheng ：1048576

2026-08-21 12:20:24.682 INFO [pool-6-thread-4][:] - /****************流量统计******************/
LastReadBytes:0
LastReadThroughput:0
LastWrittenBytes:0
LastWriteThroughput:0
RealWrittenBytes:0
RealWriteThroughput:0
当前玩家的连接数量:0
当前地图的线程个数：9
当前地图的个数:48
当前数据库执行队列数:0
当前发送队列缓存的对象数量:0
totalMemory：680001536, use ：454495744, free ：225505792DirectMemory：1827143680, 恢复 ：1
当前时间 ：2026-08-21 12:20:24send keng：2418, sheng ：4194304
decode keng：26, sheng ：2097152
world keng：12, sheng ：1048576

2026-08-21 12:20:29.682 INFO [pool-6-thread-2][:] - /****************流量统计******************/
LastReadBytes:0
LastReadThroughput:0
LastWrittenBytes:0
LastWriteThroughput:0
RealWrittenBytes:0
RealWriteThroughput:0
当前玩家的连接数量:0
当前地图的线程个数：9
当前地图的个数:48
当前数据库执行队列数:0
当前发送队列缓存的对象数量:0
totalMemory：680001536, use ：457865136, free ：222136400DirectMemory：1827143680, 恢复 ：1
当前时间 ：2026-08-21 12:20:29send keng：2418, sheng ：4194304
decode keng：26, sheng ：2097152
world keng：12, sheng ：1048576

2026-08-21 12:20:34.683 INFO [pool-6-thread-2][:] - /****************流量统计******************/
LastReadBytes:0
LastReadThroughput:0
LastWrittenBytes:0
LastWriteThroughput:0
RealWrittenBytes:0
RealWriteThroughput:0
当前玩家的连接数量:0
当前地图的线程个数：9
当前地图的个数:48
当前数据库执行队列数:0
当前发送队列缓存的对象数量:0
totalMemory：680001536, use ：461479216, free ：218522320DirectMemory：1827143680, 恢复 ：1
当前时间 ：2026-08-21 12:20:34send keng：2418, sheng ：4194304
decode keng：26, sheng ：2097152
world keng：12, sheng ：1048576

2026-08-21 12:20:39.682 INFO [pool-6-thread-8][:] - /****************流量统计******************/
LastReadBytes:0
LastReadThroughput:0
LastWrittenBytes:0
LastWriteThroughput:0
RealWrittenBytes:0
RealWriteThroughput:0
当前玩家的连接数量:0
当前地图的线程个数：9
当前地图的个数:48
当前数据库执行队列数:0
当前发送队列缓存的对象数量:0
totalMemory：680001536, use ：464660456, free ：215341080DirectMemory：1827143680, 恢复 ：1
当前时间 ：2026-08-21 12:20:39send keng：2418, sheng ：4194304
decode keng：26, sheng ：2097152
world keng：12, sheng ：1048576

2026-08-21 12:20:44.682 INFO [pool-6-thread-10][:] - /****************流量统计******************/
LastReadBytes:0
LastReadThroughput:0
LastWrittenBytes:0
LastWriteThroughput:0
RealWrittenBytes:0
RealWriteThroughput:0
当前玩家的连接数量:0
当前地图的线程个数：9
当前地图的个数:48
当前数据库执行队列数:0
当前发送队列缓存的对象数量:0
totalMemory：680001536, use ：468388368, free ：211613168DirectMemory：1827143680, 恢复 ：1
当前时间 ：2026-08-21 12:20:44send keng：2418, sheng ：4194304
decode keng：26, sheng ：2097152
world keng：12, sheng ：1048576

2026-08-21 12:20:49.682 INFO [pool-6-thread-9][:] - /****************流量统计******************/
LastReadBytes:0
LastReadThroughput:0
LastWrittenBytes:0
LastWriteThroughput:0
RealWrittenBytes:0
RealWriteThroughput:0
当前玩家的连接数量:0
当前地图的线程个数：9
当前地图的个数:48
当前数据库执行队列数:0
当前发送队列缓存的对象数量:0
totalMemory：680001536, use ：425178088, free ：254823448DirectMemory：1827143680, 恢复 ：1
当前时间 ：2026-08-21 12:20:49send keng：2418, sheng ：4194304
decode keng：26, sheng ：2097152
world keng：12, sheng ：1048576

2026-08-21 12:20:54.682 INFO [pool-6-thread-1][:] - /****************流量统计******************/
LastReadBytes:0
LastReadThroughput:0
LastWrittenBytes:0
LastWriteThroughput:0
RealWrittenBytes:0
RealWriteThroughput:0
当前玩家的连接数量:0
当前地图的线程个数：9
当前地图的个数:48
当前数据库执行队列数:0
当前发送队列缓存的对象数量:0
totalMemory：680001536, use ：428676392, free ：251325144DirectMemory：1827143680, 恢复 ：1
当前时间 ：2026-08-21 12:20:54send keng：2418, sheng ：4194304
decode keng：26, sheng ：2097152
world keng：12, sheng ：1048576

2026-08-21 12:20:59.682 INFO [pool-6-thread-8][:] - /****************流量统计******************/
LastReadBytes:0
LastReadThroughput:0
LastWrittenBytes:0
LastWriteThroughput:0
RealWrittenBytes:0
RealWriteThroughput:0
当前玩家的连接数量:0
当前地图的线程个数：9
当前地图的个数:48
当前数据库执行队列数:0
当前发送队列缓存的对象数量:0
totalMemory：680001536, use ：431911080, free ：248090456DirectMemory：1827143680, 恢复 ：1
当前时间 ：2026-08-21 12:20:59send keng：2418, sheng ：4194304
decode keng：26, sheng ：2097152
world keng：12, sheng ：1048576

2026-08-21 12:21:04.682 INFO [pool-6-thread-4][:] - /****************流量统计******************/
LastReadBytes:0
LastReadThroughput:0
LastWrittenBytes:0
LastWriteThroughput:0
RealWrittenBytes:0
RealWriteThroughput:0
当前玩家的连接数量:0
当前地图的线程个数：9
当前地图的个数:48
当前数据库执行队列数:0
当前发送队列缓存的对象数量:0
totalMemory：680001536, use ：435646112, free ：244355424DirectMemory：1827143680, 恢复 ：1
当前时间 ：2026-08-21 12:21:04send keng：2418, sheng ：4194304
decode keng：26, sheng ：2097152
world keng：12, sheng ：1048576

2026-08-21 12:21:09.684 INFO [pool-6-thread-7][:] - /****************流量统计******************/
LastReadBytes:0
LastReadThroughput:0
LastWrittenBytes:0
LastWriteThroughput:0
RealWrittenBytes:0
RealWriteThroughput:0
当前玩家的连接数量:0
当前地图的线程个数：9
当前地图的个数:48
当前数据库执行队列数:0
当前发送队列缓存的对象数量:0
totalMemory：680001536, use ：438969616, free ：241031920DirectMemory：1827143680, 恢复 ：1
当前时间 ：2026-08-21 12:21:09send keng：2418, sheng ：4194304
decode keng：26, sheng ：2097152
world keng：12, sheng ：1048576

2026-08-21 12:21:14.682 INFO [pool-6-thread-10][:] - /****************流量统计******************/
LastReadBytes:0
LastReadThroughput:0
LastWrittenBytes:0
LastWriteThroughput:0
RealWrittenBytes:0
RealWriteThroughput:0
当前玩家的连接数量:0
当前地图的线程个数：9
当前地图的个数:48
当前数据库执行队列数:0
当前发送队列缓存的对象数量:0
totalMemory：680001536, use ：442683008, free ：237318528DirectMemory：1827143680, 恢复 ：1
当前时间 ：2026-08-21 12:21:14send keng：2418, sheng ：4194304
decode keng：26, sheng ：2097152
world keng：12, sheng ：1048576

2026-08-21 12:21:19.682 INFO [pool-6-thread-10][:] - /****************流量统计******************/
LastReadBytes:0
LastReadThroughput:0
LastWrittenBytes:0
LastWriteThroughput:0
RealWrittenBytes:0
RealWriteThroughput:0
当前玩家的连接数量:0
当前地图的线程个数：9
当前地图的个数:48
当前数据库执行队列数:0
当前发送队列缓存的对象数量:0
totalMemory：680001536, use ：445969920, free ：234031616DirectMemory：1827143680, 恢复 ：1
当前时间 ：2026-08-21 12:21:19send keng：2418, sheng ：4194304
decode keng：26, sheng ：2097152
world keng：12, sheng ：1048576

2026-08-21 12:21:24.682 INFO [pool-6-thread-10][:] - /****************流量统计******************/
LastReadBytes:0
LastReadThroughput:0
LastWrittenBytes:0
LastWriteThroughput:0
RealWrittenBytes:0
RealWriteThroughput:0
当前玩家的连接数量:0
当前地图的线程个数：9
当前地图的个数:48
当前数据库执行队列数:0
当前发送队列缓存的对象数量:0
totalMemory：680001536, use ：449698000, free ：230303536DirectMemory：1827143680, 恢复 ：1
当前时间 ：2026-08-21 12:21:24send keng：2418, sheng ：4194304
decode keng：26, sheng ：2097152
world keng：12, sheng ：1048576

2026-08-21 12:21:29.682 INFO [pool-6-thread-7][:] - /****************流量统计******************/
LastReadBytes:0
LastReadThroughput:0
LastWrittenBytes:0
LastWriteThroughput:0
RealWrittenBytes:0
RealWriteThroughput:0
当前玩家的连接数量:0
当前地图的线程个数：9
当前地图的个数:48
当前数据库执行队列数:0
当前发送队列缓存的对象数量:0
totalMemory：680001536, use ：453001920, free ：226999616DirectMemory：1827143680, 恢复 ：1
当前时间 ：2026-08-21 12:21:29send keng：2418, sheng ：4194304
decode keng：26, sheng ：2097152
world keng：12, sheng ：1048576

2026-08-21 12:21:34.683 INFO [pool-6-thread-4][:] - /****************流量统计******************/
LastReadBytes:0
LastReadThroughput:0
LastWrittenBytes:0
LastWriteThroughput:0
RealWrittenBytes:0
RealWriteThroughput:0
当前玩家的连接数量:0
当前地图的线程个数：9
当前地图的个数:48
当前数据库执行队列数:0
当前发送队列缓存的对象数量:0
totalMemory：680001536, use ：456612880, free ：223388656DirectMemory：1827143680, 恢复 ：1
当前时间 ：2026-08-21 12:21:34send keng：2418, sheng ：4194304
decode keng：26, sheng ：2097152
world keng：12, sheng ：1048576

2026-08-21 12:21:39.682 INFO [pool-6-thread-3][:] - /****************流量统计******************/
LastReadBytes:0
LastReadThroughput:0
LastWrittenBytes:0
LastWriteThroughput:0
RealWrittenBytes:0
RealWriteThroughput:0
当前玩家的连接数量:0
当前地图的线程个数：9
当前地图的个数:48
当前数据库执行队列数:0
当前发送队列缓存的对象数量:0
totalMemory：680001536, use ：459964784, free ：220036752DirectMemory：1827143680, 恢复 ：1
当前时间 ：2026-08-21 12:21:39send keng：2418, sheng ：4194304
decode keng：26, sheng ：2097152
world keng：12, sheng ：1048576

2026-08-21 12:21:44.682 INFO [pool-6-thread-4][:] - /****************流量统计******************/
LastReadBytes:0
LastReadThroughput:0
LastWrittenBytes:0
LastWriteThroughput:0
RealWrittenBytes:0
RealWriteThroughput:0
当前玩家的连接数量:0
当前地图的线程个数：9
当前地图的个数:48
当前数据库执行队列数:0
当前发送队列缓存的对象数量:0
totalMemory：680001536, use ：463629488, free ：216372048DirectMemory：1827143680, 恢复 ：1
当前时间 ：2026-08-21 12:21:44send keng：2418, sheng ：4194304
decode keng：26, sheng ：2097152
world keng：12, sheng ：1048576

2026-08-21 12:21:49.682 INFO [pool-6-thread-5][:] - /****************流量统计******************/
LastReadBytes:0
LastReadThroughput:0
LastWrittenBytes:0
LastWriteThroughput:0
RealWrittenBytes:0
RealWriteThroughput:0
当前玩家的连接数量:0
当前地图的线程个数：9
当前地图的个数:48
当前数据库执行队列数:0
当前发送队列缓存的对象数量:0
totalMemory：680001536, use ：466996584, free ：213004952DirectMemory：1827143680, 恢复 ：1
当前时间 ：2026-08-21 12:21:49send keng：2418, sheng ：4194304
decode keng：26, sheng ：2097152
world keng：12, sheng ：1048576

2026-08-21 12:21:54.682 INFO [pool-6-thread-9][:] - /****************流量统计******************/
LastReadBytes:0
LastReadThroughput:0
LastWrittenBytes:0
LastWriteThroughput:0
RealWrittenBytes:0
RealWriteThroughput:0
当前玩家的连接数量:0
当前地图的线程个数：9
当前地图的个数:48
当前数据库执行队列数:0
当前发送队列缓存的对象数量:0
totalMemory：680001536, use ：423746056, free ：256255480DirectMemory：1827143680, 恢复 ：1
当前时间 ：2026-08-21 12:21:54send keng：2418, sheng ：4194304
decode keng：26, sheng ：2097152
world keng：12, sheng ：1048576

2026-08-21 12:21:59.682 INFO [pool-6-thread-8][:] - /****************流量统计******************/
LastReadBytes:0
LastReadThroughput:0
LastWrittenBytes:0
LastWriteThroughput:0
RealWrittenBytes:0
RealWriteThroughput:0
当前玩家的连接数量:0
当前地图的线程个数：9
当前地图的个数:48
当前数据库执行队列数:0
当前发送队列缓存的对象数量:0
totalMemory：680001536, use ：427362704, free ：252638832DirectMemory：1827143680, 恢复 ：1
当前时间 ：2026-08-21 12:21:59send keng：2418, sheng ：4194304
decode keng：26, sheng ：2097152
world keng：12, sheng ：1048576

2026-08-21 12:22:04.682 INFO [pool-6-thread-10][:] - /****************流量统计******************/
LastReadBytes:0
LastReadThroughput:0
LastWrittenBytes:0
LastWriteThroughput:0
RealWrittenBytes:0
RealWriteThroughput:0
当前玩家的连接数量:0
当前地图的线程个数：9
当前地图的个数:48
当前数据库执行队列数:0
当前发送队列缓存的对象数量:0
totalMemory：680001536, use ：430976080, free ：249025456DirectMemory：1827143680, 恢复 ：1
当前时间 ：2026-08-21 12:22:04send keng：2418, sheng ：4194304
decode keng：26, sheng ：2097152
world keng：12, sheng ：1048576

2026-08-21 12:22:09.682 INFO [pool-6-thread-8][:] - /****************流量统计******************/
LastReadBytes:0
LastReadThroughput:0
LastWrittenBytes:0
LastWriteThroughput:0
RealWrittenBytes:0
RealWriteThroughput:0
当前玩家的连接数量:0
当前地图的线程个数：9
当前地图的个数:48
当前数据库执行队列数:0
当前发送队列缓存的对象数量:0
totalMemory：680001536, use ：434479752, free ：245521784DirectMemory：1827143680, 恢复 ：1
当前时间 ：2026-08-21 12:22:09send keng：2418, sheng ：4194304
decode keng：26, sheng ：2097152
world keng：12, sheng ：1048576

2026-08-21 12:22:14.682 INFO [pool-6-thread-10][:] - /****************流量统计******************/
LastReadBytes:0
LastReadThroughput:0
LastWrittenBytes:0
LastWriteThroughput:0
RealWrittenBytes:0
RealWriteThroughput:0
当前玩家的连接数量:0
当前地图的线程个数：9
当前地图的个数:48
当前数据库执行队列数:0
当前发送队列缓存的对象数量:0
totalMemory：680001536, use ：438211024, free ：241790512DirectMemory：1827143680, 恢复 ：1
当前时间 ：2026-08-21 12:22:14send keng：2418, sheng ：4194304
decode keng：26, sheng ：2097152
world keng：12, sheng ：1048576

2026-08-21 12:22:19.682 INFO [pool-6-thread-6][:] - /****************流量统计******************/
LastReadBytes:0
LastReadThroughput:0
LastWrittenBytes:0
LastWriteThroughput:0
RealWrittenBytes:0
RealWriteThroughput:0
当前玩家的连接数量:0
当前地图的线程个数：9
当前地图的个数:48
当前数据库执行队列数:0
当前发送队列缓存的对象数量:0
totalMemory：680001536, use ：441526008, free ：238475528DirectMemory：1827143680, 恢复 ：1
当前时间 ：2026-08-21 12:22:19send keng：2418, sheng ：4194304
decode keng：26, sheng ：2097152
world keng：12, sheng ：1048576

2026-08-21 12:22:24.682 INFO [pool-6-thread-8][:] - /****************流量统计******************/
LastReadBytes:0
LastReadThroughput:0
LastWrittenBytes:0
LastWriteThroughput:0
RealWrittenBytes:0
RealWriteThroughput:0
当前玩家的连接数量:0
当前地图的线程个数：9
当前地图的个数:48
当前数据库执行队列数:0
当前发送队列缓存的对象数量:0
totalMemory：680001536, use ：445109512, free ：234892024DirectMemory：1827143680, 恢复 ：1
当前时间 ：2026-08-21 12:22:24send keng：2418, sheng ：4194304
decode keng：26, sheng ：2097152
world keng：12, sheng ：1048576

2026-08-21 12:22:29.682 INFO [pool-6-thread-1][:] - /****************流量统计******************/
LastReadBytes:0
LastReadThroughput:0
LastWrittenBytes:0
LastWriteThroughput:0
RealWrittenBytes:0
RealWriteThroughput:0
当前玩家的连接数量:0
当前地图的线程个数：9
当前地图的个数:48
当前数据库执行队列数:0
当前发送队列缓存的对象数量:0
totalMemory：680001536, use ：448550320, free ：231451216DirectMemory：1827143680, 恢复 ：1
当前时间 ：2026-08-21 12:22:29send keng：2418, sheng ：4194304
decode keng：26, sheng ：2097152
world keng：12, sheng ：1048576

2026-08-21 12:22:34.682 INFO [pool-6-thread-7][:] - /****************流量统计******************/
LastReadBytes:0
LastReadThroughput:0
LastWrittenBytes:0
LastWriteThroughput:0
RealWrittenBytes:0
RealWriteThroughput:0
当前玩家的连接数量:0
当前地图的线程个数：9
当前地图的个数:48
当前数据库执行队列数:0
当前发送队列缓存的对象数量:0
totalMemory：680001536, use ：452176304, free ：227825232DirectMemory：1827143680, 恢复 ：1
当前时间 ：2026-08-21 12:22:34send keng：2418, sheng ：4194304
decode keng：26, sheng ：2097152
world keng：12, sheng ：1048576

2026-08-21 12:22:39.682 INFO [pool-6-thread-7][:] - /****************流量统计******************/
LastReadBytes:0
LastReadThroughput:0
LastWrittenBytes:0
LastWriteThroughput:0
RealWrittenBytes:0
RealWriteThroughput:0
当前玩家的连接数量:0
当前地图的线程个数：9
当前地图的个数:48
当前数据库执行队列数:0
当前发送队列缓存的对象数量:0
totalMemory：680001536, use ：455569176, free ：224432360DirectMemory：1827143680, 恢复 ：1
当前时间 ：2026-08-21 12:22:39send keng：2418, sheng ：4194304
decode keng：26, sheng ：2097152
world keng：12, sheng ：1048576

2026-08-21 12:22:44.683 INFO [pool-6-thread-7][:] - /****************流量统计******************/
LastReadBytes:0
LastReadThroughput:0
LastWrittenBytes:0
LastWriteThroughput:0
RealWrittenBytes:0
RealWriteThroughput:0
当前玩家的连接数量:0
当前地图的线程个数：9
当前地图的个数:48
当前数据库执行队列数:0
当前发送队列缓存的对象数量:0
totalMemory：680001536, use ：459114856, free ：220886680DirectMemory：1827143680, 恢复 ：1
当前时间 ：2026-08-21 12:22:44send keng：2418, sheng ：4194304
decode keng：26, sheng ：2097152
world keng：12, sheng ：1048576

2026-08-21 12:22:49.682 INFO [pool-6-thread-7][:] - /****************流量统计******************/
LastReadBytes:0
LastReadThroughput:0
LastWrittenBytes:0
LastWriteThroughput:0
RealWrittenBytes:0
RealWriteThroughput:0
当前玩家的连接数量:0
当前地图的线程个数：9
当前地图的个数:48
当前数据库执行队列数:0
当前发送队列缓存的对象数量:0
totalMemory：680001536, use ：462505864, free ：217495672DirectMemory：1827143680, 恢复 ：1
当前时间 ：2026-08-21 12:22:49send keng：2418, sheng ：4194304
decode keng：26, sheng ：2097152
world keng：12, sheng ：1048576

2026-08-21 12:22:54.682 INFO [pool-6-thread-3][:] - /****************流量统计******************/
LastReadBytes:0
LastReadThroughput:0
LastWrittenBytes:0
LastWriteThroughput:0
RealWrittenBytes:0
RealWriteThroughput:0
当前玩家的连接数量:0
当前地图的线程个数：9
当前地图的个数:48
当前数据库执行队列数:0
当前发送队列缓存的对象数量:0
totalMemory：680001536, use ：465884296, free ：214117240DirectMemory：1827143680, 恢复 ：1
当前时间 ：2026-08-21 12:22:54send keng：2418, sheng ：4194304
decode keng：26, sheng ：2097152
world keng：12, sheng ：1048576

2026-08-21 12:22:59.682 INFO [pool-6-thread-10][:] - /****************流量统计******************/
LastReadBytes:0
LastReadThroughput:0
LastWrittenBytes:0
LastWriteThroughput:0
RealWrittenBytes:0
RealWriteThroughput:0
当前玩家的连接数量:0
当前地图的线程个数：9
当前地图的个数:48
当前数据库执行队列数:0
当前发送队列缓存的对象数量:0
totalMemory：680001536, use ：422803808, free ：257197728DirectMemory：1827143680, 恢复 ：1
当前时间 ：2026-08-21 12:22:59send keng：2418, sheng ：4194304
decode keng：26, sheng ：2097152
world keng：12, sheng ：1048576

2026-08-21 12:23:04.682 INFO [pool-6-thread-3][:] - /****************流量统计******************/
LastReadBytes:0
LastReadThroughput:0
LastWrittenBytes:0
LastWriteThroughput:0
RealWrittenBytes:0
RealWriteThroughput:0
当前玩家的连接数量:0
当前地图的线程个数：9
当前地图的个数:48
当前数据库执行队列数:0
当前发送队列缓存的对象数量:0
totalMemory：680001536, use ：426331200, free ：253670336DirectMemory：1827143680, 恢复 ：1
当前时间 ：2026-08-21 12:23:04send keng：2418, sheng ：4194304
decode keng：26, sheng ：2097152
world keng：12, sheng ：1048576

2026-08-21 12:23:09.682 INFO [pool-6-thread-2][:] - /****************流量统计******************/
LastReadBytes:0
LastReadThroughput:0
LastWrittenBytes:0
LastWriteThroughput:0
RealWrittenBytes:0
RealWriteThroughput:0
当前玩家的连接数量:0
当前地图的线程个数：9
当前地图的个数:48
当前数据库执行队列数:0
当前发送队列缓存的对象数量:0
totalMemory：680001536, use ：429905528, free ：250096008DirectMemory：1827143680, 恢复 ：1
当前时间 ：2026-08-21 12:23:09send keng：2418, sheng ：4194304
decode keng：26, sheng ：2097152
world keng：12, sheng ：1048576

2026-08-21 12:23:14.685 INFO [pool-6-thread-10][:] - /****************流量统计******************/
LastReadBytes:0
LastReadThroughput:0
LastWrittenBytes:0
LastWriteThroughput:0
RealWrittenBytes:0
RealWriteThroughput:0
当前玩家的连接数量:0
当前地图的线程个数：9
当前地图的个数:48
当前数据库执行队列数:0
当前发送队列缓存的对象数量:0
totalMemory：680001536, use ：433515976, free ：246485560DirectMemory：1827143680, 恢复 ：1
当前时间 ：2026-08-21 12:23:14send keng：2418, sheng ：4194304
decode keng：26, sheng ：2097152
world keng：12, sheng ：1048576

2026-08-21 12:23:19.682 INFO [pool-6-thread-6][:] - /****************流量统计******************/
LastReadBytes:0
LastReadThroughput:0
LastWrittenBytes:0
LastWriteThroughput:0
RealWrittenBytes:0
RealWriteThroughput:0
当前玩家的连接数量:0
当前地图的线程个数：9
当前地图的个数:48
当前数据库执行队列数:0
当前发送队列缓存的对象数量:0
totalMemory：680001536, use ：436869632, free ：243131904DirectMemory：1827143680, 恢复 ：1
当前时间 ：2026-08-21 12:23:19send keng：2418, sheng ：4194304
decode keng：26, sheng ：2097152
world keng：12, sheng ：1048576

2026-08-21 12:23:24.682 INFO [pool-6-thread-8][:] - /****************流量统计******************/
LastReadBytes:0
LastReadThroughput:0
LastWrittenBytes:0
LastWriteThroughput:0
RealWrittenBytes:0
RealWriteThroughput:0
当前玩家的连接数量:0
当前地图的线程个数：9
当前地图的个数:48
当前数据库执行队列数:0
当前发送队列缓存的对象数量:0
totalMemory：680001536, use ：440492664, free ：239508872DirectMemory：1827143680, 恢复 ：1
当前时间 ：2026-08-21 12:23:24send keng：2418, sheng ：4194304
decode keng：26, sheng ：2097152
world keng：12, sheng ：1048576

2026-08-21 12:23:29.682 INFO [pool-6-thread-7][:] - /****************流量统计******************/
LastReadBytes:0
LastReadThroughput:0
LastWrittenBytes:0
LastWriteThroughput:0
RealWrittenBytes:0
RealWriteThroughput:0
当前玩家的连接数量:0
当前地图的线程个数：9
当前地图的个数:48
当前数据库执行队列数:0
当前发送队列缓存的对象数量:0
totalMemory：680001536, use ：443896784, free ：236104752DirectMemory：1827143680, 恢复 ：1
当前时间 ：2026-08-21 12:23:29send keng：2418, sheng ：4194304
decode keng：26, sheng ：2097152
world keng：12, sheng ：1048576

2026-08-21 12:23:34.684 INFO [pool-6-thread-2][:] - /****************流量统计******************/
LastReadBytes:0
LastReadThroughput:0
LastWrittenBytes:0
LastWriteThroughput:0
RealWrittenBytes:0
RealWriteThroughput:0
当前玩家的连接数量:0
当前地图的线程个数：9
当前地图的个数:48
当前数据库执行队列数:0
当前发送队列缓存的对象数量:0
totalMemory：680001536, use ：447561544, free ：232439992DirectMemory：1827143680, 恢复 ：1
当前时间 ：2026-08-21 12:23:34send keng：2418, sheng ：4194304
decode keng：26, sheng ：2097152
world keng：12, sheng ：1048576

2026-08-21 12:23:39.682 INFO [pool-6-thread-5][:] - /****************流量统计******************/
LastReadBytes:0
LastReadThroughput:0
LastWrittenBytes:0
LastWriteThroughput:0
RealWrittenBytes:0
RealWriteThroughput:0
当前玩家的连接数量:0
当前地图的线程个数：9
当前地图的个数:48
当前数据库执行队列数:0
当前发送队列缓存的对象数量:0
totalMemory：680001536, use ：450858024, free ：229143512DirectMemory：1827143680, 恢复 ：1
当前时间 ：2026-08-21 12:23:39send keng：2418, sheng ：4194304
decode keng：26, sheng ：2097152
world keng：12, sheng ：1048576

2026-08-21 12:23:44.682 INFO [pool-6-thread-10][:] - /****************流量统计******************/
LastReadBytes:0
LastReadThroughput:0
LastWrittenBytes:0
LastWriteThroughput:0
RealWrittenBytes:0
RealWriteThroughput:0
当前玩家的连接数量:0
当前地图的线程个数：9
当前地图的个数:48
当前数据库执行队列数:0
当前发送队列缓存的对象数量:0
totalMemory：680001536, use ：454420576, free ：225580960DirectMemory：1827143680, 恢复 ：1
当前时间 ：2026-08-21 12:23:44send keng：2418, sheng ：4194304
decode keng：26, sheng ：2097152
world keng：12, sheng ：1048576

2026-08-21 12:23:49.682 INFO [pool-6-thread-4][:] - /****************流量统计******************/
LastReadBytes:0
LastReadThroughput:0
LastWrittenBytes:0
LastWriteThroughput:0
RealWrittenBytes:0
RealWriteThroughput:0
当前玩家的连接数量:0
当前地图的线程个数：9
当前地图的个数:48
当前数据库执行队列数:0
当前发送队列缓存的对象数量:0
totalMemory：680001536, use ：457902008, free ：222099528DirectMemory：1827143680, 恢复 ：1
当前时间 ：2026-08-21 12:23:49send keng：2418, sheng ：4194304
decode keng：26, sheng ：2097152
world keng：12, sheng ：1048576

2026-08-21 12:23:54.682 INFO [pool-6-thread-7][:] - /****************流量统计******************/
LastReadBytes:0
LastReadThroughput:0
LastWrittenBytes:0
LastWriteThroughput:0
RealWrittenBytes:0
RealWriteThroughput:0
当前玩家的连接数量:0
当前地图的线程个数：9
当前地图的个数:48
当前数据库执行队列数:0
当前发送队列缓存的对象数量:0
totalMemory：680001536, use ：461525432, free ：218476104DirectMemory：1827143680, 恢复 ：1
当前时间 ：2026-08-21 12:23:54send keng：2418, sheng ：4194304
decode keng：26, sheng ：2097152
world keng：12, sheng ：1048576

2026-08-21 12:23:59.682 INFO [pool-6-thread-2][:] - /****************流量统计******************/
LastReadBytes:0
LastReadThroughput:0
LastWrittenBytes:0
LastWriteThroughput:0
RealWrittenBytes:0
RealWriteThroughput:0
当前玩家的连接数量:0
当前地图的线程个数：9
当前地图的个数:48
当前数据库执行队列数:0
当前发送队列缓存的对象数量:0
totalMemory：680001536, use ：464751880, free ：215249656DirectMemory：1827143680, 恢复 ：1
当前时间 ：2026-08-21 12:23:59send keng：2418, sheng ：4194304
decode keng：26, sheng ：2097152
world keng：12, sheng ：1048576

2026-08-21 12:24:04.682 INFO [pool-6-thread-3][:] - /****************流量统计******************/
LastReadBytes:0
LastReadThroughput:0
LastWrittenBytes:0
LastWriteThroughput:0
RealWrittenBytes:0
RealWriteThroughput:0
当前玩家的连接数量:0
当前地图的线程个数：9
当前地图的个数:48
当前数据库执行队列数:0
当前发送队列缓存的对象数量:0
totalMemory：680001536, use ：468622032, free ：211379504DirectMemory：1827143680, 恢复 ：1
当前时间 ：2026-08-21 12:24:04send keng：2418, sheng ：4194304
decode keng：26, sheng ：2097152
world keng：12, sheng ：1048576

2026-08-21 12:24:09.682 INFO [pool-6-thread-3][:] - /****************流量统计******************/
LastReadBytes:0
LastReadThroughput:0
LastWrittenBytes:0
LastWriteThroughput:0
RealWrittenBytes:0
RealWriteThroughput:0
当前玩家的连接数量:0
当前地图的线程个数：9
当前地图的个数:48
当前数据库执行队列数:0
当前发送队列缓存的对象数量:0
totalMemory：680001536, use ：425282888, free ：254718648DirectMemory：1827143680, 恢复 ：1
当前时间 ：2026-08-21 12:24:09send keng：2418, sheng ：4194304
decode keng：26, sheng ：2097152
world keng：12, sheng ：1048576

2026-08-21 12:24:14.682 INFO [pool-6-thread-3][:] - /****************流量统计******************/
LastReadBytes:0
LastReadThroughput:0
LastWrittenBytes:0
LastWriteThroughput:0
RealWrittenBytes:0
RealWriteThroughput:0
当前玩家的连接数量:0
当前地图的线程个数：9
当前地图的个数:48
当前数据库执行队列数:0
当前发送队列缓存的对象数量:0
totalMemory：680001536, use ：428755952, free ：251245584DirectMemory：1827143680, 恢复 ：1
当前时间 ：2026-08-21 12:24:14send keng：2418, sheng ：4194304
decode keng：26, sheng ：2097152
world keng：12, sheng ：1048576

2026-08-21 12:24:19.682 INFO [pool-6-thread-10][:] - /****************流量统计******************/
LastReadBytes:0
LastReadThroughput:0
LastWrittenBytes:0
LastWriteThroughput:0
RealWrittenBytes:0
RealWriteThroughput:0
当前玩家的连接数量:0
当前地图的线程个数：9
当前地图的个数:48
当前数据库执行队列数:0
当前发送队列缓存的对象数量:0
totalMemory：680001536, use ：432261792, free ：247739744DirectMemory：1827143680, 恢复 ：1
当前时间 ：2026-08-21 12:24:19send keng：2418, sheng ：4194304
decode keng：26, sheng ：2097152
world keng：12, sheng ：1048576

2026-08-21 12:24:24.682 INFO [pool-6-thread-9][:] - /****************流量统计******************/
LastReadBytes:0
LastReadThroughput:0
LastWrittenBytes:0
LastWriteThroughput:0
RealWrittenBytes:0
RealWriteThroughput:0
当前玩家的连接数量:0
当前地图的线程个数：9
当前地图的个数:48
当前数据库执行队列数:0
当前发送队列缓存的对象数量:0
totalMemory：680001536, use ：435689496, free ：244312040DirectMemory：1827143680, 恢复 ：1
当前时间 ：2026-08-21 12:24:24send keng：2418, sheng ：4194304
decode keng：26, sheng ：2097152
world keng：12, sheng ：1048576

2026-08-21 12:24:29.682 INFO [pool-6-thread-6][:] - /****************流量统计******************/
LastReadBytes:0
LastReadThroughput:0
LastWrittenBytes:0
LastWriteThroughput:0
RealWrittenBytes:0
RealWriteThroughput:0
当前玩家的连接数量:0
当前地图的线程个数：9
当前地图的个数:48
当前数据库执行队列数:0
当前发送队列缓存的对象数量:0
totalMemory：680001536, use ：439153248, free ：240848288DirectMemory：1827143680, 恢复 ：1
当前时间 ：2026-08-21 12:24:29send keng：2418, sheng ：4194304
decode keng：26, sheng ：2097152
world keng：12, sheng ：1048576

2026-08-21 12:24:34.682 INFO [pool-6-thread-6][:] - /****************流量统计******************/
LastReadBytes:0
LastReadThroughput:0
LastWrittenBytes:0
LastWriteThroughput:0
RealWrittenBytes:0
RealWriteThroughput:0
当前玩家的连接数量:0
当前地图的线程个数：9
当前地图的个数:48
当前数据库执行队列数:0
当前发送队列缓存的对象数量:0
totalMemory：680001536, use ：442884712, free ：237116824DirectMemory：1827143680, 恢复 ：1
当前时间 ：2026-08-21 12:24:34send keng：2418, sheng ：4194304
decode keng：26, sheng ：2097152
world keng：12, sheng ：1048576

2026-08-21 12:24:39.682 INFO [pool-6-thread-5][:] - /****************流量统计******************/
LastReadBytes:0
LastReadThroughput:0
LastWrittenBytes:0
LastWriteThroughput:0
RealWrittenBytes:0
RealWriteThroughput:0
当前玩家的连接数量:0
当前地图的线程个数：9
当前地图的个数:48
当前数据库执行队列数:0
当前发送队列缓存的对象数量:0
totalMemory：680001536, use ：446064584, free ：233936952DirectMemory：1827143680, 恢复 ：1
当前时间 ：2026-08-21 12:24:39send keng：2418, sheng ：4194304
decode keng：26, sheng ：2097152
world keng：12, sheng ：1048576

2026-08-21 12:24:44.682 INFO [pool-6-thread-2][:] - /****************流量统计******************/
LastReadBytes:0
LastReadThroughput:0
LastWrittenBytes:0
LastWriteThroughput:0
RealWrittenBytes:0
RealWriteThroughput:0
当前玩家的连接数量:0
当前地图的线程个数：9
当前地图的个数:48
当前数据库执行队列数:0
当前发送队列缓存的对象数量:0
totalMemory：680001536, use ：449795216, free ：230206320DirectMemory：1827143680, 恢复 ：1
当前时间 ：2026-08-21 12:24:44send keng：2418, sheng ：4194304
decode keng：26, sheng ：2097152
world keng：12, sheng ：1048576

2026-08-21 12:24:49.682 INFO [pool-6-thread-3][:] - /****************流量统计******************/
LastReadBytes:0
LastReadThroughput:0
LastWrittenBytes:0
LastWriteThroughput:0
RealWrittenBytes:0
RealWriteThroughput:0
当前玩家的连接数量:0
当前地图的线程个数：9
当前地图的个数:48
当前数据库执行队列数:0
当前发送队列缓存的对象数量:0
totalMemory：680001536, use ：453224288, free ：226777248DirectMemory：1827143680, 恢复 ：1
当前时间 ：2026-08-21 12:24:49send keng：2418, sheng ：4194304
decode keng：26, sheng ：2097152
world keng：12, sheng ：1048576

2026-08-21 12:24:54.682 INFO [pool-6-thread-9][:] - /****************流量统计******************/
LastReadBytes:0
LastReadThroughput:0
LastWrittenBytes:0
LastWriteThroughput:0
RealWrittenBytes:0
RealWriteThroughput:0
当前玩家的连接数量:0
当前地图的线程个数：9
当前地图的个数:48
当前数据库执行队列数:0
当前发送队列缓存的对象数量:0
totalMemory：680001536, use ：456894072, free ：223107464DirectMemory：1827143680, 恢复 ：1
当前时间 ：2026-08-21 12:24:54send keng：2418, sheng ：4194304
decode keng：26, sheng ：2097152
world keng：12, sheng ：1048576

2026-08-21 12:24:59.682 INFO [pool-6-thread-2][:] - /****************流量统计******************/
LastReadBytes:0
LastReadThroughput:0
LastWrittenBytes:0
LastWriteThroughput:0
RealWrittenBytes:0
RealWriteThroughput:0
当前玩家的连接数量:0
当前地图的线程个数：9
当前地图的个数:48
当前数据库执行队列数:0
当前发送队列缓存的对象数量:0
totalMemory：680001536, use ：460095912, free ：219905624DirectMemory：1827143680, 恢复 ：1
当前时间 ：2026-08-21 12:24:59send keng：2418, sheng ：4194304
decode keng：26, sheng ：2097152
world keng：12, sheng ：1048576

2026-08-21 12:25:04.682 INFO [pool-6-thread-10][:] - /****************流量统计******************/
LastReadBytes:0
LastReadThroughput:0
LastWrittenBytes:0
LastWriteThroughput:0
RealWrittenBytes:0
RealWriteThroughput:0
当前玩家的连接数量:0
当前地图的线程个数：9
当前地图的个数:48
当前数据库执行队列数:0
当前发送队列缓存的对象数量:0
totalMemory：680001536, use ：463773576, free ：216227960DirectMemory：1827143680, 恢复 ：1
当前时间 ：2026-08-21 12:25:04send keng：2418, sheng ：4194304
decode keng：26, sheng ：2097152
world keng：12, sheng ：1048576

2026-08-21 12:25:09.682 INFO [pool-6-thread-8][:] - /****************流量统计******************/
LastReadBytes:0
LastReadThroughput:0
LastWrittenBytes:0
LastWriteThroughput:0
RealWrittenBytes:0
RealWriteThroughput:0
当前玩家的连接数量:0
当前地图的线程个数：9
当前地图的个数:48
当前数据库执行队列数:0
当前发送队列缓存的对象数量:0
totalMemory：680001536, use ：467150920, free ：212850616DirectMemory：1827143680, 恢复 ：1
当前时间 ：2026-08-21 12:25:09send keng：2418, sheng ：4194304
decode keng：26, sheng ：2097152
world keng：12, sheng ：1048576

2026-08-21 12:25:14.682 INFO [pool-6-thread-5][:] - /****************流量统计******************/
LastReadBytes:0
LastReadThroughput:0
LastWrittenBytes:0
LastWriteThroughput:0
RealWrittenBytes:0
RealWriteThroughput:0
当前玩家的连接数量:0
当前地图的线程个数：9
当前地图的个数:48
当前数据库执行队列数:0
当前发送队列缓存的对象数量:0
totalMemory：680001536, use ：424011624, free ：255989912DirectMemory：1827143680, 恢复 ：1
当前时间 ：2026-08-21 12:25:14send keng：2418, sheng ：4194304
decode keng：26, sheng ：2097152
world keng：12, sheng ：1048576

2026-08-21 12:25:19.682 INFO [pool-6-thread-6][:] - /****************流量统计******************/
LastReadBytes:0
LastReadThroughput:0
LastWrittenBytes:0
LastWriteThroughput:0
RealWrittenBytes:0
RealWriteThroughput:0
当前玩家的连接数量:0
当前地图的线程个数：9
当前地图的个数:48
当前数据库执行队列数:0
当前发送队列缓存的对象数量:0
totalMemory：680001536, use ：427402504, free ：252599032DirectMemory：1827143680, 恢复 ：1
当前时间 ：2026-08-21 12:25:19send keng：2418, sheng ：4194304
decode keng：26, sheng ：2097152
world keng：12, sheng ：1048576

2026-08-21 12:25:24.683 INFO [pool-6-thread-6][:] - /****************流量统计******************/
LastReadBytes:0
LastReadThroughput:0
LastWrittenBytes:0
LastWriteThroughput:0
RealWrittenBytes:0
RealWriteThroughput:0
当前玩家的连接数量:0
当前地图的线程个数：9
当前地图的个数:48
当前数据库执行队列数:0
当前发送队列缓存的对象数量:0
totalMemory：680001536, use ：430885192, free ：249116344DirectMemory：1827143680, 恢复 ：1
当前时间 ：2026-08-21 12:25:24send keng：2418, sheng ：4194304
decode keng：26, sheng ：2097152
world keng：12, sheng ：1048576

2026-08-21 12:25:29.682 INFO [pool-6-thread-5][:] - /****************流量统计******************/
LastReadBytes:0
LastReadThroughput:0
LastWrittenBytes:0
LastWriteThroughput:0
RealWrittenBytes:0
RealWriteThroughput:0
当前玩家的连接数量:0
当前地图的线程个数：9
当前地图的个数:48
当前数据库执行队列数:0
当前发送队列缓存的对象数量:0
totalMemory：680001536, use ：434435504, free ：245566032DirectMemory：1827143680, 恢复 ：1
当前时间 ：2026-08-21 12:25:29send keng：2418, sheng ：4194304
decode keng：26, sheng ：2097152
world keng：12, sheng ：1048576

2026-08-21 12:25:34.682 INFO [pool-6-thread-1][:] - /****************流量统计******************/
LastReadBytes:0
LastReadThroughput:0
LastWrittenBytes:0
LastWriteThroughput:0
RealWrittenBytes:0
RealWriteThroughput:0
当前玩家的连接数量:0
当前地图的线程个数：9
当前地图的个数:48
当前数据库执行队列数:0
当前发送队列缓存的对象数量:0
totalMemory：680001536, use ：438155920, free ：241845616DirectMemory：1827143680, 恢复 ：1
当前时间 ：2026-08-21 12:25:34send keng：2418, sheng ：4194304
decode keng：26, sheng ：2097152
world keng：12, sheng ：1048576

2026-08-21 12:25:39.682 INFO [pool-6-thread-3][:] - /****************流量统计******************/
LastReadBytes:0
LastReadThroughput:0
LastWrittenBytes:0
LastWriteThroughput:0
RealWrittenBytes:0
RealWriteThroughput:0
当前玩家的连接数量:0
当前地图的线程个数：9
当前地图的个数:48
当前数据库执行队列数:0
当前发送队列缓存的对象数量:0
totalMemory：680001536, use ：441355168, free ：238646368DirectMemory：1827143680, 恢复 ：1
当前时间 ：2026-08-21 12:25:39send keng：2418, sheng ：4194304
decode keng：26, sheng ：2097152
world keng：12, sheng ：1048576

2026-08-21 12:25:44.682 INFO [pool-6-thread-3][:] - /****************流量统计******************/
LastReadBytes:0
LastReadThroughput:0
LastWrittenBytes:0
LastWriteThroughput:0
RealWrittenBytes:0
RealWriteThroughput:0
当前玩家的连接数量:0
当前地图的线程个数：9
当前地图的个数:48
当前数据库执行队列数:0
当前发送队列缓存的对象数量:0
totalMemory：680001536, use ：445067728, free ：234933808DirectMemory：1827143680, 恢复 ：1
当前时间 ：2026-08-21 12:25:44send keng：2418, sheng ：4194304
decode keng：26, sheng ：2097152
world keng：12, sheng ：1048576

2026-08-21 12:25:49.683 INFO [pool-6-thread-5][:] - /****************流量统计******************/
LastReadBytes:0
LastReadThroughput:0
LastWrittenBytes:0
LastWriteThroughput:0
RealWrittenBytes:0
RealWriteThroughput:0
当前玩家的连接数量:0
当前地图的线程个数：9
当前地图的个数:48
当前数据库执行队列数:0
当前发送队列缓存的对象数量:0
totalMemory：680001536, use ：448490952, free ：231510584DirectMemory：1827143680, 恢复 ：1
当前时间 ：2026-08-21 12:25:49send keng：2418, sheng ：4194304
decode keng：26, sheng ：2097152
world keng：12, sheng ：1048576

2026-08-21 12:25:54.683 INFO [pool-6-thread-8][:] - /****************流量统计******************/
LastReadBytes:0
LastReadThroughput:0
LastWrittenBytes:0
LastWriteThroughput:0
RealWrittenBytes:0
RealWriteThroughput:0
当前玩家的连接数量:0
当前地图的线程个数：9
当前地图的个数:48
当前数据库执行队列数:0
当前发送队列缓存的对象数量:0
totalMemory：680001536, use ：451909872, free ：228091664DirectMemory：1827143680, 恢复 ：1
当前时间 ：2026-08-21 12:25:54send keng：2418, sheng ：4194304
decode keng：26, sheng ：2097152
world keng：12, sheng ：1048576

2026-08-21 12:25:59.682 INFO [pool-6-thread-8][:] - /****************流量统计******************/
LastReadBytes:0
LastReadThroughput:0
LastWrittenBytes:0
LastWriteThroughput:0
RealWrittenBytes:0
RealWriteThroughput:0
当前玩家的连接数量:0
当前地图的线程个数：9
当前地图的个数:48
当前数据库执行队列数:0
当前发送队列缓存的对象数量:0
totalMemory：680001536, use ：455228056, free ：224773480DirectMemory：1827143680, 恢复 ：1
当前时间 ：2026-08-21 12:25:59send keng：2418, sheng ：4194304
decode keng：26, sheng ：2097152
world keng：12, sheng ：1048576

2026-08-21 12:26:04.682 INFO [pool-6-thread-8][:] - /****************流量统计******************/
LastReadBytes:0
LastReadThroughput:0
LastWrittenBytes:0
LastWriteThroughput:0
RealWrittenBytes:0
RealWriteThroughput:0
当前玩家的连接数量:0
当前地图的线程个数：9
当前地图的个数:48
当前数据库执行队列数:0
当前发送队列缓存的对象数量:0
totalMemory：680001536, use ：458846528, free ：221155008DirectMemory：1827143680, 恢复 ：1
当前时间 ：2026-08-21 12:26:04send keng：2418, sheng ：4194304
decode keng：26, sheng ：2097152
world keng：12, sheng ：1048576

2026-08-21 12:26:09.682 INFO [pool-6-thread-6][:] - /****************流量统计******************/
LastReadBytes:0
LastReadThroughput:0
LastWrittenBytes:0
LastWriteThroughput:0
RealWrittenBytes:0
RealWriteThroughput:0
当前玩家的连接数量:0
当前地图的线程个数：9
当前地图的个数:48
当前数据库执行队列数:0
当前发送队列缓存的对象数量:0
totalMemory：680001536, use ：462143280, free ：217858256DirectMemory：1827143680, 恢复 ：1
当前时间 ：2026-08-21 12:26:09send keng：2418, sheng ：4194304
decode keng：26, sheng ：2097152
world keng：12, sheng ：1048576

2026-08-21 12:26:14.682 INFO [pool-6-thread-9][:] - /****************流量统计******************/
LastReadBytes:0
LastReadThroughput:0
LastWrittenBytes:0
LastWriteThroughput:0
RealWrittenBytes:0
RealWriteThroughput:0
当前玩家的连接数量:0
当前地图的线程个数：9
当前地图的个数:48
当前数据库执行队列数:0
当前发送队列缓存的对象数量:0
totalMemory：680001536, use ：465807888, free ：214193648DirectMemory：1827143680, 恢复 ：1
当前时间 ：2026-08-21 12:26:14send keng：2418, sheng ：4194304
decode keng：26, sheng ：2097152
world keng：12, sheng ：1048576

2026-08-21 12:26:19.682 INFO [pool-6-thread-2][:] - /****************流量统计******************/
LastReadBytes:0
LastReadThroughput:0
LastWrittenBytes:0
LastWriteThroughput:0
RealWrittenBytes:0
RealWriteThroughput:0
当前玩家的连接数量:0
当前地图的线程个数：9
当前地图的个数:48
当前数据库执行队列数:0
当前发送队列缓存的对象数量:0
totalMemory：680001536, use ：422748680, free ：257252856DirectMemory：1827143680, 恢复 ：1
当前时间 ：2026-08-21 12:26:19send keng：2418, sheng ：4194304
decode keng：26, sheng ：2097152
world keng：12, sheng ：1048576

2026-08-21 12:26:24.682 INFO [pool-6-thread-10][:] - /****************流量统计******************/
LastReadBytes:0
LastReadThroughput:0
LastWrittenBytes:0
LastWriteThroughput:0
RealWrittenBytes:0
RealWriteThroughput:0
当前玩家的连接数量:0
当前地图的线程个数：9
当前地图的个数:48
当前数据库执行队列数:0
当前发送队列缓存的对象数量:0
totalMemory：680001536, use ：426089840, free ：253911696DirectMemory：1827143680, 恢复 ：1
当前时间 ：2026-08-21 12:26:24send keng：2418, sheng ：4194304
decode keng：26, sheng ：2097152
world keng：12, sheng ：1048576

2026-08-21 12:26:29.682 INFO [pool-6-thread-9][:] - /****************流量统计******************/
LastReadBytes:0
LastReadThroughput:0
LastWrittenBytes:0
LastWriteThroughput:0
RealWrittenBytes:0
RealWriteThroughput:0
当前玩家的连接数量:0
当前地图的线程个数：9
当前地图的个数:48
当前数据库执行队列数:0
当前发送队列缓存的对象数量:0
totalMemory：680001536, use ：429708736, free ：250292800DirectMemory：1827143680, 恢复 ：1
当前时间 ：2026-08-21 12:26:29send keng：2418, sheng ：4194304
decode keng：26, sheng ：2097152
world keng：12, sheng ：1048576

2026-08-21 12:26:34.682 INFO [pool-6-thread-6][:] - /****************流量统计******************/
LastReadBytes:0
LastReadThroughput:0
LastWrittenBytes:0
LastWriteThroughput:0
RealWrittenBytes:0
RealWriteThroughput:0
当前玩家的连接数量:0
当前地图的线程个数：9
当前地图的个数:48
当前数据库执行队列数:0
当前发送队列缓存的对象数量:0
totalMemory：680001536, use ：433009392, free ：246992144DirectMemory：1827143680, 恢复 ：1
当前时间 ：2026-08-21 12:26:34send keng：2418, sheng ：4194304
decode keng：26, sheng ：2097152
world keng：12, sheng ：1048576

2026-08-21 12:26:39.682 INFO [pool-6-thread-10][:] - /****************流量统计******************/
LastReadBytes:0
LastReadThroughput:0
LastWrittenBytes:0
LastWriteThroughput:0
RealWrittenBytes:0
RealWriteThroughput:0
当前玩家的连接数量:0
当前地图的线程个数：9
当前地图的个数:48
当前数据库执行队列数:0
当前发送队列缓存的对象数量:0
totalMemory：680001536, use ：436618184, free ：243383352DirectMemory：1827143680, 恢复 ：1
当前时间 ：2026-08-21 12:26:39send keng：2418, sheng ：4194304
decode keng：26, sheng ：2097152
world keng：12, sheng ：1048576

2026-08-21 12:26:44.682 INFO [pool-6-thread-7][:] - /****************流量统计******************/
LastReadBytes:0
LastReadThroughput:0
LastWrittenBytes:0
LastWriteThroughput:0
RealWrittenBytes:0
RealWriteThroughput:0
当前玩家的连接数量:0
当前地图的线程个数：9
当前地图的个数:48
当前数据库执行队列数:0
当前发送队列缓存的对象数量:0
totalMemory：680001536, use ：440077952, free ：239923584DirectMemory：1827143680, 恢复 ：1
当前时间 ：2026-08-21 12:26:44send keng：2418, sheng ：4194304
decode keng：26, sheng ：2097152
world keng：12, sheng ：1048576

2026-08-21 12:26:49.682 INFO [pool-6-thread-7][:] - /****************流量统计******************/
LastReadBytes:0
LastReadThroughput:0
LastWrittenBytes:0
LastWriteThroughput:0
RealWrittenBytes:0
RealWriteThroughput:0
当前玩家的连接数量:0
当前地图的线程个数：9
当前地图的个数:48
当前数据库执行队列数:0
当前发送队列缓存的对象数量:0
totalMemory：680001536, use ：443615448, free ：236386088DirectMemory：1827143680, 恢复 ：1
当前时间 ：2026-08-21 12:26:49send keng：2418, sheng ：4194304
decode keng：26, sheng ：2097152
world keng：12, sheng ：1048576

2026-08-21 12:26:54.682 INFO [pool-6-thread-4][:] - /****************流量统计******************/
LastReadBytes:0
LastReadThroughput:0
LastWrittenBytes:0
LastWriteThroughput:0
RealWrittenBytes:0
RealWriteThroughput:0
当前玩家的连接数量:0
当前地图的线程个数：9
当前地图的个数:48
当前数据库执行队列数:0
当前发送队列缓存的对象数量:0
totalMemory：680001536, use ：447043552, free ：232957984DirectMemory：1827143680, 恢复 ：1
当前时间 ：2026-08-21 12:26:54send keng：2418, sheng ：4194304
decode keng：26, sheng ：2097152
world keng：12, sheng ：1048576

2026-08-21 12:26:59.682 INFO [pool-6-thread-7][:] - /****************流量统计******************/
LastReadBytes:0
LastReadThroughput:0
LastWrittenBytes:0
LastWriteThroughput:0
RealWrittenBytes:0
RealWriteThroughput:0
当前玩家的连接数量:0
当前地图的线程个数：9
当前地图的个数:48
当前数据库执行队列数:0
当前发送队列缓存的对象数量:0
totalMemory：680001536, use ：450280112, free ：229721424DirectMemory：1827143680, 恢复 ：1
当前时间 ：2026-08-21 12:26:59send keng：2418, sheng ：4194304
decode keng：26, sheng ：2097152
world keng：12, sheng ：1048576

2026-08-21 12:27:04.682 INFO [pool-6-thread-3][:] - /****************流量统计******************/
LastReadBytes:0
LastReadThroughput:0
LastWrittenBytes:0
LastWriteThroughput:0
RealWrittenBytes:0
RealWriteThroughput:0
当前玩家的连接数量:0
当前地图的线程个数：9
当前地图的个数:48
当前数据库执行队列数:0
当前发送队列缓存的对象数量:0
totalMemory：680001536, use ：454030304, free ：225971232DirectMemory：1827143680, 恢复 ：1
当前时间 ：2026-08-21 12:27:04send keng：2418, sheng ：4194304
decode keng：26, sheng ：2097152
world keng：12, sheng ：1048576

2026-08-21 12:27:09.682 INFO [pool-6-thread-7][:] - /****************流量统计******************/
LastReadBytes:0
LastReadThroughput:0
LastWrittenBytes:0
LastWriteThroughput:0
RealWrittenBytes:0
RealWriteThroughput:0
当前玩家的连接数量:0
当前地图的线程个数：9
当前地图的个数:48
当前数据库执行队列数:0
当前发送队列缓存的对象数量:0
totalMemory：680001536, use ：457332296, free ：222669240DirectMemory：1827143680, 恢复 ：1
当前时间 ：2026-08-21 12:27:09send keng：2418, sheng ：4194304
decode keng：26, sheng ：2097152
world keng：12, sheng ：1048576

2026-08-21 12:27:14.682 INFO [pool-6-thread-8][:] - /****************流量统计******************/
LastReadBytes:0
LastReadThroughput:0
LastWrittenBytes:0
LastWriteThroughput:0
RealWrittenBytes:0
RealWriteThroughput:0
当前玩家的连接数量:0
当前地图的线程个数：9
当前地图的个数:48
当前数据库执行队列数:0
当前发送队列缓存的对象数量:0
totalMemory：680001536, use ：461105728, free ：218895808DirectMemory：1827143680, 恢复 ：1
当前时间 ：2026-08-21 12:27:14send keng：2418, sheng ：4194304
decode keng：26, sheng ：2097152
world keng：12, sheng ：1048576

2026-08-21 12:27:19.682 INFO [pool-6-thread-4][:] - /****************流量统计******************/
LastReadBytes:0
LastReadThroughput:0
LastWrittenBytes:0
LastWriteThroughput:0
RealWrittenBytes:0
RealWriteThroughput:0
当前玩家的连接数量:0
当前地图的线程个数：9
当前地图的个数:48
当前数据库执行队列数:0
当前发送队列缓存的对象数量:0
totalMemory：680001536, use ：464578896, free ：215422640DirectMemory：1827143680, 恢复 ：1
当前时间 ：2026-08-21 12:27:19send keng：2418, sheng ：4194304
decode keng：26, sheng ：2097152
world keng：12, sheng ：1048576

2026-08-21 12:27:24.682 INFO [pool-6-thread-2][:] - /****************流量统计******************/
LastReadBytes:0
LastReadThroughput:0
LastWrittenBytes:0
LastWriteThroughput:0
RealWrittenBytes:0
RealWriteThroughput:0
当前玩家的连接数量:0
当前地图的线程个数：9
当前地图的个数:48
当前数据库执行队列数:0
当前发送队列缓存的对象数量:0
totalMemory：680001536, use ：468156696, free ：211844840DirectMemory：1827143680, 恢复 ：1
当前时间 ：2026-08-21 12:27:24send keng：2418, sheng ：4194304
decode keng：26, sheng ：2097152
world keng：12, sheng ：1048576

2026-08-21 12:27:29.682 INFO [pool-6-thread-5][:] - /****************流量统计******************/
LastReadBytes:0
LastReadThroughput:0
LastWrittenBytes:0
LastWriteThroughput:0
RealWrittenBytes:0
RealWriteThroughput:0
当前玩家的连接数量:0
当前地图的线程个数：9
当前地图的个数:48
当前数据库执行队列数:0
当前发送队列缓存的对象数量:0
totalMemory：680001536, use ：424937616, free ：255063920DirectMemory：1827143680, 恢复 ：1
当前时间 ：2026-08-21 12:27:29send keng：2418, sheng ：4194304
decode keng：26, sheng ：2097152
world keng：12, sheng ：1048576

2026-08-21 12:27:34.682 INFO [pool-6-thread-7][:] - /****************流量统计******************/
LastReadBytes:0
LastReadThroughput:0
LastWrittenBytes:0
LastWriteThroughput:0
RealWrittenBytes:0
RealWriteThroughput:0
当前玩家的连接数量:0
当前地图的线程个数：9
当前地图的个数:48
当前数据库执行队列数:0
当前发送队列缓存的对象数量:0
totalMemory：680001536, use ：428297856, free ：251703680DirectMemory：1827143680, 恢复 ：1
当前时间 ：2026-08-21 12:27:34send keng：2418, sheng ：4194304
decode keng：26, sheng ：2097152
world keng：12, sheng ：1048576

2026-08-21 12:27:39.682 INFO [pool-6-thread-4][:] - /****************流量统计******************/
LastReadBytes:0
LastReadThroughput:0
LastWrittenBytes:0
LastWriteThroughput:0
RealWrittenBytes:0
RealWriteThroughput:0
当前玩家的连接数量:0
当前地图的线程个数：9
当前地图的个数:48
当前数据库执行队列数:0
当前发送队列缓存的对象数量:0
totalMemory：680001536, use ：431974024, free ：248027512DirectMemory：1827143680, 恢复 ：1
当前时间 ：2026-08-21 12:27:39send keng：2418, sheng ：4194304
decode keng：26, sheng ：2097152
world keng：12, sheng ：1048576

2026-08-21 12:27:44.682 INFO [pool-6-thread-2][:] - /****************流量统计******************/
LastReadBytes:0
LastReadThroughput:0
LastWrittenBytes:0
LastWriteThroughput:0
RealWrittenBytes:0
RealWriteThroughput:0
当前玩家的连接数量:0
当前地图的线程个数：9
当前地图的个数:48
当前数据库执行队列数:0
当前发送队列缓存的对象数量:0
totalMemory：680001536, use ：435349896, free ：244651640DirectMemory：1827143680, 恢复 ：1
当前时间 ：2026-08-21 12:27:44send keng：2418, sheng ：4194304
decode keng：26, sheng ：2097152
world keng：12, sheng ：1048576

2026-08-21 12:27:49.682 INFO [pool-6-thread-6][:] - /****************流量统计******************/
LastReadBytes:0
LastReadThroughput:0
LastWrittenBytes:0
LastWriteThroughput:0
RealWrittenBytes:0
RealWriteThroughput:0
当前玩家的连接数量:0
当前地图的线程个数：9
当前地图的个数:48
当前数据库执行队列数:0
当前发送队列缓存的对象数量:0
totalMemory：680001536, use ：438943680, free ：241057856DirectMemory：1827143680, 恢复 ：1
当前时间 ：2026-08-21 12:27:49send keng：2418, sheng ：4194304
decode keng：26, sheng ：2097152
world keng：12, sheng ：1048576

2026-08-21 12:27:54.682 INFO [pool-6-thread-5][:] - /****************流量统计******************/
LastReadBytes:0
LastReadThroughput:0
LastWrittenBytes:0
LastWriteThroughput:0
RealWrittenBytes:0
RealWriteThroughput:0
当前玩家的连接数量:0
当前地图的线程个数：9
当前地图的个数:48
当前数据库执行队列数:0
当前发送队列缓存的对象数量:0
totalMemory：680001536, use ：442302480, free ：237699056DirectMemory：1827143680, 恢复 ：1
当前时间 ：2026-08-21 12:27:54send keng：2418, sheng ：4194304
decode keng：26, sheng ：2097152
world keng：12, sheng ：1048576

2026-08-21 12:27:59.682 INFO [pool-6-thread-5][:] - /****************流量统计******************/
LastReadBytes:0
LastReadThroughput:0
LastWrittenBytes:0
LastWriteThroughput:0
RealWrittenBytes:0
RealWriteThroughput:0
当前玩家的连接数量:0
当前地图的线程个数：9
当前地图的个数:48
当前数据库执行队列数:0
当前发送队列缓存的对象数量:0
totalMemory：680001536, use ：445783688, free ：234217848DirectMemory：1827143680, 恢复 ：1
当前时间 ：2026-08-21 12:27:59send keng：2418, sheng ：4194304
decode keng：26, sheng ：2097152
world keng：12, sheng ：1048576

2026-08-21 12:28:04.682 INFO [pool-6-thread-8][:] - /****************流量统计******************/
LastReadBytes:0
LastReadThroughput:0
LastWrittenBytes:0
LastWriteThroughput:0
RealWrittenBytes:0
RealWriteThroughput:0
当前玩家的连接数量:0
当前地图的线程个数：9
当前地图的个数:48
当前数据库执行队列数:0
当前发送队列缓存的对象数量:0
totalMemory：680001536, use ：449259808, free ：230741728DirectMemory：1827143680, 恢复 ：1
当前时间 ：2026-08-21 12:28:04send keng：2418, sheng ：4194304
decode keng：26, sheng ：2097152
world keng：12, sheng ：1048576

2026-08-21 12:28:09.682 INFO [pool-6-thread-1][:] - /****************流量统计******************/
LastReadBytes:0
LastReadThroughput:0
LastWrittenBytes:0
LastWriteThroughput:0
RealWrittenBytes:0
RealWriteThroughput:0
当前玩家的连接数量:0
当前地图的线程个数：9
当前地图的个数:48
当前数据库执行队列数:0
当前发送队列缓存的对象数量:0
totalMemory：680001536, use ：452751496, free ：227250040DirectMemory：1827143680, 恢复 ：1
当前时间 ：2026-08-21 12:28:09send keng：2418, sheng ：4194304
decode keng：26, sheng ：2097152
world keng：12, sheng ：1048576

2026-08-21 12:28:14.682 INFO [pool-6-thread-4][:] - /****************流量统计******************/
LastReadBytes:0
LastReadThroughput:0
LastWrittenBytes:0
LastWriteThroughput:0
RealWrittenBytes:0
RealWriteThroughput:0
当前玩家的连接数量:0
当前地图的线程个数：9
当前地图的个数:48
当前数据库执行队列数:0
当前发送队列缓存的对象数量:0
totalMemory：680001536, use ：456394368, free ：223607168DirectMemory：1827143680, 恢复 ：1
当前时间 ：2026-08-21 12:28:14send keng：2418, sheng ：4194304
decode keng：26, sheng ：2097152
world keng：12, sheng ：1048576

2026-08-21 12:28:19.682 INFO [pool-6-thread-10][:] - /****************流量统计******************/
LastReadBytes:0
LastReadThroughput:0
LastWrittenBytes:0
LastWriteThroughput:0
RealWrittenBytes:0
RealWriteThroughput:0
当前玩家的连接数量:0
当前地图的线程个数：9
当前地图的个数:48
当前数据库执行队列数:0
当前发送队列缓存的对象数量:0
totalMemory：680001536, use ：459781920, free ：220219616DirectMemory：1827143680, 恢复 ：1
当前时间 ：2026-08-21 12:28:19send keng：2418, sheng ：4194304
decode keng：26, sheng ：2097152
world keng：12, sheng ：1048576

2026-08-21 12:28:24.682 INFO [pool-6-thread-8][:] - /****************流量统计******************/
LastReadBytes:0
LastReadThroughput:0
LastWrittenBytes:0
LastWriteThroughput:0
RealWrittenBytes:0
RealWriteThroughput:0
当前玩家的连接数量:0
当前地图的线程个数：9
当前地图的个数:48
当前数据库执行队列数:0
当前发送队列缓存的对象数量:0
totalMemory：680001536, use ：463524960, free ：216476576DirectMemory：1827143680, 恢复 ：1
当前时间 ：2026-08-21 12:28:24send keng：2418, sheng ：4194304
decode keng：26, sheng ：2097152
world keng：12, sheng ：1048576

2026-08-21 12:28:29.683 INFO [pool-6-thread-5][:] - /****************流量统计******************/
LastReadBytes:0
LastReadThroughput:0
LastWrittenBytes:0
LastWriteThroughput:0
RealWrittenBytes:0
RealWriteThroughput:0
当前玩家的连接数量:0
当前地图的线程个数：9
当前地图的个数:48
当前数据库执行队列数:0
当前发送队列缓存的对象数量:0
totalMemory：680001536, use ：466864624, free ：213136912DirectMemory：1827143680, 恢复 ：1
当前时间 ：2026-08-21 12:28:29send keng：2418, sheng ：4194304
decode keng：26, sheng ：2097152
world keng：12, sheng ：1048576

2026-08-21 12:28:34.682 INFO [pool-6-thread-3][:] - /****************流量统计******************/
LastReadBytes:0
LastReadThroughput:0
LastWrittenBytes:0
LastWriteThroughput:0
RealWrittenBytes:0
RealWriteThroughput:0
当前玩家的连接数量:0
当前地图的线程个数：9
当前地图的个数:48
当前数据库执行队列数:0
当前发送队列缓存的对象数量:0
totalMemory：680001536, use ：423747136, free ：256254400DirectMemory：1827143680, 恢复 ：1
当前时间 ：2026-08-21 12:28:34send keng：2418, sheng ：4194304
decode keng：26, sheng ：2097152
world keng：12, sheng ：1048576

2026-08-21 12:28:39.682 INFO [pool-6-thread-10][:] - /****************流量统计******************/
LastReadBytes:0
LastReadThroughput:0
LastWrittenBytes:0
LastWriteThroughput:0
RealWrittenBytes:0
RealWriteThroughput:0
当前玩家的连接数量:0
当前地图的线程个数：9
当前地图的个数:48
当前数据库执行队列数:0
当前发送队列缓存的对象数量:0
totalMemory：680001536, use ：427494960, free ：252506576DirectMemory：1827143680, 恢复 ：1
当前时间 ：2026-08-21 12:28:39send keng：2418, sheng ：4194304
decode keng：26, sheng ：2097152
world keng：12, sheng ：1048576

2026-08-21 12:28:44.682 INFO [pool-6-thread-10][:] - /****************流量统计******************/
LastReadBytes:0
LastReadThroughput:0
LastWrittenBytes:0
LastWriteThroughput:0
RealWrittenBytes:0
RealWriteThroughput:0
当前玩家的连接数量:0
当前地图的线程个数：9
当前地图的个数:48
当前数据库执行队列数:0
当前发送队列缓存的对象数量:0
totalMemory：680001536, use ：430794352, free ：249207184DirectMemory：1827143680, 恢复 ：1
当前时间 ：2026-08-21 12:28:44send keng：2418, sheng ：4194304
decode keng：26, sheng ：2097152
world keng：12, sheng ：1048576

2026-08-21 12:28:49.682 INFO [pool-6-thread-3][:] - /****************流量统计******************/
LastReadBytes:0
LastReadThroughput:0
LastWrittenBytes:0
LastWriteThroughput:0
RealWrittenBytes:0
RealWriteThroughput:0
当前玩家的连接数量:0
当前地图的线程个数：9
当前地图的个数:48
当前数据库执行队列数:0
当前发送队列缓存的对象数量:0
totalMemory：680001536, use ：434439672, free ：245561864DirectMemory：1827143680, 恢复 ：1
当前时间 ：2026-08-21 12:28:49send keng：2418, sheng ：4194304
decode keng：26, sheng ：2097152
world keng：12, sheng ：1048576

2026-08-21 12:28:54.682 INFO [pool-6-thread-10][:] - /****************流量统计******************/
LastReadBytes:0
LastReadThroughput:0
LastWrittenBytes:0
LastWriteThroughput:0
RealWrittenBytes:0
RealWriteThroughput:0
当前玩家的连接数量:0
当前地图的线程个数：9
当前地图的个数:48
当前数据库执行队列数:0
当前发送队列缓存的对象数量:0
totalMemory：680001536, use ：437826384, free ：242175152DirectMemory：1827143680, 恢复 ：1
当前时间 ：2026-08-21 12:28:54send keng：2418, sheng ：4194304
decode keng：26, sheng ：2097152
world keng：12, sheng ：1048576

2026-08-21 12:28:59.682 INFO [pool-6-thread-1][:] - /****************流量统计******************/
LastReadBytes:0
LastReadThroughput:0
LastWrittenBytes:0
LastWriteThroughput:0
RealWrittenBytes:0
RealWriteThroughput:0
当前玩家的连接数量:0
当前地图的线程个数：9
当前地图的个数:48
当前数据库执行队列数:0
当前发送队列缓存的对象数量:0
totalMemory：680001536, use ：441408040, free ：238593496DirectMemory：1827143680, 恢复 ：1
当前时间 ：2026-08-21 12:28:59send keng：2418, sheng ：4194304
decode keng：26, sheng ：2097152
world keng：12, sheng ：1048576

2026-08-21 12:29:04.682 INFO [pool-6-thread-1][:] - /****************流量统计******************/
LastReadBytes:0
LastReadThroughput:0
LastWrittenBytes:0
LastWriteThroughput:0
RealWrittenBytes:0
RealWriteThroughput:0
当前玩家的连接数量:0
当前地图的线程个数：9
当前地图的个数:48
当前数据库执行队列数:0
当前发送队列缓存的对象数量:0
totalMemory：680001536, use ：445049992, free ：234951544DirectMemory：1827143680, 恢复 ：1
当前时间 ：2026-08-21 12:29:04send keng：2418, sheng ：4194304
decode keng：26, sheng ：2097152
world keng：12, sheng ：1048576

2026-08-21 12:29:09.682 INFO [pool-6-thread-2][:] - /****************流量统计******************/
LastReadBytes:0
LastReadThroughput:0
LastWrittenBytes:0
LastWriteThroughput:0
RealWrittenBytes:0
RealWriteThroughput:0
当前玩家的连接数量:0
当前地图的线程个数：9
当前地图的个数:48
当前数据库执行队列数:0
当前发送队列缓存的对象数量:0
totalMemory：680001536, use ：448451984, free ：231549552DirectMemory：1827143680, 恢复 ：1
当前时间 ：2026-08-21 12:29:09send keng：2418, sheng ：4194304
decode keng：26, sheng ：2097152
world keng：12, sheng ：1048576

2026-08-21 12:29:14.682 INFO [pool-6-thread-8][:] - /****************流量统计******************/
LastReadBytes:0
LastReadThroughput:0
LastWrittenBytes:0
LastWriteThroughput:0
RealWrittenBytes:0
RealWriteThroughput:0
当前玩家的连接数量:0
当前地图的线程个数：9
当前地图的个数:48
当前数据库执行队列数:0
当前发送队列缓存的对象数量:0
totalMemory：680001536, use ：452019192, free ：227982344DirectMemory：1827143680, 恢复 ：1
当前时间 ：2026-08-21 12:29:14send keng：2418, sheng ：4194304
decode keng：26, sheng ：2097152
world keng：12, sheng ：1048576

2026-08-21 12:29:19.682 INFO [pool-6-thread-2][:] - /****************流量统计******************/
LastReadBytes:0
LastReadThroughput:0
LastWrittenBytes:0
LastWriteThroughput:0
RealWrittenBytes:0
RealWriteThroughput:0
当前玩家的连接数量:0
当前地图的线程个数：9
当前地图的个数:48
当前数据库执行队列数:0
当前发送队列缓存的对象数量:0
totalMemory：680001536, use ：455358688, free ：224642848DirectMemory：1827143680, 恢复 ：1
当前时间 ：2026-08-21 12:29:19send keng：2418, sheng ：4194304
decode keng：26, sheng ：2097152
world keng：12, sheng ：1048576

2026-08-21 12:29:24.682 INFO [pool-6-thread-4][:] - /****************流量统计******************/
LastReadBytes:0
LastReadThroughput:0
LastWrittenBytes:0
LastWriteThroughput:0
RealWrittenBytes:0
RealWriteThroughput:0
当前玩家的连接数量:0
当前地图的线程个数：9
当前地图的个数:48
当前数据库执行队列数:0
当前发送队列缓存的对象数量:0
totalMemory：680001536, use ：459042208, free ：220959328DirectMemory：1827143680, 恢复 ：1
当前时间 ：2026-08-21 12:29:24send keng：2418, sheng ：4194304
decode keng：26, sheng ：2097152
world keng：12, sheng ：1048576

2026-08-21 12:29:29.682 INFO [pool-6-thread-6][:] - /****************流量统计******************/
LastReadBytes:0
LastReadThroughput:0
LastWrittenBytes:0
LastWriteThroughput:0
RealWrittenBytes:0
RealWriteThroughput:0
当前玩家的连接数量:0
当前地图的线程个数：9
当前地图的个数:48
当前数据库执行队列数:0
当前发送队列缓存的对象数量:0
totalMemory：680001536, use ：462501336, free ：217500200DirectMemory：1827143680, 恢复 ：1
当前时间 ：2026-08-21 12:29:29send keng：2418, sheng ：4194304
decode keng：26, sheng ：2097152
world keng：12, sheng ：1048576

2026-08-21 12:29:34.682 INFO [pool-6-thread-2][:] - /****************流量统计******************/
LastReadBytes:0
LastReadThroughput:0
LastWrittenBytes:0
LastWriteThroughput:0
RealWrittenBytes:0
RealWriteThroughput:0
当前玩家的连接数量:0
当前地图的线程个数：9
当前地图的个数:48
当前数据库执行队列数:0
当前发送队列缓存的对象数量:0
totalMemory：680001536, use ：465860856, free ：214140680DirectMemory：1827143680, 恢复 ：1
当前时间 ：2026-08-21 12:29:34send keng：2418, sheng ：4194304
decode keng：26, sheng ：2097152
world keng：12, sheng ：1048576

2026-08-21 12:29:39.682 INFO [pool-6-thread-2][:] - /****************流量统计******************/
LastReadBytes:0
LastReadThroughput:0
LastWrittenBytes:0
LastWriteThroughput:0
RealWrittenBytes:0
RealWriteThroughput:0
当前玩家的连接数量:0
当前地图的线程个数：9
当前地图的个数:48
当前数据库执行队列数:0
当前发送队列缓存的对象数量:0
totalMemory：680001536, use ：422710760, free ：257290776DirectMemory：1827143680, 恢复 ：1
当前时间 ：2026-08-21 12:29:39send keng：2418, sheng ：4194304
decode keng：26, sheng ：2097152
world keng：12, sheng ：1048576

2026-08-21 12:29:44.682 INFO [pool-6-thread-3][:] - /****************流量统计******************/
LastReadBytes:0
LastReadThroughput:0
LastWrittenBytes:0
LastWriteThroughput:0
RealWrittenBytes:0
RealWriteThroughput:0
当前玩家的连接数量:0
当前地图的线程个数：9
当前地图的个数:48
当前数据库执行队列数:0
当前发送队列缓存的对象数量:0
totalMemory：680001536, use ：426047864, free ：253953672DirectMemory：1827143680, 恢复 ：1
当前时间 ：2026-08-21 12:29:44send keng：2418, sheng ：4194304
decode keng：26, sheng ：2097152
world keng：12, sheng ：1048576

2026-08-21 12:29:49.682 INFO [pool-6-thread-8][:] - /****************流量统计******************/
LastReadBytes:0
LastReadThroughput:0
LastWrittenBytes:0
LastWriteThroughput:0
RealWrittenBytes:0
RealWriteThroughput:0
当前玩家的连接数量:0
当前地图的线程个数：9
当前地图的个数:48
当前数据库执行队列数:0
当前发送队列缓存的对象数量:0
totalMemory：680001536, use ：429619336, free ：250382200DirectMemory：1827143680, 恢复 ：1
当前时间 ：2026-08-21 12:29:49send keng：2418, sheng ：4194304
decode keng：26, sheng ：2097152
world keng：12, sheng ：1048576

2026-08-21 12:29:54.682 INFO [pool-6-thread-6][:] - /****************流量统计******************/
LastReadBytes:0
LastReadThroughput:0
LastWrittenBytes:0
LastWriteThroughput:0
RealWrittenBytes:0
RealWriteThroughput:0
当前玩家的连接数量:0
当前地图的线程个数：9
当前地图的个数:48
当前数据库执行队列数:0
当前发送队列缓存的对象数量:0
totalMemory：680001536, use ：432899688, free ：247101848DirectMemory：1827143680, 恢复 ：1
当前时间 ：2026-08-21 12:29:54send keng：2418, sheng ：4194304
decode keng：26, sheng ：2097152
world keng：12, sheng ：1048576

2026-08-21 12:29:59.682 INFO [pool-6-thread-4][:] - /****************流量统计******************/
LastReadBytes:0
LastReadThroughput:0
LastWrittenBytes:0
LastWriteThroughput:0
RealWrittenBytes:0
RealWriteThroughput:0
当前玩家的连接数量:0
当前地图的线程个数：9
当前地图的个数:48
当前数据库执行队列数:0
当前发送队列缓存的对象数量:0
totalMemory：680001536, use ：436505208, free ：243496328DirectMemory：1827143680, 恢复 ：1
当前时间 ：2026-08-21 12:29:59send keng：2418, sheng ：4194304
decode keng：26, sheng ：2097152
world keng：12, sheng ：1048576

2026-08-21 12:30:04.682 INFO [pool-6-thread-10][:] - /****************流量统计******************/
LastReadBytes:0
LastReadThroughput:0
LastWrittenBytes:0
LastWriteThroughput:0
RealWrittenBytes:0
RealWriteThroughput:0
当前玩家的连接数量:0
当前地图的线程个数：9
当前地图的个数:48
当前数据库执行队列数:0
当前发送队列缓存的对象数量:0
totalMemory：680001536, use ：440145008, free ：239856528DirectMemory：1827143680, 恢复 ：1
当前时间 ：2026-08-21 12:30:04send keng：2418, sheng ：4194304
decode keng：26, sheng ：2097152
world keng：12, sheng ：1048576

2026-08-21 12:30:09.682 INFO [pool-6-thread-8][:] - /****************流量统计******************/
LastReadBytes:0
LastReadThroughput:0
LastWrittenBytes:0
LastWriteThroughput:0
RealWrittenBytes:0
RealWriteThroughput:0
当前玩家的连接数量:0
当前地图的线程个数：9
当前地图的个数:48
当前数据库执行队列数:0
当前发送队列缓存的对象数量:0
totalMemory：680001536, use ：443535312, free ：236466224DirectMemory：1827143680, 恢复 ：1
当前时间 ：2026-08-21 12:30:09send keng：2418, sheng ：4194304
decode keng：26, sheng ：2097152
world keng：12, sheng ：1048576

2026-08-21 12:30:14.682 INFO [pool-6-thread-2][:] - /****************流量统计******************/
LastReadBytes:0
LastReadThroughput:0
LastWrittenBytes:0
LastWriteThroughput:0
RealWrittenBytes:0
RealWriteThroughput:0
当前玩家的连接数量:0
当前地图的线程个数：9
当前地图的个数:48
当前数据库执行队列数:0
当前发送队列缓存的对象数量:0
totalMemory：680001536, use ：447050440, free ：232951096DirectMemory：1827143680, 恢复 ：1
当前时间 ：2026-08-21 12:30:14send keng：2418, sheng ：4194304
decode keng：26, sheng ：2097152
world keng：12, sheng ：1048576

2026-08-21 12:30:19.682 INFO [pool-6-thread-5][:] - /****************流量统计******************/
LastReadBytes:0
LastReadThroughput:0
LastWrittenBytes:0
LastWriteThroughput:0
RealWrittenBytes:0
RealWriteThroughput:0
当前玩家的连接数量:0
当前地图的线程个数：9
当前地图的个数:48
当前数据库执行队列数:0
当前发送队列缓存的对象数量:0
totalMemory：680001536, use ：450728192, free ：229273344DirectMemory：1827143680, 恢复 ：1
当前时间 ：2026-08-21 12:30:19send keng：2418, sheng ：4194304
decode keng：26, sheng ：2097152
world keng：12, sheng ：1048576

2026-08-21 12:30:24.682 INFO [pool-6-thread-2][:] - /****************流量统计******************/
LastReadBytes:0
LastReadThroughput:0
LastWrittenBytes:0
LastWriteThroughput:0
RealWrittenBytes:0
RealWriteThroughput:0
当前玩家的连接数量:0
当前地图的线程个数：9
当前地图的个数:48
当前数据库执行队列数:0
当前发送队列缓存的对象数量:0
totalMemory：680001536, use ：454218400, free ：225783136DirectMemory：1827143680, 恢复 ：1
当前时间 ：2026-08-21 12:30:24send keng：2418, sheng ：4194304
decode keng：26, sheng ：2097152
world keng：12, sheng ：1048576

2026-08-21 12:30:29.682 INFO [pool-6-thread-8][:] - /****************流量统计******************/
LastReadBytes:0
LastReadThroughput:0
LastWrittenBytes:0
LastWriteThroughput:0
RealWrittenBytes:0
RealWriteThroughput:0
当前玩家的连接数量:0
当前地图的线程个数：9
当前地图的个数:48
当前数据库执行队列数:0
当前发送队列缓存的对象数量:0
totalMemory：680001536, use ：457511016, free ：222490520DirectMemory：1827143680, 恢复 ：1
当前时间 ：2026-08-21 12:30:29send keng：2418, sheng ：4194304
decode keng：26, sheng ：2097152
world keng：12, sheng ：1048576

2026-08-21 12:30:34.682 INFO [pool-6-thread-2][:] - /****************流量统计******************/
LastReadBytes:0
LastReadThroughput:0
LastWrittenBytes:0
LastWriteThroughput:0
RealWrittenBytes:0
RealWriteThroughput:0
当前玩家的连接数量:0
当前地图的线程个数：9
当前地图的个数:48
当前数据库执行队列数:0
当前发送队列缓存的对象数量:0
totalMemory：680001536, use ：461113456, free ：218888080DirectMemory：1827143680, 恢复 ：1
当前时间 ：2026-08-21 12:30:34send keng：2418, sheng ：4194304
decode keng：26, sheng ：2097152
world keng：12, sheng ：1048576

2026-08-21 12:30:39.682 INFO [pool-6-thread-3][:] - /****************流量统计******************/
LastReadBytes:0
LastReadThroughput:0
LastWrittenBytes:0
LastWriteThroughput:0
RealWrittenBytes:0
RealWriteThroughput:0
当前玩家的连接数量:0
当前地图的线程个数：9
当前地图的个数:48
当前数据库执行队列数:0
当前发送队列缓存的对象数量:0
totalMemory：680001536, use ：464584640, free ：215416896DirectMemory：1827143680, 恢复 ：1
当前时间 ：2026-08-21 12:30:39send keng：2418, sheng ：4194304
decode keng：26, sheng ：2097152
world keng：12, sheng ：1048576

2026-08-21 12:30:44.682 INFO [pool-6-thread-10][:] - /****************流量统计******************/
LastReadBytes:0
LastReadThroughput:0
LastWrittenBytes:0
LastWriteThroughput:0
RealWrittenBytes:0
RealWriteThroughput:0
当前玩家的连接数量:0
当前地图的线程个数：9
当前地图的个数:48
当前数据库执行队列数:0
当前发送队列缓存的对象数量:0
totalMemory：680001536, use ：468256056, free ：211745480DirectMemory：1827143680, 恢复 ：1
当前时间 ：2026-08-21 12:30:44send keng：2418, sheng ：4194304
decode keng：26, sheng ：2097152
world keng：12, sheng ：1048576

2026-08-21 12:30:49.682 INFO [pool-6-thread-6][:] - /****************流量统计******************/
LastReadBytes:0
LastReadThroughput:0
LastWrittenBytes:0
LastWriteThroughput:0
RealWrittenBytes:0
RealWriteThroughput:0
当前玩家的连接数量:0
当前地图的线程个数：9
当前地图的个数:48
当前数据库执行队列数:0
当前发送队列缓存的对象数量:0
totalMemory：680001536, use ：425106952, free ：254894584DirectMemory：1827143680, 恢复 ：1
当前时间 ：2026-08-21 12:30:49send keng：2418, sheng ：4194304
decode keng：26, sheng ：2097152
world keng：12, sheng ：1048576

2026-08-21 12:30:54.682 INFO [pool-6-thread-3][:] - /****************流量统计******************/
LastReadBytes:0
LastReadThroughput:0
LastWrittenBytes:0
LastWriteThroughput:0
RealWrittenBytes:0
RealWriteThroughput:0
当前玩家的连接数量:0
当前地图的线程个数：9
当前地图的个数:48
当前数据库执行队列数:0
当前发送队列缓存的对象数量:0
totalMemory：680001536, use ：428252320, free ：251749216DirectMemory：1827143680, 恢复 ：1
当前时间 ：2026-08-21 12:30:54send keng：2418, sheng ：4194304
decode keng：26, sheng ：2097152
world keng：12, sheng ：1048576

2026-08-21 12:30:59.682 INFO [pool-6-thread-7][:] - /****************流量统计******************/
LastReadBytes:0
LastReadThroughput:0
LastWrittenBytes:0
LastWriteThroughput:0
RealWrittenBytes:0
RealWriteThroughput:0
当前玩家的连接数量:0
当前地图的线程个数：9
当前地图的个数:48
当前数据库执行队列数:0
当前发送队列缓存的对象数量:0
totalMemory：680001536, use ：431906184, free ：248095352DirectMemory：1827143680, 恢复 ：1
当前时间 ：2026-08-21 12:30:59send keng：2418, sheng ：4194304
decode keng：26, sheng ：2097152
world keng：12, sheng ：1048576

2026-08-21 12:31:04.682 INFO [pool-6-thread-6][:] - /****************流量统计******************/
LastReadBytes:0
LastReadThroughput:0
LastWrittenBytes:0
LastWriteThroughput:0
RealWrittenBytes:0
RealWriteThroughput:0
当前玩家的连接数量:0
当前地图的线程个数：9
当前地图的个数:48
当前数据库执行队列数:0
当前发送队列缓存的对象数量:0
totalMemory：680001536, use ：435436656, free ：244564880DirectMemory：1827143680, 恢复 ：1
当前时间 ：2026-08-21 12:31:04send keng：2418, sheng ：4194304
decode keng：26, sheng ：2097152
world keng：12, sheng ：1048576

2026-08-21 12:31:09.682 INFO [pool-6-thread-3][:] - /****************流量统计******************/
LastReadBytes:0
LastReadThroughput:0
LastWrittenBytes:0
LastWriteThroughput:0
RealWrittenBytes:0
RealWriteThroughput:0
当前玩家的连接数量:0
当前地图的线程个数：9
当前地图的个数:48
当前数据库执行队列数:0
当前发送队列缓存的对象数量:0
totalMemory：680001536, use ：439174984, free ：240826552DirectMemory：1827143680, 恢复 ：1
当前时间 ：2026-08-21 12:31:09send keng：2418, sheng ：4194304
decode keng：26, sheng ：2097152
world keng：12, sheng ：1048576

2026-08-21 12:31:14.682 INFO [pool-6-thread-7][:] - /****************流量统计******************/
LastReadBytes:0
LastReadThroughput:0
LastWrittenBytes:0
LastWriteThroughput:0
RealWrittenBytes:0
RealWriteThroughput:0
当前玩家的连接数量:0
当前地图的线程个数：9
当前地图的个数:48
当前数据库执行队列数:0
当前发送队列缓存的对象数量:0
totalMemory：680001536, use ：442625424, free ：237376112DirectMemory：1827143680, 恢复 ：1
当前时间 ：2026-08-21 12:31:14send keng：2418, sheng ：4194304
decode keng：26, sheng ：2097152
world keng：12, sheng ：1048576

2026-08-21 12:31:19.682 INFO [pool-6-thread-6][:] - /****************流量统计******************/
LastReadBytes:0
LastReadThroughput:0
LastWrittenBytes:0
LastWriteThroughput:0
RealWrittenBytes:0
RealWriteThroughput:0
当前玩家的连接数量:0
当前地图的线程个数：9
当前地图的个数:48
当前数据库执行队列数:0
当前发送队列缓存的对象数量:0
totalMemory：680001536, use ：446012728, free ：233988808DirectMemory：1827143680, 恢复 ：1
当前时间 ：2026-08-21 12:31:19send keng：2418, sheng ：4194304
decode keng：26, sheng ：2097152
world keng：12, sheng ：1048576

2026-08-21 12:31:24.682 INFO [pool-6-thread-10][:] - /****************流量统计******************/
LastReadBytes:0
LastReadThroughput:0
LastWrittenBytes:0
LastWriteThroughput:0
RealWrittenBytes:0
RealWriteThroughput:0
当前玩家的连接数量:0
当前地图的线程个数：9
当前地图的个数:48
当前数据库执行队列数:0
当前发送队列缓存的对象数量:0
totalMemory：680001536, use ：449816032, free ：230185504DirectMemory：1827143680, 恢复 ：1
当前时间 ：2026-08-21 12:31:24send keng：2418, sheng ：4194304
decode keng：26, sheng ：2097152
world keng：12, sheng ：1048576

2026-08-21 12:31:29.682 INFO [pool-6-thread-7][:] - /****************流量统计******************/
LastReadBytes:0
LastReadThroughput:0
LastWrittenBytes:0
LastWriteThroughput:0
RealWrittenBytes:0
RealWriteThroughput:0
当前玩家的连接数量:0
当前地图的线程个数：9
当前地图的个数:48
当前数据库执行队列数:0
当前发送队列缓存的对象数量:0
totalMemory：680001536, use ：453098000, free ：226903536DirectMemory：1827143680, 恢复 ：1
当前时间 ：2026-08-21 12:31:29send keng：2418, sheng ：4194304
decode keng：26, sheng ：2097152
world keng：12, sheng ：1048576

2026-08-21 12:31:34.682 INFO [pool-6-thread-8][:] - /****************流量统计******************/
LastReadBytes:0
LastReadThroughput:0
LastWrittenBytes:0
LastWriteThroughput:0
RealWrittenBytes:0
RealWriteThroughput:0
当前玩家的连接数量:0
当前地图的线程个数：9
当前地图的个数:48
当前数据库执行队列数:0
当前发送队列缓存的对象数量:0
totalMemory：680001536, use ：456718392, free ：223283144DirectMemory：1827143680, 恢复 ：1
当前时间 ：2026-08-21 12:31:34send keng：2418, sheng ：4194304
decode keng：26, sheng ：2097152
world keng：12, sheng ：1048576

2026-08-21 12:31:39.682 INFO [pool-6-thread-9][:] - /****************流量统计******************/
LastReadBytes:0
LastReadThroughput:0
LastWrittenBytes:0
LastWriteThroughput:0
RealWrittenBytes:0
RealWriteThroughput:0
当前玩家的连接数量:0
当前地图的线程个数：9
当前地图的个数:48
当前数据库执行队列数:0
当前发送队列缓存的对象数量:0
totalMemory：680001536, use ：460190760, free ：219810776DirectMemory：1827143680, 恢复 ：1
当前时间 ：2026-08-21 12:31:39send keng：2418, sheng ：4194304
decode keng：26, sheng ：2097152
world keng：12, sheng ：1048576

2026-08-21 12:31:44.682 INFO [pool-6-thread-8][:] - /****************流量统计******************/
LastReadBytes:0
LastReadThroughput:0
LastWrittenBytes:0
LastWriteThroughput:0
RealWrittenBytes:0
RealWriteThroughput:0
当前玩家的连接数量:0
当前地图的线程个数：9
当前地图的个数:48
当前数据库执行队列数:0
当前发送队列缓存的对象数量:0
totalMemory：680001536, use ：463795496, free ：216206040DirectMemory：1827143680, 恢复 ：1
当前时间 ：2026-08-21 12:31:44send keng：2418, sheng ：4194304
decode keng：26, sheng ：2097152
world keng：12, sheng ：1048576

2026-08-21 12:31:49.682 INFO [pool-6-thread-7][:] - /****************流量统计******************/
LastReadBytes:0
LastReadThroughput:0
LastWrittenBytes:0
LastWriteThroughput:0
RealWrittenBytes:0
RealWriteThroughput:0
当前玩家的连接数量:0
当前地图的线程个数：9
当前地图的个数:48
当前数据库执行队列数:0
当前发送队列缓存的对象数量:0
totalMemory：680001536, use ：467280960, free ：212720576DirectMemory：1827143680, 恢复 ：1
当前时间 ：2026-08-21 12:31:49send keng：2418, sheng ：4194304
decode keng：26, sheng ：2097152
world keng：12, sheng ：1048576

2026-08-21 12:31:54.682 INFO [pool-6-thread-9][:] - /****************流量统计******************/
LastReadBytes:0
LastReadThroughput:0
LastWrittenBytes:0
LastWriteThroughput:0
RealWrittenBytes:0
RealWriteThroughput:0
当前玩家的连接数量:0
当前地图的线程个数：9
当前地图的个数:48
当前数据库执行队列数:0
当前发送队列缓存的对象数量:0
totalMemory：680001536, use ：423904448, free ：256097088DirectMemory：1827143680, 恢复 ：1
当前时间 ：2026-08-21 12:31:54send keng：2418, sheng ：4194304
decode keng：26, sheng ：2097152
world keng：12, sheng ：1048576

2026-08-21 12:31:59.682 INFO [pool-6-thread-1][:] - /****************流量统计******************/
LastReadBytes:0
LastReadThroughput:0
LastWrittenBytes:0
LastWriteThroughput:0
RealWrittenBytes:0
RealWriteThroughput:0
当前玩家的连接数量:0
当前地图的线程个数：9
当前地图的个数:48
当前数据库执行队列数:0
当前发送队列缓存的对象数量:0
totalMemory：680001536, use ：427480992, free ：252520544DirectMemory：1827143680, 恢复 ：1
当前时间 ：2026-08-21 12:31:59send keng：2418, sheng ：4194304
decode keng：26, sheng ：2097152
world keng：12, sheng ：1048576

2026-08-21 12:32:04.682 INFO [pool-6-thread-10][:] - /****************流量统计******************/
LastReadBytes:0
LastReadThroughput:0
LastWrittenBytes:0
LastWriteThroughput:0
RealWrittenBytes:0
RealWriteThroughput:0
当前玩家的连接数量:0
当前地图的线程个数：9
当前地图的个数:48
当前数据库执行队列数:0
当前发送队列缓存的对象数量:0
totalMemory：680001536, use ：431101632, free ：248899904DirectMemory：1827143680, 恢复 ：1
当前时间 ：2026-08-21 12:32:04send keng：2418, sheng ：4194304
decode keng：26, sheng ：2097152
world keng：12, sheng ：1048576

2026-08-21 12:32:09.682 INFO [pool-6-thread-3][:] - /****************流量统计******************/
LastReadBytes:0
LastReadThroughput:0
LastWrittenBytes:0
LastWriteThroughput:0
RealWrittenBytes:0
RealWriteThroughput:0
当前玩家的连接数量:0
当前地图的线程个数：9
当前地图的个数:48
当前数据库执行队列数:0
当前发送队列缓存的对象数量:0
totalMemory：680001536, use ：434622592, free ：245378944DirectMemory：1827143680, 恢复 ：1
当前时间 ：2026-08-21 12:32:09send keng：2418, sheng ：4194304
decode keng：26, sheng ：2097152
world keng：12, sheng ：1048576

2026-08-21 12:32:14.682 INFO [pool-6-thread-2][:] - /****************流量统计******************/
LastReadBytes:0
LastReadThroughput:0
LastWrittenBytes:0
LastWriteThroughput:0
RealWrittenBytes:0
RealWriteThroughput:0
当前玩家的连接数量:0
当前地图的线程个数：9
当前地图的个数:48
当前数据库执行队列数:0
当前发送队列缓存的对象数量:0
totalMemory：680001536, use ：438251992, free ：241749544DirectMemory：1827143680, 恢复 ：1
当前时间 ：2026-08-21 12:32:14send keng：2418, sheng ：4194304
decode keng：26, sheng ：2097152
world keng：12, sheng ：1048576

2026-08-21 12:32:19.682 INFO [pool-6-thread-9][:] - /****************流量统计******************/
LastReadBytes:0
LastReadThroughput:0
LastWrittenBytes:0
LastWriteThroughput:0
RealWrittenBytes:0
RealWriteThroughput:0
当前玩家的连接数量:0
当前地图的线程个数：9
当前地图的个数:48
当前数据库执行队列数:0
当前发送队列缓存的对象数量:0
totalMemory：680001536, use ：441691392, free ：238310144DirectMemory：1827143680, 恢复 ：1
当前时间 ：2026-08-21 12:32:19send keng：2418, sheng ：4194304
decode keng：26, sheng ：2097152
world keng：12, sheng ：1048576

2026-08-21 12:32:24.682 INFO [pool-6-thread-10][:] - /****************流量统计******************/
LastReadBytes:0
LastReadThroughput:0
LastWrittenBytes:0
LastWriteThroughput:0
RealWrittenBytes:0
RealWriteThroughput:0
当前玩家的连接数量:0
当前地图的线程个数：9
当前地图的个数:48
当前数据库执行队列数:0
当前发送队列缓存的对象数量:0
totalMemory：680001536, use ：445240200, free ：234761336DirectMemory：1827143680, 恢复 ：1
当前时间 ：2026-08-21 12:32:24send keng：2418, sheng ：4194304
decode keng：26, sheng ：2097152
world keng：12, sheng ：1048576

2026-08-21 12:32:29.682 INFO [pool-6-thread-3][:] - /****************流量统计******************/
LastReadBytes:0
LastReadThroughput:0
LastWrittenBytes:0
LastWriteThroughput:0
RealWrittenBytes:0
RealWriteThroughput:0
当前玩家的连接数量:0
当前地图的线程个数：9
当前地图的个数:48
当前数据库执行队列数:0
当前发送队列缓存的对象数量:0
totalMemory：680001536, use ：448593416, free ：231408120DirectMemory：1827143680, 恢复 ：1
当前时间 ：2026-08-21 12:32:29send keng：2418, sheng ：4194304
decode keng：26, sheng ：2097152
world keng：12, sheng ：1048576

2026-08-21 12:32:34.682 INFO [pool-6-thread-4][:] - /****************流量统计******************/
LastReadBytes:0
LastReadThroughput:0
LastWrittenBytes:0
LastWriteThroughput:0
RealWrittenBytes:0
RealWriteThroughput:0
当前玩家的连接数量:0
当前地图的线程个数：9
当前地图的个数:48
当前数据库执行队列数:0
当前发送队列缓存的对象数量:0
totalMemory：680001536, use ：452332208, free ：227669328DirectMemory：1827143680, 恢复 ：1
当前时间 ：2026-08-21 12:32:34send keng：2418, sheng ：4194304
decode keng：26, sheng ：2097152
world keng：12, sheng ：1048576

2026-08-21 12:32:39.682 INFO [pool-6-thread-8][:] - /****************流量统计******************/
LastReadBytes:0
LastReadThroughput:0
LastWrittenBytes:0
LastWriteThroughput:0
RealWrittenBytes:0
RealWriteThroughput:0
当前玩家的连接数量:0
当前地图的线程个数：9
当前地图的个数:48
当前数据库执行队列数:0
当前发送队列缓存的对象数量:0
totalMemory：680001536, use ：455557672, free ：224443864DirectMemory：1827143680, 恢复 ：1
当前时间 ：2026-08-21 12:32:39send keng：2418, sheng ：4194304
decode keng：26, sheng ：2097152
world keng：12, sheng ：1048576

2026-08-21 12:32:44.682 INFO [pool-6-thread-8][:] - /****************流量统计******************/
LastReadBytes:0
LastReadThroughput:0
LastWrittenBytes:0
LastWriteThroughput:0
RealWrittenBytes:0
RealWriteThroughput:0
当前玩家的连接数量:0
当前地图的线程个数：9
当前地图的个数:48
当前数据库执行队列数:0
当前发送队列缓存的对象数量:0
totalMemory：680001536, use ：459118208, free ：220883328DirectMemory：1827143680, 恢复 ：1
当前时间 ：2026-08-21 12:32:44send keng：2418, sheng ：4194304
decode keng：26, sheng ：2097152
world keng：12, sheng ：1048576

2026-08-21 12:32:49.682 INFO [pool-6-thread-3][:] - /****************流量统计******************/
LastReadBytes:0
LastReadThroughput:0
LastWrittenBytes:0
LastWriteThroughput:0
RealWrittenBytes:0
RealWriteThroughput:0
当前玩家的连接数量:0
当前地图的线程个数：9
当前地图的个数:48
当前数据库执行队列数:0
当前发送队列缓存的对象数量:0
totalMemory：680001536, use ：462439424, free ：217562112DirectMemory：1827143680, 恢复 ：1
当前时间 ：2026-08-21 12:32:49send keng：2418, sheng ：4194304
decode keng：26, sheng ：2097152
world keng：12, sheng ：1048576

2026-08-21 12:32:54.682 INFO [pool-6-thread-7][:] - /****************流量统计******************/
LastReadBytes:0
LastReadThroughput:0
LastWrittenBytes:0
LastWriteThroughput:0
RealWrittenBytes:0
RealWriteThroughput:0
当前玩家的连接数量:0
当前地图的线程个数：9
当前地图的个数:48
当前数据库执行队列数:0
当前发送队列缓存的对象数量:0
totalMemory：680001536, use ：466141936, free ：213859600DirectMemory：1827143680, 恢复 ：1
当前时间 ：2026-08-21 12:32:54send keng：2418, sheng ：4194304
decode keng：26, sheng ：2097152
world keng：12, sheng ：1048576

2026-08-21 12:32:59.682 INFO [pool-6-thread-10][:] - /****************流量统计******************/
LastReadBytes:0
LastReadThroughput:0
LastWrittenBytes:0
LastWriteThroughput:0
RealWrittenBytes:0
RealWriteThroughput:0
当前玩家的连接数量:0
当前地图的线程个数：9
当前地图的个数:48
当前数据库执行队列数:0
当前发送队列缓存的对象数量:0
totalMemory：680001536, use ：422934240, free ：257067296DirectMemory：1827143680, 恢复 ：1
当前时间 ：2026-08-21 12:32:59send keng：2418, sheng ：4194304
decode keng：26, sheng ：2097152
world keng：12, sheng ：1048576

2026-08-21 12:33:04.682 INFO [pool-6-thread-3][:] - /****************流量统计******************/
LastReadBytes:0
LastReadThroughput:0
LastWrittenBytes:0
LastWriteThroughput:0
RealWrittenBytes:0
RealWriteThroughput:0
当前玩家的连接数量:0
当前地图的线程个数：9
当前地图的个数:48
当前数据库执行队列数:0
当前发送队列缓存的对象数量:0
totalMemory：680001536, use ：426163384, free ：253838152DirectMemory：1827143680, 恢复 ：1
当前时间 ：2026-08-21 12:33:04send keng：2418, sheng ：4194304
decode keng：26, sheng ：2097152
world keng：12, sheng ：1048576

2026-08-21 12:33:09.682 INFO [pool-6-thread-10][:] - /****************流量统计******************/
LastReadBytes:0
LastReadThroughput:0
LastWrittenBytes:0
LastWriteThroughput:0
RealWrittenBytes:0
RealWriteThroughput:0
当前玩家的连接数量:0
当前地图的线程个数：9
当前地图的个数:48
当前数据库执行队列数:0
当前发送队列缓存的对象数量:0
totalMemory：680001536, use ：429865088, free ：250136448DirectMemory：1827143680, 恢复 ：1
当前时间 ：2026-08-21 12:33:09send keng：2418, sheng ：4194304
decode keng：26, sheng ：2097152
world keng：12, sheng ：1048576

2026-08-21 12:33:14.682 INFO [pool-6-thread-1][:] - /****************流量统计******************/
LastReadBytes:0
LastReadThroughput:0
LastWrittenBytes:0
LastWriteThroughput:0
RealWrittenBytes:0
RealWriteThroughput:0
当前玩家的连接数量:0
当前地图的线程个数：9
当前地图的个数:48
当前数据库执行队列数:0
当前发送队列缓存的对象数量:0
totalMemory：680001536, use ：433519592, free ：246481944DirectMemory：1827143680, 恢复 ：1
当前时间 ：2026-08-21 12:33:14send keng：2418, sheng ：4194304
decode keng：26, sheng ：2097152
world keng：12, sheng ：1048576

2026-08-21 12:33:19.682 INFO [pool-6-thread-4][:] - /****************流量统计******************/
LastReadBytes:0
LastReadThroughput:0
LastWrittenBytes:0
LastWriteThroughput:0
RealWrittenBytes:0
RealWriteThroughput:0
当前玩家的连接数量:0
当前地图的线程个数：9
当前地图的个数:48
当前数据库执行队列数:0
当前发送队列缓存的对象数量:0
totalMemory：680001536, use ：436919776, free ：243081760DirectMemory：1827143680, 恢复 ：1
当前时间 ：2026-08-21 12:33:19send keng：2418, sheng ：4194304
decode keng：26, sheng ：2097152
world keng：12, sheng ：1048576

2026-08-21 12:33:24.682 INFO [pool-6-thread-10][:] - /****************流量统计******************/
LastReadBytes:0
LastReadThroughput:0
LastWrittenBytes:0
LastWriteThroughput:0
RealWrittenBytes:0
RealWriteThroughput:0
当前玩家的连接数量:0
当前地图的线程个数：9
当前地图的个数:48
当前数据库执行队列数:0
当前发送队列缓存的对象数量:0
totalMemory：680001536, use ：440555944, free ：239445592DirectMemory：1827143680, 恢复 ：1
当前时间 ：2026-08-21 12:33:24send keng：2418, sheng ：4194304
decode keng：26, sheng ：2097152
world keng：12, sheng ：1048576

2026-08-21 12:33:29.682 INFO [pool-6-thread-1][:] - /****************流量统计******************/
LastReadBytes:0
LastReadThroughput:0
LastWrittenBytes:0
LastWriteThroughput:0
RealWrittenBytes:0
RealWriteThroughput:0
当前玩家的连接数量:0
当前地图的线程个数：9
当前地图的个数:48
当前数据库执行队列数:0
当前发送队列缓存的对象数量:0
totalMemory：680001536, use ：443973504, free ：236028032DirectMemory：1827143680, 恢复 ：1
当前时间 ：2026-08-21 12:33:29send keng：2418, sheng ：4194304
decode keng：26, sheng ：2097152
world keng：12, sheng ：1048576

2026-08-21 12:33:34.682 INFO [pool-6-thread-6][:] - /****************流量统计******************/
LastReadBytes:0
LastReadThroughput:0
LastWrittenBytes:0
LastWriteThroughput:0
RealWrittenBytes:0
RealWriteThroughput:0
当前玩家的连接数量:0
当前地图的线程个数：9
当前地图的个数:48
当前数据库执行队列数:0
当前发送队列缓存的对象数量:0
totalMemory：680001536, use ：447523952, free ：232477584DirectMemory：1827143680, 恢复 ：1
当前时间 ：2026-08-21 12:33:34send keng：2418, sheng ：4194304
decode keng：26, sheng ：2097152
world keng：12, sheng ：1048576

2026-08-21 12:33:39.682 INFO [pool-6-thread-5][:] - /****************流量统计******************/
LastReadBytes:0
LastReadThroughput:0
LastWrittenBytes:0
LastWriteThroughput:0
RealWrittenBytes:0
RealWriteThroughput:0
当前玩家的连接数量:0
当前地图的线程个数：9
当前地图的个数:48
当前数据库执行队列数:0
当前发送队列缓存的对象数量:0
totalMemory：680001536, use ：450847856, free ：229153680DirectMemory：1827143680, 恢复 ：1
当前时间 ：2026-08-21 12:33:39send keng：2418, sheng ：4194304
decode keng：26, sheng ：2097152
world keng：12, sheng ：1048576

2026-08-21 12:33:44.682 INFO [pool-6-thread-10][:] - /****************流量统计******************/
LastReadBytes:0
LastReadThroughput:0
LastWrittenBytes:0
LastWriteThroughput:0
RealWrittenBytes:0
RealWriteThroughput:0
当前玩家的连接数量:0
当前地图的线程个数：9
当前地图的个数:48
当前数据库执行队列数:0
当前发送队列缓存的对象数量:0
totalMemory：680001536, use ：454263072, free ：225738464DirectMemory：1827143680, 恢复 ：1
当前时间 ：2026-08-21 12:33:44send keng：2418, sheng ：4194304
decode keng：26, sheng ：2097152
world keng：12, sheng ：1048576

2026-08-21 12:33:49.682 INFO [pool-6-thread-2][:] - /****************流量统计******************/
LastReadBytes:0
LastReadThroughput:0
LastWrittenBytes:0
LastWriteThroughput:0
RealWrittenBytes:0
RealWriteThroughput:0
当前玩家的连接数量:0
当前地图的线程个数：9
当前地图的个数:48
当前数据库执行队列数:0
当前发送队列缓存的对象数量:0
totalMemory：680001536, use ：457855488, free ：222146048DirectMemory：1827143680, 恢复 ：1
当前时间 ：2026-08-21 12:33:49send keng：2418, sheng ：4194304
decode keng：26, sheng ：2097152
world keng：12, sheng ：1048576

2026-08-21 12:33:54.682 INFO [pool-6-thread-4][:] - /****************流量统计******************/
LastReadBytes:0
LastReadThroughput:0
LastWrittenBytes:0
LastWriteThroughput:0
RealWrittenBytes:0
RealWriteThroughput:0
当前玩家的连接数量:0
当前地图的线程个数：9
当前地图的个数:48
当前数据库执行队列数:0
当前发送队列缓存的对象数量:0
totalMemory：680001536, use ：461382432, free ：218619104DirectMemory：1827143680, 恢复 ：1
当前时间 ：2026-08-21 12:33:54send keng：2418, sheng ：4194304
decode keng：26, sheng ：2097152
world keng：12, sheng ：1048576

2026-08-21 12:33:59.682 INFO [pool-6-thread-10][:] - /****************流量统计******************/
LastReadBytes:0
LastReadThroughput:0
LastWrittenBytes:0
LastWriteThroughput:0
RealWrittenBytes:0
RealWriteThroughput:0
当前玩家的连接数量:0
当前地图的线程个数：9
当前地图的个数:48
当前数据库执行队列数:0
当前发送队列缓存的对象数量:0
totalMemory：680001536, use ：464836992, free ：215164544DirectMemory：1827143680, 恢复 ：1
当前时间 ：2026-08-21 12:33:59send keng：2418, sheng ：4194304
decode keng：26, sheng ：2097152
world keng：12, sheng ：1048576

2026-08-21 12:34:04.682 INFO [pool-6-thread-1][:] - /****************流量统计******************/
LastReadBytes:0
LastReadThroughput:0
LastWrittenBytes:0
LastWriteThroughput:0
RealWrittenBytes:0
RealWriteThroughput:0
当前玩家的连接数量:0
当前地图的线程个数：9
当前地图的个数:48
当前数据库执行队列数:0
当前发送队列缓存的对象数量:0
totalMemory：680001536, use ：468403944, free ：211597592DirectMemory：1827143680, 恢复 ：1
当前时间 ：2026-08-21 12:34:04send keng：2418, sheng ：4194304
decode keng：26, sheng ：2097152
world keng：12, sheng ：1048576

2026-08-21 12:34:09.682 INFO [pool-6-thread-5][:] - /****************流量统计******************/
LastReadBytes:0
LastReadThroughput:0
LastWrittenBytes:0
LastWriteThroughput:0
RealWrittenBytes:0
RealWriteThroughput:0
当前玩家的连接数量:0
当前地图的线程个数：9
当前地图的个数:48
当前数据库执行队列数:0
当前发送队列缓存的对象数量:0
totalMemory：680001536, use ：425077312, free ：254924224DirectMemory：1827143680, 恢复 ：1
当前时间 ：2026-08-21 12:34:09send keng：2418, sheng ：4194304
decode keng：26, sheng ：2097152
world keng：12, sheng ：1048576

2026-08-21 12:34:14.682 INFO [pool-6-thread-5][:] - /****************流量统计******************/
LastReadBytes:0
LastReadThroughput:0
LastWrittenBytes:0
LastWriteThroughput:0
RealWrittenBytes:0
RealWriteThroughput:0
当前玩家的连接数量:0
当前地图的线程个数：9
当前地图的个数:48
当前数据库执行队列数:0
当前发送队列缓存的对象数量:0
totalMemory：680001536, use ：428511888, free ：251489648DirectMemory：1827143680, 恢复 ：1
当前时间 ：2026-08-21 12:34:14send keng：2418, sheng ：4194304
decode keng：26, sheng ：2097152
world keng：12, sheng ：1048576

2026-08-21 12:34:19.682 INFO [pool-6-thread-5][:] - /****************流量统计******************/
LastReadBytes:0
LastReadThroughput:0
LastWrittenBytes:0
LastWriteThroughput:0
RealWrittenBytes:0
RealWriteThroughput:0
当前玩家的连接数量:0
当前地图的线程个数：9
当前地图的个数:48
当前数据库执行队列数:0
当前发送队列缓存的对象数量:0
totalMemory：680001536, use ：431961240, free ：248040296DirectMemory：1827143680, 恢复 ：1
当前时间 ：2026-08-21 12:34:19send keng：2418, sheng ：4194304
decode keng：26, sheng ：2097152
world keng：12, sheng ：1048576

2026-08-21 12:34:24.682 INFO [pool-6-thread-2][:] - /****************流量统计******************/
LastReadBytes:0
LastReadThroughput:0
LastWrittenBytes:0
LastWriteThroughput:0
RealWrittenBytes:0
RealWriteThroughput:0
当前玩家的连接数量:0
当前地图的线程个数：9
当前地图的个数:48
当前数据库执行队列数:0
当前发送队列缓存的对象数量:0
totalMemory：680001536, use ：435551616, free ：244449920DirectMemory：1827143680, 恢复 ：1
当前时间 ：2026-08-21 12:34:24send keng：2418, sheng ：4194304
decode keng：26, sheng ：2097152
world keng：12, sheng ：1048576

2026-08-21 12:34:29.682 INFO [pool-6-thread-4][:] - /****************流量统计******************/
LastReadBytes:0
LastReadThroughput:0
LastWrittenBytes:0
LastWriteThroughput:0
RealWrittenBytes:0
RealWriteThroughput:0
当前玩家的连接数量:0
当前地图的线程个数：9
当前地图的个数:48
当前数据库执行队列数:0
当前发送队列缓存的对象数量:0
totalMemory：680001536, use ：439137624, free ：240863912DirectMemory：1827143680, 恢复 ：1
当前时间 ：2026-08-21 12:34:29send keng：2418, sheng ：4194304
decode keng：26, sheng ：2097152
world keng：12, sheng ：1048576

2026-08-21 12:34:34.682 INFO [pool-6-thread-4][:] - /****************流量统计******************/
LastReadBytes:0
LastReadThroughput:0
LastWrittenBytes:0
LastWriteThroughput:0
RealWrittenBytes:0
RealWriteThroughput:0
当前玩家的连接数量:0
当前地图的线程个数：9
当前地图的个数:48
当前数据库执行队列数:0
当前发送队列缓存的对象数量:0
totalMemory：680001536, use ：442804064, free ：237197472DirectMemory：1827143680, 恢复 ：1
当前时间 ：2026-08-21 12:34:34send keng：2418, sheng ：4194304
decode keng：26, sheng ：2097152
world keng：12, sheng ：1048576

2026-08-21 12:34:39.682 INFO [pool-6-thread-1][:] - /****************流量统计******************/
LastReadBytes:0
LastReadThroughput:0
LastWrittenBytes:0
LastWriteThroughput:0
RealWrittenBytes:0
RealWriteThroughput:0
当前玩家的连接数量:0
当前地图的线程个数：9
当前地图的个数:48
当前数据库执行队列数:0
当前发送队列缓存的对象数量:0
totalMemory：680001536, use ：446090680, free ：233910856DirectMemory：1827143680, 恢复 ：1
当前时间 ：2026-08-21 12:34:39send keng：2418, sheng ：4194304
decode keng：26, sheng ：2097152
world keng：12, sheng ：1048576

2026-08-21 12:34:44.682 INFO [pool-6-thread-4][:] - /****************流量统计******************/
LastReadBytes:0
LastReadThroughput:0
LastWrittenBytes:0
LastWriteThroughput:0
RealWrittenBytes:0
RealWriteThroughput:0
当前玩家的连接数量:0
当前地图的线程个数：9
当前地图的个数:48
当前数据库执行队列数:0
当前发送队列缓存的对象数量:0
totalMemory：680001536, use ：449662248, free ：230339288DirectMemory：1827143680, 恢复 ：1
当前时间 ：2026-08-21 12:34:44send keng：2418, sheng ：4194304
decode keng：26, sheng ：2097152
world keng：12, sheng ：1048576

2026-08-21 12:34:49.682 INFO [pool-6-thread-9][:] - /****************流量统计******************/
LastReadBytes:0
LastReadThroughput:0
LastWrittenBytes:0
LastWriteThroughput:0
RealWrittenBytes:0
RealWriteThroughput:0
当前玩家的连接数量:0
当前地图的线程个数：9
当前地图的个数:48
当前数据库执行队列数:0
当前发送队列缓存的对象数量:0
totalMemory：680001536, use ：453013768, free ：226987768DirectMemory：1827143680, 恢复 ：1
当前时间 ：2026-08-21 12:34:49send keng：2418, sheng ：4194304
decode keng：26, sheng ：2097152
world keng：12, sheng ：1048576

2026-08-21 12:34:54.682 INFO [pool-6-thread-5][:] - /****************流量统计******************/
LastReadBytes:0
LastReadThroughput:0
LastWrittenBytes:0
LastWriteThroughput:0
RealWrittenBytes:0
RealWriteThroughput:0
当前玩家的连接数量:0
当前地图的线程个数：9
当前地图的个数:48
当前数据库执行队列数:0
当前发送队列缓存的对象数量:0
totalMemory：680001536, use ：456437272, free ：223564264DirectMemory：1827143680, 恢复 ：1
当前时间 ：2026-08-21 12:34:54send keng：2418, sheng ：4194304
decode keng：26, sheng ：2097152
world keng：12, sheng ：1048576

2026-08-21 12:34:59.682 INFO [pool-6-thread-2][:] - /****************流量统计******************/
LastReadBytes:0
LastReadThroughput:0
LastWrittenBytes:0
LastWriteThroughput:0
RealWrittenBytes:0
RealWriteThroughput:0
当前玩家的连接数量:0
当前地图的线程个数：9
当前地图的个数:48
当前数据库执行队列数:0
当前发送队列缓存的对象数量:0
totalMemory：680001536, use ：459799704, free ：220201832DirectMemory：1827143680, 恢复 ：1
当前时间 ：2026-08-21 12:34:59send keng：2418, sheng ：4194304
decode keng：26, sheng ：2097152
world keng：12, sheng ：1048576

2026-08-21 12:35:04.682 INFO [pool-6-thread-1][:] - /****************流量统计******************/
LastReadBytes:0
LastReadThroughput:0
LastWrittenBytes:0
LastWriteThroughput:0
RealWrittenBytes:0
RealWriteThroughput:0
当前玩家的连接数量:0
当前地图的线程个数：9
当前地图的个数:48
当前数据库执行队列数:0
当前发送队列缓存的对象数量:0
totalMemory：680001536, use ：463579336, free ：216422200DirectMemory：1827143680, 恢复 ：1
当前时间 ：2026-08-21 12:35:04send keng：2418, sheng ：4194304
decode keng：26, sheng ：2097152
world keng：12, sheng ：1048576

2026-08-21 12:35:09.682 INFO [pool-6-thread-2][:] - /****************流量统计******************/
LastReadBytes:0
LastReadThroughput:0
LastWrittenBytes:0
LastWriteThroughput:0
RealWrittenBytes:0
RealWriteThroughput:0
当前玩家的连接数量:0
当前地图的线程个数：9
当前地图的个数:48
当前数据库执行队列数:0
当前发送队列缓存的对象数量:0
totalMemory：680001536, use ：466766152, free ：213235384DirectMemory：1827143680, 恢复 ：1
当前时间 ：2026-08-21 12:35:09send keng：2418, sheng ：4194304
decode keng：26, sheng ：2097152
world keng：12, sheng ：1048576

2026-08-21 12:35:14.682 INFO [pool-6-thread-7][:] - /****************流量统计******************/
LastReadBytes:0
LastReadThroughput:0
LastWrittenBytes:0
LastWriteThroughput:0
RealWrittenBytes:0
RealWriteThroughput:0
当前玩家的连接数量:0
当前地图的线程个数：9
当前地图的个数:48
当前数据库执行队列数:0
当前发送队列缓存的对象数量:0
totalMemory：680001536, use ：423623544, free ：256377992DirectMemory：1827143680, 恢复 ：1
当前时间 ：2026-08-21 12:35:14send keng：2418, sheng ：4194304
decode keng：26, sheng ：2097152
world keng：12, sheng ：1048576

2026-08-21 12:35:19.682 INFO [pool-6-thread-3][:] - /****************流量统计******************/
LastReadBytes:0
LastReadThroughput:0
LastWrittenBytes:0
LastWriteThroughput:0
RealWrittenBytes:0
RealWriteThroughput:0
当前玩家的连接数量:0
当前地图的线程个数：9
当前地图的个数:48
当前数据库执行队列数:0
当前发送队列缓存的对象数量:0
totalMemory：680001536, use ：427309960, free ：252691576DirectMemory：1827143680, 恢复 ：1
当前时间 ：2026-08-21 12:35:19send keng：2418, sheng ：4194304
decode keng：26, sheng ：2097152
world keng：12, sheng ：1048576

2026-08-21 12:35:24.682 INFO [pool-6-thread-4][:] - /****************流量统计******************/
LastReadBytes:0
LastReadThroughput:0
LastWrittenBytes:0
LastWriteThroughput:0
RealWrittenBytes:0
RealWriteThroughput:0
当前玩家的连接数量:0
当前地图的线程个数：9
当前地图的个数:48
当前数据库执行队列数:0
当前发送队列缓存的对象数量:0
totalMemory：680001536, use ：430711096, free ：249290440DirectMemory：1827143680, 恢复 ：1
当前时间 ：2026-08-21 12:35:24send keng：2418, sheng ：4194304
decode keng：26, sheng ：2097152
world keng：12, sheng ：1048576

2026-08-21 12:35:29.682 INFO [pool-6-thread-10][:] - /****************流量统计******************/
LastReadBytes:0
LastReadThroughput:0
LastWrittenBytes:0
LastWriteThroughput:0
RealWrittenBytes:0
RealWriteThroughput:0
当前玩家的连接数量:0
当前地图的线程个数：9
当前地图的个数:48
当前数据库执行队列数:0
当前发送队列缓存的对象数量:0
totalMemory：680001536, use ：434405960, free ：245595576DirectMemory：1827143680, 恢复 ：1
当前时间 ：2026-08-21 12:35:29send keng：2418, sheng ：4194304
decode keng：26, sheng ：2097152
world keng：12, sheng ：1048576

2026-08-21 12:35:34.682 INFO [pool-6-thread-1][:] - /****************流量统计******************/
LastReadBytes:0
LastReadThroughput:0
LastWrittenBytes:0
LastWriteThroughput:0
RealWrittenBytes:0
RealWriteThroughput:0
当前玩家的连接数量:0
当前地图的线程个数：9
当前地图的个数:48
当前数据库执行队列数:0
当前发送队列缓存的对象数量:0
totalMemory：680001536, use ：437703832, free ：242297704DirectMemory：1827143680, 恢复 ：1
当前时间 ：2026-08-21 12:35:34send keng：2418, sheng ：4194304
decode keng：26, sheng ：2097152
world keng：12, sheng ：1048576

2026-08-21 12:35:39.682 INFO [pool-6-thread-6][:] - /****************流量统计******************/
LastReadBytes:0
LastReadThroughput:0
LastWrittenBytes:0
LastWriteThroughput:0
RealWrittenBytes:0
RealWriteThroughput:0
当前玩家的连接数量:0
当前地图的线程个数：9
当前地图的个数:48
当前数据库执行队列数:0
当前发送队列缓存的对象数量:0
totalMemory：680001536, use ：441352832, free ：238648704DirectMemory：1827143680, 恢复 ：1
当前时间 ：2026-08-21 12:35:39send keng：2418, sheng ：4194304
decode keng：26, sheng ：2097152
world keng：12, sheng ：1048576

2026-08-21 12:35:44.685 INFO [pool-6-thread-2][:] - /****************流量统计******************/
LastReadBytes:0
LastReadThroughput:0
LastWrittenBytes:0
LastWriteThroughput:0
RealWrittenBytes:0
RealWriteThroughput:0
当前玩家的连接数量:0
当前地图的线程个数：9
当前地图的个数:48
当前数据库执行队列数:0
当前发送队列缓存的对象数量:0
totalMemory：680001536, use ：444846936, free ：235154600DirectMemory：1827143680, 恢复 ：1
当前时间 ：2026-08-21 12:35:44send keng：2418, sheng ：4194304
decode keng：26, sheng ：2097152
world keng：12, sheng ：1048576

2026-08-21 12:35:49.682 INFO [pool-6-thread-4][:] - /****************流量统计******************/
LastReadBytes:0
LastReadThroughput:0
LastWrittenBytes:0
LastWriteThroughput:0
RealWrittenBytes:0
RealWriteThroughput:0
当前玩家的连接数量:0
当前地图的线程个数：9
当前地图的个数:48
当前数据库执行队列数:0
当前发送队列缓存的对象数量:0
totalMemory：680001536, use ：448113312, free ：231888224DirectMemory：1827143680, 恢复 ：1
当前时间 ：2026-08-21 12:35:49send keng：2418, sheng ：4194304
decode keng：26, sheng ：2097152
world keng：12, sheng ：1048576

2026-08-21 12:35:54.682 INFO [pool-6-thread-4][:] - /****************流量统计******************/
LastReadBytes:0
LastReadThroughput:0
LastWrittenBytes:0
LastWriteThroughput:0
RealWrittenBytes:0
RealWriteThroughput:0
当前玩家的连接数量:0
当前地图的线程个数：9
当前地图的个数:48
当前数据库执行队列数:0
当前发送队列缓存的对象数量:0
totalMemory：680001536, use ：451794480, free ：228207056DirectMemory：1827143680, 恢复 ：1
当前时间 ：2026-08-21 12:35:54send keng：2418, sheng ：4194304
decode keng：26, sheng ：2097152
world keng：12, sheng ：1048576

2026-08-21 12:35:59.682 INFO [pool-6-thread-9][:] - /****************流量统计******************/
LastReadBytes:0
LastReadThroughput:0
LastWrittenBytes:0
LastWriteThroughput:0
RealWrittenBytes:0
RealWriteThroughput:0
当前玩家的连接数量:0
当前地图的线程个数：9
当前地图的个数:48
当前数据库执行队列数:0
当前发送队列缓存的对象数量:0
totalMemory：680001536, use ：455299672, free ：224701864DirectMemory：1827143680, 恢复 ：1
当前时间 ：2026-08-21 12:35:59send keng：2418, sheng ：4194304
decode keng：26, sheng ：2097152
world keng：12, sheng ：1048576

2026-08-21 12:36:04.682 INFO [pool-6-thread-9][:] - /****************流量统计******************/
LastReadBytes:0
LastReadThroughput:0
LastWrittenBytes:0
LastWriteThroughput:0
RealWrittenBytes:0
RealWriteThroughput:0
当前玩家的连接数量:0
当前地图的线程个数：9
当前地图的个数:48
当前数据库执行队列数:0
当前发送队列缓存的对象数量:0
totalMemory：680001536, use ：458902656, free ：221098880DirectMemory：1827143680, 恢复 ：1
当前时间 ：2026-08-21 12:36:04send keng：2418, sheng ：4194304
decode keng：26, sheng ：2097152
world keng：12, sheng ：1048576

2026-08-21 12:36:09.682 INFO [pool-6-thread-10][:] - /****************流量统计******************/
LastReadBytes:0
LastReadThroughput:0
LastWrittenBytes:0
LastWriteThroughput:0
RealWrittenBytes:0
RealWriteThroughput:0
当前玩家的连接数量:0
当前地图的线程个数：9
当前地图的个数:48
当前数据库执行队列数:0
当前发送队列缓存的对象数量:0
totalMemory：680001536, use ：462179344, free ：217822192DirectMemory：1827143680, 恢复 ：1
当前时间 ：2026-08-21 12:36:09send keng：2418, sheng ：4194304
decode keng：26, sheng ：2097152
world keng：12, sheng ：1048576

2026-08-21 12:36:14.682 INFO [pool-6-thread-8][:] - /****************流量统计******************/
LastReadBytes:0
LastReadThroughput:0
LastWrittenBytes:0
LastWriteThroughput:0
RealWrittenBytes:0
RealWriteThroughput:0
当前玩家的连接数量:0
当前地图的线程个数：9
当前地图的个数:48
当前数据库执行队列数:0
当前发送队列缓存的对象数量:0
totalMemory：680001536, use ：465833384, free ：214168152DirectMemory：1827143680, 恢复 ：1
当前时间 ：2026-08-21 12:36:14send keng：2418, sheng ：4194304
decode keng：26, sheng ：2097152
world keng：12, sheng ：1048576

2026-08-21 12:36:19.682 INFO [pool-6-thread-2][:] - /****************流量统计******************/
LastReadBytes:0
LastReadThroughput:0
LastWrittenBytes:0
LastWriteThroughput:0
RealWrittenBytes:0
RealWriteThroughput:0
当前玩家的连接数量:0
当前地图的线程个数：9
当前地图的个数:48
当前数据库执行队列数:0
当前发送队列缓存的对象数量:0
totalMemory：680001536, use ：422618400, free ：257383136DirectMemory：1827143680, 恢复 ：1
当前时间 ：2026-08-21 12:36:19send keng：2418, sheng ：4194304
decode keng：26, sheng ：2097152
world keng：12, sheng ：1048576

2026-08-21 12:36:24.682 INFO [pool-6-thread-7][:] - /****************流量统计******************/
LastReadBytes:0
LastReadThroughput:0
LastWrittenBytes:0
LastWriteThroughput:0
RealWrittenBytes:0
RealWriteThroughput:0
当前玩家的连接数量:0
当前地图的线程个数：9
当前地图的个数:48
当前数据库执行队列数:0
当前发送队列缓存的对象数量:0
totalMemory：680001536, use ：426022856, free ：253978680DirectMemory：1827143680, 恢复 ：1
当前时间 ：2026-08-21 12:36:24send keng：2418, sheng ：4194304
decode keng：26, sheng ：2097152
world keng：12, sheng ：1048576

2026-08-21 12:36:29.682 INFO [pool-6-thread-10][:] - /****************流量统计******************/
LastReadBytes:0
LastReadThroughput:0
LastWrittenBytes:0
LastWriteThroughput:0
RealWrittenBytes:0
RealWriteThroughput:0
当前玩家的连接数量:0
当前地图的线程个数：9
当前地图的个数:48
当前数据库执行队列数:0
当前发送队列缓存的对象数量:0
totalMemory：680001536, use ：429721832, free ：250279704DirectMemory：1827143680, 恢复 ：1
当前时间 ：2026-08-21 12:36:29send keng：2418, sheng ：4194304
decode keng：26, sheng ：2097152
world keng：12, sheng ：1048576

2026-08-21 12:36:34.682 INFO [pool-6-thread-10][:] - /****************流量统计******************/
LastReadBytes:0
LastReadThroughput:0
LastWrittenBytes:0
LastWriteThroughput:0
RealWrittenBytes:0
RealWriteThroughput:0
当前玩家的连接数量:0
当前地图的线程个数：9
当前地图的个数:48
当前数据库执行队列数:0
当前发送队列缓存的对象数量:0
totalMemory：680001536, use ：432828424, free ：247173112DirectMemory：1827143680, 恢复 ：1
当前时间 ：2026-08-21 12:36:34send keng：2418, sheng ：4194304
decode keng：26, sheng ：2097152
world keng：12, sheng ：1048576

2026-08-21 12:36:39.682 INFO [pool-6-thread-8][:] - /****************流量统计******************/
LastReadBytes:0
LastReadThroughput:0
LastWrittenBytes:0
LastWriteThroughput:0
RealWrittenBytes:0
RealWriteThroughput:0
当前玩家的连接数量:0
当前地图的线程个数：9
当前地图的个数:48
当前数据库执行队列数:0
当前发送队列缓存的对象数量:0
totalMemory：680001536, use ：436558712, free ：243442824DirectMemory：1827143680, 恢复 ：1
当前时间 ：2026-08-21 12:36:39send keng：2418, sheng ：4194304
decode keng：26, sheng ：2097152
world keng：12, sheng ：1048576

2026-08-21 12:36:44.682 INFO [pool-6-thread-9][:] - /****************流量统计******************/
LastReadBytes:0
LastReadThroughput:0
LastWrittenBytes:0
LastWriteThroughput:0
RealWrittenBytes:0
RealWriteThroughput:0
当前玩家的连接数量:0
当前地图的线程个数：9
当前地图的个数:48
当前数据库执行队列数:0
当前发送队列缓存的对象数量:0
totalMemory：680001536, use ：440062216, free ：239939320DirectMemory：1827143680, 恢复 ：1
当前时间 ：2026-08-21 12:36:44send keng：2418, sheng ：4194304
decode keng：26, sheng ：2097152
world keng：12, sheng ：1048576

2026-08-21 12:36:49.682 INFO [pool-6-thread-2][:] - /****************流量统计******************/
LastReadBytes:0
LastReadThroughput:0
LastWrittenBytes:0
LastWriteThroughput:0
RealWrittenBytes:0
RealWriteThroughput:0
当前玩家的连接数量:0
当前地图的线程个数：9
当前地图的个数:48
当前数据库执行队列数:0
当前发送队列缓存的对象数量:0
totalMemory：680001536, use ：443426168, free ：236575368DirectMemory：1827143680, 恢复 ：1
当前时间 ：2026-08-21 12:36:49send keng：2418, sheng ：4194304
decode keng：26, sheng ：2097152
world keng：12, sheng ：1048576

2026-08-21 12:36:54.682 INFO [pool-6-thread-6][:] - /****************流量统计******************/
LastReadBytes:0
LastReadThroughput:0
LastWrittenBytes:0
LastWriteThroughput:0
RealWrittenBytes:0
RealWriteThroughput:0
当前玩家的连接数量:0
当前地图的线程个数：9
当前地图的个数:48
当前数据库执行队列数:0
当前发送队列缓存的对象数量:0
totalMemory：680001536, use ：446801520, free ：233200016DirectMemory：1827143680, 恢复 ：1
当前时间 ：2026-08-21 12:36:54send keng：2418, sheng ：4194304
decode keng：26, sheng ：2097152
world keng：12, sheng ：1048576

2026-08-21 12:36:59.682 INFO [pool-6-thread-3][:] - /****************流量统计******************/
LastReadBytes:0
LastReadThroughput:0
LastWrittenBytes:0
LastWriteThroughput:0
RealWrittenBytes:0
RealWriteThroughput:0
当前玩家的连接数量:0
当前地图的线程个数：9
当前地图的个数:48
当前数据库执行队列数:0
当前发送队列缓存的对象数量:0
totalMemory：680001536, use ：450290800, free ：229710736DirectMemory：1827143680, 恢复 ：1
当前时间 ：2026-08-21 12:36:59send keng：2418, sheng ：4194304
decode keng：26, sheng ：2097152
world keng：12, sheng ：1048576

2026-08-21 12:37:04.682 INFO [pool-6-thread-9][:] - /****************流量统计******************/
LastReadBytes:0
LastReadThroughput:0
LastWrittenBytes:0
LastWriteThroughput:0
RealWrittenBytes:0
RealWriteThroughput:0
当前玩家的连接数量:0
当前地图的线程个数：9
当前地图的个数:48
当前数据库执行队列数:0
当前发送队列缓存的对象数量:0
totalMemory：680001536, use ：453916048, free ：226085488DirectMemory：1827143680, 恢复 ：1
当前时间 ：2026-08-21 12:37:04send keng：2418, sheng ：4194304
decode keng：26, sheng ：2097152
world keng：12, sheng ：1048576

2026-08-21 12:37:09.682 INFO [pool-6-thread-2][:] - /****************流量统计******************/
LastReadBytes:0
LastReadThroughput:0
LastWrittenBytes:0
LastWriteThroughput:0
RealWrittenBytes:0
RealWriteThroughput:0
当前玩家的连接数量:0
当前地图的线程个数：9
当前地图的个数:48
当前数据库执行队列数:0
当前发送队列缓存的对象数量:0
totalMemory：680001536, use ：457213072, free ：222788464DirectMemory：1827143680, 恢复 ：1
当前时间 ：2026-08-21 12:37:09send keng：2418, sheng ：4194304
decode keng：26, sheng ：2097152
world keng：12, sheng ：1048576

2026-08-21 12:37:14.682 INFO [pool-6-thread-4][:] - /****************流量统计******************/
LastReadBytes:0
LastReadThroughput:0
LastWrittenBytes:0
LastWriteThroughput:0
RealWrittenBytes:0
RealWriteThroughput:0
当前玩家的连接数量:0
当前地图的线程个数：9
当前地图的个数:48
当前数据库执行队列数:0
当前发送队列缓存的对象数量:0
totalMemory：680001536, use ：460997304, free ：219004232DirectMemory：1827143680, 恢复 ：1
当前时间 ：2026-08-21 12:37:14send keng：2418, sheng ：4194304
decode keng：26, sheng ：2097152
world keng：12, sheng ：1048576

2026-08-21 12:37:19.682 INFO [pool-6-thread-1][:] - /****************流量统计******************/
LastReadBytes:0
LastReadThroughput:0
LastWrittenBytes:0
LastWriteThroughput:0
RealWrittenBytes:0
RealWriteThroughput:0
当前玩家的连接数量:0
当前地图的线程个数：9
当前地图的个数:48
当前数据库执行队列数:0
当前发送队列缓存的对象数量:0
totalMemory：680001536, use ：464272880, free ：215728656DirectMemory：1827143680, 恢复 ：1
当前时间 ：2026-08-21 12:37:19send keng：2418, sheng ：4194304
decode keng：26, sheng ：2097152
world keng：12, sheng ：1048576

2026-08-21 12:37:24.682 INFO [pool-6-thread-10][:] - /****************流量统计******************/
LastReadBytes:0
LastReadThroughput:0
LastWrittenBytes:0
LastWriteThroughput:0
RealWrittenBytes:0
RealWriteThroughput:0
当前玩家的连接数量:0
当前地图的线程个数：9
当前地图的个数:48
当前数据库执行队列数:0
当前发送队列缓存的对象数量:0
totalMemory：680001536, use ：467908128, free ：212093408DirectMemory：1827143680, 恢复 ：1
当前时间 ：2026-08-21 12:37:24send keng：2418, sheng ：4194304
decode keng：26, sheng ：2097152
world keng：12, sheng ：1048576

2026-08-21 12:37:29.682 INFO [pool-6-thread-4][:] - /****************流量统计******************/
LastReadBytes:0
LastReadThroughput:0
LastWrittenBytes:0
LastWriteThroughput:0
RealWrittenBytes:0
RealWriteThroughput:0
当前玩家的连接数量:0
当前地图的线程个数：9
当前地图的个数:48
当前数据库执行队列数:0
当前发送队列缓存的对象数量:0
totalMemory：680001536, use ：424901320, free ：255100216DirectMemory：1827143680, 恢复 ：1
当前时间 ：2026-08-21 12:37:29send keng：2418, sheng ：4194304
decode keng：26, sheng ：2097152
world keng：12, sheng ：1048576

2026-08-21 12:37:34.682 INFO [pool-6-thread-6][:] - /****************流量统计******************/
LastReadBytes:0
LastReadThroughput:0
LastWrittenBytes:0
LastWriteThroughput:0
RealWrittenBytes:0
RealWriteThroughput:0
当前玩家的连接数量:0
当前地图的线程个数：9
当前地图的个数:48
当前数据库执行队列数:0
当前发送队列缓存的对象数量:0
totalMemory：680001536, use ：428141856, free ：251859680DirectMemory：1827143680, 恢复 ：1
当前时间 ：2026-08-21 12:37:34send keng：2418, sheng ：4194304
decode keng：26, sheng ：2097152
world keng：12, sheng ：1048576

2026-08-21 12:37:39.682 INFO [pool-6-thread-6][:] - /****************流量统计******************/
LastReadBytes:0
LastReadThroughput:0
LastWrittenBytes:0
LastWriteThroughput:0
RealWrittenBytes:0
RealWriteThroughput:0
当前玩家的连接数量:0
当前地图的线程个数：9
当前地图的个数:48
当前数据库执行队列数:0
当前发送队列缓存的对象数量:0
totalMemory：680001536, use ：431910744, free ：248090792DirectMemory：1827143680, 恢复 ：1
当前时间 ：2026-08-21 12:37:39send keng：2418, sheng ：4194304
decode keng：26, sheng ：2097152
world keng：12, sheng ：1048576

2026-08-21 12:37:44.682 INFO [pool-6-thread-10][:] - /****************流量统计******************/
LastReadBytes:0
LastReadThroughput:0
LastWrittenBytes:0
LastWriteThroughput:0
RealWrittenBytes:0
RealWriteThroughput:0
当前玩家的连接数量:0
当前地图的线程个数：9
当前地图的个数:48
当前数据库执行队列数:0
当前发送队列缓存的对象数量:0
totalMemory：680001536, use ：434995680, free ：245005856DirectMemory：1827143680, 恢复 ：1
当前时间 ：2026-08-21 12:37:44send keng：2418, sheng ：4194304
decode keng：26, sheng ：2097152
world keng：12, sheng ：1048576

2026-08-21 12:37:49.683 INFO [pool-6-thread-8][:] - /****************流量统计******************/
LastReadBytes:0
LastReadThroughput:0
LastWrittenBytes:0
LastWriteThroughput:0
RealWrittenBytes:0
RealWriteThroughput:0
当前玩家的连接数量:0
当前地图的线程个数：9
当前地图的个数:48
当前数据库执行队列数:0
当前发送队列缓存的对象数量:0
totalMemory：680001536, use ：438727384, free ：241274152DirectMemory：1827143680, 恢复 ：1
当前时间 ：2026-08-21 12:37:49send keng：2418, sheng ：4194304
decode keng：26, sheng ：2097152
world keng：12, sheng ：1048576

2026-08-21 12:37:54.682 INFO [pool-6-thread-8][:] - /****************流量统计******************/
LastReadBytes:0
LastReadThroughput:0
LastWrittenBytes:0
LastWriteThroughput:0
RealWrittenBytes:0
RealWriteThroughput:0
当前玩家的连接数量:0
当前地图的线程个数：9
当前地图的个数:48
当前数据库执行队列数:0
当前发送队列缓存的对象数量:0
totalMemory：680001536, use ：442011096, free ：237990440DirectMemory：1827143680, 恢复 ：1
当前时间 ：2026-08-21 12:37:54send keng：2418, sheng ：4194304
decode keng：26, sheng ：2097152
world keng：12, sheng ：1048576

2026-08-21 12:37:59.682 INFO [pool-6-thread-7][:] - /****************流量统计******************/
LastReadBytes:0
LastReadThroughput:0
LastWrittenBytes:0
LastWriteThroughput:0
RealWrittenBytes:0
RealWriteThroughput:0
当前玩家的连接数量:0
当前地图的线程个数：9
当前地图的个数:48
当前数据库执行队列数:0
当前发送队列缓存的对象数量:0
totalMemory：680001536, use ：445665632, free ：234335904DirectMemory：1827143680, 恢复 ：1
当前时间 ：2026-08-21 12:37:59send keng：2418, sheng ：4194304
decode keng：26, sheng ：2097152
world keng：12, sheng ：1048576

2026-08-21 12:38:04.682 INFO [pool-6-thread-3][:] - /****************流量统计******************/
LastReadBytes:0
LastReadThroughput:0
LastWrittenBytes:0
LastWriteThroughput:0
RealWrittenBytes:0
RealWriteThroughput:0
当前玩家的连接数量:0
当前地图的线程个数：9
当前地图的个数:48
当前数据库执行队列数:0
当前发送队列缓存的对象数量:0
totalMemory：680001536, use ：448979464, free ：231022072DirectMemory：1827143680, 恢复 ：1
当前时间 ：2026-08-21 12:38:04send keng：2418, sheng ：4194304
decode keng：26, sheng ：2097152
world keng：12, sheng ：1048576

2026-08-21 12:38:09.682 INFO [pool-6-thread-6][:] - /****************流量统计******************/
LastReadBytes:0
LastReadThroughput:0
LastWrittenBytes:0
LastWriteThroughput:0
RealWrittenBytes:0
RealWriteThroughput:0
当前玩家的连接数量:0
当前地图的线程个数：9
当前地图的个数:48
当前数据库执行队列数:0
当前发送队列缓存的对象数量:0
totalMemory：680001536, use ：452556472, free ：227445064DirectMemory：1827143680, 恢复 ：1
当前时间 ：2026-08-21 12:38:09send keng：2418, sheng ：4194304
decode keng：26, sheng ：2097152
world keng：12, sheng ：1048576

2026-08-21 12:38:14.682 INFO [pool-6-thread-10][:] - /****************流量统计******************/
LastReadBytes:0
LastReadThroughput:0
LastWrittenBytes:0
LastWriteThroughput:0
RealWrittenBytes:0
RealWriteThroughput:0
当前玩家的连接数量:0
当前地图的线程个数：9
当前地图的个数:48
当前数据库执行队列数:0
当前发送队列缓存的对象数量:0
totalMemory：680001536, use ：456118120, free ：223883416DirectMemory：1827143680, 恢复 ：1
当前时间 ：2026-08-21 12:38:14send keng：2418, sheng ：4194304
decode keng：26, sheng ：2097152
world keng：12, sheng ：1048576

2026-08-21 12:38:19.682 INFO [pool-6-thread-4][:] - /****************流量统计******************/
LastReadBytes:0
LastReadThroughput:0
LastWrittenBytes:0
LastWriteThroughput:0
RealWrittenBytes:0
RealWriteThroughput:0
当前玩家的连接数量:0
当前地图的线程个数：9
当前地图的个数:48
当前数据库执行队列数:0
当前发送队列缓存的对象数量:0
totalMemory：680001536, use ：459735456, free ：220266080DirectMemory：1827143680, 恢复 ：1
当前时间 ：2026-08-21 12:38:19send keng：2418, sheng ：4194304
decode keng：26, sheng ：2097152
world keng：12, sheng ：1048576

2026-08-21 12:38:24.682 INFO [pool-6-thread-7][:] - /****************流量统计******************/
LastReadBytes:0
LastReadThroughput:0
LastWrittenBytes:0
LastWriteThroughput:0
RealWrittenBytes:0
RealWriteThroughput:0
当前玩家的连接数量:0
当前地图的线程个数：9
当前地图的个数:48
当前数据库执行队列数:0
当前发送队列缓存的对象数量:0
totalMemory：680001536, use ：463221000, free ：216780536DirectMemory：1827143680, 恢复 ：1
当前时间 ：2026-08-21 12:38:24send keng：2418, sheng ：4194304
decode keng：26, sheng ：2097152
world keng：12, sheng ：1048576

2026-08-21 12:38:29.685 INFO [pool-6-thread-9][:] - /****************流量统计******************/
LastReadBytes:0
LastReadThroughput:0
LastWrittenBytes:0
LastWriteThroughput:0
RealWrittenBytes:0
RealWriteThroughput:0
当前玩家的连接数量:0
当前地图的线程个数：9
当前地图的个数:48
当前数据库执行队列数:0
当前发送队列缓存的对象数量:0
totalMemory：680001536, use ：466572920, free ：213428616DirectMemory：1827143680, 恢复 ：1
当前时间 ：2026-08-21 12:38:29send keng：2418, sheng ：4194304
decode keng：26, sheng ：2097152
world keng：12, sheng ：1048576

2026-08-21 12:38:34.682 INFO [pool-6-thread-2][:] - /****************流量统计******************/
LastReadBytes:0
LastReadThroughput:0
LastWrittenBytes:0
LastWriteThroughput:0
RealWrittenBytes:0
RealWriteThroughput:0
当前玩家的连接数量:0
当前地图的线程个数：9
当前地图的个数:48
当前数据库执行队列数:0
当前发送队列缓存的对象数量:0
totalMemory：680001536, use ：423454080, free ：256547456DirectMemory：1827143680, 恢复 ：1
当前时间 ：2026-08-21 12:38:34send keng：2418, sheng ：4194304
decode keng：26, sheng ：2097152
world keng：12, sheng ：1048576

2026-08-21 12:38:39.682 INFO [pool-6-thread-8][:] - /****************流量统计******************/
LastReadBytes:0
LastReadThroughput:0
LastWrittenBytes:0
LastWriteThroughput:0
RealWrittenBytes:0
RealWriteThroughput:0
当前玩家的连接数量:0
当前地图的线程个数：9
当前地图的个数:48
当前数据库执行队列数:0
当前发送队列缓存的对象数量:0
totalMemory：680001536, use ：426931312, free ：253070224DirectMemory：1827143680, 恢复 ：1
当前时间 ：2026-08-21 12:38:39send keng：2418, sheng ：4194304
decode keng：26, sheng ：2097152
world keng：12, sheng ：1048576

2026-08-21 12:38:44.682 INFO [pool-6-thread-10][:] - /****************流量统计******************/
LastReadBytes:0
LastReadThroughput:0
LastWrittenBytes:0
LastWriteThroughput:0
RealWrittenBytes:0
RealWriteThroughput:0
当前玩家的连接数量:0
当前地图的线程个数：9
当前地图的个数:48
当前数据库执行队列数:0
当前发送队列缓存的对象数量:0
totalMemory：680001536, use ：430232792, free ：249768744DirectMemory：1827143680, 恢复 ：1
当前时间 ：2026-08-21 12:38:44send keng：2418, sheng ：4194304
decode keng：26, sheng ：2097152
world keng：12, sheng ：1048576

2026-08-21 12:38:49.682 INFO [pool-6-thread-6][:] - /****************流量统计******************/
LastReadBytes:0
LastReadThroughput:0
LastWrittenBytes:0
LastWriteThroughput:0
RealWrittenBytes:0
RealWriteThroughput:0
当前玩家的连接数量:0
当前地图的线程个数：9
当前地图的个数:48
当前数据库执行队列数:0
当前发送队列缓存的对象数量:0
totalMemory：680001536, use ：433844264, free ：246157272DirectMemory：1827143680, 恢复 ：1
当前时间 ：2026-08-21 12:38:49send keng：2418, sheng ：4194304
decode keng：26, sheng ：2097152
world keng：12, sheng ：1048576

2026-08-21 12:38:54.684 INFO [pool-6-thread-7][:] - /****************流量统计******************/
LastReadBytes:0
LastReadThroughput:0
LastWrittenBytes:0
LastWriteThroughput:0
RealWrittenBytes:0
RealWriteThroughput:0
当前玩家的连接数量:0
当前地图的线程个数：9
当前地图的个数:48
当前数据库执行队列数:0
当前发送队列缓存的对象数量:0
totalMemory：680001536, use ：437204048, free ：242797488DirectMemory：1827143680, 恢复 ：1
当前时间 ：2026-08-21 12:38:54send keng：2418, sheng ：4194304
decode keng：26, sheng ：2097152
world keng：12, sheng ：1048576

2026-08-21 12:38:59.682 INFO [pool-6-thread-8][:] - /****************流量统计******************/
LastReadBytes:0
LastReadThroughput:0
LastWrittenBytes:0
LastWriteThroughput:0
RealWrittenBytes:0
RealWriteThroughput:0
当前玩家的连接数量:0
当前地图的线程个数：9
当前地图的个数:48
当前数据库执行队列数:0
当前发送队列缓存的对象数量:0
totalMemory：680001536, use ：440685568, free ：239315968DirectMemory：1827143680, 恢复 ：1
当前时间 ：2026-08-21 12:38:59send keng：2418, sheng ：4194304
decode keng：26, sheng ：2097152
world keng：12, sheng ：1048576

2026-08-21 12:39:04.682 INFO [pool-6-thread-8][:] - /****************流量统计******************/
LastReadBytes:0
LastReadThroughput:0
LastWrittenBytes:0
LastWriteThroughput:0
RealWrittenBytes:0
RealWriteThroughput:0
当前玩家的连接数量:0
当前地图的线程个数：9
当前地图的个数:48
当前数据库执行队列数:0
当前发送队列缓存的对象数量:0
totalMemory：680001536, use ：444021096, free ：235980440DirectMemory：1827143680, 恢复 ：1
当前时间 ：2026-08-21 12:39:04send keng：2418, sheng ：4194304
decode keng：26, sheng ：2097152
world keng：12, sheng ：1048576

2026-08-21 12:39:09.682 INFO [pool-6-thread-7][:] - /****************流量统计******************/
LastReadBytes:0
LastReadThroughput:0
LastWrittenBytes:0
LastWriteThroughput:0
RealWrittenBytes:0
RealWriteThroughput:0
当前玩家的连接数量:0
当前地图的线程个数：9
当前地图的个数:48
当前数据库执行队列数:0
当前发送队列缓存的对象数量:0
totalMemory：680001536, use ：447592128, free ：232409408DirectMemory：1827143680, 恢复 ：1
当前时间 ：2026-08-21 12:39:09send keng：2418, sheng ：4194304
decode keng：26, sheng ：2097152
world keng：12, sheng ：1048576

2026-08-21 12:39:14.682 INFO [pool-6-thread-8][:] - /****************流量统计******************/
LastReadBytes:0
LastReadThroughput:0
LastWrittenBytes:0
LastWriteThroughput:0
RealWrittenBytes:0
RealWriteThroughput:0
当前玩家的连接数量:0
当前地图的线程个数：9
当前地图的个数:48
当前数据库执行队列数:0
当前发送队列缓存的对象数量:0
totalMemory：680001536, use ：451131520, free ：228870016DirectMemory：1827143680, 恢复 ：1
当前时间 ：2026-08-21 12:39:14send keng：2418, sheng ：4194304
decode keng：26, sheng ：2097152
world keng：12, sheng ：1048576

2026-08-21 12:39:19.682 INFO [pool-6-thread-7][:] - /****************流量统计******************/
LastReadBytes:0
LastReadThroughput:0
LastWrittenBytes:0
LastWriteThroughput:0
RealWrittenBytes:0
RealWriteThroughput:0
当前玩家的连接数量:0
当前地图的线程个数：9
当前地图的个数:48
当前数据库执行队列数:0
当前发送队列缓存的对象数量:0
totalMemory：680001536, use ：454536352, free ：225465184DirectMemory：1827143680, 恢复 ：1
当前时间 ：2026-08-21 12:39:19send keng：2418, sheng ：4194304
decode keng：26, sheng ：2097152
world keng：12, sheng ：1048576

2026-08-21 12:39:24.682 INFO [pool-6-thread-9][:] - /****************流量统计******************/
LastReadBytes:0
LastReadThroughput:0
LastWrittenBytes:0
LastWriteThroughput:0
RealWrittenBytes:0
RealWriteThroughput:0
当前玩家的连接数量:0
当前地图的线程个数：9
当前地图的个数:48
当前数据库执行队列数:0
当前发送队列缓存的对象数量:0
totalMemory：680001536, use ：458211280, free ：221790256DirectMemory：1827143680, 恢复 ：1
当前时间 ：2026-08-21 12:39:24send keng：2418, sheng ：4194304
decode keng：26, sheng ：2097152
world keng：12, sheng ：1048576

2026-08-21 12:39:29.684 INFO [pool-6-thread-8][:] - /****************流量统计******************/
LastReadBytes:0
LastReadThroughput:0
LastWrittenBytes:0
LastWriteThroughput:0
RealWrittenBytes:0
RealWriteThroughput:0
当前玩家的连接数量:0
当前地图的线程个数：9
当前地图的个数:48
当前数据库执行队列数:0
当前发送队列缓存的对象数量:0
totalMemory：680001536, use ：461779680, free ：218221856DirectMemory：1827143680, 恢复 ：1
当前时间 ：2026-08-21 12:39:29send keng：2418, sheng ：4194304
decode keng：26, sheng ：2097152
world keng：12, sheng ：1048576

2026-08-21 12:39:34.682 INFO [pool-6-thread-6][:] - /****************流量统计******************/
LastReadBytes:0
LastReadThroughput:0
LastWrittenBytes:0
LastWriteThroughput:0
RealWrittenBytes:0
RealWriteThroughput:0
当前玩家的连接数量:0
当前地图的线程个数：9
当前地图的个数:48
当前数据库执行队列数:0
当前发送队列缓存的对象数量:0
totalMemory：680001536, use ：465148496, free ：214853040DirectMemory：1827143680, 恢复 ：1
当前时间 ：2026-08-21 12:39:34send keng：2418, sheng ：4194304
decode keng：26, sheng ：2097152
world keng：12, sheng ：1048576

2026-08-21 12:39:39.682 INFO [pool-6-thread-8][:] - /****************流量统计******************/
LastReadBytes:0
LastReadThroughput:0
LastWrittenBytes:0
LastWriteThroughput:0
RealWrittenBytes:0
RealWriteThroughput:0
当前玩家的连接数量:0
当前地图的线程个数：9
当前地图的个数:48
当前数据库执行队列数:0
当前发送队列缓存的对象数量:0
totalMemory：680001536, use ：468560704, free ：211440832DirectMemory：1827143680, 恢复 ：1
当前时间 ：2026-08-21 12:39:39send keng：2418, sheng ：4194304
decode keng：26, sheng ：2097152
world keng：12, sheng ：1048576

2026-08-21 12:39:44.682 INFO [pool-6-thread-3][:] - /****************流量统计******************/
LastReadBytes:0
LastReadThroughput:0
LastWrittenBytes:0
LastWriteThroughput:0
RealWrittenBytes:0
RealWriteThroughput:0
当前玩家的连接数量:0
当前地图的线程个数：9
当前地图的个数:48
当前数据库执行队列数:0
当前发送队列缓存的对象数量:0
totalMemory：680001536, use ：425472952, free ：254528584DirectMemory：1827143680, 恢复 ：1
当前时间 ：2026-08-21 12:39:44send keng：2418, sheng ：4194304
decode keng：26, sheng ：2097152
world keng：12, sheng ：1048576

2026-08-21 12:39:49.682 INFO [pool-6-thread-8][:] - /****************流量统计******************/
LastReadBytes:0
LastReadThroughput:0
LastWrittenBytes:0
LastWriteThroughput:0
RealWrittenBytes:0
RealWriteThroughput:0
当前玩家的连接数量:0
当前地图的线程个数：9
当前地图的个数:48
当前数据库执行队列数:0
当前发送队列缓存的对象数量:0
totalMemory：680001536, use ：429210576, free ：250790960DirectMemory：1827143680, 恢复 ：1
当前时间 ：2026-08-21 12:39:49send keng：2418, sheng ：4194304
decode keng：26, sheng ：2097152
world keng：12, sheng ：1048576

2026-08-21 12:39:54.682 INFO [pool-6-thread-7][:] - /****************流量统计******************/
LastReadBytes:0
LastReadThroughput:0
LastWrittenBytes:0
LastWriteThroughput:0
RealWrittenBytes:0
RealWriteThroughput:0
当前玩家的连接数量:0
当前地图的线程个数：9
当前地图的个数:48
当前数据库执行队列数:0
当前发送队列缓存的对象数量:0
totalMemory：680001536, use ：432642848, free ：247358688DirectMemory：1827143680, 恢复 ：1
当前时间 ：2026-08-21 12:39:54send keng：2418, sheng ：4194304
decode keng：26, sheng ：2097152
world keng：12, sheng ：1048576

2026-08-21 12:39:59.682 INFO [pool-6-thread-9][:] - /****************流量统计******************/
LastReadBytes:0
LastReadThroughput:0
LastWrittenBytes:0
LastWriteThroughput:0
RealWrittenBytes:0
RealWriteThroughput:0
当前玩家的连接数量:0
当前地图的线程个数：9
当前地图的个数:48
当前数据库执行队列数:0
当前发送队列缓存的对象数量:0
totalMemory：680001536, use ：435966728, free ：244034808DirectMemory：1827143680, 恢复 ：1
当前时间 ：2026-08-21 12:39:59send keng：2418, sheng ：4194304
decode keng：26, sheng ：2097152
world keng：12, sheng ：1048576

2026-08-21 12:40:04.682 INFO [pool-6-thread-7][:] - /****************流量统计******************/
LastReadBytes:0
LastReadThroughput:0
LastWrittenBytes:0
LastWriteThroughput:0
RealWrittenBytes:0
RealWriteThroughput:0
当前玩家的连接数量:0
当前地图的线程个数：9
当前地图的个数:48
当前数据库执行队列数:0
当前发送队列缓存的对象数量:0
totalMemory：680001536, use ：439439592, free ：240561944DirectMemory：1827143680, 恢复 ：1
当前时间 ：2026-08-21 12:40:04send keng：2418, sheng ：4194304
decode keng：26, sheng ：2097152
world keng：12, sheng ：1048576

2026-08-21 12:40:09.682 INFO [pool-6-thread-3][:] - /****************流量统计******************/
LastReadBytes:0
LastReadThroughput:0
LastWrittenBytes:0
LastWriteThroughput:0
RealWrittenBytes:0
RealWriteThroughput:0
当前玩家的连接数量:0
当前地图的线程个数：9
当前地图的个数:48
当前数据库执行队列数:0
当前发送队列缓存的对象数量:0
totalMemory：680001536, use ：442929208, free ：237072328DirectMemory：1827143680, 恢复 ：1
当前时间 ：2026-08-21 12:40:09send keng：2418, sheng ：4194304
decode keng：26, sheng ：2097152
world keng：12, sheng ：1048576

2026-08-21 12:40:14.682 INFO [pool-6-thread-10][:] - /****************流量统计******************/
LastReadBytes:0
LastReadThroughput:0
LastWrittenBytes:0
LastWriteThroughput:0
RealWrittenBytes:0
RealWriteThroughput:0
当前玩家的连接数量:0
当前地图的线程个数：9
当前地图的个数:48
当前数据库执行队列数:0
当前发送队列缓存的对象数量:0
totalMemory：680001536, use ：446401272, free ：233600264DirectMemory：1827143680, 恢复 ：1
当前时间 ：2026-08-21 12:40:14send keng：2418, sheng ：4194304
decode keng：26, sheng ：2097152
world keng：12, sheng ：1048576

2026-08-21 12:40:19.682 INFO [pool-6-thread-1][:] - /****************流量统计******************/
LastReadBytes:0
LastReadThroughput:0
LastWrittenBytes:0
LastWriteThroughput:0
RealWrittenBytes:0
RealWriteThroughput:0
当前玩家的连接数量:0
当前地图的线程个数：9
当前地图的个数:48
当前数据库执行队列数:0
当前发送队列缓存的对象数量:0
totalMemory：680001536, use ：449871616, free ：230129920DirectMemory：1827143680, 恢复 ：1
当前时间 ：2026-08-21 12:40:19send keng：2418, sheng ：4194304
decode keng：26, sheng ：2097152
world keng：12, sheng ：1048576

2026-08-21 12:40:24.682 INFO [pool-6-thread-8][:] - /****************流量统计******************/
LastReadBytes:0
LastReadThroughput:0
LastWrittenBytes:0
LastWriteThroughput:0
RealWrittenBytes:0
RealWriteThroughput:0
当前玩家的连接数量:0
当前地图的线程个数：9
当前地图的个数:48
当前数据库执行队列数:0
当前发送队列缓存的对象数量:0
totalMemory：680001536, use ：453318296, free ：226683240DirectMemory：1827143680, 恢复 ：1
当前时间 ：2026-08-21 12:40:24send keng：2418, sheng ：4194304
decode keng：26, sheng ：2097152
world keng：12, sheng ：1048576

2026-08-21 12:40:29.682 INFO [pool-6-thread-10][:] - /****************流量统计******************/
LastReadBytes:0
LastReadThroughput:0
LastWrittenBytes:0
LastWriteThroughput:0
RealWrittenBytes:0
RealWriteThroughput:0
当前玩家的连接数量:0
当前地图的线程个数：9
当前地图的个数:48
当前数据库执行队列数:0
当前发送队列缓存的对象数量:0
totalMemory：680001536, use ：456898104, free ：223103432DirectMemory：1827143680, 恢复 ：1
当前时间 ：2026-08-21 12:40:29send keng：2418, sheng ：4194304
decode keng：26, sheng ：2097152
world keng：12, sheng ：1048576

2026-08-21 12:40:34.682 INFO [pool-6-thread-8][:] - /****************流量统计******************/
LastReadBytes:0
LastReadThroughput:0
LastWrittenBytes:0
LastWriteThroughput:0
RealWrittenBytes:0
RealWriteThroughput:0
当前玩家的连接数量:0
当前地图的线程个数：9
当前地图的个数:48
当前数据库执行队列数:0
当前发送队列缓存的对象数量:0
totalMemory：680001536, use ：460451240, free ：219550296DirectMemory：1827143680, 恢复 ：1
当前时间 ：2026-08-21 12:40:34send keng：2418, sheng ：4194304
decode keng：26, sheng ：2097152
world keng：12, sheng ：1048576

2026-08-21 12:40:39.682 INFO [pool-6-thread-3][:] - /****************流量统计******************/
LastReadBytes:0
LastReadThroughput:0
LastWrittenBytes:0
LastWriteThroughput:0
RealWrittenBytes:0
RealWriteThroughput:0
当前玩家的连接数量:0
当前地图的线程个数：9
当前地图的个数:48
当前数据库执行队列数:0
当前发送队列缓存的对象数量:0
totalMemory：680001536, use ：463842744, free ：216158792DirectMemory：1827143680, 恢复 ：1
当前时间 ：2026-08-21 12:40:39send keng：2418, sheng ：4194304
decode keng：26, sheng ：2097152
world keng：12, sheng ：1048576

2026-08-21 12:40:44.682 INFO [pool-6-thread-4][:] - /****************流量统计******************/
LastReadBytes:0
LastReadThroughput:0
LastWrittenBytes:0
LastWriteThroughput:0
RealWrittenBytes:0
RealWriteThroughput:0
当前玩家的连接数量:0
当前地图的线程个数：9
当前地图的个数:48
当前数据库执行队列数:0
当前发送队列缓存的对象数量:0
totalMemory：680001536, use ：467440392, free ：212561144DirectMemory：1827143680, 恢复 ：1
当前时间 ：2026-08-21 12:40:44send keng：2418, sheng ：4194304
decode keng：26, sheng ：2097152
world keng：12, sheng ：1048576

2026-08-21 12:40:49.682 INFO [pool-6-thread-4][:] - /****************流量统计******************/
LastReadBytes:0
LastReadThroughput:0
LastWrittenBytes:0
LastWriteThroughput:0
RealWrittenBytes:0
RealWriteThroughput:0
当前玩家的连接数量:0
当前地图的线程个数：9
当前地图的个数:48
当前数据库执行队列数:0
当前发送队列缓存的对象数量:0
totalMemory：680001536, use ：424268624, free ：255732912DirectMemory：1827143680, 恢复 ：1
当前时间 ：2026-08-21 12:40:49send keng：2418, sheng ：4194304
decode keng：26, sheng ：2097152
world keng：12, sheng ：1048576

2026-08-21 12:40:54.682 INFO [pool-6-thread-5][:] - /****************流量统计******************/
LastReadBytes:0
LastReadThroughput:0
LastWrittenBytes:0
LastWriteThroughput:0
RealWrittenBytes:0
RealWriteThroughput:0
当前玩家的连接数量:0
当前地图的线程个数：9
当前地图的个数:48
当前数据库执行队列数:0
当前发送队列缓存的对象数量:0
totalMemory：680001536, use ：427859240, free ：252142296DirectMemory：1827143680, 恢复 ：1
当前时间 ：2026-08-21 12:40:54send keng：2418, sheng ：4194304
decode keng：26, sheng ：2097152
world keng：12, sheng ：1048576

2026-08-21 12:40:59.682 INFO [pool-6-thread-7][:] - /****************流量统计******************/
LastReadBytes:0
LastReadThroughput:0
LastWrittenBytes:0
LastWriteThroughput:0
RealWrittenBytes:0
RealWriteThroughput:0
当前玩家的连接数量:0
当前地图的线程个数：9
当前地图的个数:48
当前数据库执行队列数:0
当前发送队列缓存的对象数量:0
totalMemory：680001536, use ：431161488, free ：248840048DirectMemory：1827143680, 恢复 ：1
当前时间 ：2026-08-21 12:40:59send keng：2418, sheng ：4194304
decode keng：26, sheng ：2097152
world keng：12, sheng ：1048576

2026-08-21 12:41:04.682 INFO [pool-6-thread-10][:] - /****************流量统计******************/
LastReadBytes:0
LastReadThroughput:0
LastWrittenBytes:0
LastWriteThroughput:0
RealWrittenBytes:0
RealWriteThroughput:0
当前玩家的连接数量:0
当前地图的线程个数：9
当前地图的个数:48
当前数据库执行队列数:0
当前发送队列缓存的对象数量:0
totalMemory：680001536, use ：434766792, free ：245234744DirectMemory：1827143680, 恢复 ：1
当前时间 ：2026-08-21 12:41:04send keng：2418, sheng ：4194304
decode keng：26, sheng ：2097152
world keng：12, sheng ：1048576

2026-08-21 12:41:09.682 INFO [pool-6-thread-2][:] - /****************流量统计******************/
LastReadBytes:0
LastReadThroughput:0
LastWrittenBytes:0
LastWriteThroughput:0
RealWrittenBytes:0
RealWriteThroughput:0
当前玩家的连接数量:0
当前地图的线程个数：9
当前地图的个数:48
当前数据库执行队列数:0
当前发送队列缓存的对象数量:0
totalMemory：680001536, use ：438236872, free ：241764664DirectMemory：1827143680, 恢复 ：1
当前时间 ：2026-08-21 12:41:09send keng：2418, sheng ：4194304
decode keng：26, sheng ：2097152
world keng：12, sheng ：1048576

2026-08-21 12:41:14.682 INFO [pool-6-thread-6][:] - /****************流量统计******************/
LastReadBytes:0
LastReadThroughput:0
LastWrittenBytes:0
LastWriteThroughput:0
RealWrittenBytes:0
RealWriteThroughput:0
当前玩家的连接数量:0
当前地图的线程个数：9
当前地图的个数:48
当前数据库执行队列数:0
当前发送队列缓存的对象数量:0
totalMemory：680001536, use ：441663160, free ：238338376DirectMemory：1827143680, 恢复 ：1
当前时间 ：2026-08-21 12:41:14send keng：2418, sheng ：4194304
decode keng：26, sheng ：2097152
world keng：12, sheng ：1048576

2026-08-21 12:41:19.682 INFO [pool-6-thread-7][:] - /****************流量统计******************/
LastReadBytes:0
LastReadThroughput:0
LastWrittenBytes:0
LastWriteThroughput:0
RealWrittenBytes:0
RealWriteThroughput:0
当前玩家的连接数量:0
当前地图的线程个数：9
当前地图的个数:48
当前数据库执行队列数:0
当前发送队列缓存的对象数量:0
totalMemory：680001536, use ：445138576, free ：234862960DirectMemory：1827143680, 恢复 ：1
当前时间 ：2026-08-21 12:41:19send keng：2418, sheng ：4194304
decode keng：26, sheng ：2097152
world keng：12, sheng ：1048576

2026-08-21 12:41:24.683 INFO [pool-6-thread-10][:] - /****************流量统计******************/
LastReadBytes:0
LastReadThroughput:0
LastWrittenBytes:0
LastWriteThroughput:0
RealWrittenBytes:0
RealWriteThroughput:0
当前玩家的连接数量:0
当前地图的线程个数：9
当前地图的个数:48
当前数据库执行队列数:0
当前发送队列缓存的对象数量:0
totalMemory：680001536, use ：448611168, free ：231390368DirectMemory：1827143680, 恢复 ：1
当前时间 ：2026-08-21 12:41:24send keng：2418, sheng ：4194304
decode keng：26, sheng ：2097152
world keng：12, sheng ：1048576

2026-08-21 12:41:29.682 INFO [pool-6-thread-6][:] - /****************流量统计******************/
LastReadBytes:0
LastReadThroughput:0
LastWrittenBytes:0
LastWriteThroughput:0
RealWrittenBytes:0
RealWriteThroughput:0
当前玩家的连接数量:0
当前地图的线程个数：9
当前地图的个数:48
当前数据库执行队列数:0
当前发送队列缓存的对象数量:0
totalMemory：680001536, use ：452249872, free ：227751664DirectMemory：1827143680, 恢复 ：1
当前时间 ：2026-08-21 12:41:29send keng：2418, sheng ：4194304
decode keng：26, sheng ：2097152
world keng：12, sheng ：1048576

2026-08-21 12:41:34.682 INFO [pool-6-thread-10][:] - /****************流量统计******************/
LastReadBytes:0
LastReadThroughput:0
LastWrittenBytes:0
LastWriteThroughput:0
RealWrittenBytes:0
RealWriteThroughput:0
当前玩家的连接数量:0
当前地图的线程个数：9
当前地图的个数:48
当前数据库执行队列数:0
当前发送队列缓存的对象数量:0
totalMemory：680001536, use ：455429336, free ：224572200DirectMemory：1827143680, 恢复 ：1
当前时间 ：2026-08-21 12:41:34send keng：2418, sheng ：4194304
decode keng：26, sheng ：2097152
world keng：12, sheng ：1048576

2026-08-21 12:41:39.682 INFO [pool-6-thread-4][:] - /****************流量统计******************/
LastReadBytes:0
LastReadThroughput:0
LastWrittenBytes:0
LastWriteThroughput:0
RealWrittenBytes:0
RealWriteThroughput:0
当前玩家的连接数量:0
当前地图的线程个数：9
当前地图的个数:48
当前数据库执行队列数:0
当前发送队列缓存的对象数量:0
totalMemory：680001536, use ：459046200, free ：220955336DirectMemory：1827143680, 恢复 ：1
当前时间 ：2026-08-21 12:41:39send keng：2418, sheng ：4194304
decode keng：26, sheng ：2097152
world keng：12, sheng ：1048576

2026-08-21 12:41:44.682 INFO [pool-6-thread-7][:] - /****************流量统计******************/
LastReadBytes:0
LastReadThroughput:0
LastWrittenBytes:0
LastWriteThroughput:0
RealWrittenBytes:0
RealWriteThroughput:0
当前玩家的连接数量:0
当前地图的线程个数：9
当前地图的个数:48
当前数据库执行队列数:0
当前发送队列缓存的对象数量:0
totalMemory：680001536, use ：462654424, free ：217347112DirectMemory：1827143680, 恢复 ：1
当前时间 ：2026-08-21 12:41:44send keng：2418, sheng ：4194304
decode keng：26, sheng ：2097152
world keng：12, sheng ：1048576

2026-08-21 12:41:49.682 INFO [pool-6-thread-2][:] - /****************流量统计******************/
LastReadBytes:0
LastReadThroughput:0
LastWrittenBytes:0
LastWriteThroughput:0
RealWrittenBytes:0
RealWriteThroughput:0
当前玩家的连接数量:0
当前地图的线程个数：9
当前地图的个数:48
当前数据库执行队列数:0
当前发送队列缓存的对象数量:0
totalMemory：680001536, use ：466160272, free ：213841264DirectMemory：1827143680, 恢复 ：1
当前时间 ：2026-08-21 12:41:49send keng：2418, sheng ：4194304
decode keng：26, sheng ：2097152
world keng：12, sheng ：1048576

2026-08-21 12:41:54.682 INFO [pool-6-thread-9][:] - /****************流量统计******************/
LastReadBytes:0
LastReadThroughput:0
LastWrittenBytes:0
LastWriteThroughput:0
RealWrittenBytes:0
RealWriteThroughput:0
当前玩家的连接数量:0
当前地图的线程个数：9
当前地图的个数:48
当前数据库执行队列数:0
当前发送队列缓存的对象数量:0
totalMemory：680001536, use ：422986848, free ：257014688DirectMemory：1827143680, 恢复 ：1
当前时间 ：2026-08-21 12:41:54send keng：2418, sheng ：4194304
decode keng：26, sheng ：2097152
world keng：12, sheng ：1048576

2026-08-21 12:41:59.682 INFO [pool-6-thread-4][:] - /****************流量统计******************/
LastReadBytes:0
LastReadThroughput:0
LastWrittenBytes:0
LastWriteThroughput:0
RealWrittenBytes:0
RealWriteThroughput:0
当前玩家的连接数量:0
当前地图的线程个数：9
当前地图的个数:48
当前数据库执行队列数:0
当前发送队列缓存的对象数量:0
totalMemory：680001536, use ：426297688, free ：253703848DirectMemory：1827143680, 恢复 ：1
当前时间 ：2026-08-21 12:41:59send keng：2418, sheng ：4194304
decode keng：26, sheng ：2097152
world keng：12, sheng ：1048576

2026-08-21 12:42:04.682 INFO [pool-6-thread-10][:] - /****************流量统计******************/
LastReadBytes:0
LastReadThroughput:0
LastWrittenBytes:0
LastWriteThroughput:0
RealWrittenBytes:0
RealWriteThroughput:0
当前玩家的连接数量:0
当前地图的线程个数：9
当前地图的个数:48
当前数据库执行队列数:0
当前发送队列缓存的对象数量:0
totalMemory：680001536, use ：429974112, free ：250027424DirectMemory：1827143680, 恢复 ：1
当前时间 ：2026-08-21 12:42:04send keng：2418, sheng ：4194304
decode keng：26, sheng ：2097152
world keng：12, sheng ：1048576

2026-08-21 12:42:09.682 INFO [pool-6-thread-9][:] - /****************流量统计******************/
LastReadBytes:0
LastReadThroughput:0
LastWrittenBytes:0
LastWriteThroughput:0
RealWrittenBytes:0
RealWriteThroughput:0
当前玩家的连接数量:0
当前地图的线程个数：9
当前地图的个数:48
当前数据库执行队列数:0
当前发送队列缓存的对象数量:0
totalMemory：680001536, use ：433644552, free ：246356984DirectMemory：1827143680, 恢复 ：1
当前时间 ：2026-08-21 12:42:09send keng：2418, sheng ：4194304
decode keng：26, sheng ：2097152
world keng：12, sheng ：1048576

2026-08-21 12:42:14.682 INFO [pool-6-thread-3][:] - /****************流量统计******************/
LastReadBytes:0
LastReadThroughput:0
LastWrittenBytes:0
LastWriteThroughput:0
RealWrittenBytes:0
RealWriteThroughput:0
当前玩家的连接数量:0
当前地图的线程个数：9
当前地图的个数:48
当前数据库执行队列数:0
当前发送队列缓存的对象数量:0
totalMemory：680001536, use ：437081568, free ：242919968DirectMemory：1827143680, 恢复 ：1
当前时间 ：2026-08-21 12:42:14send keng：2418, sheng ：4194304
decode keng：26, sheng ：2097152
world keng：12, sheng ：1048576

2026-08-21 12:42:19.682 INFO [pool-6-thread-9][:] - /****************流量统计******************/
LastReadBytes:0
LastReadThroughput:0
LastWrittenBytes:0
LastWriteThroughput:0
RealWrittenBytes:0
RealWriteThroughput:0
当前玩家的连接数量:0
当前地图的线程个数：9
当前地图的个数:48
当前数据库执行队列数:0
当前发送队列缓存的对象数量:0
totalMemory：680001536, use ：440577504, free ：239424032DirectMemory：1827143680, 恢复 ：1
当前时间 ：2026-08-21 12:42:19send keng：2418, sheng ：4194304
decode keng：26, sheng ：2097152
world keng：12, sheng ：1048576

2026-08-21 12:42:24.682 INFO [pool-6-thread-5][:] - /****************流量统计******************/
LastReadBytes:0
LastReadThroughput:0
LastWrittenBytes:0
LastWriteThroughput:0
RealWrittenBytes:0
RealWriteThroughput:0
当前玩家的连接数量:0
当前地图的线程个数：9
当前地图的个数:48
当前数据库执行队列数:0
当前发送队列缓存的对象数量:0
totalMemory：680001536, use ：443791960, free ：236209576DirectMemory：1827143680, 恢复 ：1
当前时间 ：2026-08-21 12:42:24send keng：2418, sheng ：4194304
decode keng：26, sheng ：2097152
world keng：12, sheng ：1048576

2026-08-21 12:42:29.682 INFO [pool-6-thread-6][:] - /****************流量统计******************/
LastReadBytes:0
LastReadThroughput:0
LastWrittenBytes:0
LastWriteThroughput:0
RealWrittenBytes:0
RealWriteThroughput:0
当前玩家的连接数量:0
当前地图的线程个数：9
当前地图的个数:48
当前数据库执行队列数:0
当前发送队列缓存的对象数量:0
totalMemory：680001536, use ：447474032, free ：232527504DirectMemory：1827143680, 恢复 ：1
当前时间 ：2026-08-21 12:42:29send keng：2418, sheng ：4194304
decode keng：26, sheng ：2097152
world keng：12, sheng ：1048576

2026-08-21 12:42:34.682 INFO [pool-6-thread-10][:] - /****************流量统计******************/
LastReadBytes:0
LastReadThroughput:0
LastWrittenBytes:0
LastWriteThroughput:0
RealWrittenBytes:0
RealWriteThroughput:0
当前玩家的连接数量:0
当前地图的线程个数：9
当前地图的个数:48
当前数据库执行队列数:0
当前发送队列缓存的对象数量:0
totalMemory：680001536, use ：450684952, free ：229316584DirectMemory：1827143680, 恢复 ：1
当前时间 ：2026-08-21 12:42:34send keng：2418, sheng ：4194304
decode keng：26, sheng ：2097152
world keng：12, sheng ：1048576

2026-08-21 12:42:39.682 INFO [pool-6-thread-7][:] - /****************流量统计******************/
LastReadBytes:0
LastReadThroughput:0
LastWrittenBytes:0
LastWriteThroughput:0
RealWrittenBytes:0
RealWriteThroughput:0
当前玩家的连接数量:0
当前地图的线程个数：9
当前地图的个数:48
当前数据库执行队列数:0
当前发送队列缓存的对象数量:0
totalMemory：680001536, use ：454388168, free ：225613368DirectMemory：1827143680, 恢复 ：1
当前时间 ：2026-08-21 12:42:39send keng：2418, sheng ：4194304
decode keng：26, sheng ：2097152
world keng：12, sheng ：1048576

2026-08-21 12:42:44.686 INFO [pool-6-thread-1][:] - /****************流量统计******************/
LastReadBytes:0
LastReadThroughput:0
LastWrittenBytes:0
LastWriteThroughput:0
RealWrittenBytes:0
RealWriteThroughput:0
当前玩家的连接数量:0
当前地图的线程个数：9
当前地图的个数:48
当前数据库执行队列数:0
当前发送队列缓存的对象数量:0
totalMemory：680001536, use ：457890344, free ：222111192DirectMemory：1827143680, 恢复 ：1
当前时间 ：2026-08-21 12:42:44send keng：2418, sheng ：4194304
decode keng：26, sheng ：2097152
world keng：12, sheng ：1048576

2026-08-21 12:42:49.682 INFO [pool-6-thread-7][:] - /****************流量统计******************/
LastReadBytes:0
LastReadThroughput:0
LastWrittenBytes:0
LastWriteThroughput:0
RealWrittenBytes:0
RealWriteThroughput:0
当前玩家的连接数量:0
当前地图的线程个数：9
当前地图的个数:48
当前数据库执行队列数:0
当前发送队列缓存的对象数量:0
totalMemory：680001536, use ：461379680, free ：218621856DirectMemory：1827143680, 恢复 ：1
当前时间 ：2026-08-21 12:42:49send keng：2418, sheng ：4194304
decode keng：26, sheng ：2097152
world keng：12, sheng ：1048576

2026-08-21 12:42:54.682 INFO [pool-6-thread-9][:] - /****************流量统计******************/
LastReadBytes:0
LastReadThroughput:0
LastWrittenBytes:0
LastWriteThroughput:0
RealWrittenBytes:0
RealWriteThroughput:0
当前玩家的连接数量:0
当前地图的线程个数：9
当前地图的个数:48
当前数据库执行队列数:0
当前发送队列缓存的对象数量:0
totalMemory：680001536, use ：464786376, free ：215215160DirectMemory：1827143680, 恢复 ：1
当前时间 ：2026-08-21 12:42:54send keng：2418, sheng ：4194304
decode keng：26, sheng ：2097152
world keng：12, sheng ：1048576

2026-08-21 12:42:59.682 INFO [pool-6-thread-10][:] - /****************流量统计******************/
LastReadBytes:0
LastReadThroughput:0
LastWrittenBytes:0
LastWriteThroughput:0
RealWrittenBytes:0
RealWriteThroughput:0
当前玩家的连接数量:0
当前地图的线程个数：9
当前地图的个数:48
当前数据库执行队列数:0
当前发送队列缓存的对象数量:0
totalMemory：680001536, use ：468402808, free ：211598728DirectMemory：1827143680, 恢复 ：1
当前时间 ：2026-08-21 12:42:59send keng：2418, sheng ：4194304
decode keng：26, sheng ：2097152
world keng：12, sheng ：1048576

2026-08-21 12:43:04.682 INFO [pool-6-thread-1][:] - /****************流量统计******************/
LastReadBytes:0
LastReadThroughput:0
LastWrittenBytes:0
LastWriteThroughput:0
RealWrittenBytes:0
RealWriteThroughput:0
当前玩家的连接数量:0
当前地图的线程个数：9
当前地图的个数:48
当前数据库执行队列数:0
当前发送队列缓存的对象数量:0
totalMemory：680001536, use ：425365224, free ：254636312DirectMemory：1827143680, 恢复 ：1
当前时间 ：2026-08-21 12:43:04send keng：2418, sheng ：4194304
decode keng：26, sheng ：2097152
world keng：12, sheng ：1048576

2026-08-21 12:43:09.682 INFO [pool-6-thread-5][:] - /****************流量统计******************/
LastReadBytes:0
LastReadThroughput:0
LastWrittenBytes:0
LastWriteThroughput:0
RealWrittenBytes:0
RealWriteThroughput:0
当前玩家的连接数量:0
当前地图的线程个数：9
当前地图的个数:48
当前数据库执行队列数:0
当前发送队列缓存的对象数量:0
totalMemory：680001536, use ：428654280, free ：251347256DirectMemory：1827143680, 恢复 ：1
当前时间 ：2026-08-21 12:43:09send keng：2418, sheng ：4194304
decode keng：26, sheng ：2097152
world keng：12, sheng ：1048576

2026-08-21 12:43:14.682 INFO [pool-6-thread-4][:] - /****************流量统计******************/
LastReadBytes:0
LastReadThroughput:0
LastWrittenBytes:0
LastWriteThroughput:0
RealWrittenBytes:0
RealWriteThroughput:0
当前玩家的连接数量:0
当前地图的线程个数：9
当前地图的个数:48
当前数据库执行队列数:0
当前发送队列缓存的对象数量:0
totalMemory：680001536, use ：432313152, free ：247688384DirectMemory：1827143680, 恢复 ：1
当前时间 ：2026-08-21 12:43:14send keng：2418, sheng ：4194304
decode keng：26, sheng ：2097152
world keng：12, sheng ：1048576

2026-08-21 12:43:19.682 INFO [pool-6-thread-3][:] - /****************流量统计******************/
LastReadBytes:0
LastReadThroughput:0
LastWrittenBytes:0
LastWriteThroughput:0
RealWrittenBytes:0
RealWriteThroughput:0
当前玩家的连接数量:0
当前地图的线程个数：9
当前地图的个数:48
当前数据库执行队列数:0
当前发送队列缓存的对象数量:0
totalMemory：680001536, use ：436001864, free ：243999672DirectMemory：1827143680, 恢复 ：1
当前时间 ：2026-08-21 12:43:19send keng：2418, sheng ：4194304
decode keng：26, sheng ：2097152
world keng：12, sheng ：1048576

2026-08-21 12:43:24.682 INFO [pool-6-thread-7][:] - /****************流量统计******************/
LastReadBytes:0
LastReadThroughput:0
LastWrittenBytes:0
LastWriteThroughput:0
RealWrittenBytes:0
RealWriteThroughput:0
当前玩家的连接数量:0
当前地图的线程个数：9
当前地图的个数:48
当前数据库执行队列数:0
当前发送队列缓存的对象数量:0
totalMemory：680001536, use ：439403848, free ：240597688DirectMemory：1827143680, 恢复 ：1
当前时间 ：2026-08-21 12:43:24send keng：2418, sheng ：4194304
decode keng：26, sheng ：2097152
world keng：12, sheng ：1048576

2026-08-21 12:43:29.682 INFO [pool-6-thread-5][:] - /****************流量统计******************/
LastReadBytes:0
LastReadThroughput:0
LastWrittenBytes:0
LastWriteThroughput:0
RealWrittenBytes:0
RealWriteThroughput:0
当前玩家的连接数量:0
当前地图的线程个数：9
当前地图的个数:48
当前数据库执行队列数:0
当前发送队列缓存的对象数量:0
totalMemory：680001536, use ：442959224, free ：237042312DirectMemory：1827143680, 恢复 ：1
当前时间 ：2026-08-21 12:43:29send keng：2418, sheng ：4194304
decode keng：26, sheng ：2097152
world keng：12, sheng ：1048576

2026-08-21 12:43:34.682 INFO [pool-6-thread-10][:] - /****************流量统计******************/
LastReadBytes:0
LastReadThroughput:0
LastWrittenBytes:0
LastWriteThroughput:0
RealWrittenBytes:0
RealWriteThroughput:0
当前玩家的连接数量:0
当前地图的线程个数：9
当前地图的个数:48
当前数据库执行队列数:0
当前发送队列缓存的对象数量:0
totalMemory：680001536, use ：446201064, free ：233800472DirectMemory：1827143680, 恢复 ：1
当前时间 ：2026-08-21 12:43:34send keng：2418, sheng ：4194304
decode keng：26, sheng ：2097152
world keng：12, sheng ：1048576

2026-08-21 12:43:39.682 INFO [pool-6-thread-9][:] - /****************流量统计******************/
LastReadBytes:0
LastReadThroughput:0
LastWrittenBytes:0
LastWriteThroughput:0
RealWrittenBytes:0
RealWriteThroughput:0
当前玩家的连接数量:0
当前地图的线程个数：9
当前地图的个数:48
当前数据库执行队列数:0
当前发送队列缓存的对象数量:0
totalMemory：680001536, use ：449786304, free ：230215232DirectMemory：1827143680, 恢复 ：1
当前时间 ：2026-08-21 12:43:39send keng：2418, sheng ：4194304
decode keng：26, sheng ：2097152
world keng：12, sheng ：1048576

2026-08-21 12:43:44.682 INFO [pool-6-thread-6][:] - /****************流量统计******************/
LastReadBytes:0
LastReadThroughput:0
LastWrittenBytes:0
LastWriteThroughput:0
RealWrittenBytes:0
RealWriteThroughput:0
当前玩家的连接数量:0
当前地图的线程个数：9
当前地图的个数:48
当前数据库执行队列数:0
当前发送队列缓存的对象数量:0
totalMemory：680001536, use ：453085552, free ：226915984DirectMemory：1827143680, 恢复 ：1
当前时间 ：2026-08-21 12:43:44send keng：2418, sheng ：4194304
decode keng：26, sheng ：2097152
world keng：12, sheng ：1048576

2026-08-21 12:43:49.682 INFO [pool-6-thread-8][:] - /****************流量统计******************/
LastReadBytes:0
LastReadThroughput:0
LastWrittenBytes:0
LastWriteThroughput:0
RealWrittenBytes:0
RealWriteThroughput:0
当前玩家的连接数量:0
当前地图的线程个数：9
当前地图的个数:48
当前数据库执行队列数:0
当前发送队列缓存的对象数量:0
totalMemory：680001536, use ：456596848, free ：223404688DirectMemory：1827143680, 恢复 ：1
当前时间 ：2026-08-21 12:43:49send keng：2418, sheng ：4194304
decode keng：26, sheng ：2097152
world keng：12, sheng ：1048576

2026-08-21 12:43:54.682 INFO [pool-6-thread-1][:] - /****************流量统计******************/
LastReadBytes:0
LastReadThroughput:0
LastWrittenBytes:0
LastWriteThroughput:0
RealWrittenBytes:0
RealWriteThroughput:0
当前玩家的连接数量:0
当前地图的线程个数：9
当前地图的个数:48
当前数据库执行队列数:0
当前发送队列缓存的对象数量:0
totalMemory：680001536, use ：459971112, free ：220030424DirectMemory：1827143680, 恢复 ：1
当前时间 ：2026-08-21 12:43:54send keng：2418, sheng ：4194304
decode keng：26, sheng ：2097152
world keng：12, sheng ：1048576

2026-08-21 12:43:59.682 INFO [pool-6-thread-4][:] - /****************流量统计******************/
LastReadBytes:0
LastReadThroughput:0
LastWrittenBytes:0
LastWriteThroughput:0
RealWrittenBytes:0
RealWriteThroughput:0
当前玩家的连接数量:0
当前地图的线程个数：9
当前地图的个数:48
当前数据库执行队列数:0
当前发送队列缓存的对象数量:0
totalMemory：680001536, use ：463671736, free ：216329800DirectMemory：1827143680, 恢复 ：1
当前时间 ：2026-08-21 12:43:59send keng：2418, sheng ：4194304
decode keng：26, sheng ：2097152
world keng：12, sheng ：1048576

2026-08-21 12:44:04.682 INFO [pool-6-thread-1][:] - /****************流量统计******************/
LastReadBytes:0
LastReadThroughput:0
LastWrittenBytes:0
LastWriteThroughput:0
RealWrittenBytes:0
RealWriteThroughput:0
当前玩家的连接数量:0
当前地图的线程个数：9
当前地图的个数:48
当前数据库执行队列数:0
当前发送队列缓存的对象数量:0
totalMemory：680001536, use ：467132088, free ：212869448DirectMemory：1827143680, 恢复 ：1
当前时间 ：2026-08-21 12:44:04send keng：2418, sheng ：4194304
decode keng：26, sheng ：2097152
world keng：12, sheng ：1048576

2026-08-21 12:44:09.682 INFO [pool-6-thread-1][:] - /****************流量统计******************/
LastReadBytes:0
LastReadThroughput:0
LastWrittenBytes:0
LastWriteThroughput:0
RealWrittenBytes:0
RealWriteThroughput:0
当前玩家的连接数量:0
当前地图的线程个数：9
当前地图的个数:48
当前数据库执行队列数:0
当前发送队列缓存的对象数量:0
totalMemory：680001536, use ：423638208, free ：256363328DirectMemory：1827143680, 恢复 ：1
当前时间 ：2026-08-21 12:44:09send keng：2418, sheng ：4194304
decode keng：26, sheng ：2097152
world keng：12, sheng ：1048576

2026-08-21 12:44:14.682 INFO [pool-6-thread-7][:] - /****************流量统计******************/
LastReadBytes:0
LastReadThroughput:0
LastWrittenBytes:0
LastWriteThroughput:0
RealWrittenBytes:0
RealWriteThroughput:0
当前玩家的连接数量:0
当前地图的线程个数：9
当前地图的个数:48
当前数据库执行队列数:0
当前发送队列缓存的对象数量:0
totalMemory：680001536, use ：427464656, free ：252536880DirectMemory：1827143680, 恢复 ：1
当前时间 ：2026-08-21 12:44:14send keng：2418, sheng ：4194304
decode keng：26, sheng ：2097152
world keng：12, sheng ：1048576

2026-08-21 12:44:19.686 INFO [pool-6-thread-9][:] - /****************流量统计******************/
LastReadBytes:0
LastReadThroughput:0
LastWrittenBytes:0
LastWriteThroughput:0
RealWrittenBytes:0
RealWriteThroughput:0
当前玩家的连接数量:0
当前地图的线程个数：9
当前地图的个数:48
当前数据库执行队列数:0
当前发送队列缓存的对象数量:0
totalMemory：680001536, use ：430854600, free ：249146936DirectMemory：1827143680, 恢复 ：1
当前时间 ：2026-08-21 12:44:19send keng：2418, sheng ：4194304
decode keng：26, sheng ：2097152
world keng：12, sheng ：1048576

2026-08-21 12:44:24.682 INFO [pool-6-thread-10][:] - /****************流量统计******************/
LastReadBytes:0
LastReadThroughput:0
LastWrittenBytes:0
LastWriteThroughput:0
RealWrittenBytes:0
RealWriteThroughput:0
当前玩家的连接数量:0
当前地图的线程个数：9
当前地图的个数:48
当前数据库执行队列数:0
当前发送队列缓存的对象数量:0
totalMemory：680001536, use ：434394256, free ：245607280DirectMemory：1827143680, 恢复 ：1
当前时间 ：2026-08-21 12:44:24send keng：2418, sheng ：4194304
decode keng：26, sheng ：2097152
world keng：12, sheng ：1048576

2026-08-21 12:44:29.682 INFO [pool-6-thread-3][:] - /****************流量统计******************/
LastReadBytes:0
LastReadThroughput:0
LastWrittenBytes:0
LastWriteThroughput:0
RealWrittenBytes:0
RealWriteThroughput:0
当前玩家的连接数量:0
当前地图的线程个数：9
当前地图的个数:48
当前数据库执行队列数:0
当前发送队列缓存的对象数量:0
totalMemory：680001536, use ：437812864, free ：242188672DirectMemory：1827143680, 恢复 ：1
当前时间 ：2026-08-21 12:44:29send keng：2418, sheng ：4194304
decode keng：26, sheng ：2097152
world keng：12, sheng ：1048576

2026-08-21 12:44:34.682 INFO [pool-6-thread-2][:] - /****************流量统计******************/
LastReadBytes:0
LastReadThroughput:0
LastWrittenBytes:0
LastWriteThroughput:0
RealWrittenBytes:0
RealWriteThroughput:0
当前玩家的连接数量:0
当前地图的线程个数：9
当前地图的个数:48
当前数据库执行队列数:0
当前发送队列缓存的对象数量:0
totalMemory：680001536, use ：441322184, free ：238679352DirectMemory：1827143680, 恢复 ：1
当前时间 ：2026-08-21 12:44:34send keng：2418, sheng ：4194304
decode keng：26, sheng ：2097152
world keng：12, sheng ：1048576

2026-08-21 12:44:39.682 INFO [pool-6-thread-2][:] - /****************流量统计******************/
LastReadBytes:0
LastReadThroughput:0
LastWrittenBytes:0
LastWriteThroughput:0
RealWrittenBytes:0
RealWriteThroughput:0
当前玩家的连接数量:0
当前地图的线程个数：9
当前地图的个数:48
当前数据库执行队列数:0
当前发送队列缓存的对象数量:0
totalMemory：680001536, use ：444789528, free ：235212008DirectMemory：1827143680, 恢复 ：1
当前时间 ：2026-08-21 12:44:39send keng：2418, sheng ：4194304
decode keng：26, sheng ：2097152
world keng：12, sheng ：1048576

2026-08-21 12:44:44.682 INFO [pool-6-thread-10][:] - /****************流量统计******************/
LastReadBytes:0
LastReadThroughput:0
LastWrittenBytes:0
LastWriteThroughput:0
RealWrittenBytes:0
RealWriteThroughput:0
当前玩家的连接数量:0
当前地图的线程个数：9
当前地图的个数:48
当前数据库执行队列数:0
当前发送队列缓存的对象数量:0
totalMemory：680001536, use ：448149176, free ：231852360DirectMemory：1827143680, 恢复 ：1
当前时间 ：2026-08-21 12:44:44send keng：2418, sheng ：4194304
decode keng：26, sheng ：2097152
world keng：12, sheng ：1048576

2026-08-21 12:44:49.682 INFO [pool-6-thread-5][:] - /****************流量统计******************/
LastReadBytes:0
LastReadThroughput:0
LastWrittenBytes:0
LastWriteThroughput:0
RealWrittenBytes:0
RealWriteThroughput:0
当前玩家的连接数量:0
当前地图的线程个数：9
当前地图的个数:48
当前数据库执行队列数:0
当前发送队列缓存的对象数量:0
totalMemory：680001536, use ：451721480, free ：228280056DirectMemory：1827143680, 恢复 ：1
当前时间 ：2026-08-21 12:44:49send keng：2418, sheng ：4194304
decode keng：26, sheng ：2097152
world keng：12, sheng ：1048576

2026-08-21 12:44:54.682 INFO [pool-6-thread-2][:] - /****************流量统计******************/
LastReadBytes:0
LastReadThroughput:0
LastWrittenBytes:0
LastWriteThroughput:0
RealWrittenBytes:0
RealWriteThroughput:0
当前玩家的连接数量:0
当前地图的线程个数：9
当前地图的个数:48
当前数据库执行队列数:0
当前发送队列缓存的对象数量:0
totalMemory：680001536, use ：455271576, free ：224729960DirectMemory：1827143680, 恢复 ：1
当前时间 ：2026-08-21 12:44:54send keng：2418, sheng ：4194304
decode keng：26, sheng ：2097152
world keng：12, sheng ：1048576

2026-08-21 12:44:59.682 INFO [pool-6-thread-9][:] - /****************流量统计******************/
LastReadBytes:0
LastReadThroughput:0
LastWrittenBytes:0
LastWriteThroughput:0
RealWrittenBytes:0
RealWriteThroughput:0
当前玩家的连接数量:0
当前地图的线程个数：9
当前地图的个数:48
当前数据库执行队列数:0
当前发送队列缓存的对象数量:0
totalMemory：680001536, use ：458968696, free ：221032840DirectMemory：1827143680, 恢复 ：1
当前时间 ：2026-08-21 12:44:59send keng：2418, sheng ：4194304
decode keng：26, sheng ：2097152
world keng：12, sheng ：1048576

2026-08-21 12:45:04.682 INFO [pool-6-thread-3][:] - /****************流量统计******************/
LastReadBytes:0
LastReadThroughput:0
LastWrittenBytes:0
LastWriteThroughput:0
RealWrittenBytes:0
RealWriteThroughput:0
当前玩家的连接数量:0
当前地图的线程个数：9
当前地图的个数:48
当前数据库执行队列数:0
当前发送队列缓存的对象数量:0
totalMemory：680001536, use ：462007264, free ：217994272DirectMemory：1827143680, 恢复 ：1
当前时间 ：2026-08-21 12:45:04send keng：2418, sheng ：4194304
decode keng：26, sheng ：2097152
world keng：12, sheng ：1048576

2026-08-21 12:45:09.682 INFO [pool-6-thread-5][:] - /****************流量统计******************/
LastReadBytes:0
LastReadThroughput:0
LastWrittenBytes:0
LastWriteThroughput:0
RealWrittenBytes:0
RealWriteThroughput:0
当前玩家的连接数量:0
当前地图的线程个数：9
当前地图的个数:48
当前数据库执行队列数:0
当前发送队列缓存的对象数量:0
totalMemory：680001536, use ：465738936, free ：214262600DirectMemory：1827143680, 恢复 ：1
当前时间 ：2026-08-21 12:45:09send keng：2418, sheng ：4194304
decode keng：26, sheng ：2097152
world keng：12, sheng ：1048576

2026-08-21 12:45:14.682 INFO [pool-6-thread-5][:] - /****************流量统计******************/
LastReadBytes:0
LastReadThroughput:0
LastWrittenBytes:0
LastWriteThroughput:0
RealWrittenBytes:0
RealWriteThroughput:0
当前玩家的连接数量:0
当前地图的线程个数：9
当前地图的个数:48
当前数据库执行队列数:0
当前发送队列缓存的对象数量:0
totalMemory：680001536, use ：422751904, free ：257249632DirectMemory：1827143680, 恢复 ：1
当前时间 ：2026-08-21 12:45:14send keng：2418, sheng ：4194304
decode keng：26, sheng ：2097152
world keng：12, sheng ：1048576

2026-08-21 12:45:19.682 INFO [pool-6-thread-8][:] - /****************流量统计******************/
LastReadBytes:0
LastReadThroughput:0
LastWrittenBytes:0
LastWriteThroughput:0
RealWrittenBytes:0
RealWriteThroughput:0
当前玩家的连接数量:0
当前地图的线程个数：9
当前地图的个数:48
当前数据库执行队列数:0
当前发送队列缓存的对象数量:0
totalMemory：680001536, use ：426113048, free ：253888488DirectMemory：1827143680, 恢复 ：1
当前时间 ：2026-08-21 12:45:19send keng：2418, sheng ：4194304
decode keng：26, sheng ：2097152
world keng：12, sheng ：1048576

2026-08-21 12:45:24.682 INFO [pool-6-thread-5][:] - /****************流量统计******************/
LastReadBytes:0
LastReadThroughput:0
LastWrittenBytes:0
LastWriteThroughput:0
RealWrittenBytes:0
RealWriteThroughput:0
当前玩家的连接数量:0
当前地图的线程个数：9
当前地图的个数:48
当前数据库执行队列数:0
当前发送队列缓存的对象数量:0
totalMemory：680001536, use ：429575880, free ：250425656DirectMemory：1827143680, 恢复 ：1
当前时间 ：2026-08-21 12:45:24send keng：2418, sheng ：4194304
decode keng：26, sheng ：2097152
world keng：12, sheng ：1048576

2026-08-21 12:45:29.682 INFO [pool-6-thread-9][:] - /****************流量统计******************/
LastReadBytes:0
LastReadThroughput:0
LastWrittenBytes:0
LastWriteThroughput:0
RealWrittenBytes:0
RealWriteThroughput:0
当前玩家的连接数量:0
当前地图的线程个数：9
当前地图的个数:48
当前数据库执行队列数:0
当前发送队列缓存的对象数量:0
totalMemory：680001536, use ：433040416, free ：246961120DirectMemory：1827143680, 恢复 ：1
当前时间 ：2026-08-21 12:45:29send keng：2418, sheng ：4194304
decode keng：26, sheng ：2097152
world keng：12, sheng ：1048576

2026-08-21 12:45:34.682 INFO [pool-6-thread-5][:] - /****************流量统计******************/
LastReadBytes:0
LastReadThroughput:0
LastWrittenBytes:0
LastWriteThroughput:0
RealWrittenBytes:0
RealWriteThroughput:0
当前玩家的连接数量:0
当前地图的线程个数：9
当前地图的个数:48
当前数据库执行队列数:0
当前发送队列缓存的对象数量:0
totalMemory：680001536, use ：436612480, free ：243389056DirectMemory：1827143680, 恢复 ：1
当前时间 ：2026-08-21 12:45:34send keng：2418, sheng ：4194304
decode keng：26, sheng ：2097152
world keng：12, sheng ：1048576

2026-08-21 12:45:39.682 INFO [pool-6-thread-2][:] - /****************流量统计******************/
LastReadBytes:0
LastReadThroughput:0
LastWrittenBytes:0
LastWriteThroughput:0
RealWrittenBytes:0
RealWriteThroughput:0
当前玩家的连接数量:0
当前地图的线程个数：9
当前地图的个数:48
当前数据库执行队列数:0
当前发送队列缓存的对象数量:0
totalMemory：680001536, use ：440079752, free ：239921784DirectMemory：1827143680, 恢复 ：1
当前时间 ：2026-08-21 12:45:39send keng：2418, sheng ：4194304
decode keng：26, sheng ：2097152
world keng：12, sheng ：1048576

2026-08-21 12:45:44.683 INFO [pool-6-thread-1][:] - /****************流量统计******************/
LastReadBytes:0
LastReadThroughput:0
LastWrittenBytes:0
LastWriteThroughput:0
RealWrittenBytes:0
RealWriteThroughput:0
当前玩家的连接数量:0
当前地图的线程个数：9
当前地图的个数:48
当前数据库执行队列数:0
当前发送队列缓存的对象数量:0
totalMemory：680001536, use ：443559216, free ：236442320DirectMemory：1827143680, 恢复 ：1
当前时间 ：2026-08-21 12:45:44send keng：2418, sheng ：4194304
decode keng：26, sheng ：2097152
world keng：12, sheng ：1048576

2026-08-21 12:45:49.682 INFO [pool-6-thread-1][:] - /****************流量统计******************/
LastReadBytes:0
LastReadThroughput:0
LastWrittenBytes:0
LastWriteThroughput:0
RealWrittenBytes:0
RealWriteThroughput:0
当前玩家的连接数量:0
当前地图的线程个数：9
当前地图的个数:48
当前数据库执行队列数:0
当前发送队列缓存的对象数量:0
totalMemory：680001536, use ：447143544, free ：232857992DirectMemory：1827143680, 恢复 ：1
当前时间 ：2026-08-21 12:45:49send keng：2418, sheng ：4194304
decode keng：26, sheng ：2097152
world keng：12, sheng ：1048576

2026-08-21 12:45:54.682 INFO [pool-6-thread-8][:] - /****************流量统计******************/
LastReadBytes:0
LastReadThroughput:0
LastWrittenBytes:0
LastWriteThroughput:0
RealWrittenBytes:0
RealWriteThroughput:0
当前玩家的连接数量:0
当前地图的线程个数：9
当前地图的个数:48
当前数据库执行队列数:0
当前发送队列缓存的对象数量:0
totalMemory：680001536, use ：450754200, free ：229247336DirectMemory：1827143680, 恢复 ：1
当前时间 ：2026-08-21 12:45:54send keng：2418, sheng ：4194304
decode keng：26, sheng ：2097152
world keng：12, sheng ：1048576

2026-08-21 12:45:59.682 INFO [pool-6-thread-5][:] - /****************流量统计******************/
LastReadBytes:0
LastReadThroughput:0
LastWrittenBytes:0
LastWriteThroughput:0
RealWrittenBytes:0
RealWriteThroughput:0
当前玩家的连接数量:0
当前地图的线程个数：9
当前地图的个数:48
当前数据库执行队列数:0
当前发送队列缓存的对象数量:0
totalMemory：680001536, use ：454294336, free ：225707200DirectMemory：1827143680, 恢复 ：1
当前时间 ：2026-08-21 12:45:59send keng：2418, sheng ：4194304
decode keng：26, sheng ：2097152
world keng：12, sheng ：1048576

2026-08-21 12:46:04.682 INFO [pool-6-thread-4][:] - /****************流量统计******************/
LastReadBytes:0
LastReadThroughput:0
LastWrittenBytes:0
LastWriteThroughput:0
RealWrittenBytes:0
RealWriteThroughput:0
当前玩家的连接数量:0
当前地图的线程个数：9
当前地图的个数:48
当前数据库执行队列数:0
当前发送队列缓存的对象数量:0
totalMemory：680001536, use ：457679904, free ：222321632DirectMemory：1827143680, 恢复 ：1
当前时间 ：2026-08-21 12:46:04send keng：2418, sheng ：4194304
decode keng：26, sheng ：2097152
world keng：12, sheng ：1048576

2026-08-21 12:46:09.682 INFO [pool-6-thread-4][:] - /****************流量统计******************/
LastReadBytes:0
LastReadThroughput:0
LastWrittenBytes:0
LastWriteThroughput:0
RealWrittenBytes:0
RealWriteThroughput:0
当前玩家的连接数量:0
当前地图的线程个数：9
当前地图的个数:48
当前数据库执行队列数:0
当前发送队列缓存的对象数量:0
totalMemory：680001536, use ：461216280, free ：218785256DirectMemory：1827143680, 恢复 ：1
当前时间 ：2026-08-21 12:46:09send keng：2418, sheng ：4194304
decode keng：26, sheng ：2097152
world keng：12, sheng ：1048576

2026-08-21 12:46:14.682 INFO [pool-6-thread-3][:] - /****************流量统计******************/
LastReadBytes:0
LastReadThroughput:0
LastWrittenBytes:0
LastWriteThroughput:0
RealWrittenBytes:0
RealWriteThroughput:0
当前玩家的连接数量:0
当前地图的线程个数：9
当前地图的个数:48
当前数据库执行队列数:0
当前发送队列缓存的对象数量:0
totalMemory：680001536, use ：464866904, free ：215134632DirectMemory：1827143680, 恢复 ：1
当前时间 ：2026-08-21 12:46:14send keng：2418, sheng ：4194304
decode keng：26, sheng ：2097152
world keng：12, sheng ：1048576

2026-08-21 12:46:19.682 INFO [pool-6-thread-9][:] - /****************流量统计******************/
LastReadBytes:0
LastReadThroughput:0
LastWrittenBytes:0
LastWriteThroughput:0
RealWrittenBytes:0
RealWriteThroughput:0
当前玩家的连接数量:0
当前地图的线程个数：9
当前地图的个数:48
当前数据库执行队列数:0
当前发送队列缓存的对象数量:0
totalMemory：680001536, use ：468444576, free ：211556960DirectMemory：1827143680, 恢复 ：1
当前时间 ：2026-08-21 12:46:19send keng：2418, sheng ：4194304
decode keng：26, sheng ：2097152
world keng：12, sheng ：1048576

2026-08-21 12:46:24.683 INFO [pool-6-thread-7][:] - /****************流量统计******************/
LastReadBytes:0
LastReadThroughput:0
LastWrittenBytes:0
LastWriteThroughput:0
RealWrittenBytes:0
RealWriteThroughput:0
当前玩家的连接数量:0
当前地图的线程个数：9
当前地图的个数:48
当前数据库执行队列数:0
当前发送队列缓存的对象数量:0
totalMemory：680001536, use ：425249224, free ：254752312DirectMemory：1827143680, 恢复 ：1
当前时间 ：2026-08-21 12:46:24send keng：2418, sheng ：4194304
decode keng：26, sheng ：2097152
world keng：12, sheng ：1048576

2026-08-21 12:46:29.682 INFO [pool-6-thread-1][:] - /****************流量统计******************/
LastReadBytes:0
LastReadThroughput:0
LastWrittenBytes:0
LastWriteThroughput:0
RealWrittenBytes:0
RealWriteThroughput:0
当前玩家的连接数量:0
当前地图的线程个数：9
当前地图的个数:48
当前数据库执行队列数:0
当前发送队列缓存的对象数量:0
totalMemory：680001536, use ：428426168, free ：251575368DirectMemory：1827143680, 恢复 ：1
当前时间 ：2026-08-21 12:46:29send keng：2418, sheng ：4194304
decode keng：26, sheng ：2097152
world keng：12, sheng ：1048576

2026-08-21 12:46:34.682 INFO [pool-6-thread-5][:] - /****************流量统计******************/
LastReadBytes:0
LastReadThroughput:0
LastWrittenBytes:0
LastWriteThroughput:0
RealWrittenBytes:0
RealWriteThroughput:0
当前玩家的连接数量:0
当前地图的线程个数：9
当前地图的个数:48
当前数据库执行队列数:0
当前发送队列缓存的对象数量:0
totalMemory：680001536, use ：432106176, free ：247895360DirectMemory：1827143680, 恢复 ：1
当前时间 ：2026-08-21 12:46:34send keng：2418, sheng ：4194304
decode keng：26, sheng ：2097152
world keng：12, sheng ：1048576

2026-08-21 12:46:39.682 INFO [pool-6-thread-4][:] - /****************流量统计******************/
LastReadBytes:0
LastReadThroughput:0
LastWrittenBytes:0
LastWriteThroughput:0
RealWrittenBytes:0
RealWriteThroughput:0
当前玩家的连接数量:0
当前地图的线程个数：9
当前地图的个数:48
当前数据库执行队列数:0
当前发送队列缓存的对象数量:0
totalMemory：680001536, use ：435530952, free ：244470584DirectMemory：1827143680, 恢复 ：1
当前时间 ：2026-08-21 12:46:39send keng：2418, sheng ：4194304
decode keng：26, sheng ：2097152
world keng：12, sheng ：1048576

2026-08-21 12:46:44.684 INFO [pool-6-thread-10][:] - /****************流量统计******************/
LastReadBytes:0
LastReadThroughput:0
LastWrittenBytes:0
LastWriteThroughput:0
RealWrittenBytes:0
RealWriteThroughput:0
当前玩家的连接数量:0
当前地图的线程个数：9
当前地图的个数:48
当前数据库执行队列数:0
当前发送队列缓存的对象数量:0
totalMemory：680001536, use ：439281440, free ：240720096DirectMemory：1827143680, 恢复 ：1
当前时间 ：2026-08-21 12:46:44send keng：2418, sheng ：4194304
decode keng：26, sheng ：2097152
world keng：12, sheng ：1048576

2026-08-21 12:46:49.682 INFO [pool-6-thread-6][:] - /****************流量统计******************/
LastReadBytes:0
LastReadThroughput:0
LastWrittenBytes:0
LastWriteThroughput:0
RealWrittenBytes:0
RealWriteThroughput:0
当前玩家的连接数量:0
当前地图的线程个数：9
当前地图的个数:48
当前数据库执行队列数:0
当前发送队列缓存的对象数量:0
totalMemory：680001536, use ：442723040, free ：237278496DirectMemory：1827143680, 恢复 ：1
当前时间 ：2026-08-21 12:46:49send keng：2418, sheng ：4194304
decode keng：26, sheng ：2097152
world keng：12, sheng ：1048576

2026-08-21 12:46:54.682 INFO [pool-6-thread-10][:] - /****************流量统计******************/
LastReadBytes:0
LastReadThroughput:0
LastWrittenBytes:0
LastWriteThroughput:0
RealWrittenBytes:0
RealWriteThroughput:0
当前玩家的连接数量:0
当前地图的线程个数：9
当前地图的个数:48
当前数据库执行队列数:0
当前发送队列缓存的对象数量:0
totalMemory：680001536, use ：446124600, free ：233876936DirectMemory：1827143680, 恢复 ：1
当前时间 ：2026-08-21 12:46:54send keng：2418, sheng ：4194304
decode keng：26, sheng ：2097152
world keng：12, sheng ：1048576

2026-08-21 12:46:59.682 INFO [pool-6-thread-9][:] - /****************流量统计******************/
LastReadBytes:0
LastReadThroughput:0
LastWrittenBytes:0
LastWriteThroughput:0
RealWrittenBytes:0
RealWriteThroughput:0
当前玩家的连接数量:0
当前地图的线程个数：9
当前地图的个数:48
当前数据库执行队列数:0
当前发送队列缓存的对象数量:0
totalMemory：680001536, use ：449890672, free ：230110864DirectMemory：1827143680, 恢复 ：1
当前时间 ：2026-08-21 12:46:59send keng：2418, sheng ：4194304
decode keng：26, sheng ：2097152
world keng：12, sheng ：1048576

2026-08-21 12:47:04.682 INFO [pool-6-thread-5][:] - /****************流量统计******************/
LastReadBytes:0
LastReadThroughput:0
LastWrittenBytes:0
LastWriteThroughput:0
RealWrittenBytes:0
RealWriteThroughput:0
当前玩家的连接数量:0
当前地图的线程个数：9
当前地图的个数:48
当前数据库执行队列数:0
当前发送队列缓存的对象数量:0
totalMemory：680001536, use ：453359312, free ：226642224DirectMemory：1827143680, 恢复 ：1
当前时间 ：2026-08-21 12:47:04send keng：2418, sheng ：4194304
decode keng：26, sheng ：2097152
world keng：12, sheng ：1048576

2026-08-21 12:47:09.682 INFO [pool-6-thread-3][:] - /****************流量统计******************/
LastReadBytes:0
LastReadThroughput:0
LastWrittenBytes:0
LastWriteThroughput:0
RealWrittenBytes:0
RealWriteThroughput:0
当前玩家的连接数量:0
当前地图的线程个数：9
当前地图的个数:48
当前数据库执行队列数:0
当前发送队列缓存的对象数量:0
totalMemory：680001536, use ：456799488, free ：223202048DirectMemory：1827143680, 恢复 ：1
当前时间 ：2026-08-21 12:47:09send keng：2418, sheng ：4194304
decode keng：26, sheng ：2097152
world keng：12, sheng ：1048576

2026-08-21 12:47:14.682 INFO [pool-6-thread-6][:] - /****************流量统计******************/
LastReadBytes:0
LastReadThroughput:0
LastWrittenBytes:0
LastWriteThroughput:0
RealWrittenBytes:0
RealWriteThroughput:0
当前玩家的连接数量:0
当前地图的线程个数：9
当前地图的个数:48
当前数据库执行队列数:0
当前发送队列缓存的对象数量:0
totalMemory：680001536, use ：460351976, free ：219649560DirectMemory：1827143680, 恢复 ：1
当前时间 ：2026-08-21 12:47:14send keng：2418, sheng ：4194304
decode keng：26, sheng ：2097152
world keng：12, sheng ：1048576

2026-08-21 12:47:19.682 INFO [pool-6-thread-5][:] - /****************流量统计******************/
LastReadBytes:0
LastReadThroughput:0
LastWrittenBytes:0
LastWriteThroughput:0
RealWrittenBytes:0
RealWriteThroughput:0
当前玩家的连接数量:0
当前地图的线程个数：9
当前地图的个数:48
当前数据库执行队列数:0
当前发送队列缓存的对象数量:0
totalMemory：680001536, use ：464098432, free ：215903104DirectMemory：1827143680, 恢复 ：1
当前时间 ：2026-08-21 12:47:19send keng：2418, sheng ：4194304
decode keng：26, sheng ：2097152
world keng：12, sheng ：1048576

2026-08-21 12:47:24.683 INFO [pool-6-thread-4][:] - /****************流量统计******************/
LastReadBytes:0
LastReadThroughput:0
LastWrittenBytes:0
LastWriteThroughput:0
RealWrittenBytes:0
RealWriteThroughput:0
当前玩家的连接数量:0
当前地图的线程个数：9
当前地图的个数:48
当前数据库执行队列数:0
当前发送队列缓存的对象数量:0
totalMemory：680001536, use ：467464552, free ：212536984DirectMemory：1827143680, 恢复 ：1
当前时间 ：2026-08-21 12:47:24send keng：2418, sheng ：4194304
decode keng：26, sheng ：2097152
world keng：12, sheng ：1048576

2026-08-21 12:47:29.682 INFO [pool-6-thread-10][:] - /****************流量统计******************/
LastReadBytes:0
LastReadThroughput:0
LastWrittenBytes:0
LastWriteThroughput:0
RealWrittenBytes:0
RealWriteThroughput:0
当前玩家的连接数量:0
当前地图的线程个数：9
当前地图的个数:48
当前数据库执行队列数:0
当前发送队列缓存的对象数量:0
totalMemory：680001536, use ：424248352, free ：255753184DirectMemory：1827143680, 恢复 ：1
当前时间 ：2026-08-21 12:47:29send keng：2418, sheng ：4194304
decode keng：26, sheng ：2097152
world keng：12, sheng ：1048576

2026-08-21 12:47:34.682 INFO [pool-6-thread-2][:] - /****************流量统计******************/
LastReadBytes:0
LastReadThroughput:0
LastWrittenBytes:0
LastWriteThroughput:0
RealWrittenBytes:0
RealWriteThroughput:0
当前玩家的连接数量:0
当前地图的线程个数：9
当前地图的个数:48
当前数据库执行队列数:0
当前发送队列缓存的对象数量:0
totalMemory：680001536, use ：427728552, free ：252272984DirectMemory：1827143680, 恢复 ：1
当前时间 ：2026-08-21 12:47:34send keng：2418, sheng ：4194304
decode keng：26, sheng ：2097152
world keng：12, sheng ：1048576

2026-08-21 12:47:39.682 INFO [pool-6-thread-3][:] - /****************流量统计******************/
LastReadBytes:0
LastReadThroughput:0
LastWrittenBytes:0
LastWriteThroughput:0
RealWrittenBytes:0
RealWriteThroughput:0
当前玩家的连接数量:0
当前地图的线程个数：9
当前地图的个数:48
当前数据库执行队列数:0
当前发送队列缓存的对象数量:0
totalMemory：680001536, use ：431294224, free ：248707312DirectMemory：1827143680, 恢复 ：1
当前时间 ：2026-08-21 12:47:39send keng：2418, sheng ：4194304
decode keng：26, sheng ：2097152
world keng：12, sheng ：1048576

2026-08-21 12:47:44.682 INFO [pool-6-thread-10][:] - /****************流量统计******************/
LastReadBytes:0
LastReadThroughput:0
LastWrittenBytes:0
LastWriteThroughput:0
RealWrittenBytes:0
RealWriteThroughput:0
当前玩家的连接数量:0
当前地图的线程个数：9
当前地图的个数:48
当前数据库执行队列数:0
当前发送队列缓存的对象数量:0
totalMemory：680001536, use ：434786360, free ：245215176DirectMemory：1827143680, 恢复 ：1
当前时间 ：2026-08-21 12:47:44send keng：2418, sheng ：4194304
decode keng：26, sheng ：2097152
world keng：12, sheng ：1048576

2026-08-21 12:47:49.682 INFO [pool-6-thread-8][:] - /****************流量统计******************/
LastReadBytes:0
LastReadThroughput:0
LastWrittenBytes:0
LastWriteThroughput:0
RealWrittenBytes:0
RealWriteThroughput:0
当前玩家的连接数量:0
当前地图的线程个数：9
当前地图的个数:48
当前数据库执行队列数:0
当前发送队列缓存的对象数量:0
totalMemory：680001536, use ：438401672, free ：241599864DirectMemory：1827143680, 恢复 ：1
当前时间 ：2026-08-21 12:47:49send keng：2418, sheng ：4194304
decode keng：26, sheng ：2097152
world keng：12, sheng ：1048576

2026-08-21 12:47:54.682 INFO [pool-6-thread-3][:] - /****************流量统计******************/
LastReadBytes:0
LastReadThroughput:0
LastWrittenBytes:0
LastWriteThroughput:0
RealWrittenBytes:0
RealWriteThroughput:0
当前玩家的连接数量:0
当前地图的线程个数：9
当前地图的个数:48
当前数据库执行队列数:0
当前发送队列缓存的对象数量:0
totalMemory：680001536, use ：441724952, free ：238276584DirectMemory：1827143680, 恢复 ：1
当前时间 ：2026-08-21 12:47:54send keng：2418, sheng ：4194304
decode keng：26, sheng ：2097152
world keng：12, sheng ：1048576

2026-08-21 12:47:59.682 INFO [pool-6-thread-2][:] - /****************流量统计******************/
LastReadBytes:0
LastReadThroughput:0
LastWrittenBytes:0
LastWriteThroughput:0
RealWrittenBytes:0
RealWriteThroughput:0
当前玩家的连接数量:0
当前地图的线程个数：9
当前地图的个数:48
当前数据库执行队列数:0
当前发送队列缓存的对象数量:0
totalMemory：680001536, use ：445205608, free ：234795928DirectMemory：1827143680, 恢复 ：1
当前时间 ：2026-08-21 12:47:59send keng：2418, sheng ：4194304
decode keng：26, sheng ：2097152
world keng：12, sheng ：1048576

2026-08-21 12:48:04.682 INFO [pool-6-thread-7][:] - /****************流量统计******************/
LastReadBytes:0
LastReadThroughput:0
LastWrittenBytes:0
LastWriteThroughput:0
RealWrittenBytes:0
RealWriteThroughput:0
当前玩家的连接数量:0
当前地图的线程个数：9
当前地图的个数:48
当前数据库执行队列数:0
当前发送队列缓存的对象数量:0
totalMemory：680001536, use ：448683552, free ：231317984DirectMemory：1827143680, 恢复 ：1
当前时间 ：2026-08-21 12:48:04send keng：2418, sheng ：4194304
decode keng：26, sheng ：2097152
world keng：12, sheng ：1048576

2026-08-21 12:48:09.682 INFO [pool-6-thread-5][:] - /****************流量统计******************/
LastReadBytes:0
LastReadThroughput:0
LastWrittenBytes:0
LastWriteThroughput:0
RealWrittenBytes:0
RealWriteThroughput:0
当前玩家的连接数量:0
当前地图的线程个数：9
当前地图的个数:48
当前数据库执行队列数:0
当前发送队列缓存的对象数量:0
totalMemory：680001536, use ：452299288, free ：227702248DirectMemory：1827143680, 恢复 ：1
当前时间 ：2026-08-21 12:48:09send keng：2418, sheng ：4194304
decode keng：26, sheng ：2097152
world keng：12, sheng ：1048576

2026-08-21 12:48:14.682 INFO [pool-6-thread-2][:] - /****************流量统计******************/
LastReadBytes:0
LastReadThroughput:0
LastWrittenBytes:0
LastWriteThroughput:0
RealWrittenBytes:0
RealWriteThroughput:0
当前玩家的连接数量:0
当前地图的线程个数：9
当前地图的个数:48
当前数据库执行队列数:0
当前发送队列缓存的对象数量:0
totalMemory：680001536, use ：455777160, free ：224224376DirectMemory：1827143680, 恢复 ：1
当前时间 ：2026-08-21 12:48:14send keng：2418, sheng ：4194304
decode keng：26, sheng ：2097152
world keng：12, sheng ：1048576

2026-08-21 12:48:19.683 INFO [pool-6-thread-2][:] - /****************流量统计******************/
LastReadBytes:0
LastReadThroughput:0
LastWrittenBytes:0
LastWriteThroughput:0
RealWrittenBytes:0
RealWriteThroughput:0
当前玩家的连接数量:0
当前地图的线程个数：9
当前地图的个数:48
当前数据库执行队列数:0
当前发送队列缓存的对象数量:0
totalMemory：680001536, use ：459401872, free ：220599664DirectMemory：1827143680, 恢复 ：1
当前时间 ：2026-08-21 12:48:19send keng：2418, sheng ：4194304
decode keng：26, sheng ：2097152
world keng：12, sheng ：1048576

2026-08-21 12:48:24.682 INFO [pool-6-thread-7][:] - /****************流量统计******************/
LastReadBytes:0
LastReadThroughput:0
LastWrittenBytes:0
LastWriteThroughput:0
RealWrittenBytes:0
RealWriteThroughput:0
当前玩家的连接数量:0
当前地图的线程个数：9
当前地图的个数:48
当前数据库执行队列数:0
当前发送队列缓存的对象数量:0
totalMemory：680001536, use ：462814312, free ：217187224DirectMemory：1827143680, 恢复 ：1
当前时间 ：2026-08-21 12:48:24send keng：2418, sheng ：4194304
decode keng：26, sheng ：2097152
world keng：12, sheng ：1048576

2026-08-21 12:48:29.682 INFO [pool-6-thread-4][:] - /****************流量统计******************/
LastReadBytes:0
LastReadThroughput:0
LastWrittenBytes:0
LastWriteThroughput:0
RealWrittenBytes:0
RealWriteThroughput:0
当前玩家的连接数量:0
当前地图的线程个数：9
当前地图的个数:48
当前数据库执行队列数:0
当前发送队列缓存的对象数量:0
totalMemory：680001536, use ：466278464, free ：213723072DirectMemory：1827143680, 恢复 ：1
当前时间 ：2026-08-21 12:48:29send keng：2418, sheng ：4194304
decode keng：26, sheng ：2097152
world keng：12, sheng ：1048576

2026-08-21 12:48:34.682 INFO [pool-6-thread-4][:] - /****************流量统计******************/
LastReadBytes:0
LastReadThroughput:0
LastWrittenBytes:0
LastWriteThroughput:0
RealWrittenBytes:0
RealWriteThroughput:0
当前玩家的连接数量:0
当前地图的线程个数：9
当前地图的个数:48
当前数据库执行队列数:0
当前发送队列缓存的对象数量:0
totalMemory：680001536, use ：423321112, free ：256680424DirectMemory：1827143680, 恢复 ：1
当前时间 ：2026-08-21 12:48:34send keng：2418, sheng ：4194304
decode keng：26, sheng ：2097152
world keng：12, sheng ：1048576

2026-08-21 12:48:39.682 INFO [pool-6-thread-5][:] - /****************流量统计******************/
LastReadBytes:0
LastReadThroughput:0
LastWrittenBytes:0
LastWriteThroughput:0
RealWrittenBytes:0
RealWriteThroughput:0
当前玩家的连接数量:0
当前地图的线程个数：9
当前地图的个数:48
当前数据库执行队列数:0
当前发送队列缓存的对象数量:0
totalMemory：680001536, use ：426639368, free ：253362168DirectMemory：1827143680, 恢复 ：1
当前时间 ：2026-08-21 12:48:39send keng：2418, sheng ：4194304
decode keng：26, sheng ：2097152
world keng：12, sheng ：1048576

2026-08-21 12:48:44.683 INFO [pool-6-thread-5][:] - /****************流量统计******************/
LastReadBytes:0
LastReadThroughput:0
LastWrittenBytes:0
LastWriteThroughput:0
RealWrittenBytes:0
RealWriteThroughput:0
当前玩家的连接数量:0
当前地图的线程个数：9
当前地图的个数:48
当前数据库执行队列数:0
当前发送队列缓存的对象数量:0
totalMemory：680001536, use ：430245896, free ：249755640DirectMemory：1827143680, 恢复 ：1
当前时间 ：2026-08-21 12:48:44send keng：2418, sheng ：4194304
decode keng：26, sheng ：2097152
world keng：12, sheng ：1048576

2026-08-21 12:48:49.682 INFO [pool-6-thread-7][:] - /****************流量统计******************/
LastReadBytes:0
LastReadThroughput:0
LastWrittenBytes:0
LastWriteThroughput:0
RealWrittenBytes:0
RealWriteThroughput:0
当前玩家的连接数量:0
当前地图的线程个数：9
当前地图的个数:48
当前数据库执行队列数:0
当前发送队列缓存的对象数量:0
totalMemory：680001536, use ：433880080, free ：246121456DirectMemory：1827143680, 恢复 ：1
当前时间 ：2026-08-21 12:48:49send keng：2418, sheng ：4194304
decode keng：26, sheng ：2097152
world keng：12, sheng ：1048576

2026-08-21 12:48:54.682 INFO [pool-6-thread-3][:] - /****************流量统计******************/
LastReadBytes:0
LastReadThroughput:0
LastWrittenBytes:0
LastWriteThroughput:0
RealWrittenBytes:0
RealWriteThroughput:0
当前玩家的连接数量:0
当前地图的线程个数：9
当前地图的个数:48
当前数据库执行队列数:0
当前发送队列缓存的对象数量:0
totalMemory：680001536, use ：437350384, free ：242651152DirectMemory：1827143680, 恢复 ：1
当前时间 ：2026-08-21 12:48:54send keng：2418, sheng ：4194304
decode keng：26, sheng ：2097152
world keng：12, sheng ：1048576

2026-08-21 12:48:59.682 INFO [pool-6-thread-9][:] - /****************流量统计******************/
LastReadBytes:0
LastReadThroughput:0
LastWrittenBytes:0
LastWriteThroughput:0
RealWrittenBytes:0
RealWriteThroughput:0
当前玩家的连接数量:0
当前地图的线程个数：9
当前地图的个数:48
当前数据库执行队列数:0
当前发送队列缓存的对象数量:0
totalMemory：680001536, use ：440879040, free ：239122496DirectMemory：1827143680, 恢复 ：1
当前时间 ：2026-08-21 12:48:59send keng：2418, sheng ：4194304
decode keng：26, sheng ：2097152
world keng：12, sheng ：1048576

2026-08-21 12:49:04.682 INFO [pool-6-thread-2][:] - /****************流量统计******************/
LastReadBytes:0
LastReadThroughput:0
LastWrittenBytes:0
LastWriteThroughput:0
RealWrittenBytes:0
RealWriteThroughput:0
当前玩家的连接数量:0
当前地图的线程个数：9
当前地图的个数:48
当前数据库执行队列数:0
当前发送队列缓存的对象数量:0
totalMemory：680001536, use ：444271632, free ：235729904DirectMemory：1827143680, 恢复 ：1
当前时间 ：2026-08-21 12:49:04send keng：2418, sheng ：4194304
decode keng：26, sheng ：2097152
world keng：12, sheng ：1048576

2026-08-21 12:49:09.682 INFO [pool-6-thread-5][:] - /****************流量统计******************/
LastReadBytes:0
LastReadThroughput:0
LastWrittenBytes:0
LastWriteThroughput:0
RealWrittenBytes:0
RealWriteThroughput:0
当前玩家的连接数量:0
当前地图的线程个数：9
当前地图的个数:48
当前数据库执行队列数:0
当前发送队列缓存的对象数量:0
totalMemory：680001536, use ：447894888, free ：232106648DirectMemory：1827143680, 恢复 ：1
当前时间 ：2026-08-21 12:49:09send keng：2418, sheng ：4194304
decode keng：26, sheng ：2097152
world keng：12, sheng ：1048576

2026-08-21 12:49:14.682 INFO [pool-6-thread-7][:] - /****************流量统计******************/
LastReadBytes:0
LastReadThroughput:0
LastWrittenBytes:0
LastWriteThroughput:0
RealWrittenBytes:0
RealWriteThroughput:0
当前玩家的连接数量:0
当前地图的线程个数：9
当前地图的个数:48
当前数据库执行队列数:0
当前发送队列缓存的对象数量:0
totalMemory：680001536, use ：451264744, free ：228736792DirectMemory：1827143680, 恢复 ：1
当前时间 ：2026-08-21 12:49:14send keng：2418, sheng ：4194304
decode keng：26, sheng ：2097152
world keng：12, sheng ：1048576

2026-08-21 12:49:19.682 INFO [pool-6-thread-8][:] - /****************流量统计******************/
LastReadBytes:0
LastReadThroughput:0
LastWrittenBytes:0
LastWriteThroughput:0
RealWrittenBytes:0
RealWriteThroughput:0
当前玩家的连接数量:0
当前地图的线程个数：9
当前地图的个数:48
当前数据库执行队列数:0
当前发送队列缓存的对象数量:0
totalMemory：680001536, use ：454830136, free ：225171400DirectMemory：1827143680, 恢复 ：1
当前时间 ：2026-08-21 12:49:19send keng：2418, sheng ：4194304
decode keng：26, sheng ：2097152
world keng：12, sheng ：1048576

2026-08-21 12:49:24.684 INFO [pool-6-thread-4][:] - /****************流量统计******************/
LastReadBytes:0
LastReadThroughput:0
LastWrittenBytes:0
LastWriteThroughput:0
RealWrittenBytes:0
RealWriteThroughput:0
当前玩家的连接数量:0
当前地图的线程个数：9
当前地图的个数:48
当前数据库执行队列数:0
当前发送队列缓存的对象数量:0
totalMemory：680001536, use ：458265056, free ：221736480DirectMemory：1827143680, 恢复 ：1
当前时间 ：2026-08-21 12:49:24send keng：2418, sheng ：4194304
decode keng：26, sheng ：2097152
world keng：12, sheng ：1048576

2026-08-21 12:49:29.682 INFO [pool-6-thread-9][:] - /****************流量统计******************/
LastReadBytes:0
LastReadThroughput:0
LastWrittenBytes:0
LastWriteThroughput:0
RealWrittenBytes:0
RealWriteThroughput:0
当前玩家的连接数量:0
当前地图的线程个数：9
当前地图的个数:48
当前数据库执行队列数:0
当前发送队列缓存的对象数量:0
totalMemory：680001536, use ：461710360, free ：218291176DirectMemory：1827143680, 恢复 ：1
当前时间 ：2026-08-21 12:49:29send keng：2418, sheng ：4194304
decode keng：26, sheng ：2097152
world keng：12, sheng ：1048576

2026-08-21 12:49:34.682 INFO [pool-6-thread-7][:] - /****************流量统计******************/
LastReadBytes:0
LastReadThroughput:0
LastWrittenBytes:0
LastWriteThroughput:0
RealWrittenBytes:0
RealWriteThroughput:0
当前玩家的连接数量:0
当前地图的线程个数：9
当前地图的个数:48
当前数据库执行队列数:0
当前发送队列缓存的对象数量:0
totalMemory：680001536, use ：465199352, free ：214802184DirectMemory：1827143680, 恢复 ：1
当前时间 ：2026-08-21 12:49:34send keng：2418, sheng ：4194304
decode keng：26, sheng ：2097152
world keng：12, sheng ：1048576

2026-08-21 12:49:39.682 INFO [pool-6-thread-1][:] - /****************流量统计******************/
LastReadBytes:0
LastReadThroughput:0
LastWrittenBytes:0
LastWriteThroughput:0
RealWrittenBytes:0
RealWriteThroughput:0
当前玩家的连接数量:0
当前地图的线程个数：9
当前地图的个数:48
当前数据库执行队列数:0
当前发送队列缓存的对象数量:0
totalMemory：680001536, use ：468738720, free ：211262816DirectMemory：1827143680, 恢复 ：1
当前时间 ：2026-08-21 12:49:39send keng：2418, sheng ：4194304
decode keng：26, sheng ：2097152
world keng：12, sheng ：1048576

2026-08-21 12:49:44.682 INFO [pool-6-thread-7][:] - /****************流量统计******************/
LastReadBytes:0
LastReadThroughput:0
LastWrittenBytes:0
LastWriteThroughput:0
RealWrittenBytes:0
RealWriteThroughput:0
当前玩家的连接数量:0
当前地图的线程个数：9
当前地图的个数:48
当前数据库执行队列数:0
当前发送队列缓存的对象数量:0
totalMemory：680001536, use ：425500016, free ：254501520DirectMemory：1827143680, 恢复 ：1
当前时间 ：2026-08-21 12:49:44send keng：2418, sheng ：4194304
decode keng：26, sheng ：2097152
world keng：12, sheng ：1048576

2026-08-21 12:49:49.682 INFO [pool-6-thread-4][:] - /****************流量统计******************/
LastReadBytes:0
LastReadThroughput:0
LastWrittenBytes:0
LastWriteThroughput:0
RealWrittenBytes:0
RealWriteThroughput:0
当前玩家的连接数量:0
当前地图的线程个数：9
当前地图的个数:48
当前数据库执行队列数:0
当前发送队列缓存的对象数量:0
totalMemory：680001536, use ：429119368, free ：250882168DirectMemory：1827143680, 恢复 ：1
当前时间 ：2026-08-21 12:49:49send keng：2418, sheng ：4194304
decode keng：26, sheng ：2097152
world keng：12, sheng ：1048576

2026-08-21 12:49:54.682 INFO [pool-6-thread-4][:] - /****************流量统计******************/
LastReadBytes:0
LastReadThroughput:0
LastWrittenBytes:0
LastWriteThroughput:0
RealWrittenBytes:0
RealWriteThroughput:0
当前玩家的连接数量:0
当前地图的线程个数：9
当前地图的个数:48
当前数据库执行队列数:0
当前发送队列缓存的对象数量:0
totalMemory：680001536, use ：432493408, free ：247508128DirectMemory：1827143680, 恢复 ：1
当前时间 ：2026-08-21 12:49:54send keng：2418, sheng ：4194304
decode keng：26, sheng ：2097152
world keng：12, sheng ：1048576

2026-08-21 12:49:59.682 INFO [pool-6-thread-10][:] - /****************流量统计******************/
LastReadBytes:0
LastReadThroughput:0
LastWrittenBytes:0
LastWriteThroughput:0
RealWrittenBytes:0
RealWriteThroughput:0
当前玩家的连接数量:0
当前地图的线程个数：9
当前地图的个数:48
当前数据库执行队列数:0
当前发送队列缓存的对象数量:0
totalMemory：680001536, use ：435976104, free ：244025432DirectMemory：1827143680, 恢复 ：1
当前时间 ：2026-08-21 12:49:59send keng：2418, sheng ：4194304
decode keng：26, sheng ：2097152
world keng：12, sheng ：1048576

2026-08-21 12:50:04.682 INFO [pool-6-thread-4][:] - /****************流量统计******************/
LastReadBytes:0
LastReadThroughput:0
LastWrittenBytes:0
LastWriteThroughput:0
RealWrittenBytes:0
RealWriteThroughput:0
当前玩家的连接数量:0
当前地图的线程个数：9
当前地图的个数:48
当前数据库执行队列数:0
当前发送队列缓存的对象数量:0
totalMemory：680001536, use ：439410600, free ：240590936DirectMemory：1827143680, 恢复 ：1
当前时间 ：2026-08-21 12:50:04send keng：2418, sheng ：4194304
decode keng：26, sheng ：2097152
world keng：12, sheng ：1048576

2026-08-21 12:50:09.683 INFO [pool-6-thread-10][:] - /****************流量统计******************/
LastReadBytes:0
LastReadThroughput:0
LastWrittenBytes:0
LastWriteThroughput:0
RealWrittenBytes:0
RealWriteThroughput:0
当前玩家的连接数量:0
当前地图的线程个数：9
当前地图的个数:48
当前数据库执行队列数:0
当前发送队列缓存的对象数量:0
totalMemory：680001536, use ：442866712, free ：237134824DirectMemory：1827143680, 恢复 ：1
当前时间 ：2026-08-21 12:50:09send keng：2418, sheng ：4194304
decode keng：26, sheng ：2097152
world keng：12, sheng ：1048576

2026-08-21 12:50:14.682 INFO [pool-6-thread-10][:] - /****************流量统计******************/
LastReadBytes:0
LastReadThroughput:0
LastWrittenBytes:0
LastWriteThroughput:0
RealWrittenBytes:0
RealWriteThroughput:0
当前玩家的连接数量:0
当前地图的线程个数：9
当前地图的个数:48
当前数据库执行队列数:0
当前发送队列缓存的对象数量:0
totalMemory：680001536, use ：446376376, free ：233625160DirectMemory：1827143680, 恢复 ：1
当前时间 ：2026-08-21 12:50:14send keng：2418, sheng ：4194304
decode keng：26, sheng ：2097152
world keng：12, sheng ：1048576

2026-08-21 12:50:19.682 INFO [pool-6-thread-8][:] - /****************流量统计******************/
LastReadBytes:0
LastReadThroughput:0
LastWrittenBytes:0
LastWriteThroughput:0
RealWrittenBytes:0
RealWriteThroughput:0
当前玩家的连接数量:0
当前地图的线程个数：9
当前地图的个数:48
当前数据库执行队列数:0
当前发送队列缓存的对象数量:0
totalMemory：680001536, use ：449975736, free ：230025800DirectMemory：1827143680, 恢复 ：1
当前时间 ：2026-08-21 12:50:19send keng：2418, sheng ：4194304
decode keng：26, sheng ：2097152
world keng：12, sheng ：1048576

2026-08-21 12:50:24.682 INFO [pool-6-thread-1][:] - /****************流量统计******************/
LastReadBytes:0
LastReadThroughput:0
LastWrittenBytes:0
LastWriteThroughput:0
RealWrittenBytes:0
RealWriteThroughput:0
当前玩家的连接数量:0
当前地图的线程个数：9
当前地图的个数:48
当前数据库执行队列数:0
当前发送队列缓存的对象数量:0
totalMemory：680001536, use ：453269464, free ：226732072DirectMemory：1827143680, 恢复 ：1
当前时间 ：2026-08-21 12:50:24send keng：2418, sheng ：4194304
decode keng：26, sheng ：2097152
world keng：12, sheng ：1048576

2026-08-21 12:50:29.682 INFO [pool-6-thread-10][:] - /****************流量统计******************/
LastReadBytes:0
LastReadThroughput:0
LastWrittenBytes:0
LastWriteThroughput:0
RealWrittenBytes:0
RealWriteThroughput:0
当前玩家的连接数量:0
当前地图的线程个数：9
当前地图的个数:48
当前数据库执行队列数:0
当前发送队列缓存的对象数量:0
totalMemory：680001536, use ：456966032, free ：223035504DirectMemory：1827143680, 恢复 ：1
当前时间 ：2026-08-21 12:50:29send keng：2418, sheng ：4194304
decode keng：26, sheng ：2097152
world keng：12, sheng ：1048576

2026-08-21 12:50:34.682 INFO [pool-6-thread-10][:] - /****************流量统计******************/
LastReadBytes:0
LastReadThroughput:0
LastWrittenBytes:0
LastWriteThroughput:0
RealWrittenBytes:0
RealWriteThroughput:0
当前玩家的连接数量:0
当前地图的线程个数：9
当前地图的个数:48
当前数据库执行队列数:0
当前发送队列缓存的对象数量:0
totalMemory：680001536, use ：460502672, free ：219498864DirectMemory：1827143680, 恢复 ：1
当前时间 ：2026-08-21 12:50:34send keng：2418, sheng ：4194304
decode keng：26, sheng ：2097152
world keng：12, sheng ：1048576

2026-08-21 12:50:39.682 INFO [pool-6-thread-6][:] - /****************流量统计******************/
LastReadBytes:0
LastReadThroughput:0
LastWrittenBytes:0
LastWriteThroughput:0
RealWrittenBytes:0
RealWriteThroughput:0
当前玩家的连接数量:0
当前地图的线程个数：9
当前地图的个数:48
当前数据库执行队列数:0
当前发送队列缓存的对象数量:0
totalMemory：680001536, use ：463996632, free ：216004904DirectMemory：1827143680, 恢复 ：1
当前时间 ：2026-08-21 12:50:39send keng：2418, sheng ：4194304
decode keng：26, sheng ：2097152
world keng：12, sheng ：1048576

2026-08-21 12:50:44.682 INFO [pool-6-thread-6][:] - /****************流量统计******************/
LastReadBytes:0
LastReadThroughput:0
LastWrittenBytes:0
LastWriteThroughput:0
RealWrittenBytes:0
RealWriteThroughput:0
当前玩家的连接数量:0
当前地图的线程个数：9
当前地图的个数:48
当前数据库执行队列数:0
当前发送队列缓存的对象数量:0
totalMemory：680001536, use ：467503184, free ：212498352DirectMemory：1827143680, 恢复 ：1
当前时间 ：2026-08-21 12:50:44send keng：2418, sheng ：4194304
decode keng：26, sheng ：2097152
world keng：12, sheng ：1048576

2026-08-21 12:50:49.682 INFO [pool-6-thread-10][:] - /****************流量统计******************/
LastReadBytes:0
LastReadThroughput:0
LastWrittenBytes:0
LastWriteThroughput:0
RealWrittenBytes:0
RealWriteThroughput:0
当前玩家的连接数量:0
当前地图的线程个数：9
当前地图的个数:48
当前数据库执行队列数:0
当前发送队列缓存的对象数量:0
totalMemory：680001536, use ：424012216, free ：255989320DirectMemory：1827143680, 恢复 ：1
当前时间 ：2026-08-21 12:50:49send keng：2418, sheng ：4194304
decode keng：26, sheng ：2097152
world keng：12, sheng ：1048576

2026-08-21 12:50:54.682 INFO [pool-6-thread-1][:] - /****************流量统计******************/
LastReadBytes:0
LastReadThroughput:0
LastWrittenBytes:0
LastWriteThroughput:0
RealWrittenBytes:0
RealWriteThroughput:0
当前玩家的连接数量:0
当前地图的线程个数：9
当前地图的个数:48
当前数据库执行队列数:0
当前发送队列缓存的对象数量:0
totalMemory：680001536, use ：427351768, free ：252649768DirectMemory：1827143680, 恢复 ：1
当前时间 ：2026-08-21 12:50:54send keng：2418, sheng ：4194304
decode keng：26, sheng ：2097152
world keng：12, sheng ：1048576

2026-08-21 12:50:59.682 INFO [pool-6-thread-8][:] - /****************流量统计******************/
LastReadBytes:0
LastReadThroughput:0
LastWrittenBytes:0
LastWriteThroughput:0
RealWrittenBytes:0
RealWriteThroughput:0
当前玩家的连接数量:0
当前地图的线程个数：9
当前地图的个数:48
当前数据库执行队列数:0
当前发送队列缓存的对象数量:0
totalMemory：680001536, use ：430797152, free ：249204384DirectMemory：1827143680, 恢复 ：1
当前时间 ：2026-08-21 12:50:59send keng：2418, sheng ：4194304
decode keng：26, sheng ：2097152
world keng：12, sheng ：1048576

2026-08-21 12:51:04.683 INFO [pool-6-thread-6][:] - /****************流量统计******************/
LastReadBytes:0
LastReadThroughput:0
LastWrittenBytes:0
LastWriteThroughput:0
RealWrittenBytes:0
RealWriteThroughput:0
当前玩家的连接数量:0
当前地图的线程个数：9
当前地图的个数:48
当前数据库执行队列数:0
当前发送队列缓存的对象数量:0
totalMemory：680001536, use ：434367080, free ：245634456DirectMemory：1827143680, 恢复 ：1
当前时间 ：2026-08-21 12:51:04send keng：2418, sheng ：4194304
decode keng：26, sheng ：2097152
world keng：12, sheng ：1048576

2026-08-21 12:51:09.682 INFO [pool-6-thread-9][:] - /****************流量统计******************/
LastReadBytes:0
LastReadThroughput:0
LastWrittenBytes:0
LastWriteThroughput:0
RealWrittenBytes:0
RealWriteThroughput:0
当前玩家的连接数量:0
当前地图的线程个数：9
当前地图的个数:48
当前数据库执行队列数:0
当前发送队列缓存的对象数量:0
totalMemory：680001536, use ：437751728, free ：242249808DirectMemory：1827143680, 恢复 ：1
当前时间 ：2026-08-21 12:51:09send keng：2418, sheng ：4194304
decode keng：26, sheng ：2097152
world keng：12, sheng ：1048576

2026-08-21 12:51:14.682 INFO [pool-6-thread-7][:] - /****************流量统计******************/
LastReadBytes:0
LastReadThroughput:0
LastWrittenBytes:0
LastWriteThroughput:0
RealWrittenBytes:0
RealWriteThroughput:0
当前玩家的连接数量:0
当前地图的线程个数：9
当前地图的个数:48
当前数据库执行队列数:0
当前发送队列缓存的对象数量:0
totalMemory：680001536, use ：441419792, free ：238581744DirectMemory：1827143680, 恢复 ：1
当前时间 ：2026-08-21 12:51:14send keng：2418, sheng ：4194304
decode keng：26, sheng ：2097152
world keng：12, sheng ：1048576

2026-08-21 12:51:19.682 INFO [pool-6-thread-2][:] - /****************流量统计******************/
LastReadBytes:0
LastReadThroughput:0
LastWrittenBytes:0
LastWriteThroughput:0
RealWrittenBytes:0
RealWriteThroughput:0
当前玩家的连接数量:0
当前地图的线程个数：9
当前地图的个数:48
当前数据库执行队列数:0
当前发送队列缓存的对象数量:0
totalMemory：680001536, use ：445001216, free ：235000320DirectMemory：1827143680, 恢复 ：1
当前时间 ：2026-08-21 12:51:19send keng：2418, sheng ：4194304
decode keng：26, sheng ：2097152
world keng：12, sheng ：1048576

2026-08-21 12:51:24.682 INFO [pool-6-thread-4][:] - /****************流量统计******************/
LastReadBytes:0
LastReadThroughput:0
LastWrittenBytes:0
LastWriteThroughput:0
RealWrittenBytes:0
RealWriteThroughput:0
当前玩家的连接数量:0
当前地图的线程个数：9
当前地图的个数:48
当前数据库执行队列数:0
当前发送队列缓存的对象数量:0
totalMemory：680001536, use ：448356360, free ：231645176DirectMemory：1827143680, 恢复 ：1
当前时间 ：2026-08-21 12:51:24send keng：2418, sheng ：4194304
decode keng：26, sheng ：2097152
world keng：12, sheng ：1048576

2026-08-21 12:51:29.682 INFO [pool-6-thread-10][:] - /****************流量统计******************/
LastReadBytes:0
LastReadThroughput:0
LastWrittenBytes:0
LastWriteThroughput:0
RealWrittenBytes:0
RealWriteThroughput:0
当前玩家的连接数量:0
当前地图的线程个数：9
当前地图的个数:48
当前数据库执行队列数:0
当前发送队列缓存的对象数量:0
totalMemory：680001536, use ：452029336, free ：227972200DirectMemory：1827143680, 恢复 ：1
当前时间 ：2026-08-21 12:51:29send keng：2418, sheng ：4194304
decode keng：26, sheng ：2097152
world keng：12, sheng ：1048576

2026-08-21 12:51:34.682 INFO [pool-6-thread-1][:] - /****************流量统计******************/
LastReadBytes:0
LastReadThroughput:0
LastWrittenBytes:0
LastWriteThroughput:0
RealWrittenBytes:0
RealWriteThroughput:0
当前玩家的连接数量:0
当前地图的线程个数：9
当前地图的个数:48
当前数据库执行队列数:0
当前发送队列缓存的对象数量:0
totalMemory：680001536, use ：455374384, free ：224627152DirectMemory：1827143680, 恢复 ：1
当前时间 ：2026-08-21 12:51:34send keng：2418, sheng ：4194304
decode keng：26, sheng ：2097152
world keng：12, sheng ：1048576

2026-08-21 12:51:39.682 INFO [pool-6-thread-7][:] - /****************流量统计******************/
LastReadBytes:0
LastReadThroughput:0
LastWrittenBytes:0
LastWriteThroughput:0
RealWrittenBytes:0
RealWriteThroughput:0
当前玩家的连接数量:0
当前地图的线程个数：9
当前地图的个数:48
当前数据库执行队列数:0
当前发送队列缓存的对象数量:0
totalMemory：680001536, use ：458919552, free ：221081984DirectMemory：1827143680, 恢复 ：1
当前时间 ：2026-08-21 12:51:39send keng：2418, sheng ：4194304
decode keng：26, sheng ：2097152
world keng：12, sheng ：1048576

2026-08-21 12:51:44.682 INFO [pool-6-thread-10][:] - /****************流量统计******************/
LastReadBytes:0
LastReadThroughput:0
LastWrittenBytes:0
LastWriteThroughput:0
RealWrittenBytes:0
RealWriteThroughput:0
当前玩家的连接数量:0
当前地图的线程个数：9
当前地图的个数:48
当前数据库执行队列数:0
当前发送队列缓存的对象数量:0
totalMemory：680001536, use ：462339608, free ：217661928DirectMemory：1827143680, 恢复 ：1
当前时间 ：2026-08-21 12:51:44send keng：2418, sheng ：4194304
decode keng：26, sheng ：2097152
world keng：12, sheng ：1048576

2026-08-21 12:51:49.682 INFO [pool-6-thread-9][:] - /****************流量统计******************/
LastReadBytes:0
LastReadThroughput:0
LastWrittenBytes:0
LastWriteThroughput:0
RealWrittenBytes:0
RealWriteThroughput:0
当前玩家的连接数量:0
当前地图的线程个数：9
当前地图的个数:48
当前数据库执行队列数:0
当前发送队列缓存的对象数量:0
totalMemory：680001536, use ：466024152, free ：213977384DirectMemory：1827143680, 恢复 ：1
当前时间 ：2026-08-21 12:51:49send keng：2418, sheng ：4194304
decode keng：26, sheng ：2097152
world keng：12, sheng ：1048576

2026-08-21 12:51:54.682 INFO [pool-6-thread-7][:] - /****************流量统计******************/
LastReadBytes:0
LastReadThroughput:0
LastWrittenBytes:0
LastWriteThroughput:0
RealWrittenBytes:0
RealWriteThroughput:0
当前玩家的连接数量:0
当前地图的线程个数：9
当前地图的个数:48
当前数据库执行队列数:0
当前发送队列缓存的对象数量:0
totalMemory：680001536, use ：422828552, free ：257172984DirectMemory：1827143680, 恢复 ：1
当前时间 ：2026-08-21 12:51:54send keng：2418, sheng ：4194304
decode keng：26, sheng ：2097152
world keng：12, sheng ：1048576

2026-08-21 12:51:59.682 INFO [pool-6-thread-1][:] - /****************流量统计******************/
LastReadBytes:0
LastReadThroughput:0
LastWrittenBytes:0
LastWriteThroughput:0
RealWrittenBytes:0
RealWriteThroughput:0
当前玩家的连接数量:0
当前地图的线程个数：9
当前地图的个数:48
当前数据库执行队列数:0
当前发送队列缓存的对象数量:0
totalMemory：680001536, use ：426240232, free ：253761304DirectMemory：1827143680, 恢复 ：1
当前时间 ：2026-08-21 12:51:59send keng：2418, sheng ：4194304
decode keng：26, sheng ：2097152
world keng：12, sheng ：1048576

2026-08-21 12:52:04.682 INFO [pool-6-thread-10][:] - /****************流量统计******************/
LastReadBytes:0
LastReadThroughput:0
LastWrittenBytes:0
LastWriteThroughput:0
RealWrittenBytes:0
RealWriteThroughput:0
当前玩家的连接数量:0
当前地图的线程个数：9
当前地图的个数:48
当前数据库执行队列数:0
当前发送队列缓存的对象数量:0
totalMemory：680001536, use ：429927664, free ：250073872DirectMemory：1827143680, 恢复 ：1
当前时间 ：2026-08-21 12:52:04send keng：2418, sheng ：4194304
decode keng：26, sheng ：2097152
world keng：12, sheng ：1048576

2026-08-21 12:52:09.682 INFO [pool-6-thread-4][:] - /****************流量统计******************/
LastReadBytes:0
LastReadThroughput:0
LastWrittenBytes:0
LastWriteThroughput:0
RealWrittenBytes:0
RealWriteThroughput:0
当前玩家的连接数量:0
当前地图的线程个数：9
当前地图的个数:48
当前数据库执行队列数:0
当前发送队列缓存的对象数量:0
totalMemory：680001536, use ：433100464, free ：246901072DirectMemory：1827143680, 恢复 ：1
当前时间 ：2026-08-21 12:52:09send keng：2418, sheng ：4194304
decode keng：26, sheng ：2097152
world keng：12, sheng ：1048576

2026-08-21 12:52:14.682 INFO [pool-6-thread-3][:] - /****************流量统计******************/
LastReadBytes:0
LastReadThroughput:0
LastWrittenBytes:0
LastWriteThroughput:0
RealWrittenBytes:0
RealWriteThroughput:0
当前玩家的连接数量:0
当前地图的线程个数：9
当前地图的个数:48
当前数据库执行队列数:0
当前发送队列缓存的对象数量:0
totalMemory：680001536, use ：436924376, free ：243077160DirectMemory：1827143680, 恢复 ：1
当前时间 ：2026-08-21 12:52:14send keng：2418, sheng ：4194304
decode keng：26, sheng ：2097152
world keng：12, sheng ：1048576

2026-08-21 12:52:19.682 INFO [pool-6-thread-8][:] - /****************流量统计******************/
LastReadBytes:0
LastReadThroughput:0
LastWrittenBytes:0
LastWriteThroughput:0
RealWrittenBytes:0
RealWriteThroughput:0
当前玩家的连接数量:0
当前地图的线程个数：9
当前地图的个数:48
当前数据库执行队列数:0
当前发送队列缓存的对象数量:0
totalMemory：680001536, use ：440387232, free ：239614304DirectMemory：1827143680, 恢复 ：1
当前时间 ：2026-08-21 12:52:19send keng：2418, sheng ：4194304
decode keng：26, sheng ：2097152
world keng：12, sheng ：1048576

2026-08-21 12:52:24.682 INFO [pool-6-thread-6][:] - /****************流量统计******************/
LastReadBytes:0
LastReadThroughput:0
LastWrittenBytes:0
LastWriteThroughput:0
RealWrittenBytes:0
RealWriteThroughput:0
当前玩家的连接数量:0
当前地图的线程个数：9
当前地图的个数:48
当前数据库执行队列数:0
当前发送队列缓存的对象数量:0
totalMemory：680001536, use ：443948792, free ：236052744DirectMemory：1827143680, 恢复 ：1
当前时间 ：2026-08-21 12:52:24send keng：2418, sheng ：4194304
decode keng：26, sheng ：2097152
world keng：12, sheng ：1048576

2026-08-21 12:52:29.682 INFO [pool-6-thread-2][:] - /****************流量统计******************/
LastReadBytes:0
LastReadThroughput:0
LastWrittenBytes:0
LastWriteThroughput:0
RealWrittenBytes:0
RealWriteThroughput:0
当前玩家的连接数量:0
当前地图的线程个数：9
当前地图的个数:48
当前数据库执行队列数:0
当前发送队列缓存的对象数量:0
totalMemory：680001536, use ：447556488, free ：232445048DirectMemory：1827143680, 恢复 ：1
当前时间 ：2026-08-21 12:52:29send keng：2418, sheng ：4194304
decode keng：26, sheng ：2097152
world keng：12, sheng ：1048576

2026-08-21 12:52:34.682 INFO [pool-6-thread-1][:] - /****************流量统计******************/
LastReadBytes:0
LastReadThroughput:0
LastWrittenBytes:0
LastWriteThroughput:0
RealWrittenBytes:0
RealWriteThroughput:0
当前玩家的连接数量:0
当前地图的线程个数：9
当前地图的个数:48
当前数据库执行队列数:0
当前发送队列缓存的对象数量:0
totalMemory：680001536, use ：450858512, free ：229143024DirectMemory：1827143680, 恢复 ：1
当前时间 ：2026-08-21 12:52:34send keng：2418, sheng ：4194304
decode keng：26, sheng ：2097152
world keng：12, sheng ：1048576

2026-08-21 12:52:39.682 INFO [pool-6-thread-2][:] - /****************流量统计******************/
LastReadBytes:0
LastReadThroughput:0
LastWrittenBytes:0
LastWriteThroughput:0
RealWrittenBytes:0
RealWriteThroughput:0
当前玩家的连接数量:0
当前地图的线程个数：9
当前地图的个数:48
当前数据库执行队列数:0
当前发送队列缓存的对象数量:0
totalMemory：680001536, use ：454509856, free ：225491680DirectMemory：1827143680, 恢复 ：1
当前时间 ：2026-08-21 12:52:39send keng：2418, sheng ：4194304
decode keng：26, sheng ：2097152
world keng：12, sheng ：1048576

2026-08-21 12:52:44.682 INFO [pool-6-thread-10][:] - /****************流量统计******************/
LastReadBytes:0
LastReadThroughput:0
LastWrittenBytes:0
LastWriteThroughput:0
RealWrittenBytes:0
RealWriteThroughput:0
当前玩家的连接数量:0
当前地图的线程个数：9
当前地图的个数:48
当前数据库执行队列数:0
当前发送队列缓存的对象数量:0
totalMemory：680001536, use ：457741352, free ：222260184DirectMemory：1827143680, 恢复 ：1
当前时间 ：2026-08-21 12:52:44send keng：2418, sheng ：4194304
decode keng：26, sheng ：2097152
world keng：12, sheng ：1048576

2026-08-21 12:52:49.682 INFO [pool-6-thread-10][:] - /****************流量统计******************/
LastReadBytes:0
LastReadThroughput:0
LastWrittenBytes:0
LastWriteThroughput:0
RealWrittenBytes:0
RealWriteThroughput:0
当前玩家的连接数量:0
当前地图的线程个数：9
当前地图的个数:48
当前数据库执行队列数:0
当前发送队列缓存的对象数量:0
totalMemory：680001536, use ：461374304, free ：218627232DirectMemory：1827143680, 恢复 ：1
当前时间 ：2026-08-21 12:52:49send keng：2418, sheng ：4194304
decode keng：26, sheng ：2097152
world keng：12, sheng ：1048576

2026-08-21 12:52:54.682 INFO [pool-6-thread-3][:] - /****************流量统计******************/
LastReadBytes:0
LastReadThroughput:0
LastWrittenBytes:0
LastWriteThroughput:0
RealWrittenBytes:0
RealWriteThroughput:0
当前玩家的连接数量:0
当前地图的线程个数：9
当前地图的个数:48
当前数据库执行队列数:0
当前发送队列缓存的对象数量:0
totalMemory：680001536, use ：464909536, free ：215092000DirectMemory：1827143680, 恢复 ：1
当前时间 ：2026-08-21 12:52:54send keng：2418, sheng ：4194304
decode keng：26, sheng ：2097152
world keng：12, sheng ：1048576

2026-08-21 12:52:59.682 INFO [pool-6-thread-5][:] - /****************流量统计******************/
LastReadBytes:0
LastReadThroughput:0
LastWrittenBytes:0
LastWriteThroughput:0
RealWrittenBytes:0
RealWriteThroughput:0
当前玩家的连接数量:0
当前地图的线程个数：9
当前地图的个数:48
当前数据库执行队列数:0
当前发送队列缓存的对象数量:0
totalMemory：680001536, use ：468380856, free ：211620680DirectMemory：1827143680, 恢复 ：1
当前时间 ：2026-08-21 12:52:59send keng：2418, sheng ：4194304
decode keng：26, sheng ：2097152
world keng：12, sheng ：1048576

2026-08-21 12:53:04.682 INFO [pool-6-thread-3][:] - /****************流量统计******************/
LastReadBytes:0
LastReadThroughput:0
LastWrittenBytes:0
LastWriteThroughput:0
RealWrittenBytes:0
RealWriteThroughput:0
当前玩家的连接数量:0
当前地图的线程个数：9
当前地图的个数:48
当前数据库执行队列数:0
当前发送队列缓存的对象数量:0
totalMemory：680001536, use ：425317224, free ：254684312DirectMemory：1827143680, 恢复 ：1
当前时间 ：2026-08-21 12:53:04send keng：2418, sheng ：4194304
decode keng：26, sheng ：2097152
world keng：12, sheng ：1048576

2026-08-21 12:53:09.682 INFO [pool-6-thread-4][:] - /****************流量统计******************/
LastReadBytes:0
LastReadThroughput:0
LastWrittenBytes:0
LastWriteThroughput:0
RealWrittenBytes:0
RealWriteThroughput:0
当前玩家的连接数量:0
当前地图的线程个数：9
当前地图的个数:48
当前数据库执行队列数:0
当前发送队列缓存的对象数量:0
totalMemory：680001536, use ：428752264, free ：251249272DirectMemory：1827143680, 恢复 ：1
当前时间 ：2026-08-21 12:53:09send keng：2418, sheng ：4194304
decode keng：26, sheng ：2097152
world keng：12, sheng ：1048576

2026-08-21 12:53:14.682 INFO [pool-6-thread-2][:] - /****************流量统计******************/
LastReadBytes:0
LastReadThroughput:0
LastWrittenBytes:0
LastWriteThroughput:0
RealWrittenBytes:0
RealWriteThroughput:0
当前玩家的连接数量:0
当前地图的线程个数：9
当前地图的个数:48
当前数据库执行队列数:0
当前发送队列缓存的对象数量:0
totalMemory：680001536, use ：432375688, free ：247625848DirectMemory：1827143680, 恢复 ：1
当前时间 ：2026-08-21 12:53:14send keng：2418, sheng ：4194304
decode keng：26, sheng ：2097152
world keng：12, sheng ：1048576

2026-08-21 12:53:19.682 INFO [pool-6-thread-3][:] - /****************流量统计******************/
LastReadBytes:0
LastReadThroughput:0
LastWrittenBytes:0
LastWriteThroughput:0
RealWrittenBytes:0
RealWriteThroughput:0
当前玩家的连接数量:0
当前地图的线程个数：9
当前地图的个数:48
当前数据库执行队列数:0
当前发送队列缓存的对象数量:0
totalMemory：680001536, use ：435950096, free ：244051440DirectMemory：1827143680, 恢复 ：1
当前时间 ：2026-08-21 12:53:19send keng：2418, sheng ：4194304
decode keng：26, sheng ：2097152
world keng：12, sheng ：1048576

2026-08-21 12:53:24.682 INFO [pool-6-thread-1][:] - /****************流量统计******************/
LastReadBytes:0
LastReadThroughput:0
LastWrittenBytes:0
LastWriteThroughput:0
RealWrittenBytes:0
RealWriteThroughput:0
当前玩家的连接数量:0
当前地图的线程个数：9
当前地图的个数:48
当前数据库执行队列数:0
当前发送队列缓存的对象数量:0
totalMemory：680001536, use ：439289216, free ：240712320DirectMemory：1827143680, 恢复 ：1
当前时间 ：2026-08-21 12:53:24send keng：2418, sheng ：4194304
decode keng：26, sheng ：2097152
world keng：12, sheng ：1048576

2026-08-21 12:53:29.682 INFO [pool-6-thread-7][:] - /****************流量统计******************/
LastReadBytes:0
LastReadThroughput:0
LastWrittenBytes:0
LastWriteThroughput:0
RealWrittenBytes:0
RealWriteThroughput:0
当前玩家的连接数量:0
当前地图的线程个数：9
当前地图的个数:48
当前数据库执行队列数:0
当前发送队列缓存的对象数量:0
totalMemory：680001536, use ：442974856, free ：237026680DirectMemory：1827143680, 恢复 ：1
当前时间 ：2026-08-21 12:53:29send keng：2418, sheng ：4194304
decode keng：26, sheng ：2097152
world keng：12, sheng ：1048576

2026-08-21 12:53:34.682 INFO [pool-6-thread-10][:] - /****************流量统计******************/
LastReadBytes:0
LastReadThroughput:0
LastWrittenBytes:0
LastWriteThroughput:0
RealWrittenBytes:0
RealWriteThroughput:0
当前玩家的连接数量:0
当前地图的线程个数：9
当前地图的个数:48
当前数据库执行队列数:0
当前发送队列缓存的对象数量:0
totalMemory：680001536, use ：446162392, free ：233839144DirectMemory：1827143680, 恢复 ：1
当前时间 ：2026-08-21 12:53:34send keng：2418, sheng ：4194304
decode keng：26, sheng ：2097152
world keng：12, sheng ：1048576

2026-08-21 12:53:39.682 INFO [pool-6-thread-10][:] - /****************流量统计******************/
LastReadBytes:0
LastReadThroughput:0
LastWrittenBytes:0
LastWriteThroughput:0
RealWrittenBytes:0
RealWriteThroughput:0
当前玩家的连接数量:0
当前地图的线程个数：9
当前地图的个数:48
当前数据库执行队列数:0
当前发送队列缓存的对象数量:0
totalMemory：680001536, use ：449822896, free ：230178640DirectMemory：1827143680, 恢复 ：1
当前时间 ：2026-08-21 12:53:39send keng：2418, sheng ：4194304
decode keng：26, sheng ：2097152
world keng：12, sheng ：1048576

2026-08-21 12:53:44.682 INFO [pool-6-thread-9][:] - /****************流量统计******************/
LastReadBytes:0
LastReadThroughput:0
LastWrittenBytes:0
LastWriteThroughput:0
RealWrittenBytes:0
RealWriteThroughput:0
当前玩家的连接数量:0
当前地图的线程个数：9
当前地图的个数:48
当前数据库执行队列数:0
当前发送队列缓存的对象数量:0
totalMemory：680001536, use ：453300792, free ：226700744DirectMemory：1827143680, 恢复 ：1
当前时间 ：2026-08-21 12:53:44send keng：2418, sheng ：4194304
decode keng：26, sheng ：2097152
world keng：12, sheng ：1048576

2026-08-21 12:53:49.682 INFO [pool-6-thread-5][:] - /****************流量统计******************/
LastReadBytes:0
LastReadThroughput:0
LastWrittenBytes:0
LastWriteThroughput:0
RealWrittenBytes:0
RealWriteThroughput:0
当前玩家的连接数量:0
当前地图的线程个数：9
当前地图的个数:48
当前数据库执行队列数:0
当前发送队列缓存的对象数量:0
totalMemory：680001536, use ：457033648, free ：222967888DirectMemory：1827143680, 恢复 ：1
当前时间 ：2026-08-21 12:53:49send keng：2418, sheng ：4194304
decode keng：26, sheng ：2097152
world keng：12, sheng ：1048576

2026-08-21 12:53:54.682 INFO [pool-6-thread-4][:] - /****************流量统计******************/
LastReadBytes:0
LastReadThroughput:0
LastWrittenBytes:0
LastWriteThroughput:0
RealWrittenBytes:0
RealWriteThroughput:0
当前玩家的连接数量:0
当前地图的线程个数：9
当前地图的个数:48
当前数据库执行队列数:0
当前发送队列缓存的对象数量:0
totalMemory：680001536, use ：460237432, free ：219764104DirectMemory：1827143680, 恢复 ：1
当前时间 ：2026-08-21 12:53:54send keng：2418, sheng ：4194304
decode keng：26, sheng ：2097152
world keng：12, sheng ：1048576

2026-08-21 12:53:59.682 INFO [pool-6-thread-1][:] - /****************流量统计******************/
LastReadBytes:0
LastReadThroughput:0
LastWrittenBytes:0
LastWriteThroughput:0
RealWrittenBytes:0
RealWriteThroughput:0
当前玩家的连接数量:0
当前地图的线程个数：9
当前地图的个数:48
当前数据库执行队列数:0
当前发送队列缓存的对象数量:0
totalMemory：680001536, use ：463757696, free ：216243840DirectMemory：1827143680, 恢复 ：1
当前时间 ：2026-08-21 12:53:59send keng：2418, sheng ：4194304
decode keng：26, sheng ：2097152
world keng：12, sheng ：1048576

2026-08-21 12:54:04.682 INFO [pool-6-thread-5][:] - /****************流量统计******************/
LastReadBytes:0
LastReadThroughput:0
LastWrittenBytes:0
LastWriteThroughput:0
RealWrittenBytes:0
RealWriteThroughput:0
当前玩家的连接数量:0
当前地图的线程个数：9
当前地图的个数:48
当前数据库执行队列数:0
当前发送队列缓存的对象数量:0
totalMemory：680001536, use ：467326440, free ：212675096DirectMemory：1827143680, 恢复 ：1
当前时间 ：2026-08-21 12:54:04send keng：2418, sheng ：4194304
decode keng：26, sheng ：2097152
world keng：12, sheng ：1048576

2026-08-21 12:54:09.682 INFO [pool-6-thread-4][:] - /****************流量统计******************/
LastReadBytes:0
LastReadThroughput:0
LastWrittenBytes:0
LastWriteThroughput:0
RealWrittenBytes:0
RealWriteThroughput:0
当前玩家的连接数量:0
当前地图的线程个数：9
当前地图的个数:48
当前数据库执行队列数:0
当前发送队列缓存的对象数量:0
totalMemory：680001536, use ：424011968, free ：255989568DirectMemory：1827143680, 恢复 ：1
当前时间 ：2026-08-21 12:54:09send keng：2418, sheng ：4194304
decode keng：26, sheng ：2097152
world keng：12, sheng ：1048576

2026-08-21 12:54:14.682 INFO [pool-6-thread-3][:] - /****************流量统计******************/
LastReadBytes:0
LastReadThroughput:0
LastWrittenBytes:0
LastWriteThroughput:0
RealWrittenBytes:0
RealWriteThroughput:0
当前玩家的连接数量:0
当前地图的线程个数：9
当前地图的个数:48
当前数据库执行队列数:0
当前发送队列缓存的对象数量:0
totalMemory：680001536, use ：427654264, free ：252347272DirectMemory：1827143680, 恢复 ：1
当前时间 ：2026-08-21 12:54:14send keng：2418, sheng ：4194304
decode keng：26, sheng ：2097152
world keng：12, sheng ：1048576

2026-08-21 12:54:19.682 INFO [pool-6-thread-8][:] - /****************流量统计******************/
LastReadBytes:0
LastReadThroughput:0
LastWrittenBytes:0
LastWriteThroughput:0
RealWrittenBytes:0
RealWriteThroughput:0
当前玩家的连接数量:0
当前地图的线程个数：9
当前地图的个数:48
当前数据库执行队列数:0
当前发送队列缓存的对象数量:0
totalMemory：680001536, use ：431114008, free ：248887528DirectMemory：1827143680, 恢复 ：1
当前时间 ：2026-08-21 12:54:19send keng：2418, sheng ：4194304
decode keng：26, sheng ：2097152
world keng：12, sheng ：1048576

2026-08-21 12:54:24.682 INFO [pool-6-thread-3][:] - /****************流量统计******************/
LastReadBytes:0
LastReadThroughput:0
LastWrittenBytes:0
LastWriteThroughput:0
RealWrittenBytes:0
RealWriteThroughput:0
当前玩家的连接数量:0
当前地图的线程个数：9
当前地图的个数:48
当前数据库执行队列数:0
当前发送队列缓存的对象数量:0
totalMemory：680001536, use ：434624928, free ：245376608DirectMemory：1827143680, 恢复 ：1
当前时间 ：2026-08-21 12:54:24send keng：2418, sheng ：4194304
decode keng：26, sheng ：2097152
world keng：12, sheng ：1048576

2026-08-21 12:54:29.682 INFO [pool-6-thread-8][:] - /****************流量统计******************/
LastReadBytes:0
LastReadThroughput:0
LastWrittenBytes:0
LastWriteThroughput:0
RealWrittenBytes:0
RealWriteThroughput:0
当前玩家的连接数量:0
当前地图的线程个数：9
当前地图的个数:48
当前数据库执行队列数:0
当前发送队列缓存的对象数量:0
totalMemory：680001536, use ：438221336, free ：241780200DirectMemory：1827143680, 恢复 ：1
当前时间 ：2026-08-21 12:54:29send keng：2418, sheng ：4194304
decode keng：26, sheng ：2097152
world keng：12, sheng ：1048576

2026-08-21 12:54:34.682 INFO [pool-6-thread-6][:] - /****************流量统计******************/
LastReadBytes:0
LastReadThroughput:0
LastWrittenBytes:0
LastWriteThroughput:0
RealWrittenBytes:0
RealWriteThroughput:0
当前玩家的连接数量:0
当前地图的线程个数：9
当前地图的个数:48
当前数据库执行队列数:0
当前发送队列缓存的对象数量:0
totalMemory：680001536, use ：441530216, free ：238471320DirectMemory：1827143680, 恢复 ：1
当前时间 ：2026-08-21 12:54:34send keng：2418, sheng ：4194304
decode keng：26, sheng ：2097152
world keng：12, sheng ：1048576

2026-08-21 12:54:39.682 INFO [pool-6-thread-5][:] - /****************流量统计******************/
LastReadBytes:0
LastReadThroughput:0
LastWrittenBytes:0
LastWriteThroughput:0
RealWrittenBytes:0
RealWriteThroughput:0
当前玩家的连接数量:0
当前地图的线程个数：9
当前地图的个数:48
当前数据库执行队列数:0
当前发送队列缓存的对象数量:0
totalMemory：680001536, use ：445211944, free ：234789592DirectMemory：1827143680, 恢复 ：1
当前时间 ：2026-08-21 12:54:39send keng：2418, sheng ：4194304
decode keng：26, sheng ：2097152
world keng：12, sheng ：1048576

2026-08-21 12:54:44.682 INFO [pool-6-thread-3][:] - /****************流量统计******************/
LastReadBytes:0
LastReadThroughput:0
LastWrittenBytes:0
LastWriteThroughput:0
RealWrittenBytes:0
RealWriteThroughput:0
当前玩家的连接数量:0
当前地图的线程个数：9
当前地图的个数:48
当前数据库执行队列数:0
当前发送队列缓存的对象数量:0
totalMemory：680001536, use ：448616368, free ：231385168DirectMemory：1827143680, 恢复 ：1
当前时间 ：2026-08-21 12:54:44send keng：2418, sheng ：4194304
decode keng：26, sheng ：2097152
world keng：12, sheng ：1048576

2026-08-21 12:54:49.682 INFO [pool-6-thread-8][:] - /****************流量统计******************/
LastReadBytes:0
LastReadThroughput:0
LastWrittenBytes:0
LastWriteThroughput:0
RealWrittenBytes:0
RealWriteThroughput:0
当前玩家的连接数量:0
当前地图的线程个数：9
当前地图的个数:48
当前数据库执行队列数:0
当前发送队列缓存的对象数量:0
totalMemory：680001536, use ：452187432, free ：227814104DirectMemory：1827143680, 恢复 ：1
当前时间 ：2026-08-21 12:54:49send keng：2418, sheng ：4194304
decode keng：26, sheng ：2097152
world keng：12, sheng ：1048576

2026-08-21 12:54:54.682 INFO [pool-6-thread-1][:] - /****************流量统计******************/
LastReadBytes:0
LastReadThroughput:0
LastWrittenBytes:0
LastWriteThroughput:0
RealWrittenBytes:0
RealWriteThroughput:0
当前玩家的连接数量:0
当前地图的线程个数：9
当前地图的个数:48
当前数据库执行队列数:0
当前发送队列缓存的对象数量:0
totalMemory：680001536, use ：455423768, free ：224577768DirectMemory：1827143680, 恢复 ：1
当前时间 ：2026-08-21 12:54:54send keng：2418, sheng ：4194304
decode keng：26, sheng ：2097152
world keng：12, sheng ：1048576

2026-08-21 12:54:59.682 INFO [pool-6-thread-1][:] - /****************流量统计******************/
LastReadBytes:0
LastReadThroughput:0
LastWrittenBytes:0
LastWriteThroughput:0
RealWrittenBytes:0
RealWriteThroughput:0
当前玩家的连接数量:0
当前地图的线程个数：9
当前地图的个数:48
当前数据库执行队列数:0
当前发送队列缓存的对象数量:0
totalMemory：680001536, use ：459079816, free ：220921720DirectMemory：1827143680, 恢复 ：1
当前时间 ：2026-08-21 12:54:59send keng：2418, sheng ：4194304
decode keng：26, sheng ：2097152
world keng：12, sheng ：1048576

2026-08-21 12:55:04.682 INFO [pool-6-thread-1][:] - /****************流量统计******************/
LastReadBytes:0
LastReadThroughput:0
LastWrittenBytes:0
LastWriteThroughput:0
RealWrittenBytes:0
RealWriteThroughput:0
当前玩家的连接数量:0
当前地图的线程个数：9
当前地图的个数:48
当前数据库执行队列数:0
当前发送队列缓存的对象数量:0
totalMemory：680001536, use ：462559592, free ：217441944DirectMemory：1827143680, 恢复 ：1
当前时间 ：2026-08-21 12:55:04send keng：2418, sheng ：4194304
decode keng：26, sheng ：2097152
world keng：12, sheng ：1048576

2026-08-21 12:55:09.682 INFO [pool-6-thread-8][:] - /****************流量统计******************/
LastReadBytes:0
LastReadThroughput:0
LastWrittenBytes:0
LastWriteThroughput:0
RealWrittenBytes:0
RealWriteThroughput:0
当前玩家的连接数量:0
当前地图的线程个数：9
当前地图的个数:48
当前数据库执行队列数:0
当前发送队列缓存的对象数量:0
totalMemory：680001536, use ：466133528, free ：213868008DirectMemory：1827143680, 恢复 ：1
当前时间 ：2026-08-21 12:55:09send keng：2418, sheng ：4194304
decode keng：26, sheng ：2097152
world keng：12, sheng ：1048576

2026-08-21 12:55:14.682 INFO [pool-6-thread-2][:] - /****************流量统计******************/
LastReadBytes:0
LastReadThroughput:0
LastWrittenBytes:0
LastWriteThroughput:0
RealWrittenBytes:0
RealWriteThroughput:0
当前玩家的连接数量:0
当前地图的线程个数：9
当前地图的个数:48
当前数据库执行队列数:0
当前发送队列缓存的对象数量:0
totalMemory：680001536, use ：422960320, free ：257041216DirectMemory：1827143680, 恢复 ：1
当前时间 ：2026-08-21 12:55:14send keng：2418, sheng ：4194304
decode keng：26, sheng ：2097152
world keng：12, sheng ：1048576

2026-08-21 12:55:19.682 INFO [pool-6-thread-5][:] - /****************流量统计******************/
LastReadBytes:0
LastReadThroughput:0
LastWrittenBytes:0
LastWriteThroughput:0
RealWrittenBytes:0
RealWriteThroughput:0
当前玩家的连接数量:0
当前地图的线程个数：9
当前地图的个数:48
当前数据库执行队列数:0
当前发送队列缓存的对象数量:0
totalMemory：680001536, use ：426318272, free ：253683264DirectMemory：1827143680, 恢复 ：1
当前时间 ：2026-08-21 12:55:19send keng：2418, sheng ：4194304
decode keng：26, sheng ：2097152
world keng：12, sheng ：1048576

2026-08-21 12:55:24.683 INFO [pool-6-thread-8][:] - /****************流量统计******************/
LastReadBytes:0
LastReadThroughput:0
LastWrittenBytes:0
LastWriteThroughput:0
RealWrittenBytes:0
RealWriteThroughput:0
当前玩家的连接数量:0
当前地图的线程个数：9
当前地图的个数:48
当前数据库执行队列数:0
当前发送队列缓存的对象数量:0
totalMemory：680001536, use ：429947056, free ：250054480DirectMemory：1827143680, 恢复 ：1
当前时间 ：2026-08-21 12:55:24send keng：2418, sheng ：4194304
decode keng：26, sheng ：2097152
world keng：12, sheng ：1048576

2026-08-21 12:55:29.682 INFO [pool-6-thread-8][:] - /****************流量统计******************/
LastReadBytes:0
LastReadThroughput:0
LastWrittenBytes:0
LastWriteThroughput:0
RealWrittenBytes:0
RealWriteThroughput:0
当前玩家的连接数量:0
当前地图的线程个数：9
当前地图的个数:48
当前数据库执行队列数:0
当前发送队列缓存的对象数量:0
totalMemory：680001536, use ：433431976, free ：246569560DirectMemory：1827143680, 恢复 ：1
当前时间 ：2026-08-21 12:55:29send keng：2418, sheng ：4194304
decode keng：26, sheng ：2097152
world keng：12, sheng ：1048576

2026-08-21 12:55:34.682 INFO [pool-6-thread-5][:] - /****************流量统计******************/
LastReadBytes:0
LastReadThroughput:0
LastWrittenBytes:0
LastWriteThroughput:0
RealWrittenBytes:0
RealWriteThroughput:0
当前玩家的连接数量:0
当前地图的线程个数：9
当前地图的个数:48
当前数据库执行队列数:0
当前发送队列缓存的对象数量:0
totalMemory：680001536, use ：436846024, free ：243155512DirectMemory：1827143680, 恢复 ：1
当前时间 ：2026-08-21 12:55:34send keng：2418, sheng ：4194304
decode keng：26, sheng ：2097152
world keng：12, sheng ：1048576

2026-08-21 12:55:39.682 INFO [pool-6-thread-5][:] - /****************流量统计******************/
LastReadBytes:0
LastReadThroughput:0
LastWrittenBytes:0
LastWriteThroughput:0
RealWrittenBytes:0
RealWriteThroughput:0
当前玩家的连接数量:0
当前地图的线程个数：9
当前地图的个数:48
当前数据库执行队列数:0
当前发送队列缓存的对象数量:0
totalMemory：680001536, use ：440526744, free ：239474792DirectMemory：1827143680, 恢复 ：1
当前时间 ：2026-08-21 12:55:39send keng：2418, sheng ：4194304
decode keng：26, sheng ：2097152
world keng：12, sheng ：1048576

2026-08-21 12:55:44.682 INFO [pool-6-thread-4][:] - /****************流量统计******************/
LastReadBytes:0
LastReadThroughput:0
LastWrittenBytes:0
LastWriteThroughput:0
RealWrittenBytes:0
RealWriteThroughput:0
当前玩家的连接数量:0
当前地图的线程个数：9
当前地图的个数:48
当前数据库执行队列数:0
当前发送队列缓存的对象数量:0
totalMemory：680001536, use ：443975904, free ：236025632DirectMemory：1827143680, 恢复 ：1
当前时间 ：2026-08-21 12:55:44send keng：2418, sheng ：4194304
decode keng：26, sheng ：2097152
world keng：12, sheng ：1048576

2026-08-21 12:55:49.682 INFO [pool-6-thread-8][:] - /****************流量统计******************/
LastReadBytes:0
LastReadThroughput:0
LastWrittenBytes:0
LastWriteThroughput:0
RealWrittenBytes:0
RealWriteThroughput:0
当前玩家的连接数量:0
当前地图的线程个数：9
当前地图的个数:48
当前数据库执行队列数:0
当前发送队列缓存的对象数量:0
totalMemory：680001536, use ：447576632, free ：232424904DirectMemory：1827143680, 恢复 ：1
当前时间 ：2026-08-21 12:55:49send keng：2418, sheng ：4194304
decode keng：26, sheng ：2097152
world keng：12, sheng ：1048576

2026-08-21 12:55:54.682 INFO [pool-6-thread-1][:] - /****************流量统计******************/
LastReadBytes:0
LastReadThroughput:0
LastWrittenBytes:0
LastWriteThroughput:0
RealWrittenBytes:0
RealWriteThroughput:0
当前玩家的连接数量:0
当前地图的线程个数：9
当前地图的个数:48
当前数据库执行队列数:0
当前发送队列缓存的对象数量:0
totalMemory：680001536, use ：450920680, free ：229080856DirectMemory：1827143680, 恢复 ：1
当前时间 ：2026-08-21 12:55:54send keng：2418, sheng ：4194304
decode keng：26, sheng ：2097152
world keng：12, sheng ：1048576

2026-08-21 12:55:59.682 INFO [pool-6-thread-4][:] - /****************流量统计******************/
LastReadBytes:0
LastReadThroughput:0
LastWrittenBytes:0
LastWriteThroughput:0
RealWrittenBytes:0
RealWriteThroughput:0
当前玩家的连接数量:0
当前地图的线程个数：9
当前地图的个数:48
当前数据库执行队列数:0
当前发送队列缓存的对象数量:0
totalMemory：680001536, use ：454414496, free ：225587040DirectMemory：1827143680, 恢复 ：1
当前时间 ：2026-08-21 12:55:59send keng：2418, sheng ：4194304
decode keng：26, sheng ：2097152
world keng：12, sheng ：1048576

2026-08-21 12:56:04.682 INFO [pool-6-thread-1][:] - /****************流量统计******************/
LastReadBytes:0
LastReadThroughput:0
LastWrittenBytes:0
LastWriteThroughput:0
RealWrittenBytes:0
RealWriteThroughput:0
当前玩家的连接数量:0
当前地图的线程个数：9
当前地图的个数:48
当前数据库执行队列数:0
当前发送队列缓存的对象数量:0
totalMemory：680001536, use ：457986664, free ：222014872DirectMemory：1827143680, 恢复 ：1
当前时间 ：2026-08-21 12:56:04send keng：2418, sheng ：4194304
decode keng：26, sheng ：2097152
world keng：12, sheng ：1048576

2026-08-21 12:56:09.686 INFO [pool-6-thread-3][:] - /****************流量统计******************/
LastReadBytes:0
LastReadThroughput:0
LastWrittenBytes:0
LastWriteThroughput:0
RealWrittenBytes:0
RealWriteThroughput:0
当前玩家的连接数量:0
当前地图的线程个数：9
当前地图的个数:48
当前数据库执行队列数:0
当前发送队列缓存的对象数量:0
totalMemory：680001536, use ：461266192, free ：218735344DirectMemory：1827143680, 恢复 ：1
当前时间 ：2026-08-21 12:56:09send keng：2418, sheng ：4194304
decode keng：26, sheng ：2097152
world keng：12, sheng ：1048576

2026-08-21 12:56:14.682 INFO [pool-6-thread-10][:] - /****************流量统计******************/
LastReadBytes:0
LastReadThroughput:0
LastWrittenBytes:0
LastWriteThroughput:0
RealWrittenBytes:0
RealWriteThroughput:0
当前玩家的连接数量:0
当前地图的线程个数：9
当前地图的个数:48
当前数据库执行队列数:0
当前发送队列缓存的对象数量:0
totalMemory：680001536, use ：464863048, free ：215138488DirectMemory：1827143680, 恢复 ：1
当前时间 ：2026-08-21 12:56:14send keng：2418, sheng ：4194304
decode keng：26, sheng ：2097152
world keng：12, sheng ：1048576

2026-08-21 12:56:19.682 INFO [pool-6-thread-3][:] - /****************流量统计******************/
LastReadBytes:0
LastReadThroughput:0
LastWrittenBytes:0
LastWriteThroughput:0
RealWrittenBytes:0
RealWriteThroughput:0
当前玩家的连接数量:0
当前地图的线程个数：9
当前地图的个数:48
当前数据库执行队列数:0
当前发送队列缓存的对象数量:0
totalMemory：680001536, use ：468367264, free ：211634272DirectMemory：1827143680, 恢复 ：1
当前时间 ：2026-08-21 12:56:19send keng：2418, sheng ：4194304
decode keng：26, sheng ：2097152
world keng：12, sheng ：1048576

2026-08-21 12:56:24.682 INFO [pool-6-thread-3][:] - /****************流量统计******************/
LastReadBytes:0
LastReadThroughput:0
LastWrittenBytes:0
LastWriteThroughput:0
RealWrittenBytes:0
RealWriteThroughput:0
当前玩家的连接数量:0
当前地图的线程个数：9
当前地图的个数:48
当前数据库执行队列数:0
当前发送队列缓存的对象数量:0
totalMemory：680001536, use ：425334704, free ：254666832DirectMemory：1827143680, 恢复 ：1
当前时间 ：2026-08-21 12:56:24send keng：2418, sheng ：4194304
decode keng：26, sheng ：2097152
world keng：12, sheng ：1048576

2026-08-21 12:56:29.682 INFO [pool-6-thread-8][:] - /****************流量统计******************/
LastReadBytes:0
LastReadThroughput:0
LastWrittenBytes:0
LastWriteThroughput:0
RealWrittenBytes:0
RealWriteThroughput:0
当前玩家的连接数量:0
当前地图的线程个数：9
当前地图的个数:48
当前数据库执行队列数:0
当前发送队列缓存的对象数量:0
totalMemory：680001536, use ：428581816, free ：251419720DirectMemory：1827143680, 恢复 ：1
当前时间 ：2026-08-21 12:56:29send keng：2418, sheng ：4194304
decode keng：26, sheng ：2097152
world keng：12, sheng ：1048576

2026-08-21 12:56:34.682 INFO [pool-6-thread-4][:] - /****************流量统计******************/
LastReadBytes:0
LastReadThroughput:0
LastWrittenBytes:0
LastWriteThroughput:0
RealWrittenBytes:0
RealWriteThroughput:0
当前玩家的连接数量:0
当前地图的线程个数：9
当前地图的个数:48
当前数据库执行队列数:0
当前发送队列缓存的对象数量:0
totalMemory：680001536, use ：432134984, free ：247866552DirectMemory：1827143680, 恢复 ：1
当前时间 ：2026-08-21 12:56:34send keng：2418, sheng ：4194304
decode keng：26, sheng ：2097152
world keng：12, sheng ：1048576

2026-08-21 12:56:39.682 INFO [pool-6-thread-6][:] - /****************流量统计******************/
LastReadBytes:0
LastReadThroughput:0
LastWrittenBytes:0
LastWriteThroughput:0
RealWrittenBytes:0
RealWriteThroughput:0
当前玩家的连接数量:0
当前地图的线程个数：9
当前地图的个数:48
当前数据库执行队列数:0
当前发送队列缓存的对象数量:0
totalMemory：680001536, use ：435745200, free ：244256336DirectMemory：1827143680, 恢复 ：1
当前时间 ：2026-08-21 12:56:39send keng：2418, sheng ：4194304
decode keng：26, sheng ：2097152
world keng：12, sheng ：1048576

2026-08-21 12:56:44.682 INFO [pool-6-thread-6][:] - /****************流量统计******************/
LastReadBytes:0
LastReadThroughput:0
LastWrittenBytes:0
LastWriteThroughput:0
RealWrittenBytes:0
RealWriteThroughput:0
当前玩家的连接数量:0
当前地图的线程个数：9
当前地图的个数:48
当前数据库执行队列数:0
当前发送队列缓存的对象数量:0
totalMemory：680001536, use ：439283728, free ：240717808DirectMemory：1827143680, 恢复 ：1
当前时间 ：2026-08-21 12:56:44send keng：2418, sheng ：4194304
decode keng：26, sheng ：2097152
world keng：12, sheng ：1048576

2026-08-21 12:56:49.682 INFO [pool-6-thread-5][:] - /****************流量统计******************/
LastReadBytes:0
LastReadThroughput:0
LastWrittenBytes:0
LastWriteThroughput:0
RealWrittenBytes:0
RealWriteThroughput:0
当前玩家的连接数量:0
当前地图的线程个数：9
当前地图的个数:48
当前数据库执行队列数:0
当前发送队列缓存的对象数量:0
totalMemory：680001536, use ：442913064, free ：237088472DirectMemory：1827143680, 恢复 ：1
当前时间 ：2026-08-21 12:56:49send keng：2418, sheng ：4194304
decode keng：26, sheng ：2097152
world keng：12, sheng ：1048576

2026-08-21 12:56:54.682 INFO [pool-6-thread-5][:] - /****************流量统计******************/
LastReadBytes:0
LastReadThroughput:0
LastWrittenBytes:0
LastWriteThroughput:0
RealWrittenBytes:0
RealWriteThroughput:0
当前玩家的连接数量:0
当前地图的线程个数：9
当前地图的个数:48
当前数据库执行队列数:0
当前发送队列缓存的对象数量:0
totalMemory：680001536, use ：446132424, free ：233869112DirectMemory：1827143680, 恢复 ：1
当前时间 ：2026-08-21 12:56:54send keng：2418, sheng ：4194304
decode keng：26, sheng ：2097152
world keng：12, sheng ：1048576

2026-08-21 12:56:59.682 INFO [pool-6-thread-8][:] - /****************流量统计******************/
LastReadBytes:0
LastReadThroughput:0
LastWrittenBytes:0
LastWriteThroughput:0
RealWrittenBytes:0
RealWriteThroughput:0
当前玩家的连接数量:0
当前地图的线程个数：9
当前地图的个数:48
当前数据库执行队列数:0
当前发送队列缓存的对象数量:0
totalMemory：680001536, use ：449900512, free ：230101024DirectMemory：1827143680, 恢复 ：1
当前时间 ：2026-08-21 12:56:59send keng：2418, sheng ：4194304
decode keng：26, sheng ：2097152
world keng：12, sheng ：1048576

2026-08-21 12:57:04.682 INFO [pool-6-thread-3][:] - /****************流量统计******************/
LastReadBytes:0
LastReadThroughput:0
LastWrittenBytes:0
LastWriteThroughput:0
RealWrittenBytes:0
RealWriteThroughput:0
当前玩家的连接数量:0
当前地图的线程个数：9
当前地图的个数:48
当前数据库执行队列数:0
当前发送队列缓存的对象数量:0
totalMemory：680001536, use ：453323128, free ：226678408DirectMemory：1827143680, 恢复 ：1
当前时间 ：2026-08-21 12:57:04send keng：2418, sheng ：4194304
decode keng：26, sheng ：2097152
world keng：12, sheng ：1048576

2026-08-21 12:57:09.683 INFO [pool-6-thread-3][:] - /****************流量统计******************/
LastReadBytes:0
LastReadThroughput:0
LastWrittenBytes:0
LastWriteThroughput:0
RealWrittenBytes:0
RealWriteThroughput:0
当前玩家的连接数量:0
当前地图的线程个数：9
当前地图的个数:48
当前数据库执行队列数:0
当前发送队列缓存的对象数量:0
totalMemory：680001536, use ：456820040, free ：223181496DirectMemory：1827143680, 恢复 ：1
当前时间 ：2026-08-21 12:57:09send keng：2418, sheng ：4194304
decode keng：26, sheng ：2097152
world keng：12, sheng ：1048576

2026-08-21 12:57:14.682 INFO [pool-6-thread-3][:] - /****************流量统计******************/
LastReadBytes:0
LastReadThroughput:0
LastWrittenBytes:0
LastWriteThroughput:0
RealWrittenBytes:0
RealWriteThroughput:0
当前玩家的连接数量:0
当前地图的线程个数：9
当前地图的个数:48
当前数据库执行队列数:0
当前发送队列缓存的对象数量:0
totalMemory：680001536, use ：460361760, free ：219639776DirectMemory：1827143680, 恢复 ：1
当前时间 ：2026-08-21 12:57:14send keng：2418, sheng ：4194304
decode keng：26, sheng ：2097152
world keng：12, sheng ：1048576

2026-08-21 12:57:19.682 INFO [pool-6-thread-4][:] - /****************流量统计******************/
LastReadBytes:0
LastReadThroughput:0
LastWrittenBytes:0
LastWriteThroughput:0
RealWrittenBytes:0
RealWriteThroughput:0
当前玩家的连接数量:0
当前地图的线程个数：9
当前地图的个数:48
当前数据库执行队列数:0
当前发送队列缓存的对象数量:0
totalMemory：680001536, use ：463836248, free ：216165288DirectMemory：1827143680, 恢复 ：1
当前时间 ：2026-08-21 12:57:19send keng：2418, sheng ：4194304
decode keng：26, sheng ：2097152
world keng：12, sheng ：1048576

2026-08-21 12:57:24.682 INFO [pool-6-thread-6][:] - /****************流量统计******************/
LastReadBytes:0
LastReadThroughput:0
LastWrittenBytes:0
LastWriteThroughput:0
RealWrittenBytes:0
RealWriteThroughput:0
当前玩家的连接数量:0
当前地图的线程个数：9
当前地图的个数:48
当前数据库执行队列数:0
当前发送队列缓存的对象数量:0
totalMemory：680001536, use ：467545144, free ：212456392DirectMemory：1827143680, 恢复 ：1
当前时间 ：2026-08-21 12:57:24send keng：2418, sheng ：4194304
decode keng：26, sheng ：2097152
world keng：12, sheng ：1048576

2026-08-21 12:57:29.682 INFO [pool-6-thread-2][:] - /****************流量统计******************/
LastReadBytes:0
LastReadThroughput:0
LastWrittenBytes:0
LastWriteThroughput:0
RealWrittenBytes:0
RealWriteThroughput:0
当前玩家的连接数量:0
当前地图的线程个数：9
当前地图的个数:48
当前数据库执行队列数:0
当前发送队列缓存的对象数量:0
totalMemory：680001536, use ：424238504, free ：255763032DirectMemory：1827143680, 恢复 ：1
当前时间 ：2026-08-21 12:57:29send keng：2418, sheng ：4194304
decode keng：26, sheng ：2097152
world keng：12, sheng ：1048576

2026-08-21 12:57:34.682 INFO [pool-6-thread-2][:] - /****************流量统计******************/
LastReadBytes:0
LastReadThroughput:0
LastWrittenBytes:0
LastWriteThroughput:0
RealWrittenBytes:0
RealWriteThroughput:0
当前玩家的连接数量:0
当前地图的线程个数：9
当前地图的个数:48
当前数据库执行队列数:0
当前发送队列缓存的对象数量:0
totalMemory：680001536, use ：427800936, free ：252200600DirectMemory：1827143680, 恢复 ：1
当前时间 ：2026-08-21 12:57:34send keng：2418, sheng ：4194304
decode keng：26, sheng ：2097152
world keng：12, sheng ：1048576

2026-08-21 12:57:39.682 INFO [pool-6-thread-1][:] - /****************流量统计******************/
LastReadBytes:0
LastReadThroughput:0
LastWrittenBytes:0
LastWriteThroughput:0
RealWrittenBytes:0
RealWriteThroughput:0
当前玩家的连接数量:0
当前地图的线程个数：9
当前地图的个数:48
当前数据库执行队列数:0
当前发送队列缓存的对象数量:0
totalMemory：680001536, use ：431202880, free ：248798656DirectMemory：1827143680, 恢复 ：1
当前时间 ：2026-08-21 12:57:39send keng：2418, sheng ：4194304
decode keng：26, sheng ：2097152
world keng：12, sheng ：1048576

2026-08-21 12:57:44.682 INFO [pool-6-thread-6][:] - /****************流量统计******************/
LastReadBytes:0
LastReadThroughput:0
LastWrittenBytes:0
LastWriteThroughput:0
RealWrittenBytes:0
RealWriteThroughput:0
当前玩家的连接数量:0
当前地图的线程个数：9
当前地图的个数:48
当前数据库执行队列数:0
当前发送队列缓存的对象数量:0
totalMemory：680001536, use ：434691208, free ：245310328DirectMemory：1827143680, 恢复 ：1
当前时间 ：2026-08-21 12:57:44send keng：2418, sheng ：4194304
decode keng：26, sheng ：2097152
world keng：12, sheng ：1048576

2026-08-21 12:57:49.682 INFO [pool-6-thread-7][:] - /****************流量统计******************/
LastReadBytes:0
LastReadThroughput:0
LastWrittenBytes:0
LastWriteThroughput:0
RealWrittenBytes:0
RealWriteThroughput:0
当前玩家的连接数量:0
当前地图的线程个数：9
当前地图的个数:48
当前数据库执行队列数:0
当前发送队列缓存的对象数量:0
totalMemory：680001536, use ：438451808, free ：241549728DirectMemory：1827143680, 恢复 ：1
当前时间 ：2026-08-21 12:57:49send keng：2418, sheng ：4194304
decode keng：26, sheng ：2097152
world keng：12, sheng ：1048576

2026-08-21 12:57:54.682 INFO [pool-6-thread-7][:] - /****************流量统计******************/
LastReadBytes:0
LastReadThroughput:0
LastWrittenBytes:0
LastWriteThroughput:0
RealWrittenBytes:0
RealWriteThroughput:0
当前玩家的连接数量:0
当前地图的线程个数：9
当前地图的个数:48
当前数据库执行队列数:0
当前发送队列缓存的对象数量:0
totalMemory：680001536, use ：441744512, free ：238257024DirectMemory：1827143680, 恢复 ：1
当前时间 ：2026-08-21 12:57:54send keng：2418, sheng ：4194304
decode keng：26, sheng ：2097152
world keng：12, sheng ：1048576

2026-08-21 12:57:59.682 INFO [pool-6-thread-7][:] - /****************流量统计******************/
LastReadBytes:0
LastReadThroughput:0
LastWrittenBytes:0
LastWriteThroughput:0
RealWrittenBytes:0
RealWriteThroughput:0
当前玩家的连接数量:0
当前地图的线程个数：9
当前地图的个数:48
当前数据库执行队列数:0
当前发送队列缓存的对象数量:0
totalMemory：680001536, use ：445379336, free ：234622200DirectMemory：1827143680, 恢复 ：1
当前时间 ：2026-08-21 12:57:59send keng：2418, sheng ：4194304
decode keng：26, sheng ：2097152
world keng：12, sheng ：1048576

2026-08-21 12:58:04.682 INFO [pool-6-thread-2][:] - /****************流量统计******************/
LastReadBytes:0
LastReadThroughput:0
LastWrittenBytes:0
LastWriteThroughput:0
RealWrittenBytes:0
RealWriteThroughput:0
当前玩家的连接数量:0
当前地图的线程个数：9
当前地图的个数:48
当前数据库执行队列数:0
当前发送队列缓存的对象数量:0
totalMemory：680001536, use ：448841416, free ：231160120DirectMemory：1827143680, 恢复 ：1
当前时间 ：2026-08-21 12:58:04send keng：2418, sheng ：4194304
decode keng：26, sheng ：2097152
world keng：12, sheng ：1048576

2026-08-21 12:58:09.682 INFO [pool-6-thread-6][:] - /****************流量统计******************/
LastReadBytes:0
LastReadThroughput:0
LastWrittenBytes:0
LastWriteThroughput:0
RealWrittenBytes:0
RealWriteThroughput:0
当前玩家的连接数量:0
当前地图的线程个数：9
当前地图的个数:48
当前数据库执行队列数:0
当前发送队列缓存的对象数量:0
totalMemory：680001536, use ：452272800, free ：227728736DirectMemory：1827143680, 恢复 ：1
当前时间 ：2026-08-21 12:58:09send keng：2418, sheng ：4194304
decode keng：26, sheng ：2097152
world keng：12, sheng ：1048576

2026-08-21 12:58:14.682 INFO [pool-6-thread-1][:] - /****************流量统计******************/
LastReadBytes:0
LastReadThroughput:0
LastWrittenBytes:0
LastWriteThroughput:0
RealWrittenBytes:0
RealWriteThroughput:0
当前玩家的连接数量:0
当前地图的线程个数：9
当前地图的个数:48
当前数据库执行队列数:0
当前发送队列缓存的对象数量:0
totalMemory：680001536, use ：455886568, free ：224114968DirectMemory：1827143680, 恢复 ：1
当前时间 ：2026-08-21 12:58:14send keng：2418, sheng ：4194304
decode keng：26, sheng ：2097152
world keng：12, sheng ：1048576

2026-08-21 12:58:19.682 INFO [pool-6-thread-2][:] - /****************流量统计******************/
LastReadBytes:0
LastReadThroughput:0
LastWrittenBytes:0
LastWriteThroughput:0
RealWrittenBytes:0
RealWriteThroughput:0
当前玩家的连接数量:0
当前地图的线程个数：9
当前地图的个数:48
当前数据库执行队列数:0
当前发送队列缓存的对象数量:0
totalMemory：680001536, use ：459390936, free ：220610600DirectMemory：1827143680, 恢复 ：1
当前时间 ：2026-08-21 12:58:19send keng：2418, sheng ：4194304
decode keng：26, sheng ：2097152
world keng：12, sheng ：1048576

2026-08-21 12:58:24.683 INFO [pool-6-thread-1][:] - /****************流量统计******************/
LastReadBytes:0
LastReadThroughput:0
LastWrittenBytes:0
LastWriteThroughput:0
RealWrittenBytes:0
RealWriteThroughput:0
当前玩家的连接数量:0
当前地图的线程个数：9
当前地图的个数:48
当前数据库执行队列数:0
当前发送队列缓存的对象数量:0
totalMemory：680001536, use ：462933424, free ：217068112DirectMemory：1827143680, 恢复 ：1
当前时间 ：2026-08-21 12:58:24send keng：2418, sheng ：4194304
decode keng：26, sheng ：2097152
world keng：12, sheng ：1048576

2026-08-21 12:58:29.682 INFO [pool-6-thread-7][:] - /****************流量统计******************/
LastReadBytes:0
LastReadThroughput:0
LastWrittenBytes:0
LastWriteThroughput:0
RealWrittenBytes:0
RealWriteThroughput:0
当前玩家的连接数量:0
当前地图的线程个数：9
当前地图的个数:48
当前数据库执行队列数:0
当前发送队列缓存的对象数量:0
totalMemory：680001536, use ：466554056, free ：213447480DirectMemory：1827143680, 恢复 ：1
当前时间 ：2026-08-21 12:58:29send keng：2418, sheng ：4194304
decode keng：26, sheng ：2097152
world keng：12, sheng ：1048576

2026-08-21 12:58:34.682 INFO [pool-6-thread-3][:] - /****************流量统计******************/
LastReadBytes:0
LastReadThroughput:0
LastWrittenBytes:0
LastWriteThroughput:0
RealWrittenBytes:0
RealWriteThroughput:0
当前玩家的连接数量:0
当前地图的线程个数：9
当前地图的个数:48
当前数据库执行队列数:0
当前发送队列缓存的对象数量:0
totalMemory：680001536, use ：423365144, free ：256636392DirectMemory：1827143680, 恢复 ：1
当前时间 ：2026-08-21 12:58:34send keng：2418, sheng ：4194304
decode keng：26, sheng ：2097152
world keng：12, sheng ：1048576

2026-08-21 12:58:39.682 INFO [pool-6-thread-3][:] - /****************流量统计******************/
LastReadBytes:0
LastReadThroughput:0
LastWrittenBytes:0
LastWriteThroughput:0
RealWrittenBytes:0
RealWriteThroughput:0
当前玩家的连接数量:0
当前地图的线程个数：9
当前地图的个数:48
当前数据库执行队列数:0
当前发送队列缓存的对象数量:0
totalMemory：680001536, use ：426480400, free ：253521136DirectMemory：1827143680, 恢复 ：1
当前时间 ：2026-08-21 12:58:39send keng：2418, sheng ：4194304
decode keng：26, sheng ：2097152
world keng：12, sheng ：1048576

2026-08-21 12:58:44.682 INFO [pool-6-thread-2][:] - /****************流量统计******************/
LastReadBytes:0
LastReadThroughput:0
LastWrittenBytes:0
LastWriteThroughput:0
RealWrittenBytes:0
RealWriteThroughput:0
当前玩家的连接数量:0
当前地图的线程个数：9
当前地图的个数:48
当前数据库执行队列数:0
当前发送队列缓存的对象数量:0
totalMemory：680001536, use ：430239080, free ：249762456DirectMemory：1827143680, 恢复 ：1
当前时间 ：2026-08-21 12:58:44send keng：2418, sheng ：4194304
decode keng：26, sheng ：2097152
world keng：12, sheng ：1048576

2026-08-21 12:58:49.682 INFO [pool-6-thread-9][:] - /****************流量统计******************/
LastReadBytes:0
LastReadThroughput:0
LastWrittenBytes:0
LastWriteThroughput:0
RealWrittenBytes:0
RealWriteThroughput:0
当前玩家的连接数量:0
当前地图的线程个数：9
当前地图的个数:48
当前数据库执行队列数:0
当前发送队列缓存的对象数量:0
totalMemory：680001536, use ：433917936, free ：246083600DirectMemory：1827143680, 恢复 ：1
当前时间 ：2026-08-21 12:58:49send keng：2418, sheng ：4194304
decode keng：26, sheng ：2097152
world keng：12, sheng ：1048576

2026-08-21 12:58:54.682 INFO [pool-6-thread-4][:] - /****************流量统计******************/
LastReadBytes:0
LastReadThroughput:0
LastWrittenBytes:0
LastWriteThroughput:0
RealWrittenBytes:0
RealWriteThroughput:0
当前玩家的连接数量:0
当前地图的线程个数：9
当前地图的个数:48
当前数据库执行队列数:0
当前发送队列缓存的对象数量:0
totalMemory：680001536, use ：437274944, free ：242726592DirectMemory：1827143680, 恢复 ：1
当前时间 ：2026-08-21 12:58:54send keng：2418, sheng ：4194304
decode keng：26, sheng ：2097152
world keng：12, sheng ：1048576

2026-08-21 12:58:59.682 INFO [pool-6-thread-9][:] - /****************流量统计******************/
LastReadBytes:0
LastReadThroughput:0
LastWrittenBytes:0
LastWriteThroughput:0
RealWrittenBytes:0
RealWriteThroughput:0
当前玩家的连接数量:0
当前地图的线程个数：9
当前地图的个数:48
当前数据库执行队列数:0
当前发送队列缓存的对象数量:0
totalMemory：680001536, use ：440742976, free ：239258560DirectMemory：1827143680, 恢复 ：1
当前时间 ：2026-08-21 12:58:59send keng：2418, sheng ：4194304
decode keng：26, sheng ：2097152
world keng：12, sheng ：1048576

2026-08-21 12:59:04.683 INFO [pool-6-thread-1][:] - /****************流量统计******************/
LastReadBytes:0
LastReadThroughput:0
LastWrittenBytes:0
LastWriteThroughput:0
RealWrittenBytes:0
RealWriteThroughput:0
当前玩家的连接数量:0
当前地图的线程个数：9
当前地图的个数:48
当前数据库执行队列数:0
当前发送队列缓存的对象数量:0
totalMemory：680001536, use ：444154520, free ：235847016DirectMemory：1827143680, 恢复 ：1
当前时间 ：2026-08-21 12:59:04send keng：2418, sheng ：4194304
decode keng：26, sheng ：2097152
world keng：12, sheng ：1048576

2026-08-21 12:59:09.682 INFO [pool-6-thread-3][:] - /****************流量统计******************/
LastReadBytes:0
LastReadThroughput:0
LastWrittenBytes:0
LastWriteThroughput:0
RealWrittenBytes:0
RealWriteThroughput:0
当前玩家的连接数量:0
当前地图的线程个数：9
当前地图的个数:48
当前数据库执行队列数:0
当前发送队列缓存的对象数量:0
totalMemory：680001536, use ：447829856, free ：232171680DirectMemory：1827143680, 恢复 ：1
当前时间 ：2026-08-21 12:59:09send keng：2418, sheng ：4194304
decode keng：26, sheng ：2097152
world keng：12, sheng ：1048576

2026-08-21 12:59:14.682 INFO [pool-6-thread-6][:] - /****************流量统计******************/
LastReadBytes:0
LastReadThroughput:0
LastWrittenBytes:0
LastWriteThroughput:0
RealWrittenBytes:0
RealWriteThroughput:0
当前玩家的连接数量:0
当前地图的线程个数：9
当前地图的个数:48
当前数据库执行队列数:0
当前发送队列缓存的对象数量:0
totalMemory：680001536, use ：451204536, free ：228797000DirectMemory：1827143680, 恢复 ：1
当前时间 ：2026-08-21 12:59:14send keng：2418, sheng ：4194304
decode keng：26, sheng ：2097152
world keng：12, sheng ：1048576

2026-08-21 12:59:19.682 INFO [pool-6-thread-3][:] - /****************流量统计******************/
LastReadBytes:0
LastReadThroughput:0
LastWrittenBytes:0
LastWriteThroughput:0
RealWrittenBytes:0
RealWriteThroughput:0
当前玩家的连接数量:0
当前地图的线程个数：9
当前地图的个数:48
当前数据库执行队列数:0
当前发送队列缓存的对象数量:0
totalMemory：680001536, use ：454827992, free ：225173544DirectMemory：1827143680, 恢复 ：1
当前时间 ：2026-08-21 12:59:19send keng：2418, sheng ：4194304
decode keng：26, sheng ：2097152
world keng：12, sheng ：1048576

2026-08-21 12:59:24.682 INFO [pool-6-thread-8][:] - /****************流量统计******************/
LastReadBytes:0
LastReadThroughput:0
LastWrittenBytes:0
LastWriteThroughput:0
RealWrittenBytes:0
RealWriteThroughput:0
当前玩家的连接数量:0
当前地图的线程个数：9
当前地图的个数:48
当前数据库执行队列数:0
当前发送队列缓存的对象数量:0
totalMemory：680001536, use ：457986624, free ：222014912DirectMemory：1827143680, 恢复 ：1
当前时间 ：2026-08-21 12:59:24send keng：2418, sheng ：4194304
decode keng：26, sheng ：2097152
world keng：12, sheng ：1048576

2026-08-21 12:59:29.682 INFO [pool-6-thread-8][:] - /****************流量统计******************/
LastReadBytes:0
LastReadThroughput:0
LastWrittenBytes:0
LastWriteThroughput:0
RealWrittenBytes:0
RealWriteThroughput:0
当前玩家的连接数量:0
当前地图的线程个数：9
当前地图的个数:48
当前数据库执行队列数:0
当前发送队列缓存的对象数量:0
totalMemory：680001536, use ：461733176, free ：218268360DirectMemory：1827143680, 恢复 ：1
当前时间 ：2026-08-21 12:59:29send keng：2418, sheng ：4194304
decode keng：26, sheng ：2097152
world keng：12, sheng ：1048576

2026-08-21 12:59:34.682 INFO [pool-6-thread-3][:] - /****************流量统计******************/
LastReadBytes:0
LastReadThroughput:0
LastWrittenBytes:0
LastWriteThroughput:0
RealWrittenBytes:0
RealWriteThroughput:0
当前玩家的连接数量:0
当前地图的线程个数：9
当前地图的个数:48
当前数据库执行队列数:0
当前发送队列缓存的对象数量:0
totalMemory：680001536, use ：465186480, free ：214815056DirectMemory：1827143680, 恢复 ：1
当前时间 ：2026-08-21 12:59:34send keng：2418, sheng ：4194304
decode keng：26, sheng ：2097152
world keng：12, sheng ：1048576

2026-08-21 12:59:39.682 INFO [pool-6-thread-3][:] - /****************流量统计******************/
LastReadBytes:0
LastReadThroughput:0
LastWrittenBytes:0
LastWriteThroughput:0
RealWrittenBytes:0
RealWriteThroughput:0
当前玩家的连接数量:0
当前地图的线程个数：9
当前地图的个数:48
当前数据库执行队列数:0
当前发送队列缓存的对象数量:0
totalMemory：680001536, use ：468728408, free ：211273128DirectMemory：1827143680, 恢复 ：1
当前时间 ：2026-08-21 12:59:39send keng：2418, sheng ：4194304
decode keng：26, sheng ：2097152
world keng：12, sheng ：1048576

2026-08-21 12:59:44.682 INFO [pool-6-thread-4][:] - /****************流量统计******************/
LastReadBytes:0
LastReadThroughput:0
LastWrittenBytes:0
LastWriteThroughput:0
RealWrittenBytes:0
RealWriteThroughput:0
当前玩家的连接数量:0
当前地图的线程个数：9
当前地图的个数:48
当前数据库执行队列数:0
当前发送队列缓存的对象数量:0
totalMemory：680001536, use ：425513272, free ：254488264DirectMemory：1827143680, 恢复 ：1
当前时间 ：2026-08-21 12:59:44send keng：2418, sheng ：4194304
decode keng：26, sheng ：2097152
world keng：12, sheng ：1048576

2026-08-21 12:59:49.682 INFO [pool-6-thread-4][:] - /****************流量统计******************/
LastReadBytes:0
LastReadThroughput:0
LastWrittenBytes:0
LastWriteThroughput:0
RealWrittenBytes:0
RealWriteThroughput:0
当前玩家的连接数量:0
当前地图的线程个数：9
当前地图的个数:48
当前数据库执行队列数:0
当前发送队列缓存的对象数量:0
totalMemory：680001536, use ：428802200, free ：251199336DirectMemory：1827143680, 恢复 ：1
当前时间 ：2026-08-21 12:59:49send keng：2418, sheng ：4194304
decode keng：26, sheng ：2097152
world keng：12, sheng ：1048576

2026-08-21 12:59:54.683 INFO [pool-6-thread-8][:] - /****************流量统计******************/
LastReadBytes:0
LastReadThroughput:0
LastWrittenBytes:0
LastWriteThroughput:0
RealWrittenBytes:0
RealWriteThroughput:0
当前玩家的连接数量:0
当前地图的线程个数：9
当前地图的个数:48
当前数据库执行队列数:0
当前发送队列缓存的对象数量:0
totalMemory：680001536, use ：432324392, free ：247677144DirectMemory：1827143680, 恢复 ：1
当前时间 ：2026-08-21 12:59:54send keng：2418, sheng ：4194304
decode keng：26, sheng ：2097152
world keng：12, sheng ：1048576

2026-08-21 12:59:59.683 INFO [pool-6-thread-10][:] - /****************流量统计******************/
LastReadBytes:0
LastReadThroughput:0
LastWrittenBytes:0
LastWriteThroughput:0
RealWrittenBytes:0
RealWriteThroughput:0
当前玩家的连接数量:0
当前地图的线程个数：9
当前地图的个数:48
当前数据库执行队列数:0
当前发送队列缓存的对象数量:0
totalMemory：680001536, use ：435816928, free ：244184608DirectMemory：1827143680, 恢复 ：1
当前时间 ：2026-08-21 12:59:59send keng：2418, sheng ：4194304
decode keng：26, sheng ：2097152
world keng：12, sheng ：1048576

