2026-08-20 19:00:04.682 INFO [pool-6-thread-3][:] - /****************流量统计******************/
LastReadBytes:0
LastReadThroughput:0
LastWrittenBytes:0
LastWriteThroughput:0
RealWrittenBytes:0
RealWriteThroughput:0
当前玩家的连接数量:0
当前地图的线程个数：9
当前地图的个数:47
当前数据库执行队列数:0
当前发送队列缓存的对象数量:0
totalMemory：767557632, use ：427135056, free ：340422576DirectMemory：1827143680, 恢复 ：1
当前时间 ：2026-08-20 19:00:04send keng：2418, sheng ：4194304
decode keng：26, sheng ：2097152
world keng：12, sheng ：1048576

2026-08-20 19:00:09.682 INFO [pool-6-thread-6][:] - /****************流量统计******************/
LastReadBytes:0
LastReadThroughput:0
LastWrittenBytes:0
LastWriteThroughput:0
RealWrittenBytes:0
RealWriteThroughput:0
当前玩家的连接数量:0
当前地图的线程个数：9
当前地图的个数:47
当前数据库执行队列数:0
当前发送队列缓存的对象数量:0
totalMemory：767557632, use ：430633440, free ：336924192DirectMemory：1827143680, 恢复 ：1
当前时间 ：2026-08-20 19:00:09send keng：2418, sheng ：4194304
decode keng：26, sheng ：2097152
world keng：12, sheng ：1048576

2026-08-20 19:00:14.682 INFO [pool-6-thread-8][:] - /****************流量统计******************/
LastReadBytes:0
LastReadThroughput:0
LastWrittenBytes:0
LastWriteThroughput:0
RealWrittenBytes:0
RealWriteThroughput:0
当前玩家的连接数量:0
当前地图的线程个数：9
当前地图的个数:47
当前数据库执行队列数:0
当前发送队列缓存的对象数量:0
totalMemory：767557632, use ：433981384, free ：333576248DirectMemory：1827143680, 恢复 ：1
当前时间 ：2026-08-20 19:00:14send keng：2418, sheng ：4194304
decode keng：26, sheng ：2097152
world keng：12, sheng ：1048576

2026-08-20 19:00:19.682 INFO [pool-6-thread-7][:] - /****************流量统计******************/
LastReadBytes:0
LastReadThroughput:0
LastWrittenBytes:0
LastWriteThroughput:0
RealWrittenBytes:0
RealWriteThroughput:0
当前玩家的连接数量:0
当前地图的线程个数：9
当前地图的个数:47
当前数据库执行队列数:0
当前发送队列缓存的对象数量:0
totalMemory：767557632, use ：437204696, free ：330352936DirectMemory：1827143680, 恢复 ：1
当前时间 ：2026-08-20 19:00:19send keng：2418, sheng ：4194304
decode keng：26, sheng ：2097152
world keng：12, sheng ：1048576

2026-08-20 19:00:24.683 INFO [pool-6-thread-4][:] - /****************流量统计******************/
LastReadBytes:0
LastReadThroughput:0
LastWrittenBytes:0
LastWriteThroughput:0
RealWrittenBytes:0
RealWriteThroughput:0
当前玩家的连接数量:0
当前地图的线程个数：9
当前地图的个数:47
当前数据库执行队列数:0
当前发送队列缓存的对象数量:0
totalMemory：767557632, use ：441108000, free ：326449632DirectMemory：1827143680, 恢复 ：1
当前时间 ：2026-08-20 19:00:24send keng：2418, sheng ：4194304
decode keng：26, sheng ：2097152
world keng：12, sheng ：1048576

2026-08-20 19:00:29.683 INFO [pool-6-thread-2][:] - /****************流量统计******************/
LastReadBytes:0
LastReadThroughput:0
LastWrittenBytes:0
LastWriteThroughput:0
RealWrittenBytes:0
RealWriteThroughput:0
当前玩家的连接数量:0
当前地图的线程个数：9
当前地图的个数:47
当前数据库执行队列数:0
当前发送队列缓存的对象数量:0
totalMemory：767557632, use ：443959592, free ：323598040DirectMemory：1827143680, 恢复 ：1
当前时间 ：2026-08-20 19:00:29send keng：2418, sheng ：4194304
decode keng：26, sheng ：2097152
world keng：12, sheng ：1048576

2026-08-20 19:00:34.682 INFO [pool-6-thread-10][:] - /****************流量统计******************/
LastReadBytes:0
LastReadThroughput:0
LastWrittenBytes:0
LastWriteThroughput:0
RealWrittenBytes:0
RealWriteThroughput:0
当前玩家的连接数量:0
当前地图的线程个数：9
当前地图的个数:47
当前数据库执行队列数:0
当前发送队列缓存的对象数量:0
totalMemory：767557632, use ：446967616, free ：320590016DirectMemory：1827143680, 恢复 ：1
当前时间 ：2026-08-20 19:00:34send keng：2418, sheng ：4194304
decode keng：26, sheng ：2097152
world keng：12, sheng ：1048576

2026-08-20 19:00:39.682 INFO [pool-6-thread-7][:] - /****************流量统计******************/
LastReadBytes:0
LastReadThroughput:0
LastWrittenBytes:0
LastWriteThroughput:0
RealWrittenBytes:0
RealWriteThroughput:0
当前玩家的连接数量:0
当前地图的线程个数：9
当前地图的个数:47
当前数据库执行队列数:0
当前发送队列缓存的对象数量:0
totalMemory：767557632, use ：450598736, free ：316958896DirectMemory：1827143680, 恢复 ：1
当前时间 ：2026-08-20 19:00:39send keng：2418, sheng ：4194304
decode keng：26, sheng ：2097152
world keng：12, sheng ：1048576

2026-08-20 19:00:44.682 INFO [pool-6-thread-6][:] - /****************流量统计******************/
LastReadBytes:0
LastReadThroughput:0
LastWrittenBytes:0
LastWriteThroughput:0
RealWrittenBytes:0
RealWriteThroughput:0
当前玩家的连接数量:0
当前地图的线程个数：9
当前地图的个数:47
当前数据库执行队列数:0
当前发送队列缓存的对象数量:0
totalMemory：767557632, use ：454059208, free ：313498424DirectMemory：1827143680, 恢复 ：1
当前时间 ：2026-08-20 19:00:44send keng：2418, sheng ：4194304
decode keng：26, sheng ：2097152
world keng：12, sheng ：1048576

2026-08-20 19:00:49.682 INFO [pool-6-thread-9][:] - /****************流量统计******************/
LastReadBytes:0
LastReadThroughput:0
LastWrittenBytes:0
LastWriteThroughput:0
RealWrittenBytes:0
RealWriteThroughput:0
当前玩家的连接数量:0
当前地图的线程个数：9
当前地图的个数:47
当前数据库执行队列数:0
当前发送队列缓存的对象数量:0
totalMemory：767557632, use ：457439424, free ：310118208DirectMemory：1827143680, 恢复 ：1
当前时间 ：2026-08-20 19:00:49send keng：2418, sheng ：4194304
decode keng：26, sheng ：2097152
world keng：12, sheng ：1048576

2026-08-20 19:00:54.682 INFO [pool-6-thread-8][:] - /****************流量统计******************/
LastReadBytes:0
LastReadThroughput:0
LastWrittenBytes:0
LastWriteThroughput:0
RealWrittenBytes:0
RealWriteThroughput:0
当前玩家的连接数量:0
当前地图的线程个数：9
当前地图的个数:47
当前数据库执行队列数:0
当前发送队列缓存的对象数量:0
totalMemory：767557632, use ：460474352, free ：307083280DirectMemory：1827143680, 恢复 ：1
当前时间 ：2026-08-20 19:00:54send keng：2418, sheng ：4194304
decode keng：26, sheng ：2097152
world keng：12, sheng ：1048576

2026-08-20 19:00:59.682 INFO [pool-6-thread-8][:] - /****************流量统计******************/
LastReadBytes:0
LastReadThroughput:0
LastWrittenBytes:0
LastWriteThroughput:0
RealWrittenBytes:0
RealWriteThroughput:0
当前玩家的连接数量:0
当前地图的线程个数：9
当前地图的个数:47
当前数据库执行队列数:0
当前发送队列缓存的对象数量:0
totalMemory：767557632, use ：464698544, free ：302859088DirectMemory：1827143680, 恢复 ：1
当前时间 ：2026-08-20 19:00:59send keng：2418, sheng ：4194304
decode keng：26, sheng ：2097152
world keng：12, sheng ：1048576

2026-08-20 19:01:04.682 INFO [pool-6-thread-9][:] - /****************流量统计******************/
LastReadBytes:0
LastReadThroughput:0
LastWrittenBytes:0
LastWriteThroughput:0
RealWrittenBytes:0
RealWriteThroughput:0
当前玩家的连接数量:0
当前地图的线程个数：9
当前地图的个数:47
当前数据库执行队列数:0
当前发送队列缓存的对象数量:0
totalMemory：767557632, use ：468159712, free ：299397920DirectMemory：1827143680, 恢复 ：1
当前时间 ：2026-08-20 19:01:04send keng：2418, sheng ：4194304
decode keng：26, sheng ：2097152
world keng：12, sheng ：1048576

2026-08-20 19:01:09.682 INFO [pool-6-thread-9][:] - /****************流量统计******************/
LastReadBytes:0
LastReadThroughput:0
LastWrittenBytes:0
LastWriteThroughput:0
RealWrittenBytes:0
RealWriteThroughput:0
当前玩家的连接数量:0
当前地图的线程个数：9
当前地图的个数:47
当前数据库执行队列数:0
当前发送队列缓存的对象数量:0
totalMemory：767557632, use ：471353824, free ：296203808DirectMemory：1827143680, 恢复 ：1
当前时间 ：2026-08-20 19:01:09send keng：2418, sheng ：4194304
decode keng：26, sheng ：2097152
world keng：12, sheng ：1048576

2026-08-20 19:01:14.722 INFO [pool-6-thread-10][:] - /****************流量统计******************/
LastReadBytes:0
LastReadThroughput:0
LastWrittenBytes:0
LastWriteThroughput:0
RealWrittenBytes:0
RealWriteThroughput:0
当前玩家的连接数量:0
当前地图的线程个数：9
当前地图的个数:47
当前数据库执行队列数:0
当前发送队列缓存的对象数量:0
totalMemory：767557632, use ：475622624, free ：291935008DirectMemory：1827143680, 恢复 ：1
当前时间 ：2026-08-20 19:01:14send keng：2418, sheng ：4194304
decode keng：26, sheng ：2097152
world keng：12, sheng ：1048576

2026-08-20 19:01:19.682 INFO [pool-6-thread-2][:] - /****************流量统计******************/
LastReadBytes:0
LastReadThroughput:0
LastWrittenBytes:0
LastWriteThroughput:0
RealWrittenBytes:0
RealWriteThroughput:0
当前玩家的连接数量:0
当前地图的线程个数：9
当前地图的个数:47
当前数据库执行队列数:0
当前发送队列缓存的对象数量:0
totalMemory：767557632, use ：478827272, free ：288730360DirectMemory：1827143680, 恢复 ：1
当前时间 ：2026-08-20 19:01:19send keng：2418, sheng ：4194304
decode keng：26, sheng ：2097152
world keng：12, sheng ：1048576

2026-08-20 19:01:24.683 INFO [pool-6-thread-2][:] - /****************流量统计******************/
LastReadBytes:0
LastReadThroughput:0
LastWrittenBytes:0
LastWriteThroughput:0
RealWrittenBytes:0
RealWriteThroughput:0
当前玩家的连接数量:0
当前地图的线程个数：9
当前地图的个数:47
当前数据库执行队列数:0
当前发送队列缓存的对象数量:0
totalMemory：767557632, use ：482175384, free ：285382248DirectMemory：1827143680, 恢复 ：1
当前时间 ：2026-08-20 19:01:24send keng：2418, sheng ：4194304
decode keng：26, sheng ：2097152
world keng：12, sheng ：1048576

2026-08-20 19:01:29.682 INFO [pool-6-thread-9][:] - /****************流量统计******************/
LastReadBytes:0
LastReadThroughput:0
LastWrittenBytes:0
LastWriteThroughput:0
RealWrittenBytes:0
RealWriteThroughput:0
当前玩家的连接数量:0
当前地图的线程个数：9
当前地图的个数:47
当前数据库执行队列数:0
当前发送队列缓存的对象数量:0
totalMemory：767557632, use ：485523792, free ：282033840DirectMemory：1827143680, 恢复 ：1
当前时间 ：2026-08-20 19:01:29send keng：2418, sheng ：4194304
decode keng：26, sheng ：2097152
world keng：12, sheng ：1048576

2026-08-20 19:01:34.682 INFO [pool-6-thread-9][:] - /****************流量统计******************/
LastReadBytes:0
LastReadThroughput:0
LastWrittenBytes:0
LastWriteThroughput:0
RealWrittenBytes:0
RealWriteThroughput:0
当前玩家的连接数量:0
当前地图的线程个数：9
当前地图的个数:47
当前数据库执行队列数:0
当前发送队列缓存的对象数量:0
totalMemory：767557632, use ：489413648, free ：278143984DirectMemory：1827143680, 恢复 ：1
当前时间 ：2026-08-20 19:01:34send keng：2418, sheng ：4194304
decode keng：26, sheng ：2097152
world keng：12, sheng ：1048576

2026-08-20 19:01:39.682 INFO [pool-6-thread-1][:] - /****************流量统计******************/
LastReadBytes:0
LastReadThroughput:0
LastWrittenBytes:0
LastWriteThroughput:0
RealWrittenBytes:0
RealWriteThroughput:0
当前玩家的连接数量:0
当前地图的线程个数：9
当前地图的个数:47
当前数据库执行队列数:0
当前发送队列缓存的对象数量:0
totalMemory：767557632, use ：492984272, free ：274573360DirectMemory：1827143680, 恢复 ：1
当前时间 ：2026-08-20 19:01:39send keng：2418, sheng ：4194304
decode keng：26, sheng ：2097152
world keng：12, sheng ：1048576

2026-08-20 19:01:44.682 INFO [pool-6-thread-5][:] - /****************流量统计******************/
LastReadBytes:0
LastReadThroughput:0
LastWrittenBytes:0
LastWriteThroughput:0
RealWrittenBytes:0
RealWriteThroughput:0
当前玩家的连接数量:0
当前地图的线程个数：9
当前地图的个数:47
当前数据库执行队列数:0
当前发送队列缓存的对象数量:0
totalMemory：767557632, use ：496236528, free ：271321104DirectMemory：1827143680, 恢复 ：1
当前时间 ：2026-08-20 19:01:44send keng：2418, sheng ：4194304
decode keng：26, sheng ：2097152
world keng：12, sheng ：1048576

2026-08-20 19:01:49.682 INFO [pool-6-thread-5][:] - /****************流量统计******************/
LastReadBytes:0
LastReadThroughput:0
LastWrittenBytes:0
LastWriteThroughput:0
RealWrittenBytes:0
RealWriteThroughput:0
当前玩家的连接数量:0
当前地图的线程个数：9
当前地图的个数:47
当前数据库执行队列数:0
当前发送队列缓存的对象数量:0
totalMemory：767557632, use ：500183712, free ：267373920DirectMemory：1827143680, 恢复 ：1
当前时间 ：2026-08-20 19:01:49send keng：2418, sheng ：4194304
decode keng：26, sheng ：2097152
world keng：12, sheng ：1048576

2026-08-20 19:01:54.682 INFO [pool-6-thread-4][:] - /****************流量统计******************/
LastReadBytes:0
LastReadThroughput:0
LastWrittenBytes:0
LastWriteThroughput:0
RealWrittenBytes:0
RealWriteThroughput:0
当前玩家的连接数量:0
当前地图的线程个数：9
当前地图的个数:47
当前数据库执行队列数:0
当前发送队列缓存的对象数量:0
totalMemory：767557632, use ：503086312, free ：264471320DirectMemory：1827143680, 恢复 ：1
当前时间 ：2026-08-20 19:01:54send keng：2418, sheng ：4194304
decode keng：26, sheng ：2097152
world keng：12, sheng ：1048576

2026-08-20 19:01:59.682 INFO [pool-6-thread-6][:] - /****************流量统计******************/
LastReadBytes:0
LastReadThroughput:0
LastWrittenBytes:0
LastWriteThroughput:0
RealWrittenBytes:0
RealWriteThroughput:0
当前玩家的连接数量:0
当前地图的线程个数：9
当前地图的个数:47
当前数据库执行队列数:0
当前发送队列缓存的对象数量:0
totalMemory：767557632, use ：506442304, free ：261115328DirectMemory：1827143680, 恢复 ：1
当前时间 ：2026-08-20 19:01:59send keng：2418, sheng ：4194304
decode keng：26, sheng ：2097152
world keng：12, sheng ：1048576

2026-08-20 19:02:04.693 INFO [pool-6-thread-3][:] - /****************流量统计******************/
LastReadBytes:0
LastReadThroughput:0
LastWrittenBytes:0
LastWriteThroughput:0
RealWrittenBytes:0
RealWriteThroughput:0
当前玩家的连接数量:0
当前地图的线程个数：9
当前地图的个数:47
当前数据库执行队列数:0
当前发送队列缓存的对象数量:0
totalMemory：767557632, use ：510537680, free ：257019952DirectMemory：1827143680, 恢复 ：1
当前时间 ：2026-08-20 19:02:04send keng：2418, sheng ：4194304
decode keng：26, sheng ：2097152
world keng：12, sheng ：1048576

2026-08-20 19:02:09.682 INFO [pool-6-thread-5][:] - /****************流量统计******************/
LastReadBytes:0
LastReadThroughput:0
LastWrittenBytes:0
LastWriteThroughput:0
RealWrittenBytes:0
RealWriteThroughput:0
当前玩家的连接数量:0
当前地图的线程个数：9
当前地图的个数:47
当前数据库执行队列数:0
当前发送队列缓存的对象数量:0
totalMemory：767557632, use ：513110912, free ：254446720DirectMemory：1827143680, 恢复 ：1
当前时间 ：2026-08-20 19:02:09send keng：2418, sheng ：4194304
decode keng：26, sheng ：2097152
world keng：12, sheng ：1048576

2026-08-20 19:02:14.682 INFO [pool-6-thread-8][:] - /****************流量统计******************/
LastReadBytes:0
LastReadThroughput:0
LastWrittenBytes:0
LastWriteThroughput:0
RealWrittenBytes:0
RealWriteThroughput:0
当前玩家的连接数量:0
当前地图的线程个数：9
当前地图的个数:47
当前数据库执行队列数:0
当前发送队列缓存的对象数量:0
totalMemory：767557632, use ：517022968, free ：250534664DirectMemory：1827143680, 恢复 ：1
当前时间 ：2026-08-20 19:02:14send keng：2418, sheng ：4194304
decode keng：26, sheng ：2097152
world keng：12, sheng ：1048576

2026-08-20 19:02:19.682 INFO [pool-6-thread-7][:] - /****************流量统计******************/
LastReadBytes:0
LastReadThroughput:0
LastWrittenBytes:0
LastWriteThroughput:0
RealWrittenBytes:0
RealWriteThroughput:0
当前玩家的连接数量:0
当前地图的线程个数：9
当前地图的个数:47
当前数据库执行队列数:0
当前发送队列缓存的对象数量:0
totalMemory：767557632, use ：520757744, free ：246799888DirectMemory：1827143680, 恢复 ：1
当前时间 ：2026-08-20 19:02:19send keng：2418, sheng ：4194304
decode keng：26, sheng ：2097152
world keng：12, sheng ：1048576

2026-08-20 19:02:24.682 INFO [pool-6-thread-8][:] - /****************流量统计******************/
LastReadBytes:0
LastReadThroughput:0
LastWrittenBytes:0
LastWriteThroughput:0
RealWrittenBytes:0
RealWriteThroughput:0
当前玩家的连接数量:0
当前地图的线程个数：9
当前地图的个数:47
当前数据库执行队列数:0
当前发送队列缓存的对象数量:0
totalMemory：767557632, use ：524422560, free ：243135072DirectMemory：1827143680, 恢复 ：1
当前时间 ：2026-08-20 19:02:24send keng：2418, sheng ：4194304
decode keng：26, sheng ：2097152
world keng：12, sheng ：1048576

2026-08-20 19:02:29.682 INFO [pool-6-thread-6][:] - /****************流量统计******************/
LastReadBytes:0
LastReadThroughput:0
LastWrittenBytes:0
LastWriteThroughput:0
RealWrittenBytes:0
RealWriteThroughput:0
当前玩家的连接数量:0
当前地图的线程个数：9
当前地图的个数:47
当前数据库执行队列数:0
当前发送队列缓存的对象数量:0
totalMemory：767557632, use ：527662968, free ：239894664DirectMemory：1827143680, 恢复 ：1
当前时间 ：2026-08-20 19:02:29send keng：2418, sheng ：4194304
decode keng：26, sheng ：2097152
world keng：12, sheng ：1048576

2026-08-20 19:02:34.682 INFO [pool-6-thread-4][:] - /****************流量统计******************/
LastReadBytes:0
LastReadThroughput:0
LastWrittenBytes:0
LastWriteThroughput:0
RealWrittenBytes:0
RealWriteThroughput:0
当前玩家的连接数量:0
当前地图的线程个数：9
当前地图的个数:47
当前数据库执行队列数:0
当前发送队列缓存的对象数量:0
totalMemory：767557632, use ：531107528, free ：236450104DirectMemory：1827143680, 恢复 ：1
当前时间 ：2026-08-20 19:02:34send keng：2418, sheng ：4194304
decode keng：26, sheng ：2097152
world keng：12, sheng ：1048576

2026-08-20 19:02:39.682 INFO [pool-6-thread-3][:] - /****************流量统计******************/
LastReadBytes:0
LastReadThroughput:0
LastWrittenBytes:0
LastWriteThroughput:0
RealWrittenBytes:0
RealWriteThroughput:0
当前玩家的连接数量:0
当前地图的线程个数：9
当前地图的个数:47
当前数据库执行队列数:0
当前发送队列缓存的对象数量:0
totalMemory：767557632, use ：534489512, free ：233068120DirectMemory：1827143680, 恢复 ：1
当前时间 ：2026-08-20 19:02:39send keng：2418, sheng ：4194304
decode keng：26, sheng ：2097152
world keng：12, sheng ：1048576

2026-08-20 19:02:44.682 INFO [pool-6-thread-4][:] - /****************流量统计******************/
LastReadBytes:0
LastReadThroughput:0
LastWrittenBytes:0
LastWriteThroughput:0
RealWrittenBytes:0
RealWriteThroughput:0
当前玩家的连接数量:0
当前地图的线程个数：9
当前地图的个数:47
当前数据库执行队列数:0
当前发送队列缓存的对象数量:0
totalMemory：767557632, use ：538104368, free ：229453264DirectMemory：1827143680, 恢复 ：1
当前时间 ：2026-08-20 19:02:44send keng：2418, sheng ：4194304
decode keng：26, sheng ：2097152
world keng：12, sheng ：1048576

2026-08-20 19:02:49.682 INFO [pool-6-thread-5][:] - /****************流量统计******************/
LastReadBytes:0
LastReadThroughput:0
LastWrittenBytes:0
LastWriteThroughput:0
RealWrittenBytes:0
RealWriteThroughput:0
当前玩家的连接数量:0
当前地图的线程个数：9
当前地图的个数:47
当前数据库执行队列数:0
当前发送队列缓存的对象数量:0
totalMemory：767557632, use ：541385592, free ：226172040DirectMemory：1827143680, 恢复 ：1
当前时间 ：2026-08-20 19:02:49send keng：2418, sheng ：4194304
decode keng：26, sheng ：2097152
world keng：12, sheng ：1048576

2026-08-20 19:02:54.682 INFO [pool-6-thread-9][:] - /****************流量统计******************/
LastReadBytes:0
LastReadThroughput:0
LastWrittenBytes:0
LastWriteThroughput:0
RealWrittenBytes:0
RealWriteThroughput:0
当前玩家的连接数量:0
当前地图的线程个数：9
当前地图的个数:47
当前数据库执行队列数:0
当前发送队列缓存的对象数量:0
totalMemory：767557632, use ：545720872, free ：221836760DirectMemory：1827143680, 恢复 ：1
当前时间 ：2026-08-20 19:02:54send keng：2418, sheng ：4194304
decode keng：26, sheng ：2097152
world keng：12, sheng ：1048576

2026-08-20 19:02:59.682 INFO [pool-6-thread-10][:] - /****************流量统计******************/
LastReadBytes:0
LastReadThroughput:0
LastWrittenBytes:0
LastWriteThroughput:0
RealWrittenBytes:0
RealWriteThroughput:0
当前玩家的连接数量:0
当前地图的线程个数：9
当前地图的个数:47
当前数据库执行队列数:0
当前发送队列缓存的对象数量:0
totalMemory：767557632, use ：548552296, free ：219005336DirectMemory：1827143680, 恢复 ：1
当前时间 ：2026-08-20 19:02:59send keng：2418, sheng ：4194304
decode keng：26, sheng ：2097152
world keng：12, sheng ：1048576

2026-08-20 19:03:04.682 INFO [pool-6-thread-9][:] - /****************流量统计******************/
LastReadBytes:0
LastReadThroughput:0
LastWrittenBytes:0
LastWriteThroughput:0
RealWrittenBytes:0
RealWriteThroughput:0
当前玩家的连接数量:0
当前地图的线程个数：9
当前地图的个数:47
当前数据库执行队列数:0
当前发送队列缓存的对象数量:0
totalMemory：767557632, use ：551720208, free ：215837424DirectMemory：1827143680, 恢复 ：1
当前时间 ：2026-08-20 19:03:04send keng：2418, sheng ：4194304
decode keng：26, sheng ：2097152
world keng：12, sheng ：1048576

2026-08-20 19:03:09.682 INFO [pool-6-thread-6][:] - /****************流量统计******************/
LastReadBytes:0
LastReadThroughput:0
LastWrittenBytes:0
LastWriteThroughput:0
RealWrittenBytes:0
RealWriteThroughput:0
当前玩家的连接数量:0
当前地图的线程个数：9
当前地图的个数:47
当前数据库执行队列数:0
当前发送队列缓存的对象数量:0
totalMemory：764936192, use ：421798472, free ：343137720DirectMemory：1827143680, 恢复 ：1
当前时间 ：2026-08-20 19:03:09send keng：2418, sheng ：4194304
decode keng：26, sheng ：2097152
world keng：12, sheng ：1048576

2026-08-20 19:03:14.682 INFO [pool-6-thread-6][:] - /****************流量统计******************/
LastReadBytes:0
LastReadThroughput:0
LastWrittenBytes:0
LastWriteThroughput:0
RealWrittenBytes:0
RealWriteThroughput:0
当前玩家的连接数量:0
当前地图的线程个数：9
当前地图的个数:47
当前数据库执行队列数:0
当前发送队列缓存的对象数量:0
totalMemory：764936192, use ：425132344, free ：339803848DirectMemory：1827143680, 恢复 ：1
当前时间 ：2026-08-20 19:03:14send keng：2418, sheng ：4194304
decode keng：26, sheng ：2097152
world keng：12, sheng ：1048576

2026-08-20 19:03:19.682 INFO [pool-6-thread-4][:] - /****************流量统计******************/
LastReadBytes:0
LastReadThroughput:0
LastWrittenBytes:0
LastWriteThroughput:0
RealWrittenBytes:0
RealWriteThroughput:0
当前玩家的连接数量:0
当前地图的线程个数：9
当前地图的个数:47
当前数据库执行队列数:0
当前发送队列缓存的对象数量:0
totalMemory：764936192, use ：428266968, free ：336669224DirectMemory：1827143680, 恢复 ：1
当前时间 ：2026-08-20 19:03:19send keng：2418, sheng ：4194304
decode keng：26, sheng ：2097152
world keng：12, sheng ：1048576

2026-08-20 19:03:24.682 INFO [pool-6-thread-8][:] - /****************流量统计******************/
LastReadBytes:0
LastReadThroughput:0
LastWrittenBytes:0
LastWriteThroughput:0
RealWrittenBytes:0
RealWriteThroughput:0
当前玩家的连接数量:0
当前地图的线程个数：9
当前地图的个数:47
当前数据库执行队列数:0
当前发送队列缓存的对象数量:0
totalMemory：764936192, use ：432101520, free ：332834672DirectMemory：1827143680, 恢复 ：1
当前时间 ：2026-08-20 19:03:24send keng：2418, sheng ：4194304
decode keng：26, sheng ：2097152
world keng：12, sheng ：1048576

2026-08-20 19:03:29.682 INFO [pool-6-thread-9][:] - /****************流量统计******************/
LastReadBytes:0
LastReadThroughput:0
LastWrittenBytes:0
LastWriteThroughput:0
RealWrittenBytes:0
RealWriteThroughput:0
当前玩家的连接数量:0
当前地图的线程个数：9
当前地图的个数:47
当前数据库执行队列数:0
当前发送队列缓存的对象数量:0
totalMemory：764936192, use ：435050368, free ：329885824DirectMemory：1827143680, 恢复 ：1
当前时间 ：2026-08-20 19:03:29send keng：2418, sheng ：4194304
decode keng：26, sheng ：2097152
world keng：12, sheng ：1048576

2026-08-20 19:03:34.682 INFO [pool-6-thread-8][:] - /****************流量统计******************/
LastReadBytes:0
LastReadThroughput:0
LastWrittenBytes:0
LastWriteThroughput:0
RealWrittenBytes:0
RealWriteThroughput:0
当前玩家的连接数量:0
当前地图的线程个数：9
当前地图的个数:47
当前数据库执行队列数:0
当前发送队列缓存的对象数量:0
totalMemory：764936192, use ：438344296, free ：326591896DirectMemory：1827143680, 恢复 ：1
当前时间 ：2026-08-20 19:03:34send keng：2418, sheng ：4194304
decode keng：26, sheng ：2097152
world keng：12, sheng ：1048576

2026-08-20 19:03:39.682 INFO [pool-6-thread-1][:] - /****************流量统计******************/
LastReadBytes:0
LastReadThroughput:0
LastWrittenBytes:0
LastWriteThroughput:0
RealWrittenBytes:0
RealWriteThroughput:0
当前玩家的连接数量:0
当前地图的线程个数：9
当前地图的个数:47
当前数据库执行队列数:0
当前发送队列缓存的对象数量:0
totalMemory：764936192, use ：442449144, free ：322487048DirectMemory：1827143680, 恢复 ：1
当前时间 ：2026-08-20 19:03:39send keng：2418, sheng ：4194304
decode keng：26, sheng ：2097152
world keng：12, sheng ：1048576

2026-08-20 19:03:44.682 INFO [pool-6-thread-8][:] - /****************流量统计******************/
LastReadBytes:0
LastReadThroughput:0
LastWrittenBytes:0
LastWriteThroughput:0
RealWrittenBytes:0
RealWriteThroughput:0
当前玩家的连接数量:0
当前地图的线程个数：9
当前地图的个数:47
当前数据库执行队列数:0
当前发送队列缓存的对象数量:0
totalMemory：764936192, use ：445607688, free ：319328504DirectMemory：1827143680, 恢复 ：1
当前时间 ：2026-08-20 19:03:44send keng：2418, sheng ：4194304
decode keng：26, sheng ：2097152
world keng：12, sheng ：1048576

2026-08-20 19:03:49.682 INFO [pool-6-thread-9][:] - /****************流量统计******************/
LastReadBytes:0
LastReadThroughput:0
LastWrittenBytes:0
LastWriteThroughput:0
RealWrittenBytes:0
RealWriteThroughput:0
当前玩家的连接数量:0
当前地图的线程个数：9
当前地图的个数:47
当前数据库执行队列数:0
当前发送队列缓存的对象数量:0
totalMemory：764936192, use ：449077200, free ：315858992DirectMemory：1827143680, 恢复 ：1
当前时间 ：2026-08-20 19:03:49send keng：2418, sheng ：4194304
decode keng：26, sheng ：2097152
world keng：12, sheng ：1048576

2026-08-20 19:03:54.701 INFO [pool-6-thread-4][:] - /****************流量统计******************/
LastReadBytes:0
LastReadThroughput:0
LastWrittenBytes:0
LastWriteThroughput:0
RealWrittenBytes:0
RealWriteThroughput:0
当前玩家的连接数量:0
当前地图的线程个数：9
当前地图的个数:47
当前数据库执行队列数:0
当前发送队列缓存的对象数量:0
totalMemory：764936192, use ：452603816, free ：312332376DirectMemory：1827143680, 恢复 ：1
当前时间 ：2026-08-20 19:03:54send keng：2418, sheng ：4194304
decode keng：26, sheng ：2097152
world keng：12, sheng ：1048576

2026-08-20 19:03:59.682 INFO [pool-6-thread-6][:] - /****************流量统计******************/
LastReadBytes:0
LastReadThroughput:0
LastWrittenBytes:0
LastWriteThroughput:0
RealWrittenBytes:0
RealWriteThroughput:0
当前玩家的连接数量:0
当前地图的线程个数：9
当前地图的个数:47
当前数据库执行队列数:0
当前发送队列缓存的对象数量:0
totalMemory：764936192, use ：456035496, free ：308900696DirectMemory：1827143680, 恢复 ：1
当前时间 ：2026-08-20 19:03:59send keng：2418, sheng ：4194304
decode keng：26, sheng ：2097152
world keng：12, sheng ：1048576

2026-08-20 19:04:04.682 INFO [pool-6-thread-6][:] - /****************流量统计******************/
LastReadBytes:0
LastReadThroughput:0
LastWrittenBytes:0
LastWriteThroughput:0
RealWrittenBytes:0
RealWriteThroughput:0
当前玩家的连接数量:0
当前地图的线程个数：9
当前地图的个数:47
当前数据库执行队列数:0
当前发送队列缓存的对象数量:0
totalMemory：764936192, use ：459283016, free ：305653176DirectMemory：1827143680, 恢复 ：1
当前时间 ：2026-08-20 19:04:04send keng：2418, sheng ：4194304
decode keng：26, sheng ：2097152
world keng：12, sheng ：1048576

2026-08-20 19:04:09.682 INFO [pool-6-thread-10][:] - /****************流量统计******************/
LastReadBytes:0
LastReadThroughput:0
LastWrittenBytes:0
LastWriteThroughput:0
RealWrittenBytes:0
RealWriteThroughput:0
当前玩家的连接数量:0
当前地图的线程个数：9
当前地图的个数:47
当前数据库执行队列数:0
当前发送队列缓存的对象数量:0
totalMemory：764936192, use ：462937184, free ：301999008DirectMemory：1827143680, 恢复 ：1
当前时间 ：2026-08-20 19:04:09send keng：2418, sheng ：4194304
decode keng：26, sheng ：2097152
world keng：12, sheng ：1048576

2026-08-20 19:04:14.682 INFO [pool-6-thread-8][:] - /****************流量统计******************/
LastReadBytes:0
LastReadThroughput:0
LastWrittenBytes:0
LastWriteThroughput:0
RealWrittenBytes:0
RealWriteThroughput:0
当前玩家的连接数量:0
当前地图的线程个数：9
当前地图的个数:47
当前数据库执行队列数:0
当前发送队列缓存的对象数量:0
totalMemory：764936192, use ：466945896, free ：297990296DirectMemory：1827143680, 恢复 ：1
当前时间 ：2026-08-20 19:04:14send keng：2418, sheng ：4194304
decode keng：26, sheng ：2097152
world keng：12, sheng ：1048576

2026-08-20 19:04:19.682 INFO [pool-6-thread-7][:] - /****************流量统计******************/
LastReadBytes:0
LastReadThroughput:0
LastWrittenBytes:0
LastWriteThroughput:0
RealWrittenBytes:0
RealWriteThroughput:0
当前玩家的连接数量:0
当前地图的线程个数：9
当前地图的个数:47
当前数据库执行队列数:0
当前发送队列缓存的对象数量:0
totalMemory：764936192, use ：470074336, free ：294861856DirectMemory：1827143680, 恢复 ：1
当前时间 ：2026-08-20 19:04:19send keng：2418, sheng ：4194304
decode keng：26, sheng ：2097152
world keng：12, sheng ：1048576

2026-08-20 19:04:24.682 INFO [pool-6-thread-1][:] - /****************流量统计******************/
LastReadBytes:0
LastReadThroughput:0
LastWrittenBytes:0
LastWriteThroughput:0
RealWrittenBytes:0
RealWriteThroughput:0
当前玩家的连接数量:0
当前地图的线程个数：9
当前地图的个数:47
当前数据库执行队列数:0
当前发送队列缓存的对象数量:0
totalMemory：764936192, use ：473296056, free ：291640136DirectMemory：1827143680, 恢复 ：1
当前时间 ：2026-08-20 19:04:24send keng：2418, sheng ：4194304
decode keng：26, sheng ：2097152
world keng：12, sheng ：1048576

2026-08-20 19:04:29.682 INFO [pool-6-thread-3][:] - /****************流量统计******************/
LastReadBytes:0
LastReadThroughput:0
LastWrittenBytes:0
LastWriteThroughput:0
RealWrittenBytes:0
RealWriteThroughput:0
当前玩家的连接数量:0
当前地图的线程个数：9
当前地图的个数:47
当前数据库执行队列数:0
当前发送队列缓存的对象数量:0
totalMemory：764936192, use ：477012816, free ：287923376DirectMemory：1827143680, 恢复 ：1
当前时间 ：2026-08-20 19:04:29send keng：2418, sheng ：4194304
decode keng：26, sheng ：2097152
world keng：12, sheng ：1048576

2026-08-20 19:04:34.687 INFO [pool-6-thread-7][:] - /****************流量统计******************/
LastReadBytes:0
LastReadThroughput:0
LastWrittenBytes:0
LastWriteThroughput:0
RealWrittenBytes:0
RealWriteThroughput:0
当前玩家的连接数量:0
当前地图的线程个数：9
当前地图的个数:47
当前数据库执行队列数:0
当前发送队列缓存的对象数量:0
totalMemory：764936192, use ：480143432, free ：284792760DirectMemory：1827143680, 恢复 ：1
当前时间 ：2026-08-20 19:04:34send keng：2418, sheng ：4194304
decode keng：26, sheng ：2097152
world keng：12, sheng ：1048576

2026-08-20 19:04:39.682 INFO [pool-6-thread-7][:] - /****************流量统计******************/
LastReadBytes:0
LastReadThroughput:0
LastWrittenBytes:0
LastWriteThroughput:0
RealWrittenBytes:0
RealWriteThroughput:0
当前玩家的连接数量:0
当前地图的线程个数：9
当前地图的个数:47
当前数据库执行队列数:0
当前发送队列缓存的对象数量:0
totalMemory：764936192, use ：483691736, free ：281244456DirectMemory：1827143680, 恢复 ：1
当前时间 ：2026-08-20 19:04:39send keng：2418, sheng ：4194304
decode keng：26, sheng ：2097152
world keng：12, sheng ：1048576

2026-08-20 19:04:44.682 INFO [pool-6-thread-3][:] - /****************流量统计******************/
LastReadBytes:0
LastReadThroughput:0
LastWrittenBytes:0
LastWriteThroughput:0
RealWrittenBytes:0
RealWriteThroughput:0
当前玩家的连接数量:0
当前地图的线程个数：9
当前地图的个数:47
当前数据库执行队列数:0
当前发送队列缓存的对象数量:0
totalMemory：764936192, use ：487443568, free ：277492624DirectMemory：1827143680, 恢复 ：1
当前时间 ：2026-08-20 19:04:44send keng：2418, sheng ：4194304
decode keng：26, sheng ：2097152
world keng：12, sheng ：1048576

2026-08-20 19:04:49.683 INFO [pool-6-thread-6][:] - /****************流量统计******************/
LastReadBytes:0
LastReadThroughput:0
LastWrittenBytes:0
LastWriteThroughput:0
RealWrittenBytes:0
RealWriteThroughput:0
当前玩家的连接数量:0
当前地图的线程个数：9
当前地图的个数:47
当前数据库执行队列数:0
当前发送队列缓存的对象数量:0
totalMemory：764936192, use ：490736888, free ：274199304DirectMemory：1827143680, 恢复 ：1
当前时间 ：2026-08-20 19:04:49send keng：2418, sheng ：4194304
decode keng：26, sheng ：2097152
world keng：12, sheng ：1048576

2026-08-20 19:04:54.682 INFO [pool-6-thread-5][:] - /****************流量统计******************/
LastReadBytes:0
LastReadThroughput:0
LastWrittenBytes:0
LastWriteThroughput:0
RealWrittenBytes:0
RealWriteThroughput:0
当前玩家的连接数量:0
当前地图的线程个数：9
当前地图的个数:47
当前数据库执行队列数:0
当前发送队列缓存的对象数量:0
totalMemory：764936192, use ：493961920, free ：270974272DirectMemory：1827143680, 恢复 ：1
当前时间 ：2026-08-20 19:04:54send keng：2418, sheng ：4194304
decode keng：26, sheng ：2097152
world keng：12, sheng ：1048576

2026-08-20 19:04:59.682 INFO [pool-6-thread-10][:] - /****************流量统计******************/
LastReadBytes:0
LastReadThroughput:0
LastWrittenBytes:0
LastWriteThroughput:0
RealWrittenBytes:0
RealWriteThroughput:0
当前玩家的连接数量:0
当前地图的线程个数：9
当前地图的个数:47
当前数据库执行队列数:0
当前发送队列缓存的对象数量:0
totalMemory：764936192, use ：497669696, free ：267266496DirectMemory：1827143680, 恢复 ：1
当前时间 ：2026-08-20 19:04:59send keng：2418, sheng ：4194304
decode keng：26, sheng ：2097152
world keng：12, sheng ：1048576

2026-08-20 19:05:04.682 INFO [pool-6-thread-7][:] - /****************流量统计******************/
LastReadBytes:0
LastReadThroughput:0
LastWrittenBytes:0
LastWriteThroughput:0
RealWrittenBytes:0
RealWriteThroughput:0
当前玩家的连接数量:0
当前地图的线程个数：9
当前地图的个数:47
当前数据库执行队列数:0
当前发送队列缓存的对象数量:0
totalMemory：764936192, use ：501079008, free ：263857184DirectMemory：1827143680, 恢复 ：1
当前时间 ：2026-08-20 19:05:04send keng：2418, sheng ：4194304
decode keng：26, sheng ：2097152
world keng：12, sheng ：1048576

2026-08-20 19:05:09.682 INFO [pool-6-thread-5][:] - /****************流量统计******************/
LastReadBytes:0
LastReadThroughput:0
LastWrittenBytes:0
LastWriteThroughput:0
RealWrittenBytes:0
RealWriteThroughput:0
当前玩家的连接数量:0
当前地图的线程个数：9
当前地图的个数:47
当前数据库执行队列数:0
当前发送队列缓存的对象数量:0
totalMemory：764936192, use ：504109104, free ：260827088DirectMemory：1827143680, 恢复 ：1
当前时间 ：2026-08-20 19:05:09send keng：2418, sheng ：4194304
decode keng：26, sheng ：2097152
world keng：12, sheng ：1048576

2026-08-20 19:05:14.688 INFO [pool-6-thread-8][:] - /****************流量统计******************/
LastReadBytes:0
LastReadThroughput:0
LastWrittenBytes:0
LastWriteThroughput:0
RealWrittenBytes:0
RealWriteThroughput:0
当前玩家的连接数量:0
当前地图的线程个数：9
当前地图的个数:47
当前数据库执行队列数:0
当前发送队列缓存的对象数量:0
totalMemory：764936192, use ：507615856, free ：257320336DirectMemory：1827143680, 恢复 ：1
当前时间 ：2026-08-20 19:05:14send keng：2418, sheng ：4194304
decode keng：26, sheng ：2097152
world keng：12, sheng ：1048576

2026-08-20 19:05:19.682 INFO [pool-6-thread-5][:] - /****************流量统计******************/
LastReadBytes:0
LastReadThroughput:0
LastWrittenBytes:0
LastWriteThroughput:0
RealWrittenBytes:0
RealWriteThroughput:0
当前玩家的连接数量:0
当前地图的线程个数：9
当前地图的个数:47
当前数据库执行队列数:0
当前发送队列缓存的对象数量:0
totalMemory：764936192, use ：510835304, free ：254100888DirectMemory：1827143680, 恢复 ：1
当前时间 ：2026-08-20 19:05:19send keng：2418, sheng ：4194304
decode keng：26, sheng ：2097152
world keng：12, sheng ：1048576

2026-08-20 19:05:24.683 INFO [pool-6-thread-3][:] - /****************流量统计******************/
LastReadBytes:0
LastReadThroughput:0
LastWrittenBytes:0
LastWriteThroughput:0
RealWrittenBytes:0
RealWriteThroughput:0
当前玩家的连接数量:0
当前地图的线程个数：9
当前地图的个数:47
当前数据库执行队列数:0
当前发送队列缓存的对象数量:0
totalMemory：764936192, use ：514335168, free ：250601024DirectMemory：1827143680, 恢复 ：1
当前时间 ：2026-08-20 19:05:24send keng：2418, sheng ：4194304
decode keng：26, sheng ：2097152
world keng：12, sheng ：1048576

2026-08-20 19:05:29.682 INFO [pool-6-thread-9][:] - /****************流量统计******************/
LastReadBytes:0
LastReadThroughput:0
LastWrittenBytes:0
LastWriteThroughput:0
RealWrittenBytes:0
RealWriteThroughput:0
当前玩家的连接数量:0
当前地图的线程个数：9
当前地图的个数:47
当前数据库执行队列数:0
当前发送队列缓存的对象数量:0
totalMemory：764936192, use ：517844104, free ：247092088DirectMemory：1827143680, 恢复 ：1
当前时间 ：2026-08-20 19:05:29send keng：2418, sheng ：4194304
decode keng：26, sheng ：2097152
world keng：12, sheng ：1048576

2026-08-20 19:05:34.682 INFO [pool-6-thread-3][:] - /****************流量统计******************/
LastReadBytes:0
LastReadThroughput:0
LastWrittenBytes:0
LastWriteThroughput:0
RealWrittenBytes:0
RealWriteThroughput:0
当前玩家的连接数量:0
当前地图的线程个数：9
当前地图的个数:47
当前数据库执行队列数:0
当前发送队列缓存的对象数量:0
totalMemory：764936192, use ：521592096, free ：243344096DirectMemory：1827143680, 恢复 ：1
当前时间 ：2026-08-20 19:05:34send keng：2418, sheng ：4194304
decode keng：26, sheng ：2097152
world keng：12, sheng ：1048576

2026-08-20 19:05:39.682 INFO [pool-6-thread-5][:] - /****************流量统计******************/
LastReadBytes:0
LastReadThroughput:0
LastWrittenBytes:0
LastWriteThroughput:0
RealWrittenBytes:0
RealWriteThroughput:0
当前玩家的连接数量:0
当前地图的线程个数：9
当前地图的个数:47
当前数据库执行队列数:0
当前发送队列缓存的对象数量:0
totalMemory：764936192, use ：524692416, free ：240243776DirectMemory：1827143680, 恢复 ：1
当前时间 ：2026-08-20 19:05:39send keng：2418, sheng ：4194304
decode keng：26, sheng ：2097152
world keng：12, sheng ：1048576

2026-08-20 19:05:44.682 INFO [pool-6-thread-9][:] - /****************流量统计******************/
LastReadBytes:0
LastReadThroughput:0
LastWrittenBytes:0
LastWriteThroughput:0
RealWrittenBytes:0
RealWriteThroughput:0
当前玩家的连接数量:0
当前地图的线程个数：9
当前地图的个数:47
当前数据库执行队列数:0
当前发送队列缓存的对象数量:0
totalMemory：764936192, use ：528392352, free ：236543840DirectMemory：1827143680, 恢复 ：1
当前时间 ：2026-08-20 19:05:44send keng：2418, sheng ：4194304
decode keng：26, sheng ：2097152
world keng：12, sheng ：1048576

2026-08-20 19:05:49.682 INFO [pool-6-thread-3][:] - /****************流量统计******************/
LastReadBytes:0
LastReadThroughput:0
LastWrittenBytes:0
LastWriteThroughput:0
RealWrittenBytes:0
RealWriteThroughput:0
当前玩家的连接数量:0
当前地图的线程个数：9
当前地图的个数:47
当前数据库执行队列数:0
当前发送队列缓存的对象数量:0
totalMemory：764936192, use ：531988368, free ：232947824DirectMemory：1827143680, 恢复 ：1
当前时间 ：2026-08-20 19:05:49send keng：2418, sheng ：4194304
decode keng：26, sheng ：2097152
world keng：12, sheng ：1048576

2026-08-20 19:05:54.682 INFO [pool-6-thread-3][:] - /****************流量统计******************/
LastReadBytes:0
LastReadThroughput:0
LastWrittenBytes:0
LastWriteThroughput:0
RealWrittenBytes:0
RealWriteThroughput:0
当前玩家的连接数量:0
当前地图的线程个数：9
当前地图的个数:47
当前数据库执行队列数:0
当前发送队列缓存的对象数量:0
totalMemory：764936192, use ：535241056, free ：229695136DirectMemory：1827143680, 恢复 ：1
当前时间 ：2026-08-20 19:05:54send keng：2418, sheng ：4194304
decode keng：26, sheng ：2097152
world keng：12, sheng ：1048576

2026-08-20 19:05:59.682 INFO [pool-6-thread-1][:] - /****************流量统计******************/
LastReadBytes:0
LastReadThroughput:0
LastWrittenBytes:0
LastWriteThroughput:0
RealWrittenBytes:0
RealWriteThroughput:0
当前玩家的连接数量:0
当前地图的线程个数：9
当前地图的个数:47
当前数据库执行队列数:0
当前发送队列缓存的对象数量:0
totalMemory：764936192, use ：538994496, free ：225941696DirectMemory：1827143680, 恢复 ：1
当前时间 ：2026-08-20 19:05:59send keng：2418, sheng ：4194304
decode keng：26, sheng ：2097152
world keng：12, sheng ：1048576

2026-08-20 19:06:04.682 INFO [pool-6-thread-5][:] - /****************流量统计******************/
LastReadBytes:0
LastReadThroughput:0
LastWrittenBytes:0
LastWriteThroughput:0
RealWrittenBytes:0
RealWriteThroughput:0
当前玩家的连接数量:0
当前地图的线程个数：9
当前地图的个数:47
当前数据库执行队列数:0
当前发送队列缓存的对象数量:0
totalMemory：764936192, use ：542873416, free ：222062776DirectMemory：1827143680, 恢复 ：1
当前时间 ：2026-08-20 19:06:04send keng：2418, sheng ：4194304
decode keng：26, sheng ：2097152
world keng：12, sheng ：1048576

2026-08-20 19:06:09.682 INFO [pool-6-thread-7][:] - /****************流量统计******************/
LastReadBytes:0
LastReadThroughput:0
LastWrittenBytes:0
LastWriteThroughput:0
RealWrittenBytes:0
RealWriteThroughput:0
当前玩家的连接数量:0
当前地图的线程个数：9
当前地图的个数:47
当前数据库执行队列数:0
当前发送队列缓存的对象数量:0
totalMemory：764936192, use ：545948832, free ：218987360DirectMemory：1827143680, 恢复 ：1
当前时间 ：2026-08-20 19:06:09send keng：2418, sheng ：4194304
decode keng：26, sheng ：2097152
world keng：12, sheng ：1048576

2026-08-20 19:06:14.738 INFO [pool-6-thread-7][:] - /****************流量统计******************/
LastReadBytes:0
LastReadThroughput:0
LastWrittenBytes:0
LastWriteThroughput:0
RealWrittenBytes:0
RealWriteThroughput:0
当前玩家的连接数量:0
当前地图的线程个数：9
当前地图的个数:47
当前数据库执行队列数:0
当前发送队列缓存的对象数量:0
totalMemory：762314752, use ：420026768, free ：342287984DirectMemory：1827143680, 恢复 ：1
当前时间 ：2026-08-20 19:06:14send keng：2418, sheng ：4194304
decode keng：26, sheng ：2097152
world keng：12, sheng ：1048576

2026-08-20 19:06:19.682 INFO [pool-6-thread-3][:] - /****************流量统计******************/
LastReadBytes:0
LastReadThroughput:0
LastWrittenBytes:0
LastWriteThroughput:0
RealWrittenBytes:0
RealWriteThroughput:0
当前玩家的连接数量:0
当前地图的线程个数：9
当前地图的个数:47
当前数据库执行队列数:0
当前发送队列缓存的对象数量:0
totalMemory：762314752, use ：422780760, free ：339533992DirectMemory：1827143680, 恢复 ：1
当前时间 ：2026-08-20 19:06:19send keng：2418, sheng ：4194304
decode keng：26, sheng ：2097152
world keng：12, sheng ：1048576

2026-08-20 19:06:24.682 INFO [pool-6-thread-10][:] - /****************流量统计******************/
LastReadBytes:0
LastReadThroughput:0
LastWrittenBytes:0
LastWriteThroughput:0
RealWrittenBytes:0
RealWriteThroughput:0
当前玩家的连接数量:0
当前地图的线程个数：9
当前地图的个数:47
当前数据库执行队列数:0
当前发送队列缓存的对象数量:0
totalMemory：762314752, use ：425659744, free ：336655008DirectMemory：1827143680, 恢复 ：1
当前时间 ：2026-08-20 19:06:24send keng：2418, sheng ：4194304
decode keng：26, sheng ：2097152
world keng：12, sheng ：1048576

2026-08-20 19:06:29.682 INFO [pool-6-thread-9][:] - /****************流量统计******************/
LastReadBytes:0
LastReadThroughput:0
LastWrittenBytes:0
LastWriteThroughput:0
RealWrittenBytes:0
RealWriteThroughput:0
当前玩家的连接数量:0
当前地图的线程个数：9
当前地图的个数:47
当前数据库执行队列数:0
当前发送队列缓存的对象数量:0
totalMemory：762314752, use ：430087504, free ：332227248DirectMemory：1827143680, 恢复 ：1
当前时间 ：2026-08-20 19:06:29send keng：2418, sheng ：4194304
decode keng：26, sheng ：2097152
world keng：12, sheng ：1048576

2026-08-20 19:06:34.682 INFO [pool-6-thread-8][:] - /****************流量统计******************/
LastReadBytes:0
LastReadThroughput:0
LastWrittenBytes:0
LastWriteThroughput:0
RealWrittenBytes:0
RealWriteThroughput:0
当前玩家的连接数量:0
当前地图的线程个数：9
当前地图的个数:47
当前数据库执行队列数:0
当前发送队列缓存的对象数量:0
totalMemory：762314752, use ：433157144, free ：329157608DirectMemory：1827143680, 恢复 ：1
当前时间 ：2026-08-20 19:06:34send keng：2418, sheng ：4194304
decode keng：26, sheng ：2097152
world keng：12, sheng ：1048576

2026-08-20 19:06:39.682 INFO [pool-6-thread-9][:] - /****************流量统计******************/
LastReadBytes:0
LastReadThroughput:0
LastWrittenBytes:0
LastWriteThroughput:0
RealWrittenBytes:0
RealWriteThroughput:0
当前玩家的连接数量:0
当前地图的线程个数：9
当前地图的个数:47
当前数据库执行队列数:0
当前发送队列缓存的对象数量:0
totalMemory：762314752, use ：436227648, free ：326087104DirectMemory：1827143680, 恢复 ：1
当前时间 ：2026-08-20 19:06:39send keng：2418, sheng ：4194304
decode keng：26, sheng ：2097152
world keng：12, sheng ：1048576

2026-08-20 19:06:44.685 INFO [pool-6-thread-10][:] - /****************流量统计******************/
LastReadBytes:0
LastReadThroughput:0
LastWrittenBytes:0
LastWriteThroughput:0
RealWrittenBytes:0
RealWriteThroughput:0
当前玩家的连接数量:0
当前地图的线程个数：9
当前地图的个数:47
当前数据库执行队列数:0
当前发送队列缓存的对象数量:0
totalMemory：762314752, use ：440165288, free ：322149464DirectMemory：1827143680, 恢复 ：1
当前时间 ：2026-08-20 19:06:44send keng：2418, sheng ：4194304
decode keng：26, sheng ：2097152
world keng：12, sheng ：1048576

2026-08-20 19:06:49.683 INFO [pool-6-thread-1][:] - /****************流量统计******************/
LastReadBytes:0
LastReadThroughput:0
LastWrittenBytes:0
LastWriteThroughput:0
RealWrittenBytes:0
RealWriteThroughput:0
当前玩家的连接数量:0
当前地图的线程个数：9
当前地图的个数:47
当前数据库执行队列数:0
当前发送队列缓存的对象数量:0
totalMemory：762314752, use ：443221712, free ：319093040DirectMemory：1827143680, 恢复 ：1
当前时间 ：2026-08-20 19:06:49send keng：2418, sheng ：4194304
decode keng：26, sheng ：2097152
world keng：12, sheng ：1048576

2026-08-20 19:06:54.682 INFO [pool-6-thread-3][:] - /****************流量统计******************/
LastReadBytes:0
LastReadThroughput:0
LastWrittenBytes:0
LastWriteThroughput:0
RealWrittenBytes:0
RealWriteThroughput:0
当前玩家的连接数量:0
当前地图的线程个数：9
当前地图的个数:47
当前数据库执行队列数:0
当前发送队列缓存的对象数量:0
totalMemory：762314752, use ：446300176, free ：316014576DirectMemory：1827143680, 恢复 ：1
当前时间 ：2026-08-20 19:06:54send keng：2418, sheng ：4194304
decode keng：26, sheng ：2097152
world keng：12, sheng ：1048576

2026-08-20 19:06:59.682 INFO [pool-6-thread-7][:] - /****************流量统计******************/
LastReadBytes:0
LastReadThroughput:0
LastWrittenBytes:0
LastWriteThroughput:0
RealWrittenBytes:0
RealWriteThroughput:0
当前玩家的连接数量:0
当前地图的线程个数：9
当前地图的个数:47
当前数据库执行队列数:0
当前发送队列缓存的对象数量:0
totalMemory：762314752, use ：450231840, free ：312082912DirectMemory：1827143680, 恢复 ：1
当前时间 ：2026-08-20 19:06:59send keng：2418, sheng ：4194304
decode keng：26, sheng ：2097152
world keng：12, sheng ：1048576

2026-08-20 19:07:04.687 INFO [pool-6-thread-6][:] - /****************流量统计******************/
LastReadBytes:0
LastReadThroughput:0
LastWrittenBytes:0
LastWriteThroughput:0
RealWrittenBytes:0
RealWriteThroughput:0
当前玩家的连接数量:0
当前地图的线程个数：9
当前地图的个数:47
当前数据库执行队列数:0
当前发送队列缓存的对象数量:0
totalMemory：762314752, use ：453403912, free ：308910840DirectMemory：1827143680, 恢复 ：1
当前时间 ：2026-08-20 19:07:04send keng：2418, sheng ：4194304
decode keng：26, sheng ：2097152
world keng：12, sheng ：1048576

2026-08-20 19:07:09.691 INFO [pool-6-thread-10][:] - /****************流量统计******************/
LastReadBytes:0
LastReadThroughput:0
LastWrittenBytes:0
LastWriteThroughput:0
RealWrittenBytes:0
RealWriteThroughput:0
当前玩家的连接数量:0
当前地图的线程个数：9
当前地图的个数:47
当前数据库执行队列数:0
当前发送队列缓存的对象数量:0
totalMemory：762314752, use ：456327328, free ：305987424DirectMemory：1827143680, 恢复 ：1
当前时间 ：2026-08-20 19:07:09send keng：2418, sheng ：4194304
decode keng：26, sheng ：2097152
world keng：12, sheng ：1048576

2026-08-20 19:07:14.682 INFO [pool-6-thread-1][:] - /****************流量统计******************/
LastReadBytes:0
LastReadThroughput:0
LastWrittenBytes:0
LastWriteThroughput:0
RealWrittenBytes:0
RealWriteThroughput:0
当前玩家的连接数量:0
当前地图的线程个数：9
当前地图的个数:47
当前数据库执行队列数:0
当前发送队列缓存的对象数量:0
totalMemory：762314752, use ：460054304, free ：302260448DirectMemory：1827143680, 恢复 ：1
当前时间 ：2026-08-20 19:07:14send keng：2418, sheng ：4194304
decode keng：26, sheng ：2097152
world keng：12, sheng ：1048576

2026-08-20 19:07:19.685 INFO [pool-6-thread-6][:] - /****************流量统计******************/
LastReadBytes:0
LastReadThroughput:0
LastWrittenBytes:0
LastWriteThroughput:0
RealWrittenBytes:0
RealWriteThroughput:0
当前玩家的连接数量:0
当前地图的线程个数：9
当前地图的个数:47
当前数据库执行队列数:0
当前发送队列缓存的对象数量:0
totalMemory：762314752, use ：463161736, free ：299153016DirectMemory：1827143680, 恢复 ：1
当前时间 ：2026-08-20 19:07:19send keng：2418, sheng ：4194304
decode keng：26, sheng ：2097152
world keng：12, sheng ：1048576

2026-08-20 19:07:24.683 INFO [pool-6-thread-4][:] - /****************流量统计******************/
LastReadBytes:0
LastReadThroughput:0
LastWrittenBytes:0
LastWriteThroughput:0
RealWrittenBytes:0
RealWriteThroughput:0
当前玩家的连接数量:0
当前地图的线程个数：9
当前地图的个数:47
当前数据库执行队列数:0
当前发送队列缓存的对象数量:0
totalMemory：762314752, use ：466513936, free ：295800816DirectMemory：1827143680, 恢复 ：1
当前时间 ：2026-08-20 19:07:24send keng：2418, sheng ：4194304
decode keng：26, sheng ：2097152
world keng：12, sheng ：1048576

2026-08-20 19:07:29.682 INFO [pool-6-thread-10][:] - /****************流量统计******************/
LastReadBytes:0
LastReadThroughput:0
LastWrittenBytes:0
LastWriteThroughput:0
RealWrittenBytes:0
RealWriteThroughput:0
当前玩家的连接数量:0
当前地图的线程个数：9
当前地图的个数:47
当前数据库执行队列数:0
当前发送队列缓存的对象数量:0
totalMemory：762314752, use ：470448376, free ：291866376DirectMemory：1827143680, 恢复 ：1
当前时间 ：2026-08-20 19:07:29send keng：2418, sheng ：4194304
decode keng：26, sheng ：2097152
world keng：12, sheng ：1048576

2026-08-20 19:07:34.682 INFO [pool-6-thread-1][:] - /****************流量统计******************/
LastReadBytes:0
LastReadThroughput:0
LastWrittenBytes:0
LastWriteThroughput:0
RealWrittenBytes:0
RealWriteThroughput:0
当前玩家的连接数量:0
当前地图的线程个数：9
当前地图的个数:47
当前数据库执行队列数:0
当前发送队列缓存的对象数量:0
totalMemory：762314752, use ：473698768, free ：288615984DirectMemory：1827143680, 恢复 ：1
当前时间 ：2026-08-20 19:07:34send keng：2418, sheng ：4194304
decode keng：26, sheng ：2097152
world keng：12, sheng ：1048576

2026-08-20 19:07:39.683 INFO [pool-6-thread-8][:] - /****************流量统计******************/
LastReadBytes:0
LastReadThroughput:0
LastWrittenBytes:0
LastWriteThroughput:0
RealWrittenBytes:0
RealWriteThroughput:0
当前玩家的连接数量:0
当前地图的线程个数：9
当前地图的个数:47
当前数据库执行队列数:0
当前发送队列缓存的对象数量:0
totalMemory：762314752, use ：477154464, free ：285160288DirectMemory：1827143680, 恢复 ：1
当前时间 ：2026-08-20 19:07:39send keng：2418, sheng ：4194304
decode keng：26, sheng ：2097152
world keng：12, sheng ：1048576

2026-08-20 19:07:44.682 INFO [pool-6-thread-4][:] - /****************流量统计******************/
LastReadBytes:0
LastReadThroughput:0
LastWrittenBytes:0
LastWriteThroughput:0
RealWrittenBytes:0
RealWriteThroughput:0
当前玩家的连接数量:0
当前地图的线程个数：9
当前地图的个数:47
当前数据库执行队列数:0
当前发送队列缓存的对象数量:0
totalMemory：762314752, use ：480711696, free ：281603056DirectMemory：1827143680, 恢复 ：1
当前时间 ：2026-08-20 19:07:44send keng：2418, sheng ：4194304
decode keng：26, sheng ：2097152
world keng：12, sheng ：1048576

2026-08-20 19:07:49.682 INFO [pool-6-thread-8][:] - /****************流量统计******************/
LastReadBytes:0
LastReadThroughput:0
LastWrittenBytes:0
LastWriteThroughput:0
RealWrittenBytes:0
RealWriteThroughput:0
当前玩家的连接数量:0
当前地图的线程个数：9
当前地图的个数:47
当前数据库执行队列数:0
当前发送队列缓存的对象数量:0
totalMemory：762314752, use ：484273752, free ：278041000DirectMemory：1827143680, 恢复 ：1
当前时间 ：2026-08-20 19:07:49send keng：2418, sheng ：4194304
decode keng：26, sheng ：2097152
world keng：12, sheng ：1048576

2026-08-20 19:07:54.753 INFO [pool-6-thread-1][:] - /****************流量统计******************/
LastReadBytes:0
LastReadThroughput:0
LastWrittenBytes:0
LastWriteThroughput:0
RealWrittenBytes:0
RealWriteThroughput:0
当前玩家的连接数量:0
当前地图的线程个数：9
当前地图的个数:47
当前数据库执行队列数:0
当前发送队列缓存的对象数量:0
totalMemory：762314752, use ：487774968, free ：274539784DirectMemory：1827143680, 恢复 ：1
当前时间 ：2026-08-20 19:07:54send keng：2418, sheng ：4194304
decode keng：26, sheng ：2097152
world keng：12, sheng ：1048576

2026-08-20 19:07:59.682 INFO [pool-6-thread-6][:] - /****************流量统计******************/
LastReadBytes:0
LastReadThroughput:0
LastWrittenBytes:0
LastWriteThroughput:0
RealWrittenBytes:0
RealWriteThroughput:0
当前玩家的连接数量:0
当前地图的线程个数：9
当前地图的个数:47
当前数据库执行队列数:0
当前发送队列缓存的对象数量:0
totalMemory：762314752, use ：491279376, free ：271035376DirectMemory：1827143680, 恢复 ：1
当前时间 ：2026-08-20 19:07:59send keng：2418, sheng ：4194304
decode keng：26, sheng ：2097152
world keng：12, sheng ：1048576

2026-08-20 19:08:04.682 INFO [pool-6-thread-9][:] - /****************流量统计******************/
LastReadBytes:0
LastReadThroughput:0
LastWrittenBytes:0
LastWriteThroughput:0
RealWrittenBytes:0
RealWriteThroughput:0
当前玩家的连接数量:0
当前地图的线程个数：9
当前地图的个数:47
当前数据库执行队列数:0
当前发送队列缓存的对象数量:0
totalMemory：762314752, use ：494801184, free ：267513568DirectMemory：1827143680, 恢复 ：1
当前时间 ：2026-08-20 19:08:04send keng：2418, sheng ：4194304
decode keng：26, sheng ：2097152
world keng：12, sheng ：1048576

2026-08-20 19:08:09.682 INFO [pool-6-thread-2][:] - /****************流量统计******************/
LastReadBytes:0
LastReadThroughput:0
LastWrittenBytes:0
LastWriteThroughput:0
RealWrittenBytes:0
RealWriteThroughput:0
当前玩家的连接数量:0
当前地图的线程个数：9
当前地图的个数:47
当前数据库执行队列数:0
当前发送队列缓存的对象数量:0
totalMemory：762314752, use ：498244992, free ：264069760DirectMemory：1827143680, 恢复 ：1
当前时间 ：2026-08-20 19:08:09send keng：2418, sheng ：4194304
decode keng：26, sheng ：2097152
world keng：12, sheng ：1048576

2026-08-20 19:08:14.689 INFO [pool-6-thread-3][:] - /****************流量统计******************/
LastReadBytes:0
LastReadThroughput:0
LastWrittenBytes:0
LastWriteThroughput:0
RealWrittenBytes:0
RealWriteThroughput:0
当前玩家的连接数量:0
当前地图的线程个数：9
当前地图的个数:47
当前数据库执行队列数:0
当前发送队列缓存的对象数量:0
totalMemory：762314752, use ：501800536, free ：260514216DirectMemory：1827143680, 恢复 ：1
当前时间 ：2026-08-20 19:08:14send keng：2418, sheng ：4194304
decode keng：26, sheng ：2097152
world keng：12, sheng ：1048576

2026-08-20 19:08:19.682 INFO [pool-6-thread-3][:] - /****************流量统计******************/
LastReadBytes:0
LastReadThroughput:0
LastWrittenBytes:0
LastWriteThroughput:0
RealWrittenBytes:0
RealWriteThroughput:0
当前玩家的连接数量:0
当前地图的线程个数：9
当前地图的个数:47
当前数据库执行队列数:0
当前发送队列缓存的对象数量:0
totalMemory：762314752, use ：504732128, free ：257582624DirectMemory：1827143680, 恢复 ：1
当前时间 ：2026-08-20 19:08:19send keng：2418, sheng ：4194304
decode keng：26, sheng ：2097152
world keng：12, sheng ：1048576

2026-08-20 19:08:24.682 INFO [pool-6-thread-4][:] - /****************流量统计******************/
LastReadBytes:0
LastReadThroughput:0
LastWrittenBytes:0
LastWriteThroughput:0
RealWrittenBytes:0
RealWriteThroughput:0
当前玩家的连接数量:0
当前地图的线程个数：9
当前地图的个数:47
当前数据库执行队列数:0
当前发送队列缓存的对象数量:0
totalMemory：762314752, use ：508505448, free ：253809304DirectMemory：1827143680, 恢复 ：1
当前时间 ：2026-08-20 19:08:24send keng：2418, sheng ：4194304
decode keng：26, sheng ：2097152
world keng：12, sheng ：1048576

2026-08-20 19:08:29.682 INFO [pool-6-thread-1][:] - /****************流量统计******************/
LastReadBytes:0
LastReadThroughput:0
LastWrittenBytes:0
LastWriteThroughput:0
RealWrittenBytes:0
RealWriteThroughput:0
当前玩家的连接数量:0
当前地图的线程个数：9
当前地图的个数:47
当前数据库执行队列数:0
当前发送队列缓存的对象数量:0
totalMemory：762314752, use ：512018736, free ：250296016DirectMemory：1827143680, 恢复 ：1
当前时间 ：2026-08-20 19:08:29send keng：2418, sheng ：4194304
decode keng：26, sheng ：2097152
world keng：12, sheng ：1048576

2026-08-20 19:08:34.682 INFO [pool-6-thread-7][:] - /****************流量统计******************/
LastReadBytes:0
LastReadThroughput:0
LastWrittenBytes:0
LastWriteThroughput:0
RealWrittenBytes:0
RealWriteThroughput:0
当前玩家的连接数量:0
当前地图的线程个数：9
当前地图的个数:47
当前数据库执行队列数:0
当前发送队列缓存的对象数量:0
totalMemory：762314752, use ：515331312, free ：246983440DirectMemory：1827143680, 恢复 ：1
当前时间 ：2026-08-20 19:08:34send keng：2418, sheng ：4194304
decode keng：26, sheng ：2097152
world keng：12, sheng ：1048576

2026-08-20 19:08:39.683 INFO [pool-6-thread-10][:] - /****************流量统计******************/
LastReadBytes:0
LastReadThroughput:0
LastWrittenBytes:0
LastWriteThroughput:0
RealWrittenBytes:0
RealWriteThroughput:0
当前玩家的连接数量:0
当前地图的线程个数：9
当前地图的个数:47
当前数据库执行队列数:0
当前发送队列缓存的对象数量:0
totalMemory：762314752, use ：518938736, free ：243376016DirectMemory：1827143680, 恢复 ：1
当前时间 ：2026-08-20 19:08:39send keng：2418, sheng ：4194304
decode keng：26, sheng ：2097152
world keng：12, sheng ：1048576

2026-08-20 19:08:44.682 INFO [pool-6-thread-4][:] - /****************流量统计******************/
LastReadBytes:0
LastReadThroughput:0
LastWrittenBytes:0
LastWriteThroughput:0
RealWrittenBytes:0
RealWriteThroughput:0
当前玩家的连接数量:0
当前地图的线程个数：9
当前地图的个数:47
当前数据库执行队列数:0
当前发送队列缓存的对象数量:0
totalMemory：762314752, use ：522238312, free ：240076440DirectMemory：1827143680, 恢复 ：1
当前时间 ：2026-08-20 19:08:44send keng：2418, sheng ：4194304
decode keng：26, sheng ：2097152
world keng：12, sheng ：1048576

2026-08-20 19:08:49.682 INFO [pool-6-thread-5][:] - /****************流量统计******************/
LastReadBytes:0
LastReadThroughput:0
LastWrittenBytes:0
LastWriteThroughput:0
RealWrittenBytes:0
RealWriteThroughput:0
当前玩家的连接数量:0
当前地图的线程个数：9
当前地图的个数:47
当前数据库执行队列数:0
当前发送队列缓存的对象数量:0
totalMemory：762314752, use ：525619816, free ：236694936DirectMemory：1827143680, 恢复 ：1
当前时间 ：2026-08-20 19:08:49send keng：2418, sheng ：4194304
decode keng：26, sheng ：2097152
world keng：12, sheng ：1048576

2026-08-20 19:08:54.682 INFO [pool-6-thread-1][:] - /****************流量统计******************/
LastReadBytes:0
LastReadThroughput:0
LastWrittenBytes:0
LastWriteThroughput:0
RealWrittenBytes:0
RealWriteThroughput:0
当前玩家的连接数量:0
当前地图的线程个数：9
当前地图的个数:47
当前数据库执行队列数:0
当前发送队列缓存的对象数量:0
totalMemory：762314752, use ：529548576, free ：232766176DirectMemory：1827143680, 恢复 ：1
当前时间 ：2026-08-20 19:08:54send keng：2418, sheng ：4194304
decode keng：26, sheng ：2097152
world keng：12, sheng ：1048576

2026-08-20 19:08:59.682 INFO [pool-6-thread-6][:] - /****************流量统计******************/
LastReadBytes:0
LastReadThroughput:0
LastWrittenBytes:0
LastWriteThroughput:0
RealWrittenBytes:0
RealWriteThroughput:0
当前玩家的连接数量:0
当前地图的线程个数：9
当前地图的个数:47
当前数据库执行队列数:0
当前发送队列缓存的对象数量:0
totalMemory：762314752, use ：532655080, free ：229659672DirectMemory：1827143680, 恢复 ：1
当前时间 ：2026-08-20 19:08:59send keng：2418, sheng ：4194304
decode keng：26, sheng ：2097152
world keng：12, sheng ：1048576

2026-08-20 19:09:04.682 INFO [pool-6-thread-8][:] - /****************流量统计******************/
LastReadBytes:0
LastReadThroughput:0
LastWrittenBytes:0
LastWriteThroughput:0
RealWrittenBytes:0
RealWriteThroughput:0
当前玩家的连接数量:0
当前地图的线程个数：9
当前地图的个数:47
当前数据库执行队列数:0
当前发送队列缓存的对象数量:0
totalMemory：762314752, use ：535882624, free ：226432128DirectMemory：1827143680, 恢复 ：1
当前时间 ：2026-08-20 19:09:04send keng：2418, sheng ：4194304
decode keng：26, sheng ：2097152
world keng：12, sheng ：1048576

2026-08-20 19:09:09.696 INFO [pool-6-thread-3][:] - /****************流量统计******************/
LastReadBytes:0
LastReadThroughput:0
LastWrittenBytes:0
LastWriteThroughput:0
RealWrittenBytes:0
RealWriteThroughput:0
当前玩家的连接数量:0
当前地图的线程个数：9
当前地图的个数:47
当前数据库执行队列数:0
当前发送队列缓存的对象数量:0
totalMemory：762314752, use ：539450776, free ：222863976DirectMemory：1827143680, 恢复 ：1
当前时间 ：2026-08-20 19:09:09send keng：2418, sheng ：4194304
decode keng：26, sheng ：2097152
world keng：12, sheng ：1048576

2026-08-20 19:09:14.682 INFO [pool-6-thread-6][:] - /****************流量统计******************/
LastReadBytes:0
LastReadThroughput:0
LastWrittenBytes:0
LastWriteThroughput:0
RealWrittenBytes:0
RealWriteThroughput:0
当前玩家的连接数量:0
当前地图的线程个数：9
当前地图的个数:47
当前数据库执行队列数:0
当前发送队列缓存的对象数量:0
totalMemory：762314752, use ：542992736, free ：219322016DirectMemory：1827143680, 恢复 ：1
当前时间 ：2026-08-20 19:09:14send keng：2418, sheng ：4194304
decode keng：26, sheng ：2097152
world keng：12, sheng ：1048576

2026-08-20 19:09:19.682 INFO [pool-6-thread-3][:] - /****************流量统计******************/
LastReadBytes:0
LastReadThroughput:0
LastWrittenBytes:0
LastWriteThroughput:0
RealWrittenBytes:0
RealWriteThroughput:0
当前玩家的连接数量:0
当前地图的线程个数：9
当前地图的个数:47
当前数据库执行队列数:0
当前发送队列缓存的对象数量:0
totalMemory：762314752, use ：546178376, free ：216136376DirectMemory：1827143680, 恢复 ：1
当前时间 ：2026-08-20 19:09:19send keng：2418, sheng ：4194304
decode keng：26, sheng ：2097152
world keng：12, sheng ：1048576

2026-08-20 19:09:24.682 INFO [pool-6-thread-3][:] - /****************流量统计******************/
LastReadBytes:0
LastReadThroughput:0
LastWrittenBytes:0
LastWriteThroughput:0
RealWrittenBytes:0
RealWriteThroughput:0
当前玩家的连接数量:0
当前地图的线程个数：9
当前地图的个数:47
当前数据库执行队列数:0
当前发送队列缓存的对象数量:0
totalMemory：759693312, use ：421647048, free ：338046264DirectMemory：1827143680, 恢复 ：1
当前时间 ：2026-08-20 19:09:24send keng：2418, sheng ：4194304
decode keng：26, sheng ：2097152
world keng：12, sheng ：1048576

2026-08-20 19:09:29.682 INFO [pool-6-thread-8][:] - /****************流量统计******************/
LastReadBytes:0
LastReadThroughput:0
LastWrittenBytes:0
LastWriteThroughput:0
RealWrittenBytes:0
RealWriteThroughput:0
当前玩家的连接数量:0
当前地图的线程个数：9
当前地图的个数:47
当前数据库执行队列数:0
当前发送队列缓存的对象数量:0
totalMemory：759693312, use ：425144272, free ：334549040DirectMemory：1827143680, 恢复 ：1
当前时间 ：2026-08-20 19:09:29send keng：2418, sheng ：4194304
decode keng：26, sheng ：2097152
world keng：12, sheng ：1048576

2026-08-20 19:09:34.682 INFO [pool-6-thread-7][:] - /****************流量统计******************/
LastReadBytes:0
LastReadThroughput:0
LastWrittenBytes:0
LastWriteThroughput:0
RealWrittenBytes:0
RealWriteThroughput:0
当前玩家的连接数量:0
当前地图的线程个数：9
当前地图的个数:47
当前数据库执行队列数:0
当前发送队列缓存的对象数量:0
totalMemory：759693312, use ：428366480, free ：331326832DirectMemory：1827143680, 恢复 ：1
当前时间 ：2026-08-20 19:09:34send keng：2418, sheng ：4194304
decode keng：26, sheng ：2097152
world keng：12, sheng ：1048576

2026-08-20 19:09:39.682 INFO [pool-6-thread-10][:] - /****************流量统计******************/
LastReadBytes:0
LastReadThroughput:0
LastWrittenBytes:0
LastWriteThroughput:0
RealWrittenBytes:0
RealWriteThroughput:0
当前玩家的连接数量:0
当前地图的线程个数：9
当前地图的个数:47
当前数据库执行队列数:0
当前发送队列缓存的对象数量:0
totalMemory：759693312, use ：432342856, free ：327350456DirectMemory：1827143680, 恢复 ：1
当前时间 ：2026-08-20 19:09:39send keng：2418, sheng ：4194304
decode keng：26, sheng ：2097152
world keng：12, sheng ：1048576

2026-08-20 19:09:44.682 INFO [pool-6-thread-5][:] - /****************流量统计******************/
LastReadBytes:0
LastReadThroughput:0
LastWrittenBytes:0
LastWriteThroughput:0
RealWrittenBytes:0
RealWriteThroughput:0
当前玩家的连接数量:0
当前地图的线程个数：9
当前地图的个数:47
当前数据库执行队列数:0
当前发送队列缓存的对象数量:0
totalMemory：759693312, use ：435363632, free ：324329680DirectMemory：1827143680, 恢复 ：1
当前时间 ：2026-08-20 19:09:44send keng：2418, sheng ：4194304
decode keng：26, sheng ：2097152
world keng：12, sheng ：1048576

2026-08-20 19:09:49.682 INFO [pool-6-thread-7][:] - /****************流量统计******************/
LastReadBytes:0
LastReadThroughput:0
LastWrittenBytes:0
LastWriteThroughput:0
RealWrittenBytes:0
RealWriteThroughput:0
当前玩家的连接数量:0
当前地图的线程个数：9
当前地图的个数:47
当前数据库执行队列数:0
当前发送队列缓存的对象数量:0
totalMemory：759693312, use ：439368688, free ：320324624DirectMemory：1827143680, 恢复 ：1
当前时间 ：2026-08-20 19:09:49send keng：2418, sheng ：4194304
decode keng：26, sheng ：2097152
world keng：12, sheng ：1048576

2026-08-20 19:09:54.682 INFO [pool-6-thread-7][:] - /****************流量统计******************/
LastReadBytes:0
LastReadThroughput:0
LastWrittenBytes:0
LastWriteThroughput:0
RealWrittenBytes:0
RealWriteThroughput:0
当前玩家的连接数量:0
当前地图的线程个数：9
当前地图的个数:47
当前数据库执行队列数:0
当前发送队列缓存的对象数量:0
totalMemory：759693312, use ：442872728, free ：316820584DirectMemory：1827143680, 恢复 ：1
当前时间 ：2026-08-20 19:09:54send keng：2418, sheng ：4194304
decode keng：26, sheng ：2097152
world keng：12, sheng ：1048576

2026-08-20 19:09:59.682 INFO [pool-6-thread-3][:] - /****************流量统计******************/
LastReadBytes:0
LastReadThroughput:0
LastWrittenBytes:0
LastWriteThroughput:0
RealWrittenBytes:0
RealWriteThroughput:0
当前玩家的连接数量:0
当前地图的线程个数：9
当前地图的个数:47
当前数据库执行队列数:0
当前发送队列缓存的对象数量:0
totalMemory：759693312, use ：445791600, free ：313901712DirectMemory：1827143680, 恢复 ：1
当前时间 ：2026-08-20 19:09:59send keng：2418, sheng ：4194304
decode keng：26, sheng ：2097152
world keng：12, sheng ：1048576

2026-08-20 19:10:04.687 INFO [pool-6-thread-10][:] - /****************流量统计******************/
LastReadBytes:0
LastReadThroughput:0
LastWrittenBytes:0
LastWriteThroughput:0
RealWrittenBytes:0
RealWriteThroughput:0
当前玩家的连接数量:0
当前地图的线程个数：9
当前地图的个数:47
当前数据库执行队列数:0
当前发送队列缓存的对象数量:0
totalMemory：759693312, use ：449832056, free ：309861256DirectMemory：1827143680, 恢复 ：1
当前时间 ：2026-08-20 19:10:04send keng：2418, sheng ：4194304
decode keng：26, sheng ：2097152
world keng：12, sheng ：1048576

2026-08-20 19:10:09.682 INFO [pool-6-thread-9][:] - /****************流量统计******************/
LastReadBytes:0
LastReadThroughput:0
LastWrittenBytes:0
LastWriteThroughput:0
RealWrittenBytes:0
RealWriteThroughput:0
当前玩家的连接数量:0
当前地图的线程个数：9
当前地图的个数:47
当前数据库执行队列数:0
当前发送队列缓存的对象数量:0
totalMemory：759693312, use ：452845728, free ：306847584DirectMemory：1827143680, 恢复 ：1
当前时间 ：2026-08-20 19:10:09send keng：2418, sheng ：4194304
decode keng：26, sheng ：2097152
world keng：12, sheng ：1048576

2026-08-20 19:10:14.682 INFO [pool-6-thread-9][:] - /****************流量统计******************/
LastReadBytes:0
LastReadThroughput:0
LastWrittenBytes:0
LastWriteThroughput:0
RealWrittenBytes:0
RealWriteThroughput:0
当前玩家的连接数量:0
当前地图的线程个数：9
当前地图的个数:47
当前数据库执行队列数:0
当前发送队列缓存的对象数量:0
totalMemory：759693312, use ：456263168, free ：303430144DirectMemory：1827143680, 恢复 ：1
当前时间 ：2026-08-20 19:10:14send keng：2418, sheng ：4194304
decode keng：26, sheng ：2097152
world keng：12, sheng ：1048576

2026-08-20 19:10:19.682 INFO [pool-6-thread-2][:] - /****************流量统计******************/
LastReadBytes:0
LastReadThroughput:0
LastWrittenBytes:0
LastWriteThroughput:0
RealWrittenBytes:0
RealWriteThroughput:0
当前玩家的连接数量:0
当前地图的线程个数：9
当前地图的个数:47
当前数据库执行队列数:0
当前发送队列缓存的对象数量:0
totalMemory：759693312, use ：460239136, free ：299454176DirectMemory：1827143680, 恢复 ：1
当前时间 ：2026-08-20 19:10:19send keng：2418, sheng ：4194304
decode keng：26, sheng ：2097152
world keng：12, sheng ：1048576

2026-08-20 19:10:24.682 INFO [pool-6-thread-1][:] - /****************流量统计******************/
LastReadBytes:0
LastReadThroughput:0
LastWrittenBytes:0
LastWriteThroughput:0
RealWrittenBytes:0
RealWriteThroughput:0
当前玩家的连接数量:0
当前地图的线程个数：9
当前地图的个数:47
当前数据库执行队列数:0
当前发送队列缓存的对象数量:0
totalMemory：759693312, use ：463596696, free ：296096616DirectMemory：1827143680, 恢复 ：1
当前时间 ：2026-08-20 19:10:24send keng：2418, sheng ：4194304
decode keng：26, sheng ：2097152
world keng：12, sheng ：1048576

2026-08-20 19:10:29.682 INFO [pool-6-thread-7][:] - /****************流量统计******************/
LastReadBytes:0
LastReadThroughput:0
LastWrittenBytes:0
LastWriteThroughput:0
RealWrittenBytes:0
RealWriteThroughput:0
当前玩家的连接数量:0
当前地图的线程个数：9
当前地图的个数:47
当前数据库执行队列数:0
当前发送队列缓存的对象数量:0
totalMemory：759693312, use ：467094552, free ：292598760DirectMemory：1827143680, 恢复 ：1
当前时间 ：2026-08-20 19:10:29send keng：2418, sheng ：4194304
decode keng：26, sheng ：2097152
world keng：12, sheng ：1048576

2026-08-20 19:10:34.682 INFO [pool-6-thread-4][:] - /****************流量统计******************/
LastReadBytes:0
LastReadThroughput:0
LastWrittenBytes:0
LastWriteThroughput:0
RealWrittenBytes:0
RealWriteThroughput:0
当前玩家的连接数量:0
当前地图的线程个数：9
当前地图的个数:47
当前数据库执行队列数:0
当前发送队列缓存的对象数量:0
totalMemory：759693312, use ：470426104, free ：289267208DirectMemory：1827143680, 恢复 ：1
当前时间 ：2026-08-20 19:10:34send keng：2418, sheng ：4194304
decode keng：26, sheng ：2097152
world keng：12, sheng ：1048576

2026-08-20 19:10:39.682 INFO [pool-6-thread-5][:] - /****************流量统计******************/
LastReadBytes:0
LastReadThroughput:0
LastWrittenBytes:0
LastWriteThroughput:0
RealWrittenBytes:0
RealWriteThroughput:0
当前玩家的连接数量:0
当前地图的线程个数：9
当前地图的个数:47
当前数据库执行队列数:0
当前发送队列缓存的对象数量:0
totalMemory：759693312, use ：474246376, free ：285446936DirectMemory：1827143680, 恢复 ：1
当前时间 ：2026-08-20 19:10:39send keng：2418, sheng ：4194304
decode keng：26, sheng ：2097152
world keng：12, sheng ：1048576

2026-08-20 19:10:44.682 INFO [pool-6-thread-3][:] - /****************流量统计******************/
LastReadBytes:0
LastReadThroughput:0
LastWrittenBytes:0
LastWriteThroughput:0
RealWrittenBytes:0
RealWriteThroughput:0
当前玩家的连接数量:0
当前地图的线程个数：9
当前地图的个数:47
当前数据库执行队列数:0
当前发送队列缓存的对象数量:0
totalMemory：759693312, use ：478071768, free ：281621544DirectMemory：1827143680, 恢复 ：1
当前时间 ：2026-08-20 19:10:44send keng：2418, sheng ：4194304
decode keng：26, sheng ：2097152
world keng：12, sheng ：1048576

2026-08-20 19:10:49.682 INFO [pool-6-thread-9][:] - /****************流量统计******************/
LastReadBytes:0
LastReadThroughput:0
LastWrittenBytes:0
LastWriteThroughput:0
RealWrittenBytes:0
RealWriteThroughput:0
当前玩家的连接数量:0
当前地图的线程个数：9
当前地图的个数:47
当前数据库执行队列数:0
当前发送队列缓存的对象数量:0
totalMemory：759693312, use ：481113240, free ：278580072DirectMemory：1827143680, 恢复 ：1
当前时间 ：2026-08-20 19:10:49send keng：2418, sheng ：4194304
decode keng：26, sheng ：2097152
world keng：12, sheng ：1048576

2026-08-20 19:10:54.682 INFO [pool-6-thread-4][:] - /****************流量统计******************/
LastReadBytes:0
LastReadThroughput:0
LastWrittenBytes:0
LastWriteThroughput:0
RealWrittenBytes:0
RealWriteThroughput:0
当前玩家的连接数量:0
当前地图的线程个数：9
当前地图的个数:47
当前数据库执行队列数:0
当前发送队列缓存的对象数量:0
totalMemory：759693312, use ：484547768, free ：275145544DirectMemory：1827143680, 恢复 ：1
当前时间 ：2026-08-20 19:10:54send keng：2418, sheng ：4194304
decode keng：26, sheng ：2097152
world keng：12, sheng ：1048576

2026-08-20 19:10:59.682 INFO [pool-6-thread-5][:] - /****************流量统计******************/
LastReadBytes:0
LastReadThroughput:0
LastWrittenBytes:0
LastWriteThroughput:0
RealWrittenBytes:0
RealWriteThroughput:0
当前玩家的连接数量:0
当前地图的线程个数：9
当前地图的个数:47
当前数据库执行队列数:0
当前发送队列缓存的对象数量:0
totalMemory：759693312, use ：488086200, free ：271607112DirectMemory：1827143680, 恢复 ：1
当前时间 ：2026-08-20 19:10:59send keng：2418, sheng ：4194304
decode keng：26, sheng ：2097152
world keng：12, sheng ：1048576

2026-08-20 19:11:04.682 INFO [pool-6-thread-8][:] - /****************流量统计******************/
LastReadBytes:0
LastReadThroughput:0
LastWrittenBytes:0
LastWriteThroughput:0
RealWrittenBytes:0
RealWriteThroughput:0
当前玩家的连接数量:0
当前地图的线程个数：9
当前地图的个数:47
当前数据库执行队列数:0
当前发送队列缓存的对象数量:0
totalMemory：759693312, use ：490996816, free ：268696496DirectMemory：1827143680, 恢复 ：1
当前时间 ：2026-08-20 19:11:04send keng：2418, sheng ：4194304
decode keng：26, sheng ：2097152
world keng：12, sheng ：1048576

2026-08-20 19:11:09.682 INFO [pool-6-thread-10][:] - /****************流量统计******************/
LastReadBytes:0
LastReadThroughput:0
LastWrittenBytes:0
LastWriteThroughput:0
RealWrittenBytes:0
RealWriteThroughput:0
当前玩家的连接数量:0
当前地图的线程个数：9
当前地图的个数:47
当前数据库执行队列数:0
当前发送队列缓存的对象数量:0
totalMemory：759693312, use ：495006072, free ：264687240DirectMemory：1827143680, 恢复 ：1
当前时间 ：2026-08-20 19:11:09send keng：2418, sheng ：4194304
decode keng：26, sheng ：2097152
world keng：12, sheng ：1048576

2026-08-20 19:11:14.682 INFO [pool-6-thread-6][:] - /****************流量统计******************/
LastReadBytes:0
LastReadThroughput:0
LastWrittenBytes:0
LastWriteThroughput:0
RealWrittenBytes:0
RealWriteThroughput:0
当前玩家的连接数量:0
当前地图的线程个数：9
当前地图的个数:47
当前数据库执行队列数:0
当前发送队列缓存的对象数量:0
totalMemory：759693312, use ：498095712, free ：261597600DirectMemory：1827143680, 恢复 ：1
当前时间 ：2026-08-20 19:11:14send keng：2418, sheng ：4194304
decode keng：26, sheng ：2097152
world keng：12, sheng ：1048576

2026-08-20 19:11:19.682 INFO [pool-6-thread-4][:] - /****************流量统计******************/
LastReadBytes:0
LastReadThroughput:0
LastWrittenBytes:0
LastWriteThroughput:0
RealWrittenBytes:0
RealWriteThroughput:0
当前玩家的连接数量:0
当前地图的线程个数：9
当前地图的个数:47
当前数据库执行队列数:0
当前发送队列缓存的对象数量:0
totalMemory：759693312, use ：501479400, free ：258213912DirectMemory：1827143680, 恢复 ：1
当前时间 ：2026-08-20 19:11:19send keng：2418, sheng ：4194304
decode keng：26, sheng ：2097152
world keng：12, sheng ：1048576

2026-08-20 19:11:24.683 INFO [pool-6-thread-2][:] - /****************流量统计******************/
LastReadBytes:0
LastReadThroughput:0
LastWrittenBytes:0
LastWriteThroughput:0
RealWrittenBytes:0
RealWriteThroughput:0
当前玩家的连接数量:0
当前地图的线程个数：9
当前地图的个数:47
当前数据库执行队列数:0
当前发送队列缓存的对象数量:0
totalMemory：759693312, use ：505106808, free ：254586504DirectMemory：1827143680, 恢复 ：1
当前时间 ：2026-08-20 19:11:24send keng：2418, sheng ：4194304
decode keng：26, sheng ：2097152
world keng：12, sheng ：1048576

2026-08-20 19:11:29.683 INFO [pool-6-thread-10][:] - /****************流量统计******************/
LastReadBytes:0
LastReadThroughput:0
LastWrittenBytes:0
LastWriteThroughput:0
RealWrittenBytes:0
RealWriteThroughput:0
当前玩家的连接数量:0
当前地图的线程个数：9
当前地图的个数:47
当前数据库执行队列数:0
当前发送队列缓存的对象数量:0
totalMemory：759693312, use ：508340488, free ：251352824DirectMemory：1827143680, 恢复 ：1
当前时间 ：2026-08-20 19:11:29send keng：2418, sheng ：4194304
decode keng：26, sheng ：2097152
world keng：12, sheng ：1048576

2026-08-20 19:11:34.682 INFO [pool-6-thread-7][:] - /****************流量统计******************/
LastReadBytes:0
LastReadThroughput:0
LastWrittenBytes:0
LastWriteThroughput:0
RealWrittenBytes:0
RealWriteThroughput:0
当前玩家的连接数量:0
当前地图的线程个数：9
当前地图的个数:47
当前数据库执行队列数:0
当前发送队列缓存的对象数量:0
totalMemory：759693312, use ：511398240, free ：248295072DirectMemory：1827143680, 恢复 ：1
当前时间 ：2026-08-20 19:11:34send keng：2418, sheng ：4194304
decode keng：26, sheng ：2097152
world keng：12, sheng ：1048576

2026-08-20 19:11:39.682 INFO [pool-6-thread-7][:] - /****************流量统计******************/
LastReadBytes:0
LastReadThroughput:0
LastWrittenBytes:0
LastWriteThroughput:0
RealWrittenBytes:0
RealWriteThroughput:0
当前玩家的连接数量:0
当前地图的线程个数：9
当前地图的个数:47
当前数据库执行队列数:0
当前发送队列缓存的对象数量:0
totalMemory：759693312, use ：514969616, free ：244723696DirectMemory：1827143680, 恢复 ：1
当前时间 ：2026-08-20 19:11:39send keng：2418, sheng ：4194304
decode keng：26, sheng ：2097152
world keng：12, sheng ：1048576

2026-08-20 19:11:44.682 INFO [pool-6-thread-7][:] - /****************流量统计******************/
LastReadBytes:0
LastReadThroughput:0
LastWrittenBytes:0
LastWriteThroughput:0
RealWrittenBytes:0
RealWriteThroughput:0
当前玩家的连接数量:0
当前地图的线程个数：9
当前地图的个数:47
当前数据库执行队列数:0
当前发送队列缓存的对象数量:0
totalMemory：759693312, use ：518258968, free ：241434344DirectMemory：1827143680, 恢复 ：1
当前时间 ：2026-08-20 19:11:44send keng：2418, sheng ：4194304
decode keng：26, sheng ：2097152
world keng：12, sheng ：1048576

2026-08-20 19:11:49.682 INFO [pool-6-thread-5][:] - /****************流量统计******************/
LastReadBytes:0
LastReadThroughput:0
LastWrittenBytes:0
LastWriteThroughput:0
RealWrittenBytes:0
RealWriteThroughput:0
当前玩家的连接数量:0
当前地图的线程个数：9
当前地图的个数:47
当前数据库执行队列数:0
当前发送队列缓存的对象数量:0
totalMemory：759693312, use ：521719880, free ：237973432DirectMemory：1827143680, 恢复 ：1
当前时间 ：2026-08-20 19:11:49send keng：2418, sheng ：4194304
decode keng：26, sheng ：2097152
world keng：12, sheng ：1048576

2026-08-20 19:11:54.682 INFO [pool-6-thread-5][:] - /****************流量统计******************/
LastReadBytes:0
LastReadThroughput:0
LastWrittenBytes:0
LastWriteThroughput:0
RealWrittenBytes:0
RealWriteThroughput:0
当前玩家的连接数量:0
当前地图的线程个数：9
当前地图的个数:47
当前数据库执行队列数:0
当前发送队列缓存的对象数量:0
totalMemory：759693312, use ：525509288, free ：234184024DirectMemory：1827143680, 恢复 ：1
当前时间 ：2026-08-20 19:11:54send keng：2418, sheng ：4194304
decode keng：26, sheng ：2097152
world keng：12, sheng ：1048576

2026-08-20 19:11:59.682 INFO [pool-6-thread-4][:] - /****************流量统计******************/
LastReadBytes:0
LastReadThroughput:0
LastWrittenBytes:0
LastWriteThroughput:0
RealWrittenBytes:0
RealWriteThroughput:0
当前玩家的连接数量:0
当前地图的线程个数：9
当前地图的个数:47
当前数据库执行队列数:0
当前发送队列缓存的对象数量:0
totalMemory：759693312, use ：528568624, free ：231124688DirectMemory：1827143680, 恢复 ：1
当前时间 ：2026-08-20 19:11:59send keng：2418, sheng ：4194304
decode keng：26, sheng ：2097152
world keng：12, sheng ：1048576

2026-08-20 19:12:04.682 INFO [pool-6-thread-5][:] - /****************流量统计******************/
LastReadBytes:0
LastReadThroughput:0
LastWrittenBytes:0
LastWriteThroughput:0
RealWrittenBytes:0
RealWriteThroughput:0
当前玩家的连接数量:0
当前地图的线程个数：9
当前地图的个数:47
当前数据库执行队列数:0
当前发送队列缓存的对象数量:0
totalMemory：759693312, use ：532778440, free ：226914872DirectMemory：1827143680, 恢复 ：1
当前时间 ：2026-08-20 19:12:04send keng：2418, sheng ：4194304
decode keng：26, sheng ：2097152
world keng：12, sheng ：1048576

2026-08-20 19:12:09.682 INFO [pool-6-thread-7][:] - /****************流量统计******************/
LastReadBytes:0
LastReadThroughput:0
LastWrittenBytes:0
LastWriteThroughput:0
RealWrittenBytes:0
RealWriteThroughput:0
当前玩家的连接数量:0
当前地图的线程个数：9
当前地图的个数:47
当前数据库执行队列数:0
当前发送队列缓存的对象数量:0
totalMemory：759693312, use ：535911808, free ：223781504DirectMemory：1827143680, 恢复 ：1
当前时间 ：2026-08-20 19:12:09send keng：2418, sheng ：4194304
decode keng：26, sheng ：2097152
world keng：12, sheng ：1048576

2026-08-20 19:12:14.682 INFO [pool-6-thread-3][:] - /****************流量统计******************/
LastReadBytes:0
LastReadThroughput:0
LastWrittenBytes:0
LastWriteThroughput:0
RealWrittenBytes:0
RealWriteThroughput:0
当前玩家的连接数量:0
当前地图的线程个数：9
当前地图的个数:47
当前数据库执行队列数:0
当前发送队列缓存的对象数量:0
totalMemory：759693312, use ：539097808, free ：220595504DirectMemory：1827143680, 恢复 ：1
当前时间 ：2026-08-20 19:12:14send keng：2418, sheng ：4194304
decode keng：26, sheng ：2097152
world keng：12, sheng ：1048576

2026-08-20 19:12:19.682 INFO [pool-6-thread-1][:] - /****************流量统计******************/
LastReadBytes:0
LastReadThroughput:0
LastWrittenBytes:0
LastWriteThroughput:0
RealWrittenBytes:0
RealWriteThroughput:0
当前玩家的连接数量:0
当前地图的线程个数：9
当前地图的个数:47
当前数据库执行队列数:0
当前发送队列缓存的对象数量:0
totalMemory：759693312, use ：543001968, free ：216691344DirectMemory：1827143680, 恢复 ：1
当前时间 ：2026-08-20 19:12:19send keng：2418, sheng ：4194304
decode keng：26, sheng ：2097152
world keng：12, sheng ：1048576

2026-08-20 19:12:24.682 INFO [pool-6-thread-2][:] - /****************流量统计******************/
LastReadBytes:0
LastReadThroughput:0
LastWrittenBytes:0
LastWriteThroughput:0
RealWrittenBytes:0
RealWriteThroughput:0
当前玩家的连接数量:0
当前地图的线程个数：9
当前地图的个数:47
当前数据库执行队列数:0
当前发送队列缓存的对象数量:0
totalMemory：757071872, use ：420084728, free ：336987144DirectMemory：1827143680, 恢复 ：1
当前时间 ：2026-08-20 19:12:24send keng：2418, sheng ：4194304
decode keng：26, sheng ：2097152
world keng：12, sheng ：1048576

2026-08-20 19:12:29.682 INFO [pool-6-thread-5][:] - /****************流量统计******************/
LastReadBytes:0
LastReadThroughput:0
LastWrittenBytes:0
LastWriteThroughput:0
RealWrittenBytes:0
RealWriteThroughput:0
当前玩家的连接数量:0
当前地图的线程个数：9
当前地图的个数:47
当前数据库执行队列数:0
当前发送队列缓存的对象数量:0
totalMemory：757071872, use ：424338832, free ：332733040DirectMemory：1827143680, 恢复 ：1
当前时间 ：2026-08-20 19:12:29send keng：2418, sheng ：4194304
decode keng：26, sheng ：2097152
world keng：12, sheng ：1048576

2026-08-20 19:12:34.690 INFO [pool-6-thread-7][:] - /****************流量统计******************/
LastReadBytes:0
LastReadThroughput:0
LastWrittenBytes:0
LastWriteThroughput:0
RealWrittenBytes:0
RealWriteThroughput:0
当前玩家的连接数量:0
当前地图的线程个数：9
当前地图的个数:47
当前数据库执行队列数:0
当前发送队列缓存的对象数量:0
totalMemory：757071872, use ：427608736, free ：329463136DirectMemory：1827143680, 恢复 ：1
当前时间 ：2026-08-20 19:12:34send keng：2418, sheng ：4194304
decode keng：26, sheng ：2097152
world keng：12, sheng ：1048576

2026-08-20 19:12:39.682 INFO [pool-6-thread-6][:] - /****************流量统计******************/
LastReadBytes:0
LastReadThroughput:0
LastWrittenBytes:0
LastWriteThroughput:0
RealWrittenBytes:0
RealWriteThroughput:0
当前玩家的连接数量:0
当前地图的线程个数：9
当前地图的个数:47
当前数据库执行队列数:0
当前发送队列缓存的对象数量:0
totalMemory：757071872, use ：430568016, free ：326503856DirectMemory：1827143680, 恢复 ：1
当前时间 ：2026-08-20 19:12:39send keng：2418, sheng ：4194304
decode keng：26, sheng ：2097152
world keng：12, sheng ：1048576

2026-08-20 19:12:44.682 INFO [pool-6-thread-7][:] - /****************流量统计******************/
LastReadBytes:0
LastReadThroughput:0
LastWrittenBytes:0
LastWriteThroughput:0
RealWrittenBytes:0
RealWriteThroughput:0
当前玩家的连接数量:0
当前地图的线程个数：9
当前地图的个数:47
当前数据库执行队列数:0
当前发送队列缓存的对象数量:0
totalMemory：757071872, use ：434513184, free ：322558688DirectMemory：1827143680, 恢复 ：1
当前时间 ：2026-08-20 19:12:44send keng：2418, sheng ：4194304
decode keng：26, sheng ：2097152
world keng：12, sheng ：1048576

2026-08-20 19:12:49.682 INFO [pool-6-thread-1][:] - /****************流量统计******************/
LastReadBytes:0
LastReadThroughput:0
LastWrittenBytes:0
LastWriteThroughput:0
RealWrittenBytes:0
RealWriteThroughput:0
当前玩家的连接数量:0
当前地图的线程个数：9
当前地图的个数:47
当前数据库执行队列数:0
当前发送队列缓存的对象数量:0
totalMemory：757071872, use ：437602240, free ：319469632DirectMemory：1827143680, 恢复 ：1
当前时间 ：2026-08-20 19:12:49send keng：2418, sheng ：4194304
decode keng：26, sheng ：2097152
world keng：12, sheng ：1048576

2026-08-20 19:12:54.682 INFO [pool-6-thread-3][:] - /****************流量统计******************/
LastReadBytes:0
LastReadThroughput:0
LastWrittenBytes:0
LastWriteThroughput:0
RealWrittenBytes:0
RealWriteThroughput:0
当前玩家的连接数量:0
当前地图的线程个数：9
当前地图的个数:47
当前数据库执行队列数:0
当前发送队列缓存的对象数量:0
totalMemory：757071872, use ：441353280, free ：315718592DirectMemory：1827143680, 恢复 ：1
当前时间 ：2026-08-20 19:12:54send keng：2418, sheng ：4194304
decode keng：26, sheng ：2097152
world keng：12, sheng ：1048576

2026-08-20 19:12:59.682 INFO [pool-6-thread-6][:] - /****************流量统计******************/
LastReadBytes:0
LastReadThroughput:0
LastWrittenBytes:0
LastWriteThroughput:0
RealWrittenBytes:0
RealWriteThroughput:0
当前玩家的连接数量:0
当前地图的线程个数：9
当前地图的个数:47
当前数据库执行队列数:0
当前发送队列缓存的对象数量:0
totalMemory：757071872, use ：444453568, free ：312618304DirectMemory：1827143680, 恢复 ：1
当前时间 ：2026-08-20 19:12:59send keng：2418, sheng ：4194304
decode keng：26, sheng ：2097152
world keng：12, sheng ：1048576

2026-08-20 19:13:04.682 INFO [pool-6-thread-8][:] - /****************流量统计******************/
LastReadBytes:0
LastReadThroughput:0
LastWrittenBytes:0
LastWriteThroughput:0
RealWrittenBytes:0
RealWriteThroughput:0
当前玩家的连接数量:0
当前地图的线程个数：9
当前地图的个数:47
当前数据库执行队列数:0
当前发送队列缓存的对象数量:0
totalMemory：757071872, use ：447969824, free ：309102048DirectMemory：1827143680, 恢复 ：1
当前时间 ：2026-08-20 19:13:04send keng：2418, sheng ：4194304
decode keng：26, sheng ：2097152
world keng：12, sheng ：1048576

2026-08-20 19:13:09.682 INFO [pool-6-thread-1][:] - /****************流量统计******************/
LastReadBytes:0
LastReadThroughput:0
LastWrittenBytes:0
LastWriteThroughput:0
RealWrittenBytes:0
RealWriteThroughput:0
当前玩家的连接数量:0
当前地图的线程个数：9
当前地图的个数:47
当前数据库执行队列数:0
当前发送队列缓存的对象数量:0
totalMemory：757071872, use ：451894608, free ：305177264DirectMemory：1827143680, 恢复 ：1
当前时间 ：2026-08-20 19:13:09send keng：2418, sheng ：4194304
decode keng：26, sheng ：2097152
world keng：12, sheng ：1048576

2026-08-20 19:13:14.682 INFO [pool-6-thread-1][:] - /****************流量统计******************/
LastReadBytes:0
LastReadThroughput:0
LastWrittenBytes:0
LastWriteThroughput:0
RealWrittenBytes:0
RealWriteThroughput:0
当前玩家的连接数量:0
当前地图的线程个数：9
当前地图的个数:47
当前数据库执行队列数:0
当前发送队列缓存的对象数量:0
totalMemory：757071872, use ：455164536, free ：301907336DirectMemory：1827143680, 恢复 ：1
当前时间 ：2026-08-20 19:13:14send keng：2418, sheng ：4194304
decode keng：26, sheng ：2097152
world keng：12, sheng ：1048576

2026-08-20 19:13:19.682 INFO [pool-6-thread-8][:] - /****************流量统计******************/
LastReadBytes:0
LastReadThroughput:0
LastWrittenBytes:0
LastWriteThroughput:0
RealWrittenBytes:0
RealWriteThroughput:0
当前玩家的连接数量:0
当前地图的线程个数：9
当前地图的个数:47
当前数据库执行队列数:0
当前发送队列缓存的对象数量:0
totalMemory：757071872, use ：458801408, free ：298270464DirectMemory：1827143680, 恢复 ：1
当前时间 ：2026-08-20 19:13:19send keng：2418, sheng ：4194304
decode keng：26, sheng ：2097152
world keng：12, sheng ：1048576

2026-08-20 19:13:24.682 INFO [pool-6-thread-4][:] - /****************流量统计******************/
LastReadBytes:0
LastReadThroughput:0
LastWrittenBytes:0
LastWriteThroughput:0
RealWrittenBytes:0
RealWriteThroughput:0
当前玩家的连接数量:0
当前地图的线程个数：9
当前地图的个数:47
当前数据库执行队列数:0
当前发送队列缓存的对象数量:0
totalMemory：757071872, use ：462202960, free ：294868912DirectMemory：1827143680, 恢复 ：1
当前时间 ：2026-08-20 19:13:24send keng：2418, sheng ：4194304
decode keng：26, sheng ：2097152
world keng：12, sheng ：1048576

2026-08-20 19:13:29.682 INFO [pool-6-thread-10][:] - /****************流量统计******************/
LastReadBytes:0
LastReadThroughput:0
LastWrittenBytes:0
LastWriteThroughput:0
RealWrittenBytes:0
RealWriteThroughput:0
当前玩家的连接数量:0
当前地图的线程个数：9
当前地图的个数:47
当前数据库执行队列数:0
当前发送队列缓存的对象数量:0
totalMemory：757071872, use ：465767560, free ：291304312DirectMemory：1827143680, 恢复 ：1
当前时间 ：2026-08-20 19:13:29send keng：2418, sheng ：4194304
decode keng：26, sheng ：2097152
world keng：12, sheng ：1048576

2026-08-20 19:13:34.682 INFO [pool-6-thread-1][:] - /****************流量统计******************/
LastReadBytes:0
LastReadThroughput:0
LastWrittenBytes:0
LastWriteThroughput:0
RealWrittenBytes:0
RealWriteThroughput:0
当前玩家的连接数量:0
当前地图的线程个数：9
当前地图的个数:47
当前数据库执行队列数:0
当前发送队列缓存的对象数量:0
totalMemory：757071872, use ：469386704, free ：287685168DirectMemory：1827143680, 恢复 ：1
当前时间 ：2026-08-20 19:13:34send keng：2418, sheng ：4194304
decode keng：26, sheng ：2097152
world keng：12, sheng ：1048576

2026-08-20 19:13:39.682 INFO [pool-6-thread-3][:] - /****************流量统计******************/
LastReadBytes:0
LastReadThroughput:0
LastWrittenBytes:0
LastWriteThroughput:0
RealWrittenBytes:0
RealWriteThroughput:0
当前玩家的连接数量:0
当前地图的线程个数：9
当前地图的个数:47
当前数据库执行队列数:0
当前发送队列缓存的对象数量:0
totalMemory：757071872, use ：472350928, free ：284720944DirectMemory：1827143680, 恢复 ：1
当前时间 ：2026-08-20 19:13:39send keng：2418, sheng ：4194304
decode keng：26, sheng ：2097152
world keng：12, sheng ：1048576

2026-08-20 19:13:44.682 INFO [pool-6-thread-7][:] - /****************流量统计******************/
LastReadBytes:0
LastReadThroughput:0
LastWrittenBytes:0
LastWriteThroughput:0
RealWrittenBytes:0
RealWriteThroughput:0
当前玩家的连接数量:0
当前地图的线程个数：9
当前地图的个数:47
当前数据库执行队列数:0
当前发送队列缓存的对象数量:0
totalMemory：757071872, use ：476260800, free ：280811072DirectMemory：1827143680, 恢复 ：1
当前时间 ：2026-08-20 19:13:44send keng：2418, sheng ：4194304
decode keng：26, sheng ：2097152
world keng：12, sheng ：1048576

2026-08-20 19:13:49.682 INFO [pool-6-thread-9][:] - /****************流量统计******************/
LastReadBytes:0
LastReadThroughput:0
LastWrittenBytes:0
LastWriteThroughput:0
RealWrittenBytes:0
RealWriteThroughput:0
当前玩家的连接数量:0
当前地图的线程个数：9
当前地图的个数:47
当前数据库执行队列数:0
当前发送队列缓存的对象数量:0
totalMemory：757071872, use ：479685808, free ：277386064DirectMemory：1827143680, 恢复 ：1
当前时间 ：2026-08-20 19:13:49send keng：2418, sheng ：4194304
decode keng：26, sheng ：2097152
world keng：12, sheng ：1048576

2026-08-20 19:13:54.682 INFO [pool-6-thread-7][:] - /****************流量统计******************/
LastReadBytes:0
LastReadThroughput:0
LastWrittenBytes:0
LastWriteThroughput:0
RealWrittenBytes:0
RealWriteThroughput:0
当前玩家的连接数量:0
当前地图的线程个数：9
当前地图的个数:47
当前数据库执行队列数:0
当前发送队列缓存的对象数量:0
totalMemory：757071872, use ：483294648, free ：273777224DirectMemory：1827143680, 恢复 ：1
当前时间 ：2026-08-20 19:13:54send keng：2418, sheng ：4194304
decode keng：26, sheng ：2097152
world keng：12, sheng ：1048576

2026-08-20 19:13:59.682 INFO [pool-6-thread-3][:] - /****************流量统计******************/
LastReadBytes:0
LastReadThroughput:0
LastWrittenBytes:0
LastWriteThroughput:0
RealWrittenBytes:0
RealWriteThroughput:0
当前玩家的连接数量:0
当前地图的线程个数：9
当前地图的个数:47
当前数据库执行队列数:0
当前发送队列缓存的对象数量:0
totalMemory：757071872, use ：486400720, free ：270671152DirectMemory：1827143680, 恢复 ：1
当前时间 ：2026-08-20 19:13:59send keng：2418, sheng ：4194304
decode keng：26, sheng ：2097152
world keng：12, sheng ：1048576

2026-08-20 19:14:04.682 INFO [pool-6-thread-10][:] - /****************流量统计******************/
LastReadBytes:0
LastReadThroughput:0
LastWrittenBytes:0
LastWriteThroughput:0
RealWrittenBytes:0
RealWriteThroughput:0
当前玩家的连接数量:0
当前地图的线程个数：9
当前地图的个数:47
当前数据库执行队列数:0
当前发送队列缓存的对象数量:0
totalMemory：757071872, use ：489686176, free ：267385696DirectMemory：1827143680, 恢复 ：1
当前时间 ：2026-08-20 19:14:04send keng：2418, sheng ：4194304
decode keng：26, sheng ：2097152
world keng：12, sheng ：1048576

2026-08-20 19:14:09.682 INFO [pool-6-thread-1][:] - /****************流量统计******************/
LastReadBytes:0
LastReadThroughput:0
LastWrittenBytes:0
LastWriteThroughput:0
RealWrittenBytes:0
RealWriteThroughput:0
当前玩家的连接数量:0
当前地图的线程个数：9
当前地图的个数:47
当前数据库执行队列数:0
当前发送队列缓存的对象数量:0
totalMemory：757071872, use ：493525552, free ：263546320DirectMemory：1827143680, 恢复 ：1
当前时间 ：2026-08-20 19:14:09send keng：2418, sheng ：4194304
decode keng：26, sheng ：2097152
world keng：12, sheng ：1048576

2026-08-20 19:14:14.682 INFO [pool-6-thread-7][:] - /****************流量统计******************/
LastReadBytes:0
LastReadThroughput:0
LastWrittenBytes:0
LastWriteThroughput:0
RealWrittenBytes:0
RealWriteThroughput:0
当前玩家的连接数量:0
当前地图的线程个数：9
当前地图的个数:47
当前数据库执行队列数:0
当前发送队列缓存的对象数量:0
totalMemory：757071872, use ：497039168, free ：260032704DirectMemory：1827143680, 恢复 ：1
当前时间 ：2026-08-20 19:14:14send keng：2418, sheng ：4194304
decode keng：26, sheng ：2097152
world keng：12, sheng ：1048576

2026-08-20 19:14:19.682 INFO [pool-6-thread-3][:] - /****************流量统计******************/
LastReadBytes:0
LastReadThroughput:0
LastWrittenBytes:0
LastWriteThroughput:0
RealWrittenBytes:0
RealWriteThroughput:0
当前玩家的连接数量:0
当前地图的线程个数：9
当前地图的个数:47
当前数据库执行队列数:0
当前发送队列缓存的对象数量:0
totalMemory：757071872, use ：500645072, free ：256426800DirectMemory：1827143680, 恢复 ：1
当前时间 ：2026-08-20 19:14:19send keng：2418, sheng ：4194304
decode keng：26, sheng ：2097152
world keng：12, sheng ：1048576

2026-08-20 19:14:24.682 INFO [pool-6-thread-7][:] - /****************流量统计******************/
LastReadBytes:0
LastReadThroughput:0
LastWrittenBytes:0
LastWriteThroughput:0
RealWrittenBytes:0
RealWriteThroughput:0
当前玩家的连接数量:0
当前地图的线程个数：9
当前地图的个数:47
当前数据库执行队列数:0
当前发送队列缓存的对象数量:0
totalMemory：757071872, use ：504387176, free ：252684696DirectMemory：1827143680, 恢复 ：1
当前时间 ：2026-08-20 19:14:24send keng：2418, sheng ：4194304
decode keng：26, sheng ：2097152
world keng：12, sheng ：1048576

2026-08-20 19:14:29.682 INFO [pool-6-thread-4][:] - /****************流量统计******************/
LastReadBytes:0
LastReadThroughput:0
LastWrittenBytes:0
LastWriteThroughput:0
RealWrittenBytes:0
RealWriteThroughput:0
当前玩家的连接数量:0
当前地图的线程个数：9
当前地图的个数:47
当前数据库执行队列数:0
当前发送队列缓存的对象数量:0
totalMemory：757071872, use ：507568064, free ：249503808DirectMemory：1827143680, 恢复 ：1
当前时间 ：2026-08-20 19:14:29send keng：2418, sheng ：4194304
decode keng：26, sheng ：2097152
world keng：12, sheng ：1048576

2026-08-20 19:14:34.682 INFO [pool-6-thread-5][:] - /****************流量统计******************/
LastReadBytes:0
LastReadThroughput:0
LastWrittenBytes:0
LastWriteThroughput:0
RealWrittenBytes:0
RealWriteThroughput:0
当前玩家的连接数量:0
当前地图的线程个数：9
当前地图的个数:47
当前数据库执行队列数:0
当前发送队列缓存的对象数量:0
totalMemory：757071872, use ：511023320, free ：246048552DirectMemory：1827143680, 恢复 ：1
当前时间 ：2026-08-20 19:14:34send keng：2418, sheng ：4194304
decode keng：26, sheng ：2097152
world keng：12, sheng ：1048576

2026-08-20 19:14:39.690 INFO [pool-6-thread-9][:] - /****************流量统计******************/
LastReadBytes:0
LastReadThroughput:0
LastWrittenBytes:0
LastWriteThroughput:0
RealWrittenBytes:0
RealWriteThroughput:0
当前玩家的连接数量:0
当前地图的线程个数：9
当前地图的个数:47
当前数据库执行队列数:0
当前发送队列缓存的对象数量:0
totalMemory：757071872, use ：514362024, free ：242709848DirectMemory：1827143680, 恢复 ：1
当前时间 ：2026-08-20 19:14:39send keng：2418, sheng ：4194304
decode keng：26, sheng ：2097152
world keng：12, sheng ：1048576

2026-08-20 19:14:44.682 INFO [pool-6-thread-2][:] - /****************流量统计******************/
LastReadBytes:0
LastReadThroughput:0
LastWrittenBytes:0
LastWriteThroughput:0
RealWrittenBytes:0
RealWriteThroughput:0
当前玩家的连接数量:0
当前地图的线程个数：9
当前地图的个数:47
当前数据库执行队列数:0
当前发送队列缓存的对象数量:0
totalMemory：757071872, use ：517792680, free ：239279192DirectMemory：1827143680, 恢复 ：1
当前时间 ：2026-08-20 19:14:44send keng：2418, sheng ：4194304
decode keng：26, sheng ：2097152
world keng：12, sheng ：1048576

2026-08-20 19:14:49.682 INFO [pool-6-thread-8][:] - /****************流量统计******************/
LastReadBytes:0
LastReadThroughput:0
LastWrittenBytes:0
LastWriteThroughput:0
RealWrittenBytes:0
RealWriteThroughput:0
当前玩家的连接数量:0
当前地图的线程个数：9
当前地图的个数:47
当前数据库执行队列数:0
当前发送队列缓存的对象数量:0
totalMemory：757071872, use ：521220768, free ：235851104DirectMemory：1827143680, 恢复 ：1
当前时间 ：2026-08-20 19:14:49send keng：2418, sheng ：4194304
decode keng：26, sheng ：2097152
world keng：12, sheng ：1048576

2026-08-20 19:14:54.682 INFO [pool-6-thread-6][:] - /****************流量统计******************/
LastReadBytes:0
LastReadThroughput:0
LastWrittenBytes:0
LastWriteThroughput:0
RealWrittenBytes:0
RealWriteThroughput:0
当前玩家的连接数量:0
当前地图的线程个数：9
当前地图的个数:47
当前数据库执行队列数:0
当前发送队列缓存的对象数量:0
totalMemory：757071872, use ：524470296, free ：232601576DirectMemory：1827143680, 恢复 ：1
当前时间 ：2026-08-20 19:14:54send keng：2418, sheng ：4194304
decode keng：26, sheng ：2097152
world keng：12, sheng ：1048576

2026-08-20 19:14:59.682 INFO [pool-6-thread-2][:] - /****************流量统计******************/
LastReadBytes:0
LastReadThroughput:0
LastWrittenBytes:0
LastWriteThroughput:0
RealWrittenBytes:0
RealWriteThroughput:0
当前玩家的连接数量:0
当前地图的线程个数：9
当前地图的个数:47
当前数据库执行队列数:0
当前发送队列缓存的对象数量:0
totalMemory：757071872, use ：528344968, free ：228726904DirectMemory：1827143680, 恢复 ：1
当前时间 ：2026-08-20 19:14:59send keng：2418, sheng ：4194304
decode keng：26, sheng ：2097152
world keng：12, sheng ：1048576

2026-08-20 19:15:04.685 INFO [pool-6-thread-5][:] - /****************流量统计******************/
LastReadBytes:0
LastReadThroughput:0
LastWrittenBytes:0
LastWriteThroughput:0
RealWrittenBytes:0
RealWriteThroughput:0
当前玩家的连接数量:0
当前地图的线程个数：9
当前地图的个数:47
当前数据库执行队列数:0
当前发送队列缓存的对象数量:0
totalMemory：757071872, use ：531483480, free ：225588392DirectMemory：1827143680, 恢复 ：1
当前时间 ：2026-08-20 19:15:04send keng：2418, sheng ：4194304
decode keng：26, sheng ：2097152
world keng：12, sheng ：1048576

2026-08-20 19:15:09.682 INFO [pool-6-thread-9][:] - /****************流量统计******************/
LastReadBytes:0
LastReadThroughput:0
LastWrittenBytes:0
LastWriteThroughput:0
RealWrittenBytes:0
RealWriteThroughput:0
当前玩家的连接数量:0
当前地图的线程个数：9
当前地图的个数:47
当前数据库执行队列数:0
当前发送队列缓存的对象数量:0
totalMemory：757071872, use ：535038864, free ：222033008DirectMemory：1827143680, 恢复 ：1
当前时间 ：2026-08-20 19:15:09send keng：2418, sheng ：4194304
decode keng：26, sheng ：2097152
world keng：12, sheng ：1048576

2026-08-20 19:15:14.683 INFO [pool-6-thread-10][:] - /****************流量统计******************/
LastReadBytes:0
LastReadThroughput:0
LastWrittenBytes:0
LastWriteThroughput:0
RealWrittenBytes:0
RealWriteThroughput:0
当前玩家的连接数量:0
当前地图的线程个数：9
当前地图的个数:47
当前数据库执行队列数:0
当前发送队列缓存的对象数量:0
totalMemory：757071872, use ：538513328, free ：218558544DirectMemory：1827143680, 恢复 ：1
当前时间 ：2026-08-20 19:15:14send keng：2418, sheng ：4194304
decode keng：26, sheng ：2097152
world keng：12, sheng ：1048576

2026-08-20 19:15:19.682 INFO [pool-6-thread-6][:] - /****************流量统计******************/
LastReadBytes:0
LastReadThroughput:0
LastWrittenBytes:0
LastWriteThroughput:0
RealWrittenBytes:0
RealWriteThroughput:0
当前玩家的连接数量:0
当前地图的线程个数：9
当前地图的个数:47
当前数据库执行队列数:0
当前发送队列缓存的对象数量:0
totalMemory：754450432, use ：419856160, free ：334594272DirectMemory：1827143680, 恢复 ：1
当前时间 ：2026-08-20 19:15:19send keng：2418, sheng ：4194304
decode keng：26, sheng ：2097152
world keng：12, sheng ：1048576

2026-08-20 19:15:24.682 INFO [pool-6-thread-10][:] - /****************流量统计******************/
LastReadBytes:0
LastReadThroughput:0
LastWrittenBytes:0
LastWriteThroughput:0
RealWrittenBytes:0
RealWriteThroughput:0
当前玩家的连接数量:0
当前地图的线程个数：9
当前地图的个数:47
当前数据库执行队列数:0
当前发送队列缓存的对象数量:0
totalMemory：754450432, use ：422263384, free ：332187048DirectMemory：1827143680, 恢复 ：1
当前时间 ：2026-08-20 19:15:24send keng：2418, sheng ：4194304
decode keng：26, sheng ：2097152
world keng：12, sheng ：1048576

2026-08-20 19:15:29.682 INFO [pool-6-thread-2][:] - /****************流量统计******************/
LastReadBytes:0
LastReadThroughput:0
LastWrittenBytes:0
LastWriteThroughput:0
RealWrittenBytes:0
RealWriteThroughput:0
当前玩家的连接数量:0
当前地图的线程个数：9
当前地图的个数:47
当前数据库执行队列数:0
当前发送队列缓存的对象数量:0
totalMemory：754450432, use ：425462744, free ：328987688DirectMemory：1827143680, 恢复 ：1
当前时间 ：2026-08-20 19:15:29send keng：2418, sheng ：4194304
decode keng：26, sheng ：2097152
world keng：12, sheng ：1048576

2026-08-20 19:15:34.682 INFO [pool-6-thread-10][:] - /****************流量统计******************/
LastReadBytes:0
LastReadThroughput:0
LastWrittenBytes:0
LastWriteThroughput:0
RealWrittenBytes:0
RealWriteThroughput:0
当前玩家的连接数量:0
当前地图的线程个数：9
当前地图的个数:47
当前数据库执行队列数:0
当前发送队列缓存的对象数量:0
totalMemory：754450432, use ：429777896, free ：324672536DirectMemory：1827143680, 恢复 ：1
当前时间 ：2026-08-20 19:15:34send keng：2418, sheng ：4194304
decode keng：26, sheng ：2097152
world keng：12, sheng ：1048576

2026-08-20 19:15:39.682 INFO [pool-6-thread-5][:] - /****************流量统计******************/
LastReadBytes:0
LastReadThroughput:0
LastWrittenBytes:0
LastWriteThroughput:0
RealWrittenBytes:0
RealWriteThroughput:0
当前玩家的连接数量:0
当前地图的线程个数：9
当前地图的个数:47
当前数据库执行队列数:0
当前发送队列缓存的对象数量:0
totalMemory：754450432, use ：432820376, free ：321630056DirectMemory：1827143680, 恢复 ：1
当前时间 ：2026-08-20 19:15:39send keng：2418, sheng ：4194304
decode keng：26, sheng ：2097152
world keng：12, sheng ：1048576

2026-08-20 19:15:44.682 INFO [pool-6-thread-3][:] - /****************流量统计******************/
LastReadBytes:0
LastReadThroughput:0
LastWrittenBytes:0
LastWriteThroughput:0
RealWrittenBytes:0
RealWriteThroughput:0
当前玩家的连接数量:0
当前地图的线程个数：9
当前地图的个数:47
当前数据库执行队列数:0
当前发送队列缓存的对象数量:0
totalMemory：754450432, use ：436514456, free ：317935976DirectMemory：1827143680, 恢复 ：1
当前时间 ：2026-08-20 19:15:44send keng：2418, sheng ：4194304
decode keng：26, sheng ：2097152
world keng：12, sheng ：1048576

2026-08-20 19:15:49.682 INFO [pool-6-thread-4][:] - /****************流量统计******************/
LastReadBytes:0
LastReadThroughput:0
LastWrittenBytes:0
LastWriteThroughput:0
RealWrittenBytes:0
RealWriteThroughput:0
当前玩家的连接数量:0
当前地图的线程个数：9
当前地图的个数:47
当前数据库执行队列数:0
当前发送队列缓存的对象数量:0
totalMemory：754450432, use ：439710272, free ：314740160DirectMemory：1827143680, 恢复 ：1
当前时间 ：2026-08-20 19:15:49send keng：2418, sheng ：4194304
decode keng：26, sheng ：2097152
world keng：12, sheng ：1048576

2026-08-20 19:15:54.682 INFO [pool-6-thread-8][:] - /****************流量统计******************/
LastReadBytes:0
LastReadThroughput:0
LastWrittenBytes:0
LastWriteThroughput:0
RealWrittenBytes:0
RealWriteThroughput:0
当前玩家的连接数量:0
当前地图的线程个数：9
当前地图的个数:47
当前数据库执行队列数:0
当前发送队列缓存的对象数量:0
totalMemory：754450432, use ：443504408, free ：310946024DirectMemory：1827143680, 恢复 ：1
当前时间 ：2026-08-20 19:15:54send keng：2418, sheng ：4194304
decode keng：26, sheng ：2097152
world keng：12, sheng ：1048576

2026-08-20 19:15:59.682 INFO [pool-6-thread-2][:] - /****************流量统计******************/
LastReadBytes:0
LastReadThroughput:0
LastWrittenBytes:0
LastWriteThroughput:0
RealWrittenBytes:0
RealWriteThroughput:0
当前玩家的连接数量:0
当前地图的线程个数：9
当前地图的个数:47
当前数据库执行队列数:0
当前发送队列缓存的对象数量:0
totalMemory：754450432, use ：446742200, free ：307708232DirectMemory：1827143680, 恢复 ：1
当前时间 ：2026-08-20 19:15:59send keng：2418, sheng ：4194304
decode keng：26, sheng ：2097152
world keng：12, sheng ：1048576

2026-08-20 19:16:04.684 INFO [pool-6-thread-10][:] - /****************流量统计******************/
LastReadBytes:0
LastReadThroughput:0
LastWrittenBytes:0
LastWriteThroughput:0
RealWrittenBytes:0
RealWriteThroughput:0
当前玩家的连接数量:0
当前地图的线程个数：9
当前地图的个数:47
当前数据库执行队列数:0
当前发送队列缓存的对象数量:0
totalMemory：754450432, use ：450570768, free ：303879664DirectMemory：1827143680, 恢复 ：1
当前时间 ：2026-08-20 19:16:04send keng：2418, sheng ：4194304
decode keng：26, sheng ：2097152
world keng：12, sheng ：1048576

2026-08-20 19:16:09.682 INFO [pool-6-thread-10][:] - /****************流量统计******************/
LastReadBytes:0
LastReadThroughput:0
LastWrittenBytes:0
LastWriteThroughput:0
RealWrittenBytes:0
RealWriteThroughput:0
当前玩家的连接数量:0
当前地图的线程个数：9
当前地图的个数:47
当前数据库执行队列数:0
当前发送队列缓存的对象数量:0
totalMemory：754450432, use ：453771488, free ：300678944DirectMemory：1827143680, 恢复 ：1
当前时间 ：2026-08-20 19:16:09send keng：2418, sheng ：4194304
decode keng：26, sheng ：2097152
world keng：12, sheng ：1048576

2026-08-20 19:16:14.682 INFO [pool-6-thread-1][:] - /****************流量统计******************/
LastReadBytes:0
LastReadThroughput:0
LastWrittenBytes:0
LastWriteThroughput:0
RealWrittenBytes:0
RealWriteThroughput:0
当前玩家的连接数量:0
当前地图的线程个数：9
当前地图的个数:47
当前数据库执行队列数:0
当前发送队列缓存的对象数量:0
totalMemory：754450432, use ：456895960, free ：297554472DirectMemory：1827143680, 恢复 ：1
当前时间 ：2026-08-20 19:16:14send keng：2418, sheng ：4194304
decode keng：26, sheng ：2097152
world keng：12, sheng ：1048576

2026-08-20 19:16:19.682 INFO [pool-6-thread-3][:] - /****************流量统计******************/
LastReadBytes:0
LastReadThroughput:0
LastWrittenBytes:0
LastWriteThroughput:0
RealWrittenBytes:0
RealWriteThroughput:0
当前玩家的连接数量:0
当前地图的线程个数：9
当前地图的个数:47
当前数据库执行队列数:0
当前发送队列缓存的对象数量:0
totalMemory：754450432, use ：461173512, free ：293276920DirectMemory：1827143680, 恢复 ：1
当前时间 ：2026-08-20 19:16:19send keng：2418, sheng ：4194304
decode keng：26, sheng ：2097152
world keng：12, sheng ：1048576

2026-08-20 19:16:24.682 INFO [pool-6-thread-1][:] - /****************流量统计******************/
LastReadBytes:0
LastReadThroughput:0
LastWrittenBytes:0
LastWriteThroughput:0
RealWrittenBytes:0
RealWriteThroughput:0
当前玩家的连接数量:0
当前地图的线程个数：9
当前地图的个数:47
当前数据库执行队列数:0
当前发送队列缓存的对象数量:0
totalMemory：754450432, use ：464230608, free ：290219824DirectMemory：1827143680, 恢复 ：1
当前时间 ：2026-08-20 19:16:24send keng：2418, sheng ：4194304
decode keng：26, sheng ：2097152
world keng：12, sheng ：1048576

2026-08-20 19:16:29.682 INFO [pool-6-thread-7][:] - /****************流量统计******************/
LastReadBytes:0
LastReadThroughput:0
LastWrittenBytes:0
LastWriteThroughput:0
RealWrittenBytes:0
RealWriteThroughput:0
当前玩家的连接数量:0
当前地图的线程个数：9
当前地图的个数:47
当前数据库执行队列数:0
当前发送队列缓存的对象数量:0
totalMemory：754450432, use ：467709584, free ：286740848DirectMemory：1827143680, 恢复 ：1
当前时间 ：2026-08-20 19:16:29send keng：2418, sheng ：4194304
decode keng：26, sheng ：2097152
world keng：12, sheng ：1048576

2026-08-20 19:16:34.683 INFO [pool-6-thread-9][:] - /****************流量统计******************/
LastReadBytes:0
LastReadThroughput:0
LastWrittenBytes:0
LastWriteThroughput:0
RealWrittenBytes:0
RealWriteThroughput:0
当前玩家的连接数量:0
当前地图的线程个数：9
当前地图的个数:47
当前数据库执行队列数:0
当前发送队列缓存的对象数量:0
totalMemory：754450432, use ：470476520, free ：283973912DirectMemory：1827143680, 恢复 ：1
当前时间 ：2026-08-20 19:16:34send keng：2418, sheng ：4194304
decode keng：26, sheng ：2097152
world keng：12, sheng ：1048576

2026-08-20 19:16:39.682 INFO [pool-6-thread-10][:] - /****************流量统计******************/
LastReadBytes:0
LastReadThroughput:0
LastWrittenBytes:0
LastWriteThroughput:0
RealWrittenBytes:0
RealWriteThroughput:0
当前玩家的连接数量:0
当前地图的线程个数：9
当前地图的个数:47
当前数据库执行队列数:0
当前发送队列缓存的对象数量:0
totalMemory：754450432, use ：474395808, free ：280054624DirectMemory：1827143680, 恢复 ：1
当前时间 ：2026-08-20 19:16:39send keng：2418, sheng ：4194304
decode keng：26, sheng ：2097152
world keng：12, sheng ：1048576

2026-08-20 19:16:44.682 INFO [pool-6-thread-10][:] - /****************流量统计******************/
LastReadBytes:0
LastReadThroughput:0
LastWrittenBytes:0
LastWriteThroughput:0
RealWrittenBytes:0
RealWriteThroughput:0
当前玩家的连接数量:0
当前地图的线程个数：9
当前地图的个数:47
当前数据库执行队列数:0
当前发送队列缓存的对象数量:0
totalMemory：754450432, use ：477526864, free ：276923568DirectMemory：1827143680, 恢复 ：1
当前时间 ：2026-08-20 19:16:44send keng：2418, sheng ：4194304
decode keng：26, sheng ：2097152
world keng：12, sheng ：1048576

2026-08-20 19:16:49.682 INFO [pool-6-thread-1][:] - /****************流量统计******************/
LastReadBytes:0
LastReadThroughput:0
LastWrittenBytes:0
LastWriteThroughput:0
RealWrittenBytes:0
RealWriteThroughput:0
当前玩家的连接数量:0
当前地图的线程个数：9
当前地图的个数:47
当前数据库执行队列数:0
当前发送队列缓存的对象数量:0
totalMemory：754450432, use ：481264192, free ：273186240DirectMemory：1827143680, 恢复 ：1
当前时间 ：2026-08-20 19:16:49send keng：2418, sheng ：4194304
decode keng：26, sheng ：2097152
world keng：12, sheng ：1048576

2026-08-20 19:16:54.682 INFO [pool-6-thread-10][:] - /****************流量统计******************/
LastReadBytes:0
LastReadThroughput:0
LastWrittenBytes:0
LastWriteThroughput:0
RealWrittenBytes:0
RealWriteThroughput:0
当前玩家的连接数量:0
当前地图的线程个数：9
当前地图的个数:47
当前数据库执行队列数:0
当前发送队列缓存的对象数量:0
totalMemory：754450432, use ：484547280, free ：269903152DirectMemory：1827143680, 恢复 ：1
当前时间 ：2026-08-20 19:16:54send keng：2418, sheng ：4194304
decode keng：26, sheng ：2097152
world keng：12, sheng ：1048576

2026-08-20 19:16:59.682 INFO [pool-6-thread-9][:] - /****************流量统计******************/
LastReadBytes:0
LastReadThroughput:0
LastWrittenBytes:0
LastWriteThroughput:0
RealWrittenBytes:0
RealWriteThroughput:0
当前玩家的连接数量:0
当前地图的线程个数：9
当前地图的个数:47
当前数据库执行队列数:0
当前发送队列缓存的对象数量:0
totalMemory：754450432, use ：488322152, free ：266128280DirectMemory：1827143680, 恢复 ：1
当前时间 ：2026-08-20 19:16:59send keng：2418, sheng ：4194304
decode keng：26, sheng ：2097152
world keng：12, sheng ：1048576

2026-08-20 19:17:04.682 INFO [pool-6-thread-3][:] - /****************流量统计******************/
LastReadBytes:0
LastReadThroughput:0
LastWrittenBytes:0
LastWriteThroughput:0
RealWrittenBytes:0
RealWriteThroughput:0
当前玩家的连接数量:0
当前地图的线程个数：9
当前地图的个数:47
当前数据库执行队列数:0
当前发送队列缓存的对象数量:0
totalMemory：754450432, use ：492142864, free ：262307568DirectMemory：1827143680, 恢复 ：1
当前时间 ：2026-08-20 19:17:04send keng：2418, sheng ：4194304
decode keng：26, sheng ：2097152
world keng：12, sheng ：1048576

2026-08-20 19:17:09.682 INFO [pool-6-thread-10][:] - /****************流量统计******************/
LastReadBytes:0
LastReadThroughput:0
LastWrittenBytes:0
LastWriteThroughput:0
RealWrittenBytes:0
RealWriteThroughput:0
当前玩家的连接数量:0
当前地图的线程个数：9
当前地图的个数:47
当前数据库执行队列数:0
当前发送队列缓存的对象数量:0
totalMemory：754450432, use ：495304376, free ：259146056DirectMemory：1827143680, 恢复 ：1
当前时间 ：2026-08-20 19:17:09send keng：2418, sheng ：4194304
decode keng：26, sheng ：2097152
world keng：12, sheng ：1048576

2026-08-20 19:17:14.682 INFO [pool-6-thread-1][:] - /****************流量统计******************/
LastReadBytes:0
LastReadThroughput:0
LastWrittenBytes:0
LastWriteThroughput:0
RealWrittenBytes:0
RealWriteThroughput:0
当前玩家的连接数量:0
当前地图的线程个数：9
当前地图的个数:47
当前数据库执行队列数:0
当前发送队列缓存的对象数量:0
totalMemory：754450432, use ：499201640, free ：255248792DirectMemory：1827143680, 恢复 ：1
当前时间 ：2026-08-20 19:17:14send keng：2418, sheng ：4194304
decode keng：26, sheng ：2097152
world keng：12, sheng ：1048576

2026-08-20 19:17:19.682 INFO [pool-6-thread-4][:] - /****************流量统计******************/
LastReadBytes:0
LastReadThroughput:0
LastWrittenBytes:0
LastWriteThroughput:0
RealWrittenBytes:0
RealWriteThroughput:0
当前玩家的连接数量:0
当前地图的线程个数：9
当前地图的个数:47
当前数据库执行队列数:0
当前发送队列缓存的对象数量:0
totalMemory：754450432, use ：502515520, free ：251934912DirectMemory：1827143680, 恢复 ：1
当前时间 ：2026-08-20 19:17:19send keng：2418, sheng ：4194304
decode keng：26, sheng ：2097152
world keng：12, sheng ：1048576

2026-08-20 19:17:24.682 INFO [pool-6-thread-2][:] - /****************流量统计******************/
LastReadBytes:0
LastReadThroughput:0
LastWrittenBytes:0
LastWriteThroughput:0
RealWrittenBytes:0
RealWriteThroughput:0
当前玩家的连接数量:0
当前地图的线程个数：9
当前地图的个数:47
当前数据库执行队列数:0
当前发送队列缓存的对象数量:0
totalMemory：754450432, use ：505983608, free ：248466824DirectMemory：1827143680, 恢复 ：1
当前时间 ：2026-08-20 19:17:24send keng：2418, sheng ：4194304
decode keng：26, sheng ：2097152
world keng：12, sheng ：1048576

2026-08-20 19:17:29.682 INFO [pool-6-thread-5][:] - /****************流量统计******************/
LastReadBytes:0
LastReadThroughput:0
LastWrittenBytes:0
LastWriteThroughput:0
RealWrittenBytes:0
RealWriteThroughput:0
当前玩家的连接数量:0
当前地图的线程个数：9
当前地图的个数:47
当前数据库执行队列数:0
当前发送队列缓存的对象数量:0
totalMemory：754450432, use ：509793648, free ：244656784DirectMemory：1827143680, 恢复 ：1
当前时间 ：2026-08-20 19:17:29send keng：2418, sheng ：4194304
decode keng：26, sheng ：2097152
world keng：12, sheng ：1048576

2026-08-20 19:17:34.682 INFO [pool-6-thread-9][:] - /****************流量统计******************/
LastReadBytes:0
LastReadThroughput:0
LastWrittenBytes:0
LastWriteThroughput:0
RealWrittenBytes:0
RealWriteThroughput:0
当前玩家的连接数量:0
当前地图的线程个数：9
当前地图的个数:47
当前数据库执行队列数:0
当前发送队列缓存的对象数量:0
totalMemory：754450432, use ：512946496, free ：241503936DirectMemory：1827143680, 恢复 ：1
当前时间 ：2026-08-20 19:17:34send keng：2418, sheng ：4194304
decode keng：26, sheng ：2097152
world keng：12, sheng ：1048576

2026-08-20 19:17:39.683 INFO [pool-6-thread-2][:] - /****************流量统计******************/
LastReadBytes:0
LastReadThroughput:0
LastWrittenBytes:0
LastWriteThroughput:0
RealWrittenBytes:0
RealWriteThroughput:0
当前玩家的连接数量:0
当前地图的线程个数：9
当前地图的个数:47
当前数据库执行队列数:0
当前发送队列缓存的对象数量:0
totalMemory：754450432, use ：516657552, free ：237792880DirectMemory：1827143680, 恢复 ：1
当前时间 ：2026-08-20 19:17:39send keng：2418, sheng ：4194304
decode keng：26, sheng ：2097152
world keng：12, sheng ：1048576

2026-08-20 19:17:44.684 INFO [pool-6-thread-3][:] - /****************流量统计******************/
LastReadBytes:0
LastReadThroughput:0
LastWrittenBytes:0
LastWriteThroughput:0
RealWrittenBytes:0
RealWriteThroughput:0
当前玩家的连接数量:0
当前地图的线程个数：9
当前地图的个数:47
当前数据库执行队列数:0
当前发送队列缓存的对象数量:0
totalMemory：754450432, use ：519728888, free ：234721544DirectMemory：1827143680, 恢复 ：1
当前时间 ：2026-08-20 19:17:44send keng：2418, sheng ：4194304
decode keng：26, sheng ：2097152
world keng：12, sheng ：1048576

2026-08-20 19:17:49.682 INFO [pool-6-thread-2][:] - /****************流量统计******************/
LastReadBytes:0
LastReadThroughput:0
LastWrittenBytes:0
LastWriteThroughput:0
RealWrittenBytes:0
RealWriteThroughput:0
当前玩家的连接数量:0
当前地图的线程个数：9
当前地图的个数:47
当前数据库执行队列数:0
当前发送队列缓存的对象数量:0
totalMemory：754450432, use ：523338248, free ：231112184DirectMemory：1827143680, 恢复 ：1
当前时间 ：2026-08-20 19:17:49send keng：2418, sheng ：4194304
decode keng：26, sheng ：2097152
world keng：12, sheng ：1048576

2026-08-20 19:17:54.682 INFO [pool-6-thread-3][:] - /****************流量统计******************/
LastReadBytes:0
LastReadThroughput:0
LastWrittenBytes:0
LastWriteThroughput:0
RealWrittenBytes:0
RealWriteThroughput:0
当前玩家的连接数量:0
当前地图的线程个数：9
当前地图的个数:47
当前数据库执行队列数:0
当前发送队列缓存的对象数量:0
totalMemory：754450432, use ：526732848, free ：227717584DirectMemory：1827143680, 恢复 ：1
当前时间 ：2026-08-20 19:17:54send keng：2418, sheng ：4194304
decode keng：26, sheng ：2097152
world keng：12, sheng ：1048576

2026-08-20 19:17:59.682 INFO [pool-6-thread-5][:] - /****************流量统计******************/
LastReadBytes:0
LastReadThroughput:0
LastWrittenBytes:0
LastWriteThroughput:0
RealWrittenBytes:0
RealWriteThroughput:0
当前玩家的连接数量:0
当前地图的线程个数：9
当前地图的个数:47
当前数据库执行队列数:0
当前发送队列缓存的对象数量:0
totalMemory：754450432, use ：530102992, free ：224347440DirectMemory：1827143680, 恢复 ：1
当前时间 ：2026-08-20 19:17:59send keng：2418, sheng ：4194304
decode keng：26, sheng ：2097152
world keng：12, sheng ：1048576

2026-08-20 19:18:04.682 INFO [pool-6-thread-4][:] - /****************流量统计******************/
LastReadBytes:0
LastReadThroughput:0
LastWrittenBytes:0
LastWriteThroughput:0
RealWrittenBytes:0
RealWriteThroughput:0
当前玩家的连接数量:0
当前地图的线程个数：9
当前地图的个数:47
当前数据库执行队列数:0
当前发送队列缓存的对象数量:0
totalMemory：754450432, use ：533512440, free ：220937992DirectMemory：1827143680, 恢复 ：1
当前时间 ：2026-08-20 19:18:04send keng：2418, sheng ：4194304
decode keng：26, sheng ：2097152
world keng：12, sheng ：1048576

2026-08-20 19:18:09.682 INFO [pool-6-thread-10][:] - /****************流量统计******************/
LastReadBytes:0
LastReadThroughput:0
LastWrittenBytes:0
LastWriteThroughput:0
RealWrittenBytes:0
RealWriteThroughput:0
当前玩家的连接数量:0
当前地图的线程个数：9
当前地图的个数:47
当前数据库执行队列数:0
当前发送队列缓存的对象数量:0
totalMemory：754450432, use ：537154680, free ：217295752DirectMemory：1827143680, 恢复 ：1
当前时间 ：2026-08-20 19:18:09send keng：2418, sheng ：4194304
decode keng：26, sheng ：2097152
world keng：12, sheng ：1048576

2026-08-20 19:18:14.682 INFO [pool-6-thread-3][:] - /****************流量统计******************/
LastReadBytes:0
LastReadThroughput:0
LastWrittenBytes:0
LastWriteThroughput:0
RealWrittenBytes:0
RealWriteThroughput:0
当前玩家的连接数量:0
当前地图的线程个数：9
当前地图的个数:47
当前数据库执行队列数:0
当前发送队列缓存的对象数量:0
totalMemory：752353280, use ：420345696, free ：332007584DirectMemory：1827143680, 恢复 ：1
当前时间 ：2026-08-20 19:18:14send keng：2418, sheng ：4194304
decode keng：26, sheng ：2097152
world keng：12, sheng ：1048576

2026-08-20 19:18:19.683 INFO [pool-6-thread-1][:] - /****************流量统计******************/
LastReadBytes:0
LastReadThroughput:0
LastWrittenBytes:0
LastWriteThroughput:0
RealWrittenBytes:0
RealWriteThroughput:0
当前玩家的连接数量:0
当前地图的线程个数：9
当前地图的个数:47
当前数据库执行队列数:0
当前发送队列缓存的对象数量:0
totalMemory：752353280, use ：424153208, free ：328200072DirectMemory：1827143680, 恢复 ：1
当前时间 ：2026-08-20 19:18:19send keng：2418, sheng ：4194304
decode keng：26, sheng ：2097152
world keng：12, sheng ：1048576

2026-08-20 19:18:24.682 INFO [pool-6-thread-5][:] - /****************流量统计******************/
LastReadBytes:0
LastReadThroughput:0
LastWrittenBytes:0
LastWriteThroughput:0
RealWrittenBytes:0
RealWriteThroughput:0
当前玩家的连接数量:0
当前地图的线程个数：9
当前地图的个数:47
当前数据库执行队列数:0
当前发送队列缓存的对象数量:0
totalMemory：752353280, use ：426834776, free ：325518504DirectMemory：1827143680, 恢复 ：1
当前时间 ：2026-08-20 19:18:24send keng：2418, sheng ：4194304
decode keng：26, sheng ：2097152
world keng：12, sheng ：1048576

2026-08-20 19:18:29.682 INFO [pool-6-thread-6][:] - /****************流量统计******************/
LastReadBytes:0
LastReadThroughput:0
LastWrittenBytes:0
LastWriteThroughput:0
RealWrittenBytes:0
RealWriteThroughput:0
当前玩家的连接数量:0
当前地图的线程个数：9
当前地图的个数:47
当前数据库执行队列数:0
当前发送队列缓存的对象数量:0
totalMemory：752353280, use ：431047304, free ：321305976DirectMemory：1827143680, 恢复 ：1
当前时间 ：2026-08-20 19:18:29send keng：2418, sheng ：4194304
decode keng：26, sheng ：2097152
world keng：12, sheng ：1048576

2026-08-20 19:18:34.682 INFO [pool-6-thread-3][:] - /****************流量统计******************/
LastReadBytes:0
LastReadThroughput:0
LastWrittenBytes:0
LastWriteThroughput:0
RealWrittenBytes:0
RealWriteThroughput:0
当前玩家的连接数量:0
当前地图的线程个数：9
当前地图的个数:47
当前数据库执行队列数:0
当前发送队列缓存的对象数量:0
totalMemory：752353280, use ：433884464, free ：318468816DirectMemory：1827143680, 恢复 ：1
当前时间 ：2026-08-20 19:18:34send keng：2418, sheng ：4194304
decode keng：26, sheng ：2097152
world keng：12, sheng ：1048576

2026-08-20 19:18:39.682 INFO [pool-6-thread-4][:] - /****************流量统计******************/
LastReadBytes:0
LastReadThroughput:0
LastWrittenBytes:0
LastWriteThroughput:0
RealWrittenBytes:0
RealWriteThroughput:0
当前玩家的连接数量:0
当前地图的线程个数：9
当前地图的个数:47
当前数据库执行队列数:0
当前发送队列缓存的对象数量:0
totalMemory：752353280, use ：436990688, free ：315362592DirectMemory：1827143680, 恢复 ：1
当前时间 ：2026-08-20 19:18:39send keng：2418, sheng ：4194304
decode keng：26, sheng ：2097152
world keng：12, sheng ：1048576

2026-08-20 19:18:44.682 INFO [pool-6-thread-7][:] - /****************流量统计******************/
LastReadBytes:0
LastReadThroughput:0
LastWrittenBytes:0
LastWriteThroughput:0
RealWrittenBytes:0
RealWriteThroughput:0
当前玩家的连接数量:0
当前地图的线程个数：9
当前地图的个数:47
当前数据库执行队列数:0
当前发送队列缓存的对象数量:0
totalMemory：752353280, use ：440823736, free ：311529544DirectMemory：1827143680, 恢复 ：1
当前时间 ：2026-08-20 19:18:44send keng：2418, sheng ：4194304
decode keng：26, sheng ：2097152
world keng：12, sheng ：1048576

2026-08-20 19:18:49.682 INFO [pool-6-thread-2][:] - /****************流量统计******************/
LastReadBytes:0
LastReadThroughput:0
LastWrittenBytes:0
LastWriteThroughput:0
RealWrittenBytes:0
RealWriteThroughput:0
当前玩家的连接数量:0
当前地图的线程个数：9
当前地图的个数:47
当前数据库执行队列数:0
当前发送队列缓存的对象数量:0
totalMemory：752353280, use ：443824096, free ：308529184DirectMemory：1827143680, 恢复 ：1
当前时间 ：2026-08-20 19:18:49send keng：2418, sheng ：4194304
decode keng：26, sheng ：2097152
world keng：12, sheng ：1048576

2026-08-20 19:18:54.730 INFO [pool-6-thread-2][:] - /****************流量统计******************/
LastReadBytes:0
LastReadThroughput:0
LastWrittenBytes:0
LastWriteThroughput:0
RealWrittenBytes:0
RealWriteThroughput:0
当前玩家的连接数量:0
当前地图的线程个数：9
当前地图的个数:47
当前数据库执行队列数:0
当前发送队列缓存的对象数量:0
totalMemory：752353280, use ：447873792, free ：304479488DirectMemory：1827143680, 恢复 ：1
当前时间 ：2026-08-20 19:18:54send keng：2418, sheng ：4194304
decode keng：26, sheng ：2097152
world keng：12, sheng ：1048576

2026-08-20 19:18:59.682 INFO [pool-6-thread-10][:] - /****************流量统计******************/
LastReadBytes:0
LastReadThroughput:0
LastWrittenBytes:0
LastWriteThroughput:0
RealWrittenBytes:0
RealWriteThroughput:0
当前玩家的连接数量:0
当前地图的线程个数：9
当前地图的个数:47
当前数据库执行队列数:0
当前发送队列缓存的对象数量:0
totalMemory：752353280, use ：450860568, free ：301492712DirectMemory：1827143680, 恢复 ：1
当前时间 ：2026-08-20 19:18:59send keng：2418, sheng ：4194304
decode keng：26, sheng ：2097152
world keng：12, sheng ：1048576

2026-08-20 19:19:04.682 INFO [pool-6-thread-8][:] - /****************流量统计******************/
LastReadBytes:0
LastReadThroughput:0
LastWrittenBytes:0
LastWriteThroughput:0
RealWrittenBytes:0
RealWriteThroughput:0
当前玩家的连接数量:0
当前地图的线程个数：9
当前地图的个数:47
当前数据库执行队列数:0
当前发送队列缓存的对象数量:0
totalMemory：752353280, use ：454742880, free ：297610400DirectMemory：1827143680, 恢复 ：1
当前时间 ：2026-08-20 19:19:04send keng：2418, sheng ：4194304
decode keng：26, sheng ：2097152
world keng：12, sheng ：1048576

2026-08-20 19:19:09.682 INFO [pool-6-thread-4][:] - /****************流量统计******************/
LastReadBytes:0
LastReadThroughput:0
LastWrittenBytes:0
LastWriteThroughput:0
RealWrittenBytes:0
RealWriteThroughput:0
当前玩家的连接数量:0
当前地图的线程个数：9
当前地图的个数:47
当前数据库执行队列数:0
当前发送队列缓存的对象数量:0
totalMemory：752353280, use ：458063248, free ：294290032DirectMemory：1827143680, 恢复 ：1
当前时间 ：2026-08-20 19:19:09send keng：2418, sheng ：4194304
decode keng：26, sheng ：2097152
world keng：12, sheng ：1048576

2026-08-20 19:19:14.682 INFO [pool-6-thread-6][:] - /****************流量统计******************/
LastReadBytes:0
LastReadThroughput:0
LastWrittenBytes:0
LastWriteThroughput:0
RealWrittenBytes:0
RealWriteThroughput:0
当前玩家的连接数量:0
当前地图的线程个数：9
当前地图的个数:47
当前数据库执行队列数:0
当前发送队列缓存的对象数量:0
totalMemory：752353280, use ：461968040, free ：290385240DirectMemory：1827143680, 恢复 ：1
当前时间 ：2026-08-20 19:19:14send keng：2418, sheng ：4194304
decode keng：26, sheng ：2097152
world keng：12, sheng ：1048576

2026-08-20 19:19:19.682 INFO [pool-6-thread-3][:] - /****************流量统计******************/
LastReadBytes:0
LastReadThroughput:0
LastWrittenBytes:0
LastWriteThroughput:0
RealWrittenBytes:0
RealWriteThroughput:0
当前玩家的连接数量:0
当前地图的线程个数：9
当前地图的个数:47
当前数据库执行队列数:0
当前发送队列缓存的对象数量:0
totalMemory：752353280, use ：465479960, free ：286873320DirectMemory：1827143680, 恢复 ：1
当前时间 ：2026-08-20 19:19:19send keng：2418, sheng ：4194304
decode keng：26, sheng ：2097152
world keng：12, sheng ：1048576

2026-08-20 19:19:24.682 INFO [pool-6-thread-1][:] - /****************流量统计******************/
LastReadBytes:0
LastReadThroughput:0
LastWrittenBytes:0
LastWriteThroughput:0
RealWrittenBytes:0
RealWriteThroughput:0
当前玩家的连接数量:0
当前地图的线程个数：9
当前地图的个数:47
当前数据库执行队列数:0
当前发送队列缓存的对象数量:0
totalMemory：752353280, use ：468998800, free ：283354480DirectMemory：1827143680, 恢复 ：1
当前时间 ：2026-08-20 19:19:24send keng：2418, sheng ：4194304
decode keng：26, sheng ：2097152
world keng：12, sheng ：1048576

2026-08-20 19:19:29.682 INFO [pool-6-thread-10][:] - /****************流量统计******************/
LastReadBytes:0
LastReadThroughput:0
LastWrittenBytes:0
LastWriteThroughput:0
RealWrittenBytes:0
RealWriteThroughput:0
当前玩家的连接数量:0
当前地图的线程个数：9
当前地图的个数:47
当前数据库执行队列数:0
当前发送队列缓存的对象数量:0
totalMemory：752353280, use ：472561480, free ：279791800DirectMemory：1827143680, 恢复 ：1
当前时间 ：2026-08-20 19:19:29send keng：2418, sheng ：4194304
decode keng：26, sheng ：2097152
world keng：12, sheng ：1048576

2026-08-20 19:19:34.682 INFO [pool-6-thread-5][:] - /****************流量统计******************/
LastReadBytes:0
LastReadThroughput:0
LastWrittenBytes:0
LastWriteThroughput:0
RealWrittenBytes:0
RealWriteThroughput:0
当前玩家的连接数量:0
当前地图的线程个数：9
当前地图的个数:47
当前数据库执行队列数:0
当前发送队列缓存的对象数量:0
totalMemory：752353280, use ：476157968, free ：276195312DirectMemory：1827143680, 恢复 ：1
当前时间 ：2026-08-20 19:19:34send keng：2418, sheng ：4194304
decode keng：26, sheng ：2097152
world keng：12, sheng ：1048576

2026-08-20 19:19:39.682 INFO [pool-6-thread-6][:] - /****************流量统计******************/
LastReadBytes:0
LastReadThroughput:0
LastWrittenBytes:0
LastWriteThroughput:0
RealWrittenBytes:0
RealWriteThroughput:0
当前玩家的连接数量:0
当前地图的线程个数：9
当前地图的个数:47
当前数据库执行队列数:0
当前发送队列缓存的对象数量:0
totalMemory：752353280, use ：479628336, free ：272724944DirectMemory：1827143680, 恢复 ：1
当前时间 ：2026-08-20 19:19:39send keng：2418, sheng ：4194304
decode keng：26, sheng ：2097152
world keng：12, sheng ：1048576

2026-08-20 19:19:44.682 INFO [pool-6-thread-7][:] - /****************流量统计******************/
LastReadBytes:0
LastReadThroughput:0
LastWrittenBytes:0
LastWriteThroughput:0
RealWrittenBytes:0
RealWriteThroughput:0
当前玩家的连接数量:0
当前地图的线程个数：9
当前地图的个数:47
当前数据库执行队列数:0
当前发送队列缓存的对象数量:0
totalMemory：752353280, use ：483328392, free ：269024888DirectMemory：1827143680, 恢复 ：1
当前时间 ：2026-08-20 19:19:44send keng：2418, sheng ：4194304
decode keng：26, sheng ：2097152
world keng：12, sheng ：1048576

2026-08-20 19:19:49.682 INFO [pool-6-thread-2][:] - /****************流量统计******************/
LastReadBytes:0
LastReadThroughput:0
LastWrittenBytes:0
LastWriteThroughput:0
RealWrittenBytes:0
RealWriteThroughput:0
当前玩家的连接数量:0
当前地图的线程个数：9
当前地图的个数:47
当前数据库执行队列数:0
当前发送队列缓存的对象数量:0
totalMemory：752353280, use ：486236496, free ：266116784DirectMemory：1827143680, 恢复 ：1
当前时间 ：2026-08-20 19:19:49send keng：2418, sheng ：4194304
decode keng：26, sheng ：2097152
world keng：12, sheng ：1048576

2026-08-20 19:19:54.682 INFO [pool-6-thread-9][:] - /****************流量统计******************/
LastReadBytes:0
LastReadThroughput:0
LastWrittenBytes:0
LastWriteThroughput:0
RealWrittenBytes:0
RealWriteThroughput:0
当前玩家的连接数量:0
当前地图的线程个数：9
当前地图的个数:47
当前数据库执行队列数:0
当前发送队列缓存的对象数量:0
totalMemory：752353280, use ：489540016, free ：262813264DirectMemory：1827143680, 恢复 ：1
当前时间 ：2026-08-20 19:19:54send keng：2418, sheng ：4194304
decode keng：26, sheng ：2097152
world keng：12, sheng ：1048576

2026-08-20 19:19:59.682 INFO [pool-6-thread-3][:] - /****************流量统计******************/
LastReadBytes:0
LastReadThroughput:0
LastWrittenBytes:0
LastWriteThroughput:0
RealWrittenBytes:0
RealWriteThroughput:0
当前玩家的连接数量:0
当前地图的线程个数：9
当前地图的个数:47
当前数据库执行队列数:0
当前发送队列缓存的对象数量:0
totalMemory：752353280, use ：492854344, free ：259498936DirectMemory：1827143680, 恢复 ：1
当前时间 ：2026-08-20 19:19:59send keng：2418, sheng ：4194304
decode keng：26, sheng ：2097152
world keng：12, sheng ：1048576

2026-08-20 19:20:04.682 INFO [pool-6-thread-3][:] - /****************流量统计******************/
LastReadBytes:0
LastReadThroughput:0
LastWrittenBytes:0
LastWriteThroughput:0
RealWrittenBytes:0
RealWriteThroughput:0
当前玩家的连接数量:0
当前地图的线程个数：9
当前地图的个数:47
当前数据库执行队列数:0
当前发送队列缓存的对象数量:0
totalMemory：752353280, use ：496273112, free ：256080168DirectMemory：1827143680, 恢复 ：1
当前时间 ：2026-08-20 19:20:04send keng：2418, sheng ：4194304
decode keng：26, sheng ：2097152
world keng：12, sheng ：1048576

2026-08-20 19:20:09.682 INFO [pool-6-thread-8][:] - /****************流量统计******************/
LastReadBytes:0
LastReadThroughput:0
LastWrittenBytes:0
LastWriteThroughput:0
RealWrittenBytes:0
RealWriteThroughput:0
当前玩家的连接数量:0
当前地图的线程个数：9
当前地图的个数:47
当前数据库执行队列数:0
当前发送队列缓存的对象数量:0
totalMemory：752353280, use ：500024664, free ：252328616DirectMemory：1827143680, 恢复 ：1
当前时间 ：2026-08-20 19:20:09send keng：2418, sheng ：4194304
decode keng：26, sheng ：2097152
world keng：12, sheng ：1048576

2026-08-20 19:20:14.682 INFO [pool-6-thread-4][:] - /****************流量统计******************/
LastReadBytes:0
LastReadThroughput:0
LastWrittenBytes:0
LastWriteThroughput:0
RealWrittenBytes:0
RealWriteThroughput:0
当前玩家的连接数量:0
当前地图的线程个数：9
当前地图的个数:47
当前数据库执行队列数:0
当前发送队列缓存的对象数量:0
totalMemory：752353280, use ：503102912, free ：249250368DirectMemory：1827143680, 恢复 ：1
当前时间 ：2026-08-20 19:20:14send keng：2418, sheng ：4194304
decode keng：26, sheng ：2097152
world keng：12, sheng ：1048576

2026-08-20 19:20:19.682 INFO [pool-6-thread-5][:] - /****************流量统计******************/
LastReadBytes:0
LastReadThroughput:0
LastWrittenBytes:0
LastWriteThroughput:0
RealWrittenBytes:0
RealWriteThroughput:0
当前玩家的连接数量:0
当前地图的线程个数：9
当前地图的个数:47
当前数据库执行队列数:0
当前发送队列缓存的对象数量:0
totalMemory：752353280, use ：506769064, free ：245584216DirectMemory：1827143680, 恢复 ：1
当前时间 ：2026-08-20 19:20:19send keng：2418, sheng ：4194304
decode keng：26, sheng ：2097152
world keng：12, sheng ：1048576

2026-08-20 19:20:24.682 INFO [pool-6-thread-2][:] - /****************流量统计******************/
LastReadBytes:0
LastReadThroughput:0
LastWrittenBytes:0
LastWriteThroughput:0
RealWrittenBytes:0
RealWriteThroughput:0
当前玩家的连接数量:0
当前地图的线程个数：9
当前地图的个数:47
当前数据库执行队列数:0
当前发送队列缓存的对象数量:0
totalMemory：752353280, use ：510167552, free ：242185728DirectMemory：1827143680, 恢复 ：1
当前时间 ：2026-08-20 19:20:24send keng：2418, sheng ：4194304
decode keng：26, sheng ：2097152
world keng：12, sheng ：1048576

2026-08-20 19:20:29.682 INFO [pool-6-thread-10][:] - /****************流量统计******************/
LastReadBytes:0
LastReadThroughput:0
LastWrittenBytes:0
LastWriteThroughput:0
RealWrittenBytes:0
RealWriteThroughput:0
当前玩家的连接数量:0
当前地图的线程个数：9
当前地图的个数:47
当前数据库执行队列数:0
当前发送队列缓存的对象数量:0
totalMemory：752353280, use ：514091720, free ：238261560DirectMemory：1827143680, 恢复 ：1
当前时间 ：2026-08-20 19:20:29send keng：2418, sheng ：4194304
decode keng：26, sheng ：2097152
world keng：12, sheng ：1048576

2026-08-20 19:20:34.682 INFO [pool-6-thread-9][:] - /****************流量统计******************/
LastReadBytes:0
LastReadThroughput:0
LastWrittenBytes:0
LastWriteThroughput:0
RealWrittenBytes:0
RealWriteThroughput:0
当前玩家的连接数量:0
当前地图的线程个数：9
当前地图的个数:47
当前数据库执行队列数:0
当前发送队列缓存的对象数量:0
totalMemory：752353280, use ：517236136, free ：235117144DirectMemory：1827143680, 恢复 ：1
当前时间 ：2026-08-20 19:20:34send keng：2418, sheng ：4194304
decode keng：26, sheng ：2097152
world keng：12, sheng ：1048576

2026-08-20 19:20:39.682 INFO [pool-6-thread-10][:] - /****************流量统计******************/
LastReadBytes:0
LastReadThroughput:0
LastWrittenBytes:0
LastWriteThroughput:0
RealWrittenBytes:0
RealWriteThroughput:0
当前玩家的连接数量:0
当前地图的线程个数：9
当前地图的个数:47
当前数据库执行队列数:0
当前发送队列缓存的对象数量:0
totalMemory：752353280, use ：520975024, free ：231378256DirectMemory：1827143680, 恢复 ：1
当前时间 ：2026-08-20 19:20:39send keng：2418, sheng ：4194304
decode keng：26, sheng ：2097152
world keng：12, sheng ：1048576

2026-08-20 19:20:44.682 INFO [pool-6-thread-1][:] - /****************流量统计******************/
LastReadBytes:0
LastReadThroughput:0
LastWrittenBytes:0
LastWriteThroughput:0
RealWrittenBytes:0
RealWriteThroughput:0
当前玩家的连接数量:0
当前地图的线程个数：9
当前地图的个数:47
当前数据库执行队列数:0
当前发送队列缓存的对象数量:0
totalMemory：752353280, use ：524309056, free ：228044224DirectMemory：1827143680, 恢复 ：1
当前时间 ：2026-08-20 19:20:44send keng：2418, sheng ：4194304
decode keng：26, sheng ：2097152
world keng：12, sheng ：1048576

2026-08-20 19:20:49.682 INFO [pool-6-thread-5][:] - /****************流量统计******************/
LastReadBytes:0
LastReadThroughput:0
LastWrittenBytes:0
LastWriteThroughput:0
RealWrittenBytes:0
RealWriteThroughput:0
当前玩家的连接数量:0
当前地图的线程个数：9
当前地图的个数:47
当前数据库执行队列数:0
当前发送队列缓存的对象数量:0
totalMemory：752353280, use ：528206480, free ：224146800DirectMemory：1827143680, 恢复 ：1
当前时间 ：2026-08-20 19:20:49send keng：2418, sheng ：4194304
decode keng：26, sheng ：2097152
world keng：12, sheng ：1048576

2026-08-20 19:20:54.682 INFO [pool-6-thread-6][:] - /****************流量统计******************/
LastReadBytes:0
LastReadThroughput:0
LastWrittenBytes:0
LastWriteThroughput:0
RealWrittenBytes:0
RealWriteThroughput:0
当前玩家的连接数量:0
当前地图的线程个数：9
当前地图的个数:47
当前数据库执行队列数:0
当前发送队列缓存的对象数量:0
totalMemory：752353280, use ：531231376, free ：221121904DirectMemory：1827143680, 恢复 ：1
当前时间 ：2026-08-20 19:20:54send keng：2418, sheng ：4194304
decode keng：26, sheng ：2097152
world keng：12, sheng ：1048576

2026-08-20 19:20:59.682 INFO [pool-6-thread-8][:] - /****************流量统计******************/
LastReadBytes:0
LastReadThroughput:0
LastWrittenBytes:0
LastWriteThroughput:0
RealWrittenBytes:0
RealWriteThroughput:0
当前玩家的连接数量:0
当前地图的线程个数：9
当前地图的个数:47
当前数据库执行队列数:0
当前发送队列缓存的对象数量:0
totalMemory：752353280, use ：535061224, free ：217292056DirectMemory：1827143680, 恢复 ：1
当前时间 ：2026-08-20 19:20:59send keng：2418, sheng ：4194304
decode keng：26, sheng ：2097152
world keng：12, sheng ：1048576

2026-08-20 19:21:04.682 INFO [pool-6-thread-10][:] - /****************流量统计******************/
LastReadBytes:0
LastReadThroughput:0
LastWrittenBytes:0
LastWriteThroughput:0
RealWrittenBytes:0
RealWriteThroughput:0
当前玩家的连接数量:0
当前地图的线程个数：9
当前地图的个数:47
当前数据库执行队列数:0
当前发送队列缓存的对象数量:0
totalMemory：750256128, use ：419955624, free ：330300504DirectMemory：1827143680, 恢复 ：1
当前时间 ：2026-08-20 19:21:04send keng：2418, sheng ：4194304
decode keng：26, sheng ：2097152
world keng：12, sheng ：1048576

2026-08-20 19:21:09.682 INFO [pool-6-thread-9][:] - /****************流量统计******************/
LastReadBytes:0
LastReadThroughput:0
LastWrittenBytes:0
LastWriteThroughput:0
RealWrittenBytes:0
RealWriteThroughput:0
当前玩家的连接数量:0
当前地图的线程个数：9
当前地图的个数:47
当前数据库执行队列数:0
当前发送队列缓存的对象数量:0
totalMemory：750256128, use ：423820664, free ：326435464DirectMemory：1827143680, 恢复 ：1
当前时间 ：2026-08-20 19:21:09send keng：2418, sheng ：4194304
decode keng：26, sheng ：2097152
world keng：12, sheng ：1048576

2026-08-20 19:21:14.682 INFO [pool-6-thread-3][:] - /****************流量统计******************/
LastReadBytes:0
LastReadThroughput:0
LastWrittenBytes:0
LastWriteThroughput:0
RealWrittenBytes:0
RealWriteThroughput:0
当前玩家的连接数量:0
当前地图的线程个数：9
当前地图的个数:47
当前数据库执行队列数:0
当前发送队列缓存的对象数量:0
totalMemory：750256128, use ：427249088, free ：323007040DirectMemory：1827143680, 恢复 ：1
当前时间 ：2026-08-20 19:21:14send keng：2418, sheng ：4194304
decode keng：26, sheng ：2097152
world keng：12, sheng ：1048576

2026-08-20 19:21:19.682 INFO [pool-6-thread-6][:] - /****************流量统计******************/
LastReadBytes:0
LastReadThroughput:0
LastWrittenBytes:0
LastWriteThroughput:0
RealWrittenBytes:0
RealWriteThroughput:0
当前玩家的连接数量:0
当前地图的线程个数：9
当前地图的个数:47
当前数据库执行队列数:0
当前发送队列缓存的对象数量:0
totalMemory：750256128, use ：430987664, free ：319268464DirectMemory：1827143680, 恢复 ：1
当前时间 ：2026-08-20 19:21:19send keng：2418, sheng ：4194304
decode keng：26, sheng ：2097152
world keng：12, sheng ：1048576

2026-08-20 19:21:24.682 INFO [pool-6-thread-5][:] - /****************流量统计******************/
LastReadBytes:0
LastReadThroughput:0
LastWrittenBytes:0
LastWriteThroughput:0
RealWrittenBytes:0
RealWriteThroughput:0
当前玩家的连接数量:0
当前地图的线程个数：9
当前地图的个数:47
当前数据库执行队列数:0
当前发送队列缓存的对象数量:0
totalMemory：750256128, use ：434228776, free ：316027352DirectMemory：1827143680, 恢复 ：1
当前时间 ：2026-08-20 19:21:24send keng：2418, sheng ：4194304
decode keng：26, sheng ：2097152
world keng：12, sheng ：1048576

2026-08-20 19:21:29.684 INFO [pool-6-thread-2][:] - /****************流量统计******************/
LastReadBytes:0
LastReadThroughput:0
LastWrittenBytes:0
LastWriteThroughput:0
RealWrittenBytes:0
RealWriteThroughput:0
当前玩家的连接数量:0
当前地图的线程个数：9
当前地图的个数:47
当前数据库执行队列数:0
当前发送队列缓存的对象数量:0
totalMemory：750256128, use ：437335448, free ：312920680DirectMemory：1827143680, 恢复 ：1
当前时间 ：2026-08-20 19:21:29send keng：2418, sheng ：4194304
decode keng：26, sheng ：2097152
world keng：12, sheng ：1048576

2026-08-20 19:21:34.682 INFO [pool-6-thread-9][:] - /****************流量统计******************/
LastReadBytes:0
LastReadThroughput:0
LastWrittenBytes:0
LastWriteThroughput:0
RealWrittenBytes:0
RealWriteThroughput:0
当前玩家的连接数量:0
当前地图的线程个数：9
当前地图的个数:47
当前数据库执行队列数:0
当前发送队列缓存的对象数量:0
totalMemory：750256128, use ：440724280, free ：309531848DirectMemory：1827143680, 恢复 ：1
当前时间 ：2026-08-20 19:21:34send keng：2418, sheng ：4194304
decode keng：26, sheng ：2097152
world keng：12, sheng ：1048576

2026-08-20 19:21:39.682 INFO [pool-6-thread-5][:] - /****************流量统计******************/
LastReadBytes:0
LastReadThroughput:0
LastWrittenBytes:0
LastWriteThroughput:0
RealWrittenBytes:0
RealWriteThroughput:0
当前玩家的连接数量:0
当前地图的线程个数：9
当前地图的个数:47
当前数据库执行队列数:0
当前发送队列缓存的对象数量:0
totalMemory：750256128, use ：444105208, free ：306150920DirectMemory：1827143680, 恢复 ：1
当前时间 ：2026-08-20 19:21:39send keng：2418, sheng ：4194304
decode keng：26, sheng ：2097152
world keng：12, sheng ：1048576

2026-08-20 19:21:44.682 INFO [pool-6-thread-8][:] - /****************流量统计******************/
LastReadBytes:0
LastReadThroughput:0
LastWrittenBytes:0
LastWriteThroughput:0
RealWrittenBytes:0
RealWriteThroughput:0
当前玩家的连接数量:0
当前地图的线程个数：9
当前地图的个数:47
当前数据库执行队列数:0
当前发送队列缓存的对象数量:0
totalMemory：750256128, use ：447842192, free ：302413936DirectMemory：1827143680, 恢复 ：1
当前时间 ：2026-08-20 19:21:44send keng：2418, sheng ：4194304
decode keng：26, sheng ：2097152
world keng：12, sheng ：1048576

2026-08-20 19:21:49.682 INFO [pool-6-thread-2][:] - /****************流量统计******************/
LastReadBytes:0
LastReadThroughput:0
LastWrittenBytes:0
LastWriteThroughput:0
RealWrittenBytes:0
RealWriteThroughput:0
当前玩家的连接数量:0
当前地图的线程个数：9
当前地图的个数:47
当前数据库执行队列数:0
当前发送队列缓存的对象数量:0
totalMemory：750256128, use ：451215408, free ：299040720DirectMemory：1827143680, 恢复 ：1
当前时间 ：2026-08-20 19:21:49send keng：2418, sheng ：4194304
decode keng：26, sheng ：2097152
world keng：12, sheng ：1048576

2026-08-20 19:21:54.682 INFO [pool-6-thread-1][:] - /****************流量统计******************/
LastReadBytes:0
LastReadThroughput:0
LastWrittenBytes:0
LastWriteThroughput:0
RealWrittenBytes:0
RealWriteThroughput:0
当前玩家的连接数量:0
当前地图的线程个数：9
当前地图的个数:47
当前数据库执行队列数:0
当前发送队列缓存的对象数量:0
totalMemory：750256128, use ：454803880, free ：295452248DirectMemory：1827143680, 恢复 ：1
当前时间 ：2026-08-20 19:21:54send keng：2418, sheng ：4194304
decode keng：26, sheng ：2097152
world keng：12, sheng ：1048576

2026-08-20 19:21:59.682 INFO [pool-6-thread-3][:] - /****************流量统计******************/
LastReadBytes:0
LastReadThroughput:0
LastWrittenBytes:0
LastWriteThroughput:0
RealWrittenBytes:0
RealWriteThroughput:0
当前玩家的连接数量:0
当前地图的线程个数：9
当前地图的个数:47
当前数据库执行队列数:0
当前发送队列缓存的对象数量:0
totalMemory：750256128, use ：458181776, free ：292074352DirectMemory：1827143680, 恢复 ：1
当前时间 ：2026-08-20 19:21:59send keng：2418, sheng ：4194304
decode keng：26, sheng ：2097152
world keng：12, sheng ：1048576

2026-08-20 19:22:04.682 INFO [pool-6-thread-4][:] - /****************流量统计******************/
LastReadBytes:0
LastReadThroughput:0
LastWrittenBytes:0
LastWriteThroughput:0
RealWrittenBytes:0
RealWriteThroughput:0
当前玩家的连接数量:0
当前地图的线程个数：9
当前地图的个数:47
当前数据库执行队列数:0
当前发送队列缓存的对象数量:0
totalMemory：750256128, use ：461903200, free ：288352928DirectMemory：1827143680, 恢复 ：1
当前时间 ：2026-08-20 19:22:04send keng：2418, sheng ：4194304
decode keng：26, sheng ：2097152
world keng：12, sheng ：1048576

2026-08-20 19:22:09.682 INFO [pool-6-thread-3][:] - /****************流量统计******************/
LastReadBytes:0
LastReadThroughput:0
LastWrittenBytes:0
LastWriteThroughput:0
RealWrittenBytes:0
RealWriteThroughput:0
当前玩家的连接数量:0
当前地图的线程个数：9
当前地图的个数:47
当前数据库执行队列数:0
当前发送队列缓存的对象数量:0
totalMemory：750256128, use ：465271472, free ：284984656DirectMemory：1827143680, 恢复 ：1
当前时间 ：2026-08-20 19:22:09send keng：2418, sheng ：4194304
decode keng：26, sheng ：2097152
world keng：12, sheng ：1048576

2026-08-20 19:22:14.682 INFO [pool-6-thread-3][:] - /****************流量统计******************/
LastReadBytes:0
LastReadThroughput:0
LastWrittenBytes:0
LastWriteThroughput:0
RealWrittenBytes:0
RealWriteThroughput:0
当前玩家的连接数量:0
当前地图的线程个数：9
当前地图的个数:47
当前数据库执行队列数:0
当前发送队列缓存的对象数量:0
totalMemory：750256128, use ：468873216, free ：281382912DirectMemory：1827143680, 恢复 ：1
当前时间 ：2026-08-20 19:22:14send keng：2418, sheng ：4194304
decode keng：26, sheng ：2097152
world keng：12, sheng ：1048576

2026-08-20 19:22:19.689 INFO [pool-6-thread-6][:] - /****************流量统计******************/
LastReadBytes:0
LastReadThroughput:0
LastWrittenBytes:0
LastWriteThroughput:0
RealWrittenBytes:0
RealWriteThroughput:0
当前玩家的连接数量:0
当前地图的线程个数：9
当前地图的个数:47
当前数据库执行队列数:0
当前发送队列缓存的对象数量:0
totalMemory：750256128, use ：471734136, free ：278521992DirectMemory：1827143680, 恢复 ：1
当前时间 ：2026-08-20 19:22:19send keng：2418, sheng ：4194304
decode keng：26, sheng ：2097152
world keng：12, sheng ：1048576

2026-08-20 19:22:24.682 INFO [pool-6-thread-4][:] - /****************流量统计******************/
LastReadBytes:0
LastReadThroughput:0
LastWrittenBytes:0
LastWriteThroughput:0
RealWrittenBytes:0
RealWriteThroughput:0
当前玩家的连接数量:0
当前地图的线程个数：9
当前地图的个数:47
当前数据库执行队列数:0
当前发送队列缓存的对象数量:0
totalMemory：750256128, use ：475549304, free ：274706824DirectMemory：1827143680, 恢复 ：1
当前时间 ：2026-08-20 19:22:24send keng：2418, sheng ：4194304
decode keng：26, sheng ：2097152
world keng：12, sheng ：1048576

2026-08-20 19:22:29.682 INFO [pool-6-thread-5][:] - /****************流量统计******************/
LastReadBytes:0
LastReadThroughput:0
LastWrittenBytes:0
LastWriteThroughput:0
RealWrittenBytes:0
RealWriteThroughput:0
当前玩家的连接数量:0
当前地图的线程个数：9
当前地图的个数:47
当前数据库执行队列数:0
当前发送队列缓存的对象数量:0
totalMemory：750256128, use ：479114528, free ：271141600DirectMemory：1827143680, 恢复 ：1
当前时间 ：2026-08-20 19:22:29send keng：2418, sheng ：4194304
decode keng：26, sheng ：2097152
world keng：12, sheng ：1048576

2026-08-20 19:22:34.682 INFO [pool-6-thread-4][:] - /****************流量统计******************/
LastReadBytes:0
LastReadThroughput:0
LastWrittenBytes:0
LastWriteThroughput:0
RealWrittenBytes:0
RealWriteThroughput:0
当前玩家的连接数量:0
当前地图的线程个数：9
当前地图的个数:47
当前数据库执行队列数:0
当前发送队列缓存的对象数量:0
totalMemory：750256128, use ：482182912, free ：268073216DirectMemory：1827143680, 恢复 ：1
当前时间 ：2026-08-20 19:22:34send keng：2418, sheng ：4194304
decode keng：26, sheng ：2097152
world keng：12, sheng ：1048576

2026-08-20 19:22:39.682 INFO [pool-6-thread-8][:] - /****************流量统计******************/
LastReadBytes:0
LastReadThroughput:0
LastWrittenBytes:0
LastWriteThroughput:0
RealWrittenBytes:0
RealWriteThroughput:0
当前玩家的连接数量:0
当前地图的线程个数：9
当前地图的个数:47
当前数据库执行队列数:0
当前发送队列缓存的对象数量:0
totalMemory：750256128, use ：485583248, free ：264672880DirectMemory：1827143680, 恢复 ：1
当前时间 ：2026-08-20 19:22:39send keng：2418, sheng ：4194304
decode keng：26, sheng ：2097152
world keng：12, sheng ：1048576

2026-08-20 19:22:44.682 INFO [pool-6-thread-7][:] - /****************流量统计******************/
LastReadBytes:0
LastReadThroughput:0
LastWrittenBytes:0
LastWriteThroughput:0
RealWrittenBytes:0
RealWriteThroughput:0
当前玩家的连接数量:0
当前地图的线程个数：9
当前地图的个数:47
当前数据库执行队列数:0
当前发送队列缓存的对象数量:0
totalMemory：750256128, use ：489585040, free ：260671088DirectMemory：1827143680, 恢复 ：1
当前时间 ：2026-08-20 19:22:44send keng：2418, sheng ：4194304
decode keng：26, sheng ：2097152
world keng：12, sheng ：1048576

2026-08-20 19:22:49.682 INFO [pool-6-thread-1][:] - /****************流量统计******************/
LastReadBytes:0
LastReadThroughput:0
LastWrittenBytes:0
LastWriteThroughput:0
RealWrittenBytes:0
RealWriteThroughput:0
当前玩家的连接数量:0
当前地图的线程个数：9
当前地图的个数:47
当前数据库执行队列数:0
当前发送队列缓存的对象数量:0
totalMemory：750256128, use ：492698968, free ：257557160DirectMemory：1827143680, 恢复 ：1
当前时间 ：2026-08-20 19:22:49send keng：2418, sheng ：4194304
decode keng：26, sheng ：2097152
world keng：12, sheng ：1048576

2026-08-20 19:22:54.682 INFO [pool-6-thread-7][:] - /****************流量统计******************/
LastReadBytes:0
LastReadThroughput:0
LastWrittenBytes:0
LastWriteThroughput:0
RealWrittenBytes:0
RealWriteThroughput:0
当前玩家的连接数量:0
当前地图的线程个数：9
当前地图的个数:47
当前数据库执行队列数:0
当前发送队列缓存的对象数量:0
totalMemory：750256128, use ：496386816, free ：253869312DirectMemory：1827143680, 恢复 ：1
当前时间 ：2026-08-20 19:22:54send keng：2418, sheng ：4194304
decode keng：26, sheng ：2097152
world keng：12, sheng ：1048576

2026-08-20 19:22:59.682 INFO [pool-6-thread-5][:] - /****************流量统计******************/
LastReadBytes:0
LastReadThroughput:0
LastWrittenBytes:0
LastWriteThroughput:0
RealWrittenBytes:0
RealWriteThroughput:0
当前玩家的连接数量:0
当前地图的线程个数：9
当前地图的个数:47
当前数据库执行队列数:0
当前发送队列缓存的对象数量:0
totalMemory：750256128, use ：499177640, free ：251078488DirectMemory：1827143680, 恢复 ：1
当前时间 ：2026-08-20 19:22:59send keng：2418, sheng ：4194304
decode keng：26, sheng ：2097152
world keng：12, sheng ：1048576

2026-08-20 19:23:04.682 INFO [pool-6-thread-8][:] - /****************流量统计******************/
LastReadBytes:0
LastReadThroughput:0
LastWrittenBytes:0
LastWriteThroughput:0
RealWrittenBytes:0
RealWriteThroughput:0
当前玩家的连接数量:0
当前地图的线程个数：9
当前地图的个数:47
当前数据库执行队列数:0
当前发送队列缓存的对象数量:0
totalMemory：750256128, use ：503444512, free ：246811616DirectMemory：1827143680, 恢复 ：1
当前时间 ：2026-08-20 19:23:04send keng：2418, sheng ：4194304
decode keng：26, sheng ：2097152
world keng：12, sheng ：1048576

2026-08-20 19:23:09.682 INFO [pool-6-thread-1][:] - /****************流量统计******************/
LastReadBytes:0
LastReadThroughput:0
LastWrittenBytes:0
LastWriteThroughput:0
RealWrittenBytes:0
RealWriteThroughput:0
当前玩家的连接数量:0
当前地图的线程个数：9
当前地图的个数:47
当前数据库执行队列数:0
当前发送队列缓存的对象数量:0
totalMemory：750256128, use ：506042576, free ：244213552DirectMemory：1827143680, 恢复 ：1
当前时间 ：2026-08-20 19:23:09send keng：2418, sheng ：4194304
decode keng：26, sheng ：2097152
world keng：12, sheng ：1048576

2026-08-20 19:23:14.682 INFO [pool-6-thread-4][:] - /****************流量统计******************/
LastReadBytes:0
LastReadThroughput:0
LastWrittenBytes:0
LastWriteThroughput:0
RealWrittenBytes:0
RealWriteThroughput:0
当前玩家的连接数量:0
当前地图的线程个数：9
当前地图的个数:47
当前数据库执行队列数:0
当前发送队列缓存的对象数量:0
totalMemory：750256128, use ：509638160, free ：240617968DirectMemory：1827143680, 恢复 ：1
当前时间 ：2026-08-20 19:23:14send keng：2418, sheng ：4194304
decode keng：26, sheng ：2097152
world keng：12, sheng ：1048576

2026-08-20 19:23:19.682 INFO [pool-6-thread-5][:] - /****************流量统计******************/
LastReadBytes:0
LastReadThroughput:0
LastWrittenBytes:0
LastWriteThroughput:0
RealWrittenBytes:0
RealWriteThroughput:0
当前玩家的连接数量:0
当前地图的线程个数：9
当前地图的个数:47
当前数据库执行队列数:0
当前发送队列缓存的对象数量:0
totalMemory：750256128, use ：512908896, free ：237347232DirectMemory：1827143680, 恢复 ：1
当前时间 ：2026-08-20 19:23:19send keng：2418, sheng ：4194304
decode keng：26, sheng ：2097152
world keng：12, sheng ：1048576

2026-08-20 19:23:24.682 INFO [pool-6-thread-8][:] - /****************流量统计******************/
LastReadBytes:0
LastReadThroughput:0
LastWrittenBytes:0
LastWriteThroughput:0
RealWrittenBytes:0
RealWriteThroughput:0
当前玩家的连接数量:0
当前地图的线程个数：9
当前地图的个数:47
当前数据库执行队列数:0
当前发送队列缓存的对象数量:0
totalMemory：750256128, use ：516441272, free ：233814856DirectMemory：1827143680, 恢复 ：1
当前时间 ：2026-08-20 19:23:24send keng：2418, sheng ：4194304
decode keng：26, sheng ：2097152
world keng：12, sheng ：1048576

2026-08-20 19:23:29.682 INFO [pool-6-thread-4][:] - /****************流量统计******************/
LastReadBytes:0
LastReadThroughput:0
LastWrittenBytes:0
LastWriteThroughput:0
RealWrittenBytes:0
RealWriteThroughput:0
当前玩家的连接数量:0
当前地图的线程个数：9
当前地图的个数:47
当前数据库执行队列数:0
当前发送队列缓存的对象数量:0
totalMemory：750256128, use ：519810384, free ：230445744DirectMemory：1827143680, 恢复 ：1
当前时间 ：2026-08-20 19:23:29send keng：2418, sheng ：4194304
decode keng：26, sheng ：2097152
world keng：12, sheng ：1048576

2026-08-20 19:23:34.682 INFO [pool-6-thread-5][:] - /****************流量统计******************/
LastReadBytes:0
LastReadThroughput:0
LastWrittenBytes:0
LastWriteThroughput:0
RealWrittenBytes:0
RealWriteThroughput:0
当前玩家的连接数量:0
当前地图的线程个数：9
当前地图的个数:47
当前数据库执行队列数:0
当前发送队列缓存的对象数量:0
totalMemory：750256128, use ：523712712, free ：226543416DirectMemory：1827143680, 恢复 ：1
当前时间 ：2026-08-20 19:23:34send keng：2418, sheng ：4194304
decode keng：26, sheng ：2097152
world keng：12, sheng ：1048576

2026-08-20 19:23:39.682 INFO [pool-6-thread-8][:] - /****************流量统计******************/
LastReadBytes:0
LastReadThroughput:0
LastWrittenBytes:0
LastWriteThroughput:0
RealWrittenBytes:0
RealWriteThroughput:0
当前玩家的连接数量:0
当前地图的线程个数：9
当前地图的个数:47
当前数据库执行队列数:0
当前发送队列缓存的对象数量:0
totalMemory：750256128, use ：526834352, free ：223421776DirectMemory：1827143680, 恢复 ：1
当前时间 ：2026-08-20 19:23:39send keng：2418, sheng ：4194304
decode keng：26, sheng ：2097152
world keng：12, sheng ：1048576

2026-08-20 19:23:44.682 INFO [pool-6-thread-3][:] - /****************流量统计******************/
LastReadBytes:0
LastReadThroughput:0
LastWrittenBytes:0
LastWriteThroughput:0
RealWrittenBytes:0
RealWriteThroughput:0
当前玩家的连接数量:0
当前地图的线程个数：9
当前地图的个数:47
当前数据库执行队列数:0
当前发送队列缓存的对象数量:0
totalMemory：750256128, use ：530679152, free ：219576976DirectMemory：1827143680, 恢复 ：1
当前时间 ：2026-08-20 19:23:44send keng：2418, sheng ：4194304
decode keng：26, sheng ：2097152
world keng：12, sheng ：1048576

2026-08-20 19:23:49.682 INFO [pool-6-thread-4][:] - /****************流量统计******************/
LastReadBytes:0
LastReadThroughput:0
LastWrittenBytes:0
LastWriteThroughput:0
RealWrittenBytes:0
RealWriteThroughput:0
当前玩家的连接数量:0
当前地图的线程个数：9
当前地图的个数:47
当前数据库执行队列数:0
当前发送队列缓存的对象数量:0
totalMemory：750256128, use ：533958176, free ：216297952DirectMemory：1827143680, 恢复 ：1
当前时间 ：2026-08-20 19:23:49send keng：2418, sheng ：4194304
decode keng：26, sheng ：2097152
world keng：12, sheng ：1048576

2026-08-20 19:23:54.682 INFO [pool-6-thread-5][:] - /****************流量统计******************/
LastReadBytes:0
LastReadThroughput:0
LastWrittenBytes:0
LastWriteThroughput:0
RealWrittenBytes:0
RealWriteThroughput:0
当前玩家的连接数量:0
当前地图的线程个数：9
当前地图的个数:47
当前数据库执行队列数:0
当前发送队列缓存的对象数量:0
totalMemory：748158976, use ：421300080, free ：326858896DirectMemory：1827143680, 恢复 ：1
当前时间 ：2026-08-20 19:23:54send keng：2418, sheng ：4194304
decode keng：26, sheng ：2097152
world keng：12, sheng ：1048576

2026-08-20 19:23:59.682 INFO [pool-6-thread-10][:] - /****************流量统计******************/
LastReadBytes:0
LastReadThroughput:0
LastWrittenBytes:0
LastWriteThroughput:0
RealWrittenBytes:0
RealWriteThroughput:0
当前玩家的连接数量:0
当前地图的线程个数：9
当前地图的个数:47
当前数据库执行队列数:0
当前发送队列缓存的对象数量:0
totalMemory：748158976, use ：424330136, free ：323828840DirectMemory：1827143680, 恢复 ：1
当前时间 ：2026-08-20 19:23:59send keng：2418, sheng ：4194304
decode keng：26, sheng ：2097152
world keng：12, sheng ：1048576

2026-08-20 19:24:04.682 INFO [pool-6-thread-1][:] - /****************流量统计******************/
LastReadBytes:0
LastReadThroughput:0
LastWrittenBytes:0
LastWriteThroughput:0
RealWrittenBytes:0
RealWriteThroughput:0
当前玩家的连接数量:0
当前地图的线程个数：9
当前地图的个数:47
当前数据库执行队列数:0
当前发送队列缓存的对象数量:0
totalMemory：748158976, use ：428696096, free ：319462880DirectMemory：1827143680, 恢复 ：1
当前时间 ：2026-08-20 19:24:04send keng：2418, sheng ：4194304
decode keng：26, sheng ：2097152
world keng：12, sheng ：1048576

2026-08-20 19:24:09.682 INFO [pool-6-thread-10][:] - /****************流量统计******************/
LastReadBytes:0
LastReadThroughput:0
LastWrittenBytes:0
LastWriteThroughput:0
RealWrittenBytes:0
RealWriteThroughput:0
当前玩家的连接数量:0
当前地图的线程个数：9
当前地图的个数:47
当前数据库执行队列数:0
当前发送队列缓存的对象数量:0
totalMemory：748158976, use ：431581448, free ：316577528DirectMemory：1827143680, 恢复 ：1
当前时间 ：2026-08-20 19:24:09send keng：2418, sheng ：4194304
decode keng：26, sheng ：2097152
world keng：12, sheng ：1048576

2026-08-20 19:24:14.682 INFO [pool-6-thread-1][:] - /****************流量统计******************/
LastReadBytes:0
LastReadThroughput:0
LastWrittenBytes:0
LastWriteThroughput:0
RealWrittenBytes:0
RealWriteThroughput:0
当前玩家的连接数量:0
当前地图的线程个数：9
当前地图的个数:47
当前数据库执行队列数:0
当前发送队列缓存的对象数量:0
totalMemory：748158976, use ：435561872, free ：312597104DirectMemory：1827143680, 恢复 ：1
当前时间 ：2026-08-20 19:24:14send keng：2418, sheng ：4194304
decode keng：26, sheng ：2097152
world keng：12, sheng ：1048576

2026-08-20 19:24:19.682 INFO [pool-6-thread-8][:] - /****************流量统计******************/
LastReadBytes:0
LastReadThroughput:0
LastWrittenBytes:0
LastWriteThroughput:0
RealWrittenBytes:0
RealWriteThroughput:0
当前玩家的连接数量:0
当前地图的线程个数：9
当前地图的个数:47
当前数据库执行队列数:0
当前发送队列缓存的对象数量:0
totalMemory：748158976, use ：438619576, free ：309539400DirectMemory：1827143680, 恢复 ：1
当前时间 ：2026-08-20 19:24:19send keng：2418, sheng ：4194304
decode keng：26, sheng ：2097152
world keng：12, sheng ：1048576

2026-08-20 19:24:24.682 INFO [pool-6-thread-2][:] - /****************流量统计******************/
LastReadBytes:0
LastReadThroughput:0
LastWrittenBytes:0
LastWriteThroughput:0
RealWrittenBytes:0
RealWriteThroughput:0
当前玩家的连接数量:0
当前地图的线程个数：9
当前地图的个数:47
当前数据库执行队列数:0
当前发送队列缓存的对象数量:0
totalMemory：748158976, use ：442719920, free ：305439056DirectMemory：1827143680, 恢复 ：1
当前时间 ：2026-08-20 19:24:24send keng：2418, sheng ：4194304
decode keng：26, sheng ：2097152
world keng：12, sheng ：1048576

2026-08-20 19:24:29.682 INFO [pool-6-thread-5][:] - /****************流量统计******************/
LastReadBytes:0
LastReadThroughput:0
LastWrittenBytes:0
LastWriteThroughput:0
RealWrittenBytes:0
RealWriteThroughput:0
当前玩家的连接数量:0
当前地图的线程个数：9
当前地图的个数:47
当前数据库执行队列数:0
当前发送队列缓存的对象数量:0
totalMemory：748158976, use ：445445168, free ：302713808DirectMemory：1827143680, 恢复 ：1
当前时间 ：2026-08-20 19:24:29send keng：2418, sheng ：4194304
decode keng：26, sheng ：2097152
world keng：12, sheng ：1048576

2026-08-20 19:24:34.682 INFO [pool-6-thread-5][:] - /****************流量统计******************/
LastReadBytes:0
LastReadThroughput:0
LastWrittenBytes:0
LastWriteThroughput:0
RealWrittenBytes:0
RealWriteThroughput:0
当前玩家的连接数量:0
当前地图的线程个数：9
当前地图的个数:47
当前数据库执行队列数:0
当前发送队列缓存的对象数量:0
totalMemory：748158976, use ：449710976, free ：298448000DirectMemory：1827143680, 恢复 ：1
当前时间 ：2026-08-20 19:24:34send keng：2418, sheng ：4194304
decode keng：26, sheng ：2097152
world keng：12, sheng ：1048576

2026-08-20 19:24:39.682 INFO [pool-6-thread-1][:] - /****************流量统计******************/
LastReadBytes:0
LastReadThroughput:0
LastWrittenBytes:0
LastWriteThroughput:0
RealWrittenBytes:0
RealWriteThroughput:0
当前玩家的连接数量:0
当前地图的线程个数：9
当前地图的个数:47
当前数据库执行队列数:0
当前发送队列缓存的对象数量:0
totalMemory：748158976, use ：452749480, free ：295409496DirectMemory：1827143680, 恢复 ：1
当前时间 ：2026-08-20 19:24:39send keng：2418, sheng ：4194304
decode keng：26, sheng ：2097152
world keng：12, sheng ：1048576

2026-08-20 19:24:44.682 INFO [pool-6-thread-10][:] - /****************流量统计******************/
LastReadBytes:0
LastReadThroughput:0
LastWrittenBytes:0
LastWriteThroughput:0
RealWrittenBytes:0
RealWriteThroughput:0
当前玩家的连接数量:0
当前地图的线程个数：9
当前地图的个数:47
当前数据库执行队列数:0
当前发送队列缓存的对象数量:0
totalMemory：748158976, use ：456403952, free ：291755024DirectMemory：1827143680, 恢复 ：1
当前时间 ：2026-08-20 19:24:44send keng：2418, sheng ：4194304
decode keng：26, sheng ：2097152
world keng：12, sheng ：1048576

2026-08-20 19:24:49.682 INFO [pool-6-thread-6][:] - /****************流量统计******************/
LastReadBytes:0
LastReadThroughput:0
LastWrittenBytes:0
LastWriteThroughput:0
RealWrittenBytes:0
RealWriteThroughput:0
当前玩家的连接数量:0
当前地图的线程个数：9
当前地图的个数:47
当前数据库执行队列数:0
当前发送队列缓存的对象数量:0
totalMemory：748158976, use ：459840760, free ：288318216DirectMemory：1827143680, 恢复 ：1
当前时间 ：2026-08-20 19:24:49send keng：2418, sheng ：4194304
decode keng：26, sheng ：2097152
world keng：12, sheng ：1048576

2026-08-20 19:24:54.682 INFO [pool-6-thread-10][:] - /****************流量统计******************/
LastReadBytes:0
LastReadThroughput:0
LastWrittenBytes:0
LastWriteThroughput:0
RealWrittenBytes:0
RealWriteThroughput:0
当前玩家的连接数量:0
当前地图的线程个数：9
当前地图的个数:47
当前数据库执行队列数:0
当前发送队列缓存的对象数量:0
totalMemory：748158976, use ：463690392, free ：284468584DirectMemory：1827143680, 恢复 ：1
当前时间 ：2026-08-20 19:24:54send keng：2418, sheng ：4194304
decode keng：26, sheng ：2097152
world keng：12, sheng ：1048576

2026-08-20 19:24:59.682 INFO [pool-6-thread-7][:] - /****************流量统计******************/
LastReadBytes:0
LastReadThroughput:0
LastWrittenBytes:0
LastWriteThroughput:0
RealWrittenBytes:0
RealWriteThroughput:0
当前玩家的连接数量:0
当前地图的线程个数：9
当前地图的个数:47
当前数据库执行队列数:0
当前发送队列缓存的对象数量:0
totalMemory：748158976, use ：466876792, free ：281282184DirectMemory：1827143680, 恢复 ：1
当前时间 ：2026-08-20 19:24:59send keng：2418, sheng ：4194304
decode keng：26, sheng ：2097152
world keng：12, sheng ：1048576

2026-08-20 19:25:04.682 INFO [pool-6-thread-4][:] - /****************流量统计******************/
LastReadBytes:0
LastReadThroughput:0
LastWrittenBytes:0
LastWriteThroughput:0
RealWrittenBytes:0
RealWriteThroughput:0
当前玩家的连接数量:0
当前地图的线程个数：9
当前地图的个数:47
当前数据库执行队列数:0
当前发送队列缓存的对象数量:0
totalMemory：748158976, use ：470779128, free ：277379848DirectMemory：1827143680, 恢复 ：1
当前时间 ：2026-08-20 19:25:04send keng：2418, sheng ：4194304
decode keng：26, sheng ：2097152
world keng：12, sheng ：1048576

2026-08-20 19:25:09.682 INFO [pool-6-thread-1][:] - /****************流量统计******************/
LastReadBytes:0
LastReadThroughput:0
LastWrittenBytes:0
LastWriteThroughput:0
RealWrittenBytes:0
RealWriteThroughput:0
当前玩家的连接数量:0
当前地图的线程个数：9
当前地图的个数:47
当前数据库执行队列数:0
当前发送队列缓存的对象数量:0
totalMemory：748158976, use ：474127264, free ：274031712DirectMemory：1827143680, 恢复 ：1
当前时间 ：2026-08-20 19:25:09send keng：2418, sheng ：4194304
decode keng：26, sheng ：2097152
world keng：12, sheng ：1048576

2026-08-20 19:25:14.682 INFO [pool-6-thread-2][:] - /****************流量统计******************/
LastReadBytes:0
LastReadThroughput:0
LastWrittenBytes:0
LastWriteThroughput:0
RealWrittenBytes:0
RealWriteThroughput:0
当前玩家的连接数量:0
当前地图的线程个数：9
当前地图的个数:47
当前数据库执行队列数:0
当前发送队列缓存的对象数量:0
totalMemory：748158976, use ：477616240, free ：270542736DirectMemory：1827143680, 恢复 ：1
当前时间 ：2026-08-20 19:25:14send keng：2418, sheng ：4194304
decode keng：26, sheng ：2097152
world keng：12, sheng ：1048576

2026-08-20 19:25:19.682 INFO [pool-6-thread-4][:] - /****************流量统计******************/
LastReadBytes:0
LastReadThroughput:0
LastWrittenBytes:0
LastWriteThroughput:0
RealWrittenBytes:0
RealWriteThroughput:0
当前玩家的连接数量:0
当前地图的线程个数：9
当前地图的个数:47
当前数据库执行队列数:0
当前发送队列缓存的对象数量:0
totalMemory：748158976, use ：480871280, free ：267287696DirectMemory：1827143680, 恢复 ：1
当前时间 ：2026-08-20 19:25:19send keng：2418, sheng ：4194304
decode keng：26, sheng ：2097152
world keng：12, sheng ：1048576

2026-08-20 19:25:24.686 INFO [pool-6-thread-4][:] - /****************流量统计******************/
LastReadBytes:0
LastReadThroughput:0
LastWrittenBytes:0
LastWriteThroughput:0
RealWrittenBytes:0
RealWriteThroughput:0
当前玩家的连接数量:0
当前地图的线程个数：9
当前地图的个数:47
当前数据库执行队列数:0
当前发送队列缓存的对象数量:0
totalMemory：748158976, use ：484606536, free ：263552440DirectMemory：1827143680, 恢复 ：1
当前时间 ：2026-08-20 19:25:24send keng：2418, sheng ：4194304
decode keng：26, sheng ：2097152
world keng：12, sheng ：1048576

2026-08-20 19:25:29.682 INFO [pool-6-thread-6][:] - /****************流量统计******************/
LastReadBytes:0
LastReadThroughput:0
LastWrittenBytes:0
LastWriteThroughput:0
RealWrittenBytes:0
RealWriteThroughput:0
当前玩家的连接数量:0
当前地图的线程个数：9
当前地图的个数:47
当前数据库执行队列数:0
当前发送队列缓存的对象数量:0
totalMemory：748158976, use ：487886184, free ：260272792DirectMemory：1827143680, 恢复 ：1
当前时间 ：2026-08-20 19:25:29send keng：2418, sheng ：4194304
decode keng：26, sheng ：2097152
world keng：12, sheng ：1048576

2026-08-20 19:25:34.682 INFO [pool-6-thread-4][:] - /****************流量统计******************/
LastReadBytes:0
LastReadThroughput:0
LastWrittenBytes:0
LastWriteThroughput:0
RealWrittenBytes:0
RealWriteThroughput:0
当前玩家的连接数量:0
当前地图的线程个数：9
当前地图的个数:47
当前数据库执行队列数:0
当前发送队列缓存的对象数量:0
totalMemory：748158976, use ：491600208, free ：256558768DirectMemory：1827143680, 恢复 ：1
当前时间 ：2026-08-20 19:25:34send keng：2418, sheng ：4194304
decode keng：26, sheng ：2097152
world keng：12, sheng ：1048576

2026-08-20 19:25:39.682 INFO [pool-6-thread-9][:] - /****************流量统计******************/
LastReadBytes:0
LastReadThroughput:0
LastWrittenBytes:0
LastWriteThroughput:0
RealWrittenBytes:0
RealWriteThroughput:0
当前玩家的连接数量:0
当前地图的线程个数：9
当前地图的个数:47
当前数据库执行队列数:0
当前发送队列缓存的对象数量:0
totalMemory：748158976, use ：494903528, free ：253255448DirectMemory：1827143680, 恢复 ：1
当前时间 ：2026-08-20 19:25:39send keng：2418, sheng ：4194304
decode keng：26, sheng ：2097152
world keng：12, sheng ：1048576

2026-08-20 19:25:44.682 INFO [pool-6-thread-6][:] - /****************流量统计******************/
LastReadBytes:0
LastReadThroughput:0
LastWrittenBytes:0
LastWriteThroughput:0
RealWrittenBytes:0
RealWriteThroughput:0
当前玩家的连接数量:0
当前地图的线程个数：9
当前地图的个数:47
当前数据库执行队列数:0
当前发送队列缓存的对象数量:0
totalMemory：748158976, use ：498781408, free ：249377568DirectMemory：1827143680, 恢复 ：1
当前时间 ：2026-08-20 19:25:44send keng：2418, sheng ：4194304
decode keng：26, sheng ：2097152
world keng：12, sheng ：1048576

2026-08-20 19:25:49.682 INFO [pool-6-thread-3][:] - /****************流量统计******************/
LastReadBytes:0
LastReadThroughput:0
LastWrittenBytes:0
LastWriteThroughput:0
RealWrittenBytes:0
RealWriteThroughput:0
当前玩家的连接数量:0
当前地图的线程个数：9
当前地图的个数:47
当前数据库执行队列数:0
当前发送队列缓存的对象数量:0
totalMemory：748158976, use ：502073984, free ：246084992DirectMemory：1827143680, 恢复 ：1
当前时间 ：2026-08-20 19:25:49send keng：2418, sheng ：4194304
decode keng：26, sheng ：2097152
world keng：12, sheng ：1048576

2026-08-20 19:25:54.684 INFO [pool-6-thread-9][:] - /****************流量统计******************/
LastReadBytes:0
LastReadThroughput:0
LastWrittenBytes:0
LastWriteThroughput:0
RealWrittenBytes:0
RealWriteThroughput:0
当前玩家的连接数量:0
当前地图的线程个数：9
当前地图的个数:47
当前数据库执行队列数:0
当前发送队列缓存的对象数量:0
totalMemory：748158976, use ：505194704, free ：242964272DirectMemory：1827143680, 恢复 ：1
当前时间 ：2026-08-20 19:25:54send keng：2418, sheng ：4194304
decode keng：26, sheng ：2097152
world keng：12, sheng ：1048576

2026-08-20 19:25:59.682 INFO [pool-6-thread-7][:] - /****************流量统计******************/
LastReadBytes:0
LastReadThroughput:0
LastWrittenBytes:0
LastWriteThroughput:0
RealWrittenBytes:0
RealWriteThroughput:0
当前玩家的连接数量:0
当前地图的线程个数：9
当前地图的个数:47
当前数据库执行队列数:0
当前发送队列缓存的对象数量:0
totalMemory：748158976, use ：508958936, free ：239200040DirectMemory：1827143680, 恢复 ：1
当前时间 ：2026-08-20 19:25:59send keng：2418, sheng ：4194304
decode keng：26, sheng ：2097152
world keng：12, sheng ：1048576

2026-08-20 19:26:04.682 INFO [pool-6-thread-1][:] - /****************流量统计******************/
LastReadBytes:0
LastReadThroughput:0
LastWrittenBytes:0
LastWriteThroughput:0
RealWrittenBytes:0
RealWriteThroughput:0
当前玩家的连接数量:0
当前地图的线程个数：9
当前地图的个数:47
当前数据库执行队列数:0
当前发送队列缓存的对象数量:0
totalMemory：748158976, use ：512620544, free ：235538432DirectMemory：1827143680, 恢复 ：1
当前时间 ：2026-08-20 19:26:04send keng：2418, sheng ：4194304
decode keng：26, sheng ：2097152
world keng：12, sheng ：1048576

2026-08-20 19:26:09.682 INFO [pool-6-thread-8][:] - /****************流量统计******************/
LastReadBytes:0
LastReadThroughput:0
LastWrittenBytes:0
LastWriteThroughput:0
RealWrittenBytes:0
RealWriteThroughput:0
当前玩家的连接数量:0
当前地图的线程个数：9
当前地图的个数:47
当前数据库执行队列数:0
当前发送队列缓存的对象数量:0
totalMemory：748158976, use ：516290872, free ：231868104DirectMemory：1827143680, 恢复 ：1
当前时间 ：2026-08-20 19:26:09send keng：2418, sheng ：4194304
decode keng：26, sheng ：2097152
world keng：12, sheng ：1048576

2026-08-20 19:26:14.682 INFO [pool-6-thread-9][:] - /****************流量统计******************/
LastReadBytes:0
LastReadThroughput:0
LastWrittenBytes:0
LastWriteThroughput:0
RealWrittenBytes:0
RealWriteThroughput:0
当前玩家的连接数量:0
当前地图的线程个数：9
当前地图的个数:47
当前数据库执行队列数:0
当前发送队列缓存的对象数量:0
totalMemory：748158976, use ：519608040, free ：228550936DirectMemory：1827143680, 恢复 ：1
当前时间 ：2026-08-20 19:26:14send keng：2418, sheng ：4194304
decode keng：26, sheng ：2097152
world keng：12, sheng ：1048576

2026-08-20 19:26:19.682 INFO [pool-6-thread-4][:] - /****************流量统计******************/
LastReadBytes:0
LastReadThroughput:0
LastWrittenBytes:0
LastWriteThroughput:0
RealWrittenBytes:0
RealWriteThroughput:0
当前玩家的连接数量:0
当前地图的线程个数：9
当前地图的个数:47
当前数据库执行队列数:0
当前发送队列缓存的对象数量:0
totalMemory：748158976, use ：523103984, free ：225054992DirectMemory：1827143680, 恢复 ：1
当前时间 ：2026-08-20 19:26:19send keng：2418, sheng ：4194304
decode keng：26, sheng ：2097152
world keng：12, sheng ：1048576

2026-08-20 19:26:24.682 INFO [pool-6-thread-3][:] - /****************流量统计******************/
LastReadBytes:0
LastReadThroughput:0
LastWrittenBytes:0
LastWriteThroughput:0
RealWrittenBytes:0
RealWriteThroughput:0
当前玩家的连接数量:0
当前地图的线程个数：9
当前地图的个数:47
当前数据库执行队列数:0
当前发送队列缓存的对象数量:0
totalMemory：748158976, use ：526909648, free ：221249328DirectMemory：1827143680, 恢复 ：1
当前时间 ：2026-08-20 19:26:24send keng：2418, sheng ：4194304
decode keng：26, sheng ：2097152
world keng：12, sheng ：1048576

2026-08-20 19:26:29.682 INFO [pool-6-thread-4][:] - /****************流量统计******************/
LastReadBytes:0
LastReadThroughput:0
LastWrittenBytes:0
LastWriteThroughput:0
RealWrittenBytes:0
RealWriteThroughput:0
当前玩家的连接数量:0
当前地图的线程个数：9
当前地图的个数:47
当前数据库执行队列数:0
当前发送队列缓存的对象数量:0
totalMemory：748158976, use ：530210512, free ：217948464DirectMemory：1827143680, 恢复 ：1
当前时间 ：2026-08-20 19:26:29send keng：2418, sheng ：4194304
decode keng：26, sheng ：2097152
world keng：12, sheng ：1048576

2026-08-20 19:26:34.682 INFO [pool-6-thread-10][:] - /****************流量统计******************/
LastReadBytes:0
LastReadThroughput:0
LastWrittenBytes:0
LastWriteThroughput:0
RealWrittenBytes:0
RealWriteThroughput:0
当前玩家的连接数量:0
当前地图的线程个数：9
当前地图的个数:47
当前数据库执行队列数:0
当前发送队列缓存的对象数量:0
totalMemory：746061824, use ：419943384, free ：326118440DirectMemory：1827143680, 恢复 ：1
当前时间 ：2026-08-20 19:26:34send keng：2418, sheng ：4194304
decode keng：26, sheng ：2097152
world keng：12, sheng ：1048576

2026-08-20 19:26:39.682 INFO [pool-6-thread-5][:] - /****************流量统计******************/
LastReadBytes:0
LastReadThroughput:0
LastWrittenBytes:0
LastWriteThroughput:0
RealWrittenBytes:0
RealWriteThroughput:0
当前玩家的连接数量:0
当前地图的线程个数：9
当前地图的个数:47
当前数据库执行队列数:0
当前发送队列缓存的对象数量:0
totalMemory：746061824, use ：423453256, free ：322608568DirectMemory：1827143680, 恢复 ：1
当前时间 ：2026-08-20 19:26:39send keng：2418, sheng ：4194304
decode keng：26, sheng ：2097152
world keng：12, sheng ：1048576

2026-08-20 19:26:44.682 INFO [pool-6-thread-5][:] - /****************流量统计******************/
LastReadBytes:0
LastReadThroughput:0
LastWrittenBytes:0
LastWriteThroughput:0
RealWrittenBytes:0
RealWriteThroughput:0
当前玩家的连接数量:0
当前地图的线程个数：9
当前地图的个数:47
当前数据库执行队列数:0
当前发送队列缓存的对象数量:0
totalMemory：746061824, use ：426783248, free ：319278576DirectMemory：1827143680, 恢复 ：1
当前时间 ：2026-08-20 19:26:44send keng：2418, sheng ：4194304
decode keng：26, sheng ：2097152
world keng：12, sheng ：1048576

2026-08-20 19:26:49.682 INFO [pool-6-thread-4][:] - /****************流量统计******************/
LastReadBytes:0
LastReadThroughput:0
LastWrittenBytes:0
LastWriteThroughput:0
RealWrittenBytes:0
RealWriteThroughput:0
当前玩家的连接数量:0
当前地图的线程个数：9
当前地图的个数:47
当前数据库执行队列数:0
当前发送队列缓存的对象数量:0
totalMemory：746061824, use ：430615640, free ：315446184DirectMemory：1827143680, 恢复 ：1
当前时间 ：2026-08-20 19:26:49send keng：2418, sheng ：4194304
decode keng：26, sheng ：2097152
world keng：12, sheng ：1048576

2026-08-20 19:26:54.682 INFO [pool-6-thread-1][:] - /****************流量统计******************/
LastReadBytes:0
LastReadThroughput:0
LastWrittenBytes:0
LastWriteThroughput:0
RealWrittenBytes:0
RealWriteThroughput:0
当前玩家的连接数量:0
当前地图的线程个数：9
当前地图的个数:47
当前数据库执行队列数:0
当前发送队列缓存的对象数量:0
totalMemory：746061824, use ：433748392, free ：312313432DirectMemory：1827143680, 恢复 ：1
当前时间 ：2026-08-20 19:26:54send keng：2418, sheng ：4194304
decode keng：26, sheng ：2097152
world keng：12, sheng ：1048576

2026-08-20 19:26:59.682 INFO [pool-6-thread-7][:] - /****************流量统计******************/
LastReadBytes:0
LastReadThroughput:0
LastWrittenBytes:0
LastWriteThroughput:0
RealWrittenBytes:0
RealWriteThroughput:0
当前玩家的连接数量:0
当前地图的线程个数：9
当前地图的个数:47
当前数据库执行队列数:0
当前发送队列缓存的对象数量:0
totalMemory：746061824, use ：437284560, free ：308777264DirectMemory：1827143680, 恢复 ：1
当前时间 ：2026-08-20 19:26:59send keng：2418, sheng ：4194304
decode keng：26, sheng ：2097152
world keng：12, sheng ：1048576

2026-08-20 19:27:04.682 INFO [pool-6-thread-3][:] - /****************流量统计******************/
LastReadBytes:0
LastReadThroughput:0
LastWrittenBytes:0
LastWriteThroughput:0
RealWrittenBytes:0
RealWriteThroughput:0
当前玩家的连接数量:0
当前地图的线程个数：9
当前地图的个数:47
当前数据库执行队列数:0
当前发送队列缓存的对象数量:0
totalMemory：746061824, use ：440963264, free ：305098560DirectMemory：1827143680, 恢复 ：1
当前时间 ：2026-08-20 19:27:04send keng：2418, sheng ：4194304
decode keng：26, sheng ：2097152
world keng：12, sheng ：1048576

2026-08-20 19:27:09.682 INFO [pool-6-thread-1][:] - /****************流量统计******************/
LastReadBytes:0
LastReadThroughput:0
LastWrittenBytes:0
LastWriteThroughput:0
RealWrittenBytes:0
RealWriteThroughput:0
当前玩家的连接数量:0
当前地图的线程个数：9
当前地图的个数:47
当前数据库执行队列数:0
当前发送队列缓存的对象数量:0
totalMemory：746061824, use ：444518800, free ：301543024DirectMemory：1827143680, 恢复 ：1
当前时间 ：2026-08-20 19:27:09send keng：2418, sheng ：4194304
decode keng：26, sheng ：2097152
world keng：12, sheng ：1048576

2026-08-20 19:27:14.682 INFO [pool-6-thread-3][:] - /****************流量统计******************/
LastReadBytes:0
LastReadThroughput:0
LastWrittenBytes:0
LastWriteThroughput:0
RealWrittenBytes:0
RealWriteThroughput:0
当前玩家的连接数量:0
当前地图的线程个数：9
当前地图的个数:47
当前数据库执行队列数:0
当前发送队列缓存的对象数量:0
totalMemory：746061824, use ：447874352, free ：298187472DirectMemory：1827143680, 恢复 ：1
当前时间 ：2026-08-20 19:27:14send keng：2418, sheng ：4194304
decode keng：26, sheng ：2097152
world keng：12, sheng ：1048576

2026-08-20 19:27:19.682 INFO [pool-6-thread-2][:] - /****************流量统计******************/
LastReadBytes:0
LastReadThroughput:0
LastWrittenBytes:0
LastWriteThroughput:0
RealWrittenBytes:0
RealWriteThroughput:0
当前玩家的连接数量:0
当前地图的线程个数：9
当前地图的个数:47
当前数据库执行队列数:0
当前发送队列缓存的对象数量:0
totalMemory：746061824, use ：451647952, free ：294413872DirectMemory：1827143680, 恢复 ：1
当前时间 ：2026-08-20 19:27:19send keng：2418, sheng ：4194304
decode keng：26, sheng ：2097152
world keng：12, sheng ：1048576

2026-08-20 19:27:24.682 INFO [pool-6-thread-2][:] - /****************流量统计******************/
LastReadBytes:0
LastReadThroughput:0
LastWrittenBytes:0
LastWriteThroughput:0
RealWrittenBytes:0
RealWriteThroughput:0
当前玩家的连接数量:0
当前地图的线程个数：9
当前地图的个数:47
当前数据库执行队列数:0
当前发送队列缓存的对象数量:0
totalMemory：746061824, use ：455115472, free ：290946352DirectMemory：1827143680, 恢复 ：1
当前时间 ：2026-08-20 19:27:24send keng：2418, sheng ：4194304
decode keng：26, sheng ：2097152
world keng：12, sheng ：1048576

2026-08-20 19:27:29.682 INFO [pool-6-thread-8][:] - /****************流量统计******************/
LastReadBytes:0
LastReadThroughput:0
LastWrittenBytes:0
LastWriteThroughput:0
RealWrittenBytes:0
RealWriteThroughput:0
当前玩家的连接数量:0
当前地图的线程个数：9
当前地图的个数:47
当前数据库执行队列数:0
当前发送队列缓存的对象数量:0
totalMemory：746061824, use ：458487232, free ：287574592DirectMemory：1827143680, 恢复 ：1
当前时间 ：2026-08-20 19:27:29send keng：2418, sheng ：4194304
decode keng：26, sheng ：2097152
world keng：12, sheng ：1048576

2026-08-20 19:27:34.682 INFO [pool-6-thread-8][:] - /****************流量统计******************/
LastReadBytes:0
LastReadThroughput:0
LastWrittenBytes:0
LastWriteThroughput:0
RealWrittenBytes:0
RealWriteThroughput:0
当前玩家的连接数量:0
当前地图的线程个数：9
当前地图的个数:47
当前数据库执行队列数:0
当前发送队列缓存的对象数量:0
totalMemory：746061824, use ：462206928, free ：283854896DirectMemory：1827143680, 恢复 ：1
当前时间 ：2026-08-20 19:27:34send keng：2418, sheng ：4194304
decode keng：26, sheng ：2097152
world keng：12, sheng ：1048576

2026-08-20 19:27:39.682 INFO [pool-6-thread-2][:] - /****************流量统计******************/
LastReadBytes:0
LastReadThroughput:0
LastWrittenBytes:0
LastWriteThroughput:0
RealWrittenBytes:0
RealWriteThroughput:0
当前玩家的连接数量:0
当前地图的线程个数：9
当前地图的个数:47
当前数据库执行队列数:0
当前发送队列缓存的对象数量:0
totalMemory：746061824, use ：465309664, free ：280752160DirectMemory：1827143680, 恢复 ：1
当前时间 ：2026-08-20 19:27:39send keng：2418, sheng ：4194304
decode keng：26, sheng ：2097152
world keng：12, sheng ：1048576

2026-08-20 19:27:44.682 INFO [pool-6-thread-10][:] - /****************流量统计******************/
LastReadBytes:0
LastReadThroughput:0
LastWrittenBytes:0
LastWriteThroughput:0
RealWrittenBytes:0
RealWriteThroughput:0
当前玩家的连接数量:0
当前地图的线程个数：9
当前地图的个数:47
当前数据库执行队列数:0
当前发送队列缓存的对象数量:0
totalMemory：746061824, use ：469063288, free ：276998536DirectMemory：1827143680, 恢复 ：1
当前时间 ：2026-08-20 19:27:44send keng：2418, sheng ：4194304
decode keng：26, sheng ：2097152
world keng：12, sheng ：1048576

2026-08-20 19:27:49.682 INFO [pool-6-thread-7][:] - /****************流量统计******************/
LastReadBytes:0
LastReadThroughput:0
LastWrittenBytes:0
LastWriteThroughput:0
RealWrittenBytes:0
RealWriteThroughput:0
当前玩家的连接数量:0
当前地图的线程个数：9
当前地图的个数:47
当前数据库执行队列数:0
当前发送队列缓存的对象数量:0
totalMemory：746061824, use ：472259056, free ：273802768DirectMemory：1827143680, 恢复 ：1
当前时间 ：2026-08-20 19:27:49send keng：2418, sheng ：4194304
decode keng：26, sheng ：2097152
world keng：12, sheng ：1048576

2026-08-20 19:27:54.682 INFO [pool-6-thread-10][:] - /****************流量统计******************/
LastReadBytes:0
LastReadThroughput:0
LastWrittenBytes:0
LastWriteThroughput:0
RealWrittenBytes:0
RealWriteThroughput:0
当前玩家的连接数量:0
当前地图的线程个数：9
当前地图的个数:47
当前数据库执行队列数:0
当前发送队列缓存的对象数量:0
totalMemory：746061824, use ：475775632, free ：270286192DirectMemory：1827143680, 恢复 ：1
当前时间 ：2026-08-20 19:27:54send keng：2418, sheng ：4194304
decode keng：26, sheng ：2097152
world keng：12, sheng ：1048576

2026-08-20 19:27:59.682 INFO [pool-6-thread-2][:] - /****************流量统计******************/
LastReadBytes:0
LastReadThroughput:0
LastWrittenBytes:0
LastWriteThroughput:0
RealWrittenBytes:0
RealWriteThroughput:0
当前玩家的连接数量:0
当前地图的线程个数：9
当前地图的个数:47
当前数据库执行队列数:0
当前发送队列缓存的对象数量:0
totalMemory：746061824, use ：479436272, free ：266625552DirectMemory：1827143680, 恢复 ：1
当前时间 ：2026-08-20 19:27:59send keng：2418, sheng ：4194304
decode keng：26, sheng ：2097152
world keng：12, sheng ：1048576

2026-08-20 19:28:04.682 INFO [pool-6-thread-2][:] - /****************流量统计******************/
LastReadBytes:0
LastReadThroughput:0
LastWrittenBytes:0
LastWriteThroughput:0
RealWrittenBytes:0
RealWriteThroughput:0
当前玩家的连接数量:0
当前地图的线程个数：9
当前地图的个数:47
当前数据库执行队列数:0
当前发送队列缓存的对象数量:0
totalMemory：746061824, use ：483026216, free ：263035608DirectMemory：1827143680, 恢复 ：1
当前时间 ：2026-08-20 19:28:04send keng：2418, sheng ：4194304
decode keng：26, sheng ：2097152
world keng：12, sheng ：1048576

2026-08-20 19:28:09.682 INFO [pool-6-thread-6][:] - /****************流量统计******************/
LastReadBytes:0
LastReadThroughput:0
LastWrittenBytes:0
LastWriteThroughput:0
RealWrittenBytes:0
RealWriteThroughput:0
当前玩家的连接数量:0
当前地图的线程个数：9
当前地图的个数:47
当前数据库执行队列数:0
当前发送队列缓存的对象数量:0
totalMemory：746061824, use ：486429888, free ：259631936DirectMemory：1827143680, 恢复 ：1
当前时间 ：2026-08-20 19:28:09send keng：2418, sheng ：4194304
decode keng：26, sheng ：2097152
world keng：12, sheng ：1048576

2026-08-20 19:28:14.682 INFO [pool-6-thread-10][:] - /****************流量统计******************/
LastReadBytes:0
LastReadThroughput:0
LastWrittenBytes:0
LastWriteThroughput:0
RealWrittenBytes:0
RealWriteThroughput:0
当前玩家的连接数量:0
当前地图的线程个数：9
当前地图的个数:47
当前数据库执行队列数:0
当前发送队列缓存的对象数量:0
totalMemory：746061824, use ：490011480, free ：256050344DirectMemory：1827143680, 恢复 ：1
当前时间 ：2026-08-20 19:28:14send keng：2418, sheng ：4194304
decode keng：26, sheng ：2097152
world keng：12, sheng ：1048576

2026-08-20 19:28:19.682 INFO [pool-6-thread-7][:] - /****************流量统计******************/
LastReadBytes:0
LastReadThroughput:0
LastWrittenBytes:0
LastWriteThroughput:0
RealWrittenBytes:0
RealWriteThroughput:0
当前玩家的连接数量:0
当前地图的线程个数：9
当前地图的个数:47
当前数据库执行队列数:0
当前发送队列缓存的对象数量:0
totalMemory：746061824, use ：493388088, free ：252673736DirectMemory：1827143680, 恢复 ：1
当前时间 ：2026-08-20 19:28:19send keng：2418, sheng ：4194304
decode keng：26, sheng ：2097152
world keng：12, sheng ：1048576

2026-08-20 19:28:24.682 INFO [pool-6-thread-7][:] - /****************流量统计******************/
LastReadBytes:0
LastReadThroughput:0
LastWrittenBytes:0
LastWriteThroughput:0
RealWrittenBytes:0
RealWriteThroughput:0
当前玩家的连接数量:0
当前地图的线程个数：9
当前地图的个数:47
当前数据库执行队列数:0
当前发送队列缓存的对象数量:0
totalMemory：746061824, use ：496984712, free ：249077112DirectMemory：1827143680, 恢复 ：1
当前时间 ：2026-08-20 19:28:24send keng：2418, sheng ：4194304
decode keng：26, sheng ：2097152
world keng：12, sheng ：1048576

2026-08-20 19:28:29.682 INFO [pool-6-thread-7][:] - /****************流量统计******************/
LastReadBytes:0
LastReadThroughput:0
LastWrittenBytes:0
LastWriteThroughput:0
RealWrittenBytes:0
RealWriteThroughput:0
当前玩家的连接数量:0
当前地图的线程个数：9
当前地图的个数:47
当前数据库执行队列数:0
当前发送队列缓存的对象数量:0
totalMemory：746061824, use ：500537432, free ：245524392DirectMemory：1827143680, 恢复 ：1
当前时间 ：2026-08-20 19:28:29send keng：2418, sheng ：4194304
decode keng：26, sheng ：2097152
world keng：12, sheng ：1048576

2026-08-20 19:28:34.682 INFO [pool-6-thread-10][:] - /****************流量统计******************/
LastReadBytes:0
LastReadThroughput:0
LastWrittenBytes:0
LastWriteThroughput:0
RealWrittenBytes:0
RealWriteThroughput:0
当前玩家的连接数量:0
当前地图的线程个数：9
当前地图的个数:47
当前数据库执行队列数:0
当前发送队列缓存的对象数量:0
totalMemory：746061824, use ：503818720, free ：242243104DirectMemory：1827143680, 恢复 ：1
当前时间 ：2026-08-20 19:28:34send keng：2418, sheng ：4194304
decode keng：26, sheng ：2097152
world keng：12, sheng ：1048576

2026-08-20 19:28:39.682 INFO [pool-6-thread-10][:] - /****************流量统计******************/
LastReadBytes:0
LastReadThroughput:0
LastWrittenBytes:0
LastWriteThroughput:0
RealWrittenBytes:0
RealWriteThroughput:0
当前玩家的连接数量:0
当前地图的线程个数：9
当前地图的个数:47
当前数据库执行队列数:0
当前发送队列缓存的对象数量:0
totalMemory：746061824, use ：507678672, free ：238383152DirectMemory：1827143680, 恢复 ：1
当前时间 ：2026-08-20 19:28:39send keng：2418, sheng ：4194304
decode keng：26, sheng ：2097152
world keng：12, sheng ：1048576

2026-08-20 19:28:44.682 INFO [pool-6-thread-4][:] - /****************流量统计******************/
LastReadBytes:0
LastReadThroughput:0
LastWrittenBytes:0
LastWriteThroughput:0
RealWrittenBytes:0
RealWriteThroughput:0
当前玩家的连接数量:0
当前地图的线程个数：9
当前地图的个数:47
当前数据库执行队列数:0
当前发送队列缓存的对象数量:0
totalMemory：746061824, use ：510995032, free ：235066792DirectMemory：1827143680, 恢复 ：1
当前时间 ：2026-08-20 19:28:44send keng：2418, sheng ：4194304
decode keng：26, sheng ：2097152
world keng：12, sheng ：1048576

2026-08-20 19:28:49.683 INFO [pool-6-thread-9][:] - /****************流量统计******************/
LastReadBytes:0
LastReadThroughput:0
LastWrittenBytes:0
LastWriteThroughput:0
RealWrittenBytes:0
RealWriteThroughput:0
当前玩家的连接数量:0
当前地图的线程个数：9
当前地图的个数:47
当前数据库执行队列数:0
当前发送队列缓存的对象数量:0
totalMemory：746061824, use ：514830784, free ：231231040DirectMemory：1827143680, 恢复 ：1
当前时间 ：2026-08-20 19:28:49send keng：2418, sheng ：4194304
decode keng：26, sheng ：2097152
world keng：12, sheng ：1048576

2026-08-20 19:28:54.683 INFO [pool-6-thread-9][:] - /****************流量统计******************/
LastReadBytes:0
LastReadThroughput:0
LastWrittenBytes:0
LastWriteThroughput:0
RealWrittenBytes:0
RealWriteThroughput:0
当前玩家的连接数量:0
当前地图的线程个数：9
当前地图的个数:47
当前数据库执行队列数:0
当前发送队列缓存的对象数量:0
totalMemory：746061824, use ：518289992, free ：227771832DirectMemory：1827143680, 恢复 ：1
当前时间 ：2026-08-20 19:28:54send keng：2418, sheng ：4194304
decode keng：26, sheng ：2097152
world keng：12, sheng ：1048576

2026-08-20 19:28:59.682 INFO [pool-6-thread-7][:] - /****************流量统计******************/
LastReadBytes:0
LastReadThroughput:0
LastWrittenBytes:0
LastWriteThroughput:0
RealWrittenBytes:0
RealWriteThroughput:0
当前玩家的连接数量:0
当前地图的线程个数：9
当前地图的个数:47
当前数据库执行队列数:0
当前发送队列缓存的对象数量:0
totalMemory：746061824, use ：521548064, free ：224513760DirectMemory：1827143680, 恢复 ：1
当前时间 ：2026-08-20 19:28:59send keng：2418, sheng ：4194304
decode keng：26, sheng ：2097152
world keng：12, sheng ：1048576

2026-08-20 19:29:04.682 INFO [pool-6-thread-6][:] - /****************流量统计******************/
LastReadBytes:0
LastReadThroughput:0
LastWrittenBytes:0
LastWriteThroughput:0
RealWrittenBytes:0
RealWriteThroughput:0
当前玩家的连接数量:0
当前地图的线程个数：9
当前地图的个数:47
当前数据库执行队列数:0
当前发送队列缓存的对象数量:0
totalMemory：746061824, use ：525449560, free ：220612264DirectMemory：1827143680, 恢复 ：1
当前时间 ：2026-08-20 19:29:04send keng：2418, sheng ：4194304
decode keng：26, sheng ：2097152
world keng：12, sheng ：1048576

2026-08-20 19:29:09.682 INFO [pool-6-thread-2][:] - /****************流量统计******************/
LastReadBytes:0
LastReadThroughput:0
LastWrittenBytes:0
LastWriteThroughput:0
RealWrittenBytes:0
RealWriteThroughput:0
当前玩家的连接数量:0
当前地图的线程个数：9
当前地图的个数:47
当前数据库执行队列数:0
当前发送队列缓存的对象数量:0
totalMemory：746061824, use ：528759840, free ：217301984DirectMemory：1827143680, 恢复 ：1
当前时间 ：2026-08-20 19:29:09send keng：2418, sheng ：4194304
decode keng：26, sheng ：2097152
world keng：12, sheng ：1048576

2026-08-20 19:29:14.682 INFO [pool-6-thread-7][:] - /****************流量统计******************/
LastReadBytes:0
LastReadThroughput:0
LastWrittenBytes:0
LastWriteThroughput:0
RealWrittenBytes:0
RealWriteThroughput:0
当前玩家的连接数量:0
当前地图的线程个数：9
当前地图的个数:47
当前数据库执行队列数:0
当前发送队列缓存的对象数量:0
totalMemory：743964672, use ：420188376, free ：323776296DirectMemory：1827143680, 恢复 ：1
当前时间 ：2026-08-20 19:29:14send keng：2418, sheng ：4194304
decode keng：26, sheng ：2097152
world keng：12, sheng ：1048576

2026-08-20 19:29:19.685 INFO [pool-6-thread-4][:] - /****************流量统计******************/
LastReadBytes:0
LastReadThroughput:0
LastWrittenBytes:0
LastWriteThroughput:0
RealWrittenBytes:0
RealWriteThroughput:0
当前玩家的连接数量:0
当前地图的线程个数：9
当前地图的个数:47
当前数据库执行队列数:0
当前发送队列缓存的对象数量:0
totalMemory：743964672, use ：423984760, free ：319979912DirectMemory：1827143680, 恢复 ：1
当前时间 ：2026-08-20 19:29:19send keng：2418, sheng ：4194304
decode keng：26, sheng ：2097152
world keng：12, sheng ：1048576

2026-08-20 19:29:24.682 INFO [pool-6-thread-5][:] - /****************流量统计******************/
LastReadBytes:0
LastReadThroughput:0
LastWrittenBytes:0
LastWriteThroughput:0
RealWrittenBytes:0
RealWriteThroughput:0
当前玩家的连接数量:0
当前地图的线程个数：9
当前地图的个数:47
当前数据库执行队列数:0
当前发送队列缓存的对象数量:0
totalMemory：743964672, use ：427110224, free ：316854448DirectMemory：1827143680, 恢复 ：1
当前时间 ：2026-08-20 19:29:24send keng：2418, sheng ：4194304
decode keng：26, sheng ：2097152
world keng：12, sheng ：1048576

2026-08-20 19:29:29.682 INFO [pool-6-thread-5][:] - /****************流量统计******************/
LastReadBytes:0
LastReadThroughput:0
LastWrittenBytes:0
LastWriteThroughput:0
RealWrittenBytes:0
RealWriteThroughput:0
当前玩家的连接数量:0
当前地图的线程个数：9
当前地图的个数:47
当前数据库执行队列数:0
当前发送队列缓存的对象数量:0
totalMemory：743964672, use ：431154208, free ：312810464DirectMemory：1827143680, 恢复 ：1
当前时间 ：2026-08-20 19:29:29send keng：2418, sheng ：4194304
decode keng：26, sheng ：2097152
world keng：12, sheng ：1048576

2026-08-20 19:29:34.682 INFO [pool-6-thread-1][:] - /****************流量统计******************/
LastReadBytes:0
LastReadThroughput:0
LastWrittenBytes:0
LastWriteThroughput:0
RealWrittenBytes:0
RealWriteThroughput:0
当前玩家的连接数量:0
当前地图的线程个数：9
当前地图的个数:47
当前数据库执行队列数:0
当前发送队列缓存的对象数量:0
totalMemory：743964672, use ：434418040, free ：309546632DirectMemory：1827143680, 恢复 ：1
当前时间 ：2026-08-20 19:29:34send keng：2418, sheng ：4194304
decode keng：26, sheng ：2097152
world keng：12, sheng ：1048576

2026-08-20 19:29:39.682 INFO [pool-6-thread-6][:] - /****************流量统计******************/
LastReadBytes:0
LastReadThroughput:0
LastWrittenBytes:0
LastWriteThroughput:0
RealWrittenBytes:0
RealWriteThroughput:0
当前玩家的连接数量:0
当前地图的线程个数：9
当前地图的个数:47
当前数据库执行队列数:0
当前发送队列缓存的对象数量:0
totalMemory：743964672, use ：437564184, free ：306400488DirectMemory：1827143680, 恢复 ：1
当前时间 ：2026-08-20 19:29:39send keng：2418, sheng ：4194304
decode keng：26, sheng ：2097152
world keng：12, sheng ：1048576

2026-08-20 19:29:44.682 INFO [pool-6-thread-10][:] - /****************流量统计******************/
LastReadBytes:0
LastReadThroughput:0
LastWrittenBytes:0
LastWriteThroughput:0
RealWrittenBytes:0
RealWriteThroughput:0
当前玩家的连接数量:0
当前地图的线程个数：9
当前地图的个数:47
当前数据库执行队列数:0
当前发送队列缓存的对象数量:0
totalMemory：743964672, use ：441415264, free ：302549408DirectMemory：1827143680, 恢复 ：1
当前时间 ：2026-08-20 19:29:44send keng：2418, sheng ：4194304
decode keng：26, sheng ：2097152
world keng：12, sheng ：1048576

2026-08-20 19:29:49.682 INFO [pool-6-thread-5][:] - /****************流量统计******************/
LastReadBytes:0
LastReadThroughput:0
LastWrittenBytes:0
LastWriteThroughput:0
RealWrittenBytes:0
RealWriteThroughput:0
当前玩家的连接数量:0
当前地图的线程个数：9
当前地图的个数:47
当前数据库执行队列数:0
当前发送队列缓存的对象数量:0
totalMemory：743964672, use ：444883760, free ：299080912DirectMemory：1827143680, 恢复 ：1
当前时间 ：2026-08-20 19:29:49send keng：2418, sheng ：4194304
decode keng：26, sheng ：2097152
world keng：12, sheng ：1048576

2026-08-20 19:29:54.685 INFO [pool-6-thread-6][:] - /****************流量统计******************/
LastReadBytes:0
LastReadThroughput:0
LastWrittenBytes:0
LastWriteThroughput:0
RealWrittenBytes:0
RealWriteThroughput:0
当前玩家的连接数量:0
当前地图的线程个数：9
当前地图的个数:47
当前数据库执行队列数:0
当前发送队列缓存的对象数量:0
totalMemory：743964672, use ：448112824, free ：295851848DirectMemory：1827143680, 恢复 ：1
当前时间 ：2026-08-20 19:29:54send keng：2418, sheng ：4194304
decode keng：26, sheng ：2097152
world keng：12, sheng ：1048576

2026-08-20 19:29:59.682 INFO [pool-6-thread-4][:] - /****************流量统计******************/
LastReadBytes:0
LastReadThroughput:0
LastWrittenBytes:0
LastWriteThroughput:0
RealWrittenBytes:0
RealWriteThroughput:0
当前玩家的连接数量:0
当前地图的线程个数：9
当前地图的个数:47
当前数据库执行队列数:0
当前发送队列缓存的对象数量:0
totalMemory：743964672, use ：451613152, free ：292351520DirectMemory：1827143680, 恢复 ：1
当前时间 ：2026-08-20 19:29:59send keng：2418, sheng ：4194304
decode keng：26, sheng ：2097152
world keng：12, sheng ：1048576

2026-08-20 19:30:04.682 INFO [pool-6-thread-2][:] - /****************流量统计******************/
LastReadBytes:0
LastReadThroughput:0
LastWrittenBytes:0
LastWriteThroughput:0
RealWrittenBytes:0
RealWriteThroughput:0
当前玩家的连接数量:0
当前地图的线程个数：9
当前地图的个数:47
当前数据库执行队列数:0
当前发送队列缓存的对象数量:0
totalMemory：743964672, use ：454717472, free ：289247200DirectMemory：1827143680, 恢复 ：1
当前时间 ：2026-08-20 19:30:04send keng：2418, sheng ：4194304
decode keng：26, sheng ：2097152
world keng：12, sheng ：1048576

2026-08-20 19:30:09.682 INFO [pool-6-thread-2][:] - /****************流量统计******************/
LastReadBytes:0
LastReadThroughput:0
LastWrittenBytes:0
LastWriteThroughput:0
RealWrittenBytes:0
RealWriteThroughput:0
当前玩家的连接数量:0
当前地图的线程个数：9
当前地图的个数:47
当前数据库执行队列数:0
当前发送队列缓存的对象数量:0
totalMemory：743964672, use ：458312032, free ：285652640DirectMemory：1827143680, 恢复 ：1
当前时间 ：2026-08-20 19:30:09send keng：2418, sheng ：4194304
decode keng：26, sheng ：2097152
world keng：12, sheng ：1048576

2026-08-20 19:30:14.682 INFO [pool-6-thread-4][:] - /****************流量统计******************/
LastReadBytes:0
LastReadThroughput:0
LastWrittenBytes:0
LastWriteThroughput:0
RealWrittenBytes:0
RealWriteThroughput:0
当前玩家的连接数量:0
当前地图的线程个数：9
当前地图的个数:47
当前数据库执行队列数:0
当前发送队列缓存的对象数量:0
totalMemory：743964672, use ：462100248, free ：281864424DirectMemory：1827143680, 恢复 ：1
当前时间 ：2026-08-20 19:30:14send keng：2418, sheng ：4194304
decode keng：26, sheng ：2097152
world keng：12, sheng ：1048576

2026-08-20 19:30:19.682 INFO [pool-6-thread-3][:] - /****************流量统计******************/
LastReadBytes:0
LastReadThroughput:0
LastWrittenBytes:0
LastWriteThroughput:0
RealWrittenBytes:0
RealWriteThroughput:0
当前玩家的连接数量:0
当前地图的线程个数：9
当前地图的个数:47
当前数据库执行队列数:0
当前发送队列缓存的对象数量:0
totalMemory：743964672, use ：465477408, free ：278487264DirectMemory：1827143680, 恢复 ：1
当前时间 ：2026-08-20 19:30:19send keng：2418, sheng ：4194304
decode keng：26, sheng ：2097152
world keng：12, sheng ：1048576

2026-08-20 19:30:24.682 INFO [pool-6-thread-10][:] - /****************流量统计******************/
LastReadBytes:0
LastReadThroughput:0
LastWrittenBytes:0
LastWriteThroughput:0
RealWrittenBytes:0
RealWriteThroughput:0
当前玩家的连接数量:0
当前地图的线程个数：9
当前地图的个数:47
当前数据库执行队列数:0
当前发送队列缓存的对象数量:0
totalMemory：743964672, use ：469232144, free ：274732528DirectMemory：1827143680, 恢复 ：1
当前时间 ：2026-08-20 19:30:24send keng：2418, sheng ：4194304
decode keng：26, sheng ：2097152
world keng：12, sheng ：1048576

2026-08-20 19:30:29.683 INFO [pool-6-thread-7][:] - /****************流量统计******************/
LastReadBytes:0
LastReadThroughput:0
LastWrittenBytes:0
LastWriteThroughput:0
RealWrittenBytes:0
RealWriteThroughput:0
当前玩家的连接数量:0
当前地图的线程个数：9
当前地图的个数:47
当前数据库执行队列数:0
当前发送队列缓存的对象数量:0
totalMemory：743964672, use ：472514232, free ：271450440DirectMemory：1827143680, 恢复 ：1
当前时间 ：2026-08-20 19:30:29send keng：2418, sheng ：4194304
decode keng：26, sheng ：2097152
world keng：12, sheng ：1048576

2026-08-20 19:30:34.682 INFO [pool-6-thread-9][:] - /****************流量统计******************/
LastReadBytes:0
LastReadThroughput:0
LastWrittenBytes:0
LastWriteThroughput:0
RealWrittenBytes:0
RealWriteThroughput:0
当前玩家的连接数量:0
当前地图的线程个数：9
当前地图的个数:47
当前数据库执行队列数:0
当前发送队列缓存的对象数量:0
totalMemory：743964672, use ：476135488, free ：267829184DirectMemory：1827143680, 恢复 ：1
当前时间 ：2026-08-20 19:30:34send keng：2418, sheng ：4194304
decode keng：26, sheng ：2097152
world keng：12, sheng ：1048576

2026-08-20 19:30:39.682 INFO [pool-6-thread-8][:] - /****************流量统计******************/
LastReadBytes:0
LastReadThroughput:0
LastWrittenBytes:0
LastWriteThroughput:0
RealWrittenBytes:0
RealWriteThroughput:0
当前玩家的连接数量:0
当前地图的线程个数：9
当前地图的个数:47
当前数据库执行队列数:0
当前发送队列缓存的对象数量:0
totalMemory：743964672, use ：479557472, free ：264407200DirectMemory：1827143680, 恢复 ：1
当前时间 ：2026-08-20 19:30:39send keng：2418, sheng ：4194304
decode keng：26, sheng ：2097152
world keng：12, sheng ：1048576

2026-08-20 19:30:44.682 INFO [pool-6-thread-1][:] - /****************流量统计******************/
LastReadBytes:0
LastReadThroughput:0
LastWrittenBytes:0
LastWriteThroughput:0
RealWrittenBytes:0
RealWriteThroughput:0
当前玩家的连接数量:0
当前地图的线程个数：9
当前地图的个数:47
当前数据库执行队列数:0
当前发送队列缓存的对象数量:0
totalMemory：743964672, use ：483151544, free ：260813128DirectMemory：1827143680, 恢复 ：1
当前时间 ：2026-08-20 19:30:44send keng：2418, sheng ：4194304
decode keng：26, sheng ：2097152
world keng：12, sheng ：1048576

2026-08-20 19:30:49.682 INFO [pool-6-thread-6][:] - /****************流量统计******************/
LastReadBytes:0
LastReadThroughput:0
LastWrittenBytes:0
LastWriteThroughput:0
RealWrittenBytes:0
RealWriteThroughput:0
当前玩家的连接数量:0
当前地图的线程个数：9
当前地图的个数:47
当前数据库执行队列数:0
当前发送队列缓存的对象数量:0
totalMemory：743964672, use ：486502360, free ：257462312DirectMemory：1827143680, 恢复 ：1
当前时间 ：2026-08-20 19:30:49send keng：2418, sheng ：4194304
decode keng：26, sheng ：2097152
world keng：12, sheng ：1048576

2026-08-20 19:30:54.760 INFO [pool-6-thread-2][:] - /****************流量统计******************/
LastReadBytes:0
LastReadThroughput:0
LastWrittenBytes:0
LastWriteThroughput:0
RealWrittenBytes:0
RealWriteThroughput:0
当前玩家的连接数量:0
当前地图的线程个数：9
当前地图的个数:47
当前数据库执行队列数:0
当前发送队列缓存的对象数量:0
totalMemory：743964672, use ：490326552, free ：253638120DirectMemory：1827143680, 恢复 ：1
当前时间 ：2026-08-20 19:30:54send keng：2418, sheng ：4194304
decode keng：26, sheng ：2097152
world keng：12, sheng ：1048576

2026-08-20 19:30:59.682 INFO [pool-6-thread-5][:] - /****************流量统计******************/
LastReadBytes:0
LastReadThroughput:0
LastWrittenBytes:0
LastWriteThroughput:0
RealWrittenBytes:0
RealWriteThroughput:0
当前玩家的连接数量:0
当前地图的线程个数：9
当前地图的个数:47
当前数据库执行队列数:0
当前发送队列缓存的对象数量:0
totalMemory：743964672, use ：493853168, free ：250111504DirectMemory：1827143680, 恢复 ：1
当前时间 ：2026-08-20 19:30:59send keng：2418, sheng ：4194304
decode keng：26, sheng ：2097152
world keng：12, sheng ：1048576

2026-08-20 19:31:04.682 INFO [pool-6-thread-5][:] - /****************流量统计******************/
LastReadBytes:0
LastReadThroughput:0
LastWrittenBytes:0
LastWriteThroughput:0
RealWrittenBytes:0
RealWriteThroughput:0
当前玩家的连接数量:0
当前地图的线程个数：9
当前地图的个数:47
当前数据库执行队列数:0
当前发送队列缓存的对象数量:0
totalMemory：743964672, use ：497017360, free ：246947312DirectMemory：1827143680, 恢复 ：1
当前时间 ：2026-08-20 19:31:04send keng：2418, sheng ：4194304
decode keng：26, sheng ：2097152
world keng：12, sheng ：1048576

2026-08-20 19:31:09.682 INFO [pool-6-thread-8][:] - /****************流量统计******************/
LastReadBytes:0
LastReadThroughput:0
LastWrittenBytes:0
LastWriteThroughput:0
RealWrittenBytes:0
RealWriteThroughput:0
当前玩家的连接数量:0
当前地图的线程个数：9
当前地图的个数:47
当前数据库执行队列数:0
当前发送队列缓存的对象数量:0
totalMemory：743964672, use ：500890264, free ：243074408DirectMemory：1827143680, 恢复 ：1
当前时间 ：2026-08-20 19:31:09send keng：2418, sheng ：4194304
decode keng：26, sheng ：2097152
world keng：12, sheng ：1048576

2026-08-20 19:31:14.682 INFO [pool-6-thread-8][:] - /****************流量统计******************/
LastReadBytes:0
LastReadThroughput:0
LastWrittenBytes:0
LastWriteThroughput:0
RealWrittenBytes:0
RealWriteThroughput:0
当前玩家的连接数量:0
当前地图的线程个数：9
当前地图的个数:47
当前数据库执行队列数:0
当前发送队列缓存的对象数量:0
totalMemory：743964672, use ：504250504, free ：239714168DirectMemory：1827143680, 恢复 ：1
当前时间 ：2026-08-20 19:31:14send keng：2418, sheng ：4194304
decode keng：26, sheng ：2097152
world keng：12, sheng ：1048576

2026-08-20 19:31:19.682 INFO [pool-6-thread-3][:] - /****************流量统计******************/
LastReadBytes:0
LastReadThroughput:0
LastWrittenBytes:0
LastWriteThroughput:0
RealWrittenBytes:0
RealWriteThroughput:0
当前玩家的连接数量:0
当前地图的线程个数：9
当前地图的个数:47
当前数据库执行队列数:0
当前发送队列缓存的对象数量:0
totalMemory：743964672, use ：508108296, free ：235856376DirectMemory：1827143680, 恢复 ：1
当前时间 ：2026-08-20 19:31:19send keng：2418, sheng ：4194304
decode keng：26, sheng ：2097152
world keng：12, sheng ：1048576

2026-08-20 19:31:24.682 INFO [pool-6-thread-6][:] - /****************流量统计******************/
LastReadBytes:0
LastReadThroughput:0
LastWrittenBytes:0
LastWriteThroughput:0
RealWrittenBytes:0
RealWriteThroughput:0
当前玩家的连接数量:0
当前地图的线程个数：9
当前地图的个数:47
当前数据库执行队列数:0
当前发送队列缓存的对象数量:0
totalMemory：743964672, use ：511833576, free ：232131096DirectMemory：1827143680, 恢复 ：1
当前时间 ：2026-08-20 19:31:24send keng：2418, sheng ：4194304
decode keng：26, sheng ：2097152
world keng：12, sheng ：1048576

2026-08-20 19:31:29.682 INFO [pool-6-thread-4][:] - /****************流量统计******************/
LastReadBytes:0
LastReadThroughput:0
LastWrittenBytes:0
LastWriteThroughput:0
RealWrittenBytes:0
RealWriteThroughput:0
当前玩家的连接数量:0
当前地图的线程个数：9
当前地图的个数:47
当前数据库执行队列数:0
当前发送队列缓存的对象数量:0
totalMemory：743964672, use ：515280320, free ：228684352DirectMemory：1827143680, 恢复 ：1
当前时间 ：2026-08-20 19:31:29send keng：2418, sheng ：4194304
decode keng：26, sheng ：2097152
world keng：12, sheng ：1048576

2026-08-20 19:31:34.682 INFO [pool-6-thread-1][:] - /****************流量统计******************/
LastReadBytes:0
LastReadThroughput:0
LastWrittenBytes:0
LastWriteThroughput:0
RealWrittenBytes:0
RealWriteThroughput:0
当前玩家的连接数量:0
当前地图的线程个数：9
当前地图的个数:47
当前数据库执行队列数:0
当前发送队列缓存的对象数量:0
totalMemory：743964672, use ：518732088, free ：225232584DirectMemory：1827143680, 恢复 ：1
当前时间 ：2026-08-20 19:31:34send keng：2418, sheng ：4194304
decode keng：26, sheng ：2097152
world keng：12, sheng ：1048576

2026-08-20 19:31:39.682 INFO [pool-6-thread-4][:] - /****************流量统计******************/
LastReadBytes:0
LastReadThroughput:0
LastWrittenBytes:0
LastWriteThroughput:0
RealWrittenBytes:0
RealWriteThroughput:0
当前玩家的连接数量:0
当前地图的线程个数：9
当前地图的个数:47
当前数据库执行队列数:0
当前发送队列缓存的对象数量:0
totalMemory：743964672, use ：521996064, free ：221968608DirectMemory：1827143680, 恢复 ：1
当前时间 ：2026-08-20 19:31:39send keng：2418, sheng ：4194304
decode keng：26, sheng ：2097152
world keng：12, sheng ：1048576

2026-08-20 19:31:44.687 INFO [pool-6-thread-9][:] - /****************流量统计******************/
LastReadBytes:0
LastReadThroughput:0
LastWrittenBytes:0
LastWriteThroughput:0
RealWrittenBytes:0
RealWriteThroughput:0
当前玩家的连接数量:0
当前地图的线程个数：9
当前地图的个数:47
当前数据库执行队列数:0
当前发送队列缓存的对象数量:0
totalMemory：743964672, use ：525336640, free ：218628032DirectMemory：1827143680, 恢复 ：1
当前时间 ：2026-08-20 19:31:44send keng：2418, sheng ：4194304
decode keng：26, sheng ：2097152
world keng：12, sheng ：1048576

2026-08-20 19:31:49.682 INFO [pool-6-thread-6][:] - /****************流量统计******************/
LastReadBytes:0
LastReadThroughput:0
LastWrittenBytes:0
LastWriteThroughput:0
RealWrittenBytes:0
RealWriteThroughput:0
当前玩家的连接数量:0
当前地图的线程个数：9
当前地图的个数:47
当前数据库执行队列数:0
当前发送队列缓存的对象数量:0
totalMemory：741867520, use ：419721328, free ：322146192DirectMemory：1827143680, 恢复 ：1
当前时间 ：2026-08-20 19:31:49send keng：2418, sheng ：4194304
decode keng：26, sheng ：2097152
world keng：12, sheng ：1048576

2026-08-20 19:31:54.682 INFO [pool-6-thread-7][:] - /****************流量统计******************/
LastReadBytes:0
LastReadThroughput:0
LastWrittenBytes:0
LastWriteThroughput:0
RealWrittenBytes:0
RealWriteThroughput:0
当前玩家的连接数量:0
当前地图的线程个数：9
当前地图的个数:47
当前数据库执行队列数:0
当前发送队列缓存的对象数量:0
totalMemory：741867520, use ：422184712, free ：319682808DirectMemory：1827143680, 恢复 ：1
当前时间 ：2026-08-20 19:31:54send keng：2418, sheng ：4194304
decode keng：26, sheng ：2097152
world keng：12, sheng ：1048576

2026-08-20 19:31:59.683 INFO [pool-6-thread-4][:] - /****************流量统计******************/
LastReadBytes:0
LastReadThroughput:0
LastWrittenBytes:0
LastWriteThroughput:0
RealWrittenBytes:0
RealWriteThroughput:0
当前玩家的连接数量:0
当前地图的线程个数：9
当前地图的个数:47
当前数据库执行队列数:0
当前发送队列缓存的对象数量:0
totalMemory：741867520, use ：425631928, free ：316235592DirectMemory：1827143680, 恢复 ：1
当前时间 ：2026-08-20 19:31:59send keng：2418, sheng ：4194304
decode keng：26, sheng ：2097152
world keng：12, sheng ：1048576

2026-08-20 19:32:04.682 INFO [pool-6-thread-3][:] - /****************流量统计******************/
LastReadBytes:0
LastReadThroughput:0
LastWrittenBytes:0
LastWriteThroughput:0
RealWrittenBytes:0
RealWriteThroughput:0
当前玩家的连接数量:0
当前地图的线程个数：9
当前地图的个数:47
当前数据库执行队列数:0
当前发送队列缓存的对象数量:0
totalMemory：741867520, use ：428849136, free ：313018384DirectMemory：1827143680, 恢复 ：1
当前时间 ：2026-08-20 19:32:04send keng：2418, sheng ：4194304
decode keng：26, sheng ：2097152
world keng：12, sheng ：1048576

2026-08-20 19:32:09.682 INFO [pool-6-thread-1][:] - /****************流量统计******************/
LastReadBytes:0
LastReadThroughput:0
LastWrittenBytes:0
LastWriteThroughput:0
RealWrittenBytes:0
RealWriteThroughput:0
当前玩家的连接数量:0
当前地图的线程个数：9
当前地图的个数:47
当前数据库执行队列数:0
当前发送队列缓存的对象数量:0
totalMemory：741867520, use ：432526976, free ：309340544DirectMemory：1827143680, 恢复 ：1
当前时间 ：2026-08-20 19:32:09send keng：2418, sheng ：4194304
decode keng：26, sheng ：2097152
world keng：12, sheng ：1048576

2026-08-20 19:32:14.682 INFO [pool-6-thread-3][:] - /****************流量统计******************/
LastReadBytes:0
LastReadThroughput:0
LastWrittenBytes:0
LastWriteThroughput:0
RealWrittenBytes:0
RealWriteThroughput:0
当前玩家的连接数量:0
当前地图的线程个数：9
当前地图的个数:47
当前数据库执行队列数:0
当前发送队列缓存的对象数量:0
totalMemory：741867520, use ：436264176, free ：305603344DirectMemory：1827143680, 恢复 ：1
当前时间 ：2026-08-20 19:32:14send keng：2418, sheng ：4194304
decode keng：26, sheng ：2097152
world keng：12, sheng ：1048576

2026-08-20 19:32:19.682 INFO [pool-6-thread-10][:] - /****************流量统计******************/
LastReadBytes:0
LastReadThroughput:0
LastWrittenBytes:0
LastWriteThroughput:0
RealWrittenBytes:0
RealWriteThroughput:0
当前玩家的连接数量:0
当前地图的线程个数：9
当前地图的个数:47
当前数据库执行队列数:0
当前发送队列缓存的对象数量:0
totalMemory：741867520, use ：439608736, free ：302258784DirectMemory：1827143680, 恢复 ：1
当前时间 ：2026-08-20 19:32:19send keng：2418, sheng ：4194304
decode keng：26, sheng ：2097152
world keng：12, sheng ：1048576

2026-08-20 19:32:24.685 INFO [pool-6-thread-7][:] - /****************流量统计******************/
LastReadBytes:0
LastReadThroughput:0
LastWrittenBytes:0
LastWriteThroughput:0
RealWrittenBytes:0
RealWriteThroughput:0
当前玩家的连接数量:0
当前地图的线程个数：9
当前地图的个数:47
当前数据库执行队列数:0
当前发送队列缓存的对象数量:0
totalMemory：741867520, use ：443328472, free ：298539048DirectMemory：1827143680, 恢复 ：1
当前时间 ：2026-08-20 19:32:24send keng：2418, sheng ：4194304
decode keng：26, sheng ：2097152
world keng：12, sheng ：1048576

2026-08-20 19:32:29.682 INFO [pool-6-thread-6][:] - /****************流量统计******************/
LastReadBytes:0
LastReadThroughput:0
LastWrittenBytes:0
LastWriteThroughput:0
RealWrittenBytes:0
RealWriteThroughput:0
当前玩家的连接数量:0
当前地图的线程个数：9
当前地图的个数:47
当前数据库执行队列数:0
当前发送队列缓存的对象数量:0
totalMemory：741867520, use ：446902048, free ：294965472DirectMemory：1827143680, 恢复 ：1
当前时间 ：2026-08-20 19:32:29send keng：2418, sheng ：4194304
decode keng：26, sheng ：2097152
world keng：12, sheng ：1048576

2026-08-20 19:32:34.682 INFO [pool-6-thread-9][:] - /****************流量统计******************/
LastReadBytes:0
LastReadThroughput:0
LastWrittenBytes:0
LastWriteThroughput:0
RealWrittenBytes:0
RealWriteThroughput:0
当前玩家的连接数量:0
当前地图的线程个数：9
当前地图的个数:47
当前数据库执行队列数:0
当前发送队列缓存的对象数量:0
totalMemory：741867520, use ：449838408, free ：292029112DirectMemory：1827143680, 恢复 ：1
当前时间 ：2026-08-20 19:32:34send keng：2418, sheng ：4194304
decode keng：26, sheng ：2097152
world keng：12, sheng ：1048576

2026-08-20 19:32:39.682 INFO [pool-6-thread-2][:] - /****************流量统计******************/
LastReadBytes:0
LastReadThroughput:0
LastWrittenBytes:0
LastWriteThroughput:0
RealWrittenBytes:0
RealWriteThroughput:0
当前玩家的连接数量:0
当前地图的线程个数：9
当前地图的个数:47
当前数据库执行队列数:0
当前发送队列缓存的对象数量:0
totalMemory：741867520, use ：453697112, free ：288170408DirectMemory：1827143680, 恢复 ：1
当前时间 ：2026-08-20 19:32:39send keng：2418, sheng ：4194304
decode keng：26, sheng ：2097152
world keng：12, sheng ：1048576

2026-08-20 19:32:44.682 INFO [pool-6-thread-1][:] - /****************流量统计******************/
LastReadBytes:0
LastReadThroughput:0
LastWrittenBytes:0
LastWriteThroughput:0
RealWrittenBytes:0
RealWriteThroughput:0
当前玩家的连接数量:0
当前地图的线程个数：9
当前地图的个数:47
当前数据库执行队列数:0
当前发送队列缓存的对象数量:0
totalMemory：741867520, use ：457182056, free ：284685464DirectMemory：1827143680, 恢复 ：1
当前时间 ：2026-08-20 19:32:44send keng：2418, sheng ：4194304
decode keng：26, sheng ：2097152
world keng：12, sheng ：1048576

2026-08-20 19:32:49.682 INFO [pool-6-thread-2][:] - /****************流量统计******************/
LastReadBytes:0
LastReadThroughput:0
LastWrittenBytes:0
LastWriteThroughput:0
RealWrittenBytes:0
RealWriteThroughput:0
当前玩家的连接数量:0
当前地图的线程个数：9
当前地图的个数:47
当前数据库执行队列数:0
当前发送队列缓存的对象数量:0
totalMemory：741867520, use ：460778192, free ：281089328DirectMemory：1827143680, 恢复 ：1
当前时间 ：2026-08-20 19:32:49send keng：2418, sheng ：4194304
decode keng：26, sheng ：2097152
world keng：12, sheng ：1048576

2026-08-20 19:32:54.682 INFO [pool-6-thread-10][:] - /****************流量统计******************/
LastReadBytes:0
LastReadThroughput:0
LastWrittenBytes:0
LastWriteThroughput:0
RealWrittenBytes:0
RealWriteThroughput:0
当前玩家的连接数量:0
当前地图的线程个数：9
当前地图的个数:47
当前数据库执行队列数:0
当前发送队列缓存的对象数量:0
totalMemory：741867520, use ：464449824, free ：277417696DirectMemory：1827143680, 恢复 ：1
当前时间 ：2026-08-20 19:32:54send keng：2418, sheng ：4194304
decode keng：26, sheng ：2097152
world keng：12, sheng ：1048576

2026-08-20 19:32:59.682 INFO [pool-6-thread-8][:] - /****************流量统计******************/
LastReadBytes:0
LastReadThroughput:0
LastWrittenBytes:0
LastWriteThroughput:0
RealWrittenBytes:0
RealWriteThroughput:0
当前玩家的连接数量:0
当前地图的线程个数：9
当前地图的个数:47
当前数据库执行队列数:0
当前发送队列缓存的对象数量:0
totalMemory：741867520, use ：467905176, free ：273962344DirectMemory：1827143680, 恢复 ：1
当前时间 ：2026-08-20 19:32:59send keng：2418, sheng ：4194304
decode keng：26, sheng ：2097152
world keng：12, sheng ：1048576

2026-08-20 19:33:04.682 INFO [pool-6-thread-4][:] - /****************流量统计******************/
LastReadBytes:0
LastReadThroughput:0
LastWrittenBytes:0
LastWriteThroughput:0
RealWrittenBytes:0
RealWriteThroughput:0
当前玩家的连接数量:0
当前地图的线程个数：9
当前地图的个数:47
当前数据库执行队列数:0
当前发送队列缓存的对象数量:0
totalMemory：741867520, use ：471491224, free ：270376296DirectMemory：1827143680, 恢复 ：1
当前时间 ：2026-08-20 19:33:04send keng：2418, sheng ：4194304
decode keng：26, sheng ：2097152
world keng：12, sheng ：1048576

2026-08-20 19:33:09.682 INFO [pool-6-thread-8][:] - /****************流量统计******************/
LastReadBytes:0
LastReadThroughput:0
LastWrittenBytes:0
LastWriteThroughput:0
RealWrittenBytes:0
RealWriteThroughput:0
当前玩家的连接数量:0
当前地图的线程个数：9
当前地图的个数:47
当前数据库执行队列数:0
当前发送队列缓存的对象数量:0
totalMemory：741867520, use ：474708264, free ：267159256DirectMemory：1827143680, 恢复 ：1
当前时间 ：2026-08-20 19:33:09send keng：2418, sheng ：4194304
decode keng：26, sheng ：2097152
world keng：12, sheng ：1048576

2026-08-20 19:33:14.682 INFO [pool-6-thread-5][:] - /****************流量统计******************/
LastReadBytes:0
LastReadThroughput:0
LastWrittenBytes:0
LastWriteThroughput:0
RealWrittenBytes:0
RealWriteThroughput:0
当前玩家的连接数量:0
当前地图的线程个数：9
当前地图的个数:47
当前数据库执行队列数:0
当前发送队列缓存的对象数量:0
totalMemory：741867520, use ：478449128, free ：263418392DirectMemory：1827143680, 恢复 ：1
当前时间 ：2026-08-20 19:33:14send keng：2418, sheng ：4194304
decode keng：26, sheng ：2097152
world keng：12, sheng ：1048576

2026-08-20 19:33:19.682 INFO [pool-6-thread-5][:] - /****************流量统计******************/
LastReadBytes:0
LastReadThroughput:0
LastWrittenBytes:0
LastWriteThroughput:0
RealWrittenBytes:0
RealWriteThroughput:0
当前玩家的连接数量:0
当前地图的线程个数：9
当前地图的个数:47
当前数据库执行队列数:0
当前发送队列缓存的对象数量:0
totalMemory：741867520, use ：482213480, free ：259654040DirectMemory：1827143680, 恢复 ：1
当前时间 ：2026-08-20 19:33:19send keng：2418, sheng ：4194304
decode keng：26, sheng ：2097152
world keng：12, sheng ：1048576

2026-08-20 19:33:24.682 INFO [pool-6-thread-8][:] - /****************流量统计******************/
LastReadBytes:0
LastReadThroughput:0
LastWrittenBytes:0
LastWriteThroughput:0
RealWrittenBytes:0
RealWriteThroughput:0
当前玩家的连接数量:0
当前地图的线程个数：9
当前地图的个数:47
当前数据库执行队列数:0
当前发送队列缓存的对象数量:0
totalMemory：741867520, use ：485751064, free ：256116456DirectMemory：1827143680, 恢复 ：1
当前时间 ：2026-08-20 19:33:24send keng：2418, sheng ：4194304
decode keng：26, sheng ：2097152
world keng：12, sheng ：1048576

2026-08-20 19:33:29.682 INFO [pool-6-thread-6][:] - /****************流量统计******************/
LastReadBytes:0
LastReadThroughput:0
LastWrittenBytes:0
LastWriteThroughput:0
RealWrittenBytes:0
RealWriteThroughput:0
当前玩家的连接数量:0
当前地图的线程个数：9
当前地图的个数:47
当前数据库执行队列数:0
当前发送队列缓存的对象数量:0
totalMemory：741867520, use ：489293280, free ：252574240DirectMemory：1827143680, 恢复 ：1
当前时间 ：2026-08-20 19:33:29send keng：2418, sheng ：4194304
decode keng：26, sheng ：2097152
world keng：12, sheng ：1048576

2026-08-20 19:33:34.682 INFO [pool-6-thread-5][:] - /****************流量统计******************/
LastReadBytes:0
LastReadThroughput:0
LastWrittenBytes:0
LastWriteThroughput:0
RealWrittenBytes:0
RealWriteThroughput:0
当前玩家的连接数量:0
当前地图的线程个数：9
当前地图的个数:47
当前数据库执行队列数:0
当前发送队列缓存的对象数量:0
totalMemory：741867520, use ：492816496, free ：249051024DirectMemory：1827143680, 恢复 ：1
当前时间 ：2026-08-20 19:33:34send keng：2418, sheng ：4194304
decode keng：26, sheng ：2097152
world keng：12, sheng ：1048576

2026-08-20 19:33:39.682 INFO [pool-6-thread-4][:] - /****************流量统计******************/
LastReadBytes:0
LastReadThroughput:0
LastWrittenBytes:0
LastWriteThroughput:0
RealWrittenBytes:0
RealWriteThroughput:0
当前玩家的连接数量:0
当前地图的线程个数：9
当前地图的个数:47
当前数据库执行队列数:0
当前发送队列缓存的对象数量:0
totalMemory：741867520, use ：495900072, free ：245967448DirectMemory：1827143680, 恢复 ：1
当前时间 ：2026-08-20 19:33:39send keng：2418, sheng ：4194304
decode keng：26, sheng ：2097152
world keng：12, sheng ：1048576

2026-08-20 19:33:44.682 INFO [pool-6-thread-10][:] - /****************流量统计******************/
LastReadBytes:0
LastReadThroughput:0
LastWrittenBytes:0
LastWriteThroughput:0
RealWrittenBytes:0
RealWriteThroughput:0
当前玩家的连接数量:0
当前地图的线程个数：9
当前地图的个数:47
当前数据库执行队列数:0
当前发送队列缓存的对象数量:0
totalMemory：741867520, use ：499707920, free ：242159600DirectMemory：1827143680, 恢复 ：1
当前时间 ：2026-08-20 19:33:44send keng：2418, sheng ：4194304
decode keng：26, sheng ：2097152
world keng：12, sheng ：1048576

2026-08-20 19:33:49.682 INFO [pool-6-thread-10][:] - /****************流量统计******************/
LastReadBytes:0
LastReadThroughput:0
LastWrittenBytes:0
LastWriteThroughput:0
RealWrittenBytes:0
RealWriteThroughput:0
当前玩家的连接数量:0
当前地图的线程个数：9
当前地图的个数:47
当前数据库执行队列数:0
当前发送队列缓存的对象数量:0
totalMemory：741867520, use ：503027136, free ：238840384DirectMemory：1827143680, 恢复 ：1
当前时间 ：2026-08-20 19:33:49send keng：2418, sheng ：4194304
decode keng：26, sheng ：2097152
world keng：12, sheng ：1048576

2026-08-20 19:33:54.682 INFO [pool-6-thread-1][:] - /****************流量统计******************/
LastReadBytes:0
LastReadThroughput:0
LastWrittenBytes:0
LastWriteThroughput:0
RealWrittenBytes:0
RealWriteThroughput:0
当前玩家的连接数量:0
当前地图的线程个数：9
当前地图的个数:47
当前数据库执行队列数:0
当前发送队列缓存的对象数量:0
totalMemory：741867520, use ：506496536, free ：235370984DirectMemory：1827143680, 恢复 ：1
当前时间 ：2026-08-20 19:33:54send keng：2418, sheng ：4194304
decode keng：26, sheng ：2097152
world keng：12, sheng ：1048576

2026-08-20 19:33:59.682 INFO [pool-6-thread-8][:] - /****************流量统计******************/
LastReadBytes:0
LastReadThroughput:0
LastWrittenBytes:0
LastWriteThroughput:0
RealWrittenBytes:0
RealWriteThroughput:0
当前玩家的连接数量:0
当前地图的线程个数：9
当前地图的个数:47
当前数据库执行队列数:0
当前发送队列缓存的对象数量:0
totalMemory：741867520, use ：510407032, free ：231460488DirectMemory：1827143680, 恢复 ：1
当前时间 ：2026-08-20 19:33:59send keng：2418, sheng ：4194304
decode keng：26, sheng ：2097152
world keng：12, sheng ：1048576

2026-08-20 19:34:04.682 INFO [pool-6-thread-8][:] - /****************流量统计******************/
LastReadBytes:0
LastReadThroughput:0
LastWrittenBytes:0
LastWriteThroughput:0
RealWrittenBytes:0
RealWriteThroughput:0
当前玩家的连接数量:0
当前地图的线程个数：9
当前地图的个数:47
当前数据库执行队列数:0
当前发送队列缓存的对象数量:0
totalMemory：741867520, use ：513638000, free ：228229520DirectMemory：1827143680, 恢复 ：1
当前时间 ：2026-08-20 19:34:04send keng：2418, sheng ：4194304
decode keng：26, sheng ：2097152
world keng：12, sheng ：1048576

2026-08-20 19:34:09.682 INFO [pool-6-thread-8][:] - /****************流量统计******************/
LastReadBytes:0
LastReadThroughput:0
LastWrittenBytes:0
LastWriteThroughput:0
RealWrittenBytes:0
RealWriteThroughput:0
当前玩家的连接数量:0
当前地图的线程个数：9
当前地图的个数:47
当前数据库执行队列数:0
当前发送队列缓存的对象数量:0
totalMemory：741867520, use ：517072672, free ：224794848DirectMemory：1827143680, 恢复 ：1
当前时间 ：2026-08-20 19:34:09send keng：2418, sheng ：4194304
decode keng：26, sheng ：2097152
world keng：12, sheng ：1048576

2026-08-20 19:34:14.682 INFO [pool-6-thread-8][:] - /****************流量统计******************/
LastReadBytes:0
LastReadThroughput:0
LastWrittenBytes:0
LastWriteThroughput:0
RealWrittenBytes:0
RealWriteThroughput:0
当前玩家的连接数量:0
当前地图的线程个数：9
当前地图的个数:47
当前数据库执行队列数:0
当前发送队列缓存的对象数量:0
totalMemory：741867520, use ：520914128, free ：220953392DirectMemory：1827143680, 恢复 ：1
当前时间 ：2026-08-20 19:34:14send keng：2418, sheng ：4194304
decode keng：26, sheng ：2097152
world keng：12, sheng ：1048576

2026-08-20 19:34:19.682 INFO [pool-6-thread-1][:] - /****************流量统计******************/
LastReadBytes:0
LastReadThroughput:0
LastWrittenBytes:0
LastWriteThroughput:0
RealWrittenBytes:0
RealWriteThroughput:0
当前玩家的连接数量:0
当前地图的线程个数：9
当前地图的个数:47
当前数据库执行队列数:0
当前发送队列缓存的对象数量:0
totalMemory：741867520, use ：524411816, free ：217455704DirectMemory：1827143680, 恢复 ：1
当前时间 ：2026-08-20 19:34:19send keng：2418, sheng ：4194304
decode keng：26, sheng ：2097152
world keng：12, sheng ：1048576

2026-08-20 19:34:24.682 INFO [pool-6-thread-8][:] - /****************流量统计******************/
LastReadBytes:0
LastReadThroughput:0
LastWrittenBytes:0
LastWriteThroughput:0
RealWrittenBytes:0
RealWriteThroughput:0
当前玩家的连接数量:0
当前地图的线程个数：9
当前地图的个数:47
当前数据库执行队列数:0
当前发送队列缓存的对象数量:0
totalMemory：739770368, use ：419860016, free ：319910352DirectMemory：1827143680, 恢复 ：1
当前时间 ：2026-08-20 19:34:24send keng：2418, sheng ：4194304
decode keng：26, sheng ：2097152
world keng：12, sheng ：1048576

2026-08-20 19:34:29.682 INFO [pool-6-thread-4][:] - /****************流量统计******************/
LastReadBytes:0
LastReadThroughput:0
LastWrittenBytes:0
LastWriteThroughput:0
RealWrittenBytes:0
RealWriteThroughput:0
当前玩家的连接数量:0
当前地图的线程个数：9
当前地图的个数:47
当前数据库执行队列数:0
当前发送队列缓存的对象数量:0
totalMemory：739770368, use ：423395624, free ：316374744DirectMemory：1827143680, 恢复 ：1
当前时间 ：2026-08-20 19:34:29send keng：2418, sheng ：4194304
decode keng：26, sheng ：2097152
world keng：12, sheng ：1048576

2026-08-20 19:34:34.682 INFO [pool-6-thread-2][:] - /****************流量统计******************/
LastReadBytes:0
LastReadThroughput:0
LastWrittenBytes:0
LastWriteThroughput:0
RealWrittenBytes:0
RealWriteThroughput:0
当前玩家的连接数量:0
当前地图的线程个数：9
当前地图的个数:47
当前数据库执行队列数:0
当前发送队列缓存的对象数量:0
totalMemory：739770368, use ：426803184, free ：312967184DirectMemory：1827143680, 恢复 ：1
当前时间 ：2026-08-20 19:34:34send keng：2418, sheng ：4194304
decode keng：26, sheng ：2097152
world keng：12, sheng ：1048576

2026-08-20 19:34:39.682 INFO [pool-6-thread-1][:] - /****************流量统计******************/
LastReadBytes:0
LastReadThroughput:0
LastWrittenBytes:0
LastWriteThroughput:0
RealWrittenBytes:0
RealWriteThroughput:0
当前玩家的连接数量:0
当前地图的线程个数：9
当前地图的个数:47
当前数据库执行队列数:0
当前发送队列缓存的对象数量:0
totalMemory：739770368, use ：430321664, free ：309448704DirectMemory：1827143680, 恢复 ：1
当前时间 ：2026-08-20 19:34:39send keng：2418, sheng ：4194304
decode keng：26, sheng ：2097152
world keng：12, sheng ：1048576

2026-08-20 19:34:44.682 INFO [pool-6-thread-6][:] - /****************流量统计******************/
LastReadBytes:0
LastReadThroughput:0
LastWrittenBytes:0
LastWriteThroughput:0
RealWrittenBytes:0
RealWriteThroughput:0
当前玩家的连接数量:0
当前地图的线程个数：9
当前地图的个数:47
当前数据库执行队列数:0
当前发送队列缓存的对象数量:0
totalMemory：739770368, use ：433751200, free ：306019168DirectMemory：1827143680, 恢复 ：1
当前时间 ：2026-08-20 19:34:44send keng：2418, sheng ：4194304
decode keng：26, sheng ：2097152
world keng：12, sheng ：1048576

2026-08-20 19:34:49.682 INFO [pool-6-thread-6][:] - /****************流量统计******************/
LastReadBytes:0
LastReadThroughput:0
LastWrittenBytes:0
LastWriteThroughput:0
RealWrittenBytes:0
RealWriteThroughput:0
当前玩家的连接数量:0
当前地图的线程个数：9
当前地图的个数:47
当前数据库执行队列数:0
当前发送队列缓存的对象数量:0
totalMemory：739770368, use ：437147592, free ：302622776DirectMemory：1827143680, 恢复 ：1
当前时间 ：2026-08-20 19:34:49send keng：2418, sheng ：4194304
decode keng：26, sheng ：2097152
world keng：12, sheng ：1048576

2026-08-20 19:34:54.695 INFO [pool-6-thread-1][:] - /****************流量统计******************/
LastReadBytes:0
LastReadThroughput:0
LastWrittenBytes:0
LastWriteThroughput:0
RealWrittenBytes:0
RealWriteThroughput:0
当前玩家的连接数量:0
当前地图的线程个数：9
当前地图的个数:47
当前数据库执行队列数:0
当前发送队列缓存的对象数量:0
totalMemory：739770368, use ：440829440, free ：298940928DirectMemory：1827143680, 恢复 ：1
当前时间 ：2026-08-20 19:34:54send keng：2418, sheng ：4194304
decode keng：26, sheng ：2097152
world keng：12, sheng ：1048576

2026-08-20 19:34:59.682 INFO [pool-6-thread-1][:] - /****************流量统计******************/
LastReadBytes:0
LastReadThroughput:0
LastWrittenBytes:0
LastWriteThroughput:0
RealWrittenBytes:0
RealWriteThroughput:0
当前玩家的连接数量:0
当前地图的线程个数：9
当前地图的个数:47
当前数据库执行队列数:0
当前发送队列缓存的对象数量:0
totalMemory：739770368, use ：444491416, free ：295278952DirectMemory：1827143680, 恢复 ：1
当前时间 ：2026-08-20 19:34:59send keng：2418, sheng ：4194304
decode keng：26, sheng ：2097152
world keng：12, sheng ：1048576

2026-08-20 19:35:04.682 INFO [pool-6-thread-1][:] - /****************流量统计******************/
LastReadBytes:0
LastReadThroughput:0
LastWrittenBytes:0
LastWriteThroughput:0
RealWrittenBytes:0
RealWriteThroughput:0
当前玩家的连接数量:0
当前地图的线程个数：9
当前地图的个数:47
当前数据库执行队列数:0
当前发送队列缓存的对象数量:0
totalMemory：739770368, use ：447367320, free ：292403048DirectMemory：1827143680, 恢复 ：1
当前时间 ：2026-08-20 19:35:04send keng：2418, sheng ：4194304
decode keng：26, sheng ：2097152
world keng：12, sheng ：1048576

2026-08-20 19:35:09.682 INFO [pool-6-thread-10][:] - /****************流量统计******************/
LastReadBytes:0
LastReadThroughput:0
LastWrittenBytes:0
LastWriteThroughput:0
RealWrittenBytes:0
RealWriteThroughput:0
当前玩家的连接数量:0
当前地图的线程个数：9
当前地图的个数:47
当前数据库执行队列数:0
当前发送队列缓存的对象数量:0
totalMemory：739770368, use ：451438656, free ：288331712DirectMemory：1827143680, 恢复 ：1
当前时间 ：2026-08-20 19:35:09send keng：2418, sheng ：4194304
decode keng：26, sheng ：2097152
world keng：12, sheng ：1048576

2026-08-20 19:35:14.683 INFO [pool-6-thread-8][:] - /****************流量统计******************/
LastReadBytes:0
LastReadThroughput:0
LastWrittenBytes:0
LastWriteThroughput:0
RealWrittenBytes:0
RealWriteThroughput:0
当前玩家的连接数量:0
当前地图的线程个数：9
当前地图的个数:47
当前数据库执行队列数:0
当前发送队列缓存的对象数量:0
totalMemory：739770368, use ：454553480, free ：285216888DirectMemory：1827143680, 恢复 ：1
当前时间 ：2026-08-20 19:35:14send keng：2418, sheng ：4194304
decode keng：26, sheng ：2097152
world keng：12, sheng ：1048576

2026-08-20 19:35:19.682 INFO [pool-6-thread-6][:] - /****************流量统计******************/
LastReadBytes:0
LastReadThroughput:0
LastWrittenBytes:0
LastWriteThroughput:0
RealWrittenBytes:0
RealWriteThroughput:0
当前玩家的连接数量:0
当前地图的线程个数：9
当前地图的个数:47
当前数据库执行队列数:0
当前发送队列缓存的对象数量:0
totalMemory：739770368, use ：458599040, free ：281171328DirectMemory：1827143680, 恢复 ：1
当前时间 ：2026-08-20 19:35:19send keng：2418, sheng ：4194304
decode keng：26, sheng ：2097152
world keng：12, sheng ：1048576

2026-08-20 19:35:24.682 INFO [pool-6-thread-6][:] - /****************流量统计******************/
LastReadBytes:0
LastReadThroughput:0
LastWrittenBytes:0
LastWriteThroughput:0
RealWrittenBytes:0
RealWriteThroughput:0
当前玩家的连接数量:0
当前地图的线程个数：9
当前地图的个数:47
当前数据库执行队列数:0
当前发送队列缓存的对象数量:0
totalMemory：739770368, use ：462070640, free ：277699728DirectMemory：1827143680, 恢复 ：1
当前时间 ：2026-08-20 19:35:24send keng：2418, sheng ：4194304
decode keng：26, sheng ：2097152
world keng：12, sheng ：1048576

2026-08-20 19:35:29.682 INFO [pool-6-thread-8][:] - /****************流量统计******************/
LastReadBytes:0
LastReadThroughput:0
LastWrittenBytes:0
LastWriteThroughput:0
RealWrittenBytes:0
RealWriteThroughput:0
当前玩家的连接数量:0
当前地图的线程个数：9
当前地图的个数:47
当前数据库执行队列数:0
当前发送队列缓存的对象数量:0
totalMemory：739770368, use ：465569552, free ：274200816DirectMemory：1827143680, 恢复 ：1
当前时间 ：2026-08-20 19:35:29send keng：2418, sheng ：4194304
decode keng：26, sheng ：2097152
world keng：12, sheng ：1048576

2026-08-20 19:35:34.682 INFO [pool-6-thread-5][:] - /****************流量统计******************/
LastReadBytes:0
LastReadThroughput:0
LastWrittenBytes:0
LastWriteThroughput:0
RealWrittenBytes:0
RealWriteThroughput:0
当前玩家的连接数量:0
当前地图的线程个数：9
当前地图的个数:47
当前数据库执行队列数:0
当前发送队列缓存的对象数量:0
totalMemory：739770368, use ：468908640, free ：270861728DirectMemory：1827143680, 恢复 ：1
当前时间 ：2026-08-20 19:35:34send keng：2418, sheng ：4194304
decode keng：26, sheng ：2097152
world keng：12, sheng ：1048576

2026-08-20 19:35:39.682 INFO [pool-6-thread-9][:] - /****************流量统计******************/
LastReadBytes:0
LastReadThroughput:0
LastWrittenBytes:0
LastWriteThroughput:0
RealWrittenBytes:0
RealWriteThroughput:0
当前玩家的连接数量:0
当前地图的线程个数：9
当前地图的个数:47
当前数据库执行队列数:0
当前发送队列缓存的对象数量:0
totalMemory：739770368, use ：472629648, free ：267140720DirectMemory：1827143680, 恢复 ：1
当前时间 ：2026-08-20 19:35:39send keng：2418, sheng ：4194304
decode keng：26, sheng ：2097152
world keng：12, sheng ：1048576

2026-08-20 19:35:44.682 INFO [pool-6-thread-2][:] - /****************流量统计******************/
LastReadBytes:0
LastReadThroughput:0
LastWrittenBytes:0
LastWriteThroughput:0
RealWrittenBytes:0
RealWriteThroughput:0
当前玩家的连接数量:0
当前地图的线程个数：9
当前地图的个数:47
当前数据库执行队列数:0
当前发送队列缓存的对象数量:0
totalMemory：739770368, use ：476275728, free ：263494640DirectMemory：1827143680, 恢复 ：1
当前时间 ：2026-08-20 19:35:44send keng：2418, sheng ：4194304
decode keng：26, sheng ：2097152
world keng：12, sheng ：1048576

2026-08-20 19:35:49.682 INFO [pool-6-thread-2][:] - /****************流量统计******************/
LastReadBytes:0
LastReadThroughput:0
LastWrittenBytes:0
LastWriteThroughput:0
RealWrittenBytes:0
RealWriteThroughput:0
当前玩家的连接数量:0
当前地图的线程个数：9
当前地图的个数:47
当前数据库执行队列数:0
当前发送队列缓存的对象数量:0
totalMemory：739770368, use ：479335744, free ：260434624DirectMemory：1827143680, 恢复 ：1
当前时间 ：2026-08-20 19:35:49send keng：2418, sheng ：4194304
decode keng：26, sheng ：2097152
world keng：12, sheng ：1048576

2026-08-20 19:35:54.682 INFO [pool-6-thread-5][:] - /****************流量统计******************/
LastReadBytes:0
LastReadThroughput:0
LastWrittenBytes:0
LastWriteThroughput:0
RealWrittenBytes:0
RealWriteThroughput:0
当前玩家的连接数量:0
当前地图的线程个数：9
当前地图的个数:47
当前数据库执行队列数:0
当前发送队列缓存的对象数量:0
totalMemory：739770368, use ：483074312, free ：256696056DirectMemory：1827143680, 恢复 ：1
当前时间 ：2026-08-20 19:35:54send keng：2418, sheng ：4194304
decode keng：26, sheng ：2097152
world keng：12, sheng ：1048576

2026-08-20 19:35:59.682 INFO [pool-6-thread-6][:] - /****************流量统计******************/
LastReadBytes:0
LastReadThroughput:0
LastWrittenBytes:0
LastWriteThroughput:0
RealWrittenBytes:0
RealWriteThroughput:0
当前玩家的连接数量:0
当前地图的线程个数：9
当前地图的个数:47
当前数据库执行队列数:0
当前发送队列缓存的对象数量:0
totalMemory：739770368, use ：486416432, free ：253353936DirectMemory：1827143680, 恢复 ：1
当前时间 ：2026-08-20 19:35:59send keng：2418, sheng ：4194304
decode keng：26, sheng ：2097152
world keng：12, sheng ：1048576

2026-08-20 19:36:04.682 INFO [pool-6-thread-8][:] - /****************流量统计******************/
LastReadBytes:0
LastReadThroughput:0
LastWrittenBytes:0
LastWriteThroughput:0
RealWrittenBytes:0
RealWriteThroughput:0
当前玩家的连接数量:0
当前地图的线程个数：9
当前地图的个数:47
当前数据库执行队列数:0
当前发送队列缓存的对象数量:0
totalMemory：739770368, use ：489998464, free ：249771904DirectMemory：1827143680, 恢复 ：1
当前时间 ：2026-08-20 19:36:04send keng：2418, sheng ：4194304
decode keng：26, sheng ：2097152
world keng：12, sheng ：1048576

2026-08-20 19:36:09.682 INFO [pool-6-thread-7][:] - /****************流量统计******************/
LastReadBytes:0
LastReadThroughput:0
LastWrittenBytes:0
LastWriteThroughput:0
RealWrittenBytes:0
RealWriteThroughput:0
当前玩家的连接数量:0
当前地图的线程个数：9
当前地图的个数:47
当前数据库执行队列数:0
当前发送队列缓存的对象数量:0
totalMemory：739770368, use ：493781520, free ：245988848DirectMemory：1827143680, 恢复 ：1
当前时间 ：2026-08-20 19:36:09send keng：2418, sheng ：4194304
decode keng：26, sheng ：2097152
world keng：12, sheng ：1048576

2026-08-20 19:36:14.682 INFO [pool-6-thread-2][:] - /****************流量统计******************/
LastReadBytes:0
LastReadThroughput:0
LastWrittenBytes:0
LastWriteThroughput:0
RealWrittenBytes:0
RealWriteThroughput:0
当前玩家的连接数量:0
当前地图的线程个数：9
当前地图的个数:47
当前数据库执行队列数:0
当前发送队列缓存的对象数量:0
totalMemory：739770368, use ：497370392, free ：242399976DirectMemory：1827143680, 恢复 ：1
当前时间 ：2026-08-20 19:36:14send keng：2418, sheng ：4194304
decode keng：26, sheng ：2097152
world keng：12, sheng ：1048576

2026-08-20 19:36:19.682 INFO [pool-6-thread-6][:] - /****************流量统计******************/
LastReadBytes:0
LastReadThroughput:0
LastWrittenBytes:0
LastWriteThroughput:0
RealWrittenBytes:0
RealWriteThroughput:0
当前玩家的连接数量:0
当前地图的线程个数：9
当前地图的个数:47
当前数据库执行队列数:0
当前发送队列缓存的对象数量:0
totalMemory：739770368, use ：500809704, free ：238960664DirectMemory：1827143680, 恢复 ：1
当前时间 ：2026-08-20 19:36:19send keng：2418, sheng ：4194304
decode keng：26, sheng ：2097152
world keng：12, sheng ：1048576

2026-08-20 19:36:24.682 INFO [pool-6-thread-8][:] - /****************流量统计******************/
LastReadBytes:0
LastReadThroughput:0
LastWrittenBytes:0
LastWriteThroughput:0
RealWrittenBytes:0
RealWriteThroughput:0
当前玩家的连接数量:0
当前地图的线程个数：9
当前地图的个数:47
当前数据库执行队列数:0
当前发送队列缓存的对象数量:0
totalMemory：739770368, use ：504597360, free ：235173008DirectMemory：1827143680, 恢复 ：1
当前时间 ：2026-08-20 19:36:24send keng：2418, sheng ：4194304
decode keng：26, sheng ：2097152
world keng：12, sheng ：1048576

2026-08-20 19:36:29.682 INFO [pool-6-thread-2][:] - /****************流量统计******************/
LastReadBytes:0
LastReadThroughput:0
LastWrittenBytes:0
LastWriteThroughput:0
RealWrittenBytes:0
RealWriteThroughput:0
当前玩家的连接数量:0
当前地图的线程个数：9
当前地图的个数:47
当前数据库执行队列数:0
当前发送队列缓存的对象数量:0
totalMemory：739770368, use ：507910888, free ：231859480DirectMemory：1827143680, 恢复 ：1
当前时间 ：2026-08-20 19:36:29send keng：2418, sheng ：4194304
decode keng：26, sheng ：2097152
world keng：12, sheng ：1048576

2026-08-20 19:36:34.682 INFO [pool-6-thread-9][:] - /****************流量统计******************/
LastReadBytes:0
LastReadThroughput:0
LastWrittenBytes:0
LastWriteThroughput:0
RealWrittenBytes:0
RealWriteThroughput:0
当前玩家的连接数量:0
当前地图的线程个数：9
当前地图的个数:47
当前数据库执行队列数:0
当前发送队列缓存的对象数量:0
totalMemory：739770368, use ：511452008, free ：228318360DirectMemory：1827143680, 恢复 ：1
当前时间 ：2026-08-20 19:36:34send keng：2418, sheng ：4194304
decode keng：26, sheng ：2097152
world keng：12, sheng ：1048576

2026-08-20 19:36:39.682 INFO [pool-6-thread-10][:] - /****************流量统计******************/
LastReadBytes:0
LastReadThroughput:0
LastWrittenBytes:0
LastWriteThroughput:0
RealWrittenBytes:0
RealWriteThroughput:0
当前玩家的连接数量:0
当前地图的线程个数：9
当前地图的个数:47
当前数据库执行队列数:0
当前发送队列缓存的对象数量:0
totalMemory：739770368, use ：514879816, free ：224890552DirectMemory：1827143680, 恢复 ：1
当前时间 ：2026-08-20 19:36:39send keng：2418, sheng ：4194304
decode keng：26, sheng ：2097152
world keng：12, sheng ：1048576

2026-08-20 19:36:44.682 INFO [pool-6-thread-6][:] - /****************流量统计******************/
LastReadBytes:0
LastReadThroughput:0
LastWrittenBytes:0
LastWriteThroughput:0
RealWrittenBytes:0
RealWriteThroughput:0
当前玩家的连接数量:0
当前地图的线程个数：9
当前地图的个数:47
当前数据库执行队列数:0
当前发送队列缓存的对象数量:0
totalMemory：739770368, use ：518681624, free ：221088744DirectMemory：1827143680, 恢复 ：1
当前时间 ：2026-08-20 19:36:44send keng：2418, sheng ：4194304
decode keng：26, sheng ：2097152
world keng：12, sheng ：1048576

2026-08-20 19:36:49.682 INFO [pool-6-thread-5][:] - /****************流量统计******************/
LastReadBytes:0
LastReadThroughput:0
LastWrittenBytes:0
LastWriteThroughput:0
RealWrittenBytes:0
RealWriteThroughput:0
当前玩家的连接数量:0
当前地图的线程个数：9
当前地图的个数:47
当前数据库执行队列数:0
当前发送队列缓存的对象数量:0
totalMemory：739770368, use ：522025312, free ：217745056DirectMemory：1827143680, 恢复 ：1
当前时间 ：2026-08-20 19:36:49send keng：2418, sheng ：4194304
decode keng：26, sheng ：2097152
world keng：12, sheng ：1048576

2026-08-20 19:36:54.682 INFO [pool-6-thread-10][:] - /****************流量统计******************/
LastReadBytes:0
LastReadThroughput:0
LastWrittenBytes:0
LastWriteThroughput:0
RealWrittenBytes:0
RealWriteThroughput:0
当前玩家的连接数量:0
当前地图的线程个数：9
当前地图的个数:47
当前数据库执行队列数:0
当前发送队列缓存的对象数量:0
totalMemory：738197504, use ：419821160, free ：318376344DirectMemory：1827143680, 恢复 ：1
当前时间 ：2026-08-20 19:36:54send keng：2418, sheng ：4194304
decode keng：26, sheng ：2097152
world keng：12, sheng ：1048576

2026-08-20 19:36:59.682 INFO [pool-6-thread-3][:] - /****************流量统计******************/
LastReadBytes:0
LastReadThroughput:0
LastWrittenBytes:0
LastWriteThroughput:0
RealWrittenBytes:0
RealWriteThroughput:0
当前玩家的连接数量:0
当前地图的线程个数：9
当前地图的个数:47
当前数据库执行队列数:0
当前发送队列缓存的对象数量:0
totalMemory：738197504, use ：423046032, free ：315151472DirectMemory：1827143680, 恢复 ：1
当前时间 ：2026-08-20 19:36:59send keng：2418, sheng ：4194304
decode keng：26, sheng ：2097152
world keng：12, sheng ：1048576

2026-08-20 19:37:04.682 INFO [pool-6-thread-3][:] - /****************流量统计******************/
LastReadBytes:0
LastReadThroughput:0
LastWrittenBytes:0
LastWriteThroughput:0
RealWrittenBytes:0
RealWriteThroughput:0
当前玩家的连接数量:0
当前地图的线程个数：9
当前地图的个数:47
当前数据库执行队列数:0
当前发送队列缓存的对象数量:0
totalMemory：738197504, use ：426402424, free ：311795080DirectMemory：1827143680, 恢复 ：1
当前时间 ：2026-08-20 19:37:04send keng：2418, sheng ：4194304
decode keng：26, sheng ：2097152
world keng：12, sheng ：1048576

2026-08-20 19:37:09.682 INFO [pool-6-thread-10][:] - /****************流量统计******************/
LastReadBytes:0
LastReadThroughput:0
LastWrittenBytes:0
LastWriteThroughput:0
RealWrittenBytes:0
RealWriteThroughput:0
当前玩家的连接数量:0
当前地图的线程个数：9
当前地图的个数:47
当前数据库执行队列数:0
当前发送队列缓存的对象数量:0
totalMemory：738197504, use ：430380696, free ：307816808DirectMemory：1827143680, 恢复 ：1
当前时间 ：2026-08-20 19:37:09send keng：2418, sheng ：4194304
decode keng：26, sheng ：2097152
world keng：12, sheng ：1048576

2026-08-20 19:37:14.682 INFO [pool-6-thread-9][:] - /****************流量统计******************/
LastReadBytes:0
LastReadThroughput:0
LastWrittenBytes:0
LastWriteThroughput:0
RealWrittenBytes:0
RealWriteThroughput:0
当前玩家的连接数量:0
当前地图的线程个数：9
当前地图的个数:47
当前数据库执行队列数:0
当前发送队列缓存的对象数量:0
totalMemory：738197504, use ：434230200, free ：303967304DirectMemory：1827143680, 恢复 ：1
当前时间 ：2026-08-20 19:37:14send keng：2418, sheng ：4194304
decode keng：26, sheng ：2097152
world keng：12, sheng ：1048576

2026-08-20 19:37:19.682 INFO [pool-6-thread-5][:] - /****************流量统计******************/
LastReadBytes:0
LastReadThroughput:0
LastWrittenBytes:0
LastWriteThroughput:0
RealWrittenBytes:0
RealWriteThroughput:0
当前玩家的连接数量:0
当前地图的线程个数：9
当前地图的个数:47
当前数据库执行队列数:0
当前发送队列缓存的对象数量:0
totalMemory：738197504, use ：437475080, free ：300722424DirectMemory：1827143680, 恢复 ：1
当前时间 ：2026-08-20 19:37:19send keng：2418, sheng ：4194304
decode keng：26, sheng ：2097152
world keng：12, sheng ：1048576

2026-08-20 19:37:24.682 INFO [pool-6-thread-3][:] - /****************流量统计******************/
LastReadBytes:0
LastReadThroughput:0
LastWrittenBytes:0
LastWriteThroughput:0
RealWrittenBytes:0
RealWriteThroughput:0
当前玩家的连接数量:0
当前地图的线程个数：9
当前地图的个数:47
当前数据库执行队列数:0
当前发送队列缓存的对象数量:0
totalMemory：738197504, use ：440820488, free ：297377016DirectMemory：1827143680, 恢复 ：1
当前时间 ：2026-08-20 19:37:24send keng：2418, sheng ：4194304
decode keng：26, sheng ：2097152
world keng：12, sheng ：1048576

2026-08-20 19:37:29.682 INFO [pool-6-thread-4][:] - /****************流量统计******************/
LastReadBytes:0
LastReadThroughput:0
LastWrittenBytes:0
LastWriteThroughput:0
RealWrittenBytes:0
RealWriteThroughput:0
当前玩家的连接数量:0
当前地图的线程个数：9
当前地图的个数:47
当前数据库执行队列数:0
当前发送队列缓存的对象数量:0
totalMemory：738197504, use ：444476896, free ：293720608DirectMemory：1827143680, 恢复 ：1
当前时间 ：2026-08-20 19:37:29send keng：2418, sheng ：4194304
decode keng：26, sheng ：2097152
world keng：12, sheng ：1048576

2026-08-20 19:37:34.682 INFO [pool-6-thread-8][:] - /****************流量统计******************/
LastReadBytes:0
LastReadThroughput:0
LastWrittenBytes:0
LastWriteThroughput:0
RealWrittenBytes:0
RealWriteThroughput:0
当前玩家的连接数量:0
当前地图的线程个数：9
当前地图的个数:47
当前数据库执行队列数:0
当前发送队列缓存的对象数量:0
totalMemory：738197504, use ：447861600, free ：290335904DirectMemory：1827143680, 恢复 ：1
当前时间 ：2026-08-20 19:37:34send keng：2418, sheng ：4194304
decode keng：26, sheng ：2097152
world keng：12, sheng ：1048576

2026-08-20 19:37:39.682 INFO [pool-6-thread-2][:] - /****************流量统计******************/
LastReadBytes:0
LastReadThroughput:0
LastWrittenBytes:0
LastWriteThroughput:0
RealWrittenBytes:0
RealWriteThroughput:0
当前玩家的连接数量:0
当前地图的线程个数：9
当前地图的个数:47
当前数据库执行队列数:0
当前发送队列缓存的对象数量:0
totalMemory：738197504, use ：451506304, free ：286691200DirectMemory：1827143680, 恢复 ：1
当前时间 ：2026-08-20 19:37:39send keng：2418, sheng ：4194304
decode keng：26, sheng ：2097152
world keng：12, sheng ：1048576

2026-08-20 19:37:44.682 INFO [pool-6-thread-1][:] - /****************流量统计******************/
LastReadBytes:0
LastReadThroughput:0
LastWrittenBytes:0
LastWriteThroughput:0
RealWrittenBytes:0
RealWriteThroughput:0
当前玩家的连接数量:0
当前地图的线程个数：9
当前地图的个数:47
当前数据库执行队列数:0
当前发送队列缓存的对象数量:0
totalMemory：738197504, use ：455036904, free ：283160600DirectMemory：1827143680, 恢复 ：1
当前时间 ：2026-08-20 19:37:44send keng：2418, sheng ：4194304
decode keng：26, sheng ：2097152
world keng：12, sheng ：1048576

2026-08-20 19:37:49.682 INFO [pool-6-thread-4][:] - /****************流量统计******************/
LastReadBytes:0
LastReadThroughput:0
LastWrittenBytes:0
LastWriteThroughput:0
RealWrittenBytes:0
RealWriteThroughput:0
当前玩家的连接数量:0
当前地图的线程个数：9
当前地图的个数:47
当前数据库执行队列数:0
当前发送队列缓存的对象数量:0
totalMemory：738197504, use ：458219784, free ：279977720DirectMemory：1827143680, 恢复 ：1
当前时间 ：2026-08-20 19:37:49send keng：2418, sheng ：4194304
decode keng：26, sheng ：2097152
world keng：12, sheng ：1048576

2026-08-20 19:37:54.682 INFO [pool-6-thread-9][:] - /****************流量统计******************/
LastReadBytes:0
LastReadThroughput:0
LastWrittenBytes:0
LastWriteThroughput:0
RealWrittenBytes:0
RealWriteThroughput:0
当前玩家的连接数量:0
当前地图的线程个数：9
当前地图的个数:47
当前数据库执行队列数:0
当前发送队列缓存的对象数量:0
totalMemory：738197504, use ：461805664, free ：276391840DirectMemory：1827143680, 恢复 ：1
当前时间 ：2026-08-20 19:37:54send keng：2418, sheng ：4194304
decode keng：26, sheng ：2097152
world keng：12, sheng ：1048576

2026-08-20 19:37:59.682 INFO [pool-6-thread-2][:] - /****************流量统计******************/
LastReadBytes:0
LastReadThroughput:0
LastWrittenBytes:0
LastWriteThroughput:0
RealWrittenBytes:0
RealWriteThroughput:0
当前玩家的连接数量:0
当前地图的线程个数：9
当前地图的个数:47
当前数据库执行队列数:0
当前发送队列缓存的对象数量:0
totalMemory：738197504, use ：465758088, free ：272439416DirectMemory：1827143680, 恢复 ：1
当前时间 ：2026-08-20 19:37:59send keng：2418, sheng ：4194304
decode keng：26, sheng ：2097152
world keng：12, sheng ：1048576

2026-08-20 19:38:04.682 INFO [pool-6-thread-1][:] - /****************流量统计******************/
LastReadBytes:0
LastReadThroughput:0
LastWrittenBytes:0
LastWriteThroughput:0
RealWrittenBytes:0
RealWriteThroughput:0
当前玩家的连接数量:0
当前地图的线程个数：9
当前地图的个数:47
当前数据库执行队列数:0
当前发送队列缓存的对象数量:0
totalMemory：738197504, use ：469107008, free ：269090496DirectMemory：1827143680, 恢复 ：1
当前时间 ：2026-08-20 19:38:04send keng：2418, sheng ：4194304
decode keng：26, sheng ：2097152
world keng：12, sheng ：1048576

2026-08-20 19:38:09.682 INFO [pool-6-thread-7][:] - /****************流量统计******************/
LastReadBytes:0
LastReadThroughput:0
LastWrittenBytes:0
LastWriteThroughput:0
RealWrittenBytes:0
RealWriteThroughput:0
当前玩家的连接数量:0
当前地图的线程个数：9
当前地图的个数:47
当前数据库执行队列数:0
当前发送队列缓存的对象数量:0
totalMemory：738197504, use ：472464536, free ：265732968DirectMemory：1827143680, 恢复 ：1
当前时间 ：2026-08-20 19:38:09send keng：2418, sheng ：4194304
decode keng：26, sheng ：2097152
world keng：12, sheng ：1048576

2026-08-20 19:38:14.682 INFO [pool-6-thread-7][:] - /****************流量统计******************/
LastReadBytes:0
LastReadThroughput:0
LastWrittenBytes:0
LastWriteThroughput:0
RealWrittenBytes:0
RealWriteThroughput:0
当前玩家的连接数量:0
当前地图的线程个数：9
当前地图的个数:47
当前数据库执行队列数:0
当前发送队列缓存的对象数量:0
totalMemory：738197504, use ：476575208, free ：261622296DirectMemory：1827143680, 恢复 ：1
当前时间 ：2026-08-20 19:38:14send keng：2418, sheng ：4194304
decode keng：26, sheng ：2097152
world keng：12, sheng ：1048576

2026-08-20 19:38:19.682 INFO [pool-6-thread-6][:] - /****************流量统计******************/
LastReadBytes:0
LastReadThroughput:0
LastWrittenBytes:0
LastWriteThroughput:0
RealWrittenBytes:0
RealWriteThroughput:0
当前玩家的连接数量:0
当前地图的线程个数：9
当前地图的个数:47
当前数据库执行队列数:0
当前发送队列缓存的对象数量:0
totalMemory：738197504, use ：479916808, free ：258280696DirectMemory：1827143680, 恢复 ：1
当前时间 ：2026-08-20 19:38:19send keng：2418, sheng ：4194304
decode keng：26, sheng ：2097152
world keng：12, sheng ：1048576

2026-08-20 19:38:24.682 INFO [pool-6-thread-2][:] - /****************流量统计******************/
LastReadBytes:0
LastReadThroughput:0
LastWrittenBytes:0
LastWriteThroughput:0
RealWrittenBytes:0
RealWriteThroughput:0
当前玩家的连接数量:0
当前地图的线程个数：9
当前地图的个数:47
当前数据库执行队列数:0
当前发送队列缓存的对象数量:0
totalMemory：738197504, use ：483404672, free ：254792832DirectMemory：1827143680, 恢复 ：1
当前时间 ：2026-08-20 19:38:24send keng：2418, sheng ：4194304
decode keng：26, sheng ：2097152
world keng：12, sheng ：1048576

2026-08-20 19:38:29.682 INFO [pool-6-thread-7][:] - /****************流量统计******************/
LastReadBytes:0
LastReadThroughput:0
LastWrittenBytes:0
LastWriteThroughput:0
RealWrittenBytes:0
RealWriteThroughput:0
当前玩家的连接数量:0
当前地图的线程个数：9
当前地图的个数:47
当前数据库执行队列数:0
当前发送队列缓存的对象数量:0
totalMemory：738197504, use ：487214408, free ：250983096DirectMemory：1827143680, 恢复 ：1
当前时间 ：2026-08-20 19:38:29send keng：2418, sheng ：4194304
decode keng：26, sheng ：2097152
world keng：12, sheng ：1048576

2026-08-20 19:38:34.682 INFO [pool-6-thread-7][:] - /****************流量统计******************/
LastReadBytes:0
LastReadThroughput:0
LastWrittenBytes:0
LastWriteThroughput:0
RealWrittenBytes:0
RealWriteThroughput:0
当前玩家的连接数量:0
当前地图的线程个数：9
当前地图的个数:47
当前数据库执行队列数:0
当前发送队列缓存的对象数量:0
totalMemory：738197504, use ：490669296, free ：247528208DirectMemory：1827143680, 恢复 ：1
当前时间 ：2026-08-20 19:38:34send keng：2418, sheng ：4194304
decode keng：26, sheng ：2097152
world keng：12, sheng ：1048576

2026-08-20 19:38:39.682 INFO [pool-6-thread-4][:] - /****************流量统计******************/
LastReadBytes:0
LastReadThroughput:0
LastWrittenBytes:0
LastWriteThroughput:0
RealWrittenBytes:0
RealWriteThroughput:0
当前玩家的连接数量:0
当前地图的线程个数：9
当前地图的个数:47
当前数据库执行队列数:0
当前发送队列缓存的对象数量:0
totalMemory：738197504, use ：493857184, free ：244340320DirectMemory：1827143680, 恢复 ：1
当前时间 ：2026-08-20 19:38:39send keng：2418, sheng ：4194304
decode keng：26, sheng ：2097152
world keng：12, sheng ：1048576

2026-08-20 19:38:44.682 INFO [pool-6-thread-8][:] - /****************流量统计******************/
LastReadBytes:0
LastReadThroughput:0
LastWrittenBytes:0
LastWriteThroughput:0
RealWrittenBytes:0
RealWriteThroughput:0
当前玩家的连接数量:0
当前地图的线程个数：9
当前地图的个数:47
当前数据库执行队列数:0
当前发送队列缓存的对象数量:0
totalMemory：738197504, use ：497518264, free ：240679240DirectMemory：1827143680, 恢复 ：1
当前时间 ：2026-08-20 19:38:44send keng：2418, sheng ：4194304
decode keng：26, sheng ：2097152
world keng：12, sheng ：1048576

2026-08-20 19:38:49.682 INFO [pool-6-thread-7][:] - /****************流量统计******************/
LastReadBytes:0
LastReadThroughput:0
LastWrittenBytes:0
LastWriteThroughput:0
RealWrittenBytes:0
RealWriteThroughput:0
当前玩家的连接数量:0
当前地图的线程个数：9
当前地图的个数:47
当前数据库执行队列数:0
当前发送队列缓存的对象数量:0
totalMemory：738197504, use ：501310824, free ：236886680DirectMemory：1827143680, 恢复 ：1
当前时间 ：2026-08-20 19:38:49send keng：2418, sheng ：4194304
decode keng：26, sheng ：2097152
world keng：12, sheng ：1048576

2026-08-20 19:38:54.682 INFO [pool-6-thread-7][:] - /****************流量统计******************/
LastReadBytes:0
LastReadThroughput:0
LastWrittenBytes:0
LastWriteThroughput:0
RealWrittenBytes:0
RealWriteThroughput:0
当前玩家的连接数量:0
当前地图的线程个数：9
当前地图的个数:47
当前数据库执行队列数:0
当前发送队列缓存的对象数量:0
totalMemory：738197504, use ：504560680, free ：233636824DirectMemory：1827143680, 恢复 ：1
当前时间 ：2026-08-20 19:38:54send keng：2418, sheng ：4194304
decode keng：26, sheng ：2097152
world keng：12, sheng ：1048576

2026-08-20 19:38:59.682 INFO [pool-6-thread-5][:] - /****************流量统计******************/
LastReadBytes:0
LastReadThroughput:0
LastWrittenBytes:0
LastWriteThroughput:0
RealWrittenBytes:0
RealWriteThroughput:0
当前玩家的连接数量:0
当前地图的线程个数：9
当前地图的个数:47
当前数据库执行队列数:0
当前发送队列缓存的对象数量:0
totalMemory：738197504, use ：508073096, free ：230124408DirectMemory：1827143680, 恢复 ：1
当前时间 ：2026-08-20 19:38:59send keng：2418, sheng ：4194304
decode keng：26, sheng ：2097152
world keng：12, sheng ：1048576

2026-08-20 19:39:04.682 INFO [pool-6-thread-4][:] - /****************流量统计******************/
LastReadBytes:0
LastReadThroughput:0
LastWrittenBytes:0
LastWriteThroughput:0
RealWrittenBytes:0
RealWriteThroughput:0
当前玩家的连接数量:0
当前地图的线程个数：9
当前地图的个数:47
当前数据库执行队列数:0
当前发送队列缓存的对象数量:0
totalMemory：738197504, use ：511806128, free ：226391376DirectMemory：1827143680, 恢复 ：1
当前时间 ：2026-08-20 19:39:04send keng：2418, sheng ：4194304
decode keng：26, sheng ：2097152
world keng：12, sheng ：1048576

2026-08-20 19:39:09.682 INFO [pool-6-thread-5][:] - /****************流量统计******************/
LastReadBytes:0
LastReadThroughput:0
LastWrittenBytes:0
LastWriteThroughput:0
RealWrittenBytes:0
RealWriteThroughput:0
当前玩家的连接数量:0
当前地图的线程个数：9
当前地图的个数:47
当前数据库执行队列数:0
当前发送队列缓存的对象数量:0
totalMemory：738197504, use ：514797864, free ：223399640DirectMemory：1827143680, 恢复 ：1
当前时间 ：2026-08-20 19:39:09send keng：2418, sheng ：4194304
decode keng：26, sheng ：2097152
world keng：12, sheng ：1048576

2026-08-20 19:39:14.682 INFO [pool-6-thread-6][:] - /****************流量统计******************/
LastReadBytes:0
LastReadThroughput:0
LastWrittenBytes:0
LastWriteThroughput:0
RealWrittenBytes:0
RealWriteThroughput:0
当前玩家的连接数量:0
当前地图的线程个数：9
当前地图的个数:47
当前数据库执行队列数:0
当前发送队列缓存的对象数量:0
totalMemory：738197504, use ：518754648, free ：219442856DirectMemory：1827143680, 恢复 ：1
当前时间 ：2026-08-20 19:39:14send keng：2418, sheng ：4194304
decode keng：26, sheng ：2097152
world keng：12, sheng ：1048576

2026-08-20 19:39:19.682 INFO [pool-6-thread-1][:] - /****************流量统计******************/
LastReadBytes:0
LastReadThroughput:0
LastWrittenBytes:0
LastWriteThroughput:0
RealWrittenBytes:0
RealWriteThroughput:0
当前玩家的连接数量:0
当前地图的线程个数：9
当前地图的个数:47
当前数据库执行队列数:0
当前发送队列缓存的对象数量:0
totalMemory：738197504, use ：522381416, free ：215816088DirectMemory：1827143680, 恢复 ：1
当前时间 ：2026-08-20 19:39:19send keng：2418, sheng ：4194304
decode keng：26, sheng ：2097152
world keng：12, sheng ：1048576

2026-08-20 19:39:24.682 INFO [pool-6-thread-6][:] - /****************流量统计******************/
LastReadBytes:0
LastReadThroughput:0
LastWrittenBytes:0
LastWriteThroughput:0
RealWrittenBytes:0
RealWriteThroughput:0
当前玩家的连接数量:0
当前地图的线程个数：9
当前地图的个数:47
当前数据库执行队列数:0
当前发送队列缓存的对象数量:0
totalMemory：736624640, use ：421335352, free ：315289288DirectMemory：1827143680, 恢复 ：1
当前时间 ：2026-08-20 19:39:24send keng：2418, sheng ：4194304
decode keng：26, sheng ：2097152
world keng：12, sheng ：1048576

2026-08-20 19:39:29.682 INFO [pool-6-thread-2][:] - /****************流量统计******************/
LastReadBytes:0
LastReadThroughput:0
LastWrittenBytes:0
LastWriteThroughput:0
RealWrittenBytes:0
RealWriteThroughput:0
当前玩家的连接数量:0
当前地图的线程个数：9
当前地图的个数:47
当前数据库执行队列数:0
当前发送队列缓存的对象数量:0
totalMemory：736624640, use ：424241048, free ：312383592DirectMemory：1827143680, 恢复 ：1
当前时间 ：2026-08-20 19:39:29send keng：2418, sheng ：4194304
decode keng：26, sheng ：2097152
world keng：12, sheng ：1048576

2026-08-20 19:39:34.682 INFO [pool-6-thread-7][:] - /****************流量统计******************/
LastReadBytes:0
LastReadThroughput:0
LastWrittenBytes:0
LastWriteThroughput:0
RealWrittenBytes:0
RealWriteThroughput:0
当前玩家的连接数量:0
当前地图的线程个数：9
当前地图的个数:47
当前数据库执行队列数:0
当前发送队列缓存的对象数量:0
totalMemory：736624640, use ：427957176, free ：308667464DirectMemory：1827143680, 恢复 ：1
当前时间 ：2026-08-20 19:39:34send keng：2418, sheng ：4194304
decode keng：26, sheng ：2097152
world keng：12, sheng ：1048576

2026-08-20 19:39:39.682 INFO [pool-6-thread-4][:] - /****************流量统计******************/
LastReadBytes:0
LastReadThroughput:0
LastWrittenBytes:0
LastWriteThroughput:0
RealWrittenBytes:0
RealWriteThroughput:0
当前玩家的连接数量:0
当前地图的线程个数：9
当前地图的个数:47
当前数据库执行队列数:0
当前发送队列缓存的对象数量:0
totalMemory：736624640, use ：431666904, free ：304957736DirectMemory：1827143680, 恢复 ：1
当前时间 ：2026-08-20 19:39:39send keng：2418, sheng ：4194304
decode keng：26, sheng ：2097152
world keng：12, sheng ：1048576

2026-08-20 19:39:44.682 INFO [pool-6-thread-1][:] - /****************流量统计******************/
LastReadBytes:0
LastReadThroughput:0
LastWrittenBytes:0
LastWriteThroughput:0
RealWrittenBytes:0
RealWriteThroughput:0
当前玩家的连接数量:0
当前地图的线程个数：9
当前地图的个数:47
当前数据库执行队列数:0
当前发送队列缓存的对象数量:0
totalMemory：736624640, use ：435404544, free ：301220096DirectMemory：1827143680, 恢复 ：1
当前时间 ：2026-08-20 19:39:44send keng：2418, sheng ：4194304
decode keng：26, sheng ：2097152
world keng：12, sheng ：1048576

2026-08-20 19:39:49.682 INFO [pool-6-thread-9][:] - /****************流量统计******************/
LastReadBytes:0
LastReadThroughput:0
LastWrittenBytes:0
LastWriteThroughput:0
RealWrittenBytes:0
RealWriteThroughput:0
当前玩家的连接数量:0
当前地图的线程个数：9
当前地图的个数:47
当前数据库执行队列数:0
当前发送队列缓存的对象数量:0
totalMemory：736624640, use ：438743656, free ：297880984DirectMemory：1827143680, 恢复 ：1
当前时间 ：2026-08-20 19:39:49send keng：2418, sheng ：4194304
decode keng：26, sheng ：2097152
world keng：12, sheng ：1048576

2026-08-20 19:39:54.682 INFO [pool-6-thread-9][:] - /****************流量统计******************/
LastReadBytes:0
LastReadThroughput:0
LastWrittenBytes:0
LastWriteThroughput:0
RealWrittenBytes:0
RealWriteThroughput:0
当前玩家的连接数量:0
当前地图的线程个数：9
当前地图的个数:47
当前数据库执行队列数:0
当前发送队列缓存的对象数量:0
totalMemory：736624640, use ：442297784, free ：294326856DirectMemory：1827143680, 恢复 ：1
当前时间 ：2026-08-20 19:39:54send keng：2418, sheng ：4194304
decode keng：26, sheng ：2097152
world keng：12, sheng ：1048576

2026-08-20 19:39:59.682 INFO [pool-6-thread-4][:] - /****************流量统计******************/
LastReadBytes:0
LastReadThroughput:0
LastWrittenBytes:0
LastWriteThroughput:0
RealWrittenBytes:0
RealWriteThroughput:0
当前玩家的连接数量:0
当前地图的线程个数：9
当前地图的个数:47
当前数据库执行队列数:0
当前发送队列缓存的对象数量:0
totalMemory：736624640, use ：446008856, free ：290615784DirectMemory：1827143680, 恢复 ：1
当前时间 ：2026-08-20 19:39:59send keng：2418, sheng ：4194304
decode keng：26, sheng ：2097152
world keng：12, sheng ：1048576

2026-08-20 19:40:04.682 INFO [pool-6-thread-8][:] - /****************流量统计******************/
LastReadBytes:0
LastReadThroughput:0
LastWrittenBytes:0
LastWriteThroughput:0
RealWrittenBytes:0
RealWriteThroughput:0
当前玩家的连接数量:0
当前地图的线程个数：9
当前地图的个数:47
当前数据库执行队列数:0
当前发送队列缓存的对象数量:0
totalMemory：736624640, use ：449381336, free ：287243304DirectMemory：1827143680, 恢复 ：1
当前时间 ：2026-08-20 19:40:04send keng：2418, sheng ：4194304
decode keng：26, sheng ：2097152
world keng：12, sheng ：1048576

2026-08-20 19:40:09.682 INFO [pool-6-thread-9][:] - /****************流量统计******************/
LastReadBytes:0
LastReadThroughput:0
LastWrittenBytes:0
LastWriteThroughput:0
RealWrittenBytes:0
RealWriteThroughput:0
当前玩家的连接数量:0
当前地图的线程个数：9
当前地图的个数:47
当前数据库执行队列数:0
当前发送队列缓存的对象数量:0
totalMemory：736624640, use ：452873416, free ：283751224DirectMemory：1827143680, 恢复 ：1
当前时间 ：2026-08-20 19:40:09send keng：2418, sheng ：4194304
decode keng：26, sheng ：2097152
world keng：12, sheng ：1048576

2026-08-20 19:40:14.682 INFO [pool-6-thread-8][:] - /****************流量统计******************/
LastReadBytes:0
LastReadThroughput:0
LastWrittenBytes:0
LastWriteThroughput:0
RealWrittenBytes:0
RealWriteThroughput:0
当前玩家的连接数量:0
当前地图的线程个数：9
当前地图的个数:47
当前数据库执行队列数:0
当前发送队列缓存的对象数量:0
totalMemory：736624640, use ：456445768, free ：280178872DirectMemory：1827143680, 恢复 ：1
当前时间 ：2026-08-20 19:40:14send keng：2418, sheng ：4194304
decode keng：26, sheng ：2097152
world keng：12, sheng ：1048576

2026-08-20 19:40:19.682 INFO [pool-6-thread-5][:] - /****************流量统计******************/
LastReadBytes:0
LastReadThroughput:0
LastWrittenBytes:0
LastWriteThroughput:0
RealWrittenBytes:0
RealWriteThroughput:0
当前玩家的连接数量:0
当前地图的线程个数：9
当前地图的个数:47
当前数据库执行队列数:0
当前发送队列缓存的对象数量:0
totalMemory：736624640, use ：460443168, free ：276181472DirectMemory：1827143680, 恢复 ：1
当前时间 ：2026-08-20 19:40:19send keng：2418, sheng ：4194304
decode keng：26, sheng ：2097152
world keng：12, sheng ：1048576

2026-08-20 19:40:24.682 INFO [pool-6-thread-5][:] - /****************流量统计******************/
LastReadBytes:0
LastReadThroughput:0
LastWrittenBytes:0
LastWriteThroughput:0
RealWrittenBytes:0
RealWriteThroughput:0
当前玩家的连接数量:0
当前地图的线程个数：9
当前地图的个数:47
当前数据库执行队列数:0
当前发送队列缓存的对象数量:0
totalMemory：736624640, use ：463674768, free ：272949872DirectMemory：1827143680, 恢复 ：1
当前时间 ：2026-08-20 19:40:24send keng：2418, sheng ：4194304
decode keng：26, sheng ：2097152
world keng：12, sheng ：1048576

2026-08-20 19:40:29.682 INFO [pool-6-thread-4][:] - /****************流量统计******************/
LastReadBytes:0
LastReadThroughput:0
LastWrittenBytes:0
LastWriteThroughput:0
RealWrittenBytes:0
RealWriteThroughput:0
当前玩家的连接数量:0
当前地图的线程个数：9
当前地图的个数:47
当前数据库执行队列数:0
当前发送队列缓存的对象数量:0
totalMemory：736624640, use ：467381064, free ：269243576DirectMemory：1827143680, 恢复 ：1
当前时间 ：2026-08-20 19:40:29send keng：2418, sheng ：4194304
decode keng：26, sheng ：2097152
world keng：12, sheng ：1048576

2026-08-20 19:40:34.682 INFO [pool-6-thread-5][:] - /****************流量统计******************/
LastReadBytes:0
LastReadThroughput:0
LastWrittenBytes:0
LastWriteThroughput:0
RealWrittenBytes:0
RealWriteThroughput:0
当前玩家的连接数量:0
当前地图的线程个数：9
当前地图的个数:47
当前数据库执行队列数:0
当前发送队列缓存的对象数量:0
totalMemory：736624640, use ：470875144, free ：265749496DirectMemory：1827143680, 恢复 ：1
当前时间 ：2026-08-20 19:40:34send keng：2418, sheng ：4194304
decode keng：26, sheng ：2097152
world keng：12, sheng ：1048576

2026-08-20 19:40:39.682 INFO [pool-6-thread-1][:] - /****************流量统计******************/
LastReadBytes:0
LastReadThroughput:0
LastWrittenBytes:0
LastWriteThroughput:0
RealWrittenBytes:0
RealWriteThroughput:0
当前玩家的连接数量:0
当前地图的线程个数：9
当前地图的个数:47
当前数据库执行队列数:0
当前发送队列缓存的对象数量:0
totalMemory：736624640, use ：474168760, free ：262455880DirectMemory：1827143680, 恢复 ：1
当前时间 ：2026-08-20 19:40:39send keng：2418, sheng ：4194304
decode keng：26, sheng ：2097152
world keng：12, sheng ：1048576

2026-08-20 19:40:44.682 INFO [pool-6-thread-4][:] - /****************流量统计******************/
LastReadBytes:0
LastReadThroughput:0
LastWrittenBytes:0
LastWriteThroughput:0
RealWrittenBytes:0
RealWriteThroughput:0
当前玩家的连接数量:0
当前地图的线程个数：9
当前地图的个数:47
当前数据库执行队列数:0
当前发送队列缓存的对象数量:0
totalMemory：736624640, use ：477685736, free ：258938904DirectMemory：1827143680, 恢复 ：1
当前时间 ：2026-08-20 19:40:44send keng：2418, sheng ：4194304
decode keng：26, sheng ：2097152
world keng：12, sheng ：1048576

2026-08-20 19:40:49.682 INFO [pool-6-thread-10][:] - /****************流量统计******************/
LastReadBytes:0
LastReadThroughput:0
LastWrittenBytes:0
LastWriteThroughput:0
RealWrittenBytes:0
RealWriteThroughput:0
当前玩家的连接数量:0
当前地图的线程个数：9
当前地图的个数:47
当前数据库执行队列数:0
当前发送队列缓存的对象数量:0
totalMemory：736624640, use ：481316984, free ：255307656DirectMemory：1827143680, 恢复 ：1
当前时间 ：2026-08-20 19:40:49send keng：2418, sheng ：4194304
decode keng：26, sheng ：2097152
world keng：12, sheng ：1048576

2026-08-20 19:40:54.682 INFO [pool-6-thread-10][:] - /****************流量统计******************/
LastReadBytes:0
LastReadThroughput:0
LastWrittenBytes:0
LastWriteThroughput:0
RealWrittenBytes:0
RealWriteThroughput:0
当前玩家的连接数量:0
当前地图的线程个数：9
当前地图的个数:47
当前数据库执行队列数:0
当前发送队列缓存的对象数量:0
totalMemory：736624640, use ：484782560, free ：251842080DirectMemory：1827143680, 恢复 ：1
当前时间 ：2026-08-20 19:40:54send keng：2418, sheng ：4194304
decode keng：26, sheng ：2097152
world keng：12, sheng ：1048576

2026-08-20 19:40:59.682 INFO [pool-6-thread-7][:] - /****************流量统计******************/
LastReadBytes:0
LastReadThroughput:0
LastWrittenBytes:0
LastWriteThroughput:0
RealWrittenBytes:0
RealWriteThroughput:0
当前玩家的连接数量:0
当前地图的线程个数：9
当前地图的个数:47
当前数据库执行队列数:0
当前发送队列缓存的对象数量:0
totalMemory：736624640, use ：488097128, free ：248527512DirectMemory：1827143680, 恢复 ：1
当前时间 ：2026-08-20 19:40:59send keng：2418, sheng ：4194304
decode keng：26, sheng ：2097152
world keng：12, sheng ：1048576

2026-08-20 19:41:04.686 INFO [pool-6-thread-3][:] - /****************流量统计******************/
LastReadBytes:0
LastReadThroughput:0
LastWrittenBytes:0
LastWriteThroughput:0
RealWrittenBytes:0
RealWriteThroughput:0
当前玩家的连接数量:0
当前地图的线程个数：9
当前地图的个数:47
当前数据库执行队列数:0
当前发送队列缓存的对象数量:0
totalMemory：736624640, use ：491682064, free ：244942576DirectMemory：1827143680, 恢复 ：1
当前时间 ：2026-08-20 19:41:04send keng：2418, sheng ：4194304
decode keng：26, sheng ：2097152
world keng：12, sheng ：1048576

2026-08-20 19:41:09.684 INFO [pool-6-thread-10][:] - /****************流量统计******************/
LastReadBytes:0
LastReadThroughput:0
LastWrittenBytes:0
LastWriteThroughput:0
RealWrittenBytes:0
RealWriteThroughput:0
当前玩家的连接数量:0
当前地图的线程个数：9
当前地图的个数:47
当前数据库执行队列数:0
当前发送队列缓存的对象数量:0
totalMemory：736624640, use ：495383664, free ：241240976DirectMemory：1827143680, 恢复 ：1
当前时间 ：2026-08-20 19:41:09send keng：2418, sheng ：4194304
decode keng：26, sheng ：2097152
world keng：12, sheng ：1048576

2026-08-20 19:41:14.682 INFO [pool-6-thread-10][:] - /****************流量统计******************/
LastReadBytes:0
LastReadThroughput:0
LastWrittenBytes:0
LastWriteThroughput:0
RealWrittenBytes:0
RealWriteThroughput:0
当前玩家的连接数量:0
当前地图的线程个数：9
当前地图的个数:47
当前数据库执行队列数:0
当前发送队列缓存的对象数量:0
totalMemory：736624640, use ：498216664, free ：238407976DirectMemory：1827143680, 恢复 ：1
当前时间 ：2026-08-20 19:41:14send keng：2418, sheng ：4194304
decode keng：26, sheng ：2097152
world keng：12, sheng ：1048576

2026-08-20 19:41:19.682 INFO [pool-6-thread-1][:] - /****************流量统计******************/
LastReadBytes:0
LastReadThroughput:0
LastWrittenBytes:0
LastWriteThroughput:0
RealWrittenBytes:0
RealWriteThroughput:0
当前玩家的连接数量:0
当前地图的线程个数：9
当前地图的个数:47
当前数据库执行队列数:0
当前发送队列缓存的对象数量:0
totalMemory：736624640, use ：502077672, free ：234546968DirectMemory：1827143680, 恢复 ：1
当前时间 ：2026-08-20 19:41:19send keng：2418, sheng ：4194304
decode keng：26, sheng ：2097152
world keng：12, sheng ：1048576

2026-08-20 19:41:24.682 INFO [pool-6-thread-6][:] - /****************流量统计******************/
LastReadBytes:0
LastReadThroughput:0
LastWrittenBytes:0
LastWriteThroughput:0
RealWrittenBytes:0
RealWriteThroughput:0
当前玩家的连接数量:0
当前地图的线程个数：9
当前地图的个数:47
当前数据库执行队列数:0
当前发送队列缓存的对象数量:0
totalMemory：736624640, use ：505512600, free ：231112040DirectMemory：1827143680, 恢复 ：1
当前时间 ：2026-08-20 19:41:24send keng：2418, sheng ：4194304
decode keng：26, sheng ：2097152
world keng：12, sheng ：1048576

2026-08-20 19:41:29.682 INFO [pool-6-thread-5][:] - /****************流量统计******************/
LastReadBytes:0
LastReadThroughput:0
LastWrittenBytes:0
LastWriteThroughput:0
RealWrittenBytes:0
RealWriteThroughput:0
当前玩家的连接数量:0
当前地图的线程个数：9
当前地图的个数:47
当前数据库执行队列数:0
当前发送队列缓存的对象数量:0
totalMemory：736624640, use ：508770712, free ：227853928DirectMemory：1827143680, 恢复 ：1
当前时间 ：2026-08-20 19:41:29send keng：2418, sheng ：4194304
decode keng：26, sheng ：2097152
world keng：12, sheng ：1048576

2026-08-20 19:41:34.682 INFO [pool-6-thread-7][:] - /****************流量统计******************/
LastReadBytes:0
LastReadThroughput:0
LastWrittenBytes:0
LastWriteThroughput:0
RealWrittenBytes:0
RealWriteThroughput:0
当前玩家的连接数量:0
当前地图的线程个数：9
当前地图的个数:47
当前数据库执行队列数:0
当前发送队列缓存的对象数量:0
totalMemory：736624640, use ：512494336, free ：224130304DirectMemory：1827143680, 恢复 ：1
当前时间 ：2026-08-20 19:41:34send keng：2418, sheng ：4194304
decode keng：26, sheng ：2097152
world keng：12, sheng ：1048576

2026-08-20 19:41:39.682 INFO [pool-6-thread-2][:] - /****************流量统计******************/
LastReadBytes:0
LastReadThroughput:0
LastWrittenBytes:0
LastWriteThroughput:0
RealWrittenBytes:0
RealWriteThroughput:0
当前玩家的连接数量:0
当前地图的线程个数：9
当前地图的个数:47
当前数据库执行队列数:0
当前发送队列缓存的对象数量:0
totalMemory：736624640, use ：515608288, free ：221016352DirectMemory：1827143680, 恢复 ：1
当前时间 ：2026-08-20 19:41:39send keng：2418, sheng ：4194304
decode keng：26, sheng ：2097152
world keng：12, sheng ：1048576

2026-08-20 19:41:44.682 INFO [pool-6-thread-8][:] - /****************流量统计******************/
LastReadBytes:0
LastReadThroughput:0
LastWrittenBytes:0
LastWriteThroughput:0
RealWrittenBytes:0
RealWriteThroughput:0
当前玩家的连接数量:0
当前地图的线程个数：9
当前地图的个数:47
当前数据库执行队列数:0
当前发送队列缓存的对象数量:0
totalMemory：736624640, use ：519569472, free ：217055168DirectMemory：1827143680, 恢复 ：1
当前时间 ：2026-08-20 19:41:44send keng：2418, sheng ：4194304
decode keng：26, sheng ：2097152
world keng：12, sheng ：1048576

2026-08-20 19:41:49.682 INFO [pool-6-thread-4][:] - /****************流量统计******************/
LastReadBytes:0
LastReadThroughput:0
LastWrittenBytes:0
LastWriteThroughput:0
RealWrittenBytes:0
RealWriteThroughput:0
当前玩家的连接数量:0
当前地图的线程个数：9
当前地图的个数:47
当前数据库执行队列数:0
当前发送队列缓存的对象数量:0
totalMemory：735051776, use ：420011744, free ：315040032DirectMemory：1827143680, 恢复 ：1
当前时间 ：2026-08-20 19:41:49send keng：2418, sheng ：4194304
decode keng：26, sheng ：2097152
world keng：12, sheng ：1048576

2026-08-20 19:41:54.682 INFO [pool-6-thread-6][:] - /****************流量统计******************/
LastReadBytes:0
LastReadThroughput:0
LastWrittenBytes:0
LastWriteThroughput:0
RealWrittenBytes:0
RealWriteThroughput:0
当前玩家的连接数量:0
当前地图的线程个数：9
当前地图的个数:47
当前数据库执行队列数:0
当前发送队列缓存的对象数量:0
totalMemory：735051776, use ：423813696, free ：311238080DirectMemory：1827143680, 恢复 ：1
当前时间 ：2026-08-20 19:41:54send keng：2418, sheng ：4194304
decode keng：26, sheng ：2097152
world keng：12, sheng ：1048576

2026-08-20 19:41:59.682 INFO [pool-6-thread-2][:] - /****************流量统计******************/
LastReadBytes:0
LastReadThroughput:0
LastWrittenBytes:0
LastWriteThroughput:0
RealWrittenBytes:0
RealWriteThroughput:0
当前玩家的连接数量:0
当前地图的线程个数：9
当前地图的个数:47
当前数据库执行队列数:0
当前发送队列缓存的对象数量:0
totalMemory：735051776, use ：427353712, free ：307698064DirectMemory：1827143680, 恢复 ：1
当前时间 ：2026-08-20 19:41:59send keng：2418, sheng ：4194304
decode keng：26, sheng ：2097152
world keng：12, sheng ：1048576

2026-08-20 19:42:04.682 INFO [pool-6-thread-4][:] - /****************流量统计******************/
LastReadBytes:0
LastReadThroughput:0
LastWrittenBytes:0
LastWriteThroughput:0
RealWrittenBytes:0
RealWriteThroughput:0
当前玩家的连接数量:0
当前地图的线程个数：9
当前地图的个数:47
当前数据库执行队列数:0
当前发送队列缓存的对象数量:0
totalMemory：735051776, use ：430763392, free ：304288384DirectMemory：1827143680, 恢复 ：1
当前时间 ：2026-08-20 19:42:04send keng：2418, sheng ：4194304
decode keng：26, sheng ：2097152
world keng：12, sheng ：1048576

2026-08-20 19:42:09.682 INFO [pool-6-thread-8][:] - /****************流量统计******************/
LastReadBytes:0
LastReadThroughput:0
LastWrittenBytes:0
LastWriteThroughput:0
RealWrittenBytes:0
RealWriteThroughput:0
当前玩家的连接数量:0
当前地图的线程个数：9
当前地图的个数:47
当前数据库执行队列数:0
当前发送队列缓存的对象数量:0
totalMemory：735051776, use ：434199568, free ：300852208DirectMemory：1827143680, 恢复 ：1
当前时间 ：2026-08-20 19:42:09send keng：2418, sheng ：4194304
decode keng：26, sheng ：2097152
world keng：12, sheng ：1048576

2026-08-20 19:42:14.682 INFO [pool-6-thread-7][:] - /****************流量统计******************/
LastReadBytes:0
LastReadThroughput:0
LastWrittenBytes:0
LastWriteThroughput:0
RealWrittenBytes:0
RealWriteThroughput:0
当前玩家的连接数量:0
当前地图的线程个数：9
当前地图的个数:47
当前数据库执行队列数:0
当前发送队列缓存的对象数量:0
totalMemory：735051776, use ：438157800, free ：296893976DirectMemory：1827143680, 恢复 ：1
当前时间 ：2026-08-20 19:42:14send keng：2418, sheng ：4194304
decode keng：26, sheng ：2097152
world keng：12, sheng ：1048576

2026-08-20 19:42:19.682 INFO [pool-6-thread-8][:] - /****************流量统计******************/
LastReadBytes:0
LastReadThroughput:0
LastWrittenBytes:0
LastWriteThroughput:0
RealWrittenBytes:0
RealWriteThroughput:0
当前玩家的连接数量:0
当前地图的线程个数：9
当前地图的个数:47
当前数据库执行队列数:0
当前发送队列缓存的对象数量:0
totalMemory：735051776, use ：441251136, free ：293800640DirectMemory：1827143680, 恢复 ：1
当前时间 ：2026-08-20 19:42:19send keng：2418, sheng ：4194304
decode keng：26, sheng ：2097152
world keng：12, sheng ：1048576

2026-08-20 19:42:24.682 INFO [pool-6-thread-9][:] - /****************流量统计******************/
LastReadBytes:0
LastReadThroughput:0
LastWrittenBytes:0
LastWriteThroughput:0
RealWrittenBytes:0
RealWriteThroughput:0
当前玩家的连接数量:0
当前地图的线程个数：9
当前地图的个数:47
当前数据库执行队列数:0
当前发送队列缓存的对象数量:0
totalMemory：735051776, use ：444454984, free ：290596792DirectMemory：1827143680, 恢复 ：1
当前时间 ：2026-08-20 19:42:24send keng：2418, sheng ：4194304
decode keng：26, sheng ：2097152
world keng：12, sheng ：1048576

2026-08-20 19:42:29.682 INFO [pool-6-thread-2][:] - /****************流量统计******************/
LastReadBytes:0
LastReadThroughput:0
LastWrittenBytes:0
LastWriteThroughput:0
RealWrittenBytes:0
RealWriteThroughput:0
当前玩家的连接数量:0
当前地图的线程个数：9
当前地图的个数:47
当前数据库执行队列数:0
当前发送队列缓存的对象数量:0
totalMemory：735051776, use ：448164264, free ：286887512DirectMemory：1827143680, 恢复 ：1
当前时间 ：2026-08-20 19:42:29send keng：2418, sheng ：4194304
decode keng：26, sheng ：2097152
world keng：12, sheng ：1048576

2026-08-20 19:42:34.682 INFO [pool-6-thread-4][:] - /****************流量统计******************/
LastReadBytes:0
LastReadThroughput:0
LastWrittenBytes:0
LastWriteThroughput:0
RealWrittenBytes:0
RealWriteThroughput:0
当前玩家的连接数量:0
当前地图的线程个数：9
当前地图的个数:47
当前数据库执行队列数:0
当前发送队列缓存的对象数量:0
totalMemory：735051776, use ：451392816, free ：283658960DirectMemory：1827143680, 恢复 ：1
当前时间 ：2026-08-20 19:42:34send keng：2418, sheng ：4194304
decode keng：26, sheng ：2097152
world keng：12, sheng ：1048576

2026-08-20 19:42:39.682 INFO [pool-6-thread-10][:] - /****************流量统计******************/
LastReadBytes:0
LastReadThroughput:0
LastWrittenBytes:0
LastWriteThroughput:0
RealWrittenBytes:0
RealWriteThroughput:0
当前玩家的连接数量:0
当前地图的线程个数：9
当前地图的个数:47
当前数据库执行队列数:0
当前发送队列缓存的对象数量:0
totalMemory：735051776, use ：455352552, free ：279699224DirectMemory：1827143680, 恢复 ：1
当前时间 ：2026-08-20 19:42:39send keng：2418, sheng ：4194304
decode keng：26, sheng ：2097152
world keng：12, sheng ：1048576

2026-08-20 19:42:44.682 INFO [pool-6-thread-7][:] - /****************流量统计******************/
LastReadBytes:0
LastReadThroughput:0
LastWrittenBytes:0
LastWriteThroughput:0
RealWrittenBytes:0
RealWriteThroughput:0
当前玩家的连接数量:0
当前地图的线程个数：9
当前地图的个数:47
当前数据库执行队列数:0
当前发送队列缓存的对象数量:0
totalMemory：735051776, use ：458407072, free ：276644704DirectMemory：1827143680, 恢复 ：1
当前时间 ：2026-08-20 19:42:44send keng：2418, sheng ：4194304
decode keng：26, sheng ：2097152
world keng：12, sheng ：1048576

2026-08-20 19:42:49.682 INFO [pool-6-thread-6][:] - /****************流量统计******************/
LastReadBytes:0
LastReadThroughput:0
LastWrittenBytes:0
LastWriteThroughput:0
RealWrittenBytes:0
RealWriteThroughput:0
当前玩家的连接数量:0
当前地图的线程个数：9
当前地图的个数:47
当前数据库执行队列数:0
当前发送队列缓存的对象数量:0
totalMemory：735051776, use ：462191472, free ：272860304DirectMemory：1827143680, 恢复 ：1
当前时间 ：2026-08-20 19:42:49send keng：2418, sheng ：4194304
decode keng：26, sheng ：2097152
world keng：12, sheng ：1048576

2026-08-20 19:42:54.682 INFO [pool-6-thread-7][:] - /****************流量统计******************/
LastReadBytes:0
LastReadThroughput:0
LastWrittenBytes:0
LastWriteThroughput:0
RealWrittenBytes:0
RealWriteThroughput:0
当前玩家的连接数量:0
当前地图的线程个数：9
当前地图的个数:47
当前数据库执行队列数:0
当前发送队列缓存的对象数量:0
totalMemory：735051776, use ：465772504, free ：269279272DirectMemory：1827143680, 恢复 ：1
当前时间 ：2026-08-20 19:42:54send keng：2418, sheng ：4194304
decode keng：26, sheng ：2097152
world keng：12, sheng ：1048576

2026-08-20 19:42:59.682 INFO [pool-6-thread-1][:] - /****************流量统计******************/
LastReadBytes:0
LastReadThroughput:0
LastWrittenBytes:0
LastWriteThroughput:0
RealWrittenBytes:0
RealWriteThroughput:0
当前玩家的连接数量:0
当前地图的线程个数：9
当前地图的个数:47
当前数据库执行队列数:0
当前发送队列缓存的对象数量:0
totalMemory：735051776, use ：468961376, free ：266090400DirectMemory：1827143680, 恢复 ：1
当前时间 ：2026-08-20 19:42:59send keng：2418, sheng ：4194304
decode keng：26, sheng ：2097152
world keng：12, sheng ：1048576

2026-08-20 19:43:04.682 INFO [pool-6-thread-6][:] - /****************流量统计******************/
LastReadBytes:0
LastReadThroughput:0
LastWrittenBytes:0
LastWriteThroughput:0
RealWrittenBytes:0
RealWriteThroughput:0
当前玩家的连接数量:0
当前地图的线程个数：9
当前地图的个数:47
当前数据库执行队列数:0
当前发送队列缓存的对象数量:0
totalMemory：735051776, use ：472428104, free ：262623672DirectMemory：1827143680, 恢复 ：1
当前时间 ：2026-08-20 19:43:04send keng：2418, sheng ：4194304
decode keng：26, sheng ：2097152
world keng：12, sheng ：1048576

2026-08-20 19:43:09.682 INFO [pool-6-thread-8][:] - /****************流量统计******************/
LastReadBytes:0
LastReadThroughput:0
LastWrittenBytes:0
LastWriteThroughput:0
RealWrittenBytes:0
RealWriteThroughput:0
当前玩家的连接数量:0
当前地图的线程个数：9
当前地图的个数:47
当前数据库执行队列数:0
当前发送队列缓存的对象数量:0
totalMemory：735051776, use ：476113872, free ：258937904DirectMemory：1827143680, 恢复 ：1
当前时间 ：2026-08-20 19:43:09send keng：2418, sheng ：4194304
decode keng：26, sheng ：2097152
world keng：12, sheng ：1048576

2026-08-20 19:43:14.682 INFO [pool-6-thread-7][:] - /****************流量统计******************/
LastReadBytes:0
LastReadThroughput:0
LastWrittenBytes:0
LastWriteThroughput:0
RealWrittenBytes:0
RealWriteThroughput:0
当前玩家的连接数量:0
当前地图的线程个数：9
当前地图的个数:47
当前数据库执行队列数:0
当前发送队列缓存的对象数量:0
totalMemory：735051776, use ：479749264, free ：255302512DirectMemory：1827143680, 恢复 ：1
当前时间 ：2026-08-20 19:43:14send keng：2418, sheng ：4194304
decode keng：26, sheng ：2097152
world keng：12, sheng ：1048576

2026-08-20 19:43:19.682 INFO [pool-6-thread-9][:] - /****************流量统计******************/
LastReadBytes:0
LastReadThroughput:0
LastWrittenBytes:0
LastWriteThroughput:0
RealWrittenBytes:0
RealWriteThroughput:0
当前玩家的连接数量:0
当前地图的线程个数：9
当前地图的个数:47
当前数据库执行队列数:0
当前发送队列缓存的对象数量:0
totalMemory：735051776, use ：483053520, free ：251998256DirectMemory：1827143680, 恢复 ：1
当前时间 ：2026-08-20 19:43:19send keng：2418, sheng ：4194304
decode keng：26, sheng ：2097152
world keng：12, sheng ：1048576

2026-08-20 19:43:24.682 INFO [pool-6-thread-3][:] - /****************流量统计******************/
LastReadBytes:0
LastReadThroughput:0
LastWrittenBytes:0
LastWriteThroughput:0
RealWrittenBytes:0
RealWriteThroughput:0
当前玩家的连接数量:0
当前地图的线程个数：9
当前地图的个数:47
当前数据库执行队列数:0
当前发送队列缓存的对象数量:0
totalMemory：735051776, use ：486228296, free ：248823480DirectMemory：1827143680, 恢复 ：1
当前时间 ：2026-08-20 19:43:24send keng：2418, sheng ：4194304
decode keng：26, sheng ：2097152
world keng：12, sheng ：1048576

2026-08-20 19:43:29.682 INFO [pool-6-thread-2][:] - /****************流量统计******************/
LastReadBytes:0
LastReadThroughput:0
LastWrittenBytes:0
LastWriteThroughput:0
RealWrittenBytes:0
RealWriteThroughput:0
当前玩家的连接数量:0
当前地图的线程个数：9
当前地图的个数:47
当前数据库执行队列数:0
当前发送队列缓存的对象数量:0
totalMemory：735051776, use ：490211072, free ：244840704DirectMemory：1827143680, 恢复 ：1
当前时间 ：2026-08-20 19:43:29send keng：2418, sheng ：4194304
decode keng：26, sheng ：2097152
world keng：12, sheng ：1048576

2026-08-20 19:43:34.682 INFO [pool-6-thread-8][:] - /****************流量统计******************/
LastReadBytes:0
LastReadThroughput:0
LastWrittenBytes:0
LastWriteThroughput:0
RealWrittenBytes:0
RealWriteThroughput:0
当前玩家的连接数量:0
当前地图的线程个数：9
当前地图的个数:47
当前数据库执行队列数:0
当前发送队列缓存的对象数量:0
totalMemory：735051776, use ：493651968, free ：241399808DirectMemory：1827143680, 恢复 ：1
当前时间 ：2026-08-20 19:43:34send keng：2418, sheng ：4194304
decode keng：26, sheng ：2097152
world keng：12, sheng ：1048576

2026-08-20 19:43:39.682 INFO [pool-6-thread-6][:] - /****************流量统计******************/
LastReadBytes:0
LastReadThroughput:0
LastWrittenBytes:0
LastWriteThroughput:0
RealWrittenBytes:0
RealWriteThroughput:0
当前玩家的连接数量:0
当前地图的线程个数：9
当前地图的个数:47
当前数据库执行队列数:0
当前发送队列缓存的对象数量:0
totalMemory：735051776, use ：497069432, free ：237982344DirectMemory：1827143680, 恢复 ：1
当前时间 ：2026-08-20 19:43:39send keng：2418, sheng ：4194304
decode keng：26, sheng ：2097152
world keng：12, sheng ：1048576

2026-08-20 19:43:44.687 INFO [pool-6-thread-10][:] - /****************流量统计******************/
LastReadBytes:0
LastReadThroughput:0
LastWrittenBytes:0
LastWriteThroughput:0
RealWrittenBytes:0
RealWriteThroughput:0
当前玩家的连接数量:0
当前地图的线程个数：9
当前地图的个数:47
当前数据库执行队列数:0
当前发送队列缓存的对象数量:0
totalMemory：735051776, use ：500820176, free ：234231600DirectMemory：1827143680, 恢复 ：1
当前时间 ：2026-08-20 19:43:44send keng：2418, sheng ：4194304
decode keng：26, sheng ：2097152
world keng：12, sheng ：1048576

2026-08-20 19:43:49.682 INFO [pool-6-thread-10][:] - /****************流量统计******************/
LastReadBytes:0
LastReadThroughput:0
LastWrittenBytes:0
LastWriteThroughput:0
RealWrittenBytes:0
RealWriteThroughput:0
当前玩家的连接数量:0
当前地图的线程个数：9
当前地图的个数:47
当前数据库执行队列数:0
当前发送队列缓存的对象数量:0
totalMemory：735051776, use ：504269128, free ：230782648DirectMemory：1827143680, 恢复 ：1
当前时间 ：2026-08-20 19:43:49send keng：2418, sheng ：4194304
decode keng：26, sheng ：2097152
world keng：12, sheng ：1048576

2026-08-20 19:43:54.682 INFO [pool-6-thread-10][:] - /****************流量统计******************/
LastReadBytes:0
LastReadThroughput:0
LastWrittenBytes:0
LastWriteThroughput:0
RealWrittenBytes:0
RealWriteThroughput:0
当前玩家的连接数量:0
当前地图的线程个数：9
当前地图的个数:47
当前数据库执行队列数:0
当前发送队列缓存的对象数量:0
totalMemory：735051776, use ：507720376, free ：227331400DirectMemory：1827143680, 恢复 ：1
当前时间 ：2026-08-20 19:43:54send keng：2418, sheng ：4194304
decode keng：26, sheng ：2097152
world keng：12, sheng ：1048576

2026-08-20 19:43:59.682 INFO [pool-6-thread-8][:] - /****************流量统计******************/
LastReadBytes:0
LastReadThroughput:0
LastWrittenBytes:0
LastWriteThroughput:0
RealWrittenBytes:0
RealWriteThroughput:0
当前玩家的连接数量:0
当前地图的线程个数：9
当前地图的个数:47
当前数据库执行队列数:0
当前发送队列缓存的对象数量:0
totalMemory：735051776, use ：511023784, free ：224027992DirectMemory：1827143680, 恢复 ：1
当前时间 ：2026-08-20 19:43:59send keng：2418, sheng ：4194304
decode keng：26, sheng ：2097152
world keng：12, sheng ：1048576

2026-08-20 19:44:04.682 INFO [pool-6-thread-3][:] - /****************流量统计******************/
LastReadBytes:0
LastReadThroughput:0
LastWrittenBytes:0
LastWriteThroughput:0
RealWrittenBytes:0
RealWriteThroughput:0
当前玩家的连接数量:0
当前地图的线程个数：9
当前地图的个数:47
当前数据库执行队列数:0
当前发送队列缓存的对象数量:0
totalMemory：735051776, use ：514991520, free ：220060256DirectMemory：1827143680, 恢复 ：1
当前时间 ：2026-08-20 19:44:04send keng：2418, sheng ：4194304
decode keng：26, sheng ：2097152
world keng：12, sheng ：1048576

2026-08-20 19:44:09.682 INFO [pool-6-thread-10][:] - /****************流量统计******************/
LastReadBytes:0
LastReadThroughput:0
LastWrittenBytes:0
LastWriteThroughput:0
RealWrittenBytes:0
RealWriteThroughput:0
当前玩家的连接数量:0
当前地图的线程个数：9
当前地图的个数:47
当前数据库执行队列数:0
当前发送队列缓存的对象数量:0
totalMemory：735051776, use ：518408088, free ：216643688DirectMemory：1827143680, 恢复 ：1
当前时间 ：2026-08-20 19:44:09send keng：2418, sheng ：4194304
decode keng：26, sheng ：2097152
world keng：12, sheng ：1048576

2026-08-20 19:44:14.682 INFO [pool-6-thread-8][:] - /****************流量统计******************/
LastReadBytes:0
LastReadThroughput:0
LastWrittenBytes:0
LastWriteThroughput:0
RealWrittenBytes:0
RealWriteThroughput:0
当前玩家的连接数量:0
当前地图的线程个数：9
当前地图的个数:47
当前数据库执行队列数:0
当前发送队列缓存的对象数量:0
totalMemory：733478912, use ：420887304, free ：312591608DirectMemory：1827143680, 恢复 ：1
当前时间 ：2026-08-20 19:44:14send keng：2418, sheng ：4194304
decode keng：26, sheng ：2097152
world keng：12, sheng ：1048576

2026-08-20 19:44:19.682 INFO [pool-6-thread-10][:] - /****************流量统计******************/
LastReadBytes:0
LastReadThroughput:0
LastWrittenBytes:0
LastWriteThroughput:0
RealWrittenBytes:0
RealWriteThroughput:0
当前玩家的连接数量:0
当前地图的线程个数：9
当前地图的个数:47
当前数据库执行队列数:0
当前发送队列缓存的对象数量:0
totalMemory：733478912, use ：424113768, free ：309365144DirectMemory：1827143680, 恢复 ：1
当前时间 ：2026-08-20 19:44:19send keng：2418, sheng ：4194304
decode keng：26, sheng ：2097152
world keng：12, sheng ：1048576

2026-08-20 19:44:24.682 INFO [pool-6-thread-4][:] - /****************流量统计******************/
LastReadBytes:0
LastReadThroughput:0
LastWrittenBytes:0
LastWriteThroughput:0
RealWrittenBytes:0
RealWriteThroughput:0
当前玩家的连接数量:0
当前地图的线程个数：9
当前地图的个数:47
当前数据库执行队列数:0
当前发送队列缓存的对象数量:0
totalMemory：733478912, use ：428115408, free ：305363504DirectMemory：1827143680, 恢复 ：1
当前时间 ：2026-08-20 19:44:24send keng：2418, sheng ：4194304
decode keng：26, sheng ：2097152
world keng：12, sheng ：1048576

2026-08-20 19:44:29.682 INFO [pool-6-thread-9][:] - /****************流量统计******************/
LastReadBytes:0
LastReadThroughput:0
LastWrittenBytes:0
LastWriteThroughput:0
RealWrittenBytes:0
RealWriteThroughput:0
当前玩家的连接数量:0
当前地图的线程个数：9
当前地图的个数:47
当前数据库执行队列数:0
当前发送队列缓存的对象数量:0
totalMemory：733478912, use ：431385536, free ：302093376DirectMemory：1827143680, 恢复 ：1
当前时间 ：2026-08-20 19:44:29send keng：2418, sheng ：4194304
decode keng：26, sheng ：2097152
world keng：12, sheng ：1048576

2026-08-20 19:44:34.682 INFO [pool-6-thread-4][:] - /****************流量统计******************/
LastReadBytes:0
LastReadThroughput:0
LastWrittenBytes:0
LastWriteThroughput:0
RealWrittenBytes:0
RealWriteThroughput:0
当前玩家的连接数量:0
当前地图的线程个数：9
当前地图的个数:47
当前数据库执行队列数:0
当前发送队列缓存的对象数量:0
totalMemory：733478912, use ：435380392, free ：298098520DirectMemory：1827143680, 恢复 ：1
当前时间 ：2026-08-20 19:44:34send keng：2418, sheng ：4194304
decode keng：26, sheng ：2097152
world keng：12, sheng ：1048576

2026-08-20 19:44:39.682 INFO [pool-6-thread-6][:] - /****************流量统计******************/
LastReadBytes:0
LastReadThroughput:0
LastWrittenBytes:0
LastWriteThroughput:0
RealWrittenBytes:0
RealWriteThroughput:0
当前玩家的连接数量:0
当前地图的线程个数：9
当前地图的个数:47
当前数据库执行队列数:0
当前发送队列缓存的对象数量:0
totalMemory：733478912, use ：438353016, free ：295125896DirectMemory：1827143680, 恢复 ：1
当前时间 ：2026-08-20 19:44:39send keng：2418, sheng ：4194304
decode keng：26, sheng ：2097152
world keng：12, sheng ：1048576

2026-08-20 19:44:44.682 INFO [pool-6-thread-9][:] - /****************流量统计******************/
LastReadBytes:0
LastReadThroughput:0
LastWrittenBytes:0
LastWriteThroughput:0
RealWrittenBytes:0
RealWriteThroughput:0
当前玩家的连接数量:0
当前地图的线程个数：9
当前地图的个数:47
当前数据库执行队列数:0
当前发送队列缓存的对象数量:0
totalMemory：733478912, use ：442135016, free ：291343896DirectMemory：1827143680, 恢复 ：1
当前时间 ：2026-08-20 19:44:44send keng：2418, sheng ：4194304
decode keng：26, sheng ：2097152
world keng：12, sheng ：1048576

2026-08-20 19:44:49.682 INFO [pool-6-thread-2][:] - /****************流量统计******************/
LastReadBytes:0
LastReadThroughput:0
LastWrittenBytes:0
LastWriteThroughput:0
RealWrittenBytes:0
RealWriteThroughput:0
当前玩家的连接数量:0
当前地图的线程个数：9
当前地图的个数:47
当前数据库执行队列数:0
当前发送队列缓存的对象数量:0
totalMemory：733478912, use ：445368936, free ：288109976DirectMemory：1827143680, 恢复 ：1
当前时间 ：2026-08-20 19:44:49send keng：2418, sheng ：4194304
decode keng：26, sheng ：2097152
world keng：12, sheng ：1048576

2026-08-20 19:44:54.682 INFO [pool-6-thread-2][:] - /****************流量统计******************/
LastReadBytes:0
LastReadThroughput:0
LastWrittenBytes:0
LastWriteThroughput:0
RealWrittenBytes:0
RealWriteThroughput:0
当前玩家的连接数量:0
当前地图的线程个数：9
当前地图的个数:47
当前数据库执行队列数:0
当前发送队列缓存的对象数量:0
totalMemory：733478912, use ：449116752, free ：284362160DirectMemory：1827143680, 恢复 ：1
当前时间 ：2026-08-20 19:44:54send keng：2418, sheng ：4194304
decode keng：26, sheng ：2097152
world keng：12, sheng ：1048576

2026-08-20 19:44:59.682 INFO [pool-6-thread-10][:] - /****************流量统计******************/
LastReadBytes:0
LastReadThroughput:0
LastWrittenBytes:0
LastWriteThroughput:0
RealWrittenBytes:0
RealWriteThroughput:0
当前玩家的连接数量:0
当前地图的线程个数：9
当前地图的个数:47
当前数据库执行队列数:0
当前发送队列缓存的对象数量:0
totalMemory：733478912, use ：452649176, free ：280829736DirectMemory：1827143680, 恢复 ：1
当前时间 ：2026-08-20 19:44:59send keng：2418, sheng ：4194304
decode keng：26, sheng ：2097152
world keng：12, sheng ：1048576

2026-08-20 19:45:04.682 INFO [pool-6-thread-9][:] - /****************流量统计******************/
LastReadBytes:0
LastReadThroughput:0
LastWrittenBytes:0
LastWriteThroughput:0
RealWrittenBytes:0
RealWriteThroughput:0
当前玩家的连接数量:0
当前地图的线程个数：9
当前地图的个数:47
当前数据库执行队列数:0
当前发送队列缓存的对象数量:0
totalMemory：733478912, use ：455859640, free ：277619272DirectMemory：1827143680, 恢复 ：1
当前时间 ：2026-08-20 19:45:04send keng：2418, sheng ：4194304
decode keng：26, sheng ：2097152
world keng：12, sheng ：1048576

2026-08-20 19:45:09.682 INFO [pool-6-thread-7][:] - /****************流量统计******************/
LastReadBytes:0
LastReadThroughput:0
LastWrittenBytes:0
LastWriteThroughput:0
RealWrittenBytes:0
RealWriteThroughput:0
当前玩家的连接数量:0
当前地图的线程个数：9
当前地图的个数:47
当前数据库执行队列数:0
当前发送队列缓存的对象数量:0
totalMemory：733478912, use ：459441136, free ：274037776DirectMemory：1827143680, 恢复 ：1
当前时间 ：2026-08-20 19:45:09send keng：2418, sheng ：4194304
decode keng：26, sheng ：2097152
world keng：12, sheng ：1048576

2026-08-20 19:45:14.682 INFO [pool-6-thread-10][:] - /****************流量统计******************/
LastReadBytes:0
LastReadThroughput:0
LastWrittenBytes:0
LastWriteThroughput:0
RealWrittenBytes:0
RealWriteThroughput:0
当前玩家的连接数量:0
当前地图的线程个数：9
当前地图的个数:47
当前数据库执行队列数:0
当前发送队列缓存的对象数量:0
totalMemory：733478912, use ：463389640, free ：270089272DirectMemory：1827143680, 恢复 ：1
当前时间 ：2026-08-20 19:45:14send keng：2418, sheng ：4194304
decode keng：26, sheng ：2097152
world keng：12, sheng ：1048576

2026-08-20 19:45:19.682 INFO [pool-6-thread-1][:] - /****************流量统计******************/
LastReadBytes:0
LastReadThroughput:0
LastWrittenBytes:0
LastWriteThroughput:0
RealWrittenBytes:0
RealWriteThroughput:0
当前玩家的连接数量:0
当前地图的线程个数：9
当前地图的个数:47
当前数据库执行队列数:0
当前发送队列缓存的对象数量:0
totalMemory：733478912, use ：466975816, free ：266503096DirectMemory：1827143680, 恢复 ：1
当前时间 ：2026-08-20 19:45:19send keng：2418, sheng ：4194304
decode keng：26, sheng ：2097152
world keng：12, sheng ：1048576

2026-08-20 19:45:24.682 INFO [pool-6-thread-2][:] - /****************流量统计******************/
LastReadBytes:0
LastReadThroughput:0
LastWrittenBytes:0
LastWriteThroughput:0
RealWrittenBytes:0
RealWriteThroughput:0
当前玩家的连接数量:0
当前地图的线程个数：9
当前地图的个数:47
当前数据库执行队列数:0
当前发送队列缓存的对象数量:0
totalMemory：733478912, use ：470268112, free ：263210800DirectMemory：1827143680, 恢复 ：1
当前时间 ：2026-08-20 19:45:24send keng：2418, sheng ：4194304
decode keng：26, sheng ：2097152
world keng：12, sheng ：1048576

2026-08-20 19:45:29.682 INFO [pool-6-thread-3][:] - /****************流量统计******************/
LastReadBytes:0
LastReadThroughput:0
LastWrittenBytes:0
LastWriteThroughput:0
RealWrittenBytes:0
RealWriteThroughput:0
当前玩家的连接数量:0
当前地图的线程个数：9
当前地图的个数:47
当前数据库执行队列数:0
当前发送队列缓存的对象数量:0
totalMemory：733478912, use ：473734440, free ：259744472DirectMemory：1827143680, 恢复 ：1
当前时间 ：2026-08-20 19:45:29send keng：2418, sheng ：4194304
decode keng：26, sheng ：2097152
world keng：12, sheng ：1048576

2026-08-20 19:45:34.682 INFO [pool-6-thread-4][:] - /****************流量统计******************/
LastReadBytes:0
LastReadThroughput:0
LastWrittenBytes:0
LastWriteThroughput:0
RealWrittenBytes:0
RealWriteThroughput:0
当前玩家的连接数量:0
当前地图的线程个数：9
当前地图的个数:47
当前数据库执行队列数:0
当前发送队列缓存的对象数量:0
totalMemory：733478912, use ：477268176, free ：256210736DirectMemory：1827143680, 恢复 ：1
当前时间 ：2026-08-20 19:45:34send keng：2418, sheng ：4194304
decode keng：26, sheng ：2097152
world keng：12, sheng ：1048576

2026-08-20 19:45:39.682 INFO [pool-6-thread-5][:] - /****************流量统计******************/
LastReadBytes:0
LastReadThroughput:0
LastWrittenBytes:0
LastWriteThroughput:0
RealWrittenBytes:0
RealWriteThroughput:0
当前玩家的连接数量:0
当前地图的线程个数：9
当前地图的个数:47
当前数据库执行队列数:0
当前发送队列缓存的对象数量:0
totalMemory：733478912, use ：481015320, free ：252463592DirectMemory：1827143680, 恢复 ：1
当前时间 ：2026-08-20 19:45:39send keng：2418, sheng ：4194304
decode keng：26, sheng ：2097152
world keng：12, sheng ：1048576

2026-08-20 19:45:44.682 INFO [pool-6-thread-3][:] - /****************流量统计******************/
LastReadBytes:0
LastReadThroughput:0
LastWrittenBytes:0
LastWriteThroughput:0
RealWrittenBytes:0
RealWriteThroughput:0
当前玩家的连接数量:0
当前地图的线程个数：9
当前地图的个数:47
当前数据库执行队列数:0
当前发送队列缓存的对象数量:0
totalMemory：733478912, use ：484121560, free ：249357352DirectMemory：1827143680, 恢复 ：1
当前时间 ：2026-08-20 19:45:44send keng：2418, sheng ：4194304
decode keng：26, sheng ：2097152
world keng：12, sheng ：1048576

2026-08-20 19:45:49.682 INFO [pool-6-thread-8][:] - /****************流量统计******************/
LastReadBytes:0
LastReadThroughput:0
LastWrittenBytes:0
LastWriteThroughput:0
RealWrittenBytes:0
RealWriteThroughput:0
当前玩家的连接数量:0
当前地图的线程个数：9
当前地图的个数:47
当前数据库执行队列数:0
当前发送队列缓存的对象数量:0
totalMemory：733478912, use ：487607992, free ：245870920DirectMemory：1827143680, 恢复 ：1
当前时间 ：2026-08-20 19:45:49send keng：2418, sheng ：4194304
decode keng：26, sheng ：2097152
world keng：12, sheng ：1048576

2026-08-20 19:45:54.682 INFO [pool-6-thread-4][:] - /****************流量统计******************/
LastReadBytes:0
LastReadThroughput:0
LastWrittenBytes:0
LastWriteThroughput:0
RealWrittenBytes:0
RealWriteThroughput:0
当前玩家的连接数量:0
当前地图的线程个数：9
当前地图的个数:47
当前数据库执行队列数:0
当前发送队列缓存的对象数量:0
totalMemory：733478912, use ：491399616, free ：242079296DirectMemory：1827143680, 恢复 ：1
当前时间 ：2026-08-20 19:45:54send keng：2418, sheng ：4194304
decode keng：26, sheng ：2097152
world keng：12, sheng ：1048576

2026-08-20 19:45:59.682 INFO [pool-6-thread-8][:] - /****************流量统计******************/
LastReadBytes:0
LastReadThroughput:0
LastWrittenBytes:0
LastWriteThroughput:0
RealWrittenBytes:0
RealWriteThroughput:0
当前玩家的连接数量:0
当前地图的线程个数：9
当前地图的个数:47
当前数据库执行队列数:0
当前发送队列缓存的对象数量:0
totalMemory：733478912, use ：495012904, free ：238466008DirectMemory：1827143680, 恢复 ：1
当前时间 ：2026-08-20 19:45:59send keng：2418, sheng ：4194304
decode keng：26, sheng ：2097152
world keng：12, sheng ：1048576

2026-08-20 19:46:04.682 INFO [pool-6-thread-3][:] - /****************流量统计******************/
LastReadBytes:0
LastReadThroughput:0
LastWrittenBytes:0
LastWriteThroughput:0
RealWrittenBytes:0
RealWriteThroughput:0
当前玩家的连接数量:0
当前地图的线程个数：9
当前地图的个数:47
当前数据库执行队列数:0
当前发送队列缓存的对象数量:0
totalMemory：733478912, use ：498304656, free ：235174256DirectMemory：1827143680, 恢复 ：1
当前时间 ：2026-08-20 19:46:04send keng：2418, sheng ：4194304
decode keng：26, sheng ：2097152
world keng：12, sheng ：1048576

2026-08-20 19:46:09.682 INFO [pool-6-thread-3][:] - /****************流量统计******************/
LastReadBytes:0
LastReadThroughput:0
LastWrittenBytes:0
LastWriteThroughput:0
RealWrittenBytes:0
RealWriteThroughput:0
当前玩家的连接数量:0
当前地图的线程个数：9
当前地图的个数:47
当前数据库执行队列数:0
当前发送队列缓存的对象数量:0
totalMemory：733478912, use ：502135696, free ：231343216DirectMemory：1827143680, 恢复 ：1
当前时间 ：2026-08-20 19:46:09send keng：2418, sheng ：4194304
decode keng：26, sheng ：2097152
world keng：12, sheng ：1048576

2026-08-20 19:46:14.682 INFO [pool-6-thread-5][:] - /****************流量统计******************/
LastReadBytes:0
LastReadThroughput:0
LastWrittenBytes:0
LastWriteThroughput:0
RealWrittenBytes:0
RealWriteThroughput:0
当前玩家的连接数量:0
当前地图的线程个数：9
当前地图的个数:47
当前数据库执行队列数:0
当前发送队列缓存的对象数量:0
totalMemory：733478912, use ：505812592, free ：227666320DirectMemory：1827143680, 恢复 ：1
当前时间 ：2026-08-20 19:46:14send keng：2418, sheng ：4194304
decode keng：26, sheng ：2097152
world keng：12, sheng ：1048576

2026-08-20 19:46:19.684 INFO [pool-6-thread-6][:] - /****************流量统计******************/
LastReadBytes:0
LastReadThroughput:0
LastWrittenBytes:0
LastWriteThroughput:0
RealWrittenBytes:0
RealWriteThroughput:0
当前玩家的连接数量:0
当前地图的线程个数：9
当前地图的个数:47
当前数据库执行队列数:0
当前发送队列缓存的对象数量:0
totalMemory：733478912, use ：509284896, free ：224194016DirectMemory：1827143680, 恢复 ：1
当前时间 ：2026-08-20 19:46:19send keng：2418, sheng ：4194304
decode keng：26, sheng ：2097152
world keng：12, sheng ：1048576

2026-08-20 19:46:24.682 INFO [pool-6-thread-7][:] - /****************流量统计******************/
LastReadBytes:0
LastReadThroughput:0
LastWrittenBytes:0
LastWriteThroughput:0
RealWrittenBytes:0
RealWriteThroughput:0
当前玩家的连接数量:0
当前地图的线程个数：9
当前地图的个数:47
当前数据库执行队列数:0
当前发送队列缓存的对象数量:0
totalMemory：733478912, use ：512740792, free ：220738120DirectMemory：1827143680, 恢复 ：1
当前时间 ：2026-08-20 19:46:24send keng：2418, sheng ：4194304
decode keng：26, sheng ：2097152
world keng：12, sheng ：1048576

2026-08-20 19:46:29.682 INFO [pool-6-thread-3][:] - /****************流量统计******************/
LastReadBytes:0
LastReadThroughput:0
LastWrittenBytes:0
LastWriteThroughput:0
RealWrittenBytes:0
RealWriteThroughput:0
当前玩家的连接数量:0
当前地图的线程个数：9
当前地图的个数:47
当前数据库执行队列数:0
当前发送队列缓存的对象数量:0
totalMemory：733478912, use ：516199456, free ：217279456DirectMemory：1827143680, 恢复 ：1
当前时间 ：2026-08-20 19:46:29send keng：2418, sheng ：4194304
decode keng：26, sheng ：2097152
world keng：12, sheng ：1048576

2026-08-20 19:46:34.682 INFO [pool-6-thread-10][:] - /****************流量统计******************/
LastReadBytes:0
LastReadThroughput:0
LastWrittenBytes:0
LastWriteThroughput:0
RealWrittenBytes:0
RealWriteThroughput:0
当前玩家的连接数量:0
当前地图的线程个数：9
当前地图的个数:47
当前数据库执行队列数:0
当前发送队列缓存的对象数量:0
totalMemory：731906048, use ：419765144, free ：312140904DirectMemory：1827143680, 恢复 ：1
当前时间 ：2026-08-20 19:46:34send keng：2418, sheng ：4194304
decode keng：26, sheng ：2097152
world keng：12, sheng ：1048576

2026-08-20 19:46:39.682 INFO [pool-6-thread-2][:] - /****************流量统计******************/
LastReadBytes:0
LastReadThroughput:0
LastWrittenBytes:0
LastWriteThroughput:0
RealWrittenBytes:0
RealWriteThroughput:0
当前玩家的连接数量:0
当前地图的线程个数：9
当前地图的个数:47
当前数据库执行队列数:0
当前发送队列缓存的对象数量:0
totalMemory：731906048, use ：423361088, free ：308544960DirectMemory：1827143680, 恢复 ：1
当前时间 ：2026-08-20 19:46:39send keng：2418, sheng ：4194304
decode keng：26, sheng ：2097152
world keng：12, sheng ：1048576

2026-08-20 19:46:44.682 INFO [pool-6-thread-5][:] - /****************流量统计******************/
LastReadBytes:0
LastReadThroughput:0
LastWrittenBytes:0
LastWriteThroughput:0
RealWrittenBytes:0
RealWriteThroughput:0
当前玩家的连接数量:0
当前地图的线程个数：9
当前地图的个数:47
当前数据库执行队列数:0
当前发送队列缓存的对象数量:0
totalMemory：731906048, use ：426551800, free ：305354248DirectMemory：1827143680, 恢复 ：1
当前时间 ：2026-08-20 19:46:44send keng：2418, sheng ：4194304
decode keng：26, sheng ：2097152
world keng：12, sheng ：1048576

2026-08-20 19:46:49.682 INFO [pool-6-thread-4][:] - /****************流量统计******************/
LastReadBytes:0
LastReadThroughput:0
LastWrittenBytes:0
LastWriteThroughput:0
RealWrittenBytes:0
RealWriteThroughput:0
当前玩家的连接数量:0
当前地图的线程个数：9
当前地图的个数:47
当前数据库执行队列数:0
当前发送队列缓存的对象数量:0
totalMemory：731906048, use ：430123096, free ：301782952DirectMemory：1827143680, 恢复 ：1
当前时间 ：2026-08-20 19:46:49send keng：2418, sheng ：4194304
decode keng：26, sheng ：2097152
world keng：12, sheng ：1048576

2026-08-20 19:46:54.682 INFO [pool-6-thread-8][:] - /****************流量统计******************/
LastReadBytes:0
LastReadThroughput:0
LastWrittenBytes:0
LastWriteThroughput:0
RealWrittenBytes:0
RealWriteThroughput:0
当前玩家的连接数量:0
当前地图的线程个数：9
当前地图的个数:47
当前数据库执行队列数:0
当前发送队列缓存的对象数量:0
totalMemory：731906048, use ：433432208, free ：298473840DirectMemory：1827143680, 恢复 ：1
当前时间 ：2026-08-20 19:46:54send keng：2418, sheng ：4194304
decode keng：26, sheng ：2097152
world keng：12, sheng ：1048576

2026-08-20 19:46:59.682 INFO [pool-6-thread-6][:] - /****************流量统计******************/
LastReadBytes:0
LastReadThroughput:0
LastWrittenBytes:0
LastWriteThroughput:0
RealWrittenBytes:0
RealWriteThroughput:0
当前玩家的连接数量:0
当前地图的线程个数：9
当前地图的个数:47
当前数据库执行队列数:0
当前发送队列缓存的对象数量:0
totalMemory：731906048, use ：437147168, free ：294758880DirectMemory：1827143680, 恢复 ：1
当前时间 ：2026-08-20 19:46:59send keng：2418, sheng ：4194304
decode keng：26, sheng ：2097152
world keng：12, sheng ：1048576

2026-08-20 19:47:04.682 INFO [pool-6-thread-1][:] - /****************流量统计******************/
LastReadBytes:0
LastReadThroughput:0
LastWrittenBytes:0
LastWriteThroughput:0
RealWrittenBytes:0
RealWriteThroughput:0
当前玩家的连接数量:0
当前地图的线程个数：9
当前地图的个数:47
当前数据库执行队列数:0
当前发送队列缓存的对象数量:0
totalMemory：731906048, use ：440721368, free ：291184680DirectMemory：1827143680, 恢复 ：1
当前时间 ：2026-08-20 19:47:04send keng：2418, sheng ：4194304
decode keng：26, sheng ：2097152
world keng：12, sheng ：1048576

2026-08-20 19:47:09.682 INFO [pool-6-thread-7][:] - /****************流量统计******************/
LastReadBytes:0
LastReadThroughput:0
LastWrittenBytes:0
LastWriteThroughput:0
RealWrittenBytes:0
RealWriteThroughput:0
当前玩家的连接数量:0
当前地图的线程个数：9
当前地图的个数:47
当前数据库执行队列数:0
当前发送队列缓存的对象数量:0
totalMemory：731906048, use ：444293288, free ：287612760DirectMemory：1827143680, 恢复 ：1
当前时间 ：2026-08-20 19:47:09send keng：2418, sheng ：4194304
decode keng：26, sheng ：2097152
world keng：12, sheng ：1048576

2026-08-20 19:47:14.682 INFO [pool-6-thread-1][:] - /****************流量统计******************/
LastReadBytes:0
LastReadThroughput:0
LastWrittenBytes:0
LastWriteThroughput:0
RealWrittenBytes:0
RealWriteThroughput:0
当前玩家的连接数量:0
当前地图的线程个数：9
当前地图的个数:47
当前数据库执行队列数:0
当前发送队列缓存的对象数量:0
totalMemory：731906048, use ：447699120, free ：284206928DirectMemory：1827143680, 恢复 ：1
当前时间 ：2026-08-20 19:47:14send keng：2418, sheng ：4194304
decode keng：26, sheng ：2097152
world keng：12, sheng ：1048576

2026-08-20 19:47:19.682 INFO [pool-6-thread-10][:] - /****************流量统计******************/
LastReadBytes:0
LastReadThroughput:0
LastWrittenBytes:0
LastWriteThroughput:0
RealWrittenBytes:0
RealWriteThroughput:0
当前玩家的连接数量:0
当前地图的线程个数：9
当前地图的个数:47
当前数据库执行队列数:0
当前发送队列缓存的对象数量:0
totalMemory：731906048, use ：451244160, free ：280661888DirectMemory：1827143680, 恢复 ：1
当前时间 ：2026-08-20 19:47:19send keng：2418, sheng ：4194304
decode keng：26, sheng ：2097152
world keng：12, sheng ：1048576

2026-08-20 19:47:24.682 INFO [pool-6-thread-2][:] - /****************流量统计******************/
LastReadBytes:0
LastReadThroughput:0
LastWrittenBytes:0
LastWriteThroughput:0
RealWrittenBytes:0
RealWriteThroughput:0
当前玩家的连接数量:0
当前地图的线程个数：9
当前地图的个数:47
当前数据库执行队列数:0
当前发送队列缓存的对象数量:0
totalMemory：731906048, use ：454952248, free ：276953800DirectMemory：1827143680, 恢复 ：1
当前时间 ：2026-08-20 19:47:24send keng：2418, sheng ：4194304
decode keng：26, sheng ：2097152
world keng：12, sheng ：1048576

2026-08-20 19:47:29.682 INFO [pool-6-thread-6][:] - /****************流量统计******************/
LastReadBytes:0
LastReadThroughput:0
LastWrittenBytes:0
LastWriteThroughput:0
RealWrittenBytes:0
RealWriteThroughput:0
当前玩家的连接数量:0
当前地图的线程个数：9
当前地图的个数:47
当前数据库执行队列数:0
当前发送队列缓存的对象数量:0
totalMemory：731906048, use ：458548016, free ：273358032DirectMemory：1827143680, 恢复 ：1
当前时间 ：2026-08-20 19:47:29send keng：2418, sheng ：4194304
decode keng：26, sheng ：2097152
world keng：12, sheng ：1048576

2026-08-20 19:47:34.682 INFO [pool-6-thread-1][:] - /****************流量统计******************/
LastReadBytes:0
LastReadThroughput:0
LastWrittenBytes:0
LastWriteThroughput:0
RealWrittenBytes:0
RealWriteThroughput:0
当前玩家的连接数量:0
当前地图的线程个数：9
当前地图的个数:47
当前数据库执行队列数:0
当前发送队列缓存的对象数量:0
totalMemory：731906048, use ：462329024, free ：269577024DirectMemory：1827143680, 恢复 ：1
当前时间 ：2026-08-20 19:47:34send keng：2418, sheng ：4194304
decode keng：26, sheng ：2097152
world keng：12, sheng ：1048576

2026-08-20 19:47:39.682 INFO [pool-6-thread-4][:] - /****************流量统计******************/
LastReadBytes:0
LastReadThroughput:0
LastWrittenBytes:0
LastWriteThroughput:0
RealWrittenBytes:0
RealWriteThroughput:0
当前玩家的连接数量:0
当前地图的线程个数：9
当前地图的个数:47
当前数据库执行队列数:0
当前发送队列缓存的对象数量:0
totalMemory：731906048, use ：464913568, free ：266992480DirectMemory：1827143680, 恢复 ：1
当前时间 ：2026-08-20 19:47:39send keng：2418, sheng ：4194304
decode keng：26, sheng ：2097152
world keng：12, sheng ：1048576

2026-08-20 19:47:44.682 INFO [pool-6-thread-4][:] - /****************流量统计******************/
LastReadBytes:0
LastReadThroughput:0
LastWrittenBytes:0
LastWriteThroughput:0
RealWrittenBytes:0
RealWriteThroughput:0
当前玩家的连接数量:0
当前地图的线程个数：9
当前地图的个数:47
当前数据库执行队列数:0
当前发送队列缓存的对象数量:0
totalMemory：731906048, use ：468609312, free ：263296736DirectMemory：1827143680, 恢复 ：1
当前时间 ：2026-08-20 19:47:44send keng：2418, sheng ：4194304
decode keng：26, sheng ：2097152
world keng：12, sheng ：1048576

2026-08-20 19:47:49.683 INFO [pool-6-thread-4][:] - /****************流量统计******************/
LastReadBytes:0
LastReadThroughput:0
LastWrittenBytes:0
LastWriteThroughput:0
RealWrittenBytes:0
RealWriteThroughput:0
当前玩家的连接数量:0
当前地图的线程个数：9
当前地图的个数:47
当前数据库执行队列数:0
当前发送队列缓存的对象数量:0
totalMemory：731906048, use ：471715864, free ：260190184DirectMemory：1827143680, 恢复 ：1
当前时间 ：2026-08-20 19:47:49send keng：2418, sheng ：4194304
decode keng：26, sheng ：2097152
world keng：12, sheng ：1048576

2026-08-20 19:47:54.682 INFO [pool-6-thread-6][:] - /****************流量统计******************/
LastReadBytes:0
LastReadThroughput:0
LastWrittenBytes:0
LastWriteThroughput:0
RealWrittenBytes:0
RealWriteThroughput:0
当前玩家的连接数量:0
当前地图的线程个数：9
当前地图的个数:47
当前数据库执行队列数:0
当前发送队列缓存的对象数量:0
totalMemory：731906048, use ：475230360, free ：256675688DirectMemory：1827143680, 恢复 ：1
当前时间 ：2026-08-20 19:47:54send keng：2418, sheng ：4194304
decode keng：26, sheng ：2097152
world keng：12, sheng ：1048576

2026-08-20 19:47:59.682 INFO [pool-6-thread-5][:] - /****************流量统计******************/
LastReadBytes:0
LastReadThroughput:0
LastWrittenBytes:0
LastWriteThroughput:0
RealWrittenBytes:0
RealWriteThroughput:0
当前玩家的连接数量:0
当前地图的线程个数：9
当前地图的个数:47
当前数据库执行队列数:0
当前发送队列缓存的对象数量:0
totalMemory：731906048, use ：478869264, free ：253036784DirectMemory：1827143680, 恢复 ：1
当前时间 ：2026-08-20 19:47:59send keng：2418, sheng ：4194304
decode keng：26, sheng ：2097152
world keng：12, sheng ：1048576

2026-08-20 19:48:04.682 INFO [pool-6-thread-1][:] - /****************流量统计******************/
LastReadBytes:0
LastReadThroughput:0
LastWrittenBytes:0
LastWriteThroughput:0
RealWrittenBytes:0
RealWriteThroughput:0
当前玩家的连接数量:0
当前地图的线程个数：9
当前地图的个数:47
当前数据库执行队列数:0
当前发送队列缓存的对象数量:0
totalMemory：731906048, use ：481909968, free ：249996080DirectMemory：1827143680, 恢复 ：1
当前时间 ：2026-08-20 19:48:04send keng：2418, sheng ：4194304
decode keng：26, sheng ：2097152
world keng：12, sheng ：1048576

2026-08-20 19:48:09.682 INFO [pool-6-thread-6][:] - /****************流量统计******************/
LastReadBytes:0
LastReadThroughput:0
LastWrittenBytes:0
LastWriteThroughput:0
RealWrittenBytes:0
RealWriteThroughput:0
当前玩家的连接数量:0
当前地图的线程个数：9
当前地图的个数:47
当前数据库执行队列数:0
当前发送队列缓存的对象数量:0
totalMemory：731906048, use ：485151840, free ：246754208DirectMemory：1827143680, 恢复 ：1
当前时间 ：2026-08-20 19:48:09send keng：2418, sheng ：4194304
decode keng：26, sheng ：2097152
world keng：12, sheng ：1048576

2026-08-20 19:48:14.682 INFO [pool-6-thread-5][:] - /****************流量统计******************/
LastReadBytes:0
LastReadThroughput:0
LastWrittenBytes:0
LastWriteThroughput:0
RealWrittenBytes:0
RealWriteThroughput:0
当前玩家的连接数量:0
当前地图的线程个数：9
当前地图的个数:47
当前数据库执行队列数:0
当前发送队列缓存的对象数量:0
totalMemory：731906048, use ：489088568, free ：242817480DirectMemory：1827143680, 恢复 ：1
当前时间 ：2026-08-20 19:48:14send keng：2418, sheng ：4194304
decode keng：26, sheng ：2097152
world keng：12, sheng ：1048576

2026-08-20 19:48:19.682 INFO [pool-6-thread-1][:] - /****************流量统计******************/
LastReadBytes:0
LastReadThroughput:0
LastWrittenBytes:0
LastWriteThroughput:0
RealWrittenBytes:0
RealWriteThroughput:0
当前玩家的连接数量:0
当前地图的线程个数：9
当前地图的个数:47
当前数据库执行队列数:0
当前发送队列缓存的对象数量:0
totalMemory：731906048, use ：492223280, free ：239682768DirectMemory：1827143680, 恢复 ：1
当前时间 ：2026-08-20 19:48:19send keng：2418, sheng ：4194304
decode keng：26, sheng ：2097152
world keng：12, sheng ：1048576

2026-08-20 19:48:24.682 INFO [pool-6-thread-1][:] - /****************流量统计******************/
LastReadBytes:0
LastReadThroughput:0
LastWrittenBytes:0
LastWriteThroughput:0
RealWrittenBytes:0
RealWriteThroughput:0
当前玩家的连接数量:0
当前地图的线程个数：9
当前地图的个数:47
当前数据库执行队列数:0
当前发送队列缓存的对象数量:0
totalMemory：731906048, use ：495914400, free ：235991648DirectMemory：1827143680, 恢复 ：1
当前时间 ：2026-08-20 19:48:24send keng：2418, sheng ：4194304
decode keng：26, sheng ：2097152
world keng：12, sheng ：1048576

2026-08-20 19:48:29.682 INFO [pool-6-thread-7][:] - /****************流量统计******************/
LastReadBytes:0
LastReadThroughput:0
LastWrittenBytes:0
LastWriteThroughput:0
RealWrittenBytes:0
RealWriteThroughput:0
当前玩家的连接数量:0
当前地图的线程个数：9
当前地图的个数:47
当前数据库执行队列数:0
当前发送队列缓存的对象数量:0
totalMemory：731906048, use ：499171360, free ：232734688DirectMemory：1827143680, 恢复 ：1
当前时间 ：2026-08-20 19:48:29send keng：2418, sheng ：4194304
decode keng：26, sheng ：2097152
world keng：12, sheng ：1048576

2026-08-20 19:48:34.682 INFO [pool-6-thread-8][:] - /****************流量统计******************/
LastReadBytes:0
LastReadThroughput:0
LastWrittenBytes:0
LastWriteThroughput:0
RealWrittenBytes:0
RealWriteThroughput:0
当前玩家的连接数量:0
当前地图的线程个数：9
当前地图的个数:47
当前数据库执行队列数:0
当前发送队列缓存的对象数量:0
totalMemory：731906048, use ：502665536, free ：229240512DirectMemory：1827143680, 恢复 ：1
当前时间 ：2026-08-20 19:48:34send keng：2418, sheng ：4194304
decode keng：26, sheng ：2097152
world keng：12, sheng ：1048576

2026-08-20 19:48:39.682 INFO [pool-6-thread-7][:] - /****************流量统计******************/
LastReadBytes:0
LastReadThroughput:0
LastWrittenBytes:0
LastWriteThroughput:0
RealWrittenBytes:0
RealWriteThroughput:0
当前玩家的连接数量:0
当前地图的线程个数：9
当前地图的个数:47
当前数据库执行队列数:0
当前发送队列缓存的对象数量:0
totalMemory：731906048, use ：505962016, free ：225944032DirectMemory：1827143680, 恢复 ：1
当前时间 ：2026-08-20 19:48:39send keng：2418, sheng ：4194304
decode keng：26, sheng ：2097152
world keng：12, sheng ：1048576

2026-08-20 19:48:44.682 INFO [pool-6-thread-7][:] - /****************流量统计******************/
LastReadBytes:0
LastReadThroughput:0
LastWrittenBytes:0
LastWriteThroughput:0
RealWrittenBytes:0
RealWriteThroughput:0
当前玩家的连接数量:0
当前地图的线程个数：9
当前地图的个数:47
当前数据库执行队列数:0
当前发送队列缓存的对象数量:0
totalMemory：731906048, use ：509666544, free ：222239504DirectMemory：1827143680, 恢复 ：1
当前时间 ：2026-08-20 19:48:44send keng：2418, sheng ：4194304
decode keng：26, sheng ：2097152
world keng：12, sheng ：1048576

2026-08-20 19:48:49.682 INFO [pool-6-thread-2][:] - /****************流量统计******************/
LastReadBytes:0
LastReadThroughput:0
LastWrittenBytes:0
LastWriteThroughput:0
RealWrittenBytes:0
RealWriteThroughput:0
当前玩家的连接数量:0
当前地图的线程个数：9
当前地图的个数:47
当前数据库执行队列数:0
当前发送队列缓存的对象数量:0
totalMemory：731906048, use ：513606848, free ：218299200DirectMemory：1827143680, 恢复 ：1
当前时间 ：2026-08-20 19:48:49send keng：2418, sheng ：4194304
decode keng：26, sheng ：2097152
world keng：12, sheng ：1048576

2026-08-20 19:48:54.682 INFO [pool-6-thread-2][:] - /****************流量统计******************/
LastReadBytes:0
LastReadThroughput:0
LastWrittenBytes:0
LastWriteThroughput:0
RealWrittenBytes:0
RealWriteThroughput:0
当前玩家的连接数量:0
当前地图的线程个数：9
当前地图的个数:47
当前数据库执行队列数:0
当前发送队列缓存的对象数量:0
totalMemory：731906048, use ：516586992, free ：215319056DirectMemory：1827143680, 恢复 ：1
当前时间 ：2026-08-20 19:48:54send keng：2418, sheng ：4194304
decode keng：26, sheng ：2097152
world keng：12, sheng ：1048576

2026-08-20 19:48:59.682 INFO [pool-6-thread-2][:] - /****************流量统计******************/
LastReadBytes:0
LastReadThroughput:0
LastWrittenBytes:0
LastWriteThroughput:0
RealWrittenBytes:0
RealWriteThroughput:0
当前玩家的连接数量:0
当前地图的线程个数：9
当前地图的个数:47
当前数据库执行队列数:0
当前发送队列缓存的对象数量:0
totalMemory：730333184, use ：421968872, free ：308364312DirectMemory：1827143680, 恢复 ：1
当前时间 ：2026-08-20 19:48:59send keng：2418, sheng ：4194304
decode keng：26, sheng ：2097152
world keng：12, sheng ：1048576

2026-08-20 19:49:04.682 INFO [pool-6-thread-8][:] - /****************流量统计******************/
LastReadBytes:0
LastReadThroughput:0
LastWrittenBytes:0
LastWriteThroughput:0
RealWrittenBytes:0
RealWriteThroughput:0
当前玩家的连接数量:0
当前地图的线程个数：9
当前地图的个数:47
当前数据库执行队列数:0
当前发送队列缓存的对象数量:0
totalMemory：730333184, use ：425582736, free ：304750448DirectMemory：1827143680, 恢复 ：1
当前时间 ：2026-08-20 19:49:04send keng：2418, sheng ：4194304
decode keng：26, sheng ：2097152
world keng：12, sheng ：1048576

2026-08-20 19:49:09.682 INFO [pool-6-thread-5][:] - /****************流量统计******************/
LastReadBytes:0
LastReadThroughput:0
LastWrittenBytes:0
LastWriteThroughput:0
RealWrittenBytes:0
RealWriteThroughput:0
当前玩家的连接数量:0
当前地图的线程个数：9
当前地图的个数:47
当前数据库执行队列数:0
当前发送队列缓存的对象数量:0
totalMemory：730333184, use ：429257808, free ：301075376DirectMemory：1827143680, 恢复 ：1
当前时间 ：2026-08-20 19:49:09send keng：2418, sheng ：4194304
decode keng：26, sheng ：2097152
world keng：12, sheng ：1048576

2026-08-20 19:49:14.682 INFO [pool-6-thread-2][:] - /****************流量统计******************/
LastReadBytes:0
LastReadThroughput:0
LastWrittenBytes:0
LastWriteThroughput:0
RealWrittenBytes:0
RealWriteThroughput:0
当前玩家的连接数量:0
当前地图的线程个数：9
当前地图的个数:47
当前数据库执行队列数:0
当前发送队列缓存的对象数量:0
totalMemory：730333184, use ：433075056, free ：297258128DirectMemory：1827143680, 恢复 ：1
当前时间 ：2026-08-20 19:49:14send keng：2418, sheng ：4194304
decode keng：26, sheng ：2097152
world keng：12, sheng ：1048576

2026-08-20 19:49:19.682 INFO [pool-6-thread-6][:] - /****************流量统计******************/
LastReadBytes:0
LastReadThroughput:0
LastWrittenBytes:0
LastWriteThroughput:0
RealWrittenBytes:0
RealWriteThroughput:0
当前玩家的连接数量:0
当前地图的线程个数：9
当前地图的个数:47
当前数据库执行队列数:0
当前发送队列缓存的对象数量:0
totalMemory：730333184, use ：436335080, free ：293998104DirectMemory：1827143680, 恢复 ：1
当前时间 ：2026-08-20 19:49:19send keng：2418, sheng ：4194304
decode keng：26, sheng ：2097152
world keng：12, sheng ：1048576

2026-08-20 19:49:24.682 INFO [pool-6-thread-4][:] - /****************流量统计******************/
LastReadBytes:0
LastReadThroughput:0
LastWrittenBytes:0
LastWriteThroughput:0
RealWrittenBytes:0
RealWriteThroughput:0
当前玩家的连接数量:0
当前地图的线程个数：9
当前地图的个数:47
当前数据库执行队列数:0
当前发送队列缓存的对象数量:0
totalMemory：730333184, use ：439729256, free ：290603928DirectMemory：1827143680, 恢复 ：1
当前时间 ：2026-08-20 19:49:24send keng：2418, sheng ：4194304
decode keng：26, sheng ：2097152
world keng：12, sheng ：1048576

2026-08-20 19:49:29.682 INFO [pool-6-thread-10][:] - /****************流量统计******************/
LastReadBytes:0
LastReadThroughput:0
LastWrittenBytes:0
LastWriteThroughput:0
RealWrittenBytes:0
RealWriteThroughput:0
当前玩家的连接数量:0
当前地图的线程个数：9
当前地图的个数:47
当前数据库执行队列数:0
当前发送队列缓存的对象数量:0
totalMemory：730333184, use ：443258928, free ：287074256DirectMemory：1827143680, 恢复 ：1
当前时间 ：2026-08-20 19:49:29send keng：2418, sheng ：4194304
decode keng：26, sheng ：2097152
world keng：12, sheng ：1048576

2026-08-20 19:49:34.682 INFO [pool-6-thread-1][:] - /****************流量统计******************/
LastReadBytes:0
LastReadThroughput:0
LastWrittenBytes:0
LastWriteThroughput:0
RealWrittenBytes:0
RealWriteThroughput:0
当前玩家的连接数量:0
当前地图的线程个数：9
当前地图的个数:47
当前数据库执行队列数:0
当前发送队列缓存的对象数量:0
totalMemory：730333184, use ：447059784, free ：283273400DirectMemory：1827143680, 恢复 ：1
当前时间 ：2026-08-20 19:49:34send keng：2418, sheng ：4194304
decode keng：26, sheng ：2097152
world keng：12, sheng ：1048576

2026-08-20 19:49:39.682 INFO [pool-6-thread-6][:] - /****************流量统计******************/
LastReadBytes:0
LastReadThroughput:0
LastWrittenBytes:0
LastWriteThroughput:0
RealWrittenBytes:0
RealWriteThroughput:0
当前玩家的连接数量:0
当前地图的线程个数：9
当前地图的个数:47
当前数据库执行队列数:0
当前发送队列缓存的对象数量:0
totalMemory：730333184, use ：450227200, free ：280105984DirectMemory：1827143680, 恢复 ：1
当前时间 ：2026-08-20 19:49:39send keng：2418, sheng ：4194304
decode keng：26, sheng ：2097152
world keng：12, sheng ：1048576

2026-08-20 19:49:44.682 INFO [pool-6-thread-8][:] - /****************流量统计******************/
LastReadBytes:0
LastReadThroughput:0
LastWrittenBytes:0
LastWriteThroughput:0
RealWrittenBytes:0
RealWriteThroughput:0
当前玩家的连接数量:0
当前地图的线程个数：9
当前地图的个数:47
当前数据库执行队列数:0
当前发送队列缓存的对象数量:0
totalMemory：730333184, use ：453981424, free ：276351760DirectMemory：1827143680, 恢复 ：1
当前时间 ：2026-08-20 19:49:44send keng：2418, sheng ：4194304
decode keng：26, sheng ：2097152
world keng：12, sheng ：1048576

2026-08-20 19:49:49.682 INFO [pool-6-thread-1][:] - /****************流量统计******************/
LastReadBytes:0
LastReadThroughput:0
LastWrittenBytes:0
LastWriteThroughput:0
RealWrittenBytes:0
RealWriteThroughput:0
当前玩家的连接数量:0
当前地图的线程个数：9
当前地图的个数:47
当前数据库执行队列数:0
当前发送队列缓存的对象数量:0
totalMemory：730333184, use ：457249136, free ：273084048DirectMemory：1827143680, 恢复 ：1
当前时间 ：2026-08-20 19:49:49send keng：2418, sheng ：4194304
decode keng：26, sheng ：2097152
world keng：12, sheng ：1048576

2026-08-20 19:49:54.682 INFO [pool-6-thread-7][:] - /****************流量统计******************/
LastReadBytes:0
LastReadThroughput:0
LastWrittenBytes:0
LastWriteThroughput:0
RealWrittenBytes:0
RealWriteThroughput:0
当前玩家的连接数量:0
当前地图的线程个数：9
当前地图的个数:47
当前数据库执行队列数:0
当前发送队列缓存的对象数量:0
totalMemory：730333184, use ：460812704, free ：269520480DirectMemory：1827143680, 恢复 ：1
当前时间 ：2026-08-20 19:49:54send keng：2418, sheng ：4194304
decode keng：26, sheng ：2097152
world keng：12, sheng ：1048576

2026-08-20 19:49:59.682 INFO [pool-6-thread-9][:] - /****************流量统计******************/
LastReadBytes:0
LastReadThroughput:0
LastWrittenBytes:0
LastWriteThroughput:0
RealWrittenBytes:0
RealWriteThroughput:0
当前玩家的连接数量:0
当前地图的线程个数：9
当前地图的个数:47
当前数据库执行队列数:0
当前发送队列缓存的对象数量:0
totalMemory：730333184, use ：464542992, free ：265790192DirectMemory：1827143680, 恢复 ：1
当前时间 ：2026-08-20 19:49:59send keng：2418, sheng ：4194304
decode keng：26, sheng ：2097152
world keng：12, sheng ：1048576

2026-08-20 19:50:04.682 INFO [pool-6-thread-4][:] - /****************流量统计******************/
LastReadBytes:0
LastReadThroughput:0
LastWrittenBytes:0
LastWriteThroughput:0
RealWrittenBytes:0
RealWriteThroughput:0
当前玩家的连接数量:0
当前地图的线程个数：9
当前地图的个数:47
当前数据库执行队列数:0
当前发送队列缓存的对象数量:0
totalMemory：730333184, use ：468222584, free ：262110600DirectMemory：1827143680, 恢复 ：1
当前时间 ：2026-08-20 19:50:04send keng：2418, sheng ：4194304
decode keng：26, sheng ：2097152
world keng：12, sheng ：1048576

2026-08-20 19:50:09.682 INFO [pool-6-thread-3][:] - /****************流量统计******************/
LastReadBytes:0
LastReadThroughput:0
LastWrittenBytes:0
LastWriteThroughput:0
RealWrittenBytes:0
RealWriteThroughput:0
当前玩家的连接数量:0
当前地图的线程个数：9
当前地图的个数:47
当前数据库执行队列数:0
当前发送队列缓存的对象数量:0
totalMemory：730333184, use ：471614160, free ：258719024DirectMemory：1827143680, 恢复 ：1
当前时间 ：2026-08-20 19:50:09send keng：2418, sheng ：4194304
decode keng：26, sheng ：2097152
world keng：12, sheng ：1048576

2026-08-20 19:50:14.682 INFO [pool-6-thread-4][:] - /****************流量统计******************/
LastReadBytes:0
LastReadThroughput:0
LastWrittenBytes:0
LastWriteThroughput:0
RealWrittenBytes:0
RealWriteThroughput:0
当前玩家的连接数量:0
当前地图的线程个数：9
当前地图的个数:47
当前数据库执行队列数:0
当前发送队列缓存的对象数量:0
totalMemory：730333184, use ：475019344, free ：255313840DirectMemory：1827143680, 恢复 ：1
当前时间 ：2026-08-20 19:50:14send keng：2418, sheng ：4194304
decode keng：26, sheng ：2097152
world keng：12, sheng ：1048576

2026-08-20 19:50:19.682 INFO [pool-6-thread-2][:] - /****************流量统计******************/
LastReadBytes:0
LastReadThroughput:0
LastWrittenBytes:0
LastWriteThroughput:0
RealWrittenBytes:0
RealWriteThroughput:0
当前玩家的连接数量:0
当前地图的线程个数：9
当前地图的个数:47
当前数据库执行队列数:0
当前发送队列缓存的对象数量:0
totalMemory：730333184, use ：478508800, free ：251824384DirectMemory：1827143680, 恢复 ：1
当前时间 ：2026-08-20 19:50:19send keng：2418, sheng ：4194304
decode keng：26, sheng ：2097152
world keng：12, sheng ：1048576

2026-08-20 19:50:24.682 INFO [pool-6-thread-7][:] - /****************流量统计******************/
LastReadBytes:0
LastReadThroughput:0
LastWrittenBytes:0
LastWriteThroughput:0
RealWrittenBytes:0
RealWriteThroughput:0
当前玩家的连接数量:0
当前地图的线程个数：9
当前地图的个数:47
当前数据库执行队列数:0
当前发送队列缓存的对象数量:0
totalMemory：730333184, use ：482066984, free ：248266200DirectMemory：1827143680, 恢复 ：1
当前时间 ：2026-08-20 19:50:24send keng：2418, sheng ：4194304
decode keng：26, sheng ：2097152
world keng：12, sheng ：1048576

2026-08-20 19:50:29.682 INFO [pool-6-thread-5][:] - /****************流量统计******************/
LastReadBytes:0
LastReadThroughput:0
LastWrittenBytes:0
LastWriteThroughput:0
RealWrittenBytes:0
RealWriteThroughput:0
当前玩家的连接数量:0
当前地图的线程个数：9
当前地图的个数:47
当前数据库执行队列数:0
当前发送队列缓存的对象数量:0
totalMemory：730333184, use ：485684752, free ：244648432DirectMemory：1827143680, 恢复 ：1
当前时间 ：2026-08-20 19:50:29send keng：2418, sheng ：4194304
decode keng：26, sheng ：2097152
world keng：12, sheng ：1048576

2026-08-20 19:50:34.682 INFO [pool-6-thread-9][:] - /****************流量统计******************/
LastReadBytes:0
LastReadThroughput:0
LastWrittenBytes:0
LastWriteThroughput:0
RealWrittenBytes:0
RealWriteThroughput:0
当前玩家的连接数量:0
当前地图的线程个数：9
当前地图的个数:47
当前数据库执行队列数:0
当前发送队列缓存的对象数量:0
totalMemory：730333184, use ：489057760, free ：241275424DirectMemory：1827143680, 恢复 ：1
当前时间 ：2026-08-20 19:50:34send keng：2418, sheng ：4194304
decode keng：26, sheng ：2097152
world keng：12, sheng ：1048576

2026-08-20 19:50:39.682 INFO [pool-6-thread-6][:] - /****************流量统计******************/
LastReadBytes:0
LastReadThroughput:0
LastWrittenBytes:0
LastWriteThroughput:0
RealWrittenBytes:0
RealWriteThroughput:0
当前玩家的连接数量:0
当前地图的线程个数：9
当前地图的个数:47
当前数据库执行队列数:0
当前发送队列缓存的对象数量:0
totalMemory：730333184, use ：492806528, free ：237526656DirectMemory：1827143680, 恢复 ：1
当前时间 ：2026-08-20 19:50:39send keng：2418, sheng ：4194304
decode keng：26, sheng ：2097152
world keng：12, sheng ：1048576

2026-08-20 19:50:44.682 INFO [pool-6-thread-2][:] - /****************流量统计******************/
LastReadBytes:0
LastReadThroughput:0
LastWrittenBytes:0
LastWriteThroughput:0
RealWrittenBytes:0
RealWriteThroughput:0
当前玩家的连接数量:0
当前地图的线程个数：9
当前地图的个数:47
当前数据库执行队列数:0
当前发送队列缓存的对象数量:0
totalMemory：730333184, use ：496038400, free ：234294784DirectMemory：1827143680, 恢复 ：1
当前时间 ：2026-08-20 19:50:44send keng：2418, sheng ：4194304
decode keng：26, sheng ：2097152
world keng：12, sheng ：1048576

2026-08-20 19:50:49.682 INFO [pool-6-thread-6][:] - /****************流量统计******************/
LastReadBytes:0
LastReadThroughput:0
LastWrittenBytes:0
LastWriteThroughput:0
RealWrittenBytes:0
RealWriteThroughput:0
当前玩家的连接数量:0
当前地图的线程个数：9
当前地图的个数:47
当前数据库执行队列数:0
当前发送队列缓存的对象数量:0
totalMemory：730333184, use ：499598864, free ：230734320DirectMemory：1827143680, 恢复 ：1
当前时间 ：2026-08-20 19:50:49send keng：2418, sheng ：4194304
decode keng：26, sheng ：2097152
world keng：12, sheng ：1048576

2026-08-20 19:50:54.682 INFO [pool-6-thread-6][:] - /****************流量统计******************/
LastReadBytes:0
LastReadThroughput:0
LastWrittenBytes:0
LastWriteThroughput:0
RealWrittenBytes:0
RealWriteThroughput:0
当前玩家的连接数量:0
当前地图的线程个数：9
当前地图的个数:47
当前数据库执行队列数:0
当前发送队列缓存的对象数量:0
totalMemory：730333184, use ：503117232, free ：227215952DirectMemory：1827143680, 恢复 ：1
当前时间 ：2026-08-20 19:50:54send keng：2418, sheng ：4194304
decode keng：26, sheng ：2097152
world keng：12, sheng ：1048576

2026-08-20 19:50:59.682 INFO [pool-6-thread-4][:] - /****************流量统计******************/
LastReadBytes:0
LastReadThroughput:0
LastWrittenBytes:0
LastWriteThroughput:0
RealWrittenBytes:0
RealWriteThroughput:0
当前玩家的连接数量:0
当前地图的线程个数：9
当前地图的个数:47
当前数据库执行队列数:0
当前发送队列缓存的对象数量:0
totalMemory：730333184, use ：506890984, free ：223442200DirectMemory：1827143680, 恢复 ：1
当前时间 ：2026-08-20 19:50:59send keng：2418, sheng ：4194304
decode keng：26, sheng ：2097152
world keng：12, sheng ：1048576

2026-08-20 19:51:04.682 INFO [pool-6-thread-3][:] - /****************流量统计******************/
LastReadBytes:0
LastReadThroughput:0
LastWrittenBytes:0
LastWriteThroughput:0
RealWrittenBytes:0
RealWriteThroughput:0
当前玩家的连接数量:0
当前地图的线程个数：9
当前地图的个数:47
当前数据库执行队列数:0
当前发送队列缓存的对象数量:0
totalMemory：730333184, use ：510602880, free ：219730304DirectMemory：1827143680, 恢复 ：1
当前时间 ：2026-08-20 19:51:04send keng：2418, sheng ：4194304
decode keng：26, sheng ：2097152
world keng：12, sheng ：1048576

2026-08-20 19:51:09.682 INFO [pool-6-thread-3][:] - /****************流量统计******************/
LastReadBytes:0
LastReadThroughput:0
LastWrittenBytes:0
LastWriteThroughput:0
RealWrittenBytes:0
RealWriteThroughput:0
当前玩家的连接数量:0
当前地图的线程个数：9
当前地图的个数:47
当前数据库执行队列数:0
当前发送队列缓存的对象数量:0
totalMemory：730333184, use ：513636976, free ：216696208DirectMemory：1827143680, 恢复 ：1
当前时间 ：2026-08-20 19:51:09send keng：2418, sheng ：4194304
decode keng：26, sheng ：2097152
world keng：12, sheng ：1048576

2026-08-20 19:51:14.682 INFO [pool-6-thread-6][:] - /****************流量统计******************/
LastReadBytes:0
LastReadThroughput:0
LastWrittenBytes:0
LastWriteThroughput:0
RealWrittenBytes:0
RealWriteThroughput:0
当前玩家的连接数量:0
当前地图的线程个数：9
当前地图的个数:47
当前数据库执行队列数:0
当前发送队列缓存的对象数量:0
totalMemory：728760320, use ：421041032, free ：307719288DirectMemory：1827143680, 恢复 ：1
当前时间 ：2026-08-20 19:51:14send keng：2418, sheng ：4194304
decode keng：26, sheng ：2097152
world keng：12, sheng ：1048576

2026-08-20 19:51:19.788 INFO [pool-6-thread-3][:] - /****************流量统计******************/
LastReadBytes:0
LastReadThroughput:0
LastWrittenBytes:0
LastWriteThroughput:0
RealWrittenBytes:0
RealWriteThroughput:0
当前玩家的连接数量:0
当前地图的线程个数：9
当前地图的个数:47
当前数据库执行队列数:0
当前发送队列缓存的对象数量:0
totalMemory：728760320, use ：424414936, free ：304345384DirectMemory：1827143680, 恢复 ：1
当前时间 ：2026-08-20 19:51:19send keng：2418, sheng ：4194304
decode keng：26, sheng ：2097152
world keng：12, sheng ：1048576

2026-08-20 19:51:24.682 INFO [pool-6-thread-2][:] - /****************流量统计******************/
LastReadBytes:0
LastReadThroughput:0
LastWrittenBytes:0
LastWriteThroughput:0
RealWrittenBytes:0
RealWriteThroughput:0
当前玩家的连接数量:0
当前地图的线程个数：9
当前地图的个数:47
当前数据库执行队列数:0
当前发送队列缓存的对象数量:0
totalMemory：728760320, use ：427457112, free ：301303208DirectMemory：1827143680, 恢复 ：1
当前时间 ：2026-08-20 19:51:24send keng：2418, sheng ：4194304
decode keng：26, sheng ：2097152
world keng：12, sheng ：1048576

2026-08-20 19:51:29.682 INFO [pool-6-thread-6][:] - /****************流量统计******************/
LastReadBytes:0
LastReadThroughput:0
LastWrittenBytes:0
LastWriteThroughput:0
RealWrittenBytes:0
RealWriteThroughput:0
当前玩家的连接数量:0
当前地图的线程个数：9
当前地图的个数:47
当前数据库执行队列数:0
当前发送队列缓存的对象数量:0
totalMemory：728760320, use ：431250784, free ：297509536DirectMemory：1827143680, 恢复 ：1
当前时间 ：2026-08-20 19:51:29send keng：2418, sheng ：4194304
decode keng：26, sheng ：2097152
world keng：12, sheng ：1048576

2026-08-20 19:51:34.682 INFO [pool-6-thread-7][:] - /****************流量统计******************/
LastReadBytes:0
LastReadThroughput:0
LastWrittenBytes:0
LastWriteThroughput:0
RealWrittenBytes:0
RealWriteThroughput:0
当前玩家的连接数量:0
当前地图的线程个数：9
当前地图的个数:47
当前数据库执行队列数:0
当前发送队列缓存的对象数量:0
totalMemory：728760320, use ：434407192, free ：294353128DirectMemory：1827143680, 恢复 ：1
当前时间 ：2026-08-20 19:51:34send keng：2418, sheng ：4194304
decode keng：26, sheng ：2097152
world keng：12, sheng ：1048576

2026-08-20 19:51:39.682 INFO [pool-6-thread-8][:] - /****************流量统计******************/
LastReadBytes:0
LastReadThroughput:0
LastWrittenBytes:0
LastWriteThroughput:0
RealWrittenBytes:0
RealWriteThroughput:0
当前玩家的连接数量:0
当前地图的线程个数：9
当前地图的个数:47
当前数据库执行队列数:0
当前发送队列缓存的对象数量:0
totalMemory：728760320, use ：437976584, free ：290783736DirectMemory：1827143680, 恢复 ：1
当前时间 ：2026-08-20 19:51:39send keng：2418, sheng ：4194304
decode keng：26, sheng ：2097152
world keng：12, sheng ：1048576

2026-08-20 19:51:44.682 INFO [pool-6-thread-7][:] - /****************流量统计******************/
LastReadBytes:0
LastReadThroughput:0
LastWrittenBytes:0
LastWriteThroughput:0
RealWrittenBytes:0
RealWriteThroughput:0
当前玩家的连接数量:0
当前地图的线程个数：9
当前地图的个数:47
当前数据库执行队列数:0
当前发送队列缓存的对象数量:0
totalMemory：728760320, use ：441947912, free ：286812408DirectMemory：1827143680, 恢复 ：1
当前时间 ：2026-08-20 19:51:44send keng：2418, sheng ：4194304
decode keng：26, sheng ：2097152
world keng：12, sheng ：1048576

2026-08-20 19:51:49.682 INFO [pool-6-thread-6][:] - /****************流量统计******************/
LastReadBytes:0
LastReadThroughput:0
LastWrittenBytes:0
LastWriteThroughput:0
RealWrittenBytes:0
RealWriteThroughput:0
当前玩家的连接数量:0
当前地图的线程个数：9
当前地图的个数:47
当前数据库执行队列数:0
当前发送队列缓存的对象数量:0
totalMemory：728760320, use ：445285872, free ：283474448DirectMemory：1827143680, 恢复 ：1
当前时间 ：2026-08-20 19:51:49send keng：2418, sheng ：4194304
decode keng：26, sheng ：2097152
world keng：12, sheng ：1048576

2026-08-20 19:51:54.682 INFO [pool-6-thread-8][:] - /****************流量统计******************/
LastReadBytes:0
LastReadThroughput:0
LastWrittenBytes:0
LastWriteThroughput:0
RealWrittenBytes:0
RealWriteThroughput:0
当前玩家的连接数量:0
当前地图的线程个数：9
当前地图的个数:47
当前数据库执行队列数:0
当前发送队列缓存的对象数量:0
totalMemory：728760320, use ：448902272, free ：279858048DirectMemory：1827143680, 恢复 ：1
当前时间 ：2026-08-20 19:51:54send keng：2418, sheng ：4194304
decode keng：26, sheng ：2097152
world keng：12, sheng ：1048576

2026-08-20 19:51:59.682 INFO [pool-6-thread-2][:] - /****************流量统计******************/
LastReadBytes:0
LastReadThroughput:0
LastWrittenBytes:0
LastWriteThroughput:0
RealWrittenBytes:0
RealWriteThroughput:0
当前玩家的连接数量:0
当前地图的线程个数：9
当前地图的个数:47
当前数据库执行队列数:0
当前发送队列缓存的对象数量:0
totalMemory：728760320, use ：452161952, free ：276598368DirectMemory：1827143680, 恢复 ：1
当前时间 ：2026-08-20 19:51:59send keng：2418, sheng ：4194304
decode keng：26, sheng ：2097152
world keng：12, sheng ：1048576

2026-08-20 19:52:04.682 INFO [pool-6-thread-6][:] - /****************流量统计******************/
LastReadBytes:0
LastReadThroughput:0
LastWrittenBytes:0
LastWriteThroughput:0
RealWrittenBytes:0
RealWriteThroughput:0
当前玩家的连接数量:0
当前地图的线程个数：9
当前地图的个数:47
当前数据库执行队列数:0
当前发送队列缓存的对象数量:0
totalMemory：728760320, use ：456161968, free ：272598352DirectMemory：1827143680, 恢复 ：1
当前时间 ：2026-08-20 19:52:04send keng：2418, sheng ：4194304
decode keng：26, sheng ：2097152
world keng：12, sheng ：1048576

2026-08-20 19:52:09.682 INFO [pool-6-thread-8][:] - /****************流量统计******************/
LastReadBytes:0
LastReadThroughput:0
LastWrittenBytes:0
LastWriteThroughput:0
RealWrittenBytes:0
RealWriteThroughput:0
当前玩家的连接数量:0
当前地图的线程个数：9
当前地图的个数:47
当前数据库执行队列数:0
当前发送队列缓存的对象数量:0
totalMemory：728760320, use ：459459304, free ：269301016DirectMemory：1827143680, 恢复 ：1
当前时间 ：2026-08-20 19:52:09send keng：2418, sheng ：4194304
decode keng：26, sheng ：2097152
world keng：12, sheng ：1048576

2026-08-20 19:52:14.682 INFO [pool-6-thread-2][:] - /****************流量统计******************/
LastReadBytes:0
LastReadThroughput:0
LastWrittenBytes:0
LastWriteThroughput:0
RealWrittenBytes:0
RealWriteThroughput:0
当前玩家的连接数量:0
当前地图的线程个数：9
当前地图的个数:47
当前数据库执行队列数:0
当前发送队列缓存的对象数量:0
totalMemory：728760320, use ：463142584, free ：265617736DirectMemory：1827143680, 恢复 ：1
当前时间 ：2026-08-20 19:52:14send keng：2418, sheng ：4194304
decode keng：26, sheng ：2097152
world keng：12, sheng ：1048576

2026-08-20 19:52:19.682 INFO [pool-6-thread-2][:] - /****************流量统计******************/
LastReadBytes:0
LastReadThroughput:0
LastWrittenBytes:0
LastWriteThroughput:0
RealWrittenBytes:0
RealWriteThroughput:0
当前玩家的连接数量:0
当前地图的线程个数：9
当前地图的个数:47
当前数据库执行队列数:0
当前发送队列缓存的对象数量:0
totalMemory：728760320, use ：466652296, free ：262108024DirectMemory：1827143680, 恢复 ：1
当前时间 ：2026-08-20 19:52:19send keng：2418, sheng ：4194304
decode keng：26, sheng ：2097152
world keng：12, sheng ：1048576

2026-08-20 19:52:24.682 INFO [pool-6-thread-7][:] - /****************流量统计******************/
LastReadBytes:0
LastReadThroughput:0
LastWrittenBytes:0
LastWriteThroughput:0
RealWrittenBytes:0
RealWriteThroughput:0
当前玩家的连接数量:0
当前地图的线程个数：9
当前地图的个数:47
当前数据库执行队列数:0
当前发送队列缓存的对象数量:0
totalMemory：728760320, use ：470664040, free ：258096280DirectMemory：1827143680, 恢复 ：1
当前时间 ：2026-08-20 19:52:24send keng：2418, sheng ：4194304
decode keng：26, sheng ：2097152
world keng：12, sheng ：1048576

2026-08-20 19:52:29.682 INFO [pool-6-thread-2][:] - /****************流量统计******************/
LastReadBytes:0
LastReadThroughput:0
LastWrittenBytes:0
LastWriteThroughput:0
RealWrittenBytes:0
RealWriteThroughput:0
当前玩家的连接数量:0
当前地图的线程个数：9
当前地图的个数:47
当前数据库执行队列数:0
当前发送队列缓存的对象数量:0
totalMemory：728760320, use ：473716800, free ：255043520DirectMemory：1827143680, 恢复 ：1
当前时间 ：2026-08-20 19:52:29send keng：2418, sheng ：4194304
decode keng：26, sheng ：2097152
world keng：12, sheng ：1048576

2026-08-20 19:52:34.682 INFO [pool-6-thread-3][:] - /****************流量统计******************/
LastReadBytes:0
LastReadThroughput:0
LastWrittenBytes:0
LastWriteThroughput:0
RealWrittenBytes:0
RealWriteThroughput:0
当前玩家的连接数量:0
当前地图的线程个数：9
当前地图的个数:47
当前数据库执行队列数:0
当前发送队列缓存的对象数量:0
totalMemory：728760320, use ：477146688, free ：251613632DirectMemory：1827143680, 恢复 ：1
当前时间 ：2026-08-20 19:52:34send keng：2418, sheng ：4194304
decode keng：26, sheng ：2097152
world keng：12, sheng ：1048576

2026-08-20 19:52:39.682 INFO [pool-6-thread-3][:] - /****************流量统计******************/
LastReadBytes:0
LastReadThroughput:0
LastWrittenBytes:0
LastWriteThroughput:0
RealWrittenBytes:0
RealWriteThroughput:0
当前玩家的连接数量:0
当前地图的线程个数：9
当前地图的个数:47
当前数据库执行队列数:0
当前发送队列缓存的对象数量:0
totalMemory：728760320, use ：480723160, free ：248037160DirectMemory：1827143680, 恢复 ：1
当前时间 ：2026-08-20 19:52:39send keng：2418, sheng ：4194304
decode keng：26, sheng ：2097152
world keng：12, sheng ：1048576

2026-08-20 19:52:44.682 INFO [pool-6-thread-7][:] - /****************流量统计******************/
LastReadBytes:0
LastReadThroughput:0
LastWrittenBytes:0
LastWriteThroughput:0
RealWrittenBytes:0
RealWriteThroughput:0
当前玩家的连接数量:0
当前地图的线程个数：9
当前地图的个数:47
当前数据库执行队列数:0
当前发送队列缓存的对象数量:0
totalMemory：728760320, use ：484401096, free ：244359224DirectMemory：1827143680, 恢复 ：1
当前时间 ：2026-08-20 19:52:44send keng：2418, sheng ：4194304
decode keng：26, sheng ：2097152
world keng：12, sheng ：1048576

2026-08-20 19:52:49.682 INFO [pool-6-thread-1][:] - /****************流量统计******************/
LastReadBytes:0
LastReadThroughput:0
LastWrittenBytes:0
LastWriteThroughput:0
RealWrittenBytes:0
RealWriteThroughput:0
当前玩家的连接数量:0
当前地图的线程个数：9
当前地图的个数:47
当前数据库执行队列数:0
当前发送队列缓存的对象数量:0
totalMemory：728760320, use ：488226736, free ：240533584DirectMemory：1827143680, 恢复 ：1
当前时间 ：2026-08-20 19:52:49send keng：2418, sheng ：4194304
decode keng：26, sheng ：2097152
world keng：12, sheng ：1048576

2026-08-20 19:52:54.682 INFO [pool-6-thread-5][:] - /****************流量统计******************/
LastReadBytes:0
LastReadThroughput:0
LastWrittenBytes:0
LastWriteThroughput:0
RealWrittenBytes:0
RealWriteThroughput:0
当前玩家的连接数量:0
当前地图的线程个数：9
当前地图的个数:47
当前数据库执行队列数:0
当前发送队列缓存的对象数量:0
totalMemory：728760320, use ：491559792, free ：237200528DirectMemory：1827143680, 恢复 ：1
当前时间 ：2026-08-20 19:52:54send keng：2418, sheng ：4194304
decode keng：26, sheng ：2097152
world keng：12, sheng ：1048576

2026-08-20 19:52:59.682 INFO [pool-6-thread-1][:] - /****************流量统计******************/
LastReadBytes:0
LastReadThroughput:0
LastWrittenBytes:0
LastWriteThroughput:0
RealWrittenBytes:0
RealWriteThroughput:0
当前玩家的连接数量:0
当前地图的线程个数：9
当前地图的个数:47
当前数据库执行队列数:0
当前发送队列缓存的对象数量:0
totalMemory：728760320, use ：495085736, free ：233674584DirectMemory：1827143680, 恢复 ：1
当前时间 ：2026-08-20 19:52:59send keng：2418, sheng ：4194304
decode keng：26, sheng ：2097152
world keng：12, sheng ：1048576

2026-08-20 19:53:04.682 INFO [pool-6-thread-10][:] - /****************流量统计******************/
LastReadBytes:0
LastReadThroughput:0
LastWrittenBytes:0
LastWriteThroughput:0
RealWrittenBytes:0
RealWriteThroughput:0
当前玩家的连接数量:0
当前地图的线程个数：9
当前地图的个数:47
当前数据库执行队列数:0
当前发送队列缓存的对象数量:0
totalMemory：728760320, use ：498597008, free ：230163312DirectMemory：1827143680, 恢复 ：1
当前时间 ：2026-08-20 19:53:04send keng：2418, sheng ：4194304
decode keng：26, sheng ：2097152
world keng：12, sheng ：1048576

2026-08-20 19:53:09.682 INFO [pool-6-thread-3][:] - /****************流量统计******************/
LastReadBytes:0
LastReadThroughput:0
LastWrittenBytes:0
LastWriteThroughput:0
RealWrittenBytes:0
RealWriteThroughput:0
当前玩家的连接数量:0
当前地图的线程个数：9
当前地图的个数:47
当前数据库执行队列数:0
当前发送队列缓存的对象数量:0
totalMemory：728760320, use ：501920880, free ：226839440DirectMemory：1827143680, 恢复 ：1
当前时间 ：2026-08-20 19:53:09send keng：2418, sheng ：4194304
decode keng：26, sheng ：2097152
world keng：12, sheng ：1048576

2026-08-20 19:53:14.682 INFO [pool-6-thread-5][:] - /****************流量统计******************/
LastReadBytes:0
LastReadThroughput:0
LastWrittenBytes:0
LastWriteThroughput:0
RealWrittenBytes:0
RealWriteThroughput:0
当前玩家的连接数量:0
当前地图的线程个数：9
当前地图的个数:47
当前数据库执行队列数:0
当前发送队列缓存的对象数量:0
totalMemory：728760320, use ：505960008, free ：222800312DirectMemory：1827143680, 恢复 ：1
当前时间 ：2026-08-20 19:53:14send keng：2418, sheng ：4194304
decode keng：26, sheng ：2097152
world keng：12, sheng ：1048576

2026-08-20 19:53:19.682 INFO [pool-6-thread-9][:] - /****************流量统计******************/
LastReadBytes:0
LastReadThroughput:0
LastWrittenBytes:0
LastWriteThroughput:0
RealWrittenBytes:0
RealWriteThroughput:0
当前玩家的连接数量:0
当前地图的线程个数：9
当前地图的个数:47
当前数据库执行队列数:0
当前发送队列缓存的对象数量:0
totalMemory：728760320, use ：509582448, free ：219177872DirectMemory：1827143680, 恢复 ：1
当前时间 ：2026-08-20 19:53:19send keng：2418, sheng ：4194304
decode keng：26, sheng ：2097152
world keng：12, sheng ：1048576

2026-08-20 19:53:24.682 INFO [pool-6-thread-10][:] - /****************流量统计******************/
LastReadBytes:0
LastReadThroughput:0
LastWrittenBytes:0
LastWriteThroughput:0
RealWrittenBytes:0
RealWriteThroughput:0
当前玩家的连接数量:0
当前地图的线程个数：9
当前地图的个数:47
当前数据库执行队列数:0
当前发送队列缓存的对象数量:0
totalMemory：728760320, use ：513246688, free ：215513632DirectMemory：1827143680, 恢复 ：1
当前时间 ：2026-08-20 19:53:24send keng：2418, sheng ：4194304
decode keng：26, sheng ：2097152
world keng：12, sheng ：1048576

2026-08-20 19:53:29.682 INFO [pool-6-thread-3][:] - /****************流量统计******************/
LastReadBytes:0
LastReadThroughput:0
LastWrittenBytes:0
LastWriteThroughput:0
RealWrittenBytes:0
RealWriteThroughput:0
当前玩家的连接数量:0
当前地图的线程个数：9
当前地图的个数:47
当前数据库执行队列数:0
当前发送队列缓存的对象数量:0
totalMemory：727187456, use ：421251720, free ：305935736DirectMemory：1827143680, 恢复 ：1
当前时间 ：2026-08-20 19:53:29send keng：2418, sheng ：4194304
decode keng：26, sheng ：2097152
world keng：12, sheng ：1048576

2026-08-20 19:53:34.682 INFO [pool-6-thread-7][:] - /****************流量统计******************/
LastReadBytes:0
LastReadThroughput:0
LastWrittenBytes:0
LastWriteThroughput:0
RealWrittenBytes:0
RealWriteThroughput:0
当前玩家的连接数量:0
当前地图的线程个数：9
当前地图的个数:47
当前数据库执行队列数:0
当前发送队列缓存的对象数量:0
totalMemory：727187456, use ：424929472, free ：302257984DirectMemory：1827143680, 恢复 ：1
当前时间 ：2026-08-20 19:53:34send keng：2418, sheng ：4194304
decode keng：26, sheng ：2097152
world keng：12, sheng ：1048576

2026-08-20 19:53:39.682 INFO [pool-6-thread-9][:] - /****************流量统计******************/
LastReadBytes:0
LastReadThroughput:0
LastWrittenBytes:0
LastWriteThroughput:0
RealWrittenBytes:0
RealWriteThroughput:0
当前玩家的连接数量:0
当前地图的线程个数：9
当前地图的个数:47
当前数据库执行队列数:0
当前发送队列缓存的对象数量:0
totalMemory：727187456, use ：428618592, free ：298568864DirectMemory：1827143680, 恢复 ：1
当前时间 ：2026-08-20 19:53:39send keng：2418, sheng ：4194304
decode keng：26, sheng ：2097152
world keng：12, sheng ：1048576

2026-08-20 19:53:44.682 INFO [pool-6-thread-2][:] - /****************流量统计******************/
LastReadBytes:0
LastReadThroughput:0
LastWrittenBytes:0
LastWriteThroughput:0
RealWrittenBytes:0
RealWriteThroughput:0
当前玩家的连接数量:0
当前地图的线程个数：9
当前地图的个数:47
当前数据库执行队列数:0
当前发送队列缓存的对象数量:0
totalMemory：727187456, use ：431924032, free ：295263424DirectMemory：1827143680, 恢复 ：1
当前时间 ：2026-08-20 19:53:44send keng：2418, sheng ：4194304
decode keng：26, sheng ：2097152
world keng：12, sheng ：1048576

2026-08-20 19:53:49.689 INFO [pool-6-thread-4][:] - /****************流量统计******************/
LastReadBytes:0
LastReadThroughput:0
LastWrittenBytes:0
LastWriteThroughput:0
RealWrittenBytes:0
RealWriteThroughput:0
当前玩家的连接数量:0
当前地图的线程个数：9
当前地图的个数:47
当前数据库执行队列数:0
当前发送队列缓存的对象数量:0
totalMemory：727187456, use ：435499136, free ：291688320DirectMemory：1827143680, 恢复 ：1
当前时间 ：2026-08-20 19:53:49send keng：2418, sheng ：4194304
decode keng：26, sheng ：2097152
world keng：12, sheng ：1048576

2026-08-20 19:53:54.682 INFO [pool-6-thread-6][:] - /****************流量统计******************/
LastReadBytes:0
LastReadThroughput:0
LastWrittenBytes:0
LastWriteThroughput:0
RealWrittenBytes:0
RealWriteThroughput:0
当前玩家的连接数量:0
当前地图的线程个数：9
当前地图的个数:47
当前数据库执行队列数:0
当前发送队列缓存的对象数量:0
totalMemory：727187456, use ：438352016, free ：288835440DirectMemory：1827143680, 恢复 ：1
当前时间 ：2026-08-20 19:53:54send keng：2418, sheng ：4194304
decode keng：26, sheng ：2097152
world keng：12, sheng ：1048576

2026-08-20 19:53:59.682 INFO [pool-6-thread-4][:] - /****************流量统计******************/
LastReadBytes:0
LastReadThroughput:0
LastWrittenBytes:0
LastWriteThroughput:0
RealWrittenBytes:0
RealWriteThroughput:0
当前玩家的连接数量:0
当前地图的线程个数：9
当前地图的个数:47
当前数据库执行队列数:0
当前发送队列缓存的对象数量:0
totalMemory：727187456, use ：442223320, free ：284964136DirectMemory：1827143680, 恢复 ：1
当前时间 ：2026-08-20 19:53:59send keng：2418, sheng ：4194304
decode keng：26, sheng ：2097152
world keng：12, sheng ：1048576

2026-08-20 19:54:04.682 INFO [pool-6-thread-8][:] - /****************流量统计******************/
LastReadBytes:0
LastReadThroughput:0
LastWrittenBytes:0
LastWriteThroughput:0
RealWrittenBytes:0
RealWriteThroughput:0
当前玩家的连接数量:0
当前地图的线程个数：9
当前地图的个数:47
当前数据库执行队列数:0
当前发送队列缓存的对象数量:0
totalMemory：727187456, use ：445962864, free ：281224592DirectMemory：1827143680, 恢复 ：1
当前时间 ：2026-08-20 19:54:04send keng：2418, sheng ：4194304
decode keng：26, sheng ：2097152
world keng：12, sheng ：1048576

2026-08-20 19:54:09.682 INFO [pool-6-thread-6][:] - /****************流量统计******************/
LastReadBytes:0
LastReadThroughput:0
LastWrittenBytes:0
LastWriteThroughput:0
RealWrittenBytes:0
RealWriteThroughput:0
当前玩家的连接数量:0
当前地图的线程个数：9
当前地图的个数:47
当前数据库执行队列数:0
当前发送队列缓存的对象数量:0
totalMemory：727187456, use ：449315920, free ：277871536DirectMemory：1827143680, 恢复 ：1
当前时间 ：2026-08-20 19:54:09send keng：2418, sheng ：4194304
decode keng：26, sheng ：2097152
world keng：12, sheng ：1048576

2026-08-20 19:54:14.682 INFO [pool-6-thread-6][:] - /****************流量统计******************/
LastReadBytes:0
LastReadThroughput:0
LastWrittenBytes:0
LastWriteThroughput:0
RealWrittenBytes:0
RealWriteThroughput:0
当前玩家的连接数量:0
当前地图的线程个数：9
当前地图的个数:47
当前数据库执行队列数:0
当前发送队列缓存的对象数量:0
totalMemory：727187456, use ：453259640, free ：273927816DirectMemory：1827143680, 恢复 ：1
当前时间 ：2026-08-20 19:54:14send keng：2418, sheng ：4194304
decode keng：26, sheng ：2097152
world keng：12, sheng ：1048576

2026-08-20 19:54:19.682 INFO [pool-6-thread-9][:] - /****************流量统计******************/
LastReadBytes:0
LastReadThroughput:0
LastWrittenBytes:0
LastWriteThroughput:0
RealWrittenBytes:0
RealWriteThroughput:0
当前玩家的连接数量:0
当前地图的线程个数：9
当前地图的个数:47
当前数据库执行队列数:0
当前发送队列缓存的对象数量:0
totalMemory：727187456, use ：456586208, free ：270601248DirectMemory：1827143680, 恢复 ：1
当前时间 ：2026-08-20 19:54:19send keng：2418, sheng ：4194304
decode keng：26, sheng ：2097152
world keng：12, sheng ：1048576

2026-08-20 19:54:24.682 INFO [pool-6-thread-2][:] - /****************流量统计******************/
LastReadBytes:0
LastReadThroughput:0
LastWrittenBytes:0
LastWriteThroughput:0
RealWrittenBytes:0
RealWriteThroughput:0
当前玩家的连接数量:0
当前地图的线程个数：9
当前地图的个数:47
当前数据库执行队列数:0
当前发送队列缓存的对象数量:0
totalMemory：727187456, use ：460404144, free ：266783312DirectMemory：1827143680, 恢复 ：1
当前时间 ：2026-08-20 19:54:24send keng：2418, sheng ：4194304
decode keng：26, sheng ：2097152
world keng：12, sheng ：1048576

2026-08-20 19:54:29.689 INFO [pool-6-thread-3][:] - /****************流量统计******************/
LastReadBytes:0
LastReadThroughput:0
LastWrittenBytes:0
LastWriteThroughput:0
RealWrittenBytes:0
RealWriteThroughput:0
当前玩家的连接数量:0
当前地图的线程个数：9
当前地图的个数:47
当前数据库执行队列数:0
当前发送队列缓存的对象数量:0
totalMemory：727187456, use ：463732752, free ：263454704DirectMemory：1827143680, 恢复 ：1
当前时间 ：2026-08-20 19:54:29send keng：2418, sheng ：4194304
decode keng：26, sheng ：2097152
world keng：12, sheng ：1048576

2026-08-20 19:54:34.685 INFO [pool-6-thread-8][:] - /****************流量统计******************/
LastReadBytes:0
LastReadThroughput:0
LastWrittenBytes:0
LastWriteThroughput:0
RealWrittenBytes:0
RealWriteThroughput:0
当前玩家的连接数量:0
当前地图的线程个数：9
当前地图的个数:47
当前数据库执行队列数:0
当前发送队列缓存的对象数量:0
totalMemory：727187456, use ：466884312, free ：260303144DirectMemory：1827143680, 恢复 ：1
当前时间 ：2026-08-20 19:54:34send keng：2418, sheng ：4194304
decode keng：26, sheng ：2097152
world keng：12, sheng ：1048576

2026-08-20 19:54:39.682 INFO [pool-6-thread-10][:] - /****************流量统计******************/
LastReadBytes:0
LastReadThroughput:0
LastWrittenBytes:0
LastWriteThroughput:0
RealWrittenBytes:0
RealWriteThroughput:0
当前玩家的连接数量:0
当前地图的线程个数：9
当前地图的个数:47
当前数据库执行队列数:0
当前发送队列缓存的对象数量:0
totalMemory：727187456, use ：470536664, free ：256650792DirectMemory：1827143680, 恢复 ：1
当前时间 ：2026-08-20 19:54:39send keng：2418, sheng ：4194304
decode keng：26, sheng ：2097152
world keng：12, sheng ：1048576

2026-08-20 19:54:44.682 INFO [pool-6-thread-6][:] - /****************流量统计******************/
LastReadBytes:0
LastReadThroughput:0
LastWrittenBytes:0
LastWriteThroughput:0
RealWrittenBytes:0
RealWriteThroughput:0
当前玩家的连接数量:0
当前地图的线程个数：9
当前地图的个数:47
当前数据库执行队列数:0
当前发送队列缓存的对象数量:0
totalMemory：727187456, use ：473990728, free ：253196728DirectMemory：1827143680, 恢复 ：1
当前时间 ：2026-08-20 19:54:44send keng：2418, sheng ：4194304
decode keng：26, sheng ：2097152
world keng：12, sheng ：1048576

2026-08-20 19:54:49.682 INFO [pool-6-thread-5][:] - /****************流量统计******************/
LastReadBytes:0
LastReadThroughput:0
LastWrittenBytes:0
LastWriteThroughput:0
RealWrittenBytes:0
RealWriteThroughput:0
当前玩家的连接数量:0
当前地图的线程个数：9
当前地图的个数:47
当前数据库执行队列数:0
当前发送队列缓存的对象数量:0
totalMemory：727187456, use ：477816448, free ：249371008DirectMemory：1827143680, 恢复 ：1
当前时间 ：2026-08-20 19:54:49send keng：2418, sheng ：4194304
decode keng：26, sheng ：2097152
world keng：12, sheng ：1048576

2026-08-20 19:54:54.682 INFO [pool-6-thread-2][:] - /****************流量统计******************/
LastReadBytes:0
LastReadThroughput:0
LastWrittenBytes:0
LastWriteThroughput:0
RealWrittenBytes:0
RealWriteThroughput:0
当前玩家的连接数量:0
当前地图的线程个数：9
当前地图的个数:47
当前数据库执行队列数:0
当前发送队列缓存的对象数量:0
totalMemory：727187456, use ：481224144, free ：245963312DirectMemory：1827143680, 恢复 ：1
当前时间 ：2026-08-20 19:54:54send keng：2418, sheng ：4194304
decode keng：26, sheng ：2097152
world keng：12, sheng ：1048576

2026-08-20 19:54:59.682 INFO [pool-6-thread-2][:] - /****************流量统计******************/
LastReadBytes:0
LastReadThroughput:0
LastWrittenBytes:0
LastWriteThroughput:0
RealWrittenBytes:0
RealWriteThroughput:0
当前玩家的连接数量:0
当前地图的线程个数：9
当前地图的个数:47
当前数据库执行队列数:0
当前发送队列缓存的对象数量:0
totalMemory：727187456, use ：484847496, free ：242339960DirectMemory：1827143680, 恢复 ：1
当前时间 ：2026-08-20 19:54:59send keng：2418, sheng ：4194304
decode keng：26, sheng ：2097152
world keng：12, sheng ：1048576

2026-08-20 19:55:04.682 INFO [pool-6-thread-7][:] - /****************流量统计******************/
LastReadBytes:0
LastReadThroughput:0
LastWrittenBytes:0
LastWriteThroughput:0
RealWrittenBytes:0
RealWriteThroughput:0
当前玩家的连接数量:0
当前地图的线程个数：9
当前地图的个数:47
当前数据库执行队列数:0
当前发送队列缓存的对象数量:0
totalMemory：727187456, use ：488097288, free ：239090168DirectMemory：1827143680, 恢复 ：1
当前时间 ：2026-08-20 19:55:04send keng：2418, sheng ：4194304
decode keng：26, sheng ：2097152
world keng：12, sheng ：1048576

2026-08-20 19:55:09.682 INFO [pool-6-thread-4][:] - /****************流量统计******************/
LastReadBytes:0
LastReadThroughput:0
LastWrittenBytes:0
LastWriteThroughput:0
RealWrittenBytes:0
RealWriteThroughput:0
当前玩家的连接数量:0
当前地图的线程个数：9
当前地图的个数:47
当前数据库执行队列数:0
当前发送队列缓存的对象数量:0
totalMemory：727187456, use ：491850128, free ：235337328DirectMemory：1827143680, 恢复 ：1
当前时间 ：2026-08-20 19:55:09send keng：2418, sheng ：4194304
decode keng：26, sheng ：2097152
world keng：12, sheng ：1048576

2026-08-20 19:55:14.682 INFO [pool-6-thread-7][:] - /****************流量统计******************/
LastReadBytes:0
LastReadThroughput:0
LastWrittenBytes:0
LastWriteThroughput:0
RealWrittenBytes:0
RealWriteThroughput:0
当前玩家的连接数量:0
当前地图的线程个数：9
当前地图的个数:47
当前数据库执行队列数:0
当前发送队列缓存的对象数量:0
totalMemory：727187456, use ：495251312, free ：231936144DirectMemory：1827143680, 恢复 ：1
当前时间 ：2026-08-20 19:55:14send keng：2418, sheng ：4194304
decode keng：26, sheng ：2097152
world keng：12, sheng ：1048576

2026-08-20 19:55:19.682 INFO [pool-6-thread-3][:] - /****************流量统计******************/
LastReadBytes:0
LastReadThroughput:0
LastWrittenBytes:0
LastWriteThroughput:0
RealWrittenBytes:0
RealWriteThroughput:0
当前玩家的连接数量:0
当前地图的线程个数：9
当前地图的个数:47
当前数据库执行队列数:0
当前发送队列缓存的对象数量:0
totalMemory：727187456, use ：498857872, free ：228329584DirectMemory：1827143680, 恢复 ：1
当前时间 ：2026-08-20 19:55:19send keng：2418, sheng ：4194304
decode keng：26, sheng ：2097152
world keng：12, sheng ：1048576

2026-08-20 19:55:24.682 INFO [pool-6-thread-2][:] - /****************流量统计******************/
LastReadBytes:0
LastReadThroughput:0
LastWrittenBytes:0
LastWriteThroughput:0
RealWrittenBytes:0
RealWriteThroughput:0
当前玩家的连接数量:0
当前地图的线程个数：9
当前地图的个数:47
当前数据库执行队列数:0
当前发送队列缓存的对象数量:0
totalMemory：727187456, use ：502328352, free ：224859104DirectMemory：1827143680, 恢复 ：1
当前时间 ：2026-08-20 19:55:24send keng：2418, sheng ：4194304
decode keng：26, sheng ：2097152
world keng：12, sheng ：1048576

2026-08-20 19:55:29.682 INFO [pool-6-thread-7][:] - /****************流量统计******************/
LastReadBytes:0
LastReadThroughput:0
LastWrittenBytes:0
LastWriteThroughput:0
RealWrittenBytes:0
RealWriteThroughput:0
当前玩家的连接数量:0
当前地图的线程个数：9
当前地图的个数:47
当前数据库执行队列数:0
当前发送队列缓存的对象数量:0
totalMemory：727187456, use ：505925208, free ：221262248DirectMemory：1827143680, 恢复 ：1
当前时间 ：2026-08-20 19:55:29send keng：2418, sheng ：4194304
decode keng：26, sheng ：2097152
world keng：12, sheng ：1048576

2026-08-20 19:55:34.682 INFO [pool-6-thread-1][:] - /****************流量统计******************/
LastReadBytes:0
LastReadThroughput:0
LastWrittenBytes:0
LastWriteThroughput:0
RealWrittenBytes:0
RealWriteThroughput:0
当前玩家的连接数量:0
当前地图的线程个数：9
当前地图的个数:47
当前数据库执行队列数:0
当前发送队列缓存的对象数量:0
totalMemory：727187456, use ：509559576, free ：217627880DirectMemory：1827143680, 恢复 ：1
当前时间 ：2026-08-20 19:55:34send keng：2418, sheng ：4194304
decode keng：26, sheng ：2097152
world keng：12, sheng ：1048576

2026-08-20 19:55:39.682 INFO [pool-6-thread-1][:] - /****************流量统计******************/
LastReadBytes:0
LastReadThroughput:0
LastWrittenBytes:0
LastWriteThroughput:0
RealWrittenBytes:0
RealWriteThroughput:0
当前玩家的连接数量:0
当前地图的线程个数：9
当前地图的个数:47
当前数据库执行队列数:0
当前发送队列缓存的对象数量:0
totalMemory：725614592, use ：419531368, free ：306083224DirectMemory：1827143680, 恢复 ：1
当前时间 ：2026-08-20 19:55:39send keng：2418, sheng ：4194304
decode keng：26, sheng ：2097152
world keng：12, sheng ：1048576

2026-08-20 19:55:44.682 INFO [pool-6-thread-9][:] - /****************流量统计******************/
LastReadBytes:0
LastReadThroughput:0
LastWrittenBytes:0
LastWriteThroughput:0
RealWrittenBytes:0
RealWriteThroughput:0
当前玩家的连接数量:0
当前地图的线程个数：9
当前地图的个数:47
当前数据库执行队列数:0
当前发送队列缓存的对象数量:0
totalMemory：725614592, use ：422908832, free ：302705760DirectMemory：1827143680, 恢复 ：1
当前时间 ：2026-08-20 19:55:44send keng：2418, sheng ：4194304
decode keng：26, sheng ：2097152
world keng：12, sheng ：1048576

2026-08-20 19:55:49.682 INFO [pool-6-thread-3][:] - /****************流量统计******************/
LastReadBytes:0
LastReadThroughput:0
LastWrittenBytes:0
LastWriteThroughput:0
RealWrittenBytes:0
RealWriteThroughput:0
当前玩家的连接数量:0
当前地图的线程个数：9
当前地图的个数:47
当前数据库执行队列数:0
当前发送队列缓存的对象数量:0
totalMemory：725614592, use ：426304656, free ：299309936DirectMemory：1827143680, 恢复 ：1
当前时间 ：2026-08-20 19:55:49send keng：2418, sheng ：4194304
decode keng：26, sheng ：2097152
world keng：12, sheng ：1048576

2026-08-20 19:55:54.682 INFO [pool-6-thread-5][:] - /****************流量统计******************/
LastReadBytes:0
LastReadThroughput:0
LastWrittenBytes:0
LastWriteThroughput:0
RealWrittenBytes:0
RealWriteThroughput:0
当前玩家的连接数量:0
当前地图的线程个数：9
当前地图的个数:47
当前数据库执行队列数:0
当前发送队列缓存的对象数量:0
totalMemory：725614592, use ：429920208, free ：295694384DirectMemory：1827143680, 恢复 ：1
当前时间 ：2026-08-20 19:55:54send keng：2418, sheng ：4194304
decode keng：26, sheng ：2097152
world keng：12, sheng ：1048576

2026-08-20 19:55:59.682 INFO [pool-6-thread-6][:] - /****************流量统计******************/
LastReadBytes:0
LastReadThroughput:0
LastWrittenBytes:0
LastWriteThroughput:0
RealWrittenBytes:0
RealWriteThroughput:0
当前玩家的连接数量:0
当前地图的线程个数：9
当前地图的个数:47
当前数据库执行队列数:0
当前发送队列缓存的对象数量:0
totalMemory：725614592, use ：433392240, free ：292222352DirectMemory：1827143680, 恢复 ：1
当前时间 ：2026-08-20 19:55:59send keng：2418, sheng ：4194304
decode keng：26, sheng ：2097152
world keng：12, sheng ：1048576

2026-08-20 19:56:04.682 INFO [pool-6-thread-4][:] - /****************流量统计******************/
LastReadBytes:0
LastReadThroughput:0
LastWrittenBytes:0
LastWriteThroughput:0
RealWrittenBytes:0
RealWriteThroughput:0
当前玩家的连接数量:0
当前地图的线程个数：9
当前地图的个数:47
当前数据库执行队列数:0
当前发送队列缓存的对象数量:0
totalMemory：725614592, use ：437220560, free ：288394032DirectMemory：1827143680, 恢复 ：1
当前时间 ：2026-08-20 19:56:04send keng：2418, sheng ：4194304
decode keng：26, sheng ：2097152
world keng：12, sheng ：1048576

2026-08-20 19:56:09.682 INFO [pool-6-thread-1][:] - /****************流量统计******************/
LastReadBytes:0
LastReadThroughput:0
LastWrittenBytes:0
LastWriteThroughput:0
RealWrittenBytes:0
RealWriteThroughput:0
当前玩家的连接数量:0
当前地图的线程个数：9
当前地图的个数:47
当前数据库执行队列数:0
当前发送队列缓存的对象数量:0
totalMemory：725614592, use ：440576592, free ：285038000DirectMemory：1827143680, 恢复 ：1
当前时间 ：2026-08-20 19:56:09send keng：2418, sheng ：4194304
decode keng：26, sheng ：2097152
world keng：12, sheng ：1048576

2026-08-20 19:56:14.682 INFO [pool-6-thread-1][:] - /****************流量统计******************/
LastReadBytes:0
LastReadThroughput:0
LastWrittenBytes:0
LastWriteThroughput:0
RealWrittenBytes:0
RealWriteThroughput:0
当前玩家的连接数量:0
当前地图的线程个数：9
当前地图的个数:47
当前数据库执行队列数:0
当前发送队列缓存的对象数量:0
totalMemory：725614592, use ：444331640, free ：281282952DirectMemory：1827143680, 恢复 ：1
当前时间 ：2026-08-20 19:56:14send keng：2418, sheng ：4194304
decode keng：26, sheng ：2097152
world keng：12, sheng ：1048576

2026-08-20 19:56:19.682 INFO [pool-6-thread-8][:] - /****************流量统计******************/
LastReadBytes:0
LastReadThroughput:0
LastWrittenBytes:0
LastWriteThroughput:0
RealWrittenBytes:0
RealWriteThroughput:0
当前玩家的连接数量:0
当前地图的线程个数：9
当前地图的个数:47
当前数据库执行队列数:0
当前发送队列缓存的对象数量:0
totalMemory：725614592, use ：447626696, free ：277987896DirectMemory：1827143680, 恢复 ：1
当前时间 ：2026-08-20 19:56:19send keng：2418, sheng ：4194304
decode keng：26, sheng ：2097152
world keng：12, sheng ：1048576

2026-08-20 19:56:24.682 INFO [pool-6-thread-10][:] - /****************流量统计******************/
LastReadBytes:0
LastReadThroughput:0
LastWrittenBytes:0
LastWriteThroughput:0
RealWrittenBytes:0
RealWriteThroughput:0
当前玩家的连接数量:0
当前地图的线程个数：9
当前地图的个数:47
当前数据库执行队列数:0
当前发送队列缓存的对象数量:0
totalMemory：725614592, use ：451506088, free ：274108504DirectMemory：1827143680, 恢复 ：1
当前时间 ：2026-08-20 19:56:24send keng：2418, sheng ：4194304
decode keng：26, sheng ：2097152
world keng：12, sheng ：1048576

2026-08-20 19:56:29.682 INFO [pool-6-thread-4][:] - /****************流量统计******************/
LastReadBytes:0
LastReadThroughput:0
LastWrittenBytes:0
LastWriteThroughput:0
RealWrittenBytes:0
RealWriteThroughput:0
当前玩家的连接数量:0
当前地图的线程个数：9
当前地图的个数:47
当前数据库执行队列数:0
当前发送队列缓存的对象数量:0
totalMemory：725614592, use ：454931960, free ：270682632DirectMemory：1827143680, 恢复 ：1
当前时间 ：2026-08-20 19:56:29send keng：2418, sheng ：4194304
decode keng：26, sheng ：2097152
world keng：12, sheng ：1048576

2026-08-20 19:56:34.682 INFO [pool-6-thread-1][:] - /****************流量统计******************/
LastReadBytes:0
LastReadThroughput:0
LastWrittenBytes:0
LastWriteThroughput:0
RealWrittenBytes:0
RealWriteThroughput:0
当前玩家的连接数量:0
当前地图的线程个数：9
当前地图的个数:47
当前数据库执行队列数:0
当前发送队列缓存的对象数量:0
totalMemory：725614592, use ：458422176, free ：267192416DirectMemory：1827143680, 恢复 ：1
当前时间 ：2026-08-20 19:56:34send keng：2418, sheng ：4194304
decode keng：26, sheng ：2097152
world keng：12, sheng ：1048576

2026-08-20 19:56:39.682 INFO [pool-6-thread-7][:] - /****************流量统计******************/
LastReadBytes:0
LastReadThroughput:0
LastWrittenBytes:0
LastWriteThroughput:0
RealWrittenBytes:0
RealWriteThroughput:0
当前玩家的连接数量:0
当前地图的线程个数：9
当前地图的个数:47
当前数据库执行队列数:0
当前发送队列缓存的对象数量:0
totalMemory：725614592, use ：461872376, free ：263742216DirectMemory：1827143680, 恢复 ：1
当前时间 ：2026-08-20 19:56:39send keng：2418, sheng ：4194304
decode keng：26, sheng ：2097152
world keng：12, sheng ：1048576

2026-08-20 19:56:44.682 INFO [pool-6-thread-3][:] - /****************流量统计******************/
LastReadBytes:0
LastReadThroughput:0
LastWrittenBytes:0
LastWriteThroughput:0
RealWrittenBytes:0
RealWriteThroughput:0
当前玩家的连接数量:0
当前地图的线程个数：9
当前地图的个数:47
当前数据库执行队列数:0
当前发送队列缓存的对象数量:0
totalMemory：725614592, use ：465311040, free ：260303552DirectMemory：1827143680, 恢复 ：1
当前时间 ：2026-08-20 19:56:44send keng：2418, sheng ：4194304
decode keng：26, sheng ：2097152
world keng：12, sheng ：1048576

2026-08-20 19:56:49.682 INFO [pool-6-thread-10][:] - /****************流量统计******************/
LastReadBytes:0
LastReadThroughput:0
LastWrittenBytes:0
LastWriteThroughput:0
RealWrittenBytes:0
RealWriteThroughput:0
当前玩家的连接数量:0
当前地图的线程个数：9
当前地图的个数:47
当前数据库执行队列数:0
当前发送队列缓存的对象数量:0
totalMemory：725614592, use ：468835632, free ：256778960DirectMemory：1827143680, 恢复 ：1
当前时间 ：2026-08-20 19:56:49send keng：2418, sheng ：4194304
decode keng：26, sheng ：2097152
world keng：12, sheng ：1048576

2026-08-20 19:56:54.682 INFO [pool-6-thread-1][:] - /****************流量统计******************/
LastReadBytes:0
LastReadThroughput:0
LastWrittenBytes:0
LastWriteThroughput:0
RealWrittenBytes:0
RealWriteThroughput:0
当前玩家的连接数量:0
当前地图的线程个数：9
当前地图的个数:47
当前数据库执行队列数:0
当前发送队列缓存的对象数量:0
totalMemory：725614592, use ：472080912, free ：253533680DirectMemory：1827143680, 恢复 ：1
当前时间 ：2026-08-20 19:56:54send keng：2418, sheng ：4194304
decode keng：26, sheng ：2097152
world keng：12, sheng ：1048576

2026-08-20 19:56:59.682 INFO [pool-6-thread-7][:] - /****************流量统计******************/
LastReadBytes:0
LastReadThroughput:0
LastWrittenBytes:0
LastWriteThroughput:0
RealWrittenBytes:0
RealWriteThroughput:0
当前玩家的连接数量:0
当前地图的线程个数：9
当前地图的个数:47
当前数据库执行队列数:0
当前发送队列缓存的对象数量:0
totalMemory：725614592, use ：475610440, free ：250004152DirectMemory：1827143680, 恢复 ：1
当前时间 ：2026-08-20 19:56:59send keng：2418, sheng ：4194304
decode keng：26, sheng ：2097152
world keng：12, sheng ：1048576

2026-08-20 19:57:04.682 INFO [pool-6-thread-8][:] - /****************流量统计******************/
LastReadBytes:0
LastReadThroughput:0
LastWrittenBytes:0
LastWriteThroughput:0
RealWrittenBytes:0
RealWriteThroughput:0
当前玩家的连接数量:0
当前地图的线程个数：9
当前地图的个数:47
当前数据库执行队列数:0
当前发送队列缓存的对象数量:0
totalMemory：725614592, use ：479217240, free ：246397352DirectMemory：1827143680, 恢复 ：1
当前时间 ：2026-08-20 19:57:04send keng：2418, sheng ：4194304
decode keng：26, sheng ：2097152
world keng：12, sheng ：1048576

2026-08-20 19:57:09.682 INFO [pool-6-thread-2][:] - /****************流量统计******************/
LastReadBytes:0
LastReadThroughput:0
LastWrittenBytes:0
LastWriteThroughput:0
RealWrittenBytes:0
RealWriteThroughput:0
当前玩家的连接数量:0
当前地图的线程个数：9
当前地图的个数:47
当前数据库执行队列数:0
当前发送队列缓存的对象数量:0
totalMemory：725614592, use ：482558728, free ：243055864DirectMemory：1827143680, 恢复 ：1
当前时间 ：2026-08-20 19:57:09send keng：2418, sheng ：4194304
decode keng：26, sheng ：2097152
world keng：12, sheng ：1048576

2026-08-20 19:57:14.682 INFO [pool-6-thread-7][:] - /****************流量统计******************/
LastReadBytes:0
LastReadThroughput:0
LastWrittenBytes:0
LastWriteThroughput:0
RealWrittenBytes:0
RealWriteThroughput:0
当前玩家的连接数量:0
当前地图的线程个数：9
当前地图的个数:47
当前数据库执行队列数:0
当前发送队列缓存的对象数量:0
totalMemory：725614592, use ：486135680, free ：239478912DirectMemory：1827143680, 恢复 ：1
当前时间 ：2026-08-20 19:57:14send keng：2418, sheng ：4194304
decode keng：26, sheng ：2097152
world keng：12, sheng ：1048576

2026-08-20 19:57:19.682 INFO [pool-6-thread-2][:] - /****************流量统计******************/
LastReadBytes:0
LastReadThroughput:0
LastWrittenBytes:0
LastWriteThroughput:0
RealWrittenBytes:0
RealWriteThroughput:0
当前玩家的连接数量:0
当前地图的线程个数：9
当前地图的个数:47
当前数据库执行队列数:0
当前发送队列缓存的对象数量:0
totalMemory：725614592, use ：489540008, free ：236074584DirectMemory：1827143680, 恢复 ：1
当前时间 ：2026-08-20 19:57:19send keng：2418, sheng ：4194304
decode keng：26, sheng ：2097152
world keng：12, sheng ：1048576

2026-08-20 19:57:24.682 INFO [pool-6-thread-2][:] - /****************流量统计******************/
LastReadBytes:0
LastReadThroughput:0
LastWrittenBytes:0
LastWriteThroughput:0
RealWrittenBytes:0
RealWriteThroughput:0
当前玩家的连接数量:0
当前地图的线程个数：9
当前地图的个数:47
当前数据库执行队列数:0
当前发送队列缓存的对象数量:0
totalMemory：725614592, use ：492974528, free ：232640064DirectMemory：1827143680, 恢复 ：1
当前时间 ：2026-08-20 19:57:24send keng：2418, sheng ：4194304
decode keng：26, sheng ：2097152
world keng：12, sheng ：1048576

2026-08-20 19:57:29.682 INFO [pool-6-thread-6][:] - /****************流量统计******************/
LastReadBytes:0
LastReadThroughput:0
LastWrittenBytes:0
LastWriteThroughput:0
RealWrittenBytes:0
RealWriteThroughput:0
当前玩家的连接数量:0
当前地图的线程个数：9
当前地图的个数:47
当前数据库执行队列数:0
当前发送队列缓存的对象数量:0
totalMemory：725614592, use ：496685552, free ：228929040DirectMemory：1827143680, 恢复 ：1
当前时间 ：2026-08-20 19:57:29send keng：2418, sheng ：4194304
decode keng：26, sheng ：2097152
world keng：12, sheng ：1048576

2026-08-20 19:57:34.682 INFO [pool-6-thread-8][:] - /****************流量统计******************/
LastReadBytes:0
LastReadThroughput:0
LastWrittenBytes:0
LastWriteThroughput:0
RealWrittenBytes:0
RealWriteThroughput:0
当前玩家的连接数量:0
当前地图的线程个数：9
当前地图的个数:47
当前数据库执行队列数:0
当前发送队列缓存的对象数量:0
totalMemory：725614592, use ：500156376, free ：225458216DirectMemory：1827143680, 恢复 ：1
当前时间 ：2026-08-20 19:57:34send keng：2418, sheng ：4194304
decode keng：26, sheng ：2097152
world keng：12, sheng ：1048576

2026-08-20 19:57:39.682 INFO [pool-6-thread-2][:] - /****************流量统计******************/
LastReadBytes:0
LastReadThroughput:0
LastWrittenBytes:0
LastWriteThroughput:0
RealWrittenBytes:0
RealWriteThroughput:0
当前玩家的连接数量:0
当前地图的线程个数：9
当前地图的个数:47
当前数据库执行队列数:0
当前发送队列缓存的对象数量:0
totalMemory：725614592, use ：503594336, free ：222020256DirectMemory：1827143680, 恢复 ：1
当前时间 ：2026-08-20 19:57:39send keng：2418, sheng ：4194304
decode keng：26, sheng ：2097152
world keng：12, sheng ：1048576

2026-08-20 19:57:44.682 INFO [pool-6-thread-5][:] - /****************流量统计******************/
LastReadBytes:0
LastReadThroughput:0
LastWrittenBytes:0
LastWriteThroughput:0
RealWrittenBytes:0
RealWriteThroughput:0
当前玩家的连接数量:0
当前地图的线程个数：9
当前地图的个数:47
当前数据库执行队列数:0
当前发送队列缓存的对象数量:0
totalMemory：725614592, use ：506773472, free ：218841120DirectMemory：1827143680, 恢复 ：1
当前时间 ：2026-08-20 19:57:44send keng：2418, sheng ：4194304
decode keng：26, sheng ：2097152
world keng：12, sheng ：1048576

2026-08-20 19:57:49.682 INFO [pool-6-thread-1][:] - /****************流量统计******************/
LastReadBytes:0
LastReadThroughput:0
LastWrittenBytes:0
LastWriteThroughput:0
RealWrittenBytes:0
RealWriteThroughput:0
当前玩家的连接数量:0
当前地图的线程个数：9
当前地图的个数:47
当前数据库执行队列数:0
当前发送队列缓存的对象数量:0
totalMemory：725614592, use ：510357592, free ：215257000DirectMemory：1827143680, 恢复 ：1
当前时间 ：2026-08-20 19:57:49send keng：2418, sheng ：4194304
decode keng：26, sheng ：2097152
world keng：12, sheng ：1048576

2026-08-20 19:57:54.682 INFO [pool-6-thread-1][:] - /****************流量统计******************/
LastReadBytes:0
LastReadThroughput:0
LastWrittenBytes:0
LastWriteThroughput:0
RealWrittenBytes:0
RealWriteThroughput:0
当前玩家的连接数量:0
当前地图的线程个数：9
当前地图的个数:47
当前数据库执行队列数:0
当前发送队列缓存的对象数量:0
totalMemory：724041728, use ：421968528, free ：302073200DirectMemory：1827143680, 恢复 ：1
当前时间 ：2026-08-20 19:57:54send keng：2418, sheng ：4194304
decode keng：26, sheng ：2097152
world keng：12, sheng ：1048576

2026-08-20 19:57:59.682 INFO [pool-6-thread-4][:] - /****************流量统计******************/
LastReadBytes:0
LastReadThroughput:0
LastWrittenBytes:0
LastWriteThroughput:0
RealWrittenBytes:0
RealWriteThroughput:0
当前玩家的连接数量:0
当前地图的线程个数：9
当前地图的个数:47
当前数据库执行队列数:0
当前发送队列缓存的对象数量:0
totalMemory：724041728, use ：425436496, free ：298605232DirectMemory：1827143680, 恢复 ：1
当前时间 ：2026-08-20 19:57:59send keng：2418, sheng ：4194304
decode keng：26, sheng ：2097152
world keng：12, sheng ：1048576

2026-08-20 19:58:04.682 INFO [pool-6-thread-1][:] - /****************流量统计******************/
LastReadBytes:0
LastReadThroughput:0
LastWrittenBytes:0
LastWriteThroughput:0
RealWrittenBytes:0
RealWriteThroughput:0
当前玩家的连接数量:0
当前地图的线程个数：9
当前地图的个数:47
当前数据库执行队列数:0
当前发送队列缓存的对象数量:0
totalMemory：724041728, use ：428767264, free ：295274464DirectMemory：1827143680, 恢复 ：1
当前时间 ：2026-08-20 19:58:04send keng：2418, sheng ：4194304
decode keng：26, sheng ：2097152
world keng：12, sheng ：1048576

2026-08-20 19:58:09.682 INFO [pool-6-thread-2][:] - /****************流量统计******************/
LastReadBytes:0
LastReadThroughput:0
LastWrittenBytes:0
LastWriteThroughput:0
RealWrittenBytes:0
RealWriteThroughput:0
当前玩家的连接数量:0
当前地图的线程个数：9
当前地图的个数:47
当前数据库执行队列数:0
当前发送队列缓存的对象数量:0
totalMemory：724041728, use ：432363896, free ：291677832DirectMemory：1827143680, 恢复 ：1
当前时间 ：2026-08-20 19:58:09send keng：2418, sheng ：4194304
decode keng：26, sheng ：2097152
world keng：12, sheng ：1048576

2026-08-20 19:58:14.682 INFO [pool-6-thread-9][:] - /****************流量统计******************/
LastReadBytes:0
LastReadThroughput:0
LastWrittenBytes:0
LastWriteThroughput:0
RealWrittenBytes:0
RealWriteThroughput:0
当前玩家的连接数量:0
当前地图的线程个数：9
当前地图的个数:47
当前数据库执行队列数:0
当前发送队列缓存的对象数量:0
totalMemory：724041728, use ：435952040, free ：288089688DirectMemory：1827143680, 恢复 ：1
当前时间 ：2026-08-20 19:58:14send keng：2418, sheng ：4194304
decode keng：26, sheng ：2097152
world keng：12, sheng ：1048576

2026-08-20 19:58:19.682 INFO [pool-6-thread-5][:] - /****************流量统计******************/
LastReadBytes:0
LastReadThroughput:0
LastWrittenBytes:0
LastWriteThroughput:0
RealWrittenBytes:0
RealWriteThroughput:0
当前玩家的连接数量:0
当前地图的线程个数：9
当前地图的个数:47
当前数据库执行队列数:0
当前发送队列缓存的对象数量:0
totalMemory：724041728, use ：439644864, free ：284396864DirectMemory：1827143680, 恢复 ：1
当前时间 ：2026-08-20 19:58:19send keng：2418, sheng ：4194304
decode keng：26, sheng ：2097152
world keng：12, sheng ：1048576

2026-08-20 19:58:24.682 INFO [pool-6-thread-6][:] - /****************流量统计******************/
LastReadBytes:0
LastReadThroughput:0
LastWrittenBytes:0
LastWriteThroughput:0
RealWrittenBytes:0
RealWriteThroughput:0
当前玩家的连接数量:0
当前地图的线程个数：9
当前地图的个数:47
当前数据库执行队列数:0
当前发送队列缓存的对象数量:0
totalMemory：724041728, use ：442846848, free ：281194880DirectMemory：1827143680, 恢复 ：1
当前时间 ：2026-08-20 19:58:24send keng：2418, sheng ：4194304
decode keng：26, sheng ：2097152
world keng：12, sheng ：1048576

2026-08-20 19:58:29.682 INFO [pool-6-thread-3][:] - /****************流量统计******************/
LastReadBytes:0
LastReadThroughput:0
LastWrittenBytes:0
LastWriteThroughput:0
RealWrittenBytes:0
RealWriteThroughput:0
当前玩家的连接数量:0
当前地图的线程个数：9
当前地图的个数:47
当前数据库执行队列数:0
当前发送队列缓存的对象数量:0
totalMemory：724041728, use ：446672744, free ：277368984DirectMemory：1827143680, 恢复 ：1
当前时间 ：2026-08-20 19:58:29send keng：2418, sheng ：4194304
decode keng：26, sheng ：2097152
world keng：12, sheng ：1048576

2026-08-20 19:58:34.682 INFO [pool-6-thread-5][:] - /****************流量统计******************/
LastReadBytes:0
LastReadThroughput:0
LastWrittenBytes:0
LastWriteThroughput:0
RealWrittenBytes:0
RealWriteThroughput:0
当前玩家的连接数量:0
当前地图的线程个数：9
当前地图的个数:47
当前数据库执行队列数:0
当前发送队列缓存的对象数量:0
totalMemory：724041728, use ：450179984, free ：273861744DirectMemory：1827143680, 恢复 ：1
当前时间 ：2026-08-20 19:58:34send keng：2418, sheng ：4194304
decode keng：26, sheng ：2097152
world keng：12, sheng ：1048576

2026-08-20 19:58:39.682 INFO [pool-6-thread-2][:] - /****************流量统计******************/
LastReadBytes:0
LastReadThroughput:0
LastWrittenBytes:0
LastWriteThroughput:0
RealWrittenBytes:0
RealWriteThroughput:0
当前玩家的连接数量:0
当前地图的线程个数：9
当前地图的个数:47
当前数据库执行队列数:0
当前发送队列缓存的对象数量:0
totalMemory：724041728, use ：453699104, free ：270342624DirectMemory：1827143680, 恢复 ：1
当前时间 ：2026-08-20 19:58:39send keng：2418, sheng ：4194304
decode keng：26, sheng ：2097152
world keng：12, sheng ：1048576

2026-08-20 19:58:44.682 INFO [pool-6-thread-3][:] - /****************流量统计******************/
LastReadBytes:0
LastReadThroughput:0
LastWrittenBytes:0
LastWriteThroughput:0
RealWrittenBytes:0
RealWriteThroughput:0
当前玩家的连接数量:0
当前地图的线程个数：9
当前地图的个数:47
当前数据库执行队列数:0
当前发送队列缓存的对象数量:0
totalMemory：724041728, use ：457267672, free ：266774056DirectMemory：1827143680, 恢复 ：1
当前时间 ：2026-08-20 19:58:44send keng：2418, sheng ：4194304
decode keng：26, sheng ：2097152
world keng：12, sheng ：1048576

2026-08-20 19:58:49.682 INFO [pool-6-thread-6][:] - /****************流量统计******************/
LastReadBytes:0
LastReadThroughput:0
LastWrittenBytes:0
LastWriteThroughput:0
RealWrittenBytes:0
RealWriteThroughput:0
当前玩家的连接数量:0
当前地图的线程个数：9
当前地图的个数:47
当前数据库执行队列数:0
当前发送队列缓存的对象数量:0
totalMemory：724041728, use ：460874960, free ：263166768DirectMemory：1827143680, 恢复 ：1
当前时间 ：2026-08-20 19:58:49send keng：2418, sheng ：4194304
decode keng：26, sheng ：2097152
world keng：12, sheng ：1048576

2026-08-20 19:58:54.682 INFO [pool-6-thread-8][:] - /****************流量统计******************/
LastReadBytes:0
LastReadThroughput:0
LastWrittenBytes:0
LastWriteThroughput:0
RealWrittenBytes:0
RealWriteThroughput:0
当前玩家的连接数量:0
当前地图的线程个数：9
当前地图的个数:47
当前数据库执行队列数:0
当前发送队列缓存的对象数量:0
totalMemory：724041728, use ：464243496, free ：259798232DirectMemory：1827143680, 恢复 ：1
当前时间 ：2026-08-20 19:58:54send keng：2418, sheng ：4194304
decode keng：26, sheng ：2097152
world keng：12, sheng ：1048576

2026-08-20 19:58:59.682 INFO [pool-6-thread-10][:] - /****************流量统计******************/
LastReadBytes:0
LastReadThroughput:0
LastWrittenBytes:0
LastWriteThroughput:0
RealWrittenBytes:0
RealWriteThroughput:0
当前玩家的连接数量:0
当前地图的线程个数：9
当前地图的个数:47
当前数据库执行队列数:0
当前发送队列缓存的对象数量:0
totalMemory：724041728, use ：467915064, free ：256126664DirectMemory：1827143680, 恢复 ：1
当前时间 ：2026-08-20 19:58:59send keng：2418, sheng ：4194304
decode keng：26, sheng ：2097152
world keng：12, sheng ：1048576

2026-08-20 19:59:04.682 INFO [pool-6-thread-3][:] - /****************流量统计******************/
LastReadBytes:0
LastReadThroughput:0
LastWrittenBytes:0
LastWriteThroughput:0
RealWrittenBytes:0
RealWriteThroughput:0
当前玩家的连接数量:0
当前地图的线程个数：9
当前地图的个数:47
当前数据库执行队列数:0
当前发送队列缓存的对象数量:0
totalMemory：724041728, use ：471562384, free ：252479344DirectMemory：1827143680, 恢复 ：1
当前时间 ：2026-08-20 19:59:04send keng：2418, sheng ：4194304
decode keng：26, sheng ：2097152
world keng：12, sheng ：1048576

2026-08-20 19:59:09.682 INFO [pool-6-thread-7][:] - /****************流量统计******************/
LastReadBytes:0
LastReadThroughput:0
LastWrittenBytes:0
LastWriteThroughput:0
RealWrittenBytes:0
RealWriteThroughput:0
当前玩家的连接数量:0
当前地图的线程个数：9
当前地图的个数:47
当前数据库执行队列数:0
当前发送队列缓存的对象数量:0
totalMemory：724041728, use ：475030704, free ：249011024DirectMemory：1827143680, 恢复 ：1
当前时间 ：2026-08-20 19:59:09send keng：2418, sheng ：4194304
decode keng：26, sheng ：2097152
world keng：12, sheng ：1048576

2026-08-20 19:59:14.682 INFO [pool-6-thread-8][:] - /****************流量统计******************/
LastReadBytes:0
LastReadThroughput:0
LastWrittenBytes:0
LastWriteThroughput:0
RealWrittenBytes:0
RealWriteThroughput:0
当前玩家的连接数量:0
当前地图的线程个数：9
当前地图的个数:47
当前数据库执行队列数:0
当前发送队列缓存的对象数量:0
totalMemory：724041728, use ：478284840, free ：245756888DirectMemory：1827143680, 恢复 ：1
当前时间 ：2026-08-20 19:59:14send keng：2418, sheng ：4194304
decode keng：26, sheng ：2097152
world keng：12, sheng ：1048576

2026-08-20 19:59:19.682 INFO [pool-6-thread-4][:] - /****************流量统计******************/
LastReadBytes:0
LastReadThroughput:0
LastWrittenBytes:0
LastWriteThroughput:0
RealWrittenBytes:0
RealWriteThroughput:0
当前玩家的连接数量:0
当前地图的线程个数：9
当前地图的个数:47
当前数据库执行队列数:0
当前发送队列缓存的对象数量:0
totalMemory：724041728, use ：481992408, free ：242049320DirectMemory：1827143680, 恢复 ：1
当前时间 ：2026-08-20 19:59:19send keng：2418, sheng ：4194304
decode keng：26, sheng ：2097152
world keng：12, sheng ：1048576

2026-08-20 19:59:24.682 INFO [pool-6-thread-10][:] - /****************流量统计******************/
LastReadBytes:0
LastReadThroughput:0
LastWrittenBytes:0
LastWriteThroughput:0
RealWrittenBytes:0
RealWriteThroughput:0
当前玩家的连接数量:0
当前地图的线程个数：9
当前地图的个数:47
当前数据库执行队列数:0
当前发送队列缓存的对象数量:0
totalMemory：724041728, use ：485870688, free ：238171040DirectMemory：1827143680, 恢复 ：1
当前时间 ：2026-08-20 19:59:24send keng：2418, sheng ：4194304
decode keng：26, sheng ：2097152
world keng：12, sheng ：1048576

2026-08-20 19:59:29.682 INFO [pool-6-thread-9][:] - /****************流量统计******************/
LastReadBytes:0
LastReadThroughput:0
LastWrittenBytes:0
LastWriteThroughput:0
RealWrittenBytes:0
RealWriteThroughput:0
当前玩家的连接数量:0
当前地图的线程个数：9
当前地图的个数:47
当前数据库执行队列数:0
当前发送队列缓存的对象数量:0
totalMemory：724041728, use ：489308816, free ：234732912DirectMemory：1827143680, 恢复 ：1
当前时间 ：2026-08-20 19:59:29send keng：2418, sheng ：4194304
decode keng：26, sheng ：2097152
world keng：12, sheng ：1048576

2026-08-20 19:59:34.682 INFO [pool-6-thread-5][:] - /****************流量统计******************/
LastReadBytes:0
LastReadThroughput:0
LastWrittenBytes:0
LastWriteThroughput:0
RealWrittenBytes:0
RealWriteThroughput:0
当前玩家的连接数量:0
当前地图的线程个数：9
当前地图的个数:47
当前数据库执行队列数:0
当前发送队列缓存的对象数量:0
totalMemory：724041728, use ：492657448, free ：231384280DirectMemory：1827143680, 恢复 ：1
当前时间 ：2026-08-20 19:59:34send keng：2418, sheng ：4194304
decode keng：26, sheng ：2097152
world keng：12, sheng ：1048576

2026-08-20 19:59:39.682 INFO [pool-6-thread-8][:] - /****************流量统计******************/
LastReadBytes:0
LastReadThroughput:0
LastWrittenBytes:0
LastWriteThroughput:0
RealWrittenBytes:0
RealWriteThroughput:0
当前玩家的连接数量:0
当前地图的线程个数：9
当前地图的个数:47
当前数据库执行队列数:0
当前发送队列缓存的对象数量:0
totalMemory：724041728, use ：496226952, free ：227814776DirectMemory：1827143680, 恢复 ：1
当前时间 ：2026-08-20 19:59:39send keng：2418, sheng ：4194304
decode keng：26, sheng ：2097152
world keng：12, sheng ：1048576

2026-08-20 19:59:44.682 INFO [pool-6-thread-5][:] - /****************流量统计******************/
LastReadBytes:0
LastReadThroughput:0
LastWrittenBytes:0
LastWriteThroughput:0
RealWrittenBytes:0
RealWriteThroughput:0
当前玩家的连接数量:0
当前地图的线程个数：9
当前地图的个数:47
当前数据库执行队列数:0
当前发送队列缓存的对象数量:0
totalMemory：724041728, use ：499944264, free ：224097464DirectMemory：1827143680, 恢复 ：1
当前时间 ：2026-08-20 19:59:44send keng：2418, sheng ：4194304
decode keng：26, sheng ：2097152
world keng：12, sheng ：1048576

2026-08-20 19:59:49.682 INFO [pool-6-thread-7][:] - /****************流量统计******************/
LastReadBytes:0
LastReadThroughput:0
LastWrittenBytes:0
LastWriteThroughput:0
RealWrittenBytes:0
RealWriteThroughput:0
当前玩家的连接数量:0
当前地图的线程个数：9
当前地图的个数:47
当前数据库执行队列数:0
当前发送队列缓存的对象数量:0
totalMemory：724041728, use ：503584496, free ：220457232DirectMemory：1827143680, 恢复 ：1
当前时间 ：2026-08-20 19:59:49send keng：2418, sheng ：4194304
decode keng：26, sheng ：2097152
world keng：12, sheng ：1048576

2026-08-20 19:59:54.682 INFO [pool-6-thread-3][:] - /****************流量统计******************/
LastReadBytes:0
LastReadThroughput:0
LastWrittenBytes:0
LastWriteThroughput:0
RealWrittenBytes:0
RealWriteThroughput:0
当前玩家的连接数量:0
当前地图的线程个数：9
当前地图的个数:47
当前数据库执行队列数:0
当前发送队列缓存的对象数量:0
totalMemory：724041728, use ：506908312, free ：217133416DirectMemory：1827143680, 恢复 ：1
当前时间 ：2026-08-20 19:59:54send keng：2418, sheng ：4194304
decode keng：26, sheng ：2097152
world keng：12, sheng ：1048576

2026-08-20 19:59:59.682 INFO [pool-6-thread-7][:] - /****************流量统计******************/
LastReadBytes:0
LastReadThroughput:0
LastWrittenBytes:0
LastWriteThroughput:0
RealWrittenBytes:0
RealWriteThroughput:0
当前玩家的连接数量:0
当前地图的线程个数：9
当前地图的个数:47
当前数据库执行队列数:0
当前发送队列缓存的对象数量:0
totalMemory：722468864, use ：419733528, free ：302735336DirectMemory：1827143680, 恢复 ：1
当前时间 ：2026-08-20 19:59:59send keng：2418, sheng ：4194304
decode keng：26, sheng ：2097152
world keng：12, sheng ：1048576

