2026-07-26 21:00:03.322 INFO [pool-6-thread-7][:] - /****************流量统计******************/
LastReadBytes:0
LastReadThroughput:0
LastWrittenBytes:0
LastWriteThroughput:0
RealWrittenBytes:0
RealWriteThroughput:0
当前玩家的连接数量:0
当前地图的线程个数：9
当前地图的个数:47
当前数据库执行队列数:0
当前发送队列缓存的对象数量:0
totalMemory：990380032, use ：561498952, free ：428881080DirectMemory：1827143680, 恢复 ：1
当前时间 ：2026-07-26 21:00:03send keng：-1, sheng ：4194304
decode keng：-1, sheng ：2097152
world keng：16, sheng ：1048576

2026-07-26 21:00:08.321 INFO [pool-6-thread-2][:] - /****************流量统计******************/
LastReadBytes:0
LastReadThroughput:0
LastWrittenBytes:0
LastWriteThroughput:0
RealWrittenBytes:0
RealWriteThroughput:0
当前玩家的连接数量:0
当前地图的线程个数：9
当前地图的个数:47
当前数据库执行队列数:0
当前发送队列缓存的对象数量:0
totalMemory：990380032, use ：564366128, free ：426013904DirectMemory：1827143680, 恢复 ：1
当前时间 ：2026-07-26 21:00:08send keng：-1, sheng ：4194304
decode keng：-1, sheng ：2097152
world keng：16, sheng ：1048576

2026-07-26 21:00:13.321 INFO [pool-6-thread-9][:] - /****************流量统计******************/
LastReadBytes:0
LastReadThroughput:0
LastWrittenBytes:0
LastWriteThroughput:0
RealWrittenBytes:0
RealWriteThroughput:0
当前玩家的连接数量:0
当前地图的线程个数：9
当前地图的个数:47
当前数据库执行队列数:0
当前发送队列缓存的对象数量:0
totalMemory：990380032, use ：566030640, free ：424349392DirectMemory：1827143680, 恢复 ：1
当前时间 ：2026-07-26 21:00:13send keng：-1, sheng ：4194304
decode keng：-1, sheng ：2097152
world keng：16, sheng ：1048576

2026-07-26 21:00:18.321 INFO [pool-6-thread-1][:] - /****************流量统计******************/
LastReadBytes:0
LastReadThroughput:0
LastWrittenBytes:0
LastWriteThroughput:0
RealWrittenBytes:0
RealWriteThroughput:0
当前玩家的连接数量:0
当前地图的线程个数：9
当前地图的个数:47
当前数据库执行队列数:0
当前发送队列缓存的对象数量:0
totalMemory：990380032, use ：571572472, free ：418807560DirectMemory：1827143680, 恢复 ：1
当前时间 ：2026-07-26 21:00:18send keng：-1, sheng ：4194304
decode keng：-1, sheng ：2097152
world keng：16, sheng ：1048576

2026-07-26 21:00:23.321 INFO [pool-6-thread-3][:] - /****************流量统计******************/
LastReadBytes:0
LastReadThroughput:0
LastWrittenBytes:0
LastWriteThroughput:0
RealWrittenBytes:0
RealWriteThroughput:0
当前玩家的连接数量:0
当前地图的线程个数：9
当前地图的个数:47
当前数据库执行队列数:0
当前发送队列缓存的对象数量:0
totalMemory：990380032, use ：572433760, free ：417946272DirectMemory：1827143680, 恢复 ：1
当前时间 ：2026-07-26 21:00:23send keng：-1, sheng ：4194304
decode keng：-1, sheng ：2097152
world keng：16, sheng ：1048576

2026-07-26 21:00:28.321 INFO [pool-6-thread-8][:] - /****************流量统计******************/
LastReadBytes:0
LastReadThroughput:0
LastWrittenBytes:0
LastWriteThroughput:0
RealWrittenBytes:0
RealWriteThroughput:0
当前玩家的连接数量:0
当前地图的线程个数：9
当前地图的个数:47
当前数据库执行队列数:0
当前发送队列缓存的对象数量:0
totalMemory：990380032, use ：576079040, free ：414300992DirectMemory：1827143680, 恢复 ：1
当前时间 ：2026-07-26 21:00:28send keng：-1, sheng ：4194304
decode keng：-1, sheng ：2097152
world keng：16, sheng ：1048576

2026-07-26 21:00:33.321 INFO [pool-6-thread-6][:] - /****************流量统计******************/
LastReadBytes:0
LastReadThroughput:0
LastWrittenBytes:0
LastWriteThroughput:0
RealWrittenBytes:0
RealWriteThroughput:0
当前玩家的连接数量:0
当前地图的线程个数：9
当前地图的个数:47
当前数据库执行队列数:0
当前发送队列缓存的对象数量:0
totalMemory：990380032, use ：579565688, free ：410814344DirectMemory：1827143680, 恢复 ：1
当前时间 ：2026-07-26 21:00:33send keng：-1, sheng ：4194304
decode keng：-1, sheng ：2097152
world keng：16, sheng ：1048576

2026-07-26 21:00:38.321 INFO [pool-6-thread-2][:] - /****************流量统计******************/
LastReadBytes:0
LastReadThroughput:0
LastWrittenBytes:0
LastWriteThroughput:0
RealWrittenBytes:0
RealWriteThroughput:0
当前玩家的连接数量:0
当前地图的线程个数：9
当前地图的个数:47
当前数据库执行队列数:0
当前发送队列缓存的对象数量:0
totalMemory：990380032, use ：585984408, free ：404395624DirectMemory：1827143680, 恢复 ：1
当前时间 ：2026-07-26 21:00:38send keng：-1, sheng ：4194304
decode keng：-1, sheng ：2097152
world keng：16, sheng ：1048576

2026-07-26 21:00:43.321 INFO [pool-6-thread-2][:] - /****************流量统计******************/
LastReadBytes:0
LastReadThroughput:0
LastWrittenBytes:0
LastWriteThroughput:0
RealWrittenBytes:0
RealWriteThroughput:0
当前玩家的连接数量:0
当前地图的线程个数：9
当前地图的个数:47
当前数据库执行队列数:0
当前发送队列缓存的对象数量:0
totalMemory：990380032, use ：597086160, free ：393293872DirectMemory：1827143680, 恢复 ：1
当前时间 ：2026-07-26 21:00:43send keng：-1, sheng ：4194304
decode keng：-1, sheng ：2097152
world keng：16, sheng ：1048576

2026-07-26 21:00:48.321 INFO [pool-6-thread-10][:] - /****************流量统计******************/
LastReadBytes:0
LastReadThroughput:0
LastWrittenBytes:0
LastWriteThroughput:0
RealWrittenBytes:0
RealWriteThroughput:0
当前玩家的连接数量:0
当前地图的线程个数：9
当前地图的个数:47
当前数据库执行队列数:0
当前发送队列缓存的对象数量:0
totalMemory：990380032, use ：599394608, free ：390985424DirectMemory：1827143680, 恢复 ：1
当前时间 ：2026-07-26 21:00:48send keng：-1, sheng ：4194304
decode keng：-1, sheng ：2097152
world keng：16, sheng ：1048576

2026-07-26 21:00:53.321 INFO [pool-6-thread-8][:] - /****************流量统计******************/
LastReadBytes:0
LastReadThroughput:0
LastWrittenBytes:0
LastWriteThroughput:0
RealWrittenBytes:0
RealWriteThroughput:0
当前玩家的连接数量:0
当前地图的线程个数：9
当前地图的个数:47
当前数据库执行队列数:0
当前发送队列缓存的对象数量:0
totalMemory：990380032, use ：603480576, free ：386899456DirectMemory：1827143680, 恢复 ：1
当前时间 ：2026-07-26 21:00:53send keng：-1, sheng ：4194304
decode keng：-1, sheng ：2097152
world keng：16, sheng ：1048576

2026-07-26 21:00:58.321 INFO [pool-6-thread-7][:] - /****************流量统计******************/
LastReadBytes:0
LastReadThroughput:0
LastWrittenBytes:0
LastWriteThroughput:0
RealWrittenBytes:0
RealWriteThroughput:0
当前玩家的连接数量:0
当前地图的线程个数：9
当前地图的个数:47
当前数据库执行队列数:0
当前发送队列缓存的对象数量:0
totalMemory：990380032, use ：606408128, free ：383971904DirectMemory：1827143680, 恢复 ：1
当前时间 ：2026-07-26 21:00:58send keng：-1, sheng ：4194304
decode keng：-1, sheng ：2097152
world keng：16, sheng ：1048576

2026-07-26 21:01:03.321 INFO [pool-6-thread-9][:] - /****************流量统计******************/
LastReadBytes:0
LastReadThroughput:0
LastWrittenBytes:0
LastWriteThroughput:0
RealWrittenBytes:0
RealWriteThroughput:0
当前玩家的连接数量:0
当前地图的线程个数：9
当前地图的个数:47
当前数据库执行队列数:0
当前发送队列缓存的对象数量:0
totalMemory：990380032, use ：609770168, free ：380609864DirectMemory：1827143680, 恢复 ：1
当前时间 ：2026-07-26 21:01:03send keng：-1, sheng ：4194304
decode keng：-1, sheng ：2097152
world keng：16, sheng ：1048576

2026-07-26 21:01:08.321 INFO [pool-6-thread-5][:] - /****************流量统计******************/
LastReadBytes:0
LastReadThroughput:0
LastWrittenBytes:0
LastWriteThroughput:0
RealWrittenBytes:0
RealWriteThroughput:0
当前玩家的连接数量:0
当前地图的线程个数：9
当前地图的个数:47
当前数据库执行队列数:0
当前发送队列缓存的对象数量:0
totalMemory：990380032, use ：611531992, free ：378848040DirectMemory：1827143680, 恢复 ：1
当前时间 ：2026-07-26 21:01:08send keng：-1, sheng ：4194304
decode keng：-1, sheng ：2097152
world keng：16, sheng ：1048576

2026-07-26 21:01:13.321 INFO [pool-6-thread-10][:] - /****************流量统计******************/
LastReadBytes:0
LastReadThroughput:0
LastWrittenBytes:0
LastWriteThroughput:0
RealWrittenBytes:0
RealWriteThroughput:0
当前玩家的连接数量:0
当前地图的线程个数：9
当前地图的个数:47
当前数据库执行队列数:0
当前发送队列缓存的对象数量:0
totalMemory：990380032, use ：616297984, free ：374082048DirectMemory：1827143680, 恢复 ：1
当前时间 ：2026-07-26 21:01:13send keng：-1, sheng ：4194304
decode keng：-1, sheng ：2097152
world keng：16, sheng ：1048576

2026-07-26 21:01:18.321 INFO [pool-6-thread-4][:] - /****************流量统计******************/
LastReadBytes:0
LastReadThroughput:0
LastWrittenBytes:0
LastWriteThroughput:0
RealWrittenBytes:0
RealWriteThroughput:0
当前玩家的连接数量:0
当前地图的线程个数：9
当前地图的个数:47
当前数据库执行队列数:0
当前发送队列缓存的对象数量:0
totalMemory：990380032, use ：618270256, free ：372109776DirectMemory：1827143680, 恢复 ：1
当前时间 ：2026-07-26 21:01:18send keng：-1, sheng ：4194304
decode keng：-1, sheng ：2097152
world keng：16, sheng ：1048576

2026-07-26 21:01:23.321 INFO [pool-6-thread-2][:] - /****************流量统计******************/
LastReadBytes:0
LastReadThroughput:0
LastWrittenBytes:0
LastWriteThroughput:0
RealWrittenBytes:0
RealWriteThroughput:0
当前玩家的连接数量:0
当前地图的线程个数：9
当前地图的个数:47
当前数据库执行队列数:0
当前发送队列缓存的对象数量:0
totalMemory：990380032, use ：621116072, free ：369263960DirectMemory：1827143680, 恢复 ：1
当前时间 ：2026-07-26 21:01:23send keng：-1, sheng ：4194304
decode keng：-1, sheng ：2097152
world keng：16, sheng ：1048576

2026-07-26 21:01:28.321 INFO [pool-6-thread-10][:] - /****************流量统计******************/
LastReadBytes:0
LastReadThroughput:0
LastWrittenBytes:0
LastWriteThroughput:0
RealWrittenBytes:0
RealWriteThroughput:0
当前玩家的连接数量:0
当前地图的线程个数：9
当前地图的个数:47
当前数据库执行队列数:0
当前发送队列缓存的对象数量:0
totalMemory：990380032, use ：624544608, free ：365835424DirectMemory：1827143680, 恢复 ：1
当前时间 ：2026-07-26 21:01:28send keng：-1, sheng ：4194304
decode keng：-1, sheng ：2097152
world keng：16, sheng ：1048576

2026-07-26 21:01:33.321 INFO [pool-6-thread-1][:] - /****************流量统计******************/
LastReadBytes:0
LastReadThroughput:0
LastWrittenBytes:0
LastWriteThroughput:0
RealWrittenBytes:0
RealWriteThroughput:0
当前玩家的连接数量:0
当前地图的线程个数：9
当前地图的个数:47
当前数据库执行队列数:0
当前发送队列缓存的对象数量:0
totalMemory：990380032, use ：628171776, free ：362208256DirectMemory：1827143680, 恢复 ：1
当前时间 ：2026-07-26 21:01:33send keng：-1, sheng ：4194304
decode keng：-1, sheng ：2097152
world keng：16, sheng ：1048576

2026-07-26 21:01:38.321 INFO [pool-6-thread-7][:] - /****************流量统计******************/
LastReadBytes:0
LastReadThroughput:0
LastWrittenBytes:0
LastWriteThroughput:0
RealWrittenBytes:0
RealWriteThroughput:0
当前玩家的连接数量:0
当前地图的线程个数：9
当前地图的个数:47
当前数据库执行队列数:0
当前发送队列缓存的对象数量:0
totalMemory：990380032, use ：630870136, free ：359509896DirectMemory：1827143680, 恢复 ：1
当前时间 ：2026-07-26 21:01:38send keng：-1, sheng ：4194304
decode keng：-1, sheng ：2097152
world keng：16, sheng ：1048576

2026-07-26 21:01:43.321 INFO [pool-6-thread-2][:] - /****************流量统计******************/
LastReadBytes:0
LastReadThroughput:0
LastWrittenBytes:0
LastWriteThroughput:0
RealWrittenBytes:0
RealWriteThroughput:0
当前玩家的连接数量:0
当前地图的线程个数：9
当前地图的个数:47
当前数据库执行队列数:0
当前发送队列缓存的对象数量:0
totalMemory：990380032, use ：633367496, free ：357012536DirectMemory：1827143680, 恢复 ：1
当前时间 ：2026-07-26 21:01:43send keng：-1, sheng ：4194304
decode keng：-1, sheng ：2097152
world keng：16, sheng ：1048576

2026-07-26 21:01:48.322 INFO [pool-6-thread-6][:] - /****************流量统计******************/
LastReadBytes:0
LastReadThroughput:0
LastWrittenBytes:0
LastWriteThroughput:0
RealWrittenBytes:0
RealWriteThroughput:0
当前玩家的连接数量:0
当前地图的线程个数：9
当前地图的个数:47
当前数据库执行队列数:0
当前发送队列缓存的对象数量:0
totalMemory：990380032, use ：637302936, free ：353077096DirectMemory：1827143680, 恢复 ：1
当前时间 ：2026-07-26 21:01:48send keng：-1, sheng ：4194304
decode keng：-1, sheng ：2097152
world keng：16, sheng ：1048576

2026-07-26 21:01:53.321 INFO [pool-6-thread-3][:] - /****************流量统计******************/
LastReadBytes:0
LastReadThroughput:0
LastWrittenBytes:0
LastWriteThroughput:0
RealWrittenBytes:0
RealWriteThroughput:0
当前玩家的连接数量:0
当前地图的线程个数：9
当前地图的个数:47
当前数据库执行队列数:0
当前发送队列缓存的对象数量:0
totalMemory：990380032, use ：639906480, free ：350473552DirectMemory：1827143680, 恢复 ：1
当前时间 ：2026-07-26 21:01:53send keng：-1, sheng ：4194304
decode keng：-1, sheng ：2097152
world keng：16, sheng ：1048576

2026-07-26 21:01:58.321 INFO [pool-6-thread-1][:] - /****************流量统计******************/
LastReadBytes:0
LastReadThroughput:0
LastWrittenBytes:0
LastWriteThroughput:0
RealWrittenBytes:0
RealWriteThroughput:0
当前玩家的连接数量:0
当前地图的线程个数：9
当前地图的个数:47
当前数据库执行队列数:0
当前发送队列缓存的对象数量:0
totalMemory：990380032, use ：642990480, free ：347389552DirectMemory：1827143680, 恢复 ：1
当前时间 ：2026-07-26 21:01:58send keng：-1, sheng ：4194304
decode keng：-1, sheng ：2097152
world keng：16, sheng ：1048576

2026-07-26 21:02:03.321 INFO [pool-6-thread-2][:] - /****************流量统计******************/
LastReadBytes:0
LastReadThroughput:0
LastWrittenBytes:0
LastWriteThroughput:0
RealWrittenBytes:0
RealWriteThroughput:0
当前玩家的连接数量:0
当前地图的线程个数：9
当前地图的个数:47
当前数据库执行队列数:0
当前发送队列缓存的对象数量:0
totalMemory：990380032, use ：646068680, free ：344311352DirectMemory：1827143680, 恢复 ：1
当前时间 ：2026-07-26 21:02:03send keng：-1, sheng ：4194304
decode keng：-1, sheng ：2097152
world keng：16, sheng ：1048576

2026-07-26 21:02:08.321 INFO [pool-6-thread-9][:] - /****************流量统计******************/
LastReadBytes:0
LastReadThroughput:0
LastWrittenBytes:0
LastWriteThroughput:0
RealWrittenBytes:0
RealWriteThroughput:0
当前玩家的连接数量:0
当前地图的线程个数：9
当前地图的个数:47
当前数据库执行队列数:0
当前发送队列缓存的对象数量:0
totalMemory：990380032, use ：648630688, free ：341749344DirectMemory：1827143680, 恢复 ：1
当前时间 ：2026-07-26 21:02:08send keng：-1, sheng ：4194304
decode keng：-1, sheng ：2097152
world keng：16, sheng ：1048576

2026-07-26 21:02:13.321 INFO [pool-6-thread-4][:] - /****************流量统计******************/
LastReadBytes:0
LastReadThroughput:0
LastWrittenBytes:0
LastWriteThroughput:0
RealWrittenBytes:0
RealWriteThroughput:0
当前玩家的连接数量:0
当前地图的线程个数：9
当前地图的个数:47
当前数据库执行队列数:0
当前发送队列缓存的对象数量:0
totalMemory：990380032, use ：653313352, free ：337066680DirectMemory：1827143680, 恢复 ：1
当前时间 ：2026-07-26 21:02:13send keng：-1, sheng ：4194304
decode keng：-1, sheng ：2097152
world keng：16, sheng ：1048576

2026-07-26 21:02:18.321 INFO [pool-6-thread-3][:] - /****************流量统计******************/
LastReadBytes:0
LastReadThroughput:0
LastWrittenBytes:0
LastWriteThroughput:0
RealWrittenBytes:0
RealWriteThroughput:0
当前玩家的连接数量:0
当前地图的线程个数：9
当前地图的个数:47
当前数据库执行队列数:0
当前发送队列缓存的对象数量:0
totalMemory：990380032, use ：655934272, free ：334445760DirectMemory：1827143680, 恢复 ：1
当前时间 ：2026-07-26 21:02:18send keng：-1, sheng ：4194304
decode keng：-1, sheng ：2097152
world keng：16, sheng ：1048576

2026-07-26 21:02:23.321 INFO [pool-6-thread-8][:] - /****************流量统计******************/
LastReadBytes:0
LastReadThroughput:0
LastWrittenBytes:0
LastWriteThroughput:0
RealWrittenBytes:0
RealWriteThroughput:0
当前玩家的连接数量:0
当前地图的线程个数：9
当前地图的个数:47
当前数据库执行队列数:0
当前发送队列缓存的对象数量:0
totalMemory：990380032, use ：658869856, free ：331510176DirectMemory：1827143680, 恢复 ：1
当前时间 ：2026-07-26 21:02:23send keng：-1, sheng ：4194304
decode keng：-1, sheng ：2097152
world keng：16, sheng ：1048576

2026-07-26 21:02:28.321 INFO [pool-6-thread-7][:] - /****************流量统计******************/
LastReadBytes:0
LastReadThroughput:0
LastWrittenBytes:0
LastWriteThroughput:0
RealWrittenBytes:0
RealWriteThroughput:0
当前玩家的连接数量:0
当前地图的线程个数：9
当前地图的个数:47
当前数据库执行队列数:0
当前发送队列缓存的对象数量:0
totalMemory：990380032, use ：661888176, free ：328491856DirectMemory：1827143680, 恢复 ：1
当前时间 ：2026-07-26 21:02:28send keng：-1, sheng ：4194304
decode keng：-1, sheng ：2097152
world keng：16, sheng ：1048576

2026-07-26 21:02:33.321 INFO [pool-6-thread-2][:] - /****************流量统计******************/
LastReadBytes:0
LastReadThroughput:0
LastWrittenBytes:0
LastWriteThroughput:0
RealWrittenBytes:0
RealWriteThroughput:0
当前玩家的连接数量:0
当前地图的线程个数：9
当前地图的个数:47
当前数据库执行队列数:0
当前发送队列缓存的对象数量:0
totalMemory：990380032, use ：664459384, free ：325920648DirectMemory：1827143680, 恢复 ：1
当前时间 ：2026-07-26 21:02:33send keng：-1, sheng ：4194304
decode keng：-1, sheng ：2097152
world keng：16, sheng ：1048576

2026-07-26 21:02:38.321 INFO [pool-6-thread-3][:] - /****************流量统计******************/
LastReadBytes:0
LastReadThroughput:0
LastWrittenBytes:0
LastWriteThroughput:0
RealWrittenBytes:0
RealWriteThroughput:0
当前玩家的连接数量:0
当前地图的线程个数：9
当前地图的个数:47
当前数据库执行队列数:0
当前发送队列缓存的对象数量:0
totalMemory：990380032, use ：668778592, free ：321601440DirectMemory：1827143680, 恢复 ：1
当前时间 ：2026-07-26 21:02:38send keng：-1, sheng ：4194304
decode keng：-1, sheng ：2097152
world keng：16, sheng ：1048576

2026-07-26 21:02:43.321 INFO [pool-6-thread-8][:] - /****************流量统计******************/
LastReadBytes:0
LastReadThroughput:0
LastWrittenBytes:0
LastWriteThroughput:0
RealWrittenBytes:0
RealWriteThroughput:0
当前玩家的连接数量:0
当前地图的线程个数：9
当前地图的个数:47
当前数据库执行队列数:0
当前发送队列缓存的对象数量:0
totalMemory：990380032, use ：670064400, free ：320315632DirectMemory：1827143680, 恢复 ：1
当前时间 ：2026-07-26 21:02:43send keng：-1, sheng ：4194304
decode keng：-1, sheng ：2097152
world keng：16, sheng ：1048576

2026-07-26 21:02:48.321 INFO [pool-6-thread-4][:] - /****************流量统计******************/
LastReadBytes:0
LastReadThroughput:0
LastWrittenBytes:0
LastWriteThroughput:0
RealWrittenBytes:0
RealWriteThroughput:0
当前玩家的连接数量:0
当前地图的线程个数：9
当前地图的个数:47
当前数据库执行队列数:0
当前发送队列缓存的对象数量:0
totalMemory：990380032, use ：674495120, free ：315884912DirectMemory：1827143680, 恢复 ：1
当前时间 ：2026-07-26 21:02:48send keng：-1, sheng ：4194304
decode keng：-1, sheng ：2097152
world keng：16, sheng ：1048576

2026-07-26 21:02:53.321 INFO [pool-6-thread-2][:] - /****************流量统计******************/
LastReadBytes:0
LastReadThroughput:0
LastWrittenBytes:0
LastWriteThroughput:0
RealWrittenBytes:0
RealWriteThroughput:0
当前玩家的连接数量:0
当前地图的线程个数：9
当前地图的个数:47
当前数据库执行队列数:0
当前发送队列缓存的对象数量:0
totalMemory：990380032, use ：683314640, free ：307065392DirectMemory：1827143680, 恢复 ：1
当前时间 ：2026-07-26 21:02:53send keng：-1, sheng ：4194304
decode keng：-1, sheng ：2097152
world keng：16, sheng ：1048576

2026-07-26 21:02:58.321 INFO [pool-6-thread-6][:] - /****************流量统计******************/
LastReadBytes:0
LastReadThroughput:0
LastWrittenBytes:0
LastWriteThroughput:0
RealWrittenBytes:0
RealWriteThroughput:0
当前玩家的连接数量:0
当前地图的线程个数：9
当前地图的个数:47
当前数据库执行队列数:0
当前发送队列缓存的对象数量:0
totalMemory：990380032, use ：691305896, free ：299074136DirectMemory：1827143680, 恢复 ：1
当前时间 ：2026-07-26 21:02:58send keng：-1, sheng ：4194304
decode keng：-1, sheng ：2097152
world keng：16, sheng ：1048576

2026-07-26 21:03:03.321 INFO [pool-6-thread-6][:] - /****************流量统计******************/
LastReadBytes:0
LastReadThroughput:0
LastWrittenBytes:0
LastWriteThroughput:0
RealWrittenBytes:0
RealWriteThroughput:0
当前玩家的连接数量:0
当前地图的线程个数：9
当前地图的个数:47
当前数据库执行队列数:0
当前发送队列缓存的对象数量:0
totalMemory：990380032, use ：694368784, free ：296011248DirectMemory：1827143680, 恢复 ：1
当前时间 ：2026-07-26 21:03:03send keng：-1, sheng ：4194304
decode keng：-1, sheng ：2097152
world keng：16, sheng ：1048576

2026-07-26 21:03:08.321 INFO [pool-6-thread-9][:] - /****************流量统计******************/
LastReadBytes:0
LastReadThroughput:0
LastWrittenBytes:0
LastWriteThroughput:0
RealWrittenBytes:0
RealWriteThroughput:0
当前玩家的连接数量:0
当前地图的线程个数：9
当前地图的个数:47
当前数据库执行队列数:0
当前发送队列缓存的对象数量:0
totalMemory：990380032, use ：698063320, free ：292316712DirectMemory：1827143680, 恢复 ：1
当前时间 ：2026-07-26 21:03:08send keng：-1, sheng ：4194304
decode keng：-1, sheng ：2097152
world keng：16, sheng ：1048576

2026-07-26 21:03:13.321 INFO [pool-6-thread-8][:] - /****************流量统计******************/
LastReadBytes:0
LastReadThroughput:0
LastWrittenBytes:0
LastWriteThroughput:0
RealWrittenBytes:0
RealWriteThroughput:0
当前玩家的连接数量:0
当前地图的线程个数：9
当前地图的个数:47
当前数据库执行队列数:0
当前发送队列缓存的对象数量:0
totalMemory：990380032, use ：701416584, free ：288963448DirectMemory：1827143680, 恢复 ：1
当前时间 ：2026-07-26 21:03:13send keng：-1, sheng ：4194304
decode keng：-1, sheng ：2097152
world keng：16, sheng ：1048576

2026-07-26 21:03:18.322 INFO [pool-6-thread-1][:] - /****************流量统计******************/
LastReadBytes:0
LastReadThroughput:0
LastWrittenBytes:0
LastWriteThroughput:0
RealWrittenBytes:0
RealWriteThroughput:0
当前玩家的连接数量:0
当前地图的线程个数：9
当前地图的个数:47
当前数据库执行队列数:0
当前发送队列缓存的对象数量:0
totalMemory：990380032, use ：703607872, free ：286772160DirectMemory：1827143680, 恢复 ：1
当前时间 ：2026-07-26 21:03:18send keng：-1, sheng ：4194304
decode keng：-1, sheng ：2097152
world keng：16, sheng ：1048576

2026-07-26 21:03:23.321 INFO [pool-6-thread-7][:] - /****************流量统计******************/
LastReadBytes:0
LastReadThroughput:0
LastWrittenBytes:0
LastWriteThroughput:0
RealWrittenBytes:0
RealWriteThroughput:0
当前玩家的连接数量:0
当前地图的线程个数：9
当前地图的个数:47
当前数据库执行队列数:0
当前发送队列缓存的对象数量:0
totalMemory：990380032, use ：707210816, free ：283169216DirectMemory：1827143680, 恢复 ：1
当前时间 ：2026-07-26 21:03:23send keng：-1, sheng ：4194304
decode keng：-1, sheng ：2097152
world keng：16, sheng ：1048576

2026-07-26 21:03:28.321 INFO [pool-6-thread-8][:] - /****************流量统计******************/
LastReadBytes:0
LastReadThroughput:0
LastWrittenBytes:0
LastWriteThroughput:0
RealWrittenBytes:0
RealWriteThroughput:0
当前玩家的连接数量:0
当前地图的线程个数：9
当前地图的个数:47
当前数据库执行队列数:0
当前发送队列缓存的对象数量:0
totalMemory：990380032, use ：709528920, free ：280851112DirectMemory：1827143680, 恢复 ：1
当前时间 ：2026-07-26 21:03:28send keng：-1, sheng ：4194304
decode keng：-1, sheng ：2097152
world keng：16, sheng ：1048576

2026-07-26 21:03:33.321 INFO [pool-6-thread-4][:] - /****************流量统计******************/
LastReadBytes:0
LastReadThroughput:0
LastWrittenBytes:0
LastWriteThroughput:0
RealWrittenBytes:0
RealWriteThroughput:0
当前玩家的连接数量:0
当前地图的线程个数：9
当前地图的个数:47
当前数据库执行队列数:0
当前发送队列缓存的对象数量:0
totalMemory：990380032, use ：713149976, free ：277230056DirectMemory：1827143680, 恢复 ：1
当前时间 ：2026-07-26 21:03:33send keng：-1, sheng ：4194304
decode keng：-1, sheng ：2097152
world keng：16, sheng ：1048576

2026-07-26 21:03:38.321 INFO [pool-6-thread-2][:] - /****************流量统计******************/
LastReadBytes:0
LastReadThroughput:0
LastWrittenBytes:0
LastWriteThroughput:0
RealWrittenBytes:0
RealWriteThroughput:0
当前玩家的连接数量:0
当前地图的线程个数：9
当前地图的个数:47
当前数据库执行队列数:0
当前发送队列缓存的对象数量:0
totalMemory：990380032, use ：715643864, free ：274736168DirectMemory：1827143680, 恢复 ：1
当前时间 ：2026-07-26 21:03:38send keng：-1, sheng ：4194304
decode keng：-1, sheng ：2097152
world keng：16, sheng ：1048576

2026-07-26 21:03:43.321 INFO [pool-6-thread-6][:] - /****************流量统计******************/
LastReadBytes:0
LastReadThroughput:0
LastWrittenBytes:0
LastWriteThroughput:0
RealWrittenBytes:0
RealWriteThroughput:0
当前玩家的连接数量:0
当前地图的线程个数：9
当前地图的个数:47
当前数据库执行队列数:0
当前发送队列缓存的对象数量:0
totalMemory：990380032, use ：719184472, free ：271195560DirectMemory：1827143680, 恢复 ：1
当前时间 ：2026-07-26 21:03:43send keng：-1, sheng ：4194304
decode keng：-1, sheng ：2097152
world keng：16, sheng ：1048576

2026-07-26 21:03:48.321 INFO [pool-6-thread-7][:] - /****************流量统计******************/
LastReadBytes:0
LastReadThroughput:0
LastWrittenBytes:0
LastWriteThroughput:0
RealWrittenBytes:0
RealWriteThroughput:0
当前玩家的连接数量:0
当前地图的线程个数：9
当前地图的个数:47
当前数据库执行队列数:0
当前发送队列缓存的对象数量:0
totalMemory：990380032, use ：721459400, free ：268920632DirectMemory：1827143680, 恢复 ：1
当前时间 ：2026-07-26 21:03:48send keng：-1, sheng ：4194304
decode keng：-1, sheng ：2097152
world keng：16, sheng ：1048576

2026-07-26 21:03:53.321 INFO [pool-6-thread-9][:] - /****************流量统计******************/
LastReadBytes:0
LastReadThroughput:0
LastWrittenBytes:0
LastWriteThroughput:0
RealWrittenBytes:0
RealWriteThroughput:0
当前玩家的连接数量:0
当前地图的线程个数：9
当前地图的个数:47
当前数据库执行队列数:0
当前发送队列缓存的对象数量:0
totalMemory：990380032, use ：726386680, free ：263993352DirectMemory：1827143680, 恢复 ：1
当前时间 ：2026-07-26 21:03:53send keng：-1, sheng ：4194304
decode keng：-1, sheng ：2097152
world keng：16, sheng ：1048576

2026-07-26 21:03:58.321 INFO [pool-6-thread-9][:] - /****************流量统计******************/
LastReadBytes:0
LastReadThroughput:0
LastWrittenBytes:0
LastWriteThroughput:0
RealWrittenBytes:0
RealWriteThroughput:0
当前玩家的连接数量:0
当前地图的线程个数：9
当前地图的个数:47
当前数据库执行队列数:0
当前发送队列缓存的对象数量:0
totalMemory：990380032, use ：729292600, free ：261087432DirectMemory：1827143680, 恢复 ：1
当前时间 ：2026-07-26 21:03:58send keng：-1, sheng ：4194304
decode keng：-1, sheng ：2097152
world keng：16, sheng ：1048576

2026-07-26 21:04:03.321 INFO [pool-6-thread-3][:] - /****************流量统计******************/
LastReadBytes:0
LastReadThroughput:0
LastWrittenBytes:0
LastWriteThroughput:0
RealWrittenBytes:0
RealWriteThroughput:0
当前玩家的连接数量:0
当前地图的线程个数：9
当前地图的个数:47
当前数据库执行队列数:0
当前发送队列缓存的对象数量:0
totalMemory：990380032, use ：731319488, free ：259060544DirectMemory：1827143680, 恢复 ：1
当前时间 ：2026-07-26 21:04:03send keng：-1, sheng ：4194304
decode keng：-1, sheng ：2097152
world keng：16, sheng ：1048576

2026-07-26 21:04:08.321 INFO [pool-6-thread-1][:] - /****************流量统计******************/
LastReadBytes:0
LastReadThroughput:0
LastWrittenBytes:0
LastWriteThroughput:0
RealWrittenBytes:0
RealWriteThroughput:0
当前玩家的连接数量:0
当前地图的线程个数：9
当前地图的个数:47
当前数据库执行队列数:0
当前发送队列缓存的对象数量:0
totalMemory：990380032, use ：735716536, free ：254663496DirectMemory：1827143680, 恢复 ：1
当前时间 ：2026-07-26 21:04:08send keng：-1, sheng ：4194304
decode keng：-1, sheng ：2097152
world keng：16, sheng ：1048576

2026-07-26 21:04:13.321 INFO [pool-6-thread-5][:] - /****************流量统计******************/
LastReadBytes:0
LastReadThroughput:0
LastWrittenBytes:0
LastWriteThroughput:0
RealWrittenBytes:0
RealWriteThroughput:0
当前玩家的连接数量:0
当前地图的线程个数：9
当前地图的个数:47
当前数据库执行队列数:0
当前发送队列缓存的对象数量:0
totalMemory：990380032, use ：737275024, free ：253105008DirectMemory：1827143680, 恢复 ：1
当前时间 ：2026-07-26 21:04:13send keng：-1, sheng ：4194304
decode keng：-1, sheng ：2097152
world keng：16, sheng ：1048576

2026-07-26 21:04:18.321 INFO [pool-6-thread-8][:] - /****************流量统计******************/
LastReadBytes:0
LastReadThroughput:0
LastWrittenBytes:0
LastWriteThroughput:0
RealWrittenBytes:0
RealWriteThroughput:0
当前玩家的连接数量:0
当前地图的线程个数：9
当前地图的个数:47
当前数据库执行队列数:0
当前发送队列缓存的对象数量:0
totalMemory：990380032, use ：740238744, free ：250141288DirectMemory：1827143680, 恢复 ：1
当前时间 ：2026-07-26 21:04:18send keng：-1, sheng ：4194304
decode keng：-1, sheng ：2097152
world keng：16, sheng ：1048576

2026-07-26 21:04:23.321 INFO [pool-6-thread-2][:] - /****************流量统计******************/
LastReadBytes:0
LastReadThroughput:0
LastWrittenBytes:0
LastWriteThroughput:0
RealWrittenBytes:0
RealWriteThroughput:0
当前玩家的连接数量:0
当前地图的线程个数：9
当前地图的个数:47
当前数据库执行队列数:0
当前发送队列缓存的对象数量:0
totalMemory：990380032, use ：744016608, free ：246363424DirectMemory：1827143680, 恢复 ：1
当前时间 ：2026-07-26 21:04:23send keng：-1, sheng ：4194304
decode keng：-1, sheng ：2097152
world keng：16, sheng ：1048576

2026-07-26 21:04:28.321 INFO [pool-6-thread-7][:] - /****************流量统计******************/
LastReadBytes:0
LastReadThroughput:0
LastWrittenBytes:0
LastWriteThroughput:0
RealWrittenBytes:0
RealWriteThroughput:0
当前玩家的连接数量:0
当前地图的线程个数：9
当前地图的个数:47
当前数据库执行队列数:0
当前发送队列缓存的对象数量:0
totalMemory：990380032, use ：747073232, free ：243306800DirectMemory：1827143680, 恢复 ：1
当前时间 ：2026-07-26 21:04:28send keng：-1, sheng ：4194304
decode keng：-1, sheng ：2097152
world keng：16, sheng ：1048576

2026-07-26 21:04:33.321 INFO [pool-6-thread-6][:] - /****************流量统计******************/
LastReadBytes:0
LastReadThroughput:0
LastWrittenBytes:0
LastWriteThroughput:0
RealWrittenBytes:0
RealWriteThroughput:0
当前玩家的连接数量:0
当前地图的线程个数：9
当前地图的个数:47
当前数据库执行队列数:0
当前发送队列缓存的对象数量:0
totalMemory：990380032, use ：750877216, free ：239502816DirectMemory：1827143680, 恢复 ：1
当前时间 ：2026-07-26 21:04:33send keng：-1, sheng ：4194304
decode keng：-1, sheng ：2097152
world keng：16, sheng ：1048576

2026-07-26 21:04:38.321 INFO [pool-6-thread-1][:] - /****************流量统计******************/
LastReadBytes:0
LastReadThroughput:0
LastWrittenBytes:0
LastWriteThroughput:0
RealWrittenBytes:0
RealWriteThroughput:0
当前玩家的连接数量:0
当前地图的线程个数：9
当前地图的个数:47
当前数据库执行队列数:0
当前发送队列缓存的对象数量:0
totalMemory：990380032, use ：752756232, free ：237623800DirectMemory：1827143680, 恢复 ：1
当前时间 ：2026-07-26 21:04:38send keng：-1, sheng ：4194304
decode keng：-1, sheng ：2097152
world keng：16, sheng ：1048576

2026-07-26 21:04:43.321 INFO [pool-6-thread-10][:] - /****************流量统计******************/
LastReadBytes:0
LastReadThroughput:0
LastWrittenBytes:0
LastWriteThroughput:0
RealWrittenBytes:0
RealWriteThroughput:0
当前玩家的连接数量:0
当前地图的线程个数：9
当前地图的个数:47
当前数据库执行队列数:0
当前发送队列缓存的对象数量:0
totalMemory：990380032, use ：756571256, free ：233808776DirectMemory：1827143680, 恢复 ：1
当前时间 ：2026-07-26 21:04:43send keng：-1, sheng ：4194304
decode keng：-1, sheng ：2097152
world keng：16, sheng ：1048576

2026-07-26 21:04:48.321 INFO [pool-6-thread-10][:] - /****************流量统计******************/
LastReadBytes:0
LastReadThroughput:0
LastWrittenBytes:0
LastWriteThroughput:0
RealWrittenBytes:0
RealWriteThroughput:0
当前玩家的连接数量:0
当前地图的线程个数：9
当前地图的个数:47
当前数据库执行队列数:0
当前发送队列缓存的对象数量:0
totalMemory：990380032, use ：758654160, free ：231725872DirectMemory：1827143680, 恢复 ：1
当前时间 ：2026-07-26 21:04:48send keng：-1, sheng ：4194304
decode keng：-1, sheng ：2097152
world keng：16, sheng ：1048576

2026-07-26 21:04:53.321 INFO [pool-6-thread-10][:] - /****************流量统计******************/
LastReadBytes:0
LastReadThroughput:0
LastWrittenBytes:0
LastWriteThroughput:0
RealWrittenBytes:0
RealWriteThroughput:0
当前玩家的连接数量:0
当前地图的线程个数：9
当前地图的个数:47
当前数据库执行队列数:0
当前发送队列缓存的对象数量:0
totalMemory：990380032, use ：762302184, free ：228077848DirectMemory：1827143680, 恢复 ：1
当前时间 ：2026-07-26 21:04:53send keng：-1, sheng ：4194304
decode keng：-1, sheng ：2097152
world keng：16, sheng ：1048576

2026-07-26 21:04:58.321 INFO [pool-6-thread-7][:] - /****************流量统计******************/
LastReadBytes:0
LastReadThroughput:0
LastWrittenBytes:0
LastWriteThroughput:0
RealWrittenBytes:0
RealWriteThroughput:0
当前玩家的连接数量:0
当前地图的线程个数：9
当前地图的个数:47
当前数据库执行队列数:0
当前发送队列缓存的对象数量:0
totalMemory：990380032, use ：765291752, free ：225088280DirectMemory：1827143680, 恢复 ：1
当前时间 ：2026-07-26 21:04:58send keng：-1, sheng ：4194304
decode keng：-1, sheng ：2097152
world keng：16, sheng ：1048576

2026-07-26 21:05:03.321 INFO [pool-6-thread-4][:] - /****************流量统计******************/
LastReadBytes:0
LastReadThroughput:0
LastWrittenBytes:0
LastWriteThroughput:0
RealWrittenBytes:0
RealWriteThroughput:0
当前玩家的连接数量:0
当前地图的线程个数：9
当前地图的个数:47
当前数据库执行队列数:0
当前发送队列缓存的对象数量:0
totalMemory：990380032, use ：773686560, free ：216693472DirectMemory：1827143680, 恢复 ：1
当前时间 ：2026-07-26 21:05:03send keng：-1, sheng ：4194304
decode keng：-1, sheng ：2097152
world keng：16, sheng ：1048576

2026-07-26 21:05:08.321 INFO [pool-6-thread-5][:] - /****************流量统计******************/
LastReadBytes:0
LastReadThroughput:0
LastWrittenBytes:0
LastWriteThroughput:0
RealWrittenBytes:0
RealWriteThroughput:0
当前玩家的连接数量:0
当前地图的线程个数：9
当前地图的个数:47
当前数据库执行队列数:0
当前发送队列缓存的对象数量:0
totalMemory：990380032, use ：778493824, free ：211886208DirectMemory：1827143680, 恢复 ：1
当前时间 ：2026-07-26 21:05:08send keng：-1, sheng ：4194304
decode keng：-1, sheng ：2097152
world keng：16, sheng ：1048576

2026-07-26 21:05:13.321 INFO [pool-6-thread-2][:] - /****************流量统计******************/
LastReadBytes:0
LastReadThroughput:0
LastWrittenBytes:0
LastWriteThroughput:0
RealWrittenBytes:0
RealWriteThroughput:0
当前玩家的连接数量:0
当前地图的线程个数：9
当前地图的个数:47
当前数据库执行队列数:0
当前发送队列缓存的对象数量:0
totalMemory：990380032, use ：786224920, free ：204155112DirectMemory：1827143680, 恢复 ：1
当前时间 ：2026-07-26 21:05:13send keng：-1, sheng ：4194304
decode keng：-1, sheng ：2097152
world keng：16, sheng ：1048576

2026-07-26 21:05:18.321 INFO [pool-6-thread-7][:] - /****************流量统计******************/
LastReadBytes:0
LastReadThroughput:0
LastWrittenBytes:0
LastWriteThroughput:0
RealWrittenBytes:0
RealWriteThroughput:0
当前玩家的连接数量:0
当前地图的线程个数：9
当前地图的个数:47
当前数据库执行队列数:0
当前发送队列缓存的对象数量:0
totalMemory：990380032, use ：789657760, free ：200722272DirectMemory：1827143680, 恢复 ：1
当前时间 ：2026-07-26 21:05:18send keng：-1, sheng ：4194304
decode keng：-1, sheng ：2097152
world keng：16, sheng ：1048576

2026-07-26 21:05:23.321 INFO [pool-6-thread-6][:] - /****************流量统计******************/
LastReadBytes:0
LastReadThroughput:0
LastWrittenBytes:0
LastWriteThroughput:0
RealWrittenBytes:0
RealWriteThroughput:0
当前玩家的连接数量:0
当前地图的线程个数：9
当前地图的个数:47
当前数据库执行队列数:0
当前发送队列缓存的对象数量:0
totalMemory：990380032, use ：792005712, free ：198374320DirectMemory：1827143680, 恢复 ：1
当前时间 ：2026-07-26 21:05:23send keng：-1, sheng ：4194304
decode keng：-1, sheng ：2097152
world keng：16, sheng ：1048576

2026-07-26 21:05:28.321 INFO [pool-6-thread-5][:] - /****************流量统计******************/
LastReadBytes:0
LastReadThroughput:0
LastWrittenBytes:0
LastWriteThroughput:0
RealWrittenBytes:0
RealWriteThroughput:0
当前玩家的连接数量:0
当前地图的线程个数：9
当前地图的个数:47
当前数据库执行队列数:0
当前发送队列缓存的对象数量:0
totalMemory：990380032, use ：796549272, free ：193830760DirectMemory：1827143680, 恢复 ：1
当前时间 ：2026-07-26 21:05:28send keng：-1, sheng ：4194304
decode keng：-1, sheng ：2097152
world keng：16, sheng ：1048576

2026-07-26 21:05:33.321 INFO [pool-6-thread-9][:] - /****************流量统计******************/
LastReadBytes:0
LastReadThroughput:0
LastWrittenBytes:0
LastWriteThroughput:0
RealWrittenBytes:0
RealWriteThroughput:0
当前玩家的连接数量:0
当前地图的线程个数：9
当前地图的个数:47
当前数据库执行队列数:0
当前发送队列缓存的对象数量:0
totalMemory：990380032, use ：798221000, free ：192159032DirectMemory：1827143680, 恢复 ：1
当前时间 ：2026-07-26 21:05:33send keng：-1, sheng ：4194304
decode keng：-1, sheng ：2097152
world keng：16, sheng ：1048576

2026-07-26 21:05:38.321 INFO [pool-6-thread-7][:] - /****************流量统计******************/
LastReadBytes:0
LastReadThroughput:0
LastWrittenBytes:0
LastWriteThroughput:0
RealWrittenBytes:0
RealWriteThroughput:0
当前玩家的连接数量:0
当前地图的线程个数：9
当前地图的个数:47
当前数据库执行队列数:0
当前发送队列缓存的对象数量:0
totalMemory：990380032, use ：802385544, free ：187994488DirectMemory：1827143680, 恢复 ：1
当前时间 ：2026-07-26 21:05:38send keng：-1, sheng ：4194304
decode keng：-1, sheng ：2097152
world keng：16, sheng ：1048576

2026-07-26 21:05:43.367 INFO [pool-6-thread-10][:] - /****************流量统计******************/
LastReadBytes:0
LastReadThroughput:0
LastWrittenBytes:0
LastWriteThroughput:0
RealWrittenBytes:0
RealWriteThroughput:0
当前玩家的连接数量:0
当前地图的线程个数：9
当前地图的个数:47
当前数据库执行队列数:0
当前发送队列缓存的对象数量:0
totalMemory：990904320, use ：394478920, free ：596425400DirectMemory：1827143680, 恢复 ：1
当前时间 ：2026-07-26 21:05:43send keng：-1, sheng ：4194304
decode keng：-1, sheng ：2097152
world keng：16, sheng ：1048576

2026-07-26 21:05:48.321 INFO [pool-6-thread-4][:] - /****************流量统计******************/
LastReadBytes:0
LastReadThroughput:0
LastWrittenBytes:0
LastWriteThroughput:0
RealWrittenBytes:0
RealWriteThroughput:0
当前玩家的连接数量:0
当前地图的线程个数：9
当前地图的个数:47
当前数据库执行队列数:0
当前发送队列缓存的对象数量:0
totalMemory：990904320, use ：406875336, free ：584028984DirectMemory：1827143680, 恢复 ：1
当前时间 ：2026-07-26 21:05:48send keng：-1, sheng ：4194304
decode keng：-1, sheng ：2097152
world keng：16, sheng ：1048576

2026-07-26 21:05:53.321 INFO [pool-6-thread-9][:] - /****************流量统计******************/
LastReadBytes:0
LastReadThroughput:0
LastWrittenBytes:0
LastWriteThroughput:0
RealWrittenBytes:0
RealWriteThroughput:0
当前玩家的连接数量:0
当前地图的线程个数：9
当前地图的个数:47
当前数据库执行队列数:0
当前发送队列缓存的对象数量:0
totalMemory：990904320, use ：408432784, free ：582471536DirectMemory：1827143680, 恢复 ：1
当前时间 ：2026-07-26 21:05:53send keng：-1, sheng ：4194304
decode keng：-1, sheng ：2097152
world keng：16, sheng ：1048576

2026-07-26 21:05:58.322 INFO [pool-6-thread-1][:] - /****************流量统计******************/
LastReadBytes:0
LastReadThroughput:0
LastWrittenBytes:0
LastWriteThroughput:0
RealWrittenBytes:0
RealWriteThroughput:0
当前玩家的连接数量:0
当前地图的线程个数：9
当前地图的个数:47
当前数据库执行队列数:0
当前发送队列缓存的对象数量:0
totalMemory：990904320, use ：412526248, free ：578378072DirectMemory：1827143680, 恢复 ：1
当前时间 ：2026-07-26 21:05:58send keng：-1, sheng ：4194304
decode keng：-1, sheng ：2097152
world keng：16, sheng ：1048576

2026-07-26 21:06:03.321 INFO [pool-6-thread-10][:] - /****************流量统计******************/
LastReadBytes:0
LastReadThroughput:0
LastWrittenBytes:0
LastWriteThroughput:0
RealWrittenBytes:0
RealWriteThroughput:0
当前玩家的连接数量:0
当前地图的线程个数：9
当前地图的个数:47
当前数据库执行队列数:0
当前发送队列缓存的对象数量:0
totalMemory：990904320, use ：415390064, free ：575514256DirectMemory：1827143680, 恢复 ：1
当前时间 ：2026-07-26 21:06:03send keng：-1, sheng ：4194304
decode keng：-1, sheng ：2097152
world keng：16, sheng ：1048576

2026-07-26 21:06:08.321 INFO [pool-6-thread-2][:] - /****************流量统计******************/
LastReadBytes:0
LastReadThroughput:0
LastWrittenBytes:0
LastWriteThroughput:0
RealWrittenBytes:0
RealWriteThroughput:0
当前玩家的连接数量:0
当前地图的线程个数：9
当前地图的个数:47
当前数据库执行队列数:0
当前发送队列缓存的对象数量:0
totalMemory：990904320, use ：418211256, free ：572693064DirectMemory：1827143680, 恢复 ：1
当前时间 ：2026-07-26 21:06:08send keng：-1, sheng ：4194304
decode keng：-1, sheng ：2097152
world keng：16, sheng ：1048576

2026-07-26 21:06:13.321 INFO [pool-6-thread-4][:] - /****************流量统计******************/
LastReadBytes:0
LastReadThroughput:0
LastWrittenBytes:0
LastWriteThroughput:0
RealWrittenBytes:0
RealWriteThroughput:0
当前玩家的连接数量:0
当前地图的线程个数：9
当前地图的个数:47
当前数据库执行队列数:0
当前发送队列缓存的对象数量:0
totalMemory：990904320, use ：422932256, free ：567972064DirectMemory：1827143680, 恢复 ：1
当前时间 ：2026-07-26 21:06:13send keng：-1, sheng ：4194304
decode keng：-1, sheng ：2097152
world keng：16, sheng ：1048576

2026-07-26 21:06:18.321 INFO [pool-6-thread-6][:] - /****************流量统计******************/
LastReadBytes:0
LastReadThroughput:0
LastWrittenBytes:0
LastWriteThroughput:0
RealWrittenBytes:0
RealWriteThroughput:0
当前玩家的连接数量:0
当前地图的线程个数：9
当前地图的个数:47
当前数据库执行队列数:0
当前发送队列缓存的对象数量:0
totalMemory：990904320, use ：425740472, free ：565163848DirectMemory：1827143680, 恢复 ：1
当前时间 ：2026-07-26 21:06:18send keng：-1, sheng ：4194304
decode keng：-1, sheng ：2097152
world keng：16, sheng ：1048576

2026-07-26 21:06:23.322 INFO [pool-6-thread-5][:] - /****************流量统计******************/
LastReadBytes:0
LastReadThroughput:0
LastWrittenBytes:0
LastWriteThroughput:0
RealWrittenBytes:0
RealWriteThroughput:0
当前玩家的连接数量:0
当前地图的线程个数：9
当前地图的个数:47
当前数据库执行队列数:0
当前发送队列缓存的对象数量:0
totalMemory：990904320, use ：428634896, free ：562269424DirectMemory：1827143680, 恢复 ：1
当前时间 ：2026-07-26 21:06:23send keng：-1, sheng ：4194304
decode keng：-1, sheng ：2097152
world keng：16, sheng ：1048576

2026-07-26 21:06:28.321 INFO [pool-6-thread-7][:] - /****************流量统计******************/
LastReadBytes:0
LastReadThroughput:0
LastWrittenBytes:0
LastWriteThroughput:0
RealWrittenBytes:0
RealWriteThroughput:0
当前玩家的连接数量:0
当前地图的线程个数：9
当前地图的个数:47
当前数据库执行队列数:0
当前发送队列缓存的对象数量:0
totalMemory：990904320, use ：430905472, free ：559998848DirectMemory：1827143680, 恢复 ：1
当前时间 ：2026-07-26 21:06:28send keng：-1, sheng ：4194304
decode keng：-1, sheng ：2097152
world keng：16, sheng ：1048576

2026-07-26 21:06:33.321 INFO [pool-6-thread-8][:] - /****************流量统计******************/
LastReadBytes:0
LastReadThroughput:0
LastWrittenBytes:0
LastWriteThroughput:0
RealWrittenBytes:0
RealWriteThroughput:0
当前玩家的连接数量:0
当前地图的线程个数：9
当前地图的个数:47
当前数据库执行队列数:0
当前发送队列缓存的对象数量:0
totalMemory：990904320, use ：435047240, free ：555857080DirectMemory：1827143680, 恢复 ：1
当前时间 ：2026-07-26 21:06:33send keng：-1, sheng ：4194304
decode keng：-1, sheng ：2097152
world keng：16, sheng ：1048576

2026-07-26 21:06:38.321 INFO [pool-6-thread-5][:] - /****************流量统计******************/
LastReadBytes:0
LastReadThroughput:0
LastWrittenBytes:0
LastWriteThroughput:0
RealWrittenBytes:0
RealWriteThroughput:0
当前玩家的连接数量:0
当前地图的线程个数：9
当前地图的个数:47
当前数据库执行队列数:0
当前发送队列缓存的对象数量:0
totalMemory：990904320, use ：437063592, free ：553840728DirectMemory：1827143680, 恢复 ：1
当前时间 ：2026-07-26 21:06:38send keng：-1, sheng ：4194304
decode keng：-1, sheng ：2097152
world keng：16, sheng ：1048576

2026-07-26 21:06:43.321 INFO [pool-6-thread-3][:] - /****************流量统计******************/
LastReadBytes:0
LastReadThroughput:0
LastWrittenBytes:0
LastWriteThroughput:0
RealWrittenBytes:0
RealWriteThroughput:0
当前玩家的连接数量:0
当前地图的线程个数：9
当前地图的个数:47
当前数据库执行队列数:0
当前发送队列缓存的对象数量:0
totalMemory：990904320, use ：440194608, free ：550709712DirectMemory：1827143680, 恢复 ：1
当前时间 ：2026-07-26 21:06:43send keng：-1, sheng ：4194304
decode keng：-1, sheng ：2097152
world keng：16, sheng ：1048576

2026-07-26 21:06:48.322 INFO [pool-6-thread-1][:] - /****************流量统计******************/
LastReadBytes:0
LastReadThroughput:0
LastWrittenBytes:0
LastWriteThroughput:0
RealWrittenBytes:0
RealWriteThroughput:0
当前玩家的连接数量:0
当前地图的线程个数：9
当前地图的个数:47
当前数据库执行队列数:0
当前发送队列缓存的对象数量:0
totalMemory：990904320, use ：443841568, free ：547062752DirectMemory：1827143680, 恢复 ：1
当前时间 ：2026-07-26 21:06:48send keng：-1, sheng ：4194304
decode keng：-1, sheng ：2097152
world keng：16, sheng ：1048576

2026-07-26 21:06:53.321 INFO [pool-6-thread-5][:] - /****************流量统计******************/
LastReadBytes:0
LastReadThroughput:0
LastWrittenBytes:0
LastWriteThroughput:0
RealWrittenBytes:0
RealWriteThroughput:0
当前玩家的连接数量:0
当前地图的线程个数：9
当前地图的个数:47
当前数据库执行队列数:0
当前发送队列缓存的对象数量:0
totalMemory：990904320, use ：446705288, free ：544199032DirectMemory：1827143680, 恢复 ：1
当前时间 ：2026-07-26 21:06:53send keng：-1, sheng ：4194304
decode keng：-1, sheng ：2097152
world keng：16, sheng ：1048576

2026-07-26 21:06:58.321 INFO [pool-6-thread-4][:] - /****************流量统计******************/
LastReadBytes:0
LastReadThroughput:0
LastWrittenBytes:0
LastWriteThroughput:0
RealWrittenBytes:0
RealWriteThroughput:0
当前玩家的连接数量:0
当前地图的线程个数：9
当前地图的个数:47
当前数据库执行队列数:0
当前发送队列缓存的对象数量:0
totalMemory：990904320, use ：450238520, free ：540665800DirectMemory：1827143680, 恢复 ：1
当前时间 ：2026-07-26 21:06:58send keng：-1, sheng ：4194304
decode keng：-1, sheng ：2097152
world keng：16, sheng ：1048576

2026-07-26 21:07:03.321 INFO [pool-6-thread-10][:] - /****************流量统计******************/
LastReadBytes:0
LastReadThroughput:0
LastWrittenBytes:0
LastWriteThroughput:0
RealWrittenBytes:0
RealWriteThroughput:0
当前玩家的连接数量:0
当前地图的线程个数：9
当前地图的个数:47
当前数据库执行队列数:0
当前发送队列缓存的对象数量:0
totalMemory：990904320, use ：452821992, free ：538082328DirectMemory：1827143680, 恢复 ：1
当前时间 ：2026-07-26 21:07:03send keng：-1, sheng ：4194304
decode keng：-1, sheng ：2097152
world keng：16, sheng ：1048576

2026-07-26 21:07:08.321 INFO [pool-6-thread-7][:] - /****************流量统计******************/
LastReadBytes:0
LastReadThroughput:0
LastWrittenBytes:0
LastWriteThroughput:0
RealWrittenBytes:0
RealWriteThroughput:0
当前玩家的连接数量:0
当前地图的线程个数：9
当前地图的个数:47
当前数据库执行队列数:0
当前发送队列缓存的对象数量:0
totalMemory：990904320, use ：456721080, free ：534183240DirectMemory：1827143680, 恢复 ：1
当前时间 ：2026-07-26 21:07:08send keng：-1, sheng ：4194304
decode keng：-1, sheng ：2097152
world keng：16, sheng ：1048576

2026-07-26 21:07:13.321 INFO [pool-6-thread-4][:] - /****************流量统计******************/
LastReadBytes:0
LastReadThroughput:0
LastWrittenBytes:0
LastWriteThroughput:0
RealWrittenBytes:0
RealWriteThroughput:0
当前玩家的连接数量:0
当前地图的线程个数：9
当前地图的个数:47
当前数据库执行队列数:0
当前发送队列缓存的对象数量:0
totalMemory：990904320, use ：458577656, free ：532326664DirectMemory：1827143680, 恢复 ：1
当前时间 ：2026-07-26 21:07:13send keng：-1, sheng ：4194304
decode keng：-1, sheng ：2097152
world keng：16, sheng ：1048576

2026-07-26 21:07:18.322 INFO [pool-6-thread-8][:] - /****************流量统计******************/
LastReadBytes:0
LastReadThroughput:0
LastWrittenBytes:0
LastWriteThroughput:0
RealWrittenBytes:0
RealWriteThroughput:0
当前玩家的连接数量:0
当前地图的线程个数：9
当前地图的个数:47
当前数据库执行队列数:0
当前发送队列缓存的对象数量:0
totalMemory：990904320, use ：470075000, free ：520829320DirectMemory：1827143680, 恢复 ：1
当前时间 ：2026-07-26 21:07:18send keng：-1, sheng ：4194304
decode keng：-1, sheng ：2097152
world keng：16, sheng ：1048576

2026-07-26 21:07:23.321 INFO [pool-6-thread-1][:] - /****************流量统计******************/
LastReadBytes:0
LastReadThroughput:0
LastWrittenBytes:0
LastWriteThroughput:0
RealWrittenBytes:0
RealWriteThroughput:0
当前玩家的连接数量:0
当前地图的线程个数：9
当前地图的个数:47
当前数据库执行队列数:0
当前发送队列缓存的对象数量:0
totalMemory：990904320, use ：472811656, free ：518092664DirectMemory：1827143680, 恢复 ：1
当前时间 ：2026-07-26 21:07:23send keng：-1, sheng ：4194304
decode keng：-1, sheng ：2097152
world keng：16, sheng ：1048576

2026-07-26 21:07:28.321 INFO [pool-6-thread-3][:] - /****************流量统计******************/
LastReadBytes:0
LastReadThroughput:0
LastWrittenBytes:0
LastWriteThroughput:0
RealWrittenBytes:0
RealWriteThroughput:0
当前玩家的连接数量:0
当前地图的线程个数：9
当前地图的个数:47
当前数据库执行队列数:0
当前发送队列缓存的对象数量:0
totalMemory：990904320, use ：476168064, free ：514736256DirectMemory：1827143680, 恢复 ：1
当前时间 ：2026-07-26 21:07:28send keng：-1, sheng ：4194304
decode keng：-1, sheng ：2097152
world keng：16, sheng ：1048576

2026-07-26 21:07:33.321 INFO [pool-6-thread-4][:] - /****************流量统计******************/
LastReadBytes:0
LastReadThroughput:0
LastWrittenBytes:0
LastWriteThroughput:0
RealWrittenBytes:0
RealWriteThroughput:0
当前玩家的连接数量:0
当前地图的线程个数：9
当前地图的个数:47
当前数据库执行队列数:0
当前发送队列缓存的对象数量:0
totalMemory：990904320, use ：479341024, free ：511563296DirectMemory：1827143680, 恢复 ：1
当前时间 ：2026-07-26 21:07:33send keng：-1, sheng ：4194304
decode keng：-1, sheng ：2097152
world keng：16, sheng ：1048576

2026-07-26 21:07:38.321 INFO [pool-6-thread-9][:] - /****************流量统计******************/
LastReadBytes:0
LastReadThroughput:0
LastWrittenBytes:0
LastWriteThroughput:0
RealWrittenBytes:0
RealWriteThroughput:0
当前玩家的连接数量:0
当前地图的线程个数：9
当前地图的个数:47
当前数据库执行队列数:0
当前发送队列缓存的对象数量:0
totalMemory：990904320, use ：482266504, free ：508637816DirectMemory：1827143680, 恢复 ：1
当前时间 ：2026-07-26 21:07:38send keng：-1, sheng ：4194304
decode keng：-1, sheng ：2097152
world keng：16, sheng ：1048576

2026-07-26 21:07:43.321 INFO [pool-6-thread-10][:] - /****************流量统计******************/
LastReadBytes:0
LastReadThroughput:0
LastWrittenBytes:0
LastWriteThroughput:0
RealWrittenBytes:0
RealWriteThroughput:0
当前玩家的连接数量:0
当前地图的线程个数：9
当前地图的个数:47
当前数据库执行队列数:0
当前发送队列缓存的对象数量:0
totalMemory：990904320, use ：485938352, free ：504965968DirectMemory：1827143680, 恢复 ：1
当前时间 ：2026-07-26 21:07:43send keng：-1, sheng ：4194304
decode keng：-1, sheng ：2097152
world keng：16, sheng ：1048576

2026-07-26 21:07:48.321 INFO [pool-6-thread-7][:] - /****************流量统计******************/
LastReadBytes:0
LastReadThroughput:0
LastWrittenBytes:0
LastWriteThroughput:0
RealWrittenBytes:0
RealWriteThroughput:0
当前玩家的连接数量:0
当前地图的线程个数：9
当前地图的个数:47
当前数据库执行队列数:0
当前发送队列缓存的对象数量:0
totalMemory：990904320, use ：487787040, free ：503117280DirectMemory：1827143680, 恢复 ：1
当前时间 ：2026-07-26 21:07:48send keng：-1, sheng ：4194304
decode keng：-1, sheng ：2097152
world keng：16, sheng ：1048576

2026-07-26 21:07:53.321 INFO [pool-6-thread-4][:] - /****************流量统计******************/
LastReadBytes:0
LastReadThroughput:0
LastWrittenBytes:0
LastWriteThroughput:0
RealWrittenBytes:0
RealWriteThroughput:0
当前玩家的连接数量:0
当前地图的线程个数：9
当前地图的个数:47
当前数据库执行队列数:0
当前发送队列缓存的对象数量:0
totalMemory：990904320, use ：492237144, free ：498667176DirectMemory：1827143680, 恢复 ：1
当前时间 ：2026-07-26 21:07:53send keng：-1, sheng ：4194304
decode keng：-1, sheng ：2097152
world keng：16, sheng ：1048576

2026-07-26 21:07:58.321 INFO [pool-6-thread-3][:] - /****************流量统计******************/
LastReadBytes:0
LastReadThroughput:0
LastWrittenBytes:0
LastWriteThroughput:0
RealWrittenBytes:0
RealWriteThroughput:0
当前玩家的连接数量:0
当前地图的线程个数：9
当前地图的个数:47
当前数据库执行队列数:0
当前发送队列缓存的对象数量:0
totalMemory：990904320, use ：495023704, free ：495880616DirectMemory：1827143680, 恢复 ：1
当前时间 ：2026-07-26 21:07:58send keng：-1, sheng ：4194304
decode keng：-1, sheng ：2097152
world keng：16, sheng ：1048576

2026-07-26 21:08:03.321 INFO [pool-6-thread-6][:] - /****************流量统计******************/
LastReadBytes:0
LastReadThroughput:0
LastWrittenBytes:0
LastWriteThroughput:0
RealWrittenBytes:0
RealWriteThroughput:0
当前玩家的连接数量:0
当前地图的线程个数：9
当前地图的个数:47
当前数据库执行队列数:0
当前发送队列缓存的对象数量:0
totalMemory：990904320, use ：498624832, free ：492279488DirectMemory：1827143680, 恢复 ：1
当前时间 ：2026-07-26 21:08:03send keng：-1, sheng ：4194304
decode keng：-1, sheng ：2097152
world keng：16, sheng ：1048576

2026-07-26 21:08:08.321 INFO [pool-6-thread-4][:] - /****************流量统计******************/
LastReadBytes:0
LastReadThroughput:0
LastWrittenBytes:0
LastWriteThroughput:0
RealWrittenBytes:0
RealWriteThroughput:0
当前玩家的连接数量:0
当前地图的线程个数：9
当前地图的个数:47
当前数据库执行队列数:0
当前发送队列缓存的对象数量:0
totalMemory：990904320, use ：499990712, free ：490913608DirectMemory：1827143680, 恢复 ：1
当前时间 ：2026-07-26 21:08:08send keng：-1, sheng ：4194304
decode keng：-1, sheng ：2097152
world keng：16, sheng ：1048576

2026-07-26 21:08:13.321 INFO [pool-6-thread-6][:] - /****************流量统计******************/
LastReadBytes:0
LastReadThroughput:0
LastWrittenBytes:0
LastWriteThroughput:0
RealWrittenBytes:0
RealWriteThroughput:0
当前玩家的连接数量:0
当前地图的线程个数：9
当前地图的个数:47
当前数据库执行队列数:0
当前发送队列缓存的对象数量:0
totalMemory：990904320, use ：505171592, free ：485732728DirectMemory：1827143680, 恢复 ：1
当前时间 ：2026-07-26 21:08:13send keng：-1, sheng ：4194304
decode keng：-1, sheng ：2097152
world keng：16, sheng ：1048576

2026-07-26 21:08:18.321 INFO [pool-6-thread-5][:] - /****************流量统计******************/
LastReadBytes:0
LastReadThroughput:0
LastWrittenBytes:0
LastWriteThroughput:0
RealWrittenBytes:0
RealWriteThroughput:0
当前玩家的连接数量:0
当前地图的线程个数：9
当前地图的个数:47
当前数据库执行队列数:0
当前发送队列缓存的对象数量:0
totalMemory：990904320, use ：507101496, free ：483802824DirectMemory：1827143680, 恢复 ：1
当前时间 ：2026-07-26 21:08:18send keng：-1, sheng ：4194304
decode keng：-1, sheng ：2097152
world keng：16, sheng ：1048576

2026-07-26 21:08:23.321 INFO [pool-6-thread-7][:] - /****************流量统计******************/
LastReadBytes:0
LastReadThroughput:0
LastWrittenBytes:0
LastWriteThroughput:0
RealWrittenBytes:0
RealWriteThroughput:0
当前玩家的连接数量:0
当前地图的线程个数：9
当前地图的个数:47
当前数据库执行队列数:0
当前发送队列缓存的对象数量:0
totalMemory：990904320, use ：510413152, free ：480491168DirectMemory：1827143680, 恢复 ：1
当前时间 ：2026-07-26 21:08:23send keng：-1, sheng ：4194304
decode keng：-1, sheng ：2097152
world keng：16, sheng ：1048576

2026-07-26 21:08:28.321 INFO [pool-6-thread-6][:] - /****************流量统计******************/
LastReadBytes:0
LastReadThroughput:0
LastWrittenBytes:0
LastWriteThroughput:0
RealWrittenBytes:0
RealWriteThroughput:0
当前玩家的连接数量:0
当前地图的线程个数：9
当前地图的个数:47
当前数据库执行队列数:0
当前发送队列缓存的对象数量:0
totalMemory：990904320, use ：513153344, free ：477750976DirectMemory：1827143680, 恢复 ：1
当前时间 ：2026-07-26 21:08:28send keng：-1, sheng ：4194304
decode keng：-1, sheng ：2097152
world keng：16, sheng ：1048576

2026-07-26 21:08:33.321 INFO [pool-6-thread-1][:] - /****************流量统计******************/
LastReadBytes:0
LastReadThroughput:0
LastWrittenBytes:0
LastWriteThroughput:0
RealWrittenBytes:0
RealWriteThroughput:0
当前玩家的连接数量:0
当前地图的线程个数：9
当前地图的个数:47
当前数据库执行队列数:0
当前发送队列缓存的对象数量:0
totalMemory：990904320, use ：515580592, free ：475323728DirectMemory：1827143680, 恢复 ：1
当前时间 ：2026-07-26 21:08:33send keng：-1, sheng ：4194304
decode keng：-1, sheng ：2097152
world keng：16, sheng ：1048576

2026-07-26 21:08:38.321 INFO [pool-6-thread-2][:] - /****************流量统计******************/
LastReadBytes:0
LastReadThroughput:0
LastWrittenBytes:0
LastWriteThroughput:0
RealWrittenBytes:0
RealWriteThroughput:0
当前玩家的连接数量:0
当前地图的线程个数：9
当前地图的个数:47
当前数据库执行队列数:0
当前发送队列缓存的对象数量:0
totalMemory：990904320, use ：520166120, free ：470738200DirectMemory：1827143680, 恢复 ：1
当前时间 ：2026-07-26 21:08:38send keng：-1, sheng ：4194304
decode keng：-1, sheng ：2097152
world keng：16, sheng ：1048576

2026-07-26 21:08:43.321 INFO [pool-6-thread-4][:] - /****************流量统计******************/
LastReadBytes:0
LastReadThroughput:0
LastWrittenBytes:0
LastWriteThroughput:0
RealWrittenBytes:0
RealWriteThroughput:0
当前玩家的连接数量:0
当前地图的线程个数：9
当前地图的个数:47
当前数据库执行队列数:0
当前发送队列缓存的对象数量:0
totalMemory：990904320, use ：521986200, free ：468918120DirectMemory：1827143680, 恢复 ：1
当前时间 ：2026-07-26 21:08:43send keng：-1, sheng ：4194304
decode keng：-1, sheng ：2097152
world keng：16, sheng ：1048576

2026-07-26 21:08:48.321 INFO [pool-6-thread-4][:] - /****************流量统计******************/
LastReadBytes:0
LastReadThroughput:0
LastWrittenBytes:0
LastWriteThroughput:0
RealWrittenBytes:0
RealWriteThroughput:0
当前玩家的连接数量:0
当前地图的线程个数：9
当前地图的个数:47
当前数据库执行队列数:0
当前发送队列缓存的对象数量:0
totalMemory：990904320, use ：532983344, free ：457920976DirectMemory：1827143680, 恢复 ：1
当前时间 ：2026-07-26 21:08:48send keng：-1, sheng ：4194304
decode keng：-1, sheng ：2097152
world keng：16, sheng ：1048576

2026-07-26 21:08:53.321 INFO [pool-6-thread-7][:] - /****************流量统计******************/
LastReadBytes:0
LastReadThroughput:0
LastWrittenBytes:0
LastWriteThroughput:0
RealWrittenBytes:0
RealWriteThroughput:0
当前玩家的连接数量:0
当前地图的线程个数：9
当前地图的个数:47
当前数据库执行队列数:0
当前发送队列缓存的对象数量:0
totalMemory：990904320, use ：536174600, free ：454729720DirectMemory：1827143680, 恢复 ：1
当前时间 ：2026-07-26 21:08:53send keng：-1, sheng ：4194304
decode keng：-1, sheng ：2097152
world keng：16, sheng ：1048576

2026-07-26 21:08:58.321 INFO [pool-6-thread-8][:] - /****************流量统计******************/
LastReadBytes:0
LastReadThroughput:0
LastWrittenBytes:0
LastWriteThroughput:0
RealWrittenBytes:0
RealWriteThroughput:0
当前玩家的连接数量:0
当前地图的线程个数：9
当前地图的个数:47
当前数据库执行队列数:0
当前发送队列缓存的对象数量:0
totalMemory：990904320, use ：539721136, free ：451183184DirectMemory：1827143680, 恢复 ：1
当前时间 ：2026-07-26 21:08:58send keng：-1, sheng ：4194304
decode keng：-1, sheng ：2097152
world keng：16, sheng ：1048576

2026-07-26 21:09:03.321 INFO [pool-6-thread-5][:] - /****************流量统计******************/
LastReadBytes:0
LastReadThroughput:0
LastWrittenBytes:0
LastWriteThroughput:0
RealWrittenBytes:0
RealWriteThroughput:0
当前玩家的连接数量:0
当前地图的线程个数：9
当前地图的个数:47
当前数据库执行队列数:0
当前发送队列缓存的对象数量:0
totalMemory：990904320, use ：542710048, free ：448194272DirectMemory：1827143680, 恢复 ：1
当前时间 ：2026-07-26 21:09:03send keng：-1, sheng ：4194304
decode keng：-1, sheng ：2097152
world keng：16, sheng ：1048576

2026-07-26 21:09:08.321 INFO [pool-6-thread-10][:] - /****************流量统计******************/
LastReadBytes:0
LastReadThroughput:0
LastWrittenBytes:0
LastWriteThroughput:0
RealWrittenBytes:0
RealWriteThroughput:0
当前玩家的连接数量:0
当前地图的线程个数：9
当前地图的个数:47
当前数据库执行队列数:0
当前发送队列缓存的对象数量:0
totalMemory：990904320, use ：546925064, free ：443979256DirectMemory：1827143680, 恢复 ：1
当前时间 ：2026-07-26 21:09:08send keng：-1, sheng ：4194304
decode keng：-1, sheng ：2097152
world keng：16, sheng ：1048576

2026-07-26 21:09:13.321 INFO [pool-6-thread-8][:] - /****************流量统计******************/
LastReadBytes:0
LastReadThroughput:0
LastWrittenBytes:0
LastWriteThroughput:0
RealWrittenBytes:0
RealWriteThroughput:0
当前玩家的连接数量:0
当前地图的线程个数：9
当前地图的个数:47
当前数据库执行队列数:0
当前发送队列缓存的对象数量:0
totalMemory：990904320, use ：547955976, free ：442948344DirectMemory：1827143680, 恢复 ：1
当前时间 ：2026-07-26 21:09:13send keng：-1, sheng ：4194304
decode keng：-1, sheng ：2097152
world keng：16, sheng ：1048576

2026-07-26 21:09:18.321 INFO [pool-6-thread-8][:] - /****************流量统计******************/
LastReadBytes:0
LastReadThroughput:0
LastWrittenBytes:0
LastWriteThroughput:0
RealWrittenBytes:0
RealWriteThroughput:0
当前玩家的连接数量:0
当前地图的线程个数：9
当前地图的个数:47
当前数据库执行队列数:0
当前发送队列缓存的对象数量:0
totalMemory：990904320, use ：551499640, free ：439404680DirectMemory：1827143680, 恢复 ：1
当前时间 ：2026-07-26 21:09:18send keng：-1, sheng ：4194304
decode keng：-1, sheng ：2097152
world keng：16, sheng ：1048576

2026-07-26 21:09:23.321 INFO [pool-6-thread-1][:] - /****************流量统计******************/
LastReadBytes:0
LastReadThroughput:0
LastWrittenBytes:0
LastWriteThroughput:0
RealWrittenBytes:0
RealWriteThroughput:0
当前玩家的连接数量:0
当前地图的线程个数：9
当前地图的个数:47
当前数据库执行队列数:0
当前发送队列缓存的对象数量:0
totalMemory：990904320, use ：555207312, free ：435697008DirectMemory：1827143680, 恢复 ：1
当前时间 ：2026-07-26 21:09:23send keng：-1, sheng ：4194304
decode keng：-1, sheng ：2097152
world keng：16, sheng ：1048576

2026-07-26 21:09:28.321 INFO [pool-6-thread-10][:] - /****************流量统计******************/
LastReadBytes:0
LastReadThroughput:0
LastWrittenBytes:0
LastWriteThroughput:0
RealWrittenBytes:0
RealWriteThroughput:0
当前玩家的连接数量:0
当前地图的线程个数：9
当前地图的个数:47
当前数据库执行队列数:0
当前发送队列缓存的对象数量:0
totalMemory：990904320, use ：558155416, free ：432748904DirectMemory：1827143680, 恢复 ：1
当前时间 ：2026-07-26 21:09:28send keng：-1, sheng ：4194304
decode keng：-1, sheng ：2097152
world keng：16, sheng ：1048576

2026-07-26 21:09:33.321 INFO [pool-6-thread-9][:] - /****************流量统计******************/
LastReadBytes:0
LastReadThroughput:0
LastWrittenBytes:0
LastWriteThroughput:0
RealWrittenBytes:0
RealWriteThroughput:0
当前玩家的连接数量:0
当前地图的线程个数：9
当前地图的个数:47
当前数据库执行队列数:0
当前发送队列缓存的对象数量:0
totalMemory：990904320, use ：562004344, free ：428899976DirectMemory：1827143680, 恢复 ：1
当前时间 ：2026-07-26 21:09:33send keng：-1, sheng ：4194304
decode keng：-1, sheng ：2097152
world keng：16, sheng ：1048576

2026-07-26 21:09:38.321 INFO [pool-6-thread-9][:] - /****************流量统计******************/
LastReadBytes:0
LastReadThroughput:0
LastWrittenBytes:0
LastWriteThroughput:0
RealWrittenBytes:0
RealWriteThroughput:0
当前玩家的连接数量:0
当前地图的线程个数：9
当前地图的个数:47
当前数据库执行队列数:0
当前发送队列缓存的对象数量:0
totalMemory：990904320, use ：563289640, free ：427614680DirectMemory：1827143680, 恢复 ：1
当前时间 ：2026-07-26 21:09:38send keng：-1, sheng ：4194304
decode keng：-1, sheng ：2097152
world keng：16, sheng ：1048576

2026-07-26 21:09:43.321 INFO [pool-6-thread-5][:] - /****************流量统计******************/
LastReadBytes:0
LastReadThroughput:0
LastWrittenBytes:0
LastWriteThroughput:0
RealWrittenBytes:0
RealWriteThroughput:0
当前玩家的连接数量:0
当前地图的线程个数：9
当前地图的个数:47
当前数据库执行队列数:0
当前发送队列缓存的对象数量:0
totalMemory：990904320, use ：567849792, free ：423054528DirectMemory：1827143680, 恢复 ：1
当前时间 ：2026-07-26 21:09:43send keng：-1, sheng ：4194304
decode keng：-1, sheng ：2097152
world keng：16, sheng ：1048576

2026-07-26 21:09:48.321 INFO [pool-6-thread-7][:] - /****************流量统计******************/
LastReadBytes:0
LastReadThroughput:0
LastWrittenBytes:0
LastWriteThroughput:0
RealWrittenBytes:0
RealWriteThroughput:0
当前玩家的连接数量:0
当前地图的线程个数：9
当前地图的个数:47
当前数据库执行队列数:0
当前发送队列缓存的对象数量:0
totalMemory：990904320, use ：570069160, free ：420835160DirectMemory：1827143680, 恢复 ：1
当前时间 ：2026-07-26 21:09:48send keng：-1, sheng ：4194304
decode keng：-1, sheng ：2097152
world keng：16, sheng ：1048576

2026-07-26 21:09:53.321 INFO [pool-6-thread-9][:] - /****************流量统计******************/
LastReadBytes:0
LastReadThroughput:0
LastWrittenBytes:0
LastWriteThroughput:0
RealWrittenBytes:0
RealWriteThroughput:0
当前玩家的连接数量:0
当前地图的线程个数：9
当前地图的个数:47
当前数据库执行队列数:0
当前发送队列缓存的对象数量:0
totalMemory：990904320, use ：573105120, free ：417799200DirectMemory：1827143680, 恢复 ：1
当前时间 ：2026-07-26 21:09:53send keng：-1, sheng ：4194304
decode keng：-1, sheng ：2097152
world keng：16, sheng ：1048576

2026-07-26 21:09:58.321 INFO [pool-6-thread-10][:] - /****************流量统计******************/
LastReadBytes:0
LastReadThroughput:0
LastWrittenBytes:0
LastWriteThroughput:0
RealWrittenBytes:0
RealWriteThroughput:0
当前玩家的连接数量:0
当前地图的线程个数：9
当前地图的个数:47
当前数据库执行队列数:0
当前发送队列缓存的对象数量:0
totalMemory：990904320, use ：576273352, free ：414630968DirectMemory：1827143680, 恢复 ：1
当前时间 ：2026-07-26 21:09:58send keng：-1, sheng ：4194304
decode keng：-1, sheng ：2097152
world keng：16, sheng ：1048576

2026-07-26 21:10:03.321 INFO [pool-6-thread-8][:] - /****************流量统计******************/
LastReadBytes:0
LastReadThroughput:0
LastWrittenBytes:0
LastWriteThroughput:0
RealWrittenBytes:0
RealWriteThroughput:0
当前玩家的连接数量:0
当前地图的线程个数：9
当前地图的个数:47
当前数据库执行队列数:0
当前发送队列缓存的对象数量:0
totalMemory：990904320, use ：578919080, free ：411985240DirectMemory：1827143680, 恢复 ：1
当前时间 ：2026-07-26 21:10:03send keng：-1, sheng ：4194304
decode keng：-1, sheng ：2097152
world keng：16, sheng ：1048576

2026-07-26 21:10:08.321 INFO [pool-6-thread-4][:] - /****************流量统计******************/
LastReadBytes:0
LastReadThroughput:0
LastWrittenBytes:0
LastWriteThroughput:0
RealWrittenBytes:0
RealWriteThroughput:0
当前玩家的连接数量:0
当前地图的线程个数：9
当前地图的个数:47
当前数据库执行队列数:0
当前发送队列缓存的对象数量:0
totalMemory：990904320, use ：582607288, free ：408297032DirectMemory：1827143680, 恢复 ：1
当前时间 ：2026-07-26 21:10:08send keng：-1, sheng ：4194304
decode keng：-1, sheng ：2097152
world keng：16, sheng ：1048576

2026-07-26 21:10:13.321 INFO [pool-6-thread-8][:] - /****************流量统计******************/
LastReadBytes:0
LastReadThroughput:0
LastWrittenBytes:0
LastWriteThroughput:0
RealWrittenBytes:0
RealWriteThroughput:0
当前玩家的连接数量:0
当前地图的线程个数：9
当前地图的个数:47
当前数据库执行队列数:0
当前发送队列缓存的对象数量:0
totalMemory：990904320, use ：585964368, free ：404939952DirectMemory：1827143680, 恢复 ：1
当前时间 ：2026-07-26 21:10:13send keng：-1, sheng ：4194304
decode keng：-1, sheng ：2097152
world keng：16, sheng ：1048576

2026-07-26 21:10:18.321 INFO [pool-6-thread-2][:] - /****************流量统计******************/
LastReadBytes:0
LastReadThroughput:0
LastWrittenBytes:0
LastWriteThroughput:0
RealWrittenBytes:0
RealWriteThroughput:0
当前玩家的连接数量:0
当前地图的线程个数：9
当前地图的个数:47
当前数据库执行队列数:0
当前发送队列缓存的对象数量:0
totalMemory：990904320, use ：593826864, free ：397077456DirectMemory：1827143680, 恢复 ：1
当前时间 ：2026-07-26 21:10:18send keng：-1, sheng ：4194304
decode keng：-1, sheng ：2097152
world keng：16, sheng ：1048576

2026-07-26 21:10:23.321 INFO [pool-6-thread-8][:] - /****************流量统计******************/
LastReadBytes:0
LastReadThroughput:0
LastWrittenBytes:0
LastWriteThroughput:0
RealWrittenBytes:0
RealWriteThroughput:0
当前玩家的连接数量:0
当前地图的线程个数：9
当前地图的个数:47
当前数据库执行队列数:0
当前发送队列缓存的对象数量:0
totalMemory：990904320, use ：598846968, free ：392057352DirectMemory：1827143680, 恢复 ：1
当前时间 ：2026-07-26 21:10:23send keng：-1, sheng ：4194304
decode keng：-1, sheng ：2097152
world keng：16, sheng ：1048576

2026-07-26 21:10:28.321 INFO [pool-6-thread-10][:] - /****************流量统计******************/
LastReadBytes:0
LastReadThroughput:0
LastWrittenBytes:0
LastWriteThroughput:0
RealWrittenBytes:0
RealWriteThroughput:0
当前玩家的连接数量:0
当前地图的线程个数：9
当前地图的个数:47
当前数据库执行队列数:0
当前发送队列缓存的对象数量:0
totalMemory：990904320, use ：602775592, free ：388128728DirectMemory：1827143680, 恢复 ：1
当前时间 ：2026-07-26 21:10:28send keng：-1, sheng ：4194304
decode keng：-1, sheng ：2097152
world keng：16, sheng ：1048576

2026-07-26 21:10:33.321 INFO [pool-6-thread-4][:] - /****************流量统计******************/
LastReadBytes:0
LastReadThroughput:0
LastWrittenBytes:0
LastWriteThroughput:0
RealWrittenBytes:0
RealWriteThroughput:0
当前玩家的连接数量:0
当前地图的线程个数：9
当前地图的个数:47
当前数据库执行队列数:0
当前发送队列缓存的对象数量:0
totalMemory：990904320, use ：604760864, free ：386143456DirectMemory：1827143680, 恢复 ：1
当前时间 ：2026-07-26 21:10:33send keng：-1, sheng ：4194304
decode keng：-1, sheng ：2097152
world keng：16, sheng ：1048576

2026-07-26 21:10:38.321 INFO [pool-6-thread-2][:] - /****************流量统计******************/
LastReadBytes:0
LastReadThroughput:0
LastWrittenBytes:0
LastWriteThroughput:0
RealWrittenBytes:0
RealWriteThroughput:0
当前玩家的连接数量:0
当前地图的线程个数：9
当前地图的个数:47
当前数据库执行队列数:0
当前发送队列缓存的对象数量:0
totalMemory：990904320, use ：608911976, free ：381992344DirectMemory：1827143680, 恢复 ：1
当前时间 ：2026-07-26 21:10:38send keng：-1, sheng ：4194304
decode keng：-1, sheng ：2097152
world keng：16, sheng ：1048576

2026-07-26 21:10:43.321 INFO [pool-6-thread-1][:] - /****************流量统计******************/
LastReadBytes:0
LastReadThroughput:0
LastWrittenBytes:0
LastWriteThroughput:0
RealWrittenBytes:0
RealWriteThroughput:0
当前玩家的连接数量:0
当前地图的线程个数：9
当前地图的个数:47
当前数据库执行队列数:0
当前发送队列缓存的对象数量:0
totalMemory：990904320, use ：611984152, free ：378920168DirectMemory：1827143680, 恢复 ：1
当前时间 ：2026-07-26 21:10:43send keng：-1, sheng ：4194304
decode keng：-1, sheng ：2097152
world keng：16, sheng ：1048576

2026-07-26 21:10:48.321 INFO [pool-6-thread-6][:] - /****************流量统计******************/
LastReadBytes:0
LastReadThroughput:0
LastWrittenBytes:0
LastWriteThroughput:0
RealWrittenBytes:0
RealWriteThroughput:0
当前玩家的连接数量:0
当前地图的线程个数：9
当前地图的个数:47
当前数据库执行队列数:0
当前发送队列缓存的对象数量:0
totalMemory：990904320, use ：615160128, free ：375744192DirectMemory：1827143680, 恢复 ：1
当前时间 ：2026-07-26 21:10:48send keng：-1, sheng ：4194304
decode keng：-1, sheng ：2097152
world keng：16, sheng ：1048576

2026-07-26 21:10:53.321 INFO [pool-6-thread-1][:] - /****************流量统计******************/
LastReadBytes:0
LastReadThroughput:0
LastWrittenBytes:0
LastWriteThroughput:0
RealWrittenBytes:0
RealWriteThroughput:0
当前玩家的连接数量:0
当前地图的线程个数：9
当前地图的个数:47
当前数据库执行队列数:0
当前发送队列缓存的对象数量:0
totalMemory：990904320, use ：619151600, free ：371752720DirectMemory：1827143680, 恢复 ：1
当前时间 ：2026-07-26 21:10:53send keng：-1, sheng ：4194304
decode keng：-1, sheng ：2097152
world keng：16, sheng ：1048576

2026-07-26 21:10:58.321 INFO [pool-6-thread-7][:] - /****************流量统计******************/
LastReadBytes:0
LastReadThroughput:0
LastWrittenBytes:0
LastWriteThroughput:0
RealWrittenBytes:0
RealWriteThroughput:0
当前玩家的连接数量:0
当前地图的线程个数：9
当前地图的个数:47
当前数据库执行队列数:0
当前发送队列缓存的对象数量:0
totalMemory：990904320, use ：621707592, free ：369196728DirectMemory：1827143680, 恢复 ：1
当前时间 ：2026-07-26 21:10:58send keng：-1, sheng ：4194304
decode keng：-1, sheng ：2097152
world keng：16, sheng ：1048576

2026-07-26 21:11:03.321 INFO [pool-6-thread-5][:] - /****************流量统计******************/
LastReadBytes:0
LastReadThroughput:0
LastWrittenBytes:0
LastWriteThroughput:0
RealWrittenBytes:0
RealWriteThroughput:0
当前玩家的连接数量:0
当前地图的线程个数：9
当前地图的个数:47
当前数据库执行队列数:0
当前发送队列缓存的对象数量:0
totalMemory：990904320, use ：624505096, free ：366399224DirectMemory：1827143680, 恢复 ：1
当前时间 ：2026-07-26 21:11:03send keng：-1, sheng ：4194304
decode keng：-1, sheng ：2097152
world keng：16, sheng ：1048576

2026-07-26 21:11:08.321 INFO [pool-6-thread-10][:] - /****************流量统计******************/
LastReadBytes:0
LastReadThroughput:0
LastWrittenBytes:0
LastWriteThroughput:0
RealWrittenBytes:0
RealWriteThroughput:0
当前玩家的连接数量:0
当前地图的线程个数：9
当前地图的个数:47
当前数据库执行队列数:0
当前发送队列缓存的对象数量:0
totalMemory：990904320, use ：627622272, free ：363282048DirectMemory：1827143680, 恢复 ：1
当前时间 ：2026-07-26 21:11:08send keng：-1, sheng ：4194304
decode keng：-1, sheng ：2097152
world keng：16, sheng ：1048576

2026-07-26 21:11:13.321 INFO [pool-6-thread-10][:] - /****************流量统计******************/
LastReadBytes:0
LastReadThroughput:0
LastWrittenBytes:0
LastWriteThroughput:0
RealWrittenBytes:0
RealWriteThroughput:0
当前玩家的连接数量:0
当前地图的线程个数：9
当前地图的个数:47
当前数据库执行队列数:0
当前发送队列缓存的对象数量:0
totalMemory：990904320, use ：629729496, free ：361174824DirectMemory：1827143680, 恢复 ：1
当前时间 ：2026-07-26 21:11:13send keng：-1, sheng ：4194304
decode keng：-1, sheng ：2097152
world keng：16, sheng ：1048576

2026-07-26 21:11:18.321 INFO [pool-6-thread-8][:] - /****************流量统计******************/
LastReadBytes:0
LastReadThroughput:0
LastWrittenBytes:0
LastWriteThroughput:0
RealWrittenBytes:0
RealWriteThroughput:0
当前玩家的连接数量:0
当前地图的线程个数：9
当前地图的个数:47
当前数据库执行队列数:0
当前发送队列缓存的对象数量:0
totalMemory：990904320, use ：634033040, free ：356871280DirectMemory：1827143680, 恢复 ：1
当前时间 ：2026-07-26 21:11:18send keng：-1, sheng ：4194304
decode keng：-1, sheng ：2097152
world keng：16, sheng ：1048576

2026-07-26 21:11:23.321 INFO [pool-6-thread-6][:] - /****************流量统计******************/
LastReadBytes:0
LastReadThroughput:0
LastWrittenBytes:0
LastWriteThroughput:0
RealWrittenBytes:0
RealWriteThroughput:0
当前玩家的连接数量:0
当前地图的线程个数：9
当前地图的个数:47
当前数据库执行队列数:0
当前发送队列缓存的对象数量:0
totalMemory：990904320, use ：635702144, free ：355202176DirectMemory：1827143680, 恢复 ：1
当前时间 ：2026-07-26 21:11:23send keng：-1, sheng ：4194304
decode keng：-1, sheng ：2097152
world keng：16, sheng ：1048576

2026-07-26 21:11:28.321 INFO [pool-6-thread-8][:] - /****************流量统计******************/
LastReadBytes:0
LastReadThroughput:0
LastWrittenBytes:0
LastWriteThroughput:0
RealWrittenBytes:0
RealWriteThroughput:0
当前玩家的连接数量:0
当前地图的线程个数：9
当前地图的个数:47
当前数据库执行队列数:0
当前发送队列缓存的对象数量:0
totalMemory：990904320, use ：640026000, free ：350878320DirectMemory：1827143680, 恢复 ：1
当前时间 ：2026-07-26 21:11:28send keng：-1, sheng ：4194304
decode keng：-1, sheng ：2097152
world keng：16, sheng ：1048576

2026-07-26 21:11:33.321 INFO [pool-6-thread-1][:] - /****************流量统计******************/
LastReadBytes:0
LastReadThroughput:0
LastWrittenBytes:0
LastWriteThroughput:0
RealWrittenBytes:0
RealWriteThroughput:0
当前玩家的连接数量:0
当前地图的线程个数：9
当前地图的个数:47
当前数据库执行队列数:0
当前发送队列缓存的对象数量:0
totalMemory：990904320, use ：642518472, free ：348385848DirectMemory：1827143680, 恢复 ：1
当前时间 ：2026-07-26 21:11:33send keng：-1, sheng ：4194304
decode keng：-1, sheng ：2097152
world keng：16, sheng ：1048576

2026-07-26 21:11:38.321 INFO [pool-6-thread-9][:] - /****************流量统计******************/
LastReadBytes:0
LastReadThroughput:0
LastWrittenBytes:0
LastWriteThroughput:0
RealWrittenBytes:0
RealWriteThroughput:0
当前玩家的连接数量:0
当前地图的线程个数：9
当前地图的个数:47
当前数据库执行队列数:0
当前发送队列缓存的对象数量:0
totalMemory：990904320, use ：645406912, free ：345497408DirectMemory：1827143680, 恢复 ：1
当前时间 ：2026-07-26 21:11:38send keng：-1, sheng ：4194304
decode keng：-1, sheng ：2097152
world keng：16, sheng ：1048576

2026-07-26 21:11:43.321 INFO [pool-6-thread-2][:] - /****************流量统计******************/
LastReadBytes:0
LastReadThroughput:0
LastWrittenBytes:0
LastWriteThroughput:0
RealWrittenBytes:0
RealWriteThroughput:0
当前玩家的连接数量:0
当前地图的线程个数：9
当前地图的个数:47
当前数据库执行队列数:0
当前发送队列缓存的对象数量:0
totalMemory：990904320, use ：647863856, free ：343040464DirectMemory：1827143680, 恢复 ：1
当前时间 ：2026-07-26 21:11:43send keng：-1, sheng ：4194304
decode keng：-1, sheng ：2097152
world keng：16, sheng ：1048576

2026-07-26 21:11:48.321 INFO [pool-6-thread-5][:] - /****************流量统计******************/
LastReadBytes:0
LastReadThroughput:0
LastWrittenBytes:0
LastWriteThroughput:0
RealWrittenBytes:0
RealWriteThroughput:0
当前玩家的连接数量:0
当前地图的线程个数：9
当前地图的个数:47
当前数据库执行队列数:0
当前发送队列缓存的对象数量:0
totalMemory：990904320, use ：656258072, free ：334646248DirectMemory：1827143680, 恢复 ：1
当前时间 ：2026-07-26 21:11:48send keng：-1, sheng ：4194304
decode keng：-1, sheng ：2097152
world keng：16, sheng ：1048576

2026-07-26 21:11:53.321 INFO [pool-6-thread-2][:] - /****************流量统计******************/
LastReadBytes:0
LastReadThroughput:0
LastWrittenBytes:0
LastWriteThroughput:0
RealWrittenBytes:0
RealWriteThroughput:0
当前玩家的连接数量:0
当前地图的线程个数：9
当前地图的个数:47
当前数据库执行队列数:0
当前发送队列缓存的对象数量:0
totalMemory：990904320, use ：662730856, free ：328173464DirectMemory：1827143680, 恢复 ：1
当前时间 ：2026-07-26 21:11:53send keng：-1, sheng ：4194304
decode keng：-1, sheng ：2097152
world keng：16, sheng ：1048576

2026-07-26 21:11:58.321 INFO [pool-6-thread-4][:] - /****************流量统计******************/
LastReadBytes:0
LastReadThroughput:0
LastWrittenBytes:0
LastWriteThroughput:0
RealWrittenBytes:0
RealWriteThroughput:0
当前玩家的连接数量:0
当前地图的线程个数：9
当前地图的个数:47
当前数据库执行队列数:0
当前发送队列缓存的对象数量:0
totalMemory：990904320, use ：667265576, free ：323638744DirectMemory：1827143680, 恢复 ：1
当前时间 ：2026-07-26 21:11:58send keng：-1, sheng ：4194304
decode keng：-1, sheng ：2097152
world keng：16, sheng ：1048576

2026-07-26 21:12:03.321 INFO [pool-6-thread-6][:] - /****************流量统计******************/
LastReadBytes:0
LastReadThroughput:0
LastWrittenBytes:0
LastWriteThroughput:0
RealWrittenBytes:0
RealWriteThroughput:0
当前玩家的连接数量:0
当前地图的线程个数：9
当前地图的个数:47
当前数据库执行队列数:0
当前发送队列缓存的对象数量:0
totalMemory：990904320, use ：668769560, free ：322134760DirectMemory：1827143680, 恢复 ：1
当前时间 ：2026-07-26 21:12:03send keng：-1, sheng ：4194304
decode keng：-1, sheng ：2097152
world keng：16, sheng ：1048576

2026-07-26 21:12:08.321 INFO [pool-6-thread-7][:] - /****************流量统计******************/
LastReadBytes:0
LastReadThroughput:0
LastWrittenBytes:0
LastWriteThroughput:0
RealWrittenBytes:0
RealWriteThroughput:0
当前玩家的连接数量:0
当前地图的线程个数：9
当前地图的个数:47
当前数据库执行队列数:0
当前发送队列缓存的对象数量:0
totalMemory：990904320, use ：672844104, free ：318060216DirectMemory：1827143680, 恢复 ：1
当前时间 ：2026-07-26 21:12:08send keng：-1, sheng ：4194304
decode keng：-1, sheng ：2097152
world keng：16, sheng ：1048576

2026-07-26 21:12:13.321 INFO [pool-6-thread-9][:] - /****************流量统计******************/
LastReadBytes:0
LastReadThroughput:0
LastWrittenBytes:0
LastWriteThroughput:0
RealWrittenBytes:0
RealWriteThroughput:0
当前玩家的连接数量:0
当前地图的线程个数：9
当前地图的个数:47
当前数据库执行队列数:0
当前发送队列缓存的对象数量:0
totalMemory：990904320, use ：675291432, free ：315612888DirectMemory：1827143680, 恢复 ：1
当前时间 ：2026-07-26 21:12:13send keng：-1, sheng ：4194304
decode keng：-1, sheng ：2097152
world keng：16, sheng ：1048576

2026-07-26 21:12:18.321 INFO [pool-6-thread-5][:] - /****************流量统计******************/
LastReadBytes:0
LastReadThroughput:0
LastWrittenBytes:0
LastWriteThroughput:0
RealWrittenBytes:0
RealWriteThroughput:0
当前玩家的连接数量:0
当前地图的线程个数：9
当前地图的个数:47
当前数据库执行队列数:0
当前发送队列缓存的对象数量:0
totalMemory：990904320, use ：678205032, free ：312699288DirectMemory：1827143680, 恢复 ：1
当前时间 ：2026-07-26 21:12:18send keng：-1, sheng ：4194304
decode keng：-1, sheng ：2097152
world keng：16, sheng ：1048576

2026-07-26 21:12:23.321 INFO [pool-6-thread-10][:] - /****************流量统计******************/
LastReadBytes:0
LastReadThroughput:0
LastWrittenBytes:0
LastWriteThroughput:0
RealWrittenBytes:0
RealWriteThroughput:0
当前玩家的连接数量:0
当前地图的线程个数：9
当前地图的个数:47
当前数据库执行队列数:0
当前发送队列缓存的对象数量:0
totalMemory：990904320, use ：682284688, free ：308619632DirectMemory：1827143680, 恢复 ：1
当前时间 ：2026-07-26 21:12:23send keng：-1, sheng ：4194304
decode keng：-1, sheng ：2097152
world keng：16, sheng ：1048576

2026-07-26 21:12:28.321 INFO [pool-6-thread-8][:] - /****************流量统计******************/
LastReadBytes:0
LastReadThroughput:0
LastWrittenBytes:0
LastWriteThroughput:0
RealWrittenBytes:0
RealWriteThroughput:0
当前玩家的连接数量:0
当前地图的线程个数：9
当前地图的个数:47
当前数据库执行队列数:0
当前发送队列缓存的对象数量:0
totalMemory：990904320, use ：684372976, free ：306531344DirectMemory：1827143680, 恢复 ：1
当前时间 ：2026-07-26 21:12:28send keng：-1, sheng ：4194304
decode keng：-1, sheng ：2097152
world keng：16, sheng ：1048576

2026-07-26 21:12:33.321 INFO [pool-6-thread-6][:] - /****************流量统计******************/
LastReadBytes:0
LastReadThroughput:0
LastWrittenBytes:0
LastWriteThroughput:0
RealWrittenBytes:0
RealWriteThroughput:0
当前玩家的连接数量:0
当前地图的线程个数：9
当前地图的个数:47
当前数据库执行队列数:0
当前发送队列缓存的对象数量:0
totalMemory：990904320, use ：688261408, free ：302642912DirectMemory：1827143680, 恢复 ：1
当前时间 ：2026-07-26 21:12:33send keng：-1, sheng ：4194304
decode keng：-1, sheng ：2097152
world keng：16, sheng ：1048576

2026-07-26 21:12:38.321 INFO [pool-6-thread-5][:] - /****************流量统计******************/
LastReadBytes:0
LastReadThroughput:0
LastWrittenBytes:0
LastWriteThroughput:0
RealWrittenBytes:0
RealWriteThroughput:0
当前玩家的连接数量:0
当前地图的线程个数：9
当前地图的个数:47
当前数据库执行队列数:0
当前发送队列缓存的对象数量:0
totalMemory：990904320, use ：691176512, free ：299727808DirectMemory：1827143680, 恢复 ：1
当前时间 ：2026-07-26 21:12:38send keng：-1, sheng ：4194304
decode keng：-1, sheng ：2097152
world keng：16, sheng ：1048576

2026-07-26 21:12:43.321 INFO [pool-6-thread-6][:] - /****************流量统计******************/
LastReadBytes:0
LastReadThroughput:0
LastWrittenBytes:0
LastWriteThroughput:0
RealWrittenBytes:0
RealWriteThroughput:0
当前玩家的连接数量:0
当前地图的线程个数：9
当前地图的个数:47
当前数据库执行队列数:0
当前发送队列缓存的对象数量:0
totalMemory：990904320, use ：692748584, free ：298155736DirectMemory：1827143680, 恢复 ：1
当前时间 ：2026-07-26 21:12:43send keng：-1, sheng ：4194304
decode keng：-1, sheng ：2097152
world keng：16, sheng ：1048576

2026-07-26 21:12:48.321 INFO [pool-6-thread-6][:] - /****************流量统计******************/
LastReadBytes:0
LastReadThroughput:0
LastWrittenBytes:0
LastWriteThroughput:0
RealWrittenBytes:0
RealWriteThroughput:0
当前玩家的连接数量:0
当前地图的线程个数：9
当前地图的个数:47
当前数据库执行队列数:0
当前发送队列缓存的对象数量:0
totalMemory：990904320, use ：697667248, free ：293237072DirectMemory：1827143680, 恢复 ：1
当前时间 ：2026-07-26 21:12:48send keng：-1, sheng ：4194304
decode keng：-1, sheng ：2097152
world keng：16, sheng ：1048576

2026-07-26 21:12:53.321 INFO [pool-6-thread-8][:] - /****************流量统计******************/
LastReadBytes:0
LastReadThroughput:0
LastWrittenBytes:0
LastWriteThroughput:0
RealWrittenBytes:0
RealWriteThroughput:0
当前玩家的连接数量:0
当前地图的线程个数：9
当前地图的个数:47
当前数据库执行队列数:0
当前发送队列缓存的对象数量:0
totalMemory：990904320, use ：699482552, free ：291421768DirectMemory：1827143680, 恢复 ：1
当前时间 ：2026-07-26 21:12:53send keng：-1, sheng ：4194304
decode keng：-1, sheng ：2097152
world keng：16, sheng ：1048576

2026-07-26 21:12:58.321 INFO [pool-6-thread-4][:] - /****************流量统计******************/
LastReadBytes:0
LastReadThroughput:0
LastWrittenBytes:0
LastWriteThroughput:0
RealWrittenBytes:0
RealWriteThroughput:0
当前玩家的连接数量:0
当前地图的线程个数：9
当前地图的个数:47
当前数据库执行队列数:0
当前发送队列缓存的对象数量:0
totalMemory：990904320, use ：703555584, free ：287348736DirectMemory：1827143680, 恢复 ：1
当前时间 ：2026-07-26 21:12:58send keng：-1, sheng ：4194304
decode keng：-1, sheng ：2097152
world keng：16, sheng ：1048576

2026-07-26 21:13:03.321 INFO [pool-6-thread-4][:] - /****************流量统计******************/
LastReadBytes:0
LastReadThroughput:0
LastWrittenBytes:0
LastWriteThroughput:0
RealWrittenBytes:0
RealWriteThroughput:0
当前玩家的连接数量:0
当前地图的线程个数：9
当前地图的个数:47
当前数据库执行队列数:0
当前发送队列缓存的对象数量:0
totalMemory：990904320, use ：706427064, free ：284477256DirectMemory：1827143680, 恢复 ：1
当前时间 ：2026-07-26 21:13:03send keng：-1, sheng ：4194304
decode keng：-1, sheng ：2097152
world keng：16, sheng ：1048576

2026-07-26 21:13:08.321 INFO [pool-6-thread-4][:] - /****************流量统计******************/
LastReadBytes:0
LastReadThroughput:0
LastWrittenBytes:0
LastWriteThroughput:0
RealWrittenBytes:0
RealWriteThroughput:0
当前玩家的连接数量:0
当前地图的线程个数：9
当前地图的个数:47
当前数据库执行队列数:0
当前发送队列缓存的对象数量:0
totalMemory：990904320, use ：709357760, free ：281546560DirectMemory：1827143680, 恢复 ：1
当前时间 ：2026-07-26 21:13:08send keng：-1, sheng ：4194304
decode keng：-1, sheng ：2097152
world keng：16, sheng ：1048576

2026-07-26 21:13:13.321 INFO [pool-6-thread-2][:] - /****************流量统计******************/
LastReadBytes:0
LastReadThroughput:0
LastWrittenBytes:0
LastWriteThroughput:0
RealWrittenBytes:0
RealWriteThroughput:0
当前玩家的连接数量:0
当前地图的线程个数：9
当前地图的个数:47
当前数据库执行队列数:0
当前发送队列缓存的对象数量:0
totalMemory：990904320, use ：712264584, free ：278639736DirectMemory：1827143680, 恢复 ：1
当前时间 ：2026-07-26 21:13:13send keng：-1, sheng ：4194304
decode keng：-1, sheng ：2097152
world keng：16, sheng ：1048576

2026-07-26 21:13:18.321 INFO [pool-6-thread-3][:] - /****************流量统计******************/
LastReadBytes:0
LastReadThroughput:0
LastWrittenBytes:0
LastWriteThroughput:0
RealWrittenBytes:0
RealWriteThroughput:0
当前玩家的连接数量:0
当前地图的线程个数：9
当前地图的个数:47
当前数据库执行队列数:0
当前发送队列缓存的对象数量:0
totalMemory：990904320, use ：719669160, free ：271235160DirectMemory：1827143680, 恢复 ：1
当前时间 ：2026-07-26 21:13:18send keng：-1, sheng ：4194304
decode keng：-1, sheng ：2097152
world keng：16, sheng ：1048576

2026-07-26 21:13:23.321 INFO [pool-6-thread-8][:] - /****************流量统计******************/
LastReadBytes:0
LastReadThroughput:0
LastWrittenBytes:0
LastWriteThroughput:0
RealWrittenBytes:0
RealWriteThroughput:0
当前玩家的连接数量:0
当前地图的线程个数：9
当前地图的个数:47
当前数据库执行队列数:0
当前发送队列缓存的对象数量:0
totalMemory：990904320, use ：726482576, free ：264421744DirectMemory：1827143680, 恢复 ：1
当前时间 ：2026-07-26 21:13:23send keng：-1, sheng ：4194304
decode keng：-1, sheng ：2097152
world keng：16, sheng ：1048576

2026-07-26 21:13:28.321 INFO [pool-6-thread-3][:] - /****************流量统计******************/
LastReadBytes:0
LastReadThroughput:0
LastWrittenBytes:0
LastWriteThroughput:0
RealWrittenBytes:0
RealWriteThroughput:0
当前玩家的连接数量:0
当前地图的线程个数：9
当前地图的个数:47
当前数据库执行队列数:0
当前发送队列缓存的对象数量:0
totalMemory：990904320, use ：729503064, free ：261401256DirectMemory：1827143680, 恢复 ：1
当前时间 ：2026-07-26 21:13:28send keng：-1, sheng ：4194304
decode keng：-1, sheng ：2097152
world keng：16, sheng ：1048576

2026-07-26 21:13:33.321 INFO [pool-6-thread-1][:] - /****************流量统计******************/
LastReadBytes:0
LastReadThroughput:0
LastWrittenBytes:0
LastWriteThroughput:0
RealWrittenBytes:0
RealWriteThroughput:0
当前玩家的连接数量:0
当前地图的线程个数：9
当前地图的个数:47
当前数据库执行队列数:0
当前发送队列缓存的对象数量:0
totalMemory：990904320, use ：733054696, free ：257849624DirectMemory：1827143680, 恢复 ：1
当前时间 ：2026-07-26 21:13:33send keng：-1, sheng ：4194304
decode keng：-1, sheng ：2097152
world keng：16, sheng ：1048576

2026-07-26 21:13:38.321 INFO [pool-6-thread-9][:] - /****************流量统计******************/
LastReadBytes:0
LastReadThroughput:0
LastWrittenBytes:0
LastWriteThroughput:0
RealWrittenBytes:0
RealWriteThroughput:0
当前玩家的连接数量:0
当前地图的线程个数：9
当前地图的个数:47
当前数据库执行队列数:0
当前发送队列缓存的对象数量:0
totalMemory：990904320, use ：735371504, free ：255532816DirectMemory：1827143680, 恢复 ：1
当前时间 ：2026-07-26 21:13:38send keng：-1, sheng ：4194304
decode keng：-1, sheng ：2097152
world keng：16, sheng ：1048576

2026-07-26 21:13:43.321 INFO [pool-6-thread-3][:] - /****************流量统计******************/
LastReadBytes:0
LastReadThroughput:0
LastWrittenBytes:0
LastWriteThroughput:0
RealWrittenBytes:0
RealWriteThroughput:0
当前玩家的连接数量:0
当前地图的线程个数：9
当前地图的个数:47
当前数据库执行队列数:0
当前发送队列缓存的对象数量:0
totalMemory：990904320, use ：739329848, free ：251574472DirectMemory：1827143680, 恢复 ：1
当前时间 ：2026-07-26 21:13:43send keng：-1, sheng ：4194304
decode keng：-1, sheng ：2097152
world keng：16, sheng ：1048576

2026-07-26 21:13:48.321 INFO [pool-6-thread-9][:] - /****************流量统计******************/
LastReadBytes:0
LastReadThroughput:0
LastWrittenBytes:0
LastWriteThroughput:0
RealWrittenBytes:0
RealWriteThroughput:0
当前玩家的连接数量:0
当前地图的线程个数：9
当前地图的个数:47
当前数据库执行队列数:0
当前发送队列缓存的对象数量:0
totalMemory：990904320, use ：741975024, free ：248929296DirectMemory：1827143680, 恢复 ：1
当前时间 ：2026-07-26 21:13:48send keng：-1, sheng ：4194304
decode keng：-1, sheng ：2097152
world keng：16, sheng ：1048576

2026-07-26 21:13:53.321 INFO [pool-6-thread-2][:] - /****************流量统计******************/
LastReadBytes:0
LastReadThroughput:0
LastWrittenBytes:0
LastWriteThroughput:0
RealWrittenBytes:0
RealWriteThroughput:0
当前玩家的连接数量:0
当前地图的线程个数：9
当前地图的个数:47
当前数据库执行队列数:0
当前发送队列缓存的对象数量:0
totalMemory：990904320, use ：745545520, free ：245358800DirectMemory：1827143680, 恢复 ：1
当前时间 ：2026-07-26 21:13:53send keng：-1, sheng ：4194304
decode keng：-1, sheng ：2097152
world keng：16, sheng ：1048576

2026-07-26 21:13:58.321 INFO [pool-6-thread-2][:] - /****************流量统计******************/
LastReadBytes:0
LastReadThroughput:0
LastWrittenBytes:0
LastWriteThroughput:0
RealWrittenBytes:0
RealWriteThroughput:0
当前玩家的连接数量:0
当前地图的线程个数：9
当前地图的个数:47
当前数据库执行队列数:0
当前发送队列缓存的对象数量:0
totalMemory：990904320, use ：748220432, free ：242683888DirectMemory：1827143680, 恢复 ：1
当前时间 ：2026-07-26 21:13:58send keng：-1, sheng ：4194304
decode keng：-1, sheng ：2097152
world keng：16, sheng ：1048576

2026-07-26 21:14:03.321 INFO [pool-6-thread-5][:] - /****************流量统计******************/
LastReadBytes:0
LastReadThroughput:0
LastWrittenBytes:0
LastWriteThroughput:0
RealWrittenBytes:0
RealWriteThroughput:0
当前玩家的连接数量:0
当前地图的线程个数：9
当前地图的个数:47
当前数据库执行队列数:0
当前发送队列缓存的对象数量:0
totalMemory：990904320, use ：751475184, free ：239429136DirectMemory：1827143680, 恢复 ：1
当前时间 ：2026-07-26 21:14:03send keng：-1, sheng ：4194304
decode keng：-1, sheng ：2097152
world keng：16, sheng ：1048576

2026-07-26 21:14:08.321 INFO [pool-6-thread-1][:] - /****************流量统计******************/
LastReadBytes:0
LastReadThroughput:0
LastWrittenBytes:0
LastWriteThroughput:0
RealWrittenBytes:0
RealWriteThroughput:0
当前玩家的连接数量:0
当前地图的线程个数：9
当前地图的个数:47
当前数据库执行队列数:0
当前发送队列缓存的对象数量:0
totalMemory：990904320, use ：754602408, free ：236301912DirectMemory：1827143680, 恢复 ：1
当前时间 ：2026-07-26 21:14:08send keng：-1, sheng ：4194304
decode keng：-1, sheng ：2097152
world keng：16, sheng ：1048576

2026-07-26 21:14:13.321 INFO [pool-6-thread-3][:] - /****************流量统计******************/
LastReadBytes:0
LastReadThroughput:0
LastWrittenBytes:0
LastWriteThroughput:0
RealWrittenBytes:0
RealWriteThroughput:0
当前玩家的连接数量:0
当前地图的线程个数：9
当前地图的个数:47
当前数据库执行队列数:0
当前发送队列缓存的对象数量:0
totalMemory：990904320, use ：756972040, free ：233932280DirectMemory：1827143680, 恢复 ：1
当前时间 ：2026-07-26 21:14:13send keng：-1, sheng ：4194304
decode keng：-1, sheng ：2097152
world keng：16, sheng ：1048576

2026-07-26 21:14:18.321 INFO [pool-6-thread-8][:] - /****************流量统计******************/
LastReadBytes:0
LastReadThroughput:0
LastWrittenBytes:0
LastWriteThroughput:0
RealWrittenBytes:0
RealWriteThroughput:0
当前玩家的连接数量:0
当前地图的线程个数：9
当前地图的个数:47
当前数据库执行队列数:0
当前发送队列缓存的对象数量:0
totalMemory：990904320, use ：760361960, free ：230542360DirectMemory：1827143680, 恢复 ：1
当前时间 ：2026-07-26 21:14:18send keng：-1, sheng ：4194304
decode keng：-1, sheng ：2097152
world keng：16, sheng ：1048576

2026-07-26 21:14:23.321 INFO [pool-6-thread-6][:] - /****************流量统计******************/
LastReadBytes:0
LastReadThroughput:0
LastWrittenBytes:0
LastWriteThroughput:0
RealWrittenBytes:0
RealWriteThroughput:0
当前玩家的连接数量:0
当前地图的线程个数：9
当前地图的个数:47
当前数据库执行队列数:0
当前发送队列缓存的对象数量:0
totalMemory：990904320, use ：762928904, free ：227975416DirectMemory：1827143680, 恢复 ：1
当前时间 ：2026-07-26 21:14:23send keng：-1, sheng ：4194304
decode keng：-1, sheng ：2097152
world keng：16, sheng ：1048576

2026-07-26 21:14:28.321 INFO [pool-6-thread-7][:] - /****************流量统计******************/
LastReadBytes:0
LastReadThroughput:0
LastWrittenBytes:0
LastWriteThroughput:0
RealWrittenBytes:0
RealWriteThroughput:0
当前玩家的连接数量:0
当前地图的线程个数：9
当前地图的个数:47
当前数据库执行队列数:0
当前发送队列缓存的对象数量:0
totalMemory：990904320, use ：766449416, free ：224454904DirectMemory：1827143680, 恢复 ：1
当前时间 ：2026-07-26 21:14:28send keng：-1, sheng ：4194304
decode keng：-1, sheng ：2097152
world keng：16, sheng ：1048576

2026-07-26 21:14:33.321 INFO [pool-6-thread-8][:] - /****************流量统计******************/
LastReadBytes:0
LastReadThroughput:0
LastWrittenBytes:0
LastWriteThroughput:0
RealWrittenBytes:0
RealWriteThroughput:0
当前玩家的连接数量:0
当前地图的线程个数：9
当前地图的个数:47
当前数据库执行队列数:0
当前发送队列缓存的对象数量:0
totalMemory：990904320, use ：769999456, free ：220904864DirectMemory：1827143680, 恢复 ：1
当前时间 ：2026-07-26 21:14:33send keng：-1, sheng ：4194304
decode keng：-1, sheng ：2097152
world keng：16, sheng ：1048576

2026-07-26 21:14:38.321 INFO [pool-6-thread-9][:] - /****************流量统计******************/
LastReadBytes:0
LastReadThroughput:0
LastWrittenBytes:0
LastWriteThroughput:0
RealWrittenBytes:0
RealWriteThroughput:0
当前玩家的连接数量:0
当前地图的线程个数：9
当前地图的个数:47
当前数据库执行队列数:0
当前发送队列缓存的对象数量:0
totalMemory：990904320, use ：772616200, free ：218288120DirectMemory：1827143680, 恢复 ：1
当前时间 ：2026-07-26 21:14:38send keng：-1, sheng ：4194304
decode keng：-1, sheng ：2097152
world keng：16, sheng ：1048576

2026-07-26 21:14:43.321 INFO [pool-6-thread-9][:] - /****************流量统计******************/
LastReadBytes:0
LastReadThroughput:0
LastWrittenBytes:0
LastWriteThroughput:0
RealWrittenBytes:0
RealWriteThroughput:0
当前玩家的连接数量:0
当前地图的线程个数：9
当前地图的个数:47
当前数据库执行队列数:0
当前发送队列缓存的对象数量:0
totalMemory：990904320, use ：776048896, free ：214855424DirectMemory：1827143680, 恢复 ：1
当前时间 ：2026-07-26 21:14:43send keng：-1, sheng ：4194304
decode keng：-1, sheng ：2097152
world keng：16, sheng ：1048576

2026-07-26 21:14:48.321 INFO [pool-6-thread-3][:] - /****************流量统计******************/
LastReadBytes:0
LastReadThroughput:0
LastWrittenBytes:0
LastWriteThroughput:0
RealWrittenBytes:0
RealWriteThroughput:0
当前玩家的连接数量:0
当前地图的线程个数：9
当前地图的个数:47
当前数据库执行队列数:0
当前发送队列缓存的对象数量:0
totalMemory：990904320, use ：781999744, free ：208904576DirectMemory：1827143680, 恢复 ：1
当前时间 ：2026-07-26 21:14:48send keng：-1, sheng ：4194304
decode keng：-1, sheng ：2097152
world keng：16, sheng ：1048576

2026-07-26 21:14:53.321 INFO [pool-6-thread-6][:] - /****************流量统计******************/
LastReadBytes:0
LastReadThroughput:0
LastWrittenBytes:0
LastWriteThroughput:0
RealWrittenBytes:0
RealWriteThroughput:0
当前玩家的连接数量:0
当前地图的线程个数：9
当前地图的个数:47
当前数据库执行队列数:0
当前发送队列缓存的对象数量:0
totalMemory：990904320, use ：786421992, free ：204482328DirectMemory：1827143680, 恢复 ：1
当前时间 ：2026-07-26 21:14:53send keng：-1, sheng ：4194304
decode keng：-1, sheng ：2097152
world keng：16, sheng ：1048576

2026-07-26 21:14:58.321 INFO [pool-6-thread-2][:] - /****************流量统计******************/
LastReadBytes:0
LastReadThroughput:0
LastWrittenBytes:0
LastWriteThroughput:0
RealWrittenBytes:0
RealWriteThroughput:0
当前玩家的连接数量:0
当前地图的线程个数：9
当前地图的个数:47
当前数据库执行队列数:0
当前发送队列缓存的对象数量:0
totalMemory：990904320, use ：792789416, free ：198114904DirectMemory：1827143680, 恢复 ：1
当前时间 ：2026-07-26 21:14:58send keng：-1, sheng ：4194304
decode keng：-1, sheng ：2097152
world keng：16, sheng ：1048576

2026-07-26 21:15:03.321 INFO [pool-6-thread-3][:] - /****************流量统计******************/
LastReadBytes:0
LastReadThroughput:0
LastWrittenBytes:0
LastWriteThroughput:0
RealWrittenBytes:0
RealWriteThroughput:0
当前玩家的连接数量:0
当前地图的线程个数：9
当前地图的个数:47
当前数据库执行队列数:0
当前发送队列缓存的对象数量:0
totalMemory：990904320, use ：796789280, free ：194115040DirectMemory：1827143680, 恢复 ：1
当前时间 ：2026-07-26 21:15:03send keng：-1, sheng ：4194304
decode keng：-1, sheng ：2097152
world keng：16, sheng ：1048576

2026-07-26 21:15:08.321 INFO [pool-6-thread-1][:] - /****************流量统计******************/
LastReadBytes:0
LastReadThroughput:0
LastWrittenBytes:0
LastWriteThroughput:0
RealWrittenBytes:0
RealWriteThroughput:0
当前玩家的连接数量:0
当前地图的线程个数：9
当前地图的个数:47
当前数据库执行队列数:0
当前发送队列缓存的对象数量:0
totalMemory：990904320, use ：798886408, free ：192017912DirectMemory：1827143680, 恢复 ：1
当前时间 ：2026-07-26 21:15:08send keng：-1, sheng ：4194304
decode keng：-1, sheng ：2097152
world keng：16, sheng ：1048576

2026-07-26 21:15:13.321 INFO [pool-6-thread-4][:] - /****************流量统计******************/
LastReadBytes:0
LastReadThroughput:0
LastWrittenBytes:0
LastWriteThroughput:0
RealWrittenBytes:0
RealWriteThroughput:0
当前玩家的连接数量:0
当前地图的线程个数：9
当前地图的个数:47
当前数据库执行队列数:0
当前发送队列缓存的对象数量:0
totalMemory：990904320, use ：803455440, free ：187448880DirectMemory：1827143680, 恢复 ：1
当前时间 ：2026-07-26 21:15:13send keng：-1, sheng ：4194304
decode keng：-1, sheng ：2097152
world keng：16, sheng ：1048576

2026-07-26 21:15:18.321 INFO [pool-6-thread-5][:] - /****************流量统计******************/
LastReadBytes:0
LastReadThroughput:0
LastWrittenBytes:0
LastWriteThroughput:0
RealWrittenBytes:0
RealWriteThroughput:0
当前玩家的连接数量:0
当前地图的线程个数：9
当前地图的个数:47
当前数据库执行队列数:0
当前发送队列缓存的对象数量:0
totalMemory：990904320, use ：804386848, free ：186517472DirectMemory：1827143680, 恢复 ：1
当前时间 ：2026-07-26 21:15:18send keng：-1, sheng ：4194304
decode keng：-1, sheng ：2097152
world keng：16, sheng ：1048576

2026-07-26 21:15:23.321 INFO [pool-6-thread-5][:] - /****************流量统计******************/
LastReadBytes:0
LastReadThroughput:0
LastWrittenBytes:0
LastWriteThroughput:0
RealWrittenBytes:0
RealWriteThroughput:0
当前玩家的连接数量:0
当前地图的线程个数：9
当前地图的个数:47
当前数据库执行队列数:0
当前发送队列缓存的对象数量:0
totalMemory：958398464, use ：403360168, free ：555038296DirectMemory：1827143680, 恢复 ：1
当前时间 ：2026-07-26 21:15:23send keng：-1, sheng ：4194304
decode keng：-1, sheng ：2097152
world keng：16, sheng ：1048576

2026-07-26 21:15:28.321 INFO [pool-6-thread-7][:] - /****************流量统计******************/
LastReadBytes:0
LastReadThroughput:0
LastWrittenBytes:0
LastWriteThroughput:0
RealWrittenBytes:0
RealWriteThroughput:0
当前玩家的连接数量:0
当前地图的线程个数：9
当前地图的个数:47
当前数据库执行队列数:0
当前发送队列缓存的对象数量:0
totalMemory：958398464, use ：403924192, free ：554474272DirectMemory：1827143680, 恢复 ：1
当前时间 ：2026-07-26 21:15:28send keng：-1, sheng ：4194304
decode keng：-1, sheng ：2097152
world keng：16, sheng ：1048576

2026-07-26 21:15:33.321 INFO [pool-6-thread-10][:] - /****************流量统计******************/
LastReadBytes:0
LastReadThroughput:0
LastWrittenBytes:0
LastWriteThroughput:0
RealWrittenBytes:0
RealWriteThroughput:0
当前玩家的连接数量:0
当前地图的线程个数：9
当前地图的个数:47
当前数据库执行队列数:0
当前发送队列缓存的对象数量:0
totalMemory：958398464, use ：409646560, free ：548751904DirectMemory：1827143680, 恢复 ：1
当前时间 ：2026-07-26 21:15:33send keng：-1, sheng ：4194304
decode keng：-1, sheng ：2097152
world keng：16, sheng ：1048576

2026-07-26 21:15:38.321 INFO [pool-6-thread-3][:] - /****************流量统计******************/
LastReadBytes:0
LastReadThroughput:0
LastWrittenBytes:0
LastWriteThroughput:0
RealWrittenBytes:0
RealWriteThroughput:0
当前玩家的连接数量:0
当前地图的线程个数：9
当前地图的个数:47
当前数据库执行队列数:0
当前发送队列缓存的对象数量:0
totalMemory：958398464, use ：411320704, free ：547077760DirectMemory：1827143680, 恢复 ：1
当前时间 ：2026-07-26 21:15:38send keng：-1, sheng ：4194304
decode keng：-1, sheng ：2097152
world keng：16, sheng ：1048576

2026-07-26 21:15:43.321 INFO [pool-6-thread-4][:] - /****************流量统计******************/
LastReadBytes:0
LastReadThroughput:0
LastWrittenBytes:0
LastWriteThroughput:0
RealWrittenBytes:0
RealWriteThroughput:0
当前玩家的连接数量:0
当前地图的线程个数：9
当前地图的个数:47
当前数据库执行队列数:0
当前发送队列缓存的对象数量:0
totalMemory：958398464, use ：414745848, free ：543652616DirectMemory：1827143680, 恢复 ：1
当前时间 ：2026-07-26 21:15:43send keng：-1, sheng ：4194304
decode keng：-1, sheng ：2097152
world keng：16, sheng ：1048576

2026-07-26 21:15:48.321 INFO [pool-6-thread-2][:] - /****************流量统计******************/
LastReadBytes:0
LastReadThroughput:0
LastWrittenBytes:0
LastWriteThroughput:0
RealWrittenBytes:0
RealWriteThroughput:0
当前玩家的连接数量:0
当前地图的线程个数：9
当前地图的个数:47
当前数据库执行队列数:0
当前发送队列缓存的对象数量:0
totalMemory：958398464, use ：418053368, free ：540345096DirectMemory：1827143680, 恢复 ：1
当前时间 ：2026-07-26 21:15:48send keng：-1, sheng ：4194304
decode keng：-1, sheng ：2097152
world keng：16, sheng ：1048576

2026-07-26 21:15:53.321 INFO [pool-6-thread-5][:] - /****************流量统计******************/
LastReadBytes:0
LastReadThroughput:0
LastWrittenBytes:0
LastWriteThroughput:0
RealWrittenBytes:0
RealWriteThroughput:0
当前玩家的连接数量:0
当前地图的线程个数：9
当前地图的个数:47
当前数据库执行队列数:0
当前发送队列缓存的对象数量:0
totalMemory：958398464, use ：420192944, free ：538205520DirectMemory：1827143680, 恢复 ：1
当前时间 ：2026-07-26 21:15:53send keng：-1, sheng ：4194304
decode keng：-1, sheng ：2097152
world keng：16, sheng ：1048576

2026-07-26 21:15:58.321 INFO [pool-6-thread-6][:] - /****************流量统计******************/
LastReadBytes:0
LastReadThroughput:0
LastWrittenBytes:0
LastWriteThroughput:0
RealWrittenBytes:0
RealWriteThroughput:0
当前玩家的连接数量:0
当前地图的线程个数：9
当前地图的个数:47
当前数据库执行队列数:0
当前发送队列缓存的对象数量:0
totalMemory：958398464, use ：424397144, free ：534001320DirectMemory：1827143680, 恢复 ：1
当前时间 ：2026-07-26 21:15:58send keng：-1, sheng ：4194304
decode keng：-1, sheng ：2097152
world keng：16, sheng ：1048576

2026-07-26 21:16:03.321 INFO [pool-6-thread-2][:] - /****************流量统计******************/
LastReadBytes:0
LastReadThroughput:0
LastWrittenBytes:0
LastWriteThroughput:0
RealWrittenBytes:0
RealWriteThroughput:0
当前玩家的连接数量:0
当前地图的线程个数：9
当前地图的个数:47
当前数据库执行队列数:0
当前发送队列缓存的对象数量:0
totalMemory：958398464, use ：426845848, free ：531552616DirectMemory：1827143680, 恢复 ：1
当前时间 ：2026-07-26 21:16:03send keng：-1, sheng ：4194304
decode keng：-1, sheng ：2097152
world keng：16, sheng ：1048576

2026-07-26 21:16:08.321 INFO [pool-6-thread-4][:] - /****************流量统计******************/
LastReadBytes:0
LastReadThroughput:0
LastWrittenBytes:0
LastWriteThroughput:0
RealWrittenBytes:0
RealWriteThroughput:0
当前玩家的连接数量:0
当前地图的线程个数：9
当前地图的个数:47
当前数据库执行队列数:0
当前发送队列缓存的对象数量:0
totalMemory：958398464, use ：430672488, free ：527725976DirectMemory：1827143680, 恢复 ：1
当前时间 ：2026-07-26 21:16:08send keng：-1, sheng ：4194304
decode keng：-1, sheng ：2097152
world keng：16, sheng ：1048576

2026-07-26 21:16:13.321 INFO [pool-6-thread-10][:] - /****************流量统计******************/
LastReadBytes:0
LastReadThroughput:0
LastWrittenBytes:0
LastWriteThroughput:0
RealWrittenBytes:0
RealWriteThroughput:0
当前玩家的连接数量:0
当前地图的线程个数：9
当前地图的个数:47
当前数据库执行队列数:0
当前发送队列缓存的对象数量:0
totalMemory：958398464, use ：432964808, free ：525433656DirectMemory：1827143680, 恢复 ：1
当前时间 ：2026-07-26 21:16:13send keng：-1, sheng ：4194304
decode keng：-1, sheng ：2097152
world keng：16, sheng ：1048576

2026-07-26 21:16:18.321 INFO [pool-6-thread-6][:] - /****************流量统计******************/
LastReadBytes:0
LastReadThroughput:0
LastWrittenBytes:0
LastWriteThroughput:0
RealWrittenBytes:0
RealWriteThroughput:0
当前玩家的连接数量:0
当前地图的线程个数：9
当前地图的个数:47
当前数据库执行队列数:0
当前发送队列缓存的对象数量:0
totalMemory：958398464, use ：436405704, free ：521992760DirectMemory：1827143680, 恢复 ：1
当前时间 ：2026-07-26 21:16:18send keng：-1, sheng ：4194304
decode keng：-1, sheng ：2097152
world keng：16, sheng ：1048576

2026-07-26 21:16:23.321 INFO [pool-6-thread-10][:] - /****************流量统计******************/
LastReadBytes:0
LastReadThroughput:0
LastWrittenBytes:0
LastWriteThroughput:0
RealWrittenBytes:0
RealWriteThroughput:0
当前玩家的连接数量:0
当前地图的线程个数：9
当前地图的个数:47
当前数据库执行队列数:0
当前发送队列缓存的对象数量:0
totalMemory：958398464, use ：444287272, free ：514111192DirectMemory：1827143680, 恢复 ：1
当前时间 ：2026-07-26 21:16:23send keng：-1, sheng ：4194304
decode keng：-1, sheng ：2097152
world keng：16, sheng ：1048576

2026-07-26 21:16:28.321 INFO [pool-6-thread-10][:] - /****************流量统计******************/
LastReadBytes:0
LastReadThroughput:0
LastWrittenBytes:0
LastWriteThroughput:0
RealWrittenBytes:0
RealWriteThroughput:0
当前玩家的连接数量:0
当前地图的线程个数：9
当前地图的个数:47
当前数据库执行队列数:0
当前发送队列缓存的对象数量:0
totalMemory：958398464, use ：447665496, free ：510732968DirectMemory：1827143680, 恢复 ：1
当前时间 ：2026-07-26 21:16:28send keng：-1, sheng ：4194304
decode keng：-1, sheng ：2097152
world keng：16, sheng ：1048576

2026-07-26 21:16:33.321 INFO [pool-6-thread-6][:] - /****************流量统计******************/
LastReadBytes:0
LastReadThroughput:0
LastWrittenBytes:0
LastWriteThroughput:0
RealWrittenBytes:0
RealWriteThroughput:0
当前玩家的连接数量:0
当前地图的线程个数：9
当前地图的个数:47
当前数据库执行队列数:0
当前发送队列缓存的对象数量:0
totalMemory：958398464, use ：450862600, free ：507535864DirectMemory：1827143680, 恢复 ：1
当前时间 ：2026-07-26 21:16:33send keng：-1, sheng ：4194304
decode keng：-1, sheng ：2097152
world keng：16, sheng ：1048576

2026-07-26 21:16:38.321 INFO [pool-6-thread-2][:] - /****************流量统计******************/
LastReadBytes:0
LastReadThroughput:0
LastWrittenBytes:0
LastWriteThroughput:0
RealWrittenBytes:0
RealWriteThroughput:0
当前玩家的连接数量:0
当前地图的线程个数：9
当前地图的个数:47
当前数据库执行队列数:0
当前发送队列缓存的对象数量:0
totalMemory：958398464, use ：454626888, free ：503771576DirectMemory：1827143680, 恢复 ：1
当前时间 ：2026-07-26 21:16:38send keng：-1, sheng ：4194304
decode keng：-1, sheng ：2097152
world keng：16, sheng ：1048576

2026-07-26 21:16:43.321 INFO [pool-6-thread-1][:] - /****************流量统计******************/
LastReadBytes:0
LastReadThroughput:0
LastWrittenBytes:0
LastWriteThroughput:0
RealWrittenBytes:0
RealWriteThroughput:0
当前玩家的连接数量:0
当前地图的线程个数：9
当前地图的个数:47
当前数据库执行队列数:0
当前发送队列缓存的对象数量:0
totalMemory：958398464, use ：456186416, free ：502212048DirectMemory：1827143680, 恢复 ：1
当前时间 ：2026-07-26 21:16:43send keng：-1, sheng ：4194304
decode keng：-1, sheng ：2097152
world keng：16, sheng ：1048576

2026-07-26 21:16:48.321 INFO [pool-6-thread-10][:] - /****************流量统计******************/
LastReadBytes:0
LastReadThroughput:0
LastWrittenBytes:0
LastWriteThroughput:0
RealWrittenBytes:0
RealWriteThroughput:0
当前玩家的连接数量:0
当前地图的线程个数：9
当前地图的个数:47
当前数据库执行队列数:0
当前发送队列缓存的对象数量:0
totalMemory：958398464, use ：460343520, free ：498054944DirectMemory：1827143680, 恢复 ：1
当前时间 ：2026-07-26 21:16:48send keng：-1, sheng ：4194304
decode keng：-1, sheng ：2097152
world keng：16, sheng ：1048576

2026-07-26 21:16:53.321 INFO [pool-6-thread-4][:] - /****************流量统计******************/
LastReadBytes:0
LastReadThroughput:0
LastWrittenBytes:0
LastWriteThroughput:0
RealWrittenBytes:0
RealWriteThroughput:0
当前玩家的连接数量:0
当前地图的线程个数：9
当前地图的个数:47
当前数据库执行队列数:0
当前发送队列缓存的对象数量:0
totalMemory：958398464, use ：462668104, free ：495730360DirectMemory：1827143680, 恢复 ：1
当前时间 ：2026-07-26 21:16:53send keng：-1, sheng ：4194304
decode keng：-1, sheng ：2097152
world keng：16, sheng ：1048576

2026-07-26 21:16:58.321 INFO [pool-6-thread-4][:] - /****************流量统计******************/
LastReadBytes:0
LastReadThroughput:0
LastWrittenBytes:0
LastWriteThroughput:0
RealWrittenBytes:0
RealWriteThroughput:0
当前玩家的连接数量:0
当前地图的线程个数：9
当前地图的个数:47
当前数据库执行队列数:0
当前发送队列缓存的对象数量:0
totalMemory：958398464, use ：466610912, free ：491787552DirectMemory：1827143680, 恢复 ：1
当前时间 ：2026-07-26 21:16:58send keng：-1, sheng ：4194304
decode keng：-1, sheng ：2097152
world keng：16, sheng ：1048576

2026-07-26 21:17:03.321 INFO [pool-6-thread-4][:] - /****************流量统计******************/
LastReadBytes:0
LastReadThroughput:0
LastWrittenBytes:0
LastWriteThroughput:0
RealWrittenBytes:0
RealWriteThroughput:0
当前玩家的连接数量:0
当前地图的线程个数：9
当前地图的个数:47
当前数据库执行队列数:0
当前发送队列缓存的对象数量:0
totalMemory：958398464, use ：469587224, free ：488811240DirectMemory：1827143680, 恢复 ：1
当前时间 ：2026-07-26 21:17:03send keng：-1, sheng ：4194304
decode keng：-1, sheng ：2097152
world keng：16, sheng ：1048576

2026-07-26 21:17:08.321 INFO [pool-6-thread-8][:] - /****************流量统计******************/
LastReadBytes:0
LastReadThroughput:0
LastWrittenBytes:0
LastWriteThroughput:0
RealWrittenBytes:0
RealWriteThroughput:0
当前玩家的连接数量:0
当前地图的线程个数：9
当前地图的个数:47
当前数据库执行队列数:0
当前发送队列缓存的对象数量:0
totalMemory：958398464, use ：472663120, free ：485735344DirectMemory：1827143680, 恢复 ：1
当前时间 ：2026-07-26 21:17:08send keng：-1, sheng ：4194304
decode keng：-1, sheng ：2097152
world keng：16, sheng ：1048576

2026-07-26 21:17:13.321 INFO [pool-6-thread-9][:] - /****************流量统计******************/
LastReadBytes:0
LastReadThroughput:0
LastWrittenBytes:0
LastWriteThroughput:0
RealWrittenBytes:0
RealWriteThroughput:0
当前玩家的连接数量:0
当前地图的线程个数：9
当前地图的个数:47
当前数据库执行队列数:0
当前发送队列缓存的对象数量:0
totalMemory：958398464, use ：475921944, free ：482476520DirectMemory：1827143680, 恢复 ：1
当前时间 ：2026-07-26 21:17:13send keng：-1, sheng ：4194304
decode keng：-1, sheng ：2097152
world keng：16, sheng ：1048576

2026-07-26 21:17:18.321 INFO [pool-6-thread-5][:] - /****************流量统计******************/
LastReadBytes:0
LastReadThroughput:0
LastWrittenBytes:0
LastWriteThroughput:0
RealWrittenBytes:0
RealWriteThroughput:0
当前玩家的连接数量:0
当前地图的线程个数：9
当前地图的个数:47
当前数据库执行队列数:0
当前发送队列缓存的对象数量:0
totalMemory：958398464, use ：478266816, free ：480131648DirectMemory：1827143680, 恢复 ：1
当前时间 ：2026-07-26 21:17:18send keng：-1, sheng ：4194304
decode keng：-1, sheng ：2097152
world keng：16, sheng ：1048576

2026-07-26 21:17:23.321 INFO [pool-6-thread-10][:] - /****************流量统计******************/
LastReadBytes:0
LastReadThroughput:0
LastWrittenBytes:0
LastWriteThroughput:0
RealWrittenBytes:0
RealWriteThroughput:0
当前玩家的连接数量:0
当前地图的线程个数：9
当前地图的个数:47
当前数据库执行队列数:0
当前发送队列缓存的对象数量:0
totalMemory：958398464, use ：487006352, free ：471392112DirectMemory：1827143680, 恢复 ：1
当前时间 ：2026-07-26 21:17:23send keng：-1, sheng ：4194304
decode keng：-1, sheng ：2097152
world keng：16, sheng ：1048576

2026-07-26 21:17:28.321 INFO [pool-6-thread-7][:] - /****************流量统计******************/
LastReadBytes:0
LastReadThroughput:0
LastWrittenBytes:0
LastWriteThroughput:0
RealWrittenBytes:0
RealWriteThroughput:0
当前玩家的连接数量:0
当前地图的线程个数：9
当前地图的个数:47
当前数据库执行队列数:0
当前发送队列缓存的对象数量:0
totalMemory：958398464, use ：489402960, free ：468995504DirectMemory：1827143680, 恢复 ：1
当前时间 ：2026-07-26 21:17:28send keng：-1, sheng ：4194304
decode keng：-1, sheng ：2097152
world keng：16, sheng ：1048576

2026-07-26 21:17:33.321 INFO [pool-6-thread-10][:] - /****************流量统计******************/
LastReadBytes:0
LastReadThroughput:0
LastWrittenBytes:0
LastWriteThroughput:0
RealWrittenBytes:0
RealWriteThroughput:0
当前玩家的连接数量:0
当前地图的线程个数：9
当前地图的个数:47
当前数据库执行队列数:0
当前发送队列缓存的对象数量:0
totalMemory：958398464, use ：494510928, free ：463887536DirectMemory：1827143680, 恢复 ：1
当前时间 ：2026-07-26 21:17:33send keng：-1, sheng ：4194304
decode keng：-1, sheng ：2097152
world keng：16, sheng ：1048576

2026-07-26 21:17:38.321 INFO [pool-6-thread-10][:] - /****************流量统计******************/
LastReadBytes:0
LastReadThroughput:0
LastWrittenBytes:0
LastWriteThroughput:0
RealWrittenBytes:0
RealWriteThroughput:0
当前玩家的连接数量:0
当前地图的线程个数：9
当前地图的个数:47
当前数据库执行队列数:0
当前发送队列缓存的对象数量:0
totalMemory：958398464, use ：495232280, free ：463166184DirectMemory：1827143680, 恢复 ：1
当前时间 ：2026-07-26 21:17:38send keng：-1, sheng ：4194304
decode keng：-1, sheng ：2097152
world keng：16, sheng ：1048576

2026-07-26 21:17:43.321 INFO [pool-6-thread-4][:] - /****************流量统计******************/
LastReadBytes:0
LastReadThroughput:0
LastWrittenBytes:0
LastWriteThroughput:0
RealWrittenBytes:0
RealWriteThroughput:0
当前玩家的连接数量:0
当前地图的线程个数：9
当前地图的个数:47
当前数据库执行队列数:0
当前发送队列缓存的对象数量:0
totalMemory：958398464, use ：500129744, free ：458268720DirectMemory：1827143680, 恢复 ：1
当前时间 ：2026-07-26 21:17:43send keng：-1, sheng ：4194304
decode keng：-1, sheng ：2097152
world keng：16, sheng ：1048576

2026-07-26 21:17:48.321 INFO [pool-6-thread-4][:] - /****************流量统计******************/
LastReadBytes:0
LastReadThroughput:0
LastWrittenBytes:0
LastWriteThroughput:0
RealWrittenBytes:0
RealWriteThroughput:0
当前玩家的连接数量:0
当前地图的线程个数：9
当前地图的个数:47
当前数据库执行队列数:0
当前发送队列缓存的对象数量:0
totalMemory：958398464, use ：502014048, free ：456384416DirectMemory：1827143680, 恢复 ：1
当前时间 ：2026-07-26 21:17:48send keng：-1, sheng ：4194304
decode keng：-1, sheng ：2097152
world keng：16, sheng ：1048576

2026-07-26 21:17:53.321 INFO [pool-6-thread-4][:] - /****************流量统计******************/
LastReadBytes:0
LastReadThroughput:0
LastWrittenBytes:0
LastWriteThroughput:0
RealWrittenBytes:0
RealWriteThroughput:0
当前玩家的连接数量:0
当前地图的线程个数：9
当前地图的个数:47
当前数据库执行队列数:0
当前发送队列缓存的对象数量:0
totalMemory：958398464, use ：505572432, free ：452826032DirectMemory：1827143680, 恢复 ：1
当前时间 ：2026-07-26 21:17:53send keng：-1, sheng ：4194304
decode keng：-1, sheng ：2097152
world keng：16, sheng ：1048576

2026-07-26 21:17:58.321 INFO [pool-6-thread-2][:] - /****************流量统计******************/
LastReadBytes:0
LastReadThroughput:0
LastWrittenBytes:0
LastWriteThroughput:0
RealWrittenBytes:0
RealWriteThroughput:0
当前玩家的连接数量:0
当前地图的线程个数：9
当前地图的个数:47
当前数据库执行队列数:0
当前发送队列缓存的对象数量:0
totalMemory：958398464, use ：509575232, free ：448823232DirectMemory：1827143680, 恢复 ：1
当前时间 ：2026-07-26 21:17:58send keng：-1, sheng ：4194304
decode keng：-1, sheng ：2097152
world keng：16, sheng ：1048576

2026-07-26 21:18:03.321 INFO [pool-6-thread-9][:] - /****************流量统计******************/
LastReadBytes:0
LastReadThroughput:0
LastWrittenBytes:0
LastWriteThroughput:0
RealWrittenBytes:0
RealWriteThroughput:0
当前玩家的连接数量:0
当前地图的线程个数：9
当前地图的个数:47
当前数据库执行队列数:0
当前发送队列缓存的对象数量:0
totalMemory：958398464, use ：510917296, free ：447481168DirectMemory：1827143680, 恢复 ：1
当前时间 ：2026-07-26 21:18:03send keng：-1, sheng ：4194304
decode keng：-1, sheng ：2097152
world keng：16, sheng ：1048576

2026-07-26 21:18:08.321 INFO [pool-6-thread-10][:] - /****************流量统计******************/
LastReadBytes:0
LastReadThroughput:0
LastWrittenBytes:0
LastWriteThroughput:0
RealWrittenBytes:0
RealWriteThroughput:0
当前玩家的连接数量:0
当前地图的线程个数：9
当前地图的个数:47
当前数据库执行队列数:0
当前发送队列缓存的对象数量:0
totalMemory：958398464, use ：515042448, free ：443356016DirectMemory：1827143680, 恢复 ：1
当前时间 ：2026-07-26 21:18:08send keng：-1, sheng ：4194304
decode keng：-1, sheng ：2097152
world keng：16, sheng ：1048576

2026-07-26 21:18:13.321 INFO [pool-6-thread-4][:] - /****************流量统计******************/
LastReadBytes:0
LastReadThroughput:0
LastWrittenBytes:0
LastWriteThroughput:0
RealWrittenBytes:0
RealWriteThroughput:0
当前玩家的连接数量:0
当前地图的线程个数：9
当前地图的个数:47
当前数据库执行队列数:0
当前发送队列缓存的对象数量:0
totalMemory：958398464, use ：516723056, free ：441675408DirectMemory：1827143680, 恢复 ：1
当前时间 ：2026-07-26 21:18:13send keng：-1, sheng ：4194304
decode keng：-1, sheng ：2097152
world keng：16, sheng ：1048576

2026-07-26 21:18:18.321 INFO [pool-6-thread-2][:] - /****************流量统计******************/
LastReadBytes:0
LastReadThroughput:0
LastWrittenBytes:0
LastWriteThroughput:0
RealWrittenBytes:0
RealWriteThroughput:0
当前玩家的连接数量:0
当前地图的线程个数：9
当前地图的个数:47
当前数据库执行队列数:0
当前发送队列缓存的对象数量:0
totalMemory：958398464, use ：521348424, free ：437050040DirectMemory：1827143680, 恢复 ：1
当前时间 ：2026-07-26 21:18:18send keng：-1, sheng ：4194304
decode keng：-1, sheng ：2097152
world keng：16, sheng ：1048576

2026-07-26 21:18:23.321 INFO [pool-6-thread-4][:] - /****************流量统计******************/
LastReadBytes:0
LastReadThroughput:0
LastWrittenBytes:0
LastWriteThroughput:0
RealWrittenBytes:0
RealWriteThroughput:0
当前玩家的连接数量:0
当前地图的线程个数：9
当前地图的个数:47
当前数据库执行队列数:0
当前发送队列缓存的对象数量:0
totalMemory：958398464, use ：526627472, free ：431770992DirectMemory：1827143680, 恢复 ：1
当前时间 ：2026-07-26 21:18:23send keng：-1, sheng ：4194304
decode keng：-1, sheng ：2097152
world keng：16, sheng ：1048576

2026-07-26 21:18:28.321 INFO [pool-6-thread-1][:] - /****************流量统计******************/
LastReadBytes:0
LastReadThroughput:0
LastWrittenBytes:0
LastWriteThroughput:0
RealWrittenBytes:0
RealWriteThroughput:0
当前玩家的连接数量:0
当前地图的线程个数：9
当前地图的个数:47
当前数据库执行队列数:0
当前发送队列缓存的对象数量:0
totalMemory：958398464, use ：532605032, free ：425793432DirectMemory：1827143680, 恢复 ：1
当前时间 ：2026-07-26 21:18:28send keng：-1, sheng ：4194304
decode keng：-1, sheng ：2097152
world keng：16, sheng ：1048576

2026-07-26 21:18:33.321 INFO [pool-6-thread-9][:] - /****************流量统计******************/
LastReadBytes:0
LastReadThroughput:0
LastWrittenBytes:0
LastWriteThroughput:0
RealWrittenBytes:0
RealWriteThroughput:0
当前玩家的连接数量:0
当前地图的线程个数：9
当前地图的个数:47
当前数据库执行队列数:0
当前发送队列缓存的对象数量:0
totalMemory：958398464, use ：534648616, free ：423749848DirectMemory：1827143680, 恢复 ：1
当前时间 ：2026-07-26 21:18:33send keng：-1, sheng ：4194304
decode keng：-1, sheng ：2097152
world keng：16, sheng ：1048576

2026-07-26 21:18:38.321 INFO [pool-6-thread-1][:] - /****************流量统计******************/
LastReadBytes:0
LastReadThroughput:0
LastWrittenBytes:0
LastWriteThroughput:0
RealWrittenBytes:0
RealWriteThroughput:0
当前玩家的连接数量:0
当前地图的线程个数：9
当前地图的个数:47
当前数据库执行队列数:0
当前发送队列缓存的对象数量:0
totalMemory：958398464, use ：539785800, free ：418612664DirectMemory：1827143680, 恢复 ：1
当前时间 ：2026-07-26 21:18:38send keng：-1, sheng ：4194304
decode keng：-1, sheng ：2097152
world keng：16, sheng ：1048576

2026-07-26 21:18:43.321 INFO [pool-6-thread-7][:] - /****************流量统计******************/
LastReadBytes:0
LastReadThroughput:0
LastWrittenBytes:0
LastWriteThroughput:0
RealWrittenBytes:0
RealWriteThroughput:0
当前玩家的连接数量:0
当前地图的线程个数：9
当前地图的个数:47
当前数据库执行队列数:0
当前发送队列缓存的对象数量:0
totalMemory：958398464, use ：541284760, free ：417113704DirectMemory：1827143680, 恢复 ：1
当前时间 ：2026-07-26 21:18:43send keng：-1, sheng ：4194304
decode keng：-1, sheng ：2097152
world keng：16, sheng ：1048576

2026-07-26 21:18:48.321 INFO [pool-6-thread-2][:] - /****************流量统计******************/
LastReadBytes:0
LastReadThroughput:0
LastWrittenBytes:0
LastWriteThroughput:0
RealWrittenBytes:0
RealWriteThroughput:0
当前玩家的连接数量:0
当前地图的线程个数：9
当前地图的个数:47
当前数据库执行队列数:0
当前发送队列缓存的对象数量:0
totalMemory：958398464, use ：544474128, free ：413924336DirectMemory：1827143680, 恢复 ：1
当前时间 ：2026-07-26 21:18:48send keng：-1, sheng ：4194304
decode keng：-1, sheng ：2097152
world keng：16, sheng ：1048576

2026-07-26 21:18:53.321 INFO [pool-6-thread-8][:] - /****************流量统计******************/
LastReadBytes:0
LastReadThroughput:0
LastWrittenBytes:0
LastWriteThroughput:0
RealWrittenBytes:0
RealWriteThroughput:0
当前玩家的连接数量:0
当前地图的线程个数：9
当前地图的个数:47
当前数据库执行队列数:0
当前发送队列缓存的对象数量:0
totalMemory：958398464, use ：547119192, free ：411279272DirectMemory：1827143680, 恢复 ：1
当前时间 ：2026-07-26 21:18:53send keng：-1, sheng ：4194304
decode keng：-1, sheng ：2097152
world keng：16, sheng ：1048576

2026-07-26 21:18:58.321 INFO [pool-6-thread-9][:] - /****************流量统计******************/
LastReadBytes:0
LastReadThroughput:0
LastWrittenBytes:0
LastWriteThroughput:0
RealWrittenBytes:0
RealWriteThroughput:0
当前玩家的连接数量:0
当前地图的线程个数：9
当前地图的个数:47
当前数据库执行队列数:0
当前发送队列缓存的对象数量:0
totalMemory：958398464, use ：550659840, free ：407738624DirectMemory：1827143680, 恢复 ：1
当前时间 ：2026-07-26 21:18:58send keng：-1, sheng ：4194304
decode keng：-1, sheng ：2097152
world keng：16, sheng ：1048576

2026-07-26 21:19:03.321 INFO [pool-6-thread-6][:] - /****************流量统计******************/
LastReadBytes:0
LastReadThroughput:0
LastWrittenBytes:0
LastWriteThroughput:0
RealWrittenBytes:0
RealWriteThroughput:0
当前玩家的连接数量:0
当前地图的线程个数：9
当前地图的个数:47
当前数据库执行队列数:0
当前发送队列缓存的对象数量:0
totalMemory：958398464, use ：553995744, free ：404402720DirectMemory：1827143680, 恢复 ：1
当前时间 ：2026-07-26 21:19:03send keng：-1, sheng ：4194304
decode keng：-1, sheng ：2097152
world keng：16, sheng ：1048576

2026-07-26 21:19:08.321 INFO [pool-6-thread-8][:] - /****************流量统计******************/
LastReadBytes:0
LastReadThroughput:0
LastWrittenBytes:0
LastWriteThroughput:0
RealWrittenBytes:0
RealWriteThroughput:0
当前玩家的连接数量:0
当前地图的线程个数：9
当前地图的个数:47
当前数据库执行队列数:0
当前发送队列缓存的对象数量:0
totalMemory：958398464, use ：557037424, free ：401361040DirectMemory：1827143680, 恢复 ：1
当前时间 ：2026-07-26 21:19:08send keng：-1, sheng ：4194304
decode keng：-1, sheng ：2097152
world keng：16, sheng ：1048576

2026-07-26 21:19:13.321 INFO [pool-6-thread-5][:] - /****************流量统计******************/
LastReadBytes:0
LastReadThroughput:0
LastWrittenBytes:0
LastWriteThroughput:0
RealWrittenBytes:0
RealWriteThroughput:0
当前玩家的连接数量:0
当前地图的线程个数：9
当前地图的个数:47
当前数据库执行队列数:0
当前发送队列缓存的对象数量:0
totalMemory：958398464, use ：560515504, free ：397882960DirectMemory：1827143680, 恢复 ：1
当前时间 ：2026-07-26 21:19:13send keng：-1, sheng ：4194304
decode keng：-1, sheng ：2097152
world keng：16, sheng ：1048576

2026-07-26 21:19:18.321 INFO [pool-6-thread-9][:] - /****************流量统计******************/
LastReadBytes:0
LastReadThroughput:0
LastWrittenBytes:0
LastWriteThroughput:0
RealWrittenBytes:0
RealWriteThroughput:0
当前玩家的连接数量:0
当前地图的线程个数：9
当前地图的个数:47
当前数据库执行队列数:0
当前发送队列缓存的对象数量:0
totalMemory：958398464, use ：562418512, free ：395979952DirectMemory：1827143680, 恢复 ：1
当前时间 ：2026-07-26 21:19:18send keng：-1, sheng ：4194304
decode keng：-1, sheng ：2097152
world keng：16, sheng ：1048576

2026-07-26 21:19:23.321 INFO [pool-6-thread-10][:] - /****************流量统计******************/
LastReadBytes:0
LastReadThroughput:0
LastWrittenBytes:0
LastWriteThroughput:0
RealWrittenBytes:0
RealWriteThroughput:0
当前玩家的连接数量:0
当前地图的线程个数：9
当前地图的个数:47
当前数据库执行队列数:0
当前发送队列缓存的对象数量:0
totalMemory：958398464, use ：568968888, free ：389429576DirectMemory：1827143680, 恢复 ：1
当前时间 ：2026-07-26 21:19:23send keng：-1, sheng ：4194304
decode keng：-1, sheng ：2097152
world keng：16, sheng ：1048576

2026-07-26 21:19:28.321 INFO [pool-6-thread-6][:] - /****************流量统计******************/
LastReadBytes:0
LastReadThroughput:0
LastWrittenBytes:0
LastWriteThroughput:0
RealWrittenBytes:0
RealWriteThroughput:0
当前玩家的连接数量:0
当前地图的线程个数：9
当前地图的个数:47
当前数据库执行队列数:0
当前发送队列缓存的对象数量:0
totalMemory：958398464, use ：574792624, free ：383605840DirectMemory：1827143680, 恢复 ：1
当前时间 ：2026-07-26 21:19:28send keng：-1, sheng ：4194304
decode keng：-1, sheng ：2097152
world keng：16, sheng ：1048576

2026-07-26 21:19:33.321 INFO [pool-6-thread-9][:] - /****************流量统计******************/
LastReadBytes:0
LastReadThroughput:0
LastWrittenBytes:0
LastWriteThroughput:0
RealWrittenBytes:0
RealWriteThroughput:0
当前玩家的连接数量:0
当前地图的线程个数：9
当前地图的个数:47
当前数据库执行队列数:0
当前发送队列缓存的对象数量:0
totalMemory：958398464, use ：578821968, free ：379576496DirectMemory：1827143680, 恢复 ：1
当前时间 ：2026-07-26 21:19:33send keng：-1, sheng ：4194304
decode keng：-1, sheng ：2097152
world keng：16, sheng ：1048576

2026-07-26 21:19:38.321 INFO [pool-6-thread-5][:] - /****************流量统计******************/
LastReadBytes:0
LastReadThroughput:0
LastWrittenBytes:0
LastWriteThroughput:0
RealWrittenBytes:0
RealWriteThroughput:0
当前玩家的连接数量:0
当前地图的线程个数：9
当前地图的个数:47
当前数据库执行队列数:0
当前发送队列缓存的对象数量:0
totalMemory：958398464, use ：580302520, free ：378095944DirectMemory：1827143680, 恢复 ：1
当前时间 ：2026-07-26 21:19:38send keng：-1, sheng ：4194304
decode keng：-1, sheng ：2097152
world keng：16, sheng ：1048576

2026-07-26 21:19:43.321 INFO [pool-6-thread-3][:] - /****************流量统计******************/
LastReadBytes:0
LastReadThroughput:0
LastWrittenBytes:0
LastWriteThroughput:0
RealWrittenBytes:0
RealWriteThroughput:0
当前玩家的连接数量:0
当前地图的线程个数：9
当前地图的个数:47
当前数据库执行队列数:0
当前发送队列缓存的对象数量:0
totalMemory：958398464, use ：583431024, free ：374967440DirectMemory：1827143680, 恢复 ：1
当前时间 ：2026-07-26 21:19:43send keng：-1, sheng ：4194304
decode keng：-1, sheng ：2097152
world keng：16, sheng ：1048576

2026-07-26 21:19:48.321 INFO [pool-6-thread-8][:] - /****************流量统计******************/
LastReadBytes:0
LastReadThroughput:0
LastWrittenBytes:0
LastWriteThroughput:0
RealWrittenBytes:0
RealWriteThroughput:0
当前玩家的连接数量:0
当前地图的线程个数：9
当前地图的个数:47
当前数据库执行队列数:0
当前发送队列缓存的对象数量:0
totalMemory：958398464, use ：586258096, free ：372140368DirectMemory：1827143680, 恢复 ：1
当前时间 ：2026-07-26 21:19:48send keng：-1, sheng ：4194304
decode keng：-1, sheng ：2097152
world keng：16, sheng ：1048576

2026-07-26 21:19:53.321 INFO [pool-6-thread-9][:] - /****************流量统计******************/
LastReadBytes:0
LastReadThroughput:0
LastWrittenBytes:0
LastWriteThroughput:0
RealWrittenBytes:0
RealWriteThroughput:0
当前玩家的连接数量:0
当前地图的线程个数：9
当前地图的个数:47
当前数据库执行队列数:0
当前发送队列缓存的对象数量:0
totalMemory：958398464, use ：589835400, free ：368563064DirectMemory：1827143680, 恢复 ：1
当前时间 ：2026-07-26 21:19:53send keng：-1, sheng ：4194304
decode keng：-1, sheng ：2097152
world keng：16, sheng ：1048576

2026-07-26 21:19:58.321 INFO [pool-6-thread-10][:] - /****************流量统计******************/
LastReadBytes:0
LastReadThroughput:0
LastWrittenBytes:0
LastWriteThroughput:0
RealWrittenBytes:0
RealWriteThroughput:0
当前玩家的连接数量:0
当前地图的线程个数：9
当前地图的个数:47
当前数据库执行队列数:0
当前发送队列缓存的对象数量:0
totalMemory：958398464, use ：593175680, free ：365222784DirectMemory：1827143680, 恢复 ：1
当前时间 ：2026-07-26 21:19:58send keng：-1, sheng ：4194304
decode keng：-1, sheng ：2097152
world keng：16, sheng ：1048576

2026-07-26 21:20:03.321 INFO [pool-6-thread-6][:] - /****************流量统计******************/
LastReadBytes:0
LastReadThroughput:0
LastWrittenBytes:0
LastWriteThroughput:0
RealWrittenBytes:0
RealWriteThroughput:0
当前玩家的连接数量:0
当前地图的线程个数：9
当前地图的个数:47
当前数据库执行队列数:0
当前发送队列缓存的对象数量:0
totalMemory：958398464, use ：596029048, free ：362369416DirectMemory：1827143680, 恢复 ：1
当前时间 ：2026-07-26 21:20:03send keng：-1, sheng ：4194304
decode keng：-1, sheng ：2097152
world keng：16, sheng ：1048576

2026-07-26 21:20:08.321 INFO [pool-6-thread-9][:] - /****************流量统计******************/
LastReadBytes:0
LastReadThroughput:0
LastWrittenBytes:0
LastWriteThroughput:0
RealWrittenBytes:0
RealWriteThroughput:0
当前玩家的连接数量:0
当前地图的线程个数：9
当前地图的个数:47
当前数据库执行队列数:0
当前发送队列缓存的对象数量:0
totalMemory：958398464, use ：599068272, free ：359330192DirectMemory：1827143680, 恢复 ：1
当前时间 ：2026-07-26 21:20:08send keng：-1, sheng ：4194304
decode keng：-1, sheng ：2097152
world keng：16, sheng ：1048576

2026-07-26 21:20:13.321 INFO [pool-6-thread-3][:] - /****************流量统计******************/
LastReadBytes:0
LastReadThroughput:0
LastWrittenBytes:0
LastWriteThroughput:0
RealWrittenBytes:0
RealWriteThroughput:0
当前玩家的连接数量:0
当前地图的线程个数：9
当前地图的个数:47
当前数据库执行队列数:0
当前发送队列缓存的对象数量:0
totalMemory：958398464, use ：601954296, free ：356444168DirectMemory：1827143680, 恢复 ：1
当前时间 ：2026-07-26 21:20:13send keng：-1, sheng ：4194304
decode keng：-1, sheng ：2097152
world keng：16, sheng ：1048576

2026-07-26 21:20:18.321 INFO [pool-6-thread-10][:] - /****************流量统计******************/
LastReadBytes:0
LastReadThroughput:0
LastWrittenBytes:0
LastWriteThroughput:0
RealWrittenBytes:0
RealWriteThroughput:0
当前玩家的连接数量:0
当前地图的线程个数：9
当前地图的个数:47
当前数据库执行队列数:0
当前发送队列缓存的对象数量:0
totalMemory：958398464, use ：604972088, free ：353426376DirectMemory：1827143680, 恢复 ：1
当前时间 ：2026-07-26 21:20:18send keng：-1, sheng ：4194304
decode keng：-1, sheng ：2097152
world keng：16, sheng ：1048576

2026-07-26 21:20:23.321 INFO [pool-6-thread-10][:] - /****************流量统计******************/
LastReadBytes:0
LastReadThroughput:0
LastWrittenBytes:0
LastWriteThroughput:0
RealWrittenBytes:0
RealWriteThroughput:0
当前玩家的连接数量:0
当前地图的线程个数：9
当前地图的个数:47
当前数据库执行队列数:0
当前发送队列缓存的对象数量:0
totalMemory：958398464, use ：611018808, free ：347379656DirectMemory：1827143680, 恢复 ：1
当前时间 ：2026-07-26 21:20:23send keng：-1, sheng ：4194304
decode keng：-1, sheng ：2097152
world keng：16, sheng ：1048576

2026-07-26 21:20:28.321 INFO [pool-6-thread-5][:] - /****************流量统计******************/
LastReadBytes:0
LastReadThroughput:0
LastWrittenBytes:0
LastWriteThroughput:0
RealWrittenBytes:0
RealWriteThroughput:0
当前玩家的连接数量:0
当前地图的线程个数：9
当前地图的个数:47
当前数据库执行队列数:0
当前发送队列缓存的对象数量:0
totalMemory：958398464, use ：616777224, free ：341621240DirectMemory：1827143680, 恢复 ：1
当前时间 ：2026-07-26 21:20:28send keng：-1, sheng ：4194304
decode keng：-1, sheng ：2097152
world keng：16, sheng ：1048576

2026-07-26 21:20:33.321 INFO [pool-6-thread-4][:] - /****************流量统计******************/
LastReadBytes:0
LastReadThroughput:0
LastWrittenBytes:0
LastWriteThroughput:0
RealWrittenBytes:0
RealWriteThroughput:0
当前玩家的连接数量:0
当前地图的线程个数：9
当前地图的个数:47
当前数据库执行队列数:0
当前发送队列缓存的对象数量:0
totalMemory：958398464, use ：620296552, free ：338101912DirectMemory：1827143680, 恢复 ：1
当前时间 ：2026-07-26 21:20:33send keng：-1, sheng ：4194304
decode keng：-1, sheng ：2097152
world keng：16, sheng ：1048576

2026-07-26 21:20:38.321 INFO [pool-6-thread-1][:] - /****************流量统计******************/
LastReadBytes:0
LastReadThroughput:0
LastWrittenBytes:0
LastWriteThroughput:0
RealWrittenBytes:0
RealWriteThroughput:0
当前玩家的连接数量:0
当前地图的线程个数：9
当前地图的个数:47
当前数据库执行队列数:0
当前发送队列缓存的对象数量:0
totalMemory：958398464, use ：623200768, free ：335197696DirectMemory：1827143680, 恢复 ：1
当前时间 ：2026-07-26 21:20:38send keng：-1, sheng ：4194304
decode keng：-1, sheng ：2097152
world keng：16, sheng ：1048576

2026-07-26 21:20:43.321 INFO [pool-6-thread-6][:] - /****************流量统计******************/
LastReadBytes:0
LastReadThroughput:0
LastWrittenBytes:0
LastWriteThroughput:0
RealWrittenBytes:0
RealWriteThroughput:0
当前玩家的连接数量:0
当前地图的线程个数：9
当前地图的个数:47
当前数据库执行队列数:0
当前发送队列缓存的对象数量:0
totalMemory：958398464, use ：626121888, free ：332276576DirectMemory：1827143680, 恢复 ：1
当前时间 ：2026-07-26 21:20:43send keng：-1, sheng ：4194304
decode keng：-1, sheng ：2097152
world keng：16, sheng ：1048576

2026-07-26 21:20:48.321 INFO [pool-6-thread-7][:] - /****************流量统计******************/
LastReadBytes:0
LastReadThroughput:0
LastWrittenBytes:0
LastWriteThroughput:0
RealWrittenBytes:0
RealWriteThroughput:0
当前玩家的连接数量:0
当前地图的线程个数：9
当前地图的个数:47
当前数据库执行队列数:0
当前发送队列缓存的对象数量:0
totalMemory：958398464, use ：629612144, free ：328786320DirectMemory：1827143680, 恢复 ：1
当前时间 ：2026-07-26 21:20:48send keng：-1, sheng ：4194304
decode keng：-1, sheng ：2097152
world keng：16, sheng ：1048576

2026-07-26 21:20:53.321 INFO [pool-6-thread-2][:] - /****************流量统计******************/
LastReadBytes:0
LastReadThroughput:0
LastWrittenBytes:0
LastWriteThroughput:0
RealWrittenBytes:0
RealWriteThroughput:0
当前玩家的连接数量:0
当前地图的线程个数：9
当前地图的个数:47
当前数据库执行队列数:0
当前发送队列缓存的对象数量:0
totalMemory：958398464, use ：632026720, free ：326371744DirectMemory：1827143680, 恢复 ：1
当前时间 ：2026-07-26 21:20:53send keng：-1, sheng ：4194304
decode keng：-1, sheng ：2097152
world keng：16, sheng ：1048576

2026-07-26 21:20:58.321 INFO [pool-6-thread-7][:] - /****************流量统计******************/
LastReadBytes:0
LastReadThroughput:0
LastWrittenBytes:0
LastWriteThroughput:0
RealWrittenBytes:0
RealWriteThroughput:0
当前玩家的连接数量:0
当前地图的线程个数：9
当前地图的个数:47
当前数据库执行队列数:0
当前发送队列缓存的对象数量:0
totalMemory：958398464, use ：635380824, free ：323017640DirectMemory：1827143680, 恢复 ：1
当前时间 ：2026-07-26 21:20:58send keng：-1, sheng ：4194304
decode keng：-1, sheng ：2097152
world keng：16, sheng ：1048576

2026-07-26 21:21:03.321 INFO [pool-6-thread-10][:] - /****************流量统计******************/
LastReadBytes:0
LastReadThroughput:0
LastWrittenBytes:0
LastWriteThroughput:0
RealWrittenBytes:0
RealWriteThroughput:0
当前玩家的连接数量:0
当前地图的线程个数：9
当前地图的个数:47
当前数据库执行队列数:0
当前发送队列缓存的对象数量:0
totalMemory：958398464, use ：638274984, free ：320123480DirectMemory：1827143680, 恢复 ：1
当前时间 ：2026-07-26 21:21:03send keng：-1, sheng ：4194304
decode keng：-1, sheng ：2097152
world keng：16, sheng ：1048576

2026-07-26 21:21:08.321 INFO [pool-6-thread-1][:] - /****************流量统计******************/
LastReadBytes:0
LastReadThroughput:0
LastWrittenBytes:0
LastWriteThroughput:0
RealWrittenBytes:0
RealWriteThroughput:0
当前玩家的连接数量:0
当前地图的线程个数：9
当前地图的个数:47
当前数据库执行队列数:0
当前发送队列缓存的对象数量:0
totalMemory：958398464, use ：641005472, free ：317392992DirectMemory：1827143680, 恢复 ：1
当前时间 ：2026-07-26 21:21:08send keng：-1, sheng ：4194304
decode keng：-1, sheng ：2097152
world keng：16, sheng ：1048576

2026-07-26 21:21:13.321 INFO [pool-6-thread-7][:] - /****************流量统计******************/
LastReadBytes:0
LastReadThroughput:0
LastWrittenBytes:0
LastWriteThroughput:0
RealWrittenBytes:0
RealWriteThroughput:0
当前玩家的连接数量:0
当前地图的线程个数：9
当前地图的个数:47
当前数据库执行队列数:0
当前发送队列缓存的对象数量:0
totalMemory：958398464, use ：645946880, free ：312451584DirectMemory：1827143680, 恢复 ：1
当前时间 ：2026-07-26 21:21:13send keng：-1, sheng ：4194304
decode keng：-1, sheng ：2097152
world keng：16, sheng ：1048576

2026-07-26 21:21:18.321 INFO [pool-6-thread-9][:] - /****************流量统计******************/
LastReadBytes:0
LastReadThroughput:0
LastWrittenBytes:0
LastWriteThroughput:0
RealWrittenBytes:0
RealWriteThroughput:0
当前玩家的连接数量:0
当前地图的线程个数：9
当前地图的个数:47
当前数据库执行队列数:0
当前发送队列缓存的对象数量:0
totalMemory：958398464, use ：646686168, free ：311712296DirectMemory：1827143680, 恢复 ：1
当前时间 ：2026-07-26 21:21:18send keng：-1, sheng ：4194304
decode keng：-1, sheng ：2097152
world keng：16, sheng ：1048576

2026-07-26 21:21:23.321 INFO [pool-6-thread-1][:] - /****************流量统计******************/
LastReadBytes:0
LastReadThroughput:0
LastWrittenBytes:0
LastWriteThroughput:0
RealWrittenBytes:0
RealWriteThroughput:0
当前玩家的连接数量:0
当前地图的线程个数：9
当前地图的个数:47
当前数据库执行队列数:0
当前发送队列缓存的对象数量:0
totalMemory：958398464, use ：653221216, free ：305177248DirectMemory：1827143680, 恢复 ：1
当前时间 ：2026-07-26 21:21:23send keng：-1, sheng ：4194304
decode keng：-1, sheng ：2097152
world keng：16, sheng ：1048576

2026-07-26 21:21:28.321 INFO [pool-6-thread-10][:] - /****************流量统计******************/
LastReadBytes:0
LastReadThroughput:0
LastWrittenBytes:0
LastWriteThroughput:0
RealWrittenBytes:0
RealWriteThroughput:0
当前玩家的连接数量:0
当前地图的线程个数：9
当前地图的个数:47
当前数据库执行队列数:0
当前发送队列缓存的对象数量:0
totalMemory：958398464, use ：658080040, free ：300318424DirectMemory：1827143680, 恢复 ：1
当前时间 ：2026-07-26 21:21:28send keng：-1, sheng ：4194304
decode keng：-1, sheng ：2097152
world keng：16, sheng ：1048576

2026-07-26 21:21:33.321 INFO [pool-6-thread-8][:] - /****************流量统计******************/
LastReadBytes:0
LastReadThroughput:0
LastWrittenBytes:0
LastWriteThroughput:0
RealWrittenBytes:0
RealWriteThroughput:0
当前玩家的连接数量:0
当前地图的线程个数：9
当前地图的个数:47
当前数据库执行队列数:0
当前发送队列缓存的对象数量:0
totalMemory：958398464, use ：662314744, free ：296083720DirectMemory：1827143680, 恢复 ：1
当前时间 ：2026-07-26 21:21:33send keng：-1, sheng ：4194304
decode keng：-1, sheng ：2097152
world keng：16, sheng ：1048576

2026-07-26 21:21:38.321 INFO [pool-6-thread-3][:] - /****************流量统计******************/
LastReadBytes:0
LastReadThroughput:0
LastWrittenBytes:0
LastWriteThroughput:0
RealWrittenBytes:0
RealWriteThroughput:0
当前玩家的连接数量:0
当前地图的线程个数：9
当前地图的个数:47
当前数据库执行队列数:0
当前发送队列缓存的对象数量:0
totalMemory：958398464, use ：665619792, free ：292778672DirectMemory：1827143680, 恢复 ：1
当前时间 ：2026-07-26 21:21:38send keng：-1, sheng ：4194304
decode keng：-1, sheng ：2097152
world keng：16, sheng ：1048576

2026-07-26 21:21:43.323 INFO [pool-6-thread-10][:] - /****************流量统计******************/
LastReadBytes:0
LastReadThroughput:0
LastWrittenBytes:0
LastWriteThroughput:0
RealWrittenBytes:0
RealWriteThroughput:0
当前玩家的连接数量:0
当前地图的线程个数：9
当前地图的个数:47
当前数据库执行队列数:0
当前发送队列缓存的对象数量:0
totalMemory：958398464, use ：666922952, free ：291475512DirectMemory：1827143680, 恢复 ：1
当前时间 ：2026-07-26 21:21:43send keng：-1, sheng ：4194304
decode keng：-1, sheng ：2097152
world keng：16, sheng ：1048576

2026-07-26 21:21:48.321 INFO [pool-6-thread-1][:] - /****************流量统计******************/
LastReadBytes:0
LastReadThroughput:0
LastWrittenBytes:0
LastWriteThroughput:0
RealWrittenBytes:0
RealWriteThroughput:0
当前玩家的连接数量:0
当前地图的线程个数：9
当前地图的个数:47
当前数据库执行队列数:0
当前发送队列缓存的对象数量:0
totalMemory：958398464, use ：671916608, free ：286481856DirectMemory：1827143680, 恢复 ：1
当前时间 ：2026-07-26 21:21:48send keng：-1, sheng ：4194304
decode keng：-1, sheng ：2097152
world keng：16, sheng ：1048576

2026-07-26 21:21:53.321 INFO [pool-6-thread-1][:] - /****************流量统计******************/
LastReadBytes:0
LastReadThroughput:0
LastWrittenBytes:0
LastWriteThroughput:0
RealWrittenBytes:0
RealWriteThroughput:0
当前玩家的连接数量:0
当前地图的线程个数：9
当前地图的个数:47
当前数据库执行队列数:0
当前发送队列缓存的对象数量:0
totalMemory：958398464, use ：674573904, free ：283824560DirectMemory：1827143680, 恢复 ：1
当前时间 ：2026-07-26 21:21:53send keng：-1, sheng ：4194304
decode keng：-1, sheng ：2097152
world keng：16, sheng ：1048576

2026-07-26 21:21:58.321 INFO [pool-6-thread-3][:] - /****************流量统计******************/
LastReadBytes:0
LastReadThroughput:0
LastWrittenBytes:0
LastWriteThroughput:0
RealWrittenBytes:0
RealWriteThroughput:0
当前玩家的连接数量:0
当前地图的线程个数：9
当前地图的个数:47
当前数据库执行队列数:0
当前发送队列缓存的对象数量:0
totalMemory：958398464, use ：678338832, free ：280059632DirectMemory：1827143680, 恢复 ：1
当前时间 ：2026-07-26 21:21:58send keng：-1, sheng ：4194304
decode keng：-1, sheng ：2097152
world keng：16, sheng ：1048576

2026-07-26 21:22:03.321 INFO [pool-6-thread-6][:] - /****************流量统计******************/
LastReadBytes:0
LastReadThroughput:0
LastWrittenBytes:0
LastWriteThroughput:0
RealWrittenBytes:0
RealWriteThroughput:0
当前玩家的连接数量:0
当前地图的线程个数：9
当前地图的个数:47
当前数据库执行队列数:0
当前发送队列缓存的对象数量:0
totalMemory：958398464, use ：679914056, free ：278484408DirectMemory：1827143680, 恢复 ：1
当前时间 ：2026-07-26 21:22:03send keng：-1, sheng ：4194304
decode keng：-1, sheng ：2097152
world keng：16, sheng ：1048576

2026-07-26 21:22:08.321 INFO [pool-6-thread-7][:] - /****************流量统计******************/
LastReadBytes:0
LastReadThroughput:0
LastWrittenBytes:0
LastWriteThroughput:0
RealWrittenBytes:0
RealWriteThroughput:0
当前玩家的连接数量:0
当前地图的线程个数：9
当前地图的个数:47
当前数据库执行队列数:0
当前发送队列缓存的对象数量:0
totalMemory：958398464, use ：684568160, free ：273830304DirectMemory：1827143680, 恢复 ：1
当前时间 ：2026-07-26 21:22:08send keng：-1, sheng ：4194304
decode keng：-1, sheng ：2097152
world keng：16, sheng ：1048576

2026-07-26 21:22:13.321 INFO [pool-6-thread-7][:] - /****************流量统计******************/
LastReadBytes:0
LastReadThroughput:0
LastWrittenBytes:0
LastWriteThroughput:0
RealWrittenBytes:0
RealWriteThroughput:0
当前玩家的连接数量:0
当前地图的线程个数：9
当前地图的个数:47
当前数据库执行队列数:0
当前发送队列缓存的对象数量:0
totalMemory：958398464, use ：686603368, free ：271795096DirectMemory：1827143680, 恢复 ：1
当前时间 ：2026-07-26 21:22:13send keng：-1, sheng ：4194304
decode keng：-1, sheng ：2097152
world keng：16, sheng ：1048576

2026-07-26 21:22:18.321 INFO [pool-6-thread-3][:] - /****************流量统计******************/
LastReadBytes:0
LastReadThroughput:0
LastWrittenBytes:0
LastWriteThroughput:0
RealWrittenBytes:0
RealWriteThroughput:0
当前玩家的连接数量:0
当前地图的线程个数：9
当前地图的个数:47
当前数据库执行队列数:0
当前发送队列缓存的对象数量:0
totalMemory：958398464, use ：689969536, free ：268428928DirectMemory：1827143680, 恢复 ：1
当前时间 ：2026-07-26 21:22:18send keng：-1, sheng ：4194304
decode keng：-1, sheng ：2097152
world keng：16, sheng ：1048576

2026-07-26 21:22:23.321 INFO [pool-6-thread-7][:] - /****************流量统计******************/
LastReadBytes:0
LastReadThroughput:0
LastWrittenBytes:0
LastWriteThroughput:0
RealWrittenBytes:0
RealWriteThroughput:0
当前玩家的连接数量:0
当前地图的线程个数：9
当前地图的个数:47
当前数据库执行队列数:0
当前发送队列缓存的对象数量:0
totalMemory：958398464, use ：694557960, free ：263840504DirectMemory：1827143680, 恢复 ：1
当前时间 ：2026-07-26 21:22:23send keng：-1, sheng ：4194304
decode keng：-1, sheng ：2097152
world keng：16, sheng ：1048576

2026-07-26 21:22:28.321 INFO [pool-6-thread-9][:] - /****************流量统计******************/
LastReadBytes:0
LastReadThroughput:0
LastWrittenBytes:0
LastWriteThroughput:0
RealWrittenBytes:0
RealWriteThroughput:0
当前玩家的连接数量:0
当前地图的线程个数：9
当前地图的个数:47
当前数据库执行队列数:0
当前发送队列缓存的对象数量:0
totalMemory：958398464, use ：698809728, free ：259588736DirectMemory：1827143680, 恢复 ：1
当前时间 ：2026-07-26 21:22:28send keng：-1, sheng ：4194304
decode keng：-1, sheng ：2097152
world keng：16, sheng ：1048576

2026-07-26 21:22:33.321 INFO [pool-6-thread-9][:] - /****************流量统计******************/
LastReadBytes:0
LastReadThroughput:0
LastWrittenBytes:0
LastWriteThroughput:0
RealWrittenBytes:0
RealWriteThroughput:0
当前玩家的连接数量:0
当前地图的线程个数：9
当前地图的个数:47
当前数据库执行队列数:0
当前发送队列缓存的对象数量:0
totalMemory：958398464, use ：704589296, free ：253809168DirectMemory：1827143680, 恢复 ：1
当前时间 ：2026-07-26 21:22:33send keng：-1, sheng ：4194304
decode keng：-1, sheng ：2097152
world keng：16, sheng ：1048576

2026-07-26 21:22:38.321 INFO [pool-6-thread-2][:] - /****************流量统计******************/
LastReadBytes:0
LastReadThroughput:0
LastWrittenBytes:0
LastWriteThroughput:0
RealWrittenBytes:0
RealWriteThroughput:0
当前玩家的连接数量:0
当前地图的线程个数：9
当前地图的个数:47
当前数据库执行队列数:0
当前发送队列缓存的对象数量:0
totalMemory：958398464, use ：707331672, free ：251066792DirectMemory：1827143680, 恢复 ：1
当前时间 ：2026-07-26 21:22:38send keng：-1, sheng ：4194304
decode keng：-1, sheng ：2097152
world keng：16, sheng ：1048576

2026-07-26 21:22:43.321 INFO [pool-6-thread-10][:] - /****************流量统计******************/
LastReadBytes:0
LastReadThroughput:0
LastWrittenBytes:0
LastWriteThroughput:0
RealWrittenBytes:0
RealWriteThroughput:0
当前玩家的连接数量:0
当前地图的线程个数：9
当前地图的个数:47
当前数据库执行队列数:0
当前发送队列缓存的对象数量:0
totalMemory：958398464, use ：710123080, free ：248275384DirectMemory：1827143680, 恢复 ：1
当前时间 ：2026-07-26 21:22:43send keng：-1, sheng ：4194304
decode keng：-1, sheng ：2097152
world keng：16, sheng ：1048576

2026-07-26 21:22:48.321 INFO [pool-6-thread-7][:] - /****************流量统计******************/
LastReadBytes:0
LastReadThroughput:0
LastWrittenBytes:0
LastWriteThroughput:0
RealWrittenBytes:0
RealWriteThroughput:0
当前玩家的连接数量:0
当前地图的线程个数：9
当前地图的个数:47
当前数据库执行队列数:0
当前发送队列缓存的对象数量:0
totalMemory：958398464, use ：713832680, free ：244565784DirectMemory：1827143680, 恢复 ：1
当前时间 ：2026-07-26 21:22:48send keng：-1, sheng ：4194304
decode keng：-1, sheng ：2097152
world keng：16, sheng ：1048576

2026-07-26 21:22:53.321 INFO [pool-6-thread-7][:] - /****************流量统计******************/
LastReadBytes:0
LastReadThroughput:0
LastWrittenBytes:0
LastWriteThroughput:0
RealWrittenBytes:0
RealWriteThroughput:0
当前玩家的连接数量:0
当前地图的线程个数：9
当前地图的个数:47
当前数据库执行队列数:0
当前发送队列缓存的对象数量:0
totalMemory：958398464, use ：716978640, free ：241419824DirectMemory：1827143680, 恢复 ：1
当前时间 ：2026-07-26 21:22:53send keng：-1, sheng ：4194304
decode keng：-1, sheng ：2097152
world keng：16, sheng ：1048576

2026-07-26 21:22:58.322 INFO [pool-6-thread-5][:] - /****************流量统计******************/
LastReadBytes:0
LastReadThroughput:0
LastWrittenBytes:0
LastWriteThroughput:0
RealWrittenBytes:0
RealWriteThroughput:0
当前玩家的连接数量:0
当前地图的线程个数：9
当前地图的个数:47
当前数据库执行队列数:0
当前发送队列缓存的对象数量:0
totalMemory：958398464, use ：719394216, free ：239004248DirectMemory：1827143680, 恢复 ：1
当前时间 ：2026-07-26 21:22:58send keng：-1, sheng ：4194304
decode keng：-1, sheng ：2097152
world keng：16, sheng ：1048576

2026-07-26 21:23:03.321 INFO [pool-6-thread-9][:] - /****************流量统计******************/
LastReadBytes:0
LastReadThroughput:0
LastWrittenBytes:0
LastWriteThroughput:0
RealWrittenBytes:0
RealWriteThroughput:0
当前玩家的连接数量:0
当前地图的线程个数：9
当前地图的个数:47
当前数据库执行队列数:0
当前发送队列缓存的对象数量:0
totalMemory：958398464, use ：724163792, free ：234234672DirectMemory：1827143680, 恢复 ：1
当前时间 ：2026-07-26 21:23:03send keng：-1, sheng ：4194304
decode keng：-1, sheng ：2097152
world keng：16, sheng ：1048576

2026-07-26 21:23:08.321 INFO [pool-6-thread-9][:] - /****************流量统计******************/
LastReadBytes:0
LastReadThroughput:0
LastWrittenBytes:0
LastWriteThroughput:0
RealWrittenBytes:0
RealWriteThroughput:0
当前玩家的连接数量:0
当前地图的线程个数：9
当前地图的个数:47
当前数据库执行队列数:0
当前发送队列缓存的对象数量:0
totalMemory：958398464, use ：725315328, free ：233083136DirectMemory：1827143680, 恢复 ：1
当前时间 ：2026-07-26 21:23:08send keng：-1, sheng ：4194304
decode keng：-1, sheng ：2097152
world keng：16, sheng ：1048576

2026-07-26 21:23:13.321 INFO [pool-6-thread-9][:] - /****************流量统计******************/
LastReadBytes:0
LastReadThroughput:0
LastWrittenBytes:0
LastWriteThroughput:0
RealWrittenBytes:0
RealWriteThroughput:0
当前玩家的连接数量:0
当前地图的线程个数：9
当前地图的个数:47
当前数据库执行队列数:0
当前发送队列缓存的对象数量:0
totalMemory：958398464, use ：730744624, free ：227653840DirectMemory：1827143680, 恢复 ：1
当前时间 ：2026-07-26 21:23:13send keng：-1, sheng ：4194304
decode keng：-1, sheng ：2097152
world keng：16, sheng ：1048576

2026-07-26 21:23:18.321 INFO [pool-6-thread-8][:] - /****************流量统计******************/
LastReadBytes:0
LastReadThroughput:0
LastWrittenBytes:0
LastWriteThroughput:0
RealWrittenBytes:0
RealWriteThroughput:0
当前玩家的连接数量:0
当前地图的线程个数：9
当前地图的个数:47
当前数据库执行队列数:0
当前发送队列缓存的对象数量:0
totalMemory：958398464, use ：731842216, free ：226556248DirectMemory：1827143680, 恢复 ：1
当前时间 ：2026-07-26 21:23:18send keng：-1, sheng ：4194304
decode keng：-1, sheng ：2097152
world keng：16, sheng ：1048576

2026-07-26 21:23:23.321 INFO [pool-6-thread-1][:] - /****************流量统计******************/
LastReadBytes:0
LastReadThroughput:0
LastWrittenBytes:0
LastWriteThroughput:0
RealWrittenBytes:0
RealWriteThroughput:0
当前玩家的连接数量:0
当前地图的线程个数：9
当前地图的个数:47
当前数据库执行队列数:0
当前发送队列缓存的对象数量:0
totalMemory：958398464, use ：736006256, free ：222392208DirectMemory：1827143680, 恢复 ：1
当前时间 ：2026-07-26 21:23:23send keng：-1, sheng ：4194304
decode keng：-1, sheng ：2097152
world keng：16, sheng ：1048576

2026-07-26 21:23:28.321 INFO [pool-6-thread-5][:] - /****************流量统计******************/
LastReadBytes:0
LastReadThroughput:0
LastWrittenBytes:0
LastWriteThroughput:0
RealWrittenBytes:0
RealWriteThroughput:0
当前玩家的连接数量:0
当前地图的线程个数：9
当前地图的个数:47
当前数据库执行队列数:0
当前发送队列缓存的对象数量:0
totalMemory：958398464, use ：740870912, free ：217527552DirectMemory：1827143680, 恢复 ：1
当前时间 ：2026-07-26 21:23:28send keng：-1, sheng ：4194304
decode keng：-1, sheng ：2097152
world keng：16, sheng ：1048576

2026-07-26 21:23:33.321 INFO [pool-6-thread-2][:] - /****************流量统计******************/
LastReadBytes:0
LastReadThroughput:0
LastWrittenBytes:0
LastWriteThroughput:0
RealWrittenBytes:0
RealWriteThroughput:0
当前玩家的连接数量:0
当前地图的线程个数：9
当前地图的个数:47
当前数据库执行队列数:0
当前发送队列缓存的对象数量:0
totalMemory：958398464, use ：746401328, free ：211997136DirectMemory：1827143680, 恢复 ：1
当前时间 ：2026-07-26 21:23:33send keng：-1, sheng ：4194304
decode keng：-1, sheng ：2097152
world keng：16, sheng ：1048576

2026-07-26 21:23:38.321 INFO [pool-6-thread-5][:] - /****************流量统计******************/
LastReadBytes:0
LastReadThroughput:0
LastWrittenBytes:0
LastWriteThroughput:0
RealWrittenBytes:0
RealWriteThroughput:0
当前玩家的连接数量:0
当前地图的线程个数：9
当前地图的个数:47
当前数据库执行队列数:0
当前发送队列缓存的对象数量:0
totalMemory：958398464, use ：750004688, free ：208393776DirectMemory：1827143680, 恢复 ：1
当前时间 ：2026-07-26 21:23:38send keng：-1, sheng ：4194304
decode keng：-1, sheng ：2097152
world keng：16, sheng ：1048576

2026-07-26 21:23:43.321 INFO [pool-6-thread-8][:] - /****************流量统计******************/
LastReadBytes:0
LastReadThroughput:0
LastWrittenBytes:0
LastWriteThroughput:0
RealWrittenBytes:0
RealWriteThroughput:0
当前玩家的连接数量:0
当前地图的线程个数：9
当前地图的个数:47
当前数据库执行队列数:0
当前发送队列缓存的对象数量:0
totalMemory：958398464, use ：752115656, free ：206282808DirectMemory：1827143680, 恢复 ：1
当前时间 ：2026-07-26 21:23:43send keng：-1, sheng ：4194304
decode keng：-1, sheng ：2097152
world keng：16, sheng ：1048576

2026-07-26 21:23:48.321 INFO [pool-6-thread-2][:] - /****************流量统计******************/
LastReadBytes:0
LastReadThroughput:0
LastWrittenBytes:0
LastWriteThroughput:0
RealWrittenBytes:0
RealWriteThroughput:0
当前玩家的连接数量:0
当前地图的线程个数：9
当前地图的个数:47
当前数据库执行队列数:0
当前发送队列缓存的对象数量:0
totalMemory：958398464, use ：756580016, free ：201818448DirectMemory：1827143680, 恢复 ：1
当前时间 ：2026-07-26 21:23:48send keng：-1, sheng ：4194304
decode keng：-1, sheng ：2097152
world keng：16, sheng ：1048576

2026-07-26 21:23:53.321 INFO [pool-6-thread-6][:] - /****************流量统计******************/
LastReadBytes:0
LastReadThroughput:0
LastWrittenBytes:0
LastWriteThroughput:0
RealWrittenBytes:0
RealWriteThroughput:0
当前玩家的连接数量:0
当前地图的线程个数：9
当前地图的个数:47
当前数据库执行队列数:0
当前发送队列缓存的对象数量:0
totalMemory：958398464, use ：759024240, free ：199374224DirectMemory：1827143680, 恢复 ：1
当前时间 ：2026-07-26 21:23:53send keng：-1, sheng ：4194304
decode keng：-1, sheng ：2097152
world keng：16, sheng ：1048576

2026-07-26 21:23:58.321 INFO [pool-6-thread-7][:] - /****************流量统计******************/
LastReadBytes:0
LastReadThroughput:0
LastWrittenBytes:0
LastWriteThroughput:0
RealWrittenBytes:0
RealWriteThroughput:0
当前玩家的连接数量:0
当前地图的线程个数：9
当前地图的个数:47
当前数据库执行队列数:0
当前发送队列缓存的对象数量:0
totalMemory：958398464, use ：763500864, free ：194897600DirectMemory：1827143680, 恢复 ：1
当前时间 ：2026-07-26 21:23:58send keng：-1, sheng ：4194304
decode keng：-1, sheng ：2097152
world keng：16, sheng ：1048576

2026-07-26 21:24:03.321 INFO [pool-6-thread-4][:] - /****************流量统计******************/
LastReadBytes:0
LastReadThroughput:0
LastWrittenBytes:0
LastWriteThroughput:0
RealWrittenBytes:0
RealWriteThroughput:0
当前玩家的连接数量:0
当前地图的线程个数：9
当前地图的个数:47
当前数据库执行队列数:0
当前发送队列缓存的对象数量:0
totalMemory：958398464, use ：765231664, free ：193166800DirectMemory：1827143680, 恢复 ：1
当前时间 ：2026-07-26 21:24:03send keng：-1, sheng ：4194304
decode keng：-1, sheng ：2097152
world keng：16, sheng ：1048576

2026-07-26 21:24:08.321 INFO [pool-6-thread-2][:] - /****************流量统计******************/
LastReadBytes:0
LastReadThroughput:0
LastWrittenBytes:0
LastWriteThroughput:0
RealWrittenBytes:0
RealWriteThroughput:0
当前玩家的连接数量:0
当前地图的线程个数：9
当前地图的个数:47
当前数据库执行队列数:0
当前发送队列缓存的对象数量:0
totalMemory：958398464, use ：768390736, free ：190007728DirectMemory：1827143680, 恢复 ：1
当前时间 ：2026-07-26 21:24:08send keng：-1, sheng ：4194304
decode keng：-1, sheng ：2097152
world keng：16, sheng ：1048576

2026-07-26 21:24:13.321 INFO [pool-6-thread-3][:] - /****************流量统计******************/
LastReadBytes:0
LastReadThroughput:0
LastWrittenBytes:0
LastWriteThroughput:0
RealWrittenBytes:0
RealWriteThroughput:0
当前玩家的连接数量:0
当前地图的线程个数：9
当前地图的个数:47
当前数据库执行队列数:0
当前发送队列缓存的对象数量:0
totalMemory：958398464, use ：771702264, free ：186696200DirectMemory：1827143680, 恢复 ：1
当前时间 ：2026-07-26 21:24:13send keng：-1, sheng ：4194304
decode keng：-1, sheng ：2097152
world keng：16, sheng ：1048576

2026-07-26 21:24:18.321 INFO [pool-6-thread-2][:] - /****************流量统计******************/
LastReadBytes:0
LastReadThroughput:0
LastWrittenBytes:0
LastWriteThroughput:0
RealWrittenBytes:0
RealWriteThroughput:0
当前玩家的连接数量:0
当前地图的线程个数：9
当前地图的个数:47
当前数据库执行队列数:0
当前发送队列缓存的对象数量:0
totalMemory：958398464, use ：774144928, free ：184253536DirectMemory：1827143680, 恢复 ：1
当前时间 ：2026-07-26 21:24:18send keng：-1, sheng ：4194304
decode keng：-1, sheng ：2097152
world keng：16, sheng ：1048576

2026-07-26 21:24:23.321 INFO [pool-6-thread-1][:] - /****************流量统计******************/
LastReadBytes:0
LastReadThroughput:0
LastWrittenBytes:0
LastWriteThroughput:0
RealWrittenBytes:0
RealWriteThroughput:0
当前玩家的连接数量:0
当前地图的线程个数：9
当前地图的个数:47
当前数据库执行队列数:0
当前发送队列缓存的对象数量:0
totalMemory：958398464, use ：778038376, free ：180360088DirectMemory：1827143680, 恢复 ：1
当前时间 ：2026-07-26 21:24:23send keng：-1, sheng ：4194304
decode keng：-1, sheng ：2097152
world keng：16, sheng ：1048576

2026-07-26 21:24:28.321 INFO [pool-6-thread-4][:] - /****************流量统计******************/
LastReadBytes:0
LastReadThroughput:0
LastWrittenBytes:0
LastWriteThroughput:0
RealWrittenBytes:0
RealWriteThroughput:0
当前玩家的连接数量:0
当前地图的线程个数：9
当前地图的个数:47
当前数据库执行队列数:0
当前发送队列缓存的对象数量:0
totalMemory：958398464, use ：782002064, free ：176396400DirectMemory：1827143680, 恢复 ：1
当前时间 ：2026-07-26 21:24:28send keng：-1, sheng ：4194304
decode keng：-1, sheng ：2097152
world keng：16, sheng ：1048576

2026-07-26 21:24:33.321 INFO [pool-6-thread-9][:] - /****************流量统计******************/
LastReadBytes:0
LastReadThroughput:0
LastWrittenBytes:0
LastWriteThroughput:0
RealWrittenBytes:0
RealWriteThroughput:0
当前玩家的连接数量:0
当前地图的线程个数：9
当前地图的个数:47
当前数据库执行队列数:0
当前发送队列缓存的对象数量:0
totalMemory：904921088, use ：401085224, free ：503835864DirectMemory：1827143680, 恢复 ：1
当前时间 ：2026-07-26 21:24:33send keng：-1, sheng ：4194304
decode keng：-1, sheng ：2097152
world keng：16, sheng ：1048576

2026-07-26 21:24:38.321 INFO [pool-6-thread-10][:] - /****************流量统计******************/
LastReadBytes:0
LastReadThroughput:0
LastWrittenBytes:0
LastWriteThroughput:0
RealWrittenBytes:0
RealWriteThroughput:0
当前玩家的连接数量:0
当前地图的线程个数：9
当前地图的个数:47
当前数据库执行队列数:0
当前发送队列缓存的对象数量:0
totalMemory：904921088, use ：401347712, free ：503573376DirectMemory：1827143680, 恢复 ：1
当前时间 ：2026-07-26 21:24:38send keng：-1, sheng ：4194304
decode keng：-1, sheng ：2097152
world keng：16, sheng ：1048576

2026-07-26 21:24:43.321 INFO [pool-6-thread-3][:] - /****************流量统计******************/
LastReadBytes:0
LastReadThroughput:0
LastWrittenBytes:0
LastWriteThroughput:0
RealWrittenBytes:0
RealWriteThroughput:0
当前玩家的连接数量:0
当前地图的线程个数：9
当前地图的个数:47
当前数据库执行队列数:0
当前发送队列缓存的对象数量:0
totalMemory：904921088, use ：403392960, free ：501528128DirectMemory：1827143680, 恢复 ：1
当前时间 ：2026-07-26 21:24:43send keng：-1, sheng ：4194304
decode keng：-1, sheng ：2097152
world keng：16, sheng ：1048576

2026-07-26 21:24:48.321 INFO [pool-6-thread-4][:] - /****************流量统计******************/
LastReadBytes:0
LastReadThroughput:0
LastWrittenBytes:0
LastWriteThroughput:0
RealWrittenBytes:0
RealWriteThroughput:0
当前玩家的连接数量:0
当前地图的线程个数：9
当前地图的个数:47
当前数据库执行队列数:0
当前发送队列缓存的对象数量:0
totalMemory：904921088, use ：407999440, free ：496921648DirectMemory：1827143680, 恢复 ：1
当前时间 ：2026-07-26 21:24:48send keng：-1, sheng ：4194304
decode keng：-1, sheng ：2097152
world keng：16, sheng ：1048576

2026-07-26 21:24:53.321 INFO [pool-6-thread-10][:] - /****************流量统计******************/
LastReadBytes:0
LastReadThroughput:0
LastWrittenBytes:0
LastWriteThroughput:0
RealWrittenBytes:0
RealWriteThroughput:0
当前玩家的连接数量:0
当前地图的线程个数：9
当前地图的个数:47
当前数据库执行队列数:0
当前发送队列缓存的对象数量:0
totalMemory：904921088, use ：409246232, free ：495674856DirectMemory：1827143680, 恢复 ：1
当前时间 ：2026-07-26 21:24:53send keng：-1, sheng ：4194304
decode keng：-1, sheng ：2097152
world keng：16, sheng ：1048576

2026-07-26 21:24:58.321 INFO [pool-6-thread-5][:] - /****************流量统计******************/
LastReadBytes:0
LastReadThroughput:0
LastWrittenBytes:0
LastWriteThroughput:0
RealWrittenBytes:0
RealWriteThroughput:0
当前玩家的连接数量:0
当前地图的线程个数：9
当前地图的个数:47
当前数据库执行队列数:0
当前发送队列缓存的对象数量:0
totalMemory：904921088, use ：414731920, free ：490189168DirectMemory：1827143680, 恢复 ：1
当前时间 ：2026-07-26 21:24:58send keng：-1, sheng ：4194304
decode keng：-1, sheng ：2097152
world keng：16, sheng ：1048576

2026-07-26 21:25:03.321 INFO [pool-6-thread-3][:] - /****************流量统计******************/
LastReadBytes:0
LastReadThroughput:0
LastWrittenBytes:0
LastWriteThroughput:0
RealWrittenBytes:0
RealWriteThroughput:0
当前玩家的连接数量:0
当前地图的线程个数：9
当前地图的个数:47
当前数据库执行队列数:0
当前发送队列缓存的对象数量:0
totalMemory：904921088, use ：415930624, free ：488990464DirectMemory：1827143680, 恢复 ：1
当前时间 ：2026-07-26 21:25:03send keng：-1, sheng ：4194304
decode keng：-1, sheng ：2097152
world keng：16, sheng ：1048576

2026-07-26 21:25:08.321 INFO [pool-6-thread-2][:] - /****************流量统计******************/
LastReadBytes:0
LastReadThroughput:0
LastWrittenBytes:0
LastWriteThroughput:0
RealWrittenBytes:0
RealWriteThroughput:0
当前玩家的连接数量:0
当前地图的线程个数：9
当前地图的个数:47
当前数据库执行队列数:0
当前发送队列缓存的对象数量:0
totalMemory：904921088, use ：420493216, free ：484427872DirectMemory：1827143680, 恢复 ：1
当前时间 ：2026-07-26 21:25:08send keng：-1, sheng ：4194304
decode keng：-1, sheng ：2097152
world keng：16, sheng ：1048576

2026-07-26 21:25:13.321 INFO [pool-6-thread-1][:] - /****************流量统计******************/
LastReadBytes:0
LastReadThroughput:0
LastWrittenBytes:0
LastWriteThroughput:0
RealWrittenBytes:0
RealWriteThroughput:0
当前玩家的连接数量:0
当前地图的线程个数：9
当前地图的个数:47
当前数据库执行队列数:0
当前发送队列缓存的对象数量:0
totalMemory：904921088, use ：422618224, free ：482302864DirectMemory：1827143680, 恢复 ：1
当前时间 ：2026-07-26 21:25:13send keng：-1, sheng ：4194304
decode keng：-1, sheng ：2097152
world keng：16, sheng ：1048576

2026-07-26 21:25:18.321 INFO [pool-6-thread-4][:] - /****************流量统计******************/
LastReadBytes:0
LastReadThroughput:0
LastWrittenBytes:0
LastWriteThroughput:0
RealWrittenBytes:0
RealWriteThroughput:0
当前玩家的连接数量:0
当前地图的线程个数：9
当前地图的个数:47
当前数据库执行队列数:0
当前发送队列缓存的对象数量:0
totalMemory：904921088, use ：429974736, free ：474946352DirectMemory：1827143680, 恢复 ：1
当前时间 ：2026-07-26 21:25:18send keng：-1, sheng ：4194304
decode keng：-1, sheng ：2097152
world keng：16, sheng ：1048576

2026-07-26 21:25:23.321 INFO [pool-6-thread-2][:] - /****************流量统计******************/
LastReadBytes:0
LastReadThroughput:0
LastWrittenBytes:0
LastWriteThroughput:0
RealWrittenBytes:0
RealWriteThroughput:0
当前玩家的连接数量:0
当前地图的线程个数：9
当前地图的个数:47
当前数据库执行队列数:0
当前发送队列缓存的对象数量:0
totalMemory：904921088, use ：433221240, free ：471699848DirectMemory：1827143680, 恢复 ：1
当前时间 ：2026-07-26 21:25:23send keng：-1, sheng ：4194304
decode keng：-1, sheng ：2097152
world keng：16, sheng ：1048576

2026-07-26 21:25:28.322 INFO [pool-6-thread-5][:] - /****************流量统计******************/
LastReadBytes:0
LastReadThroughput:0
LastWrittenBytes:0
LastWriteThroughput:0
RealWrittenBytes:0
RealWriteThroughput:0
当前玩家的连接数量:0
当前地图的线程个数：9
当前地图的个数:47
当前数据库执行队列数:0
当前发送队列缓存的对象数量:0
totalMemory：904921088, use ：435429976, free ：469491112DirectMemory：1827143680, 恢复 ：1
当前时间 ：2026-07-26 21:25:28send keng：-1, sheng ：4194304
decode keng：-1, sheng ：2097152
world keng：16, sheng ：1048576

2026-07-26 21:25:33.321 INFO [pool-6-thread-7][:] - /****************流量统计******************/
LastReadBytes:0
LastReadThroughput:0
LastWrittenBytes:0
LastWriteThroughput:0
RealWrittenBytes:0
RealWriteThroughput:0
当前玩家的连接数量:0
当前地图的线程个数：9
当前地图的个数:47
当前数据库执行队列数:0
当前发送队列缓存的对象数量:0
totalMemory：904921088, use ：439236848, free ：465684240DirectMemory：1827143680, 恢复 ：1
当前时间 ：2026-07-26 21:25:33send keng：-1, sheng ：4194304
decode keng：-1, sheng ：2097152
world keng：16, sheng ：1048576

2026-07-26 21:25:38.321 INFO [pool-6-thread-10][:] - /****************流量统计******************/
LastReadBytes:0
LastReadThroughput:0
LastWrittenBytes:0
LastWriteThroughput:0
RealWrittenBytes:0
RealWriteThroughput:0
当前玩家的连接数量:0
当前地图的线程个数：9
当前地图的个数:47
当前数据库执行队列数:0
当前发送队列缓存的对象数量:0
totalMemory：904921088, use ：442044880, free ：462876208DirectMemory：1827143680, 恢复 ：1
当前时间 ：2026-07-26 21:25:38send keng：-1, sheng ：4194304
decode keng：-1, sheng ：2097152
world keng：16, sheng ：1048576

2026-07-26 21:25:43.321 INFO [pool-6-thread-1][:] - /****************流量统计******************/
LastReadBytes:0
LastReadThroughput:0
LastWrittenBytes:0
LastWriteThroughput:0
RealWrittenBytes:0
RealWriteThroughput:0
当前玩家的连接数量:0
当前地图的线程个数：9
当前地图的个数:47
当前数据库执行队列数:0
当前发送队列缓存的对象数量:0
totalMemory：904921088, use ：445378456, free ：459542632DirectMemory：1827143680, 恢复 ：1
当前时间 ：2026-07-26 21:25:43send keng：-1, sheng ：4194304
decode keng：-1, sheng ：2097152
world keng：16, sheng ：1048576

2026-07-26 21:25:48.321 INFO [pool-6-thread-9][:] - /****************流量统计******************/
LastReadBytes:0
LastReadThroughput:0
LastWrittenBytes:0
LastWriteThroughput:0
RealWrittenBytes:0
RealWriteThroughput:0
当前玩家的连接数量:0
当前地图的线程个数：9
当前地图的个数:47
当前数据库执行队列数:0
当前发送队列缓存的对象数量:0
totalMemory：904921088, use ：448712560, free ：456208528DirectMemory：1827143680, 恢复 ：1
当前时间 ：2026-07-26 21:25:48send keng：-1, sheng ：4194304
decode keng：-1, sheng ：2097152
world keng：16, sheng ：1048576

2026-07-26 21:25:53.321 INFO [pool-6-thread-4][:] - /****************流量统计******************/
LastReadBytes:0
LastReadThroughput:0
LastWrittenBytes:0
LastWriteThroughput:0
RealWrittenBytes:0
RealWriteThroughput:0
当前玩家的连接数量:0
当前地图的线程个数：9
当前地图的个数:47
当前数据库执行队列数:0
当前发送队列缓存的对象数量:0
totalMemory：904921088, use ：451510896, free ：453410192DirectMemory：1827143680, 恢复 ：1
当前时间 ：2026-07-26 21:25:53send keng：-1, sheng ：4194304
decode keng：-1, sheng ：2097152
world keng：16, sheng ：1048576

2026-07-26 21:25:58.321 INFO [pool-6-thread-9][:] - /****************流量统计******************/
LastReadBytes:0
LastReadThroughput:0
LastWrittenBytes:0
LastWriteThroughput:0
RealWrittenBytes:0
RealWriteThroughput:0
当前玩家的连接数量:0
当前地图的线程个数：9
当前地图的个数:47
当前数据库执行队列数:0
当前发送队列缓存的对象数量:0
totalMemory：904921088, use ：457737376, free ：447183712DirectMemory：1827143680, 恢复 ：1
当前时间 ：2026-07-26 21:25:58send keng：-1, sheng ：4194304
decode keng：-1, sheng ：2097152
world keng：16, sheng ：1048576

2026-07-26 21:26:03.321 INFO [pool-6-thread-7][:] - /****************流量统计******************/
LastReadBytes:0
LastReadThroughput:0
LastWrittenBytes:0
LastWriteThroughput:0
RealWrittenBytes:0
RealWriteThroughput:0
当前玩家的连接数量:0
当前地图的线程个数：9
当前地图的个数:47
当前数据库执行队列数:0
当前发送队列缓存的对象数量:0
totalMemory：904921088, use ：460772280, free ：444148808DirectMemory：1827143680, 恢复 ：1
当前时间 ：2026-07-26 21:26:03send keng：-1, sheng ：4194304
decode keng：-1, sheng ：2097152
world keng：16, sheng ：1048576

2026-07-26 21:26:08.321 INFO [pool-6-thread-10][:] - /****************流量统计******************/
LastReadBytes:0
LastReadThroughput:0
LastWrittenBytes:0
LastWriteThroughput:0
RealWrittenBytes:0
RealWriteThroughput:0
当前玩家的连接数量:0
当前地图的线程个数：9
当前地图的个数:47
当前数据库执行队列数:0
当前发送队列缓存的对象数量:0
totalMemory：904921088, use ：464856880, free ：440064208DirectMemory：1827143680, 恢复 ：1
当前时间 ：2026-07-26 21:26:08send keng：-1, sheng ：4194304
decode keng：-1, sheng ：2097152
world keng：16, sheng ：1048576

2026-07-26 21:26:13.321 INFO [pool-6-thread-3][:] - /****************流量统计******************/
LastReadBytes:0
LastReadThroughput:0
LastWrittenBytes:0
LastWriteThroughput:0
RealWrittenBytes:0
RealWriteThroughput:0
当前玩家的连接数量:0
当前地图的线程个数：9
当前地图的个数:47
当前数据库执行队列数:0
当前发送队列缓存的对象数量:0
totalMemory：904921088, use ：467361648, free ：437559440DirectMemory：1827143680, 恢复 ：1
当前时间 ：2026-07-26 21:26:13send keng：-1, sheng ：4194304
decode keng：-1, sheng ：2097152
world keng：16, sheng ：1048576

2026-07-26 21:26:18.321 INFO [pool-6-thread-1][:] - /****************流量统计******************/
LastReadBytes:0
LastReadThroughput:0
LastWrittenBytes:0
LastWriteThroughput:0
RealWrittenBytes:0
RealWriteThroughput:0
当前玩家的连接数量:0
当前地图的线程个数：9
当前地图的个数:47
当前数据库执行队列数:0
当前发送队列缓存的对象数量:0
totalMemory：904921088, use ：468917864, free ：436003224DirectMemory：1827143680, 恢复 ：1
当前时间 ：2026-07-26 21:26:18send keng：-1, sheng ：4194304
decode keng：-1, sheng ：2097152
world keng：16, sheng ：1048576

2026-07-26 21:26:23.321 INFO [pool-6-thread-2][:] - /****************流量统计******************/
LastReadBytes:0
LastReadThroughput:0
LastWrittenBytes:0
LastWriteThroughput:0
RealWrittenBytes:0
RealWriteThroughput:0
当前玩家的连接数量:0
当前地图的线程个数：9
当前地图的个数:47
当前数据库执行队列数:0
当前发送队列缓存的对象数量:0
totalMemory：904921088, use ：473714872, free ：431206216DirectMemory：1827143680, 恢复 ：1
当前时间 ：2026-07-26 21:26:23send keng：-1, sheng ：4194304
decode keng：-1, sheng ：2097152
world keng：16, sheng ：1048576

2026-07-26 21:26:28.321 INFO [pool-6-thread-3][:] - /****************流量统计******************/
LastReadBytes:0
LastReadThroughput:0
LastWrittenBytes:0
LastWriteThroughput:0
RealWrittenBytes:0
RealWriteThroughput:0
当前玩家的连接数量:0
当前地图的线程个数：9
当前地图的个数:47
当前数据库执行队列数:0
当前发送队列缓存的对象数量:0
totalMemory：904921088, use ：475560208, free ：429360880DirectMemory：1827143680, 恢复 ：1
当前时间 ：2026-07-26 21:26:28send keng：-1, sheng ：4194304
decode keng：-1, sheng ：2097152
world keng：16, sheng ：1048576

2026-07-26 21:26:33.321 INFO [pool-6-thread-7][:] - /****************流量统计******************/
LastReadBytes:0
LastReadThroughput:0
LastWrittenBytes:0
LastWriteThroughput:0
RealWrittenBytes:0
RealWriteThroughput:0
当前玩家的连接数量:0
当前地图的线程个数：9
当前地图的个数:47
当前数据库执行队列数:0
当前发送队列缓存的对象数量:0
totalMemory：904921088, use ：479862896, free ：425058192DirectMemory：1827143680, 恢复 ：1
当前时间 ：2026-07-26 21:26:33send keng：-1, sheng ：4194304
decode keng：-1, sheng ：2097152
world keng：16, sheng ：1048576

2026-07-26 21:26:38.321 INFO [pool-6-thread-5][:] - /****************流量统计******************/
LastReadBytes:0
LastReadThroughput:0
LastWrittenBytes:0
LastWriteThroughput:0
RealWrittenBytes:0
RealWriteThroughput:0
当前玩家的连接数量:0
当前地图的线程个数：9
当前地图的个数:47
当前数据库执行队列数:0
当前发送队列缓存的对象数量:0
totalMemory：904921088, use ：482029736, free ：422891352DirectMemory：1827143680, 恢复 ：1
当前时间 ：2026-07-26 21:26:38send keng：-1, sheng ：4194304
decode keng：-1, sheng ：2097152
world keng：16, sheng ：1048576

2026-07-26 21:26:43.321 INFO [pool-6-thread-4][:] - /****************流量统计******************/
LastReadBytes:0
LastReadThroughput:0
LastWrittenBytes:0
LastWriteThroughput:0
RealWrittenBytes:0
RealWriteThroughput:0
当前玩家的连接数量:0
当前地图的线程个数：9
当前地图的个数:47
当前数据库执行队列数:0
当前发送队列缓存的对象数量:0
totalMemory：904921088, use ：489911752, free ：415009336DirectMemory：1827143680, 恢复 ：1
当前时间 ：2026-07-26 21:26:43send keng：-1, sheng ：4194304
decode keng：-1, sheng ：2097152
world keng：16, sheng ：1048576

2026-07-26 21:26:48.321 INFO [pool-6-thread-5][:] - /****************流量统计******************/
LastReadBytes:0
LastReadThroughput:0
LastWrittenBytes:0
LastWriteThroughput:0
RealWrittenBytes:0
RealWriteThroughput:0
当前玩家的连接数量:0
当前地图的线程个数：9
当前地图的个数:47
当前数据库执行队列数:0
当前发送队列缓存的对象数量:0
totalMemory：904921088, use ：491694928, free ：413226160DirectMemory：1827143680, 恢复 ：1
当前时间 ：2026-07-26 21:26:48send keng：-1, sheng ：4194304
decode keng：-1, sheng ：2097152
world keng：16, sheng ：1048576

2026-07-26 21:26:53.321 INFO [pool-6-thread-7][:] - /****************流量统计******************/
LastReadBytes:0
LastReadThroughput:0
LastWrittenBytes:0
LastWriteThroughput:0
RealWrittenBytes:0
RealWriteThroughput:0
当前玩家的连接数量:0
当前地图的线程个数：9
当前地图的个数:47
当前数据库执行队列数:0
当前发送队列缓存的对象数量:0
totalMemory：904921088, use ：496884368, free ：408036720DirectMemory：1827143680, 恢复 ：1
当前时间 ：2026-07-26 21:26:53send keng：-1, sheng ：4194304
decode keng：-1, sheng ：2097152
world keng：16, sheng ：1048576

2026-07-26 21:26:58.321 INFO [pool-6-thread-5][:] - /****************流量统计******************/
LastReadBytes:0
LastReadThroughput:0
LastWrittenBytes:0
LastWriteThroughput:0
RealWrittenBytes:0
RealWriteThroughput:0
当前玩家的连接数量:0
当前地图的线程个数：9
当前地图的个数:47
当前数据库执行队列数:0
当前发送队列缓存的对象数量:0
totalMemory：904921088, use ：497856296, free ：407064792DirectMemory：1827143680, 恢复 ：1
当前时间 ：2026-07-26 21:26:58send keng：-1, sheng ：4194304
decode keng：-1, sheng ：2097152
world keng：16, sheng ：1048576

2026-07-26 21:27:03.321 INFO [pool-6-thread-4][:] - /****************流量统计******************/
LastReadBytes:0
LastReadThroughput:0
LastWrittenBytes:0
LastWriteThroughput:0
RealWrittenBytes:0
RealWriteThroughput:0
当前玩家的连接数量:0
当前地图的线程个数：9
当前地图的个数:47
当前数据库执行队列数:0
当前发送队列缓存的对象数量:0
totalMemory：904921088, use ：502275512, free ：402645576DirectMemory：1827143680, 恢复 ：1
当前时间 ：2026-07-26 21:27:03send keng：-1, sheng ：4194304
decode keng：-1, sheng ：2097152
world keng：16, sheng ：1048576

2026-07-26 21:27:08.321 INFO [pool-6-thread-8][:] - /****************流量统计******************/
LastReadBytes:0
LastReadThroughput:0
LastWrittenBytes:0
LastWriteThroughput:0
RealWrittenBytes:0
RealWriteThroughput:0
当前玩家的连接数量:0
当前地图的线程个数：9
当前地图的个数:47
当前数据库执行队列数:0
当前发送队列缓存的对象数量:0
totalMemory：904921088, use ：504696960, free ：400224128DirectMemory：1827143680, 恢复 ：1
当前时间 ：2026-07-26 21:27:08send keng：-1, sheng ：4194304
decode keng：-1, sheng ：2097152
world keng：16, sheng ：1048576

2026-07-26 21:27:13.321 INFO [pool-6-thread-4][:] - /****************流量统计******************/
LastReadBytes:0
LastReadThroughput:0
LastWrittenBytes:0
LastWriteThroughput:0
RealWrittenBytes:0
RealWriteThroughput:0
当前玩家的连接数量:0
当前地图的线程个数：9
当前地图的个数:47
当前数据库执行队列数:0
当前发送队列缓存的对象数量:0
totalMemory：904921088, use ：508535632, free ：396385456DirectMemory：1827143680, 恢复 ：1
当前时间 ：2026-07-26 21:27:13send keng：-1, sheng ：4194304
decode keng：-1, sheng ：2097152
world keng：16, sheng ：1048576

2026-07-26 21:27:18.321 INFO [pool-6-thread-7][:] - /****************流量统计******************/
LastReadBytes:0
LastReadThroughput:0
LastWrittenBytes:0
LastWriteThroughput:0
RealWrittenBytes:0
RealWriteThroughput:0
当前玩家的连接数量:0
当前地图的线程个数：9
当前地图的个数:47
当前数据库执行队列数:0
当前发送队列缓存的对象数量:0
totalMemory：904921088, use ：511279736, free ：393641352DirectMemory：1827143680, 恢复 ：1
当前时间 ：2026-07-26 21:27:18send keng：-1, sheng ：4194304
decode keng：-1, sheng ：2097152
world keng：16, sheng ：1048576

2026-07-26 21:27:23.321 INFO [pool-6-thread-2][:] - /****************流量统计******************/
LastReadBytes:0
LastReadThroughput:0
LastWrittenBytes:0
LastWriteThroughput:0
RealWrittenBytes:0
RealWriteThroughput:0
当前玩家的连接数量:0
当前地图的线程个数：9
当前地图的个数:47
当前数据库执行队列数:0
当前发送队列缓存的对象数量:0
totalMemory：904921088, use ：517688496, free ：387232592DirectMemory：1827143680, 恢复 ：1
当前时间 ：2026-07-26 21:27:23send keng：-1, sheng ：4194304
decode keng：-1, sheng ：2097152
world keng：16, sheng ：1048576

2026-07-26 21:27:28.321 INFO [pool-6-thread-10][:] - /****************流量统计******************/
LastReadBytes:0
LastReadThroughput:0
LastWrittenBytes:0
LastWriteThroughput:0
RealWrittenBytes:0
RealWriteThroughput:0
当前玩家的连接数量:0
当前地图的线程个数：9
当前地图的个数:47
当前数据库执行队列数:0
当前发送队列缓存的对象数量:0
totalMemory：904921088, use ：520790928, free ：384130160DirectMemory：1827143680, 恢复 ：1
当前时间 ：2026-07-26 21:27:28send keng：-1, sheng ：4194304
decode keng：-1, sheng ：2097152
world keng：16, sheng ：1048576

2026-07-26 21:27:33.321 INFO [pool-6-thread-1][:] - /****************流量统计******************/
LastReadBytes:0
LastReadThroughput:0
LastWrittenBytes:0
LastWriteThroughput:0
RealWrittenBytes:0
RealWriteThroughput:0
当前玩家的连接数量:0
当前地图的线程个数：9
当前地图的个数:47
当前数据库执行队列数:0
当前发送队列缓存的对象数量:0
totalMemory：904921088, use ：523278456, free ：381642632DirectMemory：1827143680, 恢复 ：1
当前时间 ：2026-07-26 21:27:33send keng：-1, sheng ：4194304
decode keng：-1, sheng ：2097152
world keng：16, sheng ：1048576

2026-07-26 21:27:38.321 INFO [pool-6-thread-1][:] - /****************流量统计******************/
LastReadBytes:0
LastReadThroughput:0
LastWrittenBytes:0
LastWriteThroughput:0
RealWrittenBytes:0
RealWriteThroughput:0
当前玩家的连接数量:0
当前地图的线程个数：9
当前地图的个数:47
当前数据库执行队列数:0
当前发送队列缓存的对象数量:0
totalMemory：904921088, use ：527585896, free ：377335192DirectMemory：1827143680, 恢复 ：1
当前时间 ：2026-07-26 21:27:38send keng：-1, sheng ：4194304
decode keng：-1, sheng ：2097152
world keng：16, sheng ：1048576

2026-07-26 21:27:43.321 INFO [pool-6-thread-7][:] - /****************流量统计******************/
LastReadBytes:0
LastReadThroughput:0
LastWrittenBytes:0
LastWriteThroughput:0
RealWrittenBytes:0
RealWriteThroughput:0
当前玩家的连接数量:0
当前地图的线程个数：9
当前地图的个数:47
当前数据库执行队列数:0
当前发送队列缓存的对象数量:0
totalMemory：904921088, use ：529757432, free ：375163656DirectMemory：1827143680, 恢复 ：1
当前时间 ：2026-07-26 21:27:43send keng：-1, sheng ：4194304
decode keng：-1, sheng ：2097152
world keng：16, sheng ：1048576

2026-07-26 21:27:48.321 INFO [pool-6-thread-1][:] - /****************流量统计******************/
LastReadBytes:0
LastReadThroughput:0
LastWrittenBytes:0
LastWriteThroughput:0
RealWrittenBytes:0
RealWriteThroughput:0
当前玩家的连接数量:0
当前地图的线程个数：9
当前地图的个数:47
当前数据库执行队列数:0
当前发送队列缓存的对象数量:0
totalMemory：904921088, use ：532447832, free ：372473256DirectMemory：1827143680, 恢复 ：1
当前时间 ：2026-07-26 21:27:48send keng：-1, sheng ：4194304
decode keng：-1, sheng ：2097152
world keng：16, sheng ：1048576

2026-07-26 21:27:53.321 INFO [pool-6-thread-9][:] - /****************流量统计******************/
LastReadBytes:0
LastReadThroughput:0
LastWrittenBytes:0
LastWriteThroughput:0
RealWrittenBytes:0
RealWriteThroughput:0
当前玩家的连接数量:0
当前地图的线程个数：9
当前地图的个数:47
当前数据库执行队列数:0
当前发送队列缓存的对象数量:0
totalMemory：904921088, use ：536405464, free ：368515624DirectMemory：1827143680, 恢复 ：1
当前时间 ：2026-07-26 21:27:53send keng：-1, sheng ：4194304
decode keng：-1, sheng ：2097152
world keng：16, sheng ：1048576

2026-07-26 21:27:58.321 INFO [pool-6-thread-3][:] - /****************流量统计******************/
LastReadBytes:0
LastReadThroughput:0
LastWrittenBytes:0
LastWriteThroughput:0
RealWrittenBytes:0
RealWriteThroughput:0
当前玩家的连接数量:0
当前地图的线程个数：9
当前地图的个数:47
当前数据库执行队列数:0
当前发送队列缓存的对象数量:0
totalMemory：904921088, use ：539293880, free ：365627208DirectMemory：1827143680, 恢复 ：1
当前时间 ：2026-07-26 21:27:58send keng：-1, sheng ：4194304
decode keng：-1, sheng ：2097152
world keng：16, sheng ：1048576

2026-07-26 21:28:03.321 INFO [pool-6-thread-9][:] - /****************流量统计******************/
LastReadBytes:0
LastReadThroughput:0
LastWrittenBytes:0
LastWriteThroughput:0
RealWrittenBytes:0
RealWriteThroughput:0
当前玩家的连接数量:0
当前地图的线程个数：9
当前地图的个数:47
当前数据库执行队列数:0
当前发送队列缓存的对象数量:0
totalMemory：904921088, use ：543472056, free ：361449032DirectMemory：1827143680, 恢复 ：1
当前时间 ：2026-07-26 21:28:03send keng：-1, sheng ：4194304
decode keng：-1, sheng ：2097152
world keng：16, sheng ：1048576

2026-07-26 21:28:08.321 INFO [pool-6-thread-5][:] - /****************流量统计******************/
LastReadBytes:0
LastReadThroughput:0
LastWrittenBytes:0
LastWriteThroughput:0
RealWrittenBytes:0
RealWriteThroughput:0
当前玩家的连接数量:0
当前地图的线程个数：9
当前地图的个数:47
当前数据库执行队列数:0
当前发送队列缓存的对象数量:0
totalMemory：904921088, use ：549810992, free ：355110096DirectMemory：1827143680, 恢复 ：1
当前时间 ：2026-07-26 21:28:08send keng：-1, sheng ：4194304
decode keng：-1, sheng ：2097152
world keng：16, sheng ：1048576

2026-07-26 21:28:13.321 INFO [pool-6-thread-9][:] - /****************流量统计******************/
LastReadBytes:0
LastReadThroughput:0
LastWrittenBytes:0
LastWriteThroughput:0
RealWrittenBytes:0
RealWriteThroughput:0
当前玩家的连接数量:0
当前地图的线程个数：9
当前地图的个数:47
当前数据库执行队列数:0
当前发送队列缓存的对象数量:0
totalMemory：904921088, use ：552511560, free ：352409528DirectMemory：1827143680, 恢复 ：1
当前时间 ：2026-07-26 21:28:13send keng：-1, sheng ：4194304
decode keng：-1, sheng ：2097152
world keng：16, sheng ：1048576

2026-07-26 21:28:18.321 INFO [pool-6-thread-7][:] - /****************流量统计******************/
LastReadBytes:0
LastReadThroughput:0
LastWrittenBytes:0
LastWriteThroughput:0
RealWrittenBytes:0
RealWriteThroughput:0
当前玩家的连接数量:0
当前地图的线程个数：9
当前地图的个数:47
当前数据库执行队列数:0
当前发送队列缓存的对象数量:0
totalMemory：904921088, use ：555965504, free ：348955584DirectMemory：1827143680, 恢复 ：1
当前时间 ：2026-07-26 21:28:18send keng：-1, sheng ：4194304
decode keng：-1, sheng ：2097152
world keng：16, sheng ：1048576

2026-07-26 21:28:23.321 INFO [pool-6-thread-8][:] - /****************流量统计******************/
LastReadBytes:0
LastReadThroughput:0
LastWrittenBytes:0
LastWriteThroughput:0
RealWrittenBytes:0
RealWriteThroughput:0
当前玩家的连接数量:0
当前地图的线程个数：9
当前地图的个数:47
当前数据库执行队列数:0
当前发送队列缓存的对象数量:0
totalMemory：904921088, use ：558593240, free ：346327848DirectMemory：1827143680, 恢复 ：1
当前时间 ：2026-07-26 21:28:23send keng：-1, sheng ：4194304
decode keng：-1, sheng ：2097152
world keng：16, sheng ：1048576

2026-07-26 21:28:28.321 INFO [pool-6-thread-1][:] - /****************流量统计******************/
LastReadBytes:0
LastReadThroughput:0
LastWrittenBytes:0
LastWriteThroughput:0
RealWrittenBytes:0
RealWriteThroughput:0
当前玩家的连接数量:0
当前地图的线程个数：9
当前地图的个数:47
当前数据库执行队列数:0
当前发送队列缓存的对象数量:0
totalMemory：904921088, use ：561983352, free ：342937736DirectMemory：1827143680, 恢复 ：1
当前时间 ：2026-07-26 21:28:28send keng：-1, sheng ：4194304
decode keng：-1, sheng ：2097152
world keng：16, sheng ：1048576

2026-07-26 21:28:33.321 INFO [pool-6-thread-10][:] - /****************流量统计******************/
LastReadBytes:0
LastReadThroughput:0
LastWrittenBytes:0
LastWriteThroughput:0
RealWrittenBytes:0
RealWriteThroughput:0
当前玩家的连接数量:0
当前地图的线程个数：9
当前地图的个数:47
当前数据库执行队列数:0
当前发送队列缓存的对象数量:0
totalMemory：904921088, use ：565097304, free ：339823784DirectMemory：1827143680, 恢复 ：1
当前时间 ：2026-07-26 21:28:33send keng：-1, sheng ：4194304
decode keng：-1, sheng ：2097152
world keng：16, sheng ：1048576

2026-07-26 21:28:38.321 INFO [pool-6-thread-6][:] - /****************流量统计******************/
LastReadBytes:0
LastReadThroughput:0
LastWrittenBytes:0
LastWriteThroughput:0
RealWrittenBytes:0
RealWriteThroughput:0
当前玩家的连接数量:0
当前地图的线程个数：9
当前地图的个数:47
当前数据库执行队列数:0
当前发送队列缓存的对象数量:0
totalMemory：904921088, use ：567297192, free ：337623896DirectMemory：1827143680, 恢复 ：1
当前时间 ：2026-07-26 21:28:38send keng：-1, sheng ：4194304
decode keng：-1, sheng ：2097152
world keng：16, sheng ：1048576

2026-07-26 21:28:43.321 INFO [pool-6-thread-7][:] - /****************流量统计******************/
LastReadBytes:0
LastReadThroughput:0
LastWrittenBytes:0
LastWriteThroughput:0
RealWrittenBytes:0
RealWriteThroughput:0
当前玩家的连接数量:0
当前地图的线程个数：9
当前地图的个数:47
当前数据库执行队列数:0
当前发送队列缓存的对象数量:0
totalMemory：904921088, use ：571472744, free ：333448344DirectMemory：1827143680, 恢复 ：1
当前时间 ：2026-07-26 21:28:43send keng：-1, sheng ：4194304
decode keng：-1, sheng ：2097152
world keng：16, sheng ：1048576

2026-07-26 21:28:48.321 INFO [pool-6-thread-10][:] - /****************流量统计******************/
LastReadBytes:0
LastReadThroughput:0
LastWrittenBytes:0
LastWriteThroughput:0
RealWrittenBytes:0
RealWriteThroughput:0
当前玩家的连接数量:0
当前地图的线程个数：9
当前地图的个数:47
当前数据库执行队列数:0
当前发送队列缓存的对象数量:0
totalMemory：904921088, use ：577527216, free ：327393872DirectMemory：1827143680, 恢复 ：1
当前时间 ：2026-07-26 21:28:48send keng：-1, sheng ：4194304
decode keng：-1, sheng ：2097152
world keng：16, sheng ：1048576

2026-07-26 21:28:53.321 INFO [pool-6-thread-4][:] - /****************流量统计******************/
LastReadBytes:0
LastReadThroughput:0
LastWrittenBytes:0
LastWriteThroughput:0
RealWrittenBytes:0
RealWriteThroughput:0
当前玩家的连接数量:0
当前地图的线程个数：9
当前地图的个数:47
当前数据库执行队列数:0
当前发送队列缓存的对象数量:0
totalMemory：904921088, use ：580459264, free ：324461824DirectMemory：1827143680, 恢复 ：1
当前时间 ：2026-07-26 21:28:53send keng：-1, sheng ：4194304
decode keng：-1, sheng ：2097152
world keng：16, sheng ：1048576

2026-07-26 21:28:58.321 INFO [pool-6-thread-5][:] - /****************流量统计******************/
LastReadBytes:0
LastReadThroughput:0
LastWrittenBytes:0
LastWriteThroughput:0
RealWrittenBytes:0
RealWriteThroughput:0
当前玩家的连接数量:0
当前地图的线程个数：9
当前地图的个数:47
当前数据库执行队列数:0
当前发送队列缓存的对象数量:0
totalMemory：904921088, use ：583703704, free ：321217384DirectMemory：1827143680, 恢复 ：1
当前时间 ：2026-07-26 21:28:58send keng：-1, sheng ：4194304
decode keng：-1, sheng ：2097152
world keng：16, sheng ：1048576

2026-07-26 21:29:03.321 INFO [pool-6-thread-10][:] - /****************流量统计******************/
LastReadBytes:0
LastReadThroughput:0
LastWrittenBytes:0
LastWriteThroughput:0
RealWrittenBytes:0
RealWriteThroughput:0
当前玩家的连接数量:0
当前地图的线程个数：9
当前地图的个数:47
当前数据库执行队列数:0
当前发送队列缓存的对象数量:0
totalMemory：904921088, use ：586732128, free ：318188960DirectMemory：1827143680, 恢复 ：1
当前时间 ：2026-07-26 21:29:03send keng：-1, sheng ：4194304
decode keng：-1, sheng ：2097152
world keng：16, sheng ：1048576

2026-07-26 21:29:08.321 INFO [pool-6-thread-8][:] - /****************流量统计******************/
LastReadBytes:0
LastReadThroughput:0
LastWrittenBytes:0
LastWriteThroughput:0
RealWrittenBytes:0
RealWriteThroughput:0
当前玩家的连接数量:0
当前地图的线程个数：9
当前地图的个数:47
当前数据库执行队列数:0
当前发送队列缓存的对象数量:0
totalMemory：904921088, use ：589404136, free ：315516952DirectMemory：1827143680, 恢复 ：1
当前时间 ：2026-07-26 21:29:08send keng：-1, sheng ：4194304
decode keng：-1, sheng ：2097152
world keng：16, sheng ：1048576

2026-07-26 21:29:13.321 INFO [pool-6-thread-10][:] - /****************流量统计******************/
LastReadBytes:0
LastReadThroughput:0
LastWrittenBytes:0
LastWriteThroughput:0
RealWrittenBytes:0
RealWriteThroughput:0
当前玩家的连接数量:0
当前地图的线程个数：9
当前地图的个数:47
当前数据库执行队列数:0
当前发送队列缓存的对象数量:0
totalMemory：904921088, use ：593092928, free ：311828160DirectMemory：1827143680, 恢复 ：1
当前时间 ：2026-07-26 21:29:13send keng：-1, sheng ：4194304
decode keng：-1, sheng ：2097152
world keng：16, sheng ：1048576

2026-07-26 21:29:18.321 INFO [pool-6-thread-10][:] - /****************流量统计******************/
LastReadBytes:0
LastReadThroughput:0
LastWrittenBytes:0
LastWriteThroughput:0
RealWrittenBytes:0
RealWriteThroughput:0
当前玩家的连接数量:0
当前地图的线程个数：9
当前地图的个数:47
当前数据库执行队列数:0
当前发送队列缓存的对象数量:0
totalMemory：904921088, use ：595061360, free ：309859728DirectMemory：1827143680, 恢复 ：1
当前时间 ：2026-07-26 21:29:18send keng：-1, sheng ：4194304
decode keng：-1, sheng ：2097152
world keng：16, sheng ：1048576

2026-07-26 21:29:23.321 INFO [pool-6-thread-4][:] - /****************流量统计******************/
LastReadBytes:0
LastReadThroughput:0
LastWrittenBytes:0
LastWriteThroughput:0
RealWrittenBytes:0
RealWriteThroughput:0
当前玩家的连接数量:0
当前地图的线程个数：9
当前地图的个数:47
当前数据库执行队列数:0
当前发送队列缓存的对象数量:0
totalMemory：904921088, use ：599823952, free ：305097136DirectMemory：1827143680, 恢复 ：1
当前时间 ：2026-07-26 21:29:23send keng：-1, sheng ：4194304
decode keng：-1, sheng ：2097152
world keng：16, sheng ：1048576

2026-07-26 21:29:28.321 INFO [pool-6-thread-8][:] - /****************流量统计******************/
LastReadBytes:0
LastReadThroughput:0
LastWrittenBytes:0
LastWriteThroughput:0
RealWrittenBytes:0
RealWriteThroughput:0
当前玩家的连接数量:0
当前地图的线程个数：9
当前地图的个数:47
当前数据库执行队列数:0
当前发送队列缓存的对象数量:0
totalMemory：904921088, use ：603367312, free ：301553776DirectMemory：1827143680, 恢复 ：1
当前时间 ：2026-07-26 21:29:28send keng：-1, sheng ：4194304
decode keng：-1, sheng ：2097152
world keng：16, sheng ：1048576

2026-07-26 21:29:33.321 INFO [pool-6-thread-4][:] - /****************流量统计******************/
LastReadBytes:0
LastReadThroughput:0
LastWrittenBytes:0
LastWriteThroughput:0
RealWrittenBytes:0
RealWriteThroughput:0
当前玩家的连接数量:0
当前地图的线程个数：9
当前地图的个数:47
当前数据库执行队列数:0
当前发送队列缓存的对象数量:0
totalMemory：904921088, use ：609495088, free ：295426000DirectMemory：1827143680, 恢复 ：1
当前时间 ：2026-07-26 21:29:33send keng：-1, sheng ：4194304
decode keng：-1, sheng ：2097152
world keng：16, sheng ：1048576

2026-07-26 21:29:38.321 INFO [pool-6-thread-9][:] - /****************流量统计******************/
LastReadBytes:0
LastReadThroughput:0
LastWrittenBytes:0
LastWriteThroughput:0
RealWrittenBytes:0
RealWriteThroughput:0
当前玩家的连接数量:0
当前地图的线程个数：9
当前地图的个数:47
当前数据库执行队列数:0
当前发送队列缓存的对象数量:0
totalMemory：904921088, use ：611978832, free ：292942256DirectMemory：1827143680, 恢复 ：1
当前时间 ：2026-07-26 21:29:38send keng：-1, sheng ：4194304
decode keng：-1, sheng ：2097152
world keng：16, sheng ：1048576

2026-07-26 21:29:43.321 INFO [pool-6-thread-3][:] - /****************流量统计******************/
LastReadBytes:0
LastReadThroughput:0
LastWrittenBytes:0
LastWriteThroughput:0
RealWrittenBytes:0
RealWriteThroughput:0
当前玩家的连接数量:0
当前地图的线程个数：9
当前地图的个数:47
当前数据库执行队列数:0
当前发送队列缓存的对象数量:0
totalMemory：904921088, use ：615288232, free ：289632856DirectMemory：1827143680, 恢复 ：1
当前时间 ：2026-07-26 21:29:43send keng：-1, sheng ：4194304
decode keng：-1, sheng ：2097152
world keng：16, sheng ：1048576

2026-07-26 21:29:48.321 INFO [pool-6-thread-10][:] - /****************流量统计******************/
LastReadBytes:0
LastReadThroughput:0
LastWrittenBytes:0
LastWriteThroughput:0
RealWrittenBytes:0
RealWriteThroughput:0
当前玩家的连接数量:0
当前地图的线程个数：9
当前地图的个数:47
当前数据库执行队列数:0
当前发送队列缓存的对象数量:0
totalMemory：904921088, use ：618242704, free ：286678384DirectMemory：1827143680, 恢复 ：1
当前时间 ：2026-07-26 21:29:48send keng：-1, sheng ：4194304
decode keng：-1, sheng ：2097152
world keng：16, sheng ：1048576

2026-07-26 21:29:53.321 INFO [pool-6-thread-10][:] - /****************流量统计******************/
LastReadBytes:0
LastReadThroughput:0
LastWrittenBytes:0
LastWriteThroughput:0
RealWrittenBytes:0
RealWriteThroughput:0
当前玩家的连接数量:0
当前地图的线程个数：9
当前地图的个数:47
当前数据库执行队列数:0
当前发送队列缓存的对象数量:0
totalMemory：904921088, use ：621215184, free ：283705904DirectMemory：1827143680, 恢复 ：1
当前时间 ：2026-07-26 21:29:53send keng：-1, sheng ：4194304
decode keng：-1, sheng ：2097152
world keng：16, sheng ：1048576

2026-07-26 21:29:58.321 INFO [pool-6-thread-9][:] - /****************流量统计******************/
LastReadBytes:0
LastReadThroughput:0
LastWrittenBytes:0
LastWriteThroughput:0
RealWrittenBytes:0
RealWriteThroughput:0
当前玩家的连接数量:0
当前地图的线程个数：9
当前地图的个数:47
当前数据库执行队列数:0
当前发送队列缓存的对象数量:0
totalMemory：904921088, use ：624043552, free ：280877536DirectMemory：1827143680, 恢复 ：1
当前时间 ：2026-07-26 21:29:58send keng：-1, sheng ：4194304
decode keng：-1, sheng ：2097152
world keng：16, sheng ：1048576

2026-07-26 21:30:03.321 INFO [pool-6-thread-1][:] - /****************流量统计******************/
LastReadBytes:0
LastReadThroughput:0
LastWrittenBytes:0
LastWriteThroughput:0
RealWrittenBytes:0
RealWriteThroughput:0
当前玩家的连接数量:0
当前地图的线程个数：9
当前地图的个数:47
当前数据库执行队列数:0
当前发送队列缓存的对象数量:0
totalMemory：904921088, use ：628601736, free ：276319352DirectMemory：1827143680, 恢复 ：1
当前时间 ：2026-07-26 21:30:03send keng：-1, sheng ：4194304
decode keng：-1, sheng ：2097152
world keng：16, sheng ：1048576

2026-07-26 21:30:08.321 INFO [pool-6-thread-2][:] - /****************流量统计******************/
LastReadBytes:0
LastReadThroughput:0
LastWrittenBytes:0
LastWriteThroughput:0
RealWrittenBytes:0
RealWriteThroughput:0
当前玩家的连接数量:0
当前地图的线程个数：9
当前地图的个数:47
当前数据库执行队列数:0
当前发送队列缓存的对象数量:0
totalMemory：904921088, use ：631379616, free ：273541472DirectMemory：1827143680, 恢复 ：1
当前时间 ：2026-07-26 21:30:08send keng：-1, sheng ：4194304
decode keng：-1, sheng ：2097152
world keng：16, sheng ：1048576

2026-07-26 21:30:13.321 INFO [pool-6-thread-10][:] - /****************流量统计******************/
LastReadBytes:0
LastReadThroughput:0
LastWrittenBytes:0
LastWriteThroughput:0
RealWrittenBytes:0
RealWriteThroughput:0
当前玩家的连接数量:0
当前地图的线程个数：9
当前地图的个数:47
当前数据库执行队列数:0
当前发送队列缓存的对象数量:0
totalMemory：904921088, use ：637121576, free ：267799512DirectMemory：1827143680, 恢复 ：1
当前时间 ：2026-07-26 21:30:13send keng：-1, sheng ：4194304
decode keng：-1, sheng ：2097152
world keng：16, sheng ：1048576

2026-07-26 21:30:18.321 INFO [pool-6-thread-10][:] - /****************流量统计******************/
LastReadBytes:0
LastReadThroughput:0
LastWrittenBytes:0
LastWriteThroughput:0
RealWrittenBytes:0
RealWriteThroughput:0
当前玩家的连接数量:0
当前地图的线程个数：9
当前地图的个数:47
当前数据库执行队列数:0
当前发送队列缓存的对象数量:0
totalMemory：904921088, use ：640695592, free ：264225496DirectMemory：1827143680, 恢复 ：1
当前时间 ：2026-07-26 21:30:18send keng：-1, sheng ：4194304
decode keng：-1, sheng ：2097152
world keng：16, sheng ：1048576

2026-07-26 21:30:23.321 INFO [pool-6-thread-4][:] - /****************流量统计******************/
LastReadBytes:0
LastReadThroughput:0
LastWrittenBytes:0
LastWriteThroughput:0
RealWrittenBytes:0
RealWriteThroughput:0
当前玩家的连接数量:0
当前地图的线程个数：9
当前地图的个数:47
当前数据库执行队列数:0
当前发送队列缓存的对象数量:0
totalMemory：904921088, use ：643093632, free ：261827456DirectMemory：1827143680, 恢复 ：1
当前时间 ：2026-07-26 21:30:23send keng：-1, sheng ：4194304
decode keng：-1, sheng ：2097152
world keng：16, sheng ：1048576

2026-07-26 21:30:28.321 INFO [pool-6-thread-10][:] - /****************流量统计******************/
LastReadBytes:0
LastReadThroughput:0
LastWrittenBytes:0
LastWriteThroughput:0
RealWrittenBytes:0
RealWriteThroughput:0
当前玩家的连接数量:0
当前地图的线程个数：9
当前地图的个数:47
当前数据库执行队列数:0
当前发送队列缓存的对象数量:0
totalMemory：904921088, use ：646635800, free ：258285288DirectMemory：1827143680, 恢复 ：1
当前时间 ：2026-07-26 21:30:28send keng：-1, sheng ：4194304
decode keng：-1, sheng ：2097152
world keng：16, sheng ：1048576

2026-07-26 21:30:33.321 INFO [pool-6-thread-2][:] - /****************流量统计******************/
LastReadBytes:0
LastReadThroughput:0
LastWrittenBytes:0
LastWriteThroughput:0
RealWrittenBytes:0
RealWriteThroughput:0
当前玩家的连接数量:0
当前地图的线程个数：9
当前地图的个数:47
当前数据库执行队列数:0
当前发送队列缓存的对象数量:0
totalMemory：904921088, use ：648939792, free ：255981296DirectMemory：1827143680, 恢复 ：1
当前时间 ：2026-07-26 21:30:33send keng：-1, sheng ：4194304
decode keng：-1, sheng ：2097152
world keng：16, sheng ：1048576

2026-07-26 21:30:38.321 INFO [pool-6-thread-5][:] - /****************流量统计******************/
LastReadBytes:0
LastReadThroughput:0
LastWrittenBytes:0
LastWriteThroughput:0
RealWrittenBytes:0
RealWriteThroughput:0
当前玩家的连接数量:0
当前地图的线程个数：9
当前地图的个数:47
当前数据库执行队列数:0
当前发送队列缓存的对象数量:0
totalMemory：904921088, use ：652614800, free ：252306288DirectMemory：1827143680, 恢复 ：1
当前时间 ：2026-07-26 21:30:38send keng：-1, sheng ：4194304
decode keng：-1, sheng ：2097152
world keng：16, sheng ：1048576

2026-07-26 21:30:43.321 INFO [pool-6-thread-4][:] - /****************流量统计******************/
LastReadBytes:0
LastReadThroughput:0
LastWrittenBytes:0
LastWriteThroughput:0
RealWrittenBytes:0
RealWriteThroughput:0
当前玩家的连接数量:0
当前地图的线程个数：9
当前地图的个数:47
当前数据库执行队列数:0
当前发送队列缓存的对象数量:0
totalMemory：904921088, use ：654593456, free ：250327632DirectMemory：1827143680, 恢复 ：1
当前时间 ：2026-07-26 21:30:43send keng：-1, sheng ：4194304
decode keng：-1, sheng ：2097152
world keng：16, sheng ：1048576

2026-07-26 21:30:48.321 INFO [pool-6-thread-5][:] - /****************流量统计******************/
LastReadBytes:0
LastReadThroughput:0
LastWrittenBytes:0
LastWriteThroughput:0
RealWrittenBytes:0
RealWriteThroughput:0
当前玩家的连接数量:0
当前地图的线程个数：9
当前地图的个数:47
当前数据库执行队列数:0
当前发送队列缓存的对象数量:0
totalMemory：904921088, use ：658860408, free ：246060680DirectMemory：1827143680, 恢复 ：1
当前时间 ：2026-07-26 21:30:48send keng：-1, sheng ：4194304
decode keng：-1, sheng ：2097152
world keng：16, sheng ：1048576

2026-07-26 21:30:53.321 INFO [pool-6-thread-2][:] - /****************流量统计******************/
LastReadBytes:0
LastReadThroughput:0
LastWrittenBytes:0
LastWriteThroughput:0
RealWrittenBytes:0
RealWriteThroughput:0
当前玩家的连接数量:0
当前地图的线程个数：9
当前地图的个数:47
当前数据库执行队列数:0
当前发送队列缓存的对象数量:0
totalMemory：904921088, use ：664741352, free ：240179736DirectMemory：1827143680, 恢复 ：1
当前时间 ：2026-07-26 21:30:53send keng：-1, sheng ：4194304
decode keng：-1, sheng ：2097152
world keng：16, sheng ：1048576

2026-07-26 21:30:58.321 INFO [pool-6-thread-10][:] - /****************流量统计******************/
LastReadBytes:0
LastReadThroughput:0
LastWrittenBytes:0
LastWriteThroughput:0
RealWrittenBytes:0
RealWriteThroughput:0
当前玩家的连接数量:0
当前地图的线程个数：9
当前地图的个数:47
当前数据库执行队列数:0
当前发送队列缓存的对象数量:0
totalMemory：904921088, use ：667857032, free ：237064056DirectMemory：1827143680, 恢复 ：1
当前时间 ：2026-07-26 21:30:58send keng：-1, sheng ：4194304
decode keng：-1, sheng ：2097152
world keng：16, sheng ：1048576

2026-07-26 21:31:03.321 INFO [pool-6-thread-4][:] - /****************流量统计******************/
LastReadBytes:0
LastReadThroughput:0
LastWrittenBytes:0
LastWriteThroughput:0
RealWrittenBytes:0
RealWriteThroughput:0
当前玩家的连接数量:0
当前地图的线程个数：9
当前地图的个数:47
当前数据库执行队列数:0
当前发送队列缓存的对象数量:0
totalMemory：904921088, use ：672435808, free ：232485280DirectMemory：1827143680, 恢复 ：1
当前时间 ：2026-07-26 21:31:03send keng：-1, sheng ：4194304
decode keng：-1, sheng ：2097152
world keng：16, sheng ：1048576

2026-07-26 21:31:08.321 INFO [pool-6-thread-1][:] - /****************流量统计******************/
LastReadBytes:0
LastReadThroughput:0
LastWrittenBytes:0
LastWriteThroughput:0
RealWrittenBytes:0
RealWriteThroughput:0
当前玩家的连接数量:0
当前地图的线程个数：9
当前地图的个数:47
当前数据库执行队列数:0
当前发送队列缓存的对象数量:0
totalMemory：904921088, use ：674331600, free ：230589488DirectMemory：1827143680, 恢复 ：1
当前时间 ：2026-07-26 21:31:08send keng：-1, sheng ：4194304
decode keng：-1, sheng ：2097152
world keng：16, sheng ：1048576

2026-07-26 21:31:13.321 INFO [pool-6-thread-9][:] - /****************流量统计******************/
LastReadBytes:0
LastReadThroughput:0
LastWrittenBytes:0
LastWriteThroughput:0
RealWrittenBytes:0
RealWriteThroughput:0
当前玩家的连接数量:0
当前地图的线程个数：9
当前地图的个数:47
当前数据库执行队列数:0
当前发送队列缓存的对象数量:0
totalMemory：904921088, use ：679001008, free ：225920080DirectMemory：1827143680, 恢复 ：1
当前时间 ：2026-07-26 21:31:13send keng：-1, sheng ：4194304
decode keng：-1, sheng ：2097152
world keng：16, sheng ：1048576

2026-07-26 21:31:18.321 INFO [pool-6-thread-5][:] - /****************流量统计******************/
LastReadBytes:0
LastReadThroughput:0
LastWrittenBytes:0
LastWriteThroughput:0
RealWrittenBytes:0
RealWriteThroughput:0
当前玩家的连接数量:0
当前地图的线程个数：9
当前地图的个数:47
当前数据库执行队列数:0
当前发送队列缓存的对象数量:0
totalMemory：904921088, use ：680990008, free ：223931080DirectMemory：1827143680, 恢复 ：1
当前时间 ：2026-07-26 21:31:18send keng：-1, sheng ：4194304
decode keng：-1, sheng ：2097152
world keng：16, sheng ：1048576

2026-07-26 21:31:23.321 INFO [pool-6-thread-1][:] - /****************流量统计******************/
LastReadBytes:0
LastReadThroughput:0
LastWrittenBytes:0
LastWriteThroughput:0
RealWrittenBytes:0
RealWriteThroughput:0
当前玩家的连接数量:0
当前地图的线程个数：9
当前地图的个数:47
当前数据库执行队列数:0
当前发送队列缓存的对象数量:0
totalMemory：904921088, use ：684216464, free ：220704624DirectMemory：1827143680, 恢复 ：1
当前时间 ：2026-07-26 21:31:23send keng：-1, sheng ：4194304
decode keng：-1, sheng ：2097152
world keng：16, sheng ：1048576

2026-07-26 21:31:28.321 INFO [pool-6-thread-6][:] - /****************流量统计******************/
LastReadBytes:0
LastReadThroughput:0
LastWrittenBytes:0
LastWriteThroughput:0
RealWrittenBytes:0
RealWriteThroughput:0
当前玩家的连接数量:0
当前地图的线程个数：9
当前地图的个数:47
当前数据库执行队列数:0
当前发送队列缓存的对象数量:0
totalMemory：904921088, use ：687029280, free ：217891808DirectMemory：1827143680, 恢复 ：1
当前时间 ：2026-07-26 21:31:28send keng：-1, sheng ：4194304
decode keng：-1, sheng ：2097152
world keng：16, sheng ：1048576

2026-07-26 21:31:33.321 INFO [pool-6-thread-5][:] - /****************流量统计******************/
LastReadBytes:0
LastReadThroughput:0
LastWrittenBytes:0
LastWriteThroughput:0
RealWrittenBytes:0
RealWriteThroughput:0
当前玩家的连接数量:0
当前地图的线程个数：9
当前地图的个数:47
当前数据库执行队列数:0
当前发送队列缓存的对象数量:0
totalMemory：904921088, use ：691685272, free ：213235816DirectMemory：1827143680, 恢复 ：1
当前时间 ：2026-07-26 21:31:33send keng：-1, sheng ：4194304
decode keng：-1, sheng ：2097152
world keng：16, sheng ：1048576

2026-07-26 21:31:38.321 INFO [pool-6-thread-5][:] - /****************流量统计******************/
LastReadBytes:0
LastReadThroughput:0
LastWrittenBytes:0
LastWriteThroughput:0
RealWrittenBytes:0
RealWriteThroughput:0
当前玩家的连接数量:0
当前地图的线程个数：9
当前地图的个数:47
当前数据库执行队列数:0
当前发送队列缓存的对象数量:0
totalMemory：904921088, use ：696685512, free ：208235576DirectMemory：1827143680, 恢复 ：1
当前时间 ：2026-07-26 21:31:38send keng：-1, sheng ：4194304
decode keng：-1, sheng ：2097152
world keng：16, sheng ：1048576

2026-07-26 21:31:43.321 INFO [pool-6-thread-3][:] - /****************流量统计******************/
LastReadBytes:0
LastReadThroughput:0
LastWrittenBytes:0
LastWriteThroughput:0
RealWrittenBytes:0
RealWriteThroughput:0
当前玩家的连接数量:0
当前地图的线程个数：9
当前地图的个数:47
当前数据库执行队列数:0
当前发送队列缓存的对象数量:0
totalMemory：904921088, use ：699704752, free ：205216336DirectMemory：1827143680, 恢复 ：1
当前时间 ：2026-07-26 21:31:43send keng：-1, sheng ：4194304
decode keng：-1, sheng ：2097152
world keng：16, sheng ：1048576

2026-07-26 21:31:48.321 INFO [pool-6-thread-8][:] - /****************流量统计******************/
LastReadBytes:0
LastReadThroughput:0
LastWrittenBytes:0
LastWriteThroughput:0
RealWrittenBytes:0
RealWriteThroughput:0
当前玩家的连接数量:0
当前地图的线程个数：9
当前地图的个数:47
当前数据库执行队列数:0
当前发送队列缓存的对象数量:0
totalMemory：904921088, use ：702276232, free ：202644856DirectMemory：1827143680, 恢复 ：1
当前时间 ：2026-07-26 21:31:48send keng：-1, sheng ：4194304
decode keng：-1, sheng ：2097152
world keng：16, sheng ：1048576

2026-07-26 21:31:53.321 INFO [pool-6-thread-4][:] - /****************流量统计******************/
LastReadBytes:0
LastReadThroughput:0
LastWrittenBytes:0
LastWriteThroughput:0
RealWrittenBytes:0
RealWriteThroughput:0
当前玩家的连接数量:0
当前地图的线程个数：9
当前地图的个数:47
当前数据库执行队列数:0
当前发送队列缓存的对象数量:0
totalMemory：904921088, use ：706527600, free ：198393488DirectMemory：1827143680, 恢复 ：1
当前时间 ：2026-07-26 21:31:53send keng：-1, sheng ：4194304
decode keng：-1, sheng ：2097152
world keng：16, sheng ：1048576

2026-07-26 21:31:58.321 INFO [pool-6-thread-4][:] - /****************流量统计******************/
LastReadBytes:0
LastReadThroughput:0
LastWrittenBytes:0
LastWriteThroughput:0
RealWrittenBytes:0
RealWriteThroughput:0
当前玩家的连接数量:0
当前地图的线程个数：9
当前地图的个数:47
当前数据库执行队列数:0
当前发送队列缓存的对象数量:0
totalMemory：904921088, use ：708958712, free ：195962376DirectMemory：1827143680, 恢复 ：1
当前时间 ：2026-07-26 21:31:58send keng：-1, sheng ：4194304
decode keng：-1, sheng ：2097152
world keng：16, sheng ：1048576

2026-07-26 21:32:03.321 INFO [pool-6-thread-10][:] - /****************流量统计******************/
LastReadBytes:0
LastReadThroughput:0
LastWrittenBytes:0
LastWriteThroughput:0
RealWrittenBytes:0
RealWriteThroughput:0
当前玩家的连接数量:0
当前地图的线程个数：9
当前地图的个数:47
当前数据库执行队列数:0
当前发送队列缓存的对象数量:0
totalMemory：904921088, use ：712775896, free ：192145192DirectMemory：1827143680, 恢复 ：1
当前时间 ：2026-07-26 21:32:03send keng：-1, sheng ：4194304
decode keng：-1, sheng ：2097152
world keng：16, sheng ：1048576

2026-07-26 21:32:08.321 INFO [pool-6-thread-3][:] - /****************流量统计******************/
LastReadBytes:0
LastReadThroughput:0
LastWrittenBytes:0
LastWriteThroughput:0
RealWrittenBytes:0
RealWriteThroughput:0
当前玩家的连接数量:0
当前地图的线程个数：9
当前地图的个数:47
当前数据库执行队列数:0
当前发送队列缓存的对象数量:0
totalMemory：904921088, use ：715177736, free ：189743352DirectMemory：1827143680, 恢复 ：1
当前时间 ：2026-07-26 21:32:08send keng：-1, sheng ：4194304
decode keng：-1, sheng ：2097152
world keng：16, sheng ：1048576

2026-07-26 21:32:13.321 INFO [pool-6-thread-2][:] - /****************流量统计******************/
LastReadBytes:0
LastReadThroughput:0
LastWrittenBytes:0
LastWriteThroughput:0
RealWrittenBytes:0
RealWriteThroughput:0
当前玩家的连接数量:0
当前地图的线程个数：9
当前地图的个数:47
当前数据库执行队列数:0
当前发送队列缓存的对象数量:0
totalMemory：904921088, use ：718512984, free ：186408104DirectMemory：1827143680, 恢复 ：1
当前时间 ：2026-07-26 21:32:13send keng：-1, sheng ：4194304
decode keng：-1, sheng ：2097152
world keng：16, sheng ：1048576

2026-07-26 21:32:18.321 INFO [pool-6-thread-10][:] - /****************流量统计******************/
LastReadBytes:0
LastReadThroughput:0
LastWrittenBytes:0
LastWriteThroughput:0
RealWrittenBytes:0
RealWriteThroughput:0
当前玩家的连接数量:0
当前地图的线程个数：9
当前地图的个数:47
当前数据库执行队列数:0
当前发送队列缓存的对象数量:0
totalMemory：904921088, use ：724627440, free ：180293648DirectMemory：1827143680, 恢复 ：1
当前时间 ：2026-07-26 21:32:18send keng：-1, sheng ：4194304
decode keng：-1, sheng ：2097152
world keng：16, sheng ：1048576

2026-07-26 21:32:23.321 INFO [pool-6-thread-5][:] - /****************流量统计******************/
LastReadBytes:0
LastReadThroughput:0
LastWrittenBytes:0
LastWriteThroughput:0
RealWrittenBytes:0
RealWriteThroughput:0
当前玩家的连接数量:0
当前地图的线程个数：9
当前地图的个数:47
当前数据库执行队列数:0
当前发送队列缓存的对象数量:0
totalMemory：904921088, use ：727767768, free ：177153320DirectMemory：1827143680, 恢复 ：1
当前时间 ：2026-07-26 21:32:23send keng：-1, sheng ：4194304
decode keng：-1, sheng ：2097152
world keng：16, sheng ：1048576

2026-07-26 21:32:28.321 INFO [pool-6-thread-7][:] - /****************流量统计******************/
LastReadBytes:0
LastReadThroughput:0
LastWrittenBytes:0
LastWriteThroughput:0
RealWrittenBytes:0
RealWriteThroughput:0
当前玩家的连接数量:0
当前地图的线程个数：9
当前地图的个数:47
当前数据库执行队列数:0
当前发送队列缓存的对象数量:0
totalMemory：904921088, use ：732018480, free ：172902608DirectMemory：1827143680, 恢复 ：1
当前时间 ：2026-07-26 21:32:28send keng：-1, sheng ：4194304
decode keng：-1, sheng ：2097152
world keng：16, sheng ：1048576

2026-07-26 21:32:33.321 INFO [pool-6-thread-6][:] - /****************流量统计******************/
LastReadBytes:0
LastReadThroughput:0
LastWrittenBytes:0
LastWriteThroughput:0
RealWrittenBytes:0
RealWriteThroughput:0
当前玩家的连接数量:0
当前地图的线程个数：9
当前地图的个数:47
当前数据库执行队列数:0
当前发送队列缓存的对象数量:0
totalMemory：904921088, use ：735182384, free ：169738704DirectMemory：1827143680, 恢复 ：1
当前时间 ：2026-07-26 21:32:33send keng：-1, sheng ：4194304
decode keng：-1, sheng ：2097152
world keng：16, sheng ：1048576

2026-07-26 21:32:38.321 INFO [pool-6-thread-7][:] - /****************流量统计******************/
LastReadBytes:0
LastReadThroughput:0
LastWrittenBytes:0
LastWriteThroughput:0
RealWrittenBytes:0
RealWriteThroughput:0
当前玩家的连接数量:0
当前地图的线程个数：9
当前地图的个数:47
当前数据库执行队列数:0
当前发送队列缓存的对象数量:0
totalMemory：904921088, use ：737649552, free ：167271536DirectMemory：1827143680, 恢复 ：1
当前时间 ：2026-07-26 21:32:38send keng：-1, sheng ：4194304
decode keng：-1, sheng ：2097152
world keng：16, sheng ：1048576

2026-07-26 21:32:43.321 INFO [pool-6-thread-6][:] - /****************流量统计******************/
LastReadBytes:0
LastReadThroughput:0
LastWrittenBytes:0
LastWriteThroughput:0
RealWrittenBytes:0
RealWriteThroughput:0
当前玩家的连接数量:0
当前地图的线程个数：9
当前地图的个数:47
当前数据库执行队列数:0
当前发送队列缓存的对象数量:0
totalMemory：904921088, use ：741319128, free ：163601960DirectMemory：1827143680, 恢复 ：1
当前时间 ：2026-07-26 21:32:43send keng：-1, sheng ：4194304
decode keng：-1, sheng ：2097152
world keng：16, sheng ：1048576

2026-07-26 21:32:48.321 INFO [pool-6-thread-3][:] - /****************流量统计******************/
LastReadBytes:0
LastReadThroughput:0
LastWrittenBytes:0
LastWriteThroughput:0
RealWrittenBytes:0
RealWriteThroughput:0
当前玩家的连接数量:0
当前地图的线程个数：9
当前地图的个数:47
当前数据库执行队列数:0
当前发送队列缓存的对象数量:0
totalMemory：904921088, use ：743649416, free ：161271672DirectMemory：1827143680, 恢复 ：1
当前时间 ：2026-07-26 21:32:48send keng：-1, sheng ：4194304
decode keng：-1, sheng ：2097152
world keng：16, sheng ：1048576

2026-07-26 21:32:53.321 INFO [pool-6-thread-3][:] - /****************流量统计******************/
LastReadBytes:0
LastReadThroughput:0
LastWrittenBytes:0
LastWriteThroughput:0
RealWrittenBytes:0
RealWriteThroughput:0
当前玩家的连接数量:0
当前地图的线程个数：9
当前地图的个数:47
当前数据库执行队列数:0
当前发送队列缓存的对象数量:0
totalMemory：904921088, use ：747322896, free ：157598192DirectMemory：1827143680, 恢复 ：1
当前时间 ：2026-07-26 21:32:53send keng：-1, sheng ：4194304
decode keng：-1, sheng ：2097152
world keng：16, sheng ：1048576

2026-07-26 21:32:58.321 INFO [pool-6-thread-6][:] - /****************流量统计******************/
LastReadBytes:0
LastReadThroughput:0
LastWrittenBytes:0
LastWriteThroughput:0
RealWrittenBytes:0
RealWriteThroughput:0
当前玩家的连接数量:0
当前地图的线程个数：9
当前地图的个数:47
当前数据库执行队列数:0
当前发送队列缓存的对象数量:0
totalMemory：904921088, use ：751863400, free ：153057688DirectMemory：1827143680, 恢复 ：1
当前时间 ：2026-07-26 21:32:58send keng：-1, sheng ：4194304
decode keng：-1, sheng ：2097152
world keng：16, sheng ：1048576

2026-07-26 21:33:03.321 INFO [pool-6-thread-4][:] - /****************流量统计******************/
LastReadBytes:0
LastReadThroughput:0
LastWrittenBytes:0
LastWriteThroughput:0
RealWrittenBytes:0
RealWriteThroughput:0
当前玩家的连接数量:0
当前地图的线程个数：9
当前地图的个数:47
当前数据库执行队列数:0
当前发送队列缓存的对象数量:0
totalMemory：904921088, use ：755854064, free ：149067024DirectMemory：1827143680, 恢复 ：1
当前时间 ：2026-07-26 21:33:03send keng：-1, sheng ：4194304
decode keng：-1, sheng ：2097152
world keng：16, sheng ：1048576

2026-07-26 21:33:08.321 INFO [pool-6-thread-6][:] - /****************流量统计******************/
LastReadBytes:0
LastReadThroughput:0
LastWrittenBytes:0
LastWriteThroughput:0
RealWrittenBytes:0
RealWriteThroughput:0
当前玩家的连接数量:0
当前地图的线程个数：9
当前地图的个数:47
当前数据库执行队列数:0
当前发送队列缓存的对象数量:0
totalMemory：904921088, use ：760462152, free ：144458936DirectMemory：1827143680, 恢复 ：1
当前时间 ：2026-07-26 21:33:08send keng：-1, sheng ：4194304
decode keng：-1, sheng ：2097152
world keng：16, sheng ：1048576

2026-07-26 21:33:13.321 INFO [pool-6-thread-8][:] - /****************流量统计******************/
LastReadBytes:0
LastReadThroughput:0
LastWrittenBytes:0
LastWriteThroughput:0
RealWrittenBytes:0
RealWriteThroughput:0
当前玩家的连接数量:0
当前地图的线程个数：9
当前地图的个数:47
当前数据库执行队列数:0
当前发送队列缓存的对象数量:0
totalMemory：904921088, use ：762120312, free ：142800776DirectMemory：1827143680, 恢复 ：1
当前时间 ：2026-07-26 21:33:13send keng：-1, sheng ：4194304
decode keng：-1, sheng ：2097152
world keng：16, sheng ：1048576

2026-07-26 21:33:18.321 INFO [pool-6-thread-2][:] - /****************流量统计******************/
LastReadBytes:0
LastReadThroughput:0
LastWrittenBytes:0
LastWriteThroughput:0
RealWrittenBytes:0
RealWriteThroughput:0
当前玩家的连接数量:0
当前地图的线程个数：9
当前地图的个数:47
当前数据库执行队列数:0
当前发送队列缓存的对象数量:0
totalMemory：904921088, use ：765360432, free ：139560656DirectMemory：1827143680, 恢复 ：1
当前时间 ：2026-07-26 21:33:18send keng：-1, sheng ：4194304
decode keng：-1, sheng ：2097152
world keng：16, sheng ：1048576

2026-07-26 21:33:23.321 INFO [pool-6-thread-4][:] - /****************流量统计******************/
LastReadBytes:0
LastReadThroughput:0
LastWrittenBytes:0
LastWriteThroughput:0
RealWrittenBytes:0
RealWriteThroughput:0
当前玩家的连接数量:0
当前地图的线程个数：9
当前地图的个数:47
当前数据库执行队列数:0
当前发送队列缓存的对象数量:0
totalMemory：904921088, use ：768035416, free ：136885672DirectMemory：1827143680, 恢复 ：1
当前时间 ：2026-07-26 21:33:23send keng：-1, sheng ：4194304
decode keng：-1, sheng ：2097152
world keng：16, sheng ：1048576

2026-07-26 21:33:28.321 INFO [pool-6-thread-6][:] - /****************流量统计******************/
LastReadBytes:0
LastReadThroughput:0
LastWrittenBytes:0
LastWriteThroughput:0
RealWrittenBytes:0
RealWriteThroughput:0
当前玩家的连接数量:0
当前地图的线程个数：9
当前地图的个数:47
当前数据库执行队列数:0
当前发送队列缓存的对象数量:0
totalMemory：904921088, use ：772007640, free ：132913448DirectMemory：1827143680, 恢复 ：1
当前时间 ：2026-07-26 21:33:28send keng：-1, sheng ：4194304
decode keng：-1, sheng ：2097152
world keng：16, sheng ：1048576

2026-07-26 21:33:33.321 INFO [pool-6-thread-9][:] - /****************流量统计******************/
LastReadBytes:0
LastReadThroughput:0
LastWrittenBytes:0
LastWriteThroughput:0
RealWrittenBytes:0
RealWriteThroughput:0
当前玩家的连接数量:0
当前地图的线程个数：9
当前地图的个数:47
当前数据库执行队列数:0
当前发送队列缓存的对象数量:0
totalMemory：928514048, use ：399835536, free ：528678512DirectMemory：1827143680, 恢复 ：1
当前时间 ：2026-07-26 21:33:33send keng：-1, sheng ：4194304
decode keng：-1, sheng ：2097152
world keng：16, sheng ：1048576

2026-07-26 21:33:38.321 INFO [pool-6-thread-5][:] - /****************流量统计******************/
LastReadBytes:0
LastReadThroughput:0
LastWrittenBytes:0
LastWriteThroughput:0
RealWrittenBytes:0
RealWriteThroughput:0
当前玩家的连接数量:0
当前地图的线程个数：9
当前地图的个数:47
当前数据库执行队列数:0
当前发送队列缓存的对象数量:0
totalMemory：928514048, use ：399939104, free ：528574944DirectMemory：1827143680, 恢复 ：1
当前时间 ：2026-07-26 21:33:38send keng：-1, sheng ：4194304
decode keng：-1, sheng ：2097152
world keng：16, sheng ：1048576

2026-07-26 21:33:43.321 INFO [pool-6-thread-6][:] - /****************流量统计******************/
LastReadBytes:0
LastReadThroughput:0
LastWrittenBytes:0
LastWriteThroughput:0
RealWrittenBytes:0
RealWriteThroughput:0
当前玩家的连接数量:0
当前地图的线程个数：9
当前地图的个数:47
当前数据库执行队列数:0
当前发送队列缓存的对象数量:0
totalMemory：928514048, use ：402875504, free ：525638544DirectMemory：1827143680, 恢复 ：1
当前时间 ：2026-07-26 21:33:43send keng：-1, sheng ：4194304
decode keng：-1, sheng ：2097152
world keng：16, sheng ：1048576

2026-07-26 21:33:48.321 INFO [pool-6-thread-2][:] - /****************流量统计******************/
LastReadBytes:0
LastReadThroughput:0
LastWrittenBytes:0
LastWriteThroughput:0
RealWrittenBytes:0
RealWriteThroughput:0
当前玩家的连接数量:0
当前地图的线程个数：9
当前地图的个数:47
当前数据库执行队列数:0
当前发送队列缓存的对象数量:0
totalMemory：928514048, use ：406319648, free ：522194400DirectMemory：1827143680, 恢复 ：1
当前时间 ：2026-07-26 21:33:48send keng：-1, sheng ：4194304
decode keng：-1, sheng ：2097152
world keng：16, sheng ：1048576

2026-07-26 21:33:53.321 INFO [pool-6-thread-2][:] - /****************流量统计******************/
LastReadBytes:0
LastReadThroughput:0
LastWrittenBytes:0
LastWriteThroughput:0
RealWrittenBytes:0
RealWriteThroughput:0
当前玩家的连接数量:0
当前地图的线程个数：9
当前地图的个数:47
当前数据库执行队列数:0
当前发送队列缓存的对象数量:0
totalMemory：928514048, use ：409288184, free ：519225864DirectMemory：1827143680, 恢复 ：1
当前时间 ：2026-07-26 21:33:53send keng：-1, sheng ：4194304
decode keng：-1, sheng ：2097152
world keng：16, sheng ：1048576

2026-07-26 21:33:58.321 INFO [pool-6-thread-2][:] - /****************流量统计******************/
LastReadBytes:0
LastReadThroughput:0
LastWrittenBytes:0
LastWriteThroughput:0
RealWrittenBytes:0
RealWriteThroughput:0
当前玩家的连接数量:0
当前地图的线程个数：9
当前地图的个数:47
当前数据库执行队列数:0
当前发送队列缓存的对象数量:0
totalMemory：928514048, use ：411817400, free ：516696648DirectMemory：1827143680, 恢复 ：1
当前时间 ：2026-07-26 21:33:58send keng：-1, sheng ：4194304
decode keng：-1, sheng ：2097152
world keng：16, sheng ：1048576

2026-07-26 21:34:03.321 INFO [pool-6-thread-7][:] - /****************流量统计******************/
LastReadBytes:0
LastReadThroughput:0
LastWrittenBytes:0
LastWriteThroughput:0
RealWrittenBytes:0
RealWriteThroughput:0
当前玩家的连接数量:0
当前地图的线程个数：9
当前地图的个数:47
当前数据库执行队列数:0
当前发送队列缓存的对象数量:0
totalMemory：928514048, use ：417883696, free ：510630352DirectMemory：1827143680, 恢复 ：1
当前时间 ：2026-07-26 21:34:03send keng：-1, sheng ：4194304
decode keng：-1, sheng ：2097152
world keng：16, sheng ：1048576

2026-07-26 21:34:08.321 INFO [pool-6-thread-6][:] - /****************流量统计******************/
LastReadBytes:0
LastReadThroughput:0
LastWrittenBytes:0
LastWriteThroughput:0
RealWrittenBytes:0
RealWriteThroughput:0
当前玩家的连接数量:0
当前地图的线程个数：9
当前地图的个数:47
当前数据库执行队列数:0
当前发送队列缓存的对象数量:0
totalMemory：928514048, use ：420954872, free ：507559176DirectMemory：1827143680, 恢复 ：1
当前时间 ：2026-07-26 21:34:08send keng：-1, sheng ：4194304
decode keng：-1, sheng ：2097152
world keng：16, sheng ：1048576

2026-07-26 21:34:13.321 INFO [pool-6-thread-2][:] - /****************流量统计******************/
LastReadBytes:0
LastReadThroughput:0
LastWrittenBytes:0
LastWriteThroughput:0
RealWrittenBytes:0
RealWriteThroughput:0
当前玩家的连接数量:0
当前地图的线程个数：9
当前地图的个数:47
当前数据库执行队列数:0
当前发送队列缓存的对象数量:0
totalMemory：928514048, use ：425233064, free ：503280984DirectMemory：1827143680, 恢复 ：1
当前时间 ：2026-07-26 21:34:13send keng：-1, sheng ：4194304
decode keng：-1, sheng ：2097152
world keng：16, sheng ：1048576

2026-07-26 21:34:18.321 INFO [pool-6-thread-6][:] - /****************流量统计******************/
LastReadBytes:0
LastReadThroughput:0
LastWrittenBytes:0
LastWriteThroughput:0
RealWrittenBytes:0
RealWriteThroughput:0
当前玩家的连接数量:0
当前地图的线程个数：9
当前地图的个数:47
当前数据库执行队列数:0
当前发送队列缓存的对象数量:0
totalMemory：928514048, use ：427499024, free ：501015024DirectMemory：1827143680, 恢复 ：1
当前时间 ：2026-07-26 21:34:18send keng：-1, sheng ：4194304
decode keng：-1, sheng ：2097152
world keng：16, sheng ：1048576

2026-07-26 21:34:23.321 INFO [pool-6-thread-2][:] - /****************流量统计******************/
LastReadBytes:0
LastReadThroughput:0
LastWrittenBytes:0
LastWriteThroughput:0
RealWrittenBytes:0
RealWriteThroughput:0
当前玩家的连接数量:0
当前地图的线程个数：9
当前地图的个数:47
当前数据库执行队列数:0
当前发送队列缓存的对象数量:0
totalMemory：928514048, use ：430730176, free ：497783872DirectMemory：1827143680, 恢复 ：1
当前时间 ：2026-07-26 21:34:23send keng：-1, sheng ：4194304
decode keng：-1, sheng ：2097152
world keng：16, sheng ：1048576

2026-07-26 21:34:28.321 INFO [pool-6-thread-5][:] - /****************流量统计******************/
LastReadBytes:0
LastReadThroughput:0
LastWrittenBytes:0
LastWriteThroughput:0
RealWrittenBytes:0
RealWriteThroughput:0
当前玩家的连接数量:0
当前地图的线程个数：9
当前地图的个数:47
当前数据库执行队列数:0
当前发送队列缓存的对象数量:0
totalMemory：928514048, use ：432812288, free ：495701760DirectMemory：1827143680, 恢复 ：1
当前时间 ：2026-07-26 21:34:28send keng：-1, sheng ：4194304
decode keng：-1, sheng ：2097152
world keng：16, sheng ：1048576

2026-07-26 21:34:33.321 INFO [pool-6-thread-5][:] - /****************流量统计******************/
LastReadBytes:0
LastReadThroughput:0
LastWrittenBytes:0
LastWriteThroughput:0
RealWrittenBytes:0
RealWriteThroughput:0
当前玩家的连接数量:0
当前地图的线程个数：9
当前地图的个数:47
当前数据库执行队列数:0
当前发送队列缓存的对象数量:0
totalMemory：928514048, use ：439495232, free ：489018816DirectMemory：1827143680, 恢复 ：1
当前时间 ：2026-07-26 21:34:33send keng：-1, sheng ：4194304
decode keng：-1, sheng ：2097152
world keng：16, sheng ：1048576

2026-07-26 21:34:38.321 INFO [pool-6-thread-5][:] - /****************流量统计******************/
LastReadBytes:0
LastReadThroughput:0
LastWrittenBytes:0
LastWriteThroughput:0
RealWrittenBytes:0
RealWriteThroughput:0
当前玩家的连接数量:0
当前地图的线程个数：9
当前地图的个数:47
当前数据库执行队列数:0
当前发送队列缓存的对象数量:0
totalMemory：928514048, use ：442632848, free ：485881200DirectMemory：1827143680, 恢复 ：1
当前时间 ：2026-07-26 21:34:38send keng：-1, sheng ：4194304
decode keng：-1, sheng ：2097152
world keng：16, sheng ：1048576

2026-07-26 21:34:43.321 INFO [pool-6-thread-1][:] - /****************流量统计******************/
LastReadBytes:0
LastReadThroughput:0
LastWrittenBytes:0
LastWriteThroughput:0
RealWrittenBytes:0
RealWriteThroughput:0
当前玩家的连接数量:0
当前地图的线程个数：9
当前地图的个数:47
当前数据库执行队列数:0
当前发送队列缓存的对象数量:0
totalMemory：928514048, use ：445565216, free ：482948832DirectMemory：1827143680, 恢复 ：1
当前时间 ：2026-07-26 21:34:43send keng：-1, sheng ：4194304
decode keng：-1, sheng ：2097152
world keng：16, sheng ：1048576

2026-07-26 21:34:48.321 INFO [pool-6-thread-8][:] - /****************流量统计******************/
LastReadBytes:0
LastReadThroughput:0
LastWrittenBytes:0
LastWriteThroughput:0
RealWrittenBytes:0
RealWriteThroughput:0
当前玩家的连接数量:0
当前地图的线程个数：9
当前地图的个数:47
当前数据库执行队列数:0
当前发送队列缓存的对象数量:0
totalMemory：928514048, use ：447308256, free ：481205792DirectMemory：1827143680, 恢复 ：1
当前时间 ：2026-07-26 21:34:48send keng：-1, sheng ：4194304
decode keng：-1, sheng ：2097152
world keng：16, sheng ：1048576

2026-07-26 21:34:53.321 INFO [pool-6-thread-6][:] - /****************流量统计******************/
LastReadBytes:0
LastReadThroughput:0
LastWrittenBytes:0
LastWriteThroughput:0
RealWrittenBytes:0
RealWriteThroughput:0
当前玩家的连接数量:0
当前地图的线程个数：9
当前地图的个数:47
当前数据库执行队列数:0
当前发送队列缓存的对象数量:0
totalMemory：928514048, use ：451289160, free ：477224888DirectMemory：1827143680, 恢复 ：1
当前时间 ：2026-07-26 21:34:53send keng：-1, sheng ：4194304
decode keng：-1, sheng ：2097152
world keng：16, sheng ：1048576

2026-07-26 21:34:58.321 INFO [pool-6-thread-6][:] - /****************流量统计******************/
LastReadBytes:0
LastReadThroughput:0
LastWrittenBytes:0
LastWriteThroughput:0
RealWrittenBytes:0
RealWriteThroughput:0
当前玩家的连接数量:0
当前地图的线程个数：9
当前地图的个数:47
当前数据库执行队列数:0
当前发送队列缓存的对象数量:0
totalMemory：928514048, use ：454038256, free ：474475792DirectMemory：1827143680, 恢复 ：1
当前时间 ：2026-07-26 21:34:58send keng：-1, sheng ：4194304
decode keng：-1, sheng ：2097152
world keng：16, sheng ：1048576

2026-07-26 21:35:03.321 INFO [pool-6-thread-8][:] - /****************流量统计******************/
LastReadBytes:0
LastReadThroughput:0
LastWrittenBytes:0
LastWriteThroughput:0
RealWrittenBytes:0
RealWriteThroughput:0
当前玩家的连接数量:0
当前地图的线程个数：9
当前地图的个数:47
当前数据库执行队列数:0
当前发送队列缓存的对象数量:0
totalMemory：928514048, use ：460294040, free ：468220008DirectMemory：1827143680, 恢复 ：1
当前时间 ：2026-07-26 21:35:03send keng：-1, sheng ：4194304
decode keng：-1, sheng ：2097152
world keng：16, sheng ：1048576

2026-07-26 21:35:08.321 INFO [pool-6-thread-7][:] - /****************流量统计******************/
LastReadBytes:0
LastReadThroughput:0
LastWrittenBytes:0
LastWriteThroughput:0
RealWrittenBytes:0
RealWriteThroughput:0
当前玩家的连接数量:0
当前地图的线程个数：9
当前地图的个数:47
当前数据库执行队列数:0
当前发送队列缓存的对象数量:0
totalMemory：928514048, use ：464104616, free ：464409432DirectMemory：1827143680, 恢复 ：1
当前时间 ：2026-07-26 21:35:08send keng：-1, sheng ：4194304
decode keng：-1, sheng ：2097152
world keng：16, sheng ：1048576

2026-07-26 21:35:13.321 INFO [pool-6-thread-5][:] - /****************流量统计******************/
LastReadBytes:0
LastReadThroughput:0
LastWrittenBytes:0
LastWriteThroughput:0
RealWrittenBytes:0
RealWriteThroughput:0
当前玩家的连接数量:0
当前地图的线程个数：9
当前地图的个数:47
当前数据库执行队列数:0
当前发送队列缓存的对象数量:0
totalMemory：928514048, use ：466242416, free ：462271632DirectMemory：1827143680, 恢复 ：1
当前时间 ：2026-07-26 21:35:13send keng：-1, sheng ：4194304
decode keng：-1, sheng ：2097152
world keng：16, sheng ：1048576

2026-07-26 21:35:18.321 INFO [pool-6-thread-2][:] - /****************流量统计******************/
LastReadBytes:0
LastReadThroughput:0
LastWrittenBytes:0
LastWriteThroughput:0
RealWrittenBytes:0
RealWriteThroughput:0
当前玩家的连接数量:0
当前地图的线程个数：9
当前地图的个数:47
当前数据库执行队列数:0
当前发送队列缓存的对象数量:0
totalMemory：928514048, use ：469133872, free ：459380176DirectMemory：1827143680, 恢复 ：1
当前时间 ：2026-07-26 21:35:18send keng：-1, sheng ：4194304
decode keng：-1, sheng ：2097152
world keng：16, sheng ：1048576

2026-07-26 21:35:23.321 INFO [pool-6-thread-2][:] - /****************流量统计******************/
LastReadBytes:0
LastReadThroughput:0
LastWrittenBytes:0
LastWriteThroughput:0
RealWrittenBytes:0
RealWriteThroughput:0
当前玩家的连接数量:0
当前地图的线程个数：9
当前地图的个数:47
当前数据库执行队列数:0
当前发送队列缓存的对象数量:0
totalMemory：928514048, use ：472582240, free ：455931808DirectMemory：1827143680, 恢复 ：1
当前时间 ：2026-07-26 21:35:23send keng：-1, sheng ：4194304
decode keng：-1, sheng ：2097152
world keng：16, sheng ：1048576

2026-07-26 21:35:28.321 INFO [pool-6-thread-3][:] - /****************流量统计******************/
LastReadBytes:0
LastReadThroughput:0
LastWrittenBytes:0
LastWriteThroughput:0
RealWrittenBytes:0
RealWriteThroughput:0
当前玩家的连接数量:0
当前地图的线程个数：9
当前地图的个数:47
当前数据库执行队列数:0
当前发送队列缓存的对象数量:0
totalMemory：928514048, use ：475486928, free ：453027120DirectMemory：1827143680, 恢复 ：1
当前时间 ：2026-07-26 21:35:28send keng：-1, sheng ：4194304
decode keng：-1, sheng ：2097152
world keng：16, sheng ：1048576

2026-07-26 21:35:33.321 INFO [pool-6-thread-4][:] - /****************流量统计******************/
LastReadBytes:0
LastReadThroughput:0
LastWrittenBytes:0
LastWriteThroughput:0
RealWrittenBytes:0
RealWriteThroughput:0
当前玩家的连接数量:0
当前地图的线程个数：9
当前地图的个数:47
当前数据库执行队列数:0
当前发送队列缓存的对象数量:0
totalMemory：928514048, use ：480890448, free ：447623600DirectMemory：1827143680, 恢复 ：1
当前时间 ：2026-07-26 21:35:33send keng：-1, sheng ：4194304
decode keng：-1, sheng ：2097152
world keng：16, sheng ：1048576

2026-07-26 21:35:38.321 INFO [pool-6-thread-7][:] - /****************流量统计******************/
LastReadBytes:0
LastReadThroughput:0
LastWrittenBytes:0
LastWriteThroughput:0
RealWrittenBytes:0
RealWriteThroughput:0
当前玩家的连接数量:0
当前地图的线程个数：9
当前地图的个数:47
当前数据库执行队列数:0
当前发送队列缓存的对象数量:0
totalMemory：928514048, use ：485077680, free ：443436368DirectMemory：1827143680, 恢复 ：1
当前时间 ：2026-07-26 21:35:38send keng：-1, sheng ：4194304
decode keng：-1, sheng ：2097152
world keng：16, sheng ：1048576

2026-07-26 21:35:43.321 INFO [pool-6-thread-8][:] - /****************流量统计******************/
LastReadBytes:0
LastReadThroughput:0
LastWrittenBytes:0
LastWriteThroughput:0
RealWrittenBytes:0
RealWriteThroughput:0
当前玩家的连接数量:0
当前地图的线程个数：9
当前地图的个数:47
当前数据库执行队列数:0
当前发送队列缓存的对象数量:0
totalMemory：928514048, use ：487326376, free ：441187672DirectMemory：1827143680, 恢复 ：1
当前时间 ：2026-07-26 21:35:43send keng：-1, sheng ：4194304
decode keng：-1, sheng ：2097152
world keng：16, sheng ：1048576

2026-07-26 21:35:48.321 INFO [pool-6-thread-2][:] - /****************流量统计******************/
LastReadBytes:0
LastReadThroughput:0
LastWrittenBytes:0
LastWriteThroughput:0
RealWrittenBytes:0
RealWriteThroughput:0
当前玩家的连接数量:0
当前地图的线程个数：9
当前地图的个数:47
当前数据库执行队列数:0
当前发送队列缓存的对象数量:0
totalMemory：928514048, use ：490563560, free ：437950488DirectMemory：1827143680, 恢复 ：1
当前时间 ：2026-07-26 21:35:48send keng：-1, sheng ：4194304
decode keng：-1, sheng ：2097152
world keng：16, sheng ：1048576

2026-07-26 21:35:53.321 INFO [pool-6-thread-7][:] - /****************流量统计******************/
LastReadBytes:0
LastReadThroughput:0
LastWrittenBytes:0
LastWriteThroughput:0
RealWrittenBytes:0
RealWriteThroughput:0
当前玩家的连接数量:0
当前地图的线程个数：9
当前地图的个数:47
当前数据库执行队列数:0
当前发送队列缓存的对象数量:0
totalMemory：928514048, use ：493922840, free ：434591208DirectMemory：1827143680, 恢复 ：1
当前时间 ：2026-07-26 21:35:53send keng：-1, sheng ：4194304
decode keng：-1, sheng ：2097152
world keng：16, sheng ：1048576

2026-07-26 21:35:58.321 INFO [pool-6-thread-3][:] - /****************流量统计******************/
LastReadBytes:0
LastReadThroughput:0
LastWrittenBytes:0
LastWriteThroughput:0
RealWrittenBytes:0
RealWriteThroughput:0
当前玩家的连接数量:0
当前地图的线程个数：9
当前地图的个数:47
当前数据库执行队列数:0
当前发送队列缓存的对象数量:0
totalMemory：928514048, use ：497500016, free ：431014032DirectMemory：1827143680, 恢复 ：1
当前时间 ：2026-07-26 21:35:58send keng：-1, sheng ：4194304
decode keng：-1, sheng ：2097152
world keng：16, sheng ：1048576

2026-07-26 21:36:03.321 INFO [pool-6-thread-2][:] - /****************流量统计******************/
LastReadBytes:0
LastReadThroughput:0
LastWrittenBytes:0
LastWriteThroughput:0
RealWrittenBytes:0
RealWriteThroughput:0
当前玩家的连接数量:0
当前地图的线程个数：9
当前地图的个数:47
当前数据库执行队列数:0
当前发送队列缓存的对象数量:0
totalMemory：928514048, use ：502076760, free ：426437288DirectMemory：1827143680, 恢复 ：1
当前时间 ：2026-07-26 21:36:03send keng：-1, sheng ：4194304
decode keng：-1, sheng ：2097152
world keng：16, sheng ：1048576

2026-07-26 21:36:08.321 INFO [pool-6-thread-5][:] - /****************流量统计******************/
LastReadBytes:0
LastReadThroughput:0
LastWrittenBytes:0
LastWriteThroughput:0
RealWrittenBytes:0
RealWriteThroughput:0
当前玩家的连接数量:0
当前地图的线程个数：9
当前地图的个数:47
当前数据库执行队列数:0
当前发送队列缓存的对象数量:0
totalMemory：928514048, use ：505594920, free ：422919128DirectMemory：1827143680, 恢复 ：1
当前时间 ：2026-07-26 21:36:08send keng：-1, sheng ：4194304
decode keng：-1, sheng ：2097152
world keng：16, sheng ：1048576

2026-07-26 21:36:13.321 INFO [pool-6-thread-2][:] - /****************流量统计******************/
LastReadBytes:0
LastReadThroughput:0
LastWrittenBytes:0
LastWriteThroughput:0
RealWrittenBytes:0
RealWriteThroughput:0
当前玩家的连接数量:0
当前地图的线程个数：9
当前地图的个数:47
当前数据库执行队列数:0
当前发送队列缓存的对象数量:0
totalMemory：928514048, use ：508999440, free ：419514608DirectMemory：1827143680, 恢复 ：1
当前时间 ：2026-07-26 21:36:13send keng：-1, sheng ：4194304
decode keng：-1, sheng ：2097152
world keng：16, sheng ：1048576

2026-07-26 21:36:18.321 INFO [pool-6-thread-3][:] - /****************流量统计******************/
LastReadBytes:0
LastReadThroughput:0
LastWrittenBytes:0
LastWriteThroughput:0
RealWrittenBytes:0
RealWriteThroughput:0
当前玩家的连接数量:0
当前地图的线程个数：9
当前地图的个数:47
当前数据库执行队列数:0
当前发送队列缓存的对象数量:0
totalMemory：928514048, use ：511815072, free ：416698976DirectMemory：1827143680, 恢复 ：1
当前时间 ：2026-07-26 21:36:18send keng：-1, sheng ：4194304
decode keng：-1, sheng ：2097152
world keng：16, sheng ：1048576

2026-07-26 21:36:23.321 INFO [pool-6-thread-1][:] - /****************流量统计******************/
LastReadBytes:0
LastReadThroughput:0
LastWrittenBytes:0
LastWriteThroughput:0
RealWrittenBytes:0
RealWriteThroughput:0
当前玩家的连接数量:0
当前地图的线程个数：9
当前地图的个数:47
当前数据库执行队列数:0
当前发送队列缓存的对象数量:0
totalMemory：928514048, use ：514880264, free ：413633784DirectMemory：1827143680, 恢复 ：1
当前时间 ：2026-07-26 21:36:23send keng：-1, sheng ：4194304
decode keng：-1, sheng ：2097152
world keng：16, sheng ：1048576

2026-07-26 21:36:28.321 INFO [pool-6-thread-3][:] - /****************流量统计******************/
LastReadBytes:0
LastReadThroughput:0
LastWrittenBytes:0
LastWriteThroughput:0
RealWrittenBytes:0
RealWriteThroughput:0
当前玩家的连接数量:0
当前地图的线程个数：9
当前地图的个数:47
当前数据库执行队列数:0
当前发送队列缓存的对象数量:0
totalMemory：928514048, use ：518273768, free ：410240280DirectMemory：1827143680, 恢复 ：1
当前时间 ：2026-07-26 21:36:28send keng：-1, sheng ：4194304
decode keng：-1, sheng ：2097152
world keng：16, sheng ：1048576

2026-07-26 21:36:33.321 INFO [pool-6-thread-1][:] - /****************流量统计******************/
LastReadBytes:0
LastReadThroughput:0
LastWrittenBytes:0
LastWriteThroughput:0
RealWrittenBytes:0
RealWriteThroughput:0
当前玩家的连接数量:0
当前地图的线程个数：9
当前地图的个数:47
当前数据库执行队列数:0
当前发送队列缓存的对象数量:0
totalMemory：928514048, use ：523123376, free ：405390672DirectMemory：1827143680, 恢复 ：1
当前时间 ：2026-07-26 21:36:33send keng：-1, sheng ：4194304
decode keng：-1, sheng ：2097152
world keng：16, sheng ：1048576

2026-07-26 21:36:38.321 INFO [pool-6-thread-4][:] - /****************流量统计******************/
LastReadBytes:0
LastReadThroughput:0
LastWrittenBytes:0
LastWriteThroughput:0
RealWrittenBytes:0
RealWriteThroughput:0
当前玩家的连接数量:0
当前地图的线程个数：9
当前地图的个数:47
当前数据库执行队列数:0
当前发送队列缓存的对象数量:0
totalMemory：928514048, use ：526575544, free ：401938504DirectMemory：1827143680, 恢复 ：1
当前时间 ：2026-07-26 21:36:38send keng：-1, sheng ：4194304
decode keng：-1, sheng ：2097152
world keng：16, sheng ：1048576

2026-07-26 21:36:43.321 INFO [pool-6-thread-7][:] - /****************流量统计******************/
LastReadBytes:0
LastReadThroughput:0
LastWrittenBytes:0
LastWriteThroughput:0
RealWrittenBytes:0
RealWriteThroughput:0
当前玩家的连接数量:0
当前地图的线程个数：9
当前地图的个数:47
当前数据库执行队列数:0
当前发送队列缓存的对象数量:0
totalMemory：928514048, use ：529777016, free ：398737032DirectMemory：1827143680, 恢复 ：1
当前时间 ：2026-07-26 21:36:43send keng：-1, sheng ：4194304
decode keng：-1, sheng ：2097152
world keng：16, sheng ：1048576

2026-07-26 21:36:48.321 INFO [pool-6-thread-9][:] - /****************流量统计******************/
LastReadBytes:0
LastReadThroughput:0
LastWrittenBytes:0
LastWriteThroughput:0
RealWrittenBytes:0
RealWriteThroughput:0
当前玩家的连接数量:0
当前地图的线程个数：9
当前地图的个数:47
当前数据库执行队列数:0
当前发送队列缓存的对象数量:0
totalMemory：928514048, use ：533168064, free ：395345984DirectMemory：1827143680, 恢复 ：1
当前时间 ：2026-07-26 21:36:48send keng：-1, sheng ：4194304
decode keng：-1, sheng ：2097152
world keng：16, sheng ：1048576

2026-07-26 21:36:53.321 INFO [pool-6-thread-1][:] - /****************流量统计******************/
LastReadBytes:0
LastReadThroughput:0
LastWrittenBytes:0
LastWriteThroughput:0
RealWrittenBytes:0
RealWriteThroughput:0
当前玩家的连接数量:0
当前地图的线程个数：9
当前地图的个数:47
当前数据库执行队列数:0
当前发送队列缓存的对象数量:0
totalMemory：928514048, use ：535673456, free ：392840592DirectMemory：1827143680, 恢复 ：1
当前时间 ：2026-07-26 21:36:53send keng：-1, sheng ：4194304
decode keng：-1, sheng ：2097152
world keng：16, sheng ：1048576

2026-07-26 21:36:58.321 INFO [pool-6-thread-5][:] - /****************流量统计******************/
LastReadBytes:0
LastReadThroughput:0
LastWrittenBytes:0
LastWriteThroughput:0
RealWrittenBytes:0
RealWriteThroughput:0
当前玩家的连接数量:0
当前地图的线程个数：9
当前地图的个数:47
当前数据库执行队列数:0
当前发送队列缓存的对象数量:0
totalMemory：928514048, use ：538658456, free ：389855592DirectMemory：1827143680, 恢复 ：1
当前时间 ：2026-07-26 21:36:58send keng：-1, sheng ：4194304
decode keng：-1, sheng ：2097152
world keng：16, sheng ：1048576

2026-07-26 21:37:03.321 INFO [pool-6-thread-3][:] - /****************流量统计******************/
LastReadBytes:0
LastReadThroughput:0
LastWrittenBytes:0
LastWriteThroughput:0
RealWrittenBytes:0
RealWriteThroughput:0
当前玩家的连接数量:0
当前地图的线程个数：9
当前地图的个数:47
当前数据库执行队列数:0
当前发送队列缓存的对象数量:0
totalMemory：928514048, use ：543793000, free ：384721048DirectMemory：1827143680, 恢复 ：1
当前时间 ：2026-07-26 21:37:03send keng：-1, sheng ：4194304
decode keng：-1, sheng ：2097152
world keng：16, sheng ：1048576

2026-07-26 21:37:08.321 INFO [pool-6-thread-3][:] - /****************流量统计******************/
LastReadBytes:0
LastReadThroughput:0
LastWrittenBytes:0
LastWriteThroughput:0
RealWrittenBytes:0
RealWriteThroughput:0
当前玩家的连接数量:0
当前地图的线程个数：9
当前地图的个数:47
当前数据库执行队列数:0
当前发送队列缓存的对象数量:0
totalMemory：928514048, use ：547494616, free ：381019432DirectMemory：1827143680, 恢复 ：1
当前时间 ：2026-07-26 21:37:08send keng：-1, sheng ：4194304
decode keng：-1, sheng ：2097152
world keng：16, sheng ：1048576

2026-07-26 21:37:13.321 INFO [pool-6-thread-7][:] - /****************流量统计******************/
LastReadBytes:0
LastReadThroughput:0
LastWrittenBytes:0
LastWriteThroughput:0
RealWrittenBytes:0
RealWriteThroughput:0
当前玩家的连接数量:0
当前地图的线程个数：9
当前地图的个数:47
当前数据库执行队列数:0
当前发送队列缓存的对象数量:0
totalMemory：928514048, use ：551093536, free ：377420512DirectMemory：1827143680, 恢复 ：1
当前时间 ：2026-07-26 21:37:13send keng：-1, sheng ：4194304
decode keng：-1, sheng ：2097152
world keng：16, sheng ：1048576

2026-07-26 21:37:18.321 INFO [pool-6-thread-1][:] - /****************流量统计******************/
LastReadBytes:0
LastReadThroughput:0
LastWrittenBytes:0
LastWriteThroughput:0
RealWrittenBytes:0
RealWriteThroughput:0
当前玩家的连接数量:0
当前地图的线程个数：9
当前地图的个数:47
当前数据库执行队列数:0
当前发送队列缓存的对象数量:0
totalMemory：928514048, use ：554381008, free ：374133040DirectMemory：1827143680, 恢复 ：1
当前时间 ：2026-07-26 21:37:18send keng：-1, sheng ：4194304
decode keng：-1, sheng ：2097152
world keng：16, sheng ：1048576

2026-07-26 21:37:23.321 INFO [pool-6-thread-6][:] - /****************流量统计******************/
LastReadBytes:0
LastReadThroughput:0
LastWrittenBytes:0
LastWriteThroughput:0
RealWrittenBytes:0
RealWriteThroughput:0
当前玩家的连接数量:0
当前地图的线程个数：9
当前地图的个数:47
当前数据库执行队列数:0
当前发送队列缓存的对象数量:0
totalMemory：928514048, use ：557035000, free ：371479048DirectMemory：1827143680, 恢复 ：1
当前时间 ：2026-07-26 21:37:23send keng：-1, sheng ：4194304
decode keng：-1, sheng ：2097152
world keng：16, sheng ：1048576

2026-07-26 21:37:28.321 INFO [pool-6-thread-2][:] - /****************流量统计******************/
LastReadBytes:0
LastReadThroughput:0
LastWrittenBytes:0
LastWriteThroughput:0
RealWrittenBytes:0
RealWriteThroughput:0
当前玩家的连接数量:0
当前地图的线程个数：9
当前地图的个数:47
当前数据库执行队列数:0
当前发送队列缓存的对象数量:0
totalMemory：928514048, use ：559182248, free ：369331800DirectMemory：1827143680, 恢复 ：1
当前时间 ：2026-07-26 21:37:28send keng：-1, sheng ：4194304
decode keng：-1, sheng ：2097152
world keng：16, sheng ：1048576

2026-07-26 21:37:33.321 INFO [pool-6-thread-7][:] - /****************流量统计******************/
LastReadBytes:0
LastReadThroughput:0
LastWrittenBytes:0
LastWriteThroughput:0
RealWrittenBytes:0
RealWriteThroughput:0
当前玩家的连接数量:0
当前地图的线程个数：9
当前地图的个数:47
当前数据库执行队列数:0
当前发送队列缓存的对象数量:0
totalMemory：928514048, use ：564875760, free ：363638288DirectMemory：1827143680, 恢复 ：1
当前时间 ：2026-07-26 21:37:33send keng：-1, sheng ：4194304
decode keng：-1, sheng ：2097152
world keng：16, sheng ：1048576

2026-07-26 21:37:38.321 INFO [pool-6-thread-9][:] - /****************流量统计******************/
LastReadBytes:0
LastReadThroughput:0
LastWrittenBytes:0
LastWriteThroughput:0
RealWrittenBytes:0
RealWriteThroughput:0
当前玩家的连接数量:0
当前地图的线程个数：9
当前地图的个数:47
当前数据库执行队列数:0
当前发送队列缓存的对象数量:0
totalMemory：928514048, use ：568574208, free ：359939840DirectMemory：1827143680, 恢复 ：1
当前时间 ：2026-07-26 21:37:38send keng：-1, sheng ：4194304
decode keng：-1, sheng ：2097152
world keng：16, sheng ：1048576

2026-07-26 21:37:43.321 INFO [pool-6-thread-6][:] - /****************流量统计******************/
LastReadBytes:0
LastReadThroughput:0
LastWrittenBytes:0
LastWriteThroughput:0
RealWrittenBytes:0
RealWriteThroughput:0
当前玩家的连接数量:0
当前地图的线程个数：9
当前地图的个数:47
当前数据库执行队列数:0
当前发送队列缓存的对象数量:0
totalMemory：928514048, use ：572431928, free ：356082120DirectMemory：1827143680, 恢复 ：1
当前时间 ：2026-07-26 21:37:43send keng：-1, sheng ：4194304
decode keng：-1, sheng ：2097152
world keng：16, sheng ：1048576

2026-07-26 21:37:48.321 INFO [pool-6-thread-3][:] - /****************流量统计******************/
LastReadBytes:0
LastReadThroughput:0
LastWrittenBytes:0
LastWriteThroughput:0
RealWrittenBytes:0
RealWriteThroughput:0
当前玩家的连接数量:0
当前地图的线程个数：9
当前地图的个数:47
当前数据库执行队列数:0
当前发送队列缓存的对象数量:0
totalMemory：928514048, use ：574546800, free ：353967248DirectMemory：1827143680, 恢复 ：1
当前时间 ：2026-07-26 21:37:48send keng：-1, sheng ：4194304
decode keng：-1, sheng ：2097152
world keng：16, sheng ：1048576

2026-07-26 21:37:53.321 INFO [pool-6-thread-7][:] - /****************流量统计******************/
LastReadBytes:0
LastReadThroughput:0
LastWrittenBytes:0
LastWriteThroughput:0
RealWrittenBytes:0
RealWriteThroughput:0
当前玩家的连接数量:0
当前地图的线程个数：9
当前地图的个数:47
当前数据库执行队列数:0
当前发送队列缓存的对象数量:0
totalMemory：928514048, use ：577410248, free ：351103800DirectMemory：1827143680, 恢复 ：1
当前时间 ：2026-07-26 21:37:53send keng：-1, sheng ：4194304
decode keng：-1, sheng ：2097152
world keng：16, sheng ：1048576

2026-07-26 21:37:58.321 INFO [pool-6-thread-9][:] - /****************流量统计******************/
LastReadBytes:0
LastReadThroughput:0
LastWrittenBytes:0
LastWriteThroughput:0
RealWrittenBytes:0
RealWriteThroughput:0
当前玩家的连接数量:0
当前地图的线程个数：9
当前地图的个数:47
当前数据库执行队列数:0
当前发送队列缓存的对象数量:0
totalMemory：928514048, use ：582225728, free ：346288320DirectMemory：1827143680, 恢复 ：1
当前时间 ：2026-07-26 21:37:58send keng：-1, sheng ：4194304
decode keng：-1, sheng ：2097152
world keng：16, sheng ：1048576

2026-07-26 21:38:03.321 INFO [pool-6-thread-4][:] - /****************流量统计******************/
LastReadBytes:0
LastReadThroughput:0
LastWrittenBytes:0
LastWriteThroughput:0
RealWrittenBytes:0
RealWriteThroughput:0
当前玩家的连接数量:0
当前地图的线程个数：9
当前地图的个数:47
当前数据库执行队列数:0
当前发送队列缓存的对象数量:0
totalMemory：928514048, use ：586382000, free ：342132048DirectMemory：1827143680, 恢复 ：1
当前时间 ：2026-07-26 21:38:03send keng：-1, sheng ：4194304
decode keng：-1, sheng ：2097152
world keng：16, sheng ：1048576

2026-07-26 21:38:08.321 INFO [pool-6-thread-8][:] - /****************流量统计******************/
LastReadBytes:0
LastReadThroughput:0
LastWrittenBytes:0
LastWriteThroughput:0
RealWrittenBytes:0
RealWriteThroughput:0
当前玩家的连接数量:0
当前地图的线程个数：9
当前地图的个数:47
当前数据库执行队列数:0
当前发送队列缓存的对象数量:0
totalMemory：928514048, use ：589633536, free ：338880512DirectMemory：1827143680, 恢复 ：1
当前时间 ：2026-07-26 21:38:08send keng：-1, sheng ：4194304
decode keng：-1, sheng ：2097152
world keng：16, sheng ：1048576

2026-07-26 21:38:13.321 INFO [pool-6-thread-4][:] - /****************流量统计******************/
LastReadBytes:0
LastReadThroughput:0
LastWrittenBytes:0
LastWriteThroughput:0
RealWrittenBytes:0
RealWriteThroughput:0
当前玩家的连接数量:0
当前地图的线程个数：9
当前地图的个数:47
当前数据库执行队列数:0
当前发送队列缓存的对象数量:0
totalMemory：928514048, use ：593189560, free ：335324488DirectMemory：1827143680, 恢复 ：1
当前时间 ：2026-07-26 21:38:13send keng：-1, sheng ：4194304
decode keng：-1, sheng ：2097152
world keng：16, sheng ：1048576

2026-07-26 21:38:18.321 INFO [pool-6-thread-5][:] - /****************流量统计******************/
LastReadBytes:0
LastReadThroughput:0
LastWrittenBytes:0
LastWriteThroughput:0
RealWrittenBytes:0
RealWriteThroughput:0
当前玩家的连接数量:0
当前地图的线程个数：9
当前地图的个数:47
当前数据库执行队列数:0
当前发送队列缓存的对象数量:0
totalMemory：928514048, use ：595576816, free ：332937232DirectMemory：1827143680, 恢复 ：1
当前时间 ：2026-07-26 21:38:18send keng：-1, sheng ：4194304
decode keng：-1, sheng ：2097152
world keng：16, sheng ：1048576

2026-07-26 21:38:23.321 INFO [pool-6-thread-7][:] - /****************流量统计******************/
LastReadBytes:0
LastReadThroughput:0
LastWrittenBytes:0
LastWriteThroughput:0
RealWrittenBytes:0
RealWriteThroughput:0
当前玩家的连接数量:0
当前地图的线程个数：9
当前地图的个数:47
当前数据库执行队列数:0
当前发送队列缓存的对象数量:0
totalMemory：928514048, use ：599601328, free ：328912720DirectMemory：1827143680, 恢复 ：1
当前时间 ：2026-07-26 21:38:23send keng：-1, sheng ：4194304
decode keng：-1, sheng ：2097152
world keng：16, sheng ：1048576

2026-07-26 21:38:28.321 INFO [pool-6-thread-3][:] - /****************流量统计******************/
LastReadBytes:0
LastReadThroughput:0
LastWrittenBytes:0
LastWriteThroughput:0
RealWrittenBytes:0
RealWriteThroughput:0
当前玩家的连接数量:0
当前地图的线程个数：9
当前地图的个数:47
当前数据库执行队列数:0
当前发送队列缓存的对象数量:0
totalMemory：928514048, use ：602014656, free ：326499392DirectMemory：1827143680, 恢复 ：1
当前时间 ：2026-07-26 21:38:28send keng：-1, sheng ：4194304
decode keng：-1, sheng ：2097152
world keng：16, sheng ：1048576

2026-07-26 21:38:33.321 INFO [pool-6-thread-8][:] - /****************流量统计******************/
LastReadBytes:0
LastReadThroughput:0
LastWrittenBytes:0
LastWriteThroughput:0
RealWrittenBytes:0
RealWriteThroughput:0
当前玩家的连接数量:0
当前地图的线程个数：9
当前地图的个数:47
当前数据库执行队列数:0
当前发送队列缓存的对象数量:0
totalMemory：928514048, use ：607996152, free ：320517896DirectMemory：1827143680, 恢复 ：1
当前时间 ：2026-07-26 21:38:33send keng：-1, sheng ：4194304
decode keng：-1, sheng ：2097152
world keng：16, sheng ：1048576

2026-07-26 21:38:38.321 INFO [pool-6-thread-10][:] - /****************流量统计******************/
LastReadBytes:0
LastReadThroughput:0
LastWrittenBytes:0
LastWriteThroughput:0
RealWrittenBytes:0
RealWriteThroughput:0
当前玩家的连接数量:0
当前地图的线程个数：9
当前地图的个数:47
当前数据库执行队列数:0
当前发送队列缓存的对象数量:0
totalMemory：928514048, use ：611129488, free ：317384560DirectMemory：1827143680, 恢复 ：1
当前时间 ：2026-07-26 21:38:38send keng：-1, sheng ：4194304
decode keng：-1, sheng ：2097152
world keng：16, sheng ：1048576

2026-07-26 21:38:43.321 INFO [pool-6-thread-1][:] - /****************流量统计******************/
LastReadBytes:0
LastReadThroughput:0
LastWrittenBytes:0
LastWriteThroughput:0
RealWrittenBytes:0
RealWriteThroughput:0
当前玩家的连接数量:0
当前地图的线程个数：9
当前地图的个数:47
当前数据库执行队列数:0
当前发送队列缓存的对象数量:0
totalMemory：928514048, use ：613443096, free ：315070952DirectMemory：1827143680, 恢复 ：1
当前时间 ：2026-07-26 21:38:43send keng：-1, sheng ：4194304
decode keng：-1, sheng ：2097152
world keng：16, sheng ：1048576

2026-07-26 21:38:48.321 INFO [pool-6-thread-2][:] - /****************流量统计******************/
LastReadBytes:0
LastReadThroughput:0
LastWrittenBytes:0
LastWriteThroughput:0
RealWrittenBytes:0
RealWriteThroughput:0
当前玩家的连接数量:0
当前地图的线程个数：9
当前地图的个数:47
当前数据库执行队列数:0
当前发送队列缓存的对象数量:0
totalMemory：928514048, use ：617172336, free ：311341712DirectMemory：1827143680, 恢复 ：1
当前时间 ：2026-07-26 21:38:48send keng：-1, sheng ：4194304
decode keng：-1, sheng ：2097152
world keng：16, sheng ：1048576

2026-07-26 21:38:53.321 INFO [pool-6-thread-5][:] - /****************流量统计******************/
LastReadBytes:0
LastReadThroughput:0
LastWrittenBytes:0
LastWriteThroughput:0
RealWrittenBytes:0
RealWriteThroughput:0
当前玩家的连接数量:0
当前地图的线程个数：9
当前地图的个数:47
当前数据库执行队列数:0
当前发送队列缓存的对象数量:0
totalMemory：928514048, use ：620242872, free ：308271176DirectMemory：1827143680, 恢复 ：1
当前时间 ：2026-07-26 21:38:53send keng：-1, sheng ：4194304
decode keng：-1, sheng ：2097152
world keng：16, sheng ：1048576

2026-07-26 21:38:58.321 INFO [pool-6-thread-3][:] - /****************流量统计******************/
LastReadBytes:0
LastReadThroughput:0
LastWrittenBytes:0
LastWriteThroughput:0
RealWrittenBytes:0
RealWriteThroughput:0
当前玩家的连接数量:0
当前地图的线程个数：9
当前地图的个数:47
当前数据库执行队列数:0
当前发送队列缓存的对象数量:0
totalMemory：928514048, use ：623617176, free ：304896872DirectMemory：1827143680, 恢复 ：1
当前时间 ：2026-07-26 21:38:58send keng：-1, sheng ：4194304
decode keng：-1, sheng ：2097152
world keng：16, sheng ：1048576

2026-07-26 21:39:03.321 INFO [pool-6-thread-5][:] - /****************流量统计******************/
LastReadBytes:0
LastReadThroughput:0
LastWrittenBytes:0
LastWriteThroughput:0
RealWrittenBytes:0
RealWriteThroughput:0
当前玩家的连接数量:0
当前地图的线程个数：9
当前地图的个数:47
当前数据库执行队列数:0
当前发送队列缓存的对象数量:0
totalMemory：928514048, use ：629129064, free ：299384984DirectMemory：1827143680, 恢复 ：1
当前时间 ：2026-07-26 21:39:03send keng：-1, sheng ：4194304
decode keng：-1, sheng ：2097152
world keng：16, sheng ：1048576

2026-07-26 21:39:08.321 INFO [pool-6-thread-5][:] - /****************流量统计******************/
LastReadBytes:0
LastReadThroughput:0
LastWrittenBytes:0
LastWriteThroughput:0
RealWrittenBytes:0
RealWriteThroughput:0
当前玩家的连接数量:0
当前地图的线程个数：9
当前地图的个数:47
当前数据库执行队列数:0
当前发送队列缓存的对象数量:0
totalMemory：928514048, use ：632693016, free ：295821032DirectMemory：1827143680, 恢复 ：1
当前时间 ：2026-07-26 21:39:08send keng：-1, sheng ：4194304
decode keng：-1, sheng ：2097152
world keng：16, sheng ：1048576

2026-07-26 21:39:13.321 INFO [pool-6-thread-7][:] - /****************流量统计******************/
LastReadBytes:0
LastReadThroughput:0
LastWrittenBytes:0
LastWriteThroughput:0
RealWrittenBytes:0
RealWriteThroughput:0
当前玩家的连接数量:0
当前地图的线程个数：9
当前地图的个数:47
当前数据库执行队列数:0
当前发送队列缓存的对象数量:0
totalMemory：928514048, use ：635827528, free ：292686520DirectMemory：1827143680, 恢复 ：1
当前时间 ：2026-07-26 21:39:13send keng：-1, sheng ：4194304
decode keng：-1, sheng ：2097152
world keng：16, sheng ：1048576

2026-07-26 21:39:18.321 INFO [pool-6-thread-10][:] - /****************流量统计******************/
LastReadBytes:0
LastReadThroughput:0
LastWrittenBytes:0
LastWriteThroughput:0
RealWrittenBytes:0
RealWriteThroughput:0
当前玩家的连接数量:0
当前地图的线程个数：9
当前地图的个数:47
当前数据库执行队列数:0
当前发送队列缓存的对象数量:0
totalMemory：928514048, use ：638837264, free ：289676784DirectMemory：1827143680, 恢复 ：1
当前时间 ：2026-07-26 21:39:18send keng：-1, sheng ：4194304
decode keng：-1, sheng ：2097152
world keng：16, sheng ：1048576

2026-07-26 21:39:23.321 INFO [pool-6-thread-8][:] - /****************流量统计******************/
LastReadBytes:0
LastReadThroughput:0
LastWrittenBytes:0
LastWriteThroughput:0
RealWrittenBytes:0
RealWriteThroughput:0
当前玩家的连接数量:0
当前地图的线程个数：9
当前地图的个数:47
当前数据库执行队列数:0
当前发送队列缓存的对象数量:0
totalMemory：928514048, use ：641290632, free ：287223416DirectMemory：1827143680, 恢复 ：1
当前时间 ：2026-07-26 21:39:23send keng：-1, sheng ：4194304
decode keng：-1, sheng ：2097152
world keng：16, sheng ：1048576

2026-07-26 21:39:28.321 INFO [pool-6-thread-3][:] - /****************流量统计******************/
LastReadBytes:0
LastReadThroughput:0
LastWrittenBytes:0
LastWriteThroughput:0
RealWrittenBytes:0
RealWriteThroughput:0
当前玩家的连接数量:0
当前地图的线程个数：9
当前地图的个数:47
当前数据库执行队列数:0
当前发送队列缓存的对象数量:0
totalMemory：928514048, use ：645190656, free ：283323392DirectMemory：1827143680, 恢复 ：1
当前时间 ：2026-07-26 21:39:28send keng：-1, sheng ：4194304
decode keng：-1, sheng ：2097152
world keng：16, sheng ：1048576

2026-07-26 21:39:33.321 INFO [pool-6-thread-5][:] - /****************流量统计******************/
LastReadBytes:0
LastReadThroughput:0
LastWrittenBytes:0
LastWriteThroughput:0
RealWrittenBytes:0
RealWriteThroughput:0
当前玩家的连接数量:0
当前地图的线程个数：9
当前地图的个数:47
当前数据库执行队列数:0
当前发送队列缓存的对象数量:0
totalMemory：928514048, use ：649022216, free ：279491832DirectMemory：1827143680, 恢复 ：1
当前时间 ：2026-07-26 21:39:33send keng：-1, sheng ：4194304
decode keng：-1, sheng ：2097152
world keng：16, sheng ：1048576

2026-07-26 21:39:38.321 INFO [pool-6-thread-6][:] - /****************流量统计******************/
LastReadBytes:0
LastReadThroughput:0
LastWrittenBytes:0
LastWriteThroughput:0
RealWrittenBytes:0
RealWriteThroughput:0
当前玩家的连接数量:0
当前地图的线程个数：9
当前地图的个数:47
当前数据库执行队列数:0
当前发送队列缓存的对象数量:0
totalMemory：928514048, use ：653360320, free ：275153728DirectMemory：1827143680, 恢复 ：1
当前时间 ：2026-07-26 21:39:38send keng：-1, sheng ：4194304
decode keng：-1, sheng ：2097152
world keng：16, sheng ：1048576

2026-07-26 21:39:43.321 INFO [pool-6-thread-4][:] - /****************流量统计******************/
LastReadBytes:0
LastReadThroughput:0
LastWrittenBytes:0
LastWriteThroughput:0
RealWrittenBytes:0
RealWriteThroughput:0
当前玩家的连接数量:0
当前地图的线程个数：9
当前地图的个数:47
当前数据库执行队列数:0
当前发送队列缓存的对象数量:0
totalMemory：928514048, use ：656456464, free ：272057584DirectMemory：1827143680, 恢复 ：1
当前时间 ：2026-07-26 21:39:43send keng：-1, sheng ：4194304
decode keng：-1, sheng ：2097152
world keng：16, sheng ：1048576

2026-07-26 21:39:48.322 INFO [pool-6-thread-6][:] - /****************流量统计******************/
LastReadBytes:0
LastReadThroughput:0
LastWrittenBytes:0
LastWriteThroughput:0
RealWrittenBytes:0
RealWriteThroughput:0
当前玩家的连接数量:0
当前地图的线程个数：9
当前地图的个数:47
当前数据库执行队列数:0
当前发送队列缓存的对象数量:0
totalMemory：928514048, use ：659304616, free ：269209432DirectMemory：1827143680, 恢复 ：1
当前时间 ：2026-07-26 21:39:48send keng：-1, sheng ：4194304
decode keng：-1, sheng ：2097152
world keng：16, sheng ：1048576

2026-07-26 21:39:53.321 INFO [pool-6-thread-10][:] - /****************流量统计******************/
LastReadBytes:0
LastReadThroughput:0
LastWrittenBytes:0
LastWriteThroughput:0
RealWrittenBytes:0
RealWriteThroughput:0
当前玩家的连接数量:0
当前地图的线程个数：9
当前地图的个数:47
当前数据库执行队列数:0
当前发送队列缓存的对象数量:0
totalMemory：928514048, use ：661982560, free ：266531488DirectMemory：1827143680, 恢复 ：1
当前时间 ：2026-07-26 21:39:53send keng：-1, sheng ：4194304
decode keng：-1, sheng ：2097152
world keng：16, sheng ：1048576

2026-07-26 21:39:58.321 INFO [pool-6-thread-1][:] - /****************流量统计******************/
LastReadBytes:0
LastReadThroughput:0
LastWrittenBytes:0
LastWriteThroughput:0
RealWrittenBytes:0
RealWriteThroughput:0
当前玩家的连接数量:0
当前地图的线程个数：9
当前地图的个数:47
当前数据库执行队列数:0
当前发送队列缓存的对象数量:0
totalMemory：928514048, use ：665871120, free ：262642928DirectMemory：1827143680, 恢复 ：1
当前时间 ：2026-07-26 21:39:58send keng：-1, sheng ：4194304
decode keng：-1, sheng ：2097152
world keng：16, sheng ：1048576

2026-07-26 21:40:03.322 INFO [pool-6-thread-5][:] - /****************流量统计******************/
LastReadBytes:0
LastReadThroughput:0
LastWrittenBytes:0
LastWriteThroughput:0
RealWrittenBytes:0
RealWriteThroughput:0
当前玩家的连接数量:0
当前地图的线程个数：9
当前地图的个数:47
当前数据库执行队列数:0
当前发送队列缓存的对象数量:0
totalMemory：928514048, use ：670169160, free ：258344888DirectMemory：1827143680, 恢复 ：1
当前时间 ：2026-07-26 21:40:03send keng：-1, sheng ：4194304
decode keng：-1, sheng ：2097152
world keng：16, sheng ：1048576

2026-07-26 21:40:08.321 INFO [pool-6-thread-10][:] - /****************流量统计******************/
LastReadBytes:0
LastReadThroughput:0
LastWrittenBytes:0
LastWriteThroughput:0
RealWrittenBytes:0
RealWriteThroughput:0
当前玩家的连接数量:0
当前地图的线程个数：9
当前地图的个数:47
当前数据库执行队列数:0
当前发送队列缓存的对象数量:0
totalMemory：928514048, use ：674641344, free ：253872704DirectMemory：1827143680, 恢复 ：1
当前时间 ：2026-07-26 21:40:08send keng：-1, sheng ：4194304
decode keng：-1, sheng ：2097152
world keng：16, sheng ：1048576

2026-07-26 21:40:13.321 INFO [pool-6-thread-3][:] - /****************流量统计******************/
LastReadBytes:0
LastReadThroughput:0
LastWrittenBytes:0
LastWriteThroughput:0
RealWrittenBytes:0
RealWriteThroughput:0
当前玩家的连接数量:0
当前地图的线程个数：9
当前地图的个数:47
当前数据库执行队列数:0
当前发送队列缓存的对象数量:0
totalMemory：928514048, use ：677185584, free ：251328464DirectMemory：1827143680, 恢复 ：1
当前时间 ：2026-07-26 21:40:13send keng：-1, sheng ：4194304
decode keng：-1, sheng ：2097152
world keng：16, sheng ：1048576

2026-07-26 21:40:18.321 INFO [pool-6-thread-7][:] - /****************流量统计******************/
LastReadBytes:0
LastReadThroughput:0
LastWrittenBytes:0
LastWriteThroughput:0
RealWrittenBytes:0
RealWriteThroughput:0
当前玩家的连接数量:0
当前地图的线程个数：9
当前地图的个数:47
当前数据库执行队列数:0
当前发送队列缓存的对象数量:0
totalMemory：928514048, use ：680546608, free ：247967440DirectMemory：1827143680, 恢复 ：1
当前时间 ：2026-07-26 21:40:18send keng：-1, sheng ：4194304
decode keng：-1, sheng ：2097152
world keng：16, sheng ：1048576

2026-07-26 21:40:23.321 INFO [pool-6-thread-6][:] - /****************流量统计******************/
LastReadBytes:0
LastReadThroughput:0
LastWrittenBytes:0
LastWriteThroughput:0
RealWrittenBytes:0
RealWriteThroughput:0
当前玩家的连接数量:0
当前地图的线程个数：9
当前地图的个数:47
当前数据库执行队列数:0
当前发送队列缓存的对象数量:0
totalMemory：928514048, use ：682719736, free ：245794312DirectMemory：1827143680, 恢复 ：1
当前时间 ：2026-07-26 21:40:23send keng：-1, sheng ：4194304
decode keng：-1, sheng ：2097152
world keng：16, sheng ：1048576

2026-07-26 21:40:28.321 INFO [pool-6-thread-3][:] - /****************流量统计******************/
LastReadBytes:0
LastReadThroughput:0
LastWrittenBytes:0
LastWriteThroughput:0
RealWrittenBytes:0
RealWriteThroughput:0
当前玩家的连接数量:0
当前地图的线程个数：9
当前地图的个数:47
当前数据库执行队列数:0
当前发送队列缓存的对象数量:0
totalMemory：928514048, use ：687103272, free ：241410776DirectMemory：1827143680, 恢复 ：1
当前时间 ：2026-07-26 21:40:28send keng：-1, sheng ：4194304
decode keng：-1, sheng ：2097152
world keng：16, sheng ：1048576

2026-07-26 21:40:33.321 INFO [pool-6-thread-9][:] - /****************流量统计******************/
LastReadBytes:0
LastReadThroughput:0
LastWrittenBytes:0
LastWriteThroughput:0
RealWrittenBytes:0
RealWriteThroughput:0
当前玩家的连接数量:0
当前地图的线程个数：9
当前地图的个数:47
当前数据库执行队列数:0
当前发送队列缓存的对象数量:0
totalMemory：928514048, use ：690992944, free ：237521104DirectMemory：1827143680, 恢复 ：1
当前时间 ：2026-07-26 21:40:33send keng：-1, sheng ：4194304
decode keng：-1, sheng ：2097152
world keng：16, sheng ：1048576

2026-07-26 21:40:38.321 INFO [pool-6-thread-10][:] - /****************流量统计******************/
LastReadBytes:0
LastReadThroughput:0
LastWrittenBytes:0
LastWriteThroughput:0
RealWrittenBytes:0
RealWriteThroughput:0
当前玩家的连接数量:0
当前地图的线程个数：9
当前地图的个数:47
当前数据库执行队列数:0
当前发送队列缓存的对象数量:0
totalMemory：928514048, use ：695480672, free ：233033376DirectMemory：1827143680, 恢复 ：1
当前时间 ：2026-07-26 21:40:38send keng：-1, sheng ：4194304
decode keng：-1, sheng ：2097152
world keng：16, sheng ：1048576

2026-07-26 21:40:43.321 INFO [pool-6-thread-7][:] - /****************流量统计******************/
LastReadBytes:0
LastReadThroughput:0
LastWrittenBytes:0
LastWriteThroughput:0
RealWrittenBytes:0
RealWriteThroughput:0
当前玩家的连接数量:0
当前地图的线程个数：9
当前地图的个数:47
当前数据库执行队列数:0
当前发送队列缓存的对象数量:0
totalMemory：928514048, use ：697665104, free ：230848944DirectMemory：1827143680, 恢复 ：1
当前时间 ：2026-07-26 21:40:43send keng：-1, sheng ：4194304
decode keng：-1, sheng ：2097152
world keng：16, sheng ：1048576

2026-07-26 21:40:48.321 INFO [pool-6-thread-7][:] - /****************流量统计******************/
LastReadBytes:0
LastReadThroughput:0
LastWrittenBytes:0
LastWriteThroughput:0
RealWrittenBytes:0
RealWriteThroughput:0
当前玩家的连接数量:0
当前地图的线程个数：9
当前地图的个数:47
当前数据库执行队列数:0
当前发送队列缓存的对象数量:0
totalMemory：928514048, use ：702315992, free ：226198056DirectMemory：1827143680, 恢复 ：1
当前时间 ：2026-07-26 21:40:48send keng：-1, sheng ：4194304
decode keng：-1, sheng ：2097152
world keng：16, sheng ：1048576

2026-07-26 21:40:53.321 INFO [pool-6-thread-9][:] - /****************流量统计******************/
LastReadBytes:0
LastReadThroughput:0
LastWrittenBytes:0
LastWriteThroughput:0
RealWrittenBytes:0
RealWriteThroughput:0
当前玩家的连接数量:0
当前地图的线程个数：9
当前地图的个数:47
当前数据库执行队列数:0
当前发送队列缓存的对象数量:0
totalMemory：928514048, use ：703510752, free ：225003296DirectMemory：1827143680, 恢复 ：1
当前时间 ：2026-07-26 21:40:53send keng：-1, sheng ：4194304
decode keng：-1, sheng ：2097152
world keng：16, sheng ：1048576

2026-07-26 21:40:58.321 INFO [pool-6-thread-8][:] - /****************流量统计******************/
LastReadBytes:0
LastReadThroughput:0
LastWrittenBytes:0
LastWriteThroughput:0
RealWrittenBytes:0
RealWriteThroughput:0
当前玩家的连接数量:0
当前地图的线程个数：9
当前地图的个数:47
当前数据库执行队列数:0
当前发送队列缓存的对象数量:0
totalMemory：928514048, use ：708655000, free ：219859048DirectMemory：1827143680, 恢复 ：1
当前时间 ：2026-07-26 21:40:58send keng：-1, sheng ：4194304
decode keng：-1, sheng ：2097152
world keng：16, sheng ：1048576

2026-07-26 21:41:03.321 INFO [pool-6-thread-7][:] - /****************流量统计******************/
LastReadBytes:0
LastReadThroughput:0
LastWrittenBytes:0
LastWriteThroughput:0
RealWrittenBytes:0
RealWriteThroughput:0
当前玩家的连接数量:0
当前地图的线程个数：9
当前地图的个数:47
当前数据库执行队列数:0
当前发送队列缓存的对象数量:0
totalMemory：928514048, use ：711853552, free ：216660496DirectMemory：1827143680, 恢复 ：1
当前时间 ：2026-07-26 21:41:03send keng：-1, sheng ：4194304
decode keng：-1, sheng ：2097152
world keng：16, sheng ：1048576

2026-07-26 21:41:08.321 INFO [pool-6-thread-6][:] - /****************流量统计******************/
LastReadBytes:0
LastReadThroughput:0
LastWrittenBytes:0
LastWriteThroughput:0
RealWrittenBytes:0
RealWriteThroughput:0
当前玩家的连接数量:0
当前地图的线程个数：9
当前地图的个数:47
当前数据库执行队列数:0
当前发送队列缓存的对象数量:0
totalMemory：928514048, use ：716389352, free ：212124696DirectMemory：1827143680, 恢复 ：1
当前时间 ：2026-07-26 21:41:08send keng：-1, sheng ：4194304
decode keng：-1, sheng ：2097152
world keng：16, sheng ：1048576

2026-07-26 21:41:13.321 INFO [pool-6-thread-3][:] - /****************流量统计******************/
LastReadBytes:0
LastReadThroughput:0
LastWrittenBytes:0
LastWriteThroughput:0
RealWrittenBytes:0
RealWriteThroughput:0
当前玩家的连接数量:0
当前地图的线程个数：9
当前地图的个数:47
当前数据库执行队列数:0
当前发送队列缓存的对象数量:0
totalMemory：928514048, use ：719302064, free ：209211984DirectMemory：1827143680, 恢复 ：1
当前时间 ：2026-07-26 21:41:13send keng：-1, sheng ：4194304
decode keng：-1, sheng ：2097152
world keng：16, sheng ：1048576

2026-07-26 21:41:18.321 INFO [pool-6-thread-10][:] - /****************流量统计******************/
LastReadBytes:0
LastReadThroughput:0
LastWrittenBytes:0
LastWriteThroughput:0
RealWrittenBytes:0
RealWriteThroughput:0
当前玩家的连接数量:0
当前地图的线程个数：9
当前地图的个数:47
当前数据库执行队列数:0
当前发送队列缓存的对象数量:0
totalMemory：928514048, use ：723167672, free ：205346376DirectMemory：1827143680, 恢复 ：1
当前时间 ：2026-07-26 21:41:18send keng：-1, sheng ：4194304
decode keng：-1, sheng ：2097152
world keng：16, sheng ：1048576

2026-07-26 21:41:23.321 INFO [pool-6-thread-2][:] - /****************流量统计******************/
LastReadBytes:0
LastReadThroughput:0
LastWrittenBytes:0
LastWriteThroughput:0
RealWrittenBytes:0
RealWriteThroughput:0
当前玩家的连接数量:0
当前地图的线程个数：9
当前地图的个数:47
当前数据库执行队列数:0
当前发送队列缓存的对象数量:0
totalMemory：928514048, use ：725939624, free ：202574424DirectMemory：1827143680, 恢复 ：1
当前时间 ：2026-07-26 21:41:23send keng：-1, sheng ：4194304
decode keng：-1, sheng ：2097152
world keng：16, sheng ：1048576

2026-07-26 21:41:28.321 INFO [pool-6-thread-4][:] - /****************流量统计******************/
LastReadBytes:0
LastReadThroughput:0
LastWrittenBytes:0
LastWriteThroughput:0
RealWrittenBytes:0
RealWriteThroughput:0
当前玩家的连接数量:0
当前地图的线程个数：9
当前地图的个数:47
当前数据库执行队列数:0
当前发送队列缓存的对象数量:0
totalMemory：928514048, use ：731283192, free ：197230856DirectMemory：1827143680, 恢复 ：1
当前时间 ：2026-07-26 21:41:28send keng：-1, sheng ：4194304
decode keng：-1, sheng ：2097152
world keng：16, sheng ：1048576

2026-07-26 21:41:33.321 INFO [pool-6-thread-3][:] - /****************流量统计******************/
LastReadBytes:0
LastReadThroughput:0
LastWrittenBytes:0
LastWriteThroughput:0
RealWrittenBytes:0
RealWriteThroughput:0
当前玩家的连接数量:0
当前地图的线程个数：9
当前地图的个数:47
当前数据库执行队列数:0
当前发送队列缓存的对象数量:0
totalMemory：928514048, use ：734001328, free ：194512720DirectMemory：1827143680, 恢复 ：1
当前时间 ：2026-07-26 21:41:33send keng：-1, sheng ：4194304
decode keng：-1, sheng ：2097152
world keng：16, sheng ：1048576

2026-07-26 21:41:38.321 INFO [pool-6-thread-3][:] - /****************流量统计******************/
LastReadBytes:0
LastReadThroughput:0
LastWrittenBytes:0
LastWriteThroughput:0
RealWrittenBytes:0
RealWriteThroughput:0
当前玩家的连接数量:0
当前地图的线程个数：9
当前地图的个数:47
当前数据库执行队列数:0
当前发送队列缓存的对象数量:0
totalMemory：928514048, use ：738442408, free ：190071640DirectMemory：1827143680, 恢复 ：1
当前时间 ：2026-07-26 21:41:38send keng：-1, sheng ：4194304
decode keng：-1, sheng ：2097152
world keng：16, sheng ：1048576

2026-07-26 21:41:43.321 INFO [pool-6-thread-8][:] - /****************流量统计******************/
LastReadBytes:0
LastReadThroughput:0
LastWrittenBytes:0
LastWriteThroughput:0
RealWrittenBytes:0
RealWriteThroughput:0
当前玩家的连接数量:0
当前地图的线程个数：9
当前地图的个数:47
当前数据库执行队列数:0
当前发送队列缓存的对象数量:0
totalMemory：928514048, use ：740817424, free ：187696624DirectMemory：1827143680, 恢复 ：1
当前时间 ：2026-07-26 21:41:43send keng：-1, sheng ：4194304
decode keng：-1, sheng ：2097152
world keng：16, sheng ：1048576

2026-07-26 21:41:48.321 INFO [pool-6-thread-1][:] - /****************流量统计******************/
LastReadBytes:0
LastReadThroughput:0
LastWrittenBytes:0
LastWriteThroughput:0
RealWrittenBytes:0
RealWriteThroughput:0
当前玩家的连接数量:0
当前地图的线程个数：9
当前地图的个数:47
当前数据库执行队列数:0
当前发送队列缓存的对象数量:0
totalMemory：928514048, use ：744391864, free ：184122184DirectMemory：1827143680, 恢复 ：1
当前时间 ：2026-07-26 21:41:48send keng：-1, sheng ：4194304
decode keng：-1, sheng ：2097152
world keng：16, sheng ：1048576

2026-07-26 21:41:53.321 INFO [pool-6-thread-8][:] - /****************流量统计******************/
LastReadBytes:0
LastReadThroughput:0
LastWrittenBytes:0
LastWriteThroughput:0
RealWrittenBytes:0
RealWriteThroughput:0
当前玩家的连接数量:0
当前地图的线程个数：9
当前地图的个数:47
当前数据库执行队列数:0
当前发送队列缓存的对象数量:0
totalMemory：928514048, use ：748097528, free ：180416520DirectMemory：1827143680, 恢复 ：1
当前时间 ：2026-07-26 21:41:53send keng：-1, sheng ：4194304
decode keng：-1, sheng ：2097152
world keng：16, sheng ：1048576

2026-07-26 21:41:58.321 INFO [pool-6-thread-5][:] - /****************流量统计******************/
LastReadBytes:0
LastReadThroughput:0
LastWrittenBytes:0
LastWriteThroughput:0
RealWrittenBytes:0
RealWriteThroughput:0
当前玩家的连接数量:0
当前地图的线程个数：9
当前地图的个数:47
当前数据库执行队列数:0
当前发送队列缓存的对象数量:0
totalMemory：928514048, use ：751159400, free ：177354648DirectMemory：1827143680, 恢复 ：1
当前时间 ：2026-07-26 21:41:58send keng：-1, sheng ：4194304
decode keng：-1, sheng ：2097152
world keng：16, sheng ：1048576

2026-07-26 21:42:03.321 INFO [pool-6-thread-7][:] - /****************流量统计******************/
LastReadBytes:0
LastReadThroughput:0
LastWrittenBytes:0
LastWriteThroughput:0
RealWrittenBytes:0
RealWriteThroughput:0
当前玩家的连接数量:0
当前地图的线程个数：9
当前地图的个数:47
当前数据库执行队列数:0
当前发送队列缓存的对象数量:0
totalMemory：928514048, use ：756183232, free ：172330816DirectMemory：1827143680, 恢复 ：1
当前时间 ：2026-07-26 21:42:03send keng：-1, sheng ：4194304
decode keng：-1, sheng ：2097152
world keng：16, sheng ：1048576

2026-07-26 21:42:08.321 INFO [pool-6-thread-10][:] - /****************流量统计******************/
LastReadBytes:0
LastReadThroughput:0
LastWrittenBytes:0
LastWriteThroughput:0
RealWrittenBytes:0
RealWriteThroughput:0
当前玩家的连接数量:0
当前地图的线程个数：9
当前地图的个数:47
当前数据库执行队列数:0
当前发送队列缓存的对象数量:0
totalMemory：928514048, use ：759125984, free ：169388064DirectMemory：1827143680, 恢复 ：1
当前时间 ：2026-07-26 21:42:08send keng：-1, sheng ：4194304
decode keng：-1, sheng ：2097152
world keng：16, sheng ：1048576

2026-07-26 21:42:13.321 INFO [pool-6-thread-9][:] - /****************流量统计******************/
LastReadBytes:0
LastReadThroughput:0
LastWrittenBytes:0
LastWriteThroughput:0
RealWrittenBytes:0
RealWriteThroughput:0
当前玩家的连接数量:0
当前地图的线程个数：9
当前地图的个数:47
当前数据库执行队列数:0
当前发送队列缓存的对象数量:0
totalMemory：877658112, use ：399056096, free ：478602016DirectMemory：1827143680, 恢复 ：1
当前时间 ：2026-07-26 21:42:13send keng：-1, sheng ：4194304
decode keng：-1, sheng ：2097152
world keng：16, sheng ：1048576

2026-07-26 21:42:18.321 INFO [pool-6-thread-6][:] - /****************流量统计******************/
LastReadBytes:0
LastReadThroughput:0
LastWrittenBytes:0
LastWriteThroughput:0
RealWrittenBytes:0
RealWriteThroughput:0
当前玩家的连接数量:0
当前地图的线程个数：9
当前地图的个数:47
当前数据库执行队列数:0
当前发送队列缓存的对象数量:0
totalMemory：877658112, use ：399558080, free ：478100032DirectMemory：1827143680, 恢复 ：1
当前时间 ：2026-07-26 21:42:18send keng：-1, sheng ：4194304
decode keng：-1, sheng ：2097152
world keng：16, sheng ：1048576

2026-07-26 21:42:23.321 INFO [pool-6-thread-4][:] - /****************流量统计******************/
LastReadBytes:0
LastReadThroughput:0
LastWrittenBytes:0
LastWriteThroughput:0
RealWrittenBytes:0
RealWriteThroughput:0
当前玩家的连接数量:0
当前地图的线程个数：9
当前地图的个数:47
当前数据库执行队列数:0
当前发送队列缓存的对象数量:0
totalMemory：877658112, use ：404670304, free ：472987808DirectMemory：1827143680, 恢复 ：1
当前时间 ：2026-07-26 21:42:23send keng：-1, sheng ：4194304
decode keng：-1, sheng ：2097152
world keng：16, sheng ：1048576

2026-07-26 21:42:28.321 INFO [pool-6-thread-9][:] - /****************流量统计******************/
LastReadBytes:0
LastReadThroughput:0
LastWrittenBytes:0
LastWriteThroughput:0
RealWrittenBytes:0
RealWriteThroughput:0
当前玩家的连接数量:0
当前地图的线程个数：9
当前地图的个数:47
当前数据库执行队列数:0
当前发送队列缓存的对象数量:0
totalMemory：877658112, use ：406214952, free ：471443160DirectMemory：1827143680, 恢复 ：1
当前时间 ：2026-07-26 21:42:28send keng：-1, sheng ：4194304
decode keng：-1, sheng ：2097152
world keng：16, sheng ：1048576

2026-07-26 21:42:33.321 INFO [pool-6-thread-3][:] - /****************流量统计******************/
LastReadBytes:0
LastReadThroughput:0
LastWrittenBytes:0
LastWriteThroughput:0
RealWrittenBytes:0
RealWriteThroughput:0
当前玩家的连接数量:0
当前地图的线程个数：9
当前地图的个数:47
当前数据库执行队列数:0
当前发送队列缓存的对象数量:0
totalMemory：877658112, use ：412463512, free ：465194600DirectMemory：1827143680, 恢复 ：1
当前时间 ：2026-07-26 21:42:33send keng：-1, sheng ：4194304
decode keng：-1, sheng ：2097152
world keng：16, sheng ：1048576

2026-07-26 21:42:38.321 INFO [pool-6-thread-6][:] - /****************流量统计******************/
LastReadBytes:0
LastReadThroughput:0
LastWrittenBytes:0
LastWriteThroughput:0
RealWrittenBytes:0
RealWriteThroughput:0
当前玩家的连接数量:0
当前地图的线程个数：9
当前地图的个数:47
当前数据库执行队列数:0
当前发送队列缓存的对象数量:0
totalMemory：877658112, use ：413835824, free ：463822288DirectMemory：1827143680, 恢复 ：1
当前时间 ：2026-07-26 21:42:38send keng：-1, sheng ：4194304
decode keng：-1, sheng ：2097152
world keng：16, sheng ：1048576

2026-07-26 21:42:43.321 INFO [pool-6-thread-8][:] - /****************流量统计******************/
LastReadBytes:0
LastReadThroughput:0
LastWrittenBytes:0
LastWriteThroughput:0
RealWrittenBytes:0
RealWriteThroughput:0
当前玩家的连接数量:0
当前地图的线程个数：9
当前地图的个数:47
当前数据库执行队列数:0
当前发送队列缓存的对象数量:0
totalMemory：877658112, use ：418898296, free ：458759816DirectMemory：1827143680, 恢复 ：1
当前时间 ：2026-07-26 21:42:43send keng：-1, sheng ：4194304
decode keng：-1, sheng ：2097152
world keng：16, sheng ：1048576

2026-07-26 21:42:48.321 INFO [pool-6-thread-5][:] - /****************流量统计******************/
LastReadBytes:0
LastReadThroughput:0
LastWrittenBytes:0
LastWriteThroughput:0
RealWrittenBytes:0
RealWriteThroughput:0
当前玩家的连接数量:0
当前地图的线程个数：9
当前地图的个数:47
当前数据库执行队列数:0
当前发送队列缓存的对象数量:0
totalMemory：877658112, use ：420447872, free ：457210240DirectMemory：1827143680, 恢复 ：1
当前时间 ：2026-07-26 21:42:48send keng：-1, sheng ：4194304
decode keng：-1, sheng ：2097152
world keng：16, sheng ：1048576

2026-07-26 21:42:53.321 INFO [pool-6-thread-8][:] - /****************流量统计******************/
LastReadBytes:0
LastReadThroughput:0
LastWrittenBytes:0
LastWriteThroughput:0
RealWrittenBytes:0
RealWriteThroughput:0
当前玩家的连接数量:0
当前地图的线程个数：9
当前地图的个数:47
当前数据库执行队列数:0
当前发送队列缓存的对象数量:0
totalMemory：877658112, use ：424402496, free ：453255616DirectMemory：1827143680, 恢复 ：1
当前时间 ：2026-07-26 21:42:53send keng：-1, sheng ：4194304
decode keng：-1, sheng ：2097152
world keng：16, sheng ：1048576

2026-07-26 21:42:58.321 INFO [pool-6-thread-5][:] - /****************流量统计******************/
LastReadBytes:0
LastReadThroughput:0
LastWrittenBytes:0
LastWriteThroughput:0
RealWrittenBytes:0
RealWriteThroughput:0
当前玩家的连接数量:0
当前地图的线程个数：9
当前地图的个数:47
当前数据库执行队列数:0
当前发送队列缓存的对象数量:0
totalMemory：877658112, use ：428967208, free ：448690904DirectMemory：1827143680, 恢复 ：1
当前时间 ：2026-07-26 21:42:58send keng：-1, sheng ：4194304
decode keng：-1, sheng ：2097152
world keng：16, sheng ：1048576

2026-07-26 21:43:03.321 INFO [pool-6-thread-1][:] - /****************流量统计******************/
LastReadBytes:0
LastReadThroughput:0
LastWrittenBytes:0
LastWriteThroughput:0
RealWrittenBytes:0
RealWriteThroughput:0
当前玩家的连接数量:0
当前地图的线程个数：9
当前地图的个数:47
当前数据库执行队列数:0
当前发送队列缓存的对象数量:0
totalMemory：877658112, use ：432111800, free ：445546312DirectMemory：1827143680, 恢复 ：1
当前时间 ：2026-07-26 21:43:03send keng：-1, sheng ：4194304
decode keng：-1, sheng ：2097152
world keng：16, sheng ：1048576

2026-07-26 21:43:08.321 INFO [pool-6-thread-8][:] - /****************流量统计******************/
LastReadBytes:0
LastReadThroughput:0
LastWrittenBytes:0
LastWriteThroughput:0
RealWrittenBytes:0
RealWriteThroughput:0
当前玩家的连接数量:0
当前地图的线程个数：9
当前地图的个数:47
当前数据库执行队列数:0
当前发送队列缓存的对象数量:0
totalMemory：877658112, use ：435297008, free ：442361104DirectMemory：1827143680, 恢复 ：1
当前时间 ：2026-07-26 21:43:08send keng：-1, sheng ：4194304
decode keng：-1, sheng ：2097152
world keng：16, sheng ：1048576

2026-07-26 21:43:13.321 INFO [pool-6-thread-6][:] - /****************流量统计******************/
LastReadBytes:0
LastReadThroughput:0
LastWrittenBytes:0
LastWriteThroughput:0
RealWrittenBytes:0
RealWriteThroughput:0
当前玩家的连接数量:0
当前地图的线程个数：9
当前地图的个数:47
当前数据库执行队列数:0
当前发送队列缓存的对象数量:0
totalMemory：877658112, use ：439073456, free ：438584656DirectMemory：1827143680, 恢复 ：1
当前时间 ：2026-07-26 21:43:13send keng：-1, sheng ：4194304
decode keng：-1, sheng ：2097152
world keng：16, sheng ：1048576

2026-07-26 21:43:18.321 INFO [pool-6-thread-7][:] - /****************流量统计******************/
LastReadBytes:0
LastReadThroughput:0
LastWrittenBytes:0
LastWriteThroughput:0
RealWrittenBytes:0
RealWriteThroughput:0
当前玩家的连接数量:0
当前地图的线程个数：9
当前地图的个数:47
当前数据库执行队列数:0
当前发送队列缓存的对象数量:0
totalMemory：877658112, use ：443735176, free ：433922936DirectMemory：1827143680, 恢复 ：1
当前时间 ：2026-07-26 21:43:18send keng：-1, sheng ：4194304
decode keng：-1, sheng ：2097152
world keng：16, sheng ：1048576

2026-07-26 21:43:23.321 INFO [pool-6-thread-2][:] - /****************流量统计******************/
LastReadBytes:0
LastReadThroughput:0
LastWrittenBytes:0
LastWriteThroughput:0
RealWrittenBytes:0
RealWriteThroughput:0
当前玩家的连接数量:0
当前地图的线程个数：9
当前地图的个数:47
当前数据库执行队列数:0
当前发送队列缓存的对象数量:0
totalMemory：877658112, use ：446978312, free ：430679800DirectMemory：1827143680, 恢复 ：1
当前时间 ：2026-07-26 21:43:23send keng：-1, sheng ：4194304
decode keng：-1, sheng ：2097152
world keng：16, sheng ：1048576

2026-07-26 21:43:28.321 INFO [pool-6-thread-5][:] - /****************流量统计******************/
LastReadBytes:0
LastReadThroughput:0
LastWrittenBytes:0
LastWriteThroughput:0
RealWrittenBytes:0
RealWriteThroughput:0
当前玩家的连接数量:0
当前地图的线程个数：9
当前地图的个数:47
当前数据库执行队列数:0
当前发送队列缓存的对象数量:0
totalMemory：877658112, use ：449029808, free ：428628304DirectMemory：1827143680, 恢复 ：1
当前时间 ：2026-07-26 21:43:28send keng：-1, sheng ：4194304
decode keng：-1, sheng ：2097152
world keng：16, sheng ：1048576

2026-07-26 21:43:33.321 INFO [pool-6-thread-3][:] - /****************流量统计******************/
LastReadBytes:0
LastReadThroughput:0
LastWrittenBytes:0
LastWriteThroughput:0
RealWrittenBytes:0
RealWriteThroughput:0
当前玩家的连接数量:0
当前地图的线程个数：9
当前地图的个数:47
当前数据库执行队列数:0
当前发送队列缓存的对象数量:0
totalMemory：877658112, use ：452785568, free ：424872544DirectMemory：1827143680, 恢复 ：1
当前时间 ：2026-07-26 21:43:33send keng：-1, sheng ：4194304
decode keng：-1, sheng ：2097152
world keng：16, sheng ：1048576

2026-07-26 21:43:38.321 INFO [pool-6-thread-4][:] - /****************流量统计******************/
LastReadBytes:0
LastReadThroughput:0
LastWrittenBytes:0
LastWriteThroughput:0
RealWrittenBytes:0
RealWriteThroughput:0
当前玩家的连接数量:0
当前地图的线程个数：9
当前地图的个数:47
当前数据库执行队列数:0
当前发送队列缓存的对象数量:0
totalMemory：877658112, use ：455631968, free ：422026144DirectMemory：1827143680, 恢复 ：1
当前时间 ：2026-07-26 21:43:38send keng：-1, sheng ：4194304
decode keng：-1, sheng ：2097152
world keng：16, sheng ：1048576

2026-07-26 21:43:43.321 INFO [pool-6-thread-9][:] - /****************流量统计******************/
LastReadBytes:0
LastReadThroughput:0
LastWrittenBytes:0
LastWriteThroughput:0
RealWrittenBytes:0
RealWriteThroughput:0
当前玩家的连接数量:0
当前地图的线程个数：9
当前地图的个数:47
当前数据库执行队列数:0
当前发送队列缓存的对象数量:0
totalMemory：877658112, use ：460774808, free ：416883304DirectMemory：1827143680, 恢复 ：1
当前时间 ：2026-07-26 21:43:43send keng：-1, sheng ：4194304
decode keng：-1, sheng ：2097152
world keng：16, sheng ：1048576

2026-07-26 21:43:48.321 INFO [pool-6-thread-8][:] - /****************流量统计******************/
LastReadBytes:0
LastReadThroughput:0
LastWrittenBytes:0
LastWriteThroughput:0
RealWrittenBytes:0
RealWriteThroughput:0
当前玩家的连接数量:0
当前地图的线程个数：9
当前地图的个数:47
当前数据库执行队列数:0
当前发送队列缓存的对象数量:0
totalMemory：877658112, use ：462858192, free ：414799920DirectMemory：1827143680, 恢复 ：1
当前时间 ：2026-07-26 21:43:48send keng：-1, sheng ：4194304
decode keng：-1, sheng ：2097152
world keng：16, sheng ：1048576

2026-07-26 21:43:53.321 INFO [pool-6-thread-8][:] - /****************流量统计******************/
LastReadBytes:0
LastReadThroughput:0
LastWrittenBytes:0
LastWriteThroughput:0
RealWrittenBytes:0
RealWriteThroughput:0
当前玩家的连接数量:0
当前地图的线程个数：9
当前地图的个数:47
当前数据库执行队列数:0
当前发送队列缓存的对象数量:0
totalMemory：877658112, use ：467660168, free ：409997944DirectMemory：1827143680, 恢复 ：1
当前时间 ：2026-07-26 21:43:53send keng：-1, sheng ：4194304
decode keng：-1, sheng ：2097152
world keng：16, sheng ：1048576

2026-07-26 21:43:58.321 INFO [pool-6-thread-8][:] - /****************流量统计******************/
LastReadBytes:0
LastReadThroughput:0
LastWrittenBytes:0
LastWriteThroughput:0
RealWrittenBytes:0
RealWriteThroughput:0
当前玩家的连接数量:0
当前地图的线程个数：9
当前地图的个数:47
当前数据库执行队列数:0
当前发送队列缓存的对象数量:0
totalMemory：877658112, use ：470447360, free ：407210752DirectMemory：1827143680, 恢复 ：1
当前时间 ：2026-07-26 21:43:58send keng：-1, sheng ：4194304
decode keng：-1, sheng ：2097152
world keng：16, sheng ：1048576

2026-07-26 21:44:03.321 INFO [pool-6-thread-6][:] - /****************流量统计******************/
LastReadBytes:0
LastReadThroughput:0
LastWrittenBytes:0
LastWriteThroughput:0
RealWrittenBytes:0
RealWriteThroughput:0
当前玩家的连接数量:0
当前地图的线程个数：9
当前地图的个数:47
当前数据库执行队列数:0
当前发送队列缓存的对象数量:0
totalMemory：877658112, use ：474737856, free ：402920256DirectMemory：1827143680, 恢复 ：1
当前时间 ：2026-07-26 21:44:03send keng：-1, sheng ：4194304
decode keng：-1, sheng ：2097152
world keng：16, sheng ：1048576

2026-07-26 21:44:08.321 INFO [pool-6-thread-2][:] - /****************流量统计******************/
LastReadBytes:0
LastReadThroughput:0
LastWrittenBytes:0
LastWriteThroughput:0
RealWrittenBytes:0
RealWriteThroughput:0
当前玩家的连接数量:0
当前地图的线程个数：9
当前地图的个数:47
当前数据库执行队列数:0
当前发送队列缓存的对象数量:0
totalMemory：877658112, use ：477850408, free ：399807704DirectMemory：1827143680, 恢复 ：1
当前时间 ：2026-07-26 21:44:08send keng：-1, sheng ：4194304
decode keng：-1, sheng ：2097152
world keng：16, sheng ：1048576

2026-07-26 21:44:13.321 INFO [pool-6-thread-10][:] - /****************流量统计******************/
LastReadBytes:0
LastReadThroughput:0
LastWrittenBytes:0
LastWriteThroughput:0
RealWrittenBytes:0
RealWriteThroughput:0
当前玩家的连接数量:0
当前地图的线程个数：9
当前地图的个数:47
当前数据库执行队列数:0
当前发送队列缓存的对象数量:0
totalMemory：877658112, use ：481004176, free ：396653936DirectMemory：1827143680, 恢复 ：1
当前时间 ：2026-07-26 21:44:13send keng：-1, sheng ：4194304
decode keng：-1, sheng ：2097152
world keng：16, sheng ：1048576

2026-07-26 21:44:18.321 INFO [pool-6-thread-4][:] - /****************流量统计******************/
LastReadBytes:0
LastReadThroughput:0
LastWrittenBytes:0
LastWriteThroughput:0
RealWrittenBytes:0
RealWriteThroughput:0
当前玩家的连接数量:0
当前地图的线程个数：9
当前地图的个数:47
当前数据库执行队列数:0
当前发送队列缓存的对象数量:0
totalMemory：877658112, use ：483092672, free ：394565440DirectMemory：1827143680, 恢复 ：1
当前时间 ：2026-07-26 21:44:18send keng：-1, sheng ：4194304
decode keng：-1, sheng ：2097152
world keng：16, sheng ：1048576

2026-07-26 21:44:23.321 INFO [pool-6-thread-3][:] - /****************流量统计******************/
LastReadBytes:0
LastReadThroughput:0
LastWrittenBytes:0
LastWriteThroughput:0
RealWrittenBytes:0
RealWriteThroughput:0
当前玩家的连接数量:0
当前地图的线程个数：9
当前地图的个数:47
当前数据库执行队列数:0
当前发送队列缓存的对象数量:0
totalMemory：877658112, use ：487992872, free ：389665240DirectMemory：1827143680, 恢复 ：1
当前时间 ：2026-07-26 21:44:23send keng：-1, sheng ：4194304
decode keng：-1, sheng ：2097152
world keng：16, sheng ：1048576

2026-07-26 21:44:28.321 INFO [pool-6-thread-4][:] - /****************流量统计******************/
LastReadBytes:0
LastReadThroughput:0
LastWrittenBytes:0
LastWriteThroughput:0
RealWrittenBytes:0
RealWriteThroughput:0
当前玩家的连接数量:0
当前地图的线程个数：9
当前地图的个数:47
当前数据库执行队列数:0
当前发送队列缓存的对象数量:0
totalMemory：877658112, use ：491600528, free ：386057584DirectMemory：1827143680, 恢复 ：1
当前时间 ：2026-07-26 21:44:28send keng：-1, sheng ：4194304
decode keng：-1, sheng ：2097152
world keng：16, sheng ：1048576

2026-07-26 21:44:33.321 INFO [pool-6-thread-4][:] - /****************流量统计******************/
LastReadBytes:0
LastReadThroughput:0
LastWrittenBytes:0
LastWriteThroughput:0
RealWrittenBytes:0
RealWriteThroughput:0
当前玩家的连接数量:0
当前地图的线程个数：9
当前地图的个数:47
当前数据库执行队列数:0
当前发送队列缓存的对象数量:0
totalMemory：877658112, use ：495170400, free ：382487712DirectMemory：1827143680, 恢复 ：1
当前时间 ：2026-07-26 21:44:33send keng：-1, sheng ：4194304
decode keng：-1, sheng ：2097152
world keng：16, sheng ：1048576

2026-07-26 21:44:38.321 INFO [pool-6-thread-8][:] - /****************流量统计******************/
LastReadBytes:0
LastReadThroughput:0
LastWrittenBytes:0
LastWriteThroughput:0
RealWrittenBytes:0
RealWriteThroughput:0
当前玩家的连接数量:0
当前地图的线程个数：9
当前地图的个数:47
当前数据库执行队列数:0
当前发送队列缓存的对象数量:0
totalMemory：877658112, use ：498180072, free ：379478040DirectMemory：1827143680, 恢复 ：1
当前时间 ：2026-07-26 21:44:38send keng：-1, sheng ：4194304
decode keng：-1, sheng ：2097152
world keng：16, sheng ：1048576

2026-07-26 21:44:43.321 INFO [pool-6-thread-6][:] - /****************流量统计******************/
LastReadBytes:0
LastReadThroughput:0
LastWrittenBytes:0
LastWriteThroughput:0
RealWrittenBytes:0
RealWriteThroughput:0
当前玩家的连接数量:0
当前地图的线程个数：9
当前地图的个数:47
当前数据库执行队列数:0
当前发送队列缓存的对象数量:0
totalMemory：877658112, use ：501376840, free ：376281272DirectMemory：1827143680, 恢复 ：1
当前时间 ：2026-07-26 21:44:43send keng：-1, sheng ：4194304
decode keng：-1, sheng ：2097152
world keng：16, sheng ：1048576

2026-07-26 21:44:48.321 INFO [pool-6-thread-1][:] - /****************流量统计******************/
LastReadBytes:0
LastReadThroughput:0
LastWrittenBytes:0
LastWriteThroughput:0
RealWrittenBytes:0
RealWriteThroughput:0
当前玩家的连接数量:0
当前地图的线程个数：9
当前地图的个数:47
当前数据库执行队列数:0
当前发送队列缓存的对象数量:0
totalMemory：877658112, use ：507039360, free ：370618752DirectMemory：1827143680, 恢复 ：1
当前时间 ：2026-07-26 21:44:48send keng：-1, sheng ：4194304
decode keng：-1, sheng ：2097152
world keng：16, sheng ：1048576

2026-07-26 21:44:53.321 INFO [pool-6-thread-1][:] - /****************流量统计******************/
LastReadBytes:0
LastReadThroughput:0
LastWrittenBytes:0
LastWriteThroughput:0
RealWrittenBytes:0
RealWriteThroughput:0
当前玩家的连接数量:0
当前地图的线程个数：9
当前地图的个数:47
当前数据库执行队列数:0
当前发送队列缓存的对象数量:0
totalMemory：877658112, use ：509911024, free ：367747088DirectMemory：1827143680, 恢复 ：1
当前时间 ：2026-07-26 21:44:53send keng：-1, sheng ：4194304
decode keng：-1, sheng ：2097152
world keng：16, sheng ：1048576

2026-07-26 21:44:58.321 INFO [pool-6-thread-3][:] - /****************流量统计******************/
LastReadBytes:0
LastReadThroughput:0
LastWrittenBytes:0
LastWriteThroughput:0
RealWrittenBytes:0
RealWriteThroughput:0
当前玩家的连接数量:0
当前地图的线程个数：9
当前地图的个数:47
当前数据库执行队列数:0
当前发送队列缓存的对象数量:0
totalMemory：877658112, use ：513385336, free ：364272776DirectMemory：1827143680, 恢复 ：1
当前时间 ：2026-07-26 21:44:58send keng：-1, sheng ：4194304
decode keng：-1, sheng ：2097152
world keng：16, sheng ：1048576

2026-07-26 21:45:03.321 INFO [pool-6-thread-6][:] - /****************流量统计******************/
LastReadBytes:0
LastReadThroughput:0
LastWrittenBytes:0
LastWriteThroughput:0
RealWrittenBytes:0
RealWriteThroughput:0
当前玩家的连接数量:0
当前地图的线程个数：9
当前地图的个数:47
当前数据库执行队列数:0
当前发送队列缓存的对象数量:0
totalMemory：877658112, use ：515738968, free ：361919144DirectMemory：1827143680, 恢复 ：1
当前时间 ：2026-07-26 21:45:03send keng：-1, sheng ：4194304
decode keng：-1, sheng ：2097152
world keng：16, sheng ：1048576

2026-07-26 21:45:08.321 INFO [pool-6-thread-9][:] - /****************流量统计******************/
LastReadBytes:0
LastReadThroughput:0
LastWrittenBytes:0
LastWriteThroughput:0
RealWrittenBytes:0
RealWriteThroughput:0
当前玩家的连接数量:0
当前地图的线程个数：9
当前地图的个数:47
当前数据库执行队列数:0
当前发送队列缓存的对象数量:0
totalMemory：877658112, use ：519783568, free ：357874544DirectMemory：1827143680, 恢复 ：1
当前时间 ：2026-07-26 21:45:08send keng：-1, sheng ：4194304
decode keng：-1, sheng ：2097152
world keng：16, sheng ：1048576

2026-07-26 21:45:13.321 INFO [pool-6-thread-9][:] - /****************流量统计******************/
LastReadBytes:0
LastReadThroughput:0
LastWrittenBytes:0
LastWriteThroughput:0
RealWrittenBytes:0
RealWriteThroughput:0
当前玩家的连接数量:0
当前地图的线程个数：9
当前地图的个数:47
当前数据库执行队列数:0
当前发送队列缓存的对象数量:0
totalMemory：877658112, use ：524210344, free ：353447768DirectMemory：1827143680, 恢复 ：1
当前时间 ：2026-07-26 21:45:13send keng：-1, sheng ：4194304
decode keng：-1, sheng ：2097152
world keng：16, sheng ：1048576

2026-07-26 21:45:18.321 INFO [pool-6-thread-5][:] - /****************流量统计******************/
LastReadBytes:0
LastReadThroughput:0
LastWrittenBytes:0
LastWriteThroughput:0
RealWrittenBytes:0
RealWriteThroughput:0
当前玩家的连接数量:0
当前地图的线程个数：9
当前地图的个数:47
当前数据库执行队列数:0
当前发送队列缓存的对象数量:0
totalMemory：877658112, use ：526686344, free ：350971768DirectMemory：1827143680, 恢复 ：1
当前时间 ：2026-07-26 21:45:18send keng：-1, sheng ：4194304
decode keng：-1, sheng ：2097152
world keng：16, sheng ：1048576

2026-07-26 21:45:23.321 INFO [pool-6-thread-4][:] - /****************流量统计******************/
LastReadBytes:0
LastReadThroughput:0
LastWrittenBytes:0
LastWriteThroughput:0
RealWrittenBytes:0
RealWriteThroughput:0
当前玩家的连接数量:0
当前地图的线程个数：9
当前地图的个数:47
当前数据库执行队列数:0
当前发送队列缓存的对象数量:0
totalMemory：877658112, use ：530177952, free ：347480160DirectMemory：1827143680, 恢复 ：1
当前时间 ：2026-07-26 21:45:23send keng：-1, sheng ：4194304
decode keng：-1, sheng ：2097152
world keng：16, sheng ：1048576

2026-07-26 21:45:28.321 INFO [pool-6-thread-5][:] - /****************流量统计******************/
LastReadBytes:0
LastReadThroughput:0
LastWrittenBytes:0
LastWriteThroughput:0
RealWrittenBytes:0
RealWriteThroughput:0
当前玩家的连接数量:0
当前地图的线程个数：9
当前地图的个数:47
当前数据库执行队列数:0
当前发送队列缓存的对象数量:0
totalMemory：877658112, use ：533585728, free ：344072384DirectMemory：1827143680, 恢复 ：1
当前时间 ：2026-07-26 21:45:28send keng：-1, sheng ：4194304
decode keng：-1, sheng ：2097152
world keng：16, sheng ：1048576

2026-07-26 21:45:33.321 INFO [pool-6-thread-3][:] - /****************流量统计******************/
LastReadBytes:0
LastReadThroughput:0
LastWrittenBytes:0
LastWriteThroughput:0
RealWrittenBytes:0
RealWriteThroughput:0
当前玩家的连接数量:0
当前地图的线程个数：9
当前地图的个数:47
当前数据库执行队列数:0
当前发送队列缓存的对象数量:0
totalMemory：877658112, use ：537599816, free ：340058296DirectMemory：1827143680, 恢复 ：1
当前时间 ：2026-07-26 21:45:33send keng：-1, sheng ：4194304
decode keng：-1, sheng ：2097152
world keng：16, sheng ：1048576

2026-07-26 21:45:38.321 INFO [pool-6-thread-2][:] - /****************流量统计******************/
LastReadBytes:0
LastReadThroughput:0
LastWrittenBytes:0
LastWriteThroughput:0
RealWrittenBytes:0
RealWriteThroughput:0
当前玩家的连接数量:0
当前地图的线程个数：9
当前地图的个数:47
当前数据库执行队列数:0
当前发送队列缓存的对象数量:0
totalMemory：877658112, use ：540756464, free ：336901648DirectMemory：1827143680, 恢复 ：1
当前时间 ：2026-07-26 21:45:38send keng：-1, sheng ：4194304
decode keng：-1, sheng ：2097152
world keng：16, sheng ：1048576

2026-07-26 21:45:43.321 INFO [pool-6-thread-1][:] - /****************流量统计******************/
LastReadBytes:0
LastReadThroughput:0
LastWrittenBytes:0
LastWriteThroughput:0
RealWrittenBytes:0
RealWriteThroughput:0
当前玩家的连接数量:0
当前地图的线程个数：9
当前地图的个数:47
当前数据库执行队列数:0
当前发送队列缓存的对象数量:0
totalMemory：877658112, use ：544398680, free ：333259432DirectMemory：1827143680, 恢复 ：1
当前时间 ：2026-07-26 21:45:43send keng：-1, sheng ：4194304
decode keng：-1, sheng ：2097152
world keng：16, sheng ：1048576

2026-07-26 21:45:48.321 INFO [pool-6-thread-9][:] - /****************流量统计******************/
LastReadBytes:0
LastReadThroughput:0
LastWrittenBytes:0
LastWriteThroughput:0
RealWrittenBytes:0
RealWriteThroughput:0
当前玩家的连接数量:0
当前地图的线程个数：9
当前地图的个数:47
当前数据库执行队列数:0
当前发送队列缓存的对象数量:0
totalMemory：877658112, use ：547386296, free ：330271816DirectMemory：1827143680, 恢复 ：1
当前时间 ：2026-07-26 21:45:48send keng：-1, sheng ：4194304
decode keng：-1, sheng ：2097152
world keng：16, sheng ：1048576

2026-07-26 21:45:53.321 INFO [pool-6-thread-7][:] - /****************流量统计******************/
LastReadBytes:0
LastReadThroughput:0
LastWrittenBytes:0
LastWriteThroughput:0
RealWrittenBytes:0
RealWriteThroughput:0
当前玩家的连接数量:0
当前地图的线程个数：9
当前地图的个数:47
当前数据库执行队列数:0
当前发送队列缓存的对象数量:0
totalMemory：877658112, use ：551216680, free ：326441432DirectMemory：1827143680, 恢复 ：1
当前时间 ：2026-07-26 21:45:53send keng：-1, sheng ：4194304
decode keng：-1, sheng ：2097152
world keng：16, sheng ：1048576

2026-07-26 21:45:58.321 INFO [pool-6-thread-4][:] - /****************流量统计******************/
LastReadBytes:0
LastReadThroughput:0
LastWrittenBytes:0
LastWriteThroughput:0
RealWrittenBytes:0
RealWriteThroughput:0
当前玩家的连接数量:0
当前地图的线程个数：9
当前地图的个数:47
当前数据库执行队列数:0
当前发送队列缓存的对象数量:0
totalMemory：877658112, use ：555541192, free ：322116920DirectMemory：1827143680, 恢复 ：1
当前时间 ：2026-07-26 21:45:58send keng：-1, sheng ：4194304
decode keng：-1, sheng ：2097152
world keng：16, sheng ：1048576

2026-07-26 21:46:03.321 INFO [pool-6-thread-8][:] - /****************流量统计******************/
LastReadBytes:0
LastReadThroughput:0
LastWrittenBytes:0
LastWriteThroughput:0
RealWrittenBytes:0
RealWriteThroughput:0
当前玩家的连接数量:0
当前地图的线程个数：9
当前地图的个数:47
当前数据库执行队列数:0
当前发送队列缓存的对象数量:0
totalMemory：877658112, use ：558796520, free ：318861592DirectMemory：1827143680, 恢复 ：1
当前时间 ：2026-07-26 21:46:03send keng：-1, sheng ：4194304
decode keng：-1, sheng ：2097152
world keng：16, sheng ：1048576

2026-07-26 21:46:08.321 INFO [pool-6-thread-1][:] - /****************流量统计******************/
LastReadBytes:0
LastReadThroughput:0
LastWrittenBytes:0
LastWriteThroughput:0
RealWrittenBytes:0
RealWriteThroughput:0
当前玩家的连接数量:0
当前地图的线程个数：9
当前地图的个数:47
当前数据库执行队列数:0
当前发送队列缓存的对象数量:0
totalMemory：877658112, use ：561312152, free ：316345960DirectMemory：1827143680, 恢复 ：1
当前时间 ：2026-07-26 21:46:08send keng：-1, sheng ：4194304
decode keng：-1, sheng ：2097152
world keng：16, sheng ：1048576

2026-07-26 21:46:13.321 INFO [pool-6-thread-3][:] - /****************流量统计******************/
LastReadBytes:0
LastReadThroughput:0
LastWrittenBytes:0
LastWriteThroughput:0
RealWrittenBytes:0
RealWriteThroughput:0
当前玩家的连接数量:0
当前地图的线程个数：9
当前地图的个数:47
当前数据库执行队列数:0
当前发送队列缓存的对象数量:0
totalMemory：877658112, use ：564932448, free ：312725664DirectMemory：1827143680, 恢复 ：1
当前时间 ：2026-07-26 21:46:13send keng：-1, sheng ：4194304
decode keng：-1, sheng ：2097152
world keng：16, sheng ：1048576

2026-07-26 21:46:18.321 INFO [pool-6-thread-10][:] - /****************流量统计******************/
LastReadBytes:0
LastReadThroughput:0
LastWrittenBytes:0
LastWriteThroughput:0
RealWrittenBytes:0
RealWriteThroughput:0
当前玩家的连接数量:0
当前地图的线程个数：9
当前地图的个数:47
当前数据库执行队列数:0
当前发送队列缓存的对象数量:0
totalMemory：877658112, use ：568810216, free ：308847896DirectMemory：1827143680, 恢复 ：1
当前时间 ：2026-07-26 21:46:18send keng：-1, sheng ：4194304
decode keng：-1, sheng ：2097152
world keng：16, sheng ：1048576

2026-07-26 21:46:23.321 INFO [pool-6-thread-1][:] - /****************流量统计******************/
LastReadBytes:0
LastReadThroughput:0
LastWrittenBytes:0
LastWriteThroughput:0
RealWrittenBytes:0
RealWriteThroughput:0
当前玩家的连接数量:0
当前地图的线程个数：9
当前地图的个数:47
当前数据库执行队列数:0
当前发送队列缓存的对象数量:0
totalMemory：877658112, use ：573030576, free ：304627536DirectMemory：1827143680, 恢复 ：1
当前时间 ：2026-07-26 21:46:23send keng：-1, sheng ：4194304
decode keng：-1, sheng ：2097152
world keng：16, sheng ：1048576

2026-07-26 21:46:28.321 INFO [pool-6-thread-3][:] - /****************流量统计******************/
LastReadBytes:0
LastReadThroughput:0
LastWrittenBytes:0
LastWriteThroughput:0
RealWrittenBytes:0
RealWriteThroughput:0
当前玩家的连接数量:0
当前地图的线程个数：9
当前地图的个数:47
当前数据库执行队列数:0
当前发送队列缓存的对象数量:0
totalMemory：877658112, use ：576055992, free ：301602120DirectMemory：1827143680, 恢复 ：1
当前时间 ：2026-07-26 21:46:28send keng：-1, sheng ：4194304
decode keng：-1, sheng ：2097152
world keng：16, sheng ：1048576

2026-07-26 21:46:33.321 INFO [pool-6-thread-5][:] - /****************流量统计******************/
LastReadBytes:0
LastReadThroughput:0
LastWrittenBytes:0
LastWriteThroughput:0
RealWrittenBytes:0
RealWriteThroughput:0
当前玩家的连接数量:0
当前地图的线程个数：9
当前地图的个数:47
当前数据库执行队列数:0
当前发送队列缓存的对象数量:0
totalMemory：877658112, use ：579123248, free ：298534864DirectMemory：1827143680, 恢复 ：1
当前时间 ：2026-07-26 21:46:33send keng：-1, sheng ：4194304
decode keng：-1, sheng ：2097152
world keng：16, sheng ：1048576

2026-07-26 21:46:38.321 INFO [pool-6-thread-2][:] - /****************流量统计******************/
LastReadBytes:0
LastReadThroughput:0
LastWrittenBytes:0
LastWriteThroughput:0
RealWrittenBytes:0
RealWriteThroughput:0
当前玩家的连接数量:0
当前地图的线程个数：9
当前地图的个数:47
当前数据库执行队列数:0
当前发送队列缓存的对象数量:0
totalMemory：877658112, use ：582841712, free ：294816400DirectMemory：1827143680, 恢复 ：1
当前时间 ：2026-07-26 21:46:38send keng：-1, sheng ：4194304
decode keng：-1, sheng ：2097152
world keng：16, sheng ：1048576

2026-07-26 21:46:43.321 INFO [pool-6-thread-2][:] - /****************流量统计******************/
LastReadBytes:0
LastReadThroughput:0
LastWrittenBytes:0
LastWriteThroughput:0
RealWrittenBytes:0
RealWriteThroughput:0
当前玩家的连接数量:0
当前地图的线程个数：9
当前地图的个数:47
当前数据库执行队列数:0
当前发送队列缓存的对象数量:0
totalMemory：877658112, use ：587245544, free ：290412568DirectMemory：1827143680, 恢复 ：1
当前时间 ：2026-07-26 21:46:43send keng：-1, sheng ：4194304
decode keng：-1, sheng ：2097152
world keng：16, sheng ：1048576

2026-07-26 21:46:48.321 INFO [pool-6-thread-8][:] - /****************流量统计******************/
LastReadBytes:0
LastReadThroughput:0
LastWrittenBytes:0
LastWriteThroughput:0
RealWrittenBytes:0
RealWriteThroughput:0
当前玩家的连接数量:0
当前地图的线程个数：9
当前地图的个数:47
当前数据库执行队列数:0
当前发送队列缓存的对象数量:0
totalMemory：877658112, use ：590285184, free ：287372928DirectMemory：1827143680, 恢复 ：1
当前时间 ：2026-07-26 21:46:48send keng：-1, sheng ：4194304
decode keng：-1, sheng ：2097152
world keng：16, sheng ：1048576

2026-07-26 21:46:53.321 INFO [pool-6-thread-2][:] - /****************流量统计******************/
LastReadBytes:0
LastReadThroughput:0
LastWrittenBytes:0
LastWriteThroughput:0
RealWrittenBytes:0
RealWriteThroughput:0
当前玩家的连接数量:0
当前地图的线程个数：9
当前地图的个数:47
当前数据库执行队列数:0
当前发送队列缓存的对象数量:0
totalMemory：877658112, use ：593394312, free ：284263800DirectMemory：1827143680, 恢复 ：1
当前时间 ：2026-07-26 21:46:53send keng：-1, sheng ：4194304
decode keng：-1, sheng ：2097152
world keng：16, sheng ：1048576

2026-07-26 21:46:58.321 INFO [pool-6-thread-10][:] - /****************流量统计******************/
LastReadBytes:0
LastReadThroughput:0
LastWrittenBytes:0
LastWriteThroughput:0
RealWrittenBytes:0
RealWriteThroughput:0
当前玩家的连接数量:0
当前地图的线程个数：9
当前地图的个数:47
当前数据库执行队列数:0
当前发送队列缓存的对象数量:0
totalMemory：877658112, use ：596668664, free ：280989448DirectMemory：1827143680, 恢复 ：1
当前时间 ：2026-07-26 21:46:58send keng：-1, sheng ：4194304
decode keng：-1, sheng ：2097152
world keng：16, sheng ：1048576

2026-07-26 21:47:03.321 INFO [pool-6-thread-2][:] - /****************流量统计******************/
LastReadBytes:0
LastReadThroughput:0
LastWrittenBytes:0
LastWriteThroughput:0
RealWrittenBytes:0
RealWriteThroughput:0
当前玩家的连接数量:0
当前地图的线程个数：9
当前地图的个数:47
当前数据库执行队列数:0
当前发送队列缓存的对象数量:0
totalMemory：877658112, use ：601067376, free ：276590736DirectMemory：1827143680, 恢复 ：1
当前时间 ：2026-07-26 21:47:03send keng：-1, sheng ：4194304
decode keng：-1, sheng ：2097152
world keng：16, sheng ：1048576

2026-07-26 21:47:08.321 INFO [pool-6-thread-9][:] - /****************流量统计******************/
LastReadBytes:0
LastReadThroughput:0
LastWrittenBytes:0
LastWriteThroughput:0
RealWrittenBytes:0
RealWriteThroughput:0
当前玩家的连接数量:0
当前地图的线程个数：9
当前地图的个数:47
当前数据库执行队列数:0
当前发送队列缓存的对象数量:0
totalMemory：877658112, use ：605048992, free ：272609120DirectMemory：1827143680, 恢复 ：1
当前时间 ：2026-07-26 21:47:08send keng：-1, sheng ：4194304
decode keng：-1, sheng ：2097152
world keng：16, sheng ：1048576

2026-07-26 21:47:13.321 INFO [pool-6-thread-6][:] - /****************流量统计******************/
LastReadBytes:0
LastReadThroughput:0
LastWrittenBytes:0
LastWriteThroughput:0
RealWrittenBytes:0
RealWriteThroughput:0
当前玩家的连接数量:0
当前地图的线程个数：9
当前地图的个数:47
当前数据库执行队列数:0
当前发送队列缓存的对象数量:0
totalMemory：877658112, use ：608638128, free ：269019984DirectMemory：1827143680, 恢复 ：1
当前时间 ：2026-07-26 21:47:13send keng：-1, sheng ：4194304
decode keng：-1, sheng ：2097152
world keng：16, sheng ：1048576

2026-07-26 21:47:18.321 INFO [pool-6-thread-2][:] - /****************流量统计******************/
LastReadBytes:0
LastReadThroughput:0
LastWrittenBytes:0
LastWriteThroughput:0
RealWrittenBytes:0
RealWriteThroughput:0
当前玩家的连接数量:0
当前地图的线程个数：9
当前地图的个数:47
当前数据库执行队列数:0
当前发送队列缓存的对象数量:0
totalMemory：877658112, use ：610751088, free ：266907024DirectMemory：1827143680, 恢复 ：1
当前时间 ：2026-07-26 21:47:18send keng：-1, sheng ：4194304
decode keng：-1, sheng ：2097152
world keng：16, sheng ：1048576

2026-07-26 21:47:23.321 INFO [pool-6-thread-8][:] - /****************流量统计******************/
LastReadBytes:0
LastReadThroughput:0
LastWrittenBytes:0
LastWriteThroughput:0
RealWrittenBytes:0
RealWriteThroughput:0
当前玩家的连接数量:0
当前地图的线程个数：9
当前地图的个数:47
当前数据库执行队列数:0
当前发送队列缓存的对象数量:0
totalMemory：877658112, use ：615189608, free ：262468504DirectMemory：1827143680, 恢复 ：1
当前时间 ：2026-07-26 21:47:23send keng：-1, sheng ：4194304
decode keng：-1, sheng ：2097152
world keng：16, sheng ：1048576

2026-07-26 21:47:28.321 INFO [pool-6-thread-7][:] - /****************流量统计******************/
LastReadBytes:0
LastReadThroughput:0
LastWrittenBytes:0
LastWriteThroughput:0
RealWrittenBytes:0
RealWriteThroughput:0
当前玩家的连接数量:0
当前地图的线程个数：9
当前地图的个数:47
当前数据库执行队列数:0
当前发送队列缓存的对象数量:0
totalMemory：877658112, use ：618697696, free ：258960416DirectMemory：1827143680, 恢复 ：1
当前时间 ：2026-07-26 21:47:28send keng：-1, sheng ：4194304
decode keng：-1, sheng ：2097152
world keng：16, sheng ：1048576

2026-07-26 21:47:33.321 INFO [pool-6-thread-1][:] - /****************流量统计******************/
LastReadBytes:0
LastReadThroughput:0
LastWrittenBytes:0
LastWriteThroughput:0
RealWrittenBytes:0
RealWriteThroughput:0
当前玩家的连接数量:0
当前地图的线程个数：9
当前地图的个数:47
当前数据库执行队列数:0
当前发送队列缓存的对象数量:0
totalMemory：877658112, use ：621380696, free ：256277416DirectMemory：1827143680, 恢复 ：1
当前时间 ：2026-07-26 21:47:33send keng：-1, sheng ：4194304
decode keng：-1, sheng ：2097152
world keng：16, sheng ：1048576

2026-07-26 21:47:38.321 INFO [pool-6-thread-3][:] - /****************流量统计******************/
LastReadBytes:0
LastReadThroughput:0
LastWrittenBytes:0
LastWriteThroughput:0
RealWrittenBytes:0
RealWriteThroughput:0
当前玩家的连接数量:0
当前地图的线程个数：9
当前地图的个数:47
当前数据库执行队列数:0
当前发送队列缓存的对象数量:0
totalMemory：877658112, use ：624826168, free ：252831944DirectMemory：1827143680, 恢复 ：1
当前时间 ：2026-07-26 21:47:38send keng：-1, sheng ：4194304
decode keng：-1, sheng ：2097152
world keng：16, sheng ：1048576

2026-07-26 21:47:43.321 INFO [pool-6-thread-5][:] - /****************流量统计******************/
LastReadBytes:0
LastReadThroughput:0
LastWrittenBytes:0
LastWriteThroughput:0
RealWrittenBytes:0
RealWriteThroughput:0
当前玩家的连接数量:0
当前地图的线程个数：9
当前地图的个数:47
当前数据库执行队列数:0
当前发送队列缓存的对象数量:0
totalMemory：877658112, use ：627876320, free ：249781792DirectMemory：1827143680, 恢复 ：1
当前时间 ：2026-07-26 21:47:43send keng：-1, sheng ：4194304
decode keng：-1, sheng ：2097152
world keng：16, sheng ：1048576

2026-07-26 21:47:48.321 INFO [pool-6-thread-8][:] - /****************流量统计******************/
LastReadBytes:0
LastReadThroughput:0
LastWrittenBytes:0
LastWriteThroughput:0
RealWrittenBytes:0
RealWriteThroughput:0
当前玩家的连接数量:0
当前地图的线程个数：9
当前地图的个数:47
当前数据库执行队列数:0
当前发送队列缓存的对象数量:0
totalMemory：877658112, use ：632732600, free ：244925512DirectMemory：1827143680, 恢复 ：1
当前时间 ：2026-07-26 21:47:48send keng：-1, sheng ：4194304
decode keng：-1, sheng ：2097152
world keng：16, sheng ：1048576

2026-07-26 21:47:53.321 INFO [pool-6-thread-3][:] - /****************流量统计******************/
LastReadBytes:0
LastReadThroughput:0
LastWrittenBytes:0
LastWriteThroughput:0
RealWrittenBytes:0
RealWriteThroughput:0
当前玩家的连接数量:0
当前地图的线程个数：9
当前地图的个数:47
当前数据库执行队列数:0
当前发送队列缓存的对象数量:0
totalMemory：877658112, use ：635574392, free ：242083720DirectMemory：1827143680, 恢复 ：1
当前时间 ：2026-07-26 21:47:53send keng：-1, sheng ：4194304
decode keng：-1, sheng ：2097152
world keng：16, sheng ：1048576

2026-07-26 21:47:58.321 INFO [pool-6-thread-10][:] - /****************流量统计******************/
LastReadBytes:0
LastReadThroughput:0
LastWrittenBytes:0
LastWriteThroughput:0
RealWrittenBytes:0
RealWriteThroughput:0
当前玩家的连接数量:0
当前地图的线程个数：9
当前地图的个数:47
当前数据库执行队列数:0
当前发送队列缓存的对象数量:0
totalMemory：877658112, use ：638710888, free ：238947224DirectMemory：1827143680, 恢复 ：1
当前时间 ：2026-07-26 21:47:58send keng：-1, sheng ：4194304
decode keng：-1, sheng ：2097152
world keng：16, sheng ：1048576

2026-07-26 21:48:03.321 INFO [pool-6-thread-1][:] - /****************流量统计******************/
LastReadBytes:0
LastReadThroughput:0
LastWrittenBytes:0
LastWriteThroughput:0
RealWrittenBytes:0
RealWriteThroughput:0
当前玩家的连接数量:0
当前地图的线程个数：9
当前地图的个数:47
当前数据库执行队列数:0
当前发送队列缓存的对象数量:0
totalMemory：877658112, use ：642419624, free ：235238488DirectMemory：1827143680, 恢复 ：1
当前时间 ：2026-07-26 21:48:03send keng：-1, sheng ：4194304
decode keng：-1, sheng ：2097152
world keng：16, sheng ：1048576

2026-07-26 21:48:08.321 INFO [pool-6-thread-3][:] - /****************流量统计******************/
LastReadBytes:0
LastReadThroughput:0
LastWrittenBytes:0
LastWriteThroughput:0
RealWrittenBytes:0
RealWriteThroughput:0
当前玩家的连接数量:0
当前地图的线程个数：9
当前地图的个数:47
当前数据库执行队列数:0
当前发送队列缓存的对象数量:0
totalMemory：877658112, use ：645764368, free ：231893744DirectMemory：1827143680, 恢复 ：1
当前时间 ：2026-07-26 21:48:08send keng：-1, sheng ：4194304
decode keng：-1, sheng ：2097152
world keng：16, sheng ：1048576

2026-07-26 21:48:13.321 INFO [pool-6-thread-9][:] - /****************流量统计******************/
LastReadBytes:0
LastReadThroughput:0
LastWrittenBytes:0
LastWriteThroughput:0
RealWrittenBytes:0
RealWriteThroughput:0
当前玩家的连接数量:0
当前地图的线程个数：9
当前地图的个数:47
当前数据库执行队列数:0
当前发送队列缓存的对象数量:0
totalMemory：877658112, use ：649993816, free ：227664296DirectMemory：1827143680, 恢复 ：1
当前时间 ：2026-07-26 21:48:13send keng：-1, sheng ：4194304
decode keng：-1, sheng ：2097152
world keng：16, sheng ：1048576

2026-07-26 21:48:18.321 INFO [pool-6-thread-5][:] - /****************流量统计******************/
LastReadBytes:0
LastReadThroughput:0
LastWrittenBytes:0
LastWriteThroughput:0
RealWrittenBytes:0
RealWriteThroughput:0
当前玩家的连接数量:0
当前地图的线程个数：9
当前地图的个数:47
当前数据库执行队列数:0
当前发送队列缓存的对象数量:0
totalMemory：877658112, use ：652408952, free ：225249160DirectMemory：1827143680, 恢复 ：1
当前时间 ：2026-07-26 21:48:18send keng：-1, sheng ：4194304
decode keng：-1, sheng ：2097152
world keng：16, sheng ：1048576

2026-07-26 21:48:23.321 INFO [pool-6-thread-6][:] - /****************流量统计******************/
LastReadBytes:0
LastReadThroughput:0
LastWrittenBytes:0
LastWriteThroughput:0
RealWrittenBytes:0
RealWriteThroughput:0
当前玩家的连接数量:0
当前地图的线程个数：9
当前地图的个数:47
当前数据库执行队列数:0
当前发送队列缓存的对象数量:0
totalMemory：877658112, use ：656709664, free ：220948448DirectMemory：1827143680, 恢复 ：1
当前时间 ：2026-07-26 21:48:23send keng：-1, sheng ：4194304
decode keng：-1, sheng ：2097152
world keng：16, sheng ：1048576

2026-07-26 21:48:28.323 INFO [pool-6-thread-4][:] - /****************流量统计******************/
LastReadBytes:0
LastReadThroughput:0
LastWrittenBytes:0
LastWriteThroughput:0
RealWrittenBytes:0
RealWriteThroughput:0
当前玩家的连接数量:0
当前地图的线程个数：9
当前地图的个数:47
当前数据库执行队列数:0
当前发送队列缓存的对象数量:0
totalMemory：877658112, use ：659146448, free ：218511664DirectMemory：1827143680, 恢复 ：1
当前时间 ：2026-07-26 21:48:28send keng：-1, sheng ：4194304
decode keng：-1, sheng ：2097152
world keng：16, sheng ：1048576

2026-07-26 21:48:33.321 INFO [pool-6-thread-6][:] - /****************流量统计******************/
LastReadBytes:0
LastReadThroughput:0
LastWrittenBytes:0
LastWriteThroughput:0
RealWrittenBytes:0
RealWriteThroughput:0
当前玩家的连接数量:0
当前地图的线程个数：9
当前地图的个数:47
当前数据库执行队列数:0
当前发送队列缓存的对象数量:0
totalMemory：877658112, use ：664967488, free ：212690624DirectMemory：1827143680, 恢复 ：1
当前时间 ：2026-07-26 21:48:33send keng：-1, sheng ：4194304
decode keng：-1, sheng ：2097152
world keng：16, sheng ：1048576

2026-07-26 21:48:38.321 INFO [pool-6-thread-7][:] - /****************流量统计******************/
LastReadBytes:0
LastReadThroughput:0
LastWrittenBytes:0
LastWriteThroughput:0
RealWrittenBytes:0
RealWriteThroughput:0
当前玩家的连接数量:0
当前地图的线程个数：9
当前地图的个数:47
当前数据库执行队列数:0
当前发送队列缓存的对象数量:0
totalMemory：877658112, use ：666319928, free ：211338184DirectMemory：1827143680, 恢复 ：1
当前时间 ：2026-07-26 21:48:38send keng：-1, sheng ：4194304
decode keng：-1, sheng ：2097152
world keng：16, sheng ：1048576

2026-07-26 21:48:43.321 INFO [pool-6-thread-1][:] - /****************流量统计******************/
LastReadBytes:0
LastReadThroughput:0
LastWrittenBytes:0
LastWriteThroughput:0
RealWrittenBytes:0
RealWriteThroughput:0
当前玩家的连接数量:0
当前地图的线程个数：9
当前地图的个数:47
当前数据库执行队列数:0
当前发送队列缓存的对象数量:0
totalMemory：877658112, use ：671258464, free ：206399648DirectMemory：1827143680, 恢复 ：1
当前时间 ：2026-07-26 21:48:43send keng：-1, sheng ：4194304
decode keng：-1, sheng ：2097152
world keng：16, sheng ：1048576

2026-07-26 21:48:48.321 INFO [pool-6-thread-9][:] - /****************流量统计******************/
LastReadBytes:0
LastReadThroughput:0
LastWrittenBytes:0
LastWriteThroughput:0
RealWrittenBytes:0
RealWriteThroughput:0
当前玩家的连接数量:0
当前地图的线程个数：9
当前地图的个数:47
当前数据库执行队列数:0
当前发送队列缓存的对象数量:0
totalMemory：877658112, use ：672842184, free ：204815928DirectMemory：1827143680, 恢复 ：1
当前时间 ：2026-07-26 21:48:48send keng：-1, sheng ：4194304
decode keng：-1, sheng ：2097152
world keng：16, sheng ：1048576

2026-07-26 21:48:53.321 INFO [pool-6-thread-1][:] - /****************流量统计******************/
LastReadBytes:0
LastReadThroughput:0
LastWrittenBytes:0
LastWriteThroughput:0
RealWrittenBytes:0
RealWriteThroughput:0
当前玩家的连接数量:0
当前地图的线程个数：9
当前地图的个数:47
当前数据库执行队列数:0
当前发送队列缓存的对象数量:0
totalMemory：877658112, use ：678376920, free ：199281192DirectMemory：1827143680, 恢复 ：1
当前时间 ：2026-07-26 21:48:53send keng：-1, sheng ：4194304
decode keng：-1, sheng ：2097152
world keng：16, sheng ：1048576

2026-07-26 21:48:58.321 INFO [pool-6-thread-8][:] - /****************流量统计******************/
LastReadBytes:0
LastReadThroughput:0
LastWrittenBytes:0
LastWriteThroughput:0
RealWrittenBytes:0
RealWriteThroughput:0
当前玩家的连接数量:0
当前地图的线程个数：9
当前地图的个数:47
当前数据库执行队列数:0
当前发送队列缓存的对象数量:0
totalMemory：877658112, use ：681464432, free ：196193680DirectMemory：1827143680, 恢复 ：1
当前时间 ：2026-07-26 21:48:58send keng：-1, sheng ：4194304
decode keng：-1, sheng ：2097152
world keng：16, sheng ：1048576

2026-07-26 21:49:03.321 INFO [pool-6-thread-10][:] - /****************流量统计******************/
LastReadBytes:0
LastReadThroughput:0
LastWrittenBytes:0
LastWriteThroughput:0
RealWrittenBytes:0
RealWriteThroughput:0
当前玩家的连接数量:0
当前地图的线程个数：9
当前地图的个数:47
当前数据库执行队列数:0
当前发送队列缓存的对象数量:0
totalMemory：877658112, use ：685749160, free ：191908952DirectMemory：1827143680, 恢复 ：1
当前时间 ：2026-07-26 21:49:03send keng：-1, sheng ：4194304
decode keng：-1, sheng ：2097152
world keng：16, sheng ：1048576

2026-07-26 21:49:08.321 INFO [pool-6-thread-10][:] - /****************流量统计******************/
LastReadBytes:0
LastReadThroughput:0
LastWrittenBytes:0
LastWriteThroughput:0
RealWrittenBytes:0
RealWriteThroughput:0
当前玩家的连接数量:0
当前地图的线程个数：9
当前地图的个数:47
当前数据库执行队列数:0
当前发送队列缓存的对象数量:0
totalMemory：877658112, use ：688212000, free ：189446112DirectMemory：1827143680, 恢复 ：1
当前时间 ：2026-07-26 21:49:08send keng：-1, sheng ：4194304
decode keng：-1, sheng ：2097152
world keng：16, sheng ：1048576

2026-07-26 21:49:13.321 INFO [pool-6-thread-8][:] - /****************流量统计******************/
LastReadBytes:0
LastReadThroughput:0
LastWrittenBytes:0
LastWriteThroughput:0
RealWrittenBytes:0
RealWriteThroughput:0
当前玩家的连接数量:0
当前地图的线程个数：9
当前地图的个数:47
当前数据库执行队列数:0
当前发送队列缓存的对象数量:0
totalMemory：877658112, use ：692119296, free ：185538816DirectMemory：1827143680, 恢复 ：1
当前时间 ：2026-07-26 21:49:13send keng：-1, sheng ：4194304
decode keng：-1, sheng ：2097152
world keng：16, sheng ：1048576

2026-07-26 21:49:18.321 INFO [pool-6-thread-10][:] - /****************流量统计******************/
LastReadBytes:0
LastReadThroughput:0
LastWrittenBytes:0
LastWriteThroughput:0
RealWrittenBytes:0
RealWriteThroughput:0
当前玩家的连接数量:0
当前地图的线程个数：9
当前地图的个数:47
当前数据库执行队列数:0
当前发送队列缓存的对象数量:0
totalMemory：877658112, use ：695788416, free ：181869696DirectMemory：1827143680, 恢复 ：1
当前时间 ：2026-07-26 21:49:18send keng：-1, sheng ：4194304
decode keng：-1, sheng ：2097152
world keng：16, sheng ：1048576

2026-07-26 21:49:23.321 INFO [pool-6-thread-7][:] - /****************流量统计******************/
LastReadBytes:0
LastReadThroughput:0
LastWrittenBytes:0
LastWriteThroughput:0
RealWrittenBytes:0
RealWriteThroughput:0
当前玩家的连接数量:0
当前地图的线程个数：9
当前地图的个数:47
当前数据库执行队列数:0
当前发送队列缓存的对象数量:0
totalMemory：877658112, use ：699973520, free ：177684592DirectMemory：1827143680, 恢复 ：1
当前时间 ：2026-07-26 21:49:23send keng：-1, sheng ：4194304
decode keng：-1, sheng ：2097152
world keng：16, sheng ：1048576

2026-07-26 21:49:28.321 INFO [pool-6-thread-7][:] - /****************流量统计******************/
LastReadBytes:0
LastReadThroughput:0
LastWrittenBytes:0
LastWriteThroughput:0
RealWrittenBytes:0
RealWriteThroughput:0
当前玩家的连接数量:0
当前地图的线程个数：9
当前地图的个数:47
当前数据库执行队列数:0
当前发送队列缓存的对象数量:0
totalMemory：877658112, use ：701602552, free ：176055560DirectMemory：1827143680, 恢复 ：1
当前时间 ：2026-07-26 21:49:28send keng：-1, sheng ：4194304
decode keng：-1, sheng ：2097152
world keng：16, sheng ：1048576

2026-07-26 21:49:33.321 INFO [pool-6-thread-2][:] - /****************流量统计******************/
LastReadBytes:0
LastReadThroughput:0
LastWrittenBytes:0
LastWriteThroughput:0
RealWrittenBytes:0
RealWriteThroughput:0
当前玩家的连接数量:0
当前地图的线程个数：9
当前地图的个数:47
当前数据库执行队列数:0
当前发送队列缓存的对象数量:0
totalMemory：877658112, use ：706215528, free ：171442584DirectMemory：1827143680, 恢复 ：1
当前时间 ：2026-07-26 21:49:33send keng：-1, sheng ：4194304
decode keng：-1, sheng ：2097152
world keng：16, sheng ：1048576

2026-07-26 21:49:38.321 INFO [pool-6-thread-1][:] - /****************流量统计******************/
LastReadBytes:0
LastReadThroughput:0
LastWrittenBytes:0
LastWriteThroughput:0
RealWrittenBytes:0
RealWriteThroughput:0
当前玩家的连接数量:0
当前地图的线程个数：9
当前地图的个数:47
当前数据库执行队列数:0
当前发送队列缓存的对象数量:0
totalMemory：877658112, use ：708693032, free ：168965080DirectMemory：1827143680, 恢复 ：1
当前时间 ：2026-07-26 21:49:38send keng：-1, sheng ：4194304
decode keng：-1, sheng ：2097152
world keng：16, sheng ：1048576

2026-07-26 21:49:43.321 INFO [pool-6-thread-7][:] - /****************流量统计******************/
LastReadBytes:0
LastReadThroughput:0
LastWrittenBytes:0
LastWriteThroughput:0
RealWrittenBytes:0
RealWriteThroughput:0
当前玩家的连接数量:0
当前地图的线程个数：9
当前地图的个数:47
当前数据库执行队列数:0
当前发送队列缓存的对象数量:0
totalMemory：877658112, use ：714239328, free ：163418784DirectMemory：1827143680, 恢复 ：1
当前时间 ：2026-07-26 21:49:43send keng：-1, sheng ：4194304
decode keng：-1, sheng ：2097152
world keng：16, sheng ：1048576

2026-07-26 21:49:48.321 INFO [pool-6-thread-9][:] - /****************流量统计******************/
LastReadBytes:0
LastReadThroughput:0
LastWrittenBytes:0
LastWriteThroughput:0
RealWrittenBytes:0
RealWriteThroughput:0
当前玩家的连接数量:0
当前地图的线程个数：9
当前地图的个数:47
当前数据库执行队列数:0
当前发送队列缓存的对象数量:0
totalMemory：877658112, use ：715321024, free ：162337088DirectMemory：1827143680, 恢复 ：1
当前时间 ：2026-07-26 21:49:48send keng：-1, sheng ：4194304
decode keng：-1, sheng ：2097152
world keng：16, sheng ：1048576

2026-07-26 21:49:53.321 INFO [pool-6-thread-6][:] - /****************流量统计******************/
LastReadBytes:0
LastReadThroughput:0
LastWrittenBytes:0
LastWriteThroughput:0
RealWrittenBytes:0
RealWriteThroughput:0
当前玩家的连接数量:0
当前地图的线程个数：9
当前地图的个数:47
当前数据库执行队列数:0
当前发送队列缓存的对象数量:0
totalMemory：877658112, use ：720287256, free ：157370856DirectMemory：1827143680, 恢复 ：1
当前时间 ：2026-07-26 21:49:53send keng：-1, sheng ：4194304
decode keng：-1, sheng ：2097152
world keng：16, sheng ：1048576

2026-07-26 21:49:58.321 INFO [pool-6-thread-8][:] - /****************流量统计******************/
LastReadBytes:0
LastReadThroughput:0
LastWrittenBytes:0
LastWriteThroughput:0
RealWrittenBytes:0
RealWriteThroughput:0
当前玩家的连接数量:0
当前地图的线程个数：9
当前地图的个数:47
当前数据库执行队列数:0
当前发送队列缓存的对象数量:0
totalMemory：877658112, use ：723301456, free ：154356656DirectMemory：1827143680, 恢复 ：1
当前时间 ：2026-07-26 21:49:58send keng：-1, sheng ：4194304
decode keng：-1, sheng ：2097152
world keng：16, sheng ：1048576

2026-07-26 21:50:03.321 INFO [pool-6-thread-10][:] - /****************流量统计******************/
LastReadBytes:0
LastReadThroughput:0
LastWrittenBytes:0
LastWriteThroughput:0
RealWrittenBytes:0
RealWriteThroughput:0
当前玩家的连接数量:0
当前地图的线程个数：9
当前地图的个数:47
当前数据库执行队列数:0
当前发送队列缓存的对象数量:0
totalMemory：877658112, use ：727962352, free ：149695760DirectMemory：1827143680, 恢复 ：1
当前时间 ：2026-07-26 21:50:03send keng：-1, sheng ：4194304
decode keng：-1, sheng ：2097152
world keng：16, sheng ：1048576

2026-07-26 21:50:08.321 INFO [pool-6-thread-2][:] - /****************流量统计******************/
LastReadBytes:0
LastReadThroughput:0
LastWrittenBytes:0
LastWriteThroughput:0
RealWrittenBytes:0
RealWriteThroughput:0
当前玩家的连接数量:0
当前地图的线程个数：9
当前地图的个数:47
当前数据库执行队列数:0
当前发送队列缓存的对象数量:0
totalMemory：877658112, use ：731075704, free ：146582408DirectMemory：1827143680, 恢复 ：1
当前时间 ：2026-07-26 21:50:08send keng：-1, sheng ：4194304
decode keng：-1, sheng ：2097152
world keng：16, sheng ：1048576

2026-07-26 21:50:13.321 INFO [pool-6-thread-2][:] - /****************流量统计******************/
LastReadBytes:0
LastReadThroughput:0
LastWrittenBytes:0
LastWriteThroughput:0
RealWrittenBytes:0
RealWriteThroughput:0
当前玩家的连接数量:0
当前地图的线程个数：9
当前地图的个数:47
当前数据库执行队列数:0
当前发送队列缓存的对象数量:0
totalMemory：877658112, use ：734311320, free ：143346792DirectMemory：1827143680, 恢复 ：1
当前时间 ：2026-07-26 21:50:13send keng：-1, sheng ：4194304
decode keng：-1, sheng ：2097152
world keng：16, sheng ：1048576

2026-07-26 21:50:18.321 INFO [pool-6-thread-8][:] - /****************流量统计******************/
LastReadBytes:0
LastReadThroughput:0
LastWrittenBytes:0
LastWriteThroughput:0
RealWrittenBytes:0
RealWriteThroughput:0
当前玩家的连接数量:0
当前地图的线程个数：9
当前地图的个数:47
当前数据库执行队列数:0
当前发送队列缓存的对象数量:0
totalMemory：877658112, use ：737030672, free ：140627440DirectMemory：1827143680, 恢复 ：1
当前时间 ：2026-07-26 21:50:18send keng：-1, sheng ：4194304
decode keng：-1, sheng ：2097152
world keng：16, sheng ：1048576

2026-07-26 21:50:23.321 INFO [pool-6-thread-2][:] - /****************流量统计******************/
LastReadBytes:0
LastReadThroughput:0
LastWrittenBytes:0
LastWriteThroughput:0
RealWrittenBytes:0
RealWriteThroughput:0
当前玩家的连接数量:0
当前地图的线程个数：9
当前地图的个数:47
当前数据库执行队列数:0
当前发送队列缓存的对象数量:0
totalMemory：877658112, use ：741837176, free ：135820936DirectMemory：1827143680, 恢复 ：1
当前时间 ：2026-07-26 21:50:23send keng：-1, sheng ：4194304
decode keng：-1, sheng ：2097152
world keng：16, sheng ：1048576

2026-07-26 21:50:28.321 INFO [pool-6-thread-4][:] - /****************流量统计******************/
LastReadBytes:0
LastReadThroughput:0
LastWrittenBytes:0
LastWriteThroughput:0
RealWrittenBytes:0
RealWriteThroughput:0
当前玩家的连接数量:0
当前地图的线程个数：9
当前地图的个数:47
当前数据库执行队列数:0
当前发送队列缓存的对象数量:0
totalMemory：877658112, use ：745273904, free ：132384208DirectMemory：1827143680, 恢复 ：1
当前时间 ：2026-07-26 21:50:28send keng：-1, sheng ：4194304
decode keng：-1, sheng ：2097152
world keng：16, sheng ：1048576

2026-07-26 21:50:33.322 INFO [pool-6-thread-2][:] - /****************流量统计******************/
LastReadBytes:0
LastReadThroughput:0
LastWrittenBytes:0
LastWriteThroughput:0
RealWrittenBytes:0
RealWriteThroughput:0
当前玩家的连接数量:0
当前地图的线程个数：9
当前地图的个数:47
当前数据库执行队列数:0
当前发送队列缓存的对象数量:0
totalMemory：899153920, use ：398431976, free ：500721944DirectMemory：1827143680, 恢复 ：1
当前时间 ：2026-07-26 21:50:33send keng：-1, sheng ：4194304
decode keng：-1, sheng ：2097152
world keng：16, sheng ：1048576

2026-07-26 21:50:38.321 INFO [pool-6-thread-8][:] - /****************流量统计******************/
LastReadBytes:0
LastReadThroughput:0
LastWrittenBytes:0
LastWriteThroughput:0
RealWrittenBytes:0
RealWriteThroughput:0
当前玩家的连接数量:0
当前地图的线程个数：9
当前地图的个数:47
当前数据库执行队列数:0
当前发送队列缓存的对象数量:0
totalMemory：899153920, use ：398898400, free ：500255520DirectMemory：1827143680, 恢复 ：1
当前时间 ：2026-07-26 21:50:38send keng：-1, sheng ：4194304
decode keng：-1, sheng ：2097152
world keng：16, sheng ：1048576

2026-07-26 21:50:43.321 INFO [pool-6-thread-5][:] - /****************流量统计******************/
LastReadBytes:0
LastReadThroughput:0
LastWrittenBytes:0
LastWriteThroughput:0
RealWrittenBytes:0
RealWriteThroughput:0
当前玩家的连接数量:0
当前地图的线程个数：9
当前地图的个数:47
当前数据库执行队列数:0
当前发送队列缓存的对象数量:0
totalMemory：899153920, use ：403509384, free ：495644536DirectMemory：1827143680, 恢复 ：1
当前时间 ：2026-07-26 21:50:43send keng：-1, sheng ：4194304
decode keng：-1, sheng ：2097152
world keng：16, sheng ：1048576

2026-07-26 21:50:48.321 INFO [pool-6-thread-5][:] - /****************流量统计******************/
LastReadBytes:0
LastReadThroughput:0
LastWrittenBytes:0
LastWriteThroughput:0
RealWrittenBytes:0
RealWriteThroughput:0
当前玩家的连接数量:0
当前地图的线程个数：9
当前地图的个数:47
当前数据库执行队列数:0
当前发送队列缓存的对象数量:0
totalMemory：899153920, use ：405405576, free ：493748344DirectMemory：1827143680, 恢复 ：1
当前时间 ：2026-07-26 21:50:48send keng：-1, sheng ：4194304
decode keng：-1, sheng ：2097152
world keng：16, sheng ：1048576

2026-07-26 21:50:53.321 INFO [pool-6-thread-5][:] - /****************流量统计******************/
LastReadBytes:0
LastReadThroughput:0
LastWrittenBytes:0
LastWriteThroughput:0
RealWrittenBytes:0
RealWriteThroughput:0
当前玩家的连接数量:0
当前地图的线程个数：9
当前地图的个数:47
当前数据库执行队列数:0
当前发送队列缓存的对象数量:0
totalMemory：899153920, use ：410856832, free ：488297088DirectMemory：1827143680, 恢复 ：1
当前时间 ：2026-07-26 21:50:53send keng：-1, sheng ：4194304
decode keng：-1, sheng ：2097152
world keng：16, sheng ：1048576

2026-07-26 21:50:58.321 INFO [pool-6-thread-8][:] - /****************流量统计******************/
LastReadBytes:0
LastReadThroughput:0
LastWrittenBytes:0
LastWriteThroughput:0
RealWrittenBytes:0
RealWriteThroughput:0
当前玩家的连接数量:0
当前地图的线程个数：9
当前地图的个数:47
当前数据库执行队列数:0
当前发送队列缓存的对象数量:0
totalMemory：899153920, use ：413600144, free ：485553776DirectMemory：1827143680, 恢复 ：1
当前时间 ：2026-07-26 21:50:58send keng：-1, sheng ：4194304
decode keng：-1, sheng ：2097152
world keng：16, sheng ：1048576

2026-07-26 21:51:03.321 INFO [pool-6-thread-4][:] - /****************流量统计******************/
LastReadBytes:0
LastReadThroughput:0
LastWrittenBytes:0
LastWriteThroughput:0
RealWrittenBytes:0
RealWriteThroughput:0
当前玩家的连接数量:0
当前地图的线程个数：9
当前地图的个数:47
当前数据库执行队列数:0
当前发送队列缓存的对象数量:0
totalMemory：899153920, use ：416946360, free ：482207560DirectMemory：1827143680, 恢复 ：1
当前时间 ：2026-07-26 21:51:03send keng：-1, sheng ：4194304
decode keng：-1, sheng ：2097152
world keng：16, sheng ：1048576

2026-07-26 21:51:08.321 INFO [pool-6-thread-3][:] - /****************流量统计******************/
LastReadBytes:0
LastReadThroughput:0
LastWrittenBytes:0
LastWriteThroughput:0
RealWrittenBytes:0
RealWriteThroughput:0
当前玩家的连接数量:0
当前地图的线程个数：9
当前地图的个数:47
当前数据库执行队列数:0
当前发送队列缓存的对象数量:0
totalMemory：899153920, use ：421214920, free ：477939000DirectMemory：1827143680, 恢复 ：1
当前时间 ：2026-07-26 21:51:08send keng：-1, sheng ：4194304
decode keng：-1, sheng ：2097152
world keng：16, sheng ：1048576

2026-07-26 21:51:13.321 INFO [pool-6-thread-4][:] - /****************流量统计******************/
LastReadBytes:0
LastReadThroughput:0
LastWrittenBytes:0
LastWriteThroughput:0
RealWrittenBytes:0
RealWriteThroughput:0
当前玩家的连接数量:0
当前地图的线程个数：9
当前地图的个数:47
当前数据库执行队列数:0
当前发送队列缓存的对象数量:0
totalMemory：899153920, use ：424781560, free ：474372360DirectMemory：1827143680, 恢复 ：1
当前时间 ：2026-07-26 21:51:13send keng：-1, sheng ：4194304
decode keng：-1, sheng ：2097152
world keng：16, sheng ：1048576

2026-07-26 21:51:18.321 INFO [pool-6-thread-6][:] - /****************流量统计******************/
LastReadBytes:0
LastReadThroughput:0
LastWrittenBytes:0
LastWriteThroughput:0
RealWrittenBytes:0
RealWriteThroughput:0
当前玩家的连接数量:0
当前地图的线程个数：9
当前地图的个数:47
当前数据库执行队列数:0
当前发送队列缓存的对象数量:0
totalMemory：899153920, use ：427139304, free ：472014616DirectMemory：1827143680, 恢复 ：1
当前时间 ：2026-07-26 21:51:18send keng：-1, sheng ：4194304
decode keng：-1, sheng ：2097152
world keng：16, sheng ：1048576

2026-07-26 21:51:23.321 INFO [pool-6-thread-4][:] - /****************流量统计******************/
LastReadBytes:0
LastReadThroughput:0
LastWrittenBytes:0
LastWriteThroughput:0
RealWrittenBytes:0
RealWriteThroughput:0
当前玩家的连接数量:0
当前地图的线程个数：9
当前地图的个数:47
当前数据库执行队列数:0
当前发送队列缓存的对象数量:0
totalMemory：899153920, use ：431750488, free ：467403432DirectMemory：1827143680, 恢复 ：1
当前时间 ：2026-07-26 21:51:23send keng：-1, sheng ：4194304
decode keng：-1, sheng ：2097152
world keng：16, sheng ：1048576

2026-07-26 21:51:28.321 INFO [pool-6-thread-6][:] - /****************流量统计******************/
LastReadBytes:0
LastReadThroughput:0
LastWrittenBytes:0
LastWriteThroughput:0
RealWrittenBytes:0
RealWriteThroughput:0
当前玩家的连接数量:0
当前地图的线程个数：9
当前地图的个数:47
当前数据库执行队列数:0
当前发送队列缓存的对象数量:0
totalMemory：899153920, use ：435393496, free ：463760424DirectMemory：1827143680, 恢复 ：1
当前时间 ：2026-07-26 21:51:28send keng：-1, sheng ：4194304
decode keng：-1, sheng ：2097152
world keng：16, sheng ：1048576

2026-07-26 21:51:33.321 INFO [pool-6-thread-8][:] - /****************流量统计******************/
LastReadBytes:0
LastReadThroughput:0
LastWrittenBytes:0
LastWriteThroughput:0
RealWrittenBytes:0
RealWriteThroughput:0
当前玩家的连接数量:0
当前地图的线程个数：9
当前地图的个数:47
当前数据库执行队列数:0
当前发送队列缓存的对象数量:0
totalMemory：899153920, use ：438154640, free ：460999280DirectMemory：1827143680, 恢复 ：1
当前时间 ：2026-07-26 21:51:33send keng：-1, sheng ：4194304
decode keng：-1, sheng ：2097152
world keng：16, sheng ：1048576

2026-07-26 21:51:38.321 INFO [pool-6-thread-4][:] - /****************流量统计******************/
LastReadBytes:0
LastReadThroughput:0
LastWrittenBytes:0
LastWriteThroughput:0
RealWrittenBytes:0
RealWriteThroughput:0
当前玩家的连接数量:0
当前地图的线程个数：9
当前地图的个数:47
当前数据库执行队列数:0
当前发送队列缓存的对象数量:0
totalMemory：899153920, use ：441273352, free ：457880568DirectMemory：1827143680, 恢复 ：1
当前时间 ：2026-07-26 21:51:38send keng：-1, sheng ：4194304
decode keng：-1, sheng ：2097152
world keng：16, sheng ：1048576

2026-07-26 21:51:43.321 INFO [pool-6-thread-4][:] - /****************流量统计******************/
LastReadBytes:0
LastReadThroughput:0
LastWrittenBytes:0
LastWriteThroughput:0
RealWrittenBytes:0
RealWriteThroughput:0
当前玩家的连接数量:0
当前地图的线程个数：9
当前地图的个数:47
当前数据库执行队列数:0
当前发送队列缓存的对象数量:0
totalMemory：899153920, use ：446047576, free ：453106344DirectMemory：1827143680, 恢复 ：1
当前时间 ：2026-07-26 21:51:43send keng：-1, sheng ：4194304
decode keng：-1, sheng ：2097152
world keng：16, sheng ：1048576

2026-07-26 21:51:48.321 INFO [pool-6-thread-2][:] - /****************流量统计******************/
LastReadBytes:0
LastReadThroughput:0
LastWrittenBytes:0
LastWriteThroughput:0
RealWrittenBytes:0
RealWriteThroughput:0
当前玩家的连接数量:0
当前地图的线程个数：9
当前地图的个数:47
当前数据库执行队列数:0
当前发送队列缓存的对象数量:0
totalMemory：899153920, use ：448356160, free ：450797760DirectMemory：1827143680, 恢复 ：1
当前时间 ：2026-07-26 21:51:48send keng：-1, sheng ：4194304
decode keng：-1, sheng ：2097152
world keng：16, sheng ：1048576

2026-07-26 21:51:53.321 INFO [pool-6-thread-1][:] - /****************流量统计******************/
LastReadBytes:0
LastReadThroughput:0
LastWrittenBytes:0
LastWriteThroughput:0
RealWrittenBytes:0
RealWriteThroughput:0
当前玩家的连接数量:0
当前地图的线程个数：9
当前地图的个数:47
当前数据库执行队列数:0
当前发送队列缓存的对象数量:0
totalMemory：899153920, use ：451957048, free ：447196872DirectMemory：1827143680, 恢复 ：1
当前时间 ：2026-07-26 21:51:53send keng：-1, sheng ：4194304
decode keng：-1, sheng ：2097152
world keng：16, sheng ：1048576

2026-07-26 21:51:58.321 INFO [pool-6-thread-2][:] - /****************流量统计******************/
LastReadBytes:0
LastReadThroughput:0
LastWrittenBytes:0
LastWriteThroughput:0
RealWrittenBytes:0
RealWriteThroughput:0
当前玩家的连接数量:0
当前地图的线程个数：9
当前地图的个数:47
当前数据库执行队列数:0
当前发送队列缓存的对象数量:0
totalMemory：899153920, use ：456114504, free ：443039416DirectMemory：1827143680, 恢复 ：1
当前时间 ：2026-07-26 21:51:58send keng：-1, sheng ：4194304
decode keng：-1, sheng ：2097152
world keng：16, sheng ：1048576

2026-07-26 21:52:03.321 INFO [pool-6-thread-8][:] - /****************流量统计******************/
LastReadBytes:0
LastReadThroughput:0
LastWrittenBytes:0
LastWriteThroughput:0
RealWrittenBytes:0
RealWriteThroughput:0
当前玩家的连接数量:0
当前地图的线程个数：9
当前地图的个数:47
当前数据库执行队列数:0
当前发送队列缓存的对象数量:0
totalMemory：899153920, use ：459973352, free ：439180568DirectMemory：1827143680, 恢复 ：1
当前时间 ：2026-07-26 21:52:03send keng：-1, sheng ：4194304
decode keng：-1, sheng ：2097152
world keng：16, sheng ：1048576

2026-07-26 21:52:08.321 INFO [pool-6-thread-10][:] - /****************流量统计******************/
LastReadBytes:0
LastReadThroughput:0
LastWrittenBytes:0
LastWriteThroughput:0
RealWrittenBytes:0
RealWriteThroughput:0
当前玩家的连接数量:0
当前地图的线程个数：9
当前地图的个数:47
当前数据库执行队列数:0
当前发送队列缓存的对象数量:0
totalMemory：899153920, use ：462785752, free ：436368168DirectMemory：1827143680, 恢复 ：1
当前时间 ：2026-07-26 21:52:08send keng：-1, sheng ：4194304
decode keng：-1, sheng ：2097152
world keng：16, sheng ：1048576

2026-07-26 21:52:13.321 INFO [pool-6-thread-4][:] - /****************流量统计******************/
LastReadBytes:0
LastReadThroughput:0
LastWrittenBytes:0
LastWriteThroughput:0
RealWrittenBytes:0
RealWriteThroughput:0
当前玩家的连接数量:0
当前地图的线程个数：9
当前地图的个数:47
当前数据库执行队列数:0
当前发送队列缓存的对象数量:0
totalMemory：899153920, use ：465836848, free ：433317072DirectMemory：1827143680, 恢复 ：1
当前时间 ：2026-07-26 21:52:13send keng：-1, sheng ：4194304
decode keng：-1, sheng ：2097152
world keng：16, sheng ：1048576

2026-07-26 21:52:18.321 INFO [pool-6-thread-6][:] - /****************流量统计******************/
LastReadBytes:0
LastReadThroughput:0
LastWrittenBytes:0
LastWriteThroughput:0
RealWrittenBytes:0
RealWriteThroughput:0
当前玩家的连接数量:0
当前地图的线程个数：9
当前地图的个数:47
当前数据库执行队列数:0
当前发送队列缓存的对象数量:0
totalMemory：899153920, use ：470665920, free ：428488000DirectMemory：1827143680, 恢复 ：1
当前时间 ：2026-07-26 21:52:18send keng：-1, sheng ：4194304
decode keng：-1, sheng ：2097152
world keng：16, sheng ：1048576

2026-07-26 21:52:23.321 INFO [pool-6-thread-1][:] - /****************流量统计******************/
LastReadBytes:0
LastReadThroughput:0
LastWrittenBytes:0
LastWriteThroughput:0
RealWrittenBytes:0
RealWriteThroughput:0
当前玩家的连接数量:0
当前地图的线程个数：9
当前地图的个数:47
当前数据库执行队列数:0
当前发送队列缓存的对象数量:0
totalMemory：899153920, use ：473745616, free ：425408304DirectMemory：1827143680, 恢复 ：1
当前时间 ：2026-07-26 21:52:23send keng：-1, sheng ：4194304
decode keng：-1, sheng ：2097152
world keng：16, sheng ：1048576

2026-07-26 21:52:28.321 INFO [pool-6-thread-10][:] - /****************流量统计******************/
LastReadBytes:0
LastReadThroughput:0
LastWrittenBytes:0
LastWriteThroughput:0
RealWrittenBytes:0
RealWriteThroughput:0
当前玩家的连接数量:0
当前地图的线程个数：9
当前地图的个数:47
当前数据库执行队列数:0
当前发送队列缓存的对象数量:0
totalMemory：899153920, use ：476355448, free ：422798472DirectMemory：1827143680, 恢复 ：1
当前时间 ：2026-07-26 21:52:28send keng：-1, sheng ：4194304
decode keng：-1, sheng ：2097152
world keng：16, sheng ：1048576

2026-07-26 21:52:33.321 INFO [pool-6-thread-5][:] - /****************流量统计******************/
LastReadBytes:0
LastReadThroughput:0
LastWrittenBytes:0
LastWriteThroughput:0
RealWrittenBytes:0
RealWriteThroughput:0
当前玩家的连接数量:0
当前地图的线程个数：9
当前地图的个数:47
当前数据库执行队列数:0
当前发送队列缓存的对象数量:0
totalMemory：899153920, use ：481094984, free ：418058936DirectMemory：1827143680, 恢复 ：1
当前时间 ：2026-07-26 21:52:33send keng：-1, sheng ：4194304
decode keng：-1, sheng ：2097152
world keng：16, sheng ：1048576

2026-07-26 21:52:38.321 INFO [pool-6-thread-5][:] - /****************流量统计******************/
LastReadBytes:0
LastReadThroughput:0
LastWrittenBytes:0
LastWriteThroughput:0
RealWrittenBytes:0
RealWriteThroughput:0
当前玩家的连接数量:0
当前地图的线程个数：9
当前地图的个数:47
当前数据库执行队列数:0
当前发送队列缓存的对象数量:0
totalMemory：899153920, use ：483681648, free ：415472272DirectMemory：1827143680, 恢复 ：1
当前时间 ：2026-07-26 21:52:38send keng：-1, sheng ：4194304
decode keng：-1, sheng ：2097152
world keng：16, sheng ：1048576

2026-07-26 21:52:43.321 INFO [pool-6-thread-4][:] - /****************流量统计******************/
LastReadBytes:0
LastReadThroughput:0
LastWrittenBytes:0
LastWriteThroughput:0
RealWrittenBytes:0
RealWriteThroughput:0
当前玩家的连接数量:0
当前地图的线程个数：9
当前地图的个数:47
当前数据库执行队列数:0
当前发送队列缓存的对象数量:0
totalMemory：899153920, use ：487114040, free ：412039880DirectMemory：1827143680, 恢复 ：1
当前时间 ：2026-07-26 21:52:43send keng：-1, sheng ：4194304
decode keng：-1, sheng ：2097152
world keng：16, sheng ：1048576

2026-07-26 21:52:48.321 INFO [pool-6-thread-6][:] - /****************流量统计******************/
LastReadBytes:0
LastReadThroughput:0
LastWrittenBytes:0
LastWriteThroughput:0
RealWrittenBytes:0
RealWriteThroughput:0
当前玩家的连接数量:0
当前地图的线程个数：9
当前地图的个数:47
当前数据库执行队列数:0
当前发送队列缓存的对象数量:0
totalMemory：899153920, use ：490576440, free ：408577480DirectMemory：1827143680, 恢复 ：1
当前时间 ：2026-07-26 21:52:48send keng：-1, sheng ：4194304
decode keng：-1, sheng ：2097152
world keng：16, sheng ：1048576

2026-07-26 21:52:53.321 INFO [pool-6-thread-5][:] - /****************流量统计******************/
LastReadBytes:0
LastReadThroughput:0
LastWrittenBytes:0
LastWriteThroughput:0
RealWrittenBytes:0
RealWriteThroughput:0
当前玩家的连接数量:0
当前地图的线程个数：9
当前地图的个数:47
当前数据库执行队列数:0
当前发送队列缓存的对象数量:0
totalMemory：899153920, use ：495482928, free ：403670992DirectMemory：1827143680, 恢复 ：1
当前时间 ：2026-07-26 21:52:53send keng：-1, sheng ：4194304
decode keng：-1, sheng ：2097152
world keng：16, sheng ：1048576

2026-07-26 21:52:58.321 INFO [pool-6-thread-2][:] - /****************流量统计******************/
LastReadBytes:0
LastReadThroughput:0
LastWrittenBytes:0
LastWriteThroughput:0
RealWrittenBytes:0
RealWriteThroughput:0
当前玩家的连接数量:0
当前地图的线程个数：9
当前地图的个数:47
当前数据库执行队列数:0
当前发送队列缓存的对象数量:0
totalMemory：899153920, use ：497535752, free ：401618168DirectMemory：1827143680, 恢复 ：1
当前时间 ：2026-07-26 21:52:58send keng：-1, sheng ：4194304
decode keng：-1, sheng ：2097152
world keng：16, sheng ：1048576

2026-07-26 21:53:03.321 INFO [pool-6-thread-3][:] - /****************流量统计******************/
LastReadBytes:0
LastReadThroughput:0
LastWrittenBytes:0
LastWriteThroughput:0
RealWrittenBytes:0
RealWriteThroughput:0
当前玩家的连接数量:0
当前地图的线程个数：9
当前地图的个数:47
当前数据库执行队列数:0
当前发送队列缓存的对象数量:0
totalMemory：899153920, use ：501472696, free ：397681224DirectMemory：1827143680, 恢复 ：1
当前时间 ：2026-07-26 21:53:03send keng：-1, sheng ：4194304
decode keng：-1, sheng ：2097152
world keng：16, sheng ：1048576

2026-07-26 21:53:08.321 INFO [pool-6-thread-5][:] - /****************流量统计******************/
LastReadBytes:0
LastReadThroughput:0
LastWrittenBytes:0
LastWriteThroughput:0
RealWrittenBytes:0
RealWriteThroughput:0
当前玩家的连接数量:0
当前地图的线程个数：9
当前地图的个数:47
当前数据库执行队列数:0
当前发送队列缓存的对象数量:0
totalMemory：899153920, use ：505285808, free ：393868112DirectMemory：1827143680, 恢复 ：1
当前时间 ：2026-07-26 21:53:08send keng：-1, sheng ：4194304
decode keng：-1, sheng ：2097152
world keng：16, sheng ：1048576

2026-07-26 21:53:13.322 INFO [pool-6-thread-9][:] - /****************流量统计******************/
LastReadBytes:0
LastReadThroughput:0
LastWrittenBytes:0
LastWriteThroughput:0
RealWrittenBytes:0
RealWriteThroughput:0
当前玩家的连接数量:0
当前地图的线程个数：9
当前地图的个数:47
当前数据库执行队列数:0
当前发送队列缓存的对象数量:0
totalMemory：899153920, use ：508950584, free ：390203336DirectMemory：1827143680, 恢复 ：1
当前时间 ：2026-07-26 21:53:13send keng：-1, sheng ：4194304
decode keng：-1, sheng ：2097152
world keng：16, sheng ：1048576

2026-07-26 21:53:18.321 INFO [pool-6-thread-4][:] - /****************流量统计******************/
LastReadBytes:0
LastReadThroughput:0
LastWrittenBytes:0
LastWriteThroughput:0
RealWrittenBytes:0
RealWriteThroughput:0
当前玩家的连接数量:0
当前地图的线程个数：9
当前地图的个数:47
当前数据库执行队列数:0
当前发送队列缓存的对象数量:0
totalMemory：899153920, use ：512510048, free ：386643872DirectMemory：1827143680, 恢复 ：1
当前时间 ：2026-07-26 21:53:18send keng：-1, sheng ：4194304
decode keng：-1, sheng ：2097152
world keng：16, sheng ：1048576

2026-07-26 21:53:23.321 INFO [pool-6-thread-10][:] - /****************流量统计******************/
LastReadBytes:0
LastReadThroughput:0
LastWrittenBytes:0
LastWriteThroughput:0
RealWrittenBytes:0
RealWriteThroughput:0
当前玩家的连接数量:0
当前地图的线程个数：9
当前地图的个数:47
当前数据库执行队列数:0
当前发送队列缓存的对象数量:0
totalMemory：899153920, use ：514953104, free ：384200816DirectMemory：1827143680, 恢复 ：1
当前时间 ：2026-07-26 21:53:23send keng：-1, sheng ：4194304
decode keng：-1, sheng ：2097152
world keng：16, sheng ：1048576

2026-07-26 21:53:28.321 INFO [pool-6-thread-9][:] - /****************流量统计******************/
LastReadBytes:0
LastReadThroughput:0
LastWrittenBytes:0
LastWriteThroughput:0
RealWrittenBytes:0
RealWriteThroughput:0
当前玩家的连接数量:0
当前地图的线程个数：9
当前地图的个数:47
当前数据库执行队列数:0
当前发送队列缓存的对象数量:0
totalMemory：899153920, use ：519573496, free ：379580424DirectMemory：1827143680, 恢复 ：1
当前时间 ：2026-07-26 21:53:28send keng：-1, sheng ：4194304
decode keng：-1, sheng ：2097152
world keng：16, sheng ：1048576

2026-07-26 21:53:33.321 INFO [pool-6-thread-7][:] - /****************流量统计******************/
LastReadBytes:0
LastReadThroughput:0
LastWrittenBytes:0
LastWriteThroughput:0
RealWrittenBytes:0
RealWriteThroughput:0
当前玩家的连接数量:0
当前地图的线程个数：9
当前地图的个数:47
当前数据库执行队列数:0
当前发送队列缓存的对象数量:0
totalMemory：899153920, use ：522341224, free ：376812696DirectMemory：1827143680, 恢复 ：1
当前时间 ：2026-07-26 21:53:33send keng：-1, sheng ：4194304
decode keng：-1, sheng ：2097152
world keng：16, sheng ：1048576

2026-07-26 21:53:38.321 INFO [pool-6-thread-9][:] - /****************流量统计******************/
LastReadBytes:0
LastReadThroughput:0
LastWrittenBytes:0
LastWriteThroughput:0
RealWrittenBytes:0
RealWriteThroughput:0
当前玩家的连接数量:0
当前地图的线程个数：9
当前地图的个数:47
当前数据库执行队列数:0
当前发送队列缓存的对象数量:0
totalMemory：899153920, use ：525463416, free ：373690504DirectMemory：1827143680, 恢复 ：1
当前时间 ：2026-07-26 21:53:38send keng：-1, sheng ：4194304
decode keng：-1, sheng ：2097152
world keng：16, sheng ：1048576

2026-07-26 21:53:43.321 INFO [pool-6-thread-6][:] - /****************流量统计******************/
LastReadBytes:0
LastReadThroughput:0
LastWrittenBytes:0
LastWriteThroughput:0
RealWrittenBytes:0
RealWriteThroughput:0
当前玩家的连接数量:0
当前地图的线程个数：9
当前地图的个数:47
当前数据库执行队列数:0
当前发送队列缓存的对象数量:0
totalMemory：899153920, use ：529445760, free ：369708160DirectMemory：1827143680, 恢复 ：1
当前时间 ：2026-07-26 21:53:43send keng：-1, sheng ：4194304
decode keng：-1, sheng ：2097152
world keng：16, sheng ：1048576

2026-07-26 21:53:48.321 INFO [pool-6-thread-7][:] - /****************流量统计******************/
LastReadBytes:0
LastReadThroughput:0
LastWrittenBytes:0
LastWriteThroughput:0
RealWrittenBytes:0
RealWriteThroughput:0
当前玩家的连接数量:0
当前地图的线程个数：9
当前地图的个数:47
当前数据库执行队列数:0
当前发送队列缓存的对象数量:0
totalMemory：899153920, use ：533712304, free ：365441616DirectMemory：1827143680, 恢复 ：1
当前时间 ：2026-07-26 21:53:48send keng：-1, sheng ：4194304
decode keng：-1, sheng ：2097152
world keng：16, sheng ：1048576

2026-07-26 21:53:53.321 INFO [pool-6-thread-1][:] - /****************流量统计******************/
LastReadBytes:0
LastReadThroughput:0
LastWrittenBytes:0
LastWriteThroughput:0
RealWrittenBytes:0
RealWriteThroughput:0
当前玩家的连接数量:0
当前地图的线程个数：9
当前地图的个数:47
当前数据库执行队列数:0
当前发送队列缓存的对象数量:0
totalMemory：899153920, use ：537093472, free ：362060448DirectMemory：1827143680, 恢复 ：1
当前时间 ：2026-07-26 21:53:53send keng：-1, sheng ：4194304
decode keng：-1, sheng ：2097152
world keng：16, sheng ：1048576

2026-07-26 21:53:58.321 INFO [pool-6-thread-7][:] - /****************流量统计******************/
LastReadBytes:0
LastReadThroughput:0
LastWrittenBytes:0
LastWriteThroughput:0
RealWrittenBytes:0
RealWriteThroughput:0
当前玩家的连接数量:0
当前地图的线程个数：9
当前地图的个数:47
当前数据库执行队列数:0
当前发送队列缓存的对象数量:0
totalMemory：899153920, use ：540277544, free ：358876376DirectMemory：1827143680, 恢复 ：1
当前时间 ：2026-07-26 21:53:58send keng：-1, sheng ：4194304
decode keng：-1, sheng ：2097152
world keng：16, sheng ：1048576

2026-07-26 21:54:03.321 INFO [pool-6-thread-5][:] - /****************流量统计******************/
LastReadBytes:0
LastReadThroughput:0
LastWrittenBytes:0
LastWriteThroughput:0
RealWrittenBytes:0
RealWriteThroughput:0
当前玩家的连接数量:0
当前地图的线程个数：9
当前地图的个数:47
当前数据库执行队列数:0
当前发送队列缓存的对象数量:0
totalMemory：899153920, use ：544655496, free ：354498424DirectMemory：1827143680, 恢复 ：1
当前时间 ：2026-07-26 21:54:03send keng：-1, sheng ：4194304
decode keng：-1, sheng ：2097152
world keng：16, sheng ：1048576

2026-07-26 21:54:08.321 INFO [pool-6-thread-2][:] - /****************流量统计******************/
LastReadBytes:0
LastReadThroughput:0
LastWrittenBytes:0
LastWriteThroughput:0
RealWrittenBytes:0
RealWriteThroughput:0
当前玩家的连接数量:0
当前地图的线程个数：9
当前地图的个数:47
当前数据库执行队列数:0
当前发送队列缓存的对象数量:0
totalMemory：899153920, use ：546860768, free ：352293152DirectMemory：1827143680, 恢复 ：1
当前时间 ：2026-07-26 21:54:08send keng：-1, sheng ：4194304
decode keng：-1, sheng ：2097152
world keng：16, sheng ：1048576

2026-07-26 21:54:13.321 INFO [pool-6-thread-5][:] - /****************流量统计******************/
LastReadBytes:0
LastReadThroughput:0
LastWrittenBytes:0
LastWriteThroughput:0
RealWrittenBytes:0
RealWriteThroughput:0
当前玩家的连接数量:0
当前地图的线程个数：9
当前地图的个数:47
当前数据库执行队列数:0
当前发送队列缓存的对象数量:0
totalMemory：899153920, use ：550154056, free ：348999864DirectMemory：1827143680, 恢复 ：1
当前时间 ：2026-07-26 21:54:13send keng：-1, sheng ：4194304
decode keng：-1, sheng ：2097152
world keng：16, sheng ：1048576

2026-07-26 21:54:18.321 INFO [pool-6-thread-4][:] - /****************流量统计******************/
LastReadBytes:0
LastReadThroughput:0
LastWrittenBytes:0
LastWriteThroughput:0
RealWrittenBytes:0
RealWriteThroughput:0
当前玩家的连接数量:0
当前地图的线程个数：9
当前地图的个数:47
当前数据库执行队列数:0
当前发送队列缓存的对象数量:0
totalMemory：899153920, use ：555777832, free ：343376088DirectMemory：1827143680, 恢复 ：1
当前时间 ：2026-07-26 21:54:18send keng：-1, sheng ：4194304
decode keng：-1, sheng ：2097152
world keng：16, sheng ：1048576

2026-07-26 21:54:23.321 INFO [pool-6-thread-10][:] - /****************流量统计******************/
LastReadBytes:0
LastReadThroughput:0
LastWrittenBytes:0
LastWriteThroughput:0
RealWrittenBytes:0
RealWriteThroughput:0
当前玩家的连接数量:0
当前地图的线程个数：9
当前地图的个数:47
当前数据库执行队列数:0
当前发送队列缓存的对象数量:0
totalMemory：899153920, use ：557545304, free ：341608616DirectMemory：1827143680, 恢复 ：1
当前时间 ：2026-07-26 21:54:23send keng：-1, sheng ：4194304
decode keng：-1, sheng ：2097152
world keng：16, sheng ：1048576

2026-07-26 21:54:28.321 INFO [pool-6-thread-9][:] - /****************流量统计******************/
LastReadBytes:0
LastReadThroughput:0
LastWrittenBytes:0
LastWriteThroughput:0
RealWrittenBytes:0
RealWriteThroughput:0
当前玩家的连接数量:0
当前地图的线程个数：9
当前地图的个数:47
当前数据库执行队列数:0
当前发送队列缓存的对象数量:0
totalMemory：899153920, use ：561470296, free ：337683624DirectMemory：1827143680, 恢复 ：1
当前时间 ：2026-07-26 21:54:28send keng：-1, sheng ：4194304
decode keng：-1, sheng ：2097152
world keng：16, sheng ：1048576

2026-07-26 21:54:33.321 INFO [pool-6-thread-4][:] - /****************流量统计******************/
LastReadBytes:0
LastReadThroughput:0
LastWrittenBytes:0
LastWriteThroughput:0
RealWrittenBytes:0
RealWriteThroughput:0
当前玩家的连接数量:0
当前地图的线程个数：9
当前地图的个数:47
当前数据库执行队列数:0
当前发送队列缓存的对象数量:0
totalMemory：899153920, use ：563725080, free ：335428840DirectMemory：1827143680, 恢复 ：1
当前时间 ：2026-07-26 21:54:33send keng：-1, sheng ：4194304
decode keng：-1, sheng ：2097152
world keng：16, sheng ：1048576

2026-07-26 21:54:38.321 INFO [pool-6-thread-4][:] - /****************流量统计******************/
LastReadBytes:0
LastReadThroughput:0
LastWrittenBytes:0
LastWriteThroughput:0
RealWrittenBytes:0
RealWriteThroughput:0
当前玩家的连接数量:0
当前地图的线程个数：9
当前地图的个数:47
当前数据库执行队列数:0
当前发送队列缓存的对象数量:0
totalMemory：899153920, use ：568959192, free ：330194728DirectMemory：1827143680, 恢复 ：1
当前时间 ：2026-07-26 21:54:38send keng：-1, sheng ：4194304
decode keng：-1, sheng ：2097152
world keng：16, sheng ：1048576

2026-07-26 21:54:43.321 INFO [pool-6-thread-9][:] - /****************流量统计******************/
LastReadBytes:0
LastReadThroughput:0
LastWrittenBytes:0
LastWriteThroughput:0
RealWrittenBytes:0
RealWriteThroughput:0
当前玩家的连接数量:0
当前地图的线程个数：9
当前地图的个数:47
当前数据库执行队列数:0
当前发送队列缓存的对象数量:0
totalMemory：899153920, use ：571357856, free ：327796064DirectMemory：1827143680, 恢复 ：1
当前时间 ：2026-07-26 21:54:43send keng：-1, sheng ：4194304
decode keng：-1, sheng ：2097152
world keng：16, sheng ：1048576

2026-07-26 21:54:48.322 INFO [pool-6-thread-5][:] - /****************流量统计******************/
LastReadBytes:0
LastReadThroughput:0
LastWrittenBytes:0
LastWriteThroughput:0
RealWrittenBytes:0
RealWriteThroughput:0
当前玩家的连接数量:0
当前地图的线程个数：9
当前地图的个数:47
当前数据库执行队列数:0
当前发送队列缓存的对象数量:0
totalMemory：899153920, use ：574848608, free ：324305312DirectMemory：1827143680, 恢复 ：1
当前时间 ：2026-07-26 21:54:48send keng：-1, sheng ：4194304
decode keng：-1, sheng ：2097152
world keng：16, sheng ：1048576

2026-07-26 21:54:53.321 INFO [pool-6-thread-9][:] - /****************流量统计******************/
LastReadBytes:0
LastReadThroughput:0
LastWrittenBytes:0
LastWriteThroughput:0
RealWrittenBytes:0
RealWriteThroughput:0
当前玩家的连接数量:0
当前地图的线程个数：9
当前地图的个数:47
当前数据库执行队列数:0
当前发送队列缓存的对象数量:0
totalMemory：899153920, use ：578604752, free ：320549168DirectMemory：1827143680, 恢复 ：1
当前时间 ：2026-07-26 21:54:53send keng：-1, sheng ：4194304
decode keng：-1, sheng ：2097152
world keng：16, sheng ：1048576

2026-07-26 21:54:58.321 INFO [pool-6-thread-8][:] - /****************流量统计******************/
LastReadBytes:0
LastReadThroughput:0
LastWrittenBytes:0
LastWriteThroughput:0
RealWrittenBytes:0
RealWriteThroughput:0
当前玩家的连接数量:0
当前地图的线程个数：9
当前地图的个数:47
当前数据库执行队列数:0
当前发送队列缓存的对象数量:0
totalMemory：899153920, use ：582728096, free ：316425824DirectMemory：1827143680, 恢复 ：1
当前时间 ：2026-07-26 21:54:58send keng：-1, sheng ：4194304
decode keng：-1, sheng ：2097152
world keng：16, sheng ：1048576

2026-07-26 21:55:03.321 INFO [pool-6-thread-8][:] - /****************流量统计******************/
LastReadBytes:0
LastReadThroughput:0
LastWrittenBytes:0
LastWriteThroughput:0
RealWrittenBytes:0
RealWriteThroughput:0
当前玩家的连接数量:0
当前地图的线程个数：9
当前地图的个数:47
当前数据库执行队列数:0
当前发送队列缓存的对象数量:0
totalMemory：899153920, use ：585349488, free ：313804432DirectMemory：1827143680, 恢复 ：1
当前时间 ：2026-07-26 21:55:03send keng：-1, sheng ：4194304
decode keng：-1, sheng ：2097152
world keng：16, sheng ：1048576

2026-07-26 21:55:08.321 INFO [pool-6-thread-8][:] - /****************流量统计******************/
LastReadBytes:0
LastReadThroughput:0
LastWrittenBytes:0
LastWriteThroughput:0
RealWrittenBytes:0
RealWriteThroughput:0
当前玩家的连接数量:0
当前地图的线程个数：9
当前地图的个数:47
当前数据库执行队列数:0
当前发送队列缓存的对象数量:0
totalMemory：899153920, use ：588821216, free ：310332704DirectMemory：1827143680, 恢复 ：1
当前时间 ：2026-07-26 21:55:08send keng：-1, sheng ：4194304
decode keng：-1, sheng ：2097152
world keng：16, sheng ：1048576

2026-07-26 21:55:13.321 INFO [pool-6-thread-9][:] - /****************流量统计******************/
LastReadBytes:0
LastReadThroughput:0
LastWrittenBytes:0
LastWriteThroughput:0
RealWrittenBytes:0
RealWriteThroughput:0
当前玩家的连接数量:0
当前地图的线程个数：9
当前地图的个数:47
当前数据库执行队列数:0
当前发送队列缓存的对象数量:0
totalMemory：899153920, use ：592836360, free ：306317560DirectMemory：1827143680, 恢复 ：1
当前时间 ：2026-07-26 21:55:13send keng：-1, sheng ：4194304
decode keng：-1, sheng ：2097152
world keng：16, sheng ：1048576

2026-07-26 21:55:18.321 INFO [pool-6-thread-9][:] - /****************流量统计******************/
LastReadBytes:0
LastReadThroughput:0
LastWrittenBytes:0
LastWriteThroughput:0
RealWrittenBytes:0
RealWriteThroughput:0
当前玩家的连接数量:0
当前地图的线程个数：9
当前地图的个数:47
当前数据库执行队列数:0
当前发送队列缓存的对象数量:0
totalMemory：899153920, use ：597234152, free ：301919768DirectMemory：1827143680, 恢复 ：1
当前时间 ：2026-07-26 21:55:18send keng：-1, sheng ：4194304
decode keng：-1, sheng ：2097152
world keng：16, sheng ：1048576

2026-07-26 21:55:23.321 INFO [pool-6-thread-4][:] - /****************流量统计******************/
LastReadBytes:0
LastReadThroughput:0
LastWrittenBytes:0
LastWriteThroughput:0
RealWrittenBytes:0
RealWriteThroughput:0
当前玩家的连接数量:0
当前地图的线程个数：9
当前地图的个数:47
当前数据库执行队列数:0
当前发送队列缓存的对象数量:0
totalMemory：899153920, use ：598714216, free ：300439704DirectMemory：1827143680, 恢复 ：1
当前时间 ：2026-07-26 21:55:23send keng：-1, sheng ：4194304
decode keng：-1, sheng ：2097152
world keng：16, sheng ：1048576

2026-07-26 21:55:28.321 INFO [pool-6-thread-3][:] - /****************流量统计******************/
LastReadBytes:0
LastReadThroughput:0
LastWrittenBytes:0
LastWriteThroughput:0
RealWrittenBytes:0
RealWriteThroughput:0
当前玩家的连接数量:0
当前地图的线程个数：9
当前地图的个数:47
当前数据库执行队列数:0
当前发送队列缓存的对象数量:0
totalMemory：899153920, use ：603609352, free ：295544568DirectMemory：1827143680, 恢复 ：1
当前时间 ：2026-07-26 21:55:28send keng：-1, sheng ：4194304
decode keng：-1, sheng ：2097152
world keng：16, sheng ：1048576

2026-07-26 21:55:33.321 INFO [pool-6-thread-9][:] - /****************流量统计******************/
LastReadBytes:0
LastReadThroughput:0
LastWrittenBytes:0
LastWriteThroughput:0
RealWrittenBytes:0
RealWriteThroughput:0
当前玩家的连接数量:0
当前地图的线程个数：9
当前地图的个数:47
当前数据库执行队列数:0
当前发送队列缓存的对象数量:0
totalMemory：899153920, use ：606968936, free ：292184984DirectMemory：1827143680, 恢复 ：1
当前时间 ：2026-07-26 21:55:33send keng：-1, sheng ：4194304
decode keng：-1, sheng ：2097152
world keng：16, sheng ：1048576

2026-07-26 21:55:38.321 INFO [pool-6-thread-3][:] - /****************流量统计******************/
LastReadBytes:0
LastReadThroughput:0
LastWrittenBytes:0
LastWriteThroughput:0
RealWrittenBytes:0
RealWriteThroughput:0
当前玩家的连接数量:0
当前地图的线程个数：9
当前地图的个数:47
当前数据库执行队列数:0
当前发送队列缓存的对象数量:0
totalMemory：899153920, use ：610257200, free ：288896720DirectMemory：1827143680, 恢复 ：1
当前时间 ：2026-07-26 21:55:38send keng：-1, sheng ：4194304
decode keng：-1, sheng ：2097152
world keng：16, sheng ：1048576

2026-07-26 21:55:43.321 INFO [pool-6-thread-1][:] - /****************流量统计******************/
LastReadBytes:0
LastReadThroughput:0
LastWrittenBytes:0
LastWriteThroughput:0
RealWrittenBytes:0
RealWriteThroughput:0
当前玩家的连接数量:0
当前地图的线程个数：9
当前地图的个数:47
当前数据库执行队列数:0
当前发送队列缓存的对象数量:0
totalMemory：899153920, use ：613506448, free ：285647472DirectMemory：1827143680, 恢复 ：1
当前时间 ：2026-07-26 21:55:43send keng：-1, sheng ：4194304
decode keng：-1, sheng ：2097152
world keng：16, sheng ：1048576

2026-07-26 21:55:48.321 INFO [pool-6-thread-4][:] - /****************流量统计******************/
LastReadBytes:0
LastReadThroughput:0
LastWrittenBytes:0
LastWriteThroughput:0
RealWrittenBytes:0
RealWriteThroughput:0
当前玩家的连接数量:0
当前地图的线程个数：9
当前地图的个数:47
当前数据库执行队列数:0
当前发送队列缓存的对象数量:0
totalMemory：899153920, use ：617608704, free ：281545216DirectMemory：1827143680, 恢复 ：1
当前时间 ：2026-07-26 21:55:48send keng：-1, sheng ：4194304
decode keng：-1, sheng ：2097152
world keng：16, sheng ：1048576

2026-07-26 21:55:53.321 INFO [pool-6-thread-4][:] - /****************流量统计******************/
LastReadBytes:0
LastReadThroughput:0
LastWrittenBytes:0
LastWriteThroughput:0
RealWrittenBytes:0
RealWriteThroughput:0
当前玩家的连接数量:0
当前地图的线程个数：9
当前地图的个数:47
当前数据库执行队列数:0
当前发送队列缓存的对象数量:0
totalMemory：899153920, use ：621043832, free ：278110088DirectMemory：1827143680, 恢复 ：1
当前时间 ：2026-07-26 21:55:53send keng：-1, sheng ：4194304
decode keng：-1, sheng ：2097152
world keng：16, sheng ：1048576

2026-07-26 21:55:58.321 INFO [pool-6-thread-4][:] - /****************流量统计******************/
LastReadBytes:0
LastReadThroughput:0
LastWrittenBytes:0
LastWriteThroughput:0
RealWrittenBytes:0
RealWriteThroughput:0
当前玩家的连接数量:0
当前地图的线程个数：9
当前地图的个数:47
当前数据库执行队列数:0
当前发送队列缓存的对象数量:0
totalMemory：899153920, use ：624526344, free ：274627576DirectMemory：1827143680, 恢复 ：1
当前时间 ：2026-07-26 21:55:58send keng：-1, sheng ：4194304
decode keng：-1, sheng ：2097152
world keng：16, sheng ：1048576

2026-07-26 21:56:03.321 INFO [pool-6-thread-5][:] - /****************流量统计******************/
LastReadBytes:0
LastReadThroughput:0
LastWrittenBytes:0
LastWriteThroughput:0
RealWrittenBytes:0
RealWriteThroughput:0
当前玩家的连接数量:0
当前地图的线程个数：9
当前地图的个数:47
当前数据库执行队列数:0
当前发送队列缓存的对象数量:0
totalMemory：899153920, use ：628864952, free ：270288968DirectMemory：1827143680, 恢复 ：1
当前时间 ：2026-07-26 21:56:03send keng：-1, sheng ：4194304
decode keng：-1, sheng ：2097152
world keng：16, sheng ：1048576

2026-07-26 21:56:08.321 INFO [pool-6-thread-4][:] - /****************流量统计******************/
LastReadBytes:0
LastReadThroughput:0
LastWrittenBytes:0
LastWriteThroughput:0
RealWrittenBytes:0
RealWriteThroughput:0
当前玩家的连接数量:0
当前地图的线程个数：9
当前地图的个数:47
当前数据库执行队列数:0
当前发送队列缓存的对象数量:0
totalMemory：899153920, use ：632479848, free ：266674072DirectMemory：1827143680, 恢复 ：1
当前时间 ：2026-07-26 21:56:08send keng：-1, sheng ：4194304
decode keng：-1, sheng ：2097152
world keng：16, sheng ：1048576

2026-07-26 21:56:13.321 INFO [pool-6-thread-8][:] - /****************流量统计******************/
LastReadBytes:0
LastReadThroughput:0
LastWrittenBytes:0
LastWriteThroughput:0
RealWrittenBytes:0
RealWriteThroughput:0
当前玩家的连接数量:0
当前地图的线程个数：9
当前地图的个数:47
当前数据库执行队列数:0
当前发送队列缓存的对象数量:0
totalMemory：899153920, use ：634616368, free ：264537552DirectMemory：1827143680, 恢复 ：1
当前时间 ：2026-07-26 21:56:13send keng：-1, sheng ：4194304
decode keng：-1, sheng ：2097152
world keng：16, sheng ：1048576

2026-07-26 21:56:18.321 INFO [pool-6-thread-6][:] - /****************流量统计******************/
LastReadBytes:0
LastReadThroughput:0
LastWrittenBytes:0
LastWriteThroughput:0
RealWrittenBytes:0
RealWriteThroughput:0
当前玩家的连接数量:0
当前地图的线程个数：9
当前地图的个数:47
当前数据库执行队列数:0
当前发送队列缓存的对象数量:0
totalMemory：899153920, use ：638994296, free ：260159624DirectMemory：1827143680, 恢复 ：1
当前时间 ：2026-07-26 21:56:18send keng：-1, sheng ：4194304
decode keng：-1, sheng ：2097152
world keng：16, sheng ：1048576

2026-07-26 21:56:23.321 INFO [pool-6-thread-8][:] - /****************流量统计******************/
LastReadBytes:0
LastReadThroughput:0
LastWrittenBytes:0
LastWriteThroughput:0
RealWrittenBytes:0
RealWriteThroughput:0
当前玩家的连接数量:0
当前地图的线程个数：9
当前地图的个数:47
当前数据库执行队列数:0
当前发送队列缓存的对象数量:0
totalMemory：899153920, use ：642031760, free ：257122160DirectMemory：1827143680, 恢复 ：1
当前时间 ：2026-07-26 21:56:23send keng：-1, sheng ：4194304
decode keng：-1, sheng ：2097152
world keng：16, sheng ：1048576

2026-07-26 21:56:28.321 INFO [pool-6-thread-7][:] - /****************流量统计******************/
LastReadBytes:0
LastReadThroughput:0
LastWrittenBytes:0
LastWriteThroughput:0
RealWrittenBytes:0
RealWriteThroughput:0
当前玩家的连接数量:0
当前地图的线程个数：9
当前地图的个数:47
当前数据库执行队列数:0
当前发送队列缓存的对象数量:0
totalMemory：899153920, use ：646365360, free ：252788560DirectMemory：1827143680, 恢复 ：1
当前时间 ：2026-07-26 21:56:28send keng：-1, sheng ：4194304
decode keng：-1, sheng ：2097152
world keng：16, sheng ：1048576

2026-07-26 21:56:33.321 INFO [pool-6-thread-6][:] - /****************流量统计******************/
LastReadBytes:0
LastReadThroughput:0
LastWrittenBytes:0
LastWriteThroughput:0
RealWrittenBytes:0
RealWriteThroughput:0
当前玩家的连接数量:0
当前地图的线程个数：9
当前地图的个数:47
当前数据库执行队列数:0
当前发送队列缓存的对象数量:0
totalMemory：899153920, use ：647937528, free ：251216392DirectMemory：1827143680, 恢复 ：1
当前时间 ：2026-07-26 21:56:33send keng：-1, sheng ：4194304
decode keng：-1, sheng ：2097152
world keng：16, sheng ：1048576

2026-07-26 21:56:38.321 INFO [pool-6-thread-9][:] - /****************流量统计******************/
LastReadBytes:0
LastReadThroughput:0
LastWrittenBytes:0
LastWriteThroughput:0
RealWrittenBytes:0
RealWriteThroughput:0
当前玩家的连接数量:0
当前地图的线程个数：9
当前地图的个数:47
当前数据库执行队列数:0
当前发送队列缓存的对象数量:0
totalMemory：899153920, use ：653552024, free ：245601896DirectMemory：1827143680, 恢复 ：1
当前时间 ：2026-07-26 21:56:38send keng：-1, sheng ：4194304
decode keng：-1, sheng ：2097152
world keng：16, sheng ：1048576

2026-07-26 21:56:43.321 INFO [pool-6-thread-9][:] - /****************流量统计******************/
LastReadBytes:0
LastReadThroughput:0
LastWrittenBytes:0
LastWriteThroughput:0
RealWrittenBytes:0
RealWriteThroughput:0
当前玩家的连接数量:0
当前地图的线程个数：9
当前地图的个数:47
当前数据库执行队列数:0
当前发送队列缓存的对象数量:0
totalMemory：899153920, use ：656121376, free ：243032544DirectMemory：1827143680, 恢复 ：1
当前时间 ：2026-07-26 21:56:43send keng：-1, sheng ：4194304
decode keng：-1, sheng ：2097152
world keng：16, sheng ：1048576

2026-07-26 21:56:48.321 INFO [pool-6-thread-6][:] - /****************流量统计******************/
LastReadBytes:0
LastReadThroughput:0
LastWrittenBytes:0
LastWriteThroughput:0
RealWrittenBytes:0
RealWriteThroughput:0
当前玩家的连接数量:0
当前地图的线程个数：9
当前地图的个数:47
当前数据库执行队列数:0
当前发送队列缓存的对象数量:0
totalMemory：899153920, use ：658872048, free ：240281872DirectMemory：1827143680, 恢复 ：1
当前时间 ：2026-07-26 21:56:48send keng：-1, sheng ：4194304
decode keng：-1, sheng ：2097152
world keng：16, sheng ：1048576

2026-07-26 21:56:53.321 INFO [pool-6-thread-5][:] - /****************流量统计******************/
LastReadBytes:0
LastReadThroughput:0
LastWrittenBytes:0
LastWriteThroughput:0
RealWrittenBytes:0
RealWriteThroughput:0
当前玩家的连接数量:0
当前地图的线程个数：9
当前地图的个数:47
当前数据库执行队列数:0
当前发送队列缓存的对象数量:0
totalMemory：899153920, use ：663563112, free ：235590808DirectMemory：1827143680, 恢复 ：1
当前时间 ：2026-07-26 21:56:53send keng：-1, sheng ：4194304
decode keng：-1, sheng ：2097152
world keng：16, sheng ：1048576

2026-07-26 21:56:58.321 INFO [pool-6-thread-5][:] - /****************流量统计******************/
LastReadBytes:0
LastReadThroughput:0
LastWrittenBytes:0
LastWriteThroughput:0
RealWrittenBytes:0
RealWriteThroughput:0
当前玩家的连接数量:0
当前地图的线程个数：9
当前地图的个数:47
当前数据库执行队列数:0
当前发送队列缓存的对象数量:0
totalMemory：899153920, use ：666749384, free ：232404536DirectMemory：1827143680, 恢复 ：1
当前时间 ：2026-07-26 21:56:58send keng：-1, sheng ：4194304
decode keng：-1, sheng ：2097152
world keng：16, sheng ：1048576

2026-07-26 21:57:03.321 INFO [pool-6-thread-2][:] - /****************流量统计******************/
LastReadBytes:0
LastReadThroughput:0
LastWrittenBytes:0
LastWriteThroughput:0
RealWrittenBytes:0
RealWriteThroughput:0
当前玩家的连接数量:0
当前地图的线程个数：9
当前地图的个数:47
当前数据库执行队列数:0
当前发送队列缓存的对象数量:0
totalMemory：899153920, use ：670591288, free ：228562632DirectMemory：1827143680, 恢复 ：1
当前时间 ：2026-07-26 21:57:03send keng：-1, sheng ：4194304
decode keng：-1, sheng ：2097152
world keng：16, sheng ：1048576

2026-07-26 21:57:08.321 INFO [pool-6-thread-8][:] - /****************流量统计******************/
LastReadBytes:0
LastReadThroughput:0
LastWrittenBytes:0
LastWriteThroughput:0
RealWrittenBytes:0
RealWriteThroughput:0
当前玩家的连接数量:0
当前地图的线程个数：9
当前地图的个数:47
当前数据库执行队列数:0
当前发送队列缓存的对象数量:0
totalMemory：899153920, use ：672922728, free ：226231192DirectMemory：1827143680, 恢复 ：1
当前时间 ：2026-07-26 21:57:08send keng：-1, sheng ：4194304
decode keng：-1, sheng ：2097152
world keng：16, sheng ：1048576

2026-07-26 21:57:13.321 INFO [pool-6-thread-6][:] - /****************流量统计******************/
LastReadBytes:0
LastReadThroughput:0
LastWrittenBytes:0
LastWriteThroughput:0
RealWrittenBytes:0
RealWriteThroughput:0
当前玩家的连接数量:0
当前地图的线程个数：9
当前地图的个数:47
当前数据库执行队列数:0
当前发送队列缓存的对象数量:0
totalMemory：899153920, use ：678228568, free ：220925352DirectMemory：1827143680, 恢复 ：1
当前时间 ：2026-07-26 21:57:13send keng：-1, sheng ：4194304
decode keng：-1, sheng ：2097152
world keng：16, sheng ：1048576

2026-07-26 21:57:18.321 INFO [pool-6-thread-1][:] - /****************流量统计******************/
LastReadBytes:0
LastReadThroughput:0
LastWrittenBytes:0
LastWriteThroughput:0
RealWrittenBytes:0
RealWriteThroughput:0
当前玩家的连接数量:0
当前地图的线程个数：9
当前地图的个数:47
当前数据库执行队列数:0
当前发送队列缓存的对象数量:0
totalMemory：899153920, use ：680615176, free ：218538744DirectMemory：1827143680, 恢复 ：1
当前时间 ：2026-07-26 21:57:18send keng：-1, sheng ：4194304
decode keng：-1, sheng ：2097152
world keng：16, sheng ：1048576

2026-07-26 21:57:23.321 INFO [pool-6-thread-3][:] - /****************流量统计******************/
LastReadBytes:0
LastReadThroughput:0
LastWrittenBytes:0
LastWriteThroughput:0
RealWrittenBytes:0
RealWriteThroughput:0
当前玩家的连接数量:0
当前地图的线程个数：9
当前地图的个数:47
当前数据库执行队列数:0
当前发送队列缓存的对象数量:0
totalMemory：899153920, use ：683538392, free ：215615528DirectMemory：1827143680, 恢复 ：1
当前时间 ：2026-07-26 21:57:23send keng：-1, sheng ：4194304
decode keng：-1, sheng ：2097152
world keng：16, sheng ：1048576

2026-07-26 21:57:28.321 INFO [pool-6-thread-4][:] - /****************流量统计******************/
LastReadBytes:0
LastReadThroughput:0
LastWrittenBytes:0
LastWriteThroughput:0
RealWrittenBytes:0
RealWriteThroughput:0
当前玩家的连接数量:0
当前地图的线程个数：9
当前地图的个数:47
当前数据库执行队列数:0
当前发送队列缓存的对象数量:0
totalMemory：899153920, use ：687282400, free ：211871520DirectMemory：1827143680, 恢复 ：1
当前时间 ：2026-07-26 21:57:28send keng：-1, sheng ：4194304
decode keng：-1, sheng ：2097152
world keng：16, sheng ：1048576

2026-07-26 21:57:33.321 INFO [pool-6-thread-1][:] - /****************流量统计******************/
LastReadBytes:0
LastReadThroughput:0
LastWrittenBytes:0
LastWriteThroughput:0
RealWrittenBytes:0
RealWriteThroughput:0
当前玩家的连接数量:0
当前地图的线程个数：9
当前地图的个数:47
当前数据库执行队列数:0
当前发送队列缓存的对象数量:0
totalMemory：899153920, use ：691080288, free ：208073632DirectMemory：1827143680, 恢复 ：1
当前时间 ：2026-07-26 21:57:33send keng：-1, sheng ：4194304
decode keng：-1, sheng ：2097152
world keng：16, sheng ：1048576

2026-07-26 21:57:38.321 INFO [pool-6-thread-3][:] - /****************流量统计******************/
LastReadBytes:0
LastReadThroughput:0
LastWrittenBytes:0
LastWriteThroughput:0
RealWrittenBytes:0
RealWriteThroughput:0
当前玩家的连接数量:0
当前地图的线程个数：9
当前地图的个数:47
当前数据库执行队列数:0
当前发送队列缓存的对象数量:0
totalMemory：899153920, use ：694919688, free ：204234232DirectMemory：1827143680, 恢复 ：1
当前时间 ：2026-07-26 21:57:38send keng：-1, sheng ：4194304
decode keng：-1, sheng ：2097152
world keng：16, sheng ：1048576

2026-07-26 21:57:43.321 INFO [pool-6-thread-8][:] - /****************流量统计******************/
LastReadBytes:0
LastReadThroughput:0
LastWrittenBytes:0
LastWriteThroughput:0
RealWrittenBytes:0
RealWriteThroughput:0
当前玩家的连接数量:0
当前地图的线程个数：9
当前地图的个数:47
当前数据库执行队列数:0
当前发送队列缓存的对象数量:0
totalMemory：899153920, use ：697154472, free ：201999448DirectMemory：1827143680, 恢复 ：1
当前时间 ：2026-07-26 21:57:43send keng：-1, sheng ：4194304
decode keng：-1, sheng ：2097152
world keng：16, sheng ：1048576

2026-07-26 21:57:48.321 INFO [pool-6-thread-7][:] - /****************流量统计******************/
LastReadBytes:0
LastReadThroughput:0
LastWrittenBytes:0
LastWriteThroughput:0
RealWrittenBytes:0
RealWriteThroughput:0
当前玩家的连接数量:0
当前地图的线程个数：9
当前地图的个数:47
当前数据库执行队列数:0
当前发送队列缓存的对象数量:0
totalMemory：899153920, use ：702610048, free ：196543872DirectMemory：1827143680, 恢复 ：1
当前时间 ：2026-07-26 21:57:48send keng：-1, sheng ：4194304
decode keng：-1, sheng ：2097152
world keng：16, sheng ：1048576

2026-07-26 21:57:53.321 INFO [pool-6-thread-10][:] - /****************流量统计******************/
LastReadBytes:0
LastReadThroughput:0
LastWrittenBytes:0
LastWriteThroughput:0
RealWrittenBytes:0
RealWriteThroughput:0
当前玩家的连接数量:0
当前地图的线程个数：9
当前地图的个数:47
当前数据库执行队列数:0
当前发送队列缓存的对象数量:0
totalMemory：899153920, use ：705742928, free ：193410992DirectMemory：1827143680, 恢复 ：1
当前时间 ：2026-07-26 21:57:53send keng：-1, sheng ：4194304
decode keng：-1, sheng ：2097152
world keng：16, sheng ：1048576

2026-07-26 21:57:58.321 INFO [pool-6-thread-7][:] - /****************流量统计******************/
LastReadBytes:0
LastReadThroughput:0
LastWrittenBytes:0
LastWriteThroughput:0
RealWrittenBytes:0
RealWriteThroughput:0
当前玩家的连接数量:0
当前地图的线程个数：9
当前地图的个数:47
当前数据库执行队列数:0
当前发送队列缓存的对象数量:0
totalMemory：899153920, use ：708373008, free ：190780912DirectMemory：1827143680, 恢复 ：1
当前时间 ：2026-07-26 21:57:58send keng：-1, sheng ：4194304
decode keng：-1, sheng ：2097152
world keng：16, sheng ：1048576

2026-07-26 21:58:03.321 INFO [pool-6-thread-4][:] - /****************流量统计******************/
LastReadBytes:0
LastReadThroughput:0
LastWrittenBytes:0
LastWriteThroughput:0
RealWrittenBytes:0
RealWriteThroughput:0
当前玩家的连接数量:0
当前地图的线程个数：9
当前地图的个数:47
当前数据库执行队列数:0
当前发送队列缓存的对象数量:0
totalMemory：899153920, use ：713065976, free ：186087944DirectMemory：1827143680, 恢复 ：1
当前时间 ：2026-07-26 21:58:03send keng：-1, sheng ：4194304
decode keng：-1, sheng ：2097152
world keng：16, sheng ：1048576

2026-07-26 21:58:08.321 INFO [pool-6-thread-5][:] - /****************流量统计******************/
LastReadBytes:0
LastReadThroughput:0
LastWrittenBytes:0
LastWriteThroughput:0
RealWrittenBytes:0
RealWriteThroughput:0
当前玩家的连接数量:0
当前地图的线程个数：9
当前地图的个数:47
当前数据库执行队列数:0
当前发送队列缓存的对象数量:0
totalMemory：899153920, use ：716260968, free ：182892952DirectMemory：1827143680, 恢复 ：1
当前时间 ：2026-07-26 21:58:08send keng：-1, sheng ：4194304
decode keng：-1, sheng ：2097152
world keng：16, sheng ：1048576

2026-07-26 21:58:13.321 INFO [pool-6-thread-9][:] - /****************流量统计******************/
LastReadBytes:0
LastReadThroughput:0
LastWrittenBytes:0
LastWriteThroughput:0
RealWrittenBytes:0
RealWriteThroughput:0
当前玩家的连接数量:0
当前地图的线程个数：9
当前地图的个数:47
当前数据库执行队列数:0
当前发送队列缓存的对象数量:0
totalMemory：899153920, use ：719799864, free ：179354056DirectMemory：1827143680, 恢复 ：1
当前时间 ：2026-07-26 21:58:13send keng：-1, sheng ：4194304
decode keng：-1, sheng ：2097152
world keng：16, sheng ：1048576

2026-07-26 21:58:18.321 INFO [pool-6-thread-9][:] - /****************流量统计******************/
LastReadBytes:0
LastReadThroughput:0
LastWrittenBytes:0
LastWriteThroughput:0
RealWrittenBytes:0
RealWriteThroughput:0
当前玩家的连接数量:0
当前地图的线程个数：9
当前地图的个数:47
当前数据库执行队列数:0
当前发送队列缓存的对象数量:0
totalMemory：899153920, use ：722863376, free ：176290544DirectMemory：1827143680, 恢复 ：1
当前时间 ：2026-07-26 21:58:18send keng：-1, sheng ：4194304
decode keng：-1, sheng ：2097152
world keng：16, sheng ：1048576

2026-07-26 21:58:23.321 INFO [pool-6-thread-5][:] - /****************流量统计******************/
LastReadBytes:0
LastReadThroughput:0
LastWrittenBytes:0
LastWriteThroughput:0
RealWrittenBytes:0
RealWriteThroughput:0
当前玩家的连接数量:0
当前地图的线程个数：9
当前地图的个数:47
当前数据库执行队列数:0
当前发送队列缓存的对象数量:0
totalMemory：899153920, use ：727003064, free ：172150856DirectMemory：1827143680, 恢复 ：1
当前时间 ：2026-07-26 21:58:23send keng：-1, sheng ：4194304
decode keng：-1, sheng ：2097152
world keng：16, sheng ：1048576

2026-07-26 21:58:28.321 INFO [pool-6-thread-4][:] - /****************流量统计******************/
LastReadBytes:0
LastReadThroughput:0
LastWrittenBytes:0
LastWriteThroughput:0
RealWrittenBytes:0
RealWriteThroughput:0
当前玩家的连接数量:0
当前地图的线程个数：9
当前地图的个数:47
当前数据库执行队列数:0
当前发送队列缓存的对象数量:0
totalMemory：899153920, use ：730084920, free ：169069000DirectMemory：1827143680, 恢复 ：1
当前时间 ：2026-07-26 21:58:28send keng：-1, sheng ：4194304
decode keng：-1, sheng ：2097152
world keng：16, sheng ：1048576

2026-07-26 21:58:33.321 INFO [pool-6-thread-8][:] - /****************流量统计******************/
LastReadBytes:0
LastReadThroughput:0
LastWrittenBytes:0
LastWriteThroughput:0
RealWrittenBytes:0
RealWriteThroughput:0
当前玩家的连接数量:0
当前地图的线程个数：9
当前地图的个数:47
当前数据库执行队列数:0
当前发送队列缓存的对象数量:0
totalMemory：899153920, use ：733615232, free ：165538688DirectMemory：1827143680, 恢复 ：1
当前时间 ：2026-07-26 21:58:33send keng：-1, sheng ：4194304
decode keng：-1, sheng ：2097152
world keng：16, sheng ：1048576

2026-07-26 21:58:38.321 INFO [pool-6-thread-5][:] - /****************流量统计******************/
LastReadBytes:0
LastReadThroughput:0
LastWrittenBytes:0
LastWriteThroughput:0
RealWrittenBytes:0
RealWriteThroughput:0
当前玩家的连接数量:0
当前地图的线程个数：9
当前地图的个数:47
当前数据库执行队列数:0
当前发送队列缓存的对象数量:0
totalMemory：852492288, use ：398013648, free ：454478640DirectMemory：1827143680, 恢复 ：1
当前时间 ：2026-07-26 21:58:38send keng：-1, sheng ：4194304
decode keng：-1, sheng ：2097152
world keng：16, sheng ：1048576

2026-07-26 21:58:43.321 INFO [pool-6-thread-7][:] - /****************流量统计******************/
LastReadBytes:0
LastReadThroughput:0
LastWrittenBytes:0
LastWriteThroughput:0
RealWrittenBytes:0
RealWriteThroughput:0
当前玩家的连接数量:0
当前地图的线程个数：9
当前地图的个数:47
当前数据库执行队列数:0
当前发送队列缓存的对象数量:0
totalMemory：852492288, use ：398867368, free ：453624920DirectMemory：1827143680, 恢复 ：1
当前时间 ：2026-07-26 21:58:43send keng：-1, sheng ：4194304
decode keng：-1, sheng ：2097152
world keng：16, sheng ：1048576

2026-07-26 21:58:48.321 INFO [pool-6-thread-2][:] - /****************流量统计******************/
LastReadBytes:0
LastReadThroughput:0
LastWrittenBytes:0
LastWriteThroughput:0
RealWrittenBytes:0
RealWriteThroughput:0
当前玩家的连接数量:0
当前地图的线程个数：9
当前地图的个数:47
当前数据库执行队列数:0
当前发送队列缓存的对象数量:0
totalMemory：852492288, use ：403728360, free ：448763928DirectMemory：1827143680, 恢复 ：1
当前时间 ：2026-07-26 21:58:48send keng：-1, sheng ：4194304
decode keng：-1, sheng ：2097152
world keng：16, sheng ：1048576

2026-07-26 21:58:53.321 INFO [pool-6-thread-9][:] - /****************流量统计******************/
LastReadBytes:0
LastReadThroughput:0
LastWrittenBytes:0
LastWriteThroughput:0
RealWrittenBytes:0
RealWriteThroughput:0
当前玩家的连接数量:0
当前地图的线程个数：9
当前地图的个数:47
当前数据库执行队列数:0
当前发送队列缓存的对象数量:0
totalMemory：852492288, use ：407118208, free ：445374080DirectMemory：1827143680, 恢复 ：1
当前时间 ：2026-07-26 21:58:53send keng：-1, sheng ：4194304
decode keng：-1, sheng ：2097152
world keng：16, sheng ：1048576

2026-07-26 21:58:58.321 INFO [pool-6-thread-2][:] - /****************流量统计******************/
LastReadBytes:0
LastReadThroughput:0
LastWrittenBytes:0
LastWriteThroughput:0
RealWrittenBytes:0
RealWriteThroughput:0
当前玩家的连接数量:0
当前地图的线程个数：9
当前地图的个数:47
当前数据库执行队列数:0
当前发送队列缓存的对象数量:0
totalMemory：852492288, use ：411171488, free ：441320800DirectMemory：1827143680, 恢复 ：1
当前时间 ：2026-07-26 21:58:58send keng：-1, sheng ：4194304
decode keng：-1, sheng ：2097152
world keng：16, sheng ：1048576

2026-07-26 21:59:03.321 INFO [pool-6-thread-5][:] - /****************流量统计******************/
LastReadBytes:0
LastReadThroughput:0
LastWrittenBytes:0
LastWriteThroughput:0
RealWrittenBytes:0
RealWriteThroughput:0
当前玩家的连接数量:0
当前地图的线程个数：9
当前地图的个数:47
当前数据库执行队列数:0
当前发送队列缓存的对象数量:0
totalMemory：852492288, use ：414778712, free ：437713576DirectMemory：1827143680, 恢复 ：1
当前时间 ：2026-07-26 21:59:03send keng：-1, sheng ：4194304
decode keng：-1, sheng ：2097152
world keng：16, sheng ：1048576

2026-07-26 21:59:08.321 INFO [pool-6-thread-1][:] - /****************流量统计******************/
LastReadBytes:0
LastReadThroughput:0
LastWrittenBytes:0
LastWriteThroughput:0
RealWrittenBytes:0
RealWriteThroughput:0
当前玩家的连接数量:0
当前地图的线程个数：9
当前地图的个数:47
当前数据库执行队列数:0
当前发送队列缓存的对象数量:0
totalMemory：852492288, use ：418301096, free ：434191192DirectMemory：1827143680, 恢复 ：1
当前时间 ：2026-07-26 21:59:08send keng：-1, sheng ：4194304
decode keng：-1, sheng ：2097152
world keng：16, sheng ：1048576

2026-07-26 21:59:13.321 INFO [pool-6-thread-9][:] - /****************流量统计******************/
LastReadBytes:0
LastReadThroughput:0
LastWrittenBytes:0
LastWriteThroughput:0
RealWrittenBytes:0
RealWriteThroughput:0
当前玩家的连接数量:0
当前地图的线程个数：9
当前地图的个数:47
当前数据库执行队列数:0
当前发送队列缓存的对象数量:0
totalMemory：852492288, use ：421480304, free ：431011984DirectMemory：1827143680, 恢复 ：1
当前时间 ：2026-07-26 21:59:13send keng：-1, sheng ：4194304
decode keng：-1, sheng ：2097152
world keng：16, sheng ：1048576

2026-07-26 21:59:18.321 INFO [pool-6-thread-8][:] - /****************流量统计******************/
LastReadBytes:0
LastReadThroughput:0
LastWrittenBytes:0
LastWriteThroughput:0
RealWrittenBytes:0
RealWriteThroughput:0
当前玩家的连接数量:0
当前地图的线程个数：9
当前地图的个数:47
当前数据库执行队列数:0
当前发送队列缓存的对象数量:0
totalMemory：852492288, use ：424804224, free ：427688064DirectMemory：1827143680, 恢复 ：1
当前时间 ：2026-07-26 21:59:18send keng：-1, sheng ：4194304
decode keng：-1, sheng ：2097152
world keng：16, sheng ：1048576

2026-07-26 21:59:23.321 INFO [pool-6-thread-1][:] - /****************流量统计******************/
LastReadBytes:0
LastReadThroughput:0
LastWrittenBytes:0
LastWriteThroughput:0
RealWrittenBytes:0
RealWriteThroughput:0
当前玩家的连接数量:0
当前地图的线程个数：9
当前地图的个数:47
当前数据库执行队列数:0
当前发送队列缓存的对象数量:0
totalMemory：852492288, use ：429133720, free ：423358568DirectMemory：1827143680, 恢复 ：1
当前时间 ：2026-07-26 21:59:23send keng：-1, sheng ：4194304
decode keng：-1, sheng ：2097152
world keng：16, sheng ：1048576

2026-07-26 21:59:28.321 INFO [pool-6-thread-2][:] - /****************流量统计******************/
LastReadBytes:0
LastReadThroughput:0
LastWrittenBytes:0
LastWriteThroughput:0
RealWrittenBytes:0
RealWriteThroughput:0
当前玩家的连接数量:0
当前地图的线程个数：9
当前地图的个数:47
当前数据库执行队列数:0
当前发送队列缓存的对象数量:0
totalMemory：852492288, use ：431799400, free ：420692888DirectMemory：1827143680, 恢复 ：1
当前时间 ：2026-07-26 21:59:28send keng：-1, sheng ：4194304
decode keng：-1, sheng ：2097152
world keng：16, sheng ：1048576

2026-07-26 21:59:33.321 INFO [pool-6-thread-8][:] - /****************流量统计******************/
LastReadBytes:0
LastReadThroughput:0
LastWrittenBytes:0
LastWriteThroughput:0
RealWrittenBytes:0
RealWriteThroughput:0
当前玩家的连接数量:0
当前地图的线程个数：9
当前地图的个数:47
当前数据库执行队列数:0
当前发送队列缓存的对象数量:0
totalMemory：852492288, use ：436847960, free ：415644328DirectMemory：1827143680, 恢复 ：1
当前时间 ：2026-07-26 21:59:33send keng：-1, sheng ：4194304
decode keng：-1, sheng ：2097152
world keng：16, sheng ：1048576

2026-07-26 21:59:38.321 INFO [pool-6-thread-5][:] - /****************流量统计******************/
LastReadBytes:0
LastReadThroughput:0
LastWrittenBytes:0
LastWriteThroughput:0
RealWrittenBytes:0
RealWriteThroughput:0
当前玩家的连接数量:0
当前地图的线程个数：9
当前地图的个数:47
当前数据库执行队列数:0
当前发送队列缓存的对象数量:0
totalMemory：852492288, use ：438286992, free ：414205296DirectMemory：1827143680, 恢复 ：1
当前时间 ：2026-07-26 21:59:38send keng：-1, sheng ：4194304
decode keng：-1, sheng ：2097152
world keng：16, sheng ：1048576

2026-07-26 21:59:43.321 INFO [pool-6-thread-8][:] - /****************流量统计******************/
LastReadBytes:0
LastReadThroughput:0
LastWrittenBytes:0
LastWriteThroughput:0
RealWrittenBytes:0
RealWriteThroughput:0
当前玩家的连接数量:0
当前地图的线程个数：9
当前地图的个数:47
当前数据库执行队列数:0
当前发送队列缓存的对象数量:0
totalMemory：852492288, use ：442624200, free ：409868088DirectMemory：1827143680, 恢复 ：1
当前时间 ：2026-07-26 21:59:43send keng：-1, sheng ：4194304
decode keng：-1, sheng ：2097152
world keng：16, sheng ：1048576

2026-07-26 21:59:48.321 INFO [pool-6-thread-2][:] - /****************流量统计******************/
LastReadBytes:0
LastReadThroughput:0
LastWrittenBytes:0
LastWriteThroughput:0
RealWrittenBytes:0
RealWriteThroughput:0
当前玩家的连接数量:0
当前地图的线程个数：9
当前地图的个数:47
当前数据库执行队列数:0
当前发送队列缓存的对象数量:0
totalMemory：852492288, use ：445602120, free ：406890168DirectMemory：1827143680, 恢复 ：1
当前时间 ：2026-07-26 21:59:48send keng：-1, sheng ：4194304
decode keng：-1, sheng ：2097152
world keng：16, sheng ：1048576

2026-07-26 21:59:53.321 INFO [pool-6-thread-10][:] - /****************流量统计******************/
LastReadBytes:0
LastReadThroughput:0
LastWrittenBytes:0
LastWriteThroughput:0
RealWrittenBytes:0
RealWriteThroughput:0
当前玩家的连接数量:0
当前地图的线程个数：9
当前地图的个数:47
当前数据库执行队列数:0
当前发送队列缓存的对象数量:0
totalMemory：852492288, use ：449185312, free ：403306976DirectMemory：1827143680, 恢复 ：1
当前时间 ：2026-07-26 21:59:53send keng：-1, sheng ：4194304
decode keng：-1, sheng ：2097152
world keng：16, sheng ：1048576

2026-07-26 21:59:58.321 INFO [pool-6-thread-9][:] - /****************流量统计******************/
LastReadBytes:0
LastReadThroughput:0
LastWrittenBytes:0
LastWriteThroughput:0
RealWrittenBytes:0
RealWriteThroughput:0
当前玩家的连接数量:0
当前地图的线程个数：9
当前地图的个数:47
当前数据库执行队列数:0
当前发送队列缓存的对象数量:0
totalMemory：852492288, use ：451857360, free ：400634928DirectMemory：1827143680, 恢复 ：1
当前时间 ：2026-07-26 21:59:58send keng：-1, sheng ：4194304
decode keng：-1, sheng ：2097152
world keng：16, sheng ：1048576

