2026-08-15 14:34:05.217 INFO [pool-6-thread-3][:] - /****************流量统计******************/
LastReadBytes:0
LastReadThroughput:0
LastWrittenBytes:0
LastWriteThroughput:0
RealWrittenBytes:0
RealWriteThroughput:0
当前玩家的连接数量:0
当前地图的线程个数：9
当前地图的个数:47
当前数据库执行队列数:0
当前发送队列缓存的对象数量:0
totalMemory：923271168, use ：520614944, free ：402656224DirectMemory：1827143680, 恢复 ：1
当前时间 ：2026-08-15 14:34:05send keng：-1, sheng ：4194304
decode keng：-1, sheng ：2097152
world keng：2, sheng ：1048576

2026-08-15 14:34:10.214 INFO [pool-6-thread-2][:] - /****************流量统计******************/
LastReadBytes:0
LastReadThroughput:0
LastWrittenBytes:0
LastWriteThroughput:0
RealWrittenBytes:0
RealWriteThroughput:0
当前玩家的连接数量:0
当前地图的线程个数：9
当前地图的个数:47
当前数据库执行队列数:0
当前发送队列缓存的对象数量:0
totalMemory：923271168, use ：524083112, free ：399188056DirectMemory：1827143680, 恢复 ：1
当前时间 ：2026-08-15 14:34:10send keng：-1, sheng ：4194304
decode keng：-1, sheng ：2097152
world keng：2, sheng ：1048576

2026-08-15 14:34:15.214 INFO [pool-6-thread-4][:] - /****************流量统计******************/
LastReadBytes:0
LastReadThroughput:0
LastWrittenBytes:0
LastWriteThroughput:0
RealWrittenBytes:0
RealWriteThroughput:0
当前玩家的连接数量:0
当前地图的线程个数：9
当前地图的个数:47
当前数据库执行队列数:0
当前发送队列缓存的对象数量:0
totalMemory：923271168, use ：526643704, free ：396627464DirectMemory：1827143680, 恢复 ：1
当前时间 ：2026-08-15 14:34:15send keng：-1, sheng ：4194304
decode keng：-1, sheng ：2097152
world keng：2, sheng ：1048576

2026-08-15 14:34:20.214 INFO [pool-6-thread-10][:] - /****************流量统计******************/
LastReadBytes:0
LastReadThroughput:0
LastWrittenBytes:0
LastWriteThroughput:0
RealWrittenBytes:0
RealWriteThroughput:0
当前玩家的连接数量:0
当前地图的线程个数：9
当前地图的个数:47
当前数据库执行队列数:0
当前发送队列缓存的对象数量:0
totalMemory：923271168, use ：530613936, free ：392657232DirectMemory：1827143680, 恢复 ：1
当前时间 ：2026-08-15 14:34:20send keng：-1, sheng ：4194304
decode keng：-1, sheng ：2097152
world keng：2, sheng ：1048576

2026-08-15 14:34:25.214 INFO [pool-6-thread-3][:] - /****************流量统计******************/
LastReadBytes:0
LastReadThroughput:0
LastWrittenBytes:0
LastWriteThroughput:0
RealWrittenBytes:0
RealWriteThroughput:0
当前玩家的连接数量:0
当前地图的线程个数：9
当前地图的个数:47
当前数据库执行队列数:0
当前发送队列缓存的对象数量:0
totalMemory：923271168, use ：533514832, free ：389756336DirectMemory：1827143680, 恢复 ：1
当前时间 ：2026-08-15 14:34:25send keng：-1, sheng ：4194304
decode keng：-1, sheng ：2097152
world keng：2, sheng ：1048576

2026-08-15 14:34:30.214 INFO [pool-6-thread-4][:] - /****************流量统计******************/
LastReadBytes:0
LastReadThroughput:0
LastWrittenBytes:0
LastWriteThroughput:0
RealWrittenBytes:0
RealWriteThroughput:0
当前玩家的连接数量:0
当前地图的线程个数：9
当前地图的个数:47
当前数据库执行队列数:0
当前发送队列缓存的对象数量:0
totalMemory：923271168, use ：535103136, free ：388168032DirectMemory：1827143680, 恢复 ：1
当前时间 ：2026-08-15 14:34:30send keng：-1, sheng ：4194304
decode keng：-1, sheng ：2097152
world keng：2, sheng ：1048576

2026-08-15 14:34:35.214 INFO [pool-6-thread-8][:] - /****************流量统计******************/
LastReadBytes:0
LastReadThroughput:0
LastWrittenBytes:0
LastWriteThroughput:0
RealWrittenBytes:0
RealWriteThroughput:0
当前玩家的连接数量:0
当前地图的线程个数：9
当前地图的个数:47
当前数据库执行队列数:0
当前发送队列缓存的对象数量:0
totalMemory：923271168, use ：536707792, free ：386563376DirectMemory：1827143680, 恢复 ：1
当前时间 ：2026-08-15 14:34:35send keng：-1, sheng ：4194304
decode keng：-1, sheng ：2097152
world keng：2, sheng ：1048576

2026-08-15 14:34:40.214 INFO [pool-6-thread-10][:] - /****************流量统计******************/
LastReadBytes:0
LastReadThroughput:0
LastWrittenBytes:0
LastWriteThroughput:0
RealWrittenBytes:0
RealWriteThroughput:0
当前玩家的连接数量:0
当前地图的线程个数：9
当前地图的个数:47
当前数据库执行队列数:0
当前发送队列缓存的对象数量:0
totalMemory：923271168, use ：540094760, free ：383176408DirectMemory：1827143680, 恢复 ：1
当前时间 ：2026-08-15 14:34:40send keng：-1, sheng ：4194304
decode keng：-1, sheng ：2097152
world keng：2, sheng ：1048576

2026-08-15 14:34:45.214 INFO [pool-6-thread-6][:] - /****************流量统计******************/
LastReadBytes:0
LastReadThroughput:0
LastWrittenBytes:0
LastWriteThroughput:0
RealWrittenBytes:0
RealWriteThroughput:0
当前玩家的连接数量:0
当前地图的线程个数：9
当前地图的个数:47
当前数据库执行队列数:0
当前发送队列缓存的对象数量:0
totalMemory：923271168, use ：542282648, free ：380988520DirectMemory：1827143680, 恢复 ：1
当前时间 ：2026-08-15 14:34:45send keng：-1, sheng ：4194304
decode keng：-1, sheng ：2097152
world keng：2, sheng ：1048576

2026-08-15 14:34:50.214 INFO [pool-6-thread-7][:] - /****************流量统计******************/
LastReadBytes:0
LastReadThroughput:0
LastWrittenBytes:0
LastWriteThroughput:0
RealWrittenBytes:0
RealWriteThroughput:0
当前玩家的连接数量:0
当前地图的线程个数：9
当前地图的个数:47
当前数据库执行队列数:0
当前发送队列缓存的对象数量:0
totalMemory：923271168, use ：544130120, free ：379141048DirectMemory：1827143680, 恢复 ：1
当前时间 ：2026-08-15 14:34:50send keng：-1, sheng ：4194304
decode keng：-1, sheng ：2097152
world keng：2, sheng ：1048576

2026-08-15 14:34:55.214 INFO [pool-6-thread-6][:] - /****************流量统计******************/
LastReadBytes:0
LastReadThroughput:0
LastWrittenBytes:0
LastWriteThroughput:0
RealWrittenBytes:0
RealWriteThroughput:0
当前玩家的连接数量:0
当前地图的线程个数：9
当前地图的个数:47
当前数据库执行队列数:0
当前发送队列缓存的对象数量:0
totalMemory：923271168, use ：545945248, free ：377325920DirectMemory：1827143680, 恢复 ：1
当前时间 ：2026-08-15 14:34:55send keng：-1, sheng ：4194304
decode keng：-1, sheng ：2097152
world keng：2, sheng ：1048576

2026-08-15 14:35:00.214 INFO [pool-6-thread-7][:] - /****************流量统计******************/
LastReadBytes:0
LastReadThroughput:0
LastWrittenBytes:0
LastWriteThroughput:0
RealWrittenBytes:0
RealWriteThroughput:0
当前玩家的连接数量:0
当前地图的线程个数：9
当前地图的个数:47
当前数据库执行队列数:0
当前发送队列缓存的对象数量:0
totalMemory：923271168, use ：547760376, free ：375510792DirectMemory：1827143680, 恢复 ：1
当前时间 ：2026-08-15 14:35:00send keng：-1, sheng ：4194304
decode keng：-1, sheng ：2097152
world keng：2, sheng ：1048576

2026-08-15 14:35:05.214 INFO [pool-6-thread-8][:] - /****************流量统计******************/
LastReadBytes:0
LastReadThroughput:0
LastWrittenBytes:0
LastWriteThroughput:0
RealWrittenBytes:0
RealWriteThroughput:0
当前玩家的连接数量:0
当前地图的线程个数：9
当前地图的个数:47
当前数据库执行队列数:0
当前发送队列缓存的对象数量:0
totalMemory：923271168, use ：550920328, free ：372350840DirectMemory：1827143680, 恢复 ：1
当前时间 ：2026-08-15 14:35:05send keng：-1, sheng ：4194304
decode keng：-1, sheng ：2097152
world keng：2, sheng ：1048576

2026-08-15 14:35:10.214 INFO [pool-6-thread-3][:] - /****************流量统计******************/
LastReadBytes:0
LastReadThroughput:0
LastWrittenBytes:0
LastWriteThroughput:0
RealWrittenBytes:0
RealWriteThroughput:0
当前玩家的连接数量:0
当前地图的线程个数：9
当前地图的个数:47
当前数据库执行队列数:0
当前发送队列缓存的对象数量:0
totalMemory：923271168, use ：552621968, free ：370649200DirectMemory：1827143680, 恢复 ：1
当前时间 ：2026-08-15 14:35:10send keng：-1, sheng ：4194304
decode keng：-1, sheng ：2097152
world keng：2, sheng ：1048576

2026-08-15 14:35:15.214 INFO [pool-6-thread-9][:] - /****************流量统计******************/
LastReadBytes:0
LastReadThroughput:0
LastWrittenBytes:0
LastWriteThroughput:0
RealWrittenBytes:0
RealWriteThroughput:0
当前玩家的连接数量:0
当前地图的线程个数：9
当前地图的个数:47
当前数据库执行队列数:0
当前发送队列缓存的对象数量:0
totalMemory：923271168, use ：554826176, free ：368444992DirectMemory：1827143680, 恢复 ：1
当前时间 ：2026-08-15 14:35:15send keng：-1, sheng ：4194304
decode keng：-1, sheng ：2097152
world keng：2, sheng ：1048576

2026-08-15 14:35:20.214 INFO [pool-6-thread-3][:] - /****************流量统计******************/
LastReadBytes:0
LastReadThroughput:0
LastWrittenBytes:0
LastWriteThroughput:0
RealWrittenBytes:0
RealWriteThroughput:0
当前玩家的连接数量:0
当前地图的线程个数：9
当前地图的个数:47
当前数据库执行队列数:0
当前发送队列缓存的对象数量:0
totalMemory：923271168, use ：557386688, free ：365884480DirectMemory：1827143680, 恢复 ：1
当前时间 ：2026-08-15 14:35:20send keng：-1, sheng ：4194304
decode keng：-1, sheng ：2097152
world keng：2, sheng ：1048576

2026-08-15 14:35:25.214 INFO [pool-6-thread-1][:] - /****************流量统计******************/
LastReadBytes:0
LastReadThroughput:0
LastWrittenBytes:0
LastWriteThroughput:0
RealWrittenBytes:0
RealWriteThroughput:0
当前玩家的连接数量:0
当前地图的线程个数：9
当前地图的个数:47
当前数据库执行队列数:0
当前发送队列缓存的对象数量:0
totalMemory：923271168, use ：558974904, free ：364296264DirectMemory：1827143680, 恢复 ：1
当前时间 ：2026-08-15 14:35:25send keng：-1, sheng ：4194304
decode keng：-1, sheng ：2097152
world keng：2, sheng ：1048576

2026-08-15 14:35:30.214 INFO [pool-6-thread-10][:] - /****************流量统计******************/
LastReadBytes:0
LastReadThroughput:0
LastWrittenBytes:0
LastWriteThroughput:0
RealWrittenBytes:0
RealWriteThroughput:0
当前玩家的连接数量:0
当前地图的线程个数：9
当前地图的个数:47
当前数据库执行队列数:0
当前发送队列缓存的对象数量:0
totalMemory：923271168, use ：561535384, free ：361735784DirectMemory：1827143680, 恢复 ：1
当前时间 ：2026-08-15 14:35:30send keng：-1, sheng ：4194304
decode keng：-1, sheng ：2097152
world keng：2, sheng ：1048576

2026-08-15 14:35:35.213 INFO [pool-6-thread-1][:] - /****************流量统计******************/
LastReadBytes:0
LastReadThroughput:0
LastWrittenBytes:0
LastWriteThroughput:0
RealWrittenBytes:0
RealWriteThroughput:0
当前玩家的连接数量:0
当前地图的线程个数：9
当前地图的个数:47
当前数据库执行队列数:0
当前发送队列缓存的对象数量:0
totalMemory：923271168, use ：563350536, free ：359920632DirectMemory：1827143680, 恢复 ：1
当前时间 ：2026-08-15 14:35:35send keng：-1, sheng ：4194304
decode keng：-1, sheng ：2097152
world keng：2, sheng ：1048576

2026-08-15 14:35:40.214 INFO [pool-6-thread-4][:] - /****************流量统计******************/
LastReadBytes:0
LastReadThroughput:0
LastWrittenBytes:0
LastWriteThroughput:0
RealWrittenBytes:0
RealWriteThroughput:0
当前玩家的连接数量:0
当前地图的线程个数：9
当前地图的个数:47
当前数据库执行队列数:0
当前发送队列缓存的对象数量:0
totalMemory：923271168, use ：565424800, free ：357846368DirectMemory：1827143680, 恢复 ：1
当前时间 ：2026-08-15 14:35:40send keng：-1, sheng ：4194304
decode keng：-1, sheng ：2097152
world keng：2, sheng ：1048576

2026-08-15 14:35:45.214 INFO [pool-6-thread-8][:] - /****************流量统计******************/
LastReadBytes:0
LastReadThroughput:0
LastWrittenBytes:0
LastWriteThroughput:0
RealWrittenBytes:0
RealWriteThroughput:0
当前玩家的连接数量:0
当前地图的线程个数：9
当前地图的个数:47
当前数据库执行队列数:0
当前发送队列缓存的对象数量:0
totalMemory：923271168, use ：567013032, free ：356258136DirectMemory：1827143680, 恢复 ：1
当前时间 ：2026-08-15 14:35:45send keng：-1, sheng ：4194304
decode keng：-1, sheng ：2097152
world keng：2, sheng ：1048576

2026-08-15 14:35:50.214 INFO [pool-6-thread-2][:] - /****************流量统计******************/
LastReadBytes:0
LastReadThroughput:0
LastWrittenBytes:0
LastWriteThroughput:0
RealWrittenBytes:0
RealWriteThroughput:0
当前玩家的连接数量:0
当前地图的线程个数：9
当前地图的个数:47
当前数据库执行队列数:0
当前发送队列缓存的对象数量:0
totalMemory：923271168, use ：569087384, free ：354183784DirectMemory：1827143680, 恢复 ：1
当前时间 ：2026-08-15 14:35:50send keng：-1, sheng ：4194304
decode keng：-1, sheng ：2097152
world keng：2, sheng ：1048576

2026-08-15 14:35:55.214 INFO [pool-6-thread-10][:] - /****************流量统计******************/
LastReadBytes:0
LastReadThroughput:0
LastWrittenBytes:0
LastWriteThroughput:0
RealWrittenBytes:0
RealWriteThroughput:0
当前玩家的连接数量:0
当前地图的线程个数：9
当前地图的个数:47
当前数据库执行队列数:0
当前发送队列缓存的对象数量:0
totalMemory：923271168, use ：571405112, free ：351866056DirectMemory：1827143680, 恢复 ：1
当前时间 ：2026-08-15 14:35:55send keng：-1, sheng ：4194304
decode keng：-1, sheng ：2097152
world keng：2, sheng ：1048576

2026-08-15 14:36:00.214 INFO [pool-6-thread-4][:] - /****************流量统计******************/
LastReadBytes:0
LastReadThroughput:0
LastWrittenBytes:0
LastWriteThroughput:0
RealWrittenBytes:0
RealWriteThroughput:0
当前玩家的连接数量:0
当前地图的线程个数：9
当前地图的个数:47
当前数据库执行队列数:0
当前发送队列缓存的对象数量:0
totalMemory：923271168, use ：574192480, free ：349078688DirectMemory：1827143680, 恢复 ：1
当前时间 ：2026-08-15 14:36:00send keng：-1, sheng ：4194304
decode keng：-1, sheng ：2097152
world keng：2, sheng ：1048576

2026-08-15 14:36:05.214 INFO [pool-6-thread-5][:] - /****************流量统计******************/
LastReadBytes:0
LastReadThroughput:0
LastWrittenBytes:0
LastWriteThroughput:0
RealWrittenBytes:0
RealWriteThroughput:0
当前玩家的连接数量:0
当前地图的线程个数：9
当前地图的个数:47
当前数据库执行队列数:0
当前发送队列缓存的对象数量:0
totalMemory：923271168, use ：579637208, free ：343633960DirectMemory：1827143680, 恢复 ：1
当前时间 ：2026-08-15 14:36:05send keng：-1, sheng ：4194304
decode keng：-1, sheng ：2097152
world keng：2, sheng ：1048576

2026-08-15 14:36:10.214 INFO [pool-6-thread-5][:] - /****************流量统计******************/
LastReadBytes:0
LastReadThroughput:0
LastWrittenBytes:0
LastWriteThroughput:0
RealWrittenBytes:0
RealWriteThroughput:0
当前玩家的连接数量:0
当前地图的线程个数：9
当前地图的个数:47
当前数据库执行队列数:0
当前发送队列缓存的对象数量:0
totalMemory：923271168, use ：582473584, free ：340797584DirectMemory：1827143680, 恢复 ：1
当前时间 ：2026-08-15 14:36:10send keng：-1, sheng ：4194304
decode keng：-1, sheng ：2097152
world keng：2, sheng ：1048576

2026-08-15 14:36:15.214 INFO [pool-6-thread-4][:] - /****************流量统计******************/
LastReadBytes:0
LastReadThroughput:0
LastWrittenBytes:0
LastWriteThroughput:0
RealWrittenBytes:0
RealWriteThroughput:0
当前玩家的连接数量:0
当前地图的线程个数：9
当前地图的个数:47
当前数据库执行队列数:0
当前发送队列缓存的对象数量:0
totalMemory：923271168, use ：586201120, free ：337070048DirectMemory：1827143680, 恢复 ：1
当前时间 ：2026-08-15 14:36:15send keng：-1, sheng ：4194304
decode keng：-1, sheng ：2097152
world keng：2, sheng ：1048576

2026-08-15 14:36:20.213 INFO [pool-6-thread-4][:] - /****************流量统计******************/
LastReadBytes:0
LastReadThroughput:0
LastWrittenBytes:0
LastWriteThroughput:0
RealWrittenBytes:0
RealWriteThroughput:0
当前玩家的连接数量:0
当前地图的线程个数：9
当前地图的个数:47
当前数据库执行队列数:0
当前发送队列缓存的对象数量:0
totalMemory：923271168, use ：588697176, free ：334573992DirectMemory：1827143680, 恢复 ：1
当前时间 ：2026-08-15 14:36:20send keng：-1, sheng ：4194304
decode keng：-1, sheng ：2097152
world keng：2, sheng ：1048576

2026-08-15 14:36:25.214 INFO [pool-6-thread-5][:] - /****************流量统计******************/
LastReadBytes:0
LastReadThroughput:0
LastWrittenBytes:0
LastWriteThroughput:0
RealWrittenBytes:0
RealWriteThroughput:0
当前玩家的连接数量:0
当前地图的线程个数：9
当前地图的个数:47
当前数据库执行队列数:0
当前发送队列缓存的对象数量:0
totalMemory：923271168, use ：591338912, free ：331932256DirectMemory：1827143680, 恢复 ：1
当前时间 ：2026-08-15 14:36:25send keng：-1, sheng ：4194304
decode keng：-1, sheng ：2097152
world keng：2, sheng ：1048576

2026-08-15 14:36:30.213 INFO [pool-6-thread-10][:] - /****************流量统计******************/
LastReadBytes:0
LastReadThroughput:0
LastWrittenBytes:0
LastWriteThroughput:0
RealWrittenBytes:0
RealWriteThroughput:0
当前玩家的连接数量:0
当前地图的线程个数：9
当前地图的个数:47
当前数据库执行队列数:0
当前发送队列缓存的对象数量:0
totalMemory：923271168, use ：595034160, free ：328237008DirectMemory：1827143680, 恢复 ：1
当前时间 ：2026-08-15 14:36:30send keng：-1, sheng ：4194304
decode keng：-1, sheng ：2097152
world keng：2, sheng ：1048576

2026-08-15 14:36:35.213 INFO [pool-6-thread-3][:] - /****************流量统计******************/
LastReadBytes:0
LastReadThroughput:0
LastWrittenBytes:0
LastWriteThroughput:0
RealWrittenBytes:0
RealWriteThroughput:0
当前玩家的连接数量:0
当前地图的线程个数：9
当前地图的个数:47
当前数据库执行队列数:0
当前发送队列缓存的对象数量:0
totalMemory：923271168, use ：597676064, free ：325595104DirectMemory：1827143680, 恢复 ：1
当前时间 ：2026-08-15 14:36:35send keng：-1, sheng ：4194304
decode keng：-1, sheng ：2097152
world keng：2, sheng ：1048576

2026-08-15 14:36:40.214 INFO [pool-6-thread-2][:] - /****************流量统计******************/
LastReadBytes:0
LastReadThroughput:0
LastWrittenBytes:0
LastWriteThroughput:0
RealWrittenBytes:0
RealWriteThroughput:0
当前玩家的连接数量:0
当前地图的线程个数：9
当前地图的个数:47
当前数据库执行队列数:0
当前发送队列缓存的对象数量:0
totalMemory：923271168, use ：600220824, free ：323050344DirectMemory：1827143680, 恢复 ：1
当前时间 ：2026-08-15 14:36:40send keng：-1, sheng ：4194304
decode keng：-1, sheng ：2097152
world keng：2, sheng ：1048576

2026-08-15 14:36:45.214 INFO [pool-6-thread-8][:] - /****************流量统计******************/
LastReadBytes:0
LastReadThroughput:0
LastWrittenBytes:0
LastWriteThroughput:0
RealWrittenBytes:0
RealWriteThroughput:0
当前玩家的连接数量:0
当前地图的线程个数：9
当前地图的个数:47
当前数据库执行队列数:0
当前发送队列缓存的对象数量:0
totalMemory：923271168, use ：603462224, free ：319808944DirectMemory：1827143680, 恢复 ：1
当前时间 ：2026-08-15 14:36:45send keng：-1, sheng ：4194304
decode keng：-1, sheng ：2097152
world keng：2, sheng ：1048576

2026-08-15 14:36:50.214 INFO [pool-6-thread-7][:] - /****************流量统计******************/
LastReadBytes:0
LastReadThroughput:0
LastWrittenBytes:0
LastWriteThroughput:0
RealWrittenBytes:0
RealWriteThroughput:0
当前玩家的连接数量:0
当前地图的线程个数：9
当前地图的个数:47
当前数据库执行队列数:0
当前发送队列缓存的对象数量:0
totalMemory：923271168, use ：608016104, free ：315255064DirectMemory：1827143680, 恢复 ：1
当前时间 ：2026-08-15 14:36:50send keng：-1, sheng ：4194304
decode keng：-1, sheng ：2097152
world keng：2, sheng ：1048576

2026-08-15 14:36:55.214 INFO [pool-6-thread-7][:] - /****************流量统计******************/
LastReadBytes:0
LastReadThroughput:0
LastWrittenBytes:0
LastWriteThroughput:0
RealWrittenBytes:0
RealWriteThroughput:0
当前玩家的连接数量:0
当前地图的线程个数：9
当前地图的个数:47
当前数据库执行队列数:0
当前发送队列缓存的对象数量:0
totalMemory：923271168, use ：610512168, free ：312759000DirectMemory：1827143680, 恢复 ：1
当前时间 ：2026-08-15 14:36:55send keng：-1, sheng ：4194304
decode keng：-1, sheng ：2097152
world keng：2, sheng ：1048576

2026-08-15 14:37:00.213 INFO [pool-6-thread-8][:] - /****************流量统计******************/
LastReadBytes:0
LastReadThroughput:0
LastWrittenBytes:0
LastWriteThroughput:0
RealWrittenBytes:0
RealWriteThroughput:0
当前玩家的连接数量:0
当前地图的线程个数：9
当前地图的个数:47
当前数据库执行队列数:0
当前发送队列缓存的对象数量:0
totalMemory：923271168, use ：612813512, free ：310457656DirectMemory：1827143680, 恢复 ：1
当前时间 ：2026-08-15 14:37:00send keng：-1, sheng ：4194304
decode keng：-1, sheng ：2097152
world keng：2, sheng ：1048576

2026-08-15 14:37:05.214 INFO [pool-6-thread-1][:] - /****************流量统计******************/
LastReadBytes:0
LastReadThroughput:0
LastWrittenBytes:0
LastWriteThroughput:0
RealWrittenBytes:0
RealWriteThroughput:0
当前玩家的连接数量:0
当前地图的线程个数：9
当前地图的个数:47
当前数据库执行队列数:0
当前发送队列缓存的对象数量:0
totalMemory：923271168, use ：615593448, free ：307677720DirectMemory：1827143680, 恢复 ：1
当前时间 ：2026-08-15 14:37:05send keng：-1, sheng ：4194304
decode keng：-1, sheng ：2097152
world keng：2, sheng ：1048576

2026-08-15 14:37:10.214 INFO [pool-6-thread-4][:] - /****************流量统计******************/
LastReadBytes:0
LastReadThroughput:0
LastWrittenBytes:0
LastWriteThroughput:0
RealWrittenBytes:0
RealWriteThroughput:0
当前玩家的连接数量:0
当前地图的线程个数：9
当前地图的个数:47
当前数据库执行队列数:0
当前发送队列缓存的对象数量:0
totalMemory：923271168, use ：619630920, free ：303640248DirectMemory：1827143680, 恢复 ：1
当前时间 ：2026-08-15 14:37:10send keng：-1, sheng ：4194304
decode keng：-1, sheng ：2097152
world keng：2, sheng ：1048576

2026-08-15 14:37:15.214 INFO [pool-6-thread-4][:] - /****************流量统计******************/
LastReadBytes:0
LastReadThroughput:0
LastWrittenBytes:0
LastWriteThroughput:0
RealWrittenBytes:0
RealWriteThroughput:0
当前玩家的连接数量:0
当前地图的线程个数：9
当前地图的个数:47
当前数据库执行队列数:0
当前发送队列缓存的对象数量:0
totalMemory：923271168, use ：623131536, free ：300139632DirectMemory：1827143680, 恢复 ：1
当前时间 ：2026-08-15 14:37:15send keng：-1, sheng ：4194304
decode keng：-1, sheng ：2097152
world keng：2, sheng ：1048576

2026-08-15 14:37:20.214 INFO [pool-6-thread-5][:] - /****************流量统计******************/
LastReadBytes:0
LastReadThroughput:0
LastWrittenBytes:0
LastWriteThroughput:0
RealWrittenBytes:0
RealWriteThroughput:0
当前玩家的连接数量:0
当前地图的线程个数：9
当前地图的个数:47
当前数据库执行队列数:0
当前发送队列缓存的对象数量:0
totalMemory：923271168, use ：625644024, free ：297627144DirectMemory：1827143680, 恢复 ：1
当前时间 ：2026-08-15 14:37:20send keng：-1, sheng ：4194304
decode keng：-1, sheng ：2097152
world keng：2, sheng ：1048576

2026-08-15 14:37:25.214 INFO [pool-6-thread-6][:] - /****************流量统计******************/
LastReadBytes:0
LastReadThroughput:0
LastWrittenBytes:0
LastWriteThroughput:0
RealWrittenBytes:0
RealWriteThroughput:0
当前玩家的连接数量:0
当前地图的线程个数：9
当前地图的个数:47
当前数据库执行队列数:0
当前发送队列缓存的对象数量:0
totalMemory：923271168, use ：629112328, free ：294158840DirectMemory：1827143680, 恢复 ：1
当前时间 ：2026-08-15 14:37:25send keng：-1, sheng ：4194304
decode keng：-1, sheng ：2097152
world keng：2, sheng ：1048576

2026-08-15 14:37:30.214 INFO [pool-6-thread-8][:] - /****************流量统计******************/
LastReadBytes:0
LastReadThroughput:0
LastWrittenBytes:0
LastWriteThroughput:0
RealWrittenBytes:0
RealWriteThroughput:0
当前玩家的连接数量:0
当前地图的线程个数：9
当前地图的个数:47
当前数据库执行队列数:0
当前发送队列缓存的对象数量:0
totalMemory：923271168, use ：631268056, free ：292003112DirectMemory：1827143680, 恢复 ：1
当前时间 ：2026-08-15 14:37:30send keng：-1, sheng ：4194304
decode keng：-1, sheng ：2097152
world keng：2, sheng ：1048576

2026-08-15 14:37:35.213 INFO [pool-6-thread-2][:] - /****************流量统计******************/
LastReadBytes:0
LastReadThroughput:0
LastWrittenBytes:0
LastWriteThroughput:0
RealWrittenBytes:0
RealWriteThroughput:0
当前玩家的连接数量:0
当前地图的线程个数：9
当前地图的个数:47
当前数据库执行队列数:0
当前发送队列缓存的对象数量:0
totalMemory：923271168, use ：633764136, free ：289507032DirectMemory：1827143680, 恢复 ：1
当前时间 ：2026-08-15 14:37:35send keng：-1, sheng ：4194304
decode keng：-1, sheng ：2097152
world keng：2, sheng ：1048576

2026-08-15 14:37:40.213 INFO [pool-6-thread-2][:] - /****************流量统计******************/
LastReadBytes:0
LastReadThroughput:0
LastWrittenBytes:0
LastWriteThroughput:0
RealWrittenBytes:0
RealWriteThroughput:0
当前玩家的连接数量:0
当前地图的线程个数：9
当前地图的个数:47
当前数据库执行队列数:0
当前发送队列缓存的对象数量:0
totalMemory：923271168, use ：637005528, free ：286265640DirectMemory：1827143680, 恢复 ：1
当前时间 ：2026-08-15 14:37:40send keng：-1, sheng ：4194304
decode keng：-1, sheng ：2097152
world keng：2, sheng ：1048576

2026-08-15 14:37:45.213 INFO [pool-6-thread-1][:] - /****************流量统计******************/
LastReadBytes:0
LastReadThroughput:0
LastWrittenBytes:0
LastWriteThroughput:0
RealWrittenBytes:0
RealWriteThroughput:0
当前玩家的连接数量:0
当前地图的线程个数：9
当前地图的个数:47
当前数据库执行队列数:0
当前发送队列缓存的对象数量:0
totalMemory：923271168, use ：640992304, free ：282278864DirectMemory：1827143680, 恢复 ：1
当前时间 ：2026-08-15 14:37:45send keng：-1, sheng ：4194304
decode keng：-1, sheng ：2097152
world keng：2, sheng ：1048576

2026-08-15 14:37:50.214 INFO [pool-6-thread-8][:] - /****************流量统计******************/
LastReadBytes:0
LastReadThroughput:0
LastWrittenBytes:0
LastWriteThroughput:0
RealWrittenBytes:0
RealWriteThroughput:0
当前玩家的连接数量:0
当前地图的线程个数：9
当前地图的个数:47
当前数据库执行队列数:0
当前发送队列缓存的对象数量:0
totalMemory：923271168, use ：643634120, free ：279637048DirectMemory：1827143680, 恢复 ：1
当前时间 ：2026-08-15 14:37:50send keng：-1, sheng ：4194304
decode keng：-1, sheng ：2097152
world keng：2, sheng ：1048576

2026-08-15 14:37:55.214 INFO [pool-6-thread-2][:] - /****************流量统计******************/
LastReadBytes:0
LastReadThroughput:0
LastWrittenBytes:0
LastWriteThroughput:0
RealWrittenBytes:0
RealWriteThroughput:0
当前玩家的连接数量:0
当前地图的线程个数：9
当前地图的个数:47
当前数据库执行队列数:0
当前发送队列缓存的对象数量:0
totalMemory：923271168, use ：646016632, free ：277254536DirectMemory：1827143680, 恢复 ：1
当前时间 ：2026-08-15 14:37:55send keng：-1, sheng ：4194304
decode keng：-1, sheng ：2097152
world keng：2, sheng ：1048576

2026-08-15 14:38:00.214 INFO [pool-6-thread-4][:] - /****************流量统计******************/
LastReadBytes:0
LastReadThroughput:0
LastWrittenBytes:0
LastWriteThroughput:0
RealWrittenBytes:0
RealWriteThroughput:0
当前玩家的连接数量:0
当前地图的线程个数：9
当前地图的个数:47
当前数据库执行队列数:0
当前发送队列缓存的对象数量:0
totalMemory：923271168, use ：649015176, free ：274255992DirectMemory：1827143680, 恢复 ：1
当前时间 ：2026-08-15 14:38:00send keng：-1, sheng ：4194304
decode keng：-1, sheng ：2097152
world keng：2, sheng ：1048576

2026-08-15 14:38:05.214 INFO [pool-6-thread-6][:] - /****************流量统计******************/
LastReadBytes:0
LastReadThroughput:0
LastWrittenBytes:0
LastWriteThroughput:0
RealWrittenBytes:0
RealWriteThroughput:0
当前玩家的连接数量:0
当前地图的线程个数：9
当前地图的个数:47
当前数据库执行队列数:0
当前发送队列缓存的对象数量:0
totalMemory：923271168, use ：652483352, free ：270787816DirectMemory：1827143680, 恢复 ：1
当前时间 ：2026-08-15 14:38:05send keng：-1, sheng ：4194304
decode keng：-1, sheng ：2097152
world keng：2, sheng ：1048576

2026-08-15 14:38:10.214 INFO [pool-6-thread-3][:] - /****************流量统计******************/
LastReadBytes:0
LastReadThroughput:0
LastWrittenBytes:0
LastWriteThroughput:0
RealWrittenBytes:0
RealWriteThroughput:0
当前玩家的连接数量:0
当前地图的线程个数：9
当前地图的个数:47
当前数据库执行队列数:0
当前发送队列缓存的对象数量:0
totalMemory：923271168, use ：658268488, free ：265002680DirectMemory：1827143680, 恢复 ：1
当前时间 ：2026-08-15 14:38:10send keng：-1, sheng ：4194304
decode keng：-1, sheng ：2097152
world keng：2, sheng ：1048576

2026-08-15 14:38:15.214 INFO [pool-6-thread-9][:] - /****************流量统计******************/
LastReadBytes:0
LastReadThroughput:0
LastWrittenBytes:0
LastWriteThroughput:0
RealWrittenBytes:0
RealWriteThroughput:0
当前玩家的连接数量:0
当前地图的线程个数：9
当前地图的个数:47
当前数据库执行队列数:0
当前发送队列缓存的对象数量:0
totalMemory：923271168, use ：661509824, free ：261761344DirectMemory：1827143680, 恢复 ：1
当前时间 ：2026-08-15 14:38:15send keng：-1, sheng ：4194304
decode keng：-1, sheng ：2097152
world keng：2, sheng ：1048576

2026-08-15 14:38:20.214 INFO [pool-6-thread-9][:] - /****************流量统计******************/
LastReadBytes:0
LastReadThroughput:0
LastWrittenBytes:0
LastWriteThroughput:0
RealWrittenBytes:0
RealWriteThroughput:0
当前玩家的连接数量:0
当前地图的线程个数：9
当前地图的个数:47
当前数据库执行队列数:0
当前发送队列缓存的对象数量:0
totalMemory：923271168, use ：664005888, free ：259265280DirectMemory：1827143680, 恢复 ：1
当前时间 ：2026-08-15 14:38:20send keng：-1, sheng ：4194304
decode keng：-1, sheng ：2097152
world keng：2, sheng ：1048576

2026-08-15 14:38:25.214 INFO [pool-6-thread-10][:] - /****************流量统计******************/
LastReadBytes:0
LastReadThroughput:0
LastWrittenBytes:0
LastWriteThroughput:0
RealWrittenBytes:0
RealWriteThroughput:0
当前玩家的连接数量:0
当前地图的线程个数：9
当前地图的个数:47
当前数据库执行队列数:0
当前发送队列缓存的对象数量:0
totalMemory：923271168, use ：666906912, free ：256364256DirectMemory：1827143680, 恢复 ：1
当前时间 ：2026-08-15 14:38:25send keng：-1, sheng ：4194304
decode keng：-1, sheng ：2097152
world keng：2, sheng ：1048576

2026-08-15 14:38:30.213 INFO [pool-6-thread-6][:] - /****************流量统计******************/
LastReadBytes:0
LastReadThroughput:0
LastWrittenBytes:0
LastWriteThroughput:0
RealWrittenBytes:0
RealWriteThroughput:0
当前玩家的连接数量:0
当前地图的线程个数：9
当前地图的个数:47
当前数据库执行队列数:0
当前发送队列缓存的对象数量:0
totalMemory：923271168, use ：669775576, free ：253495592DirectMemory：1827143680, 恢复 ：1
当前时间 ：2026-08-15 14:38:30send keng：-1, sheng ：4194304
decode keng：-1, sheng ：2097152
world keng：2, sheng ：1048576

2026-08-15 14:38:35.214 INFO [pool-6-thread-7][:] - /****************流量统计******************/
LastReadBytes:0
LastReadThroughput:0
LastWrittenBytes:0
LastWriteThroughput:0
RealWrittenBytes:0
RealWriteThroughput:0
当前玩家的连接数量:0
当前地图的线程个数：9
当前地图的个数:47
当前数据库执行队列数:0
当前发送队列缓存的对象数量:0
totalMemory：923271168, use ：673503072, free ：249768096DirectMemory：1827143680, 恢复 ：1
当前时间 ：2026-08-15 14:38:35send keng：-1, sheng ：4194304
decode keng：-1, sheng ：2097152
world keng：2, sheng ：1048576

2026-08-15 14:38:40.213 INFO [pool-6-thread-9][:] - /****************流量统计******************/
LastReadBytes:0
LastReadThroughput:0
LastWrittenBytes:0
LastWriteThroughput:0
RealWrittenBytes:0
RealWriteThroughput:0
当前玩家的连接数量:0
当前地图的线程个数：9
当前地图的个数:47
当前数据库执行队列数:0
当前发送队列缓存的对象数量:0
totalMemory：923271168, use ：676161264, free ：247109904DirectMemory：1827143680, 恢复 ：1
当前时间 ：2026-08-15 14:38:40send keng：-1, sheng ：4194304
decode keng：-1, sheng ：2097152
world keng：2, sheng ：1048576

2026-08-15 14:38:45.214 INFO [pool-6-thread-6][:] - /****************流量统计******************/
LastReadBytes:0
LastReadThroughput:0
LastWrittenBytes:0
LastWriteThroughput:0
RealWrittenBytes:0
RealWriteThroughput:0
当前玩家的连接数量:0
当前地图的线程个数：9
当前地图的个数:47
当前数据库执行队列数:0
当前发送队列缓存的对象数量:0
totalMemory：923271168, use ：679143496, free ：244127672DirectMemory：1827143680, 恢复 ：1
当前时间 ：2026-08-15 14:38:45send keng：-1, sheng ：4194304
decode keng：-1, sheng ：2097152
world keng：2, sheng ：1048576

2026-08-15 14:38:50.214 INFO [pool-6-thread-2][:] - /****************流量统计******************/
LastReadBytes:0
LastReadThroughput:0
LastWrittenBytes:0
LastWriteThroughput:0
RealWrittenBytes:0
RealWriteThroughput:0
当前玩家的连接数量:0
当前地图的线程个数：9
当前地图的个数:47
当前数据库执行队列数:0
当前发送队列缓存的对象数量:0
totalMemory：923271168, use ：681412704, free ：241858464DirectMemory：1827143680, 恢复 ：1
当前时间 ：2026-08-15 14:38:50send keng：-1, sheng ：4194304
decode keng：-1, sheng ：2097152
world keng：2, sheng ：1048576

2026-08-15 14:38:55.213 INFO [pool-6-thread-4][:] - /****************流量统计******************/
LastReadBytes:0
LastReadThroughput:0
LastWrittenBytes:0
LastWriteThroughput:0
RealWrittenBytes:0
RealWriteThroughput:0
当前玩家的连接数量:0
当前地图的线程个数：9
当前地图的个数:47
当前数据库执行队列数:0
当前发送队列缓存的对象数量:0
totalMemory：923271168, use ：683827624, free ：239443544DirectMemory：1827143680, 恢复 ：1
当前时间 ：2026-08-15 14:38:55send keng：-1, sheng ：4194304
decode keng：-1, sheng ：2097152
world keng：2, sheng ：1048576

2026-08-15 14:39:00.213 INFO [pool-6-thread-9][:] - /****************流量统计******************/
LastReadBytes:0
LastReadThroughput:0
LastWrittenBytes:0
LastWriteThroughput:0
RealWrittenBytes:0
RealWriteThroughput:0
当前玩家的连接数量:0
当前地图的线程个数：9
当前地图的个数:47
当前数据库执行队列数:0
当前发送队列缓存的对象数量:0
totalMemory：923271168, use ：687555064, free ：235716104DirectMemory：1827143680, 恢复 ：1
当前时间 ：2026-08-15 14:39:00send keng：-1, sheng ：4194304
decode keng：-1, sheng ：2097152
world keng：2, sheng ：1048576

2026-08-15 14:39:05.213 INFO [pool-6-thread-6][:] - /****************流量统计******************/
LastReadBytes:0
LastReadThroughput:0
LastWrittenBytes:0
LastWriteThroughput:0
RealWrittenBytes:0
RealWriteThroughput:0
当前玩家的连接数量:0
当前地图的线程个数：9
当前地图的个数:47
当前数据库执行队列数:0
当前发送队列缓存的对象数量:0
totalMemory：923271168, use ：691169176, free ：232101992DirectMemory：1827143680, 恢复 ：1
当前时间 ：2026-08-15 14:39:05send keng：-1, sheng ：4194304
decode keng：-1, sheng ：2097152
world keng：2, sheng ：1048576

2026-08-15 14:39:10.213 INFO [pool-6-thread-2][:] - /****************流量统计******************/
LastReadBytes:0
LastReadThroughput:0
LastWrittenBytes:0
LastWriteThroughput:0
RealWrittenBytes:0
RealWriteThroughput:0
当前玩家的连接数量:0
当前地图的线程个数：9
当前地图的个数:47
当前数据库执行队列数:0
当前发送队列缓存的对象数量:0
totalMemory：923271168, use ：693551680, free ：229719488DirectMemory：1827143680, 恢复 ：1
当前时间 ：2026-08-15 14:39:10send keng：-1, sheng ：4194304
decode keng：-1, sheng ：2097152
world keng：2, sheng ：1048576

2026-08-15 14:39:15.213 INFO [pool-6-thread-7][:] - /****************流量统计******************/
LastReadBytes:0
LastReadThroughput:0
LastWrittenBytes:0
LastWriteThroughput:0
RealWrittenBytes:0
RealWriteThroughput:0
当前玩家的连接数量:0
当前地图的线程个数：9
当前地图的个数:47
当前数据库执行队列数:0
当前发送队列缓存的对象数量:0
totalMemory：923271168, use ：696906560, free ：226364608DirectMemory：1827143680, 恢复 ：1
当前时间 ：2026-08-15 14:39:15send keng：-1, sheng ：4194304
decode keng：-1, sheng ：2097152
world keng：2, sheng ：1048576

2026-08-15 14:39:20.214 INFO [pool-6-thread-1][:] - /****************流量统计******************/
LastReadBytes:0
LastReadThroughput:0
LastWrittenBytes:0
LastWriteThroughput:0
RealWrittenBytes:0
RealWriteThroughput:0
当前玩家的连接数量:0
当前地图的线程个数：9
当前地图的个数:47
当前数据库执行队列数:0
当前发送队列缓存的对象数量:0
totalMemory：923271168, use ：699532400, free ：223738768DirectMemory：1827143680, 恢复 ：1
当前时间 ：2026-08-15 14:39:20send keng：-1, sheng ：4194304
decode keng：-1, sheng ：2097152
world keng：2, sheng ：1048576

2026-08-15 14:39:25.214 INFO [pool-6-thread-9][:] - /****************流量统计******************/
LastReadBytes:0
LastReadThroughput:0
LastWrittenBytes:0
LastWriteThroughput:0
RealWrittenBytes:0
RealWriteThroughput:0
当前玩家的连接数量:0
当前地图的线程个数：9
当前地图的个数:47
当前数据库执行队列数:0
当前发送队列缓存的对象数量:0
totalMemory：923271168, use ：702401152, free ：220870016DirectMemory：1827143680, 恢复 ：1
当前时间 ：2026-08-15 14:39:25send keng：-1, sheng ：4194304
decode keng：-1, sheng ：2097152
world keng：2, sheng ：1048576

2026-08-15 14:39:30.214 INFO [pool-6-thread-1][:] - /****************流量统计******************/
LastReadBytes:0
LastReadThroughput:0
LastWrittenBytes:0
LastWriteThroughput:0
RealWrittenBytes:0
RealWriteThroughput:0
当前玩家的连接数量:0
当前地图的线程个数：9
当前地图的个数:47
当前数据库执行队列数:0
当前发送队列缓存的对象数量:0
totalMemory：923271168, use ：705415672, free ：217855496DirectMemory：1827143680, 恢复 ：1
当前时间 ：2026-08-15 14:39:30send keng：-1, sheng ：4194304
decode keng：-1, sheng ：2097152
world keng：2, sheng ：1048576

2026-08-15 14:39:35.214 INFO [pool-6-thread-1][:] - /****************流量统计******************/
LastReadBytes:0
LastReadThroughput:0
LastWrittenBytes:0
LastWriteThroughput:0
RealWrittenBytes:0
RealWriteThroughput:0
当前玩家的连接数量:0
当前地图的线程个数：9
当前地图的个数:47
当前数据库执行队列数:0
当前发送队列缓存的对象数量:0
totalMemory：923271168, use ：707603696, free ：215667472DirectMemory：1827143680, 恢复 ：1
当前时间 ：2026-08-15 14:39:35send keng：-1, sheng ：4194304
decode keng：-1, sheng ：2097152
world keng：2, sheng ：1048576

2026-08-15 14:39:40.214 INFO [pool-6-thread-5][:] - /****************流量统计******************/
LastReadBytes:0
LastReadThroughput:0
LastWrittenBytes:0
LastWriteThroughput:0
RealWrittenBytes:0
RealWriteThroughput:0
当前玩家的连接数量:0
当前地图的线程个数：9
当前地图的个数:47
当前数据库执行队列数:0
当前发送队列缓存的对象数量:0
totalMemory：923271168, use ：711671544, free ：211599624DirectMemory：1827143680, 恢复 ：1
当前时间 ：2026-08-15 14:39:40send keng：-1, sheng ：4194304
decode keng：-1, sheng ：2097152
world keng：2, sheng ：1048576

2026-08-15 14:39:45.213 INFO [pool-6-thread-5][:] - /****************流量统计******************/
LastReadBytes:0
LastReadThroughput:0
LastWrittenBytes:0
LastWriteThroughput:0
RealWrittenBytes:0
RealWriteThroughput:0
当前玩家的连接数量:0
当前地图的线程个数：9
当前地图的个数:47
当前数据库执行队列数:0
当前发送队列缓存的对象数量:0
totalMemory：923271168, use ：714426920, free ：208844248DirectMemory：1827143680, 恢复 ：1
当前时间 ：2026-08-15 14:39:45send keng：-1, sheng ：4194304
decode keng：-1, sheng ：2097152
world keng：2, sheng ：1048576

2026-08-15 14:39:50.213 INFO [pool-6-thread-7][:] - /****************流量统计******************/
LastReadBytes:0
LastReadThroughput:0
LastWrittenBytes:0
LastWriteThroughput:0
RealWrittenBytes:0
RealWriteThroughput:0
当前玩家的连接数量:0
当前地图的线程个数：9
当前地图的个数:47
当前数据库执行队列数:0
当前发送队列缓存的对象数量:0
totalMemory：992477184, use ：443666824, free ：548810360DirectMemory：1827143680, 恢复 ：1
当前时间 ：2026-08-15 14:39:50send keng：-1, sheng ：4194304
decode keng：-1, sheng ：2097152
world keng：2, sheng ：1048576

2026-08-15 14:39:55.213 INFO [pool-6-thread-5][:] - /****************流量统计******************/
LastReadBytes:0
LastReadThroughput:0
LastWrittenBytes:0
LastWriteThroughput:0
RealWrittenBytes:0
RealWriteThroughput:0
当前玩家的连接数量:0
当前地图的线程个数：9
当前地图的个数:47
当前数据库执行队列数:0
当前发送队列缓存的对象数量:0
totalMemory：992477184, use ：446560984, free ：545916200DirectMemory：1827143680, 恢复 ：1
当前时间 ：2026-08-15 14:39:55send keng：-1, sheng ：4194304
decode keng：-1, sheng ：2097152
world keng：2, sheng ：1048576

2026-08-15 14:40:00.214 INFO [pool-6-thread-1][:] - /****************流量统计******************/
LastReadBytes:0
LastReadThroughput:0
LastWrittenBytes:0
LastWriteThroughput:0
RealWrittenBytes:0
RealWriteThroughput:0
当前玩家的连接数量:0
当前地图的线程个数：9
当前地图的个数:47
当前数据库执行队列数:0
当前发送队列缓存的对象数量:0
totalMemory：992477184, use ：450320936, free ：542156248DirectMemory：1827143680, 恢复 ：1
当前时间 ：2026-08-15 14:40:00send keng：-1, sheng ：4194304
decode keng：-1, sheng ：2097152
world keng：2, sheng ：1048576

2026-08-15 14:40:05.213 INFO [pool-6-thread-7][:] - /****************流量统计******************/
LastReadBytes:0
LastReadThroughput:0
LastWrittenBytes:0
LastWriteThroughput:0
RealWrittenBytes:0
RealWriteThroughput:0
当前玩家的连接数量:0
当前地图的线程个数：9
当前地图的个数:47
当前数据库执行队列数:0
当前发送队列缓存的对象数量:0
totalMemory：992477184, use ：452818896, free ：539658288DirectMemory：1827143680, 恢复 ：1
当前时间 ：2026-08-15 14:40:05send keng：-1, sheng ：4194304
decode keng：-1, sheng ：2097152
world keng：2, sheng ：1048576

2026-08-15 14:40:10.213 INFO [pool-6-thread-10][:] - /****************流量统计******************/
LastReadBytes:0
LastReadThroughput:0
LastWrittenBytes:0
LastWriteThroughput:0
RealWrittenBytes:0
RealWriteThroughput:0
当前玩家的连接数量:0
当前地图的线程个数：9
当前地图的个数:47
当前数据库执行队列数:0
当前发送队列缓存的对象数量:0
totalMemory：992477184, use ：456196616, free ：536280568DirectMemory：1827143680, 恢复 ：1
当前时间 ：2026-08-15 14:40:10send keng：-1, sheng ：4194304
decode keng：-1, sheng ：2097152
world keng：2, sheng ：1048576

2026-08-15 14:40:15.213 INFO [pool-6-thread-6][:] - /****************流量统计******************/
LastReadBytes:0
LastReadThroughput:0
LastWrittenBytes:0
LastWriteThroughput:0
RealWrittenBytes:0
RealWriteThroughput:0
当前玩家的连接数量:0
当前地图的线程个数：9
当前地图的个数:47
当前数据库执行队列数:0
当前发送队列缓存的对象数量:0
totalMemory：992477184, use ：459080312, free ：533396872DirectMemory：1827143680, 恢复 ：1
当前时间 ：2026-08-15 14:40:15send keng：-1, sheng ：4194304
decode keng：-1, sheng ：2097152
world keng：2, sheng ：1048576

2026-08-15 14:40:20.213 INFO [pool-6-thread-7][:] - /****************流量统计******************/
LastReadBytes:0
LastReadThroughput:0
LastWrittenBytes:0
LastWriteThroughput:0
RealWrittenBytes:0
RealWriteThroughput:0
当前玩家的连接数量:0
当前地图的线程个数：9
当前地图的个数:47
当前数据库执行队列数:0
当前发送队列缓存的对象数量:0
totalMemory：992477184, use ：464029584, free ：528447600DirectMemory：1827143680, 恢复 ：1
当前时间 ：2026-08-15 14:40:20send keng：-1, sheng ：4194304
decode keng：-1, sheng ：2097152
world keng：2, sheng ：1048576

2026-08-15 14:40:25.213 INFO [pool-6-thread-10][:] - /****************流量统计******************/
LastReadBytes:0
LastReadThroughput:0
LastWrittenBytes:0
LastWriteThroughput:0
RealWrittenBytes:0
RealWriteThroughput:0
当前玩家的连接数量:0
当前地图的线程个数：9
当前地图的个数:47
当前数据库执行队列数:0
当前发送队列缓存的对象数量:0
totalMemory：992477184, use ：465792448, free ：526684736DirectMemory：1827143680, 恢复 ：1
当前时间 ：2026-08-15 14:40:25send keng：-1, sheng ：4194304
decode keng：-1, sheng ：2097152
world keng：2, sheng ：1048576

2026-08-15 14:40:30.214 INFO [pool-6-thread-10][:] - /****************流量统计******************/
LastReadBytes:0
LastReadThroughput:0
LastWrittenBytes:0
LastWriteThroughput:0
RealWrittenBytes:0
RealWriteThroughput:0
当前玩家的连接数量:0
当前地图的线程个数：9
当前地图的个数:47
当前数据库执行队列数:0
当前发送队列缓存的对象数量:0
totalMemory：992477184, use ：469387504, free ：523089680DirectMemory：1827143680, 恢复 ：1
当前时间 ：2026-08-15 14:40:30send keng：-1, sheng ：4194304
decode keng：-1, sheng ：2097152
world keng：2, sheng ：1048576

2026-08-15 14:40:35.214 INFO [pool-6-thread-2][:] - /****************流量统计******************/
LastReadBytes:0
LastReadThroughput:0
LastWrittenBytes:0
LastWriteThroughput:0
RealWrittenBytes:0
RealWriteThroughput:0
当前玩家的连接数量:0
当前地图的线程个数：9
当前地图的个数:47
当前数据库执行队列数:0
当前发送队列缓存的对象数量:0
totalMemory：992477184, use ：473005328, free ：519471856DirectMemory：1827143680, 恢复 ：1
当前时间 ：2026-08-15 14:40:35send keng：-1, sheng ：4194304
decode keng：-1, sheng ：2097152
world keng：2, sheng ：1048576

2026-08-15 14:40:40.214 INFO [pool-6-thread-1][:] - /****************流量统计******************/
LastReadBytes:0
LastReadThroughput:0
LastWrittenBytes:0
LastWriteThroughput:0
RealWrittenBytes:0
RealWriteThroughput:0
当前玩家的连接数量:0
当前地图的线程个数：9
当前地图的个数:47
当前数据库执行队列数:0
当前发送队列缓存的对象数量:0
totalMemory：992477184, use ：475311704, free ：517165480DirectMemory：1827143680, 恢复 ：1
当前时间 ：2026-08-15 14:40:40send keng：-1, sheng ：4194304
decode keng：-1, sheng ：2097152
world keng：2, sheng ：1048576

2026-08-15 14:40:45.213 INFO [pool-6-thread-4][:] - /****************流量统计******************/
LastReadBytes:0
LastReadThroughput:0
LastWrittenBytes:0
LastWriteThroughput:0
RealWrittenBytes:0
RealWriteThroughput:0
当前玩家的连接数量:0
当前地图的线程个数：9
当前地图的个数:47
当前数据库执行队列数:0
当前发送队列缓存的对象数量:0
totalMemory：992477184, use ：478681024, free ：513796160DirectMemory：1827143680, 恢复 ：1
当前时间 ：2026-08-15 14:40:45send keng：-1, sheng ：4194304
decode keng：-1, sheng ：2097152
world keng：2, sheng ：1048576

2026-08-15 14:40:50.213 INFO [pool-6-thread-9][:] - /****************流量统计******************/
LastReadBytes:0
LastReadThroughput:0
LastWrittenBytes:0
LastWriteThroughput:0
RealWrittenBytes:0
RealWriteThroughput:0
当前玩家的连接数量:0
当前地图的线程个数：9
当前地图的个数:47
当前数据库执行队列数:0
当前发送队列缓存的对象数量:0
totalMemory：992477184, use ：481508488, free ：510968696DirectMemory：1827143680, 恢复 ：1
当前时间 ：2026-08-15 14:40:50send keng：-1, sheng ：4194304
decode keng：-1, sheng ：2097152
world keng：2, sheng ：1048576

2026-08-15 14:40:55.213 INFO [pool-6-thread-1][:] - /****************流量统计******************/
LastReadBytes:0
LastReadThroughput:0
LastWrittenBytes:0
LastWriteThroughput:0
RealWrittenBytes:0
RealWriteThroughput:0
当前玩家的连接数量:0
当前地图的线程个数：9
当前地图的个数:47
当前数据库执行队列数:0
当前发送队列缓存的对象数量:0
totalMemory：992477184, use ：486694896, free ：505782288DirectMemory：1827143680, 恢复 ：1
当前时间 ：2026-08-15 14:40:55send keng：-1, sheng ：4194304
decode keng：-1, sheng ：2097152
world keng：2, sheng ：1048576

2026-08-15 14:41:00.214 INFO [pool-6-thread-7][:] - /****************流量统计******************/
LastReadBytes:0
LastReadThroughput:0
LastWrittenBytes:0
LastWriteThroughput:0
RealWrittenBytes:0
RealWriteThroughput:0
当前玩家的连接数量:0
当前地图的线程个数：9
当前地图的个数:47
当前数据库执行队列数:0
当前发送队列缓存的对象数量:0
totalMemory：992477184, use ：488416584, free ：504060600DirectMemory：1827143680, 恢复 ：1
当前时间 ：2026-08-15 14:41:00send keng：-1, sheng ：4194304
decode keng：-1, sheng ：2097152
world keng：2, sheng ：1048576

2026-08-15 14:41:05.214 INFO [pool-6-thread-9][:] - /****************流量统计******************/
LastReadBytes:0
LastReadThroughput:0
LastWrittenBytes:0
LastWriteThroughput:0
RealWrittenBytes:0
RealWriteThroughput:0
当前玩家的连接数量:0
当前地图的线程个数：9
当前地图的个数:47
当前数据库执行队列数:0
当前发送队列缓存的对象数量:0
totalMemory：992477184, use ：491693944, free ：500783240DirectMemory：1827143680, 恢复 ：1
当前时间 ：2026-08-15 14:41:05send keng：-1, sheng ：4194304
decode keng：-1, sheng ：2097152
world keng：2, sheng ：1048576

2026-08-15 14:41:10.214 INFO [pool-6-thread-2][:] - /****************流量统计******************/
LastReadBytes:0
LastReadThroughput:0
LastWrittenBytes:0
LastWriteThroughput:0
RealWrittenBytes:0
RealWriteThroughput:0
当前玩家的连接数量:0
当前地图的线程个数：9
当前地图的个数:47
当前数据库执行队列数:0
当前发送队列缓存的对象数量:0
totalMemory：992477184, use ：495252416, free ：497224768DirectMemory：1827143680, 恢复 ：1
当前时间 ：2026-08-15 14:41:10send keng：-1, sheng ：4194304
decode keng：-1, sheng ：2097152
world keng：2, sheng ：1048576

2026-08-15 14:41:15.213 INFO [pool-6-thread-7][:] - /****************流量统计******************/
LastReadBytes:0
LastReadThroughput:0
LastWrittenBytes:0
LastWriteThroughput:0
RealWrittenBytes:0
RealWriteThroughput:0
当前玩家的连接数量:0
当前地图的线程个数：9
当前地图的个数:47
当前数据库执行队列数:0
当前发送队列缓存的对象数量:0
totalMemory：992477184, use ：498056288, free ：494420896DirectMemory：1827143680, 恢复 ：1
当前时间 ：2026-08-15 14:41:15send keng：-1, sheng ：4194304
decode keng：-1, sheng ：2097152
world keng：2, sheng ：1048576

2026-08-15 14:41:20.213 INFO [pool-6-thread-5][:] - /****************流量统计******************/
LastReadBytes:0
LastReadThroughput:0
LastWrittenBytes:0
LastWriteThroughput:0
RealWrittenBytes:0
RealWriteThroughput:0
当前玩家的连接数量:0
当前地图的线程个数：9
当前地图的个数:47
当前数据库执行队列数:0
当前发送队列缓存的对象数量:0
totalMemory：992477184, use ：500921896, free ：491555288DirectMemory：1827143680, 恢复 ：1
当前时间 ：2026-08-15 14:41:20send keng：-1, sheng ：4194304
decode keng：-1, sheng ：2097152
world keng：2, sheng ：1048576

2026-08-15 14:41:25.213 INFO [pool-6-thread-1][:] - /****************流量统计******************/
LastReadBytes:0
LastReadThroughput:0
LastWrittenBytes:0
LastWriteThroughput:0
RealWrittenBytes:0
RealWriteThroughput:0
当前玩家的连接数量:0
当前地图的线程个数：9
当前地图的个数:47
当前数据库执行队列数:0
当前发送队列缓存的对象数量:0
totalMemory：992477184, use ：503515112, free ：488962072DirectMemory：1827143680, 恢复 ：1
当前时间 ：2026-08-15 14:41:25send keng：-1, sheng ：4194304
decode keng：-1, sheng ：2097152
world keng：2, sheng ：1048576

2026-08-15 14:41:30.213 INFO [pool-6-thread-5][:] - /****************流量统计******************/
LastReadBytes:0
LastReadThroughput:0
LastWrittenBytes:0
LastWriteThroughput:0
RealWrittenBytes:0
RealWriteThroughput:0
当前玩家的连接数量:0
当前地图的线程个数：9
当前地图的个数:47
当前数据库执行队列数:0
当前发送队列缓存的对象数量:0
totalMemory：992477184, use ：506616816, free ：485860368DirectMemory：1827143680, 恢复 ：1
当前时间 ：2026-08-15 14:41:30send keng：-1, sheng ：4194304
decode keng：-1, sheng ：2097152
world keng：2, sheng ：1048576

2026-08-15 14:41:35.213 INFO [pool-6-thread-2][:] - /****************流量统计******************/
LastReadBytes:0
LastReadThroughput:0
LastWrittenBytes:0
LastWriteThroughput:0
RealWrittenBytes:0
RealWriteThroughput:0
当前玩家的连接数量:0
当前地图的线程个数：9
当前地图的个数:47
当前数据库执行队列数:0
当前发送队列缓存的对象数量:0
totalMemory：992477184, use ：509743848, free ：482733336DirectMemory：1827143680, 恢复 ：1
当前时间 ：2026-08-15 14:41:35send keng：-1, sheng ：4194304
decode keng：-1, sheng ：2097152
world keng：2, sheng ：1048576

2026-08-15 14:41:40.213 INFO [pool-6-thread-2][:] - /****************流量统计******************/
LastReadBytes:0
LastReadThroughput:0
LastWrittenBytes:0
LastWriteThroughput:0
RealWrittenBytes:0
RealWriteThroughput:0
当前玩家的连接数量:0
当前地图的线程个数：9
当前地图的个数:47
当前数据库执行队列数:0
当前发送队列缓存的对象数量:0
totalMemory：992477184, use ：512687200, free ：479789984DirectMemory：1827143680, 恢复 ：1
当前时间 ：2026-08-15 14:41:40send keng：-1, sheng ：4194304
decode keng：-1, sheng ：2097152
world keng：2, sheng ：1048576

2026-08-15 14:41:45.213 INFO [pool-6-thread-8][:] - /****************流量统计******************/
LastReadBytes:0
LastReadThroughput:0
LastWrittenBytes:0
LastWriteThroughput:0
RealWrittenBytes:0
RealWriteThroughput:0
当前玩家的连接数量:0
当前地图的线程个数：9
当前地图的个数:47
当前数据库执行队列数:0
当前发送队列缓存的对象数量:0
totalMemory：992477184, use ：515967768, free ：476509416DirectMemory：1827143680, 恢复 ：1
当前时间 ：2026-08-15 14:41:45send keng：-1, sheng ：4194304
decode keng：-1, sheng ：2097152
world keng：2, sheng ：1048576

2026-08-15 14:41:50.213 INFO [pool-6-thread-8][:] - /****************流量统计******************/
LastReadBytes:0
LastReadThroughput:0
LastWrittenBytes:0
LastWriteThroughput:0
RealWrittenBytes:0
RealWriteThroughput:0
当前玩家的连接数量:0
当前地图的线程个数：9
当前地图的个数:47
当前数据库执行队列数:0
当前发送队列缓存的对象数量:0
totalMemory：992477184, use ：518739152, free ：473738032DirectMemory：1827143680, 恢复 ：1
当前时间 ：2026-08-15 14:41:50send keng：-1, sheng ：4194304
decode keng：-1, sheng ：2097152
world keng：2, sheng ：1048576

2026-08-15 14:41:55.214 INFO [pool-6-thread-6][:] - /****************流量统计******************/
LastReadBytes:0
LastReadThroughput:0
LastWrittenBytes:0
LastWriteThroughput:0
RealWrittenBytes:0
RealWriteThroughput:0
当前玩家的连接数量:0
当前地图的线程个数：9
当前地图的个数:47
当前数据库执行队列数:0
当前发送队列缓存的对象数量:0
totalMemory：992477184, use ：521535136, free ：470942048DirectMemory：1827143680, 恢复 ：1
当前时间 ：2026-08-15 14:41:55send keng：-1, sheng ：4194304
decode keng：-1, sheng ：2097152
world keng：2, sheng ：1048576

2026-08-15 14:42:00.214 INFO [pool-6-thread-4][:] - /****************流量统计******************/
LastReadBytes:0
LastReadThroughput:0
LastWrittenBytes:0
LastWriteThroughput:0
RealWrittenBytes:0
RealWriteThroughput:0
当前玩家的连接数量:0
当前地图的线程个数：9
当前地图的个数:47
当前数据库执行队列数:0
当前发送队列缓存的对象数量:0
totalMemory：992477184, use ：525876304, free ：466600880DirectMemory：1827143680, 恢复 ：1
当前时间 ：2026-08-15 14:42:00send keng：-1, sheng ：4194304
decode keng：-1, sheng ：2097152
world keng：2, sheng ：1048576

2026-08-15 14:42:05.214 INFO [pool-6-thread-1][:] - /****************流量统计******************/
LastReadBytes:0
LastReadThroughput:0
LastWrittenBytes:0
LastWriteThroughput:0
RealWrittenBytes:0
RealWriteThroughput:0
当前玩家的连接数量:0
当前地图的线程个数：9
当前地图的个数:47
当前数据库执行队列数:0
当前发送队列缓存的对象数量:0
totalMemory：992477184, use ：529007336, free ：463469848DirectMemory：1827143680, 恢复 ：1
当前时间 ：2026-08-15 14:42:05send keng：-1, sheng ：4194304
decode keng：-1, sheng ：2097152
world keng：2, sheng ：1048576

2026-08-15 14:42:10.213 INFO [pool-6-thread-7][:] - /****************流量统计******************/
LastReadBytes:0
LastReadThroughput:0
LastWrittenBytes:0
LastWriteThroughput:0
RealWrittenBytes:0
RealWriteThroughput:0
当前玩家的连接数量:0
当前地图的线程个数：9
当前地图的个数:47
当前数据库执行队列数:0
当前发送队列缓存的对象数量:0
totalMemory：992477184, use ：532185744, free ：460291440DirectMemory：1827143680, 恢复 ：1
当前时间 ：2026-08-15 14:42:10send keng：-1, sheng ：4194304
decode keng：-1, sheng ：2097152
world keng：2, sheng ：1048576

2026-08-15 14:42:15.214 INFO [pool-6-thread-5][:] - /****************流量统计******************/
LastReadBytes:0
LastReadThroughput:0
LastWrittenBytes:0
LastWriteThroughput:0
RealWrittenBytes:0
RealWriteThroughput:0
当前玩家的连接数量:0
当前地图的线程个数：9
当前地图的个数:47
当前数据库执行队列数:0
当前发送队列缓存的对象数量:0
totalMemory：992477184, use ：534689000, free ：457788184DirectMemory：1827143680, 恢复 ：1
当前时间 ：2026-08-15 14:42:15send keng：-1, sheng ：4194304
decode keng：-1, sheng ：2097152
world keng：2, sheng ：1048576

2026-08-15 14:42:20.213 INFO [pool-6-thread-10][:] - /****************流量统计******************/
LastReadBytes:0
LastReadThroughput:0
LastWrittenBytes:0
LastWriteThroughput:0
RealWrittenBytes:0
RealWriteThroughput:0
当前玩家的连接数量:0
当前地图的线程个数：9
当前地图的个数:47
当前数据库执行队列数:0
当前发送队列缓存的对象数量:0
totalMemory：992477184, use ：537974768, free ：454502416DirectMemory：1827143680, 恢复 ：1
当前时间 ：2026-08-15 14:42:20send keng：-1, sheng ：4194304
decode keng：-1, sheng ：2097152
world keng：2, sheng ：1048576

2026-08-15 14:42:25.213 INFO [pool-6-thread-1][:] - /****************流量统计******************/
LastReadBytes:0
LastReadThroughput:0
LastWrittenBytes:0
LastWriteThroughput:0
RealWrittenBytes:0
RealWriteThroughput:0
当前玩家的连接数量:0
当前地图的线程个数：9
当前地图的个数:47
当前数据库执行队列数:0
当前发送队列缓存的对象数量:0
totalMemory：992477184, use ：540955176, free ：451522008DirectMemory：1827143680, 恢复 ：1
当前时间 ：2026-08-15 14:42:25send keng：-1, sheng ：4194304
decode keng：-1, sheng ：2097152
world keng：2, sheng ：1048576

2026-08-15 14:42:30.213 INFO [pool-6-thread-10][:] - /****************流量统计******************/
LastReadBytes:0
LastReadThroughput:0
LastWrittenBytes:0
LastWriteThroughput:0
RealWrittenBytes:0
RealWriteThroughput:0
当前玩家的连接数量:0
当前地图的线程个数：9
当前地图的个数:47
当前数据库执行队列数:0
当前发送队列缓存的对象数量:0
totalMemory：992477184, use ：543801736, free ：448675448DirectMemory：1827143680, 恢复 ：1
当前时间 ：2026-08-15 14:42:30send keng：-1, sheng ：4194304
decode keng：-1, sheng ：2097152
world keng：2, sheng ：1048576

2026-08-15 14:42:35.213 INFO [pool-6-thread-3][:] - /****************流量统计******************/
LastReadBytes:0
LastReadThroughput:0
LastWrittenBytes:0
LastWriteThroughput:0
RealWrittenBytes:0
RealWriteThroughput:0
当前玩家的连接数量:0
当前地图的线程个数：9
当前地图的个数:47
当前数据库执行队列数:0
当前发送队列缓存的对象数量:0
totalMemory：992477184, use ：546972712, free ：445504472DirectMemory：1827143680, 恢复 ：1
当前时间 ：2026-08-15 14:42:35send keng：-1, sheng ：4194304
decode keng：-1, sheng ：2097152
world keng：2, sheng ：1048576

2026-08-15 14:42:40.213 INFO [pool-6-thread-5][:] - /****************流量统计******************/
LastReadBytes:0
LastReadThroughput:0
LastWrittenBytes:0
LastWriteThroughput:0
RealWrittenBytes:0
RealWriteThroughput:0
当前玩家的连接数量:0
当前地图的线程个数：9
当前地图的个数:47
当前数据库执行队列数:0
当前发送队列缓存的对象数量:0
totalMemory：992477184, use ：549378880, free ：443098304DirectMemory：1827143680, 恢复 ：1
当前时间 ：2026-08-15 14:42:40send keng：-1, sheng ：4194304
decode keng：-1, sheng ：2097152
world keng：2, sheng ：1048576

2026-08-15 14:42:45.213 INFO [pool-6-thread-8][:] - /****************流量统计******************/
LastReadBytes:0
LastReadThroughput:0
LastWrittenBytes:0
LastWriteThroughput:0
RealWrittenBytes:0
RealWriteThroughput:0
当前玩家的连接数量:0
当前地图的线程个数：9
当前地图的个数:47
当前数据库执行队列数:0
当前发送队列缓存的对象数量:0
totalMemory：992477184, use ：553242248, free ：439234936DirectMemory：1827143680, 恢复 ：1
当前时间 ：2026-08-15 14:42:45send keng：-1, sheng ：4194304
decode keng：-1, sheng ：2097152
world keng：2, sheng ：1048576

2026-08-15 14:42:50.213 INFO [pool-6-thread-7][:] - /****************流量统计******************/
LastReadBytes:0
LastReadThroughput:0
LastWrittenBytes:0
LastWriteThroughput:0
RealWrittenBytes:0
RealWriteThroughput:0
当前玩家的连接数量:0
当前地图的线程个数：9
当前地图的个数:47
当前数据库执行队列数:0
当前发送队列缓存的对象数量:0
totalMemory：992477184, use ：555231472, free ：437245712DirectMemory：1827143680, 恢复 ：1
当前时间 ：2026-08-15 14:42:50send keng：-1, sheng ：4194304
decode keng：-1, sheng ：2097152
world keng：2, sheng ：1048576

2026-08-15 14:42:55.213 INFO [pool-6-thread-6][:] - /****************流量统计******************/
LastReadBytes:0
LastReadThroughput:0
LastWrittenBytes:0
LastWriteThroughput:0
RealWrittenBytes:0
RealWriteThroughput:0
当前玩家的连接数量:0
当前地图的线程个数：9
当前地图的个数:47
当前数据库执行队列数:0
当前发送队列缓存的对象数量:0
totalMemory：992477184, use ：557951872, free ：434525312DirectMemory：1827143680, 恢复 ：1
当前时间 ：2026-08-15 14:42:55send keng：-1, sheng ：4194304
decode keng：-1, sheng ：2097152
world keng：2, sheng ：1048576

2026-08-15 14:43:00.213 INFO [pool-6-thread-10][:] - /****************流量统计******************/
LastReadBytes:0
LastReadThroughput:0
LastWrittenBytes:0
LastWriteThroughput:0
RealWrittenBytes:0
RealWriteThroughput:0
当前玩家的连接数量:0
当前地图的线程个数：9
当前地图的个数:47
当前数据库执行队列数:0
当前发送队列缓存的对象数量:0
totalMemory：992477184, use ：561402328, free ：431074856DirectMemory：1827143680, 恢复 ：1
当前时间 ：2026-08-15 14:43:00send keng：-1, sheng ：4194304
decode keng：-1, sheng ：2097152
world keng：2, sheng ：1048576

2026-08-15 14:43:05.214 INFO [pool-6-thread-5][:] - /****************流量统计******************/
LastReadBytes:0
LastReadThroughput:0
LastWrittenBytes:0
LastWriteThroughput:0
RealWrittenBytes:0
RealWriteThroughput:0
当前玩家的连接数量:0
当前地图的线程个数：9
当前地图的个数:47
当前数据库执行队列数:0
当前发送队列缓存的对象数量:0
totalMemory：992477184, use ：566476792, free ：426000392DirectMemory：1827143680, 恢复 ：1
当前时间 ：2026-08-15 14:43:05send keng：-1, sheng ：4194304
decode keng：-1, sheng ：2097152
world keng：2, sheng ：1048576

2026-08-15 14:43:10.213 INFO [pool-6-thread-1][:] - /****************流量统计******************/
LastReadBytes:0
LastReadThroughput:0
LastWrittenBytes:0
LastWriteThroughput:0
RealWrittenBytes:0
RealWriteThroughput:0
当前玩家的连接数量:0
当前地图的线程个数：9
当前地图的个数:47
当前数据库执行队列数:0
当前发送队列缓存的对象数量:0
totalMemory：992477184, use ：569655984, free ：422821200DirectMemory：1827143680, 恢复 ：1
当前时间 ：2026-08-15 14:43:10send keng：-1, sheng ：4194304
decode keng：-1, sheng ：2097152
world keng：2, sheng ：1048576

2026-08-15 14:43:15.213 INFO [pool-6-thread-3][:] - /****************流量统计******************/
LastReadBytes:0
LastReadThroughput:0
LastWrittenBytes:0
LastWriteThroughput:0
RealWrittenBytes:0
RealWriteThroughput:0
当前玩家的连接数量:0
当前地图的线程个数：9
当前地图的个数:47
当前数据库执行队列数:0
当前发送队列缓存的对象数量:0
totalMemory：992477184, use ：572028352, free ：420448832DirectMemory：1827143680, 恢复 ：1
当前时间 ：2026-08-15 14:43:15send keng：-1, sheng ：4194304
decode keng：-1, sheng ：2097152
world keng：2, sheng ：1048576

2026-08-15 14:43:20.213 INFO [pool-6-thread-10][:] - /****************流量统计******************/
LastReadBytes:0
LastReadThroughput:0
LastWrittenBytes:0
LastWriteThroughput:0
RealWrittenBytes:0
RealWriteThroughput:0
当前玩家的连接数量:0
当前地图的线程个数：9
当前地图的个数:47
当前数据库执行队列数:0
当前发送队列缓存的对象数量:0
totalMemory：992477184, use ：575688512, free ：416788672DirectMemory：1827143680, 恢复 ：1
当前时间 ：2026-08-15 14:43:20send keng：-1, sheng ：4194304
decode keng：-1, sheng ：2097152
world keng：2, sheng ：1048576

2026-08-15 14:43:25.213 INFO [pool-6-thread-10][:] - /****************流量统计******************/
LastReadBytes:0
LastReadThroughput:0
LastWrittenBytes:0
LastWriteThroughput:0
RealWrittenBytes:0
RealWriteThroughput:0
当前玩家的连接数量:0
当前地图的线程个数：9
当前地图的个数:47
当前数据库执行队列数:0
当前发送队列缓存的对象数量:0
totalMemory：992477184, use ：578076680, free ：414400504DirectMemory：1827143680, 恢复 ：1
当前时间 ：2026-08-15 14:43:25send keng：-1, sheng ：4194304
decode keng：-1, sheng ：2097152
world keng：2, sheng ：1048576

2026-08-15 14:43:30.214 INFO [pool-6-thread-5][:] - /****************流量统计******************/
LastReadBytes:0
LastReadThroughput:0
LastWrittenBytes:0
LastWriteThroughput:0
RealWrittenBytes:0
RealWriteThroughput:0
当前玩家的连接数量:0
当前地图的线程个数：9
当前地图的个数:47
当前数据库执行队列数:0
当前发送队列缓存的对象数量:0
totalMemory：992477184, use ：581597224, free ：410879960DirectMemory：1827143680, 恢复 ：1
当前时间 ：2026-08-15 14:43:30send keng：-1, sheng ：4194304
decode keng：-1, sheng ：2097152
world keng：2, sheng ：1048576

2026-08-15 14:43:35.214 INFO [pool-6-thread-10][:] - /****************流量统计******************/
LastReadBytes:0
LastReadThroughput:0
LastWrittenBytes:0
LastWriteThroughput:0
RealWrittenBytes:0
RealWriteThroughput:0
当前玩家的连接数量:0
当前地图的线程个数：9
当前地图的个数:47
当前数据库执行队列数:0
当前发送队列缓存的对象数量:0
totalMemory：992477184, use ：584202176, free ：408275008DirectMemory：1827143680, 恢复 ：1
当前时间 ：2026-08-15 14:43:35send keng：-1, sheng ：4194304
decode keng：-1, sheng ：2097152
world keng：2, sheng ：1048576

2026-08-15 14:43:40.214 INFO [pool-6-thread-5][:] - /****************流量统计******************/
LastReadBytes:0
LastReadThroughput:0
LastWrittenBytes:0
LastWriteThroughput:0
RealWrittenBytes:0
RealWriteThroughput:0
当前玩家的连接数量:0
当前地图的线程个数：9
当前地图的个数:47
当前数据库执行队列数:0
当前发送队列缓存的对象数量:0
totalMemory：992477184, use ：587220208, free ：405256976DirectMemory：1827143680, 恢复 ：1
当前时间 ：2026-08-15 14:43:40send keng：-1, sheng ：4194304
decode keng：-1, sheng ：2097152
world keng：2, sheng ：1048576

2026-08-15 14:43:45.213 INFO [pool-6-thread-1][:] - /****************流量统计******************/
LastReadBytes:0
LastReadThroughput:0
LastWrittenBytes:0
LastWriteThroughput:0
RealWrittenBytes:0
RealWriteThroughput:0
当前玩家的连接数量:0
当前地图的线程个数：9
当前地图的个数:47
当前数据库执行队列数:0
当前发送队列缓存的对象数量:0
totalMemory：992477184, use ：590069760, free ：402407424DirectMemory：1827143680, 恢复 ：1
当前时间 ：2026-08-15 14:43:45send keng：-1, sheng ：4194304
decode keng：-1, sheng ：2097152
world keng：2, sheng ：1048576

2026-08-15 14:43:50.213 INFO [pool-6-thread-3][:] - /****************流量统计******************/
LastReadBytes:0
LastReadThroughput:0
LastWrittenBytes:0
LastWriteThroughput:0
RealWrittenBytes:0
RealWriteThroughput:0
当前玩家的连接数量:0
当前地图的线程个数：9
当前地图的个数:47
当前数据库执行队列数:0
当前发送队列缓存的对象数量:0
totalMemory：992477184, use ：592906128, free ：399571056DirectMemory：1827143680, 恢复 ：1
当前时间 ：2026-08-15 14:43:50send keng：-1, sheng ：4194304
decode keng：-1, sheng ：2097152
world keng：2, sheng ：1048576

2026-08-15 14:43:55.214 INFO [pool-6-thread-4][:] - /****************流量统计******************/
LastReadBytes:0
LastReadThroughput:0
LastWrittenBytes:0
LastWriteThroughput:0
RealWrittenBytes:0
RealWriteThroughput:0
当前玩家的连接数量:0
当前地图的线程个数：9
当前地图的个数:47
当前数据库执行队列数:0
当前发送队列缓存的对象数量:0
totalMemory：992477184, use ：596951264, free ：395525920DirectMemory：1827143680, 恢复 ：1
当前时间 ：2026-08-15 14:43:55send keng：-1, sheng ：4194304
decode keng：-1, sheng ：2097152
world keng：2, sheng ：1048576

2026-08-15 14:44:00.214 INFO [pool-6-thread-6][:] - /****************流量统计******************/
LastReadBytes:0
LastReadThroughput:0
LastWrittenBytes:0
LastWriteThroughput:0
RealWrittenBytes:0
RealWriteThroughput:0
当前玩家的连接数量:0
当前地图的线程个数：9
当前地图的个数:47
当前数据库执行队列数:0
当前发送队列缓存的对象数量:0
totalMemory：992477184, use ：600616472, free ：391860712DirectMemory：1827143680, 恢复 ：1
当前时间 ：2026-08-15 14:44:00send keng：-1, sheng ：4194304
decode keng：-1, sheng ：2097152
world keng：2, sheng ：1048576

2026-08-15 14:44:05.213 INFO [pool-6-thread-5][:] - /****************流量统计******************/
LastReadBytes:0
LastReadThroughput:0
LastWrittenBytes:0
LastWriteThroughput:0
RealWrittenBytes:0
RealWriteThroughput:0
当前玩家的连接数量:0
当前地图的线程个数：9
当前地图的个数:47
当前数据库执行队列数:0
当前发送队列缓存的对象数量:0
totalMemory：992477184, use ：603866344, free ：388610840DirectMemory：1827143680, 恢复 ：1
当前时间 ：2026-08-15 14:44:05send keng：-1, sheng ：4194304
decode keng：-1, sheng ：2097152
world keng：2, sheng ：1048576

2026-08-15 14:44:10.213 INFO [pool-6-thread-8][:] - /****************流量统计******************/
LastReadBytes:0
LastReadThroughput:0
LastWrittenBytes:0
LastWriteThroughput:0
RealWrittenBytes:0
RealWriteThroughput:0
当前玩家的连接数量:0
当前地图的线程个数：9
当前地图的个数:47
当前数据库执行队列数:0
当前发送队列缓存的对象数量:0
totalMemory：992477184, use ：608384800, free ：384092384DirectMemory：1827143680, 恢复 ：1
当前时间 ：2026-08-15 14:44:10send keng：-1, sheng ：4194304
decode keng：-1, sheng ：2097152
world keng：2, sheng ：1048576

2026-08-15 14:44:15.213 INFO [pool-6-thread-5][:] - /****************流量统计******************/
LastReadBytes:0
LastReadThroughput:0
LastWrittenBytes:0
LastWriteThroughput:0
RealWrittenBytes:0
RealWriteThroughput:0
当前玩家的连接数量:0
当前地图的线程个数：9
当前地图的个数:47
当前数据库执行队列数:0
当前发送队列缓存的对象数量:0
totalMemory：992477184, use ：610949136, free ：381528048DirectMemory：1827143680, 恢复 ：1
当前时间 ：2026-08-15 14:44:15send keng：-1, sheng ：4194304
decode keng：-1, sheng ：2097152
world keng：2, sheng ：1048576

2026-08-15 14:44:20.213 INFO [pool-6-thread-2][:] - /****************流量统计******************/
LastReadBytes:0
LastReadThroughput:0
LastWrittenBytes:0
LastWriteThroughput:0
RealWrittenBytes:0
RealWriteThroughput:0
当前玩家的连接数量:0
当前地图的线程个数：9
当前地图的个数:47
当前数据库执行队列数:0
当前发送队列缓存的对象数量:0
totalMemory：992477184, use ：613937296, free ：378539888DirectMemory：1827143680, 恢复 ：1
当前时间 ：2026-08-15 14:44:20send keng：-1, sheng ：4194304
decode keng：-1, sheng ：2097152
world keng：2, sheng ：1048576

2026-08-15 14:44:25.213 INFO [pool-6-thread-2][:] - /****************流量统计******************/
LastReadBytes:0
LastReadThroughput:0
LastWrittenBytes:0
LastWriteThroughput:0
RealWrittenBytes:0
RealWriteThroughput:0
当前玩家的连接数量:0
当前地图的线程个数：9
当前地图的个数:47
当前数据库执行队列数:0
当前发送队列缓存的对象数量:0
totalMemory：992477184, use ：616929872, free ：375547312DirectMemory：1827143680, 恢复 ：1
当前时间 ：2026-08-15 14:44:25send keng：-1, sheng ：4194304
decode keng：-1, sheng ：2097152
world keng：2, sheng ：1048576

2026-08-15 14:44:30.213 INFO [pool-6-thread-8][:] - /****************流量统计******************/
LastReadBytes:0
LastReadThroughput:0
LastWrittenBytes:0
LastWriteThroughput:0
RealWrittenBytes:0
RealWriteThroughput:0
当前玩家的连接数量:0
当前地图的线程个数：9
当前地图的个数:47
当前数据库执行队列数:0
当前发送队列缓存的对象数量:0
totalMemory：992477184, use ：619628152, free ：372849032DirectMemory：1827143680, 恢复 ：1
当前时间 ：2026-08-15 14:44:30send keng：-1, sheng ：4194304
decode keng：-1, sheng ：2097152
world keng：2, sheng ：1048576

2026-08-15 14:44:35.213 INFO [pool-6-thread-1][:] - /****************流量统计******************/
LastReadBytes:0
LastReadThroughput:0
LastWrittenBytes:0
LastWriteThroughput:0
RealWrittenBytes:0
RealWriteThroughput:0
当前玩家的连接数量:0
当前地图的线程个数：9
当前地图的个数:47
当前数据库执行队列数:0
当前发送队列缓存的对象数量:0
totalMemory：992477184, use ：622601544, free ：369875640DirectMemory：1827143680, 恢复 ：1
当前时间 ：2026-08-15 14:44:35send keng：-1, sheng ：4194304
decode keng：-1, sheng ：2097152
world keng：2, sheng ：1048576

2026-08-15 14:44:40.214 INFO [pool-6-thread-8][:] - /****************流量统计******************/
LastReadBytes:0
LastReadThroughput:0
LastWrittenBytes:0
LastWriteThroughput:0
RealWrittenBytes:0
RealWriteThroughput:0
当前玩家的连接数量:0
当前地图的线程个数：9
当前地图的个数:47
当前数据库执行队列数:0
当前发送队列缓存的对象数量:0
totalMemory：992477184, use ：626110448, free ：366366736DirectMemory：1827143680, 恢复 ：1
当前时间 ：2026-08-15 14:44:40send keng：-1, sheng ：4194304
decode keng：-1, sheng ：2097152
world keng：2, sheng ：1048576

2026-08-15 14:44:45.214 INFO [pool-6-thread-7][:] - /****************流量统计******************/
LastReadBytes:0
LastReadThroughput:0
LastWrittenBytes:0
LastWriteThroughput:0
RealWrittenBytes:0
RealWriteThroughput:0
当前玩家的连接数量:0
当前地图的线程个数：9
当前地图的个数:47
当前数据库执行队列数:0
当前发送队列缓存的对象数量:0
totalMemory：992477184, use ：628292360, free ：364184824DirectMemory：1827143680, 恢复 ：1
当前时间 ：2026-08-15 14:44:45send keng：-1, sheng ：4194304
decode keng：-1, sheng ：2097152
world keng：2, sheng ：1048576

2026-08-15 14:44:50.213 INFO [pool-6-thread-8][:] - /****************流量统计******************/
LastReadBytes:0
LastReadThroughput:0
LastWrittenBytes:0
LastWriteThroughput:0
RealWrittenBytes:0
RealWriteThroughput:0
当前玩家的连接数量:0
当前地图的线程个数：9
当前地图的个数:47
当前数据库执行队列数:0
当前发送队列缓存的对象数量:0
totalMemory：992477184, use ：630706600, free ：361770584DirectMemory：1827143680, 恢复 ：1
当前时间 ：2026-08-15 14:44:50send keng：-1, sheng ：4194304
decode keng：-1, sheng ：2097152
world keng：2, sheng ：1048576

2026-08-15 14:44:55.213 INFO [pool-6-thread-10][:] - /****************流量统计******************/
LastReadBytes:0
LastReadThroughput:0
LastWrittenBytes:0
LastWriteThroughput:0
RealWrittenBytes:0
RealWriteThroughput:0
当前玩家的连接数量:0
当前地图的线程个数：9
当前地图的个数:47
当前数据库执行队列数:0
当前发送队列缓存的对象数量:0
totalMemory：992477184, use ：634426160, free ：358051024DirectMemory：1827143680, 恢复 ：1
当前时间 ：2026-08-15 14:44:55send keng：-1, sheng ：4194304
decode keng：-1, sheng ：2097152
world keng：2, sheng ：1048576

2026-08-15 14:45:00.213 INFO [pool-6-thread-6][:] - /****************流量统计******************/
LastReadBytes:0
LastReadThroughput:0
LastWrittenBytes:0
LastWriteThroughput:0
RealWrittenBytes:0
RealWriteThroughput:0
当前玩家的连接数量:0
当前地图的线程个数：9
当前地图的个数:47
当前数据库执行队列数:0
当前发送队列缓存的对象数量:0
totalMemory：992477184, use ：637432704, free ：355044480DirectMemory：1827143680, 恢复 ：1
当前时间 ：2026-08-15 14:45:00send keng：-1, sheng ：4194304
decode keng：-1, sheng ：2097152
world keng：2, sheng ：1048576

2026-08-15 14:45:05.213 INFO [pool-6-thread-8][:] - /****************流量统计******************/
LastReadBytes:0
LastReadThroughput:0
LastWrittenBytes:0
LastWriteThroughput:0
RealWrittenBytes:0
RealWriteThroughput:0
当前玩家的连接数量:0
当前地图的线程个数：9
当前地图的个数:47
当前数据库执行队列数:0
当前发送队列缓存的对象数量:0
totalMemory：992477184, use ：640678744, free ：351798440DirectMemory：1827143680, 恢复 ：1
当前时间 ：2026-08-15 14:45:05send keng：-1, sheng ：4194304
decode keng：-1, sheng ：2097152
world keng：2, sheng ：1048576

2026-08-15 14:45:10.213 INFO [pool-6-thread-10][:] - /****************流量统计******************/
LastReadBytes:0
LastReadThroughput:0
LastWrittenBytes:0
LastWriteThroughput:0
RealWrittenBytes:0
RealWriteThroughput:0
当前玩家的连接数量:0
当前地图的线程个数：9
当前地图的个数:47
当前数据库执行队列数:0
当前发送队列缓存的对象数量:0
totalMemory：992477184, use ：643790696, free ：348686488DirectMemory：1827143680, 恢复 ：1
当前时间 ：2026-08-15 14:45:10send keng：-1, sheng ：4194304
decode keng：-1, sheng ：2097152
world keng：2, sheng ：1048576

2026-08-15 14:45:15.213 INFO [pool-6-thread-3][:] - /****************流量统计******************/
LastReadBytes:0
LastReadThroughput:0
LastWrittenBytes:0
LastWriteThroughput:0
RealWrittenBytes:0
RealWriteThroughput:0
当前玩家的连接数量:0
当前地图的线程个数：9
当前地图的个数:47
当前数据库执行队列数:0
当前发送队列缓存的对象数量:0
totalMemory：992477184, use ：648206728, free ：344270456DirectMemory：1827143680, 恢复 ：1
当前时间 ：2026-08-15 14:45:15send keng：-1, sheng ：4194304
decode keng：-1, sheng ：2097152
world keng：2, sheng ：1048576

2026-08-15 14:45:20.213 INFO [pool-6-thread-3][:] - /****************流量统计******************/
LastReadBytes:0
LastReadThroughput:0
LastWrittenBytes:0
LastWriteThroughput:0
RealWrittenBytes:0
RealWriteThroughput:0
当前玩家的连接数量:0
当前地图的线程个数：9
当前地图的个数:47
当前数据库执行队列数:0
当前发送队列缓存的对象数量:0
totalMemory：992477184, use ：651662824, free ：340814360DirectMemory：1827143680, 恢复 ：1
当前时间 ：2026-08-15 14:45:20send keng：-1, sheng ：4194304
decode keng：-1, sheng ：2097152
world keng：2, sheng ：1048576

2026-08-15 14:45:25.213 INFO [pool-6-thread-1][:] - /****************流量统计******************/
LastReadBytes:0
LastReadThroughput:0
LastWrittenBytes:0
LastWriteThroughput:0
RealWrittenBytes:0
RealWriteThroughput:0
当前玩家的连接数量:0
当前地图的线程个数：9
当前地图的个数:47
当前数据库执行队列数:0
当前发送队列缓存的对象数量:0
totalMemory：992477184, use ：654335480, free ：338141704DirectMemory：1827143680, 恢复 ：1
当前时间 ：2026-08-15 14:45:25send keng：-1, sheng ：4194304
decode keng：-1, sheng ：2097152
world keng：2, sheng ：1048576

2026-08-15 14:45:30.213 INFO [pool-6-thread-2][:] - /****************流量统计******************/
LastReadBytes:0
LastReadThroughput:0
LastWrittenBytes:0
LastWriteThroughput:0
RealWrittenBytes:0
RealWriteThroughput:0
当前玩家的连接数量:0
当前地图的线程个数：9
当前地图的个数:47
当前数据库执行队列数:0
当前发送队列缓存的对象数量:0
totalMemory：992477184, use ：657149960, free ：335327224DirectMemory：1827143680, 恢复 ：1
当前时间 ：2026-08-15 14:45:30send keng：-1, sheng ：4194304
decode keng：-1, sheng ：2097152
world keng：2, sheng ：1048576

2026-08-15 14:45:35.213 INFO [pool-6-thread-10][:] - /****************流量统计******************/
LastReadBytes:0
LastReadThroughput:0
LastWrittenBytes:0
LastWriteThroughput:0
RealWrittenBytes:0
RealWriteThroughput:0
当前玩家的连接数量:0
当前地图的线程个数：9
当前地图的个数:47
当前数据库执行队列数:0
当前发送队列缓存的对象数量:0
totalMemory：992477184, use ：659699256, free ：332777928DirectMemory：1827143680, 恢复 ：1
当前时间 ：2026-08-15 14:45:35send keng：-1, sheng ：4194304
decode keng：-1, sheng ：2097152
world keng：2, sheng ：1048576

2026-08-15 14:45:40.213 INFO [pool-6-thread-9][:] - /****************流量统计******************/
LastReadBytes:0
LastReadThroughput:0
LastWrittenBytes:0
LastWriteThroughput:0
RealWrittenBytes:0
RealWriteThroughput:0
当前玩家的连接数量:0
当前地图的线程个数：9
当前地图的个数:47
当前数据库执行队列数:0
当前发送队列缓存的对象数量:0
totalMemory：992477184, use ：663219448, free ：329257736DirectMemory：1827143680, 恢复 ：1
当前时间 ：2026-08-15 14:45:40send keng：-1, sheng ：4194304
decode keng：-1, sheng ：2097152
world keng：2, sheng ：1048576

2026-08-15 14:45:45.213 INFO [pool-6-thread-5][:] - /****************流量统计******************/
LastReadBytes:0
LastReadThroughput:0
LastWrittenBytes:0
LastWriteThroughput:0
RealWrittenBytes:0
RealWriteThroughput:0
当前玩家的连接数量:0
当前地图的线程个数：9
当前地图的个数:47
当前数据库执行队列数:0
当前发送队列缓存的对象数量:0
totalMemory：992477184, use ：665744104, free ：326733080DirectMemory：1827143680, 恢复 ：1
当前时间 ：2026-08-15 14:45:45send keng：-1, sheng ：4194304
decode keng：-1, sheng ：2097152
world keng：2, sheng ：1048576

2026-08-15 14:45:50.213 INFO [pool-6-thread-5][:] - /****************流量统计******************/
LastReadBytes:0
LastReadThroughput:0
LastWrittenBytes:0
LastWriteThroughput:0
RealWrittenBytes:0
RealWriteThroughput:0
当前玩家的连接数量:0
当前地图的线程个数：9
当前地图的个数:47
当前数据库执行队列数:0
当前发送队列缓存的对象数量:0
totalMemory：992477184, use ：669643528, free ：322833656DirectMemory：1827143680, 恢复 ：1
当前时间 ：2026-08-15 14:45:50send keng：-1, sheng ：4194304
decode keng：-1, sheng ：2097152
world keng：2, sheng ：1048576

2026-08-15 14:45:55.213 INFO [pool-6-thread-10][:] - /****************流量统计******************/
LastReadBytes:0
LastReadThroughput:0
LastWrittenBytes:0
LastWriteThroughput:0
RealWrittenBytes:0
RealWriteThroughput:0
当前玩家的连接数量:0
当前地图的线程个数：9
当前地图的个数:47
当前数据库执行队列数:0
当前发送队列缓存的对象数量:0
totalMemory：992477184, use ：671724904, free ：320752280DirectMemory：1827143680, 恢复 ：1
当前时间 ：2026-08-15 14:45:55send keng：-1, sheng ：4194304
decode keng：-1, sheng ：2097152
world keng：2, sheng ：1048576

2026-08-15 14:46:00.213 INFO [pool-6-thread-9][:] - /****************流量统计******************/
LastReadBytes:0
LastReadThroughput:0
LastWrittenBytes:0
LastWriteThroughput:0
RealWrittenBytes:0
RealWriteThroughput:0
当前玩家的连接数量:0
当前地图的线程个数：9
当前地图的个数:47
当前数据库执行队列数:0
当前发送队列缓存的对象数量:0
totalMemory：992477184, use ：675036128, free ：317441056DirectMemory：1827143680, 恢复 ：1
当前时间 ：2026-08-15 14:46:00send keng：-1, sheng ：4194304
decode keng：-1, sheng ：2097152
world keng：2, sheng ：1048576

2026-08-15 14:46:05.213 INFO [pool-6-thread-8][:] - /****************流量统计******************/
LastReadBytes:0
LastReadThroughput:0
LastWrittenBytes:0
LastWriteThroughput:0
RealWrittenBytes:0
RealWriteThroughput:0
当前玩家的连接数量:0
当前地图的线程个数：9
当前地图的个数:47
当前数据库执行队列数:0
当前发送队列缓存的对象数量:0
totalMemory：992477184, use ：677860880, free ：314616304DirectMemory：1827143680, 恢复 ：1
当前时间 ：2026-08-15 14:46:05send keng：-1, sheng ：4194304
decode keng：-1, sheng ：2097152
world keng：2, sheng ：1048576

2026-08-15 14:46:10.213 INFO [pool-6-thread-2][:] - /****************流量统计******************/
LastReadBytes:0
LastReadThroughput:0
LastWrittenBytes:0
LastWriteThroughput:0
RealWrittenBytes:0
RealWriteThroughput:0
当前玩家的连接数量:0
当前地图的线程个数：9
当前地图的个数:47
当前数据库执行队列数:0
当前发送队列缓存的对象数量:0
totalMemory：992477184, use ：680903768, free ：311573416DirectMemory：1827143680, 恢复 ：1
当前时间 ：2026-08-15 14:46:10send keng：-1, sheng ：4194304
decode keng：-1, sheng ：2097152
world keng：2, sheng ：1048576

2026-08-15 14:46:15.213 INFO [pool-6-thread-7][:] - /****************流量统计******************/
LastReadBytes:0
LastReadThroughput:0
LastWrittenBytes:0
LastWriteThroughput:0
RealWrittenBytes:0
RealWriteThroughput:0
当前玩家的连接数量:0
当前地图的线程个数：9
当前地图的个数:47
当前数据库执行队列数:0
当前发送队列缓存的对象数量:0
totalMemory：992477184, use ：684159008, free ：308318176DirectMemory：1827143680, 恢复 ：1
当前时间 ：2026-08-15 14:46:15send keng：-1, sheng ：4194304
decode keng：-1, sheng ：2097152
world keng：2, sheng ：1048576

2026-08-15 14:46:20.213 INFO [pool-6-thread-1][:] - /****************流量统计******************/
LastReadBytes:0
LastReadThroughput:0
LastWrittenBytes:0
LastWriteThroughput:0
RealWrittenBytes:0
RealWriteThroughput:0
当前玩家的连接数量:0
当前地图的线程个数：9
当前地图的个数:47
当前数据库执行队列数:0
当前发送队列缓存的对象数量:0
totalMemory：992477184, use ：688541200, free ：303935984DirectMemory：1827143680, 恢复 ：1
当前时间 ：2026-08-15 14:46:20send keng：-1, sheng ：4194304
decode keng：-1, sheng ：2097152
world keng：2, sheng ：1048576

2026-08-15 14:46:25.213 INFO [pool-6-thread-5][:] - /****************流量统计******************/
LastReadBytes:0
LastReadThroughput:0
LastWrittenBytes:0
LastWriteThroughput:0
RealWrittenBytes:0
RealWriteThroughput:0
当前玩家的连接数量:0
当前地图的线程个数：9
当前地图的个数:47
当前数据库执行队列数:0
当前发送队列缓存的对象数量:0
totalMemory：992477184, use ：691067416, free ：301409768DirectMemory：1827143680, 恢复 ：1
当前时间 ：2026-08-15 14:46:25send keng：-1, sheng ：4194304
decode keng：-1, sheng ：2097152
world keng：2, sheng ：1048576

2026-08-15 14:46:30.213 INFO [pool-6-thread-4][:] - /****************流量统计******************/
LastReadBytes:0
LastReadThroughput:0
LastWrittenBytes:0
LastWriteThroughput:0
RealWrittenBytes:0
RealWriteThroughput:0
当前玩家的连接数量:0
当前地图的线程个数：9
当前地图的个数:47
当前数据库执行队列数:0
当前发送队列缓存的对象数量:0
totalMemory：992477184, use ：694163584, free ：298313600DirectMemory：1827143680, 恢复 ：1
当前时间 ：2026-08-15 14:46:30send keng：-1, sheng ：4194304
decode keng：-1, sheng ：2097152
world keng：2, sheng ：1048576

2026-08-15 14:46:35.213 INFO [pool-6-thread-6][:] - /****************流量统计******************/
LastReadBytes:0
LastReadThroughput:0
LastWrittenBytes:0
LastWriteThroughput:0
RealWrittenBytes:0
RealWriteThroughput:0
当前玩家的连接数量:0
当前地图的线程个数：9
当前地图的个数:47
当前数据库执行队列数:0
当前发送队列缓存的对象数量:0
totalMemory：992477184, use ：697675432, free ：294801752DirectMemory：1827143680, 恢复 ：1
当前时间 ：2026-08-15 14:46:35send keng：-1, sheng ：4194304
decode keng：-1, sheng ：2097152
world keng：2, sheng ：1048576

2026-08-15 14:46:40.213 INFO [pool-6-thread-2][:] - /****************流量统计******************/
LastReadBytes:0
LastReadThroughput:0
LastWrittenBytes:0
LastWriteThroughput:0
RealWrittenBytes:0
RealWriteThroughput:0
当前玩家的连接数量:0
当前地图的线程个数：9
当前地图的个数:47
当前数据库执行队列数:0
当前发送队列缓存的对象数量:0
totalMemory：992477184, use ：700625832, free ：291851352DirectMemory：1827143680, 恢复 ：1
当前时间 ：2026-08-15 14:46:40send keng：-1, sheng ：4194304
decode keng：-1, sheng ：2097152
world keng：2, sheng ：1048576

2026-08-15 14:46:45.213 INFO [pool-6-thread-1][:] - /****************流量统计******************/
LastReadBytes:0
LastReadThroughput:0
LastWrittenBytes:0
LastWriteThroughput:0
RealWrittenBytes:0
RealWriteThroughput:0
当前玩家的连接数量:0
当前地图的线程个数：9
当前地图的个数:47
当前数据库执行队列数:0
当前发送队列缓存的对象数量:0
totalMemory：992477184, use ：703246184, free ：289231000DirectMemory：1827143680, 恢复 ：1
当前时间 ：2026-08-15 14:46:45send keng：-1, sheng ：4194304
decode keng：-1, sheng ：2097152
world keng：2, sheng ：1048576

2026-08-15 14:46:50.214 INFO [pool-6-thread-9][:] - /****************流量统计******************/
LastReadBytes:0
LastReadThroughput:0
LastWrittenBytes:0
LastWriteThroughput:0
RealWrittenBytes:0
RealWriteThroughput:0
当前玩家的连接数量:0
当前地图的线程个数：9
当前地图的个数:47
当前数据库执行队列数:0
当前发送队列缓存的对象数量:0
totalMemory：992477184, use ：706504112, free ：285973072DirectMemory：1827143680, 恢复 ：1
当前时间 ：2026-08-15 14:46:50send keng：-1, sheng ：4194304
decode keng：-1, sheng ：2097152
world keng：2, sheng ：1048576

2026-08-15 14:46:55.213 INFO [pool-6-thread-5][:] - /****************流量统计******************/
LastReadBytes:0
LastReadThroughput:0
LastWrittenBytes:0
LastWriteThroughput:0
RealWrittenBytes:0
RealWriteThroughput:0
当前玩家的连接数量:0
当前地图的线程个数：9
当前地图的个数:47
当前数据库执行队列数:0
当前发送队列缓存的对象数量:0
totalMemory：992477184, use ：708927176, free ：283550008DirectMemory：1827143680, 恢复 ：1
当前时间 ：2026-08-15 14:46:55send keng：-1, sheng ：4194304
decode keng：-1, sheng ：2097152
world keng：2, sheng ：1048576

2026-08-15 14:47:00.213 INFO [pool-6-thread-6][:] - /****************流量统计******************/
LastReadBytes:0
LastReadThroughput:0
LastWrittenBytes:0
LastWriteThroughput:0
RealWrittenBytes:0
RealWriteThroughput:0
当前玩家的连接数量:0
当前地图的线程个数：9
当前地图的个数:47
当前数据库执行队列数:0
当前发送队列缓存的对象数量:0
totalMemory：992477184, use ：712578680, free ：279898504DirectMemory：1827143680, 恢复 ：1
当前时间 ：2026-08-15 14:47:00send keng：-1, sheng ：4194304
decode keng：-1, sheng ：2097152
world keng：2, sheng ：1048576

2026-08-15 14:47:05.214 INFO [pool-6-thread-3][:] - /****************流量统计******************/
LastReadBytes:0
LastReadThroughput:0
LastWrittenBytes:0
LastWriteThroughput:0
RealWrittenBytes:0
RealWriteThroughput:0
当前玩家的连接数量:0
当前地图的线程个数：9
当前地图的个数:47
当前数据库执行队列数:0
当前发送队列缓存的对象数量:0
totalMemory：992477184, use ：715654480, free ：276822704DirectMemory：1827143680, 恢复 ：1
当前时间 ：2026-08-15 14:47:05send keng：-1, sheng ：4194304
decode keng：-1, sheng ：2097152
world keng：2, sheng ：1048576

2026-08-15 14:47:10.213 INFO [pool-6-thread-5][:] - /****************流量统计******************/
LastReadBytes:0
LastReadThroughput:0
LastWrittenBytes:0
LastWriteThroughput:0
RealWrittenBytes:0
RealWriteThroughput:0
当前玩家的连接数量:0
当前地图的线程个数：9
当前地图的个数:47
当前数据库执行队列数:0
当前发送队列缓存的对象数量:0
totalMemory：992477184, use ：718248944, free ：274228240DirectMemory：1827143680, 恢复 ：1
当前时间 ：2026-08-15 14:47:10send keng：-1, sheng ：4194304
decode keng：-1, sheng ：2097152
world keng：2, sheng ：1048576

2026-08-15 14:47:15.213 INFO [pool-6-thread-4][:] - /****************流量统计******************/
LastReadBytes:0
LastReadThroughput:0
LastWrittenBytes:0
LastWriteThroughput:0
RealWrittenBytes:0
RealWriteThroughput:0
当前玩家的连接数量:0
当前地图的线程个数：9
当前地图的个数:47
当前数据库执行队列数:0
当前发送队列缓存的对象数量:0
totalMemory：992477184, use ：721324232, free ：271152952DirectMemory：1827143680, 恢复 ：1
当前时间 ：2026-08-15 14:47:15send keng：-1, sheng ：4194304
decode keng：-1, sheng ：2097152
world keng：2, sheng ：1048576

2026-08-15 14:47:20.213 INFO [pool-6-thread-3][:] - /****************流量统计******************/
LastReadBytes:0
LastReadThroughput:0
LastWrittenBytes:0
LastWriteThroughput:0
RealWrittenBytes:0
RealWriteThroughput:0
当前玩家的连接数量:0
当前地图的线程个数：9
当前地图的个数:47
当前数据库执行队列数:0
当前发送队列缓存的对象数量:0
totalMemory：992477184, use ：723958808, free ：268518376DirectMemory：1827143680, 恢复 ：1
当前时间 ：2026-08-15 14:47:20send keng：-1, sheng ：4194304
decode keng：-1, sheng ：2097152
world keng：2, sheng ：1048576

2026-08-15 14:47:25.213 INFO [pool-6-thread-6][:] - /****************流量统计******************/
LastReadBytes:0
LastReadThroughput:0
LastWrittenBytes:0
LastWriteThroughput:0
RealWrittenBytes:0
RealWriteThroughput:0
当前玩家的连接数量:0
当前地图的线程个数：9
当前地图的个数:47
当前数据库执行队列数:0
当前发送队列缓存的对象数量:0
totalMemory：992477184, use ：728622656, free ：263854528DirectMemory：1827143680, 恢复 ：1
当前时间 ：2026-08-15 14:47:25send keng：-1, sheng ：4194304
decode keng：-1, sheng ：2097152
world keng：2, sheng ：1048576

2026-08-15 14:47:30.213 INFO [pool-6-thread-3][:] - /****************流量统计******************/
LastReadBytes:0
LastReadThroughput:0
LastWrittenBytes:0
LastWriteThroughput:0
RealWrittenBytes:0
RealWriteThroughput:0
当前玩家的连接数量:0
当前地图的线程个数：9
当前地图的个数:47
当前数据库执行队列数:0
当前发送队列缓存的对象数量:0
totalMemory：1028128768, use ：430734112, free ：597394656DirectMemory：1827143680, 恢复 ：1
当前时间 ：2026-08-15 14:47:30send keng：-1, sheng ：4194304
decode keng：-1, sheng ：2097152
world keng：2, sheng ：1048576

2026-08-15 14:47:35.214 INFO [pool-6-thread-9][:] - /****************流量统计******************/
LastReadBytes:0
LastReadThroughput:0
LastWrittenBytes:0
LastWriteThroughput:0
RealWrittenBytes:0
RealWriteThroughput:0
当前玩家的连接数量:0
当前地图的线程个数：9
当前地图的个数:47
当前数据库执行队列数:0
当前发送队列缓存的对象数量:0
totalMemory：1028128768, use ：433354344, free ：594774424DirectMemory：1827143680, 恢复 ：1
当前时间 ：2026-08-15 14:47:35send keng：-1, sheng ：4194304
decode keng：-1, sheng ：2097152
world keng：2, sheng ：1048576

2026-08-15 14:47:40.214 INFO [pool-6-thread-10][:] - /****************流量统计******************/
LastReadBytes:0
LastReadThroughput:0
LastWrittenBytes:0
LastWriteThroughput:0
RealWrittenBytes:0
RealWriteThroughput:0
当前玩家的连接数量:0
当前地图的线程个数：9
当前地图的个数:47
当前数据库执行队列数:0
当前发送队列缓存的对象数量:0
totalMemory：1028128768, use ：436209024, free ：591919744DirectMemory：1827143680, 恢复 ：1
当前时间 ：2026-08-15 14:47:40send keng：-1, sheng ：4194304
decode keng：-1, sheng ：2097152
world keng：2, sheng ：1048576

2026-08-15 14:47:45.213 INFO [pool-6-thread-1][:] - /****************流量统计******************/
LastReadBytes:0
LastReadThroughput:0
LastWrittenBytes:0
LastWriteThroughput:0
RealWrittenBytes:0
RealWriteThroughput:0
当前玩家的连接数量:0
当前地图的线程个数：9
当前地图的个数:47
当前数据库执行队列数:0
当前发送队列缓存的对象数量:0
totalMemory：1028128768, use ：439015152, free ：589113616DirectMemory：1827143680, 恢复 ：1
当前时间 ：2026-08-15 14:47:45send keng：-1, sheng ：4194304
decode keng：-1, sheng ：2097152
world keng：2, sheng ：1048576

2026-08-15 14:47:50.213 INFO [pool-6-thread-5][:] - /****************流量统计******************/
LastReadBytes:0
LastReadThroughput:0
LastWrittenBytes:0
LastWriteThroughput:0
RealWrittenBytes:0
RealWriteThroughput:0
当前玩家的连接数量:0
当前地图的线程个数：9
当前地图的个数:47
当前数据库执行队列数:0
当前发送队列缓存的对象数量:0
totalMemory：1028128768, use ：442797568, free ：585331200DirectMemory：1827143680, 恢复 ：1
当前时间 ：2026-08-15 14:47:50send keng：-1, sheng ：4194304
decode keng：-1, sheng ：2097152
world keng：2, sheng ：1048576

2026-08-15 14:47:55.213 INFO [pool-6-thread-8][:] - /****************流量统计******************/
LastReadBytes:0
LastReadThroughput:0
LastWrittenBytes:0
LastWriteThroughput:0
RealWrittenBytes:0
RealWriteThroughput:0
当前玩家的连接数量:0
当前地图的线程个数：9
当前地图的个数:47
当前数据库执行队列数:0
当前发送队列缓存的对象数量:0
totalMemory：1028128768, use ：444726080, free ：583402688DirectMemory：1827143680, 恢复 ：1
当前时间 ：2026-08-15 14:47:55send keng：-1, sheng ：4194304
decode keng：-1, sheng ：2097152
world keng：2, sheng ：1048576

2026-08-15 14:48:00.213 INFO [pool-6-thread-6][:] - /****************流量统计******************/
LastReadBytes:0
LastReadThroughput:0
LastWrittenBytes:0
LastWriteThroughput:0
RealWrittenBytes:0
RealWriteThroughput:0
当前玩家的连接数量:0
当前地图的线程个数：9
当前地图的个数:47
当前数据库执行队列数:0
当前发送队列缓存的对象数量:0
totalMemory：1028128768, use ：447625432, free ：580503336DirectMemory：1827143680, 恢复 ：1
当前时间 ：2026-08-15 14:48:00send keng：-1, sheng ：4194304
decode keng：-1, sheng ：2097152
world keng：2, sheng ：1048576

2026-08-15 14:48:05.213 INFO [pool-6-thread-4][:] - /****************流量统计******************/
LastReadBytes:0
LastReadThroughput:0
LastWrittenBytes:0
LastWriteThroughput:0
RealWrittenBytes:0
RealWriteThroughput:0
当前玩家的连接数量:0
当前地图的线程个数：9
当前地图的个数:47
当前数据库执行队列数:0
当前发送队列缓存的对象数量:0
totalMemory：1028128768, use ：451310856, free ：576817912DirectMemory：1827143680, 恢复 ：1
当前时间 ：2026-08-15 14:48:05send keng：-1, sheng ：4194304
decode keng：-1, sheng ：2097152
world keng：2, sheng ：1048576

2026-08-15 14:48:10.213 INFO [pool-6-thread-9][:] - /****************流量统计******************/
LastReadBytes:0
LastReadThroughput:0
LastWrittenBytes:0
LastWriteThroughput:0
RealWrittenBytes:0
RealWriteThroughput:0
当前玩家的连接数量:0
当前地图的线程个数：9
当前地图的个数:47
当前数据库执行队列数:0
当前发送队列缓存的对象数量:0
totalMemory：1028128768, use ：454488120, free ：573640648DirectMemory：1827143680, 恢复 ：1
当前时间 ：2026-08-15 14:48:10send keng：-1, sheng ：4194304
decode keng：-1, sheng ：2097152
world keng：2, sheng ：1048576

2026-08-15 14:48:15.213 INFO [pool-6-thread-3][:] - /****************流量统计******************/
LastReadBytes:0
LastReadThroughput:0
LastWrittenBytes:0
LastWriteThroughput:0
RealWrittenBytes:0
RealWriteThroughput:0
当前玩家的连接数量:0
当前地图的线程个数：9
当前地图的个数:47
当前数据库执行队列数:0
当前发送队列缓存的对象数量:0
totalMemory：1028128768, use ：458178664, free ：569950104DirectMemory：1827143680, 恢复 ：1
当前时间 ：2026-08-15 14:48:15send keng：-1, sheng ：4194304
decode keng：-1, sheng ：2097152
world keng：2, sheng ：1048576

2026-08-15 14:48:20.213 INFO [pool-6-thread-4][:] - /****************流量统计******************/
LastReadBytes:0
LastReadThroughput:0
LastWrittenBytes:0
LastWriteThroughput:0
RealWrittenBytes:0
RealWriteThroughput:0
当前玩家的连接数量:0
当前地图的线程个数：9
当前地图的个数:47
当前数据库执行队列数:0
当前发送队列缓存的对象数量:0
totalMemory：1028128768, use ：463315728, free ：564813040DirectMemory：1827143680, 恢复 ：1
当前时间 ：2026-08-15 14:48:20send keng：-1, sheng ：4194304
decode keng：-1, sheng ：2097152
world keng：2, sheng ：1048576

2026-08-15 14:48:25.213 INFO [pool-6-thread-9][:] - /****************流量统计******************/
LastReadBytes:0
LastReadThroughput:0
LastWrittenBytes:0
LastWriteThroughput:0
RealWrittenBytes:0
RealWriteThroughput:0
当前玩家的连接数量:0
当前地图的线程个数：9
当前地图的个数:47
当前数据库执行队列数:0
当前发送队列缓存的对象数量:0
totalMemory：1028128768, use ：465581424, free ：562547344DirectMemory：1827143680, 恢复 ：1
当前时间 ：2026-08-15 14:48:25send keng：-1, sheng ：4194304
decode keng：-1, sheng ：2097152
world keng：2, sheng ：1048576

2026-08-15 14:48:30.213 INFO [pool-6-thread-1][:] - /****************流量统计******************/
LastReadBytes:0
LastReadThroughput:0
LastWrittenBytes:0
LastWriteThroughput:0
RealWrittenBytes:0
RealWriteThroughput:0
当前玩家的连接数量:0
当前地图的线程个数：9
当前地图的个数:47
当前数据库执行队列数:0
当前发送队列缓存的对象数量:0
totalMemory：1028128768, use ：469117312, free ：559011456DirectMemory：1827143680, 恢复 ：1
当前时间 ：2026-08-15 14:48:30send keng：-1, sheng ：4194304
decode keng：-1, sheng ：2097152
world keng：2, sheng ：1048576

2026-08-15 14:48:35.213 INFO [pool-6-thread-5][:] - /****************流量统计******************/
LastReadBytes:0
LastReadThroughput:0
LastWrittenBytes:0
LastWriteThroughput:0
RealWrittenBytes:0
RealWriteThroughput:0
当前玩家的连接数量:0
当前地图的线程个数：9
当前地图的个数:47
当前数据库执行队列数:0
当前发送队列缓存的对象数量:0
totalMemory：1028128768, use ：470991712, free ：557137056DirectMemory：1827143680, 恢复 ：1
当前时间 ：2026-08-15 14:48:35send keng：-1, sheng ：4194304
decode keng：-1, sheng ：2097152
world keng：2, sheng ：1048576

2026-08-15 14:48:40.213 INFO [pool-6-thread-4][:] - /****************流量统计******************/
LastReadBytes:0
LastReadThroughput:0
LastWrittenBytes:0
LastWriteThroughput:0
RealWrittenBytes:0
RealWriteThroughput:0
当前玩家的连接数量:0
当前地图的线程个数：9
当前地图的个数:47
当前数据库执行队列数:0
当前发送队列缓存的对象数量:0
totalMemory：1028128768, use ：474947888, free ：553180880DirectMemory：1827143680, 恢复 ：1
当前时间 ：2026-08-15 14:48:40send keng：-1, sheng ：4194304
decode keng：-1, sheng ：2097152
world keng：2, sheng ：1048576

2026-08-15 14:48:45.213 INFO [pool-6-thread-4][:] - /****************流量统计******************/
LastReadBytes:0
LastReadThroughput:0
LastWrittenBytes:0
LastWriteThroughput:0
RealWrittenBytes:0
RealWriteThroughput:0
当前玩家的连接数量:0
当前地图的线程个数：9
当前地图的个数:47
当前数据库执行队列数:0
当前发送队列缓存的对象数量:0
totalMemory：1028128768, use ：477646432, free ：550482336DirectMemory：1827143680, 恢复 ：1
当前时间 ：2026-08-15 14:48:45send keng：-1, sheng ：4194304
decode keng：-1, sheng ：2097152
world keng：2, sheng ：1048576

2026-08-15 14:48:50.213 INFO [pool-6-thread-5][:] - /****************流量统计******************/
LastReadBytes:0
LastReadThroughput:0
LastWrittenBytes:0
LastWriteThroughput:0
RealWrittenBytes:0
RealWriteThroughput:0
当前玩家的连接数量:0
当前地图的线程个数：9
当前地图的个数:47
当前数据库执行队列数:0
当前发送队列缓存的对象数量:0
totalMemory：1028128768, use ：480839272, free ：547289496DirectMemory：1827143680, 恢复 ：1
当前时间 ：2026-08-15 14:48:50send keng：-1, sheng ：4194304
decode keng：-1, sheng ：2097152
world keng：2, sheng ：1048576

2026-08-15 14:48:55.213 INFO [pool-6-thread-6][:] - /****************流量统计******************/
LastReadBytes:0
LastReadThroughput:0
LastWrittenBytes:0
LastWriteThroughput:0
RealWrittenBytes:0
RealWriteThroughput:0
当前玩家的连接数量:0
当前地图的线程个数：9
当前地图的个数:47
当前数据库执行队列数:0
当前发送队列缓存的对象数量:0
totalMemory：1028128768, use ：482901200, free ：545227568DirectMemory：1827143680, 恢复 ：1
当前时间 ：2026-08-15 14:48:55send keng：-1, sheng ：4194304
decode keng：-1, sheng ：2097152
world keng：2, sheng ：1048576

2026-08-15 14:49:00.213 INFO [pool-6-thread-6][:] - /****************流量统计******************/
LastReadBytes:0
LastReadThroughput:0
LastWrittenBytes:0
LastWriteThroughput:0
RealWrittenBytes:0
RealWriteThroughput:0
当前玩家的连接数量:0
当前地图的线程个数：9
当前地图的个数:47
当前数据库执行队列数:0
当前发送队列缓存的对象数量:0
totalMemory：1028128768, use ：487046840, free ：541081928DirectMemory：1827143680, 恢复 ：1
当前时间 ：2026-08-15 14:49:00send keng：-1, sheng ：4194304
decode keng：-1, sheng ：2097152
world keng：2, sheng ：1048576

2026-08-15 14:49:05.213 INFO [pool-6-thread-5][:] - /****************流量统计******************/
LastReadBytes:0
LastReadThroughput:0
LastWrittenBytes:0
LastWriteThroughput:0
RealWrittenBytes:0
RealWriteThroughput:0
当前玩家的连接数量:0
当前地图的线程个数：9
当前地图的个数:47
当前数据库执行队列数:0
当前发送队列缓存的对象数量:0
totalMemory：1028128768, use ：490053776, free ：538074992DirectMemory：1827143680, 恢复 ：1
当前时间 ：2026-08-15 14:49:05send keng：-1, sheng ：4194304
decode keng：-1, sheng ：2097152
world keng：2, sheng ：1048576

2026-08-15 14:49:10.213 INFO [pool-6-thread-3][:] - /****************流量统计******************/
LastReadBytes:0
LastReadThroughput:0
LastWrittenBytes:0
LastWriteThroughput:0
RealWrittenBytes:0
RealWriteThroughput:0
当前玩家的连接数量:0
当前地图的线程个数：9
当前地图的个数:47
当前数据库执行队列数:0
当前发送队列缓存的对象数量:0
totalMemory：1028128768, use ：492301120, free ：535827648DirectMemory：1827143680, 恢复 ：1
当前时间 ：2026-08-15 14:49:10send keng：-1, sheng ：4194304
decode keng：-1, sheng ：2097152
world keng：2, sheng ：1048576

2026-08-15 14:49:15.213 INFO [pool-6-thread-3][:] - /****************流量统计******************/
LastReadBytes:0
LastReadThroughput:0
LastWrittenBytes:0
LastWriteThroughput:0
RealWrittenBytes:0
RealWriteThroughput:0
当前玩家的连接数量:0
当前地图的线程个数：9
当前地图的个数:47
当前数据库执行队列数:0
当前发送队列缓存的对象数量:0
totalMemory：1028128768, use ：497248992, free ：530879776DirectMemory：1827143680, 恢复 ：1
当前时间 ：2026-08-15 14:49:15send keng：-1, sheng ：4194304
decode keng：-1, sheng ：2097152
world keng：2, sheng ：1048576

2026-08-15 14:49:20.213 INFO [pool-6-thread-3][:] - /****************流量统计******************/
LastReadBytes:0
LastReadThroughput:0
LastWrittenBytes:0
LastWriteThroughput:0
RealWrittenBytes:0
RealWriteThroughput:0
当前玩家的连接数量:0
当前地图的线程个数：9
当前地图的个数:47
当前数据库执行队列数:0
当前发送队列缓存的对象数量:0
totalMemory：1028128768, use ：500383168, free ：527745600DirectMemory：1827143680, 恢复 ：1
当前时间 ：2026-08-15 14:49:20send keng：-1, sheng ：4194304
decode keng：-1, sheng ：2097152
world keng：2, sheng ：1048576

2026-08-15 14:49:25.213 INFO [pool-6-thread-9][:] - /****************流量统计******************/
LastReadBytes:0
LastReadThroughput:0
LastWrittenBytes:0
LastWriteThroughput:0
RealWrittenBytes:0
RealWriteThroughput:0
当前玩家的连接数量:0
当前地图的线程个数：9
当前地图的个数:47
当前数据库执行队列数:0
当前发送队列缓存的对象数量:0
totalMemory：1028128768, use ：501979856, free ：526148912DirectMemory：1827143680, 恢复 ：1
当前时间 ：2026-08-15 14:49:25send keng：-1, sheng ：4194304
decode keng：-1, sheng ：2097152
world keng：2, sheng ：1048576

2026-08-15 14:49:30.213 INFO [pool-6-thread-8][:] - /****************流量统计******************/
LastReadBytes:0
LastReadThroughput:0
LastWrittenBytes:0
LastWriteThroughput:0
RealWrittenBytes:0
RealWriteThroughput:0
当前玩家的连接数量:0
当前地图的线程个数：9
当前地图的个数:47
当前数据库执行队列数:0
当前发送队列缓存的对象数量:0
totalMemory：1028128768, use ：506129120, free ：521999648DirectMemory：1827143680, 恢复 ：1
当前时间 ：2026-08-15 14:49:30send keng：-1, sheng ：4194304
decode keng：-1, sheng ：2097152
world keng：2, sheng ：1048576

2026-08-15 14:49:35.213 INFO [pool-6-thread-9][:] - /****************流量统计******************/
LastReadBytes:0
LastReadThroughput:0
LastWrittenBytes:0
LastWriteThroughput:0
RealWrittenBytes:0
RealWriteThroughput:0
当前玩家的连接数量:0
当前地图的线程个数：9
当前地图的个数:47
当前数据库执行队列数:0
当前发送队列缓存的对象数量:0
totalMemory：1028128768, use ：508650784, free ：519477984DirectMemory：1827143680, 恢复 ：1
当前时间 ：2026-08-15 14:49:35send keng：-1, sheng ：4194304
decode keng：-1, sheng ：2097152
world keng：2, sheng ：1048576

2026-08-15 14:49:40.213 INFO [pool-6-thread-3][:] - /****************流量统计******************/
LastReadBytes:0
LastReadThroughput:0
LastWrittenBytes:0
LastWriteThroughput:0
RealWrittenBytes:0
RealWriteThroughput:0
当前玩家的连接数量:0
当前地图的线程个数：9
当前地图的个数:47
当前数据库执行队列数:0
当前发送队列缓存的对象数量:0
totalMemory：1028128768, use ：511085376, free ：517043392DirectMemory：1827143680, 恢复 ：1
当前时间 ：2026-08-15 14:49:40send keng：-1, sheng ：4194304
decode keng：-1, sheng ：2097152
world keng：2, sheng ：1048576

2026-08-15 14:49:45.213 INFO [pool-6-thread-4][:] - /****************流量统计******************/
LastReadBytes:0
LastReadThroughput:0
LastWrittenBytes:0
LastWriteThroughput:0
RealWrittenBytes:0
RealWriteThroughput:0
当前玩家的连接数量:0
当前地图的线程个数：9
当前地图的个数:47
当前数据库执行队列数:0
当前发送队列缓存的对象数量:0
totalMemory：1028128768, use ：514543944, free ：513584824DirectMemory：1827143680, 恢复 ：1
当前时间 ：2026-08-15 14:49:45send keng：-1, sheng ：4194304
decode keng：-1, sheng ：2097152
world keng：2, sheng ：1048576

2026-08-15 14:49:50.213 INFO [pool-6-thread-8][:] - /****************流量统计******************/
LastReadBytes:0
LastReadThroughput:0
LastWrittenBytes:0
LastWriteThroughput:0
RealWrittenBytes:0
RealWriteThroughput:0
当前玩家的连接数量:0
当前地图的线程个数：9
当前地图的个数:47
当前数据库执行队列数:0
当前发送队列缓存的对象数量:0
totalMemory：1028128768, use ：517641648, free ：510487120DirectMemory：1827143680, 恢复 ：1
当前时间 ：2026-08-15 14:49:50send keng：-1, sheng ：4194304
decode keng：-1, sheng ：2097152
world keng：2, sheng ：1048576

2026-08-15 14:49:55.213 INFO [pool-6-thread-9][:] - /****************流量统计******************/
LastReadBytes:0
LastReadThroughput:0
LastWrittenBytes:0
LastWriteThroughput:0
RealWrittenBytes:0
RealWriteThroughput:0
当前玩家的连接数量:0
当前地图的线程个数：9
当前地图的个数:47
当前数据库执行队列数:0
当前发送队列缓存的对象数量:0
totalMemory：1028128768, use ：519843296, free ：508285472DirectMemory：1827143680, 恢复 ：1
当前时间 ：2026-08-15 14:49:55send keng：-1, sheng ：4194304
decode keng：-1, sheng ：2097152
world keng：2, sheng ：1048576

2026-08-15 14:50:00.214 INFO [pool-6-thread-7][:] - /****************流量统计******************/
LastReadBytes:0
LastReadThroughput:0
LastWrittenBytes:0
LastWriteThroughput:0
RealWrittenBytes:0
RealWriteThroughput:0
当前玩家的连接数量:0
当前地图的线程个数：9
当前地图的个数:47
当前数据库执行队列数:0
当前发送队列缓存的对象数量:0
totalMemory：1028128768, use ：523130864, free ：504997904DirectMemory：1827143680, 恢复 ：1
当前时间 ：2026-08-15 14:50:00send keng：-1, sheng ：4194304
decode keng：-1, sheng ：2097152
world keng：2, sheng ：1048576

2026-08-15 14:50:05.214 INFO [pool-6-thread-3][:] - /****************流量统计******************/
LastReadBytes:0
LastReadThroughput:0
LastWrittenBytes:0
LastWriteThroughput:0
RealWrittenBytes:0
RealWriteThroughput:0
当前玩家的连接数量:0
当前地图的线程个数：9
当前地图的个数:47
当前数据库执行队列数:0
当前发送队列缓存的对象数量:0
totalMemory：1028128768, use ：527585688, free ：500543080DirectMemory：1827143680, 恢复 ：1
当前时间 ：2026-08-15 14:50:05send keng：-1, sheng ：4194304
decode keng：-1, sheng ：2097152
world keng：2, sheng ：1048576

2026-08-15 14:50:10.214 INFO [pool-6-thread-3][:] - /****************流量统计******************/
LastReadBytes:0
LastReadThroughput:0
LastWrittenBytes:0
LastWriteThroughput:0
RealWrittenBytes:0
RealWriteThroughput:0
当前玩家的连接数量:0
当前地图的线程个数：9
当前地图的个数:47
当前数据库执行队列数:0
当前发送队列缓存的对象数量:0
totalMemory：1028128768, use ：530167272, free ：497961496DirectMemory：1827143680, 恢复 ：1
当前时间 ：2026-08-15 14:50:10send keng：-1, sheng ：4194304
decode keng：-1, sheng ：2097152
world keng：2, sheng ：1048576

2026-08-15 14:50:15.213 INFO [pool-6-thread-4][:] - /****************流量统计******************/
LastReadBytes:0
LastReadThroughput:0
LastWrittenBytes:0
LastWriteThroughput:0
RealWrittenBytes:0
RealWriteThroughput:0
当前玩家的连接数量:0
当前地图的线程个数：9
当前地图的个数:47
当前数据库执行队列数:0
当前发送队列缓存的对象数量:0
totalMemory：1028128768, use ：534192200, free ：493936568DirectMemory：1827143680, 恢复 ：1
当前时间 ：2026-08-15 14:50:15send keng：-1, sheng ：4194304
decode keng：-1, sheng ：2097152
world keng：2, sheng ：1048576

2026-08-15 14:50:20.213 INFO [pool-6-thread-1][:] - /****************流量统计******************/
LastReadBytes:0
LastReadThroughput:0
LastWrittenBytes:0
LastWriteThroughput:0
RealWrittenBytes:0
RealWriteThroughput:0
当前玩家的连接数量:0
当前地图的线程个数：9
当前地图的个数:47
当前数据库执行队列数:0
当前发送队列缓存的对象数量:0
totalMemory：1028128768, use ：537596552, free ：490532216DirectMemory：1827143680, 恢复 ：1
当前时间 ：2026-08-15 14:50:20send keng：-1, sheng ：4194304
decode keng：-1, sheng ：2097152
world keng：2, sheng ：1048576

2026-08-15 14:50:25.213 INFO [pool-6-thread-8][:] - /****************流量统计******************/
LastReadBytes:0
LastReadThroughput:0
LastWrittenBytes:0
LastWriteThroughput:0
RealWrittenBytes:0
RealWriteThroughput:0
当前玩家的连接数量:0
当前地图的线程个数：9
当前地图的个数:47
当前数据库执行队列数:0
当前发送队列缓存的对象数量:0
totalMemory：1028128768, use ：539240328, free ：488888440DirectMemory：1827143680, 恢复 ：1
当前时间 ：2026-08-15 14:50:25send keng：-1, sheng ：4194304
decode keng：-1, sheng ：2097152
world keng：2, sheng ：1048576

2026-08-15 14:50:30.213 INFO [pool-6-thread-1][:] - /****************流量统计******************/
LastReadBytes:0
LastReadThroughput:0
LastWrittenBytes:0
LastWriteThroughput:0
RealWrittenBytes:0
RealWriteThroughput:0
当前玩家的连接数量:0
当前地图的线程个数：9
当前地图的个数:47
当前数据库执行队列数:0
当前发送队列缓存的对象数量:0
totalMemory：1028128768, use ：542654344, free ：485474424DirectMemory：1827143680, 恢复 ：1
当前时间 ：2026-08-15 14:50:30send keng：-1, sheng ：4194304
decode keng：-1, sheng ：2097152
world keng：2, sheng ：1048576

2026-08-15 14:50:35.213 INFO [pool-6-thread-5][:] - /****************流量统计******************/
LastReadBytes:0
LastReadThroughput:0
LastWrittenBytes:0
LastWriteThroughput:0
RealWrittenBytes:0
RealWriteThroughput:0
当前玩家的连接数量:0
当前地图的线程个数：9
当前地图的个数:47
当前数据库执行队列数:0
当前发送队列缓存的对象数量:0
totalMemory：1028128768, use ：547324440, free ：480804328DirectMemory：1827143680, 恢复 ：1
当前时间 ：2026-08-15 14:50:35send keng：-1, sheng ：4194304
decode keng：-1, sheng ：2097152
world keng：2, sheng ：1048576

2026-08-15 14:50:40.213 INFO [pool-6-thread-3][:] - /****************流量统计******************/
LastReadBytes:0
LastReadThroughput:0
LastWrittenBytes:0
LastWriteThroughput:0
RealWrittenBytes:0
RealWriteThroughput:0
当前玩家的连接数量:0
当前地图的线程个数：9
当前地图的个数:47
当前数据库执行队列数:0
当前发送队列缓存的对象数量:0
totalMemory：1028128768, use ：550071624, free ：478057144DirectMemory：1827143680, 恢复 ：1
当前时间 ：2026-08-15 14:50:40send keng：-1, sheng ：4194304
decode keng：-1, sheng ：2097152
world keng：2, sheng ：1048576

2026-08-15 14:50:45.213 INFO [pool-6-thread-4][:] - /****************流量统计******************/
LastReadBytes:0
LastReadThroughput:0
LastWrittenBytes:0
LastWriteThroughput:0
RealWrittenBytes:0
RealWriteThroughput:0
当前玩家的连接数量:0
当前地图的线程个数：9
当前地图的个数:47
当前数据库执行队列数:0
当前发送队列缓存的对象数量:0
totalMemory：1028128768, use ：552238440, free ：475890328DirectMemory：1827143680, 恢复 ：1
当前时间 ：2026-08-15 14:50:45send keng：-1, sheng ：4194304
decode keng：-1, sheng ：2097152
world keng：2, sheng ：1048576

2026-08-15 14:50:50.213 INFO [pool-6-thread-6][:] - /****************流量统计******************/
LastReadBytes:0
LastReadThroughput:0
LastWrittenBytes:0
LastWriteThroughput:0
RealWrittenBytes:0
RealWriteThroughput:0
当前玩家的连接数量:0
当前地图的线程个数：9
当前地图的个数:47
当前数据库执行队列数:0
当前发送队列缓存的对象数量:0
totalMemory：1028128768, use ：556389840, free ：471738928DirectMemory：1827143680, 恢复 ：1
当前时间 ：2026-08-15 14:50:50send keng：-1, sheng ：4194304
decode keng：-1, sheng ：2097152
world keng：2, sheng ：1048576

2026-08-15 14:50:55.213 INFO [pool-6-thread-3][:] - /****************流量统计******************/
LastReadBytes:0
LastReadThroughput:0
LastWrittenBytes:0
LastWriteThroughput:0
RealWrittenBytes:0
RealWriteThroughput:0
当前玩家的连接数量:0
当前地图的线程个数：9
当前地图的个数:47
当前数据库执行队列数:0
当前发送队列缓存的对象数量:0
totalMemory：1028128768, use ：558245472, free ：469883296DirectMemory：1827143680, 恢复 ：1
当前时间 ：2026-08-15 14:50:55send keng：-1, sheng ：4194304
decode keng：-1, sheng ：2097152
world keng：2, sheng ：1048576

2026-08-15 14:51:00.213 INFO [pool-6-thread-7][:] - /****************流量统计******************/
LastReadBytes:0
LastReadThroughput:0
LastWrittenBytes:0
LastWriteThroughput:0
RealWrittenBytes:0
RealWriteThroughput:0
当前玩家的连接数量:0
当前地图的线程个数：9
当前地图的个数:47
当前数据库执行队列数:0
当前发送队列缓存的对象数量:0
totalMemory：1028128768, use ：563324312, free ：464804456DirectMemory：1827143680, 恢复 ：1
当前时间 ：2026-08-15 14:51:00send keng：-1, sheng ：4194304
decode keng：-1, sheng ：2097152
world keng：2, sheng ：1048576

2026-08-15 14:51:05.213 INFO [pool-6-thread-7][:] - /****************流量统计******************/
LastReadBytes:0
LastReadThroughput:0
LastWrittenBytes:0
LastWriteThroughput:0
RealWrittenBytes:0
RealWriteThroughput:0
当前玩家的连接数量:0
当前地图的线程个数：9
当前地图的个数:47
当前数据库执行队列数:0
当前发送队列缓存的对象数量:0
totalMemory：1028128768, use ：566256656, free ：461872112DirectMemory：1827143680, 恢复 ：1
当前时间 ：2026-08-15 14:51:05send keng：-1, sheng ：4194304
decode keng：-1, sheng ：2097152
world keng：2, sheng ：1048576

2026-08-15 14:51:10.213 INFO [pool-6-thread-3][:] - /****************流量统计******************/
LastReadBytes:0
LastReadThroughput:0
LastWrittenBytes:0
LastWriteThroughput:0
RealWrittenBytes:0
RealWriteThroughput:0
当前玩家的连接数量:0
当前地图的线程个数：9
当前地图的个数:47
当前数据库执行队列数:0
当前发送队列缓存的对象数量:0
totalMemory：1028128768, use ：569018016, free ：459110752DirectMemory：1827143680, 恢复 ：1
当前时间 ：2026-08-15 14:51:10send keng：-1, sheng ：4194304
decode keng：-1, sheng ：2097152
world keng：2, sheng ：1048576

2026-08-15 14:51:15.213 INFO [pool-6-thread-7][:] - /****************流量统计******************/
LastReadBytes:0
LastReadThroughput:0
LastWrittenBytes:0
LastWriteThroughput:0
RealWrittenBytes:0
RealWriteThroughput:0
当前玩家的连接数量:0
当前地图的线程个数：9
当前地图的个数:47
当前数据库执行队列数:0
当前发送队列缓存的对象数量:0
totalMemory：1028128768, use ：571904984, free ：456223784DirectMemory：1827143680, 恢复 ：1
当前时间 ：2026-08-15 14:51:15send keng：-1, sheng ：4194304
decode keng：-1, sheng ：2097152
world keng：2, sheng ：1048576

2026-08-15 14:51:20.213 INFO [pool-6-thread-1][:] - /****************流量统计******************/
LastReadBytes:0
LastReadThroughput:0
LastWrittenBytes:0
LastWriteThroughput:0
RealWrittenBytes:0
RealWriteThroughput:0
当前玩家的连接数量:0
当前地图的线程个数：9
当前地图的个数:47
当前数据库执行队列数:0
当前发送队列缓存的对象数量:0
totalMemory：1028128768, use ：574200040, free ：453928728DirectMemory：1827143680, 恢复 ：1
当前时间 ：2026-08-15 14:51:20send keng：-1, sheng ：4194304
decode keng：-1, sheng ：2097152
world keng：2, sheng ：1048576

2026-08-15 14:51:25.214 INFO [pool-6-thread-9][:] - /****************流量统计******************/
LastReadBytes:0
LastReadThroughput:0
LastWrittenBytes:0
LastWriteThroughput:0
RealWrittenBytes:0
RealWriteThroughput:0
当前玩家的连接数量:0
当前地图的线程个数：9
当前地图的个数:47
当前数据库执行队列数:0
当前发送队列缓存的对象数量:0
totalMemory：1028128768, use ：577884976, free ：450243792DirectMemory：1827143680, 恢复 ：1
当前时间 ：2026-08-15 14:51:25send keng：-1, sheng ：4194304
decode keng：-1, sheng ：2097152
world keng：2, sheng ：1048576

2026-08-15 14:51:30.213 INFO [pool-6-thread-3][:] - /****************流量统计******************/
LastReadBytes:0
LastReadThroughput:0
LastWrittenBytes:0
LastWriteThroughput:0
RealWrittenBytes:0
RealWriteThroughput:0
当前玩家的连接数量:0
当前地图的线程个数：9
当前地图的个数:47
当前数据库执行队列数:0
当前发送队列缓存的对象数量:0
totalMemory：1028128768, use ：581236184, free ：446892584DirectMemory：1827143680, 恢复 ：1
当前时间 ：2026-08-15 14:51:30send keng：-1, sheng ：4194304
decode keng：-1, sheng ：2097152
world keng：2, sheng ：1048576

2026-08-15 14:51:35.213 INFO [pool-6-thread-5][:] - /****************流量统计******************/
LastReadBytes:0
LastReadThroughput:0
LastWrittenBytes:0
LastWriteThroughput:0
RealWrittenBytes:0
RealWriteThroughput:0
当前玩家的连接数量:0
当前地图的线程个数：9
当前地图的个数:47
当前数据库执行队列数:0
当前发送队列缓存的对象数量:0
totalMemory：1028128768, use ：583802552, free ：444326216DirectMemory：1827143680, 恢复 ：1
当前时间 ：2026-08-15 14:51:35send keng：-1, sheng ：4194304
decode keng：-1, sheng ：2097152
world keng：2, sheng ：1048576

2026-08-15 14:51:40.213 INFO [pool-6-thread-3][:] - /****************流量统计******************/
LastReadBytes:0
LastReadThroughput:0
LastWrittenBytes:0
LastWriteThroughput:0
RealWrittenBytes:0
RealWriteThroughput:0
当前玩家的连接数量:0
当前地图的线程个数：9
当前地图的个数:47
当前数据库执行队列数:0
当前发送队列缓存的对象数量:0
totalMemory：1028128768, use ：587273688, free ：440855080DirectMemory：1827143680, 恢复 ：1
当前时间 ：2026-08-15 14:51:40send keng：-1, sheng ：4194304
decode keng：-1, sheng ：2097152
world keng：2, sheng ：1048576

2026-08-15 14:51:45.213 INFO [pool-6-thread-10][:] - /****************流量统计******************/
LastReadBytes:0
LastReadThroughput:0
LastWrittenBytes:0
LastWriteThroughput:0
RealWrittenBytes:0
RealWriteThroughput:0
当前玩家的连接数量:0
当前地图的线程个数：9
当前地图的个数:47
当前数据库执行队列数:0
当前发送队列缓存的对象数量:0
totalMemory：1028128768, use ：590119408, free ：438009360DirectMemory：1827143680, 恢复 ：1
当前时间 ：2026-08-15 14:51:45send keng：-1, sheng ：4194304
decode keng：-1, sheng ：2097152
world keng：2, sheng ：1048576

2026-08-15 14:51:50.213 INFO [pool-6-thread-7][:] - /****************流量统计******************/
LastReadBytes:0
LastReadThroughput:0
LastWrittenBytes:0
LastWriteThroughput:0
RealWrittenBytes:0
RealWriteThroughput:0
当前玩家的连接数量:0
当前地图的线程个数：9
当前地图的个数:47
当前数据库执行队列数:0
当前发送队列缓存的对象数量:0
totalMemory：1028128768, use ：594428112, free ：433700656DirectMemory：1827143680, 恢复 ：1
当前时间 ：2026-08-15 14:51:50send keng：-1, sheng ：4194304
decode keng：-1, sheng ：2097152
world keng：2, sheng ：1048576

2026-08-15 14:51:55.213 INFO [pool-6-thread-2][:] - /****************流量统计******************/
LastReadBytes:0
LastReadThroughput:0
LastWrittenBytes:0
LastWriteThroughput:0
RealWrittenBytes:0
RealWriteThroughput:0
当前玩家的连接数量:0
当前地图的线程个数：9
当前地图的个数:47
当前数据库执行队列数:0
当前发送队列缓存的对象数量:0
totalMemory：1028128768, use ：597448984, free ：430679784DirectMemory：1827143680, 恢复 ：1
当前时间 ：2026-08-15 14:51:55send keng：-1, sheng ：4194304
decode keng：-1, sheng ：2097152
world keng：2, sheng ：1048576

2026-08-15 14:52:00.213 INFO [pool-6-thread-9][:] - /****************流量统计******************/
LastReadBytes:0
LastReadThroughput:0
LastWrittenBytes:0
LastWriteThroughput:0
RealWrittenBytes:0
RealWriteThroughput:0
当前玩家的连接数量:0
当前地图的线程个数：9
当前地图的个数:47
当前数据库执行队列数:0
当前发送队列缓存的对象数量:0
totalMemory：1028128768, use ：600525984, free ：427602784DirectMemory：1827143680, 恢复 ：1
当前时间 ：2026-08-15 14:52:00send keng：-1, sheng ：4194304
decode keng：-1, sheng ：2097152
world keng：2, sheng ：1048576

2026-08-15 14:52:05.213 INFO [pool-6-thread-7][:] - /****************流量统计******************/
LastReadBytes:0
LastReadThroughput:0
LastWrittenBytes:0
LastWriteThroughput:0
RealWrittenBytes:0
RealWriteThroughput:0
当前玩家的连接数量:0
当前地图的线程个数：9
当前地图的个数:47
当前数据库执行队列数:0
当前发送队列缓存的对象数量:0
totalMemory：1028128768, use ：604388200, free ：423740568DirectMemory：1827143680, 恢复 ：1
当前时间 ：2026-08-15 14:52:05send keng：-1, sheng ：4194304
decode keng：-1, sheng ：2097152
world keng：2, sheng ：1048576

2026-08-15 14:52:10.213 INFO [pool-6-thread-3][:] - /****************流量统计******************/
LastReadBytes:0
LastReadThroughput:0
LastWrittenBytes:0
LastWriteThroughput:0
RealWrittenBytes:0
RealWriteThroughput:0
当前玩家的连接数量:0
当前地图的线程个数：9
当前地图的个数:47
当前数据库执行队列数:0
当前发送队列缓存的对象数量:0
totalMemory：1028128768, use ：605962896, free ：422165872DirectMemory：1827143680, 恢复 ：1
当前时间 ：2026-08-15 14:52:10send keng：-1, sheng ：4194304
decode keng：-1, sheng ：2097152
world keng：2, sheng ：1048576

2026-08-15 14:52:15.213 INFO [pool-6-thread-5][:] - /****************流量统计******************/
LastReadBytes:0
LastReadThroughput:0
LastWrittenBytes:0
LastWriteThroughput:0
RealWrittenBytes:0
RealWriteThroughput:0
当前玩家的连接数量:0
当前地图的线程个数：9
当前地图的个数:47
当前数据库执行队列数:0
当前发送队列缓存的对象数量:0
totalMemory：1028128768, use ：608535472, free ：419593296DirectMemory：1827143680, 恢复 ：1
当前时间 ：2026-08-15 14:52:15send keng：-1, sheng ：4194304
decode keng：-1, sheng ：2097152
world keng：2, sheng ：1048576

2026-08-15 14:52:20.213 INFO [pool-6-thread-3][:] - /****************流量统计******************/
LastReadBytes:0
LastReadThroughput:0
LastWrittenBytes:0
LastWriteThroughput:0
RealWrittenBytes:0
RealWriteThroughput:0
当前玩家的连接数量:0
当前地图的线程个数：9
当前地图的个数:47
当前数据库执行队列数:0
当前发送队列缓存的对象数量:0
totalMemory：1028128768, use ：612588640, free ：415540128DirectMemory：1827143680, 恢复 ：1
当前时间 ：2026-08-15 14:52:20send keng：-1, sheng ：4194304
decode keng：-1, sheng ：2097152
world keng：2, sheng ：1048576

2026-08-15 14:52:25.213 INFO [pool-6-thread-6][:] - /****************流量统计******************/
LastReadBytes:0
LastReadThroughput:0
LastWrittenBytes:0
LastWriteThroughput:0
RealWrittenBytes:0
RealWriteThroughput:0
当前玩家的连接数量:0
当前地图的线程个数：9
当前地图的个数:47
当前数据库执行队列数:0
当前发送队列缓存的对象数量:0
totalMemory：1028128768, use ：614740208, free ：413388560DirectMemory：1827143680, 恢复 ：1
当前时间 ：2026-08-15 14:52:25send keng：-1, sheng ：4194304
decode keng：-1, sheng ：2097152
world keng：2, sheng ：1048576

2026-08-15 14:52:30.213 INFO [pool-6-thread-2][:] - /****************流量统计******************/
LastReadBytes:0
LastReadThroughput:0
LastWrittenBytes:0
LastWriteThroughput:0
RealWrittenBytes:0
RealWriteThroughput:0
当前玩家的连接数量:0
当前地图的线程个数：9
当前地图的个数:47
当前数据库执行队列数:0
当前发送队列缓存的对象数量:0
totalMemory：1028128768, use ：618275600, free ：409853168DirectMemory：1827143680, 恢复 ：1
当前时间 ：2026-08-15 14:52:30send keng：-1, sheng ：4194304
decode keng：-1, sheng ：2097152
world keng：2, sheng ：1048576

2026-08-15 14:52:35.213 INFO [pool-6-thread-2][:] - /****************流量统计******************/
LastReadBytes:0
LastReadThroughput:0
LastWrittenBytes:0
LastWriteThroughput:0
RealWrittenBytes:0
RealWriteThroughput:0
当前玩家的连接数量:0
当前地图的线程个数：9
当前地图的个数:47
当前数据库执行队列数:0
当前发送队列缓存的对象数量:0
totalMemory：1028128768, use ：621691640, free ：406437128DirectMemory：1827143680, 恢复 ：1
当前时间 ：2026-08-15 14:52:35send keng：-1, sheng ：4194304
decode keng：-1, sheng ：2097152
world keng：2, sheng ：1048576

2026-08-15 14:52:40.213 INFO [pool-6-thread-6][:] - /****************流量统计******************/
LastReadBytes:0
LastReadThroughput:0
LastWrittenBytes:0
LastWriteThroughput:0
RealWrittenBytes:0
RealWriteThroughput:0
当前玩家的连接数量:0
当前地图的线程个数：9
当前地图的个数:47
当前数据库执行队列数:0
当前发送队列缓存的对象数量:0
totalMemory：1028128768, use ：623902728, free ：404226040DirectMemory：1827143680, 恢复 ：1
当前时间 ：2026-08-15 14:52:40send keng：-1, sheng ：4194304
decode keng：-1, sheng ：2097152
world keng：2, sheng ：1048576

2026-08-15 14:52:45.213 INFO [pool-6-thread-6][:] - /****************流量统计******************/
LastReadBytes:0
LastReadThroughput:0
LastWrittenBytes:0
LastWriteThroughput:0
RealWrittenBytes:0
RealWriteThroughput:0
当前玩家的连接数量:0
当前地图的线程个数：9
当前地图的个数:47
当前数据库执行队列数:0
当前发送队列缓存的对象数量:0
totalMemory：1028128768, use ：628339776, free ：399788992DirectMemory：1827143680, 恢复 ：1
当前时间 ：2026-08-15 14:52:45send keng：-1, sheng ：4194304
decode keng：-1, sheng ：2097152
world keng：2, sheng ：1048576

2026-08-15 14:52:50.213 INFO [pool-6-thread-6][:] - /****************流量统计******************/
LastReadBytes:0
LastReadThroughput:0
LastWrittenBytes:0
LastWriteThroughput:0
RealWrittenBytes:0
RealWriteThroughput:0
当前玩家的连接数量:0
当前地图的线程个数：9
当前地图的个数:47
当前数据库执行队列数:0
当前发送队列缓存的对象数量:0
totalMemory：1028128768, use ：631139568, free ：396989200DirectMemory：1827143680, 恢复 ：1
当前时间 ：2026-08-15 14:52:50send keng：-1, sheng ：4194304
decode keng：-1, sheng ：2097152
world keng：2, sheng ：1048576

2026-08-15 14:52:55.213 INFO [pool-6-thread-9][:] - /****************流量统计******************/
LastReadBytes:0
LastReadThroughput:0
LastWrittenBytes:0
LastWriteThroughput:0
RealWrittenBytes:0
RealWriteThroughput:0
当前玩家的连接数量:0
当前地图的线程个数：9
当前地图的个数:47
当前数据库执行队列数:0
当前发送队列缓存的对象数量:0
totalMemory：1028128768, use ：634019672, free ：394109096DirectMemory：1827143680, 恢复 ：1
当前时间 ：2026-08-15 14:52:55send keng：-1, sheng ：4194304
decode keng：-1, sheng ：2097152
world keng：2, sheng ：1048576

2026-08-15 14:53:00.213 INFO [pool-6-thread-8][:] - /****************流量统计******************/
LastReadBytes:0
LastReadThroughput:0
LastWrittenBytes:0
LastWriteThroughput:0
RealWrittenBytes:0
RealWriteThroughput:0
当前玩家的连接数量:0
当前地图的线程个数：9
当前地图的个数:47
当前数据库执行队列数:0
当前发送队列缓存的对象数量:0
totalMemory：1028128768, use ：637201232, free ：390927536DirectMemory：1827143680, 恢复 ：1
当前时间 ：2026-08-15 14:53:00send keng：-1, sheng ：4194304
decode keng：-1, sheng ：2097152
world keng：2, sheng ：1048576

2026-08-15 14:53:05.213 INFO [pool-6-thread-1][:] - /****************流量统计******************/
LastReadBytes:0
LastReadThroughput:0
LastWrittenBytes:0
LastWriteThroughput:0
RealWrittenBytes:0
RealWriteThroughput:0
当前玩家的连接数量:0
当前地图的线程个数：9
当前地图的个数:47
当前数据库执行队列数:0
当前发送队列缓存的对象数量:0
totalMemory：1028128768, use ：640935240, free ：387193528DirectMemory：1827143680, 恢复 ：1
当前时间 ：2026-08-15 14:53:05send keng：-1, sheng ：4194304
decode keng：-1, sheng ：2097152
world keng：2, sheng ：1048576

2026-08-15 14:53:10.213 INFO [pool-6-thread-7][:] - /****************流量统计******************/
LastReadBytes:0
LastReadThroughput:0
LastWrittenBytes:0
LastWriteThroughput:0
RealWrittenBytes:0
RealWriteThroughput:0
当前玩家的连接数量:0
当前地图的线程个数：9
当前地图的个数:47
当前数据库执行队列数:0
当前发送队列缓存的对象数量:0
totalMemory：1028128768, use ：644140408, free ：383988360DirectMemory：1827143680, 恢复 ：1
当前时间 ：2026-08-15 14:53:10send keng：-1, sheng ：4194304
decode keng：-1, sheng ：2097152
world keng：2, sheng ：1048576

2026-08-15 14:53:15.213 INFO [pool-6-thread-6][:] - /****************流量统计******************/
LastReadBytes:0
LastReadThroughput:0
LastWrittenBytes:0
LastWriteThroughput:0
RealWrittenBytes:0
RealWriteThroughput:0
当前玩家的连接数量:0
当前地图的线程个数：9
当前地图的个数:47
当前数据库执行队列数:0
当前发送队列缓存的对象数量:0
totalMemory：1028128768, use ：646332160, free ：381796608DirectMemory：1827143680, 恢复 ：1
当前时间 ：2026-08-15 14:53:15send keng：-1, sheng ：4194304
decode keng：-1, sheng ：2097152
world keng：2, sheng ：1048576

2026-08-15 14:53:20.213 INFO [pool-6-thread-5][:] - /****************流量统计******************/
LastReadBytes:0
LastReadThroughput:0
LastWrittenBytes:0
LastWriteThroughput:0
RealWrittenBytes:0
RealWriteThroughput:0
当前玩家的连接数量:0
当前地图的线程个数：9
当前地图的个数:47
当前数据库执行队列数:0
当前发送队列缓存的对象数量:0
totalMemory：1028128768, use ：649514376, free ：378614392DirectMemory：1827143680, 恢复 ：1
当前时间 ：2026-08-15 14:53:20send keng：-1, sheng ：4194304
decode keng：-1, sheng ：2097152
world keng：2, sheng ：1048576

2026-08-15 14:53:25.213 INFO [pool-6-thread-9][:] - /****************流量统计******************/
LastReadBytes:0
LastReadThroughput:0
LastWrittenBytes:0
LastWriteThroughput:0
RealWrittenBytes:0
RealWriteThroughput:0
当前玩家的连接数量:0
当前地图的线程个数：9
当前地图的个数:47
当前数据库执行队列数:0
当前发送队列缓存的对象数量:0
totalMemory：1028128768, use ：658839280, free ：369289488DirectMemory：1827143680, 恢复 ：1
当前时间 ：2026-08-15 14:53:25send keng：-1, sheng ：4194304
decode keng：-1, sheng ：2097152
world keng：2, sheng ：1048576

2026-08-15 14:53:30.213 INFO [pool-6-thread-6][:] - /****************流量统计******************/
LastReadBytes:0
LastReadThroughput:0
LastWrittenBytes:0
LastWriteThroughput:0
RealWrittenBytes:0
RealWriteThroughput:0
当前玩家的连接数量:0
当前地图的线程个数：9
当前地图的个数:47
当前数据库执行队列数:0
当前发送队列缓存的对象数量:0
totalMemory：1028128768, use ：682017872, free ：346110896DirectMemory：1827143680, 恢复 ：1
当前时间 ：2026-08-15 14:53:30send keng：-1, sheng ：4194304
decode keng：-1, sheng ：2097152
world keng：2, sheng ：1048576

2026-08-15 14:53:35.213 INFO [pool-6-thread-1][:] - /****************流量统计******************/
LastReadBytes:0
LastReadThroughput:0
LastWrittenBytes:0
LastWriteThroughput:0
RealWrittenBytes:0
RealWriteThroughput:0
当前玩家的连接数量:0
当前地图的线程个数：9
当前地图的个数:47
当前数据库执行队列数:0
当前发送队列缓存的对象数量:0
totalMemory：1028128768, use ：689814224, free ：338314544DirectMemory：1827143680, 恢复 ：1
当前时间 ：2026-08-15 14:53:35send keng：-1, sheng ：4194304
decode keng：-1, sheng ：2097152
world keng：2, sheng ：1048576

2026-08-15 14:53:40.213 INFO [pool-6-thread-10][:] - /****************流量统计******************/
LastReadBytes:0
LastReadThroughput:0
LastWrittenBytes:0
LastWriteThroughput:0
RealWrittenBytes:0
RealWriteThroughput:0
当前玩家的连接数量:0
当前地图的线程个数：9
当前地图的个数:47
当前数据库执行队列数:0
当前发送队列缓存的对象数量:0
totalMemory：1028128768, use ：692246384, free ：335882384DirectMemory：1827143680, 恢复 ：1
当前时间 ：2026-08-15 14:53:40send keng：-1, sheng ：4194304
decode keng：-1, sheng ：2097152
world keng：2, sheng ：1048576

2026-08-15 14:53:45.213 INFO [pool-6-thread-4][:] - /****************流量统计******************/
LastReadBytes:0
LastReadThroughput:0
LastWrittenBytes:0
LastWriteThroughput:0
RealWrittenBytes:0
RealWriteThroughput:0
当前玩家的连接数量:0
当前地图的线程个数：9
当前地图的个数:47
当前数据库执行队列数:0
当前发送队列缓存的对象数量:0
totalMemory：1028128768, use ：696151456, free ：331977312DirectMemory：1827143680, 恢复 ：1
当前时间 ：2026-08-15 14:53:45send keng：-1, sheng ：4194304
decode keng：-1, sheng ：2097152
world keng：2, sheng ：1048576

2026-08-15 14:53:50.213 INFO [pool-6-thread-8][:] - /****************流量统计******************/
LastReadBytes:0
LastReadThroughput:0
LastWrittenBytes:0
LastWriteThroughput:0
RealWrittenBytes:0
RealWriteThroughput:0
当前玩家的连接数量:0
当前地图的线程个数：9
当前地图的个数:47
当前数据库执行队列数:0
当前发送队列缓存的对象数量:0
totalMemory：1028128768, use ：700154104, free ：327974664DirectMemory：1827143680, 恢复 ：1
当前时间 ：2026-08-15 14:53:50send keng：-1, sheng ：4194304
decode keng：-1, sheng ：2097152
world keng：2, sheng ：1048576

2026-08-15 14:53:55.213 INFO [pool-6-thread-6][:] - /****************流量统计******************/
LastReadBytes:0
LastReadThroughput:0
LastWrittenBytes:0
LastWriteThroughput:0
RealWrittenBytes:0
RealWriteThroughput:0
当前玩家的连接数量:0
当前地图的线程个数：9
当前地图的个数:47
当前数据库执行队列数:0
当前发送队列缓存的对象数量:0
totalMemory：1028128768, use ：702750784, free ：325377984DirectMemory：1827143680, 恢复 ：1
当前时间 ：2026-08-15 14:53:55send keng：-1, sheng ：4194304
decode keng：-1, sheng ：2097152
world keng：2, sheng ：1048576

2026-08-15 14:54:00.213 INFO [pool-6-thread-2][:] - /****************流量统计******************/
LastReadBytes:0
LastReadThroughput:0
LastWrittenBytes:0
LastWriteThroughput:0
RealWrittenBytes:0
RealWriteThroughput:0
当前玩家的连接数量:0
当前地图的线程个数：9
当前地图的个数:47
当前数据库执行队列数:0
当前发送队列缓存的对象数量:0
totalMemory：1028128768, use ：705730168, free ：322398600DirectMemory：1827143680, 恢复 ：1
当前时间 ：2026-08-15 14:54:00send keng：-1, sheng ：4194304
decode keng：-1, sheng ：2097152
world keng：2, sheng ：1048576

2026-08-15 14:54:05.213 INFO [pool-6-thread-10][:] - /****************流量统计******************/
LastReadBytes:0
LastReadThroughput:0
LastWrittenBytes:0
LastWriteThroughput:0
RealWrittenBytes:0
RealWriteThroughput:0
当前玩家的连接数量:0
当前地图的线程个数：9
当前地图的个数:47
当前数据库执行队列数:0
当前发送队列缓存的对象数量:0
totalMemory：1028128768, use ：709567064, free ：318561704DirectMemory：1827143680, 恢复 ：1
当前时间 ：2026-08-15 14:54:05send keng：-1, sheng ：4194304
decode keng：-1, sheng ：2097152
world keng：2, sheng ：1048576

2026-08-15 14:54:10.213 INFO [pool-6-thread-9][:] - /****************流量统计******************/
LastReadBytes:0
LastReadThroughput:0
LastWrittenBytes:0
LastWriteThroughput:0
RealWrittenBytes:0
RealWriteThroughput:0
当前玩家的连接数量:0
当前地图的线程个数：9
当前地图的个数:47
当前数据库执行队列数:0
当前发送队列缓存的对象数量:0
totalMemory：1028128768, use ：711657576, free ：316471192DirectMemory：1827143680, 恢复 ：1
当前时间 ：2026-08-15 14:54:10send keng：-1, sheng ：4194304
decode keng：-1, sheng ：2097152
world keng：2, sheng ：1048576

2026-08-15 14:54:15.213 INFO [pool-6-thread-3][:] - /****************流量统计******************/
LastReadBytes:0
LastReadThroughput:0
LastWrittenBytes:0
LastWriteThroughput:0
RealWrittenBytes:0
RealWriteThroughput:0
当前玩家的连接数量:0
当前地图的线程个数：9
当前地图的个数:47
当前数据库执行队列数:0
当前发送队列缓存的对象数量:0
totalMemory：1028128768, use ：714391168, free ：313737600DirectMemory：1827143680, 恢复 ：1
当前时间 ：2026-08-15 14:54:15send keng：-1, sheng ：4194304
decode keng：-1, sheng ：2097152
world keng：2, sheng ：1048576

2026-08-15 14:54:20.213 INFO [pool-6-thread-8][:] - /****************流量统计******************/
LastReadBytes:0
LastReadThroughput:0
LastWrittenBytes:0
LastWriteThroughput:0
RealWrittenBytes:0
RealWriteThroughput:0
当前玩家的连接数量:0
当前地图的线程个数：9
当前地图的个数:47
当前数据库执行队列数:0
当前发送队列缓存的对象数量:0
totalMemory：1028128768, use ：718051704, free ：310077064DirectMemory：1827143680, 恢复 ：1
当前时间 ：2026-08-15 14:54:20send keng：-1, sheng ：4194304
decode keng：-1, sheng ：2097152
world keng：2, sheng ：1048576

2026-08-15 14:54:25.213 INFO [pool-6-thread-7][:] - /****************流量统计******************/
LastReadBytes:0
LastReadThroughput:0
LastWrittenBytes:0
LastWriteThroughput:0
RealWrittenBytes:0
RealWriteThroughput:0
当前玩家的连接数量:0
当前地图的线程个数：9
当前地图的个数:47
当前数据库执行队列数:0
当前发送队列缓存的对象数量:0
totalMemory：1028128768, use ：720711904, free ：307416864DirectMemory：1827143680, 恢复 ：1
当前时间 ：2026-08-15 14:54:25send keng：-1, sheng ：4194304
decode keng：-1, sheng ：2097152
world keng：2, sheng ：1048576

2026-08-15 14:54:30.213 INFO [pool-6-thread-6][:] - /****************流量统计******************/
LastReadBytes:0
LastReadThroughput:0
LastWrittenBytes:0
LastWriteThroughput:0
RealWrittenBytes:0
RealWriteThroughput:0
当前玩家的连接数量:0
当前地图的线程个数：9
当前地图的个数:47
当前数据库执行队列数:0
当前发送队列缓存的对象数量:0
totalMemory：1028128768, use ：725188232, free ：302940536DirectMemory：1827143680, 恢复 ：1
当前时间 ：2026-08-15 14:54:30send keng：-1, sheng ：4194304
decode keng：-1, sheng ：2097152
world keng：2, sheng ：1048576

2026-08-15 14:54:35.213 INFO [pool-6-thread-2][:] - /****************流量统计******************/
LastReadBytes:0
LastReadThroughput:0
LastWrittenBytes:0
LastWriteThroughput:0
RealWrittenBytes:0
RealWriteThroughput:0
当前玩家的连接数量:0
当前地图的线程个数：9
当前地图的个数:47
当前数据库执行队列数:0
当前发送队列缓存的对象数量:0
totalMemory：1028128768, use ：729414936, free ：298713832DirectMemory：1827143680, 恢复 ：1
当前时间 ：2026-08-15 14:54:35send keng：-1, sheng ：4194304
decode keng：-1, sheng ：2097152
world keng：2, sheng ：1048576

2026-08-15 14:54:40.213 INFO [pool-6-thread-5][:] - /****************流量统计******************/
LastReadBytes:0
LastReadThroughput:0
LastWrittenBytes:0
LastWriteThroughput:0
RealWrittenBytes:0
RealWriteThroughput:0
当前玩家的连接数量:0
当前地图的线程个数：9
当前地图的个数:47
当前数据库执行队列数:0
当前发送队列缓存的对象数量:0
totalMemory：1028128768, use ：731363352, free ：296765416DirectMemory：1827143680, 恢复 ：1
当前时间 ：2026-08-15 14:54:40send keng：-1, sheng ：4194304
decode keng：-1, sheng ：2097152
world keng：2, sheng ：1048576

2026-08-15 14:54:45.213 INFO [pool-6-thread-7][:] - /****************流量统计******************/
LastReadBytes:0
LastReadThroughput:0
LastWrittenBytes:0
LastWriteThroughput:0
RealWrittenBytes:0
RealWriteThroughput:0
当前玩家的连接数量:0
当前地图的线程个数：9
当前地图的个数:47
当前数据库执行队列数:0
当前发送队列缓存的对象数量:0
totalMemory：1028128768, use ：734802880, free ：293325888DirectMemory：1827143680, 恢复 ：1
当前时间 ：2026-08-15 14:54:45send keng：-1, sheng ：4194304
decode keng：-1, sheng ：2097152
world keng：2, sheng ：1048576

2026-08-15 14:54:50.213 INFO [pool-6-thread-8][:] - /****************流量统计******************/
LastReadBytes:0
LastReadThroughput:0
LastWrittenBytes:0
LastWriteThroughput:0
RealWrittenBytes:0
RealWriteThroughput:0
当前玩家的连接数量:0
当前地图的线程个数：9
当前地图的个数:47
当前数据库执行队列数:0
当前发送队列缓存的对象数量:0
totalMemory：1028128768, use ：737219496, free ：290909272DirectMemory：1827143680, 恢复 ：1
当前时间 ：2026-08-15 14:54:50send keng：-1, sheng ：4194304
decode keng：-1, sheng ：2097152
world keng：2, sheng ：1048576

2026-08-15 14:54:55.213 INFO [pool-6-thread-7][:] - /****************流量统计******************/
LastReadBytes:0
LastReadThroughput:0
LastWrittenBytes:0
LastWriteThroughput:0
RealWrittenBytes:0
RealWriteThroughput:0
当前玩家的连接数量:0
当前地图的线程个数：9
当前地图的个数:47
当前数据库执行队列数:0
当前发送队列缓存的对象数量:0
totalMemory：1028128768, use ：739982104, free ：288146664DirectMemory：1827143680, 恢复 ：1
当前时间 ：2026-08-15 14:54:55send keng：-1, sheng ：4194304
decode keng：-1, sheng ：2097152
world keng：2, sheng ：1048576

2026-08-15 14:55:00.214 INFO [pool-6-thread-6][:] - /****************流量统计******************/
LastReadBytes:0
LastReadThroughput:0
LastWrittenBytes:0
LastWriteThroughput:0
RealWrittenBytes:0
RealWriteThroughput:0
当前玩家的连接数量:0
当前地图的线程个数：9
当前地图的个数:47
当前数据库执行队列数:0
当前发送队列缓存的对象数量:0
totalMemory：1028128768, use ：743257840, free ：284870928DirectMemory：1827143680, 恢复 ：1
当前时间 ：2026-08-15 14:55:00send keng：-1, sheng ：4194304
decode keng：-1, sheng ：2097152
world keng：2, sheng ：1048576

2026-08-15 14:55:05.213 INFO [pool-6-thread-7][:] - /****************流量统计******************/
LastReadBytes:0
LastReadThroughput:0
LastWrittenBytes:0
LastWriteThroughput:0
RealWrittenBytes:0
RealWriteThroughput:0
当前玩家的连接数量:0
当前地图的线程个数：9
当前地图的个数:47
当前数据库执行队列数:0
当前发送队列缓存的对象数量:0
totalMemory：1028128768, use ：746571640, free ：281557128DirectMemory：1827143680, 恢复 ：1
当前时间 ：2026-08-15 14:55:05send keng：-1, sheng ：4194304
decode keng：-1, sheng ：2097152
world keng：2, sheng ：1048576

2026-08-15 14:55:10.213 INFO [pool-6-thread-1][:] - /****************流量统计******************/
LastReadBytes:0
LastReadThroughput:0
LastWrittenBytes:0
LastWriteThroughput:0
RealWrittenBytes:0
RealWriteThroughput:0
当前玩家的连接数量:0
当前地图的线程个数：9
当前地图的个数:47
当前数据库执行队列数:0
当前发送队列缓存的对象数量:0
totalMemory：1028128768, use ：749424984, free ：278703784DirectMemory：1827143680, 恢复 ：1
当前时间 ：2026-08-15 14:55:10send keng：-1, sheng ：4194304
decode keng：-1, sheng ：2097152
world keng：2, sheng ：1048576

2026-08-15 14:55:15.213 INFO [pool-6-thread-10][:] - /****************流量统计******************/
LastReadBytes:0
LastReadThroughput:0
LastWrittenBytes:0
LastWriteThroughput:0
RealWrittenBytes:0
RealWriteThroughput:0
当前玩家的连接数量:0
当前地图的线程个数：9
当前地图的个数:47
当前数据库执行队列数:0
当前发送队列缓存的对象数量:0
totalMemory：1028128768, use ：751942104, free ：276186664DirectMemory：1827143680, 恢复 ：1
当前时间 ：2026-08-15 14:55:15send keng：-1, sheng ：4194304
decode keng：-1, sheng ：2097152
world keng：2, sheng ：1048576

2026-08-15 14:55:20.213 INFO [pool-6-thread-8][:] - /****************流量统计******************/
LastReadBytes:0
LastReadThroughput:0
LastWrittenBytes:0
LastWriteThroughput:0
RealWrittenBytes:0
RealWriteThroughput:0
当前玩家的连接数量:0
当前地图的线程个数：9
当前地图的个数:47
当前数据库执行队列数:0
当前发送队列缓存的对象数量:0
totalMemory：1028128768, use ：756425176, free ：271703592DirectMemory：1827143680, 恢复 ：1
当前时间 ：2026-08-15 14:55:20send keng：-1, sheng ：4194304
decode keng：-1, sheng ：2097152
world keng：2, sheng ：1048576

2026-08-15 14:55:25.214 INFO [pool-6-thread-6][:] - /****************流量统计******************/
LastReadBytes:0
LastReadThroughput:0
LastWrittenBytes:0
LastWriteThroughput:0
RealWrittenBytes:0
RealWriteThroughput:0
当前玩家的连接数量:0
当前地图的线程个数：9
当前地图的个数:47
当前数据库执行队列数:0
当前发送队列缓存的对象数量:0
totalMemory：1028128768, use ：759733800, free ：268394968DirectMemory：1827143680, 恢复 ：1
当前时间 ：2026-08-15 14:55:25send keng：-1, sheng ：4194304
decode keng：-1, sheng ：2097152
world keng：2, sheng ：1048576

2026-08-15 14:55:30.213 INFO [pool-6-thread-1][:] - /****************流量统计******************/
LastReadBytes:0
LastReadThroughput:0
LastWrittenBytes:0
LastWriteThroughput:0
RealWrittenBytes:0
RealWriteThroughput:0
当前玩家的连接数量:0
当前地图的线程个数：9
当前地图的个数:47
当前数据库执行队列数:0
当前发送队列缓存的对象数量:0
totalMemory：1028128768, use ：762773264, free ：265355504DirectMemory：1827143680, 恢复 ：1
当前时间 ：2026-08-15 14:55:30send keng：-1, sheng ：4194304
decode keng：-1, sheng ：2097152
world keng：2, sheng ：1048576

2026-08-15 14:55:35.213 INFO [pool-6-thread-9][:] - /****************流量统计******************/
LastReadBytes:0
LastReadThroughput:0
LastWrittenBytes:0
LastWriteThroughput:0
RealWrittenBytes:0
RealWriteThroughput:0
当前玩家的连接数量:0
当前地图的线程个数：9
当前地图的个数:47
当前数据库执行队列数:0
当前发送队列缓存的对象数量:0
totalMemory：1028128768, use ：765332240, free ：262796528DirectMemory：1827143680, 恢复 ：1
当前时间 ：2026-08-15 14:55:35send keng：-1, sheng ：4194304
decode keng：-1, sheng ：2097152
world keng：2, sheng ：1048576

2026-08-15 14:55:40.213 INFO [pool-6-thread-3][:] - /****************流量统计******************/
LastReadBytes:0
LastReadThroughput:0
LastWrittenBytes:0
LastWriteThroughput:0
RealWrittenBytes:0
RealWriteThroughput:0
当前玩家的连接数量:0
当前地图的线程个数：9
当前地图的个数:47
当前数据库执行队列数:0
当前发送队列缓存的对象数量:0
totalMemory：1028128768, use ：768421768, free ：259707000DirectMemory：1827143680, 恢复 ：1
当前时间 ：2026-08-15 14:55:40send keng：-1, sheng ：4194304
decode keng：-1, sheng ：2097152
world keng：2, sheng ：1048576

2026-08-15 14:55:45.213 INFO [pool-6-thread-7][:] - /****************流量统计******************/
LastReadBytes:0
LastReadThroughput:0
LastWrittenBytes:0
LastWriteThroughput:0
RealWrittenBytes:0
RealWriteThroughput:0
当前玩家的连接数量:0
当前地图的线程个数：9
当前地图的个数:47
当前数据库执行队列数:0
当前发送队列缓存的对象数量:0
totalMemory：1028128768, use ：772470184, free ：255658584DirectMemory：1827143680, 恢复 ：1
当前时间 ：2026-08-15 14:55:45send keng：-1, sheng ：4194304
decode keng：-1, sheng ：2097152
world keng：2, sheng ：1048576

2026-08-15 14:55:50.213 INFO [pool-6-thread-9][:] - /****************流量统计******************/
LastReadBytes:0
LastReadThroughput:0
LastWrittenBytes:0
LastWriteThroughput:0
RealWrittenBytes:0
RealWriteThroughput:0
当前玩家的连接数量:0
当前地图的线程个数：9
当前地图的个数:47
当前数据库执行队列数:0
当前发送队列缓存的对象数量:0
totalMemory：1028128768, use ：773484392, free ：254644376DirectMemory：1827143680, 恢复 ：1
当前时间 ：2026-08-15 14:55:50send keng：-1, sheng ：4194304
decode keng：-1, sheng ：2097152
world keng：2, sheng ：1048576

2026-08-15 14:55:55.213 INFO [pool-6-thread-6][:] - /****************流量统计******************/
LastReadBytes:0
LastReadThroughput:0
LastWrittenBytes:0
LastWriteThroughput:0
RealWrittenBytes:0
RealWriteThroughput:0
当前玩家的连接数量:0
当前地图的线程个数：9
当前地图的个数:47
当前数据库执行队列数:0
当前发送队列缓存的对象数量:0
totalMemory：1033895936, use ：418120816, free ：615775120DirectMemory：1827143680, 恢复 ：1
当前时间 ：2026-08-15 14:55:55send keng：-1, sheng ：4194304
decode keng：-1, sheng ：2097152
world keng：2, sheng ：1048576

2026-08-15 14:56:00.213 INFO [pool-6-thread-1][:] - /****************流量统计******************/
LastReadBytes:0
LastReadThroughput:0
LastWrittenBytes:0
LastWriteThroughput:0
RealWrittenBytes:0
RealWriteThroughput:0
当前玩家的连接数量:0
当前地图的线程个数：9
当前地图的个数:47
当前数据库执行队列数:0
当前发送队列缓存的对象数量:0
totalMemory：1033895936, use ：420765672, free ：613130264DirectMemory：1827143680, 恢复 ：1
当前时间 ：2026-08-15 14:56:00send keng：-1, sheng ：4194304
decode keng：-1, sheng ：2097152
world keng：2, sheng ：1048576

2026-08-15 14:56:05.213 INFO [pool-6-thread-9][:] - /****************流量统计******************/
LastReadBytes:0
LastReadThroughput:0
LastWrittenBytes:0
LastWriteThroughput:0
RealWrittenBytes:0
RealWriteThroughput:0
当前玩家的连接数量:0
当前地图的线程个数：9
当前地图的个数:47
当前数据库执行队列数:0
当前发送队列缓存的对象数量:0
totalMemory：1033895936, use ：423484872, free ：610411064DirectMemory：1827143680, 恢复 ：1
当前时间 ：2026-08-15 14:56:05send keng：-1, sheng ：4194304
decode keng：-1, sheng ：2097152
world keng：2, sheng ：1048576

2026-08-15 14:56:10.214 INFO [pool-6-thread-1][:] - /****************流量统计******************/
LastReadBytes:0
LastReadThroughput:0
LastWrittenBytes:0
LastWriteThroughput:0
RealWrittenBytes:0
RealWriteThroughput:0
当前玩家的连接数量:0
当前地图的线程个数：9
当前地图的个数:47
当前数据库执行队列数:0
当前发送队列缓存的对象数量:0
totalMemory：1033895936, use ：426930512, free ：606965424DirectMemory：1827143680, 恢复 ：1
当前时间 ：2026-08-15 14:56:10send keng：-1, sheng ：4194304
decode keng：-1, sheng ：2097152
world keng：2, sheng ：1048576

2026-08-15 14:56:15.213 INFO [pool-6-thread-3][:] - /****************流量统计******************/
LastReadBytes:0
LastReadThroughput:0
LastWrittenBytes:0
LastWriteThroughput:0
RealWrittenBytes:0
RealWriteThroughput:0
当前玩家的连接数量:0
当前地图的线程个数：9
当前地图的个数:47
当前数据库执行队列数:0
当前发送队列缓存的对象数量:0
totalMemory：1033895936, use ：430199376, free ：603696560DirectMemory：1827143680, 恢复 ：1
当前时间 ：2026-08-15 14:56:15send keng：-1, sheng ：4194304
decode keng：-1, sheng ：2097152
world keng：2, sheng ：1048576

2026-08-15 14:56:20.213 INFO [pool-6-thread-8][:] - /****************流量统计******************/
LastReadBytes:0
LastReadThroughput:0
LastWrittenBytes:0
LastWriteThroughput:0
RealWrittenBytes:0
RealWriteThroughput:0
当前玩家的连接数量:0
当前地图的线程个数：9
当前地图的个数:47
当前数据库执行队列数:0
当前发送队列缓存的对象数量:0
totalMemory：1033895936, use ：433160664, free ：600735272DirectMemory：1827143680, 恢复 ：1
当前时间 ：2026-08-15 14:56:20send keng：-1, sheng ：4194304
decode keng：-1, sheng ：2097152
world keng：2, sheng ：1048576

2026-08-15 14:56:25.214 INFO [pool-6-thread-5][:] - /****************流量统计******************/
LastReadBytes:0
LastReadThroughput:0
LastWrittenBytes:0
LastWriteThroughput:0
RealWrittenBytes:0
RealWriteThroughput:0
当前玩家的连接数量:0
当前地图的线程个数：9
当前地图的个数:47
当前数据库执行队列数:0
当前发送队列缓存的对象数量:0
totalMemory：1033895936, use ：435693520, free ：598202416DirectMemory：1827143680, 恢复 ：1
当前时间 ：2026-08-15 14:56:25send keng：-1, sheng ：4194304
decode keng：-1, sheng ：2097152
world keng：2, sheng ：1048576

2026-08-15 14:56:30.213 INFO [pool-6-thread-8][:] - /****************流量统计******************/
LastReadBytes:0
LastReadThroughput:0
LastWrittenBytes:0
LastWriteThroughput:0
RealWrittenBytes:0
RealWriteThroughput:0
当前玩家的连接数量:0
当前地图的线程个数：9
当前地图的个数:47
当前数据库执行队列数:0
当前发送队列缓存的对象数量:0
totalMemory：1033895936, use ：439801192, free ：594094744DirectMemory：1827143680, 恢复 ：1
当前时间 ：2026-08-15 14:56:30send keng：-1, sheng ：4194304
decode keng：-1, sheng ：2097152
world keng：2, sheng ：1048576

2026-08-15 14:56:35.213 INFO [pool-6-thread-5][:] - /****************流量统计******************/
LastReadBytes:0
LastReadThroughput:0
LastWrittenBytes:0
LastWriteThroughput:0
RealWrittenBytes:0
RealWriteThroughput:0
当前玩家的连接数量:0
当前地图的线程个数：9
当前地图的个数:47
当前数据库执行队列数:0
当前发送队列缓存的对象数量:0
totalMemory：1033895936, use ：443241872, free ：590654064DirectMemory：1827143680, 恢复 ：1
当前时间 ：2026-08-15 14:56:35send keng：-1, sheng ：4194304
decode keng：-1, sheng ：2097152
world keng：2, sheng ：1048576

2026-08-15 14:56:40.213 INFO [pool-6-thread-8][:] - /****************流量统计******************/
LastReadBytes:0
LastReadThroughput:0
LastWrittenBytes:0
LastWriteThroughput:0
RealWrittenBytes:0
RealWriteThroughput:0
当前玩家的连接数量:0
当前地图的线程个数：9
当前地图的个数:47
当前数据库执行队列数:0
当前发送队列缓存的对象数量:0
totalMemory：1033895936, use ：446116760, free ：587779176DirectMemory：1827143680, 恢复 ：1
当前时间 ：2026-08-15 14:56:40send keng：-1, sheng ：4194304
decode keng：-1, sheng ：2097152
world keng：2, sheng ：1048576

2026-08-15 14:56:45.213 INFO [pool-6-thread-10][:] - /****************流量统计******************/
LastReadBytes:0
LastReadThroughput:0
LastWrittenBytes:0
LastWriteThroughput:0
RealWrittenBytes:0
RealWriteThroughput:0
当前玩家的连接数量:0
当前地图的线程个数：9
当前地图的个数:47
当前数据库执行队列数:0
当前发送队列缓存的对象数量:0
totalMemory：1033895936, use ：448354280, free ：585541656DirectMemory：1827143680, 恢复 ：1
当前时间 ：2026-08-15 14:56:45send keng：-1, sheng ：4194304
decode keng：-1, sheng ：2097152
world keng：2, sheng ：1048576

2026-08-15 14:56:50.213 INFO [pool-6-thread-4][:] - /****************流量统计******************/
LastReadBytes:0
LastReadThroughput:0
LastWrittenBytes:0
LastWriteThroughput:0
RealWrittenBytes:0
RealWriteThroughput:0
当前玩家的连接数量:0
当前地图的线程个数：9
当前地图的个数:47
当前数据库执行队列数:0
当前发送队列缓存的对象数量:0
totalMemory：1033895936, use ：451368592, free ：582527344DirectMemory：1827143680, 恢复 ：1
当前时间 ：2026-08-15 14:56:50send keng：-1, sheng ：4194304
decode keng：-1, sheng ：2097152
world keng：2, sheng ：1048576

2026-08-15 14:56:55.213 INFO [pool-6-thread-7][:] - /****************流量统计******************/
LastReadBytes:0
LastReadThroughput:0
LastWrittenBytes:0
LastWriteThroughput:0
RealWrittenBytes:0
RealWriteThroughput:0
当前玩家的连接数量:0
当前地图的线程个数：9
当前地图的个数:47
当前数据库执行队列数:0
当前发送队列缓存的对象数量:0
totalMemory：1033895936, use ：454878016, free ：579017920DirectMemory：1827143680, 恢复 ：1
当前时间 ：2026-08-15 14:56:55send keng：-1, sheng ：4194304
decode keng：-1, sheng ：2097152
world keng：2, sheng ：1048576

2026-08-15 14:57:00.213 INFO [pool-6-thread-6][:] - /****************流量统计******************/
LastReadBytes:0
LastReadThroughput:0
LastWrittenBytes:0
LastWriteThroughput:0
RealWrittenBytes:0
RealWriteThroughput:0
当前玩家的连接数量:0
当前地图的线程个数：9
当前地图的个数:47
当前数据库执行队列数:0
当前发送队列缓存的对象数量:0
totalMemory：1033895936, use ：457906088, free ：575989848DirectMemory：1827143680, 恢复 ：1
当前时间 ：2026-08-15 14:57:00send keng：-1, sheng ：4194304
decode keng：-1, sheng ：2097152
world keng：2, sheng ：1048576

2026-08-15 14:57:05.214 INFO [pool-6-thread-3][:] - /****************流量统计******************/
LastReadBytes:0
LastReadThroughput:0
LastWrittenBytes:0
LastWriteThroughput:0
RealWrittenBytes:0
RealWriteThroughput:0
当前玩家的连接数量:0
当前地图的线程个数：9
当前地图的个数:47
当前数据库执行队列数:0
当前发送队列缓存的对象数量:0
totalMemory：1033895936, use ：460358304, free ：573537632DirectMemory：1827143680, 恢复 ：1
当前时间 ：2026-08-15 14:57:05send keng：-1, sheng ：4194304
decode keng：-1, sheng ：2097152
world keng：2, sheng ：1048576

2026-08-15 14:57:10.213 INFO [pool-6-thread-6][:] - /****************流量统计******************/
LastReadBytes:0
LastReadThroughput:0
LastWrittenBytes:0
LastWriteThroughput:0
RealWrittenBytes:0
RealWriteThroughput:0
当前玩家的连接数量:0
当前地图的线程个数：9
当前地图的个数:47
当前数据库执行队列数:0
当前发送队列缓存的对象数量:0
totalMemory：1033895936, use ：465388712, free ：568507224DirectMemory：1827143680, 恢复 ：1
当前时间 ：2026-08-15 14:57:10send keng：-1, sheng ：4194304
decode keng：-1, sheng ：2097152
world keng：2, sheng ：1048576

2026-08-15 14:57:15.213 INFO [pool-6-thread-8][:] - /****************流量统计******************/
LastReadBytes:0
LastReadThroughput:0
LastWrittenBytes:0
LastWriteThroughput:0
RealWrittenBytes:0
RealWriteThroughput:0
当前玩家的连接数量:0
当前地图的线程个数：9
当前地图的个数:47
当前数据库执行队列数:0
当前发送队列缓存的对象数量:0
totalMemory：1033895936, use ：467829928, free ：566066008DirectMemory：1827143680, 恢复 ：1
当前时间 ：2026-08-15 14:57:15send keng：-1, sheng ：4194304
decode keng：-1, sheng ：2097152
world keng：2, sheng ：1048576

2026-08-15 14:57:20.213 INFO [pool-6-thread-5][:] - /****************流量统计******************/
LastReadBytes:0
LastReadThroughput:0
LastWrittenBytes:0
LastWriteThroughput:0
RealWrittenBytes:0
RealWriteThroughput:0
当前玩家的连接数量:0
当前地图的线程个数：9
当前地图的个数:47
当前数据库执行队列数:0
当前发送队列缓存的对象数量:0
totalMemory：1033895936, use ：470810432, free ：563085504DirectMemory：1827143680, 恢复 ：1
当前时间 ：2026-08-15 14:57:20send keng：-1, sheng ：4194304
decode keng：-1, sheng ：2097152
world keng：2, sheng ：1048576

2026-08-15 14:57:25.213 INFO [pool-6-thread-6][:] - /****************流量统计******************/
LastReadBytes:0
LastReadThroughput:0
LastWrittenBytes:0
LastWriteThroughput:0
RealWrittenBytes:0
RealWriteThroughput:0
当前玩家的连接数量:0
当前地图的线程个数：9
当前地图的个数:47
当前数据库执行队列数:0
当前发送队列缓存的对象数量:0
totalMemory：1033895936, use ：474076576, free ：559819360DirectMemory：1827143680, 恢复 ：1
当前时间 ：2026-08-15 14:57:25send keng：-1, sheng ：4194304
decode keng：-1, sheng ：2097152
world keng：2, sheng ：1048576

2026-08-15 14:57:30.213 INFO [pool-6-thread-3][:] - /****************流量统计******************/
LastReadBytes:0
LastReadThroughput:0
LastWrittenBytes:0
LastWriteThroughput:0
RealWrittenBytes:0
RealWriteThroughput:0
当前玩家的连接数量:0
当前地图的线程个数：9
当前地图的个数:47
当前数据库执行队列数:0
当前发送队列缓存的对象数量:0
totalMemory：1033895936, use ：476584720, free ：557311216DirectMemory：1827143680, 恢复 ：1
当前时间 ：2026-08-15 14:57:30send keng：-1, sheng ：4194304
decode keng：-1, sheng ：2097152
world keng：2, sheng ：1048576

2026-08-15 14:57:35.213 INFO [pool-6-thread-3][:] - /****************流量统计******************/
LastReadBytes:0
LastReadThroughput:0
LastWrittenBytes:0
LastWriteThroughput:0
RealWrittenBytes:0
RealWriteThroughput:0
当前玩家的连接数量:0
当前地图的线程个数：9
当前地图的个数:47
当前数据库执行队列数:0
当前发送队列缓存的对象数量:0
totalMemory：1033895936, use ：479853664, free ：554042272DirectMemory：1827143680, 恢复 ：1
当前时间 ：2026-08-15 14:57:35send keng：-1, sheng ：4194304
decode keng：-1, sheng ：2097152
world keng：2, sheng ：1048576

2026-08-15 14:57:40.213 INFO [pool-6-thread-3][:] - /****************流量统计******************/
LastReadBytes:0
LastReadThroughput:0
LastWrittenBytes:0
LastWriteThroughput:0
RealWrittenBytes:0
RealWriteThroughput:0
当前玩家的连接数量:0
当前地图的线程个数：9
当前地图的个数:47
当前数据库执行队列数:0
当前发送队列缓存的对象数量:0
totalMemory：1033895936, use ：481597952, free ：552297984DirectMemory：1827143680, 恢复 ：1
当前时间 ：2026-08-15 14:57:40send keng：-1, sheng ：4194304
decode keng：-1, sheng ：2097152
world keng：2, sheng ：1048576

2026-08-15 14:57:45.213 INFO [pool-6-thread-7][:] - /****************流量统计******************/
LastReadBytes:0
LastReadThroughput:0
LastWrittenBytes:0
LastWriteThroughput:0
RealWrittenBytes:0
RealWriteThroughput:0
当前玩家的连接数量:0
当前地图的线程个数：9
当前地图的个数:47
当前数据库执行队列数:0
当前发送队列缓存的对象数量:0
totalMemory：1033895936, use ：486751224, free ：547144712DirectMemory：1827143680, 恢复 ：1
当前时间 ：2026-08-15 14:57:45send keng：-1, sheng ：4194304
decode keng：-1, sheng ：2097152
world keng：2, sheng ：1048576

2026-08-15 14:57:50.213 INFO [pool-6-thread-8][:] - /****************流量统计******************/
LastReadBytes:0
LastReadThroughput:0
LastWrittenBytes:0
LastWriteThroughput:0
RealWrittenBytes:0
RealWriteThroughput:0
当前玩家的连接数量:0
当前地图的线程个数：9
当前地图的个数:47
当前数据库执行队列数:0
当前发送队列缓存的对象数量:0
totalMemory：1033895936, use ：490118128, free ：543777808DirectMemory：1827143680, 恢复 ：1
当前时间 ：2026-08-15 14:57:50send keng：-1, sheng ：4194304
decode keng：-1, sheng ：2097152
world keng：2, sheng ：1048576

2026-08-15 14:57:55.213 INFO [pool-6-thread-3][:] - /****************流量统计******************/
LastReadBytes:0
LastReadThroughput:0
LastWrittenBytes:0
LastWriteThroughput:0
RealWrittenBytes:0
RealWriteThroughput:0
当前玩家的连接数量:0
当前地图的线程个数：9
当前地图的个数:47
当前数据库执行队列数:0
当前发送队列缓存的对象数量:0
totalMemory：1033895936, use ：492022496, free ：541873440DirectMemory：1827143680, 恢复 ：1
当前时间 ：2026-08-15 14:57:55send keng：-1, sheng ：4194304
decode keng：-1, sheng ：2097152
world keng：2, sheng ：1048576

2026-08-15 14:58:00.213 INFO [pool-6-thread-3][:] - /****************流量统计******************/
LastReadBytes:0
LastReadThroughput:0
LastWrittenBytes:0
LastWriteThroughput:0
RealWrittenBytes:0
RealWriteThroughput:0
当前玩家的连接数量:0
当前地图的线程个数：9
当前地图的个数:47
当前数据库执行队列数:0
当前发送队列缓存的对象数量:0
totalMemory：1033895936, use ：496264520, free ：537631416DirectMemory：1827143680, 恢复 ：1
当前时间 ：2026-08-15 14:58:00send keng：-1, sheng ：4194304
decode keng：-1, sheng ：2097152
world keng：2, sheng ：1048576

2026-08-15 14:58:05.213 INFO [pool-6-thread-1][:] - /****************流量统计******************/
LastReadBytes:0
LastReadThroughput:0
LastWrittenBytes:0
LastWriteThroughput:0
RealWrittenBytes:0
RealWriteThroughput:0
当前玩家的连接数量:0
当前地图的线程个数：9
当前地图的个数:47
当前数据库执行队列数:0
当前发送队列缓存的对象数量:0
totalMemory：1033895936, use ：499624544, free ：534271392DirectMemory：1827143680, 恢复 ：1
当前时间 ：2026-08-15 14:58:05send keng：-1, sheng ：4194304
decode keng：-1, sheng ：2097152
world keng：2, sheng ：1048576

2026-08-15 14:58:10.213 INFO [pool-6-thread-3][:] - /****************流量统计******************/
LastReadBytes:0
LastReadThroughput:0
LastWrittenBytes:0
LastWriteThroughput:0
RealWrittenBytes:0
RealWriteThroughput:0
当前玩家的连接数量:0
当前地图的线程个数：9
当前地图的个数:47
当前数据库执行队列数:0
当前发送队列缓存的对象数量:0
totalMemory：1033895936, use ：502444768, free ：531451168DirectMemory：1827143680, 恢复 ：1
当前时间 ：2026-08-15 14:58:10send keng：-1, sheng ：4194304
decode keng：-1, sheng ：2097152
world keng：2, sheng ：1048576

2026-08-15 14:58:15.213 INFO [pool-6-thread-8][:] - /****************流量统计******************/
LastReadBytes:0
LastReadThroughput:0
LastWrittenBytes:0
LastWriteThroughput:0
RealWrittenBytes:0
RealWriteThroughput:0
当前玩家的连接数量:0
当前地图的线程个数：9
当前地图的个数:47
当前数据库执行队列数:0
当前发送队列缓存的对象数量:0
totalMemory：1033895936, use ：505666000, free ：528229936DirectMemory：1827143680, 恢复 ：1
当前时间 ：2026-08-15 14:58:15send keng：-1, sheng ：4194304
decode keng：-1, sheng ：2097152
world keng：2, sheng ：1048576

2026-08-15 14:58:20.213 INFO [pool-6-thread-10][:] - /****************流量统计******************/
LastReadBytes:0
LastReadThroughput:0
LastWrittenBytes:0
LastWriteThroughput:0
RealWrittenBytes:0
RealWriteThroughput:0
当前玩家的连接数量:0
当前地图的线程个数：9
当前地图的个数:47
当前数据库执行队列数:0
当前发送队列缓存的对象数量:0
totalMemory：1033895936, use ：507780872, free ：526115064DirectMemory：1827143680, 恢复 ：1
当前时间 ：2026-08-15 14:58:20send keng：-1, sheng ：4194304
decode keng：-1, sheng ：2097152
world keng：2, sheng ：1048576

2026-08-15 14:58:25.213 INFO [pool-6-thread-3][:] - /****************流量统计******************/
LastReadBytes:0
LastReadThroughput:0
LastWrittenBytes:0
LastWriteThroughput:0
RealWrittenBytes:0
RealWriteThroughput:0
当前玩家的连接数量:0
当前地图的线程个数：9
当前地图的个数:47
当前数据库执行队列数:0
当前发送队列缓存的对象数量:0
totalMemory：1033895936, use ：512080200, free ：521815736DirectMemory：1827143680, 恢复 ：1
当前时间 ：2026-08-15 14:58:25send keng：-1, sheng ：4194304
decode keng：-1, sheng ：2097152
world keng：2, sheng ：1048576

2026-08-15 14:58:30.213 INFO [pool-6-thread-4][:] - /****************流量统计******************/
LastReadBytes:0
LastReadThroughput:0
LastWrittenBytes:0
LastWriteThroughput:0
RealWrittenBytes:0
RealWriteThroughput:0
当前玩家的连接数量:0
当前地图的线程个数：9
当前地图的个数:47
当前数据库执行队列数:0
当前发送队列缓存的对象数量:0
totalMemory：1033895936, use ：515395920, free ：518500016DirectMemory：1827143680, 恢复 ：1
当前时间 ：2026-08-15 14:58:30send keng：-1, sheng ：4194304
decode keng：-1, sheng ：2097152
world keng：2, sheng ：1048576

2026-08-15 14:58:35.213 INFO [pool-6-thread-9][:] - /****************流量统计******************/
LastReadBytes:0
LastReadThroughput:0
LastWrittenBytes:0
LastWriteThroughput:0
RealWrittenBytes:0
RealWriteThroughput:0
当前玩家的连接数量:0
当前地图的线程个数：9
当前地图的个数:47
当前数据库执行队列数:0
当前发送队列缓存的对象数量:0
totalMemory：1033895936, use ：517990184, free ：515905752DirectMemory：1827143680, 恢复 ：1
当前时间 ：2026-08-15 14:58:35send keng：-1, sheng ：4194304
decode keng：-1, sheng ：2097152
world keng：2, sheng ：1048576

2026-08-15 14:58:40.213 INFO [pool-6-thread-2][:] - /****************流量统计******************/
LastReadBytes:0
LastReadThroughput:0
LastWrittenBytes:0
LastWriteThroughput:0
RealWrittenBytes:0
RealWriteThroughput:0
当前玩家的连接数量:0
当前地图的线程个数：9
当前地图的个数:47
当前数据库执行队列数:0
当前发送队列缓存的对象数量:0
totalMemory：1033895936, use ：521338616, free ：512557320DirectMemory：1827143680, 恢复 ：1
当前时间 ：2026-08-15 14:58:40send keng：-1, sheng ：4194304
decode keng：-1, sheng ：2097152
world keng：2, sheng ：1048576

2026-08-15 14:58:45.213 INFO [pool-6-thread-3][:] - /****************流量统计******************/
LastReadBytes:0
LastReadThroughput:0
LastWrittenBytes:0
LastWriteThroughput:0
RealWrittenBytes:0
RealWriteThroughput:0
当前玩家的连接数量:0
当前地图的线程个数：9
当前地图的个数:47
当前数据库执行队列数:0
当前发送队列缓存的对象数量:0
totalMemory：1033895936, use ：524565192, free ：509330744DirectMemory：1827143680, 恢复 ：1
当前时间 ：2026-08-15 14:58:45send keng：-1, sheng ：4194304
decode keng：-1, sheng ：2097152
world keng：2, sheng ：1048576

2026-08-15 14:58:50.213 INFO [pool-6-thread-10][:] - /****************流量统计******************/
LastReadBytes:0
LastReadThroughput:0
LastWrittenBytes:0
LastWriteThroughput:0
RealWrittenBytes:0
RealWriteThroughput:0
当前玩家的连接数量:0
当前地图的线程个数：9
当前地图的个数:47
当前数据库执行队列数:0
当前发送队列缓存的对象数量:0
totalMemory：1033895936, use ：526348248, free ：507547688DirectMemory：1827143680, 恢复 ：1
当前时间 ：2026-08-15 14:58:50send keng：-1, sheng ：4194304
decode keng：-1, sheng ：2097152
world keng：2, sheng ：1048576

2026-08-15 14:58:55.213 INFO [pool-6-thread-4][:] - /****************流量统计******************/
LastReadBytes:0
LastReadThroughput:0
LastWrittenBytes:0
LastWriteThroughput:0
RealWrittenBytes:0
RealWriteThroughput:0
当前玩家的连接数量:0
当前地图的线程个数：9
当前地图的个数:47
当前数据库执行队列数:0
当前发送队列缓存的对象数量:0
totalMemory：1033895936, use ：530358992, free ：503536944DirectMemory：1827143680, 恢复 ：1
当前时间 ：2026-08-15 14:58:55send keng：-1, sheng ：4194304
decode keng：-1, sheng ：2097152
world keng：2, sheng ：1048576

2026-08-15 14:59:00.213 INFO [pool-6-thread-8][:] - /****************流量统计******************/
LastReadBytes:0
LastReadThroughput:0
LastWrittenBytes:0
LastWriteThroughput:0
RealWrittenBytes:0
RealWriteThroughput:0
当前玩家的连接数量:0
当前地图的线程个数：9
当前地图的个数:47
当前数据库执行队列数:0
当前发送队列缓存的对象数量:0
totalMemory：1033895936, use ：533491520, free ：500404416DirectMemory：1827143680, 恢复 ：1
当前时间 ：2026-08-15 14:59:00send keng：-1, sheng ：4194304
decode keng：-1, sheng ：2097152
world keng：2, sheng ：1048576

2026-08-15 14:59:05.213 INFO [pool-6-thread-10][:] - /****************流量统计******************/
LastReadBytes:0
LastReadThroughput:0
LastWrittenBytes:0
LastWriteThroughput:0
RealWrittenBytes:0
RealWriteThroughput:0
当前玩家的连接数量:0
当前地图的线程个数：9
当前地图的个数:47
当前数据库执行队列数:0
当前发送队列缓存的对象数量:0
totalMemory：1033895936, use ：537459880, free ：496436056DirectMemory：1827143680, 恢复 ：1
当前时间 ：2026-08-15 14:59:05send keng：-1, sheng ：4194304
decode keng：-1, sheng ：2097152
world keng：2, sheng ：1048576

2026-08-15 14:59:10.213 INFO [pool-6-thread-3][:] - /****************流量统计******************/
LastReadBytes:0
LastReadThroughput:0
LastWrittenBytes:0
LastWriteThroughput:0
RealWrittenBytes:0
RealWriteThroughput:0
当前玩家的连接数量:0
当前地图的线程个数：9
当前地图的个数:47
当前数据库执行队列数:0
当前发送队列缓存的对象数量:0
totalMemory：1033895936, use ：539224680, free ：494671256DirectMemory：1827143680, 恢复 ：1
当前时间 ：2026-08-15 14:59:10send keng：-1, sheng ：4194304
decode keng：-1, sheng ：2097152
world keng：2, sheng ：1048576

2026-08-15 14:59:15.213 INFO [pool-6-thread-9][:] - /****************流量统计******************/
LastReadBytes:0
LastReadThroughput:0
LastWrittenBytes:0
LastWriteThroughput:0
RealWrittenBytes:0
RealWriteThroughput:0
当前玩家的连接数量:0
当前地图的线程个数：9
当前地图的个数:47
当前数据库执行队列数:0
当前发送队列缓存的对象数量:0
totalMemory：1033895936, use ：542403072, free ：491492864DirectMemory：1827143680, 恢复 ：1
当前时间 ：2026-08-15 14:59:15send keng：-1, sheng ：4194304
decode keng：-1, sheng ：2097152
world keng：2, sheng ：1048576

2026-08-15 14:59:20.213 INFO [pool-6-thread-6][:] - /****************流量统计******************/
LastReadBytes:0
LastReadThroughput:0
LastWrittenBytes:0
LastWriteThroughput:0
RealWrittenBytes:0
RealWriteThroughput:0
当前玩家的连接数量:0
当前地图的线程个数：9
当前地图的个数:47
当前数据库执行队列数:0
当前发送队列缓存的对象数量:0
totalMemory：1033895936, use ：545355712, free ：488540224DirectMemory：1827143680, 恢复 ：1
当前时间 ：2026-08-15 14:59:20send keng：-1, sheng ：4194304
decode keng：-1, sheng ：2097152
world keng：2, sheng ：1048576

2026-08-15 14:59:25.213 INFO [pool-6-thread-8][:] - /****************流量统计******************/
LastReadBytes:0
LastReadThroughput:0
LastWrittenBytes:0
LastWriteThroughput:0
RealWrittenBytes:0
RealWriteThroughput:0
当前玩家的连接数量:0
当前地图的线程个数：9
当前地图的个数:47
当前数据库执行队列数:0
当前发送队列缓存的对象数量:0
totalMemory：1033895936, use ：548690152, free ：485205784DirectMemory：1827143680, 恢复 ：1
当前时间 ：2026-08-15 14:59:25send keng：-1, sheng ：4194304
decode keng：-1, sheng ：2097152
world keng：2, sheng ：1048576

2026-08-15 14:59:30.213 INFO [pool-6-thread-1][:] - /****************流量统计******************/
LastReadBytes:0
LastReadThroughput:0
LastWrittenBytes:0
LastWriteThroughput:0
RealWrittenBytes:0
RealWriteThroughput:0
当前玩家的连接数量:0
当前地图的线程个数：9
当前地图的个数:47
当前数据库执行队列数:0
当前发送队列缓存的对象数量:0
totalMemory：1033895936, use ：551764944, free ：482130992DirectMemory：1827143680, 恢复 ：1
当前时间 ：2026-08-15 14:59:30send keng：-1, sheng ：4194304
decode keng：-1, sheng ：2097152
world keng：2, sheng ：1048576

2026-08-15 14:59:35.213 INFO [pool-6-thread-9][:] - /****************流量统计******************/
LastReadBytes:0
LastReadThroughput:0
LastWrittenBytes:0
LastWriteThroughput:0
RealWrittenBytes:0
RealWriteThroughput:0
当前玩家的连接数量:0
当前地图的线程个数：9
当前地图的个数:47
当前数据库执行队列数:0
当前发送队列缓存的对象数量:0
totalMemory：1033895936, use ：554051408, free ：479844528DirectMemory：1827143680, 恢复 ：1
当前时间 ：2026-08-15 14:59:35send keng：-1, sheng ：4194304
decode keng：-1, sheng ：2097152
world keng：2, sheng ：1048576

2026-08-15 14:59:40.213 INFO [pool-6-thread-6][:] - /****************流量统计******************/
LastReadBytes:0
LastReadThroughput:0
LastWrittenBytes:0
LastWriteThroughput:0
RealWrittenBytes:0
RealWriteThroughput:0
当前玩家的连接数量:0
当前地图的线程个数：9
当前地图的个数:47
当前数据库执行队列数:0
当前发送队列缓存的对象数量:0
totalMemory：1033895936, use ：558018136, free ：475877800DirectMemory：1827143680, 恢复 ：1
当前时间 ：2026-08-15 14:59:40send keng：-1, sheng ：4194304
decode keng：-1, sheng ：2097152
world keng：2, sheng ：1048576

2026-08-15 14:59:45.213 INFO [pool-6-thread-2][:] - /****************流量统计******************/
LastReadBytes:0
LastReadThroughput:0
LastWrittenBytes:0
LastWriteThroughput:0
RealWrittenBytes:0
RealWriteThroughput:0
当前玩家的连接数量:0
当前地图的线程个数：9
当前地图的个数:47
当前数据库执行队列数:0
当前发送队列缓存的对象数量:0
totalMemory：1033895936, use ：561483840, free ：472412096DirectMemory：1827143680, 恢复 ：1
当前时间 ：2026-08-15 14:59:45send keng：-1, sheng ：4194304
decode keng：-1, sheng ：2097152
world keng：2, sheng ：1048576

2026-08-15 14:59:50.213 INFO [pool-6-thread-4][:] - /****************流量统计******************/
LastReadBytes:0
LastReadThroughput:0
LastWrittenBytes:0
LastWriteThroughput:0
RealWrittenBytes:0
RealWriteThroughput:0
当前玩家的连接数量:0
当前地图的线程个数：9
当前地图的个数:47
当前数据库执行队列数:0
当前发送队列缓存的对象数量:0
totalMemory：1033895936, use ：564442528, free ：469453408DirectMemory：1827143680, 恢复 ：1
当前时间 ：2026-08-15 14:59:50send keng：-1, sheng ：4194304
decode keng：-1, sheng ：2097152
world keng：2, sheng ：1048576

2026-08-15 14:59:55.213 INFO [pool-6-thread-9][:] - /****************流量统计******************/
LastReadBytes:0
LastReadThroughput:0
LastWrittenBytes:0
LastWriteThroughput:0
RealWrittenBytes:0
RealWriteThroughput:0
当前玩家的连接数量:0
当前地图的线程个数：9
当前地图的个数:47
当前数据库执行队列数:0
当前发送队列缓存的对象数量:0
totalMemory：1033895936, use ：584004168, free ：449891768DirectMemory：1827143680, 恢复 ：1
当前时间 ：2026-08-15 14:59:55send keng：-1, sheng ：4194304
decode keng：-1, sheng ：2097152
world keng：2, sheng ：1048576

