2026-08-19 13:00:04.682 INFO [pool-6-thread-3][:] - /****************流量统计******************/
LastReadBytes:0
LastReadThroughput:0
LastWrittenBytes:0
LastWriteThroughput:0
RealWrittenBytes:0
RealWriteThroughput:0
当前玩家的连接数量:0
当前地图的线程个数：9
当前地图的个数:47
当前数据库执行队列数:0
当前发送队列缓存的对象数量:0
totalMemory：966262784, use ：668912560, free ：297350224DirectMemory：1827143680, 恢复 ：1
当前时间 ：2026-08-19 13:00:04send keng：-1, sheng ：4194304
decode keng：-1, sheng ：2097152
world keng：3, sheng ：1048576

2026-08-19 13:00:09.682 INFO [pool-6-thread-10][:] - /****************流量统计******************/
LastReadBytes:0
LastReadThroughput:0
LastWrittenBytes:0
LastWriteThroughput:0
RealWrittenBytes:0
RealWriteThroughput:0
当前玩家的连接数量:0
当前地图的线程个数：9
当前地图的个数:47
当前数据库执行队列数:0
当前发送队列缓存的对象数量:0
totalMemory：966262784, use ：672752056, free ：293510728DirectMemory：1827143680, 恢复 ：1
当前时间 ：2026-08-19 13:00:09send keng：-1, sheng ：4194304
decode keng：-1, sheng ：2097152
world keng：3, sheng ：1048576

2026-08-19 13:00:14.682 INFO [pool-6-thread-3][:] - /****************流量统计******************/
LastReadBytes:0
LastReadThroughput:0
LastWrittenBytes:0
LastWriteThroughput:0
RealWrittenBytes:0
RealWriteThroughput:0
当前玩家的连接数量:0
当前地图的线程个数：9
当前地图的个数:47
当前数据库执行队列数:0
当前发送队列缓存的对象数量:0
totalMemory：966262784, use ：675246552, free ：291016232DirectMemory：1827143680, 恢复 ：1
当前时间 ：2026-08-19 13:00:14send keng：-1, sheng ：4194304
decode keng：-1, sheng ：2097152
world keng：3, sheng ：1048576

2026-08-19 13:00:19.682 INFO [pool-6-thread-4][:] - /****************流量统计******************/
LastReadBytes:0
LastReadThroughput:0
LastWrittenBytes:0
LastWriteThroughput:0
RealWrittenBytes:0
RealWriteThroughput:0
当前玩家的连接数量:0
当前地图的线程个数：9
当前地图的个数:47
当前数据库执行队列数:0
当前发送队列缓存的对象数量:0
totalMemory：966262784, use ：680594296, free ：285668488DirectMemory：1827143680, 恢复 ：1
当前时间 ：2026-08-19 13:00:19send keng：-1, sheng ：4194304
decode keng：-1, sheng ：2097152
world keng：3, sheng ：1048576

2026-08-19 13:00:24.682 INFO [pool-6-thread-2][:] - /****************流量统计******************/
LastReadBytes:0
LastReadThroughput:0
LastWrittenBytes:0
LastWriteThroughput:0
RealWrittenBytes:0
RealWriteThroughput:0
当前玩家的连接数量:0
当前地图的线程个数：9
当前地图的个数:47
当前数据库执行队列数:0
当前发送队列缓存的对象数量:0
totalMemory：966262784, use ：684047416, free ：282215368DirectMemory：1827143680, 恢复 ：1
当前时间 ：2026-08-19 13:00:24send keng：-1, sheng ：4194304
decode keng：-1, sheng ：2097152
world keng：3, sheng ：1048576

2026-08-19 13:00:29.682 INFO [pool-6-thread-8][:] - /****************流量统计******************/
LastReadBytes:0
LastReadThroughput:0
LastWrittenBytes:0
LastWriteThroughput:0
RealWrittenBytes:0
RealWriteThroughput:0
当前玩家的连接数量:0
当前地图的线程个数：9
当前地图的个数:47
当前数据库执行队列数:0
当前发送队列缓存的对象数量:0
totalMemory：966262784, use ：687166248, free ：279096536DirectMemory：1827143680, 恢复 ：1
当前时间 ：2026-08-19 13:00:29send keng：-1, sheng ：4194304
decode keng：-1, sheng ：2097152
world keng：3, sheng ：1048576

2026-08-19 13:00:34.682 INFO [pool-6-thread-2][:] - /****************流量统计******************/
LastReadBytes:0
LastReadThroughput:0
LastWrittenBytes:0
LastWriteThroughput:0
RealWrittenBytes:0
RealWriteThroughput:0
当前玩家的连接数量:0
当前地图的线程个数：9
当前地图的个数:47
当前数据库执行队列数:0
当前发送队列缓存的对象数量:0
totalMemory：966262784, use ：690988112, free ：275274672DirectMemory：1827143680, 恢复 ：1
当前时间 ：2026-08-19 13:00:34send keng：-1, sheng ：4194304
decode keng：-1, sheng ：2097152
world keng：3, sheng ：1048576

2026-08-19 13:00:39.682 INFO [pool-6-thread-8][:] - /****************流量统计******************/
LastReadBytes:0
LastReadThroughput:0
LastWrittenBytes:0
LastWriteThroughput:0
RealWrittenBytes:0
RealWriteThroughput:0
当前玩家的连接数量:0
当前地图的线程个数：9
当前地图的个数:47
当前数据库执行队列数:0
当前发送队列缓存的对象数量:0
totalMemory：966262784, use ：693866152, free ：272396632DirectMemory：1827143680, 恢复 ：1
当前时间 ：2026-08-19 13:00:39send keng：-1, sheng ：4194304
decode keng：-1, sheng ：2097152
world keng：3, sheng ：1048576

2026-08-19 13:00:44.682 INFO [pool-6-thread-3][:] - /****************流量统计******************/
LastReadBytes:0
LastReadThroughput:0
LastWrittenBytes:0
LastWriteThroughput:0
RealWrittenBytes:0
RealWriteThroughput:0
当前玩家的连接数量:0
当前地图的线程个数：9
当前地图的个数:47
当前数据库执行队列数:0
当前发送队列缓存的对象数量:0
totalMemory：966262784, use ：697944456, free ：268318328DirectMemory：1827143680, 恢复 ：1
当前时间 ：2026-08-19 13:00:44send keng：-1, sheng ：4194304
decode keng：-1, sheng ：2097152
world keng：3, sheng ：1048576

2026-08-19 13:00:49.682 INFO [pool-6-thread-2][:] - /****************流量统计******************/
LastReadBytes:0
LastReadThroughput:0
LastWrittenBytes:0
LastWriteThroughput:0
RealWrittenBytes:0
RealWriteThroughput:0
当前玩家的连接数量:0
当前地图的线程个数：9
当前地图的个数:47
当前数据库执行队列数:0
当前发送队列缓存的对象数量:0
totalMemory：966262784, use ：701388880, free ：264873904DirectMemory：1827143680, 恢复 ：1
当前时间 ：2026-08-19 13:00:49send keng：-1, sheng ：4194304
decode keng：-1, sheng ：2097152
world keng：3, sheng ：1048576

2026-08-19 13:00:54.682 INFO [pool-6-thread-1][:] - /****************流量统计******************/
LastReadBytes:0
LastReadThroughput:0
LastWrittenBytes:0
LastWriteThroughput:0
RealWrittenBytes:0
RealWriteThroughput:0
当前玩家的连接数量:0
当前地图的线程个数：9
当前地图的个数:47
当前数据库执行队列数:0
当前发送队列缓存的对象数量:0
totalMemory：966262784, use ：704460912, free ：261801872DirectMemory：1827143680, 恢复 ：1
当前时间 ：2026-08-19 13:00:54send keng：-1, sheng ：4194304
decode keng：-1, sheng ：2097152
world keng：3, sheng ：1048576

2026-08-19 13:00:59.682 INFO [pool-6-thread-2][:] - /****************流量统计******************/
LastReadBytes:0
LastReadThroughput:0
LastWrittenBytes:0
LastWriteThroughput:0
RealWrittenBytes:0
RealWriteThroughput:0
当前玩家的连接数量:0
当前地图的线程个数：9
当前地图的个数:47
当前数据库执行队列数:0
当前发送队列缓存的对象数量:0
totalMemory：966262784, use ：708008552, free ：258254232DirectMemory：1827143680, 恢复 ：1
当前时间 ：2026-08-19 13:00:59send keng：-1, sheng ：4194304
decode keng：-1, sheng ：2097152
world keng：3, sheng ：1048576

2026-08-19 13:01:04.682 INFO [pool-6-thread-10][:] - /****************流量统计******************/
LastReadBytes:0
LastReadThroughput:0
LastWrittenBytes:0
LastWriteThroughput:0
RealWrittenBytes:0
RealWriteThroughput:0
当前玩家的连接数量:0
当前地图的线程个数：9
当前地图的个数:47
当前数据库执行队列数:0
当前发送队列缓存的对象数量:0
totalMemory：966262784, use ：711926216, free ：254336568DirectMemory：1827143680, 恢复 ：1
当前时间 ：2026-08-19 13:01:04send keng：-1, sheng ：4194304
decode keng：-1, sheng ：2097152
world keng：3, sheng ：1048576

2026-08-19 13:01:09.682 INFO [pool-6-thread-7][:] - /****************流量统计******************/
LastReadBytes:0
LastReadThroughput:0
LastWrittenBytes:0
LastWriteThroughput:0
RealWrittenBytes:0
RealWriteThroughput:0
当前玩家的连接数量:0
当前地图的线程个数：9
当前地图的个数:47
当前数据库执行队列数:0
当前发送队列缓存的对象数量:0
totalMemory：966262784, use ：715693976, free ：250568808DirectMemory：1827143680, 恢复 ：1
当前时间 ：2026-08-19 13:01:09send keng：-1, sheng ：4194304
decode keng：-1, sheng ：2097152
world keng：3, sheng ：1048576

2026-08-19 13:01:14.682 INFO [pool-6-thread-5][:] - /****************流量统计******************/
LastReadBytes:0
LastReadThroughput:0
LastWrittenBytes:0
LastWriteThroughput:0
RealWrittenBytes:0
RealWriteThroughput:0
当前玩家的连接数量:0
当前地图的线程个数：9
当前地图的个数:47
当前数据库执行队列数:0
当前发送队列缓存的对象数量:0
totalMemory：966262784, use ：718439152, free ：247823632DirectMemory：1827143680, 恢复 ：1
当前时间 ：2026-08-19 13:01:14send keng：-1, sheng ：4194304
decode keng：-1, sheng ：2097152
world keng：3, sheng ：1048576

2026-08-19 13:01:19.682 INFO [pool-6-thread-1][:] - /****************流量统计******************/
LastReadBytes:0
LastReadThroughput:0
LastWrittenBytes:0
LastWriteThroughput:0
RealWrittenBytes:0
RealWriteThroughput:0
当前玩家的连接数量:0
当前地图的线程个数：9
当前地图的个数:47
当前数据库执行队列数:0
当前发送队列缓存的对象数量:0
totalMemory：965738496, use ：399486992, free ：566251504DirectMemory：1827143680, 恢复 ：1
当前时间 ：2026-08-19 13:01:19send keng：-1, sheng ：4194304
decode keng：-1, sheng ：2097152
world keng：3, sheng ：1048576

2026-08-19 13:01:24.682 INFO [pool-6-thread-6][:] - /****************流量统计******************/
LastReadBytes:0
LastReadThroughput:0
LastWrittenBytes:0
LastWriteThroughput:0
RealWrittenBytes:0
RealWriteThroughput:0
当前玩家的连接数量:0
当前地图的线程个数：9
当前地图的个数:47
当前数据库执行队列数:0
当前发送队列缓存的对象数量:0
totalMemory：965738496, use ：399952328, free ：565786168DirectMemory：1827143680, 恢复 ：1
当前时间 ：2026-08-19 13:01:24send keng：-1, sheng ：4194304
decode keng：-1, sheng ：2097152
world keng：3, sheng ：1048576

2026-08-19 13:01:29.682 INFO [pool-6-thread-2][:] - /****************流量统计******************/
LastReadBytes:0
LastReadThroughput:0
LastWrittenBytes:0
LastWriteThroughput:0
RealWrittenBytes:0
RealWriteThroughput:0
当前玩家的连接数量:0
当前地图的线程个数：9
当前地图的个数:47
当前数据库执行队列数:0
当前发送队列缓存的对象数量:0
totalMemory：965738496, use ：404713736, free ：561024760DirectMemory：1827143680, 恢复 ：1
当前时间 ：2026-08-19 13:01:29send keng：-1, sheng ：4194304
decode keng：-1, sheng ：2097152
world keng：3, sheng ：1048576

2026-08-19 13:01:34.682 INFO [pool-6-thread-1][:] - /****************流量统计******************/
LastReadBytes:0
LastReadThroughput:0
LastWrittenBytes:0
LastWriteThroughput:0
RealWrittenBytes:0
RealWriteThroughput:0
当前玩家的连接数量:0
当前地图的线程个数：9
当前地图的个数:47
当前数据库执行队列数:0
当前发送队列缓存的对象数量:0
totalMemory：965738496, use ：407307672, free ：558430824DirectMemory：1827143680, 恢复 ：1
当前时间 ：2026-08-19 13:01:34send keng：-1, sheng ：4194304
decode keng：-1, sheng ：2097152
world keng：3, sheng ：1048576

2026-08-19 13:01:39.682 INFO [pool-6-thread-4][:] - /****************流量统计******************/
LastReadBytes:0
LastReadThroughput:0
LastWrittenBytes:0
LastWriteThroughput:0
RealWrittenBytes:0
RealWriteThroughput:0
当前玩家的连接数量:0
当前地图的线程个数：9
当前地图的个数:47
当前数据库执行队列数:0
当前发送队列缓存的对象数量:0
totalMemory：965738496, use ：411655992, free ：554082504DirectMemory：1827143680, 恢复 ：1
当前时间 ：2026-08-19 13:01:39send keng：-1, sheng ：4194304
decode keng：-1, sheng ：2097152
world keng：3, sheng ：1048576

2026-08-19 13:01:44.682 INFO [pool-6-thread-10][:] - /****************流量统计******************/
LastReadBytes:0
LastReadThroughput:0
LastWrittenBytes:0
LastWriteThroughput:0
RealWrittenBytes:0
RealWriteThroughput:0
当前玩家的连接数量:0
当前地图的线程个数：9
当前地图的个数:47
当前数据库执行队列数:0
当前发送队列缓存的对象数量:0
totalMemory：965738496, use ：413811832, free ：551926664DirectMemory：1827143680, 恢复 ：1
当前时间 ：2026-08-19 13:01:44send keng：-1, sheng ：4194304
decode keng：-1, sheng ：2097152
world keng：3, sheng ：1048576

2026-08-19 13:01:49.682 INFO [pool-6-thread-3][:] - /****************流量统计******************/
LastReadBytes:0
LastReadThroughput:0
LastWrittenBytes:0
LastWriteThroughput:0
RealWrittenBytes:0
RealWriteThroughput:0
当前玩家的连接数量:0
当前地图的线程个数：9
当前地图的个数:47
当前数据库执行队列数:0
当前发送队列缓存的对象数量:0
totalMemory：965738496, use ：418599872, free ：547138624DirectMemory：1827143680, 恢复 ：1
当前时间 ：2026-08-19 13:01:49send keng：-1, sheng ：4194304
decode keng：-1, sheng ：2097152
world keng：3, sheng ：1048576

2026-08-19 13:01:54.682 INFO [pool-6-thread-2][:] - /****************流量统计******************/
LastReadBytes:0
LastReadThroughput:0
LastWrittenBytes:0
LastWriteThroughput:0
RealWrittenBytes:0
RealWriteThroughput:0
当前玩家的连接数量:0
当前地图的线程个数：9
当前地图的个数:47
当前数据库执行队列数:0
当前发送队列缓存的对象数量:0
totalMemory：965738496, use ：420798752, free ：544939744DirectMemory：1827143680, 恢复 ：1
当前时间 ：2026-08-19 13:01:54send keng：-1, sheng ：4194304
decode keng：-1, sheng ：2097152
world keng：3, sheng ：1048576

2026-08-19 13:01:59.682 INFO [pool-6-thread-5][:] - /****************流量统计******************/
LastReadBytes:0
LastReadThroughput:0
LastWrittenBytes:0
LastWriteThroughput:0
RealWrittenBytes:0
RealWriteThroughput:0
当前玩家的连接数量:0
当前地图的线程个数：9
当前地图的个数:47
当前数据库执行队列数:0
当前发送队列缓存的对象数量:0
totalMemory：965738496, use ：425129872, free ：540608624DirectMemory：1827143680, 恢复 ：1
当前时间 ：2026-08-19 13:01:59send keng：-1, sheng ：4194304
decode keng：-1, sheng ：2097152
world keng：3, sheng ：1048576

2026-08-19 13:02:04.682 INFO [pool-6-thread-8][:] - /****************流量统计******************/
LastReadBytes:0
LastReadThroughput:0
LastWrittenBytes:0
LastWriteThroughput:0
RealWrittenBytes:0
RealWriteThroughput:0
当前玩家的连接数量:0
当前地图的线程个数：9
当前地图的个数:47
当前数据库执行队列数:0
当前发送队列缓存的对象数量:0
totalMemory：965738496, use ：430397720, free ：535340776DirectMemory：1827143680, 恢复 ：1
当前时间 ：2026-08-19 13:02:04send keng：-1, sheng ：4194304
decode keng：-1, sheng ：2097152
world keng：3, sheng ：1048576

2026-08-19 13:02:09.682 INFO [pool-6-thread-1][:] - /****************流量统计******************/
LastReadBytes:0
LastReadThroughput:0
LastWrittenBytes:0
LastWriteThroughput:0
RealWrittenBytes:0
RealWriteThroughput:0
当前玩家的连接数量:0
当前地图的线程个数：9
当前地图的个数:47
当前数据库执行队列数:0
当前发送队列缓存的对象数量:0
totalMemory：965738496, use ：432571768, free ：533166728DirectMemory：1827143680, 恢复 ：1
当前时间 ：2026-08-19 13:02:09send keng：-1, sheng ：4194304
decode keng：-1, sheng ：2097152
world keng：3, sheng ：1048576

2026-08-19 13:02:14.693 INFO [pool-6-thread-10][:] - /****************流量统计******************/
LastReadBytes:0
LastReadThroughput:0
LastWrittenBytes:0
LastWriteThroughput:0
RealWrittenBytes:0
RealWriteThroughput:0
当前玩家的连接数量:0
当前地图的线程个数：9
当前地图的个数:47
当前数据库执行队列数:0
当前发送队列缓存的对象数量:0
totalMemory：965738496, use ：437383152, free ：528355344DirectMemory：1827143680, 恢复 ：1
当前时间 ：2026-08-19 13:02:14send keng：-1, sheng ：4194304
decode keng：-1, sheng ：2097152
world keng：3, sheng ：1048576

2026-08-19 13:02:19.682 INFO [pool-6-thread-4][:] - /****************流量统计******************/
LastReadBytes:0
LastReadThroughput:0
LastWrittenBytes:0
LastWriteThroughput:0
RealWrittenBytes:0
RealWriteThroughput:0
当前玩家的连接数量:0
当前地图的线程个数：9
当前地图的个数:47
当前数据库执行队列数:0
当前发送队列缓存的对象数量:0
totalMemory：965738496, use ：438698432, free ：527040064DirectMemory：1827143680, 恢复 ：1
当前时间 ：2026-08-19 13:02:19send keng：-1, sheng ：4194304
decode keng：-1, sheng ：2097152
world keng：3, sheng ：1048576

2026-08-19 13:02:24.682 INFO [pool-6-thread-2][:] - /****************流量统计******************/
LastReadBytes:0
LastReadThroughput:0
LastWrittenBytes:0
LastWriteThroughput:0
RealWrittenBytes:0
RealWriteThroughput:0
当前玩家的连接数量:0
当前地图的线程个数：9
当前地图的个数:47
当前数据库执行队列数:0
当前发送队列缓存的对象数量:0
totalMemory：965738496, use ：444313224, free ：521425272DirectMemory：1827143680, 恢复 ：1
当前时间 ：2026-08-19 13:02:24send keng：-1, sheng ：4194304
decode keng：-1, sheng ：2097152
world keng：3, sheng ：1048576

2026-08-19 13:02:29.682 INFO [pool-6-thread-7][:] - /****************流量统计******************/
LastReadBytes:0
LastReadThroughput:0
LastWrittenBytes:0
LastWriteThroughput:0
RealWrittenBytes:0
RealWriteThroughput:0
当前玩家的连接数量:0
当前地图的线程个数：9
当前地图的个数:47
当前数据库执行队列数:0
当前发送队列缓存的对象数量:0
totalMemory：965738496, use ：446066416, free ：519672080DirectMemory：1827143680, 恢复 ：1
当前时间 ：2026-08-19 13:02:29send keng：-1, sheng ：4194304
decode keng：-1, sheng ：2097152
world keng：3, sheng ：1048576

2026-08-19 13:02:34.682 INFO [pool-6-thread-10][:] - /****************流量统计******************/
LastReadBytes:0
LastReadThroughput:0
LastWrittenBytes:0
LastWriteThroughput:0
RealWrittenBytes:0
RealWriteThroughput:0
当前玩家的连接数量:0
当前地图的线程个数：9
当前地图的个数:47
当前数据库执行队列数:0
当前发送队列缓存的对象数量:0
totalMemory：965738496, use ：450406056, free ：515332440DirectMemory：1827143680, 恢复 ：1
当前时间 ：2026-08-19 13:02:34send keng：-1, sheng ：4194304
decode keng：-1, sheng ：2097152
world keng：3, sheng ：1048576

2026-08-19 13:02:39.682 INFO [pool-6-thread-3][:] - /****************流量统计******************/
LastReadBytes:0
LastReadThroughput:0
LastWrittenBytes:0
LastWriteThroughput:0
RealWrittenBytes:0
RealWriteThroughput:0
当前玩家的连接数量:0
当前地图的线程个数：9
当前地图的个数:47
当前数据库执行队列数:0
当前发送队列缓存的对象数量:0
totalMemory：965738496, use ：453448056, free ：512290440DirectMemory：1827143680, 恢复 ：1
当前时间 ：2026-08-19 13:02:39send keng：-1, sheng ：4194304
decode keng：-1, sheng ：2097152
world keng：3, sheng ：1048576

2026-08-19 13:02:44.682 INFO [pool-6-thread-8][:] - /****************流量统计******************/
LastReadBytes:0
LastReadThroughput:0
LastWrittenBytes:0
LastWriteThroughput:0
RealWrittenBytes:0
RealWriteThroughput:0
当前玩家的连接数量:0
当前地图的线程个数：9
当前地图的个数:47
当前数据库执行队列数:0
当前发送队列缓存的对象数量:0
totalMemory：965738496, use ：456922664, free ：508815832DirectMemory：1827143680, 恢复 ：1
当前时间 ：2026-08-19 13:02:44send keng：-1, sheng ：4194304
decode keng：-1, sheng ：2097152
world keng：3, sheng ：1048576

2026-08-19 13:02:49.682 INFO [pool-6-thread-6][:] - /****************流量统计******************/
LastReadBytes:0
LastReadThroughput:0
LastWrittenBytes:0
LastWriteThroughput:0
RealWrittenBytes:0
RealWriteThroughput:0
当前玩家的连接数量:0
当前地图的线程个数：9
当前地图的个数:47
当前数据库执行队列数:0
当前发送队列缓存的对象数量:0
totalMemory：965738496, use ：461857256, free ：503881240DirectMemory：1827143680, 恢复 ：1
当前时间 ：2026-08-19 13:02:49send keng：-1, sheng ：4194304
decode keng：-1, sheng ：2097152
world keng：3, sheng ：1048576

2026-08-19 13:02:54.682 INFO [pool-6-thread-4][:] - /****************流量统计******************/
LastReadBytes:0
LastReadThroughput:0
LastWrittenBytes:0
LastWriteThroughput:0
RealWrittenBytes:0
RealWriteThroughput:0
当前玩家的连接数量:0
当前地图的线程个数：9
当前地图的个数:47
当前数据库执行队列数:0
当前发送队列缓存的对象数量:0
totalMemory：965738496, use ：463877472, free ：501861024DirectMemory：1827143680, 恢复 ：1
当前时间 ：2026-08-19 13:02:54send keng：-1, sheng ：4194304
decode keng：-1, sheng ：2097152
world keng：3, sheng ：1048576

2026-08-19 13:02:59.682 INFO [pool-6-thread-2][:] - /****************流量统计******************/
LastReadBytes:0
LastReadThroughput:0
LastWrittenBytes:0
LastWriteThroughput:0
RealWrittenBytes:0
RealWriteThroughput:0
当前玩家的连接数量:0
当前地图的线程个数：9
当前地图的个数:47
当前数据库执行队列数:0
当前发送队列缓存的对象数量:0
totalMemory：965738496, use ：468944680, free ：496793816DirectMemory：1827143680, 恢复 ：1
当前时间 ：2026-08-19 13:02:59send keng：-1, sheng ：4194304
decode keng：-1, sheng ：2097152
world keng：3, sheng ：1048576

2026-08-19 13:03:04.682 INFO [pool-6-thread-5][:] - /****************流量统计******************/
LastReadBytes:0
LastReadThroughput:0
LastWrittenBytes:0
LastWriteThroughput:0
RealWrittenBytes:0
RealWriteThroughput:0
当前玩家的连接数量:0
当前地图的线程个数：9
当前地图的个数:47
当前数据库执行队列数:0
当前发送队列缓存的对象数量:0
totalMemory：965738496, use ：471783768, free ：493954728DirectMemory：1827143680, 恢复 ：1
当前时间 ：2026-08-19 13:03:04send keng：-1, sheng ：4194304
decode keng：-1, sheng ：2097152
world keng：3, sheng ：1048576

2026-08-19 13:03:09.683 INFO [pool-6-thread-10][:] - /****************流量统计******************/
LastReadBytes:0
LastReadThroughput:0
LastWrittenBytes:0
LastWriteThroughput:0
RealWrittenBytes:0
RealWriteThroughput:0
当前玩家的连接数量:0
当前地图的线程个数：9
当前地图的个数:47
当前数据库执行队列数:0
当前发送队列缓存的对象数量:0
totalMemory：965738496, use ：475701296, free ：490037200DirectMemory：1827143680, 恢复 ：1
当前时间 ：2026-08-19 13:03:09send keng：-1, sheng ：4194304
decode keng：-1, sheng ：2097152
world keng：3, sheng ：1048576

2026-08-19 13:03:14.682 INFO [pool-6-thread-7][:] - /****************流量统计******************/
LastReadBytes:0
LastReadThroughput:0
LastWrittenBytes:0
LastWriteThroughput:0
RealWrittenBytes:0
RealWriteThroughput:0
当前玩家的连接数量:0
当前地图的线程个数：9
当前地图的个数:47
当前数据库执行队列数:0
当前发送队列缓存的对象数量:0
totalMemory：965738496, use ：478706032, free ：487032464DirectMemory：1827143680, 恢复 ：1
当前时间 ：2026-08-19 13:03:14send keng：-1, sheng ：4194304
decode keng：-1, sheng ：2097152
world keng：3, sheng ：1048576

2026-08-19 13:03:19.682 INFO [pool-6-thread-1][:] - /****************流量统计******************/
LastReadBytes:0
LastReadThroughput:0
LastWrittenBytes:0
LastWriteThroughput:0
RealWrittenBytes:0
RealWriteThroughput:0
当前玩家的连接数量:0
当前地图的线程个数：9
当前地图的个数:47
当前数据库执行队列数:0
当前发送队列缓存的对象数量:0
totalMemory：965738496, use ：482717600, free ：483020896DirectMemory：1827143680, 恢复 ：1
当前时间 ：2026-08-19 13:03:19send keng：-1, sheng ：4194304
decode keng：-1, sheng ：2097152
world keng：3, sheng ：1048576

2026-08-19 13:03:24.682 INFO [pool-6-thread-8][:] - /****************流量统计******************/
LastReadBytes:0
LastReadThroughput:0
LastWrittenBytes:0
LastWriteThroughput:0
RealWrittenBytes:0
RealWriteThroughput:0
当前玩家的连接数量:0
当前地图的线程个数：9
当前地图的个数:47
当前数据库执行队列数:0
当前发送队列缓存的对象数量:0
totalMemory：965738496, use ：485261984, free ：480476512DirectMemory：1827143680, 恢复 ：1
当前时间 ：2026-08-19 13:03:24send keng：-1, sheng ：4194304
decode keng：-1, sheng ：2097152
world keng：3, sheng ：1048576

2026-08-19 13:03:29.683 INFO [pool-6-thread-10][:] - /****************流量统计******************/
LastReadBytes:0
LastReadThroughput:0
LastWrittenBytes:0
LastWriteThroughput:0
RealWrittenBytes:0
RealWriteThroughput:0
当前玩家的连接数量:0
当前地图的线程个数：9
当前地图的个数:47
当前数据库执行队列数:0
当前发送队列缓存的对象数量:0
totalMemory：965738496, use ：489175952, free ：476562544DirectMemory：1827143680, 恢复 ：1
当前时间 ：2026-08-19 13:03:29send keng：-1, sheng ：4194304
decode keng：-1, sheng ：2097152
world keng：3, sheng ：1048576

2026-08-19 13:03:34.682 INFO [pool-6-thread-6][:] - /****************流量统计******************/
LastReadBytes:0
LastReadThroughput:0
LastWrittenBytes:0
LastWriteThroughput:0
RealWrittenBytes:0
RealWriteThroughput:0
当前玩家的连接数量:0
当前地图的线程个数：9
当前地图的个数:47
当前数据库执行队列数:0
当前发送队列缓存的对象数量:0
totalMemory：965738496, use ：491817120, free ：473921376DirectMemory：1827143680, 恢复 ：1
当前时间 ：2026-08-19 13:03:34send keng：-1, sheng ：4194304
decode keng：-1, sheng ：2097152
world keng：3, sheng ：1048576

2026-08-19 13:03:39.684 INFO [pool-6-thread-5][:] - /****************流量统计******************/
LastReadBytes:0
LastReadThroughput:0
LastWrittenBytes:0
LastWriteThroughput:0
RealWrittenBytes:0
RealWriteThroughput:0
当前玩家的连接数量:0
当前地图的线程个数：9
当前地图的个数:47
当前数据库执行队列数:0
当前发送队列缓存的对象数量:0
totalMemory：965738496, use ：496526984, free ：469211512DirectMemory：1827143680, 恢复 ：1
当前时间 ：2026-08-19 13:03:39send keng：-1, sheng ：4194304
decode keng：-1, sheng ：2097152
world keng：3, sheng ：1048576

2026-08-19 13:03:44.682 INFO [pool-6-thread-6][:] - /****************流量统计******************/
LastReadBytes:0
LastReadThroughput:0
LastWrittenBytes:0
LastWriteThroughput:0
RealWrittenBytes:0
RealWriteThroughput:0
当前玩家的连接数量:0
当前地图的线程个数：9
当前地图的个数:47
当前数据库执行队列数:0
当前发送队列缓存的对象数量:0
totalMemory：965738496, use ：500738384, free ：465000112DirectMemory：1827143680, 恢复 ：1
当前时间 ：2026-08-19 13:03:44send keng：-1, sheng ：4194304
decode keng：-1, sheng ：2097152
world keng：3, sheng ：1048576

2026-08-19 13:03:49.682 INFO [pool-6-thread-3][:] - /****************流量统计******************/
LastReadBytes:0
LastReadThroughput:0
LastWrittenBytes:0
LastWriteThroughput:0
RealWrittenBytes:0
RealWriteThroughput:0
当前玩家的连接数量:0
当前地图的线程个数：9
当前地图的个数:47
当前数据库执行队列数:0
当前发送队列缓存的对象数量:0
totalMemory：965738496, use ：503485856, free ：462252640DirectMemory：1827143680, 恢复 ：1
当前时间 ：2026-08-19 13:03:49send keng：-1, sheng ：4194304
decode keng：-1, sheng ：2097152
world keng：3, sheng ：1048576

2026-08-19 13:03:54.682 INFO [pool-6-thread-7][:] - /****************流量统计******************/
LastReadBytes:0
LastReadThroughput:0
LastWrittenBytes:0
LastWriteThroughput:0
RealWrittenBytes:0
RealWriteThroughput:0
当前玩家的连接数量:0
当前地图的线程个数：9
当前地图的个数:47
当前数据库执行队列数:0
当前发送队列缓存的对象数量:0
totalMemory：965738496, use ：507171936, free ：458566560DirectMemory：1827143680, 恢复 ：1
当前时间 ：2026-08-19 13:03:54send keng：-1, sheng ：4194304
decode keng：-1, sheng ：2097152
world keng：3, sheng ：1048576

2026-08-19 13:03:59.682 INFO [pool-6-thread-1][:] - /****************流量统计******************/
LastReadBytes:0
LastReadThroughput:0
LastWrittenBytes:0
LastWriteThroughput:0
RealWrittenBytes:0
RealWriteThroughput:0
当前玩家的连接数量:0
当前地图的线程个数：9
当前地图的个数:47
当前数据库执行队列数:0
当前发送队列缓存的对象数量:0
totalMemory：965738496, use ：509588280, free ：456150216DirectMemory：1827143680, 恢复 ：1
当前时间 ：2026-08-19 13:03:59send keng：-1, sheng ：4194304
decode keng：-1, sheng ：2097152
world keng：3, sheng ：1048576

2026-08-19 13:04:04.682 INFO [pool-6-thread-10][:] - /****************流量统计******************/
LastReadBytes:0
LastReadThroughput:0
LastWrittenBytes:0
LastWriteThroughput:0
RealWrittenBytes:0
RealWriteThroughput:0
当前玩家的连接数量:0
当前地图的线程个数：9
当前地图的个数:47
当前数据库执行队列数:0
当前发送队列缓存的对象数量:0
totalMemory：965738496, use ：515295152, free ：450443344DirectMemory：1827143680, 恢复 ：1
当前时间 ：2026-08-19 13:04:04send keng：-1, sheng ：4194304
decode keng：-1, sheng ：2097152
world keng：3, sheng ：1048576

2026-08-19 13:04:09.682 INFO [pool-6-thread-4][:] - /****************流量统计******************/
LastReadBytes:0
LastReadThroughput:0
LastWrittenBytes:0
LastWriteThroughput:0
RealWrittenBytes:0
RealWriteThroughput:0
当前玩家的连接数量:0
当前地图的线程个数：9
当前地图的个数:47
当前数据库执行队列数:0
当前发送队列缓存的对象数量:0
totalMemory：965738496, use ：517434104, free ：448304392DirectMemory：1827143680, 恢复 ：1
当前时间 ：2026-08-19 13:04:09send keng：-1, sheng ：4194304
decode keng：-1, sheng ：2097152
world keng：3, sheng ：1048576

2026-08-19 13:04:14.682 INFO [pool-6-thread-5][:] - /****************流量统计******************/
LastReadBytes:0
LastReadThroughput:0
LastWrittenBytes:0
LastWriteThroughput:0
RealWrittenBytes:0
RealWriteThroughput:0
当前玩家的连接数量:0
当前地图的线程个数：9
当前地图的个数:47
当前数据库执行队列数:0
当前发送队列缓存的对象数量:0
totalMemory：965738496, use ：520995536, free ：444742960DirectMemory：1827143680, 恢复 ：1
当前时间 ：2026-08-19 13:04:14send keng：-1, sheng ：4194304
decode keng：-1, sheng ：2097152
world keng：3, sheng ：1048576

2026-08-19 13:04:19.682 INFO [pool-6-thread-5][:] - /****************流量统计******************/
LastReadBytes:0
LastReadThroughput:0
LastWrittenBytes:0
LastWriteThroughput:0
RealWrittenBytes:0
RealWriteThroughput:0
当前玩家的连接数量:0
当前地图的线程个数：9
当前地图的个数:47
当前数据库执行队列数:0
当前发送队列缓存的对象数量:0
totalMemory：965738496, use ：524863632, free ：440874864DirectMemory：1827143680, 恢复 ：1
当前时间 ：2026-08-19 13:04:19send keng：-1, sheng ：4194304
decode keng：-1, sheng ：2097152
world keng：3, sheng ：1048576

2026-08-19 13:04:24.682 INFO [pool-6-thread-7][:] - /****************流量统计******************/
LastReadBytes:0
LastReadThroughput:0
LastWrittenBytes:0
LastWriteThroughput:0
RealWrittenBytes:0
RealWriteThroughput:0
当前玩家的连接数量:0
当前地图的线程个数：9
当前地图的个数:47
当前数据库执行队列数:0
当前发送队列缓存的对象数量:0
totalMemory：965738496, use ：527976680, free ：437761816DirectMemory：1827143680, 恢复 ：1
当前时间 ：2026-08-19 13:04:24send keng：-1, sheng ：4194304
decode keng：-1, sheng ：2097152
world keng：3, sheng ：1048576

2026-08-19 13:04:29.682 INFO [pool-6-thread-1][:] - /****************流量统计******************/
LastReadBytes:0
LastReadThroughput:0
LastWrittenBytes:0
LastWriteThroughput:0
RealWrittenBytes:0
RealWriteThroughput:0
当前玩家的连接数量:0
当前地图的线程个数：9
当前地图的个数:47
当前数据库执行队列数:0
当前发送队列缓存的对象数量:0
totalMemory：965738496, use ：532271136, free ：433467360DirectMemory：1827143680, 恢复 ：1
当前时间 ：2026-08-19 13:04:29send keng：-1, sheng ：4194304
decode keng：-1, sheng ：2097152
world keng：3, sheng ：1048576

2026-08-19 13:04:34.682 INFO [pool-6-thread-9][:] - /****************流量统计******************/
LastReadBytes:0
LastReadThroughput:0
LastWrittenBytes:0
LastWriteThroughput:0
RealWrittenBytes:0
RealWriteThroughput:0
当前玩家的连接数量:0
当前地图的线程个数：9
当前地图的个数:47
当前数据库执行队列数:0
当前发送队列缓存的对象数量:0
totalMemory：965738496, use ：535302808, free ：430435688DirectMemory：1827143680, 恢复 ：1
当前时间 ：2026-08-19 13:04:34send keng：-1, sheng ：4194304
decode keng：-1, sheng ：2097152
world keng：3, sheng ：1048576

2026-08-19 13:04:39.682 INFO [pool-6-thread-8][:] - /****************流量统计******************/
LastReadBytes:0
LastReadThroughput:0
LastWrittenBytes:0
LastWriteThroughput:0
RealWrittenBytes:0
RealWriteThroughput:0
当前玩家的连接数量:0
当前地图的线程个数：9
当前地图的个数:47
当前数据库执行队列数:0
当前发送队列缓存的对象数量:0
totalMemory：965738496, use ：540006272, free ：425732224DirectMemory：1827143680, 恢复 ：1
当前时间 ：2026-08-19 13:04:39send keng：-1, sheng ：4194304
decode keng：-1, sheng ：2097152
world keng：3, sheng ：1048576

2026-08-19 13:04:44.682 INFO [pool-6-thread-4][:] - /****************流量统计******************/
LastReadBytes:0
LastReadThroughput:0
LastWrittenBytes:0
LastWriteThroughput:0
RealWrittenBytes:0
RealWriteThroughput:0
当前玩家的连接数量:0
当前地图的线程个数：9
当前地图的个数:47
当前数据库执行队列数:0
当前发送队列缓存的对象数量:0
totalMemory：965738496, use ：541781328, free ：423957168DirectMemory：1827143680, 恢复 ：1
当前时间 ：2026-08-19 13:04:44send keng：-1, sheng ：4194304
decode keng：-1, sheng ：2097152
world keng：3, sheng ：1048576

2026-08-19 13:04:49.682 INFO [pool-6-thread-2][:] - /****************流量统计******************/
LastReadBytes:0
LastReadThroughput:0
LastWrittenBytes:0
LastWriteThroughput:0
RealWrittenBytes:0
RealWriteThroughput:0
当前玩家的连接数量:0
当前地图的线程个数：9
当前地图的个数:47
当前数据库执行队列数:0
当前发送队列缓存的对象数量:0
totalMemory：965738496, use ：546281744, free ：419456752DirectMemory：1827143680, 恢复 ：1
当前时间 ：2026-08-19 13:04:49send keng：-1, sheng ：4194304
decode keng：-1, sheng ：2097152
world keng：3, sheng ：1048576

2026-08-19 13:04:54.682 INFO [pool-6-thread-7][:] - /****************流量统计******************/
LastReadBytes:0
LastReadThroughput:0
LastWrittenBytes:0
LastWriteThroughput:0
RealWrittenBytes:0
RealWriteThroughput:0
当前玩家的连接数量:0
当前地图的线程个数：9
当前地图的个数:47
当前数据库执行队列数:0
当前发送队列缓存的对象数量:0
totalMemory：965738496, use ：548750392, free ：416988104DirectMemory：1827143680, 恢复 ：1
当前时间 ：2026-08-19 13:04:54send keng：-1, sheng ：4194304
decode keng：-1, sheng ：2097152
world keng：3, sheng ：1048576

2026-08-19 13:04:59.682 INFO [pool-6-thread-4][:] - /****************流量统计******************/
LastReadBytes:0
LastReadThroughput:0
LastWrittenBytes:0
LastWriteThroughput:0
RealWrittenBytes:0
RealWriteThroughput:0
当前玩家的连接数量:0
当前地图的线程个数：9
当前地图的个数:47
当前数据库执行队列数:0
当前发送队列缓存的对象数量:0
totalMemory：965738496, use ：553489264, free ：412249232DirectMemory：1827143680, 恢复 ：1
当前时间 ：2026-08-19 13:04:59send keng：-1, sheng ：4194304
decode keng：-1, sheng ：2097152
world keng：3, sheng ：1048576

2026-08-19 13:05:04.683 INFO [pool-6-thread-8][:] - /****************流量统计******************/
LastReadBytes:0
LastReadThroughput:0
LastWrittenBytes:0
LastWriteThroughput:0
RealWrittenBytes:0
RealWriteThroughput:0
当前玩家的连接数量:0
当前地图的线程个数：9
当前地图的个数:47
当前数据库执行队列数:0
当前发送队列缓存的对象数量:0
totalMemory：965738496, use ：556288240, free ：409450256DirectMemory：1827143680, 恢复 ：1
当前时间 ：2026-08-19 13:05:04send keng：-1, sheng ：4194304
decode keng：-1, sheng ：2097152
world keng：3, sheng ：1048576

2026-08-19 13:05:09.682 INFO [pool-6-thread-7][:] - /****************流量统计******************/
LastReadBytes:0
LastReadThroughput:0
LastWrittenBytes:0
LastWriteThroughput:0
RealWrittenBytes:0
RealWriteThroughput:0
当前玩家的连接数量:0
当前地图的线程个数：9
当前地图的个数:47
当前数据库执行队列数:0
当前发送队列缓存的对象数量:0
totalMemory：965738496, use ：560159496, free ：405579000DirectMemory：1827143680, 恢复 ：1
当前时间 ：2026-08-19 13:05:09send keng：-1, sheng ：4194304
decode keng：-1, sheng ：2097152
world keng：3, sheng ：1048576

2026-08-19 13:05:14.682 INFO [pool-6-thread-6][:] - /****************流量统计******************/
LastReadBytes:0
LastReadThroughput:0
LastWrittenBytes:0
LastWriteThroughput:0
RealWrittenBytes:0
RealWriteThroughput:0
当前玩家的连接数量:0
当前地图的线程个数：9
当前地图的个数:47
当前数据库执行队列数:0
当前发送队列缓存的对象数量:0
totalMemory：965738496, use ：563244576, free ：402493920DirectMemory：1827143680, 恢复 ：1
当前时间 ：2026-08-19 13:05:14send keng：-1, sheng ：4194304
decode keng：-1, sheng ：2097152
world keng：3, sheng ：1048576

2026-08-19 13:05:19.682 INFO [pool-6-thread-8][:] - /****************流量统计******************/
LastReadBytes:0
LastReadThroughput:0
LastWrittenBytes:0
LastWriteThroughput:0
RealWrittenBytes:0
RealWriteThroughput:0
当前玩家的连接数量:0
当前地图的线程个数：9
当前地图的个数:47
当前数据库执行队列数:0
当前发送队列缓存的对象数量:0
totalMemory：965738496, use ：567130272, free ：398608224DirectMemory：1827143680, 恢复 ：1
当前时间 ：2026-08-19 13:05:19send keng：-1, sheng ：4194304
decode keng：-1, sheng ：2097152
world keng：3, sheng ：1048576

2026-08-19 13:05:24.682 INFO [pool-6-thread-6][:] - /****************流量统计******************/
LastReadBytes:0
LastReadThroughput:0
LastWrittenBytes:0
LastWriteThroughput:0
RealWrittenBytes:0
RealWriteThroughput:0
当前玩家的连接数量:0
当前地图的线程个数：9
当前地图的个数:47
当前数据库执行队列数:0
当前发送队列缓存的对象数量:0
totalMemory：965738496, use ：571163520, free ：394574976DirectMemory：1827143680, 恢复 ：1
当前时间 ：2026-08-19 13:05:24send keng：-1, sheng ：4194304
decode keng：-1, sheng ：2097152
world keng：3, sheng ：1048576

2026-08-19 13:05:29.682 INFO [pool-6-thread-6][:] - /****************流量统计******************/
LastReadBytes:0
LastReadThroughput:0
LastWrittenBytes:0
LastWriteThroughput:0
RealWrittenBytes:0
RealWriteThroughput:0
当前玩家的连接数量:0
当前地图的线程个数：9
当前地图的个数:47
当前数据库执行队列数:0
当前发送队列缓存的对象数量:0
totalMemory：965738496, use ：573585744, free ：392152752DirectMemory：1827143680, 恢复 ：1
当前时间 ：2026-08-19 13:05:29send keng：-1, sheng ：4194304
decode keng：-1, sheng ：2097152
world keng：3, sheng ：1048576

2026-08-19 13:05:34.682 INFO [pool-6-thread-2][:] - /****************流量统计******************/
LastReadBytes:0
LastReadThroughput:0
LastWrittenBytes:0
LastWriteThroughput:0
RealWrittenBytes:0
RealWriteThroughput:0
当前玩家的连接数量:0
当前地图的线程个数：9
当前地图的个数:47
当前数据库执行队列数:0
当前发送队列缓存的对象数量:0
totalMemory：965738496, use ：578780200, free ：386958296DirectMemory：1827143680, 恢复 ：1
当前时间 ：2026-08-19 13:05:34send keng：-1, sheng ：4194304
decode keng：-1, sheng ：2097152
world keng：3, sheng ：1048576

2026-08-19 13:05:39.682 INFO [pool-6-thread-1][:] - /****************流量统计******************/
LastReadBytes:0
LastReadThroughput:0
LastWrittenBytes:0
LastWriteThroughput:0
RealWrittenBytes:0
RealWriteThroughput:0
当前玩家的连接数量:0
当前地图的线程个数：9
当前地图的个数:47
当前数据库执行队列数:0
当前发送队列缓存的对象数量:0
totalMemory：965738496, use ：581388920, free ：384349576DirectMemory：1827143680, 恢复 ：1
当前时间 ：2026-08-19 13:05:39send keng：-1, sheng ：4194304
decode keng：-1, sheng ：2097152
world keng：3, sheng ：1048576

2026-08-19 13:05:44.682 INFO [pool-6-thread-9][:] - /****************流量统计******************/
LastReadBytes:0
LastReadThroughput:0
LastWrittenBytes:0
LastWriteThroughput:0
RealWrittenBytes:0
RealWriteThroughput:0
当前玩家的连接数量:0
当前地图的线程个数：9
当前地图的个数:47
当前数据库执行队列数:0
当前发送队列缓存的对象数量:0
totalMemory：965738496, use ：585487360, free ：380251136DirectMemory：1827143680, 恢复 ：1
当前时间 ：2026-08-19 13:05:44send keng：-1, sheng ：4194304
decode keng：-1, sheng ：2097152
world keng：3, sheng ：1048576

2026-08-19 13:05:49.682 INFO [pool-6-thread-1][:] - /****************流量统计******************/
LastReadBytes:0
LastReadThroughput:0
LastWrittenBytes:0
LastWriteThroughput:0
RealWrittenBytes:0
RealWriteThroughput:0
当前玩家的连接数量:0
当前地图的线程个数：9
当前地图的个数:47
当前数据库执行队列数:0
当前发送队列缓存的对象数量:0
totalMemory：965738496, use ：587924464, free ：377814032DirectMemory：1827143680, 恢复 ：1
当前时间 ：2026-08-19 13:05:49send keng：-1, sheng ：4194304
decode keng：-1, sheng ：2097152
world keng：3, sheng ：1048576

2026-08-19 13:05:54.683 INFO [pool-6-thread-3][:] - /****************流量统计******************/
LastReadBytes:0
LastReadThroughput:0
LastWrittenBytes:0
LastWriteThroughput:0
RealWrittenBytes:0
RealWriteThroughput:0
当前玩家的连接数量:0
当前地图的线程个数：9
当前地图的个数:47
当前数据库执行队列数:0
当前发送队列缓存的对象数量:0
totalMemory：965738496, use ：592196272, free ：373542224DirectMemory：1827143680, 恢复 ：1
当前时间 ：2026-08-19 13:05:54send keng：-1, sheng ：4194304
decode keng：-1, sheng ：2097152
world keng：3, sheng ：1048576

2026-08-19 13:05:59.682 INFO [pool-6-thread-10][:] - /****************流量统计******************/
LastReadBytes:0
LastReadThroughput:0
LastWrittenBytes:0
LastWriteThroughput:0
RealWrittenBytes:0
RealWriteThroughput:0
当前玩家的连接数量:0
当前地图的线程个数：9
当前地图的个数:47
当前数据库执行队列数:0
当前发送队列缓存的对象数量:0
totalMemory：965738496, use ：595366520, free ：370371976DirectMemory：1827143680, 恢复 ：1
当前时间 ：2026-08-19 13:05:59send keng：-1, sheng ：4194304
decode keng：-1, sheng ：2097152
world keng：3, sheng ：1048576

2026-08-19 13:06:04.682 INFO [pool-6-thread-3][:] - /****************流量统计******************/
LastReadBytes:0
LastReadThroughput:0
LastWrittenBytes:0
LastWriteThroughput:0
RealWrittenBytes:0
RealWriteThroughput:0
当前玩家的连接数量:0
当前地图的线程个数：9
当前地图的个数:47
当前数据库执行队列数:0
当前发送队列缓存的对象数量:0
totalMemory：965738496, use ：599296496, free ：366442000DirectMemory：1827143680, 恢复 ：1
当前时间 ：2026-08-19 13:06:04send keng：-1, sheng ：4194304
decode keng：-1, sheng ：2097152
world keng：3, sheng ：1048576

2026-08-19 13:06:09.682 INFO [pool-6-thread-3][:] - /****************流量统计******************/
LastReadBytes:0
LastReadThroughput:0
LastWrittenBytes:0
LastWriteThroughput:0
RealWrittenBytes:0
RealWriteThroughput:0
当前玩家的连接数量:0
当前地图的线程个数：9
当前地图的个数:47
当前数据库执行队列数:0
当前发送队列缓存的对象数量:0
totalMemory：965738496, use ：602137192, free ：363601304DirectMemory：1827143680, 恢复 ：1
当前时间 ：2026-08-19 13:06:09send keng：-1, sheng ：4194304
decode keng：-1, sheng ：2097152
world keng：3, sheng ：1048576

2026-08-19 13:06:14.682 INFO [pool-6-thread-4][:] - /****************流量统计******************/
LastReadBytes:0
LastReadThroughput:0
LastWrittenBytes:0
LastWriteThroughput:0
RealWrittenBytes:0
RealWriteThroughput:0
当前玩家的连接数量:0
当前地图的线程个数：9
当前地图的个数:47
当前数据库执行队列数:0
当前发送队列缓存的对象数量:0
totalMemory：965738496, use ：606259064, free ：359479432DirectMemory：1827143680, 恢复 ：1
当前时间 ：2026-08-19 13:06:14send keng：-1, sheng ：4194304
decode keng：-1, sheng ：2097152
world keng：3, sheng ：1048576

2026-08-19 13:06:19.682 INFO [pool-6-thread-4][:] - /****************流量统计******************/
LastReadBytes:0
LastReadThroughput:0
LastWrittenBytes:0
LastWriteThroughput:0
RealWrittenBytes:0
RealWriteThroughput:0
当前玩家的连接数量:0
当前地图的线程个数：9
当前地图的个数:47
当前数据库执行队列数:0
当前发送队列缓存的对象数量:0
totalMemory：965738496, use ：610867336, free ：354871160DirectMemory：1827143680, 恢复 ：1
当前时间 ：2026-08-19 13:06:19send keng：-1, sheng ：4194304
decode keng：-1, sheng ：2097152
world keng：3, sheng ：1048576

2026-08-19 13:06:24.683 INFO [pool-6-thread-3][:] - /****************流量统计******************/
LastReadBytes:0
LastReadThroughput:0
LastWrittenBytes:0
LastWriteThroughput:0
RealWrittenBytes:0
RealWriteThroughput:0
当前玩家的连接数量:0
当前地图的线程个数：9
当前地图的个数:47
当前数据库执行队列数:0
当前发送队列缓存的对象数量:0
totalMemory：965738496, use ：613263968, free ：352474528DirectMemory：1827143680, 恢复 ：1
当前时间 ：2026-08-19 13:06:24send keng：-1, sheng ：4194304
decode keng：-1, sheng ：2097152
world keng：3, sheng ：1048576

2026-08-19 13:06:29.682 INFO [pool-6-thread-5][:] - /****************流量统计******************/
LastReadBytes:0
LastReadThroughput:0
LastWrittenBytes:0
LastWriteThroughput:0
RealWrittenBytes:0
RealWriteThroughput:0
当前玩家的连接数量:0
当前地图的线程个数：9
当前地图的个数:47
当前数据库执行队列数:0
当前发送队列缓存的对象数量:0
totalMemory：965738496, use ：617966984, free ：347771512DirectMemory：1827143680, 恢复 ：1
当前时间 ：2026-08-19 13:06:29send keng：-1, sheng ：4194304
decode keng：-1, sheng ：2097152
world keng：3, sheng ：1048576

2026-08-19 13:06:34.682 INFO [pool-6-thread-6][:] - /****************流量统计******************/
LastReadBytes:0
LastReadThroughput:0
LastWrittenBytes:0
LastWriteThroughput:0
RealWrittenBytes:0
RealWriteThroughput:0
当前玩家的连接数量:0
当前地图的线程个数：9
当前地图的个数:47
当前数据库执行队列数:0
当前发送队列缓存的对象数量:0
totalMemory：965738496, use ：620150616, free ：345587880DirectMemory：1827143680, 恢复 ：1
当前时间 ：2026-08-19 13:06:34send keng：-1, sheng ：4194304
decode keng：-1, sheng ：2097152
world keng：3, sheng ：1048576

2026-08-19 13:06:39.682 INFO [pool-6-thread-9][:] - /****************流量统计******************/
LastReadBytes:0
LastReadThroughput:0
LastWrittenBytes:0
LastWriteThroughput:0
RealWrittenBytes:0
RealWriteThroughput:0
当前玩家的连接数量:0
当前地图的线程个数：9
当前地图的个数:47
当前数据库执行队列数:0
当前发送队列缓存的对象数量:0
totalMemory：965738496, use ：624679208, free ：341059288DirectMemory：1827143680, 恢复 ：1
当前时间 ：2026-08-19 13:06:39send keng：-1, sheng ：4194304
decode keng：-1, sheng ：2097152
world keng：3, sheng ：1048576

2026-08-19 13:06:44.682 INFO [pool-6-thread-1][:] - /****************流量统计******************/
LastReadBytes:0
LastReadThroughput:0
LastWrittenBytes:0
LastWriteThroughput:0
RealWrittenBytes:0
RealWriteThroughput:0
当前玩家的连接数量:0
当前地图的线程个数：9
当前地图的个数:47
当前数据库执行队列数:0
当前发送队列缓存的对象数量:0
totalMemory：965738496, use ：627174144, free ：338564352DirectMemory：1827143680, 恢复 ：1
当前时间 ：2026-08-19 13:06:44send keng：-1, sheng ：4194304
decode keng：-1, sheng ：2097152
world keng：3, sheng ：1048576

2026-08-19 13:06:49.682 INFO [pool-6-thread-5][:] - /****************流量统计******************/
LastReadBytes:0
LastReadThroughput:0
LastWrittenBytes:0
LastWriteThroughput:0
RealWrittenBytes:0
RealWriteThroughput:0
当前玩家的连接数量:0
当前地图的线程个数：9
当前地图的个数:47
当前数据库执行队列数:0
当前发送队列缓存的对象数量:0
totalMemory：965738496, use ：631368472, free ：334370024DirectMemory：1827143680, 恢复 ：1
当前时间 ：2026-08-19 13:06:49send keng：-1, sheng ：4194304
decode keng：-1, sheng ：2097152
world keng：3, sheng ：1048576

2026-08-19 13:06:54.682 INFO [pool-6-thread-7][:] - /****************流量统计******************/
LastReadBytes:0
LastReadThroughput:0
LastWrittenBytes:0
LastWriteThroughput:0
RealWrittenBytes:0
RealWriteThroughput:0
当前玩家的连接数量:0
当前地图的线程个数：9
当前地图的个数:47
当前数据库执行队列数:0
当前发送队列缓存的对象数量:0
totalMemory：965738496, use ：633734392, free ：332004104DirectMemory：1827143680, 恢复 ：1
当前时间 ：2026-08-19 13:06:54send keng：-1, sheng ：4194304
decode keng：-1, sheng ：2097152
world keng：3, sheng ：1048576

2026-08-19 13:06:59.682 INFO [pool-6-thread-3][:] - /****************流量统计******************/
LastReadBytes:0
LastReadThroughput:0
LastWrittenBytes:0
LastWriteThroughput:0
RealWrittenBytes:0
RealWriteThroughput:0
当前玩家的连接数量:0
当前地图的线程个数：9
当前地图的个数:47
当前数据库执行队列数:0
当前发送队列缓存的对象数量:0
totalMemory：965738496, use ：638337824, free ：327400672DirectMemory：1827143680, 恢复 ：1
当前时间 ：2026-08-19 13:06:59send keng：-1, sheng ：4194304
decode keng：-1, sheng ：2097152
world keng：3, sheng ：1048576

2026-08-19 13:07:04.682 INFO [pool-6-thread-9][:] - /****************流量统计******************/
LastReadBytes:0
LastReadThroughput:0
LastWrittenBytes:0
LastWriteThroughput:0
RealWrittenBytes:0
RealWriteThroughput:0
当前玩家的连接数量:0
当前地图的线程个数：9
当前地图的个数:47
当前数据库执行队列数:0
当前发送队列缓存的对象数量:0
totalMemory：965738496, use ：642548512, free ：323189984DirectMemory：1827143680, 恢复 ：1
当前时间 ：2026-08-19 13:07:04send keng：-1, sheng ：4194304
decode keng：-1, sheng ：2097152
world keng：3, sheng ：1048576

2026-08-19 13:07:09.682 INFO [pool-6-thread-1][:] - /****************流量统计******************/
LastReadBytes:0
LastReadThroughput:0
LastWrittenBytes:0
LastWriteThroughput:0
RealWrittenBytes:0
RealWriteThroughput:0
当前玩家的连接数量:0
当前地图的线程个数：9
当前地图的个数:47
当前数据库执行队列数:0
当前发送队列缓存的对象数量:0
totalMemory：965738496, use ：644997368, free ：320741128DirectMemory：1827143680, 恢复 ：1
当前时间 ：2026-08-19 13:07:09send keng：-1, sheng ：4194304
decode keng：-1, sheng ：2097152
world keng：3, sheng ：1048576

2026-08-19 13:07:14.682 INFO [pool-6-thread-5][:] - /****************流量统计******************/
LastReadBytes:0
LastReadThroughput:0
LastWrittenBytes:0
LastWriteThroughput:0
RealWrittenBytes:0
RealWriteThroughput:0
当前玩家的连接数量:0
当前地图的线程个数：9
当前地图的个数:47
当前数据库执行队列数:0
当前发送队列缓存的对象数量:0
totalMemory：965738496, use ：649992184, free ：315746312DirectMemory：1827143680, 恢复 ：1
当前时间 ：2026-08-19 13:07:14send keng：-1, sheng ：4194304
decode keng：-1, sheng ：2097152
world keng：3, sheng ：1048576

2026-08-19 13:07:19.682 INFO [pool-6-thread-4][:] - /****************流量统计******************/
LastReadBytes:0
LastReadThroughput:0
LastWrittenBytes:0
LastWriteThroughput:0
RealWrittenBytes:0
RealWriteThroughput:0
当前玩家的连接数量:0
当前地图的线程个数：9
当前地图的个数:47
当前数据库执行队列数:0
当前发送队列缓存的对象数量:0
totalMemory：965738496, use ：651994312, free ：313744184DirectMemory：1827143680, 恢复 ：1
当前时间 ：2026-08-19 13:07:19send keng：-1, sheng ：4194304
decode keng：-1, sheng ：2097152
world keng：3, sheng ：1048576

2026-08-19 13:07:24.682 INFO [pool-6-thread-3][:] - /****************流量统计******************/
LastReadBytes:0
LastReadThroughput:0
LastWrittenBytes:0
LastWriteThroughput:0
RealWrittenBytes:0
RealWriteThroughput:0
当前玩家的连接数量:0
当前地图的线程个数：9
当前地图的个数:47
当前数据库执行队列数:0
当前发送队列缓存的对象数量:0
totalMemory：965738496, use ：656716288, free ：309022208DirectMemory：1827143680, 恢复 ：1
当前时间 ：2026-08-19 13:07:24send keng：-1, sheng ：4194304
decode keng：-1, sheng ：2097152
world keng：3, sheng ：1048576

2026-08-19 13:07:29.682 INFO [pool-6-thread-9][:] - /****************流量统计******************/
LastReadBytes:0
LastReadThroughput:0
LastWrittenBytes:0
LastWriteThroughput:0
RealWrittenBytes:0
RealWriteThroughput:0
当前玩家的连接数量:0
当前地图的线程个数：9
当前地图的个数:47
当前数据库执行队列数:0
当前发送队列缓存的对象数量:0
totalMemory：965738496, use ：658894120, free ：306844376DirectMemory：1827143680, 恢复 ：1
当前时间 ：2026-08-19 13:07:29send keng：-1, sheng ：4194304
decode keng：-1, sheng ：2097152
world keng：3, sheng ：1048576

2026-08-19 13:07:34.682 INFO [pool-6-thread-1][:] - /****************流量统计******************/
LastReadBytes:0
LastReadThroughput:0
LastWrittenBytes:0
LastWriteThroughput:0
RealWrittenBytes:0
RealWriteThroughput:0
当前玩家的连接数量:0
当前地图的线程个数：9
当前地图的个数:47
当前数据库执行队列数:0
当前发送队列缓存的对象数量:0
totalMemory：965738496, use ：663388296, free ：302350200DirectMemory：1827143680, 恢复 ：1
当前时间 ：2026-08-19 13:07:34send keng：-1, sheng ：4194304
decode keng：-1, sheng ：2097152
world keng：3, sheng ：1048576

2026-08-19 13:07:39.682 INFO [pool-6-thread-4][:] - /****************流量统计******************/
LastReadBytes:0
LastReadThroughput:0
LastWrittenBytes:0
LastWriteThroughput:0
RealWrittenBytes:0
RealWriteThroughput:0
当前玩家的连接数量:0
当前地图的线程个数：9
当前地图的个数:47
当前数据库执行队列数:0
当前发送队列缓存的对象数量:0
totalMemory：965738496, use ：666756400, free ：298982096DirectMemory：1827143680, 恢复 ：1
当前时间 ：2026-08-19 13:07:39send keng：-1, sheng ：4194304
decode keng：-1, sheng ：2097152
world keng：3, sheng ：1048576

2026-08-19 13:07:44.682 INFO [pool-6-thread-1][:] - /****************流量统计******************/
LastReadBytes:0
LastReadThroughput:0
LastWrittenBytes:0
LastWriteThroughput:0
RealWrittenBytes:0
RealWriteThroughput:0
当前玩家的连接数量:0
当前地图的线程个数：9
当前地图的个数:47
当前数据库执行队列数:0
当前发送队列缓存的对象数量:0
totalMemory：965738496, use ：670552832, free ：295185664DirectMemory：1827143680, 恢复 ：1
当前时间 ：2026-08-19 13:07:44send keng：-1, sheng ：4194304
decode keng：-1, sheng ：2097152
world keng：3, sheng ：1048576

2026-08-19 13:07:49.682 INFO [pool-6-thread-4][:] - /****************流量统计******************/
LastReadBytes:0
LastReadThroughput:0
LastWrittenBytes:0
LastWriteThroughput:0
RealWrittenBytes:0
RealWriteThroughput:0
当前玩家的连接数量:0
当前地图的线程个数：9
当前地图的个数:47
当前数据库执行队列数:0
当前发送队列缓存的对象数量:0
totalMemory：965738496, use ：672467304, free ：293271192DirectMemory：1827143680, 恢复 ：1
当前时间 ：2026-08-19 13:07:49send keng：-1, sheng ：4194304
decode keng：-1, sheng ：2097152
world keng：3, sheng ：1048576

2026-08-19 13:07:54.682 INFO [pool-6-thread-3][:] - /****************流量统计******************/
LastReadBytes:0
LastReadThroughput:0
LastWrittenBytes:0
LastWriteThroughput:0
RealWrittenBytes:0
RealWriteThroughput:0
当前玩家的连接数量:0
当前地图的线程个数：9
当前地图的个数:47
当前数据库执行队列数:0
当前发送队列缓存的对象数量:0
totalMemory：965738496, use ：677488744, free ：288249752DirectMemory：1827143680, 恢复 ：1
当前时间 ：2026-08-19 13:07:54send keng：-1, sheng ：4194304
decode keng：-1, sheng ：2097152
world keng：3, sheng ：1048576

2026-08-19 13:07:59.682 INFO [pool-6-thread-5][:] - /****************流量统计******************/
LastReadBytes:0
LastReadThroughput:0
LastWrittenBytes:0
LastWriteThroughput:0
RealWrittenBytes:0
RealWriteThroughput:0
当前玩家的连接数量:0
当前地图的线程个数：9
当前地图的个数:47
当前数据库执行队列数:0
当前发送队列缓存的对象数量:0
totalMemory：965738496, use ：680746544, free ：284991952DirectMemory：1827143680, 恢复 ：1
当前时间 ：2026-08-19 13:07:59send keng：-1, sheng ：4194304
decode keng：-1, sheng ：2097152
world keng：3, sheng ：1048576

2026-08-19 13:08:04.687 INFO [pool-6-thread-9][:] - /****************流量统计******************/
LastReadBytes:0
LastReadThroughput:0
LastWrittenBytes:0
LastWriteThroughput:0
RealWrittenBytes:0
RealWriteThroughput:0
当前玩家的连接数量:0
当前地图的线程个数：9
当前地图的个数:47
当前数据库执行队列数:0
当前发送队列缓存的对象数量:0
totalMemory：965738496, use ：684147776, free ：281590720DirectMemory：1827143680, 恢复 ：1
当前时间 ：2026-08-19 13:08:04send keng：-1, sheng ：4194304
decode keng：-1, sheng ：2097152
world keng：3, sheng ：1048576

2026-08-19 13:08:09.682 INFO [pool-6-thread-6][:] - /****************流量统计******************/
LastReadBytes:0
LastReadThroughput:0
LastWrittenBytes:0
LastWriteThroughput:0
RealWrittenBytes:0
RealWriteThroughput:0
当前玩家的连接数量:0
当前地图的线程个数：9
当前地图的个数:47
当前数据库执行队列数:0
当前发送队列缓存的对象数量:0
totalMemory：965738496, use ：688422272, free ：277316224DirectMemory：1827143680, 恢复 ：1
当前时间 ：2026-08-19 13:08:09send keng：-1, sheng ：4194304
decode keng：-1, sheng ：2097152
world keng：3, sheng ：1048576

2026-08-19 13:08:14.682 INFO [pool-6-thread-7][:] - /****************流量统计******************/
LastReadBytes:0
LastReadThroughput:0
LastWrittenBytes:0
LastWriteThroughput:0
RealWrittenBytes:0
RealWriteThroughput:0
当前玩家的连接数量:0
当前地图的线程个数：9
当前地图的个数:47
当前数据库执行队列数:0
当前发送队列缓存的对象数量:0
totalMemory：965738496, use ：691127448, free ：274611048DirectMemory：1827143680, 恢复 ：1
当前时间 ：2026-08-19 13:08:14send keng：-1, sheng ：4194304
decode keng：-1, sheng ：2097152
world keng：3, sheng ：1048576

2026-08-19 13:08:19.682 INFO [pool-6-thread-3][:] - /****************流量统计******************/
LastReadBytes:0
LastReadThroughput:0
LastWrittenBytes:0
LastWriteThroughput:0
RealWrittenBytes:0
RealWriteThroughput:0
当前玩家的连接数量:0
当前地图的线程个数：9
当前地图的个数:47
当前数据库执行队列数:0
当前发送队列缓存的对象数量:0
totalMemory：965738496, use ：696361976, free ：269376520DirectMemory：1827143680, 恢复 ：1
当前时间 ：2026-08-19 13:08:19send keng：-1, sheng ：4194304
decode keng：-1, sheng ：2097152
world keng：3, sheng ：1048576

2026-08-19 13:08:24.682 INFO [pool-6-thread-3][:] - /****************流量统计******************/
LastReadBytes:0
LastReadThroughput:0
LastWrittenBytes:0
LastWriteThroughput:0
RealWrittenBytes:0
RealWriteThroughput:0
当前玩家的连接数量:0
当前地图的线程个数：9
当前地图的个数:47
当前数据库执行队列数:0
当前发送队列缓存的对象数量:0
totalMemory：965738496, use ：698150424, free ：267588072DirectMemory：1827143680, 恢复 ：1
当前时间 ：2026-08-19 13:08:24send keng：-1, sheng ：4194304
decode keng：-1, sheng ：2097152
world keng：3, sheng ：1048576

2026-08-19 13:08:29.682 INFO [pool-6-thread-6][:] - /****************流量统计******************/
LastReadBytes:0
LastReadThroughput:0
LastWrittenBytes:0
LastWriteThroughput:0
RealWrittenBytes:0
RealWriteThroughput:0
当前玩家的连接数量:0
当前地图的线程个数：9
当前地图的个数:47
当前数据库执行队列数:0
当前发送队列缓存的对象数量:0
totalMemory：965738496, use ：702573968, free ：263164528DirectMemory：1827143680, 恢复 ：1
当前时间 ：2026-08-19 13:08:29send keng：-1, sheng ：4194304
decode keng：-1, sheng ：2097152
world keng：3, sheng ：1048576

2026-08-19 13:08:34.682 INFO [pool-6-thread-3][:] - /****************流量统计******************/
LastReadBytes:0
LastReadThroughput:0
LastWrittenBytes:0
LastWriteThroughput:0
RealWrittenBytes:0
RealWriteThroughput:0
当前玩家的连接数量:0
当前地图的线程个数：9
当前地图的个数:47
当前数据库执行队列数:0
当前发送队列缓存的对象数量:0
totalMemory：965738496, use ：705560872, free ：260177624DirectMemory：1827143680, 恢复 ：1
当前时间 ：2026-08-19 13:08:34send keng：-1, sheng ：4194304
decode keng：-1, sheng ：2097152
world keng：3, sheng ：1048576

2026-08-19 13:08:39.682 INFO [pool-6-thread-4][:] - /****************流量统计******************/
LastReadBytes:0
LastReadThroughput:0
LastWrittenBytes:0
LastWriteThroughput:0
RealWrittenBytes:0
RealWriteThroughput:0
当前玩家的连接数量:0
当前地图的线程个数：9
当前地图的个数:47
当前数据库执行队列数:0
当前发送队列缓存的对象数量:0
totalMemory：965738496, use ：710141024, free ：255597472DirectMemory：1827143680, 恢复 ：1
当前时间 ：2026-08-19 13:08:39send keng：-1, sheng ：4194304
decode keng：-1, sheng ：2097152
world keng：3, sheng ：1048576

2026-08-19 13:08:44.687 INFO [pool-6-thread-3][:] - /****************流量统计******************/
LastReadBytes:0
LastReadThroughput:0
LastWrittenBytes:0
LastWriteThroughput:0
RealWrittenBytes:0
RealWriteThroughput:0
当前玩家的连接数量:0
当前地图的线程个数：9
当前地图的个数:47
当前数据库执行队列数:0
当前发送队列缓存的对象数量:0
totalMemory：965738496, use ：712583824, free ：253154672DirectMemory：1827143680, 恢复 ：1
当前时间 ：2026-08-19 13:08:44send keng：-1, sheng ：4194304
decode keng：-1, sheng ：2097152
world keng：3, sheng ：1048576

2026-08-19 13:08:49.682 INFO [pool-6-thread-4][:] - /****************流量统计******************/
LastReadBytes:0
LastReadThroughput:0
LastWrittenBytes:0
LastWriteThroughput:0
RealWrittenBytes:0
RealWriteThroughput:0
当前玩家的连接数量:0
当前地图的线程个数：9
当前地图的个数:47
当前数据库执行队列数:0
当前发送队列缓存的对象数量:0
totalMemory：965738496, use ：717142248, free ：248596248DirectMemory：1827143680, 恢复 ：1
当前时间 ：2026-08-19 13:08:49send keng：-1, sheng ：4194304
decode keng：-1, sheng ：2097152
world keng：3, sheng ：1048576

2026-08-19 13:08:54.682 INFO [pool-6-thread-1][:] - /****************流量统计******************/
LastReadBytes:0
LastReadThroughput:0
LastWrittenBytes:0
LastWriteThroughput:0
RealWrittenBytes:0
RealWriteThroughput:0
当前玩家的连接数量:0
当前地图的线程个数：9
当前地图的个数:47
当前数据库执行队列数:0
当前发送队列缓存的对象数量:0
totalMemory：965738496, use ：720868960, free ：244869536DirectMemory：1827143680, 恢复 ：1
当前时间 ：2026-08-19 13:08:54send keng：-1, sheng ：4194304
decode keng：-1, sheng ：2097152
world keng：3, sheng ：1048576

2026-08-19 13:08:59.682 INFO [pool-6-thread-1][:] - /****************流量统计******************/
LastReadBytes:0
LastReadThroughput:0
LastWrittenBytes:0
LastWriteThroughput:0
RealWrittenBytes:0
RealWriteThroughput:0
当前玩家的连接数量:0
当前地图的线程个数：9
当前地图的个数:47
当前数据库执行队列数:0
当前发送队列缓存的对象数量:0
totalMemory：966262784, use ：399464544, free ：566798240DirectMemory：1827143680, 恢复 ：1
当前时间 ：2026-08-19 13:08:59send keng：-1, sheng ：4194304
decode keng：-1, sheng ：2097152
world keng：3, sheng ：1048576

2026-08-19 13:09:04.682 INFO [pool-6-thread-1][:] - /****************流量统计******************/
LastReadBytes:0
LastReadThroughput:0
LastWrittenBytes:0
LastWriteThroughput:0
RealWrittenBytes:0
RealWriteThroughput:0
当前玩家的连接数量:0
当前地图的线程个数：9
当前地图的个数:47
当前数据库执行队列数:0
当前发送队列缓存的对象数量:0
totalMemory：966262784, use ：399590032, free ：566672752DirectMemory：1827143680, 恢复 ：1
当前时间 ：2026-08-19 13:09:04send keng：-1, sheng ：4194304
decode keng：-1, sheng ：2097152
world keng：3, sheng ：1048576

2026-08-19 13:09:09.682 INFO [pool-6-thread-4][:] - /****************流量统计******************/
LastReadBytes:0
LastReadThroughput:0
LastWrittenBytes:0
LastWriteThroughput:0
RealWrittenBytes:0
RealWriteThroughput:0
当前玩家的连接数量:0
当前地图的线程个数：9
当前地图的个数:47
当前数据库执行队列数:0
当前发送队列缓存的对象数量:0
totalMemory：966262784, use ：405673920, free ：560588864DirectMemory：1827143680, 恢复 ：1
当前时间 ：2026-08-19 13:09:09send keng：-1, sheng ：4194304
decode keng：-1, sheng ：2097152
world keng：3, sheng ：1048576

2026-08-19 13:09:14.682 INFO [pool-6-thread-2][:] - /****************流量统计******************/
LastReadBytes:0
LastReadThroughput:0
LastWrittenBytes:0
LastWriteThroughput:0
RealWrittenBytes:0
RealWriteThroughput:0
当前玩家的连接数量:0
当前地图的线程个数：9
当前地图的个数:47
当前数据库执行队列数:0
当前发送队列缓存的对象数量:0
totalMemory：966262784, use ：407381200, free ：558881584DirectMemory：1827143680, 恢复 ：1
当前时间 ：2026-08-19 13:09:14send keng：-1, sheng ：4194304
decode keng：-1, sheng ：2097152
world keng：3, sheng ：1048576

2026-08-19 13:09:19.682 INFO [pool-6-thread-2][:] - /****************流量统计******************/
LastReadBytes:0
LastReadThroughput:0
LastWrittenBytes:0
LastWriteThroughput:0
RealWrittenBytes:0
RealWriteThroughput:0
当前玩家的连接数量:0
当前地图的线程个数：9
当前地图的个数:47
当前数据库执行队列数:0
当前发送队列缓存的对象数量:0
totalMemory：966262784, use ：412188088, free ：554074696DirectMemory：1827143680, 恢复 ：1
当前时间 ：2026-08-19 13:09:19send keng：-1, sheng ：4194304
decode keng：-1, sheng ：2097152
world keng：3, sheng ：1048576

2026-08-19 13:09:24.682 INFO [pool-6-thread-7][:] - /****************流量统计******************/
LastReadBytes:0
LastReadThroughput:0
LastWrittenBytes:0
LastWriteThroughput:0
RealWrittenBytes:0
RealWriteThroughput:0
当前玩家的连接数量:0
当前地图的线程个数：9
当前地图的个数:47
当前数据库执行队列数:0
当前发送队列缓存的对象数量:0
totalMemory：966262784, use ：413095208, free ：553167576DirectMemory：1827143680, 恢复 ：1
当前时间 ：2026-08-19 13:09:24send keng：-1, sheng ：4194304
decode keng：-1, sheng ：2097152
world keng：3, sheng ：1048576

2026-08-19 13:09:29.682 INFO [pool-6-thread-7][:] - /****************流量统计******************/
LastReadBytes:0
LastReadThroughput:0
LastWrittenBytes:0
LastWriteThroughput:0
RealWrittenBytes:0
RealWriteThroughput:0
当前玩家的连接数量:0
当前地图的线程个数：9
当前地图的个数:47
当前数据库执行队列数:0
当前发送队列缓存的对象数量:0
totalMemory：966262784, use ：419557640, free ：546705144DirectMemory：1827143680, 恢复 ：1
当前时间 ：2026-08-19 13:09:29send keng：-1, sheng ：4194304
decode keng：-1, sheng ：2097152
world keng：3, sheng ：1048576

2026-08-19 13:09:34.682 INFO [pool-6-thread-7][:] - /****************流量统计******************/
LastReadBytes:0
LastReadThroughput:0
LastWrittenBytes:0
LastWriteThroughput:0
RealWrittenBytes:0
RealWriteThroughput:0
当前玩家的连接数量:0
当前地图的线程个数：9
当前地图的个数:47
当前数据库执行队列数:0
当前发送队列缓存的对象数量:0
totalMemory：966262784, use ：420946848, free ：545315936DirectMemory：1827143680, 恢复 ：1
当前时间 ：2026-08-19 13:09:34send keng：-1, sheng ：4194304
decode keng：-1, sheng ：2097152
world keng：3, sheng ：1048576

2026-08-19 13:09:39.682 INFO [pool-6-thread-1][:] - /****************流量统计******************/
LastReadBytes:0
LastReadThroughput:0
LastWrittenBytes:0
LastWriteThroughput:0
RealWrittenBytes:0
RealWriteThroughput:0
当前玩家的连接数量:0
当前地图的线程个数：9
当前地图的个数:47
当前数据库执行队列数:0
当前发送队列缓存的对象数量:0
totalMemory：966262784, use ：426086632, free ：540176152DirectMemory：1827143680, 恢复 ：1
当前时间 ：2026-08-19 13:09:39send keng：-1, sheng ：4194304
decode keng：-1, sheng ：2097152
world keng：3, sheng ：1048576

2026-08-19 13:09:44.682 INFO [pool-6-thread-1][:] - /****************流量统计******************/
LastReadBytes:0
LastReadThroughput:0
LastWrittenBytes:0
LastWriteThroughput:0
RealWrittenBytes:0
RealWriteThroughput:0
当前玩家的连接数量:0
当前地图的线程个数：9
当前地图的个数:47
当前数据库执行队列数:0
当前发送队列缓存的对象数量:0
totalMemory：966262784, use ：430014704, free ：536248080DirectMemory：1827143680, 恢复 ：1
当前时间 ：2026-08-19 13:09:44send keng：-1, sheng ：4194304
decode keng：-1, sheng ：2097152
world keng：3, sheng ：1048576

2026-08-19 13:09:49.682 INFO [pool-6-thread-2][:] - /****************流量统计******************/
LastReadBytes:0
LastReadThroughput:0
LastWrittenBytes:0
LastWriteThroughput:0
RealWrittenBytes:0
RealWriteThroughput:0
当前玩家的连接数量:0
当前地图的线程个数：9
当前地图的个数:47
当前数据库执行队列数:0
当前发送队列缓存的对象数量:0
totalMemory：966262784, use ：432609392, free ：533653392DirectMemory：1827143680, 恢复 ：1
当前时间 ：2026-08-19 13:09:49send keng：-1, sheng ：4194304
decode keng：-1, sheng ：2097152
world keng：3, sheng ：1048576

2026-08-19 13:09:54.682 INFO [pool-6-thread-3][:] - /****************流量统计******************/
LastReadBytes:0
LastReadThroughput:0
LastWrittenBytes:0
LastWriteThroughput:0
RealWrittenBytes:0
RealWriteThroughput:0
当前玩家的连接数量:0
当前地图的线程个数：9
当前地图的个数:47
当前数据库执行队列数:0
当前发送队列缓存的对象数量:0
totalMemory：966262784, use ：436544416, free ：529718368DirectMemory：1827143680, 恢复 ：1
当前时间 ：2026-08-19 13:09:54send keng：-1, sheng ：4194304
decode keng：-1, sheng ：2097152
world keng：3, sheng ：1048576

2026-08-19 13:09:59.682 INFO [pool-6-thread-2][:] - /****************流量统计******************/
LastReadBytes:0
LastReadThroughput:0
LastWrittenBytes:0
LastWriteThroughput:0
RealWrittenBytes:0
RealWriteThroughput:0
当前玩家的连接数量:0
当前地图的线程个数：9
当前地图的个数:47
当前数据库执行队列数:0
当前发送队列缓存的对象数量:0
totalMemory：966262784, use ：439933752, free ：526329032DirectMemory：1827143680, 恢复 ：1
当前时间 ：2026-08-19 13:09:59send keng：-1, sheng ：4194304
decode keng：-1, sheng ：2097152
world keng：3, sheng ：1048576

2026-08-19 13:10:04.682 INFO [pool-6-thread-6][:] - /****************流量统计******************/
LastReadBytes:0
LastReadThroughput:0
LastWrittenBytes:0
LastWriteThroughput:0
RealWrittenBytes:0
RealWriteThroughput:0
当前玩家的连接数量:0
当前地图的线程个数：9
当前地图的个数:47
当前数据库执行队列数:0
当前发送队列缓存的对象数量:0
totalMemory：966262784, use ：443583552, free ：522679232DirectMemory：1827143680, 恢复 ：1
当前时间 ：2026-08-19 13:10:04send keng：-1, sheng ：4194304
decode keng：-1, sheng ：2097152
world keng：3, sheng ：1048576

2026-08-19 13:10:09.682 INFO [pool-6-thread-7][:] - /****************流量统计******************/
LastReadBytes:0
LastReadThroughput:0
LastWrittenBytes:0
LastWriteThroughput:0
RealWrittenBytes:0
RealWriteThroughput:0
当前玩家的连接数量:0
当前地图的线程个数：9
当前地图的个数:47
当前数据库执行队列数:0
当前发送队列缓存的对象数量:0
totalMemory：966262784, use ：446997880, free ：519264904DirectMemory：1827143680, 恢复 ：1
当前时间 ：2026-08-19 13:10:09send keng：-1, sheng ：4194304
decode keng：-1, sheng ：2097152
world keng：3, sheng ：1048576

2026-08-19 13:10:14.684 INFO [pool-6-thread-2][:] - /****************流量统计******************/
LastReadBytes:0
LastReadThroughput:0
LastWrittenBytes:0
LastWriteThroughput:0
RealWrittenBytes:0
RealWriteThroughput:0
当前玩家的连接数量:0
当前地图的线程个数：9
当前地图的个数:47
当前数据库执行队列数:0
当前发送队列缓存的对象数量:0
totalMemory：966262784, use ：450951632, free ：515311152DirectMemory：1827143680, 恢复 ：1
当前时间 ：2026-08-19 13:10:14send keng：-1, sheng ：4194304
decode keng：-1, sheng ：2097152
world keng：3, sheng ：1048576

2026-08-19 13:10:19.682 INFO [pool-6-thread-3][:] - /****************流量统计******************/
LastReadBytes:0
LastReadThroughput:0
LastWrittenBytes:0
LastWriteThroughput:0
RealWrittenBytes:0
RealWriteThroughput:0
当前玩家的连接数量:0
当前地图的线程个数：9
当前地图的个数:47
当前数据库执行队列数:0
当前发送队列缓存的对象数量:0
totalMemory：966262784, use ：453965792, free ：512296992DirectMemory：1827143680, 恢复 ：1
当前时间 ：2026-08-19 13:10:19send keng：-1, sheng ：4194304
decode keng：-1, sheng ：2097152
world keng：3, sheng ：1048576

2026-08-19 13:10:24.682 INFO [pool-6-thread-10][:] - /****************流量统计******************/
LastReadBytes:0
LastReadThroughput:0
LastWrittenBytes:0
LastWriteThroughput:0
RealWrittenBytes:0
RealWriteThroughput:0
当前玩家的连接数量:0
当前地图的线程个数：9
当前地图的个数:47
当前数据库执行队列数:0
当前发送队列缓存的对象数量:0
totalMemory：966262784, use ：457895816, free ：508366968DirectMemory：1827143680, 恢复 ：1
当前时间 ：2026-08-19 13:10:24send keng：-1, sheng ：4194304
decode keng：-1, sheng ：2097152
world keng：3, sheng ：1048576

2026-08-19 13:10:29.682 INFO [pool-6-thread-7][:] - /****************流量统计******************/
LastReadBytes:0
LastReadThroughput:0
LastWrittenBytes:0
LastWriteThroughput:0
RealWrittenBytes:0
RealWriteThroughput:0
当前玩家的连接数量:0
当前地图的线程个数：9
当前地图的个数:47
当前数据库执行队列数:0
当前发送队列缓存的对象数量:0
totalMemory：966262784, use ：460219576, free ：506043208DirectMemory：1827143680, 恢复 ：1
当前时间 ：2026-08-19 13:10:29send keng：-1, sheng ：4194304
decode keng：-1, sheng ：2097152
world keng：3, sheng ：1048576

2026-08-19 13:10:34.682 INFO [pool-6-thread-5][:] - /****************流量统计******************/
LastReadBytes:0
LastReadThroughput:0
LastWrittenBytes:0
LastWriteThroughput:0
RealWrittenBytes:0
RealWriteThroughput:0
当前玩家的连接数量:0
当前地图的线程个数：9
当前地图的个数:47
当前数据库执行队列数:0
当前发送队列缓存的对象数量:0
totalMemory：966262784, use ：464397376, free ：501865408DirectMemory：1827143680, 恢复 ：1
当前时间 ：2026-08-19 13:10:34send keng：-1, sheng ：4194304
decode keng：-1, sheng ：2097152
world keng：3, sheng ：1048576

2026-08-19 13:10:39.682 INFO [pool-6-thread-2][:] - /****************流量统计******************/
LastReadBytes:0
LastReadThroughput:0
LastWrittenBytes:0
LastWriteThroughput:0
RealWrittenBytes:0
RealWriteThroughput:0
当前玩家的连接数量:0
当前地图的线程个数：9
当前地图的个数:47
当前数据库执行队列数:0
当前发送队列缓存的对象数量:0
totalMemory：966262784, use ：469104488, free ：497158296DirectMemory：1827143680, 恢复 ：1
当前时间 ：2026-08-19 13:10:39send keng：-1, sheng ：4194304
decode keng：-1, sheng ：2097152
world keng：3, sheng ：1048576

2026-08-19 13:10:44.682 INFO [pool-6-thread-5][:] - /****************流量统计******************/
LastReadBytes:0
LastReadThroughput:0
LastWrittenBytes:0
LastWriteThroughput:0
RealWrittenBytes:0
RealWriteThroughput:0
当前玩家的连接数量:0
当前地图的线程个数：9
当前地图的个数:47
当前数据库执行队列数:0
当前发送队列缓存的对象数量:0
totalMemory：966262784, use ：471791168, free ：494471616DirectMemory：1827143680, 恢复 ：1
当前时间 ：2026-08-19 13:10:44send keng：-1, sheng ：4194304
decode keng：-1, sheng ：2097152
world keng：3, sheng ：1048576

2026-08-19 13:10:49.682 INFO [pool-6-thread-7][:] - /****************流量统计******************/
LastReadBytes:0
LastReadThroughput:0
LastWrittenBytes:0
LastWriteThroughput:0
RealWrittenBytes:0
RealWriteThroughput:0
当前玩家的连接数量:0
当前地图的线程个数：9
当前地图的个数:47
当前数据库执行队列数:0
当前发送队列缓存的对象数量:0
totalMemory：966262784, use ：476562752, free ：489700032DirectMemory：1827143680, 恢复 ：1
当前时间 ：2026-08-19 13:10:49send keng：-1, sheng ：4194304
decode keng：-1, sheng ：2097152
world keng：3, sheng ：1048576

2026-08-19 13:10:54.682 INFO [pool-6-thread-6][:] - /****************流量统计******************/
LastReadBytes:0
LastReadThroughput:0
LastWrittenBytes:0
LastWriteThroughput:0
RealWrittenBytes:0
RealWriteThroughput:0
当前玩家的连接数量:0
当前地图的线程个数：9
当前地图的个数:47
当前数据库执行队列数:0
当前发送队列缓存的对象数量:0
totalMemory：966262784, use ：478673600, free ：487589184DirectMemory：1827143680, 恢复 ：1
当前时间 ：2026-08-19 13:10:54send keng：-1, sheng ：4194304
decode keng：-1, sheng ：2097152
world keng：3, sheng ：1048576

2026-08-19 13:10:59.682 INFO [pool-6-thread-10][:] - /****************流量统计******************/
LastReadBytes:0
LastReadThroughput:0
LastWrittenBytes:0
LastWriteThroughput:0
RealWrittenBytes:0
RealWriteThroughput:0
当前玩家的连接数量:0
当前地图的线程个数：9
当前地图的个数:47
当前数据库执行队列数:0
当前发送队列缓存的对象数量:0
totalMemory：966262784, use ：483909384, free ：482353400DirectMemory：1827143680, 恢复 ：1
当前时间 ：2026-08-19 13:10:59send keng：-1, sheng ：4194304
decode keng：-1, sheng ：2097152
world keng：3, sheng ：1048576

2026-08-19 13:11:04.682 INFO [pool-6-thread-10][:] - /****************流量统计******************/
LastReadBytes:0
LastReadThroughput:0
LastWrittenBytes:0
LastWriteThroughput:0
RealWrittenBytes:0
RealWriteThroughput:0
当前玩家的连接数量:0
当前地图的线程个数：9
当前地图的个数:47
当前数据库执行队列数:0
当前发送队列缓存的对象数量:0
totalMemory：966262784, use ：485301344, free ：480961440DirectMemory：1827143680, 恢复 ：1
当前时间 ：2026-08-19 13:11:04send keng：-1, sheng ：4194304
decode keng：-1, sheng ：2097152
world keng：3, sheng ：1048576

2026-08-19 13:11:09.682 INFO [pool-6-thread-4][:] - /****************流量统计******************/
LastReadBytes:0
LastReadThroughput:0
LastWrittenBytes:0
LastWriteThroughput:0
RealWrittenBytes:0
RealWriteThroughput:0
当前玩家的连接数量:0
当前地图的线程个数：9
当前地图的个数:47
当前数据库执行队列数:0
当前发送队列缓存的对象数量:0
totalMemory：966262784, use ：490120392, free ：476142392DirectMemory：1827143680, 恢复 ：1
当前时间 ：2026-08-19 13:11:09send keng：-1, sheng ：4194304
decode keng：-1, sheng ：2097152
world keng：3, sheng ：1048576

2026-08-19 13:11:14.682 INFO [pool-6-thread-1][:] - /****************流量统计******************/
LastReadBytes:0
LastReadThroughput:0
LastWrittenBytes:0
LastWriteThroughput:0
RealWrittenBytes:0
RealWriteThroughput:0
当前玩家的连接数量:0
当前地图的线程个数：9
当前地图的个数:47
当前数据库执行队列数:0
当前发送队列缓存的对象数量:0
totalMemory：966262784, use ：492269408, free ：473993376DirectMemory：1827143680, 恢复 ：1
当前时间 ：2026-08-19 13:11:14send keng：-1, sheng ：4194304
decode keng：-1, sheng ：2097152
world keng：3, sheng ：1048576

2026-08-19 13:11:19.682 INFO [pool-6-thread-2][:] - /****************流量统计******************/
LastReadBytes:0
LastReadThroughput:0
LastWrittenBytes:0
LastWriteThroughput:0
RealWrittenBytes:0
RealWriteThroughput:0
当前玩家的连接数量:0
当前地图的线程个数：9
当前地图的个数:47
当前数据库执行队列数:0
当前发送队列缓存的对象数量:0
totalMemory：966262784, use ：497962624, free ：468300160DirectMemory：1827143680, 恢复 ：1
当前时间 ：2026-08-19 13:11:19send keng：-1, sheng ：4194304
decode keng：-1, sheng ：2097152
world keng：3, sheng ：1048576

2026-08-19 13:11:24.682 INFO [pool-6-thread-5][:] - /****************流量统计******************/
LastReadBytes:0
LastReadThroughput:0
LastWrittenBytes:0
LastWriteThroughput:0
RealWrittenBytes:0
RealWriteThroughput:0
当前玩家的连接数量:0
当前地图的线程个数：9
当前地图的个数:47
当前数据库执行队列数:0
当前发送队列缓存的对象数量:0
totalMemory：966262784, use ：499469752, free ：466793032DirectMemory：1827143680, 恢复 ：1
当前时间 ：2026-08-19 13:11:24send keng：-1, sheng ：4194304
decode keng：-1, sheng ：2097152
world keng：3, sheng ：1048576

2026-08-19 13:11:29.682 INFO [pool-6-thread-2][:] - /****************流量统计******************/
LastReadBytes:0
LastReadThroughput:0
LastWrittenBytes:0
LastWriteThroughput:0
RealWrittenBytes:0
RealWriteThroughput:0
当前玩家的连接数量:0
当前地图的线程个数：9
当前地图的个数:47
当前数据库执行队列数:0
当前发送队列缓存的对象数量:0
totalMemory：966262784, use ：504425112, free ：461837672DirectMemory：1827143680, 恢复 ：1
当前时间 ：2026-08-19 13:11:29send keng：-1, sheng ：4194304
decode keng：-1, sheng ：2097152
world keng：3, sheng ：1048576

2026-08-19 13:11:34.682 INFO [pool-6-thread-6][:] - /****************流量统计******************/
LastReadBytes:0
LastReadThroughput:0
LastWrittenBytes:0
LastWriteThroughput:0
RealWrittenBytes:0
RealWriteThroughput:0
当前玩家的连接数量:0
当前地图的线程个数：9
当前地图的个数:47
当前数据库执行队列数:0
当前发送队列缓存的对象数量:0
totalMemory：966262784, use ：508269840, free ：457992944DirectMemory：1827143680, 恢复 ：1
当前时间 ：2026-08-19 13:11:34send keng：-1, sheng ：4194304
decode keng：-1, sheng ：2097152
world keng：3, sheng ：1048576

2026-08-19 13:11:39.682 INFO [pool-6-thread-8][:] - /****************流量统计******************/
LastReadBytes:0
LastReadThroughput:0
LastWrittenBytes:0
LastWriteThroughput:0
RealWrittenBytes:0
RealWriteThroughput:0
当前玩家的连接数量:0
当前地图的线程个数：9
当前地图的个数:47
当前数据库执行队列数:0
当前发送队列缓存的对象数量:0
totalMemory：966262784, use ：510940224, free ：455322560DirectMemory：1827143680, 恢复 ：1
当前时间 ：2026-08-19 13:11:39send keng：-1, sheng ：4194304
decode keng：-1, sheng ：2097152
world keng：3, sheng ：1048576

2026-08-19 13:11:44.682 INFO [pool-6-thread-9][:] - /****************流量统计******************/
LastReadBytes:0
LastReadThroughput:0
LastWrittenBytes:0
LastWriteThroughput:0
RealWrittenBytes:0
RealWriteThroughput:0
当前玩家的连接数量:0
当前地图的线程个数：9
当前地图的个数:47
当前数据库执行队列数:0
当前发送队列缓存的对象数量:0
totalMemory：966262784, use ：515674024, free ：450588760DirectMemory：1827143680, 恢复 ：1
当前时间 ：2026-08-19 13:11:44send keng：-1, sheng ：4194304
decode keng：-1, sheng ：2097152
world keng：3, sheng ：1048576

2026-08-19 13:11:49.682 INFO [pool-6-thread-5][:] - /****************流量统计******************/
LastReadBytes:0
LastReadThroughput:0
LastWrittenBytes:0
LastWriteThroughput:0
RealWrittenBytes:0
RealWriteThroughput:0
当前玩家的连接数量:0
当前地图的线程个数：9
当前地图的个数:47
当前数据库执行队列数:0
当前发送队列缓存的对象数量:0
totalMemory：966262784, use ：517466584, free ：448796200DirectMemory：1827143680, 恢复 ：1
当前时间 ：2026-08-19 13:11:49send keng：-1, sheng ：4194304
decode keng：-1, sheng ：2097152
world keng：3, sheng ：1048576

2026-08-19 13:11:54.682 INFO [pool-6-thread-2][:] - /****************流量统计******************/
LastReadBytes:0
LastReadThroughput:0
LastWrittenBytes:0
LastWriteThroughput:0
RealWrittenBytes:0
RealWriteThroughput:0
当前玩家的连接数量:0
当前地图的线程个数：9
当前地图的个数:47
当前数据库执行队列数:0
当前发送队列缓存的对象数量:0
totalMemory：966262784, use ：523082416, free ：443180368DirectMemory：1827143680, 恢复 ：1
当前时间 ：2026-08-19 13:11:54send keng：-1, sheng ：4194304
decode keng：-1, sheng ：2097152
world keng：3, sheng ：1048576

2026-08-19 13:11:59.682 INFO [pool-6-thread-8][:] - /****************流量统计******************/
LastReadBytes:0
LastReadThroughput:0
LastWrittenBytes:0
LastWriteThroughput:0
RealWrittenBytes:0
RealWriteThroughput:0
当前玩家的连接数量:0
当前地图的线程个数：9
当前地图的个数:47
当前数据库执行队列数:0
当前发送队列缓存的对象数量:0
totalMemory：966262784, use ：524349040, free ：441913744DirectMemory：1827143680, 恢复 ：1
当前时间 ：2026-08-19 13:11:59send keng：-1, sheng ：4194304
decode keng：-1, sheng ：2097152
world keng：3, sheng ：1048576

2026-08-19 13:12:04.682 INFO [pool-6-thread-5][:] - /****************流量统计******************/
LastReadBytes:0
LastReadThroughput:0
LastWrittenBytes:0
LastWriteThroughput:0
RealWrittenBytes:0
RealWriteThroughput:0
当前玩家的连接数量:0
当前地图的线程个数：9
当前地图的个数:47
当前数据库执行队列数:0
当前发送队列缓存的对象数量:0
totalMemory：966262784, use ：529716528, free ：436546256DirectMemory：1827143680, 恢复 ：1
当前时间 ：2026-08-19 13:12:04send keng：-1, sheng ：4194304
decode keng：-1, sheng ：2097152
world keng：3, sheng ：1048576

2026-08-19 13:12:09.682 INFO [pool-6-thread-2][:] - /****************流量统计******************/
LastReadBytes:0
LastReadThroughput:0
LastWrittenBytes:0
LastWriteThroughput:0
RealWrittenBytes:0
RealWriteThroughput:0
当前玩家的连接数量:0
当前地图的线程个数：9
当前地图的个数:47
当前数据库执行队列数:0
当前发送队列缓存的对象数量:0
totalMemory：966262784, use ：531026440, free ：435236344DirectMemory：1827143680, 恢复 ：1
当前时间 ：2026-08-19 13:12:09send keng：-1, sheng ：4194304
decode keng：-1, sheng ：2097152
world keng：3, sheng ：1048576

2026-08-19 13:12:14.682 INFO [pool-6-thread-10][:] - /****************流量统计******************/
LastReadBytes:0
LastReadThroughput:0
LastWrittenBytes:0
LastWriteThroughput:0
RealWrittenBytes:0
RealWriteThroughput:0
当前玩家的连接数量:0
当前地图的线程个数：9
当前地图的个数:47
当前数据库执行队列数:0
当前发送队列缓存的对象数量:0
totalMemory：966262784, use ：536662576, free ：429600208DirectMemory：1827143680, 恢复 ：1
当前时间 ：2026-08-19 13:12:14send keng：-1, sheng ：4194304
decode keng：-1, sheng ：2097152
world keng：3, sheng ：1048576

2026-08-19 13:12:19.682 INFO [pool-6-thread-8][:] - /****************流量统计******************/
LastReadBytes:0
LastReadThroughput:0
LastWrittenBytes:0
LastWriteThroughput:0
RealWrittenBytes:0
RealWriteThroughput:0
当前玩家的连接数量:0
当前地图的线程个数：9
当前地图的个数:47
当前数据库执行队列数:0
当前发送队列缓存的对象数量:0
totalMemory：966262784, use ：539084512, free ：427178272DirectMemory：1827143680, 恢复 ：1
当前时间 ：2026-08-19 13:12:19send keng：-1, sheng ：4194304
decode keng：-1, sheng ：2097152
world keng：3, sheng ：1048576

2026-08-19 13:12:24.682 INFO [pool-6-thread-4][:] - /****************流量统计******************/
LastReadBytes:0
LastReadThroughput:0
LastWrittenBytes:0
LastWriteThroughput:0
RealWrittenBytes:0
RealWriteThroughput:0
当前玩家的连接数量:0
当前地图的线程个数：9
当前地图的个数:47
当前数据库执行队列数:0
当前发送队列缓存的对象数量:0
totalMemory：966262784, use ：542736840, free ：423525944DirectMemory：1827143680, 恢复 ：1
当前时间 ：2026-08-19 13:12:24send keng：-1, sheng ：4194304
decode keng：-1, sheng ：2097152
world keng：3, sheng ：1048576

2026-08-19 13:12:29.682 INFO [pool-6-thread-10][:] - /****************流量统计******************/
LastReadBytes:0
LastReadThroughput:0
LastWrittenBytes:0
LastWriteThroughput:0
RealWrittenBytes:0
RealWriteThroughput:0
当前玩家的连接数量:0
当前地图的线程个数：9
当前地图的个数:47
当前数据库执行队列数:0
当前发送队列缓存的对象数量:0
totalMemory：966262784, use ：548235104, free ：418027680DirectMemory：1827143680, 恢复 ：1
当前时间 ：2026-08-19 13:12:29send keng：-1, sheng ：4194304
decode keng：-1, sheng ：2097152
world keng：3, sheng ：1048576

2026-08-19 13:12:34.682 INFO [pool-6-thread-1][:] - /****************流量统计******************/
LastReadBytes:0
LastReadThroughput:0
LastWrittenBytes:0
LastWriteThroughput:0
RealWrittenBytes:0
RealWriteThroughput:0
当前玩家的连接数量:0
当前地图的线程个数：9
当前地图的个数:47
当前数据库执行队列数:0
当前发送队列缓存的对象数量:0
totalMemory：966262784, use ：550081616, free ：416181168DirectMemory：1827143680, 恢复 ：1
当前时间 ：2026-08-19 13:12:34send keng：-1, sheng ：4194304
decode keng：-1, sheng ：2097152
world keng：3, sheng ：1048576

2026-08-19 13:12:39.682 INFO [pool-6-thread-1][:] - /****************流量统计******************/
LastReadBytes:0
LastReadThroughput:0
LastWrittenBytes:0
LastWriteThroughput:0
RealWrittenBytes:0
RealWriteThroughput:0
当前玩家的连接数量:0
当前地图的线程个数：9
当前地图的个数:47
当前数据库执行队列数:0
当前发送队列缓存的对象数量:0
totalMemory：966262784, use ：554901648, free ：411361136DirectMemory：1827143680, 恢复 ：1
当前时间 ：2026-08-19 13:12:39send keng：-1, sheng ：4194304
decode keng：-1, sheng ：2097152
world keng：3, sheng ：1048576

2026-08-19 13:12:44.682 INFO [pool-6-thread-1][:] - /****************流量统计******************/
LastReadBytes:0
LastReadThroughput:0
LastWrittenBytes:0
LastWriteThroughput:0
RealWrittenBytes:0
RealWriteThroughput:0
当前玩家的连接数量:0
当前地图的线程个数：9
当前地图的个数:47
当前数据库执行队列数:0
当前发送队列缓存的对象数量:0
totalMemory：966262784, use ：557018000, free ：409244784DirectMemory：1827143680, 恢复 ：1
当前时间 ：2026-08-19 13:12:44send keng：-1, sheng ：4194304
decode keng：-1, sheng ：2097152
world keng：3, sheng ：1048576

2026-08-19 13:12:49.682 INFO [pool-6-thread-2][:] - /****************流量统计******************/
LastReadBytes:0
LastReadThroughput:0
LastWrittenBytes:0
LastWriteThroughput:0
RealWrittenBytes:0
RealWriteThroughput:0
当前玩家的连接数量:0
当前地图的线程个数：9
当前地图的个数:47
当前数据库执行队列数:0
当前发送队列缓存的对象数量:0
totalMemory：966262784, use ：562226816, free ：404035968DirectMemory：1827143680, 恢复 ：1
当前时间 ：2026-08-19 13:12:49send keng：-1, sheng ：4194304
decode keng：-1, sheng ：2097152
world keng：3, sheng ：1048576

2026-08-19 13:12:54.682 INFO [pool-6-thread-1][:] - /****************流量统计******************/
LastReadBytes:0
LastReadThroughput:0
LastWrittenBytes:0
LastWriteThroughput:0
RealWrittenBytes:0
RealWriteThroughput:0
当前玩家的连接数量:0
当前地图的线程个数：9
当前地图的个数:47
当前数据库执行队列数:0
当前发送队列缓存的对象数量:0
totalMemory：966262784, use ：564397592, free ：401865192DirectMemory：1827143680, 恢复 ：1
当前时间 ：2026-08-19 13:12:54send keng：-1, sheng ：4194304
decode keng：-1, sheng ：2097152
world keng：3, sheng ：1048576

2026-08-19 13:12:59.682 INFO [pool-6-thread-2][:] - /****************流量统计******************/
LastReadBytes:0
LastReadThroughput:0
LastWrittenBytes:0
LastWriteThroughput:0
RealWrittenBytes:0
RealWriteThroughput:0
当前玩家的连接数量:0
当前地图的线程个数：9
当前地图的个数:47
当前数据库执行队列数:0
当前发送队列缓存的对象数量:0
totalMemory：966262784, use ：568744640, free ：397518144DirectMemory：1827143680, 恢复 ：1
当前时间 ：2026-08-19 13:12:59send keng：-1, sheng ：4194304
decode keng：-1, sheng ：2097152
world keng：3, sheng ：1048576

2026-08-19 13:13:04.682 INFO [pool-6-thread-6][:] - /****************流量统计******************/
LastReadBytes:0
LastReadThroughput:0
LastWrittenBytes:0
LastWriteThroughput:0
RealWrittenBytes:0
RealWriteThroughput:0
当前玩家的连接数量:0
当前地图的线程个数：9
当前地图的个数:47
当前数据库执行队列数:0
当前发送队列缓存的对象数量:0
totalMemory：966262784, use ：571136976, free ：395125808DirectMemory：1827143680, 恢复 ：1
当前时间 ：2026-08-19 13:13:04send keng：-1, sheng ：4194304
decode keng：-1, sheng ：2097152
world keng：3, sheng ：1048576

2026-08-19 13:13:09.682 INFO [pool-6-thread-7][:] - /****************流量统计******************/
LastReadBytes:0
LastReadThroughput:0
LastWrittenBytes:0
LastWriteThroughput:0
RealWrittenBytes:0
RealWriteThroughput:0
当前玩家的连接数量:0
当前地图的线程个数：9
当前地图的个数:47
当前数据库执行队列数:0
当前发送队列缓存的对象数量:0
totalMemory：966262784, use ：575368152, free ：390894632DirectMemory：1827143680, 恢复 ：1
当前时间 ：2026-08-19 13:13:09send keng：-1, sheng ：4194304
decode keng：-1, sheng ：2097152
world keng：3, sheng ：1048576

2026-08-19 13:13:14.682 INFO [pool-6-thread-1][:] - /****************流量统计******************/
LastReadBytes:0
LastReadThroughput:0
LastWrittenBytes:0
LastWriteThroughput:0
RealWrittenBytes:0
RealWriteThroughput:0
当前玩家的连接数量:0
当前地图的线程个数：9
当前地图的个数:47
当前数据库执行队列数:0
当前发送队列缓存的对象数量:0
totalMemory：966262784, use ：578234536, free ：388028248DirectMemory：1827143680, 恢复 ：1
当前时间 ：2026-08-19 13:13:14send keng：-1, sheng ：4194304
decode keng：-1, sheng ：2097152
world keng：3, sheng ：1048576

2026-08-19 13:13:19.682 INFO [pool-6-thread-4][:] - /****************流量统计******************/
LastReadBytes:0
LastReadThroughput:0
LastWrittenBytes:0
LastWriteThroughput:0
RealWrittenBytes:0
RealWriteThroughput:0
当前玩家的连接数量:0
当前地图的线程个数：9
当前地图的个数:47
当前数据库执行队列数:0
当前发送队列缓存的对象数量:0
totalMemory：966262784, use ：582780632, free ：383482152DirectMemory：1827143680, 恢复 ：1
当前时间 ：2026-08-19 13:13:19send keng：-1, sheng ：4194304
decode keng：-1, sheng ：2097152
world keng：3, sheng ：1048576

2026-08-19 13:13:24.682 INFO [pool-6-thread-10][:] - /****************流量统计******************/
LastReadBytes:0
LastReadThroughput:0
LastWrittenBytes:0
LastWriteThroughput:0
RealWrittenBytes:0
RealWriteThroughput:0
当前玩家的连接数量:0
当前地图的线程个数：9
当前地图的个数:47
当前数据库执行队列数:0
当前发送队列缓存的对象数量:0
totalMemory：966262784, use ：586971688, free ：379291096DirectMemory：1827143680, 恢复 ：1
当前时间 ：2026-08-19 13:13:24send keng：-1, sheng ：4194304
decode keng：-1, sheng ：2097152
world keng：3, sheng ：1048576

2026-08-19 13:13:29.682 INFO [pool-6-thread-1][:] - /****************流量统计******************/
LastReadBytes:0
LastReadThroughput:0
LastWrittenBytes:0
LastWriteThroughput:0
RealWrittenBytes:0
RealWriteThroughput:0
当前玩家的连接数量:0
当前地图的线程个数：9
当前地图的个数:47
当前数据库执行队列数:0
当前发送队列缓存的对象数量:0
totalMemory：966262784, use ：589247408, free ：377015376DirectMemory：1827143680, 恢复 ：1
当前时间 ：2026-08-19 13:13:29send keng：-1, sheng ：4194304
decode keng：-1, sheng ：2097152
world keng：3, sheng ：1048576

2026-08-19 13:13:34.682 INFO [pool-6-thread-3][:] - /****************流量统计******************/
LastReadBytes:0
LastReadThroughput:0
LastWrittenBytes:0
LastWriteThroughput:0
RealWrittenBytes:0
RealWriteThroughput:0
当前玩家的连接数量:0
当前地图的线程个数：9
当前地图的个数:47
当前数据库执行队列数:0
当前发送队列缓存的对象数量:0
totalMemory：966262784, use ：593638064, free ：372624720DirectMemory：1827143680, 恢复 ：1
当前时间 ：2026-08-19 13:13:34send keng：-1, sheng ：4194304
decode keng：-1, sheng ：2097152
world keng：3, sheng ：1048576

2026-08-19 13:13:39.682 INFO [pool-6-thread-6][:] - /****************流量统计******************/
LastReadBytes:0
LastReadThroughput:0
LastWrittenBytes:0
LastWriteThroughput:0
RealWrittenBytes:0
RealWriteThroughput:0
当前玩家的连接数量:0
当前地图的线程个数：9
当前地图的个数:47
当前数据库执行队列数:0
当前发送队列缓存的对象数量:0
totalMemory：966262784, use ：596197736, free ：370065048DirectMemory：1827143680, 恢复 ：1
当前时间 ：2026-08-19 13:13:39send keng：-1, sheng ：4194304
decode keng：-1, sheng ：2097152
world keng：3, sheng ：1048576

2026-08-19 13:13:44.682 INFO [pool-6-thread-5][:] - /****************流量统计******************/
LastReadBytes:0
LastReadThroughput:0
LastWrittenBytes:0
LastWriteThroughput:0
RealWrittenBytes:0
RealWriteThroughput:0
当前玩家的连接数量:0
当前地图的线程个数：9
当前地图的个数:47
当前数据库执行队列数:0
当前发送队列缓存的对象数量:0
totalMemory：966262784, use ：601031728, free ：365231056DirectMemory：1827143680, 恢复 ：1
当前时间 ：2026-08-19 13:13:44send keng：-1, sheng ：4194304
decode keng：-1, sheng ：2097152
world keng：3, sheng ：1048576

2026-08-19 13:13:49.682 INFO [pool-6-thread-10][:] - /****************流量统计******************/
LastReadBytes:0
LastReadThroughput:0
LastWrittenBytes:0
LastWriteThroughput:0
RealWrittenBytes:0
RealWriteThroughput:0
当前玩家的连接数量:0
当前地图的线程个数：9
当前地图的个数:47
当前数据库执行队列数:0
当前发送队列缓存的对象数量:0
totalMemory：966262784, use ：603165240, free ：363097544DirectMemory：1827143680, 恢复 ：1
当前时间 ：2026-08-19 13:13:49send keng：-1, sheng ：4194304
decode keng：-1, sheng ：2097152
world keng：3, sheng ：1048576

2026-08-19 13:13:54.682 INFO [pool-6-thread-9][:] - /****************流量统计******************/
LastReadBytes:0
LastReadThroughput:0
LastWrittenBytes:0
LastWriteThroughput:0
RealWrittenBytes:0
RealWriteThroughput:0
当前玩家的连接数量:0
当前地图的线程个数：9
当前地图的个数:47
当前数据库执行队列数:0
当前发送队列缓存的对象数量:0
totalMemory：966262784, use ：607919216, free ：358343568DirectMemory：1827143680, 恢复 ：1
当前时间 ：2026-08-19 13:13:54send keng：-1, sheng ：4194304
decode keng：-1, sheng ：2097152
world keng：3, sheng ：1048576

2026-08-19 13:13:59.682 INFO [pool-6-thread-8][:] - /****************流量统计******************/
LastReadBytes:0
LastReadThroughput:0
LastWrittenBytes:0
LastWriteThroughput:0
RealWrittenBytes:0
RealWriteThroughput:0
当前玩家的连接数量:0
当前地图的线程个数：9
当前地图的个数:47
当前数据库执行队列数:0
当前发送队列缓存的对象数量:0
totalMemory：966262784, use ：610635832, free ：355626952DirectMemory：1827143680, 恢复 ：1
当前时间 ：2026-08-19 13:13:59send keng：-1, sheng ：4194304
decode keng：-1, sheng ：2097152
world keng：3, sheng ：1048576

2026-08-19 13:14:04.682 INFO [pool-6-thread-6][:] - /****************流量统计******************/
LastReadBytes:0
LastReadThroughput:0
LastWrittenBytes:0
LastWriteThroughput:0
RealWrittenBytes:0
RealWriteThroughput:0
当前玩家的连接数量:0
当前地图的线程个数：9
当前地图的个数:47
当前数据库执行队列数:0
当前发送队列缓存的对象数量:0
totalMemory：966262784, use ：614954296, free ：351308488DirectMemory：1827143680, 恢复 ：1
当前时间 ：2026-08-19 13:14:04send keng：-1, sheng ：4194304
decode keng：-1, sheng ：2097152
world keng：3, sheng ：1048576

2026-08-19 13:14:09.682 INFO [pool-6-thread-4][:] - /****************流量统计******************/
LastReadBytes:0
LastReadThroughput:0
LastWrittenBytes:0
LastWriteThroughput:0
RealWrittenBytes:0
RealWriteThroughput:0
当前玩家的连接数量:0
当前地图的线程个数：9
当前地图的个数:47
当前数据库执行队列数:0
当前发送队列缓存的对象数量:0
totalMemory：966262784, use ：617088816, free ：349173968DirectMemory：1827143680, 恢复 ：1
当前时间 ：2026-08-19 13:14:09send keng：-1, sheng ：4194304
decode keng：-1, sheng ：2097152
world keng：3, sheng ：1048576

2026-08-19 13:14:14.682 INFO [pool-6-thread-8][:] - /****************流量统计******************/
LastReadBytes:0
LastReadThroughput:0
LastWrittenBytes:0
LastWriteThroughput:0
RealWrittenBytes:0
RealWriteThroughput:0
当前玩家的连接数量:0
当前地图的线程个数：9
当前地图的个数:47
当前数据库执行队列数:0
当前发送队列缓存的对象数量:0
totalMemory：966262784, use ：621084360, free ：345178424DirectMemory：1827143680, 恢复 ：1
当前时间 ：2026-08-19 13:14:14send keng：-1, sheng ：4194304
decode keng：-1, sheng ：2097152
world keng：3, sheng ：1048576

2026-08-19 13:14:19.682 INFO [pool-6-thread-4][:] - /****************流量统计******************/
LastReadBytes:0
LastReadThroughput:0
LastWrittenBytes:0
LastWriteThroughput:0
RealWrittenBytes:0
RealWriteThroughput:0
当前玩家的连接数量:0
当前地图的线程个数：9
当前地图的个数:47
当前数据库执行队列数:0
当前发送队列缓存的对象数量:0
totalMemory：966262784, use ：626482072, free ：339780712DirectMemory：1827143680, 恢复 ：1
当前时间 ：2026-08-19 13:14:19send keng：-1, sheng ：4194304
decode keng：-1, sheng ：2097152
world keng：3, sheng ：1048576

2026-08-19 13:14:24.682 INFO [pool-6-thread-7][:] - /****************流量统计******************/
LastReadBytes:0
LastReadThroughput:0
LastWrittenBytes:0
LastWriteThroughput:0
RealWrittenBytes:0
RealWriteThroughput:0
当前玩家的连接数量:0
当前地图的线程个数：9
当前地图的个数:47
当前数据库执行队列数:0
当前发送队列缓存的对象数量:0
totalMemory：966262784, use ：628465120, free ：337797664DirectMemory：1827143680, 恢复 ：1
当前时间 ：2026-08-19 13:14:24send keng：-1, sheng ：4194304
decode keng：-1, sheng ：2097152
world keng：3, sheng ：1048576

2026-08-19 13:14:29.682 INFO [pool-6-thread-7][:] - /****************流量统计******************/
LastReadBytes:0
LastReadThroughput:0
LastWrittenBytes:0
LastWriteThroughput:0
RealWrittenBytes:0
RealWriteThroughput:0
当前玩家的连接数量:0
当前地图的线程个数：9
当前地图的个数:47
当前数据库执行队列数:0
当前发送队列缓存的对象数量:0
totalMemory：966262784, use ：632787000, free ：333475784DirectMemory：1827143680, 恢复 ：1
当前时间 ：2026-08-19 13:14:29send keng：-1, sheng ：4194304
decode keng：-1, sheng ：2097152
world keng：3, sheng ：1048576

2026-08-19 13:14:34.682 INFO [pool-6-thread-1][:] - /****************流量统计******************/
LastReadBytes:0
LastReadThroughput:0
LastWrittenBytes:0
LastWriteThroughput:0
RealWrittenBytes:0
RealWriteThroughput:0
当前玩家的连接数量:0
当前地图的线程个数：9
当前地图的个数:47
当前数据库执行队列数:0
当前发送队列缓存的对象数量:0
totalMemory：966262784, use ：635384104, free ：330878680DirectMemory：1827143680, 恢复 ：1
当前时间 ：2026-08-19 13:14:34send keng：-1, sheng ：4194304
decode keng：-1, sheng ：2097152
world keng：3, sheng ：1048576

2026-08-19 13:14:39.682 INFO [pool-6-thread-4][:] - /****************流量统计******************/
LastReadBytes:0
LastReadThroughput:0
LastWrittenBytes:0
LastWriteThroughput:0
RealWrittenBytes:0
RealWriteThroughput:0
当前玩家的连接数量:0
当前地图的线程个数：9
当前地图的个数:47
当前数据库执行队列数:0
当前发送队列缓存的对象数量:0
totalMemory：966262784, use ：640175544, free ：326087240DirectMemory：1827143680, 恢复 ：1
当前时间 ：2026-08-19 13:14:39send keng：-1, sheng ：4194304
decode keng：-1, sheng ：2097152
world keng：3, sheng ：1048576

2026-08-19 13:14:44.682 INFO [pool-6-thread-9][:] - /****************流量统计******************/
LastReadBytes:0
LastReadThroughput:0
LastWrittenBytes:0
LastWriteThroughput:0
RealWrittenBytes:0
RealWriteThroughput:0
当前玩家的连接数量:0
当前地图的线程个数：9
当前地图的个数:47
当前数据库执行队列数:0
当前发送队列缓存的对象数量:0
totalMemory：966262784, use ：641932272, free ：324330512DirectMemory：1827143680, 恢复 ：1
当前时间 ：2026-08-19 13:14:44send keng：-1, sheng ：4194304
decode keng：-1, sheng ：2097152
world keng：3, sheng ：1048576

2026-08-19 13:14:49.682 INFO [pool-6-thread-9][:] - /****************流量统计******************/
LastReadBytes:0
LastReadThroughput:0
LastWrittenBytes:0
LastWriteThroughput:0
RealWrittenBytes:0
RealWriteThroughput:0
当前玩家的连接数量:0
当前地图的线程个数：9
当前地图的个数:47
当前数据库执行队列数:0
当前发送队列缓存的对象数量:0
totalMemory：966262784, use ：647121144, free ：319141640DirectMemory：1827143680, 恢复 ：1
当前时间 ：2026-08-19 13:14:49send keng：-1, sheng ：4194304
decode keng：-1, sheng ：2097152
world keng：3, sheng ：1048576

2026-08-19 13:14:54.682 INFO [pool-6-thread-10][:] - /****************流量统计******************/
LastReadBytes:0
LastReadThroughput:0
LastWrittenBytes:0
LastWriteThroughput:0
RealWrittenBytes:0
RealWriteThroughput:0
当前玩家的连接数量:0
当前地图的线程个数：9
当前地图的个数:47
当前数据库执行队列数:0
当前发送队列缓存的对象数量:0
totalMemory：966262784, use ：648974888, free ：317287896DirectMemory：1827143680, 恢复 ：1
当前时间 ：2026-08-19 13:14:54send keng：-1, sheng ：4194304
decode keng：-1, sheng ：2097152
world keng：3, sheng ：1048576

2026-08-19 13:14:59.682 INFO [pool-6-thread-3][:] - /****************流量统计******************/
LastReadBytes:0
LastReadThroughput:0
LastWrittenBytes:0
LastWriteThroughput:0
RealWrittenBytes:0
RealWriteThroughput:0
当前玩家的连接数量:0
当前地图的线程个数：9
当前地图的个数:47
当前数据库执行队列数:0
当前发送队列缓存的对象数量:0
totalMemory：966262784, use ：654013128, free ：312249656DirectMemory：1827143680, 恢复 ：1
当前时间 ：2026-08-19 13:14:59send keng：-1, sheng ：4194304
decode keng：-1, sheng ：2097152
world keng：3, sheng ：1048576

2026-08-19 13:15:04.682 INFO [pool-6-thread-7][:] - /****************流量统计******************/
LastReadBytes:0
LastReadThroughput:0
LastWrittenBytes:0
LastWriteThroughput:0
RealWrittenBytes:0
RealWriteThroughput:0
当前玩家的连接数量:0
当前地图的线程个数：9
当前地图的个数:47
当前数据库执行队列数:0
当前发送队列缓存的对象数量:0
totalMemory：966262784, use ：656177624, free ：310085160DirectMemory：1827143680, 恢复 ：1
当前时间 ：2026-08-19 13:15:04send keng：-1, sheng ：4194304
decode keng：-1, sheng ：2097152
world keng：3, sheng ：1048576

2026-08-19 13:15:09.682 INFO [pool-6-thread-5][:] - /****************流量统计******************/
LastReadBytes:0
LastReadThroughput:0
LastWrittenBytes:0
LastWriteThroughput:0
RealWrittenBytes:0
RealWriteThroughput:0
当前玩家的连接数量:0
当前地图的线程个数：9
当前地图的个数:47
当前数据库执行队列数:0
当前发送队列缓存的对象数量:0
totalMemory：966262784, use ：660233216, free ：306029568DirectMemory：1827143680, 恢复 ：1
当前时间 ：2026-08-19 13:15:09send keng：-1, sheng ：4194304
decode keng：-1, sheng ：2097152
world keng：3, sheng ：1048576

2026-08-19 13:15:14.682 INFO [pool-6-thread-6][:] - /****************流量统计******************/
LastReadBytes:0
LastReadThroughput:0
LastWrittenBytes:0
LastWriteThroughput:0
RealWrittenBytes:0
RealWriteThroughput:0
当前玩家的连接数量:0
当前地图的线程个数：9
当前地图的个数:47
当前数据库执行队列数:0
当前发送队列缓存的对象数量:0
totalMemory：966262784, use ：664318200, free ：301944584DirectMemory：1827143680, 恢复 ：1
当前时间 ：2026-08-19 13:15:14send keng：-1, sheng ：4194304
decode keng：-1, sheng ：2097152
world keng：3, sheng ：1048576

2026-08-19 13:15:19.682 INFO [pool-6-thread-5][:] - /****************流量统计******************/
LastReadBytes:0
LastReadThroughput:0
LastWrittenBytes:0
LastWriteThroughput:0
RealWrittenBytes:0
RealWriteThroughput:0
当前玩家的连接数量:0
当前地图的线程个数：9
当前地图的个数:47
当前数据库执行队列数:0
当前发送队列缓存的对象数量:0
totalMemory：966262784, use ：667635912, free ：298626872DirectMemory：1827143680, 恢复 ：1
当前时间 ：2026-08-19 13:15:19send keng：-1, sheng ：4194304
decode keng：-1, sheng ：2097152
world keng：3, sheng ：1048576

2026-08-19 13:15:24.682 INFO [pool-6-thread-9][:] - /****************流量统计******************/
LastReadBytes:0
LastReadThroughput:0
LastWrittenBytes:0
LastWriteThroughput:0
RealWrittenBytes:0
RealWriteThroughput:0
当前玩家的连接数量:0
当前地图的线程个数：9
当前地图的个数:47
当前数据库执行队列数:0
当前发送队列缓存的对象数量:0
totalMemory：966262784, use ：671448304, free ：294814480DirectMemory：1827143680, 恢复 ：1
当前时间 ：2026-08-19 13:15:24send keng：-1, sheng ：4194304
decode keng：-1, sheng ：2097152
world keng：3, sheng ：1048576

2026-08-19 13:15:29.682 INFO [pool-6-thread-10][:] - /****************流量统计******************/
LastReadBytes:0
LastReadThroughput:0
LastWrittenBytes:0
LastWriteThroughput:0
RealWrittenBytes:0
RealWriteThroughput:0
当前玩家的连接数量:0
当前地图的线程个数：9
当前地图的个数:47
当前数据库执行队列数:0
当前发送队列缓存的对象数量:0
totalMemory：966262784, use ：674159672, free ：292103112DirectMemory：1827143680, 恢复 ：1
当前时间 ：2026-08-19 13:15:29send keng：-1, sheng ：4194304
decode keng：-1, sheng ：2097152
world keng：3, sheng ：1048576

2026-08-19 13:15:34.682 INFO [pool-6-thread-7][:] - /****************流量统计******************/
LastReadBytes:0
LastReadThroughput:0
LastWrittenBytes:0
LastWriteThroughput:0
RealWrittenBytes:0
RealWriteThroughput:0
当前玩家的连接数量:0
当前地图的线程个数：9
当前地图的个数:47
当前数据库执行队列数:0
当前发送队列缓存的对象数量:0
totalMemory：966262784, use ：678908480, free ：287354304DirectMemory：1827143680, 恢复 ：1
当前时间 ：2026-08-19 13:15:34send keng：-1, sheng ：4194304
decode keng：-1, sheng ：2097152
world keng：3, sheng ：1048576

2026-08-19 13:15:39.682 INFO [pool-6-thread-4][:] - /****************流量统计******************/
LastReadBytes:0
LastReadThroughput:0
LastWrittenBytes:0
LastWriteThroughput:0
RealWrittenBytes:0
RealWriteThroughput:0
当前玩家的连接数量:0
当前地图的线程个数：9
当前地图的个数:47
当前数据库执行队列数:0
当前发送队列缓存的对象数量:0
totalMemory：966262784, use ：680627176, free ：285635608DirectMemory：1827143680, 恢复 ：1
当前时间 ：2026-08-19 13:15:39send keng：-1, sheng ：4194304
decode keng：-1, sheng ：2097152
world keng：3, sheng ：1048576

2026-08-19 13:15:44.682 INFO [pool-6-thread-8][:] - /****************流量统计******************/
LastReadBytes:0
LastReadThroughput:0
LastWrittenBytes:0
LastWriteThroughput:0
RealWrittenBytes:0
RealWriteThroughput:0
当前玩家的连接数量:0
当前地图的线程个数：9
当前地图的个数:47
当前数据库执行队列数:0
当前发送队列缓存的对象数量:0
totalMemory：966262784, use ：684986176, free ：281276608DirectMemory：1827143680, 恢复 ：1
当前时间 ：2026-08-19 13:15:44send keng：-1, sheng ：4194304
decode keng：-1, sheng ：2097152
world keng：3, sheng ：1048576

2026-08-19 13:15:49.682 INFO [pool-6-thread-9][:] - /****************流量统计******************/
LastReadBytes:0
LastReadThroughput:0
LastWrittenBytes:0
LastWriteThroughput:0
RealWrittenBytes:0
RealWriteThroughput:0
当前玩家的连接数量:0
当前地图的线程个数：9
当前地图的个数:47
当前数据库执行队列数:0
当前发送队列缓存的对象数量:0
totalMemory：966262784, use ：688132056, free ：278130728DirectMemory：1827143680, 恢复 ：1
当前时间 ：2026-08-19 13:15:49send keng：-1, sheng ：4194304
decode keng：-1, sheng ：2097152
world keng：3, sheng ：1048576

2026-08-19 13:15:54.683 INFO [pool-6-thread-7][:] - /****************流量统计******************/
LastReadBytes:0
LastReadThroughput:0
LastWrittenBytes:0
LastWriteThroughput:0
RealWrittenBytes:0
RealWriteThroughput:0
当前玩家的连接数量:0
当前地图的线程个数：9
当前地图的个数:47
当前数据库执行队列数:0
当前发送队列缓存的对象数量:0
totalMemory：966262784, use ：691935320, free ：274327464DirectMemory：1827143680, 恢复 ：1
当前时间 ：2026-08-19 13:15:54send keng：-1, sheng ：4194304
decode keng：-1, sheng ：2097152
world keng：3, sheng ：1048576

2026-08-19 13:15:59.682 INFO [pool-6-thread-6][:] - /****************流量统计******************/
LastReadBytes:0
LastReadThroughput:0
LastWrittenBytes:0
LastWriteThroughput:0
RealWrittenBytes:0
RealWriteThroughput:0
当前玩家的连接数量:0
当前地图的线程个数：9
当前地图的个数:47
当前数据库执行队列数:0
当前发送队列缓存的对象数量:0
totalMemory：966262784, use ：695821568, free ：270441216DirectMemory：1827143680, 恢复 ：1
当前时间 ：2026-08-19 13:15:59send keng：-1, sheng ：4194304
decode keng：-1, sheng ：2097152
world keng：3, sheng ：1048576

2026-08-19 13:16:04.682 INFO [pool-6-thread-1][:] - /****************流量统计******************/
LastReadBytes:0
LastReadThroughput:0
LastWrittenBytes:0
LastWriteThroughput:0
RealWrittenBytes:0
RealWriteThroughput:0
当前玩家的连接数量:0
当前地图的线程个数：9
当前地图的个数:47
当前数据库执行队列数:0
当前发送队列缓存的对象数量:0
totalMemory：966262784, use ：699369408, free ：266893376DirectMemory：1827143680, 恢复 ：1
当前时间 ：2026-08-19 13:16:04send keng：-1, sheng ：4194304
decode keng：-1, sheng ：2097152
world keng：3, sheng ：1048576

2026-08-19 13:16:09.682 INFO [pool-6-thread-10][:] - /****************流量统计******************/
LastReadBytes:0
LastReadThroughput:0
LastWrittenBytes:0
LastWriteThroughput:0
RealWrittenBytes:0
RealWriteThroughput:0
当前玩家的连接数量:0
当前地图的线程个数：9
当前地图的个数:47
当前数据库执行队列数:0
当前发送队列缓存的对象数量:0
totalMemory：966262784, use ：703866656, free ：262396128DirectMemory：1827143680, 恢复 ：1
当前时间 ：2026-08-19 13:16:09send keng：-1, sheng ：4194304
decode keng：-1, sheng ：2097152
world keng：3, sheng ：1048576

2026-08-19 13:16:14.682 INFO [pool-6-thread-9][:] - /****************流量统计******************/
LastReadBytes:0
LastReadThroughput:0
LastWrittenBytes:0
LastWriteThroughput:0
RealWrittenBytes:0
RealWriteThroughput:0
当前玩家的连接数量:0
当前地图的线程个数：9
当前地图的个数:47
当前数据库执行队列数:0
当前发送队列缓存的对象数量:0
totalMemory：966262784, use ：706340320, free ：259922464DirectMemory：1827143680, 恢复 ：1
当前时间 ：2026-08-19 13:16:14send keng：-1, sheng ：4194304
decode keng：-1, sheng ：2097152
world keng：3, sheng ：1048576

2026-08-19 13:16:19.682 INFO [pool-6-thread-3][:] - /****************流量统计******************/
LastReadBytes:0
LastReadThroughput:0
LastWrittenBytes:0
LastWriteThroughput:0
RealWrittenBytes:0
RealWriteThroughput:0
当前玩家的连接数量:0
当前地图的线程个数：9
当前地图的个数:47
当前数据库执行队列数:0
当前发送队列缓存的对象数量:0
totalMemory：966262784, use ：711074792, free ：255187992DirectMemory：1827143680, 恢复 ：1
当前时间 ：2026-08-19 13:16:19send keng：-1, sheng ：4194304
decode keng：-1, sheng ：2097152
world keng：3, sheng ：1048576

2026-08-19 13:16:24.682 INFO [pool-6-thread-1][:] - /****************流量统计******************/
LastReadBytes:0
LastReadThroughput:0
LastWrittenBytes:0
LastWriteThroughput:0
RealWrittenBytes:0
RealWriteThroughput:0
当前玩家的连接数量:0
当前地图的线程个数：9
当前地图的个数:47
当前数据库执行队列数:0
当前发送队列缓存的对象数量:0
totalMemory：966262784, use ：713281128, free ：252981656DirectMemory：1827143680, 恢复 ：1
当前时间 ：2026-08-19 13:16:24send keng：-1, sheng ：4194304
decode keng：-1, sheng ：2097152
world keng：3, sheng ：1048576

2026-08-19 13:16:29.682 INFO [pool-6-thread-5][:] - /****************流量统计******************/
LastReadBytes:0
LastReadThroughput:0
LastWrittenBytes:0
LastWriteThroughput:0
RealWrittenBytes:0
RealWriteThroughput:0
当前玩家的连接数量:0
当前地图的线程个数：9
当前地图的个数:47
当前数据库执行队列数:0
当前发送队列缓存的对象数量:0
totalMemory：966262784, use ：718035528, free ：248227256DirectMemory：1827143680, 恢复 ：1
当前时间 ：2026-08-19 13:16:29send keng：-1, sheng ：4194304
decode keng：-1, sheng ：2097152
world keng：3, sheng ：1048576

2026-08-19 13:16:34.683 INFO [pool-6-thread-9][:] - /****************流量统计******************/
LastReadBytes:0
LastReadThroughput:0
LastWrittenBytes:0
LastWriteThroughput:0
RealWrittenBytes:0
RealWriteThroughput:0
当前玩家的连接数量:0
当前地图的线程个数：9
当前地图的个数:47
当前数据库执行队列数:0
当前发送队列缓存的对象数量:0
totalMemory：966262784, use ：720722928, free ：245539856DirectMemory：1827143680, 恢复 ：1
当前时间 ：2026-08-19 13:16:34send keng：-1, sheng ：4194304
decode keng：-1, sheng ：2097152
world keng：3, sheng ：1048576

2026-08-19 13:16:39.682 INFO [pool-6-thread-3][:] - /****************流量统计******************/
LastReadBytes:0
LastReadThroughput:0
LastWrittenBytes:0
LastWriteThroughput:0
RealWrittenBytes:0
RealWriteThroughput:0
当前玩家的连接数量:0
当前地图的线程个数：9
当前地图的个数:47
当前数据库执行队列数:0
当前发送队列缓存的对象数量:0
totalMemory：966787072, use ：399487752, free ：567299320DirectMemory：1827143680, 恢复 ：1
当前时间 ：2026-08-19 13:16:39send keng：-1, sheng ：4194304
decode keng：-1, sheng ：2097152
world keng：3, sheng ：1048576

2026-08-19 13:16:44.682 INFO [pool-6-thread-5][:] - /****************流量统计******************/
LastReadBytes:0
LastReadThroughput:0
LastWrittenBytes:0
LastWriteThroughput:0
RealWrittenBytes:0
RealWriteThroughput:0
当前玩家的连接数量:0
当前地图的线程个数：9
当前地图的个数:47
当前数据库执行队列数:0
当前发送队列缓存的对象数量:0
totalMemory：966787072, use ：400757552, free ：566029520DirectMemory：1827143680, 恢复 ：1
当前时间 ：2026-08-19 13:16:44send keng：-1, sheng ：4194304
decode keng：-1, sheng ：2097152
world keng：3, sheng ：1048576

2026-08-19 13:16:49.682 INFO [pool-6-thread-3][:] - /****************流量统计******************/
LastReadBytes:0
LastReadThroughput:0
LastWrittenBytes:0
LastWriteThroughput:0
RealWrittenBytes:0
RealWriteThroughput:0
当前玩家的连接数量:0
当前地图的线程个数：9
当前地图的个数:47
当前数据库执行队列数:0
当前发送队列缓存的对象数量:0
totalMemory：966787072, use ：406399016, free ：560388056DirectMemory：1827143680, 恢复 ：1
当前时间 ：2026-08-19 13:16:49send keng：-1, sheng ：4194304
decode keng：-1, sheng ：2097152
world keng：3, sheng ：1048576

2026-08-19 13:16:54.682 INFO [pool-6-thread-9][:] - /****************流量统计******************/
LastReadBytes:0
LastReadThroughput:0
LastWrittenBytes:0
LastWriteThroughput:0
RealWrittenBytes:0
RealWriteThroughput:0
当前玩家的连接数量:0
当前地图的线程个数：9
当前地图的个数:47
当前数据库执行队列数:0
当前发送队列缓存的对象数量:0
totalMemory：966787072, use ：408018360, free ：558768712DirectMemory：1827143680, 恢复 ：1
当前时间 ：2026-08-19 13:16:54send keng：-1, sheng ：4194304
decode keng：-1, sheng ：2097152
world keng：3, sheng ：1048576

2026-08-19 13:16:59.682 INFO [pool-6-thread-4][:] - /****************流量统计******************/
LastReadBytes:0
LastReadThroughput:0
LastWrittenBytes:0
LastWriteThroughput:0
RealWrittenBytes:0
RealWriteThroughput:0
当前玩家的连接数量:0
当前地图的线程个数：9
当前地图的个数:47
当前数据库执行队列数:0
当前发送队列缓存的对象数量:0
totalMemory：966787072, use ：412487464, free ：554299608DirectMemory：1827143680, 恢复 ：1
当前时间 ：2026-08-19 13:16:59send keng：-1, sheng ：4194304
decode keng：-1, sheng ：2097152
world keng：3, sheng ：1048576

2026-08-19 13:17:04.682 INFO [pool-6-thread-6][:] - /****************流量统计******************/
LastReadBytes:0
LastReadThroughput:0
LastWrittenBytes:0
LastWriteThroughput:0
RealWrittenBytes:0
RealWriteThroughput:0
当前玩家的连接数量:0
当前地图的线程个数：9
当前地图的个数:47
当前数据库执行队列数:0
当前发送队列缓存的对象数量:0
totalMemory：966787072, use ：416980272, free ：549806800DirectMemory：1827143680, 恢复 ：1
当前时间 ：2026-08-19 13:17:04send keng：-1, sheng ：4194304
decode keng：-1, sheng ：2097152
world keng：3, sheng ：1048576

2026-08-19 13:17:09.682 INFO [pool-6-thread-10][:] - /****************流量统计******************/
LastReadBytes:0
LastReadThroughput:0
LastWrittenBytes:0
LastWriteThroughput:0
RealWrittenBytes:0
RealWriteThroughput:0
当前玩家的连接数量:0
当前地图的线程个数：9
当前地图的个数:47
当前数据库执行队列数:0
当前发送队列缓存的对象数量:0
totalMemory：966787072, use ：419979200, free ：546807872DirectMemory：1827143680, 恢复 ：1
当前时间 ：2026-08-19 13:17:09send keng：-1, sheng ：4194304
decode keng：-1, sheng ：2097152
world keng：3, sheng ：1048576

2026-08-19 13:17:14.682 INFO [pool-6-thread-10][:] - /****************流量统计******************/
LastReadBytes:0
LastReadThroughput:0
LastWrittenBytes:0
LastWriteThroughput:0
RealWrittenBytes:0
RealWriteThroughput:0
当前玩家的连接数量:0
当前地图的线程个数：9
当前地图的个数:47
当前数据库执行队列数:0
当前发送队列缓存的对象数量:0
totalMemory：966787072, use ：423898488, free ：542888584DirectMemory：1827143680, 恢复 ：1
当前时间 ：2026-08-19 13:17:14send keng：-1, sheng ：4194304
decode keng：-1, sheng ：2097152
world keng：3, sheng ：1048576

2026-08-19 13:17:19.682 INFO [pool-6-thread-10][:] - /****************流量统计******************/
LastReadBytes:0
LastReadThroughput:0
LastWrittenBytes:0
LastWriteThroughput:0
RealWrittenBytes:0
RealWriteThroughput:0
当前玩家的连接数量:0
当前地图的线程个数：9
当前地图的个数:47
当前数据库执行队列数:0
当前发送队列缓存的对象数量:0
totalMemory：966787072, use ：426982008, free ：539805064DirectMemory：1827143680, 恢复 ：1
当前时间 ：2026-08-19 13:17:19send keng：-1, sheng ：4194304
decode keng：-1, sheng ：2097152
world keng：3, sheng ：1048576

2026-08-19 13:17:24.683 INFO [pool-6-thread-5][:] - /****************流量统计******************/
LastReadBytes:0
LastReadThroughput:0
LastWrittenBytes:0
LastWriteThroughput:0
RealWrittenBytes:0
RealWriteThroughput:0
当前玩家的连接数量:0
当前地图的线程个数：9
当前地图的个数:47
当前数据库执行队列数:0
当前发送队列缓存的对象数量:0
totalMemory：966787072, use ：430478608, free ：536308464DirectMemory：1827143680, 恢复 ：1
当前时间 ：2026-08-19 13:17:24send keng：-1, sheng ：4194304
decode keng：-1, sheng ：2097152
world keng：3, sheng ：1048576

2026-08-19 13:17:29.682 INFO [pool-6-thread-1][:] - /****************流量统计******************/
LastReadBytes:0
LastReadThroughput:0
LastWrittenBytes:0
LastWriteThroughput:0
RealWrittenBytes:0
RealWriteThroughput:0
当前玩家的连接数量:0
当前地图的线程个数：9
当前地图的个数:47
当前数据库执行队列数:0
当前发送队列缓存的对象数量:0
totalMemory：966787072, use ：433939640, free ：532847432DirectMemory：1827143680, 恢复 ：1
当前时间 ：2026-08-19 13:17:29send keng：-1, sheng ：4194304
decode keng：-1, sheng ：2097152
world keng：3, sheng ：1048576

2026-08-19 13:17:34.682 INFO [pool-6-thread-2][:] - /****************流量统计******************/
LastReadBytes:0
LastReadThroughput:0
LastWrittenBytes:0
LastWriteThroughput:0
RealWrittenBytes:0
RealWriteThroughput:0
当前玩家的连接数量:0
当前地图的线程个数：9
当前地图的个数:47
当前数据库执行队列数:0
当前发送队列缓存的对象数量:0
totalMemory：966787072, use ：437856880, free ：528930192DirectMemory：1827143680, 恢复 ：1
当前时间 ：2026-08-19 13:17:34send keng：-1, sheng ：4194304
decode keng：-1, sheng ：2097152
world keng：3, sheng ：1048576

2026-08-19 13:17:39.682 INFO [pool-6-thread-1][:] - /****************流量统计******************/
LastReadBytes:0
LastReadThroughput:0
LastWrittenBytes:0
LastWriteThroughput:0
RealWrittenBytes:0
RealWriteThroughput:0
当前玩家的连接数量:0
当前地图的线程个数：9
当前地图的个数:47
当前数据库执行队列数:0
当前发送队列缓存的对象数量:0
totalMemory：966787072, use ：440434464, free ：526352608DirectMemory：1827143680, 恢复 ：1
当前时间 ：2026-08-19 13:17:39send keng：-1, sheng ：4194304
decode keng：-1, sheng ：2097152
world keng：3, sheng ：1048576

2026-08-19 13:17:44.682 INFO [pool-6-thread-3][:] - /****************流量统计******************/
LastReadBytes:0
LastReadThroughput:0
LastWrittenBytes:0
LastWriteThroughput:0
RealWrittenBytes:0
RealWriteThroughput:0
当前玩家的连接数量:0
当前地图的线程个数：9
当前地图的个数:47
当前数据库执行队列数:0
当前发送队列缓存的对象数量:0
totalMemory：966787072, use ：444407912, free ：522379160DirectMemory：1827143680, 恢复 ：1
当前时间 ：2026-08-19 13:17:44send keng：-1, sheng ：4194304
decode keng：-1, sheng ：2097152
world keng：3, sheng ：1048576

2026-08-19 13:17:49.682 INFO [pool-6-thread-2][:] - /****************流量统计******************/
LastReadBytes:0
LastReadThroughput:0
LastWrittenBytes:0
LastWriteThroughput:0
RealWrittenBytes:0
RealWriteThroughput:0
当前玩家的连接数量:0
当前地图的线程个数：9
当前地图的个数:47
当前数据库执行队列数:0
当前发送队列缓存的对象数量:0
totalMemory：966787072, use ：447853200, free ：518933872DirectMemory：1827143680, 恢复 ：1
当前时间 ：2026-08-19 13:17:49send keng：-1, sheng ：4194304
decode keng：-1, sheng ：2097152
world keng：3, sheng ：1048576

2026-08-19 13:17:54.682 INFO [pool-6-thread-2][:] - /****************流量统计******************/
LastReadBytes:0
LastReadThroughput:0
LastWrittenBytes:0
LastWriteThroughput:0
RealWrittenBytes:0
RealWriteThroughput:0
当前玩家的连接数量:0
当前地图的线程个数：9
当前地图的个数:47
当前数据库执行队列数:0
当前发送队列缓存的对象数量:0
totalMemory：966787072, use ：451726696, free ：515060376DirectMemory：1827143680, 恢复 ：1
当前时间 ：2026-08-19 13:17:54send keng：-1, sheng ：4194304
decode keng：-1, sheng ：2097152
world keng：3, sheng ：1048576

2026-08-19 13:17:59.682 INFO [pool-6-thread-1][:] - /****************流量统计******************/
LastReadBytes:0
LastReadThroughput:0
LastWrittenBytes:0
LastWriteThroughput:0
RealWrittenBytes:0
RealWriteThroughput:0
当前玩家的连接数量:0
当前地图的线程个数：9
当前地图的个数:47
当前数据库执行队列数:0
当前发送队列缓存的对象数量:0
totalMemory：966787072, use ：456133760, free ：510653312DirectMemory：1827143680, 恢复 ：1
当前时间 ：2026-08-19 13:17:59send keng：-1, sheng ：4194304
decode keng：-1, sheng ：2097152
world keng：3, sheng ：1048576

2026-08-19 13:18:04.682 INFO [pool-6-thread-8][:] - /****************流量统计******************/
LastReadBytes:0
LastReadThroughput:0
LastWrittenBytes:0
LastWriteThroughput:0
RealWrittenBytes:0
RealWriteThroughput:0
当前玩家的连接数量:0
当前地图的线程个数：9
当前地图的个数:47
当前数据库执行队列数:0
当前发送队列缓存的对象数量:0
totalMemory：966787072, use ：458812712, free ：507974360DirectMemory：1827143680, 恢复 ：1
当前时间 ：2026-08-19 13:18:04send keng：-1, sheng ：4194304
decode keng：-1, sheng ：2097152
world keng：3, sheng ：1048576

2026-08-19 13:18:09.682 INFO [pool-6-thread-4][:] - /****************流量统计******************/
LastReadBytes:0
LastReadThroughput:0
LastWrittenBytes:0
LastWriteThroughput:0
RealWrittenBytes:0
RealWriteThroughput:0
当前玩家的连接数量:0
当前地图的线程个数：9
当前地图的个数:47
当前数据库执行队列数:0
当前发送队列缓存的对象数量:0
totalMemory：966787072, use ：462777840, free ：504009232DirectMemory：1827143680, 恢复 ：1
当前时间 ：2026-08-19 13:18:09send keng：-1, sheng ：4194304
decode keng：-1, sheng ：2097152
world keng：3, sheng ：1048576

2026-08-19 13:18:14.682 INFO [pool-6-thread-1][:] - /****************流量统计******************/
LastReadBytes:0
LastReadThroughput:0
LastWrittenBytes:0
LastWriteThroughput:0
RealWrittenBytes:0
RealWriteThroughput:0
当前玩家的连接数量:0
当前地图的线程个数：9
当前地图的个数:47
当前数据库执行队列数:0
当前发送队列缓存的对象数量:0
totalMemory：966787072, use ：466190592, free ：500596480DirectMemory：1827143680, 恢复 ：1
当前时间 ：2026-08-19 13:18:14send keng：-1, sheng ：4194304
decode keng：-1, sheng ：2097152
world keng：3, sheng ：1048576

2026-08-19 13:18:19.682 INFO [pool-6-thread-6][:] - /****************流量统计******************/
LastReadBytes:0
LastReadThroughput:0
LastWrittenBytes:0
LastWriteThroughput:0
RealWrittenBytes:0
RealWriteThroughput:0
当前玩家的连接数量:0
当前地图的线程个数：9
当前地图的个数:47
当前数据库执行队列数:0
当前发送队列缓存的对象数量:0
totalMemory：966787072, use ：470134624, free ：496652448DirectMemory：1827143680, 恢复 ：1
当前时间 ：2026-08-19 13:18:19send keng：-1, sheng ：4194304
decode keng：-1, sheng ：2097152
world keng：3, sheng ：1048576

2026-08-19 13:18:24.682 INFO [pool-6-thread-6][:] - /****************流量统计******************/
LastReadBytes:0
LastReadThroughput:0
LastWrittenBytes:0
LastWriteThroughput:0
RealWrittenBytes:0
RealWriteThroughput:0
当前玩家的连接数量:0
当前地图的线程个数：9
当前地图的个数:47
当前数据库执行队列数:0
当前发送队列缓存的对象数量:0
totalMemory：966787072, use ：473166752, free ：493620320DirectMemory：1827143680, 恢复 ：1
当前时间 ：2026-08-19 13:18:24send keng：-1, sheng ：4194304
decode keng：-1, sheng ：2097152
world keng：3, sheng ：1048576

2026-08-19 13:18:29.682 INFO [pool-6-thread-1][:] - /****************流量统计******************/
LastReadBytes:0
LastReadThroughput:0
LastWrittenBytes:0
LastWriteThroughput:0
RealWrittenBytes:0
RealWriteThroughput:0
当前玩家的连接数量:0
当前地图的线程个数：9
当前地图的个数:47
当前数据库执行队列数:0
当前发送队列缓存的对象数量:0
totalMemory：966787072, use ：477106240, free ：489680832DirectMemory：1827143680, 恢复 ：1
当前时间 ：2026-08-19 13:18:29send keng：-1, sheng ：4194304
decode keng：-1, sheng ：2097152
world keng：3, sheng ：1048576

2026-08-19 13:18:34.683 INFO [pool-6-thread-3][:] - /****************流量统计******************/
LastReadBytes:0
LastReadThroughput:0
LastWrittenBytes:0
LastWriteThroughput:0
RealWrittenBytes:0
RealWriteThroughput:0
当前玩家的连接数量:0
当前地图的线程个数：9
当前地图的个数:47
当前数据库执行队列数:0
当前发送队列缓存的对象数量:0
totalMemory：966787072, use ：479667736, free ：487119336DirectMemory：1827143680, 恢复 ：1
当前时间 ：2026-08-19 13:18:34send keng：-1, sheng ：4194304
decode keng：-1, sheng ：2097152
world keng：3, sheng ：1048576

2026-08-19 13:18:39.682 INFO [pool-6-thread-6][:] - /****************流量统计******************/
LastReadBytes:0
LastReadThroughput:0
LastWrittenBytes:0
LastWriteThroughput:0
RealWrittenBytes:0
RealWriteThroughput:0
当前玩家的连接数量:0
当前地图的线程个数：9
当前地图的个数:47
当前数据库执行队列数:0
当前发送队列缓存的对象数量:0
totalMemory：966787072, use ：483639208, free ：483147864DirectMemory：1827143680, 恢复 ：1
当前时间 ：2026-08-19 13:18:39send keng：-1, sheng ：4194304
decode keng：-1, sheng ：2097152
world keng：3, sheng ：1048576

2026-08-19 13:18:44.682 INFO [pool-6-thread-8][:] - /****************流量统计******************/
LastReadBytes:0
LastReadThroughput:0
LastWrittenBytes:0
LastWriteThroughput:0
RealWrittenBytes:0
RealWriteThroughput:0
当前玩家的连接数量:0
当前地图的线程个数：9
当前地图的个数:47
当前数据库执行队列数:0
当前发送队列缓存的对象数量:0
totalMemory：966787072, use ：487984192, free ：478802880DirectMemory：1827143680, 恢复 ：1
当前时间 ：2026-08-19 13:18:44send keng：-1, sheng ：4194304
decode keng：-1, sheng ：2097152
world keng：3, sheng ：1048576

2026-08-19 13:18:49.682 INFO [pool-6-thread-4][:] - /****************流量统计******************/
LastReadBytes:0
LastReadThroughput:0
LastWrittenBytes:0
LastWriteThroughput:0
RealWrittenBytes:0
RealWriteThroughput:0
当前玩家的连接数量:0
当前地图的线程个数：9
当前地图的个数:47
当前数据库执行队列数:0
当前发送队列缓存的对象数量:0
totalMemory：966787072, use ：491003816, free ：475783256DirectMemory：1827143680, 恢复 ：1
当前时间 ：2026-08-19 13:18:49send keng：-1, sheng ：4194304
decode keng：-1, sheng ：2097152
world keng：3, sheng ：1048576

2026-08-19 13:18:54.682 INFO [pool-6-thread-4][:] - /****************流量统计******************/
LastReadBytes:0
LastReadThroughput:0
LastWrittenBytes:0
LastWriteThroughput:0
RealWrittenBytes:0
RealWriteThroughput:0
当前玩家的连接数量:0
当前地图的线程个数：9
当前地图的个数:47
当前数据库执行队列数:0
当前发送队列缓存的对象数量:0
totalMemory：966787072, use ：495476728, free ：471310344DirectMemory：1827143680, 恢复 ：1
当前时间 ：2026-08-19 13:18:54send keng：-1, sheng ：4194304
decode keng：-1, sheng ：2097152
world keng：3, sheng ：1048576

2026-08-19 13:18:59.682 INFO [pool-6-thread-2][:] - /****************流量统计******************/
LastReadBytes:0
LastReadThroughput:0
LastWrittenBytes:0
LastWriteThroughput:0
RealWrittenBytes:0
RealWriteThroughput:0
当前玩家的连接数量:0
当前地图的线程个数：9
当前地图的个数:47
当前数据库执行队列数:0
当前发送队列缓存的对象数量:0
totalMemory：966787072, use ：498347712, free ：468439360DirectMemory：1827143680, 恢复 ：1
当前时间 ：2026-08-19 13:18:59send keng：-1, sheng ：4194304
decode keng：-1, sheng ：2097152
world keng：3, sheng ：1048576

2026-08-19 13:19:04.682 INFO [pool-6-thread-8][:] - /****************流量统计******************/
LastReadBytes:0
LastReadThroughput:0
LastWrittenBytes:0
LastWriteThroughput:0
RealWrittenBytes:0
RealWriteThroughput:0
当前玩家的连接数量:0
当前地图的线程个数：9
当前地图的个数:47
当前数据库执行队列数:0
当前发送队列缓存的对象数量:0
totalMemory：966787072, use ：502414904, free ：464372168DirectMemory：1827143680, 恢复 ：1
当前时间 ：2026-08-19 13:19:04send keng：-1, sheng ：4194304
decode keng：-1, sheng ：2097152
world keng：3, sheng ：1048576

2026-08-19 13:19:09.682 INFO [pool-6-thread-10][:] - /****************流量统计******************/
LastReadBytes:0
LastReadThroughput:0
LastWrittenBytes:0
LastWriteThroughput:0
RealWrittenBytes:0
RealWriteThroughput:0
当前玩家的连接数量:0
当前地图的线程个数：9
当前地图的个数:47
当前数据库执行队列数:0
当前发送队列缓存的对象数量:0
totalMemory：966787072, use ：505410240, free ：461376832DirectMemory：1827143680, 恢复 ：1
当前时间 ：2026-08-19 13:19:09send keng：-1, sheng ：4194304
decode keng：-1, sheng ：2097152
world keng：3, sheng ：1048576

2026-08-19 13:19:14.682 INFO [pool-6-thread-2][:] - /****************流量统计******************/
LastReadBytes:0
LastReadThroughput:0
LastWrittenBytes:0
LastWriteThroughput:0
RealWrittenBytes:0
RealWriteThroughput:0
当前玩家的连接数量:0
当前地图的线程个数：9
当前地图的个数:47
当前数据库执行队列数:0
当前发送队列缓存的对象数量:0
totalMemory：966787072, use ：509340648, free ：457446424DirectMemory：1827143680, 恢复 ：1
当前时间 ：2026-08-19 13:19:14send keng：-1, sheng ：4194304
decode keng：-1, sheng ：2097152
world keng：3, sheng ：1048576

2026-08-19 13:19:19.682 INFO [pool-6-thread-1][:] - /****************流量统计******************/
LastReadBytes:0
LastReadThroughput:0
LastWrittenBytes:0
LastWriteThroughput:0
RealWrittenBytes:0
RealWriteThroughput:0
当前玩家的连接数量:0
当前地图的线程个数：9
当前地图的个数:47
当前数据库执行队列数:0
当前发送队列缓存的对象数量:0
totalMemory：966787072, use ：512423472, free ：454363600DirectMemory：1827143680, 恢复 ：1
当前时间 ：2026-08-19 13:19:19send keng：-1, sheng ：4194304
decode keng：-1, sheng ：2097152
world keng：3, sheng ：1048576

2026-08-19 13:19:24.682 INFO [pool-6-thread-4][:] - /****************流量统计******************/
LastReadBytes:0
LastReadThroughput:0
LastWrittenBytes:0
LastWriteThroughput:0
RealWrittenBytes:0
RealWriteThroughput:0
当前玩家的连接数量:0
当前地图的线程个数：9
当前地图的个数:47
当前数据库执行队列数:0
当前发送队列缓存的对象数量:0
totalMemory：966787072, use ：516340352, free ：450446720DirectMemory：1827143680, 恢复 ：1
当前时间 ：2026-08-19 13:19:24send keng：-1, sheng ：4194304
decode keng：-1, sheng ：2097152
world keng：3, sheng ：1048576

2026-08-19 13:19:29.682 INFO [pool-6-thread-5][:] - /****************流量统计******************/
LastReadBytes:0
LastReadThroughput:0
LastWrittenBytes:0
LastWriteThroughput:0
RealWrittenBytes:0
RealWriteThroughput:0
当前玩家的连接数量:0
当前地图的线程个数：9
当前地图的个数:47
当前数据库执行队列数:0
当前发送队列缓存的对象数量:0
totalMemory：966787072, use ：519452848, free ：447334224DirectMemory：1827143680, 恢复 ：1
当前时间 ：2026-08-19 13:19:29send keng：-1, sheng ：4194304
decode keng：-1, sheng ：2097152
world keng：3, sheng ：1048576

2026-08-19 13:19:34.682 INFO [pool-6-thread-3][:] - /****************流量统计******************/
LastReadBytes:0
LastReadThroughput:0
LastWrittenBytes:0
LastWriteThroughput:0
RealWrittenBytes:0
RealWriteThroughput:0
当前玩家的连接数量:0
当前地图的线程个数：9
当前地图的个数:47
当前数据库执行队列数:0
当前发送队列缓存的对象数量:0
totalMemory：966787072, use ：523720760, free ：443066312DirectMemory：1827143680, 恢复 ：1
当前时间 ：2026-08-19 13:19:34send keng：-1, sheng ：4194304
decode keng：-1, sheng ：2097152
world keng：3, sheng ：1048576

2026-08-19 13:19:39.682 INFO [pool-6-thread-8][:] - /****************流量统计******************/
LastReadBytes:0
LastReadThroughput:0
LastWrittenBytes:0
LastWriteThroughput:0
RealWrittenBytes:0
RealWriteThroughput:0
当前玩家的连接数量:0
当前地图的线程个数：9
当前地图的个数:47
当前数据库执行队列数:0
当前发送队列缓存的对象数量:0
totalMemory：966787072, use ：526783200, free ：440003872DirectMemory：1827143680, 恢复 ：1
当前时间 ：2026-08-19 13:19:39send keng：-1, sheng ：4194304
decode keng：-1, sheng ：2097152
world keng：3, sheng ：1048576

2026-08-19 13:19:44.682 INFO [pool-6-thread-4][:] - /****************流量统计******************/
LastReadBytes:0
LastReadThroughput:0
LastWrittenBytes:0
LastWriteThroughput:0
RealWrittenBytes:0
RealWriteThroughput:0
当前玩家的连接数量:0
当前地图的线程个数：9
当前地图的个数:47
当前数据库执行队列数:0
当前发送队列缓存的对象数量:0
totalMemory：966787072, use ：529836600, free ：436950472DirectMemory：1827143680, 恢复 ：1
当前时间 ：2026-08-19 13:19:44send keng：-1, sheng ：4194304
decode keng：-1, sheng ：2097152
world keng：3, sheng ：1048576

2026-08-19 13:19:49.682 INFO [pool-6-thread-8][:] - /****************流量统计******************/
LastReadBytes:0
LastReadThroughput:0
LastWrittenBytes:0
LastWriteThroughput:0
RealWrittenBytes:0
RealWriteThroughput:0
当前玩家的连接数量:0
当前地图的线程个数：9
当前地图的个数:47
当前数据库执行队列数:0
当前发送队列缓存的对象数量:0
totalMemory：966787072, use ：533527448, free ：433259624DirectMemory：1827143680, 恢复 ：1
当前时间 ：2026-08-19 13:19:49send keng：-1, sheng ：4194304
decode keng：-1, sheng ：2097152
world keng：3, sheng ：1048576

2026-08-19 13:19:54.682 INFO [pool-6-thread-4][:] - /****************流量统计******************/
LastReadBytes:0
LastReadThroughput:0
LastWrittenBytes:0
LastWriteThroughput:0
RealWrittenBytes:0
RealWriteThroughput:0
当前玩家的连接数量:0
当前地图的线程个数：9
当前地图的个数:47
当前数据库执行队列数:0
当前发送队列缓存的对象数量:0
totalMemory：966787072, use ：537590912, free ：429196160DirectMemory：1827143680, 恢复 ：1
当前时间 ：2026-08-19 13:19:54send keng：-1, sheng ：4194304
decode keng：-1, sheng ：2097152
world keng：3, sheng ：1048576

2026-08-19 13:19:59.682 INFO [pool-6-thread-2][:] - /****************流量统计******************/
LastReadBytes:0
LastReadThroughput:0
LastWrittenBytes:0
LastWriteThroughput:0
RealWrittenBytes:0
RealWriteThroughput:0
当前玩家的连接数量:0
当前地图的线程个数：9
当前地图的个数:47
当前数据库执行队列数:0
当前发送队列缓存的对象数量:0
totalMemory：966787072, use ：541965016, free ：424822056DirectMemory：1827143680, 恢复 ：1
当前时间 ：2026-08-19 13:19:59send keng：-1, sheng ：4194304
decode keng：-1, sheng ：2097152
world keng：3, sheng ：1048576

2026-08-19 13:20:04.682 INFO [pool-6-thread-10][:] - /****************流量统计******************/
LastReadBytes:0
LastReadThroughput:0
LastWrittenBytes:0
LastWriteThroughput:0
RealWrittenBytes:0
RealWriteThroughput:0
当前玩家的连接数量:0
当前地图的线程个数：9
当前地图的个数:47
当前数据库执行队列数:0
当前发送队列缓存的对象数量:0
totalMemory：966787072, use ：544215032, free ：422572040DirectMemory：1827143680, 恢复 ：1
当前时间 ：2026-08-19 13:20:04send keng：-1, sheng ：4194304
decode keng：-1, sheng ：2097152
world keng：3, sheng ：1048576

2026-08-19 13:20:09.682 INFO [pool-6-thread-3][:] - /****************流量统计******************/
LastReadBytes:0
LastReadThroughput:0
LastWrittenBytes:0
LastWriteThroughput:0
RealWrittenBytes:0
RealWriteThroughput:0
当前玩家的连接数量:0
当前地图的线程个数：9
当前地图的个数:47
当前数据库执行队列数:0
当前发送队列缓存的对象数量:0
totalMemory：966787072, use ：548618512, free ：418168560DirectMemory：1827143680, 恢复 ：1
当前时间 ：2026-08-19 13:20:09send keng：-1, sheng ：4194304
decode keng：-1, sheng ：2097152
world keng：3, sheng ：1048576

2026-08-19 13:20:14.682 INFO [pool-6-thread-10][:] - /****************流量统计******************/
LastReadBytes:0
LastReadThroughput:0
LastWrittenBytes:0
LastWriteThroughput:0
RealWrittenBytes:0
RealWriteThroughput:0
当前玩家的连接数量:0
当前地图的线程个数：9
当前地图的个数:47
当前数据库执行队列数:0
当前发送队列缓存的对象数量:0
totalMemory：966787072, use ：550747184, free ：416039888DirectMemory：1827143680, 恢复 ：1
当前时间 ：2026-08-19 13:20:14send keng：-1, sheng ：4194304
decode keng：-1, sheng ：2097152
world keng：3, sheng ：1048576

2026-08-19 13:20:19.682 INFO [pool-6-thread-8][:] - /****************流量统计******************/
LastReadBytes:0
LastReadThroughput:0
LastWrittenBytes:0
LastWriteThroughput:0
RealWrittenBytes:0
RealWriteThroughput:0
当前玩家的连接数量:0
当前地图的线程个数：9
当前地图的个数:47
当前数据库执行队列数:0
当前发送队列缓存的对象数量:0
totalMemory：966787072, use ：555983328, free ：410803744DirectMemory：1827143680, 恢复 ：1
当前时间 ：2026-08-19 13:20:19send keng：-1, sheng ：4194304
decode keng：-1, sheng ：2097152
world keng：3, sheng ：1048576

2026-08-19 13:20:24.682 INFO [pool-6-thread-7][:] - /****************流量统计******************/
LastReadBytes:0
LastReadThroughput:0
LastWrittenBytes:0
LastWriteThroughput:0
RealWrittenBytes:0
RealWriteThroughput:0
当前玩家的连接数量:0
当前地图的线程个数：9
当前地图的个数:47
当前数据库执行队列数:0
当前发送队列缓存的对象数量:0
totalMemory：966787072, use ：558306384, free ：408480688DirectMemory：1827143680, 恢复 ：1
当前时间 ：2026-08-19 13:20:24send keng：-1, sheng ：4194304
decode keng：-1, sheng ：2097152
world keng：3, sheng ：1048576

2026-08-19 13:20:29.682 INFO [pool-6-thread-9][:] - /****************流量统计******************/
LastReadBytes:0
LastReadThroughput:0
LastWrittenBytes:0
LastWriteThroughput:0
RealWrittenBytes:0
RealWriteThroughput:0
当前玩家的连接数量:0
当前地图的线程个数：9
当前地图的个数:47
当前数据库执行队列数:0
当前发送队列缓存的对象数量:0
totalMemory：966787072, use ：562514616, free ：404272456DirectMemory：1827143680, 恢复 ：1
当前时间 ：2026-08-19 13:20:29send keng：-1, sheng ：4194304
decode keng：-1, sheng ：2097152
world keng：3, sheng ：1048576

2026-08-19 13:20:34.682 INFO [pool-6-thread-1][:] - /****************流量统计******************/
LastReadBytes:0
LastReadThroughput:0
LastWrittenBytes:0
LastWriteThroughput:0
RealWrittenBytes:0
RealWriteThroughput:0
当前玩家的连接数量:0
当前地图的线程个数：9
当前地图的个数:47
当前数据库执行队列数:0
当前发送队列缓存的对象数量:0
totalMemory：966787072, use ：565147512, free ：401639560DirectMemory：1827143680, 恢复 ：1
当前时间 ：2026-08-19 13:20:34send keng：-1, sheng ：4194304
decode keng：-1, sheng ：2097152
world keng：3, sheng ：1048576

2026-08-19 13:20:39.682 INFO [pool-6-thread-4][:] - /****************流量统计******************/
LastReadBytes:0
LastReadThroughput:0
LastWrittenBytes:0
LastWriteThroughput:0
RealWrittenBytes:0
RealWriteThroughput:0
当前玩家的连接数量:0
当前地图的线程个数：9
当前地图的个数:47
当前数据库执行队列数:0
当前发送队列缓存的对象数量:0
totalMemory：966787072, use ：569475088, free ：397311984DirectMemory：1827143680, 恢复 ：1
当前时间 ：2026-08-19 13:20:39send keng：-1, sheng ：4194304
decode keng：-1, sheng ：2097152
world keng：3, sheng ：1048576

2026-08-19 13:20:44.682 INFO [pool-6-thread-6][:] - /****************流量统计******************/
LastReadBytes:0
LastReadThroughput:0
LastWrittenBytes:0
LastWriteThroughput:0
RealWrittenBytes:0
RealWriteThroughput:0
当前玩家的连接数量:0
当前地图的线程个数：9
当前地图的个数:47
当前数据库执行队列数:0
当前发送队列缓存的对象数量:0
totalMemory：966787072, use ：573580248, free ：393206824DirectMemory：1827143680, 恢复 ：1
当前时间 ：2026-08-19 13:20:44send keng：-1, sheng ：4194304
decode keng：-1, sheng ：2097152
world keng：3, sheng ：1048576

2026-08-19 13:20:49.682 INFO [pool-6-thread-7][:] - /****************流量统计******************/
LastReadBytes:0
LastReadThroughput:0
LastWrittenBytes:0
LastWriteThroughput:0
RealWrittenBytes:0
RealWriteThroughput:0
当前玩家的连接数量:0
当前地图的线程个数：9
当前地图的个数:47
当前数据库执行队列数:0
当前发送队列缓存的对象数量:0
totalMemory：966787072, use ：576428264, free ：390358808DirectMemory：1827143680, 恢复 ：1
当前时间 ：2026-08-19 13:20:49send keng：-1, sheng ：4194304
decode keng：-1, sheng ：2097152
world keng：3, sheng ：1048576

2026-08-19 13:20:54.683 INFO [pool-6-thread-7][:] - /****************流量统计******************/
LastReadBytes:0
LastReadThroughput:0
LastWrittenBytes:0
LastWriteThroughput:0
RealWrittenBytes:0
RealWriteThroughput:0
当前玩家的连接数量:0
当前地图的线程个数：9
当前地图的个数:47
当前数据库执行队列数:0
当前发送队列缓存的对象数量:0
totalMemory：966787072, use ：581555872, free ：385231200DirectMemory：1827143680, 恢复 ：1
当前时间 ：2026-08-19 13:20:54send keng：-1, sheng ：4194304
decode keng：-1, sheng ：2097152
world keng：3, sheng ：1048576

2026-08-19 13:20:59.682 INFO [pool-6-thread-1][:] - /****************流量统计******************/
LastReadBytes:0
LastReadThroughput:0
LastWrittenBytes:0
LastWriteThroughput:0
RealWrittenBytes:0
RealWriteThroughput:0
当前玩家的连接数量:0
当前地图的线程个数：9
当前地图的个数:47
当前数据库执行队列数:0
当前发送队列缓存的对象数量:0
totalMemory：966787072, use ：582505664, free ：384281408DirectMemory：1827143680, 恢复 ：1
当前时间 ：2026-08-19 13:20:59send keng：-1, sheng ：4194304
decode keng：-1, sheng ：2097152
world keng：3, sheng ：1048576

2026-08-19 13:21:04.682 INFO [pool-6-thread-8][:] - /****************流量统计******************/
LastReadBytes:0
LastReadThroughput:0
LastWrittenBytes:0
LastWriteThroughput:0
RealWrittenBytes:0
RealWriteThroughput:0
当前玩家的连接数量:0
当前地图的线程个数：9
当前地图的个数:47
当前数据库执行队列数:0
当前发送队列缓存的对象数量:0
totalMemory：966787072, use ：588263480, free ：378523592DirectMemory：1827143680, 恢复 ：1
当前时间 ：2026-08-19 13:21:04send keng：-1, sheng ：4194304
decode keng：-1, sheng ：2097152
world keng：3, sheng ：1048576

2026-08-19 13:21:09.682 INFO [pool-6-thread-2][:] - /****************流量统计******************/
LastReadBytes:0
LastReadThroughput:0
LastWrittenBytes:0
LastWriteThroughput:0
RealWrittenBytes:0
RealWriteThroughput:0
当前玩家的连接数量:0
当前地图的线程个数：9
当前地图的个数:47
当前数据库执行队列数:0
当前发送队列缓存的对象数量:0
totalMemory：966787072, use ：589590840, free ：377196232DirectMemory：1827143680, 恢复 ：1
当前时间 ：2026-08-19 13:21:09send keng：-1, sheng ：4194304
decode keng：-1, sheng ：2097152
world keng：3, sheng ：1048576

2026-08-19 13:21:14.682 INFO [pool-6-thread-4][:] - /****************流量统计******************/
LastReadBytes:0
LastReadThroughput:0
LastWrittenBytes:0
LastWriteThroughput:0
RealWrittenBytes:0
RealWriteThroughput:0
当前玩家的连接数量:0
当前地图的线程个数：9
当前地图的个数:47
当前数据库执行队列数:0
当前发送队列缓存的对象数量:0
totalMemory：966787072, use ：594791880, free ：371995192DirectMemory：1827143680, 恢复 ：1
当前时间 ：2026-08-19 13:21:14send keng：-1, sheng ：4194304
decode keng：-1, sheng ：2097152
world keng：3, sheng ：1048576

2026-08-19 13:21:19.682 INFO [pool-6-thread-3][:] - /****************流量统计******************/
LastReadBytes:0
LastReadThroughput:0
LastWrittenBytes:0
LastWriteThroughput:0
RealWrittenBytes:0
RealWriteThroughput:0
当前玩家的连接数量:0
当前地图的线程个数：9
当前地图的个数:47
当前数据库执行队列数:0
当前发送队列缓存的对象数量:0
totalMemory：966787072, use ：597231152, free ：369555920DirectMemory：1827143680, 恢复 ：1
当前时间 ：2026-08-19 13:21:19send keng：-1, sheng ：4194304
decode keng：-1, sheng ：2097152
world keng：3, sheng ：1048576

2026-08-19 13:21:24.682 INFO [pool-6-thread-4][:] - /****************流量统计******************/
LastReadBytes:0
LastReadThroughput:0
LastWrittenBytes:0
LastWriteThroughput:0
RealWrittenBytes:0
RealWriteThroughput:0
当前玩家的连接数量:0
当前地图的线程个数：9
当前地图的个数:47
当前数据库执行队列数:0
当前发送队列缓存的对象数量:0
totalMemory：966787072, use ：602574392, free ：364212680DirectMemory：1827143680, 恢复 ：1
当前时间 ：2026-08-19 13:21:24send keng：-1, sheng ：4194304
decode keng：-1, sheng ：2097152
world keng：3, sheng ：1048576

2026-08-19 13:21:29.682 INFO [pool-6-thread-1][:] - /****************流量统计******************/
LastReadBytes:0
LastReadThroughput:0
LastWrittenBytes:0
LastWriteThroughput:0
RealWrittenBytes:0
RealWriteThroughput:0
当前玩家的连接数量:0
当前地图的线程个数：9
当前地图的个数:47
当前数据库执行队列数:0
当前发送队列缓存的对象数量:0
totalMemory：966787072, use ：604848528, free ：361938544DirectMemory：1827143680, 恢复 ：1
当前时间 ：2026-08-19 13:21:29send keng：-1, sheng ：4194304
decode keng：-1, sheng ：2097152
world keng：3, sheng ：1048576

2026-08-19 13:21:34.682 INFO [pool-6-thread-5][:] - /****************流量统计******************/
LastReadBytes:0
LastReadThroughput:0
LastWrittenBytes:0
LastWriteThroughput:0
RealWrittenBytes:0
RealWriteThroughput:0
当前玩家的连接数量:0
当前地图的线程个数：9
当前地图的个数:47
当前数据库执行队列数:0
当前发送队列缓存的对象数量:0
totalMemory：966787072, use ：608242800, free ：358544272DirectMemory：1827143680, 恢复 ：1
当前时间 ：2026-08-19 13:21:34send keng：-1, sheng ：4194304
decode keng：-1, sheng ：2097152
world keng：3, sheng ：1048576

2026-08-19 13:21:39.682 INFO [pool-6-thread-6][:] - /****************流量统计******************/
LastReadBytes:0
LastReadThroughput:0
LastWrittenBytes:0
LastWriteThroughput:0
RealWrittenBytes:0
RealWriteThroughput:0
当前玩家的连接数量:0
当前地图的线程个数：9
当前地图的个数:47
当前数据库执行队列数:0
当前发送队列缓存的对象数量:0
totalMemory：966787072, use ：611464944, free ：355322128DirectMemory：1827143680, 恢复 ：1
当前时间 ：2026-08-19 13:21:39send keng：-1, sheng ：4194304
decode keng：-1, sheng ：2097152
world keng：3, sheng ：1048576

2026-08-19 13:21:44.682 INFO [pool-6-thread-8][:] - /****************流量统计******************/
LastReadBytes:0
LastReadThroughput:0
LastWrittenBytes:0
LastWriteThroughput:0
RealWrittenBytes:0
RealWriteThroughput:0
当前玩家的连接数量:0
当前地图的线程个数：9
当前地图的个数:47
当前数据库执行队列数:0
当前发送队列缓存的对象数量:0
totalMemory：966787072, use ：616065344, free ：350721728DirectMemory：1827143680, 恢复 ：1
当前时间 ：2026-08-19 13:21:44send keng：-1, sheng ：4194304
decode keng：-1, sheng ：2097152
world keng：3, sheng ：1048576

2026-08-19 13:21:49.682 INFO [pool-6-thread-10][:] - /****************流量统计******************/
LastReadBytes:0
LastReadThroughput:0
LastWrittenBytes:0
LastWriteThroughput:0
RealWrittenBytes:0
RealWriteThroughput:0
当前玩家的连接数量:0
当前地图的线程个数：9
当前地图的个数:47
当前数据库执行队列数:0
当前发送队列缓存的对象数量:0
totalMemory：966787072, use ：619830472, free ：346956600DirectMemory：1827143680, 恢复 ：1
当前时间 ：2026-08-19 13:21:49send keng：-1, sheng ：4194304
decode keng：-1, sheng ：2097152
world keng：3, sheng ：1048576

2026-08-19 13:21:54.682 INFO [pool-6-thread-6][:] - /****************流量统计******************/
LastReadBytes:0
LastReadThroughput:0
LastWrittenBytes:0
LastWriteThroughput:0
RealWrittenBytes:0
RealWriteThroughput:0
当前玩家的连接数量:0
当前地图的线程个数：9
当前地图的个数:47
当前数据库执行队列数:0
当前发送队列缓存的对象数量:0
totalMemory：966787072, use ：622547448, free ：344239624DirectMemory：1827143680, 恢复 ：1
当前时间 ：2026-08-19 13:21:54send keng：-1, sheng ：4194304
decode keng：-1, sheng ：2097152
world keng：3, sheng ：1048576

2026-08-19 13:21:59.682 INFO [pool-6-thread-9][:] - /****************流量统计******************/
LastReadBytes:0
LastReadThroughput:0
LastWrittenBytes:0
LastWriteThroughput:0
RealWrittenBytes:0
RealWriteThroughput:0
当前玩家的连接数量:0
当前地图的线程个数：9
当前地图的个数:47
当前数据库执行队列数:0
当前发送队列缓存的对象数量:0
totalMemory：966787072, use ：626916760, free ：339870312DirectMemory：1827143680, 恢复 ：1
当前时间 ：2026-08-19 13:21:59send keng：-1, sheng ：4194304
decode keng：-1, sheng ：2097152
world keng：3, sheng ：1048576

2026-08-19 13:22:04.682 INFO [pool-6-thread-5][:] - /****************流量统计******************/
LastReadBytes:0
LastReadThroughput:0
LastWrittenBytes:0
LastWriteThroughput:0
RealWrittenBytes:0
RealWriteThroughput:0
当前玩家的连接数量:0
当前地图的线程个数：9
当前地图的个数:47
当前数据库执行队列数:0
当前发送队列缓存的对象数量:0
totalMemory：966787072, use ：629233584, free ：337553488DirectMemory：1827143680, 恢复 ：1
当前时间 ：2026-08-19 13:22:04send keng：-1, sheng ：4194304
decode keng：-1, sheng ：2097152
world keng：3, sheng ：1048576

2026-08-19 13:22:09.682 INFO [pool-6-thread-5][:] - /****************流量统计******************/
LastReadBytes:0
LastReadThroughput:0
LastWrittenBytes:0
LastWriteThroughput:0
RealWrittenBytes:0
RealWriteThroughput:0
当前玩家的连接数量:0
当前地图的线程个数：9
当前地图的个数:47
当前数据库执行队列数:0
当前发送队列缓存的对象数量:0
totalMemory：966787072, use ：634406376, free ：332380696DirectMemory：1827143680, 恢复 ：1
当前时间 ：2026-08-19 13:22:09send keng：-1, sheng ：4194304
decode keng：-1, sheng ：2097152
world keng：3, sheng ：1048576

2026-08-19 13:22:14.682 INFO [pool-6-thread-8][:] - /****************流量统计******************/
LastReadBytes:0
LastReadThroughput:0
LastWrittenBytes:0
LastWriteThroughput:0
RealWrittenBytes:0
RealWriteThroughput:0
当前玩家的连接数量:0
当前地图的线程个数：9
当前地图的个数:47
当前数据库执行队列数:0
当前发送队列缓存的对象数量:0
totalMemory：966787072, use ：636453008, free ：330334064DirectMemory：1827143680, 恢复 ：1
当前时间 ：2026-08-19 13:22:14send keng：-1, sheng ：4194304
decode keng：-1, sheng ：2097152
world keng：3, sheng ：1048576

2026-08-19 13:22:19.682 INFO [pool-6-thread-2][:] - /****************流量统计******************/
LastReadBytes:0
LastReadThroughput:0
LastWrittenBytes:0
LastWriteThroughput:0
RealWrittenBytes:0
RealWriteThroughput:0
当前玩家的连接数量:0
当前地图的线程个数：9
当前地图的个数:47
当前数据库执行队列数:0
当前发送队列缓存的对象数量:0
totalMemory：966787072, use ：641770272, free ：325016800DirectMemory：1827143680, 恢复 ：1
当前时间 ：2026-08-19 13:22:19send keng：-1, sheng ：4194304
decode keng：-1, sheng ：2097152
world keng：3, sheng ：1048576

2026-08-19 13:22:24.682 INFO [pool-6-thread-9][:] - /****************流量统计******************/
LastReadBytes:0
LastReadThroughput:0
LastWrittenBytes:0
LastWriteThroughput:0
RealWrittenBytes:0
RealWriteThroughput:0
当前玩家的连接数量:0
当前地图的线程个数：9
当前地图的个数:47
当前数据库执行队列数:0
当前发送队列缓存的对象数量:0
totalMemory：966787072, use ：644484736, free ：322302336DirectMemory：1827143680, 恢复 ：1
当前时间 ：2026-08-19 13:22:24send keng：-1, sheng ：4194304
decode keng：-1, sheng ：2097152
world keng：3, sheng ：1048576

2026-08-19 13:22:29.682 INFO [pool-6-thread-4][:] - /****************流量统计******************/
LastReadBytes:0
LastReadThroughput:0
LastWrittenBytes:0
LastWriteThroughput:0
RealWrittenBytes:0
RealWriteThroughput:0
当前玩家的连接数量:0
当前地图的线程个数：9
当前地图的个数:47
当前数据库执行队列数:0
当前发送队列缓存的对象数量:0
totalMemory：966787072, use ：647879512, free ：318907560DirectMemory：1827143680, 恢复 ：1
当前时间 ：2026-08-19 13:22:29send keng：-1, sheng ：4194304
decode keng：-1, sheng ：2097152
world keng：3, sheng ：1048576

2026-08-19 13:22:34.682 INFO [pool-6-thread-6][:] - /****************流量统计******************/
LastReadBytes:0
LastReadThroughput:0
LastWrittenBytes:0
LastWriteThroughput:0
RealWrittenBytes:0
RealWriteThroughput:0
当前玩家的连接数量:0
当前地图的线程个数：9
当前地图的个数:47
当前数据库执行队列数:0
当前发送队列缓存的对象数量:0
totalMemory：966787072, use ：651555752, free ：315231320DirectMemory：1827143680, 恢复 ：1
当前时间 ：2026-08-19 13:22:34send keng：-1, sheng ：4194304
decode keng：-1, sheng ：2097152
world keng：3, sheng ：1048576

2026-08-19 13:22:39.682 INFO [pool-6-thread-1][:] - /****************流量统计******************/
LastReadBytes:0
LastReadThroughput:0
LastWrittenBytes:0
LastWriteThroughput:0
RealWrittenBytes:0
RealWriteThroughput:0
当前玩家的连接数量:0
当前地图的线程个数：9
当前地图的个数:47
当前数据库执行队列数:0
当前发送队列缓存的对象数量:0
totalMemory：966787072, use ：654852632, free ：311934440DirectMemory：1827143680, 恢复 ：1
当前时间 ：2026-08-19 13:22:39send keng：-1, sheng ：4194304
decode keng：-1, sheng ：2097152
world keng：3, sheng ：1048576

2026-08-19 13:22:44.682 INFO [pool-6-thread-1][:] - /****************流量统计******************/
LastReadBytes:0
LastReadThroughput:0
LastWrittenBytes:0
LastWriteThroughput:0
RealWrittenBytes:0
RealWriteThroughput:0
当前玩家的连接数量:0
当前地图的线程个数：9
当前地图的个数:47
当前数据库执行队列数:0
当前发送队列缓存的对象数量:0
totalMemory：966787072, use ：658625312, free ：308161760DirectMemory：1827143680, 恢复 ：1
当前时间 ：2026-08-19 13:22:44send keng：-1, sheng ：4194304
decode keng：-1, sheng ：2097152
world keng：3, sheng ：1048576

2026-08-19 13:22:49.682 INFO [pool-6-thread-6][:] - /****************流量统计******************/
LastReadBytes:0
LastReadThroughput:0
LastWrittenBytes:0
LastWriteThroughput:0
RealWrittenBytes:0
RealWriteThroughput:0
当前玩家的连接数量:0
当前地图的线程个数：9
当前地图的个数:47
当前数据库执行队列数:0
当前发送队列缓存的对象数量:0
totalMemory：966787072, use ：661814912, free ：304972160DirectMemory：1827143680, 恢复 ：1
当前时间 ：2026-08-19 13:22:49send keng：-1, sheng ：4194304
decode keng：-1, sheng ：2097152
world keng：3, sheng ：1048576

2026-08-19 13:22:54.682 INFO [pool-6-thread-9][:] - /****************流量统计******************/
LastReadBytes:0
LastReadThroughput:0
LastWrittenBytes:0
LastWriteThroughput:0
RealWrittenBytes:0
RealWriteThroughput:0
当前玩家的连接数量:0
当前地图的线程个数：9
当前地图的个数:47
当前数据库执行队列数:0
当前发送队列缓存的对象数量:0
totalMemory：966787072, use ：666119568, free ：300667504DirectMemory：1827143680, 恢复 ：1
当前时间 ：2026-08-19 13:22:54send keng：-1, sheng ：4194304
decode keng：-1, sheng ：2097152
world keng：3, sheng ：1048576

2026-08-19 13:22:59.684 INFO [pool-6-thread-10][:] - /****************流量统计******************/
LastReadBytes:0
LastReadThroughput:0
LastWrittenBytes:0
LastWriteThroughput:0
RealWrittenBytes:0
RealWriteThroughput:0
当前玩家的连接数量:0
当前地图的线程个数：9
当前地图的个数:47
当前数据库执行队列数:0
当前发送队列缓存的对象数量:0
totalMemory：966787072, use ：668820320, free ：297966752DirectMemory：1827143680, 恢复 ：1
当前时间 ：2026-08-19 13:22:59send keng：-1, sheng ：4194304
decode keng：-1, sheng ：2097152
world keng：3, sheng ：1048576

2026-08-19 13:23:04.682 INFO [pool-6-thread-5][:] - /****************流量统计******************/
LastReadBytes:0
LastReadThroughput:0
LastWrittenBytes:0
LastWriteThroughput:0
RealWrittenBytes:0
RealWriteThroughput:0
当前玩家的连接数量:0
当前地图的线程个数：9
当前地图的个数:47
当前数据库执行队列数:0
当前发送队列缓存的对象数量:0
totalMemory：966787072, use ：673188936, free ：293598136DirectMemory：1827143680, 恢复 ：1
当前时间 ：2026-08-19 13:23:04send keng：-1, sheng ：4194304
decode keng：-1, sheng ：2097152
world keng：3, sheng ：1048576

2026-08-19 13:23:09.682 INFO [pool-6-thread-4][:] - /****************流量统计******************/
LastReadBytes:0
LastReadThroughput:0
LastWrittenBytes:0
LastWriteThroughput:0
RealWrittenBytes:0
RealWriteThroughput:0
当前玩家的连接数量:0
当前地图的线程个数：9
当前地图的个数:47
当前数据库执行队列数:0
当前发送队列缓存的对象数量:0
totalMemory：966787072, use ：676543056, free ：290244016DirectMemory：1827143680, 恢复 ：1
当前时间 ：2026-08-19 13:23:09send keng：-1, sheng ：4194304
decode keng：-1, sheng ：2097152
world keng：3, sheng ：1048576

2026-08-19 13:23:14.684 INFO [pool-6-thread-9][:] - /****************流量统计******************/
LastReadBytes:0
LastReadThroughput:0
LastWrittenBytes:0
LastWriteThroughput:0
RealWrittenBytes:0
RealWriteThroughput:0
当前玩家的连接数量:0
当前地图的线程个数：9
当前地图的个数:47
当前数据库执行队列数:0
当前发送队列缓存的对象数量:0
totalMemory：966787072, use ：680585512, free ：286201560DirectMemory：1827143680, 恢复 ：1
当前时间 ：2026-08-19 13:23:14send keng：-1, sheng ：4194304
decode keng：-1, sheng ：2097152
world keng：3, sheng ：1048576

2026-08-19 13:23:19.682 INFO [pool-6-thread-2][:] - /****************流量统计******************/
LastReadBytes:0
LastReadThroughput:0
LastWrittenBytes:0
LastWriteThroughput:0
RealWrittenBytes:0
RealWriteThroughput:0
当前玩家的连接数量:0
当前地图的线程个数：9
当前地图的个数:47
当前数据库执行队列数:0
当前发送队列缓存的对象数量:0
totalMemory：966787072, use ：683273856, free ：283513216DirectMemory：1827143680, 恢复 ：1
当前时间 ：2026-08-19 13:23:19send keng：-1, sheng ：4194304
decode keng：-1, sheng ：2097152
world keng：3, sheng ：1048576

2026-08-19 13:23:24.682 INFO [pool-6-thread-2][:] - /****************流量统计******************/
LastReadBytes:0
LastReadThroughput:0
LastWrittenBytes:0
LastWriteThroughput:0
RealWrittenBytes:0
RealWriteThroughput:0
当前玩家的连接数量:0
当前地图的线程个数：9
当前地图的个数:47
当前数据库执行队列数:0
当前发送队列缓存的对象数量:0
totalMemory：966787072, use ：687120080, free ：279666992DirectMemory：1827143680, 恢复 ：1
当前时间 ：2026-08-19 13:23:24send keng：-1, sheng ：4194304
decode keng：-1, sheng ：2097152
world keng：3, sheng ：1048576

2026-08-19 13:23:29.682 INFO [pool-6-thread-10][:] - /****************流量统计******************/
LastReadBytes:0
LastReadThroughput:0
LastWrittenBytes:0
LastWriteThroughput:0
RealWrittenBytes:0
RealWriteThroughput:0
当前玩家的连接数量:0
当前地图的线程个数：9
当前地图的个数:47
当前数据库执行队列数:0
当前发送队列缓存的对象数量:0
totalMemory：966787072, use ：690770144, free ：276016928DirectMemory：1827143680, 恢复 ：1
当前时间 ：2026-08-19 13:23:29send keng：-1, sheng ：4194304
decode keng：-1, sheng ：2097152
world keng：3, sheng ：1048576

2026-08-19 13:23:34.682 INFO [pool-6-thread-7][:] - /****************流量统计******************/
LastReadBytes:0
LastReadThroughput:0
LastWrittenBytes:0
LastWriteThroughput:0
RealWrittenBytes:0
RealWriteThroughput:0
当前玩家的连接数量:0
当前地图的线程个数：9
当前地图的个数:47
当前数据库执行队列数:0
当前发送队列缓存的对象数量:0
totalMemory：966787072, use ：694079664, free ：272707408DirectMemory：1827143680, 恢复 ：1
当前时间 ：2026-08-19 13:23:34send keng：-1, sheng ：4194304
decode keng：-1, sheng ：2097152
world keng：3, sheng ：1048576

2026-08-19 13:23:39.682 INFO [pool-6-thread-10][:] - /****************流量统计******************/
LastReadBytes:0
LastReadThroughput:0
LastWrittenBytes:0
LastWriteThroughput:0
RealWrittenBytes:0
RealWriteThroughput:0
当前玩家的连接数量:0
当前地图的线程个数：9
当前地图的个数:47
当前数据库执行队列数:0
当前发送队列缓存的对象数量:0
totalMemory：966787072, use ：697823384, free ：268963688DirectMemory：1827143680, 恢复 ：1
当前时间 ：2026-08-19 13:23:39send keng：-1, sheng ：4194304
decode keng：-1, sheng ：2097152
world keng：3, sheng ：1048576

2026-08-19 13:23:44.682 INFO [pool-6-thread-9][:] - /****************流量统计******************/
LastReadBytes:0
LastReadThroughput:0
LastWrittenBytes:0
LastWriteThroughput:0
RealWrittenBytes:0
RealWriteThroughput:0
当前玩家的连接数量:0
当前地图的线程个数：9
当前地图的个数:47
当前数据库执行队列数:0
当前发送队列缓存的对象数量:0
totalMemory：966787072, use ：701044912, free ：265742160DirectMemory：1827143680, 恢复 ：1
当前时间 ：2026-08-19 13:23:44send keng：-1, sheng ：4194304
decode keng：-1, sheng ：2097152
world keng：3, sheng ：1048576

2026-08-19 13:23:49.682 INFO [pool-6-thread-10][:] - /****************流量统计******************/
LastReadBytes:0
LastReadThroughput:0
LastWrittenBytes:0
LastWriteThroughput:0
RealWrittenBytes:0
RealWriteThroughput:0
当前玩家的连接数量:0
当前地图的线程个数：9
当前地图的个数:47
当前数据库执行队列数:0
当前发送队列缓存的对象数量:0
totalMemory：966787072, use ：706129248, free ：260657824DirectMemory：1827143680, 恢复 ：1
当前时间 ：2026-08-19 13:23:49send keng：-1, sheng ：4194304
decode keng：-1, sheng ：2097152
world keng：3, sheng ：1048576

2026-08-19 13:23:54.682 INFO [pool-6-thread-7][:] - /****************流量统计******************/
LastReadBytes:0
LastReadThroughput:0
LastWrittenBytes:0
LastWriteThroughput:0
RealWrittenBytes:0
RealWriteThroughput:0
当前玩家的连接数量:0
当前地图的线程个数：9
当前地图的个数:47
当前数据库执行队列数:0
当前发送队列缓存的对象数量:0
totalMemory：966787072, use ：708215712, free ：258571360DirectMemory：1827143680, 恢复 ：1
当前时间 ：2026-08-19 13:23:54send keng：-1, sheng ：4194304
decode keng：-1, sheng ：2097152
world keng：3, sheng ：1048576

2026-08-19 13:23:59.682 INFO [pool-6-thread-5][:] - /****************流量统计******************/
LastReadBytes:0
LastReadThroughput:0
LastWrittenBytes:0
LastWriteThroughput:0
RealWrittenBytes:0
RealWriteThroughput:0
当前玩家的连接数量:0
当前地图的线程个数：9
当前地图的个数:47
当前数据库执行队列数:0
当前发送队列缓存的对象数量:0
totalMemory：966787072, use ：712726216, free ：254060856DirectMemory：1827143680, 恢复 ：1
当前时间 ：2026-08-19 13:23:59send keng：-1, sheng ：4194304
decode keng：-1, sheng ：2097152
world keng：3, sheng ：1048576

2026-08-19 13:24:04.682 INFO [pool-6-thread-8][:] - /****************流量统计******************/
LastReadBytes:0
LastReadThroughput:0
LastWrittenBytes:0
LastWriteThroughput:0
RealWrittenBytes:0
RealWriteThroughput:0
当前玩家的连接数量:0
当前地图的线程个数：9
当前地图的个数:47
当前数据库执行队列数:0
当前发送队列缓存的对象数量:0
totalMemory：966787072, use ：716240048, free ：250547024DirectMemory：1827143680, 恢复 ：1
当前时间 ：2026-08-19 13:24:04send keng：-1, sheng ：4194304
decode keng：-1, sheng ：2097152
world keng：3, sheng ：1048576

2026-08-19 13:24:09.682 INFO [pool-6-thread-1][:] - /****************流量统计******************/
LastReadBytes:0
LastReadThroughput:0
LastWrittenBytes:0
LastWriteThroughput:0
RealWrittenBytes:0
RealWriteThroughput:0
当前玩家的连接数量:0
当前地图的线程个数：9
当前地图的个数:47
当前数据库执行队列数:0
当前发送队列缓存的对象数量:0
totalMemory：966787072, use ：719373256, free ：247413816DirectMemory：1827143680, 恢复 ：1
当前时间 ：2026-08-19 13:24:09send keng：-1, sheng ：4194304
decode keng：-1, sheng ：2097152
world keng：3, sheng ：1048576

2026-08-19 13:24:14.682 INFO [pool-6-thread-4][:] - /****************流量统计******************/
LastReadBytes:0
LastReadThroughput:0
LastWrittenBytes:0
LastWriteThroughput:0
RealWrittenBytes:0
RealWriteThroughput:0
当前玩家的连接数量:0
当前地图的线程个数：9
当前地图的个数:47
当前数据库执行队列数:0
当前发送队列缓存的对象数量:0
totalMemory：966787072, use ：722921280, free ：243865792DirectMemory：1827143680, 恢复 ：1
当前时间 ：2026-08-19 13:24:14send keng：-1, sheng ：4194304
decode keng：-1, sheng ：2097152
world keng：3, sheng ：1048576

2026-08-19 13:24:19.682 INFO [pool-6-thread-3][:] - /****************流量统计******************/
LastReadBytes:0
LastReadThroughput:0
LastWrittenBytes:0
LastWriteThroughput:0
RealWrittenBytes:0
RealWriteThroughput:0
当前玩家的连接数量:0
当前地图的线程个数：9
当前地图的个数:47
当前数据库执行队列数:0
当前发送队列缓存的对象数量:0
totalMemory：966787072, use ：399605784, free ：567181288DirectMemory：1827143680, 恢复 ：1
当前时间 ：2026-08-19 13:24:19send keng：-1, sheng ：4194304
decode keng：-1, sheng ：2097152
world keng：3, sheng ：1048576

2026-08-19 13:24:24.682 INFO [pool-6-thread-8][:] - /****************流量统计******************/
LastReadBytes:0
LastReadThroughput:0
LastWrittenBytes:0
LastWriteThroughput:0
RealWrittenBytes:0
RealWriteThroughput:0
当前玩家的连接数量:0
当前地图的线程个数：9
当前地图的个数:47
当前数据库执行队列数:0
当前发送队列缓存的对象数量:0
totalMemory：966787072, use ：403959824, free ：562827248DirectMemory：1827143680, 恢复 ：1
当前时间 ：2026-08-19 13:24:24send keng：-1, sheng ：4194304
decode keng：-1, sheng ：2097152
world keng：3, sheng ：1048576

2026-08-19 13:24:29.682 INFO [pool-6-thread-2][:] - /****************流量统计******************/
LastReadBytes:0
LastReadThroughput:0
LastWrittenBytes:0
LastWriteThroughput:0
RealWrittenBytes:0
RealWriteThroughput:0
当前玩家的连接数量:0
当前地图的线程个数：9
当前地图的个数:47
当前数据库执行队列数:0
当前发送队列缓存的对象数量:0
totalMemory：966787072, use ：406551096, free ：560235976DirectMemory：1827143680, 恢复 ：1
当前时间 ：2026-08-19 13:24:29send keng：-1, sheng ：4194304
decode keng：-1, sheng ：2097152
world keng：3, sheng ：1048576

2026-08-19 13:24:34.682 INFO [pool-6-thread-7][:] - /****************流量统计******************/
LastReadBytes:0
LastReadThroughput:0
LastWrittenBytes:0
LastWriteThroughput:0
RealWrittenBytes:0
RealWriteThroughput:0
当前玩家的连接数量:0
当前地图的线程个数：9
当前地图的个数:47
当前数据库执行队列数:0
当前发送队列缓存的对象数量:0
totalMemory：966787072, use ：410488440, free ：556298632DirectMemory：1827143680, 恢复 ：1
当前时间 ：2026-08-19 13:24:34send keng：-1, sheng ：4194304
decode keng：-1, sheng ：2097152
world keng：3, sheng ：1048576

2026-08-19 13:24:39.682 INFO [pool-6-thread-4][:] - /****************流量统计******************/
LastReadBytes:0
LastReadThroughput:0
LastWrittenBytes:0
LastWriteThroughput:0
RealWrittenBytes:0
RealWriteThroughput:0
当前玩家的连接数量:0
当前地图的线程个数：9
当前地图的个数:47
当前数据库执行队列数:0
当前发送队列缓存的对象数量:0
totalMemory：966787072, use ：413458072, free ：553329000DirectMemory：1827143680, 恢复 ：1
当前时间 ：2026-08-19 13:24:39send keng：-1, sheng ：4194304
decode keng：-1, sheng ：2097152
world keng：3, sheng ：1048576

2026-08-19 13:24:44.682 INFO [pool-6-thread-8][:] - /****************流量统计******************/
LastReadBytes:0
LastReadThroughput:0
LastWrittenBytes:0
LastWriteThroughput:0
RealWrittenBytes:0
RealWriteThroughput:0
当前玩家的连接数量:0
当前地图的线程个数：9
当前地图的个数:47
当前数据库执行队列数:0
当前发送队列缓存的对象数量:0
totalMemory：966787072, use ：417869656, free ：548917416DirectMemory：1827143680, 恢复 ：1
当前时间 ：2026-08-19 13:24:44send keng：-1, sheng ：4194304
decode keng：-1, sheng ：2097152
world keng：3, sheng ：1048576

2026-08-19 13:24:49.682 INFO [pool-6-thread-9][:] - /****************流量统计******************/
LastReadBytes:0
LastReadThroughput:0
LastWrittenBytes:0
LastWriteThroughput:0
RealWrittenBytes:0
RealWriteThroughput:0
当前玩家的连接数量:0
当前地图的线程个数：9
当前地图的个数:47
当前数据库执行队列数:0
当前发送队列缓存的对象数量:0
totalMemory：966787072, use ：419569536, free ：547217536DirectMemory：1827143680, 恢复 ：1
当前时间 ：2026-08-19 13:24:49send keng：-1, sheng ：4194304
decode keng：-1, sheng ：2097152
world keng：3, sheng ：1048576

2026-08-19 13:24:54.682 INFO [pool-6-thread-6][:] - /****************流量统计******************/
LastReadBytes:0
LastReadThroughput:0
LastWrittenBytes:0
LastWriteThroughput:0
RealWrittenBytes:0
RealWriteThroughput:0
当前玩家的连接数量:0
当前地图的线程个数：9
当前地图的个数:47
当前数据库执行队列数:0
当前发送队列缓存的对象数量:0
totalMemory：966787072, use ：424328064, free ：542459008DirectMemory：1827143680, 恢复 ：1
当前时间 ：2026-08-19 13:24:54send keng：-1, sheng ：4194304
decode keng：-1, sheng ：2097152
world keng：3, sheng ：1048576

2026-08-19 13:24:59.682 INFO [pool-6-thread-8][:] - /****************流量统计******************/
LastReadBytes:0
LastReadThroughput:0
LastWrittenBytes:0
LastWriteThroughput:0
RealWrittenBytes:0
RealWriteThroughput:0
当前玩家的连接数量:0
当前地图的线程个数：9
当前地图的个数:47
当前数据库执行队列数:0
当前发送队列缓存的对象数量:0
totalMemory：966787072, use ：427376904, free ：539410168DirectMemory：1827143680, 恢复 ：1
当前时间 ：2026-08-19 13:24:59send keng：-1, sheng ：4194304
decode keng：-1, sheng ：2097152
world keng：3, sheng ：1048576

2026-08-19 13:25:04.682 INFO [pool-6-thread-7][:] - /****************流量统计******************/
LastReadBytes:0
LastReadThroughput:0
LastWrittenBytes:0
LastWriteThroughput:0
RealWrittenBytes:0
RealWriteThroughput:0
当前玩家的连接数量:0
当前地图的线程个数：9
当前地图的个数:47
当前数据库执行队列数:0
当前发送队列缓存的对象数量:0
totalMemory：966787072, use ：431397608, free ：535389464DirectMemory：1827143680, 恢复 ：1
当前时间 ：2026-08-19 13:25:04send keng：-1, sheng ：4194304
decode keng：-1, sheng ：2097152
world keng：3, sheng ：1048576

2026-08-19 13:25:09.682 INFO [pool-6-thread-6][:] - /****************流量统计******************/
LastReadBytes:0
LastReadThroughput:0
LastWrittenBytes:0
LastWriteThroughput:0
RealWrittenBytes:0
RealWriteThroughput:0
当前玩家的连接数量:0
当前地图的线程个数：9
当前地图的个数:47
当前数据库执行队列数:0
当前发送队列缓存的对象数量:0
totalMemory：966787072, use ：434879600, free ：531907472DirectMemory：1827143680, 恢复 ：1
当前时间 ：2026-08-19 13:25:09send keng：-1, sheng ：4194304
decode keng：-1, sheng ：2097152
world keng：3, sheng ：1048576

2026-08-19 13:25:14.682 INFO [pool-6-thread-2][:] - /****************流量统计******************/
LastReadBytes:0
LastReadThroughput:0
LastWrittenBytes:0
LastWriteThroughput:0
RealWrittenBytes:0
RealWriteThroughput:0
当前玩家的连接数量:0
当前地图的线程个数：9
当前地图的个数:47
当前数据库执行队列数:0
当前发送队列缓存的对象数量:0
totalMemory：966787072, use ：438801768, free ：527985304DirectMemory：1827143680, 恢复 ：1
当前时间 ：2026-08-19 13:25:14send keng：-1, sheng ：4194304
decode keng：-1, sheng ：2097152
world keng：3, sheng ：1048576

2026-08-19 13:25:19.682 INFO [pool-6-thread-2][:] - /****************流量统计******************/
LastReadBytes:0
LastReadThroughput:0
LastWrittenBytes:0
LastWriteThroughput:0
RealWrittenBytes:0
RealWriteThroughput:0
当前玩家的连接数量:0
当前地图的线程个数：9
当前地图的个数:47
当前数据库执行队列数:0
当前发送队列缓存的对象数量:0
totalMemory：966787072, use ：442560376, free ：524226696DirectMemory：1827143680, 恢复 ：1
当前时间 ：2026-08-19 13:25:19send keng：-1, sheng ：4194304
decode keng：-1, sheng ：2097152
world keng：3, sheng ：1048576

2026-08-19 13:25:24.682 INFO [pool-6-thread-3][:] - /****************流量统计******************/
LastReadBytes:0
LastReadThroughput:0
LastWrittenBytes:0
LastWriteThroughput:0
RealWrittenBytes:0
RealWriteThroughput:0
当前玩家的连接数量:0
当前地图的线程个数：9
当前地图的个数:47
当前数据库执行队列数:0
当前发送队列缓存的对象数量:0
totalMemory：966787072, use ：446209880, free ：520577192DirectMemory：1827143680, 恢复 ：1
当前时间 ：2026-08-19 13:25:24send keng：-1, sheng ：4194304
decode keng：-1, sheng ：2097152
world keng：3, sheng ：1048576

2026-08-19 13:25:29.682 INFO [pool-6-thread-9][:] - /****************流量统计******************/
LastReadBytes:0
LastReadThroughput:0
LastWrittenBytes:0
LastWriteThroughput:0
RealWrittenBytes:0
RealWriteThroughput:0
当前玩家的连接数量:0
当前地图的线程个数：9
当前地图的个数:47
当前数据库执行队列数:0
当前发送队列缓存的对象数量:0
totalMemory：966787072, use ：450122520, free ：516664552DirectMemory：1827143680, 恢复 ：1
当前时间 ：2026-08-19 13:25:29send keng：-1, sheng ：4194304
decode keng：-1, sheng ：2097152
world keng：3, sheng ：1048576

2026-08-19 13:25:34.682 INFO [pool-6-thread-7][:] - /****************流量统计******************/
LastReadBytes:0
LastReadThroughput:0
LastWrittenBytes:0
LastWriteThroughput:0
RealWrittenBytes:0
RealWriteThroughput:0
当前玩家的连接数量:0
当前地图的线程个数：9
当前地图的个数:47
当前数据库执行队列数:0
当前发送队列缓存的对象数量:0
totalMemory：966787072, use ：452665624, free ：514121448DirectMemory：1827143680, 恢复 ：1
当前时间 ：2026-08-19 13:25:34send keng：-1, sheng ：4194304
decode keng：-1, sheng ：2097152
world keng：3, sheng ：1048576

2026-08-19 13:25:39.682 INFO [pool-6-thread-4][:] - /****************流量统计******************/
LastReadBytes:0
LastReadThroughput:0
LastWrittenBytes:0
LastWriteThroughput:0
RealWrittenBytes:0
RealWriteThroughput:0
当前玩家的连接数量:0
当前地图的线程个数：9
当前地图的个数:47
当前数据库执行队列数:0
当前发送队列缓存的对象数量:0
totalMemory：966787072, use ：457085952, free ：509701120DirectMemory：1827143680, 恢复 ：1
当前时间 ：2026-08-19 13:25:39send keng：-1, sheng ：4194304
decode keng：-1, sheng ：2097152
world keng：3, sheng ：1048576

2026-08-19 13:25:44.682 INFO [pool-6-thread-5][:] - /****************流量统计******************/
LastReadBytes:0
LastReadThroughput:0
LastWrittenBytes:0
LastWriteThroughput:0
RealWrittenBytes:0
RealWriteThroughput:0
当前玩家的连接数量:0
当前地图的线程个数：9
当前地图的个数:47
当前数据库执行队列数:0
当前发送队列缓存的对象数量:0
totalMemory：966787072, use ：459211920, free ：507575152DirectMemory：1827143680, 恢复 ：1
当前时间 ：2026-08-19 13:25:44send keng：-1, sheng ：4194304
decode keng：-1, sheng ：2097152
world keng：3, sheng ：1048576

2026-08-19 13:25:49.682 INFO [pool-6-thread-7][:] - /****************流量统计******************/
LastReadBytes:0
LastReadThroughput:0
LastWrittenBytes:0
LastWriteThroughput:0
RealWrittenBytes:0
RealWriteThroughput:0
当前玩家的连接数量:0
当前地图的线程个数：9
当前地图的个数:47
当前数据库执行队列数:0
当前发送队列缓存的对象数量:0
totalMemory：966787072, use ：463201968, free ：503585104DirectMemory：1827143680, 恢复 ：1
当前时间 ：2026-08-19 13:25:49send keng：-1, sheng ：4194304
decode keng：-1, sheng ：2097152
world keng：3, sheng ：1048576

2026-08-19 13:25:54.682 INFO [pool-6-thread-5][:] - /****************流量统计******************/
LastReadBytes:0
LastReadThroughput:0
LastWrittenBytes:0
LastWriteThroughput:0
RealWrittenBytes:0
RealWriteThroughput:0
当前玩家的连接数量:0
当前地图的线程个数：9
当前地图的个数:47
当前数据库执行队列数:0
当前发送队列缓存的对象数量:0
totalMemory：966787072, use ：465749024, free ：501038048DirectMemory：1827143680, 恢复 ：1
当前时间 ：2026-08-19 13:25:54send keng：-1, sheng ：4194304
decode keng：-1, sheng ：2097152
world keng：3, sheng ：1048576

2026-08-19 13:25:59.682 INFO [pool-6-thread-9][:] - /****************流量统计******************/
LastReadBytes:0
LastReadThroughput:0
LastWrittenBytes:0
LastWriteThroughput:0
RealWrittenBytes:0
RealWriteThroughput:0
当前玩家的连接数量:0
当前地图的线程个数：9
当前地图的个数:47
当前数据库执行队列数:0
当前发送队列缓存的对象数量:0
totalMemory：966787072, use ：470520904, free ：496266168DirectMemory：1827143680, 恢复 ：1
当前时间 ：2026-08-19 13:25:59send keng：-1, sheng ：4194304
decode keng：-1, sheng ：2097152
world keng：3, sheng ：1048576

2026-08-19 13:26:04.682 INFO [pool-6-thread-3][:] - /****************流量统计******************/
LastReadBytes:0
LastReadThroughput:0
LastWrittenBytes:0
LastWriteThroughput:0
RealWrittenBytes:0
RealWriteThroughput:0
当前玩家的连接数量:0
当前地图的线程个数：9
当前地图的个数:47
当前数据库执行队列数:0
当前发送队列缓存的对象数量:0
totalMemory：966787072, use ：472867064, free ：493920008DirectMemory：1827143680, 恢复 ：1
当前时间 ：2026-08-19 13:26:04send keng：-1, sheng ：4194304
decode keng：-1, sheng ：2097152
world keng：3, sheng ：1048576

2026-08-19 13:26:09.682 INFO [pool-6-thread-6][:] - /****************流量统计******************/
LastReadBytes:0
LastReadThroughput:0
LastWrittenBytes:0
LastWriteThroughput:0
RealWrittenBytes:0
RealWriteThroughput:0
当前玩家的连接数量:0
当前地图的线程个数：9
当前地图的个数:47
当前数据库执行队列数:0
当前发送队列缓存的对象数量:0
totalMemory：966787072, use ：477166496, free ：489620576DirectMemory：1827143680, 恢复 ：1
当前时间 ：2026-08-19 13:26:09send keng：-1, sheng ：4194304
decode keng：-1, sheng ：2097152
world keng：3, sheng ：1048576

2026-08-19 13:26:14.682 INFO [pool-6-thread-8][:] - /****************流量统计******************/
LastReadBytes:0
LastReadThroughput:0
LastWrittenBytes:0
LastWriteThroughput:0
RealWrittenBytes:0
RealWriteThroughput:0
当前玩家的连接数量:0
当前地图的线程个数：9
当前地图的个数:47
当前数据库执行队列数:0
当前发送队列缓存的对象数量:0
totalMemory：966787072, use ：482097096, free ：484689976DirectMemory：1827143680, 恢复 ：1
当前时间 ：2026-08-19 13:26:14send keng：-1, sheng ：4194304
decode keng：-1, sheng ：2097152
world keng：3, sheng ：1048576

2026-08-19 13:26:19.682 INFO [pool-6-thread-9][:] - /****************流量统计******************/
LastReadBytes:0
LastReadThroughput:0
LastWrittenBytes:0
LastWriteThroughput:0
RealWrittenBytes:0
RealWriteThroughput:0
当前玩家的连接数量:0
当前地图的线程个数：9
当前地图的个数:47
当前数据库执行队列数:0
当前发送队列缓存的对象数量:0
totalMemory：966787072, use ：483739968, free ：483047104DirectMemory：1827143680, 恢复 ：1
当前时间 ：2026-08-19 13:26:19send keng：-1, sheng ：4194304
decode keng：-1, sheng ：2097152
world keng：3, sheng ：1048576

2026-08-19 13:26:24.682 INFO [pool-6-thread-10][:] - /****************流量统计******************/
LastReadBytes:0
LastReadThroughput:0
LastWrittenBytes:0
LastWriteThroughput:0
RealWrittenBytes:0
RealWriteThroughput:0
当前玩家的连接数量:0
当前地图的线程个数：9
当前地图的个数:47
当前数据库执行队列数:0
当前发送队列缓存的对象数量:0
totalMemory：966787072, use ：489351416, free ：477435656DirectMemory：1827143680, 恢复 ：1
当前时间 ：2026-08-19 13:26:24send keng：-1, sheng ：4194304
decode keng：-1, sheng ：2097152
world keng：3, sheng ：1048576

2026-08-19 13:26:29.682 INFO [pool-6-thread-7][:] - /****************流量统计******************/
LastReadBytes:0
LastReadThroughput:0
LastWrittenBytes:0
LastWriteThroughput:0
RealWrittenBytes:0
RealWriteThroughput:0
当前玩家的连接数量:0
当前地图的线程个数：9
当前地图的个数:47
当前数据库执行队列数:0
当前发送队列缓存的对象数量:0
totalMemory：966787072, use ：491962200, free ：474824872DirectMemory：1827143680, 恢复 ：1
当前时间 ：2026-08-19 13:26:29send keng：-1, sheng ：4194304
decode keng：-1, sheng ：2097152
world keng：3, sheng ：1048576

2026-08-19 13:26:34.682 INFO [pool-6-thread-4][:] - /****************流量统计******************/
LastReadBytes:0
LastReadThroughput:0
LastWrittenBytes:0
LastWriteThroughput:0
RealWrittenBytes:0
RealWriteThroughput:0
当前玩家的连接数量:0
当前地图的线程个数：9
当前地图的个数:47
当前数据库执行队列数:0
当前发送队列缓存的对象数量:0
totalMemory：966787072, use ：495884136, free ：470902936DirectMemory：1827143680, 恢复 ：1
当前时间 ：2026-08-19 13:26:34send keng：-1, sheng ：4194304
decode keng：-1, sheng ：2097152
world keng：3, sheng ：1048576

2026-08-19 13:26:39.683 INFO [pool-6-thread-6][:] - /****************流量统计******************/
LastReadBytes:0
LastReadThroughput:0
LastWrittenBytes:0
LastWriteThroughput:0
RealWrittenBytes:0
RealWriteThroughput:0
当前玩家的连接数量:0
当前地图的线程个数：9
当前地图的个数:47
当前数据库执行队列数:0
当前发送队列缓存的对象数量:0
totalMemory：966787072, use ：497999848, free ：468787224DirectMemory：1827143680, 恢复 ：1
当前时间 ：2026-08-19 13:26:39send keng：-1, sheng ：4194304
decode keng：-1, sheng ：2097152
world keng：3, sheng ：1048576

2026-08-19 13:26:44.682 INFO [pool-6-thread-8][:] - /****************流量统计******************/
LastReadBytes:0
LastReadThroughput:0
LastWrittenBytes:0
LastWriteThroughput:0
RealWrittenBytes:0
RealWriteThroughput:0
当前玩家的连接数量:0
当前地图的线程个数：9
当前地图的个数:47
当前数据库执行队列数:0
当前发送队列缓存的对象数量:0
totalMemory：966787072, use ：501980632, free ：464806440DirectMemory：1827143680, 恢复 ：1
当前时间 ：2026-08-19 13:26:44send keng：-1, sheng ：4194304
decode keng：-1, sheng ：2097152
world keng：3, sheng ：1048576

2026-08-19 13:26:49.682 INFO [pool-6-thread-10][:] - /****************流量统计******************/
LastReadBytes:0
LastReadThroughput:0
LastWrittenBytes:0
LastWriteThroughput:0
RealWrittenBytes:0
RealWriteThroughput:0
当前玩家的连接数量:0
当前地图的线程个数：9
当前地图的个数:47
当前数据库执行队列数:0
当前发送队列缓存的对象数量:0
totalMemory：966787072, use ：504536872, free ：462250200DirectMemory：1827143680, 恢复 ：1
当前时间 ：2026-08-19 13:26:49send keng：-1, sheng ：4194304
decode keng：-1, sheng ：2097152
world keng：3, sheng ：1048576

2026-08-19 13:26:54.682 INFO [pool-6-thread-7][:] - /****************流量统计******************/
LastReadBytes:0
LastReadThroughput:0
LastWrittenBytes:0
LastWriteThroughput:0
RealWrittenBytes:0
RealWriteThroughput:0
当前玩家的连接数量:0
当前地图的线程个数：9
当前地图的个数:47
当前数据库执行队列数:0
当前发送队列缓存的对象数量:0
totalMemory：966787072, use ：509744848, free ：457042224DirectMemory：1827143680, 恢复 ：1
当前时间 ：2026-08-19 13:26:54send keng：-1, sheng ：4194304
decode keng：-1, sheng ：2097152
world keng：3, sheng ：1048576

2026-08-19 13:26:59.682 INFO [pool-6-thread-6][:] - /****************流量统计******************/
LastReadBytes:0
LastReadThroughput:0
LastWrittenBytes:0
LastWriteThroughput:0
RealWrittenBytes:0
RealWriteThroughput:0
当前玩家的连接数量:0
当前地图的线程个数：9
当前地图的个数:47
当前数据库执行队列数:0
当前发送队列缓存的对象数量:0
totalMemory：966787072, use ：512270632, free ：454516440DirectMemory：1827143680, 恢复 ：1
当前时间 ：2026-08-19 13:26:59send keng：-1, sheng ：4194304
decode keng：-1, sheng ：2097152
world keng：3, sheng ：1048576

2026-08-19 13:27:04.682 INFO [pool-6-thread-6][:] - /****************流量统计******************/
LastReadBytes:0
LastReadThroughput:0
LastWrittenBytes:0
LastWriteThroughput:0
RealWrittenBytes:0
RealWriteThroughput:0
当前玩家的连接数量:0
当前地图的线程个数：9
当前地图的个数:47
当前数据库执行队列数:0
当前发送队列缓存的对象数量:0
totalMemory：966787072, use ：517222456, free ：449564616DirectMemory：1827143680, 恢复 ：1
当前时间 ：2026-08-19 13:27:04send keng：-1, sheng ：4194304
decode keng：-1, sheng ：2097152
world keng：3, sheng ：1048576

2026-08-19 13:27:09.682 INFO [pool-6-thread-9][:] - /****************流量统计******************/
LastReadBytes:0
LastReadThroughput:0
LastWrittenBytes:0
LastWriteThroughput:0
RealWrittenBytes:0
RealWriteThroughput:0
当前玩家的连接数量:0
当前地图的线程个数：9
当前地图的个数:47
当前数据库执行队列数:0
当前发送队列缓存的对象数量:0
totalMemory：966787072, use ：520824728, free ：445962344DirectMemory：1827143680, 恢复 ：1
当前时间 ：2026-08-19 13:27:09send keng：-1, sheng ：4194304
decode keng：-1, sheng ：2097152
world keng：3, sheng ：1048576

2026-08-19 13:27:14.682 INFO [pool-6-thread-2][:] - /****************流量统计******************/
LastReadBytes:0
LastReadThroughput:0
LastWrittenBytes:0
LastWriteThroughput:0
RealWrittenBytes:0
RealWriteThroughput:0
当前玩家的连接数量:0
当前地图的线程个数：9
当前地图的个数:47
当前数据库执行队列数:0
当前发送队列缓存的对象数量:0
totalMemory：966787072, use ：523773152, free ：443013920DirectMemory：1827143680, 恢复 ：1
当前时间 ：2026-08-19 13:27:14send keng：-1, sheng ：4194304
decode keng：-1, sheng ：2097152
world keng：3, sheng ：1048576

2026-08-19 13:27:19.683 INFO [pool-6-thread-8][:] - /****************流量统计******************/
LastReadBytes:0
LastReadThroughput:0
LastWrittenBytes:0
LastWriteThroughput:0
RealWrittenBytes:0
RealWriteThroughput:0
当前玩家的连接数量:0
当前地图的线程个数：9
当前地图的个数:47
当前数据库执行队列数:0
当前发送队列缓存的对象数量:0
totalMemory：966787072, use ：527681408, free ：439105664DirectMemory：1827143680, 恢复 ：1
当前时间 ：2026-08-19 13:27:19send keng：-1, sheng ：4194304
decode keng：-1, sheng ：2097152
world keng：3, sheng ：1048576

2026-08-19 13:27:24.682 INFO [pool-6-thread-7][:] - /****************流量统计******************/
LastReadBytes:0
LastReadThroughput:0
LastWrittenBytes:0
LastWriteThroughput:0
RealWrittenBytes:0
RealWriteThroughput:0
当前玩家的连接数量:0
当前地图的线程个数：9
当前地图的个数:47
当前数据库执行队列数:0
当前发送队列缓存的对象数量:0
totalMemory：966787072, use ：530775976, free ：436011096DirectMemory：1827143680, 恢复 ：1
当前时间 ：2026-08-19 13:27:24send keng：-1, sheng ：4194304
decode keng：-1, sheng ：2097152
world keng：3, sheng ：1048576

2026-08-19 13:27:29.682 INFO [pool-6-thread-1][:] - /****************流量统计******************/
LastReadBytes:0
LastReadThroughput:0
LastWrittenBytes:0
LastWriteThroughput:0
RealWrittenBytes:0
RealWriteThroughput:0
当前玩家的连接数量:0
当前地图的线程个数：9
当前地图的个数:47
当前数据库执行队列数:0
当前发送队列缓存的对象数量:0
totalMemory：966787072, use ：534681152, free ：432105920DirectMemory：1827143680, 恢复 ：1
当前时间 ：2026-08-19 13:27:29send keng：-1, sheng ：4194304
decode keng：-1, sheng ：2097152
world keng：3, sheng ：1048576

2026-08-19 13:27:34.682 INFO [pool-6-thread-6][:] - /****************流量统计******************/
LastReadBytes:0
LastReadThroughput:0
LastWrittenBytes:0
LastWriteThroughput:0
RealWrittenBytes:0
RealWriteThroughput:0
当前玩家的连接数量:0
当前地图的线程个数：9
当前地图的个数:47
当前数据库执行队列数:0
当前发送队列缓存的对象数量:0
totalMemory：966787072, use ：537211776, free ：429575296DirectMemory：1827143680, 恢复 ：1
当前时间 ：2026-08-19 13:27:34send keng：-1, sheng ：4194304
decode keng：-1, sheng ：2097152
world keng：3, sheng ：1048576

2026-08-19 13:27:39.682 INFO [pool-6-thread-6][:] - /****************流量统计******************/
LastReadBytes:0
LastReadThroughput:0
LastWrittenBytes:0
LastWriteThroughput:0
RealWrittenBytes:0
RealWriteThroughput:0
当前玩家的连接数量:0
当前地图的线程个数：9
当前地图的个数:47
当前数据库执行队列数:0
当前发送队列缓存的对象数量:0
totalMemory：966787072, use ：541622768, free ：425164304DirectMemory：1827143680, 恢复 ：1
当前时间 ：2026-08-19 13:27:39send keng：-1, sheng ：4194304
decode keng：-1, sheng ：2097152
world keng：3, sheng ：1048576

2026-08-19 13:27:44.684 INFO [pool-6-thread-4][:] - /****************流量统计******************/
LastReadBytes:0
LastReadThroughput:0
LastWrittenBytes:0
LastWriteThroughput:0
RealWrittenBytes:0
RealWriteThroughput:0
当前玩家的连接数量:0
当前地图的线程个数：9
当前地图的个数:47
当前数据库执行队列数:0
当前发送队列缓存的对象数量:0
totalMemory：966787072, use ：543793072, free ：422994000DirectMemory：1827143680, 恢复 ：1
当前时间 ：2026-08-19 13:27:44send keng：-1, sheng ：4194304
decode keng：-1, sheng ：2097152
world keng：3, sheng ：1048576

2026-08-19 13:27:49.682 INFO [pool-6-thread-9][:] - /****************流量统计******************/
LastReadBytes:0
LastReadThroughput:0
LastWrittenBytes:0
LastWriteThroughput:0
RealWrittenBytes:0
RealWriteThroughput:0
当前玩家的连接数量:0
当前地图的线程个数：9
当前地图的个数:47
当前数据库执行队列数:0
当前发送队列缓存的对象数量:0
totalMemory：966787072, use ：549446688, free ：417340384DirectMemory：1827143680, 恢复 ：1
当前时间 ：2026-08-19 13:27:49send keng：-1, sheng ：4194304
decode keng：-1, sheng ：2097152
world keng：3, sheng ：1048576

2026-08-19 13:27:54.682 INFO [pool-6-thread-2][:] - /****************流量统计******************/
LastReadBytes:0
LastReadThroughput:0
LastWrittenBytes:0
LastWriteThroughput:0
RealWrittenBytes:0
RealWriteThroughput:0
当前玩家的连接数量:0
当前地图的线程个数：9
当前地图的个数:47
当前数据库执行队列数:0
当前发送队列缓存的对象数量:0
totalMemory：966787072, use ：551925824, free ：414861248DirectMemory：1827143680, 恢复 ：1
当前时间 ：2026-08-19 13:27:54send keng：-1, sheng ：4194304
decode keng：-1, sheng ：2097152
world keng：3, sheng ：1048576

2026-08-19 13:27:59.682 INFO [pool-6-thread-1][:] - /****************流量统计******************/
LastReadBytes:0
LastReadThroughput:0
LastWrittenBytes:0
LastWriteThroughput:0
RealWrittenBytes:0
RealWriteThroughput:0
当前玩家的连接数量:0
当前地图的线程个数：9
当前地图的个数:47
当前数据库执行队列数:0
当前发送队列缓存的对象数量:0
totalMemory：966787072, use ：555488280, free ：411298792DirectMemory：1827143680, 恢复 ：1
当前时间 ：2026-08-19 13:27:59send keng：-1, sheng ：4194304
decode keng：-1, sheng ：2097152
world keng：3, sheng ：1048576

2026-08-19 13:28:04.682 INFO [pool-6-thread-1][:] - /****************流量统计******************/
LastReadBytes:0
LastReadThroughput:0
LastWrittenBytes:0
LastWriteThroughput:0
RealWrittenBytes:0
RealWriteThroughput:0
当前玩家的连接数量:0
当前地图的线程个数：9
当前地图的个数:47
当前数据库执行队列数:0
当前发送队列缓存的对象数量:0
totalMemory：966787072, use ：559511040, free ：407276032DirectMemory：1827143680, 恢复 ：1
当前时间 ：2026-08-19 13:28:04send keng：-1, sheng ：4194304
decode keng：-1, sheng ：2097152
world keng：3, sheng ：1048576

2026-08-19 13:28:09.682 INFO [pool-6-thread-8][:] - /****************流量统计******************/
LastReadBytes:0
LastReadThroughput:0
LastWrittenBytes:0
LastWriteThroughput:0
RealWrittenBytes:0
RealWriteThroughput:0
当前玩家的连接数量:0
当前地图的线程个数：9
当前地图的个数:47
当前数据库执行队列数:0
当前发送队列缓存的对象数量:0
totalMemory：966787072, use ：562134280, free ：404652792DirectMemory：1827143680, 恢复 ：1
当前时间 ：2026-08-19 13:28:09send keng：-1, sheng ：4194304
decode keng：-1, sheng ：2097152
world keng：3, sheng ：1048576

2026-08-19 13:28:14.682 INFO [pool-6-thread-6][:] - /****************流量统计******************/
LastReadBytes:0
LastReadThroughput:0
LastWrittenBytes:0
LastWriteThroughput:0
RealWrittenBytes:0
RealWriteThroughput:0
当前玩家的连接数量:0
当前地图的线程个数：9
当前地图的个数:47
当前数据库执行队列数:0
当前发送队列缓存的对象数量:0
totalMemory：966787072, use ：567202296, free ：399584776DirectMemory：1827143680, 恢复 ：1
当前时间 ：2026-08-19 13:28:14send keng：-1, sheng ：4194304
decode keng：-1, sheng ：2097152
world keng：3, sheng ：1048576

2026-08-19 13:28:19.682 INFO [pool-6-thread-1][:] - /****************流量统计******************/
LastReadBytes:0
LastReadThroughput:0
LastWrittenBytes:0
LastWriteThroughput:0
RealWrittenBytes:0
RealWriteThroughput:0
当前玩家的连接数量:0
当前地图的线程个数：9
当前地图的个数:47
当前数据库执行队列数:0
当前发送队列缓存的对象数量:0
totalMemory：966787072, use ：569127864, free ：397659208DirectMemory：1827143680, 恢复 ：1
当前时间 ：2026-08-19 13:28:19send keng：-1, sheng ：4194304
decode keng：-1, sheng ：2097152
world keng：3, sheng ：1048576

2026-08-19 13:28:24.682 INFO [pool-6-thread-1][:] - /****************流量统计******************/
LastReadBytes:0
LastReadThroughput:0
LastWrittenBytes:0
LastWriteThroughput:0
RealWrittenBytes:0
RealWriteThroughput:0
当前玩家的连接数量:0
当前地图的线程个数：9
当前地图的个数:47
当前数据库执行队列数:0
当前发送队列缓存的对象数量:0
totalMemory：966787072, use ：573467016, free ：393320056DirectMemory：1827143680, 恢复 ：1
当前时间 ：2026-08-19 13:28:24send keng：-1, sheng ：4194304
decode keng：-1, sheng ：2097152
world keng：3, sheng ：1048576

2026-08-19 13:28:29.682 INFO [pool-6-thread-5][:] - /****************流量统计******************/
LastReadBytes:0
LastReadThroughput:0
LastWrittenBytes:0
LastWriteThroughput:0
RealWrittenBytes:0
RealWriteThroughput:0
当前玩家的连接数量:0
当前地图的线程个数：9
当前地图的个数:47
当前数据库执行队列数:0
当前发送队列缓存的对象数量:0
totalMemory：966787072, use ：576941520, free ：389845552DirectMemory：1827143680, 恢复 ：1
当前时间 ：2026-08-19 13:28:29send keng：-1, sheng ：4194304
decode keng：-1, sheng ：2097152
world keng：3, sheng ：1048576

2026-08-19 13:28:34.682 INFO [pool-6-thread-4][:] - /****************流量统计******************/
LastReadBytes:0
LastReadThroughput:0
LastWrittenBytes:0
LastWriteThroughput:0
RealWrittenBytes:0
RealWriteThroughput:0
当前玩家的连接数量:0
当前地图的线程个数：9
当前地图的个数:47
当前数据库执行队列数:0
当前发送队列缓存的对象数量:0
totalMemory：966787072, use ：580850808, free ：385936264DirectMemory：1827143680, 恢复 ：1
当前时间 ：2026-08-19 13:28:34send keng：-1, sheng ：4194304
decode keng：-1, sheng ：2097152
world keng：3, sheng ：1048576

2026-08-19 13:28:39.682 INFO [pool-6-thread-10][:] - /****************流量统计******************/
LastReadBytes:0
LastReadThroughput:0
LastWrittenBytes:0
LastWriteThroughput:0
RealWrittenBytes:0
RealWriteThroughput:0
当前玩家的连接数量:0
当前地图的线程个数：9
当前地图的个数:47
当前数据库执行队列数:0
当前发送队列缓存的对象数量:0
totalMemory：966787072, use ：583014408, free ：383772664DirectMemory：1827143680, 恢复 ：1
当前时间 ：2026-08-19 13:28:39send keng：-1, sheng ：4194304
decode keng：-1, sheng ：2097152
world keng：3, sheng ：1048576

2026-08-19 13:28:44.682 INFO [pool-6-thread-10][:] - /****************流量统计******************/
LastReadBytes:0
LastReadThroughput:0
LastWrittenBytes:0
LastWriteThroughput:0
RealWrittenBytes:0
RealWriteThroughput:0
当前玩家的连接数量:0
当前地图的线程个数：9
当前地图的个数:47
当前数据库执行队列数:0
当前发送队列缓存的对象数量:0
totalMemory：966787072, use ：588235640, free ：378551432DirectMemory：1827143680, 恢复 ：1
当前时间 ：2026-08-19 13:28:44send keng：-1, sheng ：4194304
decode keng：-1, sheng ：2097152
world keng：3, sheng ：1048576

2026-08-19 13:28:49.682 INFO [pool-6-thread-7][:] - /****************流量统计******************/
LastReadBytes:0
LastReadThroughput:0
LastWrittenBytes:0
LastWriteThroughput:0
RealWrittenBytes:0
RealWriteThroughput:0
当前玩家的连接数量:0
当前地图的线程个数：9
当前地图的个数:47
当前数据库执行队列数:0
当前发送队列缓存的对象数量:0
totalMemory：966787072, use ：591830936, free ：374956136DirectMemory：1827143680, 恢复 ：1
当前时间 ：2026-08-19 13:28:49send keng：-1, sheng ：4194304
decode keng：-1, sheng ：2097152
world keng：3, sheng ：1048576

2026-08-19 13:28:54.682 INFO [pool-6-thread-3][:] - /****************流量统计******************/
LastReadBytes:0
LastReadThroughput:0
LastWrittenBytes:0
LastWriteThroughput:0
RealWrittenBytes:0
RealWriteThroughput:0
当前玩家的连接数量:0
当前地图的线程个数：9
当前地图的个数:47
当前数据库执行队列数:0
当前发送队列缓存的对象数量:0
totalMemory：966787072, use ：594710904, free ：372076168DirectMemory：1827143680, 恢复 ：1
当前时间 ：2026-08-19 13:28:54send keng：-1, sheng ：4194304
decode keng：-1, sheng ：2097152
world keng：3, sheng ：1048576

2026-08-19 13:28:59.682 INFO [pool-6-thread-8][:] - /****************流量统计******************/
LastReadBytes:0
LastReadThroughput:0
LastWrittenBytes:0
LastWriteThroughput:0
RealWrittenBytes:0
RealWriteThroughput:0
当前玩家的连接数量:0
当前地图的线程个数：9
当前地图的个数:47
当前数据库执行队列数:0
当前发送队列缓存的对象数量:0
totalMemory：966787072, use ：598642512, free ：368144560DirectMemory：1827143680, 恢复 ：1
当前时间 ：2026-08-19 13:28:59send keng：-1, sheng ：4194304
decode keng：-1, sheng ：2097152
world keng：3, sheng ：1048576

2026-08-19 13:29:04.682 INFO [pool-6-thread-9][:] - /****************流量统计******************/
LastReadBytes:0
LastReadThroughput:0
LastWrittenBytes:0
LastWriteThroughput:0
RealWrittenBytes:0
RealWriteThroughput:0
当前玩家的连接数量:0
当前地图的线程个数：9
当前地图的个数:47
当前数据库执行队列数:0
当前发送队列缓存的对象数量:0
totalMemory：966787072, use ：601772816, free ：365014256DirectMemory：1827143680, 恢复 ：1
当前时间 ：2026-08-19 13:29:04send keng：-1, sheng ：4194304
decode keng：-1, sheng ：2097152
world keng：3, sheng ：1048576

2026-08-19 13:29:09.682 INFO [pool-6-thread-5][:] - /****************流量统计******************/
LastReadBytes:0
LastReadThroughput:0
LastWrittenBytes:0
LastWriteThroughput:0
RealWrittenBytes:0
RealWriteThroughput:0
当前玩家的连接数量:0
当前地图的线程个数：9
当前地图的个数:47
当前数据库执行队列数:0
当前发送队列缓存的对象数量:0
totalMemory：966787072, use ：606418432, free ：360368640DirectMemory：1827143680, 恢复 ：1
当前时间 ：2026-08-19 13:29:09send keng：-1, sheng ：4194304
decode keng：-1, sheng ：2097152
world keng：3, sheng ：1048576

2026-08-19 13:29:14.682 INFO [pool-6-thread-8][:] - /****************流量统计******************/
LastReadBytes:0
LastReadThroughput:0
LastWrittenBytes:0
LastWriteThroughput:0
RealWrittenBytes:0
RealWriteThroughput:0
当前玩家的连接数量:0
当前地图的线程个数：9
当前地图的个数:47
当前数据库执行队列数:0
当前发送队列缓存的对象数量:0
totalMemory：966787072, use ：608745016, free ：358042056DirectMemory：1827143680, 恢复 ：1
当前时间 ：2026-08-19 13:29:14send keng：-1, sheng ：4194304
decode keng：-1, sheng ：2097152
world keng：3, sheng ：1048576

2026-08-19 13:29:19.682 INFO [pool-6-thread-3][:] - /****************流量统计******************/
LastReadBytes:0
LastReadThroughput:0
LastWrittenBytes:0
LastWriteThroughput:0
RealWrittenBytes:0
RealWriteThroughput:0
当前玩家的连接数量:0
当前地图的线程个数：9
当前地图的个数:47
当前数据库执行队列数:0
当前发送队列缓存的对象数量:0
totalMemory：966787072, use ：613507856, free ：353279216DirectMemory：1827143680, 恢复 ：1
当前时间 ：2026-08-19 13:29:19send keng：-1, sheng ：4194304
decode keng：-1, sheng ：2097152
world keng：3, sheng ：1048576

2026-08-19 13:29:24.682 INFO [pool-6-thread-9][:] - /****************流量统计******************/
LastReadBytes:0
LastReadThroughput:0
LastWrittenBytes:0
LastWriteThroughput:0
RealWrittenBytes:0
RealWriteThroughput:0
当前玩家的连接数量:0
当前地图的线程个数：9
当前地图的个数:47
当前数据库执行队列数:0
当前发送队列缓存的对象数量:0
totalMemory：966787072, use ：615320296, free ：351466776DirectMemory：1827143680, 恢复 ：1
当前时间 ：2026-08-19 13:29:24send keng：-1, sheng ：4194304
decode keng：-1, sheng ：2097152
world keng：3, sheng ：1048576

2026-08-19 13:29:29.682 INFO [pool-6-thread-7][:] - /****************流量统计******************/
LastReadBytes:0
LastReadThroughput:0
LastWrittenBytes:0
LastWriteThroughput:0
RealWrittenBytes:0
RealWriteThroughput:0
当前玩家的连接数量:0
当前地图的线程个数：9
当前地图的个数:47
当前数据库执行队列数:0
当前发送队列缓存的对象数量:0
totalMemory：966787072, use ：620091632, free ：346695440DirectMemory：1827143680, 恢复 ：1
当前时间 ：2026-08-19 13:29:29send keng：-1, sheng ：4194304
decode keng：-1, sheng ：2097152
world keng：3, sheng ：1048576

2026-08-19 13:29:34.682 INFO [pool-6-thread-5][:] - /****************流量统计******************/
LastReadBytes:0
LastReadThroughput:0
LastWrittenBytes:0
LastWriteThroughput:0
RealWrittenBytes:0
RealWriteThroughput:0
当前玩家的连接数量:0
当前地图的线程个数：9
当前地图的个数:47
当前数据库执行队列数:0
当前发送队列缓存的对象数量:0
totalMemory：966787072, use ：621894760, free ：344892312DirectMemory：1827143680, 恢复 ：1
当前时间 ：2026-08-19 13:29:34send keng：-1, sheng ：4194304
decode keng：-1, sheng ：2097152
world keng：3, sheng ：1048576

2026-08-19 13:29:39.682 INFO [pool-6-thread-8][:] - /****************流量统计******************/
LastReadBytes:0
LastReadThroughput:0
LastWrittenBytes:0
LastWriteThroughput:0
RealWrittenBytes:0
RealWriteThroughput:0
当前玩家的连接数量:0
当前地图的线程个数：9
当前地图的个数:47
当前数据库执行队列数:0
当前发送队列缓存的对象数量:0
totalMemory：966787072, use ：626625328, free ：340161744DirectMemory：1827143680, 恢复 ：1
当前时间 ：2026-08-19 13:29:39send keng：-1, sheng ：4194304
decode keng：-1, sheng ：2097152
world keng：3, sheng ：1048576

2026-08-19 13:29:44.682 INFO [pool-6-thread-7][:] - /****************流量统计******************/
LastReadBytes:0
LastReadThroughput:0
LastWrittenBytes:0
LastWriteThroughput:0
RealWrittenBytes:0
RealWriteThroughput:0
当前玩家的连接数量:0
当前地图的线程个数：9
当前地图的个数:47
当前数据库执行队列数:0
当前发送队列缓存的对象数量:0
totalMemory：966787072, use ：630638432, free ：336148640DirectMemory：1827143680, 恢复 ：1
当前时间 ：2026-08-19 13:29:44send keng：-1, sheng ：4194304
decode keng：-1, sheng ：2097152
world keng：3, sheng ：1048576

2026-08-19 13:29:49.682 INFO [pool-6-thread-8][:] - /****************流量统计******************/
LastReadBytes:0
LastReadThroughput:0
LastWrittenBytes:0
LastWriteThroughput:0
RealWrittenBytes:0
RealWriteThroughput:0
当前玩家的连接数量:0
当前地图的线程个数：9
当前地图的个数:47
当前数据库执行队列数:0
当前发送队列缓存的对象数量:0
totalMemory：966787072, use ：634014536, free ：332772536DirectMemory：1827143680, 恢复 ：1
当前时间 ：2026-08-19 13:29:49send keng：-1, sheng ：4194304
decode keng：-1, sheng ：2097152
world keng：3, sheng ：1048576

2026-08-19 13:29:54.682 INFO [pool-6-thread-9][:] - /****************流量统计******************/
LastReadBytes:0
LastReadThroughput:0
LastWrittenBytes:0
LastWriteThroughput:0
RealWrittenBytes:0
RealWriteThroughput:0
当前玩家的连接数量:0
当前地图的线程个数：9
当前地图的个数:47
当前数据库执行队列数:0
当前发送队列缓存的对象数量:0
totalMemory：966787072, use ：636958584, free ：329828488DirectMemory：1827143680, 恢复 ：1
当前时间 ：2026-08-19 13:29:54send keng：-1, sheng ：4194304
decode keng：-1, sheng ：2097152
world keng：3, sheng ：1048576

2026-08-19 13:29:59.682 INFO [pool-6-thread-6][:] - /****************流量统计******************/
LastReadBytes:0
LastReadThroughput:0
LastWrittenBytes:0
LastWriteThroughput:0
RealWrittenBytes:0
RealWriteThroughput:0
当前玩家的连接数量:0
当前地图的线程个数：9
当前地图的个数:47
当前数据库执行队列数:0
当前发送队列缓存的对象数量:0
totalMemory：966787072, use ：640923176, free ：325863896DirectMemory：1827143680, 恢复 ：1
当前时间 ：2026-08-19 13:29:59send keng：-1, sheng ：4194304
decode keng：-1, sheng ：2097152
world keng：3, sheng ：1048576

2026-08-19 13:30:04.682 INFO [pool-6-thread-9][:] - /****************流量统计******************/
LastReadBytes:0
LastReadThroughput:0
LastWrittenBytes:0
LastWriteThroughput:0
RealWrittenBytes:0
RealWriteThroughput:0
当前玩家的连接数量:0
当前地图的线程个数：9
当前地图的个数:47
当前数据库执行队列数:0
当前发送队列缓存的对象数量:0
totalMemory：966787072, use ：645127736, free ：321659336DirectMemory：1827143680, 恢复 ：1
当前时间 ：2026-08-19 13:30:04send keng：-1, sheng ：4194304
decode keng：-1, sheng ：2097152
world keng：3, sheng ：1048576

2026-08-19 13:30:09.682 INFO [pool-6-thread-1][:] - /****************流量统计******************/
LastReadBytes:0
LastReadThroughput:0
LastWrittenBytes:0
LastWriteThroughput:0
RealWrittenBytes:0
RealWriteThroughput:0
当前玩家的连接数量:0
当前地图的线程个数：9
当前地图的个数:47
当前数据库执行队列数:0
当前发送队列缓存的对象数量:0
totalMemory：966787072, use ：647149504, free ：319637568DirectMemory：1827143680, 恢复 ：1
当前时间 ：2026-08-19 13:30:09send keng：-1, sheng ：4194304
decode keng：-1, sheng ：2097152
world keng：3, sheng ：1048576

2026-08-19 13:30:14.682 INFO [pool-6-thread-2][:] - /****************流量统计******************/
LastReadBytes:0
LastReadThroughput:0
LastWrittenBytes:0
LastWriteThroughput:0
RealWrittenBytes:0
RealWriteThroughput:0
当前玩家的连接数量:0
当前地图的线程个数：9
当前地图的个数:47
当前数据库执行队列数:0
当前发送队列缓存的对象数量:0
totalMemory：966787072, use ：652305288, free ：314481784DirectMemory：1827143680, 恢复 ：1
当前时间 ：2026-08-19 13:30:14send keng：-1, sheng ：4194304
decode keng：-1, sheng ：2097152
world keng：3, sheng ：1048576

2026-08-19 13:30:19.682 INFO [pool-6-thread-8][:] - /****************流量统计******************/
LastReadBytes:0
LastReadThroughput:0
LastWrittenBytes:0
LastWriteThroughput:0
RealWrittenBytes:0
RealWriteThroughput:0
当前玩家的连接数量:0
当前地图的线程个数：9
当前地图的个数:47
当前数据库执行队列数:0
当前发送队列缓存的对象数量:0
totalMemory：966787072, use ：654991584, free ：311795488DirectMemory：1827143680, 恢复 ：1
当前时间 ：2026-08-19 13:30:19send keng：-1, sheng ：4194304
decode keng：-1, sheng ：2097152
world keng：3, sheng ：1048576

2026-08-19 13:30:24.683 INFO [pool-6-thread-2][:] - /****************流量统计******************/
LastReadBytes:0
LastReadThroughput:0
LastWrittenBytes:0
LastWriteThroughput:0
RealWrittenBytes:0
RealWriteThroughput:0
当前玩家的连接数量:0
当前地图的线程个数：9
当前地图的个数:47
当前数据库执行队列数:0
当前发送队列缓存的对象数量:0
totalMemory：966787072, use ：658880360, free ：307906712DirectMemory：1827143680, 恢复 ：1
当前时间 ：2026-08-19 13:30:24send keng：-1, sheng ：4194304
decode keng：-1, sheng ：2097152
world keng：3, sheng ：1048576

2026-08-19 13:30:29.682 INFO [pool-6-thread-8][:] - /****************流量统计******************/
LastReadBytes:0
LastReadThroughput:0
LastWrittenBytes:0
LastWriteThroughput:0
RealWrittenBytes:0
RealWriteThroughput:0
当前玩家的连接数量:0
当前地图的线程个数：9
当前地图的个数:47
当前数据库执行队列数:0
当前发送队列缓存的对象数量:0
totalMemory：966787072, use ：661572048, free ：305215024DirectMemory：1827143680, 恢复 ：1
当前时间 ：2026-08-19 13:30:29send keng：-1, sheng ：4194304
decode keng：-1, sheng ：2097152
world keng：3, sheng ：1048576

2026-08-19 13:30:34.682 INFO [pool-6-thread-6][:] - /****************流量统计******************/
LastReadBytes:0
LastReadThroughput:0
LastWrittenBytes:0
LastWriteThroughput:0
RealWrittenBytes:0
RealWriteThroughput:0
当前玩家的连接数量:0
当前地图的线程个数：9
当前地图的个数:47
当前数据库执行队列数:0
当前发送队列缓存的对象数量:0
totalMemory：966787072, use ：665842016, free ：300945056DirectMemory：1827143680, 恢复 ：1
当前时间 ：2026-08-19 13:30:34send keng：-1, sheng ：4194304
decode keng：-1, sheng ：2097152
world keng：3, sheng ：1048576

2026-08-19 13:30:39.682 INFO [pool-6-thread-9][:] - /****************流量统计******************/
LastReadBytes:0
LastReadThroughput:0
LastWrittenBytes:0
LastWriteThroughput:0
RealWrittenBytes:0
RealWriteThroughput:0
当前玩家的连接数量:0
当前地图的线程个数：9
当前地图的个数:47
当前数据库执行队列数:0
当前发送队列缓存的对象数量:0
totalMemory：966787072, use ：670278152, free ：296508920DirectMemory：1827143680, 恢复 ：1
当前时间 ：2026-08-19 13:30:39send keng：-1, sheng ：4194304
decode keng：-1, sheng ：2097152
world keng：3, sheng ：1048576

2026-08-19 13:30:44.682 INFO [pool-6-thread-5][:] - /****************流量统计******************/
LastReadBytes:0
LastReadThroughput:0
LastWrittenBytes:0
LastWriteThroughput:0
RealWrittenBytes:0
RealWriteThroughput:0
当前玩家的连接数量:0
当前地图的线程个数：9
当前地图的个数:47
当前数据库执行队列数:0
当前发送队列缓存的对象数量:0
totalMemory：966787072, use ：671962224, free ：294824848DirectMemory：1827143680, 恢复 ：1
当前时间 ：2026-08-19 13:30:44send keng：-1, sheng ：4194304
decode keng：-1, sheng ：2097152
world keng：3, sheng ：1048576

2026-08-19 13:30:49.682 INFO [pool-6-thread-3][:] - /****************流量统计******************/
LastReadBytes:0
LastReadThroughput:0
LastWrittenBytes:0
LastWriteThroughput:0
RealWrittenBytes:0
RealWriteThroughput:0
当前玩家的连接数量:0
当前地图的线程个数：9
当前地图的个数:47
当前数据库执行队列数:0
当前发送队列缓存的对象数量:0
totalMemory：966787072, use ：677413160, free ：289373912DirectMemory：1827143680, 恢复 ：1
当前时间 ：2026-08-19 13:30:49send keng：-1, sheng ：4194304
decode keng：-1, sheng ：2097152
world keng：3, sheng ：1048576

2026-08-19 13:30:54.682 INFO [pool-6-thread-5][:] - /****************流量统计******************/
LastReadBytes:0
LastReadThroughput:0
LastWrittenBytes:0
LastWriteThroughput:0
RealWrittenBytes:0
RealWriteThroughput:0
当前玩家的连接数量:0
当前地图的线程个数：9
当前地图的个数:47
当前数据库执行队列数:0
当前发送队列缓存的对象数量:0
totalMemory：966787072, use ：679311480, free ：287475592DirectMemory：1827143680, 恢复 ：1
当前时间 ：2026-08-19 13:30:54send keng：-1, sheng ：4194304
decode keng：-1, sheng ：2097152
world keng：3, sheng ：1048576

2026-08-19 13:30:59.682 INFO [pool-6-thread-3][:] - /****************流量统计******************/
LastReadBytes:0
LastReadThroughput:0
LastWrittenBytes:0
LastWriteThroughput:0
RealWrittenBytes:0
RealWriteThroughput:0
当前玩家的连接数量:0
当前地图的线程个数：9
当前地图的个数:47
当前数据库执行队列数:0
当前发送队列缓存的对象数量:0
totalMemory：966787072, use ：684608480, free ：282178592DirectMemory：1827143680, 恢复 ：1
当前时间 ：2026-08-19 13:30:59send keng：-1, sheng ：4194304
decode keng：-1, sheng ：2097152
world keng：3, sheng ：1048576

2026-08-19 13:31:04.682 INFO [pool-6-thread-2][:] - /****************流量统计******************/
LastReadBytes:0
LastReadThroughput:0
LastWrittenBytes:0
LastWriteThroughput:0
RealWrittenBytes:0
RealWriteThroughput:0
当前玩家的连接数量:0
当前地图的线程个数：9
当前地图的个数:47
当前数据库执行队列数:0
当前发送队列缓存的对象数量:0
totalMemory：966787072, use ：686773216, free ：280013856DirectMemory：1827143680, 恢复 ：1
当前时间 ：2026-08-19 13:31:04send keng：-1, sheng ：4194304
decode keng：-1, sheng ：2097152
world keng：3, sheng ：1048576

2026-08-19 13:31:09.682 INFO [pool-6-thread-3][:] - /****************流量统计******************/
LastReadBytes:0
LastReadThroughput:0
LastWrittenBytes:0
LastWriteThroughput:0
RealWrittenBytes:0
RealWriteThroughput:0
当前玩家的连接数量:0
当前地图的线程个数：9
当前地图的个数:47
当前数据库执行队列数:0
当前发送队列缓存的对象数量:0
totalMemory：966787072, use ：690994664, free ：275792408DirectMemory：1827143680, 恢复 ：1
当前时间 ：2026-08-19 13:31:09send keng：-1, sheng ：4194304
decode keng：-1, sheng ：2097152
world keng：3, sheng ：1048576

2026-08-19 13:31:14.682 INFO [pool-6-thread-3][:] - /****************流量统计******************/
LastReadBytes:0
LastReadThroughput:0
LastWrittenBytes:0
LastWriteThroughput:0
RealWrittenBytes:0
RealWriteThroughput:0
当前玩家的连接数量:0
当前地图的线程个数：9
当前地图的个数:47
当前数据库执行队列数:0
当前发送队列缓存的对象数量:0
totalMemory：966787072, use ：693734512, free ：273052560DirectMemory：1827143680, 恢复 ：1
当前时间 ：2026-08-19 13:31:14send keng：-1, sheng ：4194304
decode keng：-1, sheng ：2097152
world keng：3, sheng ：1048576

2026-08-19 13:31:19.682 INFO [pool-6-thread-3][:] - /****************流量统计******************/
LastReadBytes:0
LastReadThroughput:0
LastWrittenBytes:0
LastWriteThroughput:0
RealWrittenBytes:0
RealWriteThroughput:0
当前玩家的连接数量:0
当前地图的线程个数：9
当前地图的个数:47
当前数据库执行队列数:0
当前发送队列缓存的对象数量:0
totalMemory：966787072, use ：697665368, free ：269121704DirectMemory：1827143680, 恢复 ：1
当前时间 ：2026-08-19 13:31:19send keng：-1, sheng ：4194304
decode keng：-1, sheng ：2097152
world keng：3, sheng ：1048576

2026-08-19 13:31:24.682 INFO [pool-6-thread-9][:] - /****************流量统计******************/
LastReadBytes:0
LastReadThroughput:0
LastWrittenBytes:0
LastWriteThroughput:0
RealWrittenBytes:0
RealWriteThroughput:0
当前玩家的连接数量:0
当前地图的线程个数：9
当前地图的个数:47
当前数据库执行队列数:0
当前发送队列缓存的对象数量:0
totalMemory：966787072, use ：700350008, free ：266437064DirectMemory：1827143680, 恢复 ：1
当前时间 ：2026-08-19 13:31:24send keng：-1, sheng ：4194304
decode keng：-1, sheng ：2097152
world keng：3, sheng ：1048576

2026-08-19 13:31:29.682 INFO [pool-6-thread-8][:] - /****************流量统计******************/
LastReadBytes:0
LastReadThroughput:0
LastWrittenBytes:0
LastWriteThroughput:0
RealWrittenBytes:0
RealWriteThroughput:0
当前玩家的连接数量:0
当前地图的线程个数：9
当前地图的个数:47
当前数据库执行队列数:0
当前发送队列缓存的对象数量:0
totalMemory：966787072, use ：705505704, free ：261281368DirectMemory：1827143680, 恢复 ：1
当前时间 ：2026-08-19 13:31:29send keng：-1, sheng ：4194304
decode keng：-1, sheng ：2097152
world keng：3, sheng ：1048576

2026-08-19 13:31:34.682 INFO [pool-6-thread-3][:] - /****************流量统计******************/
LastReadBytes:0
LastReadThroughput:0
LastWrittenBytes:0
LastWriteThroughput:0
RealWrittenBytes:0
RealWriteThroughput:0
当前玩家的连接数量:0
当前地图的线程个数：9
当前地图的个数:47
当前数据库执行队列数:0
当前发送队列缓存的对象数量:0
totalMemory：966787072, use ：708720552, free ：258066520DirectMemory：1827143680, 恢复 ：1
当前时间 ：2026-08-19 13:31:34send keng：-1, sheng ：4194304
decode keng：-1, sheng ：2097152
world keng：3, sheng ：1048576

2026-08-19 13:31:39.682 INFO [pool-6-thread-9][:] - /****************流量统计******************/
LastReadBytes:0
LastReadThroughput:0
LastWrittenBytes:0
LastWriteThroughput:0
RealWrittenBytes:0
RealWriteThroughput:0
当前玩家的连接数量:0
当前地图的线程个数：9
当前地图的个数:47
当前数据库执行队列数:0
当前发送队列缓存的对象数量:0
totalMemory：966787072, use ：712457704, free ：254329368DirectMemory：1827143680, 恢复 ：1
当前时间 ：2026-08-19 13:31:39send keng：-1, sheng ：4194304
decode keng：-1, sheng ：2097152
world keng：3, sheng ：1048576

2026-08-19 13:31:44.682 INFO [pool-6-thread-3][:] - /****************流量统计******************/
LastReadBytes:0
LastReadThroughput:0
LastWrittenBytes:0
LastWriteThroughput:0
RealWrittenBytes:0
RealWriteThroughput:0
当前玩家的连接数量:0
当前地图的线程个数：9
当前地图的个数:47
当前数据库执行队列数:0
当前发送队列缓存的对象数量:0
totalMemory：966787072, use ：715395648, free ：251391424DirectMemory：1827143680, 恢复 ：1
当前时间 ：2026-08-19 13:31:44send keng：-1, sheng ：4194304
decode keng：-1, sheng ：2097152
world keng：3, sheng ：1048576

2026-08-19 13:31:49.682 INFO [pool-6-thread-10][:] - /****************流量统计******************/
LastReadBytes:0
LastReadThroughput:0
LastWrittenBytes:0
LastWriteThroughput:0
RealWrittenBytes:0
RealWriteThroughput:0
当前玩家的连接数量:0
当前地图的线程个数：9
当前地图的个数:47
当前数据库执行队列数:0
当前发送队列缓存的对象数量:0
totalMemory：966787072, use ：719421392, free ：247365680DirectMemory：1827143680, 恢复 ：1
当前时间 ：2026-08-19 13:31:49send keng：-1, sheng ：4194304
decode keng：-1, sheng ：2097152
world keng：3, sheng ：1048576

2026-08-19 13:31:54.682 INFO [pool-6-thread-10][:] - /****************流量统计******************/
LastReadBytes:0
LastReadThroughput:0
LastWrittenBytes:0
LastWriteThroughput:0
RealWrittenBytes:0
RealWriteThroughput:0
当前玩家的连接数量:0
当前地图的线程个数：9
当前地图的个数:47
当前数据库执行队列数:0
当前发送队列缓存的对象数量:0
totalMemory：966787072, use ：722984848, free ：243802224DirectMemory：1827143680, 恢复 ：1
当前时间 ：2026-08-19 13:31:54send keng：-1, sheng ：4194304
decode keng：-1, sheng ：2097152
world keng：3, sheng ：1048576

2026-08-19 13:31:59.682 INFO [pool-6-thread-3][:] - /****************流量统计******************/
LastReadBytes:0
LastReadThroughput:0
LastWrittenBytes:0
LastWriteThroughput:0
RealWrittenBytes:0
RealWriteThroughput:0
当前玩家的连接数量:0
当前地图的线程个数：9
当前地图的个数:47
当前数据库执行队列数:0
当前发送队列缓存的对象数量:0
totalMemory：966262784, use ：399544112, free ：566718672DirectMemory：1827143680, 恢复 ：1
当前时间 ：2026-08-19 13:31:59send keng：-1, sheng ：4194304
decode keng：-1, sheng ：2097152
world keng：3, sheng ：1048576

2026-08-19 13:32:04.682 INFO [pool-6-thread-4][:] - /****************流量统计******************/
LastReadBytes:0
LastReadThroughput:0
LastWrittenBytes:0
LastWriteThroughput:0
RealWrittenBytes:0
RealWriteThroughput:0
当前玩家的连接数量:0
当前地图的线程个数：9
当前地图的个数:47
当前数据库执行队列数:0
当前发送队列缓存的对象数量:0
totalMemory：966262784, use ：401364360, free ：564898424DirectMemory：1827143680, 恢复 ：1
当前时间 ：2026-08-19 13:32:04send keng：-1, sheng ：4194304
decode keng：-1, sheng ：2097152
world keng：3, sheng ：1048576

2026-08-19 13:32:09.682 INFO [pool-6-thread-7][:] - /****************流量统计******************/
LastReadBytes:0
LastReadThroughput:0
LastWrittenBytes:0
LastWriteThroughput:0
RealWrittenBytes:0
RealWriteThroughput:0
当前玩家的连接数量:0
当前地图的线程个数：9
当前地图的个数:47
当前数据库执行队列数:0
当前发送队列缓存的对象数量:0
totalMemory：966262784, use ：405788296, free ：560474488DirectMemory：1827143680, 恢复 ：1
当前时间 ：2026-08-19 13:32:09send keng：-1, sheng ：4194304
decode keng：-1, sheng ：2097152
world keng：3, sheng ：1048576

2026-08-19 13:32:14.682 INFO [pool-6-thread-9][:] - /****************流量统计******************/
LastReadBytes:0
LastReadThroughput:0
LastWrittenBytes:0
LastWriteThroughput:0
RealWrittenBytes:0
RealWriteThroughput:0
当前玩家的连接数量:0
当前地图的线程个数：9
当前地图的个数:47
当前数据库执行队列数:0
当前发送队列缓存的对象数量:0
totalMemory：966262784, use ：410245952, free ：556016832DirectMemory：1827143680, 恢复 ：1
当前时间 ：2026-08-19 13:32:14send keng：-1, sheng ：4194304
decode keng：-1, sheng ：2097152
world keng：3, sheng ：1048576

2026-08-19 13:32:19.682 INFO [pool-6-thread-9][:] - /****************流量统计******************/
LastReadBytes:0
LastReadThroughput:0
LastWrittenBytes:0
LastWriteThroughput:0
RealWrittenBytes:0
RealWriteThroughput:0
当前玩家的连接数量:0
当前地图的线程个数：9
当前地图的个数:47
当前数据库执行队列数:0
当前发送队列缓存的对象数量:0
totalMemory：966262784, use ：413176784, free ：553086000DirectMemory：1827143680, 恢复 ：1
当前时间 ：2026-08-19 13:32:19send keng：-1, sheng ：4194304
decode keng：-1, sheng ：2097152
world keng：3, sheng ：1048576

2026-08-19 13:32:24.682 INFO [pool-6-thread-7][:] - /****************流量统计******************/
LastReadBytes:0
LastReadThroughput:0
LastWrittenBytes:0
LastWriteThroughput:0
RealWrittenBytes:0
RealWriteThroughput:0
当前玩家的连接数量:0
当前地图的线程个数：9
当前地图的个数:47
当前数据库执行队列数:0
当前发送队列缓存的对象数量:0
totalMemory：966262784, use ：417563616, free ：548699168DirectMemory：1827143680, 恢复 ：1
当前时间 ：2026-08-19 13:32:24send keng：-1, sheng ：4194304
decode keng：-1, sheng ：2097152
world keng：3, sheng ：1048576

2026-08-19 13:32:29.682 INFO [pool-6-thread-2][:] - /****************流量统计******************/
LastReadBytes:0
LastReadThroughput:0
LastWrittenBytes:0
LastWriteThroughput:0
RealWrittenBytes:0
RealWriteThroughput:0
当前玩家的连接数量:0
当前地图的线程个数：9
当前地图的个数:47
当前数据库执行队列数:0
当前发送队列缓存的对象数量:0
totalMemory：966262784, use ：420136880, free ：546125904DirectMemory：1827143680, 恢复 ：1
当前时间 ：2026-08-19 13:32:29send keng：-1, sheng ：4194304
decode keng：-1, sheng ：2097152
world keng：3, sheng ：1048576

2026-08-19 13:32:34.682 INFO [pool-6-thread-1][:] - /****************流量统计******************/
LastReadBytes:0
LastReadThroughput:0
LastWrittenBytes:0
LastWriteThroughput:0
RealWrittenBytes:0
RealWriteThroughput:0
当前玩家的连接数量:0
当前地图的线程个数：9
当前地图的个数:47
当前数据库执行队列数:0
当前发送队列缓存的对象数量:0
totalMemory：966262784, use ：424538328, free ：541724456DirectMemory：1827143680, 恢复 ：1
当前时间 ：2026-08-19 13:32:34send keng：-1, sheng ：4194304
decode keng：-1, sheng ：2097152
world keng：3, sheng ：1048576

2026-08-19 13:32:39.682 INFO [pool-6-thread-5][:] - /****************流量统计******************/
LastReadBytes:0
LastReadThroughput:0
LastWrittenBytes:0
LastWriteThroughput:0
RealWrittenBytes:0
RealWriteThroughput:0
当前玩家的连接数量:0
当前地图的线程个数：9
当前地图的个数:47
当前数据库执行队列数:0
当前发送队列缓存的对象数量:0
totalMemory：966262784, use ：427109736, free ：539153048DirectMemory：1827143680, 恢复 ：1
当前时间 ：2026-08-19 13:32:39send keng：-1, sheng ：4194304
decode keng：-1, sheng ：2097152
world keng：3, sheng ：1048576

2026-08-19 13:32:44.682 INFO [pool-6-thread-10][:] - /****************流量统计******************/
LastReadBytes:0
LastReadThroughput:0
LastWrittenBytes:0
LastWriteThroughput:0
RealWrittenBytes:0
RealWriteThroughput:0
当前玩家的连接数量:0
当前地图的线程个数：9
当前地图的个数:47
当前数据库执行队列数:0
当前发送队列缓存的对象数量:0
totalMemory：966262784, use ：431464424, free ：534798360DirectMemory：1827143680, 恢复 ：1
当前时间 ：2026-08-19 13:32:44send keng：-1, sheng ：4194304
decode keng：-1, sheng ：2097152
world keng：3, sheng ：1048576

2026-08-19 13:32:49.682 INFO [pool-6-thread-3][:] - /****************流量统计******************/
LastReadBytes:0
LastReadThroughput:0
LastWrittenBytes:0
LastWriteThroughput:0
RealWrittenBytes:0
RealWriteThroughput:0
当前玩家的连接数量:0
当前地图的线程个数：9
当前地图的个数:47
当前数据库执行队列数:0
当前发送队列缓存的对象数量:0
totalMemory：966262784, use ：433236336, free ：533026448DirectMemory：1827143680, 恢复 ：1
当前时间 ：2026-08-19 13:32:49send keng：-1, sheng ：4194304
decode keng：-1, sheng ：2097152
world keng：3, sheng ：1048576

2026-08-19 13:32:54.682 INFO [pool-6-thread-1][:] - /****************流量统计******************/
LastReadBytes:0
LastReadThroughput:0
LastWrittenBytes:0
LastWriteThroughput:0
RealWrittenBytes:0
RealWriteThroughput:0
当前玩家的连接数量:0
当前地图的线程个数：9
当前地图的个数:47
当前数据库执行队列数:0
当前发送队列缓存的对象数量:0
totalMemory：966262784, use ：439713008, free ：526549776DirectMemory：1827143680, 恢复 ：1
当前时间 ：2026-08-19 13:32:54send keng：-1, sheng ：4194304
decode keng：-1, sheng ：2097152
world keng：3, sheng ：1048576

2026-08-19 13:32:59.682 INFO [pool-6-thread-2][:] - /****************流量统计******************/
LastReadBytes:0
LastReadThroughput:0
LastWrittenBytes:0
LastWriteThroughput:0
RealWrittenBytes:0
RealWriteThroughput:0
当前玩家的连接数量:0
当前地图的线程个数：9
当前地图的个数:47
当前数据库执行队列数:0
当前发送队列缓存的对象数量:0
totalMemory：966262784, use ：439726112, free ：526536672DirectMemory：1827143680, 恢复 ：1
当前时间 ：2026-08-19 13:32:59send keng：-1, sheng ：4194304
decode keng：-1, sheng ：2097152
world keng：3, sheng ：1048576

2026-08-19 13:33:04.682 INFO [pool-6-thread-1][:] - /****************流量统计******************/
LastReadBytes:0
LastReadThroughput:0
LastWrittenBytes:0
LastWriteThroughput:0
RealWrittenBytes:0
RealWriteThroughput:0
当前玩家的连接数量:0
当前地图的线程个数：9
当前地图的个数:47
当前数据库执行队列数:0
当前发送队列缓存的对象数量:0
totalMemory：966262784, use ：445946648, free ：520316136DirectMemory：1827143680, 恢复 ：1
当前时间 ：2026-08-19 13:33:04send keng：-1, sheng ：4194304
decode keng：-1, sheng ：2097152
world keng：3, sheng ：1048576

2026-08-19 13:33:09.682 INFO [pool-6-thread-9][:] - /****************流量统计******************/
LastReadBytes:0
LastReadThroughput:0
LastWrittenBytes:0
LastWriteThroughput:0
RealWrittenBytes:0
RealWriteThroughput:0
当前玩家的连接数量:0
当前地图的线程个数：9
当前地图的个数:47
当前数据库执行队列数:0
当前发送队列缓存的对象数量:0
totalMemory：966262784, use ：446960488, free ：519302296DirectMemory：1827143680, 恢复 ：1
当前时间 ：2026-08-19 13:33:09send keng：-1, sheng ：4194304
decode keng：-1, sheng ：2097152
world keng：3, sheng ：1048576

2026-08-19 13:33:14.682 INFO [pool-6-thread-6][:] - /****************流量统计******************/
LastReadBytes:0
LastReadThroughput:0
LastWrittenBytes:0
LastWriteThroughput:0
RealWrittenBytes:0
RealWriteThroughput:0
当前玩家的连接数量:0
当前地图的线程个数：9
当前地图的个数:47
当前数据库执行队列数:0
当前发送队列缓存的对象数量:0
totalMemory：966262784, use ：453330736, free ：512932048DirectMemory：1827143680, 恢复 ：1
当前时间 ：2026-08-19 13:33:14send keng：-1, sheng ：4194304
decode keng：-1, sheng ：2097152
world keng：3, sheng ：1048576

2026-08-19 13:33:19.682 INFO [pool-6-thread-1][:] - /****************流量统计******************/
LastReadBytes:0
LastReadThroughput:0
LastWrittenBytes:0
LastWriteThroughput:0
RealWrittenBytes:0
RealWriteThroughput:0
当前玩家的连接数量:0
当前地图的线程个数：9
当前地图的个数:47
当前数据库执行队列数:0
当前发送队列缓存的对象数量:0
totalMemory：966262784, use ：456825288, free ：509437496DirectMemory：1827143680, 恢复 ：1
当前时间 ：2026-08-19 13:33:19send keng：-1, sheng ：4194304
decode keng：-1, sheng ：2097152
world keng：3, sheng ：1048576

2026-08-19 13:33:24.682 INFO [pool-6-thread-3][:] - /****************流量统计******************/
LastReadBytes:0
LastReadThroughput:0
LastWrittenBytes:0
LastWriteThroughput:0
RealWrittenBytes:0
RealWriteThroughput:0
当前玩家的连接数量:0
当前地图的线程个数：9
当前地图的个数:47
当前数据库执行队列数:0
当前发送队列缓存的对象数量:0
totalMemory：966262784, use ：459860480, free ：506402304DirectMemory：1827143680, 恢复 ：1
当前时间 ：2026-08-19 13:33:24send keng：-1, sheng ：4194304
decode keng：-1, sheng ：2097152
world keng：3, sheng ：1048576

2026-08-19 13:33:29.682 INFO [pool-6-thread-2][:] - /****************流量统计******************/
LastReadBytes:0
LastReadThroughput:0
LastWrittenBytes:0
LastWriteThroughput:0
RealWrittenBytes:0
RealWriteThroughput:0
当前玩家的连接数量:0
当前地图的线程个数：9
当前地图的个数:47
当前数据库执行队列数:0
当前发送队列缓存的对象数量:0
totalMemory：966262784, use ：463391104, free ：502871680DirectMemory：1827143680, 恢复 ：1
当前时间 ：2026-08-19 13:33:29send keng：-1, sheng ：4194304
decode keng：-1, sheng ：2097152
world keng：3, sheng ：1048576

2026-08-19 13:33:34.682 INFO [pool-6-thread-5][:] - /****************流量统计******************/
LastReadBytes:0
LastReadThroughput:0
LastWrittenBytes:0
LastWriteThroughput:0
RealWrittenBytes:0
RealWriteThroughput:0
当前玩家的连接数量:0
当前地图的线程个数：9
当前地图的个数:47
当前数据库执行队列数:0
当前发送队列缓存的对象数量:0
totalMemory：966262784, use ：466358920, free ：499903864DirectMemory：1827143680, 恢复 ：1
当前时间 ：2026-08-19 13:33:34send keng：-1, sheng ：4194304
decode keng：-1, sheng ：2097152
world keng：3, sheng ：1048576

2026-08-19 13:33:39.682 INFO [pool-6-thread-6][:] - /****************流量统计******************/
LastReadBytes:0
LastReadThroughput:0
LastWrittenBytes:0
LastWriteThroughput:0
RealWrittenBytes:0
RealWriteThroughput:0
当前玩家的连接数量:0
当前地图的线程个数：9
当前地图的个数:47
当前数据库执行队列数:0
当前发送队列缓存的对象数量:0
totalMemory：966262784, use ：470279960, free ：495982824DirectMemory：1827143680, 恢复 ：1
当前时间 ：2026-08-19 13:33:39send keng：-1, sheng ：4194304
decode keng：-1, sheng ：2097152
world keng：3, sheng ：1048576

2026-08-19 13:33:44.682 INFO [pool-6-thread-9][:] - /****************流量统计******************/
LastReadBytes:0
LastReadThroughput:0
LastWrittenBytes:0
LastWriteThroughput:0
RealWrittenBytes:0
RealWriteThroughput:0
当前玩家的连接数量:0
当前地图的线程个数：9
当前地图的个数:47
当前数据库执行队列数:0
当前发送队列缓存的对象数量:0
totalMemory：966262784, use ：473321232, free ：492941552DirectMemory：1827143680, 恢复 ：1
当前时间 ：2026-08-19 13:33:44send keng：-1, sheng ：4194304
decode keng：-1, sheng ：2097152
world keng：3, sheng ：1048576

2026-08-19 13:33:49.682 INFO [pool-6-thread-5][:] - /****************流量统计******************/
LastReadBytes:0
LastReadThroughput:0
LastWrittenBytes:0
LastWriteThroughput:0
RealWrittenBytes:0
RealWriteThroughput:0
当前玩家的连接数量:0
当前地图的线程个数：9
当前地图的个数:47
当前数据库执行队列数:0
当前发送队列缓存的对象数量:0
totalMemory：966262784, use ：478140344, free ：488122440DirectMemory：1827143680, 恢复 ：1
当前时间 ：2026-08-19 13:33:49send keng：-1, sheng ：4194304
decode keng：-1, sheng ：2097152
world keng：3, sheng ：1048576

2026-08-19 13:33:54.682 INFO [pool-6-thread-10][:] - /****************流量统计******************/
LastReadBytes:0
LastReadThroughput:0
LastWrittenBytes:0
LastWriteThroughput:0
RealWrittenBytes:0
RealWriteThroughput:0
当前玩家的连接数量:0
当前地图的线程个数：9
当前地图的个数:47
当前数据库执行队列数:0
当前发送队列缓存的对象数量:0
totalMemory：966262784, use ：479902176, free ：486360608DirectMemory：1827143680, 恢复 ：1
当前时间 ：2026-08-19 13:33:54send keng：-1, sheng ：4194304
decode keng：-1, sheng ：2097152
world keng：3, sheng ：1048576

2026-08-19 13:33:59.682 INFO [pool-6-thread-8][:] - /****************流量统计******************/
LastReadBytes:0
LastReadThroughput:0
LastWrittenBytes:0
LastWriteThroughput:0
RealWrittenBytes:0
RealWriteThroughput:0
当前玩家的连接数量:0
当前地图的线程个数：9
当前地图的个数:47
当前数据库执行队列数:0
当前发送队列缓存的对象数量:0
totalMemory：966262784, use ：483825416, free ：482437368DirectMemory：1827143680, 恢复 ：1
当前时间 ：2026-08-19 13:33:59send keng：-1, sheng ：4194304
decode keng：-1, sheng ：2097152
world keng：3, sheng ：1048576

2026-08-19 13:34:04.682 INFO [pool-6-thread-6][:] - /****************流量统计******************/
LastReadBytes:0
LastReadThroughput:0
LastWrittenBytes:0
LastWriteThroughput:0
RealWrittenBytes:0
RealWriteThroughput:0
当前玩家的连接数量:0
当前地图的线程个数：9
当前地图的个数:47
当前数据库执行队列数:0
当前发送队列缓存的对象数量:0
totalMemory：966262784, use ：486990120, free ：479272664DirectMemory：1827143680, 恢复 ：1
当前时间 ：2026-08-19 13:34:04send keng：-1, sheng ：4194304
decode keng：-1, sheng ：2097152
world keng：3, sheng ：1048576

2026-08-19 13:34:09.682 INFO [pool-6-thread-4][:] - /****************流量统计******************/
LastReadBytes:0
LastReadThroughput:0
LastWrittenBytes:0
LastWriteThroughput:0
RealWrittenBytes:0
RealWriteThroughput:0
当前玩家的连接数量:0
当前地图的线程个数：9
当前地图的个数:47
当前数据库执行队列数:0
当前发送队列缓存的对象数量:0
totalMemory：966262784, use ：491324280, free ：474938504DirectMemory：1827143680, 恢复 ：1
当前时间 ：2026-08-19 13:34:09send keng：-1, sheng ：4194304
decode keng：-1, sheng ：2097152
world keng：3, sheng ：1048576

2026-08-19 13:34:14.682 INFO [pool-6-thread-9][:] - /****************流量统计******************/
LastReadBytes:0
LastReadThroughput:0
LastWrittenBytes:0
LastWriteThroughput:0
RealWrittenBytes:0
RealWriteThroughput:0
当前玩家的连接数量:0
当前地图的线程个数：9
当前地图的个数:47
当前数据库执行队列数:0
当前发送队列缓存的对象数量:0
totalMemory：966262784, use ：495819968, free ：470442816DirectMemory：1827143680, 恢复 ：1
当前时间 ：2026-08-19 13:34:14send keng：-1, sheng ：4194304
decode keng：-1, sheng ：2097152
world keng：3, sheng ：1048576

2026-08-19 13:34:19.682 INFO [pool-6-thread-9][:] - /****************流量统计******************/
LastReadBytes:0
LastReadThroughput:0
LastWrittenBytes:0
LastWriteThroughput:0
RealWrittenBytes:0
RealWriteThroughput:0
当前玩家的连接数量:0
当前地图的线程个数：9
当前地图的个数:47
当前数据库执行队列数:0
当前发送队列缓存的对象数量:0
totalMemory：966262784, use ：498354928, free ：467907856DirectMemory：1827143680, 恢复 ：1
当前时间 ：2026-08-19 13:34:19send keng：-1, sheng ：4194304
decode keng：-1, sheng ：2097152
world keng：3, sheng ：1048576

2026-08-19 13:34:24.682 INFO [pool-6-thread-4][:] - /****************流量统计******************/
LastReadBytes:0
LastReadThroughput:0
LastWrittenBytes:0
LastWriteThroughput:0
RealWrittenBytes:0
RealWriteThroughput:0
当前玩家的连接数量:0
当前地图的线程个数：9
当前地图的个数:47
当前数据库执行队列数:0
当前发送队列缓存的对象数量:0
totalMemory：966262784, use ：502675720, free ：463587064DirectMemory：1827143680, 恢复 ：1
当前时间 ：2026-08-19 13:34:24send keng：-1, sheng ：4194304
decode keng：-1, sheng ：2097152
world keng：3, sheng ：1048576

2026-08-19 13:34:29.682 INFO [pool-6-thread-7][:] - /****************流量统计******************/
LastReadBytes:0
LastReadThroughput:0
LastWrittenBytes:0
LastWriteThroughput:0
RealWrittenBytes:0
RealWriteThroughput:0
当前玩家的连接数量:0
当前地图的线程个数：9
当前地图的个数:47
当前数据库执行队列数:0
当前发送队列缓存的对象数量:0
totalMemory：966262784, use ：505264752, free ：460998032DirectMemory：1827143680, 恢复 ：1
当前时间 ：2026-08-19 13:34:29send keng：-1, sheng ：4194304
decode keng：-1, sheng ：2097152
world keng：3, sheng ：1048576

2026-08-19 13:34:34.682 INFO [pool-6-thread-9][:] - /****************流量统计******************/
LastReadBytes:0
LastReadThroughput:0
LastWrittenBytes:0
LastWriteThroughput:0
RealWrittenBytes:0
RealWriteThroughput:0
当前玩家的连接数量:0
当前地图的线程个数：9
当前地图的个数:47
当前数据库执行队列数:0
当前发送队列缓存的对象数量:0
totalMemory：966262784, use ：510527152, free ：455735632DirectMemory：1827143680, 恢复 ：1
当前时间 ：2026-08-19 13:34:34send keng：-1, sheng ：4194304
decode keng：-1, sheng ：2097152
world keng：3, sheng ：1048576

2026-08-19 13:34:39.682 INFO [pool-6-thread-4][:] - /****************流量统计******************/
LastReadBytes:0
LastReadThroughput:0
LastWrittenBytes:0
LastWriteThroughput:0
RealWrittenBytes:0
RealWriteThroughput:0
当前玩家的连接数量:0
当前地图的线程个数：9
当前地图的个数:47
当前数据库执行队列数:0
当前发送队列缓存的对象数量:0
totalMemory：966262784, use ：512673296, free ：453589488DirectMemory：1827143680, 恢复 ：1
当前时间 ：2026-08-19 13:34:39send keng：-1, sheng ：4194304
decode keng：-1, sheng ：2097152
world keng：3, sheng ：1048576

2026-08-19 13:34:44.683 INFO [pool-6-thread-3][:] - /****************流量统计******************/
LastReadBytes:0
LastReadThroughput:0
LastWrittenBytes:0
LastWriteThroughput:0
RealWrittenBytes:0
RealWriteThroughput:0
当前玩家的连接数量:0
当前地图的线程个数：9
当前地图的个数:47
当前数据库执行队列数:0
当前发送队列缓存的对象数量:0
totalMemory：966262784, use ：516613432, free ：449649352DirectMemory：1827143680, 恢复 ：1
当前时间 ：2026-08-19 13:34:44send keng：-1, sheng ：4194304
decode keng：-1, sheng ：2097152
world keng：3, sheng ：1048576

2026-08-19 13:34:49.683 INFO [pool-6-thread-9][:] - /****************流量统计******************/
LastReadBytes:0
LastReadThroughput:0
LastWrittenBytes:0
LastWriteThroughput:0
RealWrittenBytes:0
RealWriteThroughput:0
当前玩家的连接数量:0
当前地图的线程个数：9
当前地图的个数:47
当前数据库执行队列数:0
当前发送队列缓存的对象数量:0
totalMemory：966262784, use ：518791808, free ：447470976DirectMemory：1827143680, 恢复 ：1
当前时间 ：2026-08-19 13:34:49send keng：-1, sheng ：4194304
decode keng：-1, sheng ：2097152
world keng：3, sheng ：1048576

2026-08-19 13:34:54.682 INFO [pool-6-thread-2][:] - /****************流量统计******************/
LastReadBytes:0
LastReadThroughput:0
LastWrittenBytes:0
LastWriteThroughput:0
RealWrittenBytes:0
RealWriteThroughput:0
当前玩家的连接数量:0
当前地图的线程个数：9
当前地图的个数:47
当前数据库执行队列数:0
当前发送队列缓存的对象数量:0
totalMemory：966262784, use ：523167288, free ：443095496DirectMemory：1827143680, 恢复 ：1
当前时间 ：2026-08-19 13:34:54send keng：-1, sheng ：4194304
decode keng：-1, sheng ：2097152
world keng：3, sheng ：1048576

2026-08-19 13:34:59.682 INFO [pool-6-thread-2][:] - /****************流量统计******************/
LastReadBytes:0
LastReadThroughput:0
LastWrittenBytes:0
LastWriteThroughput:0
RealWrittenBytes:0
RealWriteThroughput:0
当前玩家的连接数量:0
当前地图的线程个数：9
当前地图的个数:47
当前数据库执行队列数:0
当前发送队列缓存的对象数量:0
totalMemory：966262784, use ：525776296, free ：440486488DirectMemory：1827143680, 恢复 ：1
当前时间 ：2026-08-19 13:34:59send keng：-1, sheng ：4194304
decode keng：-1, sheng ：2097152
world keng：3, sheng ：1048576

2026-08-19 13:35:04.682 INFO [pool-6-thread-6][:] - /****************流量统计******************/
LastReadBytes:0
LastReadThroughput:0
LastWrittenBytes:0
LastWriteThroughput:0
RealWrittenBytes:0
RealWriteThroughput:0
当前玩家的连接数量:0
当前地图的线程个数：9
当前地图的个数:47
当前数据库执行队列数:0
当前发送队列缓存的对象数量:0
totalMemory：966262784, use ：530258928, free ：436003856DirectMemory：1827143680, 恢复 ：1
当前时间 ：2026-08-19 13:35:04send keng：-1, sheng ：4194304
decode keng：-1, sheng ：2097152
world keng：3, sheng ：1048576

2026-08-19 13:35:09.682 INFO [pool-6-thread-4][:] - /****************流量统计******************/
LastReadBytes:0
LastReadThroughput:0
LastWrittenBytes:0
LastWriteThroughput:0
RealWrittenBytes:0
RealWriteThroughput:0
当前玩家的连接数量:0
当前地图的线程个数：9
当前地图的个数:47
当前数据库执行队列数:0
当前发送队列缓存的对象数量:0
totalMemory：966262784, use ：534355392, free ：431907392DirectMemory：1827143680, 恢复 ：1
当前时间 ：2026-08-19 13:35:09send keng：-1, sheng ：4194304
decode keng：-1, sheng ：2097152
world keng：3, sheng ：1048576

2026-08-19 13:35:14.682 INFO [pool-6-thread-4][:] - /****************流量统计******************/
LastReadBytes:0
LastReadThroughput:0
LastWrittenBytes:0
LastWriteThroughput:0
RealWrittenBytes:0
RealWriteThroughput:0
当前玩家的连接数量:0
当前地图的线程个数：9
当前地图的个数:47
当前数据库执行队列数:0
当前发送队列缓存的对象数量:0
totalMemory：966262784, use ：537663592, free ：428599192DirectMemory：1827143680, 恢复 ：1
当前时间 ：2026-08-19 13:35:14send keng：-1, sheng ：4194304
decode keng：-1, sheng ：2097152
world keng：3, sheng ：1048576

2026-08-19 13:35:19.682 INFO [pool-6-thread-4][:] - /****************流量统计******************/
LastReadBytes:0
LastReadThroughput:0
LastWrittenBytes:0
LastWriteThroughput:0
RealWrittenBytes:0
RealWriteThroughput:0
当前玩家的连接数量:0
当前地图的线程个数：9
当前地图的个数:47
当前数据库执行队列数:0
当前发送队列缓存的对象数量:0
totalMemory：966262784, use ：541016096, free ：425246688DirectMemory：1827143680, 恢复 ：1
当前时间 ：2026-08-19 13:35:19send keng：-1, sheng ：4194304
decode keng：-1, sheng ：2097152
world keng：3, sheng ：1048576

2026-08-19 13:35:24.682 INFO [pool-6-thread-8][:] - /****************流量统计******************/
LastReadBytes:0
LastReadThroughput:0
LastWrittenBytes:0
LastWriteThroughput:0
RealWrittenBytes:0
RealWriteThroughput:0
当前玩家的连接数量:0
当前地图的线程个数：9
当前地图的个数:47
当前数据库执行队列数:0
当前发送队列缓存的对象数量:0
totalMemory：966262784, use ：543767016, free ：422495768DirectMemory：1827143680, 恢复 ：1
当前时间 ：2026-08-19 13:35:24send keng：-1, sheng ：4194304
decode keng：-1, sheng ：2097152
world keng：3, sheng ：1048576

2026-08-19 13:35:29.682 INFO [pool-6-thread-7][:] - /****************流量统计******************/
LastReadBytes:0
LastReadThroughput:0
LastWrittenBytes:0
LastWriteThroughput:0
RealWrittenBytes:0
RealWriteThroughput:0
当前玩家的连接数量:0
当前地图的线程个数：9
当前地图的个数:47
当前数据库执行队列数:0
当前发送队列缓存的对象数量:0
totalMemory：966262784, use ：548137856, free ：418124928DirectMemory：1827143680, 恢复 ：1
当前时间 ：2026-08-19 13:35:29send keng：-1, sheng ：4194304
decode keng：-1, sheng ：2097152
world keng：3, sheng ：1048576

2026-08-19 13:35:34.682 INFO [pool-6-thread-5][:] - /****************流量统计******************/
LastReadBytes:0
LastReadThroughput:0
LastWrittenBytes:0
LastWriteThroughput:0
RealWrittenBytes:0
RealWriteThroughput:0
当前玩家的连接数量:0
当前地图的线程个数：9
当前地图的个数:47
当前数据库执行队列数:0
当前发送队列缓存的对象数量:0
totalMemory：966262784, use ：551579632, free ：414683152DirectMemory：1827143680, 恢复 ：1
当前时间 ：2026-08-19 13:35:34send keng：-1, sheng ：4194304
decode keng：-1, sheng ：2097152
world keng：3, sheng ：1048576

2026-08-19 13:35:39.682 INFO [pool-6-thread-4][:] - /****************流量统计******************/
LastReadBytes:0
LastReadThroughput:0
LastWrittenBytes:0
LastWriteThroughput:0
RealWrittenBytes:0
RealWriteThroughput:0
当前玩家的连接数量:0
当前地图的线程个数：9
当前地图的个数:47
当前数据库执行队列数:0
当前发送队列缓存的对象数量:0
totalMemory：966262784, use ：555561272, free ：410701512DirectMemory：1827143680, 恢复 ：1
当前时间 ：2026-08-19 13:35:39send keng：-1, sheng ：4194304
decode keng：-1, sheng ：2097152
world keng：3, sheng ：1048576

2026-08-19 13:35:44.682 INFO [pool-6-thread-5][:] - /****************流量统计******************/
LastReadBytes:0
LastReadThroughput:0
LastWrittenBytes:0
LastWriteThroughput:0
RealWrittenBytes:0
RealWriteThroughput:0
当前玩家的连接数量:0
当前地图的线程个数：9
当前地图的个数:47
当前数据库执行队列数:0
当前发送队列缓存的对象数量:0
totalMemory：966262784, use ：558126560, free ：408136224DirectMemory：1827143680, 恢复 ：1
当前时间 ：2026-08-19 13:35:44send keng：-1, sheng ：4194304
decode keng：-1, sheng ：2097152
world keng：3, sheng ：1048576

2026-08-19 13:35:49.682 INFO [pool-6-thread-3][:] - /****************流量统计******************/
LastReadBytes:0
LastReadThroughput:0
LastWrittenBytes:0
LastWriteThroughput:0
RealWrittenBytes:0
RealWriteThroughput:0
当前玩家的连接数量:0
当前地图的线程个数：9
当前地图的个数:47
当前数据库执行队列数:0
当前发送队列缓存的对象数量:0
totalMemory：966262784, use ：562046608, free ：404216176DirectMemory：1827143680, 恢复 ：1
当前时间 ：2026-08-19 13:35:49send keng：-1, sheng ：4194304
decode keng：-1, sheng ：2097152
world keng：3, sheng ：1048576

2026-08-19 13:35:54.682 INFO [pool-6-thread-1][:] - /****************流量统计******************/
LastReadBytes:0
LastReadThroughput:0
LastWrittenBytes:0
LastWriteThroughput:0
RealWrittenBytes:0
RealWriteThroughput:0
当前玩家的连接数量:0
当前地图的线程个数：9
当前地图的个数:47
当前数据库执行队列数:0
当前发送队列缓存的对象数量:0
totalMemory：966262784, use ：565133968, free ：401128816DirectMemory：1827143680, 恢复 ：1
当前时间 ：2026-08-19 13:35:54send keng：-1, sheng ：4194304
decode keng：-1, sheng ：2097152
world keng：3, sheng ：1048576

2026-08-19 13:35:59.682 INFO [pool-6-thread-6][:] - /****************流量统计******************/
LastReadBytes:0
LastReadThroughput:0
LastWrittenBytes:0
LastWriteThroughput:0
RealWrittenBytes:0
RealWriteThroughput:0
当前玩家的连接数量:0
当前地图的线程个数：9
当前地图的个数:47
当前数据库执行队列数:0
当前发送队列缓存的对象数量:0
totalMemory：966262784, use ：569004888, free ：397257896DirectMemory：1827143680, 恢复 ：1
当前时间 ：2026-08-19 13:35:59send keng：-1, sheng ：4194304
decode keng：-1, sheng ：2097152
world keng：3, sheng ：1048576

2026-08-19 13:36:04.682 INFO [pool-6-thread-10][:] - /****************流量统计******************/
LastReadBytes:0
LastReadThroughput:0
LastWrittenBytes:0
LastWriteThroughput:0
RealWrittenBytes:0
RealWriteThroughput:0
当前玩家的连接数量:0
当前地图的线程个数：9
当前地图的个数:47
当前数据库执行队列数:0
当前发送队列缓存的对象数量:0
totalMemory：966262784, use ：571932224, free ：394330560DirectMemory：1827143680, 恢复 ：1
当前时间 ：2026-08-19 13:36:04send keng：-1, sheng ：4194304
decode keng：-1, sheng ：2097152
world keng：3, sheng ：1048576

2026-08-19 13:36:09.682 INFO [pool-6-thread-9][:] - /****************流量统计******************/
LastReadBytes:0
LastReadThroughput:0
LastWrittenBytes:0
LastWriteThroughput:0
RealWrittenBytes:0
RealWriteThroughput:0
当前玩家的连接数量:0
当前地图的线程个数：9
当前地图的个数:47
当前数据库执行队列数:0
当前发送队列缓存的对象数量:0
totalMemory：966262784, use ：576546352, free ：389716432DirectMemory：1827143680, 恢复 ：1
当前时间 ：2026-08-19 13:36:09send keng：-1, sheng ：4194304
decode keng：-1, sheng ：2097152
world keng：3, sheng ：1048576

2026-08-19 13:36:14.682 INFO [pool-6-thread-4][:] - /****************流量统计******************/
LastReadBytes:0
LastReadThroughput:0
LastWrittenBytes:0
LastWriteThroughput:0
RealWrittenBytes:0
RealWriteThroughput:0
当前玩家的连接数量:0
当前地图的线程个数：9
当前地图的个数:47
当前数据库执行队列数:0
当前发送队列缓存的对象数量:0
totalMemory：966262784, use ：580088696, free ：386174088DirectMemory：1827143680, 恢复 ：1
当前时间 ：2026-08-19 13:36:14send keng：-1, sheng ：4194304
decode keng：-1, sheng ：2097152
world keng：3, sheng ：1048576

2026-08-19 13:36:19.682 INFO [pool-6-thread-2][:] - /****************流量统计******************/
LastReadBytes:0
LastReadThroughput:0
LastWrittenBytes:0
LastWriteThroughput:0
RealWrittenBytes:0
RealWriteThroughput:0
当前玩家的连接数量:0
当前地图的线程个数：9
当前地图的个数:47
当前数据库执行队列数:0
当前发送队列缓存的对象数量:0
totalMemory：966262784, use ：583580768, free ：382682016DirectMemory：1827143680, 恢复 ：1
当前时间 ：2026-08-19 13:36:19send keng：-1, sheng ：4194304
decode keng：-1, sheng ：2097152
world keng：3, sheng ：1048576

2026-08-19 13:36:24.682 INFO [pool-6-thread-6][:] - /****************流量统计******************/
LastReadBytes:0
LastReadThroughput:0
LastWrittenBytes:0
LastWriteThroughput:0
RealWrittenBytes:0
RealWriteThroughput:0
当前玩家的连接数量:0
当前地图的线程个数：9
当前地图的个数:47
当前数据库执行队列数:0
当前发送队列缓存的对象数量:0
totalMemory：966262784, use ：587841640, free ：378421144DirectMemory：1827143680, 恢复 ：1
当前时间 ：2026-08-19 13:36:24send keng：-1, sheng ：4194304
decode keng：-1, sheng ：2097152
world keng：3, sheng ：1048576

2026-08-19 13:36:29.682 INFO [pool-6-thread-1][:] - /****************流量统计******************/
LastReadBytes:0
LastReadThroughput:0
LastWrittenBytes:0
LastWriteThroughput:0
RealWrittenBytes:0
RealWriteThroughput:0
当前玩家的连接数量:0
当前地图的线程个数：9
当前地图的个数:47
当前数据库执行队列数:0
当前发送队列缓存的对象数量:0
totalMemory：966262784, use ：590047160, free ：376215624DirectMemory：1827143680, 恢复 ：1
当前时间 ：2026-08-19 13:36:29send keng：-1, sheng ：4194304
decode keng：-1, sheng ：2097152
world keng：3, sheng ：1048576

2026-08-19 13:36:34.682 INFO [pool-6-thread-9][:] - /****************流量统计******************/
LastReadBytes:0
LastReadThroughput:0
LastWrittenBytes:0
LastWriteThroughput:0
RealWrittenBytes:0
RealWriteThroughput:0
当前玩家的连接数量:0
当前地图的线程个数：9
当前地图的个数:47
当前数据库执行队列数:0
当前发送队列缓存的对象数量:0
totalMemory：966262784, use ：594855160, free ：371407624DirectMemory：1827143680, 恢复 ：1
当前时间 ：2026-08-19 13:36:34send keng：-1, sheng ：4194304
decode keng：-1, sheng ：2097152
world keng：3, sheng ：1048576

2026-08-19 13:36:39.682 INFO [pool-6-thread-5][:] - /****************流量统计******************/
LastReadBytes:0
LastReadThroughput:0
LastWrittenBytes:0
LastWriteThroughput:0
RealWrittenBytes:0
RealWriteThroughput:0
当前玩家的连接数量:0
当前地图的线程个数：9
当前地图的个数:47
当前数据库执行队列数:0
当前发送队列缓存的对象数量:0
totalMemory：966262784, use ：597419040, free ：368843744DirectMemory：1827143680, 恢复 ：1
当前时间 ：2026-08-19 13:36:39send keng：-1, sheng ：4194304
decode keng：-1, sheng ：2097152
world keng：3, sheng ：1048576

2026-08-19 13:36:44.682 INFO [pool-6-thread-4][:] - /****************流量统计******************/
LastReadBytes:0
LastReadThroughput:0
LastWrittenBytes:0
LastWriteThroughput:0
RealWrittenBytes:0
RealWriteThroughput:0
当前玩家的连接数量:0
当前地图的线程个数：9
当前地图的个数:47
当前数据库执行队列数:0
当前发送队列缓存的对象数量:0
totalMemory：966262784, use ：601415360, free ：364847424DirectMemory：1827143680, 恢复 ：1
当前时间 ：2026-08-19 13:36:44send keng：-1, sheng ：4194304
decode keng：-1, sheng ：2097152
world keng：3, sheng ：1048576

2026-08-19 13:36:49.682 INFO [pool-6-thread-7][:] - /****************流量统计******************/
LastReadBytes:0
LastReadThroughput:0
LastWrittenBytes:0
LastWriteThroughput:0
RealWrittenBytes:0
RealWriteThroughput:0
当前玩家的连接数量:0
当前地图的线程个数：9
当前地图的个数:47
当前数据库执行队列数:0
当前发送队列缓存的对象数量:0
totalMemory：966262784, use ：604409456, free ：361853328DirectMemory：1827143680, 恢复 ：1
当前时间 ：2026-08-19 13:36:49send keng：-1, sheng ：4194304
decode keng：-1, sheng ：2097152
world keng：3, sheng ：1048576

2026-08-19 13:36:54.682 INFO [pool-6-thread-4][:] - /****************流量统计******************/
LastReadBytes:0
LastReadThroughput:0
LastWrittenBytes:0
LastWriteThroughput:0
RealWrittenBytes:0
RealWriteThroughput:0
当前玩家的连接数量:0
当前地图的线程个数：9
当前地图的个数:47
当前数据库执行队列数:0
当前发送队列缓存的对象数量:0
totalMemory：966262784, use ：608311920, free ：357950864DirectMemory：1827143680, 恢复 ：1
当前时间 ：2026-08-19 13:36:54send keng：-1, sheng ：4194304
decode keng：-1, sheng ：2097152
world keng：3, sheng ：1048576

2026-08-19 13:36:59.682 INFO [pool-6-thread-1][:] - /****************流量统计******************/
LastReadBytes:0
LastReadThroughput:0
LastWrittenBytes:0
LastWriteThroughput:0
RealWrittenBytes:0
RealWriteThroughput:0
当前玩家的连接数量:0
当前地图的线程个数：9
当前地图的个数:47
当前数据库执行队列数:0
当前发送队列缓存的对象数量:0
totalMemory：966262784, use ：611917464, free ：354345320DirectMemory：1827143680, 恢复 ：1
当前时间 ：2026-08-19 13:36:59send keng：-1, sheng ：4194304
decode keng：-1, sheng ：2097152
world keng：3, sheng ：1048576

2026-08-19 13:37:04.682 INFO [pool-6-thread-4][:] - /****************流量统计******************/
LastReadBytes:0
LastReadThroughput:0
LastWrittenBytes:0
LastWriteThroughput:0
RealWrittenBytes:0
RealWriteThroughput:0
当前玩家的连接数量:0
当前地图的线程个数：9
当前地图的个数:47
当前数据库执行队列数:0
当前发送队列缓存的对象数量:0
totalMemory：966262784, use ：615379544, free ：350883240DirectMemory：1827143680, 恢复 ：1
当前时间 ：2026-08-19 13:37:04send keng：-1, sheng ：4194304
decode keng：-1, sheng ：2097152
world keng：3, sheng ：1048576

2026-08-19 13:37:09.682 INFO [pool-6-thread-8][:] - /****************流量统计******************/
LastReadBytes:0
LastReadThroughput:0
LastWrittenBytes:0
LastWriteThroughput:0
RealWrittenBytes:0
RealWriteThroughput:0
当前玩家的连接数量:0
当前地图的线程个数：9
当前地图的个数:47
当前数据库执行队列数:0
当前发送队列缓存的对象数量:0
totalMemory：966262784, use ：620051112, free ：346211672DirectMemory：1827143680, 恢复 ：1
当前时间 ：2026-08-19 13:37:09send keng：-1, sheng ：4194304
decode keng：-1, sheng ：2097152
world keng：3, sheng ：1048576

2026-08-19 13:37:14.682 INFO [pool-6-thread-2][:] - /****************流量统计******************/
LastReadBytes:0
LastReadThroughput:0
LastWrittenBytes:0
LastWriteThroughput:0
RealWrittenBytes:0
RealWriteThroughput:0
当前玩家的连接数量:0
当前地图的线程个数：9
当前地图的个数:47
当前数据库执行队列数:0
当前发送队列缓存的对象数量:0
totalMemory：966262784, use ：622789736, free ：343473048DirectMemory：1827143680, 恢复 ：1
当前时间 ：2026-08-19 13:37:14send keng：-1, sheng ：4194304
decode keng：-1, sheng ：2097152
world keng：3, sheng ：1048576

2026-08-19 13:37:19.682 INFO [pool-6-thread-6][:] - /****************流量统计******************/
LastReadBytes:0
LastReadThroughput:0
LastWrittenBytes:0
LastWriteThroughput:0
RealWrittenBytes:0
RealWriteThroughput:0
当前玩家的连接数量:0
当前地图的线程个数：9
当前地图的个数:47
当前数据库执行队列数:0
当前发送队列缓存的对象数量:0
totalMemory：966262784, use ：626971920, free ：339290864DirectMemory：1827143680, 恢复 ：1
当前时间 ：2026-08-19 13:37:19send keng：-1, sheng ：4194304
decode keng：-1, sheng ：2097152
world keng：3, sheng ：1048576

2026-08-19 13:37:24.682 INFO [pool-6-thread-10][:] - /****************流量统计******************/
LastReadBytes:0
LastReadThroughput:0
LastWrittenBytes:0
LastWriteThroughput:0
RealWrittenBytes:0
RealWriteThroughput:0
当前玩家的连接数量:0
当前地图的线程个数：9
当前地图的个数:47
当前数据库执行队列数:0
当前发送队列缓存的对象数量:0
totalMemory：966262784, use ：629792456, free ：336470328DirectMemory：1827143680, 恢复 ：1
当前时间 ：2026-08-19 13:37:24send keng：-1, sheng ：4194304
decode keng：-1, sheng ：2097152
world keng：3, sheng ：1048576

2026-08-19 13:37:29.682 INFO [pool-6-thread-6][:] - /****************流量统计******************/
LastReadBytes:0
LastReadThroughput:0
LastWrittenBytes:0
LastWriteThroughput:0
RealWrittenBytes:0
RealWriteThroughput:0
当前玩家的连接数量:0
当前地图的线程个数：9
当前地图的个数:47
当前数据库执行队列数:0
当前发送队列缓存的对象数量:0
totalMemory：966262784, use ：633671440, free ：332591344DirectMemory：1827143680, 恢复 ：1
当前时间 ：2026-08-19 13:37:29send keng：-1, sheng ：4194304
decode keng：-1, sheng ：2097152
world keng：3, sheng ：1048576

2026-08-19 13:37:34.682 INFO [pool-6-thread-6][:] - /****************流量统计******************/
LastReadBytes:0
LastReadThroughput:0
LastWrittenBytes:0
LastWriteThroughput:0
RealWrittenBytes:0
RealWriteThroughput:0
当前玩家的连接数量:0
当前地图的线程个数：9
当前地图的个数:47
当前数据库执行队列数:0
当前发送队列缓存的对象数量:0
totalMemory：966262784, use ：636270104, free ：329992680DirectMemory：1827143680, 恢复 ：1
当前时间 ：2026-08-19 13:37:34send keng：-1, sheng ：4194304
decode keng：-1, sheng ：2097152
world keng：3, sheng ：1048576

2026-08-19 13:37:39.682 INFO [pool-6-thread-4][:] - /****************流量统计******************/
LastReadBytes:0
LastReadThroughput:0
LastWrittenBytes:0
LastWriteThroughput:0
RealWrittenBytes:0
RealWriteThroughput:0
当前玩家的连接数量:0
当前地图的线程个数：9
当前地图的个数:47
当前数据库执行队列数:0
当前发送队列缓存的对象数量:0
totalMemory：966262784, use ：641101192, free ：325161592DirectMemory：1827143680, 恢复 ：1
当前时间 ：2026-08-19 13:37:39send keng：-1, sheng ：4194304
decode keng：-1, sheng ：2097152
world keng：3, sheng ：1048576

2026-08-19 13:37:44.682 INFO [pool-6-thread-9][:] - /****************流量统计******************/
LastReadBytes:0
LastReadThroughput:0
LastWrittenBytes:0
LastWriteThroughput:0
RealWrittenBytes:0
RealWriteThroughput:0
当前玩家的连接数量:0
当前地图的线程个数：9
当前地图的个数:47
当前数据库执行队列数:0
当前发送队列缓存的对象数量:0
totalMemory：966262784, use ：643723640, free ：322539144DirectMemory：1827143680, 恢复 ：1
当前时间 ：2026-08-19 13:37:44send keng：-1, sheng ：4194304
decode keng：-1, sheng ：2097152
world keng：3, sheng ：1048576

2026-08-19 13:37:49.682 INFO [pool-6-thread-1][:] - /****************流量统计******************/
LastReadBytes:0
LastReadThroughput:0
LastWrittenBytes:0
LastWriteThroughput:0
RealWrittenBytes:0
RealWriteThroughput:0
当前玩家的连接数量:0
当前地图的线程个数：9
当前地图的个数:47
当前数据库执行队列数:0
当前发送队列缓存的对象数量:0
totalMemory：966262784, use ：649285048, free ：316977736DirectMemory：1827143680, 恢复 ：1
当前时间 ：2026-08-19 13:37:49send keng：-1, sheng ：4194304
decode keng：-1, sheng ：2097152
world keng：3, sheng ：1048576

2026-08-19 13:37:54.682 INFO [pool-6-thread-8][:] - /****************流量统计******************/
LastReadBytes:0
LastReadThroughput:0
LastWrittenBytes:0
LastWriteThroughput:0
RealWrittenBytes:0
RealWriteThroughput:0
当前玩家的连接数量:0
当前地图的线程个数：9
当前地图的个数:47
当前数据库执行队列数:0
当前发送队列缓存的对象数量:0
totalMemory：966262784, use ：649909664, free ：316353120DirectMemory：1827143680, 恢复 ：1
当前时间 ：2026-08-19 13:37:54send keng：-1, sheng ：4194304
decode keng：-1, sheng ：2097152
world keng：3, sheng ：1048576

2026-08-19 13:37:59.682 INFO [pool-6-thread-3][:] - /****************流量统计******************/
LastReadBytes:0
LastReadThroughput:0
LastWrittenBytes:0
LastWriteThroughput:0
RealWrittenBytes:0
RealWriteThroughput:0
当前玩家的连接数量:0
当前地图的线程个数：9
当前地图的个数:47
当前数据库执行队列数:0
当前发送队列缓存的对象数量:0
totalMemory：966262784, use ：655012032, free ：311250752DirectMemory：1827143680, 恢复 ：1
当前时间 ：2026-08-19 13:37:59send keng：-1, sheng ：4194304
decode keng：-1, sheng ：2097152
world keng：3, sheng ：1048576

2026-08-19 13:38:04.682 INFO [pool-6-thread-3][:] - /****************流量统计******************/
LastReadBytes:0
LastReadThroughput:0
LastWrittenBytes:0
LastWriteThroughput:0
RealWrittenBytes:0
RealWriteThroughput:0
当前玩家的连接数量:0
当前地图的线程个数：9
当前地图的个数:47
当前数据库执行队列数:0
当前发送队列缓存的对象数量:0
totalMemory：966262784, use ：658855368, free ：307407416DirectMemory：1827143680, 恢复 ：1
当前时间 ：2026-08-19 13:38:04send keng：-1, sheng ：4194304
decode keng：-1, sheng ：2097152
world keng：3, sheng ：1048576

2026-08-19 13:38:09.682 INFO [pool-6-thread-7][:] - /****************流量统计******************/
LastReadBytes:0
LastReadThroughput:0
LastWrittenBytes:0
LastWriteThroughput:0
RealWrittenBytes:0
RealWriteThroughput:0
当前玩家的连接数量:0
当前地图的线程个数：9
当前地图的个数:47
当前数据库执行队列数:0
当前发送队列缓存的对象数量:0
totalMemory：966262784, use ：662091440, free ：304171344DirectMemory：1827143680, 恢复 ：1
当前时间 ：2026-08-19 13:38:09send keng：-1, sheng ：4194304
decode keng：-1, sheng ：2097152
world keng：3, sheng ：1048576

2026-08-19 13:38:14.682 INFO [pool-6-thread-10][:] - /****************流量统计******************/
LastReadBytes:0
LastReadThroughput:0
LastWrittenBytes:0
LastWriteThroughput:0
RealWrittenBytes:0
RealWriteThroughput:0
当前玩家的连接数量:0
当前地图的线程个数：9
当前地图的个数:47
当前数据库执行队列数:0
当前发送队列缓存的对象数量:0
totalMemory：966262784, use ：666072256, free ：300190528DirectMemory：1827143680, 恢复 ：1
当前时间 ：2026-08-19 13:38:14send keng：-1, sheng ：4194304
decode keng：-1, sheng ：2097152
world keng：3, sheng ：1048576

2026-08-19 13:38:19.682 INFO [pool-6-thread-4][:] - /****************流量统计******************/
LastReadBytes:0
LastReadThroughput:0
LastWrittenBytes:0
LastWriteThroughput:0
RealWrittenBytes:0
RealWriteThroughput:0
当前玩家的连接数量:0
当前地图的线程个数：9
当前地图的个数:47
当前数据库执行队列数:0
当前发送队列缓存的对象数量:0
totalMemory：966262784, use ：668265416, free ：297997368DirectMemory：1827143680, 恢复 ：1
当前时间 ：2026-08-19 13:38:19send keng：-1, sheng ：4194304
decode keng：-1, sheng ：2097152
world keng：3, sheng ：1048576

2026-08-19 13:38:24.682 INFO [pool-6-thread-10][:] - /****************流量统计******************/
LastReadBytes:0
LastReadThroughput:0
LastWrittenBytes:0
LastWriteThroughput:0
RealWrittenBytes:0
RealWriteThroughput:0
当前玩家的连接数量:0
当前地图的线程个数：9
当前地图的个数:47
当前数据库执行队列数:0
当前发送队列缓存的对象数量:0
totalMemory：966262784, use ：672927232, free ：293335552DirectMemory：1827143680, 恢复 ：1
当前时间 ：2026-08-19 13:38:24send keng：-1, sheng ：4194304
decode keng：-1, sheng ：2097152
world keng：3, sheng ：1048576

2026-08-19 13:38:29.682 INFO [pool-6-thread-5][:] - /****************流量统计******************/
LastReadBytes:0
LastReadThroughput:0
LastWrittenBytes:0
LastWriteThroughput:0
RealWrittenBytes:0
RealWriteThroughput:0
当前玩家的连接数量:0
当前地图的线程个数：9
当前地图的个数:47
当前数据库执行队列数:0
当前发送队列缓存的对象数量:0
totalMemory：966262784, use ：676504432, free ：289758352DirectMemory：1827143680, 恢复 ：1
当前时间 ：2026-08-19 13:38:29send keng：-1, sheng ：4194304
decode keng：-1, sheng ：2097152
world keng：3, sheng ：1048576

2026-08-19 13:38:34.682 INFO [pool-6-thread-2][:] - /****************流量统计******************/
LastReadBytes:0
LastReadThroughput:0
LastWrittenBytes:0
LastWriteThroughput:0
RealWrittenBytes:0
RealWriteThroughput:0
当前玩家的连接数量:0
当前地图的线程个数：9
当前地图的个数:47
当前数据库执行队列数:0
当前发送队列缓存的对象数量:0
totalMemory：966262784, use ：680412272, free ：285850512DirectMemory：1827143680, 恢复 ：1
当前时间 ：2026-08-19 13:38:34send keng：-1, sheng ：4194304
decode keng：-1, sheng ：2097152
world keng：3, sheng ：1048576

2026-08-19 13:38:39.682 INFO [pool-6-thread-5][:] - /****************流量统计******************/
LastReadBytes:0
LastReadThroughput:0
LastWrittenBytes:0
LastWriteThroughput:0
RealWrittenBytes:0
RealWriteThroughput:0
当前玩家的连接数量:0
当前地图的线程个数：9
当前地图的个数:47
当前数据库执行队列数:0
当前发送队列缓存的对象数量:0
totalMemory：966262784, use ：682592032, free ：283670752DirectMemory：1827143680, 恢复 ：1
当前时间 ：2026-08-19 13:38:39send keng：-1, sheng ：4194304
decode keng：-1, sheng ：2097152
world keng：3, sheng ：1048576

2026-08-19 13:38:44.682 INFO [pool-6-thread-10][:] - /****************流量统计******************/
LastReadBytes:0
LastReadThroughput:0
LastWrittenBytes:0
LastWriteThroughput:0
RealWrittenBytes:0
RealWriteThroughput:0
当前玩家的连接数量:0
当前地图的线程个数：9
当前地图的个数:47
当前数据库执行队列数:0
当前发送队列缓存的对象数量:0
totalMemory：966262784, use ：687821440, free ：278441344DirectMemory：1827143680, 恢复 ：1
当前时间 ：2026-08-19 13:38:44send keng：-1, sheng ：4194304
decode keng：-1, sheng ：2097152
world keng：3, sheng ：1048576

2026-08-19 13:38:49.685 INFO [pool-6-thread-7][:] - /****************流量统计******************/
LastReadBytes:0
LastReadThroughput:0
LastWrittenBytes:0
LastWriteThroughput:0
RealWrittenBytes:0
RealWriteThroughput:0
当前玩家的连接数量:0
当前地图的线程个数：9
当前地图的个数:47
当前数据库执行队列数:0
当前发送队列缓存的对象数量:0
totalMemory：966262784, use ：690043104, free ：276219680DirectMemory：1827143680, 恢复 ：1
当前时间 ：2026-08-19 13:38:49send keng：-1, sheng ：4194304
decode keng：-1, sheng ：2097152
world keng：3, sheng ：1048576

2026-08-19 13:38:54.682 INFO [pool-6-thread-9][:] - /****************流量统计******************/
LastReadBytes:0
LastReadThroughput:0
LastWrittenBytes:0
LastWriteThroughput:0
RealWrittenBytes:0
RealWriteThroughput:0
当前玩家的连接数量:0
当前地图的线程个数：9
当前地图的个数:47
当前数据库执行队列数:0
当前发送队列缓存的对象数量:0
totalMemory：966262784, use ：694737552, free ：271525232DirectMemory：1827143680, 恢复 ：1
当前时间 ：2026-08-19 13:38:54send keng：-1, sheng ：4194304
decode keng：-1, sheng ：2097152
world keng：3, sheng ：1048576

2026-08-19 13:38:59.682 INFO [pool-6-thread-2][:] - /****************流量统计******************/
LastReadBytes:0
LastReadThroughput:0
LastWrittenBytes:0
LastWriteThroughput:0
RealWrittenBytes:0
RealWriteThroughput:0
当前玩家的连接数量:0
当前地图的线程个数：9
当前地图的个数:47
当前数据库执行队列数:0
当前发送队列缓存的对象数量:0
totalMemory：966262784, use ：696782312, free ：269480472DirectMemory：1827143680, 恢复 ：1
当前时间 ：2026-08-19 13:38:59send keng：-1, sheng ：4194304
decode keng：-1, sheng ：2097152
world keng：3, sheng ：1048576

2026-08-19 13:39:04.694 INFO [pool-6-thread-5][:] - /****************流量统计******************/
LastReadBytes:0
LastReadThroughput:0
LastWrittenBytes:0
LastWriteThroughput:0
RealWrittenBytes:0
RealWriteThroughput:0
当前玩家的连接数量:0
当前地图的线程个数：9
当前地图的个数:47
当前数据库执行队列数:0
当前发送队列缓存的对象数量:0
totalMemory：966262784, use ：701387472, free ：264875312DirectMemory：1827143680, 恢复 ：1
当前时间 ：2026-08-19 13:39:04send keng：-1, sheng ：4194304
decode keng：-1, sheng ：2097152
world keng：3, sheng ：1048576

2026-08-19 13:39:09.682 INFO [pool-6-thread-2][:] - /****************流量统计******************/
LastReadBytes:0
LastReadThroughput:0
LastWrittenBytes:0
LastWriteThroughput:0
RealWrittenBytes:0
RealWriteThroughput:0
当前玩家的连接数量:0
当前地图的线程个数：9
当前地图的个数:47
当前数据库执行队列数:0
当前发送队列缓存的对象数量:0
totalMemory：966262784, use ：705307384, free ：260955400DirectMemory：1827143680, 恢复 ：1
当前时间 ：2026-08-19 13:39:09send keng：-1, sheng ：4194304
decode keng：-1, sheng ：2097152
world keng：3, sheng ：1048576

2026-08-19 13:39:14.682 INFO [pool-6-thread-2][:] - /****************流量统计******************/
LastReadBytes:0
LastReadThroughput:0
LastWrittenBytes:0
LastWriteThroughput:0
RealWrittenBytes:0
RealWriteThroughput:0
当前玩家的连接数量:0
当前地图的线程个数：9
当前地图的个数:47
当前数据库执行队列数:0
当前发送队列缓存的对象数量:0
totalMemory：966262784, use ：707920760, free ：258342024DirectMemory：1827143680, 恢复 ：1
当前时间 ：2026-08-19 13:39:14send keng：-1, sheng ：4194304
decode keng：-1, sheng ：2097152
world keng：3, sheng ：1048576

2026-08-19 13:39:19.682 INFO [pool-6-thread-9][:] - /****************流量统计******************/
LastReadBytes:0
LastReadThroughput:0
LastWrittenBytes:0
LastWriteThroughput:0
RealWrittenBytes:0
RealWriteThroughput:0
当前玩家的连接数量:0
当前地图的线程个数：9
当前地图的个数:47
当前数据库执行队列数:0
当前发送队列缓存的对象数量:0
totalMemory：966262784, use ：712116936, free ：254145848DirectMemory：1827143680, 恢复 ：1
当前时间 ：2026-08-19 13:39:19send keng：-1, sheng ：4194304
decode keng：-1, sheng ：2097152
world keng：3, sheng ：1048576

2026-08-19 13:39:24.682 INFO [pool-6-thread-1][:] - /****************流量统计******************/
LastReadBytes:0
LastReadThroughput:0
LastWrittenBytes:0
LastWriteThroughput:0
RealWrittenBytes:0
RealWriteThroughput:0
当前玩家的连接数量:0
当前地图的线程个数：9
当前地图的个数:47
当前数据库执行队列数:0
当前发送队列缓存的对象数量:0
totalMemory：966262784, use ：715773872, free ：250488912DirectMemory：1827143680, 恢复 ：1
当前时间 ：2026-08-19 13:39:24send keng：-1, sheng ：4194304
decode keng：-1, sheng ：2097152
world keng：3, sheng ：1048576

2026-08-19 13:39:29.682 INFO [pool-6-thread-5][:] - /****************流量统计******************/
LastReadBytes:0
LastReadThroughput:0
LastWrittenBytes:0
LastWriteThroughput:0
RealWrittenBytes:0
RealWriteThroughput:0
当前玩家的连接数量:0
当前地图的线程个数：9
当前地图的个数:47
当前数据库执行队列数:0
当前发送队列缓存的对象数量:0
totalMemory：966262784, use ：718789120, free ：247473664DirectMemory：1827143680, 恢复 ：1
当前时间 ：2026-08-19 13:39:29send keng：-1, sheng ：4194304
decode keng：-1, sheng ：2097152
world keng：3, sheng ：1048576

2026-08-19 13:39:34.682 INFO [pool-6-thread-3][:] - /****************流量统计******************/
LastReadBytes:0
LastReadThroughput:0
LastWrittenBytes:0
LastWriteThroughput:0
RealWrittenBytes:0
RealWriteThroughput:0
当前玩家的连接数量:0
当前地图的线程个数：9
当前地图的个数:47
当前数据库执行队列数:0
当前发送队列缓存的对象数量:0
totalMemory：966262784, use ：722274984, free ：243987800DirectMemory：1827143680, 恢复 ：1
当前时间 ：2026-08-19 13:39:34send keng：-1, sheng ：4194304
decode keng：-1, sheng ：2097152
world keng：3, sheng ：1048576

2026-08-19 13:39:39.682 INFO [pool-6-thread-9][:] - /****************流量统计******************/
LastReadBytes:0
LastReadThroughput:0
LastWrittenBytes:0
LastWriteThroughput:0
RealWrittenBytes:0
RealWriteThroughput:0
当前玩家的连接数量:0
当前地图的线程个数：9
当前地图的个数:47
当前数据库执行队列数:0
当前发送队列缓存的对象数量:0
totalMemory：966787072, use ：399549984, free ：567237088DirectMemory：1827143680, 恢复 ：1
当前时间 ：2026-08-19 13:39:39send keng：-1, sheng ：4194304
decode keng：-1, sheng ：2097152
world keng：3, sheng ：1048576

2026-08-19 13:39:44.682 INFO [pool-6-thread-1][:] - /****************流量统计******************/
LastReadBytes:0
LastReadThroughput:0
LastWrittenBytes:0
LastWriteThroughput:0
RealWrittenBytes:0
RealWriteThroughput:0
当前玩家的连接数量:0
当前地图的线程个数：9
当前地图的个数:47
当前数据库执行队列数:0
当前发送队列缓存的对象数量:0
totalMemory：966787072, use ：400428400, free ：566358672DirectMemory：1827143680, 恢复 ：1
当前时间 ：2026-08-19 13:39:44send keng：-1, sheng ：4194304
decode keng：-1, sheng ：2097152
world keng：3, sheng ：1048576

2026-08-19 13:39:49.682 INFO [pool-6-thread-4][:] - /****************流量统计******************/
LastReadBytes:0
LastReadThroughput:0
LastWrittenBytes:0
LastWriteThroughput:0
RealWrittenBytes:0
RealWriteThroughput:0
当前玩家的连接数量:0
当前地图的线程个数：9
当前地图的个数:47
当前数据库执行队列数:0
当前发送队列缓存的对象数量:0
totalMemory：966787072, use ：405642480, free ：561144592DirectMemory：1827143680, 恢复 ：1
当前时间 ：2026-08-19 13:39:49send keng：-1, sheng ：4194304
decode keng：-1, sheng ：2097152
world keng：3, sheng ：1048576

2026-08-19 13:39:54.682 INFO [pool-6-thread-9][:] - /****************流量统计******************/
LastReadBytes:0
LastReadThroughput:0
LastWrittenBytes:0
LastWriteThroughput:0
RealWrittenBytes:0
RealWriteThroughput:0
当前玩家的连接数量:0
当前地图的线程个数：9
当前地图的个数:47
当前数据库执行队列数:0
当前发送队列缓存的对象数量:0
totalMemory：966787072, use ：407397488, free ：559389584DirectMemory：1827143680, 恢复 ：1
当前时间 ：2026-08-19 13:39:54send keng：-1, sheng ：4194304
decode keng：-1, sheng ：2097152
world keng：3, sheng ：1048576

2026-08-19 13:39:59.682 INFO [pool-6-thread-10][:] - /****************流量统计******************/
LastReadBytes:0
LastReadThroughput:0
LastWrittenBytes:0
LastWriteThroughput:0
RealWrittenBytes:0
RealWriteThroughput:0
当前玩家的连接数量:0
当前地图的线程个数：9
当前地图的个数:47
当前数据库执行队列数:0
当前发送队列缓存的对象数量:0
totalMemory：966787072, use ：412623208, free ：554163864DirectMemory：1827143680, 恢复 ：1
当前时间 ：2026-08-19 13:39:59send keng：-1, sheng ：4194304
decode keng：-1, sheng ：2097152
world keng：3, sheng ：1048576

2026-08-19 13:40:04.682 INFO [pool-6-thread-1][:] - /****************流量统计******************/
LastReadBytes:0
LastReadThroughput:0
LastWrittenBytes:0
LastWriteThroughput:0
RealWrittenBytes:0
RealWriteThroughput:0
当前玩家的连接数量:0
当前地图的线程个数：9
当前地图的个数:47
当前数据库执行队列数:0
当前发送队列缓存的对象数量:0
totalMemory：966787072, use ：417064976, free ：549722096DirectMemory：1827143680, 恢复 ：1
当前时间 ：2026-08-19 13:40:04send keng：-1, sheng ：4194304
decode keng：-1, sheng ：2097152
world keng：3, sheng ：1048576

2026-08-19 13:40:09.682 INFO [pool-6-thread-9][:] - /****************流量统计******************/
LastReadBytes:0
LastReadThroughput:0
LastWrittenBytes:0
LastWriteThroughput:0
RealWrittenBytes:0
RealWriteThroughput:0
当前玩家的连接数量:0
当前地图的线程个数：9
当前地图的个数:47
当前数据库执行队列数:0
当前发送队列缓存的对象数量:0
totalMemory：966787072, use ：419717096, free ：547069976DirectMemory：1827143680, 恢复 ：1
当前时间 ：2026-08-19 13:40:09send keng：-1, sheng ：4194304
decode keng：-1, sheng ：2097152
world keng：3, sheng ：1048576

2026-08-19 13:40:14.682 INFO [pool-6-thread-2][:] - /****************流量统计******************/
LastReadBytes:0
LastReadThroughput:0
LastWrittenBytes:0
LastWriteThroughput:0
RealWrittenBytes:0
RealWriteThroughput:0
当前玩家的连接数量:0
当前地图的线程个数：9
当前地图的个数:47
当前数据库执行队列数:0
当前发送队列缓存的对象数量:0
totalMemory：966787072, use ：424059800, free ：542727272DirectMemory：1827143680, 恢复 ：1
当前时间 ：2026-08-19 13:40:14send keng：-1, sheng ：4194304
decode keng：-1, sheng ：2097152
world keng：3, sheng ：1048576

2026-08-19 13:40:19.682 INFO [pool-6-thread-3][:] - /****************流量统计******************/
LastReadBytes:0
LastReadThroughput:0
LastWrittenBytes:0
LastWriteThroughput:0
RealWrittenBytes:0
RealWriteThroughput:0
当前玩家的连接数量:0
当前地图的线程个数：9
当前地图的个数:47
当前数据库执行队列数:0
当前发送队列缓存的对象数量:0
totalMemory：966787072, use ：426711328, free ：540075744DirectMemory：1827143680, 恢复 ：1
当前时间 ：2026-08-19 13:40:19send keng：-1, sheng ：4194304
decode keng：-1, sheng ：2097152
world keng：3, sheng ：1048576

2026-08-19 13:40:24.682 INFO [pool-6-thread-9][:] - /****************流量统计******************/
LastReadBytes:0
LastReadThroughput:0
LastWrittenBytes:0
LastWriteThroughput:0
RealWrittenBytes:0
RealWriteThroughput:0
当前玩家的连接数量:0
当前地图的线程个数：9
当前地图的个数:47
当前数据库执行队列数:0
当前发送队列缓存的对象数量:0
totalMemory：966787072, use ：431496016, free ：535291056DirectMemory：1827143680, 恢复 ：1
当前时间 ：2026-08-19 13:40:24send keng：-1, sheng ：4194304
decode keng：-1, sheng ：2097152
world keng：3, sheng ：1048576

2026-08-19 13:40:29.682 INFO [pool-6-thread-10][:] - /****************流量统计******************/
LastReadBytes:0
LastReadThroughput:0
LastWrittenBytes:0
LastWriteThroughput:0
RealWrittenBytes:0
RealWriteThroughput:0
当前玩家的连接数量:0
当前地图的线程个数：9
当前地图的个数:47
当前数据库执行队列数:0
当前发送队列缓存的对象数量:0
totalMemory：966787072, use ：433189560, free ：533597512DirectMemory：1827143680, 恢复 ：1
当前时间 ：2026-08-19 13:40:29send keng：-1, sheng ：4194304
decode keng：-1, sheng ：2097152
world keng：3, sheng ：1048576

2026-08-19 13:40:34.682 INFO [pool-6-thread-4][:] - /****************流量统计******************/
LastReadBytes:0
LastReadThroughput:0
LastWrittenBytes:0
LastWriteThroughput:0
RealWrittenBytes:0
RealWriteThroughput:0
当前玩家的连接数量:0
当前地图的线程个数：9
当前地图的个数:47
当前数据库执行队列数:0
当前发送队列缓存的对象数量:0
totalMemory：966787072, use ：438028968, free ：528758104DirectMemory：1827143680, 恢复 ：1
当前时间 ：2026-08-19 13:40:34send keng：-1, sheng ：4194304
decode keng：-1, sheng ：2097152
world keng：3, sheng ：1048576

2026-08-19 13:40:39.682 INFO [pool-6-thread-9][:] - /****************流量统计******************/
LastReadBytes:0
LastReadThroughput:0
LastWrittenBytes:0
LastWriteThroughput:0
RealWrittenBytes:0
RealWriteThroughput:0
当前玩家的连接数量:0
当前地图的线程个数：9
当前地图的个数:47
当前数据库执行队列数:0
当前发送队列缓存的对象数量:0
totalMemory：966787072, use ：440609168, free ：526177904DirectMemory：1827143680, 恢复 ：1
当前时间 ：2026-08-19 13:40:39send keng：-1, sheng ：4194304
decode keng：-1, sheng ：2097152
world keng：3, sheng ：1048576

2026-08-19 13:40:44.682 INFO [pool-6-thread-5][:] - /****************流量统计******************/
LastReadBytes:0
LastReadThroughput:0
LastWrittenBytes:0
LastWriteThroughput:0
RealWrittenBytes:0
RealWriteThroughput:0
当前玩家的连接数量:0
当前地图的线程个数：9
当前地图的个数:47
当前数据库执行队列数:0
当前发送队列缓存的对象数量:0
totalMemory：966787072, use ：445440152, free ：521346920DirectMemory：1827143680, 恢复 ：1
当前时间 ：2026-08-19 13:40:44send keng：-1, sheng ：4194304
decode keng：-1, sheng ：2097152
world keng：3, sheng ：1048576

2026-08-19 13:40:49.682 INFO [pool-6-thread-7][:] - /****************流量统计******************/
LastReadBytes:0
LastReadThroughput:0
LastWrittenBytes:0
LastWriteThroughput:0
RealWrittenBytes:0
RealWriteThroughput:0
当前玩家的连接数量:0
当前地图的线程个数：9
当前地图的个数:47
当前数据库执行队列数:0
当前发送队列缓存的对象数量:0
totalMemory：966787072, use ：447201216, free ：519585856DirectMemory：1827143680, 恢复 ：1
当前时间 ：2026-08-19 13:40:49send keng：-1, sheng ：4194304
decode keng：-1, sheng ：2097152
world keng：3, sheng ：1048576

2026-08-19 13:40:54.682 INFO [pool-6-thread-4][:] - /****************流量统计******************/
LastReadBytes:0
LastReadThroughput:0
LastWrittenBytes:0
LastWriteThroughput:0
RealWrittenBytes:0
RealWriteThroughput:0
当前玩家的连接数量:0
当前地图的线程个数：9
当前地图的个数:47
当前数据库执行队列数:0
当前发送队列缓存的对象数量:0
totalMemory：966787072, use ：451924968, free ：514862104DirectMemory：1827143680, 恢复 ：1
当前时间 ：2026-08-19 13:40:54send keng：-1, sheng ：4194304
decode keng：-1, sheng ：2097152
world keng：3, sheng ：1048576

2026-08-19 13:40:59.682 INFO [pool-6-thread-8][:] - /****************流量统计******************/
LastReadBytes:0
LastReadThroughput:0
LastWrittenBytes:0
LastWriteThroughput:0
RealWrittenBytes:0
RealWriteThroughput:0
当前玩家的连接数量:0
当前地图的线程个数：9
当前地图的个数:47
当前数据库执行队列数:0
当前发送队列缓存的对象数量:0
totalMemory：966787072, use ：456261328, free ：510525744DirectMemory：1827143680, 恢复 ：1
当前时间 ：2026-08-19 13:40:59send keng：-1, sheng ：4194304
decode keng：-1, sheng ：2097152
world keng：3, sheng ：1048576

2026-08-19 13:41:04.682 INFO [pool-6-thread-7][:] - /****************流量统计******************/
LastReadBytes:0
LastReadThroughput:0
LastWrittenBytes:0
LastWriteThroughput:0
RealWrittenBytes:0
RealWriteThroughput:0
当前玩家的连接数量:0
当前地图的线程个数：9
当前地图的个数:47
当前数据库执行队列数:0
当前发送队列缓存的对象数量:0
totalMemory：966787072, use ：458591512, free ：508195560DirectMemory：1827143680, 恢复 ：1
当前时间 ：2026-08-19 13:41:04send keng：-1, sheng ：4194304
decode keng：-1, sheng ：2097152
world keng：3, sheng ：1048576

2026-08-19 13:41:09.682 INFO [pool-6-thread-3][:] - /****************流量统计******************/
LastReadBytes:0
LastReadThroughput:0
LastWrittenBytes:0
LastWriteThroughput:0
RealWrittenBytes:0
RealWriteThroughput:0
当前玩家的连接数量:0
当前地图的线程个数：9
当前地图的个数:47
当前数据库执行队列数:0
当前发送队列缓存的对象数量:0
totalMemory：966787072, use ：464281448, free ：502505624DirectMemory：1827143680, 恢复 ：1
当前时间 ：2026-08-19 13:41:09send keng：-1, sheng ：4194304
decode keng：-1, sheng ：2097152
world keng：3, sheng ：1048576

2026-08-19 13:41:14.682 INFO [pool-6-thread-1][:] - /****************流量统计******************/
LastReadBytes:0
LastReadThroughput:0
LastWrittenBytes:0
LastWriteThroughput:0
RealWrittenBytes:0
RealWriteThroughput:0
当前玩家的连接数量:0
当前地图的线程个数：9
当前地图的个数:47
当前数据库执行队列数:0
当前发送队列缓存的对象数量:0
totalMemory：966787072, use ：466430368, free ：500356704DirectMemory：1827143680, 恢复 ：1
当前时间 ：2026-08-19 13:41:14send keng：-1, sheng ：4194304
decode keng：-1, sheng ：2097152
world keng：3, sheng ：1048576

2026-08-19 13:41:19.682 INFO [pool-6-thread-9][:] - /****************流量统计******************/
LastReadBytes:0
LastReadThroughput:0
LastWrittenBytes:0
LastWriteThroughput:0
RealWrittenBytes:0
RealWriteThroughput:0
当前玩家的连接数量:0
当前地图的线程个数：9
当前地图的个数:47
当前数据库执行队列数:0
当前发送队列缓存的对象数量:0
totalMemory：966787072, use ：470831168, free ：495955904DirectMemory：1827143680, 恢复 ：1
当前时间 ：2026-08-19 13:41:19send keng：-1, sheng ：4194304
decode keng：-1, sheng ：2097152
world keng：3, sheng ：1048576

2026-08-19 13:41:24.682 INFO [pool-6-thread-1][:] - /****************流量统计******************/
LastReadBytes:0
LastReadThroughput:0
LastWrittenBytes:0
LastWriteThroughput:0
RealWrittenBytes:0
RealWriteThroughput:0
当前玩家的连接数量:0
当前地图的线程个数：9
当前地图的个数:47
当前数据库执行队列数:0
当前发送队列缓存的对象数量:0
totalMemory：966787072, use ：473440016, free ：493347056DirectMemory：1827143680, 恢复 ：1
当前时间 ：2026-08-19 13:41:24send keng：-1, sheng ：4194304
decode keng：-1, sheng ：2097152
world keng：3, sheng ：1048576

2026-08-19 13:41:29.682 INFO [pool-6-thread-3][:] - /****************流量统计******************/
LastReadBytes:0
LastReadThroughput:0
LastWrittenBytes:0
LastWriteThroughput:0
RealWrittenBytes:0
RealWriteThroughput:0
当前玩家的连接数量:0
当前地图的线程个数：9
当前地图的个数:47
当前数据库执行队列数:0
当前发送队列缓存的对象数量:0
totalMemory：966787072, use ：477806184, free ：488980888DirectMemory：1827143680, 恢复 ：1
当前时间 ：2026-08-19 13:41:29send keng：-1, sheng ：4194304
decode keng：-1, sheng ：2097152
world keng：3, sheng ：1048576

2026-08-19 13:41:34.686 INFO [pool-6-thread-10][:] - /****************流量统计******************/
LastReadBytes:0
LastReadThroughput:0
LastWrittenBytes:0
LastWriteThroughput:0
RealWrittenBytes:0
RealWriteThroughput:0
当前玩家的连接数量:0
当前地图的线程个数：9
当前地图的个数:47
当前数据库执行队列数:0
当前发送队列缓存的对象数量:0
totalMemory：966787072, use ：479945304, free ：486841768DirectMemory：1827143680, 恢复 ：1
当前时间 ：2026-08-19 13:41:34send keng：-1, sheng ：4194304
decode keng：-1, sheng ：2097152
world keng：3, sheng ：1048576

2026-08-19 13:41:39.682 INFO [pool-6-thread-5][:] - /****************流量统计******************/
LastReadBytes:0
LastReadThroughput:0
LastWrittenBytes:0
LastWriteThroughput:0
RealWrittenBytes:0
RealWriteThroughput:0
当前玩家的连接数量:0
当前地图的线程个数：9
当前地图的个数:47
当前数据库执行队列数:0
当前发送队列缓存的对象数量:0
totalMemory：966787072, use ：484786560, free ：482000512DirectMemory：1827143680, 恢复 ：1
当前时间 ：2026-08-19 13:41:39send keng：-1, sheng ：4194304
decode keng：-1, sheng ：2097152
world keng：3, sheng ：1048576

2026-08-19 13:41:44.682 INFO [pool-6-thread-1][:] - /****************流量统计******************/
LastReadBytes:0
LastReadThroughput:0
LastWrittenBytes:0
LastWriteThroughput:0
RealWrittenBytes:0
RealWriteThroughput:0
当前玩家的连接数量:0
当前地图的线程个数：9
当前地图的个数:47
当前数据库执行队列数:0
当前发送队列缓存的对象数量:0
totalMemory：966787072, use ：487806600, free ：478980472DirectMemory：1827143680, 恢复 ：1
当前时间 ：2026-08-19 13:41:44send keng：-1, sheng ：4194304
decode keng：-1, sheng ：2097152
world keng：3, sheng ：1048576

2026-08-19 13:41:49.682 INFO [pool-6-thread-4][:] - /****************流量统计******************/
LastReadBytes:0
LastReadThroughput:0
LastWrittenBytes:0
LastWriteThroughput:0
RealWrittenBytes:0
RealWriteThroughput:0
当前玩家的连接数量:0
当前地图的线程个数：9
当前地图的个数:47
当前数据库执行队列数:0
当前发送队列缓存的对象数量:0
totalMemory：966787072, use ：491679432, free ：475107640DirectMemory：1827143680, 恢复 ：1
当前时间 ：2026-08-19 13:41:49send keng：-1, sheng ：4194304
decode keng：-1, sheng ：2097152
world keng：3, sheng ：1048576

2026-08-19 13:41:54.682 INFO [pool-6-thread-8][:] - /****************流量统计******************/
LastReadBytes:0
LastReadThroughput:0
LastWrittenBytes:0
LastWriteThroughput:0
RealWrittenBytes:0
RealWriteThroughput:0
当前玩家的连接数量:0
当前地图的线程个数：9
当前地图的个数:47
当前数据库执行队列数:0
当前发送队列缓存的对象数量:0
totalMemory：966787072, use ：495495184, free ：471291888DirectMemory：1827143680, 恢复 ：1
当前时间 ：2026-08-19 13:41:54send keng：-1, sheng ：4194304
decode keng：-1, sheng ：2097152
world keng：3, sheng ：1048576

2026-08-19 13:41:59.682 INFO [pool-6-thread-6][:] - /****************流量统计******************/
LastReadBytes:0
LastReadThroughput:0
LastWrittenBytes:0
LastWriteThroughput:0
RealWrittenBytes:0
RealWriteThroughput:0
当前玩家的连接数量:0
当前地图的线程个数：9
当前地图的个数:47
当前数据库执行队列数:0
当前发送队列缓存的对象数量:0
totalMemory：966787072, use ：497830456, free ：468956616DirectMemory：1827143680, 恢复 ：1
当前时间 ：2026-08-19 13:41:59send keng：-1, sheng ：4194304
decode keng：-1, sheng ：2097152
world keng：3, sheng ：1048576

2026-08-19 13:42:04.682 INFO [pool-6-thread-7][:] - /****************流量统计******************/
LastReadBytes:0
LastReadThroughput:0
LastWrittenBytes:0
LastWriteThroughput:0
RealWrittenBytes:0
RealWriteThroughput:0
当前玩家的连接数量:0
当前地图的线程个数：9
当前地图的个数:47
当前数据库执行队列数:0
当前发送队列缓存的对象数量:0
totalMemory：966787072, use ：503006496, free ：463780576DirectMemory：1827143680, 恢复 ：1
当前时间 ：2026-08-19 13:42:04send keng：-1, sheng ：4194304
decode keng：-1, sheng ：2097152
world keng：3, sheng ：1048576

2026-08-19 13:42:09.682 INFO [pool-6-thread-4][:] - /****************流量统计******************/
LastReadBytes:0
LastReadThroughput:0
LastWrittenBytes:0
LastWriteThroughput:0
RealWrittenBytes:0
RealWriteThroughput:0
当前玩家的连接数量:0
当前地图的线程个数：9
当前地图的个数:47
当前数据库执行队列数:0
当前发送队列缓存的对象数量:0
totalMemory：966787072, use ：504906176, free ：461880896DirectMemory：1827143680, 恢复 ：1
当前时间 ：2026-08-19 13:42:09send keng：-1, sheng ：4194304
decode keng：-1, sheng ：2097152
world keng：3, sheng ：1048576

2026-08-19 13:42:14.682 INFO [pool-6-thread-7][:] - /****************流量统计******************/
LastReadBytes:0
LastReadThroughput:0
LastWrittenBytes:0
LastWriteThroughput:0
RealWrittenBytes:0
RealWriteThroughput:0
当前玩家的连接数量:0
当前地图的线程个数：9
当前地图的个数:47
当前数据库执行队列数:0
当前发送队列缓存的对象数量:0
totalMemory：966787072, use ：510123040, free ：456664032DirectMemory：1827143680, 恢复 ：1
当前时间 ：2026-08-19 13:42:14send keng：-1, sheng ：4194304
decode keng：-1, sheng ：2097152
world keng：3, sheng ：1048576

2026-08-19 13:42:19.682 INFO [pool-6-thread-9][:] - /****************流量统计******************/
LastReadBytes:0
LastReadThroughput:0
LastWrittenBytes:0
LastWriteThroughput:0
RealWrittenBytes:0
RealWriteThroughput:0
当前玩家的连接数量:0
当前地图的线程个数：9
当前地图的个数:47
当前数据库执行队列数:0
当前发送队列缓存的对象数量:0
totalMemory：966787072, use ：512360640, free ：454426432DirectMemory：1827143680, 恢复 ：1
当前时间 ：2026-08-19 13:42:19send keng：-1, sheng ：4194304
decode keng：-1, sheng ：2097152
world keng：3, sheng ：1048576

2026-08-19 13:42:24.682 INFO [pool-6-thread-2][:] - /****************流量统计******************/
LastReadBytes:0
LastReadThroughput:0
LastWrittenBytes:0
LastWriteThroughput:0
RealWrittenBytes:0
RealWriteThroughput:0
当前玩家的连接数量:0
当前地图的线程个数：9
当前地图的个数:47
当前数据库执行队列数:0
当前发送队列缓存的对象数量:0
totalMemory：966787072, use ：517152816, free ：449634256DirectMemory：1827143680, 恢复 ：1
当前时间 ：2026-08-19 13:42:24send keng：-1, sheng ：4194304
decode keng：-1, sheng ：2097152
world keng：3, sheng ：1048576

2026-08-19 13:42:29.682 INFO [pool-6-thread-8][:] - /****************流量统计******************/
LastReadBytes:0
LastReadThroughput:0
LastWrittenBytes:0
LastWriteThroughput:0
RealWrittenBytes:0
RealWriteThroughput:0
当前玩家的连接数量:0
当前地图的线程个数：9
当前地图的个数:47
当前数据库执行队列数:0
当前发送队列缓存的对象数量:0
totalMemory：966787072, use ：519706248, free ：447080824DirectMemory：1827143680, 恢复 ：1
当前时间 ：2026-08-19 13:42:29send keng：-1, sheng ：4194304
decode keng：-1, sheng ：2097152
world keng：3, sheng ：1048576

2026-08-19 13:42:34.682 INFO [pool-6-thread-5][:] - /****************流量统计******************/
LastReadBytes:0
LastReadThroughput:0
LastWrittenBytes:0
LastWriteThroughput:0
RealWrittenBytes:0
RealWriteThroughput:0
当前玩家的连接数量:0
当前地图的线程个数：9
当前地图的个数:47
当前数据库执行队列数:0
当前发送队列缓存的对象数量:0
totalMemory：966787072, use ：524115008, free ：442672064DirectMemory：1827143680, 恢复 ：1
当前时间 ：2026-08-19 13:42:34send keng：-1, sheng ：4194304
decode keng：-1, sheng ：2097152
world keng：3, sheng ：1048576

2026-08-19 13:42:39.682 INFO [pool-6-thread-2][:] - /****************流量统计******************/
LastReadBytes:0
LastReadThroughput:0
LastWrittenBytes:0
LastWriteThroughput:0
RealWrittenBytes:0
RealWriteThroughput:0
当前玩家的连接数量:0
当前地图的线程个数：9
当前地图的个数:47
当前数据库执行队列数:0
当前发送队列缓存的对象数量:0
totalMemory：966787072, use ：526751352, free ：440035720DirectMemory：1827143680, 恢复 ：1
当前时间 ：2026-08-19 13:42:39send keng：-1, sheng ：4194304
decode keng：-1, sheng ：2097152
world keng：3, sheng ：1048576

2026-08-19 13:42:44.682 INFO [pool-6-thread-6][:] - /****************流量统计******************/
LastReadBytes:0
LastReadThroughput:0
LastWrittenBytes:0
LastWriteThroughput:0
RealWrittenBytes:0
RealWriteThroughput:0
当前玩家的连接数量:0
当前地图的线程个数：9
当前地图的个数:47
当前数据库执行队列数:0
当前发送队列缓存的对象数量:0
totalMemory：966787072, use ：531086408, free ：435700664DirectMemory：1827143680, 恢复 ：1
当前时间 ：2026-08-19 13:42:44send keng：-1, sheng ：4194304
decode keng：-1, sheng ：2097152
world keng：3, sheng ：1048576

2026-08-19 13:42:49.682 INFO [pool-6-thread-6][:] - /****************流量统计******************/
LastReadBytes:0
LastReadThroughput:0
LastWrittenBytes:0
LastWriteThroughput:0
RealWrittenBytes:0
RealWriteThroughput:0
当前玩家的连接数量:0
当前地图的线程个数：9
当前地图的个数:47
当前数据库执行队列数:0
当前发送队列缓存的对象数量:0
totalMemory：966787072, use ：534327776, free ：432459296DirectMemory：1827143680, 恢复 ：1
当前时间 ：2026-08-19 13:42:49send keng：-1, sheng ：4194304
decode keng：-1, sheng ：2097152
world keng：3, sheng ：1048576

2026-08-19 13:42:54.682 INFO [pool-6-thread-6][:] - /****************流量统计******************/
LastReadBytes:0
LastReadThroughput:0
LastWrittenBytes:0
LastWriteThroughput:0
RealWrittenBytes:0
RealWriteThroughput:0
当前玩家的连接数量:0
当前地图的线程个数：9
当前地图的个数:47
当前数据库执行队列数:0
当前发送队列缓存的对象数量:0
totalMemory：966787072, use ：537607808, free ：429179264DirectMemory：1827143680, 恢复 ：1
当前时间 ：2026-08-19 13:42:54send keng：-1, sheng ：4194304
decode keng：-1, sheng ：2097152
world keng：3, sheng ：1048576

2026-08-19 13:42:59.682 INFO [pool-6-thread-3][:] - /****************流量统计******************/
LastReadBytes:0
LastReadThroughput:0
LastWrittenBytes:0
LastWriteThroughput:0
RealWrittenBytes:0
RealWriteThroughput:0
当前玩家的连接数量:0
当前地图的线程个数：9
当前地图的个数:47
当前数据库执行队列数:0
当前发送队列缓存的对象数量:0
totalMemory：966787072, use ：542017336, free ：424769736DirectMemory：1827143680, 恢复 ：1
当前时间 ：2026-08-19 13:42:59send keng：-1, sheng ：4194304
decode keng：-1, sheng ：2097152
world keng：3, sheng ：1048576

2026-08-19 13:43:04.682 INFO [pool-6-thread-3][:] - /****************流量统计******************/
LastReadBytes:0
LastReadThroughput:0
LastWrittenBytes:0
LastWriteThroughput:0
RealWrittenBytes:0
RealWriteThroughput:0
当前玩家的连接数量:0
当前地图的线程个数：9
当前地图的个数:47
当前数据库执行队列数:0
当前发送队列缓存的对象数量:0
totalMemory：966787072, use ：544700800, free ：422086272DirectMemory：1827143680, 恢复 ：1
当前时间 ：2026-08-19 13:43:04send keng：-1, sheng ：4194304
decode keng：-1, sheng ：2097152
world keng：3, sheng ：1048576

2026-08-19 13:43:09.682 INFO [pool-6-thread-4][:] - /****************流量统计******************/
LastReadBytes:0
LastReadThroughput:0
LastWrittenBytes:0
LastWriteThroughput:0
RealWrittenBytes:0
RealWriteThroughput:0
当前玩家的连接数量:0
当前地图的线程个数：9
当前地图的个数:47
当前数据库执行队列数:0
当前发送队列缓存的对象数量:0
totalMemory：966787072, use ：549032864, free ：417754208DirectMemory：1827143680, 恢复 ：1
当前时间 ：2026-08-19 13:43:09send keng：-1, sheng ：4194304
decode keng：-1, sheng ：2097152
world keng：3, sheng ：1048576

2026-08-19 13:43:14.682 INFO [pool-6-thread-7][:] - /****************流量统计******************/
LastReadBytes:0
LastReadThroughput:0
LastWrittenBytes:0
LastWriteThroughput:0
RealWrittenBytes:0
RealWriteThroughput:0
当前玩家的连接数量:0
当前地图的线程个数：9
当前地图的个数:47
当前数据库执行队列数:0
当前发送队列缓存的对象数量:0
totalMemory：966787072, use ：551707472, free ：415079600DirectMemory：1827143680, 恢复 ：1
当前时间 ：2026-08-19 13:43:14send keng：-1, sheng ：4194304
decode keng：-1, sheng ：2097152
world keng：3, sheng ：1048576

2026-08-19 13:43:19.682 INFO [pool-6-thread-3][:] - /****************流量统计******************/
LastReadBytes:0
LastReadThroughput:0
LastWrittenBytes:0
LastWriteThroughput:0
RealWrittenBytes:0
RealWriteThroughput:0
当前玩家的连接数量:0
当前地图的线程个数：9
当前地图的个数:47
当前数据库执行队列数:0
当前发送队列缓存的对象数量:0
totalMemory：966787072, use ：556531968, free ：410255104DirectMemory：1827143680, 恢复 ：1
当前时间 ：2026-08-19 13:43:19send keng：-1, sheng ：4194304
decode keng：-1, sheng ：2097152
world keng：3, sheng ：1048576

2026-08-19 13:43:24.682 INFO [pool-6-thread-3][:] - /****************流量统计******************/
LastReadBytes:0
LastReadThroughput:0
LastWrittenBytes:0
LastWriteThroughput:0
RealWrittenBytes:0
RealWriteThroughput:0
当前玩家的连接数量:0
当前地图的线程个数：9
当前地图的个数:47
当前数据库执行队列数:0
当前发送队列缓存的对象数量:0
totalMemory：966787072, use ：558293520, free ：408493552DirectMemory：1827143680, 恢复 ：1
当前时间 ：2026-08-19 13:43:24send keng：-1, sheng ：4194304
decode keng：-1, sheng ：2097152
world keng：3, sheng ：1048576

2026-08-19 13:43:29.682 INFO [pool-6-thread-2][:] - /****************流量统计******************/
LastReadBytes:0
LastReadThroughput:0
LastWrittenBytes:0
LastWriteThroughput:0
RealWrittenBytes:0
RealWriteThroughput:0
当前玩家的连接数量:0
当前地图的线程个数：9
当前地图的个数:47
当前数据库执行队列数:0
当前发送队列缓存的对象数量:0
totalMemory：966787072, use ：563097440, free ：403689632DirectMemory：1827143680, 恢复 ：1
当前时间 ：2026-08-19 13:43:29send keng：-1, sheng ：4194304
decode keng：-1, sheng ：2097152
world keng：3, sheng ：1048576

2026-08-19 13:43:34.682 INFO [pool-6-thread-2][:] - /****************流量统计******************/
LastReadBytes:0
LastReadThroughput:0
LastWrittenBytes:0
LastWriteThroughput:0
RealWrittenBytes:0
RealWriteThroughput:0
当前玩家的连接数量:0
当前地图的线程个数：9
当前地图的个数:47
当前数据库执行队列数:0
当前发送队列缓存的对象数量:0
totalMemory：966787072, use ：566554408, free ：400232664DirectMemory：1827143680, 恢复 ：1
当前时间 ：2026-08-19 13:43:34send keng：-1, sheng ：4194304
decode keng：-1, sheng ：2097152
world keng：3, sheng ：1048576

2026-08-19 13:43:39.682 INFO [pool-6-thread-6][:] - /****************流量统计******************/
LastReadBytes:0
LastReadThroughput:0
LastWrittenBytes:0
LastWriteThroughput:0
RealWrittenBytes:0
RealWriteThroughput:0
当前玩家的连接数量:0
当前地图的线程个数：9
当前地图的个数:47
当前数据库执行队列数:0
当前发送队列缓存的对象数量:0
totalMemory：966787072, use ：570058032, free ：396729040DirectMemory：1827143680, 恢复 ：1
当前时间 ：2026-08-19 13:43:39send keng：-1, sheng ：4194304
decode keng：-1, sheng ：2097152
world keng：3, sheng ：1048576

2026-08-19 13:43:44.682 INFO [pool-6-thread-3][:] - /****************流量统计******************/
LastReadBytes:0
LastReadThroughput:0
LastWrittenBytes:0
LastWriteThroughput:0
RealWrittenBytes:0
RealWriteThroughput:0
当前玩家的连接数量:0
当前地图的线程个数：9
当前地图的个数:47
当前数据库执行队列数:0
当前发送队列缓存的对象数量:0
totalMemory：966787072, use ：574079456, free ：392707616DirectMemory：1827143680, 恢复 ：1
当前时间 ：2026-08-19 13:43:44send keng：-1, sheng ：4194304
decode keng：-1, sheng ：2097152
world keng：3, sheng ：1048576

2026-08-19 13:43:49.682 INFO [pool-6-thread-7][:] - /****************流量统计******************/
LastReadBytes:0
LastReadThroughput:0
LastWrittenBytes:0
LastWriteThroughput:0
RealWrittenBytes:0
RealWriteThroughput:0
当前玩家的连接数量:0
当前地图的线程个数：9
当前地图的个数:47
当前数据库执行队列数:0
当前发送队列缓存的对象数量:0
totalMemory：966787072, use ：576115768, free ：390671304DirectMemory：1827143680, 恢复 ：1
当前时间 ：2026-08-19 13:43:49send keng：-1, sheng ：4194304
decode keng：-1, sheng ：2097152
world keng：3, sheng ：1048576

2026-08-19 13:43:54.682 INFO [pool-6-thread-2][:] - /****************流量统计******************/
LastReadBytes:0
LastReadThroughput:0
LastWrittenBytes:0
LastWriteThroughput:0
RealWrittenBytes:0
RealWriteThroughput:0
当前玩家的连接数量:0
当前地图的线程个数：9
当前地图的个数:47
当前数据库执行队列数:0
当前发送队列缓存的对象数量:0
totalMemory：966787072, use ：580851712, free ：385935360DirectMemory：1827143680, 恢复 ：1
当前时间 ：2026-08-19 13:43:54send keng：-1, sheng ：4194304
decode keng：-1, sheng ：2097152
world keng：3, sheng ：1048576

2026-08-19 13:43:59.682 INFO [pool-6-thread-7][:] - /****************流量统计******************/
LastReadBytes:0
LastReadThroughput:0
LastWrittenBytes:0
LastWriteThroughput:0
RealWrittenBytes:0
RealWriteThroughput:0
当前玩家的连接数量:0
当前地图的线程个数：9
当前地图的个数:47
当前数据库执行队列数:0
当前发送队列缓存的对象数量:0
totalMemory：966787072, use ：583508160, free ：383278912DirectMemory：1827143680, 恢复 ：1
当前时间 ：2026-08-19 13:43:59send keng：-1, sheng ：4194304
decode keng：-1, sheng ：2097152
world keng：3, sheng ：1048576

2026-08-19 13:44:04.682 INFO [pool-6-thread-6][:] - /****************流量统计******************/
LastReadBytes:0
LastReadThroughput:0
LastWrittenBytes:0
LastWriteThroughput:0
RealWrittenBytes:0
RealWriteThroughput:0
当前玩家的连接数量:0
当前地图的线程个数：9
当前地图的个数:47
当前数据库执行队列数:0
当前发送队列缓存的对象数量:0
totalMemory：966787072, use ：588442120, free ：378344952DirectMemory：1827143680, 恢复 ：1
当前时间 ：2026-08-19 13:44:04send keng：-1, sheng ：4194304
decode keng：-1, sheng ：2097152
world keng：3, sheng ：1048576

2026-08-19 13:44:09.682 INFO [pool-6-thread-4][:] - /****************流量统计******************/
LastReadBytes:0
LastReadThroughput:0
LastWrittenBytes:0
LastWriteThroughput:0
RealWrittenBytes:0
RealWriteThroughput:0
当前玩家的连接数量:0
当前地图的线程个数：9
当前地图的个数:47
当前数据库执行队列数:0
当前发送队列缓存的对象数量:0
totalMemory：966787072, use ：590594896, free ：376192176DirectMemory：1827143680, 恢复 ：1
当前时间 ：2026-08-19 13:44:09send keng：-1, sheng ：4194304
decode keng：-1, sheng ：2097152
world keng：3, sheng ：1048576

2026-08-19 13:44:14.683 INFO [pool-6-thread-6][:] - /****************流量统计******************/
LastReadBytes:0
LastReadThroughput:0
LastWrittenBytes:0
LastWriteThroughput:0
RealWrittenBytes:0
RealWriteThroughput:0
当前玩家的连接数量:0
当前地图的线程个数：9
当前地图的个数:47
当前数据库执行队列数:0
当前发送队列缓存的对象数量:0
totalMemory：966787072, use ：595394528, free ：371392544DirectMemory：1827143680, 恢复 ：1
当前时间 ：2026-08-19 13:44:14send keng：-1, sheng ：4194304
decode keng：-1, sheng ：2097152
world keng：3, sheng ：1048576

2026-08-19 13:44:19.682 INFO [pool-6-thread-5][:] - /****************流量统计******************/
LastReadBytes:0
LastReadThroughput:0
LastWrittenBytes:0
LastWriteThroughput:0
RealWrittenBytes:0
RealWriteThroughput:0
当前玩家的连接数量:0
当前地图的线程个数：9
当前地图的个数:47
当前数据库执行队列数:0
当前发送队列缓存的对象数量:0
totalMemory：966787072, use ：598066152, free ：368720920DirectMemory：1827143680, 恢复 ：1
当前时间 ：2026-08-19 13:44:19send keng：-1, sheng ：4194304
decode keng：-1, sheng ：2097152
world keng：3, sheng ：1048576

2026-08-19 13:44:24.682 INFO [pool-6-thread-6][:] - /****************流量统计******************/
LastReadBytes:0
LastReadThroughput:0
LastWrittenBytes:0
LastWriteThroughput:0
RealWrittenBytes:0
RealWriteThroughput:0
当前玩家的连接数量:0
当前地图的线程个数：9
当前地图的个数:47
当前数据库执行队列数:0
当前发送队列缓存的对象数量:0
totalMemory：966787072, use ：602831392, free ：363955680DirectMemory：1827143680, 恢复 ：1
当前时间 ：2026-08-19 13:44:24send keng：-1, sheng ：4194304
decode keng：-1, sheng ：2097152
world keng：3, sheng ：1048576

2026-08-19 13:44:29.682 INFO [pool-6-thread-8][:] - /****************流量统计******************/
LastReadBytes:0
LastReadThroughput:0
LastWrittenBytes:0
LastWriteThroughput:0
RealWrittenBytes:0
RealWriteThroughput:0
当前玩家的连接数量:0
当前地图的线程个数：9
当前地图的个数:47
当前数据库执行队列数:0
当前发送队列缓存的对象数量:0
totalMemory：966787072, use ：605068856, free ：361718216DirectMemory：1827143680, 恢复 ：1
当前时间 ：2026-08-19 13:44:29send keng：-1, sheng ：4194304
decode keng：-1, sheng ：2097152
world keng：3, sheng ：1048576

2026-08-19 13:44:34.682 INFO [pool-6-thread-9][:] - /****************流量统计******************/
LastReadBytes:0
LastReadThroughput:0
LastWrittenBytes:0
LastWriteThroughput:0
RealWrittenBytes:0
RealWriteThroughput:0
当前玩家的连接数量:0
当前地图的线程个数：9
当前地图的个数:47
当前数据库执行队列数:0
当前发送队列缓存的对象数量:0
totalMemory：966787072, use ：609381904, free ：357405168DirectMemory：1827143680, 恢复 ：1
当前时间 ：2026-08-19 13:44:34send keng：-1, sheng ：4194304
decode keng：-1, sheng ：2097152
world keng：3, sheng ：1048576

2026-08-19 13:44:39.682 INFO [pool-6-thread-10][:] - /****************流量统计******************/
LastReadBytes:0
LastReadThroughput:0
LastWrittenBytes:0
LastWriteThroughput:0
RealWrittenBytes:0
RealWriteThroughput:0
当前玩家的连接数量:0
当前地图的线程个数：9
当前地图的个数:47
当前数据库执行队列数:0
当前发送队列缓存的对象数量:0
totalMemory：966787072, use ：612568760, free ：354218312DirectMemory：1827143680, 恢复 ：1
当前时间 ：2026-08-19 13:44:39send keng：-1, sheng ：4194304
decode keng：-1, sheng ：2097152
world keng：3, sheng ：1048576

2026-08-19 13:44:44.684 INFO [pool-6-thread-7][:] - /****************流量统计******************/
LastReadBytes:0
LastReadThroughput:0
LastWrittenBytes:0
LastWriteThroughput:0
RealWrittenBytes:0
RealWriteThroughput:0
当前玩家的连接数量:0
当前地图的线程个数：9
当前地图的个数:47
当前数据库执行队列数:0
当前发送队列缓存的对象数量:0
totalMemory：966787072, use ：617214424, free ：349572648DirectMemory：1827143680, 恢复 ：1
当前时间 ：2026-08-19 13:44:44send keng：-1, sheng ：4194304
decode keng：-1, sheng ：2097152
world keng：3, sheng ：1048576

2026-08-19 13:44:49.682 INFO [pool-6-thread-4][:] - /****************流量统计******************/
LastReadBytes:0
LastReadThroughput:0
LastWrittenBytes:0
LastWriteThroughput:0
RealWrittenBytes:0
RealWriteThroughput:0
当前玩家的连接数量:0
当前地图的线程个数：9
当前地图的个数:47
当前数据库执行队列数:0
当前发送队列缓存的对象数量:0
totalMemory：966787072, use ：620167688, free ：346619384DirectMemory：1827143680, 恢复 ：1
当前时间 ：2026-08-19 13:44:49send keng：-1, sheng ：4194304
decode keng：-1, sheng ：2097152
world keng：3, sheng ：1048576

2026-08-19 13:44:54.682 INFO [pool-6-thread-3][:] - /****************流量统计******************/
LastReadBytes:0
LastReadThroughput:0
LastWrittenBytes:0
LastWriteThroughput:0
RealWrittenBytes:0
RealWriteThroughput:0
当前玩家的连接数量:0
当前地图的线程个数：9
当前地图的个数:47
当前数据库执行队列数:0
当前发送队列缓存的对象数量:0
totalMemory：966787072, use ：623287688, free ：343499384DirectMemory：1827143680, 恢复 ：1
当前时间 ：2026-08-19 13:44:54send keng：-1, sheng ：4194304
decode keng：-1, sheng ：2097152
world keng：3, sheng ：1048576

2026-08-19 13:44:59.682 INFO [pool-6-thread-8][:] - /****************流量统计******************/
LastReadBytes:0
LastReadThroughput:0
LastWrittenBytes:0
LastWriteThroughput:0
RealWrittenBytes:0
RealWriteThroughput:0
当前玩家的连接数量:0
当前地图的线程个数：9
当前地图的个数:47
当前数据库执行队列数:0
当前发送队列缓存的对象数量:0
totalMemory：966787072, use ：627301816, free ：339485256DirectMemory：1827143680, 恢复 ：1
当前时间 ：2026-08-19 13:44:59send keng：-1, sheng ：4194304
decode keng：-1, sheng ：2097152
world keng：3, sheng ：1048576

2026-08-19 13:45:04.682 INFO [pool-6-thread-2][:] - /****************流量统计******************/
LastReadBytes:0
LastReadThroughput:0
LastWrittenBytes:0
LastWriteThroughput:0
RealWrittenBytes:0
RealWriteThroughput:0
当前玩家的连接数量:0
当前地图的线程个数：9
当前地图的个数:47
当前数据库执行队列数:0
当前发送队列缓存的对象数量:0
totalMemory：966787072, use ：630812512, free ：335974560DirectMemory：1827143680, 恢复 ：1
当前时间 ：2026-08-19 13:45:04send keng：-1, sheng ：4194304
decode keng：-1, sheng ：2097152
world keng：3, sheng ：1048576

2026-08-19 13:45:09.682 INFO [pool-6-thread-1][:] - /****************流量统计******************/
LastReadBytes:0
LastReadThroughput:0
LastWrittenBytes:0
LastWriteThroughput:0
RealWrittenBytes:0
RealWriteThroughput:0
当前玩家的连接数量:0
当前地图的线程个数：9
当前地图的个数:47
当前数据库执行队列数:0
当前发送队列缓存的对象数量:0
totalMemory：966787072, use ：634704752, free ：332082320DirectMemory：1827143680, 恢复 ：1
当前时间 ：2026-08-19 13:45:09send keng：-1, sheng ：4194304
decode keng：-1, sheng ：2097152
world keng：3, sheng ：1048576

2026-08-19 13:45:14.682 INFO [pool-6-thread-6][:] - /****************流量统计******************/
LastReadBytes:0
LastReadThroughput:0
LastWrittenBytes:0
LastWriteThroughput:0
RealWrittenBytes:0
RealWriteThroughput:0
当前玩家的连接数量:0
当前地图的线程个数：9
当前地图的个数:47
当前数据库执行队列数:0
当前发送队列缓存的对象数量:0
totalMemory：966787072, use ：637824128, free ：328962944DirectMemory：1827143680, 恢复 ：1
当前时间 ：2026-08-19 13:45:14send keng：-1, sheng ：4194304
decode keng：-1, sheng ：2097152
world keng：3, sheng ：1048576

2026-08-19 13:45:19.682 INFO [pool-6-thread-1][:] - /****************流量统计******************/
LastReadBytes:0
LastReadThroughput:0
LastWrittenBytes:0
LastWriteThroughput:0
RealWrittenBytes:0
RealWriteThroughput:0
当前玩家的连接数量:0
当前地图的线程个数：9
当前地图的个数:47
当前数据库执行队列数:0
当前发送队列缓存的对象数量:0
totalMemory：966787072, use ：642167384, free ：324619688DirectMemory：1827143680, 恢复 ：1
当前时间 ：2026-08-19 13:45:19send keng：-1, sheng ：4194304
decode keng：-1, sheng ：2097152
world keng：3, sheng ：1048576

2026-08-19 13:45:24.682 INFO [pool-6-thread-10][:] - /****************流量统计******************/
LastReadBytes:0
LastReadThroughput:0
LastWrittenBytes:0
LastWriteThroughput:0
RealWrittenBytes:0
RealWriteThroughput:0
当前玩家的连接数量:0
当前地图的线程个数：9
当前地图的个数:47
当前数据库执行队列数:0
当前发送队列缓存的对象数量:0
totalMemory：966787072, use ：644470832, free ：322316240DirectMemory：1827143680, 恢复 ：1
当前时间 ：2026-08-19 13:45:24send keng：-1, sheng ：4194304
decode keng：-1, sheng ：2097152
world keng：3, sheng ：1048576

2026-08-19 13:45:29.682 INFO [pool-6-thread-1][:] - /****************流量统计******************/
LastReadBytes:0
LastReadThroughput:0
LastWrittenBytes:0
LastWriteThroughput:0
RealWrittenBytes:0
RealWriteThroughput:0
当前玩家的连接数量:0
当前地图的线程个数：9
当前地图的个数:47
当前数据库执行队列数:0
当前发送队列缓存的对象数量:0
totalMemory：966787072, use ：649148584, free ：317638488DirectMemory：1827143680, 恢复 ：1
当前时间 ：2026-08-19 13:45:29send keng：-1, sheng ：4194304
decode keng：-1, sheng ：2097152
world keng：3, sheng ：1048576

2026-08-19 13:45:34.682 INFO [pool-6-thread-5][:] - /****************流量统计******************/
LastReadBytes:0
LastReadThroughput:0
LastWrittenBytes:0
LastWriteThroughput:0
RealWrittenBytes:0
RealWriteThroughput:0
当前玩家的连接数量:0
当前地图的线程个数：9
当前地图的个数:47
当前数据库执行队列数:0
当前发送队列缓存的对象数量:0
totalMemory：966787072, use ：651866872, free ：314920200DirectMemory：1827143680, 恢复 ：1
当前时间 ：2026-08-19 13:45:34send keng：-1, sheng ：4194304
decode keng：-1, sheng ：2097152
world keng：3, sheng ：1048576

2026-08-19 13:45:39.682 INFO [pool-6-thread-10][:] - /****************流量统计******************/
LastReadBytes:0
LastReadThroughput:0
LastWrittenBytes:0
LastWriteThroughput:0
RealWrittenBytes:0
RealWriteThroughput:0
当前玩家的连接数量:0
当前地图的线程个数：9
当前地图的个数:47
当前数据库执行队列数:0
当前发送队列缓存的对象数量:0
totalMemory：966787072, use ：655686120, free ：311100952DirectMemory：1827143680, 恢复 ：1
当前时间 ：2026-08-19 13:45:39send keng：-1, sheng ：4194304
decode keng：-1, sheng ：2097152
world keng：3, sheng ：1048576

2026-08-19 13:45:44.682 INFO [pool-6-thread-3][:] - /****************流量统计******************/
LastReadBytes:0
LastReadThroughput:0
LastWrittenBytes:0
LastWriteThroughput:0
RealWrittenBytes:0
RealWriteThroughput:0
当前玩家的连接数量:0
当前地图的线程个数：9
当前地图的个数:47
当前数据库执行队列数:0
当前发送队列缓存的对象数量:0
totalMemory：966787072, use ：659919488, free ：306867584DirectMemory：1827143680, 恢复 ：1
当前时间 ：2026-08-19 13:45:44send keng：-1, sheng ：4194304
decode keng：-1, sheng ：2097152
world keng：3, sheng ：1048576

2026-08-19 13:45:49.682 INFO [pool-6-thread-7][:] - /****************流量统计******************/
LastReadBytes:0
LastReadThroughput:0
LastWrittenBytes:0
LastWriteThroughput:0
RealWrittenBytes:0
RealWriteThroughput:0
当前玩家的连接数量:0
当前地图的线程个数：9
当前地图的个数:47
当前数据库执行队列数:0
当前发送队列缓存的对象数量:0
totalMemory：966787072, use ：662634208, free ：304152864DirectMemory：1827143680, 恢复 ：1
当前时间 ：2026-08-19 13:45:49send keng：-1, sheng ：4194304
decode keng：-1, sheng ：2097152
world keng：3, sheng ：1048576

2026-08-19 13:45:54.682 INFO [pool-6-thread-6][:] - /****************流量统计******************/
LastReadBytes:0
LastReadThroughput:0
LastWrittenBytes:0
LastWriteThroughput:0
RealWrittenBytes:0
RealWriteThroughput:0
当前玩家的连接数量:0
当前地图的线程个数：9
当前地图的个数:47
当前数据库执行队列数:0
当前发送队列缓存的对象数量:0
totalMemory：966787072, use ：666996768, free ：299790304DirectMemory：1827143680, 恢复 ：1
当前时间 ：2026-08-19 13:45:54send keng：-1, sheng ：4194304
decode keng：-1, sheng ：2097152
world keng：3, sheng ：1048576

2026-08-19 13:45:59.682 INFO [pool-6-thread-8][:] - /****************流量统计******************/
LastReadBytes:0
LastReadThroughput:0
LastWrittenBytes:0
LastWriteThroughput:0
RealWrittenBytes:0
RealWriteThroughput:0
当前玩家的连接数量:0
当前地图的线程个数：9
当前地图的个数:47
当前数据库执行队列数:0
当前发送队列缓存的对象数量:0
totalMemory：966787072, use ：669623944, free ：297163128DirectMemory：1827143680, 恢复 ：1
当前时间 ：2026-08-19 13:45:59send keng：-1, sheng ：4194304
decode keng：-1, sheng ：2097152
world keng：3, sheng ：1048576

2026-08-19 13:46:04.682 INFO [pool-6-thread-3][:] - /****************流量统计******************/
LastReadBytes:0
LastReadThroughput:0
LastWrittenBytes:0
LastWriteThroughput:0
RealWrittenBytes:0
RealWriteThroughput:0
当前玩家的连接数量:0
当前地图的线程个数：9
当前地图的个数:47
当前数据库执行队列数:0
当前发送队列缓存的对象数量:0
totalMemory：966787072, use ：673822728, free ：292964344DirectMemory：1827143680, 恢复 ：1
当前时间 ：2026-08-19 13:46:04send keng：-1, sheng ：4194304
decode keng：-1, sheng ：2097152
world keng：3, sheng ：1048576

2026-08-19 13:46:09.682 INFO [pool-6-thread-1][:] - /****************流量统计******************/
LastReadBytes:0
LastReadThroughput:0
LastWrittenBytes:0
LastWriteThroughput:0
RealWrittenBytes:0
RealWriteThroughput:0
当前玩家的连接数量:0
当前地图的线程个数：9
当前地图的个数:47
当前数据库执行队列数:0
当前发送队列缓存的对象数量:0
totalMemory：966787072, use ：676777848, free ：290009224DirectMemory：1827143680, 恢复 ：1
当前时间 ：2026-08-19 13:46:09send keng：-1, sheng ：4194304
decode keng：-1, sheng ：2097152
world keng：3, sheng ：1048576

2026-08-19 13:46:14.682 INFO [pool-6-thread-9][:] - /****************流量统计******************/
LastReadBytes:0
LastReadThroughput:0
LastWrittenBytes:0
LastWriteThroughput:0
RealWrittenBytes:0
RealWriteThroughput:0
当前玩家的连接数量:0
当前地图的线程个数：9
当前地图的个数:47
当前数据库执行队列数:0
当前发送队列缓存的对象数量:0
totalMemory：966787072, use ：681043952, free ：285743120DirectMemory：1827143680, 恢复 ：1
当前时间 ：2026-08-19 13:46:14send keng：-1, sheng ：4194304
decode keng：-1, sheng ：2097152
world keng：3, sheng ：1048576

2026-08-19 13:46:19.682 INFO [pool-6-thread-4][:] - /****************流量统计******************/
LastReadBytes:0
LastReadThroughput:0
LastWrittenBytes:0
LastWriteThroughput:0
RealWrittenBytes:0
RealWriteThroughput:0
当前玩家的连接数量:0
当前地图的线程个数：9
当前地图的个数:47
当前数据库执行队列数:0
当前发送队列缓存的对象数量:0
totalMemory：966787072, use ：684236904, free ：282550168DirectMemory：1827143680, 恢复 ：1
当前时间 ：2026-08-19 13:46:19send keng：-1, sheng ：4194304
decode keng：-1, sheng ：2097152
world keng：3, sheng ：1048576

2026-08-19 13:46:24.682 INFO [pool-6-thread-6][:] - /****************流量统计******************/
LastReadBytes:0
LastReadThroughput:0
LastWrittenBytes:0
LastWriteThroughput:0
RealWrittenBytes:0
RealWriteThroughput:0
当前玩家的连接数量:0
当前地图的线程个数：9
当前地图的个数:47
当前数据库执行队列数:0
当前发送队列缓存的对象数量:0
totalMemory：966787072, use ：688488056, free ：278299016DirectMemory：1827143680, 恢复 ：1
当前时间 ：2026-08-19 13:46:24send keng：-1, sheng ：4194304
decode keng：-1, sheng ：2097152
world keng：3, sheng ：1048576

2026-08-19 13:46:29.682 INFO [pool-6-thread-10][:] - /****************流量统计******************/
LastReadBytes:0
LastReadThroughput:0
LastWrittenBytes:0
LastWriteThroughput:0
RealWrittenBytes:0
RealWriteThroughput:0
当前玩家的连接数量:0
当前地图的线程个数：9
当前地图的个数:47
当前数据库执行队列数:0
当前发送队列缓存的对象数量:0
totalMemory：966787072, use ：692039616, free ：274747456DirectMemory：1827143680, 恢复 ：1
当前时间 ：2026-08-19 13:46:29send keng：-1, sheng ：4194304
decode keng：-1, sheng ：2097152
world keng：3, sheng ：1048576

2026-08-19 13:46:34.683 INFO [pool-6-thread-8][:] - /****************流量统计******************/
LastReadBytes:0
LastReadThroughput:0
LastWrittenBytes:0
LastWriteThroughput:0
RealWrittenBytes:0
RealWriteThroughput:0
当前玩家的连接数量:0
当前地图的线程个数：9
当前地图的个数:47
当前数据库执行队列数:0
当前发送队列缓存的对象数量:0
totalMemory：966787072, use ：694998616, free ：271788456DirectMemory：1827143680, 恢复 ：1
当前时间 ：2026-08-19 13:46:34send keng：-1, sheng ：4194304
decode keng：-1, sheng ：2097152
world keng：3, sheng ：1048576

2026-08-19 13:46:39.682 INFO [pool-6-thread-10][:] - /****************流量统计******************/
LastReadBytes:0
LastReadThroughput:0
LastWrittenBytes:0
LastWriteThroughput:0
RealWrittenBytes:0
RealWriteThroughput:0
当前玩家的连接数量:0
当前地图的线程个数：9
当前地图的个数:47
当前数据库执行队列数:0
当前发送队列缓存的对象数量:0
totalMemory：966787072, use ：699202128, free ：267584944DirectMemory：1827143680, 恢复 ：1
当前时间 ：2026-08-19 13:46:39send keng：-1, sheng ：4194304
decode keng：-1, sheng ：2097152
world keng：3, sheng ：1048576

2026-08-19 13:46:44.682 INFO [pool-6-thread-3][:] - /****************流量统计******************/
LastReadBytes:0
LastReadThroughput:0
LastWrittenBytes:0
LastWriteThroughput:0
RealWrittenBytes:0
RealWriteThroughput:0
当前玩家的连接数量:0
当前地图的线程个数：9
当前地图的个数:47
当前数据库执行队列数:0
当前发送队列缓存的对象数量:0
totalMemory：966787072, use ：701598376, free ：265188696DirectMemory：1827143680, 恢复 ：1
当前时间 ：2026-08-19 13:46:44send keng：-1, sheng ：4194304
decode keng：-1, sheng ：2097152
world keng：3, sheng ：1048576

2026-08-19 13:46:49.682 INFO [pool-6-thread-6][:] - /****************流量统计******************/
LastReadBytes:0
LastReadThroughput:0
LastWrittenBytes:0
LastWriteThroughput:0
RealWrittenBytes:0
RealWriteThroughput:0
当前玩家的连接数量:0
当前地图的线程个数：9
当前地图的个数:47
当前数据库执行队列数:0
当前发送队列缓存的对象数量:0
totalMemory：966787072, use ：706252864, free ：260534208DirectMemory：1827143680, 恢复 ：1
当前时间 ：2026-08-19 13:46:49send keng：-1, sheng ：4194304
decode keng：-1, sheng ：2097152
world keng：3, sheng ：1048576

2026-08-19 13:46:54.682 INFO [pool-6-thread-4][:] - /****************流量统计******************/
LastReadBytes:0
LastReadThroughput:0
LastWrittenBytes:0
LastWriteThroughput:0
RealWrittenBytes:0
RealWriteThroughput:0
当前玩家的连接数量:0
当前地图的线程个数：9
当前地图的个数:47
当前数据库执行队列数:0
当前发送队列缓存的对象数量:0
totalMemory：966787072, use ：708516072, free ：258271000DirectMemory：1827143680, 恢复 ：1
当前时间 ：2026-08-19 13:46:54send keng：-1, sheng ：4194304
decode keng：-1, sheng ：2097152
world keng：3, sheng ：1048576

2026-08-19 13:46:59.682 INFO [pool-6-thread-5][:] - /****************流量统计******************/
LastReadBytes:0
LastReadThroughput:0
LastWrittenBytes:0
LastWriteThroughput:0
RealWrittenBytes:0
RealWriteThroughput:0
当前玩家的连接数量:0
当前地图的线程个数：9
当前地图的个数:47
当前数据库执行队列数:0
当前发送队列缓存的对象数量:0
totalMemory：966787072, use ：712492632, free ：254294440DirectMemory：1827143680, 恢复 ：1
当前时间 ：2026-08-19 13:46:59send keng：-1, sheng ：4194304
decode keng：-1, sheng ：2097152
world keng：3, sheng ：1048576

2026-08-19 13:47:04.685 INFO [pool-6-thread-3][:] - /****************流量统计******************/
LastReadBytes:0
LastReadThroughput:0
LastWrittenBytes:0
LastWriteThroughput:0
RealWrittenBytes:0
RealWriteThroughput:0
当前玩家的连接数量:0
当前地图的线程个数：9
当前地图的个数:47
当前数据库执行队列数:0
当前发送队列缓存的对象数量:0
totalMemory：966787072, use ：716876704, free ：249910368DirectMemory：1827143680, 恢复 ：1
当前时间 ：2026-08-19 13:47:04send keng：-1, sheng ：4194304
decode keng：-1, sheng ：2097152
world keng：3, sheng ：1048576

2026-08-19 13:47:09.682 INFO [pool-6-thread-2][:] - /****************流量统计******************/
LastReadBytes:0
LastReadThroughput:0
LastWrittenBytes:0
LastWriteThroughput:0
RealWrittenBytes:0
RealWriteThroughput:0
当前玩家的连接数量:0
当前地图的线程个数：9
当前地图的个数:47
当前数据库执行队列数:0
当前发送队列缓存的对象数量:0
totalMemory：966787072, use ：719860376, free ：246926696DirectMemory：1827143680, 恢复 ：1
当前时间 ：2026-08-19 13:47:09send keng：-1, sheng ：4194304
decode keng：-1, sheng ：2097152
world keng：3, sheng ：1048576

2026-08-19 13:47:14.682 INFO [pool-6-thread-10][:] - /****************流量统计******************/
LastReadBytes:0
LastReadThroughput:0
LastWrittenBytes:0
LastWriteThroughput:0
RealWrittenBytes:0
RealWriteThroughput:0
当前玩家的连接数量:0
当前地图的线程个数：9
当前地图的个数:47
当前数据库执行队列数:0
当前发送队列缓存的对象数量:0
totalMemory：966787072, use ：722654136, free ：244132936DirectMemory：1827143680, 恢复 ：1
当前时间 ：2026-08-19 13:47:14send keng：-1, sheng ：4194304
decode keng：-1, sheng ：2097152
world keng：3, sheng ：1048576

2026-08-19 13:47:19.682 INFO [pool-6-thread-6][:] - /****************流量统计******************/
LastReadBytes:0
LastReadThroughput:0
LastWrittenBytes:0
LastWriteThroughput:0
RealWrittenBytes:0
RealWriteThroughput:0
当前玩家的连接数量:0
当前地图的线程个数：9
当前地图的个数:47
当前数据库执行队列数:0
当前发送队列缓存的对象数量:0
totalMemory：967311360, use ：400095672, free ：567215688DirectMemory：1827143680, 恢复 ：1
当前时间 ：2026-08-19 13:47:19send keng：-1, sheng ：4194304
decode keng：-1, sheng ：2097152
world keng：3, sheng ：1048576

2026-08-19 13:47:24.682 INFO [pool-6-thread-6][:] - /****************流量统计******************/
LastReadBytes:0
LastReadThroughput:0
LastWrittenBytes:0
LastWriteThroughput:0
RealWrittenBytes:0
RealWriteThroughput:0
当前玩家的连接数量:0
当前地图的线程个数：9
当前地图的个数:47
当前数据库执行队列数:0
当前发送队列缓存的对象数量:0
totalMemory：967311360, use ：402574856, free ：564736504DirectMemory：1827143680, 恢复 ：1
当前时间 ：2026-08-19 13:47:24send keng：-1, sheng ：4194304
decode keng：-1, sheng ：2097152
world keng：3, sheng ：1048576

2026-08-19 13:47:29.682 INFO [pool-6-thread-10][:] - /****************流量统计******************/
LastReadBytes:0
LastReadThroughput:0
LastWrittenBytes:0
LastWriteThroughput:0
RealWrittenBytes:0
RealWriteThroughput:0
当前玩家的连接数量:0
当前地图的线程个数：9
当前地图的个数:47
当前数据库执行队列数:0
当前发送队列缓存的对象数量:0
totalMemory：967311360, use ：406678112, free ：560633248DirectMemory：1827143680, 恢复 ：1
当前时间 ：2026-08-19 13:47:29send keng：-1, sheng ：4194304
decode keng：-1, sheng ：2097152
world keng：3, sheng ：1048576

2026-08-19 13:47:34.682 INFO [pool-6-thread-4][:] - /****************流量统计******************/
LastReadBytes:0
LastReadThroughput:0
LastWrittenBytes:0
LastWriteThroughput:0
RealWrittenBytes:0
RealWriteThroughput:0
当前玩家的连接数量:0
当前地图的线程个数：9
当前地图的个数:47
当前数据库执行队列数:0
当前发送队列缓存的对象数量:0
totalMemory：967311360, use ：411451120, free ：555860240DirectMemory：1827143680, 恢复 ：1
当前时间 ：2026-08-19 13:47:34send keng：-1, sheng ：4194304
decode keng：-1, sheng ：2097152
world keng：3, sheng ：1048576

2026-08-19 13:47:39.682 INFO [pool-6-thread-7][:] - /****************流量统计******************/
LastReadBytes:0
LastReadThroughput:0
LastWrittenBytes:0
LastWriteThroughput:0
RealWrittenBytes:0
RealWriteThroughput:0
当前玩家的连接数量:0
当前地图的线程个数：9
当前地图的个数:47
当前数据库执行队列数:0
当前发送队列缓存的对象数量:0
totalMemory：967311360, use ：413152064, free ：554159296DirectMemory：1827143680, 恢复 ：1
当前时间 ：2026-08-19 13:47:39send keng：-1, sheng ：4194304
decode keng：-1, sheng ：2097152
world keng：3, sheng ：1048576

2026-08-19 13:47:44.682 INFO [pool-6-thread-1][:] - /****************流量统计******************/
LastReadBytes:0
LastReadThroughput:0
LastWrittenBytes:0
LastWriteThroughput:0
RealWrittenBytes:0
RealWriteThroughput:0
当前玩家的连接数量:0
当前地图的线程个数：9
当前地图的个数:47
当前数据库执行队列数:0
当前发送队列缓存的对象数量:0
totalMemory：967311360, use ：418013432, free ：549297928DirectMemory：1827143680, 恢复 ：1
当前时间 ：2026-08-19 13:47:44send keng：-1, sheng ：4194304
decode keng：-1, sheng ：2097152
world keng：3, sheng ：1048576

2026-08-19 13:47:49.682 INFO [pool-6-thread-5][:] - /****************流量统计******************/
LastReadBytes:0
LastReadThroughput:0
LastWrittenBytes:0
LastWriteThroughput:0
RealWrittenBytes:0
RealWriteThroughput:0
当前玩家的连接数量:0
当前地图的线程个数：9
当前地图的个数:47
当前数据库执行队列数:0
当前发送队列缓存的对象数量:0
totalMemory：967311360, use ：419730744, free ：547580616DirectMemory：1827143680, 恢复 ：1
当前时间 ：2026-08-19 13:47:49send keng：-1, sheng ：4194304
decode keng：-1, sheng ：2097152
world keng：3, sheng ：1048576

2026-08-19 13:47:54.685 INFO [pool-6-thread-7][:] - /****************流量统计******************/
LastReadBytes:0
LastReadThroughput:0
LastWrittenBytes:0
LastWriteThroughput:0
RealWrittenBytes:0
RealWriteThroughput:0
当前玩家的连接数量:0
当前地图的线程个数：9
当前地图的个数:47
当前数据库执行队列数:0
当前发送队列缓存的对象数量:0
totalMemory：967311360, use ：425376088, free ：541935272DirectMemory：1827143680, 恢复 ：1
当前时间 ：2026-08-19 13:47:54send keng：-1, sheng ：4194304
decode keng：-1, sheng ：2097152
world keng：3, sheng ：1048576

2026-08-19 13:47:59.682 INFO [pool-6-thread-10][:] - /****************流量统计******************/
LastReadBytes:0
LastReadThroughput:0
LastWrittenBytes:0
LastWriteThroughput:0
RealWrittenBytes:0
RealWriteThroughput:0
当前玩家的连接数量:0
当前地图的线程个数：9
当前地图的个数:47
当前数据库执行队列数:0
当前发送队列缓存的对象数量:0
totalMemory：967311360, use ：426725976, free ：540585384DirectMemory：1827143680, 恢复 ：1
当前时间 ：2026-08-19 13:47:59send keng：-1, sheng ：4194304
decode keng：-1, sheng ：2097152
world keng：3, sheng ：1048576

2026-08-19 13:48:04.682 INFO [pool-6-thread-9][:] - /****************流量统计******************/
LastReadBytes:0
LastReadThroughput:0
LastWrittenBytes:0
LastWriteThroughput:0
RealWrittenBytes:0
RealWriteThroughput:0
当前玩家的连接数量:0
当前地图的线程个数：9
当前地图的个数:47
当前数据库执行队列数:0
当前发送队列缓存的对象数量:0
totalMemory：967311360, use ：432049248, free ：535262112DirectMemory：1827143680, 恢复 ：1
当前时间 ：2026-08-19 13:48:04send keng：-1, sheng ：4194304
decode keng：-1, sheng ：2097152
world keng：3, sheng ：1048576

2026-08-19 13:48:09.682 INFO [pool-6-thread-10][:] - /****************流量统计******************/
LastReadBytes:0
LastReadThroughput:0
LastWrittenBytes:0
LastWriteThroughput:0
RealWrittenBytes:0
RealWriteThroughput:0
当前玩家的连接数量:0
当前地图的线程个数：9
当前地图的个数:47
当前数据库执行队列数:0
当前发送队列缓存的对象数量:0
totalMemory：967311360, use ：433829304, free ：533482056DirectMemory：1827143680, 恢复 ：1
当前时间 ：2026-08-19 13:48:09send keng：-1, sheng ：4194304
decode keng：-1, sheng ：2097152
world keng：3, sheng ：1048576

2026-08-19 13:48:14.682 INFO [pool-6-thread-6][:] - /****************流量统计******************/
LastReadBytes:0
LastReadThroughput:0
LastWrittenBytes:0
LastWriteThroughput:0
RealWrittenBytes:0
RealWriteThroughput:0
当前玩家的连接数量:0
当前地图的线程个数：9
当前地图的个数:47
当前数据库执行队列数:0
当前发送队列缓存的对象数量:0
totalMemory：967311360, use ：438190608, free ：529120752DirectMemory：1827143680, 恢复 ：1
当前时间 ：2026-08-19 13:48:14send keng：-1, sheng ：4194304
decode keng：-1, sheng ：2097152
world keng：3, sheng ：1048576

2026-08-19 13:48:19.682 INFO [pool-6-thread-1][:] - /****************流量统计******************/
LastReadBytes:0
LastReadThroughput:0
LastWrittenBytes:0
LastWriteThroughput:0
RealWrittenBytes:0
RealWriteThroughput:0
当前玩家的连接数量:0
当前地图的线程个数：9
当前地图的个数:47
当前数据库执行队列数:0
当前发送队列缓存的对象数量:0
totalMemory：967311360, use ：442038360, free ：525273000DirectMemory：1827143680, 恢复 ：1
当前时间 ：2026-08-19 13:48:19send keng：-1, sheng ：4194304
decode keng：-1, sheng ：2097152
world keng：3, sheng ：1048576

2026-08-19 13:48:24.682 INFO [pool-6-thread-2][:] - /****************流量统计******************/
LastReadBytes:0
LastReadThroughput:0
LastWrittenBytes:0
LastWriteThroughput:0
RealWrittenBytes:0
RealWriteThroughput:0
当前玩家的连接数量:0
当前地图的线程个数：9
当前地图的个数:47
当前数据库执行队列数:0
当前发送队列缓存的对象数量:0
totalMemory：967311360, use ：445634112, free ：521677248DirectMemory：1827143680, 恢复 ：1
当前时间 ：2026-08-19 13:48:24send keng：-1, sheng ：4194304
decode keng：-1, sheng ：2097152
world keng：3, sheng ：1048576

2026-08-19 13:48:29.682 INFO [pool-6-thread-2][:] - /****************流量统计******************/
LastReadBytes:0
LastReadThroughput:0
LastWrittenBytes:0
LastWriteThroughput:0
RealWrittenBytes:0
RealWriteThroughput:0
当前玩家的连接数量:0
当前地图的线程个数：9
当前地图的个数:47
当前数据库执行队列数:0
当前发送队列缓存的对象数量:0
totalMemory：967311360, use ：449975936, free ：517335424DirectMemory：1827143680, 恢复 ：1
当前时间 ：2026-08-19 13:48:29send keng：-1, sheng ：4194304
decode keng：-1, sheng ：2097152
world keng：3, sheng ：1048576

2026-08-19 13:48:34.682 INFO [pool-6-thread-5][:] - /****************流量统计******************/
LastReadBytes:0
LastReadThroughput:0
LastWrittenBytes:0
LastWriteThroughput:0
RealWrittenBytes:0
RealWriteThroughput:0
当前玩家的连接数量:0
当前地图的线程个数：9
当前地图的个数:47
当前数据库执行队列数:0
当前发送队列缓存的对象数量:0
totalMemory：967311360, use ：452988376, free ：514322984DirectMemory：1827143680, 恢复 ：1
当前时间 ：2026-08-19 13:48:34send keng：-1, sheng ：4194304
decode keng：-1, sheng ：2097152
world keng：3, sheng ：1048576

2026-08-19 13:48:39.682 INFO [pool-6-thread-8][:] - /****************流量统计******************/
LastReadBytes:0
LastReadThroughput:0
LastWrittenBytes:0
LastWriteThroughput:0
RealWrittenBytes:0
RealWriteThroughput:0
当前玩家的连接数量:0
当前地图的线程个数：9
当前地图的个数:47
当前数据库执行队列数:0
当前发送队列缓存的对象数量:0
totalMemory：967311360, use ：457834192, free ：509477168DirectMemory：1827143680, 恢复 ：1
当前时间 ：2026-08-19 13:48:39send keng：-1, sheng ：4194304
decode keng：-1, sheng ：2097152
world keng：3, sheng ：1048576

2026-08-19 13:48:44.682 INFO [pool-6-thread-10][:] - /****************流量统计******************/
LastReadBytes:0
LastReadThroughput:0
LastWrittenBytes:0
LastWriteThroughput:0
RealWrittenBytes:0
RealWriteThroughput:0
当前玩家的连接数量:0
当前地图的线程个数：9
当前地图的个数:47
当前数据库执行队列数:0
当前发送队列缓存的对象数量:0
totalMemory：967311360, use ：459570512, free ：507740848DirectMemory：1827143680, 恢复 ：1
当前时间 ：2026-08-19 13:48:44send keng：-1, sheng ：4194304
decode keng：-1, sheng ：2097152
world keng：3, sheng ：1048576

2026-08-19 13:48:49.682 INFO [pool-6-thread-10][:] - /****************流量统计******************/
LastReadBytes:0
LastReadThroughput:0
LastWrittenBytes:0
LastWriteThroughput:0
RealWrittenBytes:0
RealWriteThroughput:0
当前玩家的连接数量:0
当前地图的线程个数：9
当前地图的个数:47
当前数据库执行队列数:0
当前发送队列缓存的对象数量:0
totalMemory：967311360, use ：464356816, free ：502954544DirectMemory：1827143680, 恢复 ：1
当前时间 ：2026-08-19 13:48:49send keng：-1, sheng ：4194304
decode keng：-1, sheng ：2097152
world keng：3, sheng ：1048576

2026-08-19 13:48:54.682 INFO [pool-6-thread-2][:] - /****************流量统计******************/
LastReadBytes:0
LastReadThroughput:0
LastWrittenBytes:0
LastWriteThroughput:0
RealWrittenBytes:0
RealWriteThroughput:0
当前玩家的连接数量:0
当前地图的线程个数：9
当前地图的个数:47
当前数据库执行队列数:0
当前发送队列缓存的对象数量:0
totalMemory：967311360, use ：466132312, free ：501179048DirectMemory：1827143680, 恢复 ：1
当前时间 ：2026-08-19 13:48:54send keng：-1, sheng ：4194304
decode keng：-1, sheng ：2097152
world keng：3, sheng ：1048576

2026-08-19 13:48:59.682 INFO [pool-6-thread-4][:] - /****************流量统计******************/
LastReadBytes:0
LastReadThroughput:0
LastWrittenBytes:0
LastWriteThroughput:0
RealWrittenBytes:0
RealWriteThroughput:0
当前玩家的连接数量:0
当前地图的线程个数：9
当前地图的个数:47
当前数据库执行队列数:0
当前发送队列缓存的对象数量:0
totalMemory：967311360, use ：471325936, free ：495985424DirectMemory：1827143680, 恢复 ：1
当前时间 ：2026-08-19 13:48:59send keng：-1, sheng ：4194304
decode keng：-1, sheng ：2097152
world keng：3, sheng ：1048576

2026-08-19 13:49:04.682 INFO [pool-6-thread-5][:] - /****************流量统计******************/
LastReadBytes:0
LastReadThroughput:0
LastWrittenBytes:0
LastWriteThroughput:0
RealWrittenBytes:0
RealWriteThroughput:0
当前玩家的连接数量:0
当前地图的线程个数：9
当前地图的个数:47
当前数据库执行队列数:0
当前发送队列缓存的对象数量:0
totalMemory：967311360, use ：473670432, free ：493640928DirectMemory：1827143680, 恢复 ：1
当前时间 ：2026-08-19 13:49:04send keng：-1, sheng ：4194304
decode keng：-1, sheng ：2097152
world keng：3, sheng ：1048576

2026-08-19 13:49:09.682 INFO [pool-6-thread-5][:] - /****************流量统计******************/
LastReadBytes:0
LastReadThroughput:0
LastWrittenBytes:0
LastWriteThroughput:0
RealWrittenBytes:0
RealWriteThroughput:0
当前玩家的连接数量:0
当前地图的线程个数：9
当前地图的个数:47
当前数据库执行队列数:0
当前发送队列缓存的对象数量:0
totalMemory：967311360, use ：478449528, free ：488861832DirectMemory：1827143680, 恢复 ：1
当前时间 ：2026-08-19 13:49:09send keng：-1, sheng ：4194304
decode keng：-1, sheng ：2097152
world keng：3, sheng ：1048576

2026-08-19 13:49:14.682 INFO [pool-6-thread-2][:] - /****************流量统计******************/
LastReadBytes:0
LastReadThroughput:0
LastWrittenBytes:0
LastWriteThroughput:0
RealWrittenBytes:0
RealWriteThroughput:0
当前玩家的连接数量:0
当前地图的线程个数：9
当前地图的个数:47
当前数据库执行队列数:0
当前发送队列缓存的对象数量:0
totalMemory：967311360, use ：480777584, free ：486533776DirectMemory：1827143680, 恢复 ：1
当前时间 ：2026-08-19 13:49:14send keng：-1, sheng ：4194304
decode keng：-1, sheng ：2097152
world keng：3, sheng ：1048576

2026-08-19 13:49:19.682 INFO [pool-6-thread-6][:] - /****************流量统计******************/
LastReadBytes:0
LastReadThroughput:0
LastWrittenBytes:0
LastWriteThroughput:0
RealWrittenBytes:0
RealWriteThroughput:0
当前玩家的连接数量:0
当前地图的线程个数：9
当前地图的个数:47
当前数据库执行队列数:0
当前发送队列缓存的对象数量:0
totalMemory：967311360, use ：485905104, free ：481406256DirectMemory：1827143680, 恢复 ：1
当前时间 ：2026-08-19 13:49:19send keng：-1, sheng ：4194304
decode keng：-1, sheng ：2097152
world keng：3, sheng ：1048576

2026-08-19 13:49:24.682 INFO [pool-6-thread-6][:] - /****************流量统计******************/
LastReadBytes:0
LastReadThroughput:0
LastWrittenBytes:0
LastWriteThroughput:0
RealWrittenBytes:0
RealWriteThroughput:0
当前玩家的连接数量:0
当前地图的线程个数：9
当前地图的个数:47
当前数据库执行队列数:0
当前发送队列缓存的对象数量:0
totalMemory：967311360, use ：489629440, free ：477681920DirectMemory：1827143680, 恢复 ：1
当前时间 ：2026-08-19 13:49:24send keng：-1, sheng ：4194304
decode keng：-1, sheng ：2097152
world keng：3, sheng ：1048576

2026-08-19 13:49:29.682 INFO [pool-6-thread-2][:] - /****************流量统计******************/
LastReadBytes:0
LastReadThroughput:0
LastWrittenBytes:0
LastWriteThroughput:0
RealWrittenBytes:0
RealWriteThroughput:0
当前玩家的连接数量:0
当前地图的线程个数：9
当前地图的个数:47
当前数据库执行队列数:0
当前发送队列缓存的对象数量:0
totalMemory：967311360, use ：491966304, free ：475345056DirectMemory：1827143680, 恢复 ：1
当前时间 ：2026-08-19 13:49:29send keng：-1, sheng ：4194304
decode keng：-1, sheng ：2097152
world keng：3, sheng ：1048576

2026-08-19 13:49:34.682 INFO [pool-6-thread-4][:] - /****************流量统计******************/
LastReadBytes:0
LastReadThroughput:0
LastWrittenBytes:0
LastWriteThroughput:0
RealWrittenBytes:0
RealWriteThroughput:0
当前玩家的连接数量:0
当前地图的线程个数：9
当前地图的个数:47
当前数据库执行队列数:0
当前发送队列缓存的对象数量:0
totalMemory：967311360, use ：496811168, free ：470500192DirectMemory：1827143680, 恢复 ：1
当前时间 ：2026-08-19 13:49:34send keng：-1, sheng ：4194304
decode keng：-1, sheng ：2097152
world keng：3, sheng ：1048576

2026-08-19 13:49:39.682 INFO [pool-6-thread-2][:] - /****************流量统计******************/
LastReadBytes:0
LastReadThroughput:0
LastWrittenBytes:0
LastWriteThroughput:0
RealWrittenBytes:0
RealWriteThroughput:0
当前玩家的连接数量:0
当前地图的线程个数：9
当前地图的个数:47
当前数据库执行队列数:0
当前发送队列缓存的对象数量:0
totalMemory：967311360, use ：498505136, free ：468806224DirectMemory：1827143680, 恢复 ：1
当前时间 ：2026-08-19 13:49:39send keng：-1, sheng ：4194304
decode keng：-1, sheng ：2097152
world keng：3, sheng ：1048576

2026-08-19 13:49:44.682 INFO [pool-6-thread-9][:] - /****************流量统计******************/
LastReadBytes:0
LastReadThroughput:0
LastWrittenBytes:0
LastWriteThroughput:0
RealWrittenBytes:0
RealWriteThroughput:0
当前玩家的连接数量:0
当前地图的线程个数：9
当前地图的个数:47
当前数据库执行队列数:0
当前发送队列缓存的对象数量:0
totalMemory：967311360, use ：503382576, free ：463928784DirectMemory：1827143680, 恢复 ：1
当前时间 ：2026-08-19 13:49:44send keng：-1, sheng ：4194304
decode keng：-1, sheng ：2097152
world keng：3, sheng ：1048576

2026-08-19 13:49:49.682 INFO [pool-6-thread-2][:] - /****************流量统计******************/
LastReadBytes:0
LastReadThroughput:0
LastWrittenBytes:0
LastWriteThroughput:0
RealWrittenBytes:0
RealWriteThroughput:0
当前玩家的连接数量:0
当前地图的线程个数：9
当前地图的个数:47
当前数据库执行队列数:0
当前发送队列缓存的对象数量:0
totalMemory：967311360, use ：505951600, free ：461359760DirectMemory：1827143680, 恢复 ：1
当前时间 ：2026-08-19 13:49:49send keng：-1, sheng ：4194304
decode keng：-1, sheng ：2097152
world keng：3, sheng ：1048576

2026-08-19 13:49:54.682 INFO [pool-6-thread-1][:] - /****************流量统计******************/
LastReadBytes:0
LastReadThroughput:0
LastWrittenBytes:0
LastWriteThroughput:0
RealWrittenBytes:0
RealWriteThroughput:0
当前玩家的连接数量:0
当前地图的线程个数：9
当前地图的个数:47
当前数据库执行队列数:0
当前发送队列缓存的对象数量:0
totalMemory：967311360, use ：510298912, free ：457012448DirectMemory：1827143680, 恢复 ：1
当前时间 ：2026-08-19 13:49:54send keng：-1, sheng ：4194304
decode keng：-1, sheng ：2097152
world keng：3, sheng ：1048576

2026-08-19 13:49:59.682 INFO [pool-6-thread-8][:] - /****************流量统计******************/
LastReadBytes:0
LastReadThroughput:0
LastWrittenBytes:0
LastWriteThroughput:0
RealWrittenBytes:0
RealWriteThroughput:0
当前玩家的连接数量:0
当前地图的线程个数：9
当前地图的个数:47
当前数据库执行队列数:0
当前发送队列缓存的对象数量:0
totalMemory：967311360, use ：512098416, free ：455212944DirectMemory：1827143680, 恢复 ：1
当前时间 ：2026-08-19 13:49:59send keng：-1, sheng ：4194304
decode keng：-1, sheng ：2097152
world keng：3, sheng ：1048576

2026-08-19 13:50:04.682 INFO [pool-6-thread-6][:] - /****************流量统计******************/
LastReadBytes:0
LastReadThroughput:0
LastWrittenBytes:0
LastWriteThroughput:0
RealWrittenBytes:0
RealWriteThroughput:0
当前玩家的连接数量:0
当前地图的线程个数：9
当前地图的个数:47
当前数据库执行队列数:0
当前发送队列缓存的对象数量:0
totalMemory：967311360, use ：517837960, free ：449473400DirectMemory：1827143680, 恢复 ：1
当前时间 ：2026-08-19 13:50:04send keng：-1, sheng ：4194304
decode keng：-1, sheng ：2097152
world keng：3, sheng ：1048576

2026-08-19 13:50:09.682 INFO [pool-6-thread-1][:] - /****************流量统计******************/
LastReadBytes:0
LastReadThroughput:0
LastWrittenBytes:0
LastWriteThroughput:0
RealWrittenBytes:0
RealWriteThroughput:0
当前玩家的连接数量:0
当前地图的线程个数：9
当前地图的个数:47
当前数据库执行队列数:0
当前发送队列缓存的对象数量:0
totalMemory：967311360, use ：519270120, free ：448041240DirectMemory：1827143680, 恢复 ：1
当前时间 ：2026-08-19 13:50:09send keng：-1, sheng ：4194304
decode keng：-1, sheng ：2097152
world keng：3, sheng ：1048576

2026-08-19 13:50:14.682 INFO [pool-6-thread-3][:] - /****************流量统计******************/
LastReadBytes:0
LastReadThroughput:0
LastWrittenBytes:0
LastWriteThroughput:0
RealWrittenBytes:0
RealWriteThroughput:0
当前玩家的连接数量:0
当前地图的线程个数：9
当前地图的个数:47
当前数据库执行队列数:0
当前发送队列缓存的对象数量:0
totalMemory：967311360, use ：524814480, free ：442496880DirectMemory：1827143680, 恢复 ：1
当前时间 ：2026-08-19 13:50:14send keng：-1, sheng ：4194304
decode keng：-1, sheng ：2097152
world keng：3, sheng ：1048576

2026-08-19 13:50:19.682 INFO [pool-6-thread-3][:] - /****************流量统计******************/
LastReadBytes:0
LastReadThroughput:0
LastWrittenBytes:0
LastWriteThroughput:0
RealWrittenBytes:0
RealWriteThroughput:0
当前玩家的连接数量:0
当前地图的线程个数：9
当前地图的个数:47
当前数据库执行队列数:0
当前发送队列缓存的对象数量:0
totalMemory：967311360, use ：528391032, free ：438920328DirectMemory：1827143680, 恢复 ：1
当前时间 ：2026-08-19 13:50:19send keng：-1, sheng ：4194304
decode keng：-1, sheng ：2097152
world keng：3, sheng ：1048576

2026-08-19 13:50:24.683 INFO [pool-6-thread-4][:] - /****************流量统计******************/
LastReadBytes:0
LastReadThroughput:0
LastWrittenBytes:0
LastWriteThroughput:0
RealWrittenBytes:0
RealWriteThroughput:0
当前玩家的连接数量:0
当前地图的线程个数：9
当前地图的个数:47
当前数据库执行队列数:0
当前发送队列缓存的对象数量:0
totalMemory：967311360, use ：530991288, free ：436320072DirectMemory：1827143680, 恢复 ：1
当前时间 ：2026-08-19 13:50:24send keng：-1, sheng ：4194304
decode keng：-1, sheng ：2097152
world keng：3, sheng ：1048576

2026-08-19 13:50:29.682 INFO [pool-6-thread-8][:] - /****************流量统计******************/
LastReadBytes:0
LastReadThroughput:0
LastWrittenBytes:0
LastWriteThroughput:0
RealWrittenBytes:0
RealWriteThroughput:0
当前玩家的连接数量:0
当前地图的线程个数：9
当前地图的个数:47
当前数据库执行队列数:0
当前发送队列缓存的对象数量:0
totalMemory：967311360, use ：535260000, free ：432051360DirectMemory：1827143680, 恢复 ：1
当前时间 ：2026-08-19 13:50:29send keng：-1, sheng ：4194304
decode keng：-1, sheng ：2097152
world keng：3, sheng ：1048576

2026-08-19 13:50:34.682 INFO [pool-6-thread-1][:] - /****************流量统计******************/
LastReadBytes:0
LastReadThroughput:0
LastWrittenBytes:0
LastWriteThroughput:0
RealWrittenBytes:0
RealWriteThroughput:0
当前玩家的连接数量:0
当前地图的线程个数：9
当前地图的个数:47
当前数据库执行队列数:0
当前发送队列缓存的对象数量:0
totalMemory：967311360, use ：538389240, free ：428922120DirectMemory：1827143680, 恢复 ：1
当前时间 ：2026-08-19 13:50:34send keng：-1, sheng ：4194304
decode keng：-1, sheng ：2097152
world keng：3, sheng ：1048576

2026-08-19 13:50:39.682 INFO [pool-6-thread-10][:] - /****************流量统计******************/
LastReadBytes:0
LastReadThroughput:0
LastWrittenBytes:0
LastWriteThroughput:0
RealWrittenBytes:0
RealWriteThroughput:0
当前玩家的连接数量:0
当前地图的线程个数：9
当前地图的个数:47
当前数据库执行队列数:0
当前发送队列缓存的对象数量:0
totalMemory：967311360, use ：541918432, free ：425392928DirectMemory：1827143680, 恢复 ：1
当前时间 ：2026-08-19 13:50:39send keng：-1, sheng ：4194304
decode keng：-1, sheng ：2097152
world keng：3, sheng ：1048576

2026-08-19 13:50:44.682 INFO [pool-6-thread-7][:] - /****************流量统计******************/
LastReadBytes:0
LastReadThroughput:0
LastWrittenBytes:0
LastWriteThroughput:0
RealWrittenBytes:0
RealWriteThroughput:0
当前玩家的连接数量:0
当前地图的线程个数：9
当前地图的个数:47
当前数据库执行队列数:0
当前发送队列缓存的对象数量:0
totalMemory：967311360, use ：545328416, free ：421982944DirectMemory：1827143680, 恢复 ：1
当前时间 ：2026-08-19 13:50:44send keng：-1, sheng ：4194304
decode keng：-1, sheng ：2097152
world keng：3, sheng ：1048576

2026-08-19 13:50:49.682 INFO [pool-6-thread-2][:] - /****************流量统计******************/
LastReadBytes:0
LastReadThroughput:0
LastWrittenBytes:0
LastWriteThroughput:0
RealWrittenBytes:0
RealWriteThroughput:0
当前玩家的连接数量:0
当前地图的线程个数：9
当前地图的个数:47
当前数据库执行队列数:0
当前发送队列缓存的对象数量:0
totalMemory：967311360, use ：549259168, free ：418052192DirectMemory：1827143680, 恢复 ：1
当前时间 ：2026-08-19 13:50:49send keng：-1, sheng ：4194304
decode keng：-1, sheng ：2097152
world keng：3, sheng ：1048576

2026-08-19 13:50:54.682 INFO [pool-6-thread-9][:] - /****************流量统计******************/
LastReadBytes:0
LastReadThroughput:0
LastWrittenBytes:0
LastWriteThroughput:0
RealWrittenBytes:0
RealWriteThroughput:0
当前玩家的连接数量:0
当前地图的线程个数：9
当前地图的个数:47
当前数据库执行队列数:0
当前发送队列缓存的对象数量:0
totalMemory：967311360, use ：551919336, free ：415392024DirectMemory：1827143680, 恢复 ：1
当前时间 ：2026-08-19 13:50:54send keng：-1, sheng ：4194304
decode keng：-1, sheng ：2097152
world keng：3, sheng ：1048576

2026-08-19 13:50:59.682 INFO [pool-6-thread-8][:] - /****************流量统计******************/
LastReadBytes:0
LastReadThroughput:0
LastWrittenBytes:0
LastWriteThroughput:0
RealWrittenBytes:0
RealWriteThroughput:0
当前玩家的连接数量:0
当前地图的线程个数：9
当前地图的个数:47
当前数据库执行队列数:0
当前发送队列缓存的对象数量:0
totalMemory：967311360, use ：556247368, free ：411063992DirectMemory：1827143680, 恢复 ：1
当前时间 ：2026-08-19 13:50:59send keng：-1, sheng ：4194304
decode keng：-1, sheng ：2097152
world keng：3, sheng ：1048576

2026-08-19 13:51:04.682 INFO [pool-6-thread-1][:] - /****************流量统计******************/
LastReadBytes:0
LastReadThroughput:0
LastWrittenBytes:0
LastWriteThroughput:0
RealWrittenBytes:0
RealWriteThroughput:0
当前玩家的连接数量:0
当前地图的线程个数：9
当前地图的个数:47
当前数据库执行队列数:0
当前发送队列缓存的对象数量:0
totalMemory：967311360, use ：558619144, free ：408692216DirectMemory：1827143680, 恢复 ：1
当前时间 ：2026-08-19 13:51:04send keng：-1, sheng ：4194304
decode keng：-1, sheng ：2097152
world keng：3, sheng ：1048576

2026-08-19 13:51:09.682 INFO [pool-6-thread-3][:] - /****************流量统计******************/
LastReadBytes:0
LastReadThroughput:0
LastWrittenBytes:0
LastWriteThroughput:0
RealWrittenBytes:0
RealWriteThroughput:0
当前玩家的连接数量:0
当前地图的线程个数：9
当前地图的个数:47
当前数据库执行队列数:0
当前发送队列缓存的对象数量:0
totalMemory：967311360, use ：563356264, free ：403955096DirectMemory：1827143680, 恢复 ：1
当前时间 ：2026-08-19 13:51:09send keng：-1, sheng ：4194304
decode keng：-1, sheng ：2097152
world keng：3, sheng ：1048576

2026-08-19 13:51:14.683 INFO [pool-6-thread-4][:] - /****************流量统计******************/
LastReadBytes:0
LastReadThroughput:0
LastWrittenBytes:0
LastWriteThroughput:0
RealWrittenBytes:0
RealWriteThroughput:0
当前玩家的连接数量:0
当前地图的线程个数：9
当前地图的个数:47
当前数据库执行队列数:0
当前发送队列缓存的对象数量:0
totalMemory：967311360, use ：566314352, free ：400997008DirectMemory：1827143680, 恢复 ：1
当前时间 ：2026-08-19 13:51:14send keng：-1, sheng ：4194304
decode keng：-1, sheng ：2097152
world keng：3, sheng ：1048576

2026-08-19 13:51:19.682 INFO [pool-6-thread-8][:] - /****************流量统计******************/
LastReadBytes:0
LastReadThroughput:0
LastWrittenBytes:0
LastWriteThroughput:0
RealWrittenBytes:0
RealWriteThroughput:0
当前玩家的连接数量:0
当前地图的线程个数：9
当前地图的个数:47
当前数据库执行队列数:0
当前发送队列缓存的对象数量:0
totalMemory：967311360, use ：570359328, free ：396952032DirectMemory：1827143680, 恢复 ：1
当前时间 ：2026-08-19 13:51:19send keng：-1, sheng ：4194304
decode keng：-1, sheng ：2097152
world keng：3, sheng ：1048576

2026-08-19 13:51:24.682 INFO [pool-6-thread-1][:] - /****************流量统计******************/
LastReadBytes:0
LastReadThroughput:0
LastWrittenBytes:0
LastWriteThroughput:0
RealWrittenBytes:0
RealWriteThroughput:0
当前玩家的连接数量:0
当前地图的线程个数：9
当前地图的个数:47
当前数据库执行队列数:0
当前发送队列缓存的对象数量:0
totalMemory：967311360, use ：574507496, free ：392803864DirectMemory：1827143680, 恢复 ：1
当前时间 ：2026-08-19 13:51:24send keng：-1, sheng ：4194304
decode keng：-1, sheng ：2097152
world keng：3, sheng ：1048576

2026-08-19 13:51:29.682 INFO [pool-6-thread-8][:] - /****************流量统计******************/
LastReadBytes:0
LastReadThroughput:0
LastWrittenBytes:0
LastWriteThroughput:0
RealWrittenBytes:0
RealWriteThroughput:0
当前玩家的连接数量:0
当前地图的线程个数：9
当前地图的个数:47
当前数据库执行队列数:0
当前发送队列缓存的对象数量:0
totalMemory：967311360, use ：576875528, free ：390435832DirectMemory：1827143680, 恢复 ：1
当前时间 ：2026-08-19 13:51:29send keng：-1, sheng ：4194304
decode keng：-1, sheng ：2097152
world keng：3, sheng ：1048576

2026-08-19 13:51:34.682 INFO [pool-6-thread-6][:] - /****************流量统计******************/
LastReadBytes:0
LastReadThroughput:0
LastWrittenBytes:0
LastWriteThroughput:0
RealWrittenBytes:0
RealWriteThroughput:0
当前玩家的连接数量:0
当前地图的线程个数：9
当前地图的个数:47
当前数据库执行队列数:0
当前发送队列缓存的对象数量:0
totalMemory：967311360, use ：581637336, free ：385674024DirectMemory：1827143680, 恢复 ：1
当前时间 ：2026-08-19 13:51:34send keng：-1, sheng ：4194304
decode keng：-1, sheng ：2097152
world keng：3, sheng ：1048576

2026-08-19 13:51:39.682 INFO [pool-6-thread-9][:] - /****************流量统计******************/
LastReadBytes:0
LastReadThroughput:0
LastWrittenBytes:0
LastWriteThroughput:0
RealWrittenBytes:0
RealWriteThroughput:0
当前玩家的连接数量:0
当前地图的线程个数：9
当前地图的个数:47
当前数据库执行队列数:0
当前发送队列缓存的对象数量:0
totalMemory：967311360, use ：584299440, free ：383011920DirectMemory：1827143680, 恢复 ：1
当前时间 ：2026-08-19 13:51:39send keng：-1, sheng ：4194304
decode keng：-1, sheng ：2097152
world keng：3, sheng ：1048576

2026-08-19 13:51:44.682 INFO [pool-6-thread-9][:] - /****************流量统计******************/
LastReadBytes:0
LastReadThroughput:0
LastWrittenBytes:0
LastWriteThroughput:0
RealWrittenBytes:0
RealWriteThroughput:0
当前玩家的连接数量:0
当前地图的线程个数：9
当前地图的个数:47
当前数据库执行队列数:0
当前发送队列缓存的对象数量:0
totalMemory：967311360, use ：588679984, free ：378631376DirectMemory：1827143680, 恢复 ：1
当前时间 ：2026-08-19 13:51:44send keng：-1, sheng ：4194304
decode keng：-1, sheng ：2097152
world keng：3, sheng ：1048576

2026-08-19 13:51:49.682 INFO [pool-6-thread-3][:] - /****************流量统计******************/
LastReadBytes:0
LastReadThroughput:0
LastWrittenBytes:0
LastWriteThroughput:0
RealWrittenBytes:0
RealWriteThroughput:0
当前玩家的连接数量:0
当前地图的线程个数：9
当前地图的个数:47
当前数据库执行队列数:0
当前发送队列缓存的对象数量:0
totalMemory：967311360, use ：590846320, free ：376465040DirectMemory：1827143680, 恢复 ：1
当前时间 ：2026-08-19 13:51:49send keng：-1, sheng ：4194304
decode keng：-1, sheng ：2097152
world keng：3, sheng ：1048576

2026-08-19 13:51:54.682 INFO [pool-6-thread-8][:] - /****************流量统计******************/
LastReadBytes:0
LastReadThroughput:0
LastWrittenBytes:0
LastWriteThroughput:0
RealWrittenBytes:0
RealWriteThroughput:0
当前玩家的连接数量:0
当前地图的线程个数：9
当前地图的个数:47
当前数据库执行队列数:0
当前发送队列缓存的对象数量:0
totalMemory：967311360, use ：594743888, free ：372567472DirectMemory：1827143680, 恢复 ：1
当前时间 ：2026-08-19 13:51:54send keng：-1, sheng ：4194304
decode keng：-1, sheng ：2097152
world keng：3, sheng ：1048576

2026-08-19 13:51:59.682 INFO [pool-6-thread-7][:] - /****************流量统计******************/
LastReadBytes:0
LastReadThroughput:0
LastWrittenBytes:0
LastWriteThroughput:0
RealWrittenBytes:0
RealWriteThroughput:0
当前玩家的连接数量:0
当前地图的线程个数：9
当前地图的个数:47
当前数据库执行队列数:0
当前发送队列缓存的对象数量:0
totalMemory：967311360, use ：598321288, free ：368990072DirectMemory：1827143680, 恢复 ：1
当前时间 ：2026-08-19 13:51:59send keng：-1, sheng ：4194304
decode keng：-1, sheng ：2097152
world keng：3, sheng ：1048576

2026-08-19 13:52:04.682 INFO [pool-6-thread-4][:] - /****************流量统计******************/
LastReadBytes:0
LastReadThroughput:0
LastWrittenBytes:0
LastWriteThroughput:0
RealWrittenBytes:0
RealWriteThroughput:0
当前玩家的连接数量:0
当前地图的线程个数：9
当前地图的个数:47
当前数据库执行队列数:0
当前发送队列缓存的对象数量:0
totalMemory：967311360, use ：601836304, free ：365475056DirectMemory：1827143680, 恢复 ：1
当前时间 ：2026-08-19 13:52:04send keng：-1, sheng ：4194304
decode keng：-1, sheng ：2097152
world keng：3, sheng ：1048576

2026-08-19 13:52:09.682 INFO [pool-6-thread-3][:] - /****************流量统计******************/
LastReadBytes:0
LastReadThroughput:0
LastWrittenBytes:0
LastWriteThroughput:0
RealWrittenBytes:0
RealWriteThroughput:0
当前玩家的连接数量:0
当前地图的线程个数：9
当前地图的个数:47
当前数据库执行队列数:0
当前发送队列缓存的对象数量:0
totalMemory：967311360, use ：606022760, free ：361288600DirectMemory：1827143680, 恢复 ：1
当前时间 ：2026-08-19 13:52:09send keng：-1, sheng ：4194304
decode keng：-1, sheng ：2097152
world keng：3, sheng ：1048576

2026-08-19 13:52:14.682 INFO [pool-6-thread-3][:] - /****************流量统计******************/
LastReadBytes:0
LastReadThroughput:0
LastWrittenBytes:0
LastWriteThroughput:0
RealWrittenBytes:0
RealWriteThroughput:0
当前玩家的连接数量:0
当前地图的线程个数：9
当前地图的个数:47
当前数据库执行队列数:0
当前发送队列缓存的对象数量:0
totalMemory：967311360, use ：608843280, free ：358468080DirectMemory：1827143680, 恢复 ：1
当前时间 ：2026-08-19 13:52:14send keng：-1, sheng ：4194304
decode keng：-1, sheng ：2097152
world keng：3, sheng ：1048576

2026-08-19 13:52:19.682 INFO [pool-6-thread-9][:] - /****************流量统计******************/
LastReadBytes:0
LastReadThroughput:0
LastWrittenBytes:0
LastWriteThroughput:0
RealWrittenBytes:0
RealWriteThroughput:0
当前玩家的连接数量:0
当前地图的线程个数：9
当前地图的个数:47
当前数据库执行队列数:0
当前发送队列缓存的对象数量:0
totalMemory：967311360, use ：613716848, free ：353594512DirectMemory：1827143680, 恢复 ：1
当前时间 ：2026-08-19 13:52:19send keng：-1, sheng ：4194304
decode keng：-1, sheng ：2097152
world keng：3, sheng ：1048576

2026-08-19 13:52:24.682 INFO [pool-6-thread-7][:] - /****************流量统计******************/
LastReadBytes:0
LastReadThroughput:0
LastWrittenBytes:0
LastWriteThroughput:0
RealWrittenBytes:0
RealWriteThroughput:0
当前玩家的连接数量:0
当前地图的线程个数：9
当前地图的个数:47
当前数据库执行队列数:0
当前发送队列缓存的对象数量:0
totalMemory：967311360, use ：616270632, free ：351040728DirectMemory：1827143680, 恢复 ：1
当前时间 ：2026-08-19 13:52:24send keng：-1, sheng ：4194304
decode keng：-1, sheng ：2097152
world keng：3, sheng ：1048576

2026-08-19 13:52:29.682 INFO [pool-6-thread-9][:] - /****************流量统计******************/
LastReadBytes:0
LastReadThroughput:0
LastWrittenBytes:0
LastWriteThroughput:0
RealWrittenBytes:0
RealWriteThroughput:0
当前玩家的连接数量:0
当前地图的线程个数：9
当前地图的个数:47
当前数据库执行队列数:0
当前发送队列缓存的对象数量:0
totalMemory：967311360, use ：620495824, free ：346815536DirectMemory：1827143680, 恢复 ：1
当前时间 ：2026-08-19 13:52:29send keng：-1, sheng ：4194304
decode keng：-1, sheng ：2097152
world keng：3, sheng ：1048576

2026-08-19 13:52:34.682 INFO [pool-6-thread-1][:] - /****************流量统计******************/
LastReadBytes:0
LastReadThroughput:0
LastWrittenBytes:0
LastWriteThroughput:0
RealWrittenBytes:0
RealWriteThroughput:0
当前玩家的连接数量:0
当前地图的线程个数：9
当前地图的个数:47
当前数据库执行队列数:0
当前发送队列缓存的对象数量:0
totalMemory：967311360, use ：623198224, free ：344113136DirectMemory：1827143680, 恢复 ：1
当前时间 ：2026-08-19 13:52:34send keng：-1, sheng ：4194304
decode keng：-1, sheng ：2097152
world keng：3, sheng ：1048576

2026-08-19 13:52:39.682 INFO [pool-6-thread-1][:] - /****************流量统计******************/
LastReadBytes:0
LastReadThroughput:0
LastWrittenBytes:0
LastWriteThroughput:0
RealWrittenBytes:0
RealWriteThroughput:0
当前玩家的连接数量:0
当前地图的线程个数：9
当前地图的个数:47
当前数据库执行队列数:0
当前发送队列缓存的对象数量:0
totalMemory：967311360, use ：628385688, free ：338925672DirectMemory：1827143680, 恢复 ：1
当前时间 ：2026-08-19 13:52:39send keng：-1, sheng ：4194304
decode keng：-1, sheng ：2097152
world keng：3, sheng ：1048576

2026-08-19 13:52:44.682 INFO [pool-6-thread-4][:] - /****************流量统计******************/
LastReadBytes:0
LastReadThroughput:0
LastWrittenBytes:0
LastWriteThroughput:0
RealWrittenBytes:0
RealWriteThroughput:0
当前玩家的连接数量:0
当前地图的线程个数：9
当前地图的个数:47
当前数据库执行队列数:0
当前发送队列缓存的对象数量:0
totalMemory：967311360, use ：629711856, free ：337599504DirectMemory：1827143680, 恢复 ：1
当前时间 ：2026-08-19 13:52:44send keng：-1, sheng ：4194304
decode keng：-1, sheng ：2097152
world keng：3, sheng ：1048576

2026-08-19 13:52:49.682 INFO [pool-6-thread-7][:] - /****************流量统计******************/
LastReadBytes:0
LastReadThroughput:0
LastWrittenBytes:0
LastWriteThroughput:0
RealWrittenBytes:0
RealWriteThroughput:0
当前玩家的连接数量:0
当前地图的线程个数：9
当前地图的个数:47
当前数据库执行队列数:0
当前发送队列缓存的对象数量:0
totalMemory：967311360, use ：635333040, free ：331978320DirectMemory：1827143680, 恢复 ：1
当前时间 ：2026-08-19 13:52:49send keng：-1, sheng ：4194304
decode keng：-1, sheng ：2097152
world keng：3, sheng ：1048576

2026-08-19 13:52:54.682 INFO [pool-6-thread-4][:] - /****************流量统计******************/
LastReadBytes:0
LastReadThroughput:0
LastWrittenBytes:0
LastWriteThroughput:0
RealWrittenBytes:0
RealWriteThroughput:0
当前玩家的连接数量:0
当前地图的线程个数：9
当前地图的个数:47
当前数据库执行队列数:0
当前发送队列缓存的对象数量:0
totalMemory：967311360, use ：636345456, free ：330965904DirectMemory：1827143680, 恢复 ：1
当前时间 ：2026-08-19 13:52:54send keng：-1, sheng ：4194304
decode keng：-1, sheng ：2097152
world keng：3, sheng ：1048576

2026-08-19 13:52:59.682 INFO [pool-6-thread-8][:] - /****************流量统计******************/
LastReadBytes:0
LastReadThroughput:0
LastWrittenBytes:0
LastWriteThroughput:0
RealWrittenBytes:0
RealWriteThroughput:0
当前玩家的连接数量:0
当前地图的线程个数：9
当前地图的个数:47
当前数据库执行队列数:0
当前发送队列缓存的对象数量:0
totalMemory：967311360, use ：641038008, free ：326273352DirectMemory：1827143680, 恢复 ：1
当前时间 ：2026-08-19 13:52:59send keng：-1, sheng ：4194304
decode keng：-1, sheng ：2097152
world keng：3, sheng ：1048576

2026-08-19 13:53:04.682 INFO [pool-6-thread-8][:] - /****************流量统计******************/
LastReadBytes:0
LastReadThroughput:0
LastWrittenBytes:0
LastWriteThroughput:0
RealWrittenBytes:0
RealWriteThroughput:0
当前玩家的连接数量:0
当前地图的线程个数：9
当前地图的个数:47
当前数据库执行队列数:0
当前发送队列缓存的对象数量:0
totalMemory：967311360, use ：645061328, free ：322250032DirectMemory：1827143680, 恢复 ：1
当前时间 ：2026-08-19 13:53:04send keng：-1, sheng ：4194304
decode keng：-1, sheng ：2097152
world keng：3, sheng ：1048576

2026-08-19 13:53:09.682 INFO [pool-6-thread-3][:] - /****************流量统计******************/
LastReadBytes:0
LastReadThroughput:0
LastWrittenBytes:0
LastWriteThroughput:0
RealWrittenBytes:0
RealWriteThroughput:0
当前玩家的连接数量:0
当前地图的线程个数：9
当前地图的个数:47
当前数据库执行队列数:0
当前发送队列缓存的对象数量:0
totalMemory：967311360, use ：648542840, free ：318768520DirectMemory：1827143680, 恢复 ：1
当前时间 ：2026-08-19 13:53:09send keng：-1, sheng ：4194304
decode keng：-1, sheng ：2097152
world keng：3, sheng ：1048576

2026-08-19 13:53:14.682 INFO [pool-6-thread-3][:] - /****************流量统计******************/
LastReadBytes:0
LastReadThroughput:0
LastWrittenBytes:0
LastWriteThroughput:0
RealWrittenBytes:0
RealWriteThroughput:0
当前玩家的连接数量:0
当前地图的线程个数：9
当前地图的个数:47
当前数据库执行队列数:0
当前发送队列缓存的对象数量:0
totalMemory：967311360, use ：652485040, free ：314826320DirectMemory：1827143680, 恢复 ：1
当前时间 ：2026-08-19 13:53:14send keng：-1, sheng ：4194304
decode keng：-1, sheng ：2097152
world keng：3, sheng ：1048576

2026-08-19 13:53:19.685 INFO [pool-6-thread-10][:] - /****************流量统计******************/
LastReadBytes:0
LastReadThroughput:0
LastWrittenBytes:0
LastWriteThroughput:0
RealWrittenBytes:0
RealWriteThroughput:0
当前玩家的连接数量:0
当前地图的线程个数：9
当前地图的个数:47
当前数据库执行队列数:0
当前发送队列缓存的对象数量:0
totalMemory：967311360, use ：655186696, free ：312124664DirectMemory：1827143680, 恢复 ：1
当前时间 ：2026-08-19 13:53:19send keng：-1, sheng ：4194304
decode keng：-1, sheng ：2097152
world keng：3, sheng ：1048576

2026-08-19 13:53:24.682 INFO [pool-6-thread-3][:] - /****************流量统计******************/
LastReadBytes:0
LastReadThroughput:0
LastWrittenBytes:0
LastWriteThroughput:0
RealWrittenBytes:0
RealWriteThroughput:0
当前玩家的连接数量:0
当前地图的线程个数：9
当前地图的个数:47
当前数据库执行队列数:0
当前发送队列缓存的对象数量:0
totalMemory：967311360, use ：660177680, free ：307133680DirectMemory：1827143680, 恢复 ：1
当前时间 ：2026-08-19 13:53:24send keng：-1, sheng ：4194304
decode keng：-1, sheng ：2097152
world keng：3, sheng ：1048576

2026-08-19 13:53:29.682 INFO [pool-6-thread-4][:] - /****************流量统计******************/
LastReadBytes:0
LastReadThroughput:0
LastWrittenBytes:0
LastWriteThroughput:0
RealWrittenBytes:0
RealWriteThroughput:0
当前玩家的连接数量:0
当前地图的线程个数：9
当前地图的个数:47
当前数据库执行队列数:0
当前发送队列缓存的对象数量:0
totalMemory：967311360, use ：662506296, free ：304805064DirectMemory：1827143680, 恢复 ：1
当前时间 ：2026-08-19 13:53:29send keng：-1, sheng ：4194304
decode keng：-1, sheng ：2097152
world keng：3, sheng ：1048576

2026-08-19 13:53:34.682 INFO [pool-6-thread-4][:] - /****************流量统计******************/
LastReadBytes:0
LastReadThroughput:0
LastWrittenBytes:0
LastWriteThroughput:0
RealWrittenBytes:0
RealWriteThroughput:0
当前玩家的连接数量:0
当前地图的线程个数：9
当前地图的个数:47
当前数据库执行队列数:0
当前发送队列缓存的对象数量:0
totalMemory：967311360, use ：667318152, free ：299993208DirectMemory：1827143680, 恢复 ：1
当前时间 ：2026-08-19 13:53:34send keng：-1, sheng ：4194304
decode keng：-1, sheng ：2097152
world keng：3, sheng ：1048576

2026-08-19 13:53:39.682 INFO [pool-6-thread-7][:] - /****************流量统计******************/
LastReadBytes:0
LastReadThroughput:0
LastWrittenBytes:0
LastWriteThroughput:0
RealWrittenBytes:0
RealWriteThroughput:0
当前玩家的连接数量:0
当前地图的线程个数：9
当前地图的个数:47
当前数据库执行队列数:0
当前发送队列缓存的对象数量:0
totalMemory：967311360, use ：669075032, free ：298236328DirectMemory：1827143680, 恢复 ：1
当前时间 ：2026-08-19 13:53:39send keng：-1, sheng ：4194304
decode keng：-1, sheng ：2097152
world keng：3, sheng ：1048576

2026-08-19 13:53:44.682 INFO [pool-6-thread-3][:] - /****************流量统计******************/
LastReadBytes:0
LastReadThroughput:0
LastWrittenBytes:0
LastWriteThroughput:0
RealWrittenBytes:0
RealWriteThroughput:0
当前玩家的连接数量:0
当前地图的线程个数：9
当前地图的个数:47
当前数据库执行队列数:0
当前发送队列缓存的对象数量:0
totalMemory：967311360, use ：673431840, free ：293879520DirectMemory：1827143680, 恢复 ：1
当前时间 ：2026-08-19 13:53:44send keng：-1, sheng ：4194304
decode keng：-1, sheng ：2097152
world keng：3, sheng ：1048576

2026-08-19 13:53:49.682 INFO [pool-6-thread-9][:] - /****************流量统计******************/
LastReadBytes:0
LastReadThroughput:0
LastWrittenBytes:0
LastWriteThroughput:0
RealWrittenBytes:0
RealWriteThroughput:0
当前玩家的连接数量:0
当前地图的线程个数：9
当前地图的个数:47
当前数据库执行队列数:0
当前发送队列缓存的对象数量:0
totalMemory：967311360, use ：676114072, free ：291197288DirectMemory：1827143680, 恢复 ：1
当前时间 ：2026-08-19 13:53:49send keng：-1, sheng ：4194304
decode keng：-1, sheng ：2097152
world keng：3, sheng ：1048576

2026-08-19 13:53:54.682 INFO [pool-6-thread-8][:] - /****************流量统计******************/
LastReadBytes:0
LastReadThroughput:0
LastWrittenBytes:0
LastWriteThroughput:0
RealWrittenBytes:0
RealWriteThroughput:0
当前玩家的连接数量:0
当前地图的线程个数：9
当前地图的个数:47
当前数据库执行队列数:0
当前发送队列缓存的对象数量:0
totalMemory：967311360, use ：680847944, free ：286463416DirectMemory：1827143680, 恢复 ：1
当前时间 ：2026-08-19 13:53:54send keng：-1, sheng ：4194304
decode keng：-1, sheng ：2097152
world keng：3, sheng ：1048576

2026-08-19 13:53:59.682 INFO [pool-6-thread-8][:] - /****************流量统计******************/
LastReadBytes:0
LastReadThroughput:0
LastWrittenBytes:0
LastWriteThroughput:0
RealWrittenBytes:0
RealWriteThroughput:0
当前玩家的连接数量:0
当前地图的线程个数：9
当前地图的个数:47
当前数据库执行队列数:0
当前发送队列缓存的对象数量:0
totalMemory：967311360, use ：683604600, free ：283706760DirectMemory：1827143680, 恢复 ：1
当前时间 ：2026-08-19 13:53:59send keng：-1, sheng ：4194304
decode keng：-1, sheng ：2097152
world keng：3, sheng ：1048576

2026-08-19 13:54:04.682 INFO [pool-6-thread-7][:] - /****************流量统计******************/
LastReadBytes:0
LastReadThroughput:0
LastWrittenBytes:0
LastWriteThroughput:0
RealWrittenBytes:0
RealWriteThroughput:0
当前玩家的连接数量:0
当前地图的线程个数：9
当前地图的个数:47
当前数据库执行队列数:0
当前发送队列缓存的对象数量:0
totalMemory：967311360, use ：687894480, free ：279416880DirectMemory：1827143680, 恢复 ：1
当前时间 ：2026-08-19 13:54:04send keng：-1, sheng ：4194304
decode keng：-1, sheng ：2097152
world keng：3, sheng ：1048576

2026-08-19 13:54:09.682 INFO [pool-6-thread-10][:] - /****************流量统计******************/
LastReadBytes:0
LastReadThroughput:0
LastWrittenBytes:0
LastWriteThroughput:0
RealWrittenBytes:0
RealWriteThroughput:0
当前玩家的连接数量:0
当前地图的线程个数：9
当前地图的个数:47
当前数据库执行队列数:0
当前发送队列缓存的对象数量:0
totalMemory：967311360, use ：692696456, free ：274614904DirectMemory：1827143680, 恢复 ：1
当前时间 ：2026-08-19 13:54:09send keng：-1, sheng ：4194304
decode keng：-1, sheng ：2097152
world keng：3, sheng ：1048576

2026-08-19 13:54:14.682 INFO [pool-6-thread-2][:] - /****************流量统计******************/
LastReadBytes:0
LastReadThroughput:0
LastWrittenBytes:0
LastWriteThroughput:0
RealWrittenBytes:0
RealWriteThroughput:0
当前玩家的连接数量:0
当前地图的线程个数：9
当前地图的个数:47
当前数据库执行队列数:0
当前发送队列缓存的对象数量:0
totalMemory：967311360, use ：694500248, free ：272811112DirectMemory：1827143680, 恢复 ：1
当前时间 ：2026-08-19 13:54:14send keng：-1, sheng ：4194304
decode keng：-1, sheng ：2097152
world keng：3, sheng ：1048576

2026-08-19 13:54:19.682 INFO [pool-6-thread-2][:] - /****************流量统计******************/
LastReadBytes:0
LastReadThroughput:0
LastWrittenBytes:0
LastWriteThroughput:0
RealWrittenBytes:0
RealWriteThroughput:0
当前玩家的连接数量:0
当前地图的线程个数：9
当前地图的个数:47
当前数据库执行队列数:0
当前发送队列缓存的对象数量:0
totalMemory：967311360, use ：699885192, free ：267426168DirectMemory：1827143680, 恢复 ：1
当前时间 ：2026-08-19 13:54:19send keng：-1, sheng ：4194304
decode keng：-1, sheng ：2097152
world keng：3, sheng ：1048576

2026-08-19 13:54:24.682 INFO [pool-6-thread-9][:] - /****************流量统计******************/
LastReadBytes:0
LastReadThroughput:0
LastWrittenBytes:0
LastWriteThroughput:0
RealWrittenBytes:0
RealWriteThroughput:0
当前玩家的连接数量:0
当前地图的线程个数：9
当前地图的个数:47
当前数据库执行队列数:0
当前发送队列缓存的对象数量:0
totalMemory：967311360, use ：701482912, free ：265828448DirectMemory：1827143680, 恢复 ：1
当前时间 ：2026-08-19 13:54:24send keng：-1, sheng ：4194304
decode keng：-1, sheng ：2097152
world keng：3, sheng ：1048576

2026-08-19 13:54:29.682 INFO [pool-6-thread-5][:] - /****************流量统计******************/
LastReadBytes:0
LastReadThroughput:0
LastWrittenBytes:0
LastWriteThroughput:0
RealWrittenBytes:0
RealWriteThroughput:0
当前玩家的连接数量:0
当前地图的线程个数：9
当前地图的个数:47
当前数据库执行队列数:0
当前发送队列缓存的对象数量:0
totalMemory：967311360, use ：706175176, free ：261136184DirectMemory：1827143680, 恢复 ：1
当前时间 ：2026-08-19 13:54:29send keng：-1, sheng ：4194304
decode keng：-1, sheng ：2097152
world keng：3, sheng ：1048576

2026-08-19 13:54:34.682 INFO [pool-6-thread-2][:] - /****************流量统计******************/
LastReadBytes:0
LastReadThroughput:0
LastWrittenBytes:0
LastWriteThroughput:0
RealWrittenBytes:0
RealWriteThroughput:0
当前玩家的连接数量:0
当前地图的线程个数：9
当前地图的个数:47
当前数据库执行队列数:0
当前发送队列缓存的对象数量:0
totalMemory：967311360, use ：709337880, free ：257973480DirectMemory：1827143680, 恢复 ：1
当前时间 ：2026-08-19 13:54:34send keng：-1, sheng ：4194304
decode keng：-1, sheng ：2097152
world keng：3, sheng ：1048576

2026-08-19 13:54:39.682 INFO [pool-6-thread-7][:] - /****************流量统计******************/
LastReadBytes:0
LastReadThroughput:0
LastWrittenBytes:0
LastWriteThroughput:0
RealWrittenBytes:0
RealWriteThroughput:0
当前玩家的连接数量:0
当前地图的线程个数：9
当前地图的个数:47
当前数据库执行队列数:0
当前发送队列缓存的对象数量:0
totalMemory：967311360, use ：713742392, free ：253568968DirectMemory：1827143680, 恢复 ：1
当前时间 ：2026-08-19 13:54:39send keng：-1, sheng ：4194304
decode keng：-1, sheng ：2097152
world keng：3, sheng ：1048576

2026-08-19 13:54:44.682 INFO [pool-6-thread-7][:] - /****************流量统计******************/
LastReadBytes:0
LastReadThroughput:0
LastWrittenBytes:0
LastWriteThroughput:0
RealWrittenBytes:0
RealWriteThroughput:0
当前玩家的连接数量:0
当前地图的线程个数：9
当前地图的个数:47
当前数据库执行队列数:0
当前发送队列缓存的对象数量:0
totalMemory：967311360, use ：715557640, free ：251753720DirectMemory：1827143680, 恢复 ：1
当前时间 ：2026-08-19 13:54:44send keng：-1, sheng ：4194304
decode keng：-1, sheng ：2097152
world keng：3, sheng ：1048576

2026-08-19 13:54:49.682 INFO [pool-6-thread-1][:] - /****************流量统计******************/
LastReadBytes:0
LastReadThroughput:0
LastWrittenBytes:0
LastWriteThroughput:0
RealWrittenBytes:0
RealWriteThroughput:0
当前玩家的连接数量:0
当前地图的线程个数：9
当前地图的个数:47
当前数据库执行队列数:0
当前发送队列缓存的对象数量:0
totalMemory：967311360, use ：719787400, free ：247523960DirectMemory：1827143680, 恢复 ：1
当前时间 ：2026-08-19 13:54:49send keng：-1, sheng ：4194304
decode keng：-1, sheng ：2097152
world keng：3, sheng ：1048576

2026-08-19 13:54:54.683 INFO [pool-6-thread-9][:] - /****************流量统计******************/
LastReadBytes:0
LastReadThroughput:0
LastWrittenBytes:0
LastWriteThroughput:0
RealWrittenBytes:0
RealWriteThroughput:0
当前玩家的连接数量:0
当前地图的线程个数：9
当前地图的个数:47
当前数据库执行队列数:0
当前发送队列缓存的对象数量:0
totalMemory：967311360, use ：722751936, free ：244559424DirectMemory：1827143680, 恢复 ：1
当前时间 ：2026-08-19 13:54:54send keng：-1, sheng ：4194304
decode keng：-1, sheng ：2097152
world keng：3, sheng ：1048576

2026-08-19 13:54:59.682 INFO [pool-6-thread-5][:] - /****************流量统计******************/
LastReadBytes:0
LastReadThroughput:0
LastWrittenBytes:0
LastWriteThroughput:0
RealWrittenBytes:0
RealWriteThroughput:0
当前玩家的连接数量:0
当前地图的线程个数：9
当前地图的个数:47
当前数据库执行队列数:0
当前发送队列缓存的对象数量:0
totalMemory：967311360, use ：399601480, free ：567709880DirectMemory：1827143680, 恢复 ：1
当前时间 ：2026-08-19 13:54:59send keng：-1, sheng ：4194304
decode keng：-1, sheng ：2097152
world keng：3, sheng ：1048576

2026-08-19 13:55:04.682 INFO [pool-6-thread-7][:] - /****************流量统计******************/
LastReadBytes:0
LastReadThroughput:0
LastWrittenBytes:0
LastWriteThroughput:0
RealWrittenBytes:0
RealWriteThroughput:0
当前玩家的连接数量:0
当前地图的线程个数：9
当前地图的个数:47
当前数据库执行队列数:0
当前发送队列缓存的对象数量:0
totalMemory：967311360, use ：403586320, free ：563725040DirectMemory：1827143680, 恢复 ：1
当前时间 ：2026-08-19 13:55:04send keng：-1, sheng ：4194304
decode keng：-1, sheng ：2097152
world keng：3, sheng ：1048576

2026-08-19 13:55:09.682 INFO [pool-6-thread-5][:] - /****************流量统计******************/
LastReadBytes:0
LastReadThroughput:0
LastWrittenBytes:0
LastWriteThroughput:0
RealWrittenBytes:0
RealWriteThroughput:0
当前玩家的连接数量:0
当前地图的线程个数：9
当前地图的个数:47
当前数据库执行队列数:0
当前发送队列缓存的对象数量:0
totalMemory：967311360, use ：406700936, free ：560610424DirectMemory：1827143680, 恢复 ：1
当前时间 ：2026-08-19 13:55:09send keng：-1, sheng ：4194304
decode keng：-1, sheng ：2097152
world keng：3, sheng ：1048576

2026-08-19 13:55:14.682 INFO [pool-6-thread-9][:] - /****************流量统计******************/
LastReadBytes:0
LastReadThroughput:0
LastWrittenBytes:0
LastWriteThroughput:0
RealWrittenBytes:0
RealWriteThroughput:0
当前玩家的连接数量:0
当前地图的线程个数：9
当前地图的个数:47
当前数据库执行队列数:0
当前发送队列缓存的对象数量:0
totalMemory：967311360, use ：410618272, free ：556693088DirectMemory：1827143680, 恢复 ：1
当前时间 ：2026-08-19 13:55:14send keng：-1, sheng ：4194304
decode keng：-1, sheng ：2097152
world keng：3, sheng ：1048576

2026-08-19 13:55:19.682 INFO [pool-6-thread-10][:] - /****************流量统计******************/
LastReadBytes:0
LastReadThroughput:0
LastWrittenBytes:0
LastWriteThroughput:0
RealWrittenBytes:0
RealWriteThroughput:0
当前玩家的连接数量:0
当前地图的线程个数：9
当前地图的个数:47
当前数据库执行队列数:0
当前发送队列缓存的对象数量:0
totalMemory：967311360, use ：413665512, free ：553645848DirectMemory：1827143680, 恢复 ：1
当前时间 ：2026-08-19 13:55:19send keng：-1, sheng ：4194304
decode keng：-1, sheng ：2097152
world keng：3, sheng ：1048576

2026-08-19 13:55:24.682 INFO [pool-6-thread-2][:] - /****************流量统计******************/
LastReadBytes:0
LastReadThroughput:0
LastWrittenBytes:0
LastWriteThroughput:0
RealWrittenBytes:0
RealWriteThroughput:0
当前玩家的连接数量:0
当前地图的线程个数：9
当前地图的个数:47
当前数据库执行队列数:0
当前发送队列缓存的对象数量:0
totalMemory：967311360, use ：418488152, free ：548823208DirectMemory：1827143680, 恢复 ：1
当前时间 ：2026-08-19 13:55:24send keng：-1, sheng ：4194304
decode keng：-1, sheng ：2097152
world keng：3, sheng ：1048576

2026-08-19 13:55:29.682 INFO [pool-6-thread-8][:] - /****************流量统计******************/
LastReadBytes:0
LastReadThroughput:0
LastWrittenBytes:0
LastWriteThroughput:0
RealWrittenBytes:0
RealWriteThroughput:0
当前玩家的连接数量:0
当前地图的线程个数：9
当前地图的个数:47
当前数据库执行队列数:0
当前发送队列缓存的对象数量:0
totalMemory：967311360, use ：420622392, free ：546688968DirectMemory：1827143680, 恢复 ：1
当前时间 ：2026-08-19 13:55:29send keng：-1, sheng ：4194304
decode keng：-1, sheng ：2097152
world keng：3, sheng ：1048576

2026-08-19 13:55:34.682 INFO [pool-6-thread-4][:] - /****************流量统计******************/
LastReadBytes:0
LastReadThroughput:0
LastWrittenBytes:0
LastWriteThroughput:0
RealWrittenBytes:0
RealWriteThroughput:0
当前玩家的连接数量:0
当前地图的线程个数：9
当前地图的个数:47
当前数据库执行队列数:0
当前发送队列缓存的对象数量:0
totalMemory：967311360, use ：425461216, free ：541850144DirectMemory：1827143680, 恢复 ：1
当前时间 ：2026-08-19 13:55:34send keng：-1, sheng ：4194304
decode keng：-1, sheng ：2097152
world keng：3, sheng ：1048576

2026-08-19 13:55:39.682 INFO [pool-6-thread-2][:] - /****************流量统计******************/
LastReadBytes:0
LastReadThroughput:0
LastWrittenBytes:0
LastWriteThroughput:0
RealWrittenBytes:0
RealWriteThroughput:0
当前玩家的连接数量:0
当前地图的线程个数：9
当前地图的个数:47
当前数据库执行队列数:0
当前发送队列缓存的对象数量:0
totalMemory：967311360, use ：427178832, free ：540132528DirectMemory：1827143680, 恢复 ：1
当前时间 ：2026-08-19 13:55:39send keng：-1, sheng ：4194304
decode keng：-1, sheng ：2097152
world keng：3, sheng ：1048576

2026-08-19 13:55:44.682 INFO [pool-6-thread-2][:] - /****************流量统计******************/
LastReadBytes:0
LastReadThroughput:0
LastWrittenBytes:0
LastWriteThroughput:0
RealWrittenBytes:0
RealWriteThroughput:0
当前玩家的连接数量:0
当前地图的线程个数：9
当前地图的个数:47
当前数据库执行队列数:0
当前发送队列缓存的对象数量:0
totalMemory：967311360, use ：431990056, free ：535321304DirectMemory：1827143680, 恢复 ：1
当前时间 ：2026-08-19 13:55:44send keng：-1, sheng ：4194304
decode keng：-1, sheng ：2097152
world keng：3, sheng ：1048576

2026-08-19 13:55:49.682 INFO [pool-6-thread-4][:] - /****************流量统计******************/
LastReadBytes:0
LastReadThroughput:0
LastWrittenBytes:0
LastWriteThroughput:0
RealWrittenBytes:0
RealWriteThroughput:0
当前玩家的连接数量:0
当前地图的线程个数：9
当前地图的个数:47
当前数据库执行队列数:0
当前发送队列缓存的对象数量:0
totalMemory：967311360, use ：433745960, free ：533565400DirectMemory：1827143680, 恢复 ：1
当前时间 ：2026-08-19 13:55:49send keng：-1, sheng ：4194304
decode keng：-1, sheng ：2097152
world keng：3, sheng ：1048576

2026-08-19 13:55:54.682 INFO [pool-6-thread-7][:] - /****************流量统计******************/
LastReadBytes:0
LastReadThroughput:0
LastWrittenBytes:0
LastWriteThroughput:0
RealWrittenBytes:0
RealWriteThroughput:0
当前玩家的连接数量:0
当前地图的线程个数：9
当前地图的个数:47
当前数据库执行队列数:0
当前发送队列缓存的对象数量:0
totalMemory：967311360, use ：438960424, free ：528350936DirectMemory：1827143680, 恢复 ：1
当前时间 ：2026-08-19 13:55:54send keng：-1, sheng ：4194304
decode keng：-1, sheng ：2097152
world keng：3, sheng ：1048576

2026-08-19 13:55:59.682 INFO [pool-6-thread-5][:] - /****************流量统计******************/
LastReadBytes:0
LastReadThroughput:0
LastWrittenBytes:0
LastWriteThroughput:0
RealWrittenBytes:0
RealWriteThroughput:0
当前玩家的连接数量:0
当前地图的线程个数：9
当前地图的个数:47
当前数据库执行队列数:0
当前发送队列缓存的对象数量:0
totalMemory：967311360, use ：441960344, free ：525351016DirectMemory：1827143680, 恢复 ：1
当前时间 ：2026-08-19 13:55:59send keng：-1, sheng ：4194304
decode keng：-1, sheng ：2097152
world keng：3, sheng ：1048576

2026-08-19 13:56:04.682 INFO [pool-6-thread-2][:] - /****************流量统计******************/
LastReadBytes:0
LastReadThroughput:0
LastWrittenBytes:0
LastWriteThroughput:0
RealWrittenBytes:0
RealWriteThroughput:0
当前玩家的连接数量:0
当前地图的线程个数：9
当前地图的个数:47
当前数据库执行队列数:0
当前发送队列缓存的对象数量:0
totalMemory：967311360, use ：445631152, free ：521680208DirectMemory：1827143680, 恢复 ：1
当前时间 ：2026-08-19 13:56:04send keng：-1, sheng ：4194304
decode keng：-1, sheng ：2097152
world keng：3, sheng ：1048576

2026-08-19 13:56:09.682 INFO [pool-6-thread-1][:] - /****************流量统计******************/
LastReadBytes:0
LastReadThroughput:0
LastWrittenBytes:0
LastWriteThroughput:0
RealWrittenBytes:0
RealWriteThroughput:0
当前玩家的连接数量:0
当前地图的线程个数：9
当前地图的个数:47
当前数据库执行队列数:0
当前发送队列缓存的对象数量:0
totalMemory：967311360, use ：450399240, free ：516912120DirectMemory：1827143680, 恢复 ：1
当前时间 ：2026-08-19 13:56:09send keng：-1, sheng ：4194304
decode keng：-1, sheng ：2097152
world keng：3, sheng ：1048576

2026-08-19 13:56:14.682 INFO [pool-6-thread-4][:] - /****************流量统计******************/
LastReadBytes:0
LastReadThroughput:0
LastWrittenBytes:0
LastWriteThroughput:0
RealWrittenBytes:0
RealWriteThroughput:0
当前玩家的连接数量:0
当前地图的线程个数：9
当前地图的个数:47
当前数据库执行队列数:0
当前发送队列缓存的对象数量:0
totalMemory：967311360, use ：453042416, free ：514268944DirectMemory：1827143680, 恢复 ：1
当前时间 ：2026-08-19 13:56:14send keng：-1, sheng ：4194304
decode keng：-1, sheng ：2097152
world keng：3, sheng ：1048576

2026-08-19 13:56:19.682 INFO [pool-6-thread-8][:] - /****************流量统计******************/
LastReadBytes:0
LastReadThroughput:0
LastWrittenBytes:0
LastWriteThroughput:0
RealWrittenBytes:0
RealWriteThroughput:0
当前玩家的连接数量:0
当前地图的线程个数：9
当前地图的个数:47
当前数据库执行队列数:0
当前发送队列缓存的对象数量:0
totalMemory：967311360, use ：457842848, free ：509468512DirectMemory：1827143680, 恢复 ：1
当前时间 ：2026-08-19 13:56:19send keng：-1, sheng ：4194304
decode keng：-1, sheng ：2097152
world keng：3, sheng ：1048576

2026-08-19 13:56:24.682 INFO [pool-6-thread-9][:] - /****************流量统计******************/
LastReadBytes:0
LastReadThroughput:0
LastWrittenBytes:0
LastWriteThroughput:0
RealWrittenBytes:0
RealWriteThroughput:0
当前玩家的连接数量:0
当前地图的线程个数：9
当前地图的个数:47
当前数据库执行队列数:0
当前发送队列缓存的对象数量:0
totalMemory：967311360, use ：459585696, free ：507725664DirectMemory：1827143680, 恢复 ：1
当前时间 ：2026-08-19 13:56:24send keng：-1, sheng ：4194304
decode keng：-1, sheng ：2097152
world keng：3, sheng ：1048576

2026-08-19 13:56:29.682 INFO [pool-6-thread-8][:] - /****************流量统计******************/
LastReadBytes:0
LastReadThroughput:0
LastWrittenBytes:0
LastWriteThroughput:0
RealWrittenBytes:0
RealWriteThroughput:0
当前玩家的连接数量:0
当前地图的线程个数：9
当前地图的个数:47
当前数据库执行队列数:0
当前发送队列缓存的对象数量:0
totalMemory：967311360, use ：463997912, free ：503313448DirectMemory：1827143680, 恢复 ：1
当前时间 ：2026-08-19 13:56:29send keng：-1, sheng ：4194304
decode keng：-1, sheng ：2097152
world keng：3, sheng ：1048576

2026-08-19 13:56:34.682 INFO [pool-6-thread-3][:] - /****************流量统计******************/
LastReadBytes:0
LastReadThroughput:0
LastWrittenBytes:0
LastWriteThroughput:0
RealWrittenBytes:0
RealWriteThroughput:0
当前玩家的连接数量:0
当前地图的线程个数：9
当前地图的个数:47
当前数据库执行队列数:0
当前发送队列缓存的对象数量:0
totalMemory：967311360, use ：466997728, free ：500313632DirectMemory：1827143680, 恢复 ：1
当前时间 ：2026-08-19 13:56:34send keng：-1, sheng ：4194304
decode keng：-1, sheng ：2097152
world keng：3, sheng ：1048576

2026-08-19 13:56:39.682 INFO [pool-6-thread-10][:] - /****************流量统计******************/
LastReadBytes:0
LastReadThroughput:0
LastWrittenBytes:0
LastWriteThroughput:0
RealWrittenBytes:0
RealWriteThroughput:0
当前玩家的连接数量:0
当前地图的线程个数：9
当前地图的个数:47
当前数据库执行队列数:0
当前发送队列缓存的对象数量:0
totalMemory：967311360, use ：471388096, free ：495923264DirectMemory：1827143680, 恢复 ：1
当前时间 ：2026-08-19 13:56:39send keng：-1, sheng ：4194304
decode keng：-1, sheng ：2097152
world keng：3, sheng ：1048576

2026-08-19 13:56:44.682 INFO [pool-6-thread-10][:] - /****************流量统计******************/
LastReadBytes:0
LastReadThroughput:0
LastWrittenBytes:0
LastWriteThroughput:0
RealWrittenBytes:0
RealWriteThroughput:0
当前玩家的连接数量:0
当前地图的线程个数：9
当前地图的个数:47
当前数据库执行队列数:0
当前发送队列缓存的对象数量:0
totalMemory：967311360, use ：473550048, free ：493761312DirectMemory：1827143680, 恢复 ：1
当前时间 ：2026-08-19 13:56:44send keng：-1, sheng ：4194304
decode keng：-1, sheng ：2097152
world keng：3, sheng ：1048576

2026-08-19 13:56:49.682 INFO [pool-6-thread-3][:] - /****************流量统计******************/
LastReadBytes:0
LastReadThroughput:0
LastWrittenBytes:0
LastWriteThroughput:0
RealWrittenBytes:0
RealWriteThroughput:0
当前玩家的连接数量:0
当前地图的线程个数：9
当前地图的个数:47
当前数据库执行队列数:0
当前发送队列缓存的对象数量:0
totalMemory：967311360, use ：478363928, free ：488947432DirectMemory：1827143680, 恢复 ：1
当前时间 ：2026-08-19 13:56:49send keng：-1, sheng ：4194304
decode keng：-1, sheng ：2097152
world keng：3, sheng ：1048576

2026-08-19 13:56:54.682 INFO [pool-6-thread-4][:] - /****************流量统计******************/
LastReadBytes:0
LastReadThroughput:0
LastWrittenBytes:0
LastWriteThroughput:0
RealWrittenBytes:0
RealWriteThroughput:0
当前玩家的连接数量:0
当前地图的线程个数：9
当前地图的个数:47
当前数据库执行队列数:0
当前发送队列缓存的对象数量:0
totalMemory：967311360, use ：480871736, free ：486439624DirectMemory：1827143680, 恢复 ：1
当前时间 ：2026-08-19 13:56:54send keng：-1, sheng ：4194304
decode keng：-1, sheng ：2097152
world keng：3, sheng ：1048576

2026-08-19 13:56:59.682 INFO [pool-6-thread-2][:] - /****************流量统计******************/
LastReadBytes:0
LastReadThroughput:0
LastWrittenBytes:0
LastWriteThroughput:0
RealWrittenBytes:0
RealWriteThroughput:0
当前玩家的连接数量:0
当前地图的线程个数：9
当前地图的个数:47
当前数据库执行队列数:0
当前发送队列缓存的对象数量:0
totalMemory：967311360, use ：485347032, free ：481964328DirectMemory：1827143680, 恢复 ：1
当前时间 ：2026-08-19 13:56:59send keng：-1, sheng ：4194304
decode keng：-1, sheng ：2097152
world keng：3, sheng ：1048576

2026-08-19 13:57:04.683 INFO [pool-6-thread-4][:] - /****************流量统计******************/
LastReadBytes:0
LastReadThroughput:0
LastWrittenBytes:0
LastWriteThroughput:0
RealWrittenBytes:0
RealWriteThroughput:0
当前玩家的连接数量:0
当前地图的线程个数：9
当前地图的个数:47
当前数据库执行队列数:0
当前发送队列缓存的对象数量:0
totalMemory：967311360, use ：489534720, free ：477776640DirectMemory：1827143680, 恢复 ：1
当前时间 ：2026-08-19 13:57:04send keng：-1, sheng ：4194304
decode keng：-1, sheng ：2097152
world keng：3, sheng ：1048576

2026-08-19 13:57:09.682 INFO [pool-6-thread-10][:] - /****************流量统计******************/
LastReadBytes:0
LastReadThroughput:0
LastWrittenBytes:0
LastWriteThroughput:0
RealWrittenBytes:0
RealWriteThroughput:0
当前玩家的连接数量:0
当前地图的线程个数：9
当前地图的个数:47
当前数据库执行队列数:0
当前发送队列缓存的对象数量:0
totalMemory：967311360, use ：492015592, free ：475295768DirectMemory：1827143680, 恢复 ：1
当前时间 ：2026-08-19 13:57:09send keng：-1, sheng ：4194304
decode keng：-1, sheng ：2097152
world keng：3, sheng ：1048576

2026-08-19 13:57:14.682 INFO [pool-6-thread-6][:] - /****************流量统计******************/
LastReadBytes:0
LastReadThroughput:0
LastWrittenBytes:0
LastWriteThroughput:0
RealWrittenBytes:0
RealWriteThroughput:0
当前玩家的连接数量:0
当前地图的线程个数：9
当前地图的个数:47
当前数据库执行队列数:0
当前发送队列缓存的对象数量:0
totalMemory：967311360, use ：497247520, free ：470063840DirectMemory：1827143680, 恢复 ：1
当前时间 ：2026-08-19 13:57:14send keng：-1, sheng ：4194304
decode keng：-1, sheng ：2097152
world keng：3, sheng ：1048576

2026-08-19 13:57:19.682 INFO [pool-6-thread-6][:] - /****************流量统计******************/
LastReadBytes:0
LastReadThroughput:0
LastWrittenBytes:0
LastWriteThroughput:0
RealWrittenBytes:0
RealWriteThroughput:0
当前玩家的连接数量:0
当前地图的线程个数：9
当前地图的个数:47
当前数据库执行队列数:0
当前发送队列缓存的对象数量:0
totalMemory：967311360, use ：499036384, free ：468274976DirectMemory：1827143680, 恢复 ：1
当前时间 ：2026-08-19 13:57:19send keng：-1, sheng ：4194304
decode keng：-1, sheng ：2097152
world keng：3, sheng ：1048576

2026-08-19 13:57:24.682 INFO [pool-6-thread-6][:] - /****************流量统计******************/
LastReadBytes:0
LastReadThroughput:0
LastWrittenBytes:0
LastWriteThroughput:0
RealWrittenBytes:0
RealWriteThroughput:0
当前玩家的连接数量:0
当前地图的线程个数：9
当前地图的个数:47
当前数据库执行队列数:0
当前发送队列缓存的对象数量:0
totalMemory：967311360, use ：503399320, free ：463912040DirectMemory：1827143680, 恢复 ：1
当前时间 ：2026-08-19 13:57:24send keng：-1, sheng ：4194304
decode keng：-1, sheng ：2097152
world keng：3, sheng ：1048576

2026-08-19 13:57:29.682 INFO [pool-6-thread-8][:] - /****************流量统计******************/
LastReadBytes:0
LastReadThroughput:0
LastWrittenBytes:0
LastWriteThroughput:0
RealWrittenBytes:0
RealWriteThroughput:0
当前玩家的连接数量:0
当前地图的线程个数：9
当前地图的个数:47
当前数据库执行队列数:0
当前发送队列缓存的对象数量:0
totalMemory：967311360, use ：505964464, free ：461346896DirectMemory：1827143680, 恢复 ：1
当前时间 ：2026-08-19 13:57:29send keng：-1, sheng ：4194304
decode keng：-1, sheng ：2097152
world keng：3, sheng ：1048576

2026-08-19 13:57:34.682 INFO [pool-6-thread-5][:] - /****************流量统计******************/
LastReadBytes:0
LastReadThroughput:0
LastWrittenBytes:0
LastWriteThroughput:0
RealWrittenBytes:0
RealWriteThroughput:0
当前玩家的连接数量:0
当前地图的线程个数：9
当前地图的个数:47
当前数据库执行队列数:0
当前发送队列缓存的对象数量:0
totalMemory：967311360, use ：511669720, free ：455641640DirectMemory：1827143680, 恢复 ：1
当前时间 ：2026-08-19 13:57:34send keng：-1, sheng ：4194304
decode keng：-1, sheng ：2097152
world keng：3, sheng ：1048576

2026-08-19 13:57:39.682 INFO [pool-6-thread-6][:] - /****************流量统计******************/
LastReadBytes:0
LastReadThroughput:0
LastWrittenBytes:0
LastWriteThroughput:0
RealWrittenBytes:0
RealWriteThroughput:0
当前玩家的连接数量:0
当前地图的线程个数：9
当前地图的个数:47
当前数据库执行队列数:0
当前发送队列缓存的对象数量:0
totalMemory：967311360, use ：513412632, free ：453898728DirectMemory：1827143680, 恢复 ：1
当前时间 ：2026-08-19 13:57:39send keng：-1, sheng ：4194304
decode keng：-1, sheng ：2097152
world keng：3, sheng ：1048576

2026-08-19 13:57:44.682 INFO [pool-6-thread-1][:] - /****************流量统计******************/
LastReadBytes:0
LastReadThroughput:0
LastWrittenBytes:0
LastWriteThroughput:0
RealWrittenBytes:0
RealWriteThroughput:0
当前玩家的连接数量:0
当前地图的线程个数：9
当前地图的个数:47
当前数据库执行队列数:0
当前发送队列缓存的对象数量:0
totalMemory：967311360, use ：518607232, free ：448704128DirectMemory：1827143680, 恢复 ：1
当前时间 ：2026-08-19 13:57:44send keng：-1, sheng ：4194304
decode keng：-1, sheng ：2097152
world keng：3, sheng ：1048576

2026-08-19 13:57:49.682 INFO [pool-6-thread-8][:] - /****************流量统计******************/
LastReadBytes:0
LastReadThroughput:0
LastWrittenBytes:0
LastWriteThroughput:0
RealWrittenBytes:0
RealWriteThroughput:0
当前玩家的连接数量:0
当前地图的线程个数：9
当前地图的个数:47
当前数据库执行队列数:0
当前发送队列缓存的对象数量:0
totalMemory：967311360, use ：519305672, free ：448005688DirectMemory：1827143680, 恢复 ：1
当前时间 ：2026-08-19 13:57:49send keng：-1, sheng ：4194304
decode keng：-1, sheng ：2097152
world keng：3, sheng ：1048576

2026-08-19 13:57:54.682 INFO [pool-6-thread-9][:] - /****************流量统计******************/
LastReadBytes:0
LastReadThroughput:0
LastWrittenBytes:0
LastWriteThroughput:0
RealWrittenBytes:0
RealWriteThroughput:0
当前玩家的连接数量:0
当前地图的线程个数：9
当前地图的个数:47
当前数据库执行队列数:0
当前发送队列缓存的对象数量:0
totalMemory：967311360, use ：525161456, free ：442149904DirectMemory：1827143680, 恢复 ：1
当前时间 ：2026-08-19 13:57:54send keng：-1, sheng ：4194304
decode keng：-1, sheng ：2097152
world keng：3, sheng ：1048576

2026-08-19 13:57:59.682 INFO [pool-6-thread-5][:] - /****************流量统计******************/
LastReadBytes:0
LastReadThroughput:0
LastWrittenBytes:0
LastWriteThroughput:0
RealWrittenBytes:0
RealWriteThroughput:0
当前玩家的连接数量:0
当前地图的线程个数：9
当前地图的个数:47
当前数据库执行队列数:0
当前发送队列缓存的对象数量:0
totalMemory：967311360, use ：527470176, free ：439841184DirectMemory：1827143680, 恢复 ：1
当前时间 ：2026-08-19 13:57:59send keng：-1, sheng ：4194304
decode keng：-1, sheng ：2097152
world keng：3, sheng ：1048576

2026-08-19 13:58:04.682 INFO [pool-6-thread-3][:] - /****************流量统计******************/
LastReadBytes:0
LastReadThroughput:0
LastWrittenBytes:0
LastWriteThroughput:0
RealWrittenBytes:0
RealWriteThroughput:0
当前玩家的连接数量:0
当前地图的线程个数：9
当前地图的个数:47
当前数据库执行队列数:0
当前发送队列缓存的对象数量:0
totalMemory：967311360, use ：531817640, free ：435493720DirectMemory：1827143680, 恢复 ：1
当前时间 ：2026-08-19 13:58:04send keng：-1, sheng ：4194304
decode keng：-1, sheng ：2097152
world keng：3, sheng ：1048576

2026-08-19 13:58:09.682 INFO [pool-6-thread-1][:] - /****************流量统计******************/
LastReadBytes:0
LastReadThroughput:0
LastWrittenBytes:0
LastWriteThroughput:0
RealWrittenBytes:0
RealWriteThroughput:0
当前玩家的连接数量:0
当前地图的线程个数：9
当前地图的个数:47
当前数据库执行队列数:0
当前发送队列缓存的对象数量:0
totalMemory：967311360, use ：535171592, free ：432139768DirectMemory：1827143680, 恢复 ：1
当前时间 ：2026-08-19 13:58:09send keng：-1, sheng ：4194304
decode keng：-1, sheng ：2097152
world keng：3, sheng ：1048576

2026-08-19 13:58:14.682 INFO [pool-6-thread-6][:] - /****************流量统计******************/
LastReadBytes:0
LastReadThroughput:0
LastWrittenBytes:0
LastWriteThroughput:0
RealWrittenBytes:0
RealWriteThroughput:0
当前玩家的连接数量:0
当前地图的线程个数：9
当前地图的个数:47
当前数据库执行队列数:0
当前发送队列缓存的对象数量:0
totalMemory：967311360, use ：538809936, free ：428501424DirectMemory：1827143680, 恢复 ：1
当前时间 ：2026-08-19 13:58:14send keng：-1, sheng ：4194304
decode keng：-1, sheng ：2097152
world keng：3, sheng ：1048576

2026-08-19 13:58:19.682 INFO [pool-6-thread-2][:] - /****************流量统计******************/
LastReadBytes:0
LastReadThroughput:0
LastWrittenBytes:0
LastWriteThroughput:0
RealWrittenBytes:0
RealWriteThroughput:0
当前玩家的连接数量:0
当前地图的线程个数：9
当前地图的个数:47
当前数据库执行队列数:0
当前发送队列缓存的对象数量:0
totalMemory：967311360, use ：543194440, free ：424116920DirectMemory：1827143680, 恢复 ：1
当前时间 ：2026-08-19 13:58:19send keng：-1, sheng ：4194304
decode keng：-1, sheng ：2097152
world keng：3, sheng ：1048576

2026-08-19 13:58:24.682 INFO [pool-6-thread-7][:] - /****************流量统计******************/
LastReadBytes:0
LastReadThroughput:0
LastWrittenBytes:0
LastWriteThroughput:0
RealWrittenBytes:0
RealWriteThroughput:0
当前玩家的连接数量:0
当前地图的线程个数：9
当前地图的个数:47
当前数据库执行队列数:0
当前发送队列缓存的对象数量:0
totalMemory：967311360, use ：545357328, free ：421954032DirectMemory：1827143680, 恢复 ：1
当前时间 ：2026-08-19 13:58:24send keng：-1, sheng ：4194304
decode keng：-1, sheng ：2097152
world keng：3, sheng ：1048576

2026-08-19 13:58:29.682 INFO [pool-6-thread-1][:] - /****************流量统计******************/
LastReadBytes:0
LastReadThroughput:0
LastWrittenBytes:0
LastWriteThroughput:0
RealWrittenBytes:0
RealWriteThroughput:0
当前玩家的连接数量:0
当前地图的线程个数：9
当前地图的个数:47
当前数据库执行队列数:0
当前发送队列缓存的对象数量:0
totalMemory：967311360, use ：550175032, free ：417136328DirectMemory：1827143680, 恢复 ：1
当前时间 ：2026-08-19 13:58:29send keng：-1, sheng ：4194304
decode keng：-1, sheng ：2097152
world keng：3, sheng ：1048576

2026-08-19 13:58:34.682 INFO [pool-6-thread-1][:] - /****************流量统计******************/
LastReadBytes:0
LastReadThroughput:0
LastWrittenBytes:0
LastWriteThroughput:0
RealWrittenBytes:0
RealWriteThroughput:0
当前玩家的连接数量:0
当前地图的线程个数：9
当前地图的个数:47
当前数据库执行队列数:0
当前发送队列缓存的对象数量:0
totalMemory：967311360, use ：552355904, free ：414955456DirectMemory：1827143680, 恢复 ：1
当前时间 ：2026-08-19 13:58:34send keng：-1, sheng ：4194304
decode keng：-1, sheng ：2097152
world keng：3, sheng ：1048576

2026-08-19 13:58:39.682 INFO [pool-6-thread-3][:] - /****************流量统计******************/
LastReadBytes:0
LastReadThroughput:0
LastWrittenBytes:0
LastWriteThroughput:0
RealWrittenBytes:0
RealWriteThroughput:0
当前玩家的连接数量:0
当前地图的线程个数：9
当前地图的个数:47
当前数据库执行队列数:0
当前发送队列缓存的对象数量:0
totalMemory：967311360, use ：557176536, free ：410134824DirectMemory：1827143680, 恢复 ：1
当前时间 ：2026-08-19 13:58:39send keng：-1, sheng ：4194304
decode keng：-1, sheng ：2097152
world keng：3, sheng ：1048576

2026-08-19 13:58:44.682 INFO [pool-6-thread-4][:] - /****************流量统计******************/
LastReadBytes:0
LastReadThroughput:0
LastWrittenBytes:0
LastWriteThroughput:0
RealWrittenBytes:0
RealWriteThroughput:0
当前玩家的连接数量:0
当前地图的线程个数：9
当前地图的个数:47
当前数据库执行队列数:0
当前发送队列缓存的对象数量:0
totalMemory：967311360, use ：559528032, free ：407783328DirectMemory：1827143680, 恢复 ：1
当前时间 ：2026-08-19 13:58:44send keng：-1, sheng ：4194304
decode keng：-1, sheng ：2097152
world keng：3, sheng ：1048576

2026-08-19 13:58:49.682 INFO [pool-6-thread-10][:] - /****************流量统计******************/
LastReadBytes:0
LastReadThroughput:0
LastWrittenBytes:0
LastWriteThroughput:0
RealWrittenBytes:0
RealWriteThroughput:0
当前玩家的连接数量:0
当前地图的线程个数：9
当前地图的个数:47
当前数据库执行队列数:0
当前发送队列缓存的对象数量:0
totalMemory：967311360, use ：563672592, free ：403638768DirectMemory：1827143680, 恢复 ：1
当前时间 ：2026-08-19 13:58:49send keng：-1, sheng ：4194304
decode keng：-1, sheng ：2097152
world keng：3, sheng ：1048576

2026-08-19 13:58:54.684 INFO [pool-6-thread-10][:] - /****************流量统计******************/
LastReadBytes:0
LastReadThroughput:0
LastWrittenBytes:0
LastWriteThroughput:0
RealWrittenBytes:0
RealWriteThroughput:0
当前玩家的连接数量:0
当前地图的线程个数：9
当前地图的个数:47
当前数据库执行队列数:0
当前发送队列缓存的对象数量:0
totalMemory：967311360, use ：566782080, free ：400529280DirectMemory：1827143680, 恢复 ：1
当前时间 ：2026-08-19 13:58:54send keng：-1, sheng ：4194304
decode keng：-1, sheng ：2097152
world keng：3, sheng ：1048576

2026-08-19 13:58:59.682 INFO [pool-6-thread-5][:] - /****************流量统计******************/
LastReadBytes:0
LastReadThroughput:0
LastWrittenBytes:0
LastWriteThroughput:0
RealWrittenBytes:0
RealWriteThroughput:0
当前玩家的连接数量:0
当前地图的线程个数：9
当前地图的个数:47
当前数据库执行队列数:0
当前发送队列缓存的对象数量:0
totalMemory：967311360, use ：571075552, free ：396235808DirectMemory：1827143680, 恢复 ：1
当前时间 ：2026-08-19 13:58:59send keng：-1, sheng ：4194304
decode keng：-1, sheng ：2097152
world keng：3, sheng ：1048576

2026-08-19 13:59:04.683 INFO [pool-6-thread-4][:] - /****************流量统计******************/
LastReadBytes:0
LastReadThroughput:0
LastWrittenBytes:0
LastWriteThroughput:0
RealWrittenBytes:0
RealWriteThroughput:0
当前玩家的连接数量:0
当前地图的线程个数：9
当前地图的个数:47
当前数据库执行队列数:0
当前发送队列缓存的对象数量:0
totalMemory：967311360, use ：574817744, free ：392493616DirectMemory：1827143680, 恢复 ：1
当前时间 ：2026-08-19 13:59:04send keng：-1, sheng ：4194304
decode keng：-1, sheng ：2097152
world keng：3, sheng ：1048576

2026-08-19 13:59:09.682 INFO [pool-6-thread-8][:] - /****************流量统计******************/
LastReadBytes:0
LastReadThroughput:0
LastWrittenBytes:0
LastWriteThroughput:0
RealWrittenBytes:0
RealWriteThroughput:0
当前玩家的连接数量:0
当前地图的线程个数：9
当前地图的个数:47
当前数据库执行队列数:0
当前发送队列缓存的对象数量:0
totalMemory：967311360, use ：577318832, free ：389992528DirectMemory：1827143680, 恢复 ：1
当前时间 ：2026-08-19 13:59:09send keng：-1, sheng ：4194304
decode keng：-1, sheng ：2097152
world keng：3, sheng ：1048576

2026-08-19 13:59:14.684 INFO [pool-6-thread-1][:] - /****************流量统计******************/
LastReadBytes:0
LastReadThroughput:0
LastWrittenBytes:0
LastWriteThroughput:0
RealWrittenBytes:0
RealWriteThroughput:0
当前玩家的连接数量:0
当前地图的线程个数：9
当前地图的个数:47
当前数据库执行队列数:0
当前发送队列缓存的对象数量:0
totalMemory：967311360, use ：581673904, free ：385637456DirectMemory：1827143680, 恢复 ：1
当前时间 ：2026-08-19 13:59:14send keng：-1, sheng ：4194304
decode keng：-1, sheng ：2097152
world keng：3, sheng ：1048576

2026-08-19 13:59:19.682 INFO [pool-6-thread-2][:] - /****************流量统计******************/
LastReadBytes:0
LastReadThroughput:0
LastWrittenBytes:0
LastWriteThroughput:0
RealWrittenBytes:0
RealWriteThroughput:0
当前玩家的连接数量:0
当前地图的线程个数：9
当前地图的个数:47
当前数据库执行队列数:0
当前发送队列缓存的对象数量:0
totalMemory：967311360, use ：585213992, free ：382097368DirectMemory：1827143680, 恢复 ：1
当前时间 ：2026-08-19 13:59:19send keng：-1, sheng ：4194304
decode keng：-1, sheng ：2097152
world keng：3, sheng ：1048576

2026-08-19 13:59:24.682 INFO [pool-6-thread-8][:] - /****************流量统计******************/
LastReadBytes:0
LastReadThroughput:0
LastWrittenBytes:0
LastWriteThroughput:0
RealWrittenBytes:0
RealWriteThroughput:0
当前玩家的连接数量:0
当前地图的线程个数：9
当前地图的个数:47
当前数据库执行队列数:0
当前发送队列缓存的对象数量:0
totalMemory：967311360, use ：588270016, free ：379041344DirectMemory：1827143680, 恢复 ：1
当前时间 ：2026-08-19 13:59:24send keng：-1, sheng ：4194304
decode keng：-1, sheng ：2097152
world keng：3, sheng ：1048576

2026-08-19 13:59:29.682 INFO [pool-6-thread-6][:] - /****************流量统计******************/
LastReadBytes:0
LastReadThroughput:0
LastWrittenBytes:0
LastWriteThroughput:0
RealWrittenBytes:0
RealWriteThroughput:0
当前玩家的连接数量:0
当前地图的线程个数：9
当前地图的个数:47
当前数据库执行队列数:0
当前发送队列缓存的对象数量:0
totalMemory：967311360, use ：591724136, free ：375587224DirectMemory：1827143680, 恢复 ：1
当前时间 ：2026-08-19 13:59:29send keng：-1, sheng ：4194304
decode keng：-1, sheng ：2097152
world keng：3, sheng ：1048576

2026-08-19 13:59:34.682 INFO [pool-6-thread-4][:] - /****************流量统计******************/
LastReadBytes:0
LastReadThroughput:0
LastWrittenBytes:0
LastWriteThroughput:0
RealWrittenBytes:0
RealWriteThroughput:0
当前玩家的连接数量:0
当前地图的线程个数：9
当前地图的个数:47
当前数据库执行队列数:0
当前发送队列缓存的对象数量:0
totalMemory：967311360, use ：596118040, free ：371193320DirectMemory：1827143680, 恢复 ：1
当前时间 ：2026-08-19 13:59:34send keng：-1, sheng ：4194304
decode keng：-1, sheng ：2097152
world keng：3, sheng ：1048576

2026-08-19 13:59:39.682 INFO [pool-6-thread-1][:] - /****************流量统计******************/
LastReadBytes:0
LastReadThroughput:0
LastWrittenBytes:0
LastWriteThroughput:0
RealWrittenBytes:0
RealWriteThroughput:0
当前玩家的连接数量:0
当前地图的线程个数：9
当前地图的个数:47
当前数据库执行队列数:0
当前发送队列缓存的对象数量:0
totalMemory：967311360, use ：597549616, free ：369761744DirectMemory：1827143680, 恢复 ：1
当前时间 ：2026-08-19 13:59:39send keng：-1, sheng ：4194304
decode keng：-1, sheng ：2097152
world keng：3, sheng ：1048576

2026-08-19 13:59:44.682 INFO [pool-6-thread-2][:] - /****************流量统计******************/
LastReadBytes:0
LastReadThroughput:0
LastWrittenBytes:0
LastWriteThroughput:0
RealWrittenBytes:0
RealWriteThroughput:0
当前玩家的连接数量:0
当前地图的线程个数：9
当前地图的个数:47
当前数据库执行队列数:0
当前发送队列缓存的对象数量:0
totalMemory：967311360, use ：602675992, free ：364635368DirectMemory：1827143680, 恢复 ：1
当前时间 ：2026-08-19 13:59:44send keng：-1, sheng ：4194304
decode keng：-1, sheng ：2097152
world keng：3, sheng ：1048576

2026-08-19 13:59:49.682 INFO [pool-6-thread-1][:] - /****************流量统计******************/
LastReadBytes:0
LastReadThroughput:0
LastWrittenBytes:0
LastWriteThroughput:0
RealWrittenBytes:0
RealWriteThroughput:0
当前玩家的连接数量:0
当前地图的线程个数：9
当前地图的个数:47
当前数据库执行队列数:0
当前发送队列缓存的对象数量:0
totalMemory：967311360, use ：604720480, free ：362590880DirectMemory：1827143680, 恢复 ：1
当前时间 ：2026-08-19 13:59:49send keng：-1, sheng ：4194304
decode keng：-1, sheng ：2097152
world keng：3, sheng ：1048576

2026-08-19 13:59:54.682 INFO [pool-6-thread-9][:] - /****************流量统计******************/
LastReadBytes:0
LastReadThroughput:0
LastWrittenBytes:0
LastWriteThroughput:0
RealWrittenBytes:0
RealWriteThroughput:0
当前玩家的连接数量:0
当前地图的线程个数：9
当前地图的个数:47
当前数据库执行队列数:0
当前发送队列缓存的对象数量:0
totalMemory：967311360, use ：609174344, free ：358137016DirectMemory：1827143680, 恢复 ：1
当前时间 ：2026-08-19 13:59:54send keng：-1, sheng ：4194304
decode keng：-1, sheng ：2097152
world keng：3, sheng ：1048576

2026-08-19 13:59:59.682 INFO [pool-6-thread-4][:] - /****************流量统计******************/
LastReadBytes:0
LastReadThroughput:0
LastWrittenBytes:0
LastWriteThroughput:0
RealWrittenBytes:0
RealWriteThroughput:0
当前玩家的连接数量:0
当前地图的线程个数：9
当前地图的个数:47
当前数据库执行队列数:0
当前发送队列缓存的对象数量:0
totalMemory：967311360, use ：611471624, free ：355839736DirectMemory：1827143680, 恢复 ：1
当前时间 ：2026-08-19 13:59:59send keng：-1, sheng ：4194304
decode keng：-1, sheng ：2097152
world keng：3, sheng ：1048576

