2026-08-21 16:00:04.682 INFO [pool-6-thread-4][:] - /****************流量统计******************/
LastReadBytes:0
LastReadThroughput:0
LastWrittenBytes:0
LastWriteThroughput:0
RealWrittenBytes:0
RealWriteThroughput:0
当前玩家的连接数量:0
当前地图的线程个数：9
当前地图的个数:48
当前数据库执行队列数:0
当前发送队列缓存的对象数量:0
totalMemory：680001536, use ：455869720, free ：224131816DirectMemory：1827143680, 恢复 ：1
当前时间 ：2026-08-21 16:00:04send keng：2418, sheng ：4194304
decode keng：26, sheng ：2097152
world keng：12, sheng ：1048576

2026-08-21 16:00:09.682 INFO [pool-6-thread-2][:] - /****************流量统计******************/
LastReadBytes:0
LastReadThroughput:0
LastWrittenBytes:0
LastWriteThroughput:0
RealWrittenBytes:0
RealWriteThroughput:0
当前玩家的连接数量:0
当前地图的线程个数：9
当前地图的个数:48
当前数据库执行队列数:0
当前发送队列缓存的对象数量:0
totalMemory：680001536, use ：459000680, free ：221000856DirectMemory：1827143680, 恢复 ：1
当前时间 ：2026-08-21 16:00:09send keng：2418, sheng ：4194304
decode keng：26, sheng ：2097152
world keng：12, sheng ：1048576

2026-08-21 16:00:14.682 INFO [pool-6-thread-5][:] - /****************流量统计******************/
LastReadBytes:0
LastReadThroughput:0
LastWrittenBytes:0
LastWriteThroughput:0
RealWrittenBytes:0
RealWriteThroughput:0
当前玩家的连接数量:0
当前地图的线程个数：9
当前地图的个数:48
当前数据库执行队列数:0
当前发送队列缓存的对象数量:0
totalMemory：680001536, use ：462482896, free ：217518640DirectMemory：1827143680, 恢复 ：1
当前时间 ：2026-08-21 16:00:14send keng：2418, sheng ：4194304
decode keng：26, sheng ：2097152
world keng：12, sheng ：1048576

2026-08-21 16:00:19.682 INFO [pool-6-thread-7][:] - /****************流量统计******************/
LastReadBytes:0
LastReadThroughput:0
LastWrittenBytes:0
LastWriteThroughput:0
RealWrittenBytes:0
RealWriteThroughput:0
当前玩家的连接数量:0
当前地图的线程个数：9
当前地图的个数:48
当前数据库执行队列数:0
当前发送队列缓存的对象数量:0
totalMemory：680001536, use ：465969984, free ：214031552DirectMemory：1827143680, 恢复 ：1
当前时间 ：2026-08-21 16:00:19send keng：2418, sheng ：4194304
decode keng：26, sheng ：2097152
world keng：12, sheng ：1048576

2026-08-21 16:00:24.682 INFO [pool-6-thread-1][:] - /****************流量统计******************/
LastReadBytes:0
LastReadThroughput:0
LastWrittenBytes:0
LastWriteThroughput:0
RealWrittenBytes:0
RealWriteThroughput:0
当前玩家的连接数量:0
当前地图的线程个数：9
当前地图的个数:48
当前数据库执行队列数:0
当前发送队列缓存的对象数量:0
totalMemory：680001536, use ：469332976, free ：210668560DirectMemory：1827143680, 恢复 ：1
当前时间 ：2026-08-21 16:00:24send keng：2418, sheng ：4194304
decode keng：26, sheng ：2097152
world keng：12, sheng ：1048576

2026-08-21 16:00:29.682 INFO [pool-6-thread-3][:] - /****************流量统计******************/
LastReadBytes:0
LastReadThroughput:0
LastWrittenBytes:0
LastWriteThroughput:0
RealWrittenBytes:0
RealWriteThroughput:0
当前玩家的连接数量:0
当前地图的线程个数：9
当前地图的个数:48
当前数据库执行队列数:0
当前发送队列缓存的对象数量:0
totalMemory：680001536, use ：426087448, free ：253914088DirectMemory：1827143680, 恢复 ：1
当前时间 ：2026-08-21 16:00:29send keng：2418, sheng ：4194304
decode keng：26, sheng ：2097152
world keng：12, sheng ：1048576

2026-08-21 16:00:34.682 INFO [pool-6-thread-2][:] - /****************流量统计******************/
LastReadBytes:0
LastReadThroughput:0
LastWrittenBytes:0
LastWriteThroughput:0
RealWrittenBytes:0
RealWriteThroughput:0
当前玩家的连接数量:0
当前地图的线程个数：9
当前地图的个数:48
当前数据库执行队列数:0
当前发送队列缓存的对象数量:0
totalMemory：680001536, use ：429873040, free ：250128496DirectMemory：1827143680, 恢复 ：1
当前时间 ：2026-08-21 16:00:34send keng：2418, sheng ：4194304
decode keng：26, sheng ：2097152
world keng：12, sheng ：1048576

2026-08-21 16:00:39.682 INFO [pool-6-thread-8][:] - /****************流量统计******************/
LastReadBytes:0
LastReadThroughput:0
LastWrittenBytes:0
LastWriteThroughput:0
RealWrittenBytes:0
RealWriteThroughput:0
当前玩家的连接数量:0
当前地图的线程个数：9
当前地图的个数:48
当前数据库执行队列数:0
当前发送队列缓存的对象数量:0
totalMemory：680001536, use ：433109816, free ：246891720DirectMemory：1827143680, 恢复 ：1
当前时间 ：2026-08-21 16:00:39send keng：2418, sheng ：4194304
decode keng：26, sheng ：2097152
world keng：12, sheng ：1048576

2026-08-21 16:00:44.682 INFO [pool-6-thread-9][:] - /****************流量统计******************/
LastReadBytes:0
LastReadThroughput:0
LastWrittenBytes:0
LastWriteThroughput:0
RealWrittenBytes:0
RealWriteThroughput:0
当前玩家的连接数量:0
当前地图的线程个数：9
当前地图的个数:48
当前数据库执行队列数:0
当前发送队列缓存的对象数量:0
totalMemory：680001536, use ：436810712, free ：243190824DirectMemory：1827143680, 恢复 ：1
当前时间 ：2026-08-21 16:00:44send keng：2418, sheng ：4194304
decode keng：26, sheng ：2097152
world keng：12, sheng ：1048576

2026-08-21 16:00:49.682 INFO [pool-6-thread-8][:] - /****************流量统计******************/
LastReadBytes:0
LastReadThroughput:0
LastWrittenBytes:0
LastWriteThroughput:0
RealWrittenBytes:0
RealWriteThroughput:0
当前玩家的连接数量:0
当前地图的线程个数：9
当前地图的个数:48
当前数据库执行队列数:0
当前发送队列缓存的对象数量:0
totalMemory：680001536, use ：439951008, free ：240050528DirectMemory：1827143680, 恢复 ：1
当前时间 ：2026-08-21 16:00:49send keng：2418, sheng ：4194304
decode keng：26, sheng ：2097152
world keng：12, sheng ：1048576

2026-08-21 16:00:54.682 INFO [pool-6-thread-4][:] - /****************流量统计******************/
LastReadBytes:0
LastReadThroughput:0
LastWrittenBytes:0
LastWriteThroughput:0
RealWrittenBytes:0
RealWriteThroughput:0
当前玩家的连接数量:0
当前地图的线程个数：9
当前地图的个数:48
当前数据库执行队列数:0
当前发送队列缓存的对象数量:0
totalMemory：680001536, use ：443555424, free ：236446112DirectMemory：1827143680, 恢复 ：1
当前时间 ：2026-08-21 16:00:54send keng：2418, sheng ：4194304
decode keng：26, sheng ：2097152
world keng：12, sheng ：1048576

2026-08-21 16:00:59.682 INFO [pool-6-thread-9][:] - /****************流量统计******************/
LastReadBytes:0
LastReadThroughput:0
LastWrittenBytes:0
LastWriteThroughput:0
RealWrittenBytes:0
RealWriteThroughput:0
当前玩家的连接数量:0
当前地图的线程个数：9
当前地图的个数:48
当前数据库执行队列数:0
当前发送队列缓存的对象数量:0
totalMemory：680001536, use ：446921192, free ：233080344DirectMemory：1827143680, 恢复 ：1
当前时间 ：2026-08-21 16:00:59send keng：2418, sheng ：4194304
decode keng：26, sheng ：2097152
world keng：12, sheng ：1048576

2026-08-21 16:01:04.682 INFO [pool-6-thread-7][:] - /****************流量统计******************/
LastReadBytes:0
LastReadThroughput:0
LastWrittenBytes:0
LastWriteThroughput:0
RealWrittenBytes:0
RealWriteThroughput:0
当前玩家的连接数量:0
当前地图的线程个数：9
当前地图的个数:48
当前数据库执行队列数:0
当前发送队列缓存的对象数量:0
totalMemory：680001536, use ：450581256, free ：229420280DirectMemory：1827143680, 恢复 ：1
当前时间 ：2026-08-21 16:01:04send keng：2418, sheng ：4194304
decode keng：26, sheng ：2097152
world keng：12, sheng ：1048576

2026-08-21 16:01:09.682 INFO [pool-6-thread-10][:] - /****************流量统计******************/
LastReadBytes:0
LastReadThroughput:0
LastWrittenBytes:0
LastWriteThroughput:0
RealWrittenBytes:0
RealWriteThroughput:0
当前玩家的连接数量:0
当前地图的线程个数：9
当前地图的个数:48
当前数据库执行队列数:0
当前发送队列缓存的对象数量:0
totalMemory：680001536, use ：453821688, free ：226179848DirectMemory：1827143680, 恢复 ：1
当前时间 ：2026-08-21 16:01:09send keng：2418, sheng ：4194304
decode keng：26, sheng ：2097152
world keng：12, sheng ：1048576

2026-08-21 16:01:14.682 INFO [pool-6-thread-2][:] - /****************流量统计******************/
LastReadBytes:0
LastReadThroughput:0
LastWrittenBytes:0
LastWriteThroughput:0
RealWrittenBytes:0
RealWriteThroughput:0
当前玩家的连接数量:0
当前地图的线程个数：9
当前地图的个数:48
当前数据库执行队列数:0
当前发送队列缓存的对象数量:0
totalMemory：680001536, use ：457460424, free ：222541112DirectMemory：1827143680, 恢复 ：1
当前时间 ：2026-08-21 16:01:14send keng：2418, sheng ：4194304
decode keng：26, sheng ：2097152
world keng：12, sheng ：1048576

2026-08-21 16:01:19.682 INFO [pool-6-thread-3][:] - /****************流量统计******************/
LastReadBytes:0
LastReadThroughput:0
LastWrittenBytes:0
LastWriteThroughput:0
RealWrittenBytes:0
RealWriteThroughput:0
当前玩家的连接数量:0
当前地图的线程个数：9
当前地图的个数:48
当前数据库执行队列数:0
当前发送队列缓存的对象数量:0
totalMemory：680001536, use ：460960008, free ：219041528DirectMemory：1827143680, 恢复 ：1
当前时间 ：2026-08-21 16:01:19send keng：2418, sheng ：4194304
decode keng：26, sheng ：2097152
world keng：12, sheng ：1048576

2026-08-21 16:01:24.682 INFO [pool-6-thread-7][:] - /****************流量统计******************/
LastReadBytes:0
LastReadThroughput:0
LastWrittenBytes:0
LastWriteThroughput:0
RealWrittenBytes:0
RealWriteThroughput:0
当前玩家的连接数量:0
当前地图的线程个数：9
当前地图的个数:48
当前数据库执行队列数:0
当前发送队列缓存的对象数量:0
totalMemory：680001536, use ：464379856, free ：215621680DirectMemory：1827143680, 恢复 ：1
当前时间 ：2026-08-21 16:01:24send keng：2418, sheng ：4194304
decode keng：26, sheng ：2097152
world keng：12, sheng ：1048576

2026-08-21 16:01:29.682 INFO [pool-6-thread-5][:] - /****************流量统计******************/
LastReadBytes:0
LastReadThroughput:0
LastWrittenBytes:0
LastWriteThroughput:0
RealWrittenBytes:0
RealWriteThroughput:0
当前玩家的连接数量:0
当前地图的线程个数：9
当前地图的个数:48
当前数据库执行队列数:0
当前发送队列缓存的对象数量:0
totalMemory：680001536, use ：468064152, free ：211937384DirectMemory：1827143680, 恢复 ：1
当前时间 ：2026-08-21 16:01:29send keng：2418, sheng ：4194304
decode keng：26, sheng ：2097152
world keng：12, sheng ：1048576

2026-08-21 16:01:34.682 INFO [pool-6-thread-8][:] - /****************流量统计******************/
LastReadBytes:0
LastReadThroughput:0
LastWrittenBytes:0
LastWriteThroughput:0
RealWrittenBytes:0
RealWriteThroughput:0
当前玩家的连接数量:0
当前地图的线程个数：9
当前地图的个数:48
当前数据库执行队列数:0
当前发送队列缓存的对象数量:0
totalMemory：680001536, use ：424725736, free ：255275800DirectMemory：1827143680, 恢复 ：1
当前时间 ：2026-08-21 16:01:34send keng：2418, sheng ：4194304
decode keng：26, sheng ：2097152
world keng：12, sheng ：1048576

2026-08-21 16:01:39.682 INFO [pool-6-thread-5][:] - /****************流量统计******************/
LastReadBytes:0
LastReadThroughput:0
LastWrittenBytes:0
LastWriteThroughput:0
RealWrittenBytes:0
RealWriteThroughput:0
当前玩家的连接数量:0
当前地图的线程个数：9
当前地图的个数:48
当前数据库执行队列数:0
当前发送队列缓存的对象数量:0
totalMemory：680001536, use ：428314264, free ：251687272DirectMemory：1827143680, 恢复 ：1
当前时间 ：2026-08-21 16:01:39send keng：2418, sheng ：4194304
decode keng：26, sheng ：2097152
world keng：12, sheng ：1048576

2026-08-21 16:01:44.684 INFO [pool-6-thread-8][:] - /****************流量统计******************/
LastReadBytes:0
LastReadThroughput:0
LastWrittenBytes:0
LastWriteThroughput:0
RealWrittenBytes:0
RealWriteThroughput:0
当前玩家的连接数量:0
当前地图的线程个数：9
当前地图的个数:48
当前数据库执行队列数:0
当前发送队列缓存的对象数量:0
totalMemory：680001536, use ：431776664, free ：248224872DirectMemory：1827143680, 恢复 ：1
当前时间 ：2026-08-21 16:01:44send keng：2418, sheng ：4194304
decode keng：26, sheng ：2097152
world keng：12, sheng ：1048576

2026-08-21 16:01:49.682 INFO [pool-6-thread-4][:] - /****************流量统计******************/
LastReadBytes:0
LastReadThroughput:0
LastWrittenBytes:0
LastWriteThroughput:0
RealWrittenBytes:0
RealWriteThroughput:0
当前玩家的连接数量:0
当前地图的线程个数：9
当前地图的个数:48
当前数据库执行队列数:0
当前发送队列缓存的对象数量:0
totalMemory：680001536, use ：435169248, free ：244832288DirectMemory：1827143680, 恢复 ：1
当前时间 ：2026-08-21 16:01:49send keng：2418, sheng ：4194304
decode keng：26, sheng ：2097152
world keng：12, sheng ：1048576

2026-08-21 16:01:54.683 INFO [pool-6-thread-1][:] - /****************流量统计******************/
LastReadBytes:0
LastReadThroughput:0
LastWrittenBytes:0
LastWriteThroughput:0
RealWrittenBytes:0
RealWriteThroughput:0
当前玩家的连接数量:0
当前地图的线程个数：9
当前地图的个数:48
当前数据库执行队列数:0
当前发送队列缓存的对象数量:0
totalMemory：680001536, use ：438706152, free ：241295384DirectMemory：1827143680, 恢复 ：1
当前时间 ：2026-08-21 16:01:54send keng：2418, sheng ：4194304
decode keng：26, sheng ：2097152
world keng：12, sheng ：1048576

2026-08-21 16:01:59.682 INFO [pool-6-thread-1][:] - /****************流量统计******************/
LastReadBytes:0
LastReadThroughput:0
LastWrittenBytes:0
LastWriteThroughput:0
RealWrittenBytes:0
RealWriteThroughput:0
当前玩家的连接数量:0
当前地图的线程个数：9
当前地图的个数:48
当前数据库执行队列数:0
当前发送队列缓存的对象数量:0
totalMemory：680001536, use ：441941464, free ：238060072DirectMemory：1827143680, 恢复 ：1
当前时间 ：2026-08-21 16:01:59send keng：2418, sheng ：4194304
decode keng：26, sheng ：2097152
world keng：12, sheng ：1048576

2026-08-21 16:02:04.682 INFO [pool-6-thread-5][:] - /****************流量统计******************/
LastReadBytes:0
LastReadThroughput:0
LastWrittenBytes:0
LastWriteThroughput:0
RealWrittenBytes:0
RealWriteThroughput:0
当前玩家的连接数量:0
当前地图的线程个数：9
当前地图的个数:48
当前数据库执行队列数:0
当前发送队列缓存的对象数量:0
totalMemory：680001536, use ：445741856, free ：234259680DirectMemory：1827143680, 恢复 ：1
当前时间 ：2026-08-21 16:02:04send keng：2418, sheng ：4194304
decode keng：26, sheng ：2097152
world keng：12, sheng ：1048576

2026-08-21 16:02:09.682 INFO [pool-6-thread-4][:] - /****************流量统计******************/
LastReadBytes:0
LastReadThroughput:0
LastWrittenBytes:0
LastWriteThroughput:0
RealWrittenBytes:0
RealWriteThroughput:0
当前玩家的连接数量:0
当前地图的线程个数：9
当前地图的个数:48
当前数据库执行队列数:0
当前发送队列缓存的对象数量:0
totalMemory：680001536, use ：449062704, free ：230938832DirectMemory：1827143680, 恢复 ：1
当前时间 ：2026-08-21 16:02:09send keng：2418, sheng ：4194304
decode keng：26, sheng ：2097152
world keng：12, sheng ：1048576

2026-08-21 16:02:14.691 INFO [pool-6-thread-7][:] - /****************流量统计******************/
LastReadBytes:0
LastReadThroughput:0
LastWrittenBytes:0
LastWriteThroughput:0
RealWrittenBytes:0
RealWriteThroughput:0
当前玩家的连接数量:0
当前地图的线程个数：9
当前地图的个数:48
当前数据库执行队列数:0
当前发送队列缓存的对象数量:0
totalMemory：680001536, use ：452719800, free ：227281736DirectMemory：1827143680, 恢复 ：1
当前时间 ：2026-08-21 16:02:14send keng：2418, sheng ：4194304
decode keng：26, sheng ：2097152
world keng：12, sheng ：1048576

2026-08-21 16:02:19.682 INFO [pool-6-thread-2][:] - /****************流量统计******************/
LastReadBytes:0
LastReadThroughput:0
LastWrittenBytes:0
LastWriteThroughput:0
RealWrittenBytes:0
RealWriteThroughput:0
当前玩家的连接数量:0
当前地图的线程个数：9
当前地图的个数:48
当前数据库执行队列数:0
当前发送队列缓存的对象数量:0
totalMemory：680001536, use ：455951848, free ：224049688DirectMemory：1827143680, 恢复 ：1
当前时间 ：2026-08-21 16:02:19send keng：2418, sheng ：4194304
decode keng：26, sheng ：2097152
world keng：12, sheng ：1048576

2026-08-21 16:02:24.682 INFO [pool-6-thread-7][:] - /****************流量统计******************/
LastReadBytes:0
LastReadThroughput:0
LastWrittenBytes:0
LastWriteThroughput:0
RealWrittenBytes:0
RealWriteThroughput:0
当前玩家的连接数量:0
当前地图的线程个数：9
当前地图的个数:48
当前数据库执行队列数:0
当前发送队列缓存的对象数量:0
totalMemory：680001536, use ：459777352, free ：220224184DirectMemory：1827143680, 恢复 ：1
当前时间 ：2026-08-21 16:02:24send keng：2418, sheng ：4194304
decode keng：26, sheng ：2097152
world keng：12, sheng ：1048576

2026-08-21 16:02:29.682 INFO [pool-6-thread-6][:] - /****************流量统计******************/
LastReadBytes:0
LastReadThroughput:0
LastWrittenBytes:0
LastWriteThroughput:0
RealWrittenBytes:0
RealWriteThroughput:0
当前玩家的连接数量:0
当前地图的线程个数：9
当前地图的个数:48
当前数据库执行队列数:0
当前发送队列缓存的对象数量:0
totalMemory：680001536, use ：463021136, free ：216980400DirectMemory：1827143680, 恢复 ：1
当前时间 ：2026-08-21 16:02:29send keng：2418, sheng ：4194304
decode keng：26, sheng ：2097152
world keng：12, sheng ：1048576

2026-08-21 16:02:34.682 INFO [pool-6-thread-10][:] - /****************流量统计******************/
LastReadBytes:0
LastReadThroughput:0
LastWrittenBytes:0
LastWriteThroughput:0
RealWrittenBytes:0
RealWriteThroughput:0
当前玩家的连接数量:0
当前地图的线程个数：9
当前地图的个数:48
当前数据库执行队列数:0
当前发送队列缓存的对象数量:0
totalMemory：680001536, use ：466585192, free ：213416344DirectMemory：1827143680, 恢复 ：1
当前时间 ：2026-08-21 16:02:34send keng：2418, sheng ：4194304
decode keng：26, sheng ：2097152
world keng：12, sheng ：1048576

2026-08-21 16:02:39.682 INFO [pool-6-thread-7][:] - /****************流量统计******************/
LastReadBytes:0
LastReadThroughput:0
LastWrittenBytes:0
LastWriteThroughput:0
RealWrittenBytes:0
RealWriteThroughput:0
当前玩家的连接数量:0
当前地图的线程个数：9
当前地图的个数:48
当前数据库执行队列数:0
当前发送队列缓存的对象数量:0
totalMemory：680001536, use ：423461608, free ：256539928DirectMemory：1827143680, 恢复 ：1
当前时间 ：2026-08-21 16:02:39send keng：2418, sheng ：4194304
decode keng：26, sheng ：2097152
world keng：12, sheng ：1048576

2026-08-21 16:02:44.682 INFO [pool-6-thread-9][:] - /****************流量统计******************/
LastReadBytes:0
LastReadThroughput:0
LastWrittenBytes:0
LastWriteThroughput:0
RealWrittenBytes:0
RealWriteThroughput:0
当前玩家的连接数量:0
当前地图的线程个数：9
当前地图的个数:48
当前数据库执行队列数:0
当前发送队列缓存的对象数量:0
totalMemory：680001536, use ：426808368, free ：253193168DirectMemory：1827143680, 恢复 ：1
当前时间 ：2026-08-21 16:02:44send keng：2418, sheng ：4194304
decode keng：26, sheng ：2097152
world keng：12, sheng ：1048576

2026-08-21 16:02:49.682 INFO [pool-6-thread-1][:] - /****************流量统计******************/
LastReadBytes:0
LastReadThroughput:0
LastWrittenBytes:0
LastWriteThroughput:0
RealWrittenBytes:0
RealWriteThroughput:0
当前玩家的连接数量:0
当前地图的线程个数：9
当前地图的个数:48
当前数据库执行队列数:0
当前发送队列缓存的对象数量:0
totalMemory：680001536, use ：430482640, free ：249518896DirectMemory：1827143680, 恢复 ：1
当前时间 ：2026-08-21 16:02:49send keng：2418, sheng ：4194304
decode keng：26, sheng ：2097152
world keng：12, sheng ：1048576

2026-08-21 16:02:54.683 INFO [pool-6-thread-5][:] - /****************流量统计******************/
LastReadBytes:0
LastReadThroughput:0
LastWrittenBytes:0
LastWriteThroughput:0
RealWrittenBytes:0
RealWriteThroughput:0
当前玩家的连接数量:0
当前地图的线程个数：9
当前地图的个数:48
当前数据库执行队列数:0
当前发送队列缓存的对象数量:0
totalMemory：680001536, use ：433554296, free ：246447240DirectMemory：1827143680, 恢复 ：1
当前时间 ：2026-08-21 16:02:54send keng：2418, sheng ：4194304
decode keng：26, sheng ：2097152
world keng：12, sheng ：1048576

2026-08-21 16:02:59.682 INFO [pool-6-thread-7][:] - /****************流量统计******************/
LastReadBytes:0
LastReadThroughput:0
LastWrittenBytes:0
LastWriteThroughput:0
RealWrittenBytes:0
RealWriteThroughput:0
当前玩家的连接数量:0
当前地图的线程个数：9
当前地图的个数:48
当前数据库执行队列数:0
当前发送队列缓存的对象数量:0
totalMemory：680001536, use ：437252672, free ：242748864DirectMemory：1827143680, 恢复 ：1
当前时间 ：2026-08-21 16:02:59send keng：2418, sheng ：4194304
decode keng：26, sheng ：2097152
world keng：12, sheng ：1048576

2026-08-21 16:03:04.683 INFO [pool-6-thread-1][:] - /****************流量统计******************/
LastReadBytes:0
LastReadThroughput:0
LastWrittenBytes:0
LastWriteThroughput:0
RealWrittenBytes:0
RealWriteThroughput:0
当前玩家的连接数量:0
当前地图的线程个数：9
当前地图的个数:48
当前数据库执行队列数:0
当前发送队列缓存的对象数量:0
totalMemory：680001536, use ：440798824, free ：239202712DirectMemory：1827143680, 恢复 ：1
当前时间 ：2026-08-21 16:03:04send keng：2418, sheng ：4194304
decode keng：26, sheng ：2097152
world keng：12, sheng ：1048576

2026-08-21 16:03:09.682 INFO [pool-6-thread-2][:] - /****************流量统计******************/
LastReadBytes:0
LastReadThroughput:0
LastWrittenBytes:0
LastWriteThroughput:0
RealWrittenBytes:0
RealWriteThroughput:0
当前玩家的连接数量:0
当前地图的线程个数：9
当前地图的个数:48
当前数据库执行队列数:0
当前发送队列缓存的对象数量:0
totalMemory：680001536, use ：443966152, free ：236035384DirectMemory：1827143680, 恢复 ：1
当前时间 ：2026-08-21 16:03:09send keng：2418, sheng ：4194304
decode keng：26, sheng ：2097152
world keng：12, sheng ：1048576

2026-08-21 16:03:14.682 INFO [pool-6-thread-3][:] - /****************流量统计******************/
LastReadBytes:0
LastReadThroughput:0
LastWrittenBytes:0
LastWriteThroughput:0
RealWrittenBytes:0
RealWriteThroughput:0
当前玩家的连接数量:0
当前地图的线程个数：9
当前地图的个数:48
当前数据库执行队列数:0
当前发送队列缓存的对象数量:0
totalMemory：680001536, use ：447568912, free ：232432624DirectMemory：1827143680, 恢复 ：1
当前时间 ：2026-08-21 16:03:14send keng：2418, sheng ：4194304
decode keng：26, sheng ：2097152
world keng：12, sheng ：1048576

2026-08-21 16:03:19.682 INFO [pool-6-thread-1][:] - /****************流量统计******************/
LastReadBytes:0
LastReadThroughput:0
LastWrittenBytes:0
LastWriteThroughput:0
RealWrittenBytes:0
RealWriteThroughput:0
当前玩家的连接数量:0
当前地图的线程个数：9
当前地图的个数:48
当前数据库执行队列数:0
当前发送队列缓存的对象数量:0
totalMemory：680001536, use ：451006360, free ：228995176DirectMemory：1827143680, 恢复 ：1
当前时间 ：2026-08-21 16:03:19send keng：2418, sheng ：4194304
decode keng：26, sheng ：2097152
world keng：12, sheng ：1048576

2026-08-21 16:03:24.682 INFO [pool-6-thread-9][:] - /****************流量统计******************/
LastReadBytes:0
LastReadThroughput:0
LastWrittenBytes:0
LastWriteThroughput:0
RealWrittenBytes:0
RealWriteThroughput:0
当前玩家的连接数量:0
当前地图的线程个数：9
当前地图的个数:48
当前数据库执行队列数:0
当前发送队列缓存的对象数量:0
totalMemory：680001536, use ：454506912, free ：225494624DirectMemory：1827143680, 恢复 ：1
当前时间 ：2026-08-21 16:03:24send keng：2418, sheng ：4194304
decode keng：26, sheng ：2097152
world keng：12, sheng ：1048576

2026-08-21 16:03:29.682 INFO [pool-6-thread-10][:] - /****************流量统计******************/
LastReadBytes:0
LastReadThroughput:0
LastWrittenBytes:0
LastWriteThroughput:0
RealWrittenBytes:0
RealWriteThroughput:0
当前玩家的连接数量:0
当前地图的线程个数：9
当前地图的个数:48
当前数据库执行队列数:0
当前发送队列缓存的对象数量:0
totalMemory：680001536, use ：457701504, free ：222300032DirectMemory：1827143680, 恢复 ：1
当前时间 ：2026-08-21 16:03:29send keng：2418, sheng ：4194304
decode keng：26, sheng ：2097152
world keng：12, sheng ：1048576

2026-08-21 16:03:34.682 INFO [pool-6-thread-5][:] - /****************流量统计******************/
LastReadBytes:0
LastReadThroughput:0
LastWrittenBytes:0
LastWriteThroughput:0
RealWrittenBytes:0
RealWriteThroughput:0
当前玩家的连接数量:0
当前地图的线程个数：9
当前地图的个数:48
当前数据库执行队列数:0
当前发送队列缓存的对象数量:0
totalMemory：680001536, use ：461403360, free ：218598176DirectMemory：1827143680, 恢复 ：1
当前时间 ：2026-08-21 16:03:34send keng：2418, sheng ：4194304
decode keng：26, sheng ：2097152
world keng：12, sheng ：1048576

2026-08-21 16:03:39.682 INFO [pool-6-thread-1][:] - /****************流量统计******************/
LastReadBytes:0
LastReadThroughput:0
LastWrittenBytes:0
LastWriteThroughput:0
RealWrittenBytes:0
RealWriteThroughput:0
当前玩家的连接数量:0
当前地图的线程个数：9
当前地图的个数:48
当前数据库执行队列数:0
当前发送队列缓存的对象数量:0
totalMemory：680001536, use ：464727000, free ：215274536DirectMemory：1827143680, 恢复 ：1
当前时间 ：2026-08-21 16:03:39send keng：2418, sheng ：4194304
decode keng：26, sheng ：2097152
world keng：12, sheng ：1048576

2026-08-21 16:03:44.682 INFO [pool-6-thread-6][:] - /****************流量统计******************/
LastReadBytes:0
LastReadThroughput:0
LastWrittenBytes:0
LastWriteThroughput:0
RealWrittenBytes:0
RealWriteThroughput:0
当前玩家的连接数量:0
当前地图的线程个数：9
当前地图的个数:48
当前数据库执行队列数:0
当前发送队列缓存的对象数量:0
totalMemory：680001536, use ：468433152, free ：211568384DirectMemory：1827143680, 恢复 ：1
当前时间 ：2026-08-21 16:03:44send keng：2418, sheng ：4194304
decode keng：26, sheng ：2097152
world keng：12, sheng ：1048576

2026-08-21 16:03:49.682 INFO [pool-6-thread-2][:] - /****************流量统计******************/
LastReadBytes:0
LastReadThroughput:0
LastWrittenBytes:0
LastWriteThroughput:0
RealWrittenBytes:0
RealWriteThroughput:0
当前玩家的连接数量:0
当前地图的线程个数：9
当前地图的个数:48
当前数据库执行队列数:0
当前发送队列缓存的对象数量:0
totalMemory：680001536, use ：425182576, free ：254818960DirectMemory：1827143680, 恢复 ：1
当前时间 ：2026-08-21 16:03:49send keng：2418, sheng ：4194304
decode keng：26, sheng ：2097152
world keng：12, sheng ：1048576

2026-08-21 16:03:54.683 INFO [pool-6-thread-9][:] - /****************流量统计******************/
LastReadBytes:0
LastReadThroughput:0
LastWrittenBytes:0
LastWriteThroughput:0
RealWrittenBytes:0
RealWriteThroughput:0
当前玩家的连接数量:0
当前地图的线程个数：9
当前地图的个数:48
当前数据库执行队列数:0
当前发送队列缓存的对象数量:0
totalMemory：680001536, use ：428582592, free ：251418944DirectMemory：1827143680, 恢复 ：1
当前时间 ：2026-08-21 16:03:54send keng：2418, sheng ：4194304
decode keng：26, sheng ：2097152
world keng：12, sheng ：1048576

2026-08-21 16:03:59.682 INFO [pool-6-thread-4][:] - /****************流量统计******************/
LastReadBytes:0
LastReadThroughput:0
LastWrittenBytes:0
LastWriteThroughput:0
RealWrittenBytes:0
RealWriteThroughput:0
当前玩家的连接数量:0
当前地图的线程个数：9
当前地图的个数:48
当前数据库执行队列数:0
当前发送队列缓存的对象数量:0
totalMemory：680001536, use ：431846576, free ：248154960DirectMemory：1827143680, 恢复 ：1
当前时间 ：2026-08-21 16:03:59send keng：2418, sheng ：4194304
decode keng：26, sheng ：2097152
world keng：12, sheng ：1048576

2026-08-21 16:04:04.682 INFO [pool-6-thread-4][:] - /****************流量统计******************/
LastReadBytes:0
LastReadThroughput:0
LastWrittenBytes:0
LastWriteThroughput:0
RealWrittenBytes:0
RealWriteThroughput:0
当前玩家的连接数量:0
当前地图的线程个数：9
当前地图的个数:48
当前数据库执行队列数:0
当前发送队列缓存的对象数量:0
totalMemory：680001536, use ：435396448, free ：244605088DirectMemory：1827143680, 恢复 ：1
当前时间 ：2026-08-21 16:04:04send keng：2418, sheng ：4194304
decode keng：26, sheng ：2097152
world keng：12, sheng ：1048576

2026-08-21 16:04:09.682 INFO [pool-6-thread-7][:] - /****************流量统计******************/
LastReadBytes:0
LastReadThroughput:0
LastWrittenBytes:0
LastWriteThroughput:0
RealWrittenBytes:0
RealWriteThroughput:0
当前玩家的连接数量:0
当前地图的线程个数：9
当前地图的个数:48
当前数据库执行队列数:0
当前发送队列缓存的对象数量:0
totalMemory：680001536, use ：438884288, free ：241117248DirectMemory：1827143680, 恢复 ：1
当前时间 ：2026-08-21 16:04:09send keng：2418, sheng ：4194304
decode keng：26, sheng ：2097152
world keng：12, sheng ：1048576

2026-08-21 16:04:14.682 INFO [pool-6-thread-5][:] - /****************流量统计******************/
LastReadBytes:0
LastReadThroughput:0
LastWrittenBytes:0
LastWriteThroughput:0
RealWrittenBytes:0
RealWriteThroughput:0
当前玩家的连接数量:0
当前地图的线程个数：9
当前地图的个数:48
当前数据库执行队列数:0
当前发送队列缓存的对象数量:0
totalMemory：680001536, use ：442348368, free ：237653168DirectMemory：1827143680, 恢复 ：1
当前时间 ：2026-08-21 16:04:14send keng：2418, sheng ：4194304
decode keng：26, sheng ：2097152
world keng：12, sheng ：1048576

2026-08-21 16:04:19.682 INFO [pool-6-thread-2][:] - /****************流量统计******************/
LastReadBytes:0
LastReadThroughput:0
LastWrittenBytes:0
LastWriteThroughput:0
RealWrittenBytes:0
RealWriteThroughput:0
当前玩家的连接数量:0
当前地图的线程个数：9
当前地图的个数:48
当前数据库执行队列数:0
当前发送队列缓存的对象数量:0
totalMemory：680001536, use ：445808160, free ：234193376DirectMemory：1827143680, 恢复 ：1
当前时间 ：2026-08-21 16:04:19send keng：2418, sheng ：4194304
decode keng：26, sheng ：2097152
world keng：12, sheng ：1048576

2026-08-21 16:04:24.685 INFO [pool-6-thread-3][:] - /****************流量统计******************/
LastReadBytes:0
LastReadThroughput:0
LastWrittenBytes:0
LastWriteThroughput:0
RealWrittenBytes:0
RealWriteThroughput:0
当前玩家的连接数量:0
当前地图的线程个数：9
当前地图的个数:48
当前数据库执行队列数:0
当前发送队列缓存的对象数量:0
totalMemory：680001536, use ：449297264, free ：230704272DirectMemory：1827143680, 恢复 ：1
当前时间 ：2026-08-21 16:04:24send keng：2418, sheng ：4194304
decode keng：26, sheng ：2097152
world keng：12, sheng ：1048576

2026-08-21 16:04:29.682 INFO [pool-6-thread-8][:] - /****************流量统计******************/
LastReadBytes:0
LastReadThroughput:0
LastWrittenBytes:0
LastWriteThroughput:0
RealWrittenBytes:0
RealWriteThroughput:0
当前玩家的连接数量:0
当前地图的线程个数：9
当前地图的个数:48
当前数据库执行队列数:0
当前发送队列缓存的对象数量:0
totalMemory：680001536, use ：452946256, free ：227055280DirectMemory：1827143680, 恢复 ：1
当前时间 ：2026-08-21 16:04:29send keng：2418, sheng ：4194304
decode keng：26, sheng ：2097152
world keng：12, sheng ：1048576

2026-08-21 16:04:34.682 INFO [pool-6-thread-1][:] - /****************流量统计******************/
LastReadBytes:0
LastReadThroughput:0
LastWrittenBytes:0
LastWriteThroughput:0
RealWrittenBytes:0
RealWriteThroughput:0
当前玩家的连接数量:0
当前地图的线程个数：9
当前地图的个数:48
当前数据库执行队列数:0
当前发送队列缓存的对象数量:0
totalMemory：680001536, use ：456093248, free ：223908288DirectMemory：1827143680, 恢复 ：1
当前时间 ：2026-08-21 16:04:34send keng：2418, sheng ：4194304
decode keng：26, sheng ：2097152
world keng：12, sheng ：1048576

2026-08-21 16:04:39.682 INFO [pool-6-thread-7][:] - /****************流量统计******************/
LastReadBytes:0
LastReadThroughput:0
LastWrittenBytes:0
LastWriteThroughput:0
RealWrittenBytes:0
RealWriteThroughput:0
当前玩家的连接数量:0
当前地图的线程个数：9
当前地图的个数:48
当前数据库执行队列数:0
当前发送队列缓存的对象数量:0
totalMemory：680001536, use ：459802312, free ：220199224DirectMemory：1827143680, 恢复 ：1
当前时间 ：2026-08-21 16:04:39send keng：2418, sheng ：4194304
decode keng：26, sheng ：2097152
world keng：12, sheng ：1048576

2026-08-21 16:04:44.682 INFO [pool-6-thread-1][:] - /****************流量统计******************/
LastReadBytes:0
LastReadThroughput:0
LastWrittenBytes:0
LastWriteThroughput:0
RealWrittenBytes:0
RealWriteThroughput:0
当前玩家的连接数量:0
当前地图的线程个数：9
当前地图的个数:48
当前数据库执行队列数:0
当前发送队列缓存的对象数量:0
totalMemory：680001536, use ：463189136, free ：216812400DirectMemory：1827143680, 恢复 ：1
当前时间 ：2026-08-21 16:04:44send keng：2418, sheng ：4194304
decode keng：26, sheng ：2097152
world keng：12, sheng ：1048576

2026-08-21 16:04:49.682 INFO [pool-6-thread-7][:] - /****************流量统计******************/
LastReadBytes:0
LastReadThroughput:0
LastWrittenBytes:0
LastWriteThroughput:0
RealWrittenBytes:0
RealWriteThroughput:0
当前玩家的连接数量:0
当前地图的线程个数：9
当前地图的个数:48
当前数据库执行队列数:0
当前发送队列缓存的对象数量:0
totalMemory：680001536, use ：466474976, free ：213526560DirectMemory：1827143680, 恢复 ：1
当前时间 ：2026-08-21 16:04:49send keng：2418, sheng ：4194304
decode keng：26, sheng ：2097152
world keng：12, sheng ：1048576

2026-08-21 16:04:54.682 INFO [pool-6-thread-10][:] - /****************流量统计******************/
LastReadBytes:0
LastReadThroughput:0
LastWrittenBytes:0
LastWriteThroughput:0
RealWrittenBytes:0
RealWriteThroughput:0
当前玩家的连接数量:0
当前地图的线程个数：9
当前地图的个数:48
当前数据库执行队列数:0
当前发送队列缓存的对象数量:0
totalMemory：680001536, use ：423498664, free ：256502872DirectMemory：1827143680, 恢复 ：1
当前时间 ：2026-08-21 16:04:54send keng：2418, sheng ：4194304
decode keng：26, sheng ：2097152
world keng：12, sheng ：1048576

2026-08-21 16:04:59.682 INFO [pool-6-thread-4][:] - /****************流量统计******************/
LastReadBytes:0
LastReadThroughput:0
LastWrittenBytes:0
LastWriteThroughput:0
RealWrittenBytes:0
RealWriteThroughput:0
当前玩家的连接数量:0
当前地图的线程个数：9
当前地图的个数:48
当前数据库执行队列数:0
当前发送队列缓存的对象数量:0
totalMemory：680001536, use ：426701880, free ：253299656DirectMemory：1827143680, 恢复 ：1
当前时间 ：2026-08-21 16:04:59send keng：2418, sheng ：4194304
decode keng：26, sheng ：2097152
world keng：12, sheng ：1048576

2026-08-21 16:05:04.682 INFO [pool-6-thread-5][:] - /****************流量统计******************/
LastReadBytes:0
LastReadThroughput:0
LastWrittenBytes:0
LastWriteThroughput:0
RealWrittenBytes:0
RealWriteThroughput:0
当前玩家的连接数量:0
当前地图的线程个数：9
当前地图的个数:48
当前数据库执行队列数:0
当前发送队列缓存的对象数量:0
totalMemory：680001536, use ：430310640, free ：249690896DirectMemory：1827143680, 恢复 ：1
当前时间 ：2026-08-21 16:05:04send keng：2418, sheng ：4194304
decode keng：26, sheng ：2097152
world keng：12, sheng ：1048576

2026-08-21 16:05:09.682 INFO [pool-6-thread-10][:] - /****************流量统计******************/
LastReadBytes:0
LastReadThroughput:0
LastWrittenBytes:0
LastWriteThroughput:0
RealWrittenBytes:0
RealWriteThroughput:0
当前玩家的连接数量:0
当前地图的线程个数：9
当前地图的个数:48
当前数据库执行队列数:0
当前发送队列缓存的对象数量:0
totalMemory：680001536, use ：433158880, free ：246842656DirectMemory：1827143680, 恢复 ：1
当前时间 ：2026-08-21 16:05:09send keng：2418, sheng ：4194304
decode keng：26, sheng ：2097152
world keng：12, sheng ：1048576

2026-08-21 16:05:14.682 INFO [pool-6-thread-3][:] - /****************流量统计******************/
LastReadBytes:0
LastReadThroughput:0
LastWrittenBytes:0
LastWriteThroughput:0
RealWrittenBytes:0
RealWriteThroughput:0
当前玩家的连接数量:0
当前地图的线程个数：9
当前地图的个数:48
当前数据库执行队列数:0
当前发送队列缓存的对象数量:0
totalMemory：680001536, use ：436891248, free ：243110288DirectMemory：1827143680, 恢复 ：1
当前时间 ：2026-08-21 16:05:14send keng：2418, sheng ：4194304
decode keng：26, sheng ：2097152
world keng：12, sheng ：1048576

2026-08-21 16:05:19.682 INFO [pool-6-thread-4][:] - /****************流量统计******************/
LastReadBytes:0
LastReadThroughput:0
LastWrittenBytes:0
LastWriteThroughput:0
RealWrittenBytes:0
RealWriteThroughput:0
当前玩家的连接数量:0
当前地图的线程个数：9
当前地图的个数:48
当前数据库执行队列数:0
当前发送队列缓存的对象数量:0
totalMemory：680001536, use ：440279624, free ：239721912DirectMemory：1827143680, 恢复 ：1
当前时间 ：2026-08-21 16:05:19send keng：2418, sheng ：4194304
decode keng：26, sheng ：2097152
world keng：12, sheng ：1048576

2026-08-21 16:05:24.682 INFO [pool-6-thread-5][:] - /****************流量统计******************/
LastReadBytes:0
LastReadThroughput:0
LastWrittenBytes:0
LastWriteThroughput:0
RealWrittenBytes:0
RealWriteThroughput:0
当前玩家的连接数量:0
当前地图的线程个数：9
当前地图的个数:48
当前数据库执行队列数:0
当前发送队列缓存的对象数量:0
totalMemory：680001536, use ：443900312, free ：236101224DirectMemory：1827143680, 恢复 ：1
当前时间 ：2026-08-21 16:05:24send keng：2418, sheng ：4194304
decode keng：26, sheng ：2097152
world keng：12, sheng ：1048576

2026-08-21 16:05:29.682 INFO [pool-6-thread-3][:] - /****************流量统计******************/
LastReadBytes:0
LastReadThroughput:0
LastWrittenBytes:0
LastWriteThroughput:0
RealWrittenBytes:0
RealWriteThroughput:0
当前玩家的连接数量:0
当前地图的线程个数：9
当前地图的个数:48
当前数据库执行队列数:0
当前发送队列缓存的对象数量:0
totalMemory：680001536, use ：447323032, free ：232678504DirectMemory：1827143680, 恢复 ：1
当前时间 ：2026-08-21 16:05:29send keng：2418, sheng ：4194304
decode keng：26, sheng ：2097152
world keng：12, sheng ：1048576

2026-08-21 16:05:34.682 INFO [pool-6-thread-6][:] - /****************流量统计******************/
LastReadBytes:0
LastReadThroughput:0
LastWrittenBytes:0
LastWriteThroughput:0
RealWrittenBytes:0
RealWriteThroughput:0
当前玩家的连接数量:0
当前地图的线程个数：9
当前地图的个数:48
当前数据库执行队列数:0
当前发送队列缓存的对象数量:0
totalMemory：680001536, use ：450923760, free ：229077776DirectMemory：1827143680, 恢复 ：1
当前时间 ：2026-08-21 16:05:34send keng：2418, sheng ：4194304
decode keng：26, sheng ：2097152
world keng：12, sheng ：1048576

2026-08-21 16:05:39.682 INFO [pool-6-thread-5][:] - /****************流量统计******************/
LastReadBytes:0
LastReadThroughput:0
LastWrittenBytes:0
LastWriteThroughput:0
RealWrittenBytes:0
RealWriteThroughput:0
当前玩家的连接数量:0
当前地图的线程个数：9
当前地图的个数:48
当前数据库执行队列数:0
当前发送队列缓存的对象数量:0
totalMemory：680001536, use ：454554640, free ：225446896DirectMemory：1827143680, 恢复 ：1
当前时间 ：2026-08-21 16:05:39send keng：2418, sheng ：4194304
decode keng：26, sheng ：2097152
world keng：12, sheng ：1048576

2026-08-21 16:05:44.682 INFO [pool-6-thread-10][:] - /****************流量统计******************/
LastReadBytes:0
LastReadThroughput:0
LastWrittenBytes:0
LastWriteThroughput:0
RealWrittenBytes:0
RealWriteThroughput:0
当前玩家的连接数量:0
当前地图的线程个数：9
当前地图的个数:48
当前数据库执行队列数:0
当前发送队列缓存的对象数量:0
totalMemory：680001536, use ：457805640, free ：222195896DirectMemory：1827143680, 恢复 ：1
当前时间 ：2026-08-21 16:05:44send keng：2418, sheng ：4194304
decode keng：26, sheng ：2097152
world keng：12, sheng ：1048576

2026-08-21 16:05:49.682 INFO [pool-6-thread-5][:] - /****************流量统计******************/
LastReadBytes:0
LastReadThroughput:0
LastWrittenBytes:0
LastWriteThroughput:0
RealWrittenBytes:0
RealWriteThroughput:0
当前玩家的连接数量:0
当前地图的线程个数：9
当前地图的个数:48
当前数据库执行队列数:0
当前发送队列缓存的对象数量:0
totalMemory：680001536, use ：461282776, free ：218718760DirectMemory：1827143680, 恢复 ：1
当前时间 ：2026-08-21 16:05:49send keng：2418, sheng ：4194304
decode keng：26, sheng ：2097152
world keng：12, sheng ：1048576

2026-08-21 16:05:54.682 INFO [pool-6-thread-4][:] - /****************流量统计******************/
LastReadBytes:0
LastReadThroughput:0
LastWrittenBytes:0
LastWriteThroughput:0
RealWrittenBytes:0
RealWriteThroughput:0
当前玩家的连接数量:0
当前地图的线程个数：9
当前地图的个数:48
当前数据库执行队列数:0
当前发送队列缓存的对象数量:0
totalMemory：680001536, use ：464577952, free ：215423584DirectMemory：1827143680, 恢复 ：1
当前时间 ：2026-08-21 16:05:54send keng：2418, sheng ：4194304
decode keng：26, sheng ：2097152
world keng：12, sheng ：1048576

2026-08-21 16:05:59.682 INFO [pool-6-thread-6][:] - /****************流量统计******************/
LastReadBytes:0
LastReadThroughput:0
LastWrittenBytes:0
LastWriteThroughput:0
RealWrittenBytes:0
RealWriteThroughput:0
当前玩家的连接数量:0
当前地图的线程个数：9
当前地图的个数:48
当前数据库执行队列数:0
当前发送队列缓存的对象数量:0
totalMemory：680001536, use ：468232672, free ：211768864DirectMemory：1827143680, 恢复 ：1
当前时间 ：2026-08-21 16:05:59send keng：2418, sheng ：4194304
decode keng：26, sheng ：2097152
world keng：12, sheng ：1048576

2026-08-21 16:06:04.682 INFO [pool-6-thread-5][:] - /****************流量统计******************/
LastReadBytes:0
LastReadThroughput:0
LastWrittenBytes:0
LastWriteThroughput:0
RealWrittenBytes:0
RealWriteThroughput:0
当前玩家的连接数量:0
当前地图的线程个数：9
当前地图的个数:48
当前数据库执行队列数:0
当前发送队列缓存的对象数量:0
totalMemory：680001536, use ：424779472, free ：255222064DirectMemory：1827143680, 恢复 ：1
当前时间 ：2026-08-21 16:06:04send keng：2418, sheng ：4194304
decode keng：26, sheng ：2097152
world keng：12, sheng ：1048576

2026-08-21 16:06:09.683 INFO [pool-6-thread-10][:] - /****************流量统计******************/
LastReadBytes:0
LastReadThroughput:0
LastWrittenBytes:0
LastWriteThroughput:0
RealWrittenBytes:0
RealWriteThroughput:0
当前玩家的连接数量:0
当前地图的线程个数：9
当前地图的个数:48
当前数据库执行队列数:0
当前发送队列缓存的对象数量:0
totalMemory：680001536, use ：428293368, free ：251708168DirectMemory：1827143680, 恢复 ：1
当前时间 ：2026-08-21 16:06:09send keng：2418, sheng ：4194304
decode keng：26, sheng ：2097152
world keng：12, sheng ：1048576

2026-08-21 16:06:14.682 INFO [pool-6-thread-4][:] - /****************流量统计******************/
LastReadBytes:0
LastReadThroughput:0
LastWrittenBytes:0
LastWriteThroughput:0
RealWrittenBytes:0
RealWriteThroughput:0
当前玩家的连接数量:0
当前地图的线程个数：9
当前地图的个数:48
当前数据库执行队列数:0
当前发送队列缓存的对象数量:0
totalMemory：680001536, use ：431814400, free ：248187136DirectMemory：1827143680, 恢复 ：1
当前时间 ：2026-08-21 16:06:14send keng：2418, sheng ：4194304
decode keng：26, sheng ：2097152
world keng：12, sheng ：1048576

2026-08-21 16:06:19.682 INFO [pool-6-thread-3][:] - /****************流量统计******************/
LastReadBytes:0
LastReadThroughput:0
LastWrittenBytes:0
LastWriteThroughput:0
RealWrittenBytes:0
RealWriteThroughput:0
当前玩家的连接数量:0
当前地图的线程个数：9
当前地图的个数:48
当前数据库执行队列数:0
当前发送队列缓存的对象数量:0
totalMemory：680001536, use ：435247456, free ：244754080DirectMemory：1827143680, 恢复 ：1
当前时间 ：2026-08-21 16:06:19send keng：2418, sheng ：4194304
decode keng：26, sheng ：2097152
world keng：12, sheng ：1048576

2026-08-21 16:06:24.682 INFO [pool-6-thread-5][:] - /****************流量统计******************/
LastReadBytes:0
LastReadThroughput:0
LastWrittenBytes:0
LastWriteThroughput:0
RealWrittenBytes:0
RealWriteThroughput:0
当前玩家的连接数量:0
当前地图的线程个数：9
当前地图的个数:48
当前数据库执行队列数:0
当前发送队列缓存的对象数量:0
totalMemory：680001536, use ：438911856, free ：241089680DirectMemory：1827143680, 恢复 ：1
当前时间 ：2026-08-21 16:06:24send keng：2418, sheng ：4194304
decode keng：26, sheng ：2097152
world keng：12, sheng ：1048576

2026-08-21 16:06:29.682 INFO [pool-6-thread-7][:] - /****************流量统计******************/
LastReadBytes:0
LastReadThroughput:0
LastWrittenBytes:0
LastWriteThroughput:0
RealWrittenBytes:0
RealWriteThroughput:0
当前玩家的连接数量:0
当前地图的线程个数：9
当前地图的个数:48
当前数据库执行队列数:0
当前发送队列缓存的对象数量:0
totalMemory：680001536, use ：441949224, free ：238052312DirectMemory：1827143680, 恢复 ：1
当前时间 ：2026-08-21 16:06:29send keng：2418, sheng ：4194304
decode keng：26, sheng ：2097152
world keng：12, sheng ：1048576

2026-08-21 16:06:34.682 INFO [pool-6-thread-1][:] - /****************流量统计******************/
LastReadBytes:0
LastReadThroughput:0
LastWrittenBytes:0
LastWriteThroughput:0
RealWrittenBytes:0
RealWriteThroughput:0
当前玩家的连接数量:0
当前地图的线程个数：9
当前地图的个数:48
当前数据库执行队列数:0
当前发送队列缓存的对象数量:0
totalMemory：680001536, use ：445557512, free ：234444024DirectMemory：1827143680, 恢复 ：1
当前时间 ：2026-08-21 16:06:34send keng：2418, sheng ：4194304
decode keng：26, sheng ：2097152
world keng：12, sheng ：1048576

2026-08-21 16:06:39.682 INFO [pool-6-thread-3][:] - /****************流量统计******************/
LastReadBytes:0
LastReadThroughput:0
LastWrittenBytes:0
LastWriteThroughput:0
RealWrittenBytes:0
RealWriteThroughput:0
当前玩家的连接数量:0
当前地图的线程个数：9
当前地图的个数:48
当前数据库执行队列数:0
当前发送队列缓存的对象数量:0
totalMemory：680001536, use ：448920288, free ：231081248DirectMemory：1827143680, 恢复 ：1
当前时间 ：2026-08-21 16:06:39send keng：2418, sheng ：4194304
decode keng：26, sheng ：2097152
world keng：12, sheng ：1048576

2026-08-21 16:06:44.689 INFO [pool-6-thread-4][:] - /****************流量统计******************/
LastReadBytes:0
LastReadThroughput:0
LastWrittenBytes:0
LastWriteThroughput:0
RealWrittenBytes:0
RealWriteThroughput:0
当前玩家的连接数量:0
当前地图的线程个数：9
当前地图的个数:48
当前数据库执行队列数:0
当前发送队列缓存的对象数量:0
totalMemory：680001536, use ：452372632, free ：227628904DirectMemory：1827143680, 恢复 ：1
当前时间 ：2026-08-21 16:06:44send keng：2418, sheng ：4194304
decode keng：26, sheng ：2097152
world keng：12, sheng ：1048576

2026-08-21 16:06:49.682 INFO [pool-6-thread-8][:] - /****************流量统计******************/
LastReadBytes:0
LastReadThroughput:0
LastWrittenBytes:0
LastWriteThroughput:0
RealWrittenBytes:0
RealWriteThroughput:0
当前玩家的连接数量:0
当前地图的线程个数：9
当前地图的个数:48
当前数据库执行队列数:0
当前发送队列缓存的对象数量:0
totalMemory：680001536, use ：455844104, free ：224157432DirectMemory：1827143680, 恢复 ：1
当前时间 ：2026-08-21 16:06:49send keng：2418, sheng ：4194304
decode keng：26, sheng ：2097152
world keng：12, sheng ：1048576

2026-08-21 16:06:54.682 INFO [pool-6-thread-6][:] - /****************流量统计******************/
LastReadBytes:0
LastReadThroughput:0
LastWrittenBytes:0
LastWriteThroughput:0
RealWrittenBytes:0
RealWriteThroughput:0
当前玩家的连接数量:0
当前地图的线程个数：9
当前地图的个数:48
当前数据库执行队列数:0
当前发送队列缓存的对象数量:0
totalMemory：680001536, use ：459435128, free ：220566408DirectMemory：1827143680, 恢复 ：1
当前时间 ：2026-08-21 16:06:54send keng：2418, sheng ：4194304
decode keng：26, sheng ：2097152
world keng：12, sheng ：1048576

2026-08-21 16:06:59.682 INFO [pool-6-thread-8][:] - /****************流量统计******************/
LastReadBytes:0
LastReadThroughput:0
LastWrittenBytes:0
LastWriteThroughput:0
RealWrittenBytes:0
RealWriteThroughput:0
当前玩家的连接数量:0
当前地图的线程个数：9
当前地图的个数:48
当前数据库执行队列数:0
当前发送队列缓存的对象数量:0
totalMemory：680001536, use ：463011208, free ：216990328DirectMemory：1827143680, 恢复 ：1
当前时间 ：2026-08-21 16:06:59send keng：2418, sheng ：4194304
decode keng：26, sheng ：2097152
world keng：12, sheng ：1048576

2026-08-21 16:07:04.682 INFO [pool-6-thread-4][:] - /****************流量统计******************/
LastReadBytes:0
LastReadThroughput:0
LastWrittenBytes:0
LastWriteThroughput:0
RealWrittenBytes:0
RealWriteThroughput:0
当前玩家的连接数量:0
当前地图的线程个数：9
当前地图的个数:48
当前数据库执行队列数:0
当前发送队列缓存的对象数量:0
totalMemory：680001536, use ：466452472, free ：213549064DirectMemory：1827143680, 恢复 ：1
当前时间 ：2026-08-21 16:07:04send keng：2418, sheng ：4194304
decode keng：26, sheng ：2097152
world keng：12, sheng ：1048576

2026-08-21 16:07:09.687 INFO [pool-6-thread-2][:] - /****************流量统计******************/
LastReadBytes:0
LastReadThroughput:0
LastWrittenBytes:0
LastWriteThroughput:0
RealWrittenBytes:0
RealWriteThroughput:0
当前玩家的连接数量:0
当前地图的线程个数：9
当前地图的个数:48
当前数据库执行队列数:0
当前发送队列缓存的对象数量:0
totalMemory：680001536, use ：423207136, free ：256794400DirectMemory：1827143680, 恢复 ：1
当前时间 ：2026-08-21 16:07:09send keng：2418, sheng ：4194304
decode keng：26, sheng ：2097152
world keng：12, sheng ：1048576

2026-08-21 16:07:14.682 INFO [pool-6-thread-3][:] - /****************流量统计******************/
LastReadBytes:0
LastReadThroughput:0
LastWrittenBytes:0
LastWriteThroughput:0
RealWrittenBytes:0
RealWriteThroughput:0
当前玩家的连接数量:0
当前地图的线程个数：9
当前地图的个数:48
当前数据库执行队列数:0
当前发送队列缓存的对象数量:0
totalMemory：680001536, use ：426462168, free ：253539368DirectMemory：1827143680, 恢复 ：1
当前时间 ：2026-08-21 16:07:14send keng：2418, sheng ：4194304
decode keng：26, sheng ：2097152
world keng：12, sheng ：1048576

2026-08-21 16:07:19.682 INFO [pool-6-thread-8][:] - /****************流量统计******************/
LastReadBytes:0
LastReadThroughput:0
LastWrittenBytes:0
LastWriteThroughput:0
RealWrittenBytes:0
RealWriteThroughput:0
当前玩家的连接数量:0
当前地图的线程个数：9
当前地图的个数:48
当前数据库执行队列数:0
当前发送队列缓存的对象数量:0
totalMemory：680001536, use ：429953112, free ：250048424DirectMemory：1827143680, 恢复 ：1
当前时间 ：2026-08-21 16:07:19send keng：2418, sheng ：4194304
decode keng：26, sheng ：2097152
world keng：12, sheng ：1048576

2026-08-21 16:07:24.682 INFO [pool-6-thread-10][:] - /****************流量统计******************/
LastReadBytes:0
LastReadThroughput:0
LastWrittenBytes:0
LastWriteThroughput:0
RealWrittenBytes:0
RealWriteThroughput:0
当前玩家的连接数量:0
当前地图的线程个数：9
当前地图的个数:48
当前数据库执行队列数:0
当前发送队列缓存的对象数量:0
totalMemory：680001536, use ：433401336, free ：246600200DirectMemory：1827143680, 恢复 ：1
当前时间 ：2026-08-21 16:07:24send keng：2418, sheng ：4194304
decode keng：26, sheng ：2097152
world keng：12, sheng ：1048576

2026-08-21 16:07:29.682 INFO [pool-6-thread-6][:] - /****************流量统计******************/
LastReadBytes:0
LastReadThroughput:0
LastWrittenBytes:0
LastWriteThroughput:0
RealWrittenBytes:0
RealWriteThroughput:0
当前玩家的连接数量:0
当前地图的线程个数：9
当前地图的个数:48
当前数据库执行队列数:0
当前发送队列缓存的对象数量:0
totalMemory：680001536, use ：437031344, free ：242970192DirectMemory：1827143680, 恢复 ：1
当前时间 ：2026-08-21 16:07:29send keng：2418, sheng ：4194304
decode keng：26, sheng ：2097152
world keng：12, sheng ：1048576

2026-08-21 16:07:34.682 INFO [pool-6-thread-5][:] - /****************流量统计******************/
LastReadBytes:0
LastReadThroughput:0
LastWrittenBytes:0
LastWriteThroughput:0
RealWrittenBytes:0
RealWriteThroughput:0
当前玩家的连接数量:0
当前地图的线程个数：9
当前地图的个数:48
当前数据库执行队列数:0
当前发送队列缓存的对象数量:0
totalMemory：680001536, use ：440130024, free ：239871512DirectMemory：1827143680, 恢复 ：1
当前时间 ：2026-08-21 16:07:34send keng：2418, sheng ：4194304
decode keng：26, sheng ：2097152
world keng：12, sheng ：1048576

2026-08-21 16:07:39.682 INFO [pool-6-thread-1][:] - /****************流量统计******************/
LastReadBytes:0
LastReadThroughput:0
LastWrittenBytes:0
LastWriteThroughput:0
RealWrittenBytes:0
RealWriteThroughput:0
当前玩家的连接数量:0
当前地图的线程个数：9
当前地图的个数:48
当前数据库执行队列数:0
当前发送队列缓存的对象数量:0
totalMemory：680001536, use ：443990144, free ：236011392DirectMemory：1827143680, 恢复 ：1
当前时间 ：2026-08-21 16:07:39send keng：2418, sheng ：4194304
decode keng：26, sheng ：2097152
world keng：12, sheng ：1048576

2026-08-21 16:07:44.682 INFO [pool-6-thread-9][:] - /****************流量统计******************/
LastReadBytes:0
LastReadThroughput:0
LastWrittenBytes:0
LastWriteThroughput:0
RealWrittenBytes:0
RealWriteThroughput:0
当前玩家的连接数量:0
当前地图的线程个数：9
当前地图的个数:48
当前数据库执行队列数:0
当前发送队列缓存的对象数量:0
totalMemory：680001536, use ：447410072, free ：232591464DirectMemory：1827143680, 恢复 ：1
当前时间 ：2026-08-21 16:07:44send keng：2418, sheng ：4194304
decode keng：26, sheng ：2097152
world keng：12, sheng ：1048576

2026-08-21 16:07:49.682 INFO [pool-6-thread-3][:] - /****************流量统计******************/
LastReadBytes:0
LastReadThroughput:0
LastWrittenBytes:0
LastWriteThroughput:0
RealWrittenBytes:0
RealWriteThroughput:0
当前玩家的连接数量:0
当前地图的线程个数：9
当前地图的个数:48
当前数据库执行队列数:0
当前发送队列缓存的对象数量:0
totalMemory：680001536, use ：450770704, free ：229230832DirectMemory：1827143680, 恢复 ：1
当前时间 ：2026-08-21 16:07:49send keng：2418, sheng ：4194304
decode keng：26, sheng ：2097152
world keng：12, sheng ：1048576

2026-08-21 16:07:54.682 INFO [pool-6-thread-10][:] - /****************流量统计******************/
LastReadBytes:0
LastReadThroughput:0
LastWrittenBytes:0
LastWriteThroughput:0
RealWrittenBytes:0
RealWriteThroughput:0
当前玩家的连接数量:0
当前地图的线程个数：9
当前地图的个数:48
当前数据库执行队列数:0
当前发送队列缓存的对象数量:0
totalMemory：680001536, use ：454311768, free ：225689768DirectMemory：1827143680, 恢复 ：1
当前时间 ：2026-08-21 16:07:54send keng：2418, sheng ：4194304
decode keng：26, sheng ：2097152
world keng：12, sheng ：1048576

2026-08-21 16:07:59.682 INFO [pool-6-thread-6][:] - /****************流量统计******************/
LastReadBytes:0
LastReadThroughput:0
LastWrittenBytes:0
LastWriteThroughput:0
RealWrittenBytes:0
RealWriteThroughput:0
当前玩家的连接数量:0
当前地图的线程个数：9
当前地图的个数:48
当前数据库执行队列数:0
当前发送队列缓存的对象数量:0
totalMemory：680001536, use ：457759464, free ：222242072DirectMemory：1827143680, 恢复 ：1
当前时间 ：2026-08-21 16:07:59send keng：2418, sheng ：4194304
decode keng：26, sheng ：2097152
world keng：12, sheng ：1048576

2026-08-21 16:08:04.682 INFO [pool-6-thread-9][:] - /****************流量统计******************/
LastReadBytes:0
LastReadThroughput:0
LastWrittenBytes:0
LastWriteThroughput:0
RealWrittenBytes:0
RealWriteThroughput:0
当前玩家的连接数量:0
当前地图的线程个数：9
当前地图的个数:48
当前数据库执行队列数:0
当前发送队列缓存的对象数量:0
totalMemory：680001536, use ：461230944, free ：218770592DirectMemory：1827143680, 恢复 ：1
当前时间 ：2026-08-21 16:08:04send keng：2418, sheng ：4194304
decode keng：26, sheng ：2097152
world keng：12, sheng ：1048576

2026-08-21 16:08:09.682 INFO [pool-6-thread-1][:] - /****************流量统计******************/
LastReadBytes:0
LastReadThroughput:0
LastWrittenBytes:0
LastWriteThroughput:0
RealWrittenBytes:0
RealWriteThroughput:0
当前玩家的连接数量:0
当前地图的线程个数：9
当前地图的个数:48
当前数据库执行队列数:0
当前发送队列缓存的对象数量:0
totalMemory：680001536, use ：464605200, free ：215396336DirectMemory：1827143680, 恢复 ：1
当前时间 ：2026-08-21 16:08:09send keng：2418, sheng ：4194304
decode keng：26, sheng ：2097152
world keng：12, sheng ：1048576

2026-08-21 16:08:14.682 INFO [pool-6-thread-10][:] - /****************流量统计******************/
LastReadBytes:0
LastReadThroughput:0
LastWrittenBytes:0
LastWriteThroughput:0
RealWrittenBytes:0
RealWriteThroughput:0
当前玩家的连接数量:0
当前地图的线程个数：9
当前地图的个数:48
当前数据库执行队列数:0
当前发送队列缓存的对象数量:0
totalMemory：680001536, use ：468395736, free ：211605800DirectMemory：1827143680, 恢复 ：1
当前时间 ：2026-08-21 16:08:14send keng：2418, sheng ：4194304
decode keng：26, sheng ：2097152
world keng：12, sheng ：1048576

2026-08-21 16:08:19.682 INFO [pool-6-thread-5][:] - /****************流量统计******************/
LastReadBytes:0
LastReadThroughput:0
LastWrittenBytes:0
LastWriteThroughput:0
RealWrittenBytes:0
RealWriteThroughput:0
当前玩家的连接数量:0
当前地图的线程个数：9
当前地图的个数:48
当前数据库执行队列数:0
当前发送队列缓存的对象数量:0
totalMemory：680001536, use ：425167184, free ：254834352DirectMemory：1827143680, 恢复 ：1
当前时间 ：2026-08-21 16:08:19send keng：2418, sheng ：4194304
decode keng：26, sheng ：2097152
world keng：12, sheng ：1048576

2026-08-21 16:08:24.682 INFO [pool-6-thread-1][:] - /****************流量统计******************/
LastReadBytes:0
LastReadThroughput:0
LastWrittenBytes:0
LastWriteThroughput:0
RealWrittenBytes:0
RealWriteThroughput:0
当前玩家的连接数量:0
当前地图的线程个数：9
当前地图的个数:48
当前数据库执行队列数:0
当前发送队列缓存的对象数量:0
totalMemory：680001536, use ：428462864, free ：251538672DirectMemory：1827143680, 恢复 ：1
当前时间 ：2026-08-21 16:08:24send keng：2418, sheng ：4194304
decode keng：26, sheng ：2097152
world keng：12, sheng ：1048576

2026-08-21 16:08:29.682 INFO [pool-6-thread-7][:] - /****************流量统计******************/
LastReadBytes:0
LastReadThroughput:0
LastWrittenBytes:0
LastWriteThroughput:0
RealWrittenBytes:0
RealWriteThroughput:0
当前玩家的连接数量:0
当前地图的线程个数：9
当前地图的个数:48
当前数据库执行队列数:0
当前发送队列缓存的对象数量:0
totalMemory：680001536, use ：432264408, free ：247737128DirectMemory：1827143680, 恢复 ：1
当前时间 ：2026-08-21 16:08:29send keng：2418, sheng ：4194304
decode keng：26, sheng ：2097152
world keng：12, sheng ：1048576

2026-08-21 16:08:34.682 INFO [pool-6-thread-9][:] - /****************流量统计******************/
LastReadBytes:0
LastReadThroughput:0
LastWrittenBytes:0
LastWriteThroughput:0
RealWrittenBytes:0
RealWriteThroughput:0
当前玩家的连接数量:0
当前地图的线程个数：9
当前地图的个数:48
当前数据库执行队列数:0
当前发送队列缓存的对象数量:0
totalMemory：680001536, use ：435373096, free ：244628440DirectMemory：1827143680, 恢复 ：1
当前时间 ：2026-08-21 16:08:34send keng：2418, sheng ：4194304
decode keng：26, sheng ：2097152
world keng：12, sheng ：1048576

2026-08-21 16:08:39.682 INFO [pool-6-thread-8][:] - /****************流量统计******************/
LastReadBytes:0
LastReadThroughput:0
LastWrittenBytes:0
LastWriteThroughput:0
RealWrittenBytes:0
RealWriteThroughput:0
当前玩家的连接数量:0
当前地图的线程个数：9
当前地图的个数:48
当前数据库执行队列数:0
当前发送队列缓存的对象数量:0
totalMemory：680001536, use ：439047792, free ：240953744DirectMemory：1827143680, 恢复 ：1
当前时间 ：2026-08-21 16:08:39send keng：2418, sheng ：4194304
decode keng：26, sheng ：2097152
world keng：12, sheng ：1048576

2026-08-21 16:08:44.685 INFO [pool-6-thread-10][:] - /****************流量统计******************/
LastReadBytes:0
LastReadThroughput:0
LastWrittenBytes:0
LastWriteThroughput:0
RealWrittenBytes:0
RealWriteThroughput:0
当前玩家的连接数量:0
当前地图的线程个数：9
当前地图的个数:48
当前数据库执行队列数:0
当前发送队列缓存的对象数量:0
totalMemory：680001536, use ：442410376, free ：237591160DirectMemory：1827143680, 恢复 ：1
当前时间 ：2026-08-21 16:08:44send keng：2418, sheng ：4194304
decode keng：26, sheng ：2097152
world keng：12, sheng ：1048576

2026-08-21 16:08:49.682 INFO [pool-6-thread-1][:] - /****************流量统计******************/
LastReadBytes:0
LastReadThroughput:0
LastWrittenBytes:0
LastWriteThroughput:0
RealWrittenBytes:0
RealWriteThroughput:0
当前玩家的连接数量:0
当前地图的线程个数：9
当前地图的个数:48
当前数据库执行队列数:0
当前发送队列缓存的对象数量:0
totalMemory：680001536, use ：445839680, free ：234161856DirectMemory：1827143680, 恢复 ：1
当前时间 ：2026-08-21 16:08:49send keng：2418, sheng ：4194304
decode keng：26, sheng ：2097152
world keng：12, sheng ：1048576

2026-08-21 16:08:54.682 INFO [pool-6-thread-7][:] - /****************流量统计******************/
LastReadBytes:0
LastReadThroughput:0
LastWrittenBytes:0
LastWriteThroughput:0
RealWrittenBytes:0
RealWriteThroughput:0
当前玩家的连接数量:0
当前地图的线程个数：9
当前地图的个数:48
当前数据库执行队列数:0
当前发送队列缓存的对象数量:0
totalMemory：680001536, use ：449157584, free ：230843952DirectMemory：1827143680, 恢复 ：1
当前时间 ：2026-08-21 16:08:54send keng：2418, sheng ：4194304
decode keng：26, sheng ：2097152
world keng：12, sheng ：1048576

2026-08-21 16:08:59.682 INFO [pool-6-thread-8][:] - /****************流量统计******************/
LastReadBytes:0
LastReadThroughput:0
LastWrittenBytes:0
LastWriteThroughput:0
RealWrittenBytes:0
RealWriteThroughput:0
当前玩家的连接数量:0
当前地图的线程个数：9
当前地图的个数:48
当前数据库执行队列数:0
当前发送队列缓存的对象数量:0
totalMemory：680001536, use ：452800336, free ：227201200DirectMemory：1827143680, 恢复 ：1
当前时间 ：2026-08-21 16:08:59send keng：2418, sheng ：4194304
decode keng：26, sheng ：2097152
world keng：12, sheng ：1048576

2026-08-21 16:09:04.682 INFO [pool-6-thread-9][:] - /****************流量统计******************/
LastReadBytes:0
LastReadThroughput:0
LastWrittenBytes:0
LastWriteThroughput:0
RealWrittenBytes:0
RealWriteThroughput:0
当前玩家的连接数量:0
当前地图的线程个数：9
当前地图的个数:48
当前数据库执行队列数:0
当前发送队列缓存的对象数量:0
totalMemory：680001536, use ：456353096, free ：223648440DirectMemory：1827143680, 恢复 ：1
当前时间 ：2026-08-21 16:09:04send keng：2418, sheng ：4194304
decode keng：26, sheng ：2097152
world keng：12, sheng ：1048576

2026-08-21 16:09:09.682 INFO [pool-6-thread-8][:] - /****************流量统计******************/
LastReadBytes:0
LastReadThroughput:0
LastWrittenBytes:0
LastWriteThroughput:0
RealWrittenBytes:0
RealWriteThroughput:0
当前玩家的连接数量:0
当前地图的线程个数：9
当前地图的个数:48
当前数据库执行队列数:0
当前发送队列缓存的对象数量:0
totalMemory：680001536, use ：459581808, free ：220419728DirectMemory：1827143680, 恢复 ：1
当前时间 ：2026-08-21 16:09:09send keng：2418, sheng ：4194304
decode keng：26, sheng ：2097152
world keng：12, sheng ：1048576

2026-08-21 16:09:14.682 INFO [pool-6-thread-5][:] - /****************流量统计******************/
LastReadBytes:0
LastReadThroughput:0
LastWrittenBytes:0
LastWriteThroughput:0
RealWrittenBytes:0
RealWriteThroughput:0
当前玩家的连接数量:0
当前地图的线程个数：9
当前地图的个数:48
当前数据库执行队列数:0
当前发送队列缓存的对象数量:0
totalMemory：680001536, use ：463286688, free ：216714848DirectMemory：1827143680, 恢复 ：1
当前时间 ：2026-08-21 16:09:14send keng：2418, sheng ：4194304
decode keng：26, sheng ：2097152
world keng：12, sheng ：1048576

2026-08-21 16:09:19.682 INFO [pool-6-thread-1][:] - /****************流量统计******************/
LastReadBytes:0
LastReadThroughput:0
LastWrittenBytes:0
LastWriteThroughput:0
RealWrittenBytes:0
RealWriteThroughput:0
当前玩家的连接数量:0
当前地图的线程个数：9
当前地图的个数:48
当前数据库执行队列数:0
当前发送队列缓存的对象数量:0
totalMemory：680001536, use ：466699440, free ：213302096DirectMemory：1827143680, 恢复 ：1
当前时间 ：2026-08-21 16:09:19send keng：2418, sheng ：4194304
decode keng：26, sheng ：2097152
world keng：12, sheng ：1048576

2026-08-21 16:09:24.682 INFO [pool-6-thread-7][:] - /****************流量统计******************/
LastReadBytes:0
LastReadThroughput:0
LastWrittenBytes:0
LastWriteThroughput:0
RealWrittenBytes:0
RealWriteThroughput:0
当前玩家的连接数量:0
当前地图的线程个数：9
当前地图的个数:48
当前数据库执行队列数:0
当前发送队列缓存的对象数量:0
totalMemory：680001536, use ：423487768, free ：256513768DirectMemory：1827143680, 恢复 ：1
当前时间 ：2026-08-21 16:09:24send keng：2418, sheng ：4194304
decode keng：26, sheng ：2097152
world keng：12, sheng ：1048576

2026-08-21 16:09:29.682 INFO [pool-6-thread-7][:] - /****************流量统计******************/
LastReadBytes:0
LastReadThroughput:0
LastWrittenBytes:0
LastWriteThroughput:0
RealWrittenBytes:0
RealWriteThroughput:0
当前玩家的连接数量:0
当前地图的线程个数：9
当前地图的个数:48
当前数据库执行队列数:0
当前发送队列缓存的对象数量:0
totalMemory：680001536, use ：426969496, free ：253032040DirectMemory：1827143680, 恢复 ：1
当前时间 ：2026-08-21 16:09:29send keng：2418, sheng ：4194304
decode keng：26, sheng ：2097152
world keng：12, sheng ：1048576

2026-08-21 16:09:34.682 INFO [pool-6-thread-7][:] - /****************流量统计******************/
LastReadBytes:0
LastReadThroughput:0
LastWrittenBytes:0
LastWriteThroughput:0
RealWrittenBytes:0
RealWriteThroughput:0
当前玩家的连接数量:0
当前地图的线程个数：9
当前地图的个数:48
当前数据库执行队列数:0
当前发送队列缓存的对象数量:0
totalMemory：680001536, use ：430472296, free ：249529240DirectMemory：1827143680, 恢复 ：1
当前时间 ：2026-08-21 16:09:34send keng：2418, sheng ：4194304
decode keng：26, sheng ：2097152
world keng：12, sheng ：1048576

2026-08-21 16:09:39.682 INFO [pool-6-thread-4][:] - /****************流量统计******************/
LastReadBytes:0
LastReadThroughput:0
LastWrittenBytes:0
LastWriteThroughput:0
RealWrittenBytes:0
RealWriteThroughput:0
当前玩家的连接数量:0
当前地图的线程个数：9
当前地图的个数:48
当前数据库执行队列数:0
当前发送队列缓存的对象数量:0
totalMemory：680001536, use ：433833200, free ：246168336DirectMemory：1827143680, 恢复 ：1
当前时间 ：2026-08-21 16:09:39send keng：2418, sheng ：4194304
decode keng：26, sheng ：2097152
world keng：12, sheng ：1048576

2026-08-21 16:09:44.682 INFO [pool-6-thread-6][:] - /****************流量统计******************/
LastReadBytes:0
LastReadThroughput:0
LastWrittenBytes:0
LastWriteThroughput:0
RealWrittenBytes:0
RealWriteThroughput:0
当前玩家的连接数量:0
当前地图的线程个数：9
当前地图的个数:48
当前数据库执行队列数:0
当前发送队列缓存的对象数量:0
totalMemory：680001536, use ：437331136, free ：242670400DirectMemory：1827143680, 恢复 ：1
当前时间 ：2026-08-21 16:09:44send keng：2418, sheng ：4194304
decode keng：26, sheng ：2097152
world keng：12, sheng ：1048576

2026-08-21 16:09:49.682 INFO [pool-6-thread-2][:] - /****************流量统计******************/
LastReadBytes:0
LastReadThroughput:0
LastWrittenBytes:0
LastWriteThroughput:0
RealWrittenBytes:0
RealWriteThroughput:0
当前玩家的连接数量:0
当前地图的线程个数：9
当前地图的个数:48
当前数据库执行队列数:0
当前发送队列缓存的对象数量:0
totalMemory：680001536, use ：441001912, free ：238999624DirectMemory：1827143680, 恢复 ：1
当前时间 ：2026-08-21 16:09:49send keng：2418, sheng ：4194304
decode keng：26, sheng ：2097152
world keng：12, sheng ：1048576

2026-08-21 16:09:54.683 INFO [pool-6-thread-10][:] - /****************流量统计******************/
LastReadBytes:0
LastReadThroughput:0
LastWrittenBytes:0
LastWriteThroughput:0
RealWrittenBytes:0
RealWriteThroughput:0
当前玩家的连接数量:0
当前地图的线程个数：9
当前地图的个数:48
当前数据库执行队列数:0
当前发送队列缓存的对象数量:0
totalMemory：680001536, use ：444191408, free ：235810128DirectMemory：1827143680, 恢复 ：1
当前时间 ：2026-08-21 16:09:54send keng：2418, sheng ：4194304
decode keng：26, sheng ：2097152
world keng：12, sheng ：1048576

2026-08-21 16:09:59.682 INFO [pool-6-thread-2][:] - /****************流量统计******************/
LastReadBytes:0
LastReadThroughput:0
LastWrittenBytes:0
LastWriteThroughput:0
RealWrittenBytes:0
RealWriteThroughput:0
当前玩家的连接数量:0
当前地图的线程个数：9
当前地图的个数:48
当前数据库执行队列数:0
当前发送队列缓存的对象数量:0
totalMemory：680001536, use ：447793472, free ：232208064DirectMemory：1827143680, 恢复 ：1
当前时间 ：2026-08-21 16:09:59send keng：2418, sheng ：4194304
decode keng：26, sheng ：2097152
world keng：12, sheng ：1048576

2026-08-21 16:10:04.682 INFO [pool-6-thread-7][:] - /****************流量统计******************/
LastReadBytes:0
LastReadThroughput:0
LastWrittenBytes:0
LastWriteThroughput:0
RealWrittenBytes:0
RealWriteThroughput:0
当前玩家的连接数量:0
当前地图的线程个数：9
当前地图的个数:48
当前数据库执行队列数:0
当前发送队列缓存的对象数量:0
totalMemory：680001536, use ：451007360, free ：228994176DirectMemory：1827143680, 恢复 ：1
当前时间 ：2026-08-21 16:10:04send keng：2418, sheng ：4194304
decode keng：26, sheng ：2097152
world keng：12, sheng ：1048576

2026-08-21 16:10:09.682 INFO [pool-6-thread-9][:] - /****************流量统计******************/
LastReadBytes:0
LastReadThroughput:0
LastWrittenBytes:0
LastWriteThroughput:0
RealWrittenBytes:0
RealWriteThroughput:0
当前玩家的连接数量:0
当前地图的线程个数：9
当前地图的个数:48
当前数据库执行队列数:0
当前发送队列缓存的对象数量:0
totalMemory：680001536, use ：454580344, free ：225421192DirectMemory：1827143680, 恢复 ：1
当前时间 ：2026-08-21 16:10:09send keng：2418, sheng ：4194304
decode keng：26, sheng ：2097152
world keng：12, sheng ：1048576

2026-08-21 16:10:14.682 INFO [pool-6-thread-6][:] - /****************流量统计******************/
LastReadBytes:0
LastReadThroughput:0
LastWrittenBytes:0
LastWriteThroughput:0
RealWrittenBytes:0
RealWriteThroughput:0
当前玩家的连接数量:0
当前地图的线程个数：9
当前地图的个数:48
当前数据库执行队列数:0
当前发送队列缓存的对象数量:0
totalMemory：680001536, use ：457928112, free ：222073424DirectMemory：1827143680, 恢复 ：1
当前时间 ：2026-08-21 16:10:14send keng：2418, sheng ：4194304
decode keng：26, sheng ：2097152
world keng：12, sheng ：1048576

2026-08-21 16:10:19.682 INFO [pool-6-thread-7][:] - /****************流量统计******************/
LastReadBytes:0
LastReadThroughput:0
LastWrittenBytes:0
LastWriteThroughput:0
RealWrittenBytes:0
RealWriteThroughput:0
当前玩家的连接数量:0
当前地图的线程个数：9
当前地图的个数:48
当前数据库执行队列数:0
当前发送队列缓存的对象数量:0
totalMemory：680001536, use ：461662984, free ：218338552DirectMemory：1827143680, 恢复 ：1
当前时间 ：2026-08-21 16:10:19send keng：2418, sheng ：4194304
decode keng：26, sheng ：2097152
world keng：12, sheng ：1048576

2026-08-21 16:10:24.682 INFO [pool-6-thread-5][:] - /****************流量统计******************/
LastReadBytes:0
LastReadThroughput:0
LastWrittenBytes:0
LastWriteThroughput:0
RealWrittenBytes:0
RealWriteThroughput:0
当前玩家的连接数量:0
当前地图的线程个数：9
当前地图的个数:48
当前数据库执行队列数:0
当前发送队列缓存的对象数量:0
totalMemory：680001536, use ：464920480, free ：215081056DirectMemory：1827143680, 恢复 ：1
当前时间 ：2026-08-21 16:10:24send keng：2418, sheng ：4194304
decode keng：26, sheng ：2097152
world keng：12, sheng ：1048576

2026-08-21 16:10:29.682 INFO [pool-6-thread-8][:] - /****************流量统计******************/
LastReadBytes:0
LastReadThroughput:0
LastWrittenBytes:0
LastWriteThroughput:0
RealWrittenBytes:0
RealWriteThroughput:0
当前玩家的连接数量:0
当前地图的线程个数：9
当前地图的个数:48
当前数据库执行队列数:0
当前发送队列缓存的对象数量:0
totalMemory：680001536, use ：468376360, free ：211625176DirectMemory：1827143680, 恢复 ：1
当前时间 ：2026-08-21 16:10:29send keng：2418, sheng ：4194304
decode keng：26, sheng ：2097152
world keng：12, sheng ：1048576

2026-08-21 16:10:34.682 INFO [pool-6-thread-7][:] - /****************流量统计******************/
LastReadBytes:0
LastReadThroughput:0
LastWrittenBytes:0
LastWriteThroughput:0
RealWrittenBytes:0
RealWriteThroughput:0
当前玩家的连接数量:0
当前地图的线程个数：9
当前地图的个数:48
当前数据库执行队列数:0
当前发送队列缓存的对象数量:0
totalMemory：680001536, use ：425251000, free ：254750536DirectMemory：1827143680, 恢复 ：1
当前时间 ：2026-08-21 16:10:34send keng：2418, sheng ：4194304
decode keng：26, sheng ：2097152
world keng：12, sheng ：1048576

2026-08-21 16:10:39.682 INFO [pool-6-thread-7][:] - /****************流量统计******************/
LastReadBytes:0
LastReadThroughput:0
LastWrittenBytes:0
LastWriteThroughput:0
RealWrittenBytes:0
RealWriteThroughput:0
当前玩家的连接数量:0
当前地图的线程个数：9
当前地图的个数:48
当前数据库执行队列数:0
当前发送队列缓存的对象数量:0
totalMemory：680001536, use ：428583160, free ：251418376DirectMemory：1827143680, 恢复 ：1
当前时间 ：2026-08-21 16:10:39send keng：2418, sheng ：4194304
decode keng：26, sheng ：2097152
world keng：12, sheng ：1048576

2026-08-21 16:10:44.682 INFO [pool-6-thread-5][:] - /****************流量统计******************/
LastReadBytes:0
LastReadThroughput:0
LastWrittenBytes:0
LastWriteThroughput:0
RealWrittenBytes:0
RealWriteThroughput:0
当前玩家的连接数量:0
当前地图的线程个数：9
当前地图的个数:48
当前数据库执行队列数:0
当前发送队列缓存的对象数量:0
totalMemory：680001536, use ：432185680, free ：247815856DirectMemory：1827143680, 恢复 ：1
当前时间 ：2026-08-21 16:10:44send keng：2418, sheng ：4194304
decode keng：26, sheng ：2097152
world keng：12, sheng ：1048576

2026-08-21 16:10:49.682 INFO [pool-6-thread-7][:] - /****************流量统计******************/
LastReadBytes:0
LastReadThroughput:0
LastWrittenBytes:0
LastWriteThroughput:0
RealWrittenBytes:0
RealWriteThroughput:0
当前玩家的连接数量:0
当前地图的线程个数：9
当前地图的个数:48
当前数据库执行队列数:0
当前发送队列缓存的对象数量:0
totalMemory：680001536, use ：435370176, free ：244631360DirectMemory：1827143680, 恢复 ：1
当前时间 ：2026-08-21 16:10:49send keng：2418, sheng ：4194304
decode keng：26, sheng ：2097152
world keng：12, sheng ：1048576

2026-08-21 16:10:54.682 INFO [pool-6-thread-10][:] - /****************流量统计******************/
LastReadBytes:0
LastReadThroughput:0
LastWrittenBytes:0
LastWriteThroughput:0
RealWrittenBytes:0
RealWriteThroughput:0
当前玩家的连接数量:0
当前地图的线程个数：9
当前地图的个数:48
当前数据库执行队列数:0
当前发送队列缓存的对象数量:0
totalMemory：680001536, use ：439020912, free ：240980624DirectMemory：1827143680, 恢复 ：1
当前时间 ：2026-08-21 16:10:54send keng：2418, sheng ：4194304
decode keng：26, sheng ：2097152
world keng：12, sheng ：1048576

2026-08-21 16:10:59.682 INFO [pool-6-thread-8][:] - /****************流量统计******************/
LastReadBytes:0
LastReadThroughput:0
LastWrittenBytes:0
LastWriteThroughput:0
RealWrittenBytes:0
RealWriteThroughput:0
当前玩家的连接数量:0
当前地图的线程个数：9
当前地图的个数:48
当前数据库执行队列数:0
当前发送队列缓存的对象数量:0
totalMemory：680001536, use ：442476792, free ：237524744DirectMemory：1827143680, 恢复 ：1
当前时间 ：2026-08-21 16:10:59send keng：2418, sheng ：4194304
decode keng：26, sheng ：2097152
world keng：12, sheng ：1048576

2026-08-21 16:11:04.682 INFO [pool-6-thread-8][:] - /****************流量统计******************/
LastReadBytes:0
LastReadThroughput:0
LastWrittenBytes:0
LastWriteThroughput:0
RealWrittenBytes:0
RealWriteThroughput:0
当前玩家的连接数量:0
当前地图的线程个数：9
当前地图的个数:48
当前数据库执行队列数:0
当前发送队列缓存的对象数量:0
totalMemory：680001536, use ：446148072, free ：233853464DirectMemory：1827143680, 恢复 ：1
当前时间 ：2026-08-21 16:11:04send keng：2418, sheng ：4194304
decode keng：26, sheng ：2097152
world keng：12, sheng ：1048576

2026-08-21 16:11:09.682 INFO [pool-6-thread-4][:] - /****************流量统计******************/
LastReadBytes:0
LastReadThroughput:0
LastWrittenBytes:0
LastWriteThroughput:0
RealWrittenBytes:0
RealWriteThroughput:0
当前玩家的连接数量:0
当前地图的线程个数：9
当前地图的个数:48
当前数据库执行队列数:0
当前发送队列缓存的对象数量:0
totalMemory：680001536, use ：449446312, free ：230555224DirectMemory：1827143680, 恢复 ：1
当前时间 ：2026-08-21 16:11:09send keng：2418, sheng ：4194304
decode keng：26, sheng ：2097152
world keng：12, sheng ：1048576

2026-08-21 16:11:14.682 INFO [pool-6-thread-3][:] - /****************流量统计******************/
LastReadBytes:0
LastReadThroughput:0
LastWrittenBytes:0
LastWriteThroughput:0
RealWrittenBytes:0
RealWriteThroughput:0
当前玩家的连接数量:0
当前地图的线程个数：9
当前地图的个数:48
当前数据库执行队列数:0
当前发送队列缓存的对象数量:0
totalMemory：680001536, use ：453196520, free ：226805016DirectMemory：1827143680, 恢复 ：1
当前时间 ：2026-08-21 16:11:14send keng：2418, sheng ：4194304
decode keng：26, sheng ：2097152
world keng：12, sheng ：1048576

2026-08-21 16:11:19.682 INFO [pool-6-thread-6][:] - /****************流量统计******************/
LastReadBytes:0
LastReadThroughput:0
LastWrittenBytes:0
LastWriteThroughput:0
RealWrittenBytes:0
RealWriteThroughput:0
当前玩家的连接数量:0
当前地图的线程个数：9
当前地图的个数:48
当前数据库执行队列数:0
当前发送队列缓存的对象数量:0
totalMemory：680001536, use ：456543928, free ：223457608DirectMemory：1827143680, 恢复 ：1
当前时间 ：2026-08-21 16:11:19send keng：2418, sheng ：4194304
decode keng：26, sheng ：2097152
world keng：12, sheng ：1048576

2026-08-21 16:11:24.682 INFO [pool-6-thread-5][:] - /****************流量统计******************/
LastReadBytes:0
LastReadThroughput:0
LastWrittenBytes:0
LastWriteThroughput:0
RealWrittenBytes:0
RealWriteThroughput:0
当前玩家的连接数量:0
当前地图的线程个数：9
当前地图的个数:48
当前数据库执行队列数:0
当前发送队列缓存的对象数量:0
totalMemory：680001536, use ：460030096, free ：219971440DirectMemory：1827143680, 恢复 ：1
当前时间 ：2026-08-21 16:11:24send keng：2418, sheng ：4194304
decode keng：26, sheng ：2097152
world keng：12, sheng ：1048576

2026-08-21 16:11:29.682 INFO [pool-6-thread-10][:] - /****************流量统计******************/
LastReadBytes:0
LastReadThroughput:0
LastWrittenBytes:0
LastWriteThroughput:0
RealWrittenBytes:0
RealWriteThroughput:0
当前玩家的连接数量:0
当前地图的线程个数：9
当前地图的个数:48
当前数据库执行队列数:0
当前发送队列缓存的对象数量:0
totalMemory：680001536, use ：463648896, free ：216352640DirectMemory：1827143680, 恢复 ：1
当前时间 ：2026-08-21 16:11:29send keng：2418, sheng ：4194304
decode keng：26, sheng ：2097152
world keng：12, sheng ：1048576

2026-08-21 16:11:34.682 INFO [pool-6-thread-4][:] - /****************流量统计******************/
LastReadBytes:0
LastReadThroughput:0
LastWrittenBytes:0
LastWriteThroughput:0
RealWrittenBytes:0
RealWriteThroughput:0
当前玩家的连接数量:0
当前地图的线程个数：9
当前地图的个数:48
当前数据库执行队列数:0
当前发送队列缓存的对象数量:0
totalMemory：680001536, use ：466851040, free ：213150496DirectMemory：1827143680, 恢复 ：1
当前时间 ：2026-08-21 16:11:34send keng：2418, sheng ：4194304
decode keng：26, sheng ：2097152
world keng：12, sheng ：1048576

2026-08-21 16:11:39.682 INFO [pool-6-thread-3][:] - /****************流量统计******************/
LastReadBytes:0
LastReadThroughput:0
LastWrittenBytes:0
LastWriteThroughput:0
RealWrittenBytes:0
RealWriteThroughput:0
当前玩家的连接数量:0
当前地图的线程个数：9
当前地图的个数:48
当前数据库执行队列数:0
当前发送队列缓存的对象数量:0
totalMemory：680001536, use ：423681192, free ：256320344DirectMemory：1827143680, 恢复 ：1
当前时间 ：2026-08-21 16:11:39send keng：2418, sheng ：4194304
decode keng：26, sheng ：2097152
world keng：12, sheng ：1048576

2026-08-21 16:11:44.682 INFO [pool-6-thread-6][:] - /****************流量统计******************/
LastReadBytes:0
LastReadThroughput:0
LastWrittenBytes:0
LastWriteThroughput:0
RealWrittenBytes:0
RealWriteThroughput:0
当前玩家的连接数量:0
当前地图的线程个数：9
当前地图的个数:48
当前数据库执行队列数:0
当前发送队列缓存的对象数量:0
totalMemory：680001536, use ：426950208, free ：253051328DirectMemory：1827143680, 恢复 ：1
当前时间 ：2026-08-21 16:11:44send keng：2418, sheng ：4194304
decode keng：26, sheng ：2097152
world keng：12, sheng ：1048576

2026-08-21 16:11:49.682 INFO [pool-6-thread-3][:] - /****************流量统计******************/
LastReadBytes:0
LastReadThroughput:0
LastWrittenBytes:0
LastWriteThroughput:0
RealWrittenBytes:0
RealWriteThroughput:0
当前玩家的连接数量:0
当前地图的线程个数：9
当前地图的个数:48
当前数据库执行队列数:0
当前发送队列缓存的对象数量:0
totalMemory：680001536, use ：430590624, free ：249410912DirectMemory：1827143680, 恢复 ：1
当前时间 ：2026-08-21 16:11:49send keng：2418, sheng ：4194304
decode keng：26, sheng ：2097152
world keng：12, sheng ：1048576

2026-08-21 16:11:54.682 INFO [pool-6-thread-9][:] - /****************流量统计******************/
LastReadBytes:0
LastReadThroughput:0
LastWrittenBytes:0
LastWriteThroughput:0
RealWrittenBytes:0
RealWriteThroughput:0
当前玩家的连接数量:0
当前地图的线程个数：9
当前地图的个数:48
当前数据库执行队列数:0
当前发送队列缓存的对象数量:0
totalMemory：680001536, use ：434057872, free ：245943664DirectMemory：1827143680, 恢复 ：1
当前时间 ：2026-08-21 16:11:54send keng：2418, sheng ：4194304
decode keng：26, sheng ：2097152
world keng：12, sheng ：1048576

2026-08-21 16:11:59.682 INFO [pool-6-thread-3][:] - /****************流量统计******************/
LastReadBytes:0
LastReadThroughput:0
LastWrittenBytes:0
LastWriteThroughput:0
RealWrittenBytes:0
RealWriteThroughput:0
当前玩家的连接数量:0
当前地图的线程个数：9
当前地图的个数:48
当前数据库执行队列数:0
当前发送队列缓存的对象数量:0
totalMemory：680001536, use ：437224352, free ：242777184DirectMemory：1827143680, 恢复 ：1
当前时间 ：2026-08-21 16:11:59send keng：2418, sheng ：4194304
decode keng：26, sheng ：2097152
world keng：12, sheng ：1048576

2026-08-21 16:12:04.682 INFO [pool-6-thread-2][:] - /****************流量统计******************/
LastReadBytes:0
LastReadThroughput:0
LastWrittenBytes:0
LastWriteThroughput:0
RealWrittenBytes:0
RealWriteThroughput:0
当前玩家的连接数量:0
当前地图的线程个数：9
当前地图的个数:48
当前数据库执行队列数:0
当前发送队列缓存的对象数量:0
totalMemory：680001536, use ：441087808, free ：238913728DirectMemory：1827143680, 恢复 ：1
当前时间 ：2026-08-21 16:12:04send keng：2418, sheng ：4194304
decode keng：26, sheng ：2097152
world keng：12, sheng ：1048576

2026-08-21 16:12:09.682 INFO [pool-6-thread-2][:] - /****************流量统计******************/
LastReadBytes:0
LastReadThroughput:0
LastWrittenBytes:0
LastWriteThroughput:0
RealWrittenBytes:0
RealWriteThroughput:0
当前玩家的连接数量:0
当前地图的线程个数：9
当前地图的个数:48
当前数据库执行队列数:0
当前发送队列缓存的对象数量:0
totalMemory：680001536, use ：444318736, free ：235682800DirectMemory：1827143680, 恢复 ：1
当前时间 ：2026-08-21 16:12:09send keng：2418, sheng ：4194304
decode keng：26, sheng ：2097152
world keng：12, sheng ：1048576

2026-08-21 16:12:14.682 INFO [pool-6-thread-8][:] - /****************流量统计******************/
LastReadBytes:0
LastReadThroughput:0
LastWrittenBytes:0
LastWriteThroughput:0
RealWrittenBytes:0
RealWriteThroughput:0
当前玩家的连接数量:0
当前地图的线程个数：9
当前地图的个数:48
当前数据库执行队列数:0
当前发送队列缓存的对象数量:0
totalMemory：680001536, use ：448001920, free ：231999616DirectMemory：1827143680, 恢复 ：1
当前时间 ：2026-08-21 16:12:14send keng：2418, sheng ：4194304
decode keng：26, sheng ：2097152
world keng：12, sheng ：1048576

2026-08-21 16:12:19.682 INFO [pool-6-thread-7][:] - /****************流量统计******************/
LastReadBytes:0
LastReadThroughput:0
LastWrittenBytes:0
LastWriteThroughput:0
RealWrittenBytes:0
RealWriteThroughput:0
当前玩家的连接数量:0
当前地图的线程个数：9
当前地图的个数:48
当前数据库执行队列数:0
当前发送队列缓存的对象数量:0
totalMemory：680001536, use ：451139776, free ：228861760DirectMemory：1827143680, 恢复 ：1
当前时间 ：2026-08-21 16:12:19send keng：2418, sheng ：4194304
decode keng：26, sheng ：2097152
world keng：12, sheng ：1048576

2026-08-21 16:12:24.682 INFO [pool-6-thread-2][:] - /****************流量统计******************/
LastReadBytes:0
LastReadThroughput:0
LastWrittenBytes:0
LastWriteThroughput:0
RealWrittenBytes:0
RealWriteThroughput:0
当前玩家的连接数量:0
当前地图的线程个数：9
当前地图的个数:48
当前数据库执行队列数:0
当前发送队列缓存的对象数量:0
totalMemory：680001536, use ：454772904, free ：225228632DirectMemory：1827143680, 恢复 ：1
当前时间 ：2026-08-21 16:12:24send keng：2418, sheng ：4194304
decode keng：26, sheng ：2097152
world keng：12, sheng ：1048576

2026-08-21 16:12:29.682 INFO [pool-6-thread-9][:] - /****************流量统计******************/
LastReadBytes:0
LastReadThroughput:0
LastWrittenBytes:0
LastWriteThroughput:0
RealWrittenBytes:0
RealWriteThroughput:0
当前玩家的连接数量:0
当前地图的线程个数：9
当前地图的个数:48
当前数据库执行队列数:0
当前发送队列缓存的对象数量:0
totalMemory：680001536, use ：458332800, free ：221668736DirectMemory：1827143680, 恢复 ：1
当前时间 ：2026-08-21 16:12:29send keng：2418, sheng ：4194304
decode keng：26, sheng ：2097152
world keng：12, sheng ：1048576

2026-08-21 16:12:34.683 INFO [pool-6-thread-5][:] - /****************流量统计******************/
LastReadBytes:0
LastReadThroughput:0
LastWrittenBytes:0
LastWriteThroughput:0
RealWrittenBytes:0
RealWriteThroughput:0
当前玩家的连接数量:0
当前地图的线程个数：9
当前地图的个数:48
当前数据库执行队列数:0
当前发送队列缓存的对象数量:0
totalMemory：680001536, use ：461796576, free ：218204960DirectMemory：1827143680, 恢复 ：1
当前时间 ：2026-08-21 16:12:34send keng：2418, sheng ：4194304
decode keng：26, sheng ：2097152
world keng：12, sheng ：1048576

2026-08-21 16:12:39.682 INFO [pool-6-thread-2][:] - /****************流量统计******************/
LastReadBytes:0
LastReadThroughput:0
LastWrittenBytes:0
LastWriteThroughput:0
RealWrittenBytes:0
RealWriteThroughput:0
当前玩家的连接数量:0
当前地图的线程个数：9
当前地图的个数:48
当前数据库执行队列数:0
当前发送队列缓存的对象数量:0
totalMemory：680001536, use ：465075656, free ：214925880DirectMemory：1827143680, 恢复 ：1
当前时间 ：2026-08-21 16:12:39send keng：2418, sheng ：4194304
decode keng：26, sheng ：2097152
world keng：12, sheng ：1048576

2026-08-21 16:12:44.682 INFO [pool-6-thread-9][:] - /****************流量统计******************/
LastReadBytes:0
LastReadThroughput:0
LastWrittenBytes:0
LastWriteThroughput:0
RealWrittenBytes:0
RealWriteThroughput:0
当前玩家的连接数量:0
当前地图的线程个数：9
当前地图的个数:48
当前数据库执行队列数:0
当前发送队列缓存的对象数量:0
totalMemory：680001536, use ：468637992, free ：211363544DirectMemory：1827143680, 恢复 ：1
当前时间 ：2026-08-21 16:12:44send keng：2418, sheng ：4194304
decode keng：26, sheng ：2097152
world keng：12, sheng ：1048576

2026-08-21 16:12:49.682 INFO [pool-6-thread-6][:] - /****************流量统计******************/
LastReadBytes:0
LastReadThroughput:0
LastWrittenBytes:0
LastWriteThroughput:0
RealWrittenBytes:0
RealWriteThroughput:0
当前玩家的连接数量:0
当前地图的线程个数：9
当前地图的个数:48
当前数据库执行队列数:0
当前发送队列缓存的对象数量:0
totalMemory：680001536, use ：425202624, free ：254798912DirectMemory：1827143680, 恢复 ：1
当前时间 ：2026-08-21 16:12:49send keng：2418, sheng ：4194304
decode keng：26, sheng ：2097152
world keng：12, sheng ：1048576

2026-08-21 16:12:54.682 INFO [pool-6-thread-2][:] - /****************流量统计******************/
LastReadBytes:0
LastReadThroughput:0
LastWrittenBytes:0
LastWriteThroughput:0
RealWrittenBytes:0
RealWriteThroughput:0
当前玩家的连接数量:0
当前地图的线程个数：9
当前地图的个数:48
当前数据库执行队列数:0
当前发送队列缓存的对象数量:0
totalMemory：680001536, use ：428496864, free ：251504672DirectMemory：1827143680, 恢复 ：1
当前时间 ：2026-08-21 16:12:54send keng：2418, sheng ：4194304
decode keng：26, sheng ：2097152
world keng：12, sheng ：1048576

2026-08-21 16:12:59.682 INFO [pool-6-thread-7][:] - /****************流量统计******************/
LastReadBytes:0
LastReadThroughput:0
LastWrittenBytes:0
LastWriteThroughput:0
RealWrittenBytes:0
RealWriteThroughput:0
当前玩家的连接数量:0
当前地图的线程个数：9
当前地图的个数:48
当前数据库执行队列数:0
当前发送队列缓存的对象数量:0
totalMemory：680001536, use ：432304536, free ：247697000DirectMemory：1827143680, 恢复 ：1
当前时间 ：2026-08-21 16:12:59send keng：2418, sheng ：4194304
decode keng：26, sheng ：2097152
world keng：12, sheng ：1048576

2026-08-21 16:13:04.682 INFO [pool-6-thread-9][:] - /****************流量统计******************/
LastReadBytes:0
LastReadThroughput:0
LastWrittenBytes:0
LastWriteThroughput:0
RealWrittenBytes:0
RealWriteThroughput:0
当前玩家的连接数量:0
当前地图的线程个数：9
当前地图的个数:48
当前数据库执行队列数:0
当前发送队列缓存的对象数量:0
totalMemory：680001536, use ：435612112, free ：244389424DirectMemory：1827143680, 恢复 ：1
当前时间 ：2026-08-21 16:13:04send keng：2418, sheng ：4194304
decode keng：26, sheng ：2097152
world keng：12, sheng ：1048576

2026-08-21 16:13:09.682 INFO [pool-6-thread-4][:] - /****************流量统计******************/
LastReadBytes:0
LastReadThroughput:0
LastWrittenBytes:0
LastWriteThroughput:0
RealWrittenBytes:0
RealWriteThroughput:0
当前玩家的连接数量:0
当前地图的线程个数：9
当前地图的个数:48
当前数据库执行队列数:0
当前发送队列缓存的对象数量:0
totalMemory：680001536, use ：439097896, free ：240903640DirectMemory：1827143680, 恢复 ：1
当前时间 ：2026-08-21 16:13:09send keng：2418, sheng ：4194304
decode keng：26, sheng ：2097152
world keng：12, sheng ：1048576

2026-08-21 16:13:14.682 INFO [pool-6-thread-8][:] - /****************流量统计******************/
LastReadBytes:0
LastReadThroughput:0
LastWrittenBytes:0
LastWriteThroughput:0
RealWrittenBytes:0
RealWriteThroughput:0
当前玩家的连接数量:0
当前地图的线程个数：9
当前地图的个数:48
当前数据库执行队列数:0
当前发送队列缓存的对象数量:0
totalMemory：680001536, use ：442437944, free ：237563592DirectMemory：1827143680, 恢复 ：1
当前时间 ：2026-08-21 16:13:14send keng：2418, sheng ：4194304
decode keng：26, sheng ：2097152
world keng：12, sheng ：1048576

2026-08-21 16:13:19.682 INFO [pool-6-thread-1][:] - /****************流量统计******************/
LastReadBytes:0
LastReadThroughput:0
LastWrittenBytes:0
LastWriteThroughput:0
RealWrittenBytes:0
RealWriteThroughput:0
当前玩家的连接数量:0
当前地图的线程个数：9
当前地图的个数:48
当前数据库执行队列数:0
当前发送队列缓存的对象数量:0
totalMemory：680001536, use ：446179208, free ：233822328DirectMemory：1827143680, 恢复 ：1
当前时间 ：2026-08-21 16:13:19send keng：2418, sheng ：4194304
decode keng：26, sheng ：2097152
world keng：12, sheng ：1048576

2026-08-21 16:13:24.683 INFO [pool-6-thread-3][:] - /****************流量统计******************/
LastReadBytes:0
LastReadThroughput:0
LastWrittenBytes:0
LastWriteThroughput:0
RealWrittenBytes:0
RealWriteThroughput:0
当前玩家的连接数量:0
当前地图的线程个数：9
当前地图的个数:48
当前数据库执行队列数:0
当前发送队列缓存的对象数量:0
totalMemory：680001536, use ：449484240, free ：230517296DirectMemory：1827143680, 恢复 ：1
当前时间 ：2026-08-21 16:13:24send keng：2418, sheng ：4194304
decode keng：26, sheng ：2097152
world keng：12, sheng ：1048576

2026-08-21 16:13:29.682 INFO [pool-6-thread-9][:] - /****************流量统计******************/
LastReadBytes:0
LastReadThroughput:0
LastWrittenBytes:0
LastWriteThroughput:0
RealWrittenBytes:0
RealWriteThroughput:0
当前玩家的连接数量:0
当前地图的线程个数：9
当前地图的个数:48
当前数据库执行队列数:0
当前发送队列缓存的对象数量:0
totalMemory：680001536, use ：453022112, free ：226979424DirectMemory：1827143680, 恢复 ：1
当前时间 ：2026-08-21 16:13:29send keng：2418, sheng ：4194304
decode keng：26, sheng ：2097152
world keng：12, sheng ：1048576

2026-08-21 16:13:34.682 INFO [pool-6-thread-5][:] - /****************流量统计******************/
LastReadBytes:0
LastReadThroughput:0
LastWrittenBytes:0
LastWriteThroughput:0
RealWrittenBytes:0
RealWriteThroughput:0
当前玩家的连接数量:0
当前地图的线程个数：9
当前地图的个数:48
当前数据库执行队列数:0
当前发送队列缓存的对象数量:0
totalMemory：680001536, use ：456564864, free ：223436672DirectMemory：1827143680, 恢复 ：1
当前时间 ：2026-08-21 16:13:34send keng：2418, sheng ：4194304
decode keng：26, sheng ：2097152
world keng：12, sheng ：1048576

2026-08-21 16:13:39.682 INFO [pool-6-thread-2][:] - /****************流量统计******************/
LastReadBytes:0
LastReadThroughput:0
LastWrittenBytes:0
LastWriteThroughput:0
RealWrittenBytes:0
RealWriteThroughput:0
当前玩家的连接数量:0
当前地图的线程个数：9
当前地图的个数:48
当前数据库执行队列数:0
当前发送队列缓存的对象数量:0
totalMemory：680001536, use ：459871064, free ：220130472DirectMemory：1827143680, 恢复 ：1
当前时间 ：2026-08-21 16:13:39send keng：2418, sheng ：4194304
decode keng：26, sheng ：2097152
world keng：12, sheng ：1048576

2026-08-21 16:13:44.682 INFO [pool-6-thread-4][:] - /****************流量统计******************/
LastReadBytes:0
LastReadThroughput:0
LastWrittenBytes:0
LastWriteThroughput:0
RealWrittenBytes:0
RealWriteThroughput:0
当前玩家的连接数量:0
当前地图的线程个数：9
当前地图的个数:48
当前数据库执行队列数:0
当前发送队列缓存的对象数量:0
totalMemory：680001536, use ：463500968, free ：216500568DirectMemory：1827143680, 恢复 ：1
当前时间 ：2026-08-21 16:13:44send keng：2418, sheng ：4194304
decode keng：26, sheng ：2097152
world keng：12, sheng ：1048576

2026-08-21 16:13:49.685 INFO [pool-6-thread-2][:] - /****************流量统计******************/
LastReadBytes:0
LastReadThroughput:0
LastWrittenBytes:0
LastWriteThroughput:0
RealWrittenBytes:0
RealWriteThroughput:0
当前玩家的连接数量:0
当前地图的线程个数：9
当前地图的个数:48
当前数据库执行队列数:0
当前发送队列缓存的对象数量:0
totalMemory：680001536, use ：466742552, free ：213258984DirectMemory：1827143680, 恢复 ：1
当前时间 ：2026-08-21 16:13:49send keng：2418, sheng ：4194304
decode keng：26, sheng ：2097152
world keng：12, sheng ：1048576

2026-08-21 16:13:54.682 INFO [pool-6-thread-5][:] - /****************流量统计******************/
LastReadBytes:0
LastReadThroughput:0
LastWrittenBytes:0
LastWriteThroughput:0
RealWrittenBytes:0
RealWriteThroughput:0
当前玩家的连接数量:0
当前地图的线程个数：9
当前地图的个数:48
当前数据库执行队列数:0
当前发送队列缓存的对象数量:0
totalMemory：680001536, use ：423555064, free ：256446472DirectMemory：1827143680, 恢复 ：1
当前时间 ：2026-08-21 16:13:54send keng：2418, sheng ：4194304
decode keng：26, sheng ：2097152
world keng：12, sheng ：1048576

2026-08-21 16:13:59.682 INFO [pool-6-thread-5][:] - /****************流量统计******************/
LastReadBytes:0
LastReadThroughput:0
LastWrittenBytes:0
LastWriteThroughput:0
RealWrittenBytes:0
RealWriteThroughput:0
当前玩家的连接数量:0
当前地图的线程个数：9
当前地图的个数:48
当前数据库执行队列数:0
当前发送队列缓存的对象数量:0
totalMemory：680001536, use ：426823816, free ：253177720DirectMemory：1827143680, 恢复 ：1
当前时间 ：2026-08-21 16:13:59send keng：2418, sheng ：4194304
decode keng：26, sheng ：2097152
world keng：12, sheng ：1048576

2026-08-21 16:14:04.682 INFO [pool-6-thread-10][:] - /****************流量统计******************/
LastReadBytes:0
LastReadThroughput:0
LastWrittenBytes:0
LastWriteThroughput:0
RealWrittenBytes:0
RealWriteThroughput:0
当前玩家的连接数量:0
当前地图的线程个数：9
当前地图的个数:48
当前数据库执行队列数:0
当前发送队列缓存的对象数量:0
totalMemory：680001536, use ：430604880, free ：249396656DirectMemory：1827143680, 恢复 ：1
当前时间 ：2026-08-21 16:14:04send keng：2418, sheng ：4194304
decode keng：26, sheng ：2097152
world keng：12, sheng ：1048576

2026-08-21 16:14:09.683 INFO [pool-6-thread-3][:] - /****************流量统计******************/
LastReadBytes:0
LastReadThroughput:0
LastWrittenBytes:0
LastWriteThroughput:0
RealWrittenBytes:0
RealWriteThroughput:0
当前玩家的连接数量:0
当前地图的线程个数：9
当前地图的个数:48
当前数据库执行队列数:0
当前发送队列缓存的对象数量:0
totalMemory：680001536, use ：433891168, free ：246110368DirectMemory：1827143680, 恢复 ：1
当前时间 ：2026-08-21 16:14:09send keng：2418, sheng ：4194304
decode keng：26, sheng ：2097152
world keng：12, sheng ：1048576

2026-08-21 16:14:14.682 INFO [pool-6-thread-9][:] - /****************流量统计******************/
LastReadBytes:0
LastReadThroughput:0
LastWrittenBytes:0
LastWriteThroughput:0
RealWrittenBytes:0
RealWriteThroughput:0
当前玩家的连接数量:0
当前地图的线程个数：9
当前地图的个数:48
当前数据库执行队列数:0
当前发送队列缓存的对象数量:0
totalMemory：680001536, use ：437237616, free ：242763920DirectMemory：1827143680, 恢复 ：1
当前时间 ：2026-08-21 16:14:14send keng：2418, sheng ：4194304
decode keng：26, sheng ：2097152
world keng：12, sheng ：1048576

2026-08-21 16:14:19.682 INFO [pool-6-thread-6][:] - /****************流量统计******************/
LastReadBytes:0
LastReadThroughput:0
LastWrittenBytes:0
LastWriteThroughput:0
RealWrittenBytes:0
RealWriteThroughput:0
当前玩家的连接数量:0
当前地图的线程个数：9
当前地图的个数:48
当前数据库执行队列数:0
当前发送队列缓存的对象数量:0
totalMemory：680001536, use ：440789616, free ：239211920DirectMemory：1827143680, 恢复 ：1
当前时间 ：2026-08-21 16:14:19send keng：2418, sheng ：4194304
decode keng：26, sheng ：2097152
world keng：12, sheng ：1048576

2026-08-21 16:14:24.683 INFO [pool-6-thread-7][:] - /****************流量统计******************/
LastReadBytes:0
LastReadThroughput:0
LastWrittenBytes:0
LastWriteThroughput:0
RealWrittenBytes:0
RealWriteThroughput:0
当前玩家的连接数量:0
当前地图的线程个数：9
当前地图的个数:48
当前数据库执行队列数:0
当前发送队列缓存的对象数量:0
totalMemory：680001536, use ：444144672, free ：235856864DirectMemory：1827143680, 恢复 ：1
当前时间 ：2026-08-21 16:14:24send keng：2418, sheng ：4194304
decode keng：26, sheng ：2097152
world keng：12, sheng ：1048576

2026-08-21 16:14:29.682 INFO [pool-6-thread-7][:] - /****************流量统计******************/
LastReadBytes:0
LastReadThroughput:0
LastWrittenBytes:0
LastWriteThroughput:0
RealWrittenBytes:0
RealWriteThroughput:0
当前玩家的连接数量:0
当前地图的线程个数：9
当前地图的个数:48
当前数据库执行队列数:0
当前发送队列缓存的对象数量:0
totalMemory：680001536, use ：447546496, free ：232455040DirectMemory：1827143680, 恢复 ：1
当前时间 ：2026-08-21 16:14:29send keng：2418, sheng ：4194304
decode keng：26, sheng ：2097152
world keng：12, sheng ：1048576

2026-08-21 16:14:34.682 INFO [pool-6-thread-2][:] - /****************流量统计******************/
LastReadBytes:0
LastReadThroughput:0
LastWrittenBytes:0
LastWriteThroughput:0
RealWrittenBytes:0
RealWriteThroughput:0
当前玩家的连接数量:0
当前地图的线程个数：9
当前地图的个数:48
当前数据库执行队列数:0
当前发送队列缓存的对象数量:0
totalMemory：680001536, use ：450920376, free ：229081160DirectMemory：1827143680, 恢复 ：1
当前时间 ：2026-08-21 16:14:34send keng：2418, sheng ：4194304
decode keng：26, sheng ：2097152
world keng：12, sheng ：1048576

2026-08-21 16:14:39.682 INFO [pool-6-thread-1][:] - /****************流量统计******************/
LastReadBytes:0
LastReadThroughput:0
LastWrittenBytes:0
LastWriteThroughput:0
RealWrittenBytes:0
RealWriteThroughput:0
当前玩家的连接数量:0
当前地图的线程个数：9
当前地图的个数:48
当前数据库执行队列数:0
当前发送队列缓存的对象数量:0
totalMemory：680001536, use ：454563392, free ：225438144DirectMemory：1827143680, 恢复 ：1
当前时间 ：2026-08-21 16:14:39send keng：2418, sheng ：4194304
decode keng：26, sheng ：2097152
world keng：12, sheng ：1048576

2026-08-21 16:14:44.682 INFO [pool-6-thread-10][:] - /****************流量统计******************/
LastReadBytes:0
LastReadThroughput:0
LastWrittenBytes:0
LastWriteThroughput:0
RealWrittenBytes:0
RealWriteThroughput:0
当前玩家的连接数量:0
当前地图的线程个数：9
当前地图的个数:48
当前数据库执行队列数:0
当前发送队列缓存的对象数量:0
totalMemory：680001536, use ：457835608, free ：222165928DirectMemory：1827143680, 恢复 ：1
当前时间 ：2026-08-21 16:14:44send keng：2418, sheng ：4194304
decode keng：26, sheng ：2097152
world keng：12, sheng ：1048576

2026-08-21 16:14:49.682 INFO [pool-6-thread-7][:] - /****************流量统计******************/
LastReadBytes:0
LastReadThroughput:0
LastWrittenBytes:0
LastWriteThroughput:0
RealWrittenBytes:0
RealWriteThroughput:0
当前玩家的连接数量:0
当前地图的线程个数：9
当前地图的个数:48
当前数据库执行队列数:0
当前发送队列缓存的对象数量:0
totalMemory：680001536, use ：461536792, free ：218464744DirectMemory：1827143680, 恢复 ：1
当前时间 ：2026-08-21 16:14:49send keng：2418, sheng ：4194304
decode keng：26, sheng ：2097152
world keng：12, sheng ：1048576

2026-08-21 16:14:54.682 INFO [pool-6-thread-5][:] - /****************流量统计******************/
LastReadBytes:0
LastReadThroughput:0
LastWrittenBytes:0
LastWriteThroughput:0
RealWrittenBytes:0
RealWriteThroughput:0
当前玩家的连接数量:0
当前地图的线程个数：9
当前地图的个数:48
当前数据库执行队列数:0
当前发送队列缓存的对象数量:0
totalMemory：680001536, use ：464964968, free ：215036568DirectMemory：1827143680, 恢复 ：1
当前时间 ：2026-08-21 16:14:54send keng：2418, sheng ：4194304
decode keng：26, sheng ：2097152
world keng：12, sheng ：1048576

2026-08-21 16:14:59.682 INFO [pool-6-thread-1][:] - /****************流量统计******************/
LastReadBytes:0
LastReadThroughput:0
LastWrittenBytes:0
LastWriteThroughput:0
RealWrittenBytes:0
RealWriteThroughput:0
当前玩家的连接数量:0
当前地图的线程个数：9
当前地图的个数:48
当前数据库执行队列数:0
当前发送队列缓存的对象数量:0
totalMemory：680001536, use ：468392496, free ：211609040DirectMemory：1827143680, 恢复 ：1
当前时间 ：2026-08-21 16:14:59send keng：2418, sheng ：4194304
decode keng：26, sheng ：2097152
world keng：12, sheng ：1048576

2026-08-21 16:15:04.682 INFO [pool-6-thread-7][:] - /****************流量统计******************/
LastReadBytes:0
LastReadThroughput:0
LastWrittenBytes:0
LastWriteThroughput:0
RealWrittenBytes:0
RealWriteThroughput:0
当前玩家的连接数量:0
当前地图的线程个数：9
当前地图的个数:48
当前数据库执行队列数:0
当前发送队列缓存的对象数量:0
totalMemory：680001536, use ：425068032, free ：254933504DirectMemory：1827143680, 恢复 ：1
当前时间 ：2026-08-21 16:15:04send keng：2418, sheng ：4194304
decode keng：26, sheng ：2097152
world keng：12, sheng ：1048576

2026-08-21 16:15:09.682 INFO [pool-6-thread-7][:] - /****************流量统计******************/
LastReadBytes:0
LastReadThroughput:0
LastWrittenBytes:0
LastWriteThroughput:0
RealWrittenBytes:0
RealWriteThroughput:0
当前玩家的连接数量:0
当前地图的线程个数：9
当前地图的个数:48
当前数据库执行队列数:0
当前发送队列缓存的对象数量:0
totalMemory：680001536, use ：428531880, free ：251469656DirectMemory：1827143680, 恢复 ：1
当前时间 ：2026-08-21 16:15:09send keng：2418, sheng ：4194304
decode keng：26, sheng ：2097152
world keng：12, sheng ：1048576

2026-08-21 16:15:14.682 INFO [pool-6-thread-2][:] - /****************流量统计******************/
LastReadBytes:0
LastReadThroughput:0
LastWrittenBytes:0
LastWriteThroughput:0
RealWrittenBytes:0
RealWriteThroughput:0
当前玩家的连接数量:0
当前地图的线程个数：9
当前地图的个数:48
当前数据库执行队列数:0
当前发送队列缓存的对象数量:0
totalMemory：680001536, use ：432513568, free ：247487968DirectMemory：1827143680, 恢复 ：1
当前时间 ：2026-08-21 16:15:14send keng：2418, sheng ：4194304
decode keng：26, sheng ：2097152
world keng：12, sheng ：1048576

2026-08-21 16:15:19.682 INFO [pool-6-thread-1][:] - /****************流量统计******************/
LastReadBytes:0
LastReadThroughput:0
LastWrittenBytes:0
LastWriteThroughput:0
RealWrittenBytes:0
RealWriteThroughput:0
当前玩家的连接数量:0
当前地图的线程个数：9
当前地图的个数:48
当前数据库执行队列数:0
当前发送队列缓存的对象数量:0
totalMemory：680001536, use ：435485312, free ：244516224DirectMemory：1827143680, 恢复 ：1
当前时间 ：2026-08-21 16:15:19send keng：2418, sheng ：4194304
decode keng：26, sheng ：2097152
world keng：12, sheng ：1048576

2026-08-21 16:15:24.682 INFO [pool-6-thread-8][:] - /****************流量统计******************/
LastReadBytes:0
LastReadThroughput:0
LastWrittenBytes:0
LastWriteThroughput:0
RealWrittenBytes:0
RealWriteThroughput:0
当前玩家的连接数量:0
当前地图的线程个数：9
当前地图的个数:48
当前数据库执行队列数:0
当前发送队列缓存的对象数量:0
totalMemory：680001536, use ：439294392, free ：240707144DirectMemory：1827143680, 恢复 ：1
当前时间 ：2026-08-21 16:15:24send keng：2418, sheng ：4194304
decode keng：26, sheng ：2097152
world keng：12, sheng ：1048576

2026-08-21 16:15:29.682 INFO [pool-6-thread-7][:] - /****************流量统计******************/
LastReadBytes:0
LastReadThroughput:0
LastWrittenBytes:0
LastWriteThroughput:0
RealWrittenBytes:0
RealWriteThroughput:0
当前玩家的连接数量:0
当前地图的线程个数：9
当前地图的个数:48
当前数据库执行队列数:0
当前发送队列缓存的对象数量:0
totalMemory：680001536, use ：442502184, free ：237499352DirectMemory：1827143680, 恢复 ：1
当前时间 ：2026-08-21 16:15:29send keng：2418, sheng ：4194304
decode keng：26, sheng ：2097152
world keng：12, sheng ：1048576

2026-08-21 16:15:34.682 INFO [pool-6-thread-5][:] - /****************流量统计******************/
LastReadBytes:0
LastReadThroughput:0
LastWrittenBytes:0
LastWriteThroughput:0
RealWrittenBytes:0
RealWriteThroughput:0
当前玩家的连接数量:0
当前地图的线程个数：9
当前地图的个数:48
当前数据库执行队列数:0
当前发送队列缓存的对象数量:0
totalMemory：680001536, use ：446100392, free ：233901144DirectMemory：1827143680, 恢复 ：1
当前时间 ：2026-08-21 16:15:34send keng：2418, sheng ：4194304
decode keng：26, sheng ：2097152
world keng：12, sheng ：1048576

2026-08-21 16:15:39.682 INFO [pool-6-thread-1][:] - /****************流量统计******************/
LastReadBytes:0
LastReadThroughput:0
LastWrittenBytes:0
LastWriteThroughput:0
RealWrittenBytes:0
RealWriteThroughput:0
当前玩家的连接数量:0
当前地图的线程个数：9
当前地图的个数:48
当前数据库执行队列数:0
当前发送队列缓存的对象数量:0
totalMemory：680001536, use ：449505128, free ：230496408DirectMemory：1827143680, 恢复 ：1
当前时间 ：2026-08-21 16:15:39send keng：2418, sheng ：4194304
decode keng：26, sheng ：2097152
world keng：12, sheng ：1048576

2026-08-21 16:15:44.682 INFO [pool-6-thread-1][:] - /****************流量统计******************/
LastReadBytes:0
LastReadThroughput:0
LastWrittenBytes:0
LastWriteThroughput:0
RealWrittenBytes:0
RealWriteThroughput:0
当前玩家的连接数量:0
当前地图的线程个数：9
当前地图的个数:48
当前数据库执行队列数:0
当前发送队列缓存的对象数量:0
totalMemory：680001536, use ：453027080, free ：226974456DirectMemory：1827143680, 恢复 ：1
当前时间 ：2026-08-21 16:15:44send keng：2418, sheng ：4194304
decode keng：26, sheng ：2097152
world keng：12, sheng ：1048576

2026-08-21 16:15:49.682 INFO [pool-6-thread-3][:] - /****************流量统计******************/
LastReadBytes:0
LastReadThroughput:0
LastWrittenBytes:0
LastWriteThroughput:0
RealWrittenBytes:0
RealWriteThroughput:0
当前玩家的连接数量:0
当前地图的线程个数：9
当前地图的个数:48
当前数据库执行队列数:0
当前发送队列缓存的对象数量:0
totalMemory：680001536, use ：456539240, free ：223462296DirectMemory：1827143680, 恢复 ：1
当前时间 ：2026-08-21 16:15:49send keng：2418, sheng ：4194304
decode keng：26, sheng ：2097152
world keng：12, sheng ：1048576

2026-08-21 16:15:54.682 INFO [pool-6-thread-8][:] - /****************流量统计******************/
LastReadBytes:0
LastReadThroughput:0
LastWrittenBytes:0
LastWriteThroughput:0
RealWrittenBytes:0
RealWriteThroughput:0
当前玩家的连接数量:0
当前地图的线程个数：9
当前地图的个数:48
当前数据库执行队列数:0
当前发送队列缓存的对象数量:0
totalMemory：680001536, use ：459950640, free ：220050896DirectMemory：1827143680, 恢复 ：1
当前时间 ：2026-08-21 16:15:54send keng：2418, sheng ：4194304
decode keng：26, sheng ：2097152
world keng：12, sheng ：1048576

2026-08-21 16:15:59.682 INFO [pool-6-thread-1][:] - /****************流量统计******************/
LastReadBytes:0
LastReadThroughput:0
LastWrittenBytes:0
LastWriteThroughput:0
RealWrittenBytes:0
RealWriteThroughput:0
当前玩家的连接数量:0
当前地图的线程个数：9
当前地图的个数:48
当前数据库执行队列数:0
当前发送队列缓存的对象数量:0
totalMemory：680001536, use ：463653336, free ：216348200DirectMemory：1827143680, 恢复 ：1
当前时间 ：2026-08-21 16:15:59send keng：2418, sheng ：4194304
decode keng：26, sheng ：2097152
world keng：12, sheng ：1048576

2026-08-21 16:16:04.682 INFO [pool-6-thread-1][:] - /****************流量统计******************/
LastReadBytes:0
LastReadThroughput:0
LastWrittenBytes:0
LastWriteThroughput:0
RealWrittenBytes:0
RealWriteThroughput:0
当前玩家的连接数量:0
当前地图的线程个数：9
当前地图的个数:48
当前数据库执行队列数:0
当前发送队列缓存的对象数量:0
totalMemory：680001536, use ：467056656, free ：212944880DirectMemory：1827143680, 恢复 ：1
当前时间 ：2026-08-21 16:16:04send keng：2418, sheng ：4194304
decode keng：26, sheng ：2097152
world keng：12, sheng ：1048576

2026-08-21 16:16:09.682 INFO [pool-6-thread-1][:] - /****************流量统计******************/
LastReadBytes:0
LastReadThroughput:0
LastWrittenBytes:0
LastWriteThroughput:0
RealWrittenBytes:0
RealWriteThroughput:0
当前玩家的连接数量:0
当前地图的线程个数：9
当前地图的个数:48
当前数据库执行队列数:0
当前发送队列缓存的对象数量:0
totalMemory：680001536, use ：423718376, free ：256283160DirectMemory：1827143680, 恢复 ：1
当前时间 ：2026-08-21 16:16:09send keng：2418, sheng ：4194304
decode keng：26, sheng ：2097152
world keng：12, sheng ：1048576

2026-08-21 16:16:14.682 INFO [pool-6-thread-1][:] - /****************流量统计******************/
LastReadBytes:0
LastReadThroughput:0
LastWrittenBytes:0
LastWriteThroughput:0
RealWrittenBytes:0
RealWriteThroughput:0
当前玩家的连接数量:0
当前地图的线程个数：9
当前地图的个数:48
当前数据库执行队列数:0
当前发送队列缓存的对象数量:0
totalMemory：680001536, use ：427191752, free ：252809784DirectMemory：1827143680, 恢复 ：1
当前时间 ：2026-08-21 16:16:14send keng：2418, sheng ：4194304
decode keng：26, sheng ：2097152
world keng：12, sheng ：1048576

2026-08-21 16:16:19.682 INFO [pool-6-thread-1][:] - /****************流量统计******************/
LastReadBytes:0
LastReadThroughput:0
LastWrittenBytes:0
LastWriteThroughput:0
RealWrittenBytes:0
RealWriteThroughput:0
当前玩家的连接数量:0
当前地图的线程个数：9
当前地图的个数:48
当前数据库执行队列数:0
当前发送队列缓存的对象数量:0
totalMemory：680001536, use ：430600384, free ：249401152DirectMemory：1827143680, 恢复 ：1
当前时间 ：2026-08-21 16:16:19send keng：2418, sheng ：4194304
decode keng：26, sheng ：2097152
world keng：12, sheng ：1048576

2026-08-21 16:16:24.682 INFO [pool-6-thread-3][:] - /****************流量统计******************/
LastReadBytes:0
LastReadThroughput:0
LastWrittenBytes:0
LastWriteThroughput:0
RealWrittenBytes:0
RealWriteThroughput:0
当前玩家的连接数量:0
当前地图的线程个数：9
当前地图的个数:48
当前数据库执行队列数:0
当前发送队列缓存的对象数量:0
totalMemory：680001536, use ：434472432, free ：245529104DirectMemory：1827143680, 恢复 ：1
当前时间 ：2026-08-21 16:16:24send keng：2418, sheng ：4194304
decode keng：26, sheng ：2097152
world keng：12, sheng ：1048576

2026-08-21 16:16:29.682 INFO [pool-6-thread-5][:] - /****************流量统计******************/
LastReadBytes:0
LastReadThroughput:0
LastWrittenBytes:0
LastWriteThroughput:0
RealWrittenBytes:0
RealWriteThroughput:0
当前玩家的连接数量:0
当前地图的线程个数：9
当前地图的个数:48
当前数据库执行队列数:0
当前发送队列缓存的对象数量:0
totalMemory：680001536, use ：437489152, free ：242512384DirectMemory：1827143680, 恢复 ：1
当前时间 ：2026-08-21 16:16:29send keng：2418, sheng ：4194304
decode keng：26, sheng ：2097152
world keng：12, sheng ：1048576

2026-08-21 16:16:34.682 INFO [pool-6-thread-6][:] - /****************流量统计******************/
LastReadBytes:0
LastReadThroughput:0
LastWrittenBytes:0
LastWriteThroughput:0
RealWrittenBytes:0
RealWriteThroughput:0
当前玩家的连接数量:0
当前地图的线程个数：9
当前地图的个数:48
当前数据库执行队列数:0
当前发送队列缓存的对象数量:0
totalMemory：680001536, use ：441133760, free ：238867776DirectMemory：1827143680, 恢复 ：1
当前时间 ：2026-08-21 16:16:34send keng：2418, sheng ：4194304
decode keng：26, sheng ：2097152
world keng：12, sheng ：1048576

2026-08-21 16:16:39.682 INFO [pool-6-thread-5][:] - /****************流量统计******************/
LastReadBytes:0
LastReadThroughput:0
LastWrittenBytes:0
LastWriteThroughput:0
RealWrittenBytes:0
RealWriteThroughput:0
当前玩家的连接数量:0
当前地图的线程个数：9
当前地图的个数:48
当前数据库执行队列数:0
当前发送队列缓存的对象数量:0
totalMemory：680001536, use ：444475440, free ：235526096DirectMemory：1827143680, 恢复 ：1
当前时间 ：2026-08-21 16:16:39send keng：2418, sheng ：4194304
decode keng：26, sheng ：2097152
world keng：12, sheng ：1048576

2026-08-21 16:16:44.682 INFO [pool-6-thread-10][:] - /****************流量统计******************/
LastReadBytes:0
LastReadThroughput:0
LastWrittenBytes:0
LastWriteThroughput:0
RealWrittenBytes:0
RealWriteThroughput:0
当前玩家的连接数量:0
当前地图的线程个数：9
当前地图的个数:48
当前数据库执行队列数:0
当前发送队列缓存的对象数量:0
totalMemory：680001536, use ：448156344, free ：231845192DirectMemory：1827143680, 恢复 ：1
当前时间 ：2026-08-21 16:16:44send keng：2418, sheng ：4194304
decode keng：26, sheng ：2097152
world keng：12, sheng ：1048576

2026-08-21 16:16:49.682 INFO [pool-6-thread-3][:] - /****************流量统计******************/
LastReadBytes:0
LastReadThroughput:0
LastWrittenBytes:0
LastWriteThroughput:0
RealWrittenBytes:0
RealWriteThroughput:0
当前玩家的连接数量:0
当前地图的线程个数：9
当前地图的个数:48
当前数据库执行队列数:0
当前发送队列缓存的对象数量:0
totalMemory：680001536, use ：451314552, free ：228686984DirectMemory：1827143680, 恢复 ：1
当前时间 ：2026-08-21 16:16:49send keng：2418, sheng ：4194304
decode keng：26, sheng ：2097152
world keng：12, sheng ：1048576

2026-08-21 16:16:54.682 INFO [pool-6-thread-10][:] - /****************流量统计******************/
LastReadBytes:0
LastReadThroughput:0
LastWrittenBytes:0
LastWriteThroughput:0
RealWrittenBytes:0
RealWriteThroughput:0
当前玩家的连接数量:0
当前地图的线程个数：9
当前地图的个数:48
当前数据库执行队列数:0
当前发送队列缓存的对象数量:0
totalMemory：680001536, use ：454874744, free ：225126792DirectMemory：1827143680, 恢复 ：1
当前时间 ：2026-08-21 16:16:54send keng：2418, sheng ：4194304
decode keng：26, sheng ：2097152
world keng：12, sheng ：1048576

2026-08-21 16:16:59.682 INFO [pool-6-thread-2][:] - /****************流量统计******************/
LastReadBytes:0
LastReadThroughput:0
LastWrittenBytes:0
LastWriteThroughput:0
RealWrittenBytes:0
RealWriteThroughput:0
当前玩家的连接数量:0
当前地图的线程个数：9
当前地图的个数:48
当前数据库执行队列数:0
当前发送队列缓存的对象数量:0
totalMemory：680001536, use ：458291976, free ：221709560DirectMemory：1827143680, 恢复 ：1
当前时间 ：2026-08-21 16:16:59send keng：2418, sheng ：4194304
decode keng：26, sheng ：2097152
world keng：12, sheng ：1048576

2026-08-21 16:17:04.682 INFO [pool-6-thread-9][:] - /****************流量统计******************/
LastReadBytes:0
LastReadThroughput:0
LastWrittenBytes:0
LastWriteThroughput:0
RealWrittenBytes:0
RealWriteThroughput:0
当前玩家的连接数量:0
当前地图的线程个数：9
当前地图的个数:48
当前数据库执行队列数:0
当前发送队列缓存的对象数量:0
totalMemory：680001536, use ：461806920, free ：218194616DirectMemory：1827143680, 恢复 ：1
当前时间 ：2026-08-21 16:17:04send keng：2418, sheng ：4194304
decode keng：26, sheng ：2097152
world keng：12, sheng ：1048576

2026-08-21 16:17:09.682 INFO [pool-6-thread-6][:] - /****************流量统计******************/
LastReadBytes:0
LastReadThroughput:0
LastWrittenBytes:0
LastWriteThroughput:0
RealWrittenBytes:0
RealWriteThroughput:0
当前玩家的连接数量:0
当前地图的线程个数：9
当前地图的个数:48
当前数据库执行队列数:0
当前发送队列缓存的对象数量:0
totalMemory：680001536, use ：465291168, free ：214710368DirectMemory：1827143680, 恢复 ：1
当前时间 ：2026-08-21 16:17:09send keng：2418, sheng ：4194304
decode keng：26, sheng ：2097152
world keng：12, sheng ：1048576

2026-08-21 16:17:14.682 INFO [pool-6-thread-10][:] - /****************流量统计******************/
LastReadBytes:0
LastReadThroughput:0
LastWrittenBytes:0
LastWriteThroughput:0
RealWrittenBytes:0
RealWriteThroughput:0
当前玩家的连接数量:0
当前地图的线程个数：9
当前地图的个数:48
当前数据库执行队列数:0
当前发送队列缓存的对象数量:0
totalMemory：680001536, use ：468881424, free ：211120112DirectMemory：1827143680, 恢复 ：1
当前时间 ：2026-08-21 16:17:14send keng：2418, sheng ：4194304
decode keng：26, sheng ：2097152
world keng：12, sheng ：1048576

2026-08-21 16:17:19.682 INFO [pool-6-thread-10][:] - /****************流量统计******************/
LastReadBytes:0
LastReadThroughput:0
LastWrittenBytes:0
LastWriteThroughput:0
RealWrittenBytes:0
RealWriteThroughput:0
当前玩家的连接数量:0
当前地图的线程个数：9
当前地图的个数:48
当前数据库执行队列数:0
当前发送队列缓存的对象数量:0
totalMemory：680001536, use ：425914128, free ：254087408DirectMemory：1827143680, 恢复 ：1
当前时间 ：2026-08-21 16:17:19send keng：2418, sheng ：4194304
decode keng：26, sheng ：2097152
world keng：12, sheng ：1048576

2026-08-21 16:17:24.682 INFO [pool-6-thread-1][:] - /****************流量统计******************/
LastReadBytes:0
LastReadThroughput:0
LastWrittenBytes:0
LastWriteThroughput:0
RealWrittenBytes:0
RealWriteThroughput:0
当前玩家的连接数量:0
当前地图的线程个数：9
当前地图的个数:48
当前数据库执行队列数:0
当前发送队列缓存的对象数量:0
totalMemory：680001536, use ：429008136, free ：250993400DirectMemory：1827143680, 恢复 ：1
当前时间 ：2026-08-21 16:17:24send keng：2418, sheng ：4194304
decode keng：26, sheng ：2097152
world keng：12, sheng ：1048576

2026-08-21 16:17:29.682 INFO [pool-6-thread-4][:] - /****************流量统计******************/
LastReadBytes:0
LastReadThroughput:0
LastWrittenBytes:0
LastWriteThroughput:0
RealWrittenBytes:0
RealWriteThroughput:0
当前玩家的连接数量:0
当前地图的线程个数：9
当前地图的个数:48
当前数据库执行队列数:0
当前发送队列缓存的对象数量:0
totalMemory：680001536, use ：432685048, free ：247316488DirectMemory：1827143680, 恢复 ：1
当前时间 ：2026-08-21 16:17:29send keng：2418, sheng ：4194304
decode keng：26, sheng ：2097152
world keng：12, sheng ：1048576

2026-08-21 16:17:34.682 INFO [pool-6-thread-10][:] - /****************流量统计******************/
LastReadBytes:0
LastReadThroughput:0
LastWrittenBytes:0
LastWriteThroughput:0
RealWrittenBytes:0
RealWriteThroughput:0
当前玩家的连接数量:0
当前地图的线程个数：9
当前地图的个数:48
当前数据库执行队列数:0
当前发送队列缓存的对象数量:0
totalMemory：680001536, use ：436069688, free ：243931848DirectMemory：1827143680, 恢复 ：1
当前时间 ：2026-08-21 16:17:34send keng：2418, sheng ：4194304
decode keng：26, sheng ：2097152
world keng：12, sheng ：1048576

2026-08-21 16:17:39.682 INFO [pool-6-thread-7][:] - /****************流量统计******************/
LastReadBytes:0
LastReadThroughput:0
LastWrittenBytes:0
LastWriteThroughput:0
RealWrittenBytes:0
RealWriteThroughput:0
当前玩家的连接数量:0
当前地图的线程个数：9
当前地图的个数:48
当前数据库执行队列数:0
当前发送队列缓存的对象数量:0
totalMemory：680001536, use ：439649480, free ：240352056DirectMemory：1827143680, 恢复 ：1
当前时间 ：2026-08-21 16:17:39send keng：2418, sheng ：4194304
decode keng：26, sheng ：2097152
world keng：12, sheng ：1048576

2026-08-21 16:17:44.682 INFO [pool-6-thread-7][:] - /****************流量统计******************/
LastReadBytes:0
LastReadThroughput:0
LastWrittenBytes:0
LastWriteThroughput:0
RealWrittenBytes:0
RealWriteThroughput:0
当前玩家的连接数量:0
当前地图的线程个数：9
当前地图的个数:48
当前数据库执行队列数:0
当前发送队列缓存的对象数量:0
totalMemory：680001536, use ：443010944, free ：236990592DirectMemory：1827143680, 恢复 ：1
当前时间 ：2026-08-21 16:17:44send keng：2418, sheng ：4194304
decode keng：26, sheng ：2097152
world keng：12, sheng ：1048576

2026-08-21 16:17:49.682 INFO [pool-6-thread-6][:] - /****************流量统计******************/
LastReadBytes:0
LastReadThroughput:0
LastWrittenBytes:0
LastWriteThroughput:0
RealWrittenBytes:0
RealWriteThroughput:0
当前玩家的连接数量:0
当前地图的线程个数：9
当前地图的个数:48
当前数据库执行队列数:0
当前发送队列缓存的对象数量:0
totalMemory：680001536, use ：446571416, free ：233430120DirectMemory：1827143680, 恢复 ：1
当前时间 ：2026-08-21 16:17:49send keng：2418, sheng ：4194304
decode keng：26, sheng ：2097152
world keng：12, sheng ：1048576

2026-08-21 16:17:54.682 INFO [pool-6-thread-6][:] - /****************流量统计******************/
LastReadBytes:0
LastReadThroughput:0
LastWrittenBytes:0
LastWriteThroughput:0
RealWrittenBytes:0
RealWriteThroughput:0
当前玩家的连接数量:0
当前地图的线程个数：9
当前地图的个数:48
当前数据库执行队列数:0
当前发送队列缓存的对象数量:0
totalMemory：680001536, use ：450175320, free ：229826216DirectMemory：1827143680, 恢复 ：1
当前时间 ：2026-08-21 16:17:54send keng：2418, sheng ：4194304
decode keng：26, sheng ：2097152
world keng：12, sheng ：1048576

2026-08-21 16:17:59.682 INFO [pool-6-thread-6][:] - /****************流量统计******************/
LastReadBytes:0
LastReadThroughput:0
LastWrittenBytes:0
LastWriteThroughput:0
RealWrittenBytes:0
RealWriteThroughput:0
当前玩家的连接数量:0
当前地图的线程个数：9
当前地图的个数:48
当前数据库执行队列数:0
当前发送队列缓存的对象数量:0
totalMemory：680001536, use ：453387792, free ：226613744DirectMemory：1827143680, 恢复 ：1
当前时间 ：2026-08-21 16:17:59send keng：2418, sheng ：4194304
decode keng：26, sheng ：2097152
world keng：12, sheng ：1048576

2026-08-21 16:18:04.682 INFO [pool-6-thread-2][:] - /****************流量统计******************/
LastReadBytes:0
LastReadThroughput:0
LastWrittenBytes:0
LastWriteThroughput:0
RealWrittenBytes:0
RealWriteThroughput:0
当前玩家的连接数量:0
当前地图的线程个数：9
当前地图的个数:48
当前数据库执行队列数:0
当前发送队列缓存的对象数量:0
totalMemory：680001536, use ：457133504, free ：222868032DirectMemory：1827143680, 恢复 ：1
当前时间 ：2026-08-21 16:18:04send keng：2418, sheng ：4194304
decode keng：26, sheng ：2097152
world keng：12, sheng ：1048576

2026-08-21 16:18:09.682 INFO [pool-6-thread-7][:] - /****************流量统计******************/
LastReadBytes:0
LastReadThroughput:0
LastWrittenBytes:0
LastWriteThroughput:0
RealWrittenBytes:0
RealWriteThroughput:0
当前玩家的连接数量:0
当前地图的线程个数：9
当前地图的个数:48
当前数据库执行队列数:0
当前发送队列缓存的对象数量:0
totalMemory：680001536, use ：460438928, free ：219562608DirectMemory：1827143680, 恢复 ：1
当前时间 ：2026-08-21 16:18:09send keng：2418, sheng ：4194304
decode keng：26, sheng ：2097152
world keng：12, sheng ：1048576

2026-08-21 16:18:14.682 INFO [pool-6-thread-6][:] - /****************流量统计******************/
LastReadBytes:0
LastReadThroughput:0
LastWrittenBytes:0
LastWriteThroughput:0
RealWrittenBytes:0
RealWriteThroughput:0
当前玩家的连接数量:0
当前地图的线程个数：9
当前地图的个数:48
当前数据库执行队列数:0
当前发送队列缓存的对象数量:0
totalMemory：680001536, use ：464076040, free ：215925496DirectMemory：1827143680, 恢复 ：1
当前时间 ：2026-08-21 16:18:14send keng：2418, sheng ：4194304
decode keng：26, sheng ：2097152
world keng：12, sheng ：1048576

2026-08-21 16:18:19.682 INFO [pool-6-thread-9][:] - /****************流量统计******************/
LastReadBytes:0
LastReadThroughput:0
LastWrittenBytes:0
LastWriteThroughput:0
RealWrittenBytes:0
RealWriteThroughput:0
当前玩家的连接数量:0
当前地图的线程个数：9
当前地图的个数:48
当前数据库执行队列数:0
当前发送队列缓存的对象数量:0
totalMemory：680001536, use ：467306968, free ：212694568DirectMemory：1827143680, 恢复 ：1
当前时间 ：2026-08-21 16:18:19send keng：2418, sheng ：4194304
decode keng：26, sheng ：2097152
world keng：12, sheng ：1048576

2026-08-21 16:18:24.682 INFO [pool-6-thread-1][:] - /****************流量统计******************/
LastReadBytes:0
LastReadThroughput:0
LastWrittenBytes:0
LastWriteThroughput:0
RealWrittenBytes:0
RealWriteThroughput:0
当前玩家的连接数量:0
当前地图的线程个数：9
当前地图的个数:48
当前数据库执行队列数:0
当前发送队列缓存的对象数量:0
totalMemory：680001536, use ：424301696, free ：255699840DirectMemory：1827143680, 恢复 ：1
当前时间 ：2026-08-21 16:18:24send keng：2418, sheng ：4194304
decode keng：26, sheng ：2097152
world keng：12, sheng ：1048576

2026-08-21 16:18:29.682 INFO [pool-6-thread-3][:] - /****************流量统计******************/
LastReadBytes:0
LastReadThroughput:0
LastWrittenBytes:0
LastWriteThroughput:0
RealWrittenBytes:0
RealWriteThroughput:0
当前玩家的连接数量:0
当前地图的线程个数：9
当前地图的个数:48
当前数据库执行队列数:0
当前发送队列缓存的对象数量:0
totalMemory：680001536, use ：427810496, free ：252191040DirectMemory：1827143680, 恢复 ：1
当前时间 ：2026-08-21 16:18:29send keng：2418, sheng ：4194304
decode keng：26, sheng ：2097152
world keng：12, sheng ：1048576

2026-08-21 16:18:34.682 INFO [pool-6-thread-3][:] - /****************流量统计******************/
LastReadBytes:0
LastReadThroughput:0
LastWrittenBytes:0
LastWriteThroughput:0
RealWrittenBytes:0
RealWriteThroughput:0
当前玩家的连接数量:0
当前地图的线程个数：9
当前地图的个数:48
当前数据库执行队列数:0
当前发送队列缓存的对象数量:0
totalMemory：680001536, use ：431084512, free ：248917024DirectMemory：1827143680, 恢复 ：1
当前时间 ：2026-08-21 16:18:34send keng：2418, sheng ：4194304
decode keng：26, sheng ：2097152
world keng：12, sheng ：1048576

2026-08-21 16:18:39.683 INFO [pool-6-thread-6][:] - /****************流量统计******************/
LastReadBytes:0
LastReadThroughput:0
LastWrittenBytes:0
LastWriteThroughput:0
RealWrittenBytes:0
RealWriteThroughput:0
当前玩家的连接数量:0
当前地图的线程个数：9
当前地图的个数:48
当前数据库执行队列数:0
当前发送队列缓存的对象数量:0
totalMemory：680001536, use ：434794952, free ：245206584DirectMemory：1827143680, 恢复 ：1
当前时间 ：2026-08-21 16:18:39send keng：2418, sheng ：4194304
decode keng：26, sheng ：2097152
world keng：12, sheng ：1048576

2026-08-21 16:18:44.682 INFO [pool-6-thread-7][:] - /****************流量统计******************/
LastReadBytes:0
LastReadThroughput:0
LastWrittenBytes:0
LastWriteThroughput:0
RealWrittenBytes:0
RealWriteThroughput:0
当前玩家的连接数量:0
当前地图的线程个数：9
当前地图的个数:48
当前数据库执行队列数:0
当前发送队列缓存的对象数量:0
totalMemory：680001536, use ：438106856, free ：241894680DirectMemory：1827143680, 恢复 ：1
当前时间 ：2026-08-21 16:18:44send keng：2418, sheng ：4194304
decode keng：26, sheng ：2097152
world keng：12, sheng ：1048576

2026-08-21 16:18:49.684 INFO [pool-6-thread-8][:] - /****************流量统计******************/
LastReadBytes:0
LastReadThroughput:0
LastWrittenBytes:0
LastWriteThroughput:0
RealWrittenBytes:0
RealWriteThroughput:0
当前玩家的连接数量:0
当前地图的线程个数：9
当前地图的个数:48
当前数据库执行队列数:0
当前发送队列缓存的对象数量:0
totalMemory：680001536, use ：441789024, free ：238212512DirectMemory：1827143680, 恢复 ：1
当前时间 ：2026-08-21 16:18:49send keng：2418, sheng ：4194304
decode keng：26, sheng ：2097152
world keng：12, sheng ：1048576

2026-08-21 16:18:54.896 INFO [pool-6-thread-5][:] - /****************流量统计******************/
LastReadBytes:0
LastReadThroughput:0
LastWrittenBytes:0
LastWriteThroughput:0
RealWrittenBytes:0
RealWriteThroughput:0
当前玩家的连接数量:0
当前地图的线程个数：9
当前地图的个数:48
当前数据库执行队列数:0
当前发送队列缓存的对象数量:0
totalMemory：680001536, use ：444781288, free ：235220248DirectMemory：1827143680, 恢复 ：1
当前时间 ：2026-08-21 16:18:54send keng：2418, sheng ：4194304
decode keng：26, sheng ：2097152
world keng：12, sheng ：1048576

2026-08-21 16:18:59.682 INFO [pool-6-thread-3][:] - /****************流量统计******************/
LastReadBytes:0
LastReadThroughput:0
LastWrittenBytes:0
LastWriteThroughput:0
RealWrittenBytes:0
RealWriteThroughput:0
当前玩家的连接数量:0
当前地图的线程个数：9
当前地图的个数:48
当前数据库执行队列数:0
当前发送队列缓存的对象数量:0
totalMemory：680001536, use ：448381632, free ：231619904DirectMemory：1827143680, 恢复 ：1
当前时间 ：2026-08-21 16:18:59send keng：2418, sheng ：4194304
decode keng：26, sheng ：2097152
world keng：12, sheng ：1048576

2026-08-21 16:19:04.683 INFO [pool-6-thread-8][:] - /****************流量统计******************/
LastReadBytes:0
LastReadThroughput:0
LastWrittenBytes:0
LastWriteThroughput:0
RealWrittenBytes:0
RealWriteThroughput:0
当前玩家的连接数量:0
当前地图的线程个数：9
当前地图的个数:48
当前数据库执行队列数:0
当前发送队列缓存的对象数量:0
totalMemory：680001536, use ：451844528, free ：228157008DirectMemory：1827143680, 恢复 ：1
当前时间 ：2026-08-21 16:19:04send keng：2418, sheng ：4194304
decode keng：26, sheng ：2097152
world keng：12, sheng ：1048576

2026-08-21 16:19:09.682 INFO [pool-6-thread-5][:] - /****************流量统计******************/
LastReadBytes:0
LastReadThroughput:0
LastWrittenBytes:0
LastWriteThroughput:0
RealWrittenBytes:0
RealWriteThroughput:0
当前玩家的连接数量:0
当前地图的线程个数：9
当前地图的个数:48
当前数据库执行队列数:0
当前发送队列缓存的对象数量:0
totalMemory：680001536, use ：455346672, free ：224654864DirectMemory：1827143680, 恢复 ：1
当前时间 ：2026-08-21 16:19:09send keng：2418, sheng ：4194304
decode keng：26, sheng ：2097152
world keng：12, sheng ：1048576

2026-08-21 16:19:14.682 INFO [pool-6-thread-6][:] - /****************流量统计******************/
LastReadBytes:0
LastReadThroughput:0
LastWrittenBytes:0
LastWriteThroughput:0
RealWrittenBytes:0
RealWriteThroughput:0
当前玩家的连接数量:0
当前地图的线程个数：9
当前地图的个数:48
当前数据库执行队列数:0
当前发送队列缓存的对象数量:0
totalMemory：680001536, use ：459018944, free ：220982592DirectMemory：1827143680, 恢复 ：1
当前时间 ：2026-08-21 16:19:14send keng：2418, sheng ：4194304
decode keng：26, sheng ：2097152
world keng：12, sheng ：1048576

2026-08-21 16:19:19.682 INFO [pool-6-thread-5][:] - /****************流量统计******************/
LastReadBytes:0
LastReadThroughput:0
LastWrittenBytes:0
LastWriteThroughput:0
RealWrittenBytes:0
RealWriteThroughput:0
当前玩家的连接数量:0
当前地图的线程个数：9
当前地图的个数:48
当前数据库执行队列数:0
当前发送队列缓存的对象数量:0
totalMemory：680001536, use ：462486968, free ：217514568DirectMemory：1827143680, 恢复 ：1
当前时间 ：2026-08-21 16:19:19send keng：2418, sheng ：4194304
decode keng：26, sheng ：2097152
world keng：12, sheng ：1048576

2026-08-21 16:19:24.682 INFO [pool-6-thread-4][:] - /****************流量统计******************/
LastReadBytes:0
LastReadThroughput:0
LastWrittenBytes:0
LastWriteThroughput:0
RealWrittenBytes:0
RealWriteThroughput:0
当前玩家的连接数量:0
当前地图的线程个数：9
当前地图的个数:48
当前数据库执行队列数:0
当前发送队列缓存的对象数量:0
totalMemory：680001536, use ：466138696, free ：213862840DirectMemory：1827143680, 恢复 ：1
当前时间 ：2026-08-21 16:19:24send keng：2418, sheng ：4194304
decode keng：26, sheng ：2097152
world keng：12, sheng ：1048576

2026-08-21 16:19:29.682 INFO [pool-6-thread-10][:] - /****************流量统计******************/
LastReadBytes:0
LastReadThroughput:0
LastWrittenBytes:0
LastWriteThroughput:0
RealWrittenBytes:0
RealWriteThroughput:0
当前玩家的连接数量:0
当前地图的线程个数：9
当前地图的个数:48
当前数据库执行队列数:0
当前发送队列缓存的对象数量:0
totalMemory：680001536, use ：423329128, free ：256672408DirectMemory：1827143680, 恢复 ：1
当前时间 ：2026-08-21 16:19:29send keng：2418, sheng ：4194304
decode keng：26, sheng ：2097152
world keng：12, sheng ：1048576

2026-08-21 16:19:34.682 INFO [pool-6-thread-2][:] - /****************流量统计******************/
LastReadBytes:0
LastReadThroughput:0
LastWrittenBytes:0
LastWriteThroughput:0
RealWrittenBytes:0
RealWriteThroughput:0
当前玩家的连接数量:0
当前地图的线程个数：9
当前地图的个数:48
当前数据库执行队列数:0
当前发送队列缓存的对象数量:0
totalMemory：680001536, use ：426108680, free ：253892856DirectMemory：1827143680, 恢复 ：1
当前时间 ：2026-08-21 16:19:34send keng：2418, sheng ：4194304
decode keng：26, sheng ：2097152
world keng：12, sheng ：1048576

2026-08-21 16:19:39.682 INFO [pool-6-thread-3][:] - /****************流量统计******************/
LastReadBytes:0
LastReadThroughput:0
LastWrittenBytes:0
LastWriteThroughput:0
RealWrittenBytes:0
RealWriteThroughput:0
当前玩家的连接数量:0
当前地图的线程个数：9
当前地图的个数:48
当前数据库执行队列数:0
当前发送队列缓存的对象数量:0
totalMemory：680001536, use ：429847912, free ：250153624DirectMemory：1827143680, 恢复 ：1
当前时间 ：2026-08-21 16:19:39send keng：2418, sheng ：4194304
decode keng：26, sheng ：2097152
world keng：12, sheng ：1048576

2026-08-21 16:19:44.682 INFO [pool-6-thread-3][:] - /****************流量统计******************/
LastReadBytes:0
LastReadThroughput:0
LastWrittenBytes:0
LastWriteThroughput:0
RealWrittenBytes:0
RealWriteThroughput:0
当前玩家的连接数量:0
当前地图的线程个数：9
当前地图的个数:48
当前数据库执行队列数:0
当前发送队列缓存的对象数量:0
totalMemory：680001536, use ：433262152, free ：246739384DirectMemory：1827143680, 恢复 ：1
当前时间 ：2026-08-21 16:19:44send keng：2418, sheng ：4194304
decode keng：26, sheng ：2097152
world keng：12, sheng ：1048576

2026-08-21 16:19:49.682 INFO [pool-6-thread-7][:] - /****************流量统计******************/
LastReadBytes:0
LastReadThroughput:0
LastWrittenBytes:0
LastWriteThroughput:0
RealWrittenBytes:0
RealWriteThroughput:0
当前玩家的连接数量:0
当前地图的线程个数：9
当前地图的个数:48
当前数据库执行队列数:0
当前发送队列缓存的对象数量:0
totalMemory：680001536, use ：436786904, free ：243214632DirectMemory：1827143680, 恢复 ：1
当前时间 ：2026-08-21 16:19:49send keng：2418, sheng ：4194304
decode keng：26, sheng ：2097152
world keng：12, sheng ：1048576

2026-08-21 16:19:54.682 INFO [pool-6-thread-9][:] - /****************流量统计******************/
LastReadBytes:0
LastReadThroughput:0
LastWrittenBytes:0
LastWriteThroughput:0
RealWrittenBytes:0
RealWriteThroughput:0
当前玩家的连接数量:0
当前地图的线程个数：9
当前地图的个数:48
当前数据库执行队列数:0
当前发送队列缓存的对象数量:0
totalMemory：680001536, use ：440059288, free ：239942248DirectMemory：1827143680, 恢复 ：1
当前时间 ：2026-08-21 16:19:54send keng：2418, sheng ：4194304
decode keng：26, sheng ：2097152
world keng：12, sheng ：1048576

2026-08-21 16:19:59.682 INFO [pool-6-thread-4][:] - /****************流量统计******************/
LastReadBytes:0
LastReadThroughput:0
LastWrittenBytes:0
LastWriteThroughput:0
RealWrittenBytes:0
RealWriteThroughput:0
当前玩家的连接数量:0
当前地图的线程个数：9
当前地图的个数:48
当前数据库执行队列数:0
当前发送队列缓存的对象数量:0
totalMemory：680001536, use ：443748032, free ：236253504DirectMemory：1827143680, 恢复 ：1
当前时间 ：2026-08-21 16:19:59send keng：2418, sheng ：4194304
decode keng：26, sheng ：2097152
world keng：12, sheng ：1048576

2026-08-21 16:20:04.682 INFO [pool-6-thread-6][:] - /****************流量统计******************/
LastReadBytes:0
LastReadThroughput:0
LastWrittenBytes:0
LastWriteThroughput:0
RealWrittenBytes:0
RealWriteThroughput:0
当前玩家的连接数量:0
当前地图的线程个数：9
当前地图的个数:48
当前数据库执行队列数:0
当前发送队列缓存的对象数量:0
totalMemory：680001536, use ：447040824, free ：232960712DirectMemory：1827143680, 恢复 ：1
当前时间 ：2026-08-21 16:20:04send keng：2418, sheng ：4194304
decode keng：26, sheng ：2097152
world keng：12, sheng ：1048576

2026-08-21 16:20:09.682 INFO [pool-6-thread-4][:] - /****************流量统计******************/
LastReadBytes:0
LastReadThroughput:0
LastWrittenBytes:0
LastWriteThroughput:0
RealWrittenBytes:0
RealWriteThroughput:0
当前玩家的连接数量:0
当前地图的线程个数：9
当前地图的个数:48
当前数据库执行队列数:0
当前发送队列缓存的对象数量:0
totalMemory：680001536, use ：450468880, free ：229532656DirectMemory：1827143680, 恢复 ：1
当前时间 ：2026-08-21 16:20:09send keng：2418, sheng ：4194304
decode keng：26, sheng ：2097152
world keng：12, sheng ：1048576

2026-08-21 16:20:14.682 INFO [pool-6-thread-9][:] - /****************流量统计******************/
LastReadBytes:0
LastReadThroughput:0
LastWrittenBytes:0
LastWriteThroughput:0
RealWrittenBytes:0
RealWriteThroughput:0
当前玩家的连接数量:0
当前地图的线程个数：9
当前地图的个数:48
当前数据库执行队列数:0
当前发送队列缓存的对象数量:0
totalMemory：680001536, use ：454103408, free ：225898128DirectMemory：1827143680, 恢复 ：1
当前时间 ：2026-08-21 16:20:14send keng：2418, sheng ：4194304
decode keng：26, sheng ：2097152
world keng：12, sheng ：1048576

2026-08-21 16:20:19.682 INFO [pool-6-thread-2][:] - /****************流量统计******************/
LastReadBytes:0
LastReadThroughput:0
LastWrittenBytes:0
LastWriteThroughput:0
RealWrittenBytes:0
RealWriteThroughput:0
当前玩家的连接数量:0
当前地图的线程个数：9
当前地图的个数:48
当前数据库执行队列数:0
当前发送队列缓存的对象数量:0
totalMemory：680001536, use ：457719208, free ：222282328DirectMemory：1827143680, 恢复 ：1
当前时间 ：2026-08-21 16:20:19send keng：2418, sheng ：4194304
decode keng：26, sheng ：2097152
world keng：12, sheng ：1048576

2026-08-21 16:20:24.682 INFO [pool-6-thread-8][:] - /****************流量统计******************/
LastReadBytes:0
LastReadThroughput:0
LastWrittenBytes:0
LastWriteThroughput:0
RealWrittenBytes:0
RealWriteThroughput:0
当前玩家的连接数量:0
当前地图的线程个数：9
当前地图的个数:48
当前数据库执行队列数:0
当前发送队列缓存的对象数量:0
totalMemory：680001536, use ：461158112, free ：218843424DirectMemory：1827143680, 恢复 ：1
当前时间 ：2026-08-21 16:20:24send keng：2418, sheng ：4194304
decode keng：26, sheng ：2097152
world keng：12, sheng ：1048576

2026-08-21 16:20:29.682 INFO [pool-6-thread-3][:] - /****************流量统计******************/
LastReadBytes:0
LastReadThroughput:0
LastWrittenBytes:0
LastWriteThroughput:0
RealWrittenBytes:0
RealWriteThroughput:0
当前玩家的连接数量:0
当前地图的线程个数：9
当前地图的个数:48
当前数据库执行队列数:0
当前发送队列缓存的对象数量:0
totalMemory：680001536, use ：464617736, free ：215383800DirectMemory：1827143680, 恢复 ：1
当前时间 ：2026-08-21 16:20:29send keng：2418, sheng ：4194304
decode keng：26, sheng ：2097152
world keng：12, sheng ：1048576

2026-08-21 16:20:34.682 INFO [pool-6-thread-1][:] - /****************流量统计******************/
LastReadBytes:0
LastReadThroughput:0
LastWrittenBytes:0
LastWriteThroughput:0
RealWrittenBytes:0
RealWriteThroughput:0
当前玩家的连接数量:0
当前地图的线程个数：9
当前地图的个数:48
当前数据库执行队列数:0
当前发送队列缓存的对象数量:0
totalMemory：680001536, use ：468201896, free ：211799640DirectMemory：1827143680, 恢复 ：1
当前时间 ：2026-08-21 16:20:34send keng：2418, sheng ：4194304
decode keng：26, sheng ：2097152
world keng：12, sheng ：1048576

2026-08-21 16:20:39.682 INFO [pool-6-thread-8][:] - /****************流量统计******************/
LastReadBytes:0
LastReadThroughput:0
LastWrittenBytes:0
LastWriteThroughput:0
RealWrittenBytes:0
RealWriteThroughput:0
当前玩家的连接数量:0
当前地图的线程个数：9
当前地图的个数:48
当前数据库执行队列数:0
当前发送队列缓存的对象数量:0
totalMemory：680001536, use ：424877384, free ：255124152DirectMemory：1827143680, 恢复 ：1
当前时间 ：2026-08-21 16:20:39send keng：2418, sheng ：4194304
decode keng：26, sheng ：2097152
world keng：12, sheng ：1048576

2026-08-21 16:20:44.682 INFO [pool-6-thread-7][:] - /****************流量统计******************/
LastReadBytes:0
LastReadThroughput:0
LastWrittenBytes:0
LastWriteThroughput:0
RealWrittenBytes:0
RealWriteThroughput:0
当前玩家的连接数量:0
当前地图的线程个数：9
当前地图的个数:48
当前数据库执行队列数:0
当前发送队列缓存的对象数量:0
totalMemory：680001536, use ：428533216, free ：251468320DirectMemory：1827143680, 恢复 ：1
当前时间 ：2026-08-21 16:20:44send keng：2418, sheng ：4194304
decode keng：26, sheng ：2097152
world keng：12, sheng ：1048576

2026-08-21 16:20:49.682 INFO [pool-6-thread-3][:] - /****************流量统计******************/
LastReadBytes:0
LastReadThroughput:0
LastWrittenBytes:0
LastWriteThroughput:0
RealWrittenBytes:0
RealWriteThroughput:0
当前玩家的连接数量:0
当前地图的线程个数：9
当前地图的个数:48
当前数据库执行队列数:0
当前发送队列缓存的对象数量:0
totalMemory：680001536, use ：432071512, free ：247930024DirectMemory：1827143680, 恢复 ：1
当前时间 ：2026-08-21 16:20:49send keng：2418, sheng ：4194304
decode keng：26, sheng ：2097152
world keng：12, sheng ：1048576

2026-08-21 16:20:54.682 INFO [pool-6-thread-5][:] - /****************流量统计******************/
LastReadBytes:0
LastReadThroughput:0
LastWrittenBytes:0
LastWriteThroughput:0
RealWrittenBytes:0
RealWriteThroughput:0
当前玩家的连接数量:0
当前地图的线程个数：9
当前地图的个数:48
当前数据库执行队列数:0
当前发送队列缓存的对象数量:0
totalMemory：680001536, use ：435106736, free ：244894800DirectMemory：1827143680, 恢复 ：1
当前时间 ：2026-08-21 16:20:54send keng：2418, sheng ：4194304
decode keng：26, sheng ：2097152
world keng：12, sheng ：1048576

2026-08-21 16:20:59.682 INFO [pool-6-thread-6][:] - /****************流量统计******************/
LastReadBytes:0
LastReadThroughput:0
LastWrittenBytes:0
LastWriteThroughput:0
RealWrittenBytes:0
RealWriteThroughput:0
当前玩家的连接数量:0
当前地图的线程个数：9
当前地图的个数:48
当前数据库执行队列数:0
当前发送队列缓存的对象数量:0
totalMemory：680001536, use ：438774120, free ：241227416DirectMemory：1827143680, 恢复 ：1
当前时间 ：2026-08-21 16:20:59send keng：2418, sheng ：4194304
decode keng：26, sheng ：2097152
world keng：12, sheng ：1048576

2026-08-21 16:21:04.682 INFO [pool-6-thread-7][:] - /****************流量统计******************/
LastReadBytes:0
LastReadThroughput:0
LastWrittenBytes:0
LastWriteThroughput:0
RealWrittenBytes:0
RealWriteThroughput:0
当前玩家的连接数量:0
当前地图的线程个数：9
当前地图的个数:48
当前数据库执行队列数:0
当前发送队列缓存的对象数量:0
totalMemory：680001536, use ：442072768, free ：237928768DirectMemory：1827143680, 恢复 ：1
当前时间 ：2026-08-21 16:21:04send keng：2418, sheng ：4194304
decode keng：26, sheng ：2097152
world keng：12, sheng ：1048576

2026-08-21 16:21:09.682 INFO [pool-6-thread-4][:] - /****************流量统计******************/
LastReadBytes:0
LastReadThroughput:0
LastWrittenBytes:0
LastWriteThroughput:0
RealWrittenBytes:0
RealWriteThroughput:0
当前玩家的连接数量:0
当前地图的线程个数：9
当前地图的个数:48
当前数据库执行队列数:0
当前发送队列缓存的对象数量:0
totalMemory：680001536, use ：445568616, free ：234432920DirectMemory：1827143680, 恢复 ：1
当前时间 ：2026-08-21 16:21:09send keng：2418, sheng ：4194304
decode keng：26, sheng ：2097152
world keng：12, sheng ：1048576

2026-08-21 16:21:14.682 INFO [pool-6-thread-8][:] - /****************流量统计******************/
LastReadBytes:0
LastReadThroughput:0
LastWrittenBytes:0
LastWriteThroughput:0
RealWrittenBytes:0
RealWriteThroughput:0
当前玩家的连接数量:0
当前地图的线程个数：9
当前地图的个数:48
当前数据库执行队列数:0
当前发送队列缓存的对象数量:0
totalMemory：680001536, use ：449149720, free ：230851816DirectMemory：1827143680, 恢复 ：1
当前时间 ：2026-08-21 16:21:14send keng：2418, sheng ：4194304
decode keng：26, sheng ：2097152
world keng：12, sheng ：1048576

2026-08-21 16:21:19.682 INFO [pool-6-thread-8][:] - /****************流量统计******************/
LastReadBytes:0
LastReadThroughput:0
LastWrittenBytes:0
LastWriteThroughput:0
RealWrittenBytes:0
RealWriteThroughput:0
当前玩家的连接数量:0
当前地图的线程个数：9
当前地图的个数:48
当前数据库执行队列数:0
当前发送队列缓存的对象数量:0
totalMemory：680001536, use ：452584512, free ：227417024DirectMemory：1827143680, 恢复 ：1
当前时间 ：2026-08-21 16:21:19send keng：2418, sheng ：4194304
decode keng：26, sheng ：2097152
world keng：12, sheng ：1048576

2026-08-21 16:21:24.682 INFO [pool-6-thread-6][:] - /****************流量统计******************/
LastReadBytes:0
LastReadThroughput:0
LastWrittenBytes:0
LastWriteThroughput:0
RealWrittenBytes:0
RealWriteThroughput:0
当前玩家的连接数量:0
当前地图的线程个数：9
当前地图的个数:48
当前数据库执行队列数:0
当前发送队列缓存的对象数量:0
totalMemory：680001536, use ：455941648, free ：224059888DirectMemory：1827143680, 恢复 ：1
当前时间 ：2026-08-21 16:21:24send keng：2418, sheng ：4194304
decode keng：26, sheng ：2097152
world keng：12, sheng ：1048576

2026-08-21 16:21:29.682 INFO [pool-6-thread-4][:] - /****************流量统计******************/
LastReadBytes:0
LastReadThroughput:0
LastWrittenBytes:0
LastWriteThroughput:0
RealWrittenBytes:0
RealWriteThroughput:0
当前玩家的连接数量:0
当前地图的线程个数：9
当前地图的个数:48
当前数据库执行队列数:0
当前发送队列缓存的对象数量:0
totalMemory：680001536, use ：459620024, free ：220381512DirectMemory：1827143680, 恢复 ：1
当前时间 ：2026-08-21 16:21:29send keng：2418, sheng ：4194304
decode keng：26, sheng ：2097152
world keng：12, sheng ：1048576

2026-08-21 16:21:34.682 INFO [pool-6-thread-2][:] - /****************流量统计******************/
LastReadBytes:0
LastReadThroughput:0
LastWrittenBytes:0
LastWriteThroughput:0
RealWrittenBytes:0
RealWriteThroughput:0
当前玩家的连接数量:0
当前地图的线程个数：9
当前地图的个数:48
当前数据库执行队列数:0
当前发送队列缓存的对象数量:0
totalMemory：680001536, use ：462988952, free ：217012584DirectMemory：1827143680, 恢复 ：1
当前时间 ：2026-08-21 16:21:34send keng：2418, sheng ：4194304
decode keng：26, sheng ：2097152
world keng：12, sheng ：1048576

2026-08-21 16:21:39.682 INFO [pool-6-thread-5][:] - /****************流量统计******************/
LastReadBytes:0
LastReadThroughput:0
LastWrittenBytes:0
LastWriteThroughput:0
RealWrittenBytes:0
RealWriteThroughput:0
当前玩家的连接数量:0
当前地图的线程个数：9
当前地图的个数:48
当前数据库执行队列数:0
当前发送队列缓存的对象数量:0
totalMemory：680001536, use ：466542032, free ：213459504DirectMemory：1827143680, 恢复 ：1
当前时间 ：2026-08-21 16:21:39send keng：2418, sheng ：4194304
decode keng：26, sheng ：2097152
world keng：12, sheng ：1048576

2026-08-21 16:21:44.682 INFO [pool-6-thread-4][:] - /****************流量统计******************/
LastReadBytes:0
LastReadThroughput:0
LastWrittenBytes:0
LastWriteThroughput:0
RealWrittenBytes:0
RealWriteThroughput:0
当前玩家的连接数量:0
当前地图的线程个数：9
当前地图的个数:48
当前数据库执行队列数:0
当前发送队列缓存的对象数量:0
totalMemory：680001536, use ：423430104, free ：256571432DirectMemory：1827143680, 恢复 ：1
当前时间 ：2026-08-21 16:21:44send keng：2418, sheng ：4194304
decode keng：26, sheng ：2097152
world keng：12, sheng ：1048576

2026-08-21 16:21:49.682 INFO [pool-6-thread-8][:] - /****************流量统计******************/
LastReadBytes:0
LastReadThroughput:0
LastWrittenBytes:0
LastWriteThroughput:0
RealWrittenBytes:0
RealWriteThroughput:0
当前玩家的连接数量:0
当前地图的线程个数：9
当前地图的个数:48
当前数据库执行队列数:0
当前发送队列缓存的对象数量:0
totalMemory：680001536, use ：426785528, free ：253216008DirectMemory：1827143680, 恢复 ：1
当前时间 ：2026-08-21 16:21:49send keng：2418, sheng ：4194304
decode keng：26, sheng ：2097152
world keng：12, sheng ：1048576

2026-08-21 16:21:54.682 INFO [pool-6-thread-9][:] - /****************流量统计******************/
LastReadBytes:0
LastReadThroughput:0
LastWrittenBytes:0
LastWriteThroughput:0
RealWrittenBytes:0
RealWriteThroughput:0
当前玩家的连接数量:0
当前地图的线程个数：9
当前地图的个数:48
当前数据库执行队列数:0
当前发送队列缓存的对象数量:0
totalMemory：680001536, use ：430274824, free ：249726712DirectMemory：1827143680, 恢复 ：1
当前时间 ：2026-08-21 16:21:54send keng：2418, sheng ：4194304
decode keng：26, sheng ：2097152
world keng：12, sheng ：1048576

2026-08-21 16:21:59.682 INFO [pool-6-thread-10][:] - /****************流量统计******************/
LastReadBytes:0
LastReadThroughput:0
LastWrittenBytes:0
LastWriteThroughput:0
RealWrittenBytes:0
RealWriteThroughput:0
当前玩家的连接数量:0
当前地图的线程个数：9
当前地图的个数:48
当前数据库执行队列数:0
当前发送队列缓存的对象数量:0
totalMemory：680001536, use ：433681976, free ：246319560DirectMemory：1827143680, 恢复 ：1
当前时间 ：2026-08-21 16:21:59send keng：2418, sheng ：4194304
decode keng：26, sheng ：2097152
world keng：12, sheng ：1048576

2026-08-21 16:22:04.682 INFO [pool-6-thread-2][:] - /****************流量统计******************/
LastReadBytes:0
LastReadThroughput:0
LastWrittenBytes:0
LastWriteThroughput:0
RealWrittenBytes:0
RealWriteThroughput:0
当前玩家的连接数量:0
当前地图的线程个数：9
当前地图的个数:48
当前数据库执行队列数:0
当前发送队列缓存的对象数量:0
totalMemory：680001536, use ：437291448, free ：242710088DirectMemory：1827143680, 恢复 ：1
当前时间 ：2026-08-21 16:22:04send keng：2418, sheng ：4194304
decode keng：26, sheng ：2097152
world keng：12, sheng ：1048576

2026-08-21 16:22:09.682 INFO [pool-6-thread-6][:] - /****************流量统计******************/
LastReadBytes:0
LastReadThroughput:0
LastWrittenBytes:0
LastWriteThroughput:0
RealWrittenBytes:0
RealWriteThroughput:0
当前玩家的连接数量:0
当前地图的线程个数：9
当前地图的个数:48
当前数据库执行队列数:0
当前发送队列缓存的对象数量:0
totalMemory：680001536, use ：440718256, free ：239283280DirectMemory：1827143680, 恢复 ：1
当前时间 ：2026-08-21 16:22:09send keng：2418, sheng ：4194304
decode keng：26, sheng ：2097152
world keng：12, sheng ：1048576

2026-08-21 16:22:14.686 INFO [pool-6-thread-7][:] - /****************流量统计******************/
LastReadBytes:0
LastReadThroughput:0
LastWrittenBytes:0
LastWriteThroughput:0
RealWrittenBytes:0
RealWriteThroughput:0
当前玩家的连接数量:0
当前地图的线程个数：9
当前地图的个数:48
当前数据库执行队列数:0
当前发送队列缓存的对象数量:0
totalMemory：680001536, use ：444084424, free ：235917112DirectMemory：1827143680, 恢复 ：1
当前时间 ：2026-08-21 16:22:14send keng：2418, sheng ：4194304
decode keng：26, sheng ：2097152
world keng：12, sheng ：1048576

2026-08-21 16:22:19.682 INFO [pool-6-thread-2][:] - /****************流量统计******************/
LastReadBytes:0
LastReadThroughput:0
LastWrittenBytes:0
LastWriteThroughput:0
RealWrittenBytes:0
RealWriteThroughput:0
当前玩家的连接数量:0
当前地图的线程个数：9
当前地图的个数:48
当前数据库执行队列数:0
当前发送队列缓存的对象数量:0
totalMemory：680001536, use ：447861888, free ：232139648DirectMemory：1827143680, 恢复 ：1
当前时间 ：2026-08-21 16:22:19send keng：2418, sheng ：4194304
decode keng：26, sheng ：2097152
world keng：12, sheng ：1048576

2026-08-21 16:22:24.682 INFO [pool-6-thread-9][:] - /****************流量统计******************/
LastReadBytes:0
LastReadThroughput:0
LastWrittenBytes:0
LastWriteThroughput:0
RealWrittenBytes:0
RealWriteThroughput:0
当前玩家的连接数量:0
当前地图的线程个数：9
当前地图的个数:48
当前数据库执行队列数:0
当前发送队列缓存的对象数量:0
totalMemory：680001536, use ：451223624, free ：228777912DirectMemory：1827143680, 恢复 ：1
当前时间 ：2026-08-21 16:22:24send keng：2418, sheng ：4194304
decode keng：26, sheng ：2097152
world keng：12, sheng ：1048576

2026-08-21 16:22:29.682 INFO [pool-6-thread-2][:] - /****************流量统计******************/
LastReadBytes:0
LastReadThroughput:0
LastWrittenBytes:0
LastWriteThroughput:0
RealWrittenBytes:0
RealWriteThroughput:0
当前玩家的连接数量:0
当前地图的线程个数：9
当前地图的个数:48
当前数据库执行队列数:0
当前发送队列缓存的对象数量:0
totalMemory：680001536, use ：454883664, free ：225117872DirectMemory：1827143680, 恢复 ：1
当前时间 ：2026-08-21 16:22:29send keng：2418, sheng ：4194304
decode keng：26, sheng ：2097152
world keng：12, sheng ：1048576

2026-08-21 16:22:34.682 INFO [pool-6-thread-7][:] - /****************流量统计******************/
LastReadBytes:0
LastReadThroughput:0
LastWrittenBytes:0
LastWriteThroughput:0
RealWrittenBytes:0
RealWriteThroughput:0
当前玩家的连接数量:0
当前地图的线程个数：9
当前地图的个数:48
当前数据库执行队列数:0
当前发送队列缓存的对象数量:0
totalMemory：680001536, use ：458159112, free ：221842424DirectMemory：1827143680, 恢复 ：1
当前时间 ：2026-08-21 16:22:34send keng：2418, sheng ：4194304
decode keng：26, sheng ：2097152
world keng：12, sheng ：1048576

2026-08-21 16:22:39.682 INFO [pool-6-thread-8][:] - /****************流量统计******************/
LastReadBytes:0
LastReadThroughput:0
LastWrittenBytes:0
LastWriteThroughput:0
RealWrittenBytes:0
RealWriteThroughput:0
当前玩家的连接数量:0
当前地图的线程个数：9
当前地图的个数:48
当前数据库执行队列数:0
当前发送队列缓存的对象数量:0
totalMemory：680001536, use ：461912552, free ：218088984DirectMemory：1827143680, 恢复 ：1
当前时间 ：2026-08-21 16:22:39send keng：2418, sheng ：4194304
decode keng：26, sheng ：2097152
world keng：12, sheng ：1048576

2026-08-21 16:22:44.682 INFO [pool-6-thread-7][:] - /****************流量统计******************/
LastReadBytes:0
LastReadThroughput:0
LastWrittenBytes:0
LastWriteThroughput:0
RealWrittenBytes:0
RealWriteThroughput:0
当前玩家的连接数量:0
当前地图的线程个数：9
当前地图的个数:48
当前数据库执行队列数:0
当前发送队列缓存的对象数量:0
totalMemory：680001536, use ：465064616, free ：214936920DirectMemory：1827143680, 恢复 ：1
当前时间 ：2026-08-21 16:22:44send keng：2418, sheng ：4194304
decode keng：26, sheng ：2097152
world keng：12, sheng ：1048576

2026-08-21 16:22:49.682 INFO [pool-6-thread-7][:] - /****************流量统计******************/
LastReadBytes:0
LastReadThroughput:0
LastWrittenBytes:0
LastWriteThroughput:0
RealWrittenBytes:0
RealWriteThroughput:0
当前玩家的连接数量:0
当前地图的线程个数：9
当前地图的个数:48
当前数据库执行队列数:0
当前发送队列缓存的对象数量:0
totalMemory：680001536, use ：468842448, free ：211159088DirectMemory：1827143680, 恢复 ：1
当前时间 ：2026-08-21 16:22:49send keng：2418, sheng ：4194304
decode keng：26, sheng ：2097152
world keng：12, sheng ：1048576

2026-08-21 16:22:54.682 INFO [pool-6-thread-2][:] - /****************流量统计******************/
LastReadBytes:0
LastReadThroughput:0
LastWrittenBytes:0
LastWriteThroughput:0
RealWrittenBytes:0
RealWriteThroughput:0
当前玩家的连接数量:0
当前地图的线程个数：9
当前地图的个数:48
当前数据库执行队列数:0
当前发送队列缓存的对象数量:0
totalMemory：680001536, use ：425375432, free ：254626104DirectMemory：1827143680, 恢复 ：1
当前时间 ：2026-08-21 16:22:54send keng：2418, sheng ：4194304
decode keng：26, sheng ：2097152
world keng：12, sheng ：1048576

2026-08-21 16:22:59.682 INFO [pool-6-thread-7][:] - /****************流量统计******************/
LastReadBytes:0
LastReadThroughput:0
LastWrittenBytes:0
LastWriteThroughput:0
RealWrittenBytes:0
RealWriteThroughput:0
当前玩家的连接数量:0
当前地图的线程个数：9
当前地图的个数:48
当前数据库执行队列数:0
当前发送队列缓存的对象数量:0
totalMemory：680001536, use ：428852904, free ：251148632DirectMemory：1827143680, 恢复 ：1
当前时间 ：2026-08-21 16:22:59send keng：2418, sheng ：4194304
decode keng：26, sheng ：2097152
world keng：12, sheng ：1048576

2026-08-21 16:23:04.682 INFO [pool-6-thread-5][:] - /****************流量统计******************/
LastReadBytes:0
LastReadThroughput:0
LastWrittenBytes:0
LastWriteThroughput:0
RealWrittenBytes:0
RealWriteThroughput:0
当前玩家的连接数量:0
当前地图的线程个数：9
当前地图的个数:48
当前数据库执行队列数:0
当前发送队列缓存的对象数量:0
totalMemory：680001536, use ：432597472, free ：247404064DirectMemory：1827143680, 恢复 ：1
当前时间 ：2026-08-21 16:23:04send keng：2418, sheng ：4194304
decode keng：26, sheng ：2097152
world keng：12, sheng ：1048576

2026-08-21 16:23:09.682 INFO [pool-6-thread-9][:] - /****************流量统计******************/
LastReadBytes:0
LastReadThroughput:0
LastWrittenBytes:0
LastWriteThroughput:0
RealWrittenBytes:0
RealWriteThroughput:0
当前玩家的连接数量:0
当前地图的线程个数：9
当前地图的个数:48
当前数据库执行队列数:0
当前发送队列缓存的对象数量:0
totalMemory：680001536, use ：435783840, free ：244217696DirectMemory：1827143680, 恢复 ：1
当前时间 ：2026-08-21 16:23:09send keng：2418, sheng ：4194304
decode keng：26, sheng ：2097152
world keng：12, sheng ：1048576

2026-08-21 16:23:14.682 INFO [pool-6-thread-10][:] - /****************流量统计******************/
LastReadBytes:0
LastReadThroughput:0
LastWrittenBytes:0
LastWriteThroughput:0
RealWrittenBytes:0
RealWriteThroughput:0
当前玩家的连接数量:0
当前地图的线程个数：9
当前地图的个数:48
当前数据库执行队列数:0
当前发送队列缓存的对象数量:0
totalMemory：680001536, use ：439363744, free ：240637792DirectMemory：1827143680, 恢复 ：1
当前时间 ：2026-08-21 16:23:14send keng：2418, sheng ：4194304
decode keng：26, sheng ：2097152
world keng：12, sheng ：1048576

2026-08-21 16:23:19.682 INFO [pool-6-thread-7][:] - /****************流量统计******************/
LastReadBytes:0
LastReadThroughput:0
LastWrittenBytes:0
LastWriteThroughput:0
RealWrittenBytes:0
RealWriteThroughput:0
当前玩家的连接数量:0
当前地图的线程个数：9
当前地图的个数:48
当前数据库执行队列数:0
当前发送队列缓存的对象数量:0
totalMemory：680001536, use ：442854616, free ：237146920DirectMemory：1827143680, 恢复 ：1
当前时间 ：2026-08-21 16:23:19send keng：2418, sheng ：4194304
decode keng：26, sheng ：2097152
world keng：12, sheng ：1048576

2026-08-21 16:23:24.683 INFO [pool-6-thread-4][:] - /****************流量统计******************/
LastReadBytes:0
LastReadThroughput:0
LastWrittenBytes:0
LastWriteThroughput:0
RealWrittenBytes:0
RealWriteThroughput:0
当前玩家的连接数量:0
当前地图的线程个数：9
当前地图的个数:48
当前数据库执行队列数:0
当前发送队列缓存的对象数量:0
totalMemory：680001536, use ：446261744, free ：233739792DirectMemory：1827143680, 恢复 ：1
当前时间 ：2026-08-21 16:23:24send keng：2418, sheng ：4194304
decode keng：26, sheng ：2097152
world keng：12, sheng ：1048576

2026-08-21 16:23:29.682 INFO [pool-6-thread-9][:] - /****************流量统计******************/
LastReadBytes:0
LastReadThroughput:0
LastWrittenBytes:0
LastWriteThroughput:0
RealWrittenBytes:0
RealWriteThroughput:0
当前玩家的连接数量:0
当前地图的线程个数：9
当前地图的个数:48
当前数据库执行队列数:0
当前发送队列缓存的对象数量:0
totalMemory：680001536, use ：449534696, free ：230466840DirectMemory：1827143680, 恢复 ：1
当前时间 ：2026-08-21 16:23:29send keng：2418, sheng ：4194304
decode keng：26, sheng ：2097152
world keng：12, sheng ：1048576

2026-08-21 16:23:34.682 INFO [pool-6-thread-2][:] - /****************流量统计******************/
LastReadBytes:0
LastReadThroughput:0
LastWrittenBytes:0
LastWriteThroughput:0
RealWrittenBytes:0
RealWriteThroughput:0
当前玩家的连接数量:0
当前地图的线程个数：9
当前地图的个数:48
当前数据库执行队列数:0
当前发送队列缓存的对象数量:0
totalMemory：680001536, use ：452959360, free ：227042176DirectMemory：1827143680, 恢复 ：1
当前时间 ：2026-08-21 16:23:34send keng：2418, sheng ：4194304
decode keng：26, sheng ：2097152
world keng：12, sheng ：1048576

2026-08-21 16:23:39.682 INFO [pool-6-thread-9][:] - /****************流量统计******************/
LastReadBytes:0
LastReadThroughput:0
LastWrittenBytes:0
LastWriteThroughput:0
RealWrittenBytes:0
RealWriteThroughput:0
当前玩家的连接数量:0
当前地图的线程个数：9
当前地图的个数:48
当前数据库执行队列数:0
当前发送队列缓存的对象数量:0
totalMemory：680001536, use ：456603400, free ：223398136DirectMemory：1827143680, 恢复 ：1
当前时间 ：2026-08-21 16:23:39send keng：2418, sheng ：4194304
decode keng：26, sheng ：2097152
world keng：12, sheng ：1048576

2026-08-21 16:23:44.683 INFO [pool-6-thread-8][:] - /****************流量统计******************/
LastReadBytes:0
LastReadThroughput:0
LastWrittenBytes:0
LastWriteThroughput:0
RealWrittenBytes:0
RealWriteThroughput:0
当前玩家的连接数量:0
当前地图的线程个数：9
当前地图的个数:48
当前数据库执行队列数:0
当前发送队列缓存的对象数量:0
totalMemory：680001536, use ：460005640, free ：219995896DirectMemory：1827143680, 恢复 ：1
当前时间 ：2026-08-21 16:23:44send keng：2418, sheng ：4194304
decode keng：26, sheng ：2097152
world keng：12, sheng ：1048576

2026-08-21 16:23:49.682 INFO [pool-6-thread-1][:] - /****************流量统计******************/
LastReadBytes:0
LastReadThroughput:0
LastWrittenBytes:0
LastWriteThroughput:0
RealWrittenBytes:0
RealWriteThroughput:0
当前玩家的连接数量:0
当前地图的线程个数：9
当前地图的个数:48
当前数据库执行队列数:0
当前发送队列缓存的对象数量:0
totalMemory：680001536, use ：463433280, free ：216568256DirectMemory：1827143680, 恢复 ：1
当前时间 ：2026-08-21 16:23:49send keng：2418, sheng ：4194304
decode keng：26, sheng ：2097152
world keng：12, sheng ：1048576

2026-08-21 16:23:54.682 INFO [pool-6-thread-3][:] - /****************流量统计******************/
LastReadBytes:0
LastReadThroughput:0
LastWrittenBytes:0
LastWriteThroughput:0
RealWrittenBytes:0
RealWriteThroughput:0
当前玩家的连接数量:0
当前地图的线程个数：9
当前地图的个数:48
当前数据库执行队列数:0
当前发送队列缓存的对象数量:0
totalMemory：680001536, use ：466850984, free ：213150552DirectMemory：1827143680, 恢复 ：1
当前时间 ：2026-08-21 16:23:54send keng：2418, sheng ：4194304
decode keng：26, sheng ：2097152
world keng：12, sheng ：1048576

2026-08-21 16:23:59.682 INFO [pool-6-thread-8][:] - /****************流量统计******************/
LastReadBytes:0
LastReadThroughput:0
LastWrittenBytes:0
LastWriteThroughput:0
RealWrittenBytes:0
RealWriteThroughput:0
当前玩家的连接数量:0
当前地图的线程个数：9
当前地图的个数:48
当前数据库执行队列数:0
当前发送队列缓存的对象数量:0
totalMemory：680001536, use ：423524904, free ：256476632DirectMemory：1827143680, 恢复 ：1
当前时间 ：2026-08-21 16:23:59send keng：2418, sheng ：4194304
decode keng：26, sheng ：2097152
world keng：12, sheng ：1048576

2026-08-21 16:24:04.683 INFO [pool-6-thread-9][:] - /****************流量统计******************/
LastReadBytes:0
LastReadThroughput:0
LastWrittenBytes:0
LastWriteThroughput:0
RealWrittenBytes:0
RealWriteThroughput:0
当前玩家的连接数量:0
当前地图的线程个数：9
当前地图的个数:48
当前数据库执行队列数:0
当前发送队列缓存的对象数量:0
totalMemory：680001536, use ：426999128, free ：253002408DirectMemory：1827143680, 恢复 ：1
当前时间 ：2026-08-21 16:24:04send keng：2418, sheng ：4194304
decode keng：26, sheng ：2097152
world keng：12, sheng ：1048576

2026-08-21 16:24:09.682 INFO [pool-6-thread-8][:] - /****************流量统计******************/
LastReadBytes:0
LastReadThroughput:0
LastWrittenBytes:0
LastWriteThroughput:0
RealWrittenBytes:0
RealWriteThroughput:0
当前玩家的连接数量:0
当前地图的线程个数：9
当前地图的个数:48
当前数据库执行队列数:0
当前发送队列缓存的对象数量:0
totalMemory：680001536, use ：430440552, free ：249560984DirectMemory：1827143680, 恢复 ：1
当前时间 ：2026-08-21 16:24:09send keng：2418, sheng ：4194304
decode keng：26, sheng ：2097152
world keng：12, sheng ：1048576

2026-08-21 16:24:14.682 INFO [pool-6-thread-7][:] - /****************流量统计******************/
LastReadBytes:0
LastReadThroughput:0
LastWrittenBytes:0
LastWriteThroughput:0
RealWrittenBytes:0
RealWriteThroughput:0
当前玩家的连接数量:0
当前地图的线程个数：9
当前地图的个数:48
当前数据库执行队列数:0
当前发送队列缓存的对象数量:0
totalMemory：680001536, use ：434133456, free ：245868080DirectMemory：1827143680, 恢复 ：1
当前时间 ：2026-08-21 16:24:14send keng：2418, sheng ：4194304
decode keng：26, sheng ：2097152
world keng：12, sheng ：1048576

2026-08-21 16:24:19.682 INFO [pool-6-thread-3][:] - /****************流量统计******************/
LastReadBytes:0
LastReadThroughput:0
LastWrittenBytes:0
LastWriteThroughput:0
RealWrittenBytes:0
RealWriteThroughput:0
当前玩家的连接数量:0
当前地图的线程个数：9
当前地图的个数:48
当前数据库执行队列数:0
当前发送队列缓存的对象数量:0
totalMemory：680001536, use ：437582056, free ：242419480DirectMemory：1827143680, 恢复 ：1
当前时间 ：2026-08-21 16:24:19send keng：2418, sheng ：4194304
decode keng：26, sheng ：2097152
world keng：12, sheng ：1048576

2026-08-21 16:24:24.682 INFO [pool-6-thread-10][:] - /****************流量统计******************/
LastReadBytes:0
LastReadThroughput:0
LastWrittenBytes:0
LastWriteThroughput:0
RealWrittenBytes:0
RealWriteThroughput:0
当前玩家的连接数量:0
当前地图的线程个数：9
当前地图的个数:48
当前数据库执行队列数:0
当前发送队列缓存的对象数量:0
totalMemory：680001536, use ：441265040, free ：238736496DirectMemory：1827143680, 恢复 ：1
当前时间 ：2026-08-21 16:24:24send keng：2418, sheng ：4194304
decode keng：26, sheng ：2097152
world keng：12, sheng ：1048576

2026-08-21 16:24:29.682 INFO [pool-6-thread-3][:] - /****************流量统计******************/
LastReadBytes:0
LastReadThroughput:0
LastWrittenBytes:0
LastWriteThroughput:0
RealWrittenBytes:0
RealWriteThroughput:0
当前玩家的连接数量:0
当前地图的线程个数：9
当前地图的个数:48
当前数据库执行队列数:0
当前发送队列缓存的对象数量:0
totalMemory：680001536, use ：444554472, free ：235447064DirectMemory：1827143680, 恢复 ：1
当前时间 ：2026-08-21 16:24:29send keng：2418, sheng ：4194304
decode keng：26, sheng ：2097152
world keng：12, sheng ：1048576

2026-08-21 16:24:34.682 INFO [pool-6-thread-10][:] - /****************流量统计******************/
LastReadBytes:0
LastReadThroughput:0
LastWrittenBytes:0
LastWriteThroughput:0
RealWrittenBytes:0
RealWriteThroughput:0
当前玩家的连接数量:0
当前地图的线程个数：9
当前地图的个数:48
当前数据库执行队列数:0
当前发送队列缓存的对象数量:0
totalMemory：680001536, use ：448074400, free ：231927136DirectMemory：1827143680, 恢复 ：1
当前时间 ：2026-08-21 16:24:34send keng：2418, sheng ：4194304
decode keng：26, sheng ：2097152
world keng：12, sheng ：1048576

2026-08-21 16:24:39.682 INFO [pool-6-thread-8][:] - /****************流量统计******************/
LastReadBytes:0
LastReadThroughput:0
LastWrittenBytes:0
LastWriteThroughput:0
RealWrittenBytes:0
RealWriteThroughput:0
当前玩家的连接数量:0
当前地图的线程个数：9
当前地图的个数:48
当前数据库执行队列数:0
当前发送队列缓存的对象数量:0
totalMemory：680001536, use ：451353688, free ：228647848DirectMemory：1827143680, 恢复 ：1
当前时间 ：2026-08-21 16:24:39send keng：2418, sheng ：4194304
decode keng：26, sheng ：2097152
world keng：12, sheng ：1048576

2026-08-21 16:24:44.682 INFO [pool-6-thread-2][:] - /****************流量统计******************/
LastReadBytes:0
LastReadThroughput:0
LastWrittenBytes:0
LastWriteThroughput:0
RealWrittenBytes:0
RealWriteThroughput:0
当前玩家的连接数量:0
当前地图的线程个数：9
当前地图的个数:48
当前数据库执行队列数:0
当前发送队列缓存的对象数量:0
totalMemory：680001536, use ：455040032, free ：224961504DirectMemory：1827143680, 恢复 ：1
当前时间 ：2026-08-21 16:24:44send keng：2418, sheng ：4194304
decode keng：26, sheng ：2097152
world keng：12, sheng ：1048576

2026-08-21 16:24:49.682 INFO [pool-6-thread-10][:] - /****************流量统计******************/
LastReadBytes:0
LastReadThroughput:0
LastWrittenBytes:0
LastWriteThroughput:0
RealWrittenBytes:0
RealWriteThroughput:0
当前玩家的连接数量:0
当前地图的线程个数：9
当前地图的个数:48
当前数据库执行队列数:0
当前发送队列缓存的对象数量:0
totalMemory：680001536, use ：458340352, free ：221661184DirectMemory：1827143680, 恢复 ：1
当前时间 ：2026-08-21 16:24:49send keng：2418, sheng ：4194304
decode keng：26, sheng ：2097152
world keng：12, sheng ：1048576

2026-08-21 16:24:54.682 INFO [pool-6-thread-4][:] - /****************流量统计******************/
LastReadBytes:0
LastReadThroughput:0
LastWrittenBytes:0
LastWriteThroughput:0
RealWrittenBytes:0
RealWriteThroughput:0
当前玩家的连接数量:0
当前地图的线程个数：9
当前地图的个数:48
当前数据库执行队列数:0
当前发送队列缓存的对象数量:0
totalMemory：680001536, use ：461722088, free ：218279448DirectMemory：1827143680, 恢复 ：1
当前时间 ：2026-08-21 16:24:54send keng：2418, sheng ：4194304
decode keng：26, sheng ：2097152
world keng：12, sheng ：1048576

2026-08-21 16:24:59.682 INFO [pool-6-thread-8][:] - /****************流量统计******************/
LastReadBytes:0
LastReadThroughput:0
LastWrittenBytes:0
LastWriteThroughput:0
RealWrittenBytes:0
RealWriteThroughput:0
当前玩家的连接数量:0
当前地图的线程个数：9
当前地图的个数:48
当前数据库执行队列数:0
当前发送队列缓存的对象数量:0
totalMemory：680001536, use ：465121376, free ：214880160DirectMemory：1827143680, 恢复 ：1
当前时间 ：2026-08-21 16:24:59send keng：2418, sheng ：4194304
decode keng：26, sheng ：2097152
world keng：12, sheng ：1048576

2026-08-21 16:25:04.682 INFO [pool-6-thread-3][:] - /****************流量统计******************/
LastReadBytes:0
LastReadThroughput:0
LastWrittenBytes:0
LastWriteThroughput:0
RealWrittenBytes:0
RealWriteThroughput:0
当前玩家的连接数量:0
当前地图的线程个数：9
当前地图的个数:48
当前数据库执行队列数:0
当前发送队列缓存的对象数量:0
totalMemory：680001536, use ：468568056, free ：211433480DirectMemory：1827143680, 恢复 ：1
当前时间 ：2026-08-21 16:25:04send keng：2418, sheng ：4194304
decode keng：26, sheng ：2097152
world keng：12, sheng ：1048576

2026-08-21 16:25:09.682 INFO [pool-6-thread-1][:] - /****************流量统计******************/
LastReadBytes:0
LastReadThroughput:0
LastWrittenBytes:0
LastWriteThroughput:0
RealWrittenBytes:0
RealWriteThroughput:0
当前玩家的连接数量:0
当前地图的线程个数：9
当前地图的个数:48
当前数据库执行队列数:0
当前发送队列缓存的对象数量:0
totalMemory：680001536, use ：425354568, free ：254646968DirectMemory：1827143680, 恢复 ：1
当前时间 ：2026-08-21 16:25:09send keng：2418, sheng ：4194304
decode keng：26, sheng ：2097152
world keng：12, sheng ：1048576

2026-08-21 16:25:14.682 INFO [pool-6-thread-2][:] - /****************流量统计******************/
LastReadBytes:0
LastReadThroughput:0
LastWrittenBytes:0
LastWriteThroughput:0
RealWrittenBytes:0
RealWriteThroughput:0
当前玩家的连接数量:0
当前地图的线程个数：9
当前地图的个数:48
当前数据库执行队列数:0
当前发送队列缓存的对象数量:0
totalMemory：680001536, use ：429032248, free ：250969288DirectMemory：1827143680, 恢复 ：1
当前时间 ：2026-08-21 16:25:14send keng：2418, sheng ：4194304
decode keng：26, sheng ：2097152
world keng：12, sheng ：1048576

2026-08-21 16:25:19.682 INFO [pool-6-thread-6][:] - /****************流量统计******************/
LastReadBytes:0
LastReadThroughput:0
LastWrittenBytes:0
LastWriteThroughput:0
RealWrittenBytes:0
RealWriteThroughput:0
当前玩家的连接数量:0
当前地图的线程个数：9
当前地图的个数:48
当前数据库执行队列数:0
当前发送队列缓存的对象数量:0
totalMemory：680001536, use ：432739040, free ：247262496DirectMemory：1827143680, 恢复 ：1
当前时间 ：2026-08-21 16:25:19send keng：2418, sheng ：4194304
decode keng：26, sheng ：2097152
world keng：12, sheng ：1048576

2026-08-21 16:25:24.682 INFO [pool-6-thread-9][:] - /****************流量统计******************/
LastReadBytes:0
LastReadThroughput:0
LastWrittenBytes:0
LastWriteThroughput:0
RealWrittenBytes:0
RealWriteThroughput:0
当前玩家的连接数量:0
当前地图的线程个数：9
当前地图的个数:48
当前数据库执行队列数:0
当前发送队列缓存的对象数量:0
totalMemory：680001536, use ：435976960, free ：244024576DirectMemory：1827143680, 恢复 ：1
当前时间 ：2026-08-21 16:25:24send keng：2418, sheng ：4194304
decode keng：26, sheng ：2097152
world keng：12, sheng ：1048576

2026-08-21 16:25:29.682 INFO [pool-6-thread-3][:] - /****************流量统计******************/
LastReadBytes:0
LastReadThroughput:0
LastWrittenBytes:0
LastWriteThroughput:0
RealWrittenBytes:0
RealWriteThroughput:0
当前玩家的连接数量:0
当前地图的线程个数：9
当前地图的个数:48
当前数据库执行队列数:0
当前发送队列缓存的对象数量:0
totalMemory：680001536, use ：439458328, free ：240543208DirectMemory：1827143680, 恢复 ：1
当前时间 ：2026-08-21 16:25:29send keng：2418, sheng ：4194304
decode keng：26, sheng ：2097152
world keng：12, sheng ：1048576

2026-08-21 16:25:34.682 INFO [pool-6-thread-3][:] - /****************流量统计******************/
LastReadBytes:0
LastReadThroughput:0
LastWrittenBytes:0
LastWriteThroughput:0
RealWrittenBytes:0
RealWriteThroughput:0
当前玩家的连接数量:0
当前地图的线程个数：9
当前地图的个数:48
当前数据库执行队列数:0
当前发送队列缓存的对象数量:0
totalMemory：680001536, use ：443019648, free ：236981888DirectMemory：1827143680, 恢复 ：1
当前时间 ：2026-08-21 16:25:34send keng：2418, sheng ：4194304
decode keng：26, sheng ：2097152
world keng：12, sheng ：1048576

2026-08-21 16:25:39.682 INFO [pool-6-thread-4][:] - /****************流量统计******************/
LastReadBytes:0
LastReadThroughput:0
LastWrittenBytes:0
LastWriteThroughput:0
RealWrittenBytes:0
RealWriteThroughput:0
当前玩家的连接数量:0
当前地图的线程个数：9
当前地图的个数:48
当前数据库执行队列数:0
当前发送队列缓存的对象数量:0
totalMemory：680001536, use ：446514960, free ：233486576DirectMemory：1827143680, 恢复 ：1
当前时间 ：2026-08-21 16:25:39send keng：2418, sheng ：4194304
decode keng：26, sheng ：2097152
world keng：12, sheng ：1048576

2026-08-21 16:25:44.682 INFO [pool-6-thread-4][:] - /****************流量统计******************/
LastReadBytes:0
LastReadThroughput:0
LastWrittenBytes:0
LastWriteThroughput:0
RealWrittenBytes:0
RealWriteThroughput:0
当前玩家的连接数量:0
当前地图的线程个数：9
当前地图的个数:48
当前数据库执行队列数:0
当前发送队列缓存的对象数量:0
totalMemory：680001536, use ：449843544, free ：230157992DirectMemory：1827143680, 恢复 ：1
当前时间 ：2026-08-21 16:25:44send keng：2418, sheng ：4194304
decode keng：26, sheng ：2097152
world keng：12, sheng ：1048576

2026-08-21 16:25:49.682 INFO [pool-6-thread-4][:] - /****************流量统计******************/
LastReadBytes:0
LastReadThroughput:0
LastWrittenBytes:0
LastWriteThroughput:0
RealWrittenBytes:0
RealWriteThroughput:0
当前玩家的连接数量:0
当前地图的线程个数：9
当前地图的个数:48
当前数据库执行队列数:0
当前发送队列缓存的对象数量:0
totalMemory：680001536, use ：453358152, free ：226643384DirectMemory：1827143680, 恢复 ：1
当前时间 ：2026-08-21 16:25:49send keng：2418, sheng ：4194304
decode keng：26, sheng ：2097152
world keng：12, sheng ：1048576

2026-08-21 16:25:54.683 INFO [pool-6-thread-8][:] - /****************流量统计******************/
LastReadBytes:0
LastReadThroughput:0
LastWrittenBytes:0
LastWriteThroughput:0
RealWrittenBytes:0
RealWriteThroughput:0
当前玩家的连接数量:0
当前地图的线程个数：9
当前地图的个数:48
当前数据库执行队列数:0
当前发送队列缓存的对象数量:0
totalMemory：680001536, use ：456994728, free ：223006808DirectMemory：1827143680, 恢复 ：1
当前时间 ：2026-08-21 16:25:54send keng：2418, sheng ：4194304
decode keng：26, sheng ：2097152
world keng：12, sheng ：1048576

2026-08-21 16:25:59.682 INFO [pool-6-thread-9][:] - /****************流量统计******************/
LastReadBytes:0
LastReadThroughput:0
LastWrittenBytes:0
LastWriteThroughput:0
RealWrittenBytes:0
RealWriteThroughput:0
当前玩家的连接数量:0
当前地图的线程个数：9
当前地图的个数:48
当前数据库执行队列数:0
当前发送队列缓存的对象数量:0
totalMemory：680001536, use ：460215568, free ：219785968DirectMemory：1827143680, 恢复 ：1
当前时间 ：2026-08-21 16:25:59send keng：2418, sheng ：4194304
decode keng：26, sheng ：2097152
world keng：12, sheng ：1048576

2026-08-21 16:26:04.682 INFO [pool-6-thread-4][:] - /****************流量统计******************/
LastReadBytes:0
LastReadThroughput:0
LastWrittenBytes:0
LastWriteThroughput:0
RealWrittenBytes:0
RealWriteThroughput:0
当前玩家的连接数量:0
当前地图的线程个数：9
当前地图的个数:48
当前数据库执行队列数:0
当前发送队列缓存的对象数量:0
totalMemory：680001536, use ：463945728, free ：216055808DirectMemory：1827143680, 恢复 ：1
当前时间 ：2026-08-21 16:26:04send keng：2418, sheng ：4194304
decode keng：26, sheng ：2097152
world keng：12, sheng ：1048576

2026-08-21 16:26:09.682 INFO [pool-6-thread-7][:] - /****************流量统计******************/
LastReadBytes:0
LastReadThroughput:0
LastWrittenBytes:0
LastWriteThroughput:0
RealWrittenBytes:0
RealWriteThroughput:0
当前玩家的连接数量:0
当前地图的线程个数：9
当前地图的个数:48
当前数据库执行队列数:0
当前发送队列缓存的对象数量:0
totalMemory：680001536, use ：467175968, free ：212825568DirectMemory：1827143680, 恢复 ：1
当前时间 ：2026-08-21 16:26:09send keng：2418, sheng ：4194304
decode keng：26, sheng ：2097152
world keng：12, sheng ：1048576

2026-08-21 16:26:14.682 INFO [pool-6-thread-2][:] - /****************流量统计******************/
LastReadBytes:0
LastReadThroughput:0
LastWrittenBytes:0
LastWriteThroughput:0
RealWrittenBytes:0
RealWriteThroughput:0
当前玩家的连接数量:0
当前地图的线程个数：9
当前地图的个数:48
当前数据库执行队列数:0
当前发送队列缓存的对象数量:0
totalMemory：680001536, use ：424030920, free ：255970616DirectMemory：1827143680, 恢复 ：1
当前时间 ：2026-08-21 16:26:14send keng：2418, sheng ：4194304
decode keng：26, sheng ：2097152
world keng：12, sheng ：1048576

2026-08-21 16:26:19.682 INFO [pool-6-thread-4][:] - /****************流量统计******************/
LastReadBytes:0
LastReadThroughput:0
LastWrittenBytes:0
LastWriteThroughput:0
RealWrittenBytes:0
RealWriteThroughput:0
当前玩家的连接数量:0
当前地图的线程个数：9
当前地图的个数:48
当前数据库执行队列数:0
当前发送队列缓存的对象数量:0
totalMemory：680001536, use ：427725576, free ：252275960DirectMemory：1827143680, 恢复 ：1
当前时间 ：2026-08-21 16:26:19send keng：2418, sheng ：4194304
decode keng：26, sheng ：2097152
world keng：12, sheng ：1048576

2026-08-21 16:26:24.682 INFO [pool-6-thread-9][:] - /****************流量统计******************/
LastReadBytes:0
LastReadThroughput:0
LastWrittenBytes:0
LastWriteThroughput:0
RealWrittenBytes:0
RealWriteThroughput:0
当前玩家的连接数量:0
当前地图的线程个数：9
当前地图的个数:48
当前数据库执行队列数:0
当前发送队列缓存的对象数量:0
totalMemory：680001536, use ：430903888, free ：249097648DirectMemory：1827143680, 恢复 ：1
当前时间 ：2026-08-21 16:26:24send keng：2418, sheng ：4194304
decode keng：26, sheng ：2097152
world keng：12, sheng ：1048576

2026-08-21 16:26:29.683 INFO [pool-6-thread-8][:] - /****************流量统计******************/
LastReadBytes:0
LastReadThroughput:0
LastWrittenBytes:0
LastWriteThroughput:0
RealWrittenBytes:0
RealWriteThroughput:0
当前玩家的连接数量:0
当前地图的线程个数：9
当前地图的个数:48
当前数据库执行队列数:0
当前发送队列缓存的对象数量:0
totalMemory：680001536, use ：434463520, free ：245538016DirectMemory：1827143680, 恢复 ：1
当前时间 ：2026-08-21 16:26:29send keng：2418, sheng ：4194304
decode keng：26, sheng ：2097152
world keng：12, sheng ：1048576

2026-08-21 16:26:34.682 INFO [pool-6-thread-8][:] - /****************流量统计******************/
LastReadBytes:0
LastReadThroughput:0
LastWrittenBytes:0
LastWriteThroughput:0
RealWrittenBytes:0
RealWriteThroughput:0
当前玩家的连接数量:0
当前地图的线程个数：9
当前地图的个数:48
当前数据库执行队列数:0
当前发送队列缓存的对象数量:0
totalMemory：680001536, use ：437816952, free ：242184584DirectMemory：1827143680, 恢复 ：1
当前时间 ：2026-08-21 16:26:34send keng：2418, sheng ：4194304
decode keng：26, sheng ：2097152
world keng：12, sheng ：1048576

2026-08-21 16:26:39.682 INFO [pool-6-thread-4][:] - /****************流量统计******************/
LastReadBytes:0
LastReadThroughput:0
LastWrittenBytes:0
LastWriteThroughput:0
RealWrittenBytes:0
RealWriteThroughput:0
当前玩家的连接数量:0
当前地图的线程个数：9
当前地图的个数:48
当前数据库执行队列数:0
当前发送队列缓存的对象数量:0
totalMemory：680001536, use ：441320688, free ：238680848DirectMemory：1827143680, 恢复 ：1
当前时间 ：2026-08-21 16:26:39send keng：2418, sheng ：4194304
decode keng：26, sheng ：2097152
world keng：12, sheng ：1048576

2026-08-21 16:26:44.682 INFO [pool-6-thread-10][:] - /****************流量统计******************/
LastReadBytes:0
LastReadThroughput:0
LastWrittenBytes:0
LastWriteThroughput:0
RealWrittenBytes:0
RealWriteThroughput:0
当前玩家的连接数量:0
当前地图的线程个数：9
当前地图的个数:48
当前数据库执行队列数:0
当前发送队列缓存的对象数量:0
totalMemory：680001536, use ：444555232, free ：235446304DirectMemory：1827143680, 恢复 ：1
当前时间 ：2026-08-21 16:26:44send keng：2418, sheng ：4194304
decode keng：26, sheng ：2097152
world keng：12, sheng ：1048576

2026-08-21 16:26:49.682 INFO [pool-6-thread-4][:] - /****************流量统计******************/
LastReadBytes:0
LastReadThroughput:0
LastWrittenBytes:0
LastWriteThroughput:0
RealWrittenBytes:0
RealWriteThroughput:0
当前玩家的连接数量:0
当前地图的线程个数：9
当前地图的个数:48
当前数据库执行队列数:0
当前发送队列缓存的对象数量:0
totalMemory：680001536, use ：448365728, free ：231635808DirectMemory：1827143680, 恢复 ：1
当前时间 ：2026-08-21 16:26:49send keng：2418, sheng ：4194304
decode keng：26, sheng ：2097152
world keng：12, sheng ：1048576

2026-08-21 16:26:54.682 INFO [pool-6-thread-2][:] - /****************流量统计******************/
LastReadBytes:0
LastReadThroughput:0
LastWrittenBytes:0
LastWriteThroughput:0
RealWrittenBytes:0
RealWriteThroughput:0
当前玩家的连接数量:0
当前地图的线程个数：9
当前地图的个数:48
当前数据库执行队列数:0
当前发送队列缓存的对象数量:0
totalMemory：680001536, use ：451800072, free ：228201464DirectMemory：1827143680, 恢复 ：1
当前时间 ：2026-08-21 16:26:54send keng：2418, sheng ：4194304
decode keng：26, sheng ：2097152
world keng：12, sheng ：1048576

2026-08-21 16:26:59.682 INFO [pool-6-thread-4][:] - /****************流量统计******************/
LastReadBytes:0
LastReadThroughput:0
LastWrittenBytes:0
LastWriteThroughput:0
RealWrittenBytes:0
RealWriteThroughput:0
当前玩家的连接数量:0
当前地图的线程个数：9
当前地图的个数:48
当前数据库执行队列数:0
当前发送队列缓存的对象数量:0
totalMemory：680001536, use ：455123888, free ：224877648DirectMemory：1827143680, 恢复 ：1
当前时间 ：2026-08-21 16:26:59send keng：2418, sheng ：4194304
decode keng：26, sheng ：2097152
world keng：12, sheng ：1048576

2026-08-21 16:27:04.682 INFO [pool-6-thread-2][:] - /****************流量统计******************/
LastReadBytes:0
LastReadThroughput:0
LastWrittenBytes:0
LastWriteThroughput:0
RealWrittenBytes:0
RealWriteThroughput:0
当前玩家的连接数量:0
当前地图的线程个数：9
当前地图的个数:48
当前数据库执行队列数:0
当前发送队列缓存的对象数量:0
totalMemory：680001536, use ：458769600, free ：221231936DirectMemory：1827143680, 恢复 ：1
当前时间 ：2026-08-21 16:27:04send keng：2418, sheng ：4194304
decode keng：26, sheng ：2097152
world keng：12, sheng ：1048576

2026-08-21 16:27:09.682 INFO [pool-6-thread-7][:] - /****************流量统计******************/
LastReadBytes:0
LastReadThroughput:0
LastWrittenBytes:0
LastWriteThroughput:0
RealWrittenBytes:0
RealWriteThroughput:0
当前玩家的连接数量:0
当前地图的线程个数：9
当前地图的个数:48
当前数据库执行队列数:0
当前发送队列缓存的对象数量:0
totalMemory：680001536, use ：462164896, free ：217836640DirectMemory：1827143680, 恢复 ：1
当前时间 ：2026-08-21 16:27:09send keng：2418, sheng ：4194304
decode keng：26, sheng ：2097152
world keng：12, sheng ：1048576

2026-08-21 16:27:14.682 INFO [pool-6-thread-2][:] - /****************流量统计******************/
LastReadBytes:0
LastReadThroughput:0
LastWrittenBytes:0
LastWriteThroughput:0
RealWrittenBytes:0
RealWriteThroughput:0
当前玩家的连接数量:0
当前地图的线程个数：9
当前地图的个数:48
当前数据库执行队列数:0
当前发送队列缓存的对象数量:0
totalMemory：680001536, use ：466000400, free ：214001136DirectMemory：1827143680, 恢复 ：1
当前时间 ：2026-08-21 16:27:14send keng：2418, sheng ：4194304
decode keng：26, sheng ：2097152
world keng：12, sheng ：1048576

2026-08-21 16:27:19.682 INFO [pool-6-thread-5][:] - /****************流量统计******************/
LastReadBytes:0
LastReadThroughput:0
LastWrittenBytes:0
LastWriteThroughput:0
RealWrittenBytes:0
RealWriteThroughput:0
当前玩家的连接数量:0
当前地图的线程个数：9
当前地图的个数:48
当前数据库执行队列数:0
当前发送队列缓存的对象数量:0
totalMemory：680001536, use ：469107104, free ：210894432DirectMemory：1827143680, 恢复 ：1
当前时间 ：2026-08-21 16:27:19send keng：2418, sheng ：4194304
decode keng：26, sheng ：2097152
world keng：12, sheng ：1048576

2026-08-21 16:27:24.682 INFO [pool-6-thread-3][:] - /****************流量统计******************/
LastReadBytes:0
LastReadThroughput:0
LastWrittenBytes:0
LastWriteThroughput:0
RealWrittenBytes:0
RealWriteThroughput:0
当前玩家的连接数量:0
当前地图的线程个数：9
当前地图的个数:48
当前数据库执行队列数:0
当前发送队列缓存的对象数量:0
totalMemory：680001536, use ：426059296, free ：253942240DirectMemory：1827143680, 恢复 ：1
当前时间 ：2026-08-21 16:27:24send keng：2418, sheng ：4194304
decode keng：26, sheng ：2097152
world keng：12, sheng ：1048576

2026-08-21 16:27:29.682 INFO [pool-6-thread-4][:] - /****************流量统计******************/
LastReadBytes:0
LastReadThroughput:0
LastWrittenBytes:0
LastWriteThroughput:0
RealWrittenBytes:0
RealWriteThroughput:0
当前玩家的连接数量:0
当前地图的线程个数：9
当前地图的个数:48
当前数据库执行队列数:0
当前发送队列缓存的对象数量:0
totalMemory：680001536, use ：429452192, free ：250549344DirectMemory：1827143680, 恢复 ：1
当前时间 ：2026-08-21 16:27:29send keng：2418, sheng ：4194304
decode keng：26, sheng ：2097152
world keng：12, sheng ：1048576

2026-08-21 16:27:34.682 INFO [pool-6-thread-6][:] - /****************流量统计******************/
LastReadBytes:0
LastReadThroughput:0
LastWrittenBytes:0
LastWriteThroughput:0
RealWrittenBytes:0
RealWriteThroughput:0
当前玩家的连接数量:0
当前地图的线程个数：9
当前地图的个数:48
当前数据库执行队列数:0
当前发送队列缓存的对象数量:0
totalMemory：680001536, use ：432860632, free ：247140904DirectMemory：1827143680, 恢复 ：1
当前时间 ：2026-08-21 16:27:34send keng：2418, sheng ：4194304
decode keng：26, sheng ：2097152
world keng：12, sheng ：1048576

2026-08-21 16:27:39.682 INFO [pool-6-thread-1][:] - /****************流量统计******************/
LastReadBytes:0
LastReadThroughput:0
LastWrittenBytes:0
LastWriteThroughput:0
RealWrittenBytes:0
RealWriteThroughput:0
当前玩家的连接数量:0
当前地图的线程个数：9
当前地图的个数:48
当前数据库执行队列数:0
当前发送队列缓存的对象数量:0
totalMemory：680001536, use ：436457288, free ：243544248DirectMemory：1827143680, 恢复 ：1
当前时间 ：2026-08-21 16:27:39send keng：2418, sheng ：4194304
decode keng：26, sheng ：2097152
world keng：12, sheng ：1048576

2026-08-21 16:27:44.682 INFO [pool-6-thread-3][:] - /****************流量统计******************/
LastReadBytes:0
LastReadThroughput:0
LastWrittenBytes:0
LastWriteThroughput:0
RealWrittenBytes:0
RealWriteThroughput:0
当前玩家的连接数量:0
当前地图的线程个数：9
当前地图的个数:48
当前数据库执行队列数:0
当前发送队列缓存的对象数量:0
totalMemory：680001536, use ：439791736, free ：240209800DirectMemory：1827143680, 恢复 ：1
当前时间 ：2026-08-21 16:27:44send keng：2418, sheng ：4194304
decode keng：26, sheng ：2097152
world keng：12, sheng ：1048576

2026-08-21 16:27:49.682 INFO [pool-6-thread-10][:] - /****************流量统计******************/
LastReadBytes:0
LastReadThroughput:0
LastWrittenBytes:0
LastWriteThroughput:0
RealWrittenBytes:0
RealWriteThroughput:0
当前玩家的连接数量:0
当前地图的线程个数：9
当前地图的个数:48
当前数据库执行队列数:0
当前发送队列缓存的对象数量:0
totalMemory：680001536, use ：443344600, free ：236656936DirectMemory：1827143680, 恢复 ：1
当前时间 ：2026-08-21 16:27:49send keng：2418, sheng ：4194304
decode keng：26, sheng ：2097152
world keng：12, sheng ：1048576

2026-08-21 16:27:54.682 INFO [pool-6-thread-4][:] - /****************流量统计******************/
LastReadBytes:0
LastReadThroughput:0
LastWrittenBytes:0
LastWriteThroughput:0
RealWrittenBytes:0
RealWriteThroughput:0
当前玩家的连接数量:0
当前地图的线程个数：9
当前地图的个数:48
当前数据库执行队列数:0
当前发送队列缓存的对象数量:0
totalMemory：680001536, use ：446545888, free ：233455648DirectMemory：1827143680, 恢复 ：1
当前时间 ：2026-08-21 16:27:54send keng：2418, sheng ：4194304
decode keng：26, sheng ：2097152
world keng：12, sheng ：1048576

2026-08-21 16:27:59.682 INFO [pool-6-thread-7][:] - /****************流量统计******************/
LastReadBytes:0
LastReadThroughput:0
LastWrittenBytes:0
LastWriteThroughput:0
RealWrittenBytes:0
RealWriteThroughput:0
当前玩家的连接数量:0
当前地图的线程个数：9
当前地图的个数:48
当前数据库执行队列数:0
当前发送队列缓存的对象数量:0
totalMemory：680001536, use ：450296216, free ：229705320DirectMemory：1827143680, 恢复 ：1
当前时间 ：2026-08-21 16:27:59send keng：2418, sheng ：4194304
decode keng：26, sheng ：2097152
world keng：12, sheng ：1048576

2026-08-21 16:28:04.682 INFO [pool-6-thread-4][:] - /****************流量统计******************/
LastReadBytes:0
LastReadThroughput:0
LastWrittenBytes:0
LastWriteThroughput:0
RealWrittenBytes:0
RealWriteThroughput:0
当前玩家的连接数量:0
当前地图的线程个数：9
当前地图的个数:48
当前数据库执行队列数:0
当前发送队列缓存的对象数量:0
totalMemory：680001536, use ：453765856, free ：226235680DirectMemory：1827143680, 恢复 ：1
当前时间 ：2026-08-21 16:28:04send keng：2418, sheng ：4194304
decode keng：26, sheng ：2097152
world keng：12, sheng ：1048576

2026-08-21 16:28:09.682 INFO [pool-6-thread-8][:] - /****************流量统计******************/
LastReadBytes:0
LastReadThroughput:0
LastWrittenBytes:0
LastWriteThroughput:0
RealWrittenBytes:0
RealWriteThroughput:0
当前玩家的连接数量:0
当前地图的线程个数：9
当前地图的个数:48
当前数据库执行队列数:0
当前发送队列缓存的对象数量:0
totalMemory：680001536, use ：457196456, free ：222805080DirectMemory：1827143680, 恢复 ：1
当前时间 ：2026-08-21 16:28:09send keng：2418, sheng ：4194304
decode keng：26, sheng ：2097152
world keng：12, sheng ：1048576

2026-08-21 16:28:14.682 INFO [pool-6-thread-6][:] - /****************流量统计******************/
LastReadBytes:0
LastReadThroughput:0
LastWrittenBytes:0
LastWriteThroughput:0
RealWrittenBytes:0
RealWriteThroughput:0
当前玩家的连接数量:0
当前地图的线程个数：9
当前地图的个数:48
当前数据库执行队列数:0
当前发送队列缓存的对象数量:0
totalMemory：680001536, use ：460639672, free ：219361864DirectMemory：1827143680, 恢复 ：1
当前时间 ：2026-08-21 16:28:14send keng：2418, sheng ：4194304
decode keng：26, sheng ：2097152
world keng：12, sheng ：1048576

2026-08-21 16:28:19.682 INFO [pool-6-thread-1][:] - /****************流量统计******************/
LastReadBytes:0
LastReadThroughput:0
LastWrittenBytes:0
LastWriteThroughput:0
RealWrittenBytes:0
RealWriteThroughput:0
当前玩家的连接数量:0
当前地图的线程个数：9
当前地图的个数:48
当前数据库执行队列数:0
当前发送队列缓存的对象数量:0
totalMemory：680001536, use ：464315528, free ：215686008DirectMemory：1827143680, 恢复 ：1
当前时间 ：2026-08-21 16:28:19send keng：2418, sheng ：4194304
decode keng：26, sheng ：2097152
world keng：12, sheng ：1048576

2026-08-21 16:28:24.682 INFO [pool-6-thread-10][:] - /****************流量统计******************/
LastReadBytes:0
LastReadThroughput:0
LastWrittenBytes:0
LastWriteThroughput:0
RealWrittenBytes:0
RealWriteThroughput:0
当前玩家的连接数量:0
当前地图的线程个数：9
当前地图的个数:48
当前数据库执行队列数:0
当前发送队列缓存的对象数量:0
totalMemory：680001536, use ：467831240, free ：212170296DirectMemory：1827143680, 恢复 ：1
当前时间 ：2026-08-21 16:28:24send keng：2418, sheng ：4194304
decode keng：26, sheng ：2097152
world keng：12, sheng ：1048576

2026-08-21 16:28:29.682 INFO [pool-6-thread-4][:] - /****************流量统计******************/
LastReadBytes:0
LastReadThroughput:0
LastWrittenBytes:0
LastWriteThroughput:0
RealWrittenBytes:0
RealWriteThroughput:0
当前玩家的连接数量:0
当前地图的线程个数：9
当前地图的个数:48
当前数据库执行队列数:0
当前发送队列缓存的对象数量:0
totalMemory：680001536, use ：424358816, free ：255642720DirectMemory：1827143680, 恢复 ：1
当前时间 ：2026-08-21 16:28:29send keng：2418, sheng ：4194304
decode keng：26, sheng ：2097152
world keng：12, sheng ：1048576

2026-08-21 16:28:34.683 INFO [pool-6-thread-4][:] - /****************流量统计******************/
LastReadBytes:0
LastReadThroughput:0
LastWrittenBytes:0
LastWriteThroughput:0
RealWrittenBytes:0
RealWriteThroughput:0
当前玩家的连接数量:0
当前地图的线程个数：9
当前地图的个数:48
当前数据库执行队列数:0
当前发送队列缓存的对象数量:0
totalMemory：680001536, use ：428166600, free ：251834936DirectMemory：1827143680, 恢复 ：1
当前时间 ：2026-08-21 16:28:34send keng：2418, sheng ：4194304
decode keng：26, sheng ：2097152
world keng：12, sheng ：1048576

2026-08-21 16:28:39.682 INFO [pool-6-thread-5][:] - /****************流量统计******************/
LastReadBytes:0
LastReadThroughput:0
LastWrittenBytes:0
LastWriteThroughput:0
RealWrittenBytes:0
RealWriteThroughput:0
当前玩家的连接数量:0
当前地图的线程个数：9
当前地图的个数:48
当前数据库执行队列数:0
当前发送队列缓存的对象数量:0
totalMemory：680001536, use ：431564176, free ：248437360DirectMemory：1827143680, 恢复 ：1
当前时间 ：2026-08-21 16:28:39send keng：2418, sheng ：4194304
decode keng：26, sheng ：2097152
world keng：12, sheng ：1048576

2026-08-21 16:28:44.682 INFO [pool-6-thread-6][:] - /****************流量统计******************/
LastReadBytes:0
LastReadThroughput:0
LastWrittenBytes:0
LastWriteThroughput:0
RealWrittenBytes:0
RealWriteThroughput:0
当前玩家的连接数量:0
当前地图的线程个数：9
当前地图的个数:48
当前数据库执行队列数:0
当前发送队列缓存的对象数量:0
totalMemory：680001536, use ：435018624, free ：244982912DirectMemory：1827143680, 恢复 ：1
当前时间 ：2026-08-21 16:28:44send keng：2418, sheng ：4194304
decode keng：26, sheng ：2097152
world keng：12, sheng ：1048576

2026-08-21 16:28:49.682 INFO [pool-6-thread-1][:] - /****************流量统计******************/
LastReadBytes:0
LastReadThroughput:0
LastWrittenBytes:0
LastWriteThroughput:0
RealWrittenBytes:0
RealWriteThroughput:0
当前玩家的连接数量:0
当前地图的线程个数：9
当前地图的个数:48
当前数据库执行队列数:0
当前发送队列缓存的对象数量:0
totalMemory：680001536, use ：438428376, free ：241573160DirectMemory：1827143680, 恢复 ：1
当前时间 ：2026-08-21 16:28:49send keng：2418, sheng ：4194304
decode keng：26, sheng ：2097152
world keng：12, sheng ：1048576

2026-08-21 16:28:54.682 INFO [pool-6-thread-4][:] - /****************流量统计******************/
LastReadBytes:0
LastReadThroughput:0
LastWrittenBytes:0
LastWriteThroughput:0
RealWrittenBytes:0
RealWriteThroughput:0
当前玩家的连接数量:0
当前地图的线程个数：9
当前地图的个数:48
当前数据库执行队列数:0
当前发送队列缓存的对象数量:0
totalMemory：680001536, use ：442061032, free ：237940504DirectMemory：1827143680, 恢复 ：1
当前时间 ：2026-08-21 16:28:54send keng：2418, sheng ：4194304
decode keng：26, sheng ：2097152
world keng：12, sheng ：1048576

2026-08-21 16:28:59.682 INFO [pool-6-thread-7][:] - /****************流量统计******************/
LastReadBytes:0
LastReadThroughput:0
LastWrittenBytes:0
LastWriteThroughput:0
RealWrittenBytes:0
RealWriteThroughput:0
当前玩家的连接数量:0
当前地图的线程个数：9
当前地图的个数:48
当前数据库执行队列数:0
当前发送队列缓存的对象数量:0
totalMemory：680001536, use ：445482960, free ：234518576DirectMemory：1827143680, 恢复 ：1
当前时间 ：2026-08-21 16:28:59send keng：2418, sheng ：4194304
decode keng：26, sheng ：2097152
world keng：12, sheng ：1048576

2026-08-21 16:29:04.683 INFO [pool-6-thread-10][:] - /****************流量统计******************/
LastReadBytes:0
LastReadThroughput:0
LastWrittenBytes:0
LastWriteThroughput:0
RealWrittenBytes:0
RealWriteThroughput:0
当前玩家的连接数量:0
当前地图的线程个数：9
当前地图的个数:48
当前数据库执行队列数:0
当前发送队列缓存的对象数量:0
totalMemory：680001536, use ：448825896, free ：231175640DirectMemory：1827143680, 恢复 ：1
当前时间 ：2026-08-21 16:29:04send keng：2418, sheng ：4194304
decode keng：26, sheng ：2097152
world keng：12, sheng ：1048576

2026-08-21 16:29:09.682 INFO [pool-6-thread-4][:] - /****************流量统计******************/
LastReadBytes:0
LastReadThroughput:0
LastWrittenBytes:0
LastWriteThroughput:0
RealWrittenBytes:0
RealWriteThroughput:0
当前玩家的连接数量:0
当前地图的线程个数：9
当前地图的个数:48
当前数据库执行队列数:0
当前发送队列缓存的对象数量:0
totalMemory：680001536, use ：452481896, free ：227519640DirectMemory：1827143680, 恢复 ：1
当前时间 ：2026-08-21 16:29:09send keng：2418, sheng ：4194304
decode keng：26, sheng ：2097152
world keng：12, sheng ：1048576

2026-08-21 16:29:14.682 INFO [pool-6-thread-3][:] - /****************流量统计******************/
LastReadBytes:0
LastReadThroughput:0
LastWrittenBytes:0
LastWriteThroughput:0
RealWrittenBytes:0
RealWriteThroughput:0
当前玩家的连接数量:0
当前地图的线程个数：9
当前地图的个数:48
当前数据库执行队列数:0
当前发送队列缓存的对象数量:0
totalMemory：680001536, use ：455757064, free ：224244472DirectMemory：1827143680, 恢复 ：1
当前时间 ：2026-08-21 16:29:14send keng：2418, sheng ：4194304
decode keng：26, sheng ：2097152
world keng：12, sheng ：1048576

2026-08-21 16:29:19.682 INFO [pool-6-thread-3][:] - /****************流量统计******************/
LastReadBytes:0
LastReadThroughput:0
LastWrittenBytes:0
LastWriteThroughput:0
RealWrittenBytes:0
RealWriteThroughput:0
当前玩家的连接数量:0
当前地图的线程个数：9
当前地图的个数:48
当前数据库执行队列数:0
当前发送队列缓存的对象数量:0
totalMemory：680001536, use ：459412472, free ：220589064DirectMemory：1827143680, 恢复 ：1
当前时间 ：2026-08-21 16:29:19send keng：2418, sheng ：4194304
decode keng：26, sheng ：2097152
world keng：12, sheng ：1048576

2026-08-21 16:29:24.682 INFO [pool-6-thread-4][:] - /****************流量统计******************/
LastReadBytes:0
LastReadThroughput:0
LastWrittenBytes:0
LastWriteThroughput:0
RealWrittenBytes:0
RealWriteThroughput:0
当前玩家的连接数量:0
当前地图的线程个数：9
当前地图的个数:48
当前数据库执行队列数:0
当前发送队列缓存的对象数量:0
totalMemory：680001536, use ：462675112, free ：217326424DirectMemory：1827143680, 恢复 ：1
当前时间 ：2026-08-21 16:29:24send keng：2418, sheng ：4194304
decode keng：26, sheng ：2097152
world keng：12, sheng ：1048576

2026-08-21 16:29:29.682 INFO [pool-6-thread-8][:] - /****************流量统计******************/
LastReadBytes:0
LastReadThroughput:0
LastWrittenBytes:0
LastWriteThroughput:0
RealWrittenBytes:0
RealWriteThroughput:0
当前玩家的连接数量:0
当前地图的线程个数：9
当前地图的个数:48
当前数据库执行队列数:0
当前发送队列缓存的对象数量:0
totalMemory：680001536, use ：466422360, free ：213579176DirectMemory：1827143680, 恢复 ：1
当前时间 ：2026-08-21 16:29:29send keng：2418, sheng ：4194304
decode keng：26, sheng ：2097152
world keng：12, sheng ：1048576

2026-08-21 16:29:34.682 INFO [pool-6-thread-9][:] - /****************流量统计******************/
LastReadBytes:0
LastReadThroughput:0
LastWrittenBytes:0
LastWriteThroughput:0
RealWrittenBytes:0
RealWriteThroughput:0
当前玩家的连接数量:0
当前地图的线程个数：9
当前地图的个数:48
当前数据库执行队列数:0
当前发送队列缓存的对象数量:0
totalMemory：680001536, use ：423390944, free ：256610592DirectMemory：1827143680, 恢复 ：1
当前时间 ：2026-08-21 16:29:34send keng：2418, sheng ：4194304
decode keng：26, sheng ：2097152
world keng：12, sheng ：1048576

2026-08-21 16:29:39.682 INFO [pool-6-thread-4][:] - /****************流量统计******************/
LastReadBytes:0
LastReadThroughput:0
LastWrittenBytes:0
LastWriteThroughput:0
RealWrittenBytes:0
RealWriteThroughput:0
当前玩家的连接数量:0
当前地图的线程个数：9
当前地图的个数:48
当前数据库执行队列数:0
当前发送队列缓存的对象数量:0
totalMemory：680001536, use ：426534504, free ：253467032DirectMemory：1827143680, 恢复 ：1
当前时间 ：2026-08-21 16:29:39send keng：2418, sheng ：4194304
decode keng：26, sheng ：2097152
world keng：12, sheng ：1048576

2026-08-21 16:29:44.682 INFO [pool-6-thread-8][:] - /****************流量统计******************/
LastReadBytes:0
LastReadThroughput:0
LastWrittenBytes:0
LastWriteThroughput:0
RealWrittenBytes:0
RealWriteThroughput:0
当前玩家的连接数量:0
当前地图的线程个数：9
当前地图的个数:48
当前数据库执行队列数:0
当前发送队列缓存的对象数量:0
totalMemory：680001536, use ：430124184, free ：249877352DirectMemory：1827143680, 恢复 ：1
当前时间 ：2026-08-21 16:29:44send keng：2418, sheng ：4194304
decode keng：26, sheng ：2097152
world keng：12, sheng ：1048576

2026-08-21 16:29:49.682 INFO [pool-6-thread-1][:] - /****************流量统计******************/
LastReadBytes:0
LastReadThroughput:0
LastWrittenBytes:0
LastWriteThroughput:0
RealWrittenBytes:0
RealWriteThroughput:0
当前玩家的连接数量:0
当前地图的线程个数：9
当前地图的个数:48
当前数据库执行队列数:0
当前发送队列缓存的对象数量:0
totalMemory：680001536, use ：433470400, free ：246531136DirectMemory：1827143680, 恢复 ：1
当前时间 ：2026-08-21 16:29:49send keng：2418, sheng ：4194304
decode keng：26, sheng ：2097152
world keng：12, sheng ：1048576

2026-08-21 16:29:54.683 INFO [pool-6-thread-3][:] - /****************流量统计******************/
LastReadBytes:0
LastReadThroughput:0
LastWrittenBytes:0
LastWriteThroughput:0
RealWrittenBytes:0
RealWriteThroughput:0
当前玩家的连接数量:0
当前地图的线程个数：9
当前地图的个数:48
当前数据库执行队列数:0
当前发送队列缓存的对象数量:0
totalMemory：680001536, use ：437225576, free ：242775960DirectMemory：1827143680, 恢复 ：1
当前时间 ：2026-08-21 16:29:54send keng：2418, sheng ：4194304
decode keng：26, sheng ：2097152
world keng：12, sheng ：1048576

2026-08-21 16:29:59.682 INFO [pool-6-thread-5][:] - /****************流量统计******************/
LastReadBytes:0
LastReadThroughput:0
LastWrittenBytes:0
LastWriteThroughput:0
RealWrittenBytes:0
RealWriteThroughput:0
当前玩家的连接数量:0
当前地图的线程个数：9
当前地图的个数:48
当前数据库执行队列数:0
当前发送队列缓存的对象数量:0
totalMemory：680001536, use ：440389088, free ：239612448DirectMemory：1827143680, 恢复 ：1
当前时间 ：2026-08-21 16:29:59send keng：2418, sheng ：4194304
decode keng：26, sheng ：2097152
world keng：12, sheng ：1048576

2026-08-21 16:30:04.682 INFO [pool-6-thread-10][:] - /****************流量统计******************/
LastReadBytes:0
LastReadThroughput:0
LastWrittenBytes:0
LastWriteThroughput:0
RealWrittenBytes:0
RealWriteThroughput:0
当前玩家的连接数量:0
当前地图的线程个数：9
当前地图的个数:48
当前数据库执行队列数:0
当前发送队列缓存的对象数量:0
totalMemory：680001536, use ：443889216, free ：236112320DirectMemory：1827143680, 恢复 ：1
当前时间 ：2026-08-21 16:30:04send keng：2418, sheng ：4194304
decode keng：26, sheng ：2097152
world keng：12, sheng ：1048576

2026-08-21 16:30:09.682 INFO [pool-6-thread-5][:] - /****************流量统计******************/
LastReadBytes:0
LastReadThroughput:0
LastWrittenBytes:0
LastWriteThroughput:0
RealWrittenBytes:0
RealWriteThroughput:0
当前玩家的连接数量:0
当前地图的线程个数：9
当前地图的个数:48
当前数据库执行队列数:0
当前发送队列缓存的对象数量:0
totalMemory：680001536, use ：447190280, free ：232811256DirectMemory：1827143680, 恢复 ：1
当前时间 ：2026-08-21 16:30:09send keng：2418, sheng ：4194304
decode keng：26, sheng ：2097152
world keng：12, sheng ：1048576

2026-08-21 16:30:14.682 INFO [pool-6-thread-6][:] - /****************流量统计******************/
LastReadBytes:0
LastReadThroughput:0
LastWrittenBytes:0
LastWriteThroughput:0
RealWrittenBytes:0
RealWriteThroughput:0
当前玩家的连接数量:0
当前地图的线程个数：9
当前地图的个数:48
当前数据库执行队列数:0
当前发送队列缓存的对象数量:0
totalMemory：680001536, use ：450841560, free ：229159976DirectMemory：1827143680, 恢复 ：1
当前时间 ：2026-08-21 16:30:14send keng：2418, sheng ：4194304
decode keng：26, sheng ：2097152
world keng：12, sheng ：1048576

2026-08-21 16:30:19.682 INFO [pool-6-thread-7][:] - /****************流量统计******************/
LastReadBytes:0
LastReadThroughput:0
LastWrittenBytes:0
LastWriteThroughput:0
RealWrittenBytes:0
RealWriteThroughput:0
当前玩家的连接数量:0
当前地图的线程个数：9
当前地图的个数:48
当前数据库执行队列数:0
当前发送队列缓存的对象数量:0
totalMemory：680001536, use ：454344912, free ：225656624DirectMemory：1827143680, 恢复 ：1
当前时间 ：2026-08-21 16:30:19send keng：2418, sheng ：4194304
decode keng：26, sheng ：2097152
world keng：12, sheng ：1048576

2026-08-21 16:30:24.682 INFO [pool-6-thread-9][:] - /****************流量统计******************/
LastReadBytes:0
LastReadThroughput:0
LastWrittenBytes:0
LastWriteThroughput:0
RealWrittenBytes:0
RealWriteThroughput:0
当前玩家的连接数量:0
当前地图的线程个数：9
当前地图的个数:48
当前数据库执行队列数:0
当前发送队列缓存的对象数量:0
totalMemory：680001536, use ：457860880, free ：222140656DirectMemory：1827143680, 恢复 ：1
当前时间 ：2026-08-21 16:30:24send keng：2418, sheng ：4194304
decode keng：26, sheng ：2097152
world keng：12, sheng ：1048576

2026-08-21 16:30:29.682 INFO [pool-6-thread-10][:] - /****************流量统计******************/
LastReadBytes:0
LastReadThroughput:0
LastWrittenBytes:0
LastWriteThroughput:0
RealWrittenBytes:0
RealWriteThroughput:0
当前玩家的连接数量:0
当前地图的线程个数：9
当前地图的个数:48
当前数据库执行队列数:0
当前发送队列缓存的对象数量:0
totalMemory：680001536, use ：461452872, free ：218548664DirectMemory：1827143680, 恢复 ：1
当前时间 ：2026-08-21 16:30:29send keng：2418, sheng ：4194304
decode keng：26, sheng ：2097152
world keng：12, sheng ：1048576

2026-08-21 16:30:34.683 INFO [pool-6-thread-9][:] - /****************流量统计******************/
LastReadBytes:0
LastReadThroughput:0
LastWrittenBytes:0
LastWriteThroughput:0
RealWrittenBytes:0
RealWriteThroughput:0
当前玩家的连接数量:0
当前地图的线程个数：9
当前地图的个数:48
当前数据库执行队列数:0
当前发送队列缓存的对象数量:0
totalMemory：680001536, use ：464831016, free ：215170520DirectMemory：1827143680, 恢复 ：1
当前时间 ：2026-08-21 16:30:34send keng：2418, sheng ：4194304
decode keng：26, sheng ：2097152
world keng：12, sheng ：1048576

2026-08-21 16:30:39.682 INFO [pool-6-thread-1][:] - /****************流量统计******************/
LastReadBytes:0
LastReadThroughput:0
LastWrittenBytes:0
LastWriteThroughput:0
RealWrittenBytes:0
RealWriteThroughput:0
当前玩家的连接数量:0
当前地图的线程个数：9
当前地图的个数:48
当前数据库执行队列数:0
当前发送队列缓存的对象数量:0
totalMemory：680001536, use ：468414120, free ：211587416DirectMemory：1827143680, 恢复 ：1
当前时间 ：2026-08-21 16:30:39send keng：2418, sheng ：4194304
decode keng：26, sheng ：2097152
world keng：12, sheng ：1048576

2026-08-21 16:30:44.682 INFO [pool-6-thread-3][:] - /****************流量统计******************/
LastReadBytes:0
LastReadThroughput:0
LastWrittenBytes:0
LastWriteThroughput:0
RealWrittenBytes:0
RealWriteThroughput:0
当前玩家的连接数量:0
当前地图的线程个数：9
当前地图的个数:48
当前数据库执行队列数:0
当前发送队列缓存的对象数量:0
totalMemory：680001536, use ：424809784, free ：255191752DirectMemory：1827143680, 恢复 ：1
当前时间 ：2026-08-21 16:30:44send keng：2418, sheng ：4194304
decode keng：26, sheng ：2097152
world keng：12, sheng ：1048576

2026-08-21 16:30:49.682 INFO [pool-6-thread-2][:] - /****************流量统计******************/
LastReadBytes:0
LastReadThroughput:0
LastWrittenBytes:0
LastWriteThroughput:0
RealWrittenBytes:0
RealWriteThroughput:0
当前玩家的连接数量:0
当前地图的线程个数：9
当前地图的个数:48
当前数据库执行队列数:0
当前发送队列缓存的对象数量:0
totalMemory：680001536, use ：428545168, free ：251456368DirectMemory：1827143680, 恢复 ：1
当前时间 ：2026-08-21 16:30:49send keng：2418, sheng ：4194304
decode keng：26, sheng ：2097152
world keng：12, sheng ：1048576

2026-08-21 16:30:54.684 INFO [pool-6-thread-9][:] - /****************流量统计******************/
LastReadBytes:0
LastReadThroughput:0
LastWrittenBytes:0
LastWriteThroughput:0
RealWrittenBytes:0
RealWriteThroughput:0
当前玩家的连接数量:0
当前地图的线程个数：9
当前地图的个数:48
当前数据库执行队列数:0
当前发送队列缓存的对象数量:0
totalMemory：680001536, use ：432031176, free ：247970360DirectMemory：1827143680, 恢复 ：1
当前时间 ：2026-08-21 16:30:54send keng：2418, sheng ：4194304
decode keng：26, sheng ：2097152
world keng：12, sheng ：1048576

2026-08-21 16:30:59.682 INFO [pool-6-thread-2][:] - /****************流量统计******************/
LastReadBytes:0
LastReadThroughput:0
LastWrittenBytes:0
LastWriteThroughput:0
RealWrittenBytes:0
RealWriteThroughput:0
当前玩家的连接数量:0
当前地图的线程个数：9
当前地图的个数:48
当前数据库执行队列数:0
当前发送队列缓存的对象数量:0
totalMemory：680001536, use ：435383048, free ：244618488DirectMemory：1827143680, 恢复 ：1
当前时间 ：2026-08-21 16:30:59send keng：2418, sheng ：4194304
decode keng：26, sheng ：2097152
world keng：12, sheng ：1048576

2026-08-21 16:31:04.682 INFO [pool-6-thread-3][:] - /****************流量统计******************/
LastReadBytes:0
LastReadThroughput:0
LastWrittenBytes:0
LastWriteThroughput:0
RealWrittenBytes:0
RealWriteThroughput:0
当前玩家的连接数量:0
当前地图的线程个数：9
当前地图的个数:48
当前数据库执行队列数:0
当前发送队列缓存的对象数量:0
totalMemory：680001536, use ：439203424, free ：240798112DirectMemory：1827143680, 恢复 ：1
当前时间 ：2026-08-21 16:31:04send keng：2418, sheng ：4194304
decode keng：26, sheng ：2097152
world keng：12, sheng ：1048576

2026-08-21 16:31:09.682 INFO [pool-6-thread-5][:] - /****************流量统计******************/
LastReadBytes:0
LastReadThroughput:0
LastWrittenBytes:0
LastWriteThroughput:0
RealWrittenBytes:0
RealWriteThroughput:0
当前玩家的连接数量:0
当前地图的线程个数：9
当前地图的个数:48
当前数据库执行队列数:0
当前发送队列缓存的对象数量:0
totalMemory：680001536, use ：442299864, free ：237701672DirectMemory：1827143680, 恢复 ：1
当前时间 ：2026-08-21 16:31:09send keng：2418, sheng ：4194304
decode keng：26, sheng ：2097152
world keng：12, sheng ：1048576

2026-08-21 16:31:14.682 INFO [pool-6-thread-10][:] - /****************流量统计******************/
LastReadBytes:0
LastReadThroughput:0
LastWrittenBytes:0
LastWriteThroughput:0
RealWrittenBytes:0
RealWriteThroughput:0
当前玩家的连接数量:0
当前地图的线程个数：9
当前地图的个数:48
当前数据库执行队列数:0
当前发送队列缓存的对象数量:0
totalMemory：680001536, use ：446108968, free ：233892568DirectMemory：1827143680, 恢复 ：1
当前时间 ：2026-08-21 16:31:14send keng：2418, sheng ：4194304
decode keng：26, sheng ：2097152
world keng：12, sheng ：1048576

2026-08-21 16:31:19.682 INFO [pool-6-thread-10][:] - /****************流量统计******************/
LastReadBytes:0
LastReadThroughput:0
LastWrittenBytes:0
LastWriteThroughput:0
RealWrittenBytes:0
RealWriteThroughput:0
当前玩家的连接数量:0
当前地图的线程个数：9
当前地图的个数:48
当前数据库执行队列数:0
当前发送队列缓存的对象数量:0
totalMemory：680001536, use ：449472496, free ：230529040DirectMemory：1827143680, 恢复 ：1
当前时间 ：2026-08-21 16:31:19send keng：2418, sheng ：4194304
decode keng：26, sheng ：2097152
world keng：12, sheng ：1048576

2026-08-21 16:31:24.682 INFO [pool-6-thread-6][:] - /****************流量统计******************/
LastReadBytes:0
LastReadThroughput:0
LastWrittenBytes:0
LastWriteThroughput:0
RealWrittenBytes:0
RealWriteThroughput:0
当前玩家的连接数量:0
当前地图的线程个数：9
当前地图的个数:48
当前数据库执行队列数:0
当前发送队列缓存的对象数量:0
totalMemory：680001536, use ：453065336, free ：226936200DirectMemory：1827143680, 恢复 ：1
当前时间 ：2026-08-21 16:31:24send keng：2418, sheng ：4194304
decode keng：26, sheng ：2097152
world keng：12, sheng ：1048576

2026-08-21 16:31:29.682 INFO [pool-6-thread-3][:] - /****************流量统计******************/
LastReadBytes:0
LastReadThroughput:0
LastWrittenBytes:0
LastWriteThroughput:0
RealWrittenBytes:0
RealWriteThroughput:0
当前玩家的连接数量:0
当前地图的线程个数：9
当前地图的个数:48
当前数据库执行队列数:0
当前发送队列缓存的对象数量:0
totalMemory：680001536, use ：456391712, free ：223609824DirectMemory：1827143680, 恢复 ：1
当前时间 ：2026-08-21 16:31:29send keng：2418, sheng ：4194304
decode keng：26, sheng ：2097152
world keng：12, sheng ：1048576

2026-08-21 16:31:34.682 INFO [pool-6-thread-8][:] - /****************流量统计******************/
LastReadBytes:0
LastReadThroughput:0
LastWrittenBytes:0
LastWriteThroughput:0
RealWrittenBytes:0
RealWriteThroughput:0
当前玩家的连接数量:0
当前地图的线程个数：9
当前地图的个数:48
当前数据库执行队列数:0
当前发送队列缓存的对象数量:0
totalMemory：680001536, use ：460010136, free ：219991400DirectMemory：1827143680, 恢复 ：1
当前时间 ：2026-08-21 16:31:34send keng：2418, sheng ：4194304
decode keng：26, sheng ：2097152
world keng：12, sheng ：1048576

2026-08-21 16:31:39.682 INFO [pool-6-thread-4][:] - /****************流量统计******************/
LastReadBytes:0
LastReadThroughput:0
LastWrittenBytes:0
LastWriteThroughput:0
RealWrittenBytes:0
RealWriteThroughput:0
当前玩家的连接数量:0
当前地图的线程个数：9
当前地图的个数:48
当前数据库执行队列数:0
当前发送队列缓存的对象数量:0
totalMemory：680001536, use ：463615448, free ：216386088DirectMemory：1827143680, 恢复 ：1
当前时间 ：2026-08-21 16:31:39send keng：2418, sheng ：4194304
decode keng：26, sheng ：2097152
world keng：12, sheng ：1048576

2026-08-21 16:31:44.682 INFO [pool-6-thread-3][:] - /****************流量统计******************/
LastReadBytes:0
LastReadThroughput:0
LastWrittenBytes:0
LastWriteThroughput:0
RealWrittenBytes:0
RealWriteThroughput:0
当前玩家的连接数量:0
当前地图的线程个数：9
当前地图的个数:48
当前数据库执行队列数:0
当前发送队列缓存的对象数量:0
totalMemory：680001536, use ：466938576, free ：213062960DirectMemory：1827143680, 恢复 ：1
当前时间 ：2026-08-21 16:31:44send keng：2418, sheng ：4194304
decode keng：26, sheng ：2097152
world keng：12, sheng ：1048576

2026-08-21 16:31:49.682 INFO [pool-6-thread-2][:] - /****************流量统计******************/
LastReadBytes:0
LastReadThroughput:0
LastWrittenBytes:0
LastWriteThroughput:0
RealWrittenBytes:0
RealWriteThroughput:0
当前玩家的连接数量:0
当前地图的线程个数：9
当前地图的个数:48
当前数据库执行队列数:0
当前发送队列缓存的对象数量:0
totalMemory：680001536, use ：423674424, free ：256327112DirectMemory：1827143680, 恢复 ：1
当前时间 ：2026-08-21 16:31:49send keng：2418, sheng ：4194304
decode keng：26, sheng ：2097152
world keng：12, sheng ：1048576

2026-08-21 16:31:54.682 INFO [pool-6-thread-7][:] - /****************流量统计******************/
LastReadBytes:0
LastReadThroughput:0
LastWrittenBytes:0
LastWriteThroughput:0
RealWrittenBytes:0
RealWriteThroughput:0
当前玩家的连接数量:0
当前地图的线程个数：9
当前地图的个数:48
当前数据库执行队列数:0
当前发送队列缓存的对象数量:0
totalMemory：680001536, use ：426912288, free ：253089248DirectMemory：1827143680, 恢复 ：1
当前时间 ：2026-08-21 16:31:54send keng：2418, sheng ：4194304
decode keng：26, sheng ：2097152
world keng：12, sheng ：1048576

2026-08-21 16:31:59.682 INFO [pool-6-thread-3][:] - /****************流量统计******************/
LastReadBytes:0
LastReadThroughput:0
LastWrittenBytes:0
LastWriteThroughput:0
RealWrittenBytes:0
RealWriteThroughput:0
当前玩家的连接数量:0
当前地图的线程个数：9
当前地图的个数:48
当前数据库执行队列数:0
当前发送队列缓存的对象数量:0
totalMemory：680001536, use ：430606696, free ：249394840DirectMemory：1827143680, 恢复 ：1
当前时间 ：2026-08-21 16:31:59send keng：2418, sheng ：4194304
decode keng：26, sheng ：2097152
world keng：12, sheng ：1048576

2026-08-21 16:32:04.682 INFO [pool-6-thread-2][:] - /****************流量统计******************/
LastReadBytes:0
LastReadThroughput:0
LastWrittenBytes:0
LastWriteThroughput:0
RealWrittenBytes:0
RealWriteThroughput:0
当前玩家的连接数量:0
当前地图的线程个数：9
当前地图的个数:48
当前数据库执行队列数:0
当前发送队列缓存的对象数量:0
totalMemory：680001536, use ：434033400, free ：245968136DirectMemory：1827143680, 恢复 ：1
当前时间 ：2026-08-21 16:32:04send keng：2418, sheng ：4194304
decode keng：26, sheng ：2097152
world keng：12, sheng ：1048576

2026-08-21 16:32:09.682 INFO [pool-6-thread-3][:] - /****************流量统计******************/
LastReadBytes:0
LastReadThroughput:0
LastWrittenBytes:0
LastWriteThroughput:0
RealWrittenBytes:0
RealWriteThroughput:0
当前玩家的连接数量:0
当前地图的线程个数：9
当前地图的个数:48
当前数据库执行队列数:0
当前发送队列缓存的对象数量:0
totalMemory：680001536, use ：437342200, free ：242659336DirectMemory：1827143680, 恢复 ：1
当前时间 ：2026-08-21 16:32:09send keng：2418, sheng ：4194304
decode keng：26, sheng ：2097152
world keng：12, sheng ：1048576

2026-08-21 16:32:14.682 INFO [pool-6-thread-9][:] - /****************流量统计******************/
LastReadBytes:0
LastReadThroughput:0
LastWrittenBytes:0
LastWriteThroughput:0
RealWrittenBytes:0
RealWriteThroughput:0
当前玩家的连接数量:0
当前地图的线程个数：9
当前地图的个数:48
当前数据库执行队列数:0
当前发送队列缓存的对象数量:0
totalMemory：680001536, use ：441083904, free ：238917632DirectMemory：1827143680, 恢复 ：1
当前时间 ：2026-08-21 16:32:14send keng：2418, sheng ：4194304
decode keng：26, sheng ：2097152
world keng：12, sheng ：1048576

2026-08-21 16:32:19.682 INFO [pool-6-thread-8][:] - /****************流量统计******************/
LastReadBytes:0
LastReadThroughput:0
LastWrittenBytes:0
LastWriteThroughput:0
RealWrittenBytes:0
RealWriteThroughput:0
当前玩家的连接数量:0
当前地图的线程个数：9
当前地图的个数:48
当前数据库执行队列数:0
当前发送队列缓存的对象数量:0
totalMemory：680001536, use ：444559536, free ：235442000DirectMemory：1827143680, 恢复 ：1
当前时间 ：2026-08-21 16:32:19send keng：2418, sheng ：4194304
decode keng：26, sheng ：2097152
world keng：12, sheng ：1048576

2026-08-21 16:32:24.682 INFO [pool-6-thread-9][:] - /****************流量统计******************/
LastReadBytes:0
LastReadThroughput:0
LastWrittenBytes:0
LastWriteThroughput:0
RealWrittenBytes:0
RealWriteThroughput:0
当前玩家的连接数量:0
当前地图的线程个数：9
当前地图的个数:48
当前数据库执行队列数:0
当前发送队列缓存的对象数量:0
totalMemory：680001536, use ：447939992, free ：232061544DirectMemory：1827143680, 恢复 ：1
当前时间 ：2026-08-21 16:32:24send keng：2418, sheng ：4194304
decode keng：26, sheng ：2097152
world keng：12, sheng ：1048576

2026-08-21 16:32:29.682 INFO [pool-6-thread-3][:] - /****************流量统计******************/
LastReadBytes:0
LastReadThroughput:0
LastWrittenBytes:0
LastWriteThroughput:0
RealWrittenBytes:0
RealWriteThroughput:0
当前玩家的连接数量:0
当前地图的线程个数：9
当前地图的个数:48
当前数据库执行队列数:0
当前发送队列缓存的对象数量:0
totalMemory：680001536, use ：451223544, free ：228777992DirectMemory：1827143680, 恢复 ：1
当前时间 ：2026-08-21 16:32:29send keng：2418, sheng ：4194304
decode keng：26, sheng ：2097152
world keng：12, sheng ：1048576

2026-08-21 16:32:34.682 INFO [pool-6-thread-3][:] - /****************流量统计******************/
LastReadBytes:0
LastReadThroughput:0
LastWrittenBytes:0
LastWriteThroughput:0
RealWrittenBytes:0
RealWriteThroughput:0
当前玩家的连接数量:0
当前地图的线程个数：9
当前地图的个数:48
当前数据库执行队列数:0
当前发送队列缓存的对象数量:0
totalMemory：680001536, use ：454797912, free ：225203624DirectMemory：1827143680, 恢复 ：1
当前时间 ：2026-08-21 16:32:34send keng：2418, sheng ：4194304
decode keng：26, sheng ：2097152
world keng：12, sheng ：1048576

2026-08-21 16:32:39.682 INFO [pool-6-thread-5][:] - /****************流量统计******************/
LastReadBytes:0
LastReadThroughput:0
LastWrittenBytes:0
LastWriteThroughput:0
RealWrittenBytes:0
RealWriteThroughput:0
当前玩家的连接数量:0
当前地图的线程个数：9
当前地图的个数:48
当前数据库执行队列数:0
当前发送队列缓存的对象数量:0
totalMemory：680001536, use ：458179616, free ：221821920DirectMemory：1827143680, 恢复 ：1
当前时间 ：2026-08-21 16:32:39send keng：2418, sheng ：4194304
decode keng：26, sheng ：2097152
world keng：12, sheng ：1048576

2026-08-21 16:32:44.682 INFO [pool-6-thread-9][:] - /****************流量统计******************/
LastReadBytes:0
LastReadThroughput:0
LastWrittenBytes:0
LastWriteThroughput:0
RealWrittenBytes:0
RealWriteThroughput:0
当前玩家的连接数量:0
当前地图的线程个数：9
当前地图的个数:48
当前数据库执行队列数:0
当前发送队列缓存的对象数量:0
totalMemory：680001536, use ：461837248, free ：218164288DirectMemory：1827143680, 恢复 ：1
当前时间 ：2026-08-21 16:32:44send keng：2418, sheng ：4194304
decode keng：26, sheng ：2097152
world keng：12, sheng ：1048576

2026-08-21 16:32:49.682 INFO [pool-6-thread-6][:] - /****************流量统计******************/
LastReadBytes:0
LastReadThroughput:0
LastWrittenBytes:0
LastWriteThroughput:0
RealWrittenBytes:0
RealWriteThroughput:0
当前玩家的连接数量:0
当前地图的线程个数：9
当前地图的个数:48
当前数据库执行队列数:0
当前发送队列缓存的对象数量:0
totalMemory：680001536, use ：465227984, free ：214773552DirectMemory：1827143680, 恢复 ：1
当前时间 ：2026-08-21 16:32:49send keng：2418, sheng ：4194304
decode keng：26, sheng ：2097152
world keng：12, sheng ：1048576

2026-08-21 16:32:54.682 INFO [pool-6-thread-4][:] - /****************流量统计******************/
LastReadBytes:0
LastReadThroughput:0
LastWrittenBytes:0
LastWriteThroughput:0
RealWrittenBytes:0
RealWriteThroughput:0
当前玩家的连接数量:0
当前地图的线程个数：9
当前地图的个数:48
当前数据库执行队列数:0
当前发送队列缓存的对象数量:0
totalMemory：680001536, use ：468802888, free ：211198648DirectMemory：1827143680, 恢复 ：1
当前时间 ：2026-08-21 16:32:54send keng：2418, sheng ：4194304
decode keng：26, sheng ：2097152
world keng：12, sheng ：1048576

2026-08-21 16:32:59.684 INFO [pool-6-thread-8][:] - /****************流量统计******************/
LastReadBytes:0
LastReadThroughput:0
LastWrittenBytes:0
LastWriteThroughput:0
RealWrittenBytes:0
RealWriteThroughput:0
当前玩家的连接数量:0
当前地图的线程个数：9
当前地图的个数:48
当前数据库执行队列数:0
当前发送队列缓存的对象数量:0
totalMemory：680001536, use ：425466504, free ：254535032DirectMemory：1827143680, 恢复 ：1
当前时间 ：2026-08-21 16:32:59send keng：2418, sheng ：4194304
decode keng：26, sheng ：2097152
world keng：12, sheng ：1048576

2026-08-21 16:33:04.682 INFO [pool-6-thread-9][:] - /****************流量统计******************/
LastReadBytes:0
LastReadThroughput:0
LastWrittenBytes:0
LastWriteThroughput:0
RealWrittenBytes:0
RealWriteThroughput:0
当前玩家的连接数量:0
当前地图的线程个数：9
当前地图的个数:48
当前数据库执行队列数:0
当前发送队列缓存的对象数量:0
totalMemory：680001536, use ：428819728, free ：251181808DirectMemory：1827143680, 恢复 ：1
当前时间 ：2026-08-21 16:33:04send keng：2418, sheng ：4194304
decode keng：26, sheng ：2097152
world keng：12, sheng ：1048576

2026-08-21 16:33:09.682 INFO [pool-6-thread-8][:] - /****************流量统计******************/
LastReadBytes:0
LastReadThroughput:0
LastWrittenBytes:0
LastWriteThroughput:0
RealWrittenBytes:0
RealWriteThroughput:0
当前玩家的连接数量:0
当前地图的线程个数：9
当前地图的个数:48
当前数据库执行队列数:0
当前发送队列缓存的对象数量:0
totalMemory：680001536, use ：432199520, free ：247802016DirectMemory：1827143680, 恢复 ：1
当前时间 ：2026-08-21 16:33:09send keng：2418, sheng ：4194304
decode keng：26, sheng ：2097152
world keng：12, sheng ：1048576

2026-08-21 16:33:14.682 INFO [pool-6-thread-10][:] - /****************流量统计******************/
LastReadBytes:0
LastReadThroughput:0
LastWrittenBytes:0
LastWriteThroughput:0
RealWrittenBytes:0
RealWriteThroughput:0
当前玩家的连接数量:0
当前地图的线程个数：9
当前地图的个数:48
当前数据库执行队列数:0
当前发送队列缓存的对象数量:0
totalMemory：680001536, use ：435443232, free ：244558304DirectMemory：1827143680, 恢复 ：1
当前时间 ：2026-08-21 16:33:14send keng：2418, sheng ：4194304
decode keng：26, sheng ：2097152
world keng：12, sheng ：1048576

2026-08-21 16:33:19.682 INFO [pool-6-thread-4][:] - /****************流量统计******************/
LastReadBytes:0
LastReadThroughput:0
LastWrittenBytes:0
LastWriteThroughput:0
RealWrittenBytes:0
RealWriteThroughput:0
当前玩家的连接数量:0
当前地图的线程个数：9
当前地图的个数:48
当前数据库执行队列数:0
当前发送队列缓存的对象数量:0
totalMemory：680001536, use ：439148624, free ：240852912DirectMemory：1827143680, 恢复 ：1
当前时间 ：2026-08-21 16:33:19send keng：2418, sheng ：4194304
decode keng：26, sheng ：2097152
world keng：12, sheng ：1048576

2026-08-21 16:33:24.682 INFO [pool-6-thread-8][:] - /****************流量统计******************/
LastReadBytes:0
LastReadThroughput:0
LastWrittenBytes:0
LastWriteThroughput:0
RealWrittenBytes:0
RealWriteThroughput:0
当前玩家的连接数量:0
当前地图的线程个数：9
当前地图的个数:48
当前数据库执行队列数:0
当前发送队列缓存的对象数量:0
totalMemory：680001536, use ：442497552, free ：237503984DirectMemory：1827143680, 恢复 ：1
当前时间 ：2026-08-21 16:33:24send keng：2418, sheng ：4194304
decode keng：26, sheng ：2097152
world keng：12, sheng ：1048576

2026-08-21 16:33:29.682 INFO [pool-6-thread-10][:] - /****************流量统计******************/
LastReadBytes:0
LastReadThroughput:0
LastWrittenBytes:0
LastWriteThroughput:0
RealWrittenBytes:0
RealWriteThroughput:0
当前玩家的连接数量:0
当前地图的线程个数：9
当前地图的个数:48
当前数据库执行队列数:0
当前发送队列缓存的对象数量:0
totalMemory：680001536, use ：445951200, free ：234050336DirectMemory：1827143680, 恢复 ：1
当前时间 ：2026-08-21 16:33:29send keng：2418, sheng ：4194304
decode keng：26, sheng ：2097152
world keng：12, sheng ：1048576

2026-08-21 16:33:34.682 INFO [pool-6-thread-7][:] - /****************流量统计******************/
LastReadBytes:0
LastReadThroughput:0
LastWrittenBytes:0
LastWriteThroughput:0
RealWrittenBytes:0
RealWriteThroughput:0
当前玩家的连接数量:0
当前地图的线程个数：9
当前地图的个数:48
当前数据库执行队列数:0
当前发送队列缓存的对象数量:0
totalMemory：680001536, use ：449307512, free ：230694024DirectMemory：1827143680, 恢复 ：1
当前时间 ：2026-08-21 16:33:34send keng：2418, sheng ：4194304
decode keng：26, sheng ：2097152
world keng：12, sheng ：1048576

2026-08-21 16:33:39.682 INFO [pool-6-thread-4][:] - /****************流量统计******************/
LastReadBytes:0
LastReadThroughput:0
LastWrittenBytes:0
LastWriteThroughput:0
RealWrittenBytes:0
RealWriteThroughput:0
当前玩家的连接数量:0
当前地图的线程个数：9
当前地图的个数:48
当前数据库执行队列数:0
当前发送队列缓存的对象数量:0
totalMemory：680001536, use ：453115488, free ：226886048DirectMemory：1827143680, 恢复 ：1
当前时间 ：2026-08-21 16:33:39send keng：2418, sheng ：4194304
decode keng：26, sheng ：2097152
world keng：12, sheng ：1048576

2026-08-21 16:33:44.682 INFO [pool-6-thread-5][:] - /****************流量统计******************/
LastReadBytes:0
LastReadThroughput:0
LastWrittenBytes:0
LastWriteThroughput:0
RealWrittenBytes:0
RealWriteThroughput:0
当前玩家的连接数量:0
当前地图的线程个数：9
当前地图的个数:48
当前数据库执行队列数:0
当前发送队列缓存的对象数量:0
totalMemory：680001536, use ：456480512, free ：223521024DirectMemory：1827143680, 恢复 ：1
当前时间 ：2026-08-21 16:33:44send keng：2418, sheng ：4194304
decode keng：26, sheng ：2097152
world keng：12, sheng ：1048576

2026-08-21 16:33:49.682 INFO [pool-6-thread-9][:] - /****************流量统计******************/
LastReadBytes:0
LastReadThroughput:0
LastWrittenBytes:0
LastWriteThroughput:0
RealWrittenBytes:0
RealWriteThroughput:0
当前玩家的连接数量:0
当前地图的线程个数：9
当前地图的个数:48
当前数据库执行队列数:0
当前发送队列缓存的对象数量:0
totalMemory：680001536, use ：459974160, free ：220027376DirectMemory：1827143680, 恢复 ：1
当前时间 ：2026-08-21 16:33:49send keng：2418, sheng ：4194304
decode keng：26, sheng ：2097152
world keng：12, sheng ：1048576

2026-08-21 16:33:54.682 INFO [pool-6-thread-7][:] - /****************流量统计******************/
LastReadBytes:0
LastReadThroughput:0
LastWrittenBytes:0
LastWriteThroughput:0
RealWrittenBytes:10
RealWriteThroughput:0
当前玩家的连接数量:0
当前地图的线程个数：9
当前地图的个数:48
当前数据库执行队列数:0
当前发送队列缓存的对象数量:0
totalMemory：680001536, use ：463822064, free ：216179472DirectMemory：1827143680, 恢复 ：1
当前时间 ：2026-08-21 16:33:54send keng：2418, sheng ：4194304
decode keng：26, sheng ：2097152
world keng：12, sheng ：1048576

2026-08-21 16:33:59.682 INFO [pool-6-thread-10][:] - /****************流量统计******************/
LastReadBytes:0
LastReadThroughput:0
LastWrittenBytes:10
LastWriteThroughput:2
RealWrittenBytes:0
RealWriteThroughput:2
当前玩家的连接数量:0
当前地图的线程个数：9
当前地图的个数:48
当前数据库执行队列数:0
当前发送队列缓存的对象数量:0
totalMemory：680001536, use ：467225064, free ：212776472DirectMemory：1827143680, 恢复 ：1
当前时间 ：2026-08-21 16:33:59send keng：2418, sheng ：4194304
decode keng：26, sheng ：2097152
world keng：12, sheng ：1048576

2026-08-21 16:34:04.682 INFO [pool-6-thread-9][:] - /****************流量统计******************/
LastReadBytes:0
LastReadThroughput:0
LastWrittenBytes:0
LastWriteThroughput:0
RealWrittenBytes:0
RealWriteThroughput:0
当前玩家的连接数量:0
当前地图的线程个数：9
当前地图的个数:48
当前数据库执行队列数:0
当前发送队列缓存的对象数量:0
totalMemory：680001536, use ：424179504, free ：255822032DirectMemory：1827143680, 恢复 ：1
当前时间 ：2026-08-21 16:34:04send keng：2418, sheng ：4194304
decode keng：26, sheng ：2097152
world keng：12, sheng ：1048576

2026-08-21 16:34:09.682 INFO [pool-6-thread-3][:] - /****************流量统计******************/
LastReadBytes:0
LastReadThroughput:0
LastWrittenBytes:0
LastWriteThroughput:0
RealWrittenBytes:0
RealWriteThroughput:0
当前玩家的连接数量:0
当前地图的线程个数：9
当前地图的个数:48
当前数据库执行队列数:0
当前发送队列缓存的对象数量:0
totalMemory：680001536, use ：427938432, free ：252063104DirectMemory：1827143680, 恢复 ：1
当前时间 ：2026-08-21 16:34:09send keng：2418, sheng ：4194304
decode keng：26, sheng ：2097152
world keng：12, sheng ：1048576

2026-08-21 16:34:14.682 INFO [pool-6-thread-2][:] - /****************流量统计******************/
LastReadBytes:0
LastReadThroughput:0
LastWrittenBytes:0
LastWriteThroughput:0
RealWrittenBytes:0
RealWriteThroughput:0
当前玩家的连接数量:0
当前地图的线程个数：9
当前地图的个数:48
当前数据库执行队列数:0
当前发送队列缓存的对象数量:0
totalMemory：680001536, use ：431132416, free ：248869120DirectMemory：1827143680, 恢复 ：1
当前时间 ：2026-08-21 16:34:14send keng：2418, sheng ：4194304
decode keng：26, sheng ：2097152
world keng：12, sheng ：1048576

2026-08-21 16:34:19.682 INFO [pool-6-thread-4][:] - /****************流量统计******************/
LastReadBytes:0
LastReadThroughput:0
LastWrittenBytes:0
LastWriteThroughput:0
RealWrittenBytes:0
RealWriteThroughput:0
当前玩家的连接数量:0
当前地图的线程个数：9
当前地图的个数:48
当前数据库执行队列数:0
当前发送队列缓存的对象数量:0
totalMemory：680001536, use ：434818608, free ：245182928DirectMemory：1827143680, 恢复 ：1
当前时间 ：2026-08-21 16:34:19send keng：2418, sheng ：4194304
decode keng：26, sheng ：2097152
world keng：12, sheng ：1048576

2026-08-21 16:34:24.682 INFO [pool-6-thread-4][:] - /****************流量统计******************/
LastReadBytes:0
LastReadThroughput:0
LastWrittenBytes:0
LastWriteThroughput:0
RealWrittenBytes:0
RealWriteThroughput:0
当前玩家的连接数量:0
当前地图的线程个数：9
当前地图的个数:48
当前数据库执行队列数:0
当前发送队列缓存的对象数量:0
totalMemory：680001536, use ：438167208, free ：241834328DirectMemory：1827143680, 恢复 ：1
当前时间 ：2026-08-21 16:34:24send keng：2418, sheng ：4194304
decode keng：26, sheng ：2097152
world keng：12, sheng ：1048576

2026-08-21 16:34:29.682 INFO [pool-6-thread-3][:] - /****************流量统计******************/
LastReadBytes:0
LastReadThroughput:0
LastWrittenBytes:0
LastWriteThroughput:0
RealWrittenBytes:0
RealWriteThroughput:0
当前玩家的连接数量:0
当前地图的线程个数：9
当前地图的个数:48
当前数据库执行队列数:0
当前发送队列缓存的对象数量:0
totalMemory：680001536, use ：441623112, free ：238378424DirectMemory：1827143680, 恢复 ：1
当前时间 ：2026-08-21 16:34:29send keng：2418, sheng ：4194304
decode keng：26, sheng ：2097152
world keng：12, sheng ：1048576

2026-08-21 16:34:34.682 INFO [pool-6-thread-10][:] - /****************流量统计******************/
LastReadBytes:0
LastReadThroughput:0
LastWrittenBytes:0
LastWriteThroughput:0
RealWrittenBytes:0
RealWriteThroughput:0
当前玩家的连接数量:0
当前地图的线程个数：9
当前地图的个数:48
当前数据库执行队列数:0
当前发送队列缓存的对象数量:0
totalMemory：680001536, use ：444944688, free ：235056848DirectMemory：1827143680, 恢复 ：1
当前时间 ：2026-08-21 16:34:34send keng：2418, sheng ：4194304
decode keng：26, sheng ：2097152
world keng：12, sheng ：1048576

2026-08-21 16:34:39.682 INFO [pool-6-thread-1][:] - /****************流量统计******************/
LastReadBytes:0
LastReadThroughput:0
LastWrittenBytes:0
LastWriteThroughput:0
RealWrittenBytes:0
RealWriteThroughput:0
当前玩家的连接数量:0
当前地图的线程个数：9
当前地图的个数:48
当前数据库执行队列数:0
当前发送队列缓存的对象数量:0
totalMemory：680001536, use ：448485464, free ：231516072DirectMemory：1827143680, 恢复 ：1
当前时间 ：2026-08-21 16:34:39send keng：2418, sheng ：4194304
decode keng：26, sheng ：2097152
world keng：12, sheng ：1048576

2026-08-21 16:34:44.682 INFO [pool-6-thread-4][:] - /****************流量统计******************/
LastReadBytes:0
LastReadThroughput:0
LastWrittenBytes:0
LastWriteThroughput:0
RealWrittenBytes:0
RealWriteThroughput:0
当前玩家的连接数量:0
当前地图的线程个数：9
当前地图的个数:48
当前数据库执行队列数:0
当前发送队列缓存的对象数量:0
totalMemory：680001536, use ：451960320, free ：228041216DirectMemory：1827143680, 恢复 ：1
当前时间 ：2026-08-21 16:34:44send keng：2418, sheng ：4194304
decode keng：26, sheng ：2097152
world keng：12, sheng ：1048576

2026-08-21 16:34:49.682 INFO [pool-6-thread-5][:] - /****************流量统计******************/
LastReadBytes:0
LastReadThroughput:0
LastWrittenBytes:0
LastWriteThroughput:0
RealWrittenBytes:0
RealWriteThroughput:0
当前玩家的连接数量:0
当前地图的线程个数：9
当前地图的个数:48
当前数据库执行队列数:0
当前发送队列缓存的对象数量:0
totalMemory：680001536, use ：455428280, free ：224573256DirectMemory：1827143680, 恢复 ：1
当前时间 ：2026-08-21 16:34:49send keng：2418, sheng ：4194304
decode keng：26, sheng ：2097152
world keng：12, sheng ：1048576

2026-08-21 16:34:54.682 INFO [pool-6-thread-10][:] - /****************流量统计******************/
LastReadBytes:0
LastReadThroughput:0
LastWrittenBytes:0
LastWriteThroughput:0
RealWrittenBytes:0
RealWriteThroughput:0
当前玩家的连接数量:0
当前地图的线程个数：9
当前地图的个数:48
当前数据库执行队列数:0
当前发送队列缓存的对象数量:0
totalMemory：680001536, use ：458915368, free ：221086168DirectMemory：1827143680, 恢复 ：1
当前时间 ：2026-08-21 16:34:54send keng：2418, sheng ：4194304
decode keng：26, sheng ：2097152
world keng：12, sheng ：1048576

2026-08-21 16:34:59.682 INFO [pool-6-thread-4][:] - /****************流量统计******************/
LastReadBytes:0
LastReadThroughput:0
LastWrittenBytes:0
LastWriteThroughput:0
RealWrittenBytes:0
RealWriteThroughput:0
当前玩家的连接数量:0
当前地图的线程个数：9
当前地图的个数:48
当前数据库执行队列数:0
当前发送队列缓存的对象数量:0
totalMemory：680001536, use ：462380944, free ：217620592DirectMemory：1827143680, 恢复 ：1
当前时间 ：2026-08-21 16:34:59send keng：2418, sheng ：4194304
decode keng：26, sheng ：2097152
world keng：12, sheng ：1048576

2026-08-21 16:35:04.682 INFO [pool-6-thread-5][:] - /****************流量统计******************/
LastReadBytes:0
LastReadThroughput:0
LastWrittenBytes:0
LastWriteThroughput:0
RealWrittenBytes:0
RealWriteThroughput:0
当前玩家的连接数量:0
当前地图的线程个数：9
当前地图的个数:48
当前数据库执行队列数:0
当前发送队列缓存的对象数量:0
totalMemory：680001536, use ：465958456, free ：214043080DirectMemory：1827143680, 恢复 ：1
当前时间 ：2026-08-21 16:35:04send keng：2418, sheng ：4194304
decode keng：26, sheng ：2097152
world keng：12, sheng ：1048576

2026-08-21 16:35:09.682 INFO [pool-6-thread-9][:] - /****************流量统计******************/
LastReadBytes:0
LastReadThroughput:0
LastWrittenBytes:0
LastWriteThroughput:0
RealWrittenBytes:0
RealWriteThroughput:0
当前玩家的连接数量:0
当前地图的线程个数：9
当前地图的个数:48
当前数据库执行队列数:0
当前发送队列缓存的对象数量:0
totalMemory：680001536, use ：469117224, free ：210884312DirectMemory：1827143680, 恢复 ：1
当前时间 ：2026-08-21 16:35:09send keng：2418, sheng ：4194304
decode keng：26, sheng ：2097152
world keng：12, sheng ：1048576

2026-08-21 16:35:14.682 INFO [pool-6-thread-5][:] - /****************流量统计******************/
LastReadBytes:0
LastReadThroughput:0
LastWrittenBytes:0
LastWriteThroughput:0
RealWrittenBytes:0
RealWriteThroughput:0
当前玩家的连接数量:0
当前地图的线程个数：9
当前地图的个数:48
当前数据库执行队列数:0
当前发送队列缓存的对象数量:0
totalMemory：680001536, use ：426075008, free ：253926528DirectMemory：1827143680, 恢复 ：1
当前时间 ：2026-08-21 16:35:14send keng：2418, sheng ：4194304
decode keng：26, sheng ：2097152
world keng：12, sheng ：1048576

2026-08-21 16:35:19.682 INFO [pool-6-thread-2][:] - /****************流量统计******************/
LastReadBytes:0
LastReadThroughput:0
LastWrittenBytes:0
LastWriteThroughput:0
RealWrittenBytes:0
RealWriteThroughput:0
当前玩家的连接数量:0
当前地图的线程个数：9
当前地图的个数:48
当前数据库执行队列数:0
当前发送队列缓存的对象数量:0
totalMemory：680001536, use ：429303800, free ：250697736DirectMemory：1827143680, 恢复 ：1
当前时间 ：2026-08-21 16:35:19send keng：2418, sheng ：4194304
decode keng：26, sheng ：2097152
world keng：12, sheng ：1048576

2026-08-21 16:35:24.682 INFO [pool-6-thread-1][:] - /****************流量统计******************/
LastReadBytes:0
LastReadThroughput:0
LastWrittenBytes:0
LastWriteThroughput:0
RealWrittenBytes:0
RealWriteThroughput:0
当前玩家的连接数量:0
当前地图的线程个数：9
当前地图的个数:48
当前数据库执行队列数:0
当前发送队列缓存的对象数量:0
totalMemory：680001536, use ：432733696, free ：247267840DirectMemory：1827143680, 恢复 ：1
当前时间 ：2026-08-21 16:35:24send keng：2418, sheng ：4194304
decode keng：26, sheng ：2097152
world keng：12, sheng ：1048576

2026-08-21 16:35:29.682 INFO [pool-6-thread-2][:] - /****************流量统计******************/
LastReadBytes:0
LastReadThroughput:0
LastWrittenBytes:0
LastWriteThroughput:0
RealWrittenBytes:0
RealWriteThroughput:0
当前玩家的连接数量:0
当前地图的线程个数：9
当前地图的个数:48
当前数据库执行队列数:0
当前发送队列缓存的对象数量:0
totalMemory：680001536, use ：436281312, free ：243720224DirectMemory：1827143680, 恢复 ：1
当前时间 ：2026-08-21 16:35:29send keng：2418, sheng ：4194304
decode keng：26, sheng ：2097152
world keng：12, sheng ：1048576

2026-08-21 16:35:34.682 INFO [pool-6-thread-7][:] - /****************流量统计******************/
LastReadBytes:0
LastReadThroughput:0
LastWrittenBytes:0
LastWriteThroughput:0
RealWrittenBytes:0
RealWriteThroughput:0
当前玩家的连接数量:0
当前地图的线程个数：9
当前地图的个数:48
当前数据库执行队列数:0
当前发送队列缓存的对象数量:0
totalMemory：680001536, use ：439761200, free ：240240336DirectMemory：1827143680, 恢复 ：1
当前时间 ：2026-08-21 16:35:34send keng：2418, sheng ：4194304
decode keng：26, sheng ：2097152
world keng：12, sheng ：1048576

2026-08-21 16:35:39.682 INFO [pool-6-thread-2][:] - /****************流量统计******************/
LastReadBytes:0
LastReadThroughput:0
LastWrittenBytes:0
LastWriteThroughput:0
RealWrittenBytes:0
RealWriteThroughput:0
当前玩家的连接数量:0
当前地图的线程个数：9
当前地图的个数:48
当前数据库执行队列数:0
当前发送队列缓存的对象数量:0
totalMemory：680001536, use ：443247112, free ：236754424DirectMemory：1827143680, 恢复 ：1
当前时间 ：2026-08-21 16:35:39send keng：2418, sheng ：4194304
decode keng：26, sheng ：2097152
world keng：12, sheng ：1048576

2026-08-21 16:35:44.682 INFO [pool-6-thread-1][:] - /****************流量统计******************/
LastReadBytes:0
LastReadThroughput:0
LastWrittenBytes:0
LastWriteThroughput:0
RealWrittenBytes:0
RealWriteThroughput:0
当前玩家的连接数量:0
当前地图的线程个数：9
当前地图的个数:48
当前数据库执行队列数:0
当前发送队列缓存的对象数量:0
totalMemory：680001536, use ：446651976, free ：233349560DirectMemory：1827143680, 恢复 ：1
当前时间 ：2026-08-21 16:35:44send keng：2418, sheng ：4194304
decode keng：26, sheng ：2097152
world keng：12, sheng ：1048576

2026-08-21 16:35:49.682 INFO [pool-6-thread-4][:] - /****************流量统计******************/
LastReadBytes:0
LastReadThroughput:0
LastWrittenBytes:0
LastWriteThroughput:0
RealWrittenBytes:0
RealWriteThroughput:0
当前玩家的连接数量:0
当前地图的线程个数：9
当前地图的个数:48
当前数据库执行队列数:0
当前发送队列缓存的对象数量:0
totalMemory：680001536, use ：450399624, free ：229601912DirectMemory：1827143680, 恢复 ：1
当前时间 ：2026-08-21 16:35:49send keng：2418, sheng ：4194304
decode keng：26, sheng ：2097152
world keng：12, sheng ：1048576

2026-08-21 16:35:54.682 INFO [pool-6-thread-2][:] - /****************流量统计******************/
LastReadBytes:0
LastReadThroughput:0
LastWrittenBytes:0
LastWriteThroughput:0
RealWrittenBytes:0
RealWriteThroughput:0
当前玩家的连接数量:0
当前地图的线程个数：9
当前地图的个数:48
当前数据库执行队列数:0
当前发送队列缓存的对象数量:0
totalMemory：680001536, use ：453743984, free ：226257552DirectMemory：1827143680, 恢复 ：1
当前时间 ：2026-08-21 16:35:54send keng：2418, sheng ：4194304
decode keng：26, sheng ：2097152
world keng：12, sheng ：1048576

2026-08-21 16:35:59.682 INFO [pool-6-thread-2][:] - /****************流量统计******************/
LastReadBytes:0
LastReadThroughput:0
LastWrittenBytes:0
LastWriteThroughput:0
RealWrittenBytes:0
RealWriteThroughput:0
当前玩家的连接数量:0
当前地图的线程个数：9
当前地图的个数:48
当前数据库执行队列数:0
当前发送队列缓存的对象数量:0
totalMemory：680001536, use ：457392328, free ：222609208DirectMemory：1827143680, 恢复 ：1
当前时间 ：2026-08-21 16:35:59send keng：2418, sheng ：4194304
decode keng：26, sheng ：2097152
world keng：12, sheng ：1048576

2026-08-21 16:36:04.682 INFO [pool-6-thread-8][:] - /****************流量统计******************/
LastReadBytes:0
LastReadThroughput:0
LastWrittenBytes:0
LastWriteThroughput:0
RealWrittenBytes:0
RealWriteThroughput:0
当前玩家的连接数量:0
当前地图的线程个数：9
当前地图的个数:48
当前数据库执行队列数:0
当前发送队列缓存的对象数量:0
totalMemory：680001536, use ：460786640, free ：219214896DirectMemory：1827143680, 恢复 ：1
当前时间 ：2026-08-21 16:36:04send keng：2418, sheng ：4194304
decode keng：26, sheng ：2097152
world keng：12, sheng ：1048576

2026-08-21 16:36:09.682 INFO [pool-6-thread-1][:] - /****************流量统计******************/
LastReadBytes:0
LastReadThroughput:0
LastWrittenBytes:0
LastWriteThroughput:0
RealWrittenBytes:0
RealWriteThroughput:0
当前玩家的连接数量:0
当前地图的线程个数：9
当前地图的个数:48
当前数据库执行队列数:0
当前发送队列缓存的对象数量:0
totalMemory：680001536, use ：464503488, free ：215498048DirectMemory：1827143680, 恢复 ：1
当前时间 ：2026-08-21 16:36:09send keng：2418, sheng ：4194304
decode keng：26, sheng ：2097152
world keng：12, sheng ：1048576

2026-08-21 16:36:14.682 INFO [pool-6-thread-2][:] - /****************流量统计******************/
LastReadBytes:0
LastReadThroughput:0
LastWrittenBytes:0
LastWriteThroughput:0
RealWrittenBytes:0
RealWriteThroughput:0
当前玩家的连接数量:0
当前地图的线程个数：9
当前地图的个数:48
当前数据库执行队列数:0
当前发送队列缓存的对象数量:0
totalMemory：680001536, use ：467836264, free ：212165272DirectMemory：1827143680, 恢复 ：1
当前时间 ：2026-08-21 16:36:14send keng：2418, sheng ：4194304
decode keng：26, sheng ：2097152
world keng：12, sheng ：1048576

2026-08-21 16:36:19.682 INFO [pool-6-thread-10][:] - /****************流量统计******************/
LastReadBytes:0
LastReadThroughput:0
LastWrittenBytes:0
LastWriteThroughput:0
RealWrittenBytes:0
RealWriteThroughput:0
当前玩家的连接数量:0
当前地图的线程个数：9
当前地图的个数:48
当前数据库执行队列数:0
当前发送队列缓存的对象数量:0
totalMemory：680001536, use ：424540288, free ：255461248DirectMemory：1827143680, 恢复 ：1
当前时间 ：2026-08-21 16:36:19send keng：2418, sheng ：4194304
decode keng：26, sheng ：2097152
world keng：12, sheng ：1048576

2026-08-21 16:36:24.682 INFO [pool-6-thread-5][:] - /****************流量统计******************/
LastReadBytes:0
LastReadThroughput:0
LastWrittenBytes:0
LastWriteThroughput:0
RealWrittenBytes:0
RealWriteThroughput:0
当前玩家的连接数量:0
当前地图的线程个数：9
当前地图的个数:48
当前数据库执行队列数:0
当前发送队列缓存的对象数量:0
totalMemory：680001536, use ：428228368, free ：251773168DirectMemory：1827143680, 恢复 ：1
当前时间 ：2026-08-21 16:36:24send keng：2418, sheng ：4194304
decode keng：26, sheng ：2097152
world keng：12, sheng ：1048576

2026-08-21 16:36:29.682 INFO [pool-6-thread-2][:] - /****************流量统计******************/
LastReadBytes:0
LastReadThroughput:0
LastWrittenBytes:0
LastWriteThroughput:0
RealWrittenBytes:0
RealWriteThroughput:0
当前玩家的连接数量:0
当前地图的线程个数：9
当前地图的个数:48
当前数据库执行队列数:0
当前发送队列缓存的对象数量:0
totalMemory：680001536, use ：431592368, free ：248409168DirectMemory：1827143680, 恢复 ：1
当前时间 ：2026-08-21 16:36:29send keng：2418, sheng ：4194304
decode keng：26, sheng ：2097152
world keng：12, sheng ：1048576

2026-08-21 16:36:34.682 INFO [pool-6-thread-6][:] - /****************流量统计******************/
LastReadBytes:0
LastReadThroughput:0
LastWrittenBytes:0
LastWriteThroughput:0
RealWrittenBytes:0
RealWriteThroughput:0
当前玩家的连接数量:0
当前地图的线程个数：9
当前地图的个数:48
当前数据库执行队列数:0
当前发送队列缓存的对象数量:0
totalMemory：680001536, use ：435151960, free ：244849576DirectMemory：1827143680, 恢复 ：1
当前时间 ：2026-08-21 16:36:34send keng：2418, sheng ：4194304
decode keng：26, sheng ：2097152
world keng：12, sheng ：1048576

2026-08-21 16:36:39.682 INFO [pool-6-thread-9][:] - /****************流量统计******************/
LastReadBytes:0
LastReadThroughput:0
LastWrittenBytes:0
LastWriteThroughput:0
RealWrittenBytes:0
RealWriteThroughput:0
当前玩家的连接数量:0
当前地图的线程个数：9
当前地图的个数:48
当前数据库执行队列数:0
当前发送队列缓存的对象数量:0
totalMemory：680001536, use ：438522880, free ：241478656DirectMemory：1827143680, 恢复 ：1
当前时间 ：2026-08-21 16:36:39send keng：2418, sheng ：4194304
decode keng：26, sheng ：2097152
world keng：12, sheng ：1048576

2026-08-21 16:36:44.682 INFO [pool-6-thread-1][:] - /****************流量统计******************/
LastReadBytes:0
LastReadThroughput:0
LastWrittenBytes:0
LastWriteThroughput:0
RealWrittenBytes:0
RealWriteThroughput:0
当前玩家的连接数量:0
当前地图的线程个数：9
当前地图的个数:48
当前数据库执行队列数:0
当前发送队列缓存的对象数量:0
totalMemory：680001536, use ：442188856, free ：237812680DirectMemory：1827143680, 恢复 ：1
当前时间 ：2026-08-21 16:36:44send keng：2418, sheng ：4194304
decode keng：26, sheng ：2097152
world keng：12, sheng ：1048576

2026-08-21 16:36:49.682 INFO [pool-6-thread-8][:] - /****************流量统计******************/
LastReadBytes:0
LastReadThroughput:0
LastWrittenBytes:0
LastWriteThroughput:0
RealWrittenBytes:0
RealWriteThroughput:0
当前玩家的连接数量:0
当前地图的线程个数：9
当前地图的个数:48
当前数据库执行队列数:0
当前发送队列缓存的对象数量:0
totalMemory：680001536, use ：445742440, free ：234259096DirectMemory：1827143680, 恢复 ：1
当前时间 ：2026-08-21 16:36:49send keng：2418, sheng ：4194304
decode keng：26, sheng ：2097152
world keng：12, sheng ：1048576

2026-08-21 16:36:54.682 INFO [pool-6-thread-8][:] - /****************流量统计******************/
LastReadBytes:0
LastReadThroughput:0
LastWrittenBytes:0
LastWriteThroughput:0
RealWrittenBytes:0
RealWriteThroughput:0
当前玩家的连接数量:0
当前地图的线程个数：9
当前地图的个数:48
当前数据库执行队列数:0
当前发送队列缓存的对象数量:0
totalMemory：680001536, use ：448807336, free ：231194200DirectMemory：1827143680, 恢复 ：1
当前时间 ：2026-08-21 16:36:54send keng：2418, sheng ：4194304
decode keng：26, sheng ：2097152
world keng：12, sheng ：1048576

2026-08-21 16:36:59.682 INFO [pool-6-thread-4][:] - /****************流量统计******************/
LastReadBytes:0
LastReadThroughput:0
LastWrittenBytes:0
LastWriteThroughput:0
RealWrittenBytes:0
RealWriteThroughput:0
当前玩家的连接数量:0
当前地图的线程个数：9
当前地图的个数:48
当前数据库执行队列数:0
当前发送队列缓存的对象数量:0
totalMemory：680001536, use ：452432200, free ：227569336DirectMemory：1827143680, 恢复 ：1
当前时间 ：2026-08-21 16:36:59send keng：2418, sheng ：4194304
decode keng：26, sheng ：2097152
world keng：12, sheng ：1048576

2026-08-21 16:37:04.682 INFO [pool-6-thread-9][:] - /****************流量统计******************/
LastReadBytes:0
LastReadThroughput:0
LastWrittenBytes:0
LastWriteThroughput:0
RealWrittenBytes:0
RealWriteThroughput:0
当前玩家的连接数量:0
当前地图的线程个数：9
当前地图的个数:48
当前数据库执行队列数:0
当前发送队列缓存的对象数量:0
totalMemory：680001536, use ：455847984, free ：224153552DirectMemory：1827143680, 恢复 ：1
当前时间 ：2026-08-21 16:37:04send keng：2418, sheng ：4194304
decode keng：26, sheng ：2097152
world keng：12, sheng ：1048576

2026-08-21 16:37:09.682 INFO [pool-6-thread-2][:] - /****************流量统计******************/
LastReadBytes:0
LastReadThroughput:0
LastWrittenBytes:0
LastWriteThroughput:0
RealWrittenBytes:0
RealWriteThroughput:0
当前玩家的连接数量:0
当前地图的线程个数：9
当前地图的个数:48
当前数据库执行队列数:0
当前发送队列缓存的对象数量:0
totalMemory：680001536, use ：459479264, free ：220522272DirectMemory：1827143680, 恢复 ：1
当前时间 ：2026-08-21 16:37:09send keng：2418, sheng ：4194304
decode keng：26, sheng ：2097152
world keng：12, sheng ：1048576

2026-08-21 16:37:14.682 INFO [pool-6-thread-2][:] - /****************流量统计******************/
LastReadBytes:0
LastReadThroughput:0
LastWrittenBytes:0
LastWriteThroughput:0
RealWrittenBytes:0
RealWriteThroughput:0
当前玩家的连接数量:0
当前地图的线程个数：9
当前地图的个数:48
当前数据库执行队列数:0
当前发送队列缓存的对象数量:0
totalMemory：680001536, use ：462782608, free ：217218928DirectMemory：1827143680, 恢复 ：1
当前时间 ：2026-08-21 16:37:14send keng：2418, sheng ：4194304
decode keng：26, sheng ：2097152
world keng：12, sheng ：1048576

2026-08-21 16:37:19.682 INFO [pool-6-thread-3][:] - /****************流量统计******************/
LastReadBytes:0
LastReadThroughput:0
LastWrittenBytes:0
LastWriteThroughput:0
RealWrittenBytes:0
RealWriteThroughput:0
当前玩家的连接数量:0
当前地图的线程个数：9
当前地图的个数:48
当前数据库执行队列数:0
当前发送队列缓存的对象数量:0
totalMemory：680001536, use ：466092392, free ：213909144DirectMemory：1827143680, 恢复 ：1
当前时间 ：2026-08-21 16:37:19send keng：2418, sheng ：4194304
decode keng：26, sheng ：2097152
world keng：12, sheng ：1048576

2026-08-21 16:37:24.682 INFO [pool-6-thread-8][:] - /****************流量统计******************/
LastReadBytes:0
LastReadThroughput:0
LastWrittenBytes:0
LastWriteThroughput:0
RealWrittenBytes:0
RealWriteThroughput:0
当前玩家的连接数量:0
当前地图的线程个数：9
当前地图的个数:48
当前数据库执行队列数:0
当前发送队列缓存的对象数量:0
totalMemory：680001536, use ：423164552, free ：256836984DirectMemory：1827143680, 恢复 ：1
当前时间 ：2026-08-21 16:37:24send keng：2418, sheng ：4194304
decode keng：26, sheng ：2097152
world keng：12, sheng ：1048576

2026-08-21 16:37:29.682 INFO [pool-6-thread-9][:] - /****************流量统计******************/
LastReadBytes:0
LastReadThroughput:0
LastWrittenBytes:0
LastWriteThroughput:0
RealWrittenBytes:0
RealWriteThroughput:0
当前玩家的连接数量:0
当前地图的线程个数：9
当前地图的个数:48
当前数据库执行队列数:0
当前发送队列缓存的对象数量:0
totalMemory：680001536, use ：426293136, free ：253708400DirectMemory：1827143680, 恢复 ：1
当前时间 ：2026-08-21 16:37:29send keng：2418, sheng ：4194304
decode keng：26, sheng ：2097152
world keng：12, sheng ：1048576

2026-08-21 16:37:34.682 INFO [pool-6-thread-2][:] - /****************流量统计******************/
LastReadBytes:0
LastReadThroughput:0
LastWrittenBytes:0
LastWriteThroughput:0
RealWrittenBytes:0
RealWriteThroughput:0
当前玩家的连接数量:0
当前地图的线程个数：9
当前地图的个数:48
当前数据库执行队列数:0
当前发送队列缓存的对象数量:0
totalMemory：680001536, use ：429854936, free ：250146600DirectMemory：1827143680, 恢复 ：1
当前时间 ：2026-08-21 16:37:34send keng：2418, sheng ：4194304
decode keng：26, sheng ：2097152
world keng：12, sheng ：1048576

2026-08-21 16:37:39.682 INFO [pool-6-thread-8][:] - /****************流量统计******************/
LastReadBytes:0
LastReadThroughput:0
LastWrittenBytes:0
LastWriteThroughput:0
RealWrittenBytes:0
RealWriteThroughput:0
当前玩家的连接数量:0
当前地图的线程个数：9
当前地图的个数:48
当前数据库执行队列数:0
当前发送队列缓存的对象数量:0
totalMemory：680001536, use ：433147552, free ：246853984DirectMemory：1827143680, 恢复 ：1
当前时间 ：2026-08-21 16:37:39send keng：2418, sheng ：4194304
decode keng：26, sheng ：2097152
world keng：12, sheng ：1048576

2026-08-21 16:37:44.682 INFO [pool-6-thread-5][:] - /****************流量统计******************/
LastReadBytes:0
LastReadThroughput:0
LastWrittenBytes:0
LastWriteThroughput:0
RealWrittenBytes:0
RealWriteThroughput:0
当前玩家的连接数量:0
当前地图的线程个数：9
当前地图的个数:48
当前数据库执行队列数:0
当前发送队列缓存的对象数量:0
totalMemory：680001536, use ：436649280, free ：243352256DirectMemory：1827143680, 恢复 ：1
当前时间 ：2026-08-21 16:37:44send keng：2418, sheng ：4194304
decode keng：26, sheng ：2097152
world keng：12, sheng ：1048576

2026-08-21 16:37:49.683 INFO [pool-6-thread-2][:] - /****************流量统计******************/
LastReadBytes:0
LastReadThroughput:0
LastWrittenBytes:0
LastWriteThroughput:0
RealWrittenBytes:0
RealWriteThroughput:0
当前玩家的连接数量:0
当前地图的线程个数：9
当前地图的个数:48
当前数据库执行队列数:0
当前发送队列缓存的对象数量:0
totalMemory：680001536, use ：439882624, free ：240118912DirectMemory：1827143680, 恢复 ：1
当前时间 ：2026-08-21 16:37:49send keng：2418, sheng ：4194304
decode keng：26, sheng ：2097152
world keng：12, sheng ：1048576

2026-08-21 16:37:54.682 INFO [pool-6-thread-3][:] - /****************流量统计******************/
LastReadBytes:0
LastReadThroughput:0
LastWrittenBytes:0
LastWriteThroughput:0
RealWrittenBytes:0
RealWriteThroughput:0
当前玩家的连接数量:0
当前地图的线程个数：9
当前地图的个数:48
当前数据库执行队列数:0
当前发送队列缓存的对象数量:0
totalMemory：680001536, use ：443584232, free ：236417304DirectMemory：1827143680, 恢复 ：1
当前时间 ：2026-08-21 16:37:54send keng：2418, sheng ：4194304
decode keng：26, sheng ：2097152
world keng：12, sheng ：1048576

2026-08-21 16:37:59.682 INFO [pool-6-thread-6][:] - /****************流量统计******************/
LastReadBytes:0
LastReadThroughput:0
LastWrittenBytes:0
LastWriteThroughput:0
RealWrittenBytes:0
RealWriteThroughput:0
当前玩家的连接数量:0
当前地图的线程个数：9
当前地图的个数:48
当前数据库执行队列数:0
当前发送队列缓存的对象数量:0
totalMemory：680001536, use ：446787552, free ：233213984DirectMemory：1827143680, 恢复 ：1
当前时间 ：2026-08-21 16:37:59send keng：2418, sheng ：4194304
decode keng：26, sheng ：2097152
world keng：12, sheng ：1048576

2026-08-21 16:38:04.682 INFO [pool-6-thread-4][:] - /****************流量统计******************/
LastReadBytes:0
LastReadThroughput:0
LastWrittenBytes:0
LastWriteThroughput:0
RealWrittenBytes:0
RealWriteThroughput:0
当前玩家的连接数量:0
当前地图的线程个数：9
当前地图的个数:48
当前数据库执行队列数:0
当前发送队列缓存的对象数量:0
totalMemory：680001536, use ：450394664, free ：229606872DirectMemory：1827143680, 恢复 ：1
当前时间 ：2026-08-21 16:38:04send keng：2418, sheng ：4194304
decode keng：26, sheng ：2097152
world keng：12, sheng ：1048576

2026-08-21 16:38:09.682 INFO [pool-6-thread-2][:] - /****************流量统计******************/
LastReadBytes:0
LastReadThroughput:0
LastWrittenBytes:0
LastWriteThroughput:0
RealWrittenBytes:0
RealWriteThroughput:0
当前玩家的连接数量:0
当前地图的线程个数：9
当前地图的个数:48
当前数据库执行队列数:0
当前发送队列缓存的对象数量:0
totalMemory：680001536, use ：453917456, free ：226084080DirectMemory：1827143680, 恢复 ：1
当前时间 ：2026-08-21 16:38:09send keng：2418, sheng ：4194304
decode keng：26, sheng ：2097152
world keng：12, sheng ：1048576

2026-08-21 16:38:14.682 INFO [pool-6-thread-10][:] - /****************流量统计******************/
LastReadBytes:0
LastReadThroughput:0
LastWrittenBytes:0
LastWriteThroughput:0
RealWrittenBytes:0
RealWriteThroughput:0
当前玩家的连接数量:0
当前地图的线程个数：9
当前地图的个数:48
当前数据库执行队列数:0
当前发送队列缓存的对象数量:0
totalMemory：680001536, use ：457460424, free ：222541112DirectMemory：1827143680, 恢复 ：1
当前时间 ：2026-08-21 16:38:14send keng：2418, sheng ：4194304
decode keng：26, sheng ：2097152
world keng：12, sheng ：1048576

2026-08-21 16:38:19.682 INFO [pool-6-thread-8][:] - /****************流量统计******************/
LastReadBytes:0
LastReadThroughput:0
LastWrittenBytes:0
LastWriteThroughput:0
RealWrittenBytes:0
RealWriteThroughput:0
当前玩家的连接数量:0
当前地图的线程个数：9
当前地图的个数:48
当前数据库执行队列数:0
当前发送队列缓存的对象数量:0
totalMemory：680001536, use ：460784360, free ：219217176DirectMemory：1827143680, 恢复 ：1
当前时间 ：2026-08-21 16:38:19send keng：2418, sheng ：4194304
decode keng：26, sheng ：2097152
world keng：12, sheng ：1048576

2026-08-21 16:38:24.682 INFO [pool-6-thread-3][:] - /****************流量统计******************/
LastReadBytes:0
LastReadThroughput:0
LastWrittenBytes:0
LastWriteThroughput:0
RealWrittenBytes:0
RealWriteThroughput:0
当前玩家的连接数量:0
当前地图的线程个数：9
当前地图的个数:48
当前数据库执行队列数:0
当前发送队列缓存的对象数量:0
totalMemory：680001536, use ：464434088, free ：215567448DirectMemory：1827143680, 恢复 ：1
当前时间 ：2026-08-21 16:38:24send keng：2418, sheng ：4194304
decode keng：26, sheng ：2097152
world keng：12, sheng ：1048576

2026-08-21 16:38:29.682 INFO [pool-6-thread-3][:] - /****************流量统计******************/
LastReadBytes:0
LastReadThroughput:0
LastWrittenBytes:0
LastWriteThroughput:0
RealWrittenBytes:0
RealWriteThroughput:0
当前玩家的连接数量:0
当前地图的线程个数：9
当前地图的个数:48
当前数据库执行队列数:0
当前发送队列缓存的对象数量:0
totalMemory：680001536, use ：467972472, free ：212029064DirectMemory：1827143680, 恢复 ：1
当前时间 ：2026-08-21 16:38:29send keng：2418, sheng ：4194304
decode keng：26, sheng ：2097152
world keng：12, sheng ：1048576

2026-08-21 16:38:34.682 INFO [pool-6-thread-8][:] - /****************流量统计******************/
LastReadBytes:0
LastReadThroughput:0
LastWrittenBytes:0
LastWriteThroughput:0
RealWrittenBytes:0
RealWriteThroughput:0
当前玩家的连接数量:0
当前地图的线程个数：9
当前地图的个数:48
当前数据库执行队列数:0
当前发送队列缓存的对象数量:0
totalMemory：680001536, use ：424493328, free ：255508208DirectMemory：1827143680, 恢复 ：1
当前时间 ：2026-08-21 16:38:34send keng：2418, sheng ：4194304
decode keng：26, sheng ：2097152
world keng：12, sheng ：1048576

2026-08-21 16:38:39.682 INFO [pool-6-thread-8][:] - /****************流量统计******************/
LastReadBytes:0
LastReadThroughput:0
LastWrittenBytes:0
LastWriteThroughput:0
RealWrittenBytes:0
RealWriteThroughput:0
当前玩家的连接数量:0
当前地图的线程个数：9
当前地图的个数:48
当前数据库执行队列数:0
当前发送队列缓存的对象数量:0
totalMemory：680001536, use ：428186312, free ：251815224DirectMemory：1827143680, 恢复 ：1
当前时间 ：2026-08-21 16:38:39send keng：2418, sheng ：4194304
decode keng：26, sheng ：2097152
world keng：12, sheng ：1048576

2026-08-21 16:38:44.682 INFO [pool-6-thread-5][:] - /****************流量统计******************/
LastReadBytes:0
LastReadThroughput:0
LastWrittenBytes:0
LastWriteThroughput:0
RealWrittenBytes:0
RealWriteThroughput:0
当前玩家的连接数量:0
当前地图的线程个数：9
当前地图的个数:48
当前数据库执行队列数:0
当前发送队列缓存的对象数量:0
totalMemory：680001536, use ：431544352, free ：248457184DirectMemory：1827143680, 恢复 ：1
当前时间 ：2026-08-21 16:38:44send keng：2418, sheng ：4194304
decode keng：26, sheng ：2097152
world keng：12, sheng ：1048576

2026-08-21 16:38:49.682 INFO [pool-6-thread-2][:] - /****************流量统计******************/
LastReadBytes:0
LastReadThroughput:0
LastWrittenBytes:0
LastWriteThroughput:0
RealWrittenBytes:0
RealWriteThroughput:0
当前玩家的连接数量:0
当前地图的线程个数：9
当前地图的个数:48
当前数据库执行队列数:0
当前发送队列缓存的对象数量:0
totalMemory：680001536, use ：435204104, free ：244797432DirectMemory：1827143680, 恢复 ：1
当前时间 ：2026-08-21 16:38:49send keng：2418, sheng ：4194304
decode keng：26, sheng ：2097152
world keng：12, sheng ：1048576

2026-08-21 16:38:54.682 INFO [pool-6-thread-9][:] - /****************流量统计******************/
LastReadBytes:0
LastReadThroughput:0
LastWrittenBytes:0
LastWriteThroughput:0
RealWrittenBytes:0
RealWriteThroughput:0
当前玩家的连接数量:0
当前地图的线程个数：9
当前地图的个数:48
当前数据库执行队列数:0
当前发送队列缓存的对象数量:0
totalMemory：680001536, use ：438503632, free ：241497904DirectMemory：1827143680, 恢复 ：1
当前时间 ：2026-08-21 16:38:54send keng：2418, sheng ：4194304
decode keng：26, sheng ：2097152
world keng：12, sheng ：1048576

2026-08-21 16:38:59.682 INFO [pool-6-thread-10][:] - /****************流量统计******************/
LastReadBytes:0
LastReadThroughput:0
LastWrittenBytes:0
LastWriteThroughput:0
RealWrittenBytes:0
RealWriteThroughput:0
当前玩家的连接数量:0
当前地图的线程个数：9
当前地图的个数:48
当前数据库执行队列数:0
当前发送队列缓存的对象数量:0
totalMemory：680001536, use ：442091120, free ：237910416DirectMemory：1827143680, 恢复 ：1
当前时间 ：2026-08-21 16:38:59send keng：2418, sheng ：4194304
decode keng：26, sheng ：2097152
world keng：12, sheng ：1048576

2026-08-21 16:39:04.686 INFO [pool-6-thread-6][:] - /****************流量统计******************/
LastReadBytes:0
LastReadThroughput:0
LastWrittenBytes:0
LastWriteThroughput:0
RealWrittenBytes:0
RealWriteThroughput:0
当前玩家的连接数量:0
当前地图的线程个数：9
当前地图的个数:48
当前数据库执行队列数:0
当前发送队列缓存的对象数量:0
totalMemory：680001536, use ：445510448, free ：234491088DirectMemory：1827143680, 恢复 ：1
当前时间 ：2026-08-21 16:39:04send keng：2418, sheng ：4194304
decode keng：26, sheng ：2097152
world keng：12, sheng ：1048576

2026-08-21 16:39:09.682 INFO [pool-6-thread-6][:] - /****************流量统计******************/
LastReadBytes:0
LastReadThroughput:0
LastWrittenBytes:0
LastWriteThroughput:0
RealWrittenBytes:0
RealWriteThroughput:0
当前玩家的连接数量:0
当前地图的线程个数：9
当前地图的个数:48
当前数据库执行队列数:0
当前发送队列缓存的对象数量:0
totalMemory：680001536, use ：448802888, free ：231198648DirectMemory：1827143680, 恢复 ：1
当前时间 ：2026-08-21 16:39:09send keng：2418, sheng ：4194304
decode keng：26, sheng ：2097152
world keng：12, sheng ：1048576

2026-08-21 16:39:14.682 INFO [pool-6-thread-8][:] - /****************流量统计******************/
LastReadBytes:0
LastReadThroughput:0
LastWrittenBytes:0
LastWriteThroughput:0
RealWrittenBytes:0
RealWriteThroughput:0
当前玩家的连接数量:0
当前地图的线程个数：9
当前地图的个数:48
当前数据库执行队列数:0
当前发送队列缓存的对象数量:0
totalMemory：680001536, use ：452574936, free ：227426600DirectMemory：1827143680, 恢复 ：1
当前时间 ：2026-08-21 16:39:14send keng：2418, sheng ：4194304
decode keng：26, sheng ：2097152
world keng：12, sheng ：1048576

2026-08-21 16:39:19.682 INFO [pool-6-thread-3][:] - /****************流量统计******************/
LastReadBytes:0
LastReadThroughput:0
LastWrittenBytes:0
LastWriteThroughput:0
RealWrittenBytes:0
RealWriteThroughput:0
当前玩家的连接数量:0
当前地图的线程个数：9
当前地图的个数:48
当前数据库执行队列数:0
当前发送队列缓存的对象数量:0
totalMemory：680001536, use ：456036544, free ：223964992DirectMemory：1827143680, 恢复 ：1
当前时间 ：2026-08-21 16:39:19send keng：2418, sheng ：4194304
decode keng：26, sheng ：2097152
world keng：12, sheng ：1048576

2026-08-21 16:39:24.684 INFO [pool-6-thread-1][:] - /****************流量统计******************/
LastReadBytes:0
LastReadThroughput:0
LastWrittenBytes:0
LastWriteThroughput:0
RealWrittenBytes:0
RealWriteThroughput:0
当前玩家的连接数量:0
当前地图的线程个数：9
当前地图的个数:48
当前数据库执行队列数:0
当前发送队列缓存的对象数量:0
totalMemory：680001536, use ：459508688, free ：220492848DirectMemory：1827143680, 恢复 ：1
当前时间 ：2026-08-21 16:39:24send keng：2418, sheng ：4194304
decode keng：26, sheng ：2097152
world keng：12, sheng ：1048576

2026-08-21 16:39:29.682 INFO [pool-6-thread-10][:] - /****************流量统计******************/
LastReadBytes:0
LastReadThroughput:0
LastWrittenBytes:0
LastWriteThroughput:0
RealWrittenBytes:0
RealWriteThroughput:0
当前玩家的连接数量:0
当前地图的线程个数：9
当前地图的个数:48
当前数据库执行队列数:0
当前发送队列缓存的对象数量:0
totalMemory：680001536, use ：462581664, free ：217419872DirectMemory：1827143680, 恢复 ：1
当前时间 ：2026-08-21 16:39:29send keng：2418, sheng ：4194304
decode keng：26, sheng ：2097152
world keng：12, sheng ：1048576

2026-08-21 16:39:34.682 INFO [pool-6-thread-5][:] - /****************流量统计******************/
LastReadBytes:0
LastReadThroughput:0
LastWrittenBytes:0
LastWriteThroughput:0
RealWrittenBytes:0
RealWriteThroughput:0
当前玩家的连接数量:0
当前地图的线程个数：9
当前地图的个数:48
当前数据库执行队列数:0
当前发送队列缓存的对象数量:0
totalMemory：680001536, use ：466196456, free ：213805080DirectMemory：1827143680, 恢复 ：1
当前时间 ：2026-08-21 16:39:34send keng：2418, sheng ：4194304
decode keng：26, sheng ：2097152
world keng：12, sheng ：1048576

2026-08-21 16:39:39.683 INFO [pool-6-thread-3][:] - /****************流量统计******************/
LastReadBytes:0
LastReadThroughput:0
LastWrittenBytes:0
LastWriteThroughput:0
RealWrittenBytes:0
RealWriteThroughput:0
当前玩家的连接数量:0
当前地图的线程个数：9
当前地图的个数:48
当前数据库执行队列数:0
当前发送队列缓存的对象数量:0
totalMemory：680001536, use ：423400264, free ：256601272DirectMemory：1827143680, 恢复 ：1
当前时间 ：2026-08-21 16:39:39send keng：2418, sheng ：4194304
decode keng：26, sheng ：2097152
world keng：12, sheng ：1048576

2026-08-21 16:39:44.682 INFO [pool-6-thread-10][:] - /****************流量统计******************/
LastReadBytes:0
LastReadThroughput:0
LastWrittenBytes:0
LastWriteThroughput:0
RealWrittenBytes:0
RealWriteThroughput:0
当前玩家的连接数量:0
当前地图的线程个数：9
当前地图的个数:48
当前数据库执行队列数:0
当前发送队列缓存的对象数量:0
totalMemory：680001536, use ：426415624, free ：253585912DirectMemory：1827143680, 恢复 ：1
当前时间 ：2026-08-21 16:39:44send keng：2418, sheng ：4194304
decode keng：26, sheng ：2097152
world keng：12, sheng ：1048576

2026-08-21 16:39:49.682 INFO [pool-6-thread-10][:] - /****************流量统计******************/
LastReadBytes:0
LastReadThroughput:0
LastWrittenBytes:0
LastWriteThroughput:0
RealWrittenBytes:0
RealWriteThroughput:0
当前玩家的连接数量:0
当前地图的线程个数：9
当前地图的个数:48
当前数据库执行队列数:0
当前发送队列缓存的对象数量:0
totalMemory：680001536, use ：430091480, free ：249910056DirectMemory：1827143680, 恢复 ：1
当前时间 ：2026-08-21 16:39:49send keng：2418, sheng ：4194304
decode keng：26, sheng ：2097152
world keng：12, sheng ：1048576

2026-08-21 16:39:54.682 INFO [pool-6-thread-8][:] - /****************流量统计******************/
LastReadBytes:0
LastReadThroughput:0
LastWrittenBytes:0
LastWriteThroughput:0
RealWrittenBytes:0
RealWriteThroughput:0
当前玩家的连接数量:0
当前地图的线程个数：9
当前地图的个数:48
当前数据库执行队列数:0
当前发送队列缓存的对象数量:0
totalMemory：680001536, use ：433488648, free ：246512888DirectMemory：1827143680, 恢复 ：1
当前时间 ：2026-08-21 16:39:54send keng：2418, sheng ：4194304
decode keng：26, sheng ：2097152
world keng：12, sheng ：1048576

2026-08-21 16:39:59.682 INFO [pool-6-thread-8][:] - /****************流量统计******************/
LastReadBytes:0
LastReadThroughput:0
LastWrittenBytes:0
LastWriteThroughput:0
RealWrittenBytes:0
RealWriteThroughput:0
当前玩家的连接数量:0
当前地图的线程个数：9
当前地图的个数:48
当前数据库执行队列数:0
当前发送队列缓存的对象数量:0
totalMemory：680001536, use ：437206896, free ：242794640DirectMemory：1827143680, 恢复 ：1
当前时间 ：2026-08-21 16:39:59send keng：2418, sheng ：4194304
decode keng：26, sheng ：2097152
world keng：12, sheng ：1048576

2026-08-21 16:40:04.682 INFO [pool-6-thread-8][:] - /****************流量统计******************/
LastReadBytes:0
LastReadThroughput:0
LastWrittenBytes:0
LastWriteThroughput:0
RealWrittenBytes:0
RealWriteThroughput:0
当前玩家的连接数量:0
当前地图的线程个数：9
当前地图的个数:48
当前数据库执行队列数:0
当前发送队列缓存的对象数量:0
totalMemory：680001536, use ：440288904, free ：239712632DirectMemory：1827143680, 恢复 ：1
当前时间 ：2026-08-21 16:40:04send keng：2418, sheng ：4194304
decode keng：26, sheng ：2097152
world keng：12, sheng ：1048576

2026-08-21 16:40:09.682 INFO [pool-6-thread-5][:] - /****************流量统计******************/
LastReadBytes:0
LastReadThroughput:0
LastWrittenBytes:0
LastWriteThroughput:0
RealWrittenBytes:0
RealWriteThroughput:0
当前玩家的连接数量:0
当前地图的线程个数：9
当前地图的个数:48
当前数据库执行队列数:0
当前发送队列缓存的对象数量:0
totalMemory：680001536, use ：443849392, free ：236152144DirectMemory：1827143680, 恢复 ：1
当前时间 ：2026-08-21 16:40:09send keng：2418, sheng ：4194304
decode keng：26, sheng ：2097152
world keng：12, sheng ：1048576

2026-08-21 16:40:14.682 INFO [pool-6-thread-2][:] - /****************流量统计******************/
LastReadBytes:0
LastReadThroughput:0
LastWrittenBytes:0
LastWriteThroughput:0
RealWrittenBytes:0
RealWriteThroughput:0
当前玩家的连接数量:0
当前地图的线程个数：9
当前地图的个数:48
当前数据库执行队列数:0
当前发送队列缓存的对象数量:0
totalMemory：680001536, use ：447481696, free ：232519840DirectMemory：1827143680, 恢复 ：1
当前时间 ：2026-08-21 16:40:14send keng：2418, sheng ：4194304
decode keng：26, sheng ：2097152
world keng：12, sheng ：1048576

2026-08-21 16:40:19.682 INFO [pool-6-thread-8][:] - /****************流量统计******************/
LastReadBytes:0
LastReadThroughput:0
LastWrittenBytes:0
LastWriteThroughput:0
RealWrittenBytes:0
RealWriteThroughput:0
当前玩家的连接数量:0
当前地图的线程个数：9
当前地图的个数:48
当前数据库执行队列数:0
当前发送队列缓存的对象数量:0
totalMemory：680001536, use ：450993824, free ：229007712DirectMemory：1827143680, 恢复 ：1
当前时间 ：2026-08-21 16:40:19send keng：2418, sheng ：4194304
decode keng：26, sheng ：2097152
world keng：12, sheng ：1048576

2026-08-21 16:40:24.682 INFO [pool-6-thread-4][:] - /****************流量统计******************/
LastReadBytes:0
LastReadThroughput:0
LastWrittenBytes:0
LastWriteThroughput:0
RealWrittenBytes:0
RealWriteThroughput:0
当前玩家的连接数量:0
当前地图的线程个数：9
当前地图的个数:48
当前数据库执行队列数:0
当前发送队列缓存的对象数量:0
totalMemory：680001536, use ：454500904, free ：225500632DirectMemory：1827143680, 恢复 ：1
当前时间 ：2026-08-21 16:40:24send keng：2418, sheng ：4194304
decode keng：26, sheng ：2097152
world keng：12, sheng ：1048576

2026-08-21 16:40:29.682 INFO [pool-6-thread-7][:] - /****************流量统计******************/
LastReadBytes:0
LastReadThroughput:0
LastWrittenBytes:0
LastWriteThroughput:0
RealWrittenBytes:0
RealWriteThroughput:0
当前玩家的连接数量:0
当前地图的线程个数：9
当前地图的个数:48
当前数据库执行队列数:0
当前发送队列缓存的对象数量:0
totalMemory：680001536, use ：457976456, free ：222025080DirectMemory：1827143680, 恢复 ：1
当前时间 ：2026-08-21 16:40:29send keng：2418, sheng ：4194304
decode keng：26, sheng ：2097152
world keng：12, sheng ：1048576

2026-08-21 16:40:34.682 INFO [pool-6-thread-10][:] - /****************流量统计******************/
LastReadBytes:0
LastReadThroughput:0
LastWrittenBytes:0
LastWriteThroughput:0
RealWrittenBytes:0
RealWriteThroughput:0
当前玩家的连接数量:0
当前地图的线程个数：9
当前地图的个数:48
当前数据库执行队列数:0
当前发送队列缓存的对象数量:0
totalMemory：680001536, use ：461621456, free ：218380080DirectMemory：1827143680, 恢复 ：1
当前时间 ：2026-08-21 16:40:34send keng：2418, sheng ：4194304
decode keng：26, sheng ：2097152
world keng：12, sheng ：1048576

2026-08-21 16:40:39.682 INFO [pool-6-thread-1][:] - /****************流量统计******************/
LastReadBytes:0
LastReadThroughput:0
LastWrittenBytes:0
LastWriteThroughput:0
RealWrittenBytes:0
RealWriteThroughput:0
当前玩家的连接数量:0
当前地图的线程个数：9
当前地图的个数:48
当前数据库执行队列数:0
当前发送队列缓存的对象数量:0
totalMemory：680001536, use ：465019688, free ：214981848DirectMemory：1827143680, 恢复 ：1
当前时间 ：2026-08-21 16:40:39send keng：2418, sheng ：4194304
decode keng：26, sheng ：2097152
world keng：12, sheng ：1048576

2026-08-21 16:40:44.682 INFO [pool-6-thread-2][:] - /****************流量统计******************/
LastReadBytes:0
LastReadThroughput:0
LastWrittenBytes:0
LastWriteThroughput:0
RealWrittenBytes:0
RealWriteThroughput:0
当前玩家的连接数量:0
当前地图的线程个数：9
当前地图的个数:48
当前数据库执行队列数:0
当前发送队列缓存的对象数量:0
totalMemory：680001536, use ：468514256, free ：211487280DirectMemory：1827143680, 恢复 ：1
当前时间 ：2026-08-21 16:40:44send keng：2418, sheng ：4194304
decode keng：26, sheng ：2097152
world keng：12, sheng ：1048576

2026-08-21 16:40:49.682 INFO [pool-6-thread-1][:] - /****************流量统计******************/
LastReadBytes:0
LastReadThroughput:0
LastWrittenBytes:0
LastWriteThroughput:0
RealWrittenBytes:0
RealWriteThroughput:0
当前玩家的连接数量:0
当前地图的线程个数：9
当前地图的个数:48
当前数据库执行队列数:0
当前发送队列缓存的对象数量:0
totalMemory：680001536, use ：425044864, free ：254956672DirectMemory：1827143680, 恢复 ：1
当前时间 ：2026-08-21 16:40:49send keng：2418, sheng ：4194304
decode keng：26, sheng ：2097152
world keng：12, sheng ：1048576

2026-08-21 16:40:54.682 INFO [pool-6-thread-1][:] - /****************流量统计******************/
LastReadBytes:0
LastReadThroughput:0
LastWrittenBytes:0
LastWriteThroughput:0
RealWrittenBytes:0
RealWriteThroughput:0
当前玩家的连接数量:0
当前地图的线程个数：9
当前地图的个数:48
当前数据库执行队列数:0
当前发送队列缓存的对象数量:0
totalMemory：680001536, use ：428726896, free ：251274640DirectMemory：1827143680, 恢复 ：1
当前时间 ：2026-08-21 16:40:54send keng：2418, sheng ：4194304
decode keng：26, sheng ：2097152
world keng：12, sheng ：1048576

2026-08-21 16:40:59.682 INFO [pool-6-thread-2][:] - /****************流量统计******************/
LastReadBytes:0
LastReadThroughput:0
LastWrittenBytes:0
LastWriteThroughput:0
RealWrittenBytes:0
RealWriteThroughput:0
当前玩家的连接数量:0
当前地图的线程个数：9
当前地图的个数:48
当前数据库执行队列数:0
当前发送队列缓存的对象数量:0
totalMemory：680001536, use ：432214336, free ：247787200DirectMemory：1827143680, 恢复 ：1
当前时间 ：2026-08-21 16:40:59send keng：2418, sheng ：4194304
decode keng：26, sheng ：2097152
world keng：12, sheng ：1048576

2026-08-21 16:41:04.682 INFO [pool-6-thread-5][:] - /****************流量统计******************/
LastReadBytes:0
LastReadThroughput:0
LastWrittenBytes:0
LastWriteThroughput:0
RealWrittenBytes:0
RealWriteThroughput:0
当前玩家的连接数量:0
当前地图的线程个数：9
当前地图的个数:48
当前数据库执行队列数:0
当前发送队列缓存的对象数量:0
totalMemory：680001536, use ：435554112, free ：244447424DirectMemory：1827143680, 恢复 ：1
当前时间 ：2026-08-21 16:41:04send keng：2418, sheng ：4194304
decode keng：26, sheng ：2097152
world keng：12, sheng ：1048576

2026-08-21 16:41:09.682 INFO [pool-6-thread-8][:] - /****************流量统计******************/
LastReadBytes:0
LastReadThroughput:0
LastWrittenBytes:0
LastWriteThroughput:0
RealWrittenBytes:0
RealWriteThroughput:0
当前玩家的连接数量:0
当前地图的线程个数：9
当前地图的个数:48
当前数据库执行队列数:0
当前发送队列缓存的对象数量:0
totalMemory：680001536, use ：439291296, free ：240710240DirectMemory：1827143680, 恢复 ：1
当前时间 ：2026-08-21 16:41:09send keng：2418, sheng ：4194304
decode keng：26, sheng ：2097152
world keng：12, sheng ：1048576

2026-08-21 16:41:14.682 INFO [pool-6-thread-1][:] - /****************流量统计******************/
LastReadBytes:0
LastReadThroughput:0
LastWrittenBytes:0
LastWriteThroughput:0
RealWrittenBytes:0
RealWriteThroughput:0
当前玩家的连接数量:0
当前地图的线程个数：9
当前地图的个数:48
当前数据库执行队列数:0
当前发送队列缓存的对象数量:0
totalMemory：680001536, use ：442621992, free ：237379544DirectMemory：1827143680, 恢复 ：1
当前时间 ：2026-08-21 16:41:14send keng：2418, sheng ：4194304
decode keng：26, sheng ：2097152
world keng：12, sheng ：1048576

2026-08-21 16:41:19.682 INFO [pool-6-thread-6][:] - /****************流量统计******************/
LastReadBytes:0
LastReadThroughput:0
LastWrittenBytes:0
LastWriteThroughput:0
RealWrittenBytes:0
RealWriteThroughput:0
当前玩家的连接数量:0
当前地图的线程个数：9
当前地图的个数:48
当前数据库执行队列数:0
当前发送队列缓存的对象数量:0
totalMemory：680001536, use ：446229232, free ：233772304DirectMemory：1827143680, 恢复 ：1
当前时间 ：2026-08-21 16:41:19send keng：2418, sheng ：4194304
decode keng：26, sheng ：2097152
world keng：12, sheng ：1048576

2026-08-21 16:41:24.682 INFO [pool-6-thread-3][:] - /****************流量统计******************/
LastReadBytes:0
LastReadThroughput:0
LastWrittenBytes:0
LastWriteThroughput:0
RealWrittenBytes:0
RealWriteThroughput:0
当前玩家的连接数量:0
当前地图的线程个数：9
当前地图的个数:48
当前数据库执行队列数:0
当前发送队列缓存的对象数量:0
totalMemory：680001536, use ：449657616, free ：230343920DirectMemory：1827143680, 恢复 ：1
当前时间 ：2026-08-21 16:41:24send keng：2418, sheng ：4194304
decode keng：26, sheng ：2097152
world keng：12, sheng ：1048576

2026-08-21 16:41:29.682 INFO [pool-6-thread-1][:] - /****************流量统计******************/
LastReadBytes:0
LastReadThroughput:0
LastWrittenBytes:0
LastWriteThroughput:0
RealWrittenBytes:0
RealWriteThroughput:0
当前玩家的连接数量:0
当前地图的线程个数：9
当前地图的个数:48
当前数据库执行队列数:0
当前发送队列缓存的对象数量:0
totalMemory：680001536, use ：453268648, free ：226732888DirectMemory：1827143680, 恢复 ：1
当前时间 ：2026-08-21 16:41:29send keng：2418, sheng ：4194304
decode keng：26, sheng ：2097152
world keng：12, sheng ：1048576

2026-08-21 16:41:34.682 INFO [pool-6-thread-5][:] - /****************流量统计******************/
LastReadBytes:0
LastReadThroughput:0
LastWrittenBytes:0
LastWriteThroughput:0
RealWrittenBytes:0
RealWriteThroughput:0
当前玩家的连接数量:0
当前地图的线程个数：9
当前地图的个数:48
当前数据库执行队列数:0
当前发送队列缓存的对象数量:0
totalMemory：680001536, use ：456482512, free ：223519024DirectMemory：1827143680, 恢复 ：1
当前时间 ：2026-08-21 16:41:34send keng：2418, sheng ：4194304
decode keng：26, sheng ：2097152
world keng：12, sheng ：1048576

2026-08-21 16:41:39.682 INFO [pool-6-thread-6][:] - /****************流量统计******************/
LastReadBytes:0
LastReadThroughput:0
LastWrittenBytes:0
LastWriteThroughput:0
RealWrittenBytes:0
RealWriteThroughput:0
当前玩家的连接数量:0
当前地图的线程个数：9
当前地图的个数:48
当前数据库执行队列数:0
当前发送队列缓存的对象数量:0
totalMemory：680001536, use ：460061160, free ：219940376DirectMemory：1827143680, 恢复 ：1
当前时间 ：2026-08-21 16:41:39send keng：2418, sheng ：4194304
decode keng：26, sheng ：2097152
world keng：12, sheng ：1048576

2026-08-21 16:41:44.682 INFO [pool-6-thread-3][:] - /****************流量统计******************/
LastReadBytes:0
LastReadThroughput:0
LastWrittenBytes:0
LastWriteThroughput:0
RealWrittenBytes:0
RealWriteThroughput:0
当前玩家的连接数量:0
当前地图的线程个数：9
当前地图的个数:48
当前数据库执行队列数:0
当前发送队列缓存的对象数量:0
totalMemory：680001536, use ：463605952, free ：216395584DirectMemory：1827143680, 恢复 ：1
当前时间 ：2026-08-21 16:41:44send keng：2418, sheng ：4194304
decode keng：26, sheng ：2097152
world keng：12, sheng ：1048576

2026-08-21 16:41:49.682 INFO [pool-6-thread-3][:] - /****************流量统计******************/
LastReadBytes:0
LastReadThroughput:0
LastWrittenBytes:0
LastWriteThroughput:0
RealWrittenBytes:0
RealWriteThroughput:0
当前玩家的连接数量:0
当前地图的线程个数：9
当前地图的个数:48
当前数据库执行队列数:0
当前发送队列缓存的对象数量:0
totalMemory：680001536, use ：466975688, free ：213025848DirectMemory：1827143680, 恢复 ：1
当前时间 ：2026-08-21 16:41:49send keng：2418, sheng ：4194304
decode keng：26, sheng ：2097152
world keng：12, sheng ：1048576

2026-08-21 16:41:54.682 INFO [pool-6-thread-2][:] - /****************流量统计******************/
LastReadBytes:0
LastReadThroughput:0
LastWrittenBytes:0
LastWriteThroughput:0
RealWrittenBytes:0
RealWriteThroughput:0
当前玩家的连接数量:0
当前地图的线程个数：9
当前地图的个数:48
当前数据库执行队列数:0
当前发送队列缓存的对象数量:0
totalMemory：680001536, use ：423811408, free ：256190128DirectMemory：1827143680, 恢复 ：1
当前时间 ：2026-08-21 16:41:54send keng：2418, sheng ：4194304
decode keng：26, sheng ：2097152
world keng：12, sheng ：1048576

2026-08-21 16:41:59.682 INFO [pool-6-thread-6][:] - /****************流量统计******************/
LastReadBytes:0
LastReadThroughput:0
LastWrittenBytes:0
LastWriteThroughput:0
RealWrittenBytes:0
RealWriteThroughput:0
当前玩家的连接数量:0
当前地图的线程个数：9
当前地图的个数:48
当前数据库执行队列数:0
当前发送队列缓存的对象数量:0
totalMemory：680001536, use ：427017736, free ：252983800DirectMemory：1827143680, 恢复 ：1
当前时间 ：2026-08-21 16:41:59send keng：2418, sheng ：4194304
decode keng：26, sheng ：2097152
world keng：12, sheng ：1048576

2026-08-21 16:42:04.682 INFO [pool-6-thread-6][:] - /****************流量统计******************/
LastReadBytes:0
LastReadThroughput:0
LastWrittenBytes:0
LastWriteThroughput:0
RealWrittenBytes:0
RealWriteThroughput:0
当前玩家的连接数量:0
当前地图的线程个数：9
当前地图的个数:48
当前数据库执行队列数:0
当前发送队列缓存的对象数量:0
totalMemory：680001536, use ：430939968, free ：249061568DirectMemory：1827143680, 恢复 ：1
当前时间 ：2026-08-21 16:42:04send keng：2418, sheng ：4194304
decode keng：26, sheng ：2097152
world keng：12, sheng ：1048576

2026-08-21 16:42:09.682 INFO [pool-6-thread-8][:] - /****************流量统计******************/
LastReadBytes:0
LastReadThroughput:0
LastWrittenBytes:0
LastWriteThroughput:0
RealWrittenBytes:0
RealWriteThroughput:0
当前玩家的连接数量:0
当前地图的线程个数：9
当前地图的个数:48
当前数据库执行队列数:0
当前发送队列缓存的对象数量:0
totalMemory：680001536, use ：434553272, free ：245448264DirectMemory：1827143680, 恢复 ：1
当前时间 ：2026-08-21 16:42:09send keng：2418, sheng ：4194304
decode keng：26, sheng ：2097152
world keng：12, sheng ：1048576

2026-08-21 16:42:14.682 INFO [pool-6-thread-2][:] - /****************流量统计******************/
LastReadBytes:0
LastReadThroughput:0
LastWrittenBytes:0
LastWriteThroughput:0
RealWrittenBytes:0
RealWriteThroughput:0
当前玩家的连接数量:0
当前地图的线程个数：9
当前地图的个数:48
当前数据库执行队列数:0
当前发送队列缓存的对象数量:0
totalMemory：680001536, use ：437945528, free ：242056008DirectMemory：1827143680, 恢复 ：1
当前时间 ：2026-08-21 16:42:14send keng：2418, sheng ：4194304
decode keng：26, sheng ：2097152
world keng：12, sheng ：1048576

2026-08-21 16:42:19.682 INFO [pool-6-thread-1][:] - /****************流量统计******************/
LastReadBytes:0
LastReadThroughput:0
LastWrittenBytes:0
LastWriteThroughput:0
RealWrittenBytes:0
RealWriteThroughput:0
当前玩家的连接数量:0
当前地图的线程个数：9
当前地图的个数:48
当前数据库执行队列数:0
当前发送队列缓存的对象数量:0
totalMemory：680001536, use ：441532552, free ：238468984DirectMemory：1827143680, 恢复 ：1
当前时间 ：2026-08-21 16:42:19send keng：2418, sheng ：4194304
decode keng：26, sheng ：2097152
world keng：12, sheng ：1048576

2026-08-21 16:42:24.682 INFO [pool-6-thread-4][:] - /****************流量统计******************/
LastReadBytes:0
LastReadThroughput:0
LastWrittenBytes:0
LastWriteThroughput:0
RealWrittenBytes:0
RealWriteThroughput:0
当前玩家的连接数量:0
当前地图的线程个数：9
当前地图的个数:48
当前数据库执行队列数:0
当前发送队列缓存的对象数量:0
totalMemory：680001536, use ：444939848, free ：235061688DirectMemory：1827143680, 恢复 ：1
当前时间 ：2026-08-21 16:42:24send keng：2418, sheng ：4194304
decode keng：26, sheng ：2097152
world keng：12, sheng ：1048576

2026-08-21 16:42:29.682 INFO [pool-6-thread-9][:] - /****************流量统计******************/
LastReadBytes:0
LastReadThroughput:0
LastWrittenBytes:0
LastWriteThroughput:0
RealWrittenBytes:0
RealWriteThroughput:0
当前玩家的连接数量:0
当前地图的线程个数：9
当前地图的个数:48
当前数据库执行队列数:0
当前发送队列缓存的对象数量:0
totalMemory：680001536, use ：448583824, free ：231417712DirectMemory：1827143680, 恢复 ：1
当前时间 ：2026-08-21 16:42:29send keng：2418, sheng ：4194304
decode keng：26, sheng ：2097152
world keng：12, sheng ：1048576

2026-08-21 16:42:34.682 INFO [pool-6-thread-6][:] - /****************流量统计******************/
LastReadBytes:0
LastReadThroughput:0
LastWrittenBytes:0
LastWriteThroughput:0
RealWrittenBytes:0
RealWriteThroughput:0
当前玩家的连接数量:0
当前地图的线程个数：9
当前地图的个数:48
当前数据库执行队列数:0
当前发送队列缓存的对象数量:0
totalMemory：680001536, use ：451804576, free ：228196960DirectMemory：1827143680, 恢复 ：1
当前时间 ：2026-08-21 16:42:34send keng：2418, sheng ：4194304
decode keng：26, sheng ：2097152
world keng：12, sheng ：1048576

2026-08-21 16:42:39.682 INFO [pool-6-thread-8][:] - /****************流量统计******************/
LastReadBytes:0
LastReadThroughput:0
LastWrittenBytes:0
LastWriteThroughput:0
RealWrittenBytes:0
RealWriteThroughput:0
当前玩家的连接数量:0
当前地图的线程个数：9
当前地图的个数:48
当前数据库执行队列数:0
当前发送队列缓存的对象数量:0
totalMemory：680001536, use ：455549968, free ：224451568DirectMemory：1827143680, 恢复 ：1
当前时间 ：2026-08-21 16:42:39send keng：2418, sheng ：4194304
decode keng：26, sheng ：2097152
world keng：12, sheng ：1048576

2026-08-21 16:42:44.682 INFO [pool-6-thread-8][:] - /****************流量统计******************/
LastReadBytes:0
LastReadThroughput:0
LastWrittenBytes:0
LastWriteThroughput:0
RealWrittenBytes:0
RealWriteThroughput:0
当前玩家的连接数量:0
当前地图的线程个数：9
当前地图的个数:48
当前数据库执行队列数:0
当前发送队列缓存的对象数量:0
totalMemory：680001536, use ：458968096, free ：221033440DirectMemory：1827143680, 恢复 ：1
当前时间 ：2026-08-21 16:42:44send keng：2418, sheng ：4194304
decode keng：26, sheng ：2097152
world keng：12, sheng ：1048576

2026-08-21 16:42:49.682 INFO [pool-6-thread-7][:] - /****************流量统计******************/
LastReadBytes:0
LastReadThroughput:0
LastWrittenBytes:0
LastWriteThroughput:0
RealWrittenBytes:0
RealWriteThroughput:0
当前玩家的连接数量:0
当前地图的线程个数：9
当前地图的个数:48
当前数据库执行队列数:0
当前发送队列缓存的对象数量:0
totalMemory：680001536, use ：462681136, free ：217320400DirectMemory：1827143680, 恢复 ：1
当前时间 ：2026-08-21 16:42:49send keng：2418, sheng ：4194304
decode keng：26, sheng ：2097152
world keng：12, sheng ：1048576

2026-08-21 16:42:54.682 INFO [pool-6-thread-9][:] - /****************流量统计******************/
LastReadBytes:0
LastReadThroughput:0
LastWrittenBytes:0
LastWriteThroughput:0
RealWrittenBytes:0
RealWriteThroughput:0
当前玩家的连接数量:0
当前地图的线程个数：9
当前地图的个数:48
当前数据库执行队列数:0
当前发送队列缓存的对象数量:0
totalMemory：680001536, use ：465919904, free ：214081632DirectMemory：1827143680, 恢复 ：1
当前时间 ：2026-08-21 16:42:54send keng：2418, sheng ：4194304
decode keng：26, sheng ：2097152
world keng：12, sheng ：1048576

2026-08-21 16:42:59.682 INFO [pool-6-thread-10][:] - /****************流量统计******************/
LastReadBytes:0
LastReadThroughput:0
LastWrittenBytes:0
LastWriteThroughput:0
RealWrittenBytes:0
RealWriteThroughput:0
当前玩家的连接数量:0
当前地图的线程个数：9
当前地图的个数:48
当前数据库执行队列数:0
当前发送队列缓存的对象数量:0
totalMemory：680001536, use ：423496496, free ：256505040DirectMemory：1827143680, 恢复 ：1
当前时间 ：2026-08-21 16:42:59send keng：2418, sheng ：4194304
decode keng：26, sheng ：2097152
world keng：12, sheng ：1048576

2026-08-21 16:43:04.682 INFO [pool-6-thread-5][:] - /****************流量统计******************/
LastReadBytes:0
LastReadThroughput:0
LastWrittenBytes:0
LastWriteThroughput:0
RealWrittenBytes:0
RealWriteThroughput:0
当前玩家的连接数量:0
当前地图的线程个数：9
当前地图的个数:48
当前数据库执行队列数:0
当前发送队列缓存的对象数量:0
totalMemory：680001536, use ：426592448, free ：253409088DirectMemory：1827143680, 恢复 ：1
当前时间 ：2026-08-21 16:43:04send keng：2418, sheng ：4194304
decode keng：26, sheng ：2097152
world keng：12, sheng ：1048576

2026-08-21 16:43:09.683 INFO [pool-6-thread-10][:] - /****************流量统计******************/
LastReadBytes:0
LastReadThroughput:0
LastWrittenBytes:0
LastWriteThroughput:0
RealWrittenBytes:0
RealWriteThroughput:0
当前玩家的连接数量:0
当前地图的线程个数：9
当前地图的个数:48
当前数据库执行队列数:0
当前发送队列缓存的对象数量:0
totalMemory：680001536, use ：429934240, free ：250067296DirectMemory：1827143680, 恢复 ：1
当前时间 ：2026-08-21 16:43:09send keng：2418, sheng ：4194304
decode keng：26, sheng ：2097152
world keng：12, sheng ：1048576

2026-08-21 16:43:14.682 INFO [pool-6-thread-7][:] - /****************流量统计******************/
LastReadBytes:0
LastReadThroughput:0
LastWrittenBytes:0
LastWriteThroughput:0
RealWrittenBytes:0
RealWriteThroughput:0
当前玩家的连接数量:0
当前地图的线程个数：9
当前地图的个数:48
当前数据库执行队列数:0
当前发送队列缓存的对象数量:0
totalMemory：680001536, use ：433395480, free ：246606056DirectMemory：1827143680, 恢复 ：1
当前时间 ：2026-08-21 16:43:14send keng：2418, sheng ：4194304
decode keng：26, sheng ：2097152
world keng：12, sheng ：1048576

2026-08-21 16:43:19.682 INFO [pool-6-thread-5][:] - /****************流量统计******************/
LastReadBytes:0
LastReadThroughput:0
LastWrittenBytes:0
LastWriteThroughput:0
RealWrittenBytes:0
RealWriteThroughput:0
当前玩家的连接数量:0
当前地图的线程个数：9
当前地图的个数:48
当前数据库执行队列数:0
当前发送队列缓存的对象数量:0
totalMemory：680001536, use ：437096792, free ：242904744DirectMemory：1827143680, 恢复 ：1
当前时间 ：2026-08-21 16:43:19send keng：2418, sheng ：4194304
decode keng：26, sheng ：2097152
world keng：12, sheng ：1048576

2026-08-21 16:43:24.682 INFO [pool-6-thread-4][:] - /****************流量统计******************/
LastReadBytes:0
LastReadThroughput:0
LastWrittenBytes:0
LastWriteThroughput:0
RealWrittenBytes:0
RealWriteThroughput:0
当前玩家的连接数量:0
当前地图的线程个数：9
当前地图的个数:48
当前数据库执行队列数:0
当前发送队列缓存的对象数量:0
totalMemory：680001536, use ：440296488, free ：239705048DirectMemory：1827143680, 恢复 ：1
当前时间 ：2026-08-21 16:43:24send keng：2418, sheng ：4194304
decode keng：26, sheng ：2097152
world keng：12, sheng ：1048576

2026-08-21 16:43:29.682 INFO [pool-6-thread-4][:] - /****************流量统计******************/
LastReadBytes:0
LastReadThroughput:0
LastWrittenBytes:0
LastWriteThroughput:0
RealWrittenBytes:0
RealWriteThroughput:0
当前玩家的连接数量:0
当前地图的线程个数：9
当前地图的个数:48
当前数据库执行队列数:0
当前发送队列缓存的对象数量:0
totalMemory：680001536, use ：443891400, free ：236110136DirectMemory：1827143680, 恢复 ：1
当前时间 ：2026-08-21 16:43:29send keng：2418, sheng ：4194304
decode keng：26, sheng ：2097152
world keng：12, sheng ：1048576

2026-08-21 16:43:34.682 INFO [pool-6-thread-1][:] - /****************流量统计******************/
LastReadBytes:0
LastReadThroughput:0
LastWrittenBytes:0
LastWriteThroughput:0
RealWrittenBytes:0
RealWriteThroughput:0
当前玩家的连接数量:0
当前地图的线程个数：9
当前地图的个数:48
当前数据库执行队列数:0
当前发送队列缓存的对象数量:0
totalMemory：680001536, use ：447334056, free ：232667480DirectMemory：1827143680, 恢复 ：1
当前时间 ：2026-08-21 16:43:34send keng：2418, sheng ：4194304
decode keng：26, sheng ：2097152
world keng：12, sheng ：1048576

2026-08-21 16:43:39.682 INFO [pool-6-thread-6][:] - /****************流量统计******************/
LastReadBytes:0
LastReadThroughput:0
LastWrittenBytes:0
LastWriteThroughput:0
RealWrittenBytes:0
RealWriteThroughput:0
当前玩家的连接数量:0
当前地图的线程个数：9
当前地图的个数:48
当前数据库执行队列数:0
当前发送队列缓存的对象数量:0
totalMemory：680001536, use ：451062896, free ：228938640DirectMemory：1827143680, 恢复 ：1
当前时间 ：2026-08-21 16:43:39send keng：2418, sheng ：4194304
decode keng：26, sheng ：2097152
world keng：12, sheng ：1048576

2026-08-21 16:43:44.682 INFO [pool-6-thread-2][:] - /****************流量统计******************/
LastReadBytes:0
LastReadThroughput:0
LastWrittenBytes:0
LastWriteThroughput:0
RealWrittenBytes:0
RealWriteThroughput:0
当前玩家的连接数量:0
当前地图的线程个数：9
当前地图的个数:48
当前数据库执行队列数:0
当前发送队列缓存的对象数量:0
totalMemory：680001536, use ：454356536, free ：225645000DirectMemory：1827143680, 恢复 ：1
当前时间 ：2026-08-21 16:43:44send keng：2418, sheng ：4194304
decode keng：26, sheng ：2097152
world keng：12, sheng ：1048576

2026-08-21 16:43:49.682 INFO [pool-6-thread-1][:] - /****************流量统计******************/
LastReadBytes:0
LastReadThroughput:0
LastWrittenBytes:0
LastWriteThroughput:0
RealWrittenBytes:0
RealWriteThroughput:0
当前玩家的连接数量:0
当前地图的线程个数：9
当前地图的个数:48
当前数据库执行队列数:0
当前发送队列缓存的对象数量:0
totalMemory：680001536, use ：457800504, free ：222201032DirectMemory：1827143680, 恢复 ：1
当前时间 ：2026-08-21 16:43:49send keng：2418, sheng ：4194304
decode keng：26, sheng ：2097152
world keng：12, sheng ：1048576

2026-08-21 16:43:54.682 INFO [pool-6-thread-10][:] - /****************流量统计******************/
LastReadBytes:0
LastReadThroughput:0
LastWrittenBytes:0
LastWriteThroughput:0
RealWrittenBytes:0
RealWriteThroughput:0
当前玩家的连接数量:0
当前地图的线程个数：9
当前地图的个数:48
当前数据库执行队列数:0
当前发送队列缓存的对象数量:0
totalMemory：680001536, use ：461297872, free ：218703664DirectMemory：1827143680, 恢复 ：1
当前时间 ：2026-08-21 16:43:54send keng：2418, sheng ：4194304
decode keng：26, sheng ：2097152
world keng：12, sheng ：1048576

2026-08-21 16:43:59.682 INFO [pool-6-thread-7][:] - /****************流量统计******************/
LastReadBytes:0
LastReadThroughput:0
LastWrittenBytes:0
LastWriteThroughput:0
RealWrittenBytes:0
RealWriteThroughput:0
当前玩家的连接数量:0
当前地图的线程个数：9
当前地图的个数:48
当前数据库执行队列数:0
当前发送队列缓存的对象数量:0
totalMemory：680001536, use ：464910104, free ：215091432DirectMemory：1827143680, 恢复 ：1
当前时间 ：2026-08-21 16:43:59send keng：2418, sheng ：4194304
decode keng：26, sheng ：2097152
world keng：12, sheng ：1048576

2026-08-21 16:44:04.684 INFO [pool-6-thread-8][:] - /****************流量统计******************/
LastReadBytes:0
LastReadThroughput:0
LastWrittenBytes:0
LastWriteThroughput:0
RealWrittenBytes:0
RealWriteThroughput:0
当前玩家的连接数量:0
当前地图的线程个数：9
当前地图的个数:48
当前数据库执行队列数:0
当前发送队列缓存的对象数量:0
totalMemory：680001536, use ：468364312, free ：211637224DirectMemory：1827143680, 恢复 ：1
当前时间 ：2026-08-21 16:44:04send keng：2418, sheng ：4194304
decode keng：26, sheng ：2097152
world keng：12, sheng ：1048576

2026-08-21 16:44:09.682 INFO [pool-6-thread-5][:] - /****************流量统计******************/
LastReadBytes:0
LastReadThroughput:0
LastWrittenBytes:0
LastWriteThroughput:0
RealWrittenBytes:0
RealWriteThroughput:0
当前玩家的连接数量:0
当前地图的线程个数：9
当前地图的个数:48
当前数据库执行队列数:0
当前发送队列缓存的对象数量:0
totalMemory：680001536, use ：425025840, free ：254975696DirectMemory：1827143680, 恢复 ：1
当前时间 ：2026-08-21 16:44:09send keng：2418, sheng ：4194304
decode keng：26, sheng ：2097152
world keng：12, sheng ：1048576

2026-08-21 16:44:14.682 INFO [pool-6-thread-4][:] - /****************流量统计******************/
LastReadBytes:0
LastReadThroughput:0
LastWrittenBytes:0
LastWriteThroughput:0
RealWrittenBytes:0
RealWriteThroughput:0
当前玩家的连接数量:0
当前地图的线程个数：9
当前地图的个数:48
当前数据库执行队列数:0
当前发送队列缓存的对象数量:0
totalMemory：680001536, use ：428739552, free ：251261984DirectMemory：1827143680, 恢复 ：1
当前时间 ：2026-08-21 16:44:14send keng：2418, sheng ：4194304
decode keng：26, sheng ：2097152
world keng：12, sheng ：1048576

2026-08-21 16:44:19.682 INFO [pool-6-thread-4][:] - /****************流量统计******************/
LastReadBytes:0
LastReadThroughput:0
LastWrittenBytes:0
LastWriteThroughput:0
RealWrittenBytes:0
RealWriteThroughput:0
当前玩家的连接数量:0
当前地图的线程个数：9
当前地图的个数:48
当前数据库执行队列数:0
当前发送队列缓存的对象数量:0
totalMemory：680001536, use ：432206784, free ：247794752DirectMemory：1827143680, 恢复 ：1
当前时间 ：2026-08-21 16:44:19send keng：2418, sheng ：4194304
decode keng：26, sheng ：2097152
world keng：12, sheng ：1048576

2026-08-21 16:44:24.682 INFO [pool-6-thread-8][:] - /****************流量统计******************/
LastReadBytes:0
LastReadThroughput:0
LastWrittenBytes:0
LastWriteThroughput:0
RealWrittenBytes:0
RealWriteThroughput:0
当前玩家的连接数量:0
当前地图的线程个数：9
当前地图的个数:48
当前数据库执行队列数:0
当前发送队列缓存的对象数量:0
totalMemory：680001536, use ：435584616, free ：244416920DirectMemory：1827143680, 恢复 ：1
当前时间 ：2026-08-21 16:44:24send keng：2418, sheng ：4194304
decode keng：26, sheng ：2097152
world keng：12, sheng ：1048576

2026-08-21 16:44:29.682 INFO [pool-6-thread-3][:] - /****************流量统计******************/
LastReadBytes:0
LastReadThroughput:0
LastWrittenBytes:0
LastWriteThroughput:0
RealWrittenBytes:0
RealWriteThroughput:0
当前玩家的连接数量:0
当前地图的线程个数：9
当前地图的个数:48
当前数据库执行队列数:0
当前发送队列缓存的对象数量:0
totalMemory：680001536, use ：439007376, free ：240994160DirectMemory：1827143680, 恢复 ：1
当前时间 ：2026-08-21 16:44:29send keng：2418, sheng ：4194304
decode keng：26, sheng ：2097152
world keng：12, sheng ：1048576

2026-08-21 16:44:34.682 INFO [pool-6-thread-2][:] - /****************流量统计******************/
LastReadBytes:0
LastReadThroughput:0
LastWrittenBytes:0
LastWriteThroughput:0
RealWrittenBytes:0
RealWriteThroughput:0
当前玩家的连接数量:0
当前地图的线程个数：9
当前地图的个数:48
当前数据库执行队列数:0
当前发送队列缓存的对象数量:0
totalMemory：680001536, use ：442436240, free ：237565296DirectMemory：1827143680, 恢复 ：1
当前时间 ：2026-08-21 16:44:34send keng：2418, sheng ：4194304
decode keng：26, sheng ：2097152
world keng：12, sheng ：1048576

2026-08-21 16:44:39.682 INFO [pool-6-thread-10][:] - /****************流量统计******************/
LastReadBytes:0
LastReadThroughput:0
LastWrittenBytes:0
LastWriteThroughput:0
RealWrittenBytes:0
RealWriteThroughput:0
当前玩家的连接数量:0
当前地图的线程个数：9
当前地图的个数:48
当前数据库执行队列数:0
当前发送队列缓存的对象数量:0
totalMemory：680001536, use ：446077232, free ：233924304DirectMemory：1827143680, 恢复 ：1
当前时间 ：2026-08-21 16:44:39send keng：2418, sheng ：4194304
decode keng：26, sheng ：2097152
world keng：12, sheng ：1048576

2026-08-21 16:44:44.682 INFO [pool-6-thread-10][:] - /****************流量统计******************/
LastReadBytes:0
LastReadThroughput:0
LastWrittenBytes:0
LastWriteThroughput:0
RealWrittenBytes:0
RealWriteThroughput:0
当前玩家的连接数量:0
当前地图的线程个数：9
当前地图的个数:48
当前数据库执行队列数:0
当前发送队列缓存的对象数量:0
totalMemory：680001536, use ：449339152, free ：230662384DirectMemory：1827143680, 恢复 ：1
当前时间 ：2026-08-21 16:44:44send keng：2418, sheng ：4194304
decode keng：26, sheng ：2097152
world keng：12, sheng ：1048576

2026-08-21 16:44:49.683 INFO [pool-6-thread-2][:] - /****************流量统计******************/
LastReadBytes:0
LastReadThroughput:0
LastWrittenBytes:0
LastWriteThroughput:0
RealWrittenBytes:0
RealWriteThroughput:0
当前玩家的连接数量:0
当前地图的线程个数：9
当前地图的个数:48
当前数据库执行队列数:0
当前发送队列缓存的对象数量:0
totalMemory：680001536, use ：453009792, free ：226991744DirectMemory：1827143680, 恢复 ：1
当前时间 ：2026-08-21 16:44:49send keng：2418, sheng ：4194304
decode keng：26, sheng ：2097152
world keng：12, sheng ：1048576

2026-08-21 16:44:54.682 INFO [pool-6-thread-10][:] - /****************流量统计******************/
LastReadBytes:0
LastReadThroughput:0
LastWrittenBytes:0
LastWriteThroughput:0
RealWrittenBytes:0
RealWriteThroughput:0
当前玩家的连接数量:0
当前地图的线程个数：9
当前地图的个数:48
当前数据库执行队列数:0
当前发送队列缓存的对象数量:0
totalMemory：680001536, use ：456467032, free ：223534504DirectMemory：1827143680, 恢复 ：1
当前时间 ：2026-08-21 16:44:54send keng：2418, sheng ：4194304
decode keng：26, sheng ：2097152
world keng：12, sheng ：1048576

2026-08-21 16:44:59.682 INFO [pool-6-thread-1][:] - /****************流量统计******************/
LastReadBytes:0
LastReadThroughput:0
LastWrittenBytes:0
LastWriteThroughput:0
RealWrittenBytes:0
RealWriteThroughput:0
当前玩家的连接数量:0
当前地图的线程个数：9
当前地图的个数:48
当前数据库执行队列数:0
当前发送队列缓存的对象数量:0
totalMemory：680001536, use ：460014392, free ：219987144DirectMemory：1827143680, 恢复 ：1
当前时间 ：2026-08-21 16:44:59send keng：2418, sheng ：4194304
decode keng：26, sheng ：2097152
world keng：12, sheng ：1048576

2026-08-21 16:45:04.682 INFO [pool-6-thread-7][:] - /****************流量统计******************/
LastReadBytes:0
LastReadThroughput:0
LastWrittenBytes:0
LastWriteThroughput:0
RealWrittenBytes:0
RealWriteThroughput:0
当前玩家的连接数量:0
当前地图的线程个数：9
当前地图的个数:48
当前数据库执行队列数:0
当前发送队列缓存的对象数量:0
totalMemory：680001536, use ：463550776, free ：216450760DirectMemory：1827143680, 恢复 ：1
当前时间 ：2026-08-21 16:45:04send keng：2418, sheng ：4194304
decode keng：26, sheng ：2097152
world keng：12, sheng ：1048576

2026-08-21 16:45:09.682 INFO [pool-6-thread-10][:] - /****************流量统计******************/
LastReadBytes:0
LastReadThroughput:0
LastWrittenBytes:0
LastWriteThroughput:0
RealWrittenBytes:0
RealWriteThroughput:0
当前玩家的连接数量:0
当前地图的线程个数：9
当前地图的个数:48
当前数据库执行队列数:0
当前发送队列缓存的对象数量:0
totalMemory：680001536, use ：466915152, free ：213086384DirectMemory：1827143680, 恢复 ：1
当前时间 ：2026-08-21 16:45:09send keng：2418, sheng ：4194304
decode keng：26, sheng ：2097152
world keng：12, sheng ：1048576

2026-08-21 16:45:14.682 INFO [pool-6-thread-3][:] - /****************流量统计******************/
LastReadBytes:0
LastReadThroughput:0
LastWrittenBytes:0
LastWriteThroughput:0
RealWrittenBytes:0
RealWriteThroughput:0
当前玩家的连接数量:0
当前地图的线程个数：9
当前地图的个数:48
当前数据库执行队列数:0
当前发送队列缓存的对象数量:0
totalMemory：680001536, use ：424213912, free ：255787624DirectMemory：1827143680, 恢复 ：1
当前时间 ：2026-08-21 16:45:14send keng：2418, sheng ：4194304
decode keng：26, sheng ：2097152
world keng：12, sheng ：1048576

2026-08-21 16:45:19.682 INFO [pool-6-thread-3][:] - /****************流量统计******************/
LastReadBytes:0
LastReadThroughput:0
LastWrittenBytes:0
LastWriteThroughput:0
RealWrittenBytes:0
RealWriteThroughput:0
当前玩家的连接数量:0
当前地图的线程个数：9
当前地图的个数:48
当前数据库执行队列数:0
当前发送队列缓存的对象数量:0
totalMemory：680001536, use ：427711496, free ：252290040DirectMemory：1827143680, 恢复 ：1
当前时间 ：2026-08-21 16:45:19send keng：2418, sheng ：4194304
decode keng：26, sheng ：2097152
world keng：12, sheng ：1048576

2026-08-21 16:45:24.682 INFO [pool-6-thread-7][:] - /****************流量统计******************/
LastReadBytes:0
LastReadThroughput:0
LastWrittenBytes:0
LastWriteThroughput:0
RealWrittenBytes:0
RealWriteThroughput:0
当前玩家的连接数量:0
当前地图的线程个数：9
当前地图的个数:48
当前数据库执行队列数:0
当前发送队列缓存的对象数量:0
totalMemory：680001536, use ：431034888, free ：248966648DirectMemory：1827143680, 恢复 ：1
当前时间 ：2026-08-21 16:45:24send keng：2418, sheng ：4194304
decode keng：26, sheng ：2097152
world keng：12, sheng ：1048576

2026-08-21 16:45:29.682 INFO [pool-6-thread-10][:] - /****************流量统计******************/
LastReadBytes:0
LastReadThroughput:0
LastWrittenBytes:0
LastWriteThroughput:0
RealWrittenBytes:0
RealWriteThroughput:0
当前玩家的连接数量:0
当前地图的线程个数：9
当前地图的个数:48
当前数据库执行队列数:0
当前发送队列缓存的对象数量:0
totalMemory：680001536, use ：434709304, free ：245292232DirectMemory：1827143680, 恢复 ：1
当前时间 ：2026-08-21 16:45:29send keng：2418, sheng ：4194304
decode keng：26, sheng ：2097152
world keng：12, sheng ：1048576

2026-08-21 16:45:34.682 INFO [pool-6-thread-10][:] - /****************流量统计******************/
LastReadBytes:0
LastReadThroughput:0
LastWrittenBytes:0
LastWriteThroughput:0
RealWrittenBytes:0
RealWriteThroughput:0
当前玩家的连接数量:0
当前地图的线程个数：9
当前地图的个数:48
当前数据库执行队列数:0
当前发送队列缓存的对象数量:0
totalMemory：680001536, use ：438013616, free ：241987920DirectMemory：1827143680, 恢复 ：1
当前时间 ：2026-08-21 16:45:34send keng：2418, sheng ：4194304
decode keng：26, sheng ：2097152
world keng：12, sheng ：1048576

2026-08-21 16:45:39.682 INFO [pool-6-thread-10][:] - /****************流量统计******************/
LastReadBytes:0
LastReadThroughput:0
LastWrittenBytes:0
LastWriteThroughput:0
RealWrittenBytes:0
RealWriteThroughput:0
当前玩家的连接数量:0
当前地图的线程个数：9
当前地图的个数:48
当前数据库执行队列数:0
当前发送队列缓存的对象数量:0
totalMemory：680001536, use ：441580288, free ：238421248DirectMemory：1827143680, 恢复 ：1
当前时间 ：2026-08-21 16:45:39send keng：2418, sheng ：4194304
decode keng：26, sheng ：2097152
world keng：12, sheng ：1048576

2026-08-21 16:45:44.682 INFO [pool-6-thread-8][:] - /****************流量统计******************/
LastReadBytes:0
LastReadThroughput:0
LastWrittenBytes:0
LastWriteThroughput:0
RealWrittenBytes:0
RealWriteThroughput:0
当前玩家的连接数量:0
当前地图的线程个数：9
当前地图的个数:48
当前数据库执行队列数:0
当前发送队列缓存的对象数量:0
totalMemory：680001536, use ：444673048, free ：235328488DirectMemory：1827143680, 恢复 ：1
当前时间 ：2026-08-21 16:45:44send keng：2418, sheng ：4194304
decode keng：26, sheng ：2097152
world keng：12, sheng ：1048576

2026-08-21 16:45:49.682 INFO [pool-6-thread-1][:] - /****************流量统计******************/
LastReadBytes:0
LastReadThroughput:0
LastWrittenBytes:0
LastWriteThroughput:0
RealWrittenBytes:0
RealWriteThroughput:0
当前玩家的连接数量:0
当前地图的线程个数：9
当前地图的个数:48
当前数据库执行队列数:0
当前发送队列缓存的对象数量:0
totalMemory：680001536, use ：448513024, free ：231488512DirectMemory：1827143680, 恢复 ：1
当前时间 ：2026-08-21 16:45:49send keng：2418, sheng ：4194304
decode keng：26, sheng ：2097152
world keng：12, sheng ：1048576

2026-08-21 16:45:54.682 INFO [pool-6-thread-2][:] - /****************流量统计******************/
LastReadBytes:0
LastReadThroughput:0
LastWrittenBytes:0
LastWriteThroughput:0
RealWrittenBytes:0
RealWriteThroughput:0
当前玩家的连接数量:0
当前地图的线程个数：9
当前地图的个数:48
当前数据库执行队列数:0
当前发送队列缓存的对象数量:0
totalMemory：680001536, use ：451697088, free ：228304448DirectMemory：1827143680, 恢复 ：1
当前时间 ：2026-08-21 16:45:54send keng：2418, sheng ：4194304
decode keng：26, sheng ：2097152
world keng：12, sheng ：1048576

2026-08-21 16:45:59.682 INFO [pool-6-thread-8][:] - /****************流量统计******************/
LastReadBytes:0
LastReadThroughput:0
LastWrittenBytes:0
LastWriteThroughput:0
RealWrittenBytes:0
RealWriteThroughput:0
当前玩家的连接数量:0
当前地图的线程个数：9
当前地图的个数:48
当前数据库执行队列数:0
当前发送队列缓存的对象数量:0
totalMemory：680001536, use ：455307272, free ：224694264DirectMemory：1827143680, 恢复 ：1
当前时间 ：2026-08-21 16:45:59send keng：2418, sheng ：4194304
decode keng：26, sheng ：2097152
world keng：12, sheng ：1048576

2026-08-21 16:46:04.682 INFO [pool-6-thread-8][:] - /****************流量统计******************/
LastReadBytes:0
LastReadThroughput:0
LastWrittenBytes:0
LastWriteThroughput:0
RealWrittenBytes:0
RealWriteThroughput:0
当前玩家的连接数量:0
当前地图的线程个数：9
当前地图的个数:48
当前数据库执行队列数:0
当前发送队列缓存的对象数量:0
totalMemory：680001536, use ：458813296, free ：221188240DirectMemory：1827143680, 恢复 ：1
当前时间 ：2026-08-21 16:46:04send keng：2418, sheng ：4194304
decode keng：26, sheng ：2097152
world keng：12, sheng ：1048576

2026-08-21 16:46:09.682 INFO [pool-6-thread-8][:] - /****************流量统计******************/
LastReadBytes:0
LastReadThroughput:0
LastWrittenBytes:0
LastWriteThroughput:0
RealWrittenBytes:0
RealWriteThroughput:0
当前玩家的连接数量:0
当前地图的线程个数：9
当前地图的个数:48
当前数据库执行队列数:0
当前发送队列缓存的对象数量:0
totalMemory：680001536, use ：462339056, free ：217662480DirectMemory：1827143680, 恢复 ：1
当前时间 ：2026-08-21 16:46:09send keng：2418, sheng ：4194304
decode keng：26, sheng ：2097152
world keng：12, sheng ：1048576

2026-08-21 16:46:14.682 INFO [pool-6-thread-3][:] - /****************流量统计******************/
LastReadBytes:0
LastReadThroughput:0
LastWrittenBytes:0
LastWriteThroughput:0
RealWrittenBytes:0
RealWriteThroughput:0
当前玩家的连接数量:0
当前地图的线程个数：9
当前地图的个数:48
当前数据库执行队列数:0
当前发送队列缓存的对象数量:0
totalMemory：680001536, use ：465991424, free ：214010112DirectMemory：1827143680, 恢复 ：1
当前时间 ：2026-08-21 16:46:14send keng：2418, sheng ：4194304
decode keng：26, sheng ：2097152
world keng：12, sheng ：1048576

2026-08-21 16:46:19.682 INFO [pool-6-thread-6][:] - /****************流量统计******************/
LastReadBytes:0
LastReadThroughput:0
LastWrittenBytes:0
LastWriteThroughput:0
RealWrittenBytes:0
RealWriteThroughput:0
当前玩家的连接数量:0
当前地图的线程个数：9
当前地图的个数:48
当前数据库执行队列数:0
当前发送队列缓存的对象数量:0
totalMemory：680001536, use ：469442928, free ：210558608DirectMemory：1827143680, 恢复 ：1
当前时间 ：2026-08-21 16:46:19send keng：2418, sheng ：4194304
decode keng：26, sheng ：2097152
world keng：12, sheng ：1048576

2026-08-21 16:46:24.682 INFO [pool-6-thread-2][:] - /****************流量统计******************/
LastReadBytes:0
LastReadThroughput:0
LastWrittenBytes:0
LastWriteThroughput:0
RealWrittenBytes:0
RealWriteThroughput:0
当前玩家的连接数量:0
当前地图的线程个数：9
当前地图的个数:48
当前数据库执行队列数:0
当前发送队列缓存的对象数量:0
totalMemory：680001536, use ：426165720, free ：253835816DirectMemory：1827143680, 恢复 ：1
当前时间 ：2026-08-21 16:46:24send keng：2418, sheng ：4194304
decode keng：26, sheng ：2097152
world keng：12, sheng ：1048576

2026-08-21 16:46:29.682 INFO [pool-6-thread-9][:] - /****************流量统计******************/
LastReadBytes:0
LastReadThroughput:0
LastWrittenBytes:0
LastWriteThroughput:0
RealWrittenBytes:0
RealWriteThroughput:0
当前玩家的连接数量:0
当前地图的线程个数：9
当前地图的个数:48
当前数据库执行队列数:0
当前发送队列缓存的对象数量:0
totalMemory：680001536, use ：429904952, free ：250096584DirectMemory：1827143680, 恢复 ：1
当前时间 ：2026-08-21 16:46:29send keng：2418, sheng ：4194304
decode keng：26, sheng ：2097152
world keng：12, sheng ：1048576

2026-08-21 16:46:34.682 INFO [pool-6-thread-4][:] - /****************流量统计******************/
LastReadBytes:0
LastReadThroughput:0
LastWrittenBytes:0
LastWriteThroughput:0
RealWrittenBytes:0
RealWriteThroughput:0
当前玩家的连接数量:0
当前地图的线程个数：9
当前地图的个数:48
当前数据库执行队列数:0
当前发送队列缓存的对象数量:0
totalMemory：680001536, use ：433215424, free ：246786112DirectMemory：1827143680, 恢复 ：1
当前时间 ：2026-08-21 16:46:34send keng：2418, sheng ：4194304
decode keng：26, sheng ：2097152
world keng：12, sheng ：1048576

2026-08-21 16:46:39.682 INFO [pool-6-thread-1][:] - /****************流量统计******************/
LastReadBytes:0
LastReadThroughput:0
LastWrittenBytes:0
LastWriteThroughput:0
RealWrittenBytes:0
RealWriteThroughput:0
当前玩家的连接数量:0
当前地图的线程个数：9
当前地图的个数:48
当前数据库执行队列数:0
当前发送队列缓存的对象数量:0
totalMemory：680001536, use ：436775080, free ：243226456DirectMemory：1827143680, 恢复 ：1
当前时间 ：2026-08-21 16:46:39send keng：2418, sheng ：4194304
decode keng：26, sheng ：2097152
world keng：12, sheng ：1048576

2026-08-21 16:46:44.682 INFO [pool-6-thread-6][:] - /****************流量统计******************/
LastReadBytes:0
LastReadThroughput:0
LastWrittenBytes:0
LastWriteThroughput:0
RealWrittenBytes:0
RealWriteThroughput:0
当前玩家的连接数量:0
当前地图的线程个数：9
当前地图的个数:48
当前数据库执行队列数:0
当前发送队列缓存的对象数量:0
totalMemory：680001536, use ：440021224, free ：239980312DirectMemory：1827143680, 恢复 ：1
当前时间 ：2026-08-21 16:46:44send keng：2418, sheng ：4194304
decode keng：26, sheng ：2097152
world keng：12, sheng ：1048576

2026-08-21 16:46:49.682 INFO [pool-6-thread-7][:] - /****************流量统计******************/
LastReadBytes:0
LastReadThroughput:0
LastWrittenBytes:0
LastWriteThroughput:0
RealWrittenBytes:0
RealWriteThroughput:0
当前玩家的连接数量:0
当前地图的线程个数：9
当前地图的个数:48
当前数据库执行队列数:0
当前发送队列缓存的对象数量:0
totalMemory：680001536, use ：443752576, free ：236248960DirectMemory：1827143680, 恢复 ：1
当前时间 ：2026-08-21 16:46:49send keng：2418, sheng ：4194304
decode keng：26, sheng ：2097152
world keng：12, sheng ：1048576

2026-08-21 16:46:54.682 INFO [pool-6-thread-2][:] - /****************流量统计******************/
LastReadBytes:0
LastReadThroughput:0
LastWrittenBytes:0
LastWriteThroughput:0
RealWrittenBytes:0
RealWriteThroughput:0
当前玩家的连接数量:0
当前地图的线程个数：9
当前地图的个数:48
当前数据库执行队列数:0
当前发送队列缓存的对象数量:0
totalMemory：680001536, use ：447096128, free ：232905408DirectMemory：1827143680, 恢复 ：1
当前时间 ：2026-08-21 16:46:54send keng：2418, sheng ：4194304
decode keng：26, sheng ：2097152
world keng：12, sheng ：1048576

2026-08-21 16:46:59.682 INFO [pool-6-thread-1][:] - /****************流量统计******************/
LastReadBytes:0
LastReadThroughput:0
LastWrittenBytes:0
LastWriteThroughput:0
RealWrittenBytes:0
RealWriteThroughput:0
当前玩家的连接数量:0
当前地图的线程个数：9
当前地图的个数:48
当前数据库执行队列数:0
当前发送队列缓存的对象数量:0
totalMemory：680001536, use ：450537504, free ：229464032DirectMemory：1827143680, 恢复 ：1
当前时间 ：2026-08-21 16:46:59send keng：2418, sheng ：4194304
decode keng：26, sheng ：2097152
world keng：12, sheng ：1048576

2026-08-21 16:47:04.682 INFO [pool-6-thread-4][:] - /****************流量统计******************/
LastReadBytes:0
LastReadThroughput:0
LastWrittenBytes:0
LastWriteThroughput:0
RealWrittenBytes:0
RealWriteThroughput:0
当前玩家的连接数量:0
当前地图的线程个数：9
当前地图的个数:48
当前数据库执行队列数:0
当前发送队列缓存的对象数量:0
totalMemory：680001536, use ：453970056, free ：226031480DirectMemory：1827143680, 恢复 ：1
当前时间 ：2026-08-21 16:47:04send keng：2418, sheng ：4194304
decode keng：26, sheng ：2097152
world keng：12, sheng ：1048576

2026-08-21 16:47:09.682 INFO [pool-6-thread-8][:] - /****************流量统计******************/
LastReadBytes:0
LastReadThroughput:0
LastWrittenBytes:0
LastWriteThroughput:0
RealWrittenBytes:0
RealWriteThroughput:0
当前玩家的连接数量:0
当前地图的线程个数：9
当前地图的个数:48
当前数据库执行队列数:0
当前发送队列缓存的对象数量:0
totalMemory：680001536, use ：457548600, free ：222452936DirectMemory：1827143680, 恢复 ：1
当前时间 ：2026-08-21 16:47:09send keng：2418, sheng ：4194304
decode keng：26, sheng ：2097152
world keng：12, sheng ：1048576

2026-08-21 16:47:14.682 INFO [pool-6-thread-7][:] - /****************流量统计******************/
LastReadBytes:0
LastReadThroughput:0
LastWrittenBytes:0
LastWriteThroughput:0
RealWrittenBytes:0
RealWriteThroughput:0
当前玩家的连接数量:0
当前地图的线程个数：9
当前地图的个数:48
当前数据库执行队列数:0
当前发送队列缓存的对象数量:0
totalMemory：680001536, use ：460947912, free ：219053624DirectMemory：1827143680, 恢复 ：1
当前时间 ：2026-08-21 16:47:14send keng：2418, sheng ：4194304
decode keng：26, sheng ：2097152
world keng：12, sheng ：1048576

2026-08-21 16:47:19.682 INFO [pool-6-thread-6][:] - /****************流量统计******************/
LastReadBytes:0
LastReadThroughput:0
LastWrittenBytes:0
LastWriteThroughput:0
RealWrittenBytes:0
RealWriteThroughput:0
当前玩家的连接数量:0
当前地图的线程个数：9
当前地图的个数:48
当前数据库执行队列数:0
当前发送队列缓存的对象数量:0
totalMemory：680001536, use ：464497472, free ：215504064DirectMemory：1827143680, 恢复 ：1
当前时间 ：2026-08-21 16:47:19send keng：2418, sheng ：4194304
decode keng：26, sheng ：2097152
world keng：12, sheng ：1048576

2026-08-21 16:47:24.682 INFO [pool-6-thread-2][:] - /****************流量统计******************/
LastReadBytes:0
LastReadThroughput:0
LastWrittenBytes:0
LastWriteThroughput:0
RealWrittenBytes:0
RealWriteThroughput:0
当前玩家的连接数量:0
当前地图的线程个数：9
当前地图的个数:48
当前数据库执行队列数:0
当前发送队列缓存的对象数量:0
totalMemory：680001536, use ：467998112, free ：212003424DirectMemory：1827143680, 恢复 ：1
当前时间 ：2026-08-21 16:47:24send keng：2418, sheng ：4194304
decode keng：26, sheng ：2097152
world keng：12, sheng ：1048576

2026-08-21 16:47:29.682 INFO [pool-6-thread-2][:] - /****************流量统计******************/
LastReadBytes:0
LastReadThroughput:0
LastWrittenBytes:0
LastWriteThroughput:0
RealWrittenBytes:0
RealWriteThroughput:0
当前玩家的连接数量:0
当前地图的线程个数：9
当前地图的个数:48
当前数据库执行队列数:0
当前发送队列缓存的对象数量:0
totalMemory：680001536, use ：424831040, free ：255170496DirectMemory：1827143680, 恢复 ：1
当前时间 ：2026-08-21 16:47:29send keng：2418, sheng ：4194304
decode keng：26, sheng ：2097152
world keng：12, sheng ：1048576

2026-08-21 16:47:34.682 INFO [pool-6-thread-10][:] - /****************流量统计******************/
LastReadBytes:0
LastReadThroughput:0
LastWrittenBytes:0
LastWriteThroughput:0
RealWrittenBytes:0
RealWriteThroughput:0
当前玩家的连接数量:0
当前地图的线程个数：9
当前地图的个数:48
当前数据库执行队列数:0
当前发送队列缓存的对象数量:0
totalMemory：680001536, use ：428247792, free ：251753744DirectMemory：1827143680, 恢复 ：1
当前时间 ：2026-08-21 16:47:34send keng：2418, sheng ：4194304
decode keng：26, sheng ：2097152
world keng：12, sheng ：1048576

2026-08-21 16:47:39.682 INFO [pool-6-thread-10][:] - /****************流量统计******************/
LastReadBytes:0
LastReadThroughput:0
LastWrittenBytes:0
LastWriteThroughput:0
RealWrittenBytes:0
RealWriteThroughput:0
当前玩家的连接数量:0
当前地图的线程个数：9
当前地图的个数:48
当前数据库执行队列数:0
当前发送队列缓存的对象数量:0
totalMemory：680001536, use ：431688080, free ：248313456DirectMemory：1827143680, 恢复 ：1
当前时间 ：2026-08-21 16:47:39send keng：2418, sheng ：4194304
decode keng：26, sheng ：2097152
world keng：12, sheng ：1048576

2026-08-21 16:47:44.682 INFO [pool-6-thread-2][:] - /****************流量统计******************/
LastReadBytes:0
LastReadThroughput:0
LastWrittenBytes:0
LastWriteThroughput:0
RealWrittenBytes:0
RealWriteThroughput:0
当前玩家的连接数量:0
当前地图的线程个数：9
当前地图的个数:48
当前数据库执行队列数:0
当前发送队列缓存的对象数量:0
totalMemory：680001536, use ：435238440, free ：244763096DirectMemory：1827143680, 恢复 ：1
当前时间 ：2026-08-21 16:47:44send keng：2418, sheng ：4194304
decode keng：26, sheng ：2097152
world keng：12, sheng ：1048576

2026-08-21 16:47:49.682 INFO [pool-6-thread-6][:] - /****************流量统计******************/
LastReadBytes:0
LastReadThroughput:0
LastWrittenBytes:0
LastWriteThroughput:0
RealWrittenBytes:0
RealWriteThroughput:0
当前玩家的连接数量:0
当前地图的线程个数：9
当前地图的个数:48
当前数据库执行队列数:0
当前发送队列缓存的对象数量:0
totalMemory：680001536, use ：439028840, free ：240972696DirectMemory：1827143680, 恢复 ：1
当前时间 ：2026-08-21 16:47:49send keng：2418, sheng ：4194304
decode keng：26, sheng ：2097152
world keng：12, sheng ：1048576

2026-08-21 16:47:54.682 INFO [pool-6-thread-7][:] - /****************流量统计******************/
LastReadBytes:0
LastReadThroughput:0
LastWrittenBytes:0
LastWriteThroughput:0
RealWrittenBytes:0
RealWriteThroughput:0
当前玩家的连接数量:0
当前地图的线程个数：9
当前地图的个数:48
当前数据库执行队列数:0
当前发送队列缓存的对象数量:0
totalMemory：680001536, use ：442203920, free ：237797616DirectMemory：1827143680, 恢复 ：1
当前时间 ：2026-08-21 16:47:54send keng：2418, sheng ：4194304
decode keng：26, sheng ：2097152
world keng：12, sheng ：1048576

2026-08-21 16:47:59.682 INFO [pool-6-thread-5][:] - /****************流量统计******************/
LastReadBytes:0
LastReadThroughput:0
LastWrittenBytes:0
LastWriteThroughput:0
RealWrittenBytes:0
RealWriteThroughput:0
当前玩家的连接数量:0
当前地图的线程个数：9
当前地图的个数:48
当前数据库执行队列数:0
当前发送队列缓存的对象数量:0
totalMemory：680001536, use ：445769984, free ：234231552DirectMemory：1827143680, 恢复 ：1
当前时间 ：2026-08-21 16:47:59send keng：2418, sheng ：4194304
decode keng：26, sheng ：2097152
world keng：12, sheng ：1048576

2026-08-21 16:48:04.689 INFO [pool-6-thread-2][:] - /****************流量统计******************/
LastReadBytes:0
LastReadThroughput:0
LastWrittenBytes:0
LastWriteThroughput:0
RealWrittenBytes:0
RealWriteThroughput:0
当前玩家的连接数量:0
当前地图的线程个数：9
当前地图的个数:48
当前数据库执行队列数:0
当前发送队列缓存的对象数量:0
totalMemory：680001536, use ：449246920, free ：230754616DirectMemory：1827143680, 恢复 ：1
当前时间 ：2026-08-21 16:48:04send keng：2418, sheng ：4194304
decode keng：26, sheng ：2097152
world keng：12, sheng ：1048576

2026-08-21 16:48:09.682 INFO [pool-6-thread-5][:] - /****************流量统计******************/
LastReadBytes:0
LastReadThroughput:0
LastWrittenBytes:0
LastWriteThroughput:0
RealWrittenBytes:0
RealWriteThroughput:0
当前玩家的连接数量:0
当前地图的线程个数：9
当前地图的个数:48
当前数据库执行队列数:0
当前发送队列缓存的对象数量:0
totalMemory：680001536, use ：452529992, free ：227471544DirectMemory：1827143680, 恢复 ：1
当前时间 ：2026-08-21 16:48:09send keng：2418, sheng ：4194304
decode keng：26, sheng ：2097152
world keng：12, sheng ：1048576

2026-08-21 16:48:14.682 INFO [pool-6-thread-4][:] - /****************流量统计******************/
LastReadBytes:0
LastReadThroughput:0
LastWrittenBytes:0
LastWriteThroughput:0
RealWrittenBytes:0
RealWriteThroughput:0
当前玩家的连接数量:0
当前地图的线程个数：9
当前地图的个数:48
当前数据库执行队列数:0
当前发送队列缓存的对象数量:0
totalMemory：680001536, use ：455559320, free ：224442216DirectMemory：1827143680, 恢复 ：1
当前时间 ：2026-08-21 16:48:14send keng：2418, sheng ：4194304
decode keng：26, sheng ：2097152
world keng：12, sheng ：1048576

2026-08-21 16:48:19.682 INFO [pool-6-thread-8][:] - /****************流量统计******************/
LastReadBytes:0
LastReadThroughput:0
LastWrittenBytes:0
LastWriteThroughput:0
RealWrittenBytes:0
RealWriteThroughput:0
当前玩家的连接数量:0
当前地图的线程个数：9
当前地图的个数:48
当前数据库执行队列数:0
当前发送队列缓存的对象数量:0
totalMemory：680001536, use ：459256640, free ：220744896DirectMemory：1827143680, 恢复 ：1
当前时间 ：2026-08-21 16:48:19send keng：2418, sheng ：4194304
decode keng：26, sheng ：2097152
world keng：12, sheng ：1048576

2026-08-21 16:48:24.682 INFO [pool-6-thread-6][:] - /****************流量统计******************/
LastReadBytes:0
LastReadThroughput:0
LastWrittenBytes:0
LastWriteThroughput:0
RealWrittenBytes:0
RealWriteThroughput:0
当前玩家的连接数量:0
当前地图的线程个数：9
当前地图的个数:48
当前数据库执行队列数:0
当前发送队列缓存的对象数量:0
totalMemory：680001536, use ：462622744, free ：217378792DirectMemory：1827143680, 恢复 ：1
当前时间 ：2026-08-21 16:48:24send keng：2418, sheng ：4194304
decode keng：26, sheng ：2097152
world keng：12, sheng ：1048576

2026-08-21 16:48:29.682 INFO [pool-6-thread-6][:] - /****************流量统计******************/
LastReadBytes:0
LastReadThroughput:0
LastWrittenBytes:0
LastWriteThroughput:0
RealWrittenBytes:0
RealWriteThroughput:0
当前玩家的连接数量:0
当前地图的线程个数：9
当前地图的个数:48
当前数据库执行队列数:0
当前发送队列缓存的对象数量:0
totalMemory：680001536, use ：466009984, free ：213991552DirectMemory：1827143680, 恢复 ：1
当前时间 ：2026-08-21 16:48:29send keng：2418, sheng ：4194304
decode keng：26, sheng ：2097152
world keng：12, sheng ：1048576

2026-08-21 16:48:34.684 INFO [pool-6-thread-3][:] - /****************流量统计******************/
LastReadBytes:0
LastReadThroughput:0
LastWrittenBytes:0
LastWriteThroughput:0
RealWrittenBytes:0
RealWriteThroughput:0
当前玩家的连接数量:0
当前地图的线程个数：9
当前地图的个数:48
当前数据库执行队列数:0
当前发送队列缓存的对象数量:0
totalMemory：680001536, use ：469467312, free ：210534224DirectMemory：1827143680, 恢复 ：1
当前时间 ：2026-08-21 16:48:34send keng：2418, sheng ：4194304
decode keng：26, sheng ：2097152
world keng：12, sheng ：1048576

2026-08-21 16:48:39.682 INFO [pool-6-thread-6][:] - /****************流量统计******************/
LastReadBytes:0
LastReadThroughput:0
LastWrittenBytes:0
LastWriteThroughput:0
RealWrittenBytes:0
RealWriteThroughput:0
当前玩家的连接数量:0
当前地图的线程个数：9
当前地图的个数:48
当前数据库执行队列数:0
当前发送队列缓存的对象数量:0
totalMemory：680001536, use ：426356576, free ：253644960DirectMemory：1827143680, 恢复 ：1
当前时间 ：2026-08-21 16:48:39send keng：2418, sheng ：4194304
decode keng：26, sheng ：2097152
world keng：12, sheng ：1048576

2026-08-21 16:48:44.682 INFO [pool-6-thread-2][:] - /****************流量统计******************/
LastReadBytes:0
LastReadThroughput:0
LastWrittenBytes:0
LastWriteThroughput:0
RealWrittenBytes:0
RealWriteThroughput:0
当前玩家的连接数量:0
当前地图的线程个数：9
当前地图的个数:48
当前数据库执行队列数:0
当前发送队列缓存的对象数量:0
totalMemory：680001536, use ：429988144, free ：250013392DirectMemory：1827143680, 恢复 ：1
当前时间 ：2026-08-21 16:48:44send keng：2418, sheng ：4194304
decode keng：26, sheng ：2097152
world keng：12, sheng ：1048576

2026-08-21 16:48:49.682 INFO [pool-6-thread-1][:] - /****************流量统计******************/
LastReadBytes:0
LastReadThroughput:0
LastWrittenBytes:0
LastWriteThroughput:0
RealWrittenBytes:0
RealWriteThroughput:0
当前玩家的连接数量:0
当前地图的线程个数：9
当前地图的个数:48
当前数据库执行队列数:0
当前发送队列缓存的对象数量:0
totalMemory：680001536, use ：433220920, free ：246780616DirectMemory：1827143680, 恢复 ：1
当前时间 ：2026-08-21 16:48:49send keng：2418, sheng ：4194304
decode keng：26, sheng ：2097152
world keng：12, sheng ：1048576

2026-08-21 16:48:54.682 INFO [pool-6-thread-5][:] - /****************流量统计******************/
LastReadBytes:0
LastReadThroughput:0
LastWrittenBytes:0
LastWriteThroughput:0
RealWrittenBytes:0
RealWriteThroughput:0
当前玩家的连接数量:0
当前地图的线程个数：9
当前地图的个数:48
当前数据库执行队列数:0
当前发送队列缓存的对象数量:0
totalMemory：680001536, use ：436716088, free ：243285448DirectMemory：1827143680, 恢复 ：1
当前时间 ：2026-08-21 16:48:54send keng：2418, sheng ：4194304
decode keng：26, sheng ：2097152
world keng：12, sheng ：1048576

2026-08-21 16:48:59.682 INFO [pool-6-thread-4][:] - /****************流量统计******************/
LastReadBytes:0
LastReadThroughput:0
LastWrittenBytes:0
LastWriteThroughput:0
RealWrittenBytes:0
RealWriteThroughput:0
当前玩家的连接数量:0
当前地图的线程个数：9
当前地图的个数:48
当前数据库执行队列数:0
当前发送队列缓存的对象数量:0
totalMemory：680001536, use ：440125608, free ：239875928DirectMemory：1827143680, 恢复 ：1
当前时间 ：2026-08-21 16:48:59send keng：2418, sheng ：4194304
decode keng：26, sheng ：2097152
world keng：12, sheng ：1048576

2026-08-21 16:49:04.682 INFO [pool-6-thread-7][:] - /****************流量统计******************/
LastReadBytes:0
LastReadThroughput:0
LastWrittenBytes:0
LastWriteThroughput:0
RealWrittenBytes:0
RealWriteThroughput:0
当前玩家的连接数量:0
当前地图的线程个数：9
当前地图的个数:48
当前数据库执行队列数:0
当前发送队列缓存的对象数量:0
totalMemory：680001536, use ：443905232, free ：236096304DirectMemory：1827143680, 恢复 ：1
当前时间 ：2026-08-21 16:49:04send keng：2418, sheng ：4194304
decode keng：26, sheng ：2097152
world keng：12, sheng ：1048576

2026-08-21 16:49:09.682 INFO [pool-6-thread-1][:] - /****************流量统计******************/
LastReadBytes:0
LastReadThroughput:0
LastWrittenBytes:0
LastWriteThroughput:0
RealWrittenBytes:0
RealWriteThroughput:0
当前玩家的连接数量:0
当前地图的线程个数：9
当前地图的个数:48
当前数据库执行队列数:0
当前发送队列缓存的对象数量:0
totalMemory：680001536, use ：447164144, free ：232837392DirectMemory：1827143680, 恢复 ：1
当前时间 ：2026-08-21 16:49:09send keng：2418, sheng ：4194304
decode keng：26, sheng ：2097152
world keng：12, sheng ：1048576

2026-08-21 16:49:14.682 INFO [pool-6-thread-10][:] - /****************流量统计******************/
LastReadBytes:0
LastReadThroughput:0
LastWrittenBytes:0
LastWriteThroughput:0
RealWrittenBytes:0
RealWriteThroughput:0
当前玩家的连接数量:0
当前地图的线程个数：9
当前地图的个数:48
当前数据库执行队列数:0
当前发送队列缓存的对象数量:0
totalMemory：680001536, use ：450926520, free ：229075016DirectMemory：1827143680, 恢复 ：1
当前时间 ：2026-08-21 16:49:14send keng：2418, sheng ：4194304
decode keng：26, sheng ：2097152
world keng：12, sheng ：1048576

2026-08-21 16:49:19.682 INFO [pool-6-thread-10][:] - /****************流量统计******************/
LastReadBytes:0
LastReadThroughput:0
LastWrittenBytes:0
LastWriteThroughput:0
RealWrittenBytes:0
RealWriteThroughput:0
当前玩家的连接数量:0
当前地图的线程个数：9
当前地图的个数:48
当前数据库执行队列数:0
当前发送队列缓存的对象数量:0
totalMemory：680001536, use ：454328680, free ：225672856DirectMemory：1827143680, 恢复 ：1
当前时间 ：2026-08-21 16:49:19send keng：2418, sheng ：4194304
decode keng：26, sheng ：2097152
world keng：12, sheng ：1048576

2026-08-21 16:49:24.682 INFO [pool-6-thread-5][:] - /****************流量统计******************/
LastReadBytes:0
LastReadThroughput:0
LastWrittenBytes:0
LastWriteThroughput:0
RealWrittenBytes:0
RealWriteThroughput:0
当前玩家的连接数量:0
当前地图的线程个数：9
当前地图的个数:48
当前数据库执行队列数:0
当前发送队列缓存的对象数量:0
totalMemory：680001536, use ：457904480, free ：222097056DirectMemory：1827143680, 恢复 ：1
当前时间 ：2026-08-21 16:49:24send keng：2418, sheng ：4194304
decode keng：26, sheng ：2097152
world keng：12, sheng ：1048576

2026-08-21 16:49:29.682 INFO [pool-6-thread-9][:] - /****************流量统计******************/
LastReadBytes:0
LastReadThroughput:0
LastWrittenBytes:0
LastWriteThroughput:0
RealWrittenBytes:0
RealWriteThroughput:0
当前玩家的连接数量:0
当前地图的线程个数：9
当前地图的个数:48
当前数据库执行队列数:0
当前发送队列缓存的对象数量:0
totalMemory：680001536, use ：461132480, free ：218869056DirectMemory：1827143680, 恢复 ：1
当前时间 ：2026-08-21 16:49:29send keng：2418, sheng ：4194304
decode keng：26, sheng ：2097152
world keng：12, sheng ：1048576

2026-08-21 16:49:34.682 INFO [pool-6-thread-4][:] - /****************流量统计******************/
LastReadBytes:0
LastReadThroughput:0
LastWrittenBytes:0
LastWriteThroughput:0
RealWrittenBytes:0
RealWriteThroughput:0
当前玩家的连接数量:0
当前地图的线程个数：9
当前地图的个数:48
当前数据库执行队列数:0
当前发送队列缓存的对象数量:0
totalMemory：680001536, use ：464707544, free ：215293992DirectMemory：1827143680, 恢复 ：1
当前时间 ：2026-08-21 16:49:34send keng：2418, sheng ：4194304
decode keng：26, sheng ：2097152
world keng：12, sheng ：1048576

2026-08-21 16:49:39.682 INFO [pool-6-thread-9][:] - /****************流量统计******************/
LastReadBytes:0
LastReadThroughput:0
LastWrittenBytes:0
LastWriteThroughput:0
RealWrittenBytes:0
RealWriteThroughput:0
当前玩家的连接数量:0
当前地图的线程个数：9
当前地图的个数:48
当前数据库执行队列数:0
当前发送队列缓存的对象数量:0
totalMemory：680001536, use ：468236976, free ：211764560DirectMemory：1827143680, 恢复 ：1
当前时间 ：2026-08-21 16:49:39send keng：2418, sheng ：4194304
decode keng：26, sheng ：2097152
world keng：12, sheng ：1048576

2026-08-21 16:49:44.682 INFO [pool-6-thread-3][:] - /****************流量统计******************/
LastReadBytes:0
LastReadThroughput:0
LastWrittenBytes:0
LastWriteThroughput:0
RealWrittenBytes:0
RealWriteThroughput:0
当前玩家的连接数量:0
当前地图的线程个数：9
当前地图的个数:48
当前数据库执行队列数:0
当前发送队列缓存的对象数量:0
totalMemory：680001536, use ：424828800, free ：255172736DirectMemory：1827143680, 恢复 ：1
当前时间 ：2026-08-21 16:49:44send keng：2418, sheng ：4194304
decode keng：26, sheng ：2097152
world keng：12, sheng ：1048576

2026-08-21 16:49:49.682 INFO [pool-6-thread-3][:] - /****************流量统计******************/
LastReadBytes:0
LastReadThroughput:0
LastWrittenBytes:0
LastWriteThroughput:0
RealWrittenBytes:0
RealWriteThroughput:0
当前玩家的连接数量:0
当前地图的线程个数：9
当前地图的个数:48
当前数据库执行队列数:0
当前发送队列缓存的对象数量:0
totalMemory：680001536, use ：428353896, free ：251647640DirectMemory：1827143680, 恢复 ：1
当前时间 ：2026-08-21 16:49:49send keng：2418, sheng ：4194304
decode keng：26, sheng ：2097152
world keng：12, sheng ：1048576

2026-08-21 16:49:54.682 INFO [pool-6-thread-9][:] - /****************流量统计******************/
LastReadBytes:0
LastReadThroughput:0
LastWrittenBytes:0
LastWriteThroughput:0
RealWrittenBytes:0
RealWriteThroughput:0
当前玩家的连接数量:0
当前地图的线程个数：9
当前地图的个数:48
当前数据库执行队列数:0
当前发送队列缓存的对象数量:0
totalMemory：680001536, use ：431693392, free ：248308144DirectMemory：1827143680, 恢复 ：1
当前时间 ：2026-08-21 16:49:54send keng：2418, sheng ：4194304
decode keng：26, sheng ：2097152
world keng：12, sheng ：1048576

2026-08-21 16:49:59.682 INFO [pool-6-thread-1][:] - /****************流量统计******************/
LastReadBytes:0
LastReadThroughput:0
LastWrittenBytes:0
LastWriteThroughput:0
RealWrittenBytes:0
RealWriteThroughput:0
当前玩家的连接数量:0
当前地图的线程个数：9
当前地图的个数:48
当前数据库执行队列数:0
当前发送队列缓存的对象数量:0
totalMemory：680001536, use ：435308584, free ：244692952DirectMemory：1827143680, 恢复 ：1
当前时间 ：2026-08-21 16:49:59send keng：2418, sheng ：4194304
decode keng：26, sheng ：2097152
world keng：12, sheng ：1048576

2026-08-21 16:50:04.682 INFO [pool-6-thread-6][:] - /****************流量统计******************/
LastReadBytes:0
LastReadThroughput:0
LastWrittenBytes:0
LastWriteThroughput:0
RealWrittenBytes:0
RealWriteThroughput:0
当前玩家的连接数量:0
当前地图的线程个数：9
当前地图的个数:48
当前数据库执行队列数:0
当前发送队列缓存的对象数量:0
totalMemory：680001536, use ：438900904, free ：241100632DirectMemory：1827143680, 恢复 ：1
当前时间 ：2026-08-21 16:50:04send keng：2418, sheng ：4194304
decode keng：26, sheng ：2097152
world keng：12, sheng ：1048576

2026-08-21 16:50:09.683 INFO [pool-6-thread-3][:] - /****************流量统计******************/
LastReadBytes:0
LastReadThroughput:0
LastWrittenBytes:0
LastWriteThroughput:0
RealWrittenBytes:0
RealWriteThroughput:0
当前玩家的连接数量:0
当前地图的线程个数：9
当前地图的个数:48
当前数据库执行队列数:0
当前发送队列缓存的对象数量:0
totalMemory：680001536, use ：442094752, free ：237906784DirectMemory：1827143680, 恢复 ：1
当前时间 ：2026-08-21 16:50:09send keng：2418, sheng ：4194304
decode keng：26, sheng ：2097152
world keng：12, sheng ：1048576

2026-08-21 16:50:14.682 INFO [pool-6-thread-10][:] - /****************流量统计******************/
LastReadBytes:0
LastReadThroughput:0
LastWrittenBytes:0
LastWriteThroughput:0
RealWrittenBytes:0
RealWriteThroughput:0
当前玩家的连接数量:0
当前地图的线程个数：9
当前地图的个数:48
当前数据库执行队列数:0
当前发送队列缓存的对象数量:0
totalMemory：680001536, use ：445593256, free ：234408280DirectMemory：1827143680, 恢复 ：1
当前时间 ：2026-08-21 16:50:14send keng：2418, sheng ：4194304
decode keng：26, sheng ：2097152
world keng：12, sheng ：1048576

2026-08-21 16:50:19.682 INFO [pool-6-thread-9][:] - /****************流量统计******************/
LastReadBytes:0
LastReadThroughput:0
LastWrittenBytes:0
LastWriteThroughput:0
RealWrittenBytes:0
RealWriteThroughput:0
当前玩家的连接数量:0
当前地图的线程个数：9
当前地图的个数:48
当前数据库执行队列数:0
当前发送队列缓存的对象数量:0
totalMemory：680001536, use ：448886376, free ：231115160DirectMemory：1827143680, 恢复 ：1
当前时间 ：2026-08-21 16:50:19send keng：2418, sheng ：4194304
decode keng：26, sheng ：2097152
world keng：12, sheng ：1048576

2026-08-21 16:50:24.682 INFO [pool-6-thread-10][:] - /****************流量统计******************/
LastReadBytes:0
LastReadThroughput:0
LastWrittenBytes:0
LastWriteThroughput:0
RealWrittenBytes:0
RealWriteThroughput:0
当前玩家的连接数量:0
当前地图的线程个数：9
当前地图的个数:48
当前数据库执行队列数:0
当前发送队列缓存的对象数量:0
totalMemory：680001536, use ：452513680, free ：227487856DirectMemory：1827143680, 恢复 ：1
当前时间 ：2026-08-21 16:50:24send keng：2418, sheng ：4194304
decode keng：26, sheng ：2097152
world keng：12, sheng ：1048576

2026-08-21 16:50:29.682 INFO [pool-6-thread-1][:] - /****************流量统计******************/
LastReadBytes:0
LastReadThroughput:0
LastWrittenBytes:0
LastWriteThroughput:0
RealWrittenBytes:0
RealWriteThroughput:0
当前玩家的连接数量:0
当前地图的线程个数：9
当前地图的个数:48
当前数据库执行队列数:0
当前发送队列缓存的对象数量:0
totalMemory：680001536, use ：455803872, free ：224197664DirectMemory：1827143680, 恢复 ：1
当前时间 ：2026-08-21 16:50:29send keng：2418, sheng ：4194304
decode keng：26, sheng ：2097152
world keng：12, sheng ：1048576

2026-08-21 16:50:34.682 INFO [pool-6-thread-7][:] - /****************流量统计******************/
LastReadBytes:0
LastReadThroughput:0
LastWrittenBytes:0
LastWriteThroughput:0
RealWrittenBytes:0
RealWriteThroughput:0
当前玩家的连接数量:0
当前地图的线程个数：9
当前地图的个数:48
当前数据库执行队列数:0
当前发送队列缓存的对象数量:0
totalMemory：680001536, use ：459431000, free ：220570536DirectMemory：1827143680, 恢复 ：1
当前时间 ：2026-08-21 16:50:34send keng：2418, sheng ：4194304
decode keng：26, sheng ：2097152
world keng：12, sheng ：1048576

2026-08-21 16:50:39.682 INFO [pool-6-thread-7][:] - /****************流量统计******************/
LastReadBytes:0
LastReadThroughput:0
LastWrittenBytes:0
LastWriteThroughput:0
RealWrittenBytes:0
RealWriteThroughput:0
当前玩家的连接数量:0
当前地图的线程个数：9
当前地图的个数:48
当前数据库执行队列数:0
当前发送队列缓存的对象数量:0
totalMemory：680001536, use ：462553064, free ：217448472DirectMemory：1827143680, 恢复 ：1
当前时间 ：2026-08-21 16:50:39send keng：2418, sheng ：4194304
decode keng：26, sheng ：2097152
world keng：12, sheng ：1048576

2026-08-21 16:50:44.682 INFO [pool-6-thread-2][:] - /****************流量统计******************/
LastReadBytes:0
LastReadThroughput:0
LastWrittenBytes:0
LastWriteThroughput:0
RealWrittenBytes:0
RealWriteThroughput:0
当前玩家的连接数量:0
当前地图的线程个数：9
当前地图的个数:48
当前数据库执行队列数:0
当前发送队列缓存的对象数量:0
totalMemory：680001536, use ：466071976, free ：213929560DirectMemory：1827143680, 恢复 ：1
当前时间 ：2026-08-21 16:50:44send keng：2418, sheng ：4194304
decode keng：26, sheng ：2097152
world keng：12, sheng ：1048576

2026-08-21 16:50:49.683 INFO [pool-6-thread-10][:] - /****************流量统计******************/
LastReadBytes:0
LastReadThroughput:0
LastWrittenBytes:0
LastWriteThroughput:0
RealWrittenBytes:0
RealWriteThroughput:0
当前玩家的连接数量:0
当前地图的线程个数：9
当前地图的个数:48
当前数据库执行队列数:0
当前发送队列缓存的对象数量:0
totalMemory：680001536, use ：469383136, free ：210618400DirectMemory：1827143680, 恢复 ：1
当前时间 ：2026-08-21 16:50:49send keng：2418, sheng ：4194304
decode keng：26, sheng ：2097152
world keng：12, sheng ：1048576

2026-08-21 16:50:54.682 INFO [pool-6-thread-8][:] - /****************流量统计******************/
LastReadBytes:0
LastReadThroughput:0
LastWrittenBytes:0
LastWriteThroughput:0
RealWrittenBytes:0
RealWriteThroughput:0
当前玩家的连接数量:0
当前地图的线程个数：9
当前地图的个数:48
当前数据库执行队列数:0
当前发送队列缓存的对象数量:0
totalMemory：680001536, use ：426143304, free ：253858232DirectMemory：1827143680, 恢复 ：1
当前时间 ：2026-08-21 16:50:54send keng：2418, sheng ：4194304
decode keng：26, sheng ：2097152
world keng：12, sheng ：1048576

2026-08-21 16:50:59.682 INFO [pool-6-thread-10][:] - /****************流量统计******************/
LastReadBytes:0
LastReadThroughput:0
LastWrittenBytes:0
LastWriteThroughput:0
RealWrittenBytes:0
RealWriteThroughput:0
当前玩家的连接数量:0
当前地图的线程个数：9
当前地图的个数:48
当前数据库执行队列数:0
当前发送队列缓存的对象数量:0
totalMemory：680001536, use ：429736472, free ：250265064DirectMemory：1827143680, 恢复 ：1
当前时间 ：2026-08-21 16:50:59send keng：2418, sheng ：4194304
decode keng：26, sheng ：2097152
world keng：12, sheng ：1048576

2026-08-21 16:51:04.683 INFO [pool-6-thread-5][:] - /****************流量统计******************/
LastReadBytes:0
LastReadThroughput:0
LastWrittenBytes:0
LastWriteThroughput:0
RealWrittenBytes:0
RealWriteThroughput:0
当前玩家的连接数量:0
当前地图的线程个数：9
当前地图的个数:48
当前数据库执行队列数:0
当前发送队列缓存的对象数量:0
totalMemory：680001536, use ：433325056, free ：246676480DirectMemory：1827143680, 恢复 ：1
当前时间 ：2026-08-21 16:51:04send keng：2418, sheng ：4194304
decode keng：26, sheng ：2097152
world keng：12, sheng ：1048576

2026-08-21 16:51:09.682 INFO [pool-6-thread-6][:] - /****************流量统计******************/
LastReadBytes:0
LastReadThroughput:0
LastWrittenBytes:0
LastWriteThroughput:0
RealWrittenBytes:0
RealWriteThroughput:0
当前玩家的连接数量:0
当前地图的线程个数：9
当前地图的个数:48
当前数据库执行队列数:0
当前发送队列缓存的对象数量:0
totalMemory：680001536, use ：436755104, free ：243246432DirectMemory：1827143680, 恢复 ：1
当前时间 ：2026-08-21 16:51:09send keng：2418, sheng ：4194304
decode keng：26, sheng ：2097152
world keng：12, sheng ：1048576

2026-08-21 16:51:14.685 INFO [pool-6-thread-6][:] - /****************流量统计******************/
LastReadBytes:0
LastReadThroughput:0
LastWrittenBytes:0
LastWriteThroughput:0
RealWrittenBytes:0
RealWriteThroughput:0
当前玩家的连接数量:0
当前地图的线程个数：9
当前地图的个数:48
当前数据库执行队列数:0
当前发送队列缓存的对象数量:0
totalMemory：680001536, use ：440406496, free ：239595040DirectMemory：1827143680, 恢复 ：1
当前时间 ：2026-08-21 16:51:14send keng：2418, sheng ：4194304
decode keng：26, sheng ：2097152
world keng：12, sheng ：1048576

2026-08-21 16:51:19.682 INFO [pool-6-thread-8][:] - /****************流量统计******************/
LastReadBytes:0
LastReadThroughput:0
LastWrittenBytes:0
LastWriteThroughput:0
RealWrittenBytes:0
RealWriteThroughput:0
当前玩家的连接数量:0
当前地图的线程个数：9
当前地图的个数:48
当前数据库执行队列数:0
当前发送队列缓存的对象数量:0
totalMemory：680001536, use ：444081128, free ：235920408DirectMemory：1827143680, 恢复 ：1
当前时间 ：2026-08-21 16:51:19send keng：2418, sheng ：4194304
decode keng：26, sheng ：2097152
world keng：12, sheng ：1048576

2026-08-21 16:51:24.682 INFO [pool-6-thread-5][:] - /****************流量统计******************/
LastReadBytes:0
LastReadThroughput:0
LastWrittenBytes:0
LastWriteThroughput:0
RealWrittenBytes:0
RealWriteThroughput:0
当前玩家的连接数量:0
当前地图的线程个数：9
当前地图的个数:48
当前数据库执行队列数:0
当前发送队列缓存的对象数量:0
totalMemory：680001536, use ：447297328, free ：232704208DirectMemory：1827143680, 恢复 ：1
当前时间 ：2026-08-21 16:51:24send keng：2418, sheng ：4194304
decode keng：26, sheng ：2097152
world keng：12, sheng ：1048576

2026-08-21 16:51:29.682 INFO [pool-6-thread-10][:] - /****************流量统计******************/
LastReadBytes:0
LastReadThroughput:0
LastWrittenBytes:0
LastWriteThroughput:0
RealWrittenBytes:0
RealWriteThroughput:0
当前玩家的连接数量:0
当前地图的线程个数：9
当前地图的个数:48
当前数据库执行队列数:0
当前发送队列缓存的对象数量:0
totalMemory：680001536, use ：450839224, free ：229162312DirectMemory：1827143680, 恢复 ：1
当前时间 ：2026-08-21 16:51:29send keng：2418, sheng ：4194304
decode keng：26, sheng ：2097152
world keng：12, sheng ：1048576

2026-08-21 16:51:34.682 INFO [pool-6-thread-6][:] - /****************流量统计******************/
LastReadBytes:0
LastReadThroughput:0
LastWrittenBytes:0
LastWriteThroughput:0
RealWrittenBytes:0
RealWriteThroughput:0
当前玩家的连接数量:0
当前地图的线程个数：9
当前地图的个数:48
当前数据库执行队列数:0
当前发送队列缓存的对象数量:0
totalMemory：680001536, use ：454313752, free ：225687784DirectMemory：1827143680, 恢复 ：1
当前时间 ：2026-08-21 16:51:34send keng：2418, sheng ：4194304
decode keng：26, sheng ：2097152
world keng：12, sheng ：1048576

2026-08-21 16:51:39.682 INFO [pool-6-thread-10][:] - /****************流量统计******************/
LastReadBytes:0
LastReadThroughput:0
LastWrittenBytes:0
LastWriteThroughput:0
RealWrittenBytes:0
RealWriteThroughput:0
当前玩家的连接数量:0
当前地图的线程个数：9
当前地图的个数:48
当前数据库执行队列数:0
当前发送队列缓存的对象数量:0
totalMemory：680001536, use ：457906112, free ：222095424DirectMemory：1827143680, 恢复 ：1
当前时间 ：2026-08-21 16:51:39send keng：2418, sheng ：4194304
decode keng：26, sheng ：2097152
world keng：12, sheng ：1048576

2026-08-21 16:51:44.682 INFO [pool-6-thread-3][:] - /****************流量统计******************/
LastReadBytes:0
LastReadThroughput:0
LastWrittenBytes:0
LastWriteThroughput:0
RealWrittenBytes:0
RealWriteThroughput:0
当前玩家的连接数量:0
当前地图的线程个数：9
当前地图的个数:48
当前数据库执行队列数:0
当前发送队列缓存的对象数量:0
totalMemory：680001536, use ：461205992, free ：218795544DirectMemory：1827143680, 恢复 ：1
当前时间 ：2026-08-21 16:51:44send keng：2418, sheng ：4194304
decode keng：26, sheng ：2097152
world keng：12, sheng ：1048576

2026-08-21 16:51:49.682 INFO [pool-6-thread-10][:] - /****************流量统计******************/
LastReadBytes:0
LastReadThroughput:0
LastWrittenBytes:0
LastWriteThroughput:0
RealWrittenBytes:0
RealWriteThroughput:0
当前玩家的连接数量:0
当前地图的线程个数：9
当前地图的个数:48
当前数据库执行队列数:0
当前发送队列缓存的对象数量:0
totalMemory：680001536, use ：464774152, free ：215227384DirectMemory：1827143680, 恢复 ：1
当前时间 ：2026-08-21 16:51:49send keng：2418, sheng ：4194304
decode keng：26, sheng ：2097152
world keng：12, sheng ：1048576

2026-08-21 16:51:54.682 INFO [pool-6-thread-9][:] - /****************流量统计******************/
LastReadBytes:0
LastReadThroughput:0
LastWrittenBytes:0
LastWriteThroughput:0
RealWrittenBytes:0
RealWriteThroughput:0
当前玩家的连接数量:0
当前地图的线程个数：9
当前地图的个数:48
当前数据库执行队列数:0
当前发送队列缓存的对象数量:0
totalMemory：680001536, use ：468324832, free ：211676704DirectMemory：1827143680, 恢复 ：1
当前时间 ：2026-08-21 16:51:54send keng：2418, sheng ：4194304
decode keng：26, sheng ：2097152
world keng：12, sheng ：1048576

2026-08-21 16:51:59.682 INFO [pool-6-thread-3][:] - /****************流量统计******************/
LastReadBytes:0
LastReadThroughput:0
LastWrittenBytes:0
LastWriteThroughput:0
RealWrittenBytes:0
RealWriteThroughput:0
当前玩家的连接数量:0
当前地图的线程个数：9
当前地图的个数:48
当前数据库执行队列数:0
当前发送队列缓存的对象数量:0
totalMemory：680001536, use ：424894200, free ：255107336DirectMemory：1827143680, 恢复 ：1
当前时间 ：2026-08-21 16:51:59send keng：2418, sheng ：4194304
decode keng：26, sheng ：2097152
world keng：12, sheng ：1048576

2026-08-21 16:52:04.682 INFO [pool-6-thread-8][:] - /****************流量统计******************/
LastReadBytes:0
LastReadThroughput:0
LastWrittenBytes:0
LastWriteThroughput:0
RealWrittenBytes:0
RealWriteThroughput:0
当前玩家的连接数量:0
当前地图的线程个数：9
当前地图的个数:48
当前数据库执行队列数:0
当前发送队列缓存的对象数量:0
totalMemory：680001536, use ：428394520, free ：251607016DirectMemory：1827143680, 恢复 ：1
当前时间 ：2026-08-21 16:52:04send keng：2418, sheng ：4194304
decode keng：26, sheng ：2097152
world keng：12, sheng ：1048576

2026-08-21 16:52:09.682 INFO [pool-6-thread-10][:] - /****************流量统计******************/
LastReadBytes:0
LastReadThroughput:0
LastWrittenBytes:0
LastWriteThroughput:0
RealWrittenBytes:0
RealWriteThroughput:0
当前玩家的连接数量:0
当前地图的线程个数：9
当前地图的个数:48
当前数据库执行队列数:0
当前发送队列缓存的对象数量:0
totalMemory：680001536, use ：432080760, free ：247920776DirectMemory：1827143680, 恢复 ：1
当前时间 ：2026-08-21 16:52:09send keng：2418, sheng ：4194304
decode keng：26, sheng ：2097152
world keng：12, sheng ：1048576

2026-08-21 16:52:14.683 INFO [pool-6-thread-10][:] - /****************流量统计******************/
LastReadBytes:0
LastReadThroughput:0
LastWrittenBytes:0
LastWriteThroughput:0
RealWrittenBytes:0
RealWriteThroughput:0
当前玩家的连接数量:0
当前地图的线程个数：9
当前地图的个数:48
当前数据库执行队列数:0
当前发送队列缓存的对象数量:0
totalMemory：680001536, use ：435621560, free ：244379976DirectMemory：1827143680, 恢复 ：1
当前时间 ：2026-08-21 16:52:14send keng：2418, sheng ：4194304
decode keng：26, sheng ：2097152
world keng：12, sheng ：1048576

2026-08-21 16:52:19.682 INFO [pool-6-thread-10][:] - /****************流量统计******************/
LastReadBytes:0
LastReadThroughput:0
LastWrittenBytes:0
LastWriteThroughput:0
RealWrittenBytes:0
RealWriteThroughput:0
当前玩家的连接数量:0
当前地图的线程个数：9
当前地图的个数:48
当前数据库执行队列数:0
当前发送队列缓存的对象数量:0
totalMemory：680001536, use ：439364216, free ：240637320DirectMemory：1827143680, 恢复 ：1
当前时间 ：2026-08-21 16:52:19send keng：2418, sheng ：4194304
decode keng：26, sheng ：2097152
world keng：12, sheng ：1048576

2026-08-21 16:52:24.682 INFO [pool-6-thread-2][:] - /****************流量统计******************/
LastReadBytes:0
LastReadThroughput:0
LastWrittenBytes:0
LastWriteThroughput:0
RealWrittenBytes:0
RealWriteThroughput:0
当前玩家的连接数量:0
当前地图的线程个数：9
当前地图的个数:48
当前数据库执行队列数:0
当前发送队列缓存的对象数量:0
totalMemory：680001536, use ：442562248, free ：237439288DirectMemory：1827143680, 恢复 ：1
当前时间 ：2026-08-21 16:52:24send keng：2418, sheng ：4194304
decode keng：26, sheng ：2097152
world keng：12, sheng ：1048576

2026-08-21 16:52:29.682 INFO [pool-6-thread-6][:] - /****************流量统计******************/
LastReadBytes:0
LastReadThroughput:0
LastWrittenBytes:0
LastWriteThroughput:0
RealWrittenBytes:0
RealWriteThroughput:0
当前玩家的连接数量:0
当前地图的线程个数：9
当前地图的个数:48
当前数据库执行队列数:0
当前发送队列缓存的对象数量:0
totalMemory：680001536, use ：446200328, free ：233801208DirectMemory：1827143680, 恢复 ：1
当前时间 ：2026-08-21 16:52:29send keng：2418, sheng ：4194304
decode keng：26, sheng ：2097152
world keng：12, sheng ：1048576

2026-08-21 16:52:34.682 INFO [pool-6-thread-9][:] - /****************流量统计******************/
LastReadBytes:0
LastReadThroughput:0
LastWrittenBytes:0
LastWriteThroughput:0
RealWrittenBytes:0
RealWriteThroughput:0
当前玩家的连接数量:0
当前地图的线程个数：9
当前地图的个数:48
当前数据库执行队列数:0
当前发送队列缓存的对象数量:0
totalMemory：680001536, use ：449499848, free ：230501688DirectMemory：1827143680, 恢复 ：1
当前时间 ：2026-08-21 16:52:34send keng：2418, sheng ：4194304
decode keng：26, sheng ：2097152
world keng：12, sheng ：1048576

2026-08-21 16:52:39.682 INFO [pool-6-thread-8][:] - /****************流量统计******************/
LastReadBytes:0
LastReadThroughput:0
LastWrittenBytes:0
LastWriteThroughput:0
RealWrittenBytes:0
RealWriteThroughput:0
当前玩家的连接数量:0
当前地图的线程个数：9
当前地图的个数:48
当前数据库执行队列数:0
当前发送队列缓存的对象数量:0
totalMemory：680001536, use ：453159072, free ：226842464DirectMemory：1827143680, 恢复 ：1
当前时间 ：2026-08-21 16:52:39send keng：2418, sheng ：4194304
decode keng：26, sheng ：2097152
world keng：12, sheng ：1048576

2026-08-21 16:52:44.682 INFO [pool-6-thread-9][:] - /****************流量统计******************/
LastReadBytes:0
LastReadThroughput:0
LastWrittenBytes:0
LastWriteThroughput:0
RealWrittenBytes:0
RealWriteThroughput:0
当前玩家的连接数量:0
当前地图的线程个数：9
当前地图的个数:48
当前数据库执行队列数:0
当前发送队列缓存的对象数量:0
totalMemory：680001536, use ：456463288, free ：223538248DirectMemory：1827143680, 恢复 ：1
当前时间 ：2026-08-21 16:52:44send keng：2418, sheng ：4194304
decode keng：26, sheng ：2097152
world keng：12, sheng ：1048576

2026-08-21 16:52:49.682 INFO [pool-6-thread-7][:] - /****************流量统计******************/
LastReadBytes:0
LastReadThroughput:0
LastWrittenBytes:0
LastWriteThroughput:0
RealWrittenBytes:0
RealWriteThroughput:0
当前玩家的连接数量:0
当前地图的线程个数：9
当前地图的个数:48
当前数据库执行队列数:0
当前发送队列缓存的对象数量:0
totalMemory：680001536, use ：460183720, free ：219817816DirectMemory：1827143680, 恢复 ：1
当前时间 ：2026-08-21 16:52:49send keng：2418, sheng ：4194304
decode keng：26, sheng ：2097152
world keng：12, sheng ：1048576

2026-08-21 16:52:54.682 INFO [pool-6-thread-6][:] - /****************流量统计******************/
LastReadBytes:0
LastReadThroughput:0
LastWrittenBytes:0
LastWriteThroughput:0
RealWrittenBytes:0
RealWriteThroughput:0
当前玩家的连接数量:0
当前地图的线程个数：9
当前地图的个数:48
当前数据库执行队列数:0
当前发送队列缓存的对象数量:0
totalMemory：680001536, use ：463476088, free ：216525448DirectMemory：1827143680, 恢复 ：1
当前时间 ：2026-08-21 16:52:54send keng：2418, sheng ：4194304
decode keng：26, sheng ：2097152
world keng：12, sheng ：1048576

2026-08-21 16:52:59.682 INFO [pool-6-thread-2][:] - /****************流量统计******************/
LastReadBytes:0
LastReadThroughput:0
LastWrittenBytes:0
LastWriteThroughput:0
RealWrittenBytes:0
RealWriteThroughput:0
当前玩家的连接数量:0
当前地图的线程个数：9
当前地图的个数:48
当前数据库执行队列数:0
当前发送队列缓存的对象数量:0
totalMemory：680001536, use ：466956816, free ：213044720DirectMemory：1827143680, 恢复 ：1
当前时间 ：2026-08-21 16:52:59send keng：2418, sheng ：4194304
decode keng：26, sheng ：2097152
world keng：12, sheng ：1048576

2026-08-21 16:53:04.682 INFO [pool-6-thread-2][:] - /****************流量统计******************/
LastReadBytes:0
LastReadThroughput:0
LastWrittenBytes:0
LastWriteThroughput:0
RealWrittenBytes:0
RealWriteThroughput:0
当前玩家的连接数量:0
当前地图的线程个数：9
当前地图的个数:48
当前数据库执行队列数:0
当前发送队列缓存的对象数量:0
totalMemory：680001536, use ：423980032, free ：256021504DirectMemory：1827143680, 恢复 ：1
当前时间 ：2026-08-21 16:53:04send keng：2418, sheng ：4194304
decode keng：26, sheng ：2097152
world keng：12, sheng ：1048576

2026-08-21 16:53:09.682 INFO [pool-6-thread-10][:] - /****************流量统计******************/
LastReadBytes:0
LastReadThroughput:0
LastWrittenBytes:0
LastWriteThroughput:0
RealWrittenBytes:0
RealWriteThroughput:0
当前玩家的连接数量:0
当前地图的线程个数：9
当前地图的个数:48
当前数据库执行队列数:0
当前发送队列缓存的对象数量:0
totalMemory：680001536, use ：427323616, free ：252677920DirectMemory：1827143680, 恢复 ：1
当前时间 ：2026-08-21 16:53:09send keng：2418, sheng ：4194304
decode keng：26, sheng ：2097152
world keng：12, sheng ：1048576

2026-08-21 16:53:14.682 INFO [pool-6-thread-8][:] - /****************流量统计******************/
LastReadBytes:0
LastReadThroughput:0
LastWrittenBytes:0
LastWriteThroughput:0
RealWrittenBytes:0
RealWriteThroughput:0
当前玩家的连接数量:0
当前地图的线程个数：9
当前地图的个数:48
当前数据库执行队列数:0
当前发送队列缓存的对象数量:0
totalMemory：680001536, use ：430773800, free ：249227736DirectMemory：1827143680, 恢复 ：1
当前时间 ：2026-08-21 16:53:14send keng：2418, sheng ：4194304
decode keng：26, sheng ：2097152
world keng：12, sheng ：1048576

2026-08-21 16:53:19.682 INFO [pool-6-thread-4][:] - /****************流量统计******************/
LastReadBytes:0
LastReadThroughput:0
LastWrittenBytes:0
LastWriteThroughput:0
RealWrittenBytes:0
RealWriteThroughput:0
当前玩家的连接数量:0
当前地图的线程个数：9
当前地图的个数:48
当前数据库执行队列数:0
当前发送队列缓存的对象数量:0
totalMemory：680001536, use ：434271376, free ：245730160DirectMemory：1827143680, 恢复 ：1
当前时间 ：2026-08-21 16:53:19send keng：2418, sheng ：4194304
decode keng：26, sheng ：2097152
world keng：12, sheng ：1048576

2026-08-21 16:53:24.682 INFO [pool-6-thread-1][:] - /****************流量统计******************/
LastReadBytes:0
LastReadThroughput:0
LastWrittenBytes:0
LastWriteThroughput:0
RealWrittenBytes:0
RealWriteThroughput:0
当前玩家的连接数量:0
当前地图的线程个数：9
当前地图的个数:48
当前数据库执行队列数:0
当前发送队列缓存的对象数量:0
totalMemory：680001536, use ：437418328, free ：242583208DirectMemory：1827143680, 恢复 ：1
当前时间 ：2026-08-21 16:53:24send keng：2418, sheng ：4194304
decode keng：26, sheng ：2097152
world keng：12, sheng ：1048576

2026-08-21 16:53:29.682 INFO [pool-6-thread-1][:] - /****************流量统计******************/
LastReadBytes:0
LastReadThroughput:0
LastWrittenBytes:0
LastWriteThroughput:0
RealWrittenBytes:0
RealWriteThroughput:0
当前玩家的连接数量:0
当前地图的线程个数：9
当前地图的个数:48
当前数据库执行队列数:0
当前发送队列缓存的对象数量:0
totalMemory：680001536, use ：440989528, free ：239012008DirectMemory：1827143680, 恢复 ：1
当前时间 ：2026-08-21 16:53:29send keng：2418, sheng ：4194304
decode keng：26, sheng ：2097152
world keng：12, sheng ：1048576

2026-08-21 16:53:34.683 INFO [pool-6-thread-1][:] - /****************流量统计******************/
LastReadBytes:0
LastReadThroughput:0
LastWrittenBytes:0
LastWriteThroughput:0
RealWrittenBytes:0
RealWriteThroughput:0
当前玩家的连接数量:0
当前地图的线程个数：9
当前地图的个数:48
当前数据库执行队列数:0
当前发送队列缓存的对象数量:0
totalMemory：680001536, use ：444353872, free ：235647664DirectMemory：1827143680, 恢复 ：1
当前时间 ：2026-08-21 16:53:34send keng：2418, sheng ：4194304
decode keng：26, sheng ：2097152
world keng：12, sheng ：1048576

2026-08-21 16:53:39.682 INFO [pool-6-thread-8][:] - /****************流量统计******************/
LastReadBytes:0
LastReadThroughput:0
LastWrittenBytes:0
LastWriteThroughput:0
RealWrittenBytes:0
RealWriteThroughput:0
当前玩家的连接数量:0
当前地图的线程个数：9
当前地图的个数:48
当前数据库执行队列数:0
当前发送队列缓存的对象数量:0
totalMemory：680001536, use ：448091416, free ：231910120DirectMemory：1827143680, 恢复 ：1
当前时间 ：2026-08-21 16:53:39send keng：2418, sheng ：4194304
decode keng：26, sheng ：2097152
world keng：12, sheng ：1048576

2026-08-21 16:53:44.682 INFO [pool-6-thread-4][:] - /****************流量统计******************/
LastReadBytes:0
LastReadThroughput:0
LastWrittenBytes:0
LastWriteThroughput:0
RealWrittenBytes:0
RealWriteThroughput:0
当前玩家的连接数量:0
当前地图的线程个数：9
当前地图的个数:48
当前数据库执行队列数:0
当前发送队列缓存的对象数量:0
totalMemory：680001536, use ：451212784, free ：228788752DirectMemory：1827143680, 恢复 ：1
当前时间 ：2026-08-21 16:53:44send keng：2418, sheng ：4194304
decode keng：26, sheng ：2097152
world keng：12, sheng ：1048576

2026-08-21 16:53:49.682 INFO [pool-6-thread-3][:] - /****************流量统计******************/
LastReadBytes:0
LastReadThroughput:0
LastWrittenBytes:0
LastWriteThroughput:0
RealWrittenBytes:0
RealWriteThroughput:0
当前玩家的连接数量:0
当前地图的线程个数：9
当前地图的个数:48
当前数据库执行队列数:0
当前发送队列缓存的对象数量:0
totalMemory：680001536, use ：454958568, free ：225042968DirectMemory：1827143680, 恢复 ：1
当前时间 ：2026-08-21 16:53:49send keng：2418, sheng ：4194304
decode keng：26, sheng ：2097152
world keng：12, sheng ：1048576

2026-08-21 16:53:54.682 INFO [pool-6-thread-9][:] - /****************流量统计******************/
LastReadBytes:0
LastReadThroughput:0
LastWrittenBytes:0
LastWriteThroughput:0
RealWrittenBytes:0
RealWriteThroughput:0
当前玩家的连接数量:0
当前地图的线程个数：9
当前地图的个数:48
当前数据库执行队列数:0
当前发送队列缓存的对象数量:0
totalMemory：680001536, use ：458353984, free ：221647552DirectMemory：1827143680, 恢复 ：1
当前时间 ：2026-08-21 16:53:54send keng：2418, sheng ：4194304
decode keng：26, sheng ：2097152
world keng：12, sheng ：1048576

2026-08-21 16:53:59.682 INFO [pool-6-thread-4][:] - /****************流量统计******************/
LastReadBytes:0
LastReadThroughput:0
LastWrittenBytes:0
LastWriteThroughput:0
RealWrittenBytes:0
RealWriteThroughput:0
当前玩家的连接数量:0
当前地图的线程个数：9
当前地图的个数:48
当前数据库执行队列数:0
当前发送队列缓存的对象数量:0
totalMemory：680001536, use ：462081400, free ：217920136DirectMemory：1827143680, 恢复 ：1
当前时间 ：2026-08-21 16:53:59send keng：2418, sheng ：4194304
decode keng：26, sheng ：2097152
world keng：12, sheng ：1048576

2026-08-21 16:54:04.682 INFO [pool-6-thread-6][:] - /****************流量统计******************/
LastReadBytes:0
LastReadThroughput:0
LastWrittenBytes:0
LastWriteThroughput:0
RealWrittenBytes:0
RealWriteThroughput:0
当前玩家的连接数量:0
当前地图的线程个数：9
当前地图的个数:48
当前数据库执行队列数:0
当前发送队列缓存的对象数量:0
totalMemory：680001536, use ：465503608, free ：214497928DirectMemory：1827143680, 恢复 ：1
当前时间 ：2026-08-21 16:54:04send keng：2418, sheng ：4194304
decode keng：26, sheng ：2097152
world keng：12, sheng ：1048576

2026-08-21 16:54:09.682 INFO [pool-6-thread-1][:] - /****************流量统计******************/
LastReadBytes:0
LastReadThroughput:0
LastWrittenBytes:0
LastWriteThroughput:0
RealWrittenBytes:0
RealWriteThroughput:0
当前玩家的连接数量:0
当前地图的线程个数：9
当前地图的个数:48
当前数据库执行队列数:0
当前发送队列缓存的对象数量:0
totalMemory：680001536, use ：469068368, free ：210933168DirectMemory：1827143680, 恢复 ：1
当前时间 ：2026-08-21 16:54:09send keng：2418, sheng ：4194304
decode keng：26, sheng ：2097152
world keng：12, sheng ：1048576

2026-08-21 16:54:14.682 INFO [pool-6-thread-1][:] - /****************流量统计******************/
LastReadBytes:0
LastReadThroughput:0
LastWrittenBytes:0
LastWriteThroughput:0
RealWrittenBytes:0
RealWriteThroughput:0
当前玩家的连接数量:0
当前地图的线程个数：9
当前地图的个数:48
当前数据库执行队列数:0
当前发送队列缓存的对象数量:0
totalMemory：680001536, use ：426139496, free ：253862040DirectMemory：1827143680, 恢复 ：1
当前时间 ：2026-08-21 16:54:14send keng：2418, sheng ：4194304
decode keng：26, sheng ：2097152
world keng：12, sheng ：1048576

2026-08-21 16:54:19.682 INFO [pool-6-thread-4][:] - /****************流量统计******************/
LastReadBytes:0
LastReadThroughput:0
LastWrittenBytes:0
LastWriteThroughput:0
RealWrittenBytes:0
RealWriteThroughput:0
当前玩家的连接数量:0
当前地图的线程个数：9
当前地图的个数:48
当前数据库执行队列数:0
当前发送队列缓存的对象数量:0
totalMemory：680001536, use ：429398600, free ：250602936DirectMemory：1827143680, 恢复 ：1
当前时间 ：2026-08-21 16:54:19send keng：2418, sheng ：4194304
decode keng：26, sheng ：2097152
world keng：12, sheng ：1048576

2026-08-21 16:54:24.682 INFO [pool-6-thread-8][:] - /****************流量统计******************/
LastReadBytes:0
LastReadThroughput:0
LastWrittenBytes:0
LastWriteThroughput:0
RealWrittenBytes:0
RealWriteThroughput:0
当前玩家的连接数量:0
当前地图的线程个数：9
当前地图的个数:48
当前数据库执行队列数:0
当前发送队列缓存的对象数量:0
totalMemory：680001536, use ：433120576, free ：246880960DirectMemory：1827143680, 恢复 ：1
当前时间 ：2026-08-21 16:54:24send keng：2418, sheng ：4194304
decode keng：26, sheng ：2097152
world keng：12, sheng ：1048576

2026-08-21 16:54:29.682 INFO [pool-6-thread-2][:] - /****************流量统计******************/
LastReadBytes:0
LastReadThroughput:0
LastWrittenBytes:0
LastWriteThroughput:0
RealWrittenBytes:0
RealWriteThroughput:0
当前玩家的连接数量:0
当前地图的线程个数：9
当前地图的个数:48
当前数据库执行队列数:0
当前发送队列缓存的对象数量:0
totalMemory：680001536, use ：436663736, free ：243337800DirectMemory：1827143680, 恢复 ：1
当前时间 ：2026-08-21 16:54:29send keng：2418, sheng ：4194304
decode keng：26, sheng ：2097152
world keng：12, sheng ：1048576

2026-08-21 16:54:34.682 INFO [pool-6-thread-2][:] - /****************流量统计******************/
LastReadBytes:0
LastReadThroughput:0
LastWrittenBytes:0
LastWriteThroughput:0
RealWrittenBytes:0
RealWriteThroughput:0
当前玩家的连接数量:0
当前地图的线程个数：9
当前地图的个数:48
当前数据库执行队列数:0
当前发送队列缓存的对象数量:0
totalMemory：680001536, use ：440043016, free ：239958520DirectMemory：1827143680, 恢复 ：1
当前时间 ：2026-08-21 16:54:34send keng：2418, sheng ：4194304
decode keng：26, sheng ：2097152
world keng：12, sheng ：1048576

2026-08-21 16:54:39.682 INFO [pool-6-thread-2][:] - /****************流量统计******************/
LastReadBytes:0
LastReadThroughput:0
LastWrittenBytes:0
LastWriteThroughput:0
RealWrittenBytes:0
RealWriteThroughput:0
当前玩家的连接数量:0
当前地图的线程个数：9
当前地图的个数:48
当前数据库执行队列数:0
当前发送队列缓存的对象数量:0
totalMemory：680001536, use ：443640256, free ：236361280DirectMemory：1827143680, 恢复 ：1
当前时间 ：2026-08-21 16:54:39send keng：2418, sheng ：4194304
decode keng：26, sheng ：2097152
world keng：12, sheng ：1048576

2026-08-21 16:54:44.682 INFO [pool-6-thread-10][:] - /****************流量统计******************/
LastReadBytes:0
LastReadThroughput:0
LastWrittenBytes:0
LastWriteThroughput:0
RealWrittenBytes:0
RealWriteThroughput:0
当前玩家的连接数量:0
当前地图的线程个数：9
当前地图的个数:48
当前数据库执行队列数:0
当前发送队列缓存的对象数量:0
totalMemory：680001536, use ：446905808, free ：233095728DirectMemory：1827143680, 恢复 ：1
当前时间 ：2026-08-21 16:54:44send keng：2418, sheng ：4194304
decode keng：26, sheng ：2097152
world keng：12, sheng ：1048576

2026-08-21 16:54:49.682 INFO [pool-6-thread-8][:] - /****************流量统计******************/
LastReadBytes:0
LastReadThroughput:0
LastWrittenBytes:0
LastWriteThroughput:0
RealWrittenBytes:0
RealWriteThroughput:0
当前玩家的连接数量:0
当前地图的线程个数：9
当前地图的个数:48
当前数据库执行队列数:0
当前发送队列缓存的对象数量:0
totalMemory：680001536, use ：450696080, free ：229305456DirectMemory：1827143680, 恢复 ：1
当前时间 ：2026-08-21 16:54:49send keng：2418, sheng ：4194304
decode keng：26, sheng ：2097152
world keng：12, sheng ：1048576

2026-08-21 16:54:54.682 INFO [pool-6-thread-4][:] - /****************流量统计******************/
LastReadBytes:0
LastReadThroughput:0
LastWrittenBytes:0
LastWriteThroughput:0
RealWrittenBytes:0
RealWriteThroughput:0
当前玩家的连接数量:0
当前地图的线程个数：9
当前地图的个数:48
当前数据库执行队列数:0
当前发送队列缓存的对象数量:0
totalMemory：680001536, use ：453937392, free ：226064144DirectMemory：1827143680, 恢复 ：1
当前时间 ：2026-08-21 16:54:54send keng：2418, sheng ：4194304
decode keng：26, sheng ：2097152
world keng：12, sheng ：1048576

2026-08-21 16:54:59.682 INFO [pool-6-thread-5][:] - /****************流量统计******************/
LastReadBytes:0
LastReadThroughput:0
LastWrittenBytes:0
LastWriteThroughput:0
RealWrittenBytes:0
RealWriteThroughput:0
当前玩家的连接数量:0
当前地图的线程个数：9
当前地图的个数:48
当前数据库执行队列数:0
当前发送队列缓存的对象数量:0
totalMemory：680001536, use ：457651352, free ：222350184DirectMemory：1827143680, 恢复 ：1
当前时间 ：2026-08-21 16:54:59send keng：2418, sheng ：4194304
decode keng：26, sheng ：2097152
world keng：12, sheng ：1048576

2026-08-21 16:55:04.682 INFO [pool-6-thread-7][:] - /****************流量统计******************/
LastReadBytes:0
LastReadThroughput:0
LastWrittenBytes:0
LastWriteThroughput:0
RealWrittenBytes:0
RealWriteThroughput:0
当前玩家的连接数量:0
当前地图的线程个数：9
当前地图的个数:48
当前数据库执行队列数:0
当前发送队列缓存的对象数量:0
totalMemory：680001536, use ：461172296, free ：218829240DirectMemory：1827143680, 恢复 ：1
当前时间 ：2026-08-21 16:55:04send keng：2418, sheng ：4194304
decode keng：26, sheng ：2097152
world keng：12, sheng ：1048576

2026-08-21 16:55:09.682 INFO [pool-6-thread-5][:] - /****************流量统计******************/
LastReadBytes:0
LastReadThroughput:0
LastWrittenBytes:0
LastWriteThroughput:0
RealWrittenBytes:0
RealWriteThroughput:0
当前玩家的连接数量:0
当前地图的线程个数：9
当前地图的个数:48
当前数据库执行队列数:0
当前发送队列缓存的对象数量:0
totalMemory：680001536, use ：464720256, free ：215281280DirectMemory：1827143680, 恢复 ：1
当前时间 ：2026-08-21 16:55:09send keng：2418, sheng ：4194304
decode keng：26, sheng ：2097152
world keng：12, sheng ：1048576

2026-08-21 16:55:14.682 INFO [pool-6-thread-8][:] - /****************流量统计******************/
LastReadBytes:0
LastReadThroughput:0
LastWrittenBytes:0
LastWriteThroughput:0
RealWrittenBytes:0
RealWriteThroughput:0
当前玩家的连接数量:0
当前地图的线程个数：9
当前地图的个数:48
当前数据库执行队列数:0
当前发送队列缓存的对象数量:0
totalMemory：680001536, use ：468175712, free ：211825824DirectMemory：1827143680, 恢复 ：1
当前时间 ：2026-08-21 16:55:14send keng：2418, sheng ：4194304
decode keng：26, sheng ：2097152
world keng：12, sheng ：1048576

2026-08-21 16:55:19.682 INFO [pool-6-thread-10][:] - /****************流量统计******************/
LastReadBytes:0
LastReadThroughput:0
LastWrittenBytes:0
LastWriteThroughput:0
RealWrittenBytes:0
RealWriteThroughput:0
当前玩家的连接数量:0
当前地图的线程个数：9
当前地图的个数:48
当前数据库执行队列数:0
当前发送队列缓存的对象数量:0
totalMemory：680001536, use ：425234704, free ：254766832DirectMemory：1827143680, 恢复 ：1
当前时间 ：2026-08-21 16:55:19send keng：2418, sheng ：4194304
decode keng：26, sheng ：2097152
world keng：12, sheng ：1048576

2026-08-21 16:55:24.682 INFO [pool-6-thread-5][:] - /****************流量统计******************/
LastReadBytes:0
LastReadThroughput:0
LastWrittenBytes:0
LastWriteThroughput:0
RealWrittenBytes:0
RealWriteThroughput:0
当前玩家的连接数量:0
当前地图的线程个数：9
当前地图的个数:48
当前数据库执行队列数:0
当前发送队列缓存的对象数量:0
totalMemory：680001536, use ：428676872, free ：251324664DirectMemory：1827143680, 恢复 ：1
当前时间 ：2026-08-21 16:55:24send keng：2418, sheng ：4194304
decode keng：26, sheng ：2097152
world keng：12, sheng ：1048576

2026-08-21 16:55:29.682 INFO [pool-6-thread-8][:] - /****************流量统计******************/
LastReadBytes:0
LastReadThroughput:0
LastWrittenBytes:0
LastWriteThroughput:0
RealWrittenBytes:0
RealWriteThroughput:0
当前玩家的连接数量:0
当前地图的线程个数：9
当前地图的个数:48
当前数据库执行队列数:0
当前发送队列缓存的对象数量:0
totalMemory：680001536, use ：432120728, free ：247880808DirectMemory：1827143680, 恢复 ：1
当前时间 ：2026-08-21 16:55:29send keng：2418, sheng ：4194304
decode keng：26, sheng ：2097152
world keng：12, sheng ：1048576

2026-08-21 16:55:34.682 INFO [pool-6-thread-7][:] - /****************流量统计******************/
LastReadBytes:0
LastReadThroughput:0
LastWrittenBytes:0
LastWriteThroughput:0
RealWrittenBytes:0
RealWriteThroughput:0
当前玩家的连接数量:0
当前地图的线程个数：9
当前地图的个数:48
当前数据库执行队列数:0
当前发送队列缓存的对象数量:0
totalMemory：680001536, use ：435590656, free ：244410880DirectMemory：1827143680, 恢复 ：1
当前时间 ：2026-08-21 16:55:34send keng：2418, sheng ：4194304
decode keng：26, sheng ：2097152
world keng：12, sheng ：1048576

2026-08-21 16:55:39.682 INFO [pool-6-thread-6][:] - /****************流量统计******************/
LastReadBytes:0
LastReadThroughput:0
LastWrittenBytes:0
LastWriteThroughput:0
RealWrittenBytes:0
RealWriteThroughput:0
当前玩家的连接数量:0
当前地图的线程个数：9
当前地图的个数:48
当前数据库执行队列数:0
当前发送队列缓存的对象数量:0
totalMemory：680001536, use ：439248456, free ：240753080DirectMemory：1827143680, 恢复 ：1
当前时间 ：2026-08-21 16:55:39send keng：2418, sheng ：4194304
decode keng：26, sheng ：2097152
world keng：12, sheng ：1048576

2026-08-21 16:55:44.682 INFO [pool-6-thread-9][:] - /****************流量统计******************/
LastReadBytes:0
LastReadThroughput:0
LastWrittenBytes:0
LastWriteThroughput:0
RealWrittenBytes:0
RealWriteThroughput:0
当前玩家的连接数量:0
当前地图的线程个数：9
当前地图的个数:48
当前数据库执行队列数:0
当前发送队列缓存的对象数量:0
totalMemory：680001536, use ：442537800, free ：237463736DirectMemory：1827143680, 恢复 ：1
当前时间 ：2026-08-21 16:55:44send keng：2418, sheng ：4194304
decode keng：26, sheng ：2097152
world keng：12, sheng ：1048576

2026-08-21 16:55:49.682 INFO [pool-6-thread-6][:] - /****************流量统计******************/
LastReadBytes:0
LastReadThroughput:0
LastWrittenBytes:0
LastWriteThroughput:0
RealWrittenBytes:0
RealWriteThroughput:0
当前玩家的连接数量:0
当前地图的线程个数：9
当前地图的个数:48
当前数据库执行队列数:0
当前发送队列缓存的对象数量:0
totalMemory：680001536, use ：445911632, free ：234089904DirectMemory：1827143680, 恢复 ：1
当前时间 ：2026-08-21 16:55:49send keng：2418, sheng ：4194304
decode keng：26, sheng ：2097152
world keng：12, sheng ：1048576

2026-08-21 16:55:54.682 INFO [pool-6-thread-7][:] - /****************流量统计******************/
LastReadBytes:0
LastReadThroughput:0
LastWrittenBytes:0
LastWriteThroughput:0
RealWrittenBytes:0
RealWriteThroughput:0
当前玩家的连接数量:0
当前地图的线程个数：9
当前地图的个数:48
当前数据库执行队列数:0
当前发送队列缓存的对象数量:0
totalMemory：680001536, use ：449188008, free ：230813528DirectMemory：1827143680, 恢复 ：1
当前时间 ：2026-08-21 16:55:54send keng：2418, sheng ：4194304
decode keng：26, sheng ：2097152
world keng：12, sheng ：1048576

2026-08-21 16:55:59.682 INFO [pool-6-thread-6][:] - /****************流量统计******************/
LastReadBytes:0
LastReadThroughput:0
LastWrittenBytes:0
LastWriteThroughput:0
RealWrittenBytes:0
RealWriteThroughput:0
当前玩家的连接数量:0
当前地图的线程个数：9
当前地图的个数:48
当前数据库执行队列数:0
当前发送队列缓存的对象数量:0
totalMemory：680001536, use ：452754464, free ：227247072DirectMemory：1827143680, 恢复 ：1
当前时间 ：2026-08-21 16:55:59send keng：2418, sheng ：4194304
decode keng：26, sheng ：2097152
world keng：12, sheng ：1048576

2026-08-21 16:56:04.682 INFO [pool-6-thread-7][:] - /****************流量统计******************/
LastReadBytes:0
LastReadThroughput:0
LastWrittenBytes:0
LastWriteThroughput:0
RealWrittenBytes:0
RealWriteThroughput:0
当前玩家的连接数量:0
当前地图的线程个数：9
当前地图的个数:48
当前数据库执行队列数:0
当前发送队列缓存的对象数量:0
totalMemory：680001536, use ：456197288, free ：223804248DirectMemory：1827143680, 恢复 ：1
当前时间 ：2026-08-21 16:56:04send keng：2418, sheng ：4194304
decode keng：26, sheng ：2097152
world keng：12, sheng ：1048576

2026-08-21 16:56:09.682 INFO [pool-6-thread-2][:] - /****************流量统计******************/
LastReadBytes:0
LastReadThroughput:0
LastWrittenBytes:0
LastWriteThroughput:0
RealWrittenBytes:0
RealWriteThroughput:0
当前玩家的连接数量:0
当前地图的线程个数：9
当前地图的个数:48
当前数据库执行队列数:0
当前发送队列缓存的对象数量:0
totalMemory：680001536, use ：459664192, free ：220337344DirectMemory：1827143680, 恢复 ：1
当前时间 ：2026-08-21 16:56:09send keng：2418, sheng ：4194304
decode keng：26, sheng ：2097152
world keng：12, sheng ：1048576

2026-08-21 16:56:14.708 INFO [pool-6-thread-1][:] - /****************流量统计******************/
LastReadBytes:0
LastReadThroughput:0
LastWrittenBytes:0
LastWriteThroughput:0
RealWrittenBytes:0
RealWriteThroughput:0
当前玩家的连接数量:0
当前地图的线程个数：9
当前地图的个数:48
当前数据库执行队列数:0
当前发送队列缓存的对象数量:0
totalMemory：680001536, use ：463159960, free ：216841576DirectMemory：1827143680, 恢复 ：1
当前时间 ：2026-08-21 16:56:14send keng：2418, sheng ：4194304
decode keng：26, sheng ：2097152
world keng：12, sheng ：1048576

2026-08-21 16:56:19.682 INFO [pool-6-thread-9][:] - /****************流量统计******************/
LastReadBytes:0
LastReadThroughput:0
LastWrittenBytes:0
LastWriteThroughput:0
RealWrittenBytes:0
RealWriteThroughput:0
当前玩家的连接数量:0
当前地图的线程个数：9
当前地图的个数:48
当前数据库执行队列数:0
当前发送队列缓存的对象数量:0
totalMemory：680001536, use ：466498760, free ：213502776DirectMemory：1827143680, 恢复 ：1
当前时间 ：2026-08-21 16:56:19send keng：2418, sheng ：4194304
decode keng：26, sheng ：2097152
world keng：12, sheng ：1048576

2026-08-21 16:56:24.682 INFO [pool-6-thread-8][:] - /****************流量统计******************/
LastReadBytes:0
LastReadThroughput:0
LastWrittenBytes:0
LastWriteThroughput:0
RealWrittenBytes:0
RealWriteThroughput:0
当前玩家的连接数量:0
当前地图的线程个数：9
当前地图的个数:48
当前数据库执行队列数:0
当前发送队列缓存的对象数量:0
totalMemory：680001536, use ：423527128, free ：256474408DirectMemory：1827143680, 恢复 ：1
当前时间 ：2026-08-21 16:56:24send keng：2418, sheng ：4194304
decode keng：26, sheng ：2097152
world keng：12, sheng ：1048576

2026-08-21 16:56:29.682 INFO [pool-6-thread-3][:] - /****************流量统计******************/
LastReadBytes:0
LastReadThroughput:0
LastWrittenBytes:0
LastWriteThroughput:0
RealWrittenBytes:0
RealWriteThroughput:0
当前玩家的连接数量:0
当前地图的线程个数：9
当前地图的个数:48
当前数据库执行队列数:0
当前发送队列缓存的对象数量:0
totalMemory：680001536, use ：426672496, free ：253329040DirectMemory：1827143680, 恢复 ：1
当前时间 ：2026-08-21 16:56:29send keng：2418, sheng ：4194304
decode keng：26, sheng ：2097152
world keng：12, sheng ：1048576

2026-08-21 16:56:34.682 INFO [pool-6-thread-5][:] - /****************流量统计******************/
LastReadBytes:0
LastReadThroughput:0
LastWrittenBytes:0
LastWriteThroughput:0
RealWrittenBytes:0
RealWriteThroughput:0
当前玩家的连接数量:0
当前地图的线程个数：9
当前地图的个数:48
当前数据库执行队列数:0
当前发送队列缓存的对象数量:0
totalMemory：680001536, use ：430272336, free ：249729200DirectMemory：1827143680, 恢复 ：1
当前时间 ：2026-08-21 16:56:34send keng：2418, sheng ：4194304
decode keng：26, sheng ：2097152
world keng：12, sheng ：1048576

2026-08-21 16:56:39.682 INFO [pool-6-thread-9][:] - /****************流量统计******************/
LastReadBytes:0
LastReadThroughput:0
LastWrittenBytes:0
LastWriteThroughput:0
RealWrittenBytes:0
RealWriteThroughput:0
当前玩家的连接数量:0
当前地图的线程个数：9
当前地图的个数:48
当前数据库执行队列数:0
当前发送队列缓存的对象数量:0
totalMemory：680001536, use ：433499256, free ：246502280DirectMemory：1827143680, 恢复 ：1
当前时间 ：2026-08-21 16:56:39send keng：2418, sheng ：4194304
decode keng：26, sheng ：2097152
world keng：12, sheng ：1048576

2026-08-21 16:56:44.682 INFO [pool-6-thread-10][:] - /****************流量统计******************/
LastReadBytes:0
LastReadThroughput:0
LastWrittenBytes:0
LastWriteThroughput:0
RealWrittenBytes:0
RealWriteThroughput:0
当前玩家的连接数量:0
当前地图的线程个数：9
当前地图的个数:48
当前数据库执行队列数:0
当前发送队列缓存的对象数量:0
totalMemory：680001536, use ：437367608, free ：242633928DirectMemory：1827143680, 恢复 ：1
当前时间 ：2026-08-21 16:56:44send keng：2418, sheng ：4194304
decode keng：26, sheng ：2097152
world keng：12, sheng ：1048576

2026-08-21 16:56:49.682 INFO [pool-6-thread-6][:] - /****************流量统计******************/
LastReadBytes:0
LastReadThroughput:0
LastWrittenBytes:0
LastWriteThroughput:0
RealWrittenBytes:0
RealWriteThroughput:0
当前玩家的连接数量:0
当前地图的线程个数：9
当前地图的个数:48
当前数据库执行队列数:0
当前发送队列缓存的对象数量:0
totalMemory：680001536, use ：440739248, free ：239262288DirectMemory：1827143680, 恢复 ：1
当前时间 ：2026-08-21 16:56:49send keng：2418, sheng ：4194304
decode keng：26, sheng ：2097152
world keng：12, sheng ：1048576

2026-08-21 16:56:54.682 INFO [pool-6-thread-7][:] - /****************流量统计******************/
LastReadBytes:0
LastReadThroughput:0
LastWrittenBytes:0
LastWriteThroughput:0
RealWrittenBytes:0
RealWriteThroughput:0
当前玩家的连接数量:0
当前地图的线程个数：9
当前地图的个数:48
当前数据库执行队列数:0
当前发送队列缓存的对象数量:0
totalMemory：680001536, use ：444208544, free ：235792992DirectMemory：1827143680, 恢复 ：1
当前时间 ：2026-08-21 16:56:54send keng：2418, sheng ：4194304
decode keng：26, sheng ：2097152
world keng：12, sheng ：1048576

2026-08-21 16:56:59.682 INFO [pool-6-thread-5][:] - /****************流量统计******************/
LastReadBytes:0
LastReadThroughput:0
LastWrittenBytes:0
LastWriteThroughput:0
RealWrittenBytes:0
RealWriteThroughput:0
当前玩家的连接数量:0
当前地图的线程个数：9
当前地图的个数:48
当前数据库执行队列数:0
当前发送队列缓存的对象数量:0
totalMemory：680001536, use ：447629728, free ：232371808DirectMemory：1827143680, 恢复 ：1
当前时间 ：2026-08-21 16:56:59send keng：2418, sheng ：4194304
decode keng：26, sheng ：2097152
world keng：12, sheng ：1048576

2026-08-21 16:57:04.683 INFO [pool-6-thread-9][:] - /****************流量统计******************/
LastReadBytes:0
LastReadThroughput:0
LastWrittenBytes:0
LastWriteThroughput:0
RealWrittenBytes:0
RealWriteThroughput:0
当前玩家的连接数量:0
当前地图的线程个数：9
当前地图的个数:48
当前数据库执行队列数:0
当前发送队列缓存的对象数量:0
totalMemory：680001536, use ：451316616, free ：228684920DirectMemory：1827143680, 恢复 ：1
当前时间 ：2026-08-21 16:57:04send keng：2418, sheng ：4194304
decode keng：26, sheng ：2097152
world keng：12, sheng ：1048576

2026-08-21 16:57:09.682 INFO [pool-6-thread-8][:] - /****************流量统计******************/
LastReadBytes:0
LastReadThroughput:0
LastWrittenBytes:0
LastWriteThroughput:0
RealWrittenBytes:0
RealWriteThroughput:0
当前玩家的连接数量:0
当前地图的线程个数：9
当前地图的个数:48
当前数据库执行队列数:0
当前发送队列缓存的对象数量:0
totalMemory：680001536, use ：454317360, free ：225684176DirectMemory：1827143680, 恢复 ：1
当前时间 ：2026-08-21 16:57:09send keng：2418, sheng ：4194304
decode keng：26, sheng ：2097152
world keng：12, sheng ：1048576

2026-08-21 16:57:14.682 INFO [pool-6-thread-7][:] - /****************流量统计******************/
LastReadBytes:0
LastReadThroughput:0
LastWrittenBytes:0
LastWriteThroughput:0
RealWrittenBytes:0
RealWriteThroughput:0
当前玩家的连接数量:0
当前地图的线程个数：9
当前地图的个数:48
当前数据库执行队列数:0
当前发送队列缓存的对象数量:0
totalMemory：680001536, use ：457790712, free ：222210824DirectMemory：1827143680, 恢复 ：1
当前时间 ：2026-08-21 16:57:14send keng：2418, sheng ：4194304
decode keng：26, sheng ：2097152
world keng：12, sheng ：1048576

2026-08-21 16:57:19.682 INFO [pool-6-thread-8][:] - /****************流量统计******************/
LastReadBytes:0
LastReadThroughput:0
LastWrittenBytes:0
LastWriteThroughput:0
RealWrittenBytes:0
RealWriteThroughput:0
当前玩家的连接数量:0
当前地图的线程个数：9
当前地图的个数:48
当前数据库执行队列数:0
当前发送队列缓存的对象数量:0
totalMemory：680001536, use ：461466912, free ：218534624DirectMemory：1827143680, 恢复 ：1
当前时间 ：2026-08-21 16:57:19send keng：2418, sheng ：4194304
decode keng：26, sheng ：2097152
world keng：12, sheng ：1048576

2026-08-21 16:57:24.682 INFO [pool-6-thread-1][:] - /****************流量统计******************/
LastReadBytes:0
LastReadThroughput:0
LastWrittenBytes:0
LastWriteThroughput:0
RealWrittenBytes:0
RealWriteThroughput:0
当前玩家的连接数量:0
当前地图的线程个数：9
当前地图的个数:48
当前数据库执行队列数:0
当前发送队列缓存的对象数量:0
totalMemory：680001536, use ：464773232, free ：215228304DirectMemory：1827143680, 恢复 ：1
当前时间 ：2026-08-21 16:57:24send keng：2418, sheng ：4194304
decode keng：26, sheng ：2097152
world keng：12, sheng ：1048576

2026-08-21 16:57:29.682 INFO [pool-6-thread-9][:] - /****************流量统计******************/
LastReadBytes:0
LastReadThroughput:0
LastWrittenBytes:0
LastWriteThroughput:0
RealWrittenBytes:0
RealWriteThroughput:0
当前玩家的连接数量:0
当前地图的线程个数：9
当前地图的个数:48
当前数据库执行队列数:0
当前发送队列缓存的对象数量:0
totalMemory：680001536, use ：468348384, free ：211653152DirectMemory：1827143680, 恢复 ：1
当前时间 ：2026-08-21 16:57:29send keng：2418, sheng ：4194304
decode keng：26, sheng ：2097152
world keng：12, sheng ：1048576

2026-08-21 16:57:34.682 INFO [pool-6-thread-3][:] - /****************流量统计******************/
LastReadBytes:0
LastReadThroughput:0
LastWrittenBytes:0
LastWriteThroughput:0
RealWrittenBytes:0
RealWriteThroughput:0
当前玩家的连接数量:0
当前地图的线程个数：9
当前地图的个数:48
当前数据库执行队列数:0
当前发送队列缓存的对象数量:0
totalMemory：680001536, use ：425265240, free ：254736296DirectMemory：1827143680, 恢复 ：1
当前时间 ：2026-08-21 16:57:34send keng：2418, sheng ：4194304
decode keng：26, sheng ：2097152
world keng：12, sheng ：1048576

2026-08-21 16:57:39.682 INFO [pool-6-thread-9][:] - /****************流量统计******************/
LastReadBytes:0
LastReadThroughput:0
LastWrittenBytes:0
LastWriteThroughput:0
RealWrittenBytes:0
RealWriteThroughput:0
当前玩家的连接数量:0
当前地图的线程个数：9
当前地图的个数:48
当前数据库执行队列数:0
当前发送队列缓存的对象数量:0
totalMemory：680001536, use ：428695288, free ：251306248DirectMemory：1827143680, 恢复 ：1
当前时间 ：2026-08-21 16:57:39send keng：2418, sheng ：4194304
decode keng：26, sheng ：2097152
world keng：12, sheng ：1048576

2026-08-21 16:57:44.683 INFO [pool-6-thread-8][:] - /****************流量统计******************/
LastReadBytes:0
LastReadThroughput:0
LastWrittenBytes:0
LastWriteThroughput:0
RealWrittenBytes:0
RealWriteThroughput:0
当前玩家的连接数量:0
当前地图的线程个数：9
当前地图的个数:48
当前数据库执行队列数:0
当前发送队列缓存的对象数量:0
totalMemory：680001536, use ：432307408, free ：247694128DirectMemory：1827143680, 恢复 ：1
当前时间 ：2026-08-21 16:57:44send keng：2418, sheng ：4194304
decode keng：26, sheng ：2097152
world keng：12, sheng ：1048576

2026-08-21 16:57:49.682 INFO [pool-6-thread-2][:] - /****************流量统计******************/
LastReadBytes:0
LastReadThroughput:0
LastWrittenBytes:0
LastWriteThroughput:0
RealWrittenBytes:0
RealWriteThroughput:0
当前玩家的连接数量:0
当前地图的线程个数：9
当前地图的个数:48
当前数据库执行队列数:0
当前发送队列缓存的对象数量:0
totalMemory：680001536, use ：435728520, free ：244273016DirectMemory：1827143680, 恢复 ：1
当前时间 ：2026-08-21 16:57:49send keng：2418, sheng ：4194304
decode keng：26, sheng ：2097152
world keng：12, sheng ：1048576

2026-08-21 16:57:54.682 INFO [pool-6-thread-4][:] - /****************流量统计******************/
LastReadBytes:0
LastReadThroughput:0
LastWrittenBytes:0
LastWriteThroughput:0
RealWrittenBytes:0
RealWriteThroughput:0
当前玩家的连接数量:0
当前地图的线程个数：9
当前地图的个数:48
当前数据库执行队列数:0
当前发送队列缓存的对象数量:0
totalMemory：680001536, use ：439338448, free ：240663088DirectMemory：1827143680, 恢复 ：1
当前时间 ：2026-08-21 16:57:54send keng：2418, sheng ：4194304
decode keng：26, sheng ：2097152
world keng：12, sheng ：1048576

2026-08-21 16:57:59.682 INFO [pool-6-thread-5][:] - /****************流量统计******************/
LastReadBytes:0
LastReadThroughput:0
LastWrittenBytes:0
LastWriteThroughput:0
RealWrittenBytes:0
RealWriteThroughput:0
当前玩家的连接数量:0
当前地图的线程个数：9
当前地图的个数:48
当前数据库执行队列数:0
当前发送队列缓存的对象数量:0
totalMemory：680001536, use ：442808776, free ：237192760DirectMemory：1827143680, 恢复 ：1
当前时间 ：2026-08-21 16:57:59send keng：2418, sheng ：4194304
decode keng：26, sheng ：2097152
world keng：12, sheng ：1048576

2026-08-21 16:58:04.682 INFO [pool-6-thread-8][:] - /****************流量统计******************/
LastReadBytes:0
LastReadThroughput:0
LastWrittenBytes:0
LastWriteThroughput:0
RealWrittenBytes:0
RealWriteThroughput:0
当前玩家的连接数量:0
当前地图的线程个数：9
当前地图的个数:48
当前数据库执行队列数:0
当前发送队列缓存的对象数量:0
totalMemory：680001536, use ：446110984, free ：233890552DirectMemory：1827143680, 恢复 ：1
当前时间 ：2026-08-21 16:58:04send keng：2418, sheng ：4194304
decode keng：26, sheng ：2097152
world keng：12, sheng ：1048576

2026-08-21 16:58:09.682 INFO [pool-6-thread-10][:] - /****************流量统计******************/
LastReadBytes:0
LastReadThroughput:0
LastWrittenBytes:0
LastWriteThroughput:0
RealWrittenBytes:0
RealWriteThroughput:0
当前玩家的连接数量:0
当前地图的线程个数：9
当前地图的个数:48
当前数据库执行队列数:0
当前发送队列缓存的对象数量:0
totalMemory：680001536, use ：449464432, free ：230537104DirectMemory：1827143680, 恢复 ：1
当前时间 ：2026-08-21 16:58:09send keng：2418, sheng ：4194304
decode keng：26, sheng ：2097152
world keng：12, sheng ：1048576

2026-08-21 16:58:14.682 INFO [pool-6-thread-5][:] - /****************流量统计******************/
LastReadBytes:0
LastReadThroughput:0
LastWrittenBytes:0
LastWriteThroughput:0
RealWrittenBytes:0
RealWriteThroughput:0
当前玩家的连接数量:0
当前地图的线程个数：9
当前地图的个数:48
当前数据库执行队列数:0
当前发送队列缓存的对象数量:0
totalMemory：680001536, use ：453071920, free ：226929616DirectMemory：1827143680, 恢复 ：1
当前时间 ：2026-08-21 16:58:14send keng：2418, sheng ：4194304
decode keng：26, sheng ：2097152
world keng：12, sheng ：1048576

2026-08-21 16:58:19.682 INFO [pool-6-thread-1][:] - /****************流量统计******************/
LastReadBytes:0
LastReadThroughput:0
LastWrittenBytes:0
LastWriteThroughput:0
RealWrittenBytes:0
RealWriteThroughput:0
当前玩家的连接数量:0
当前地图的线程个数：9
当前地图的个数:48
当前数据库执行队列数:0
当前发送队列缓存的对象数量:0
totalMemory：680001536, use ：456411760, free ：223589776DirectMemory：1827143680, 恢复 ：1
当前时间 ：2026-08-21 16:58:19send keng：2418, sheng ：4194304
decode keng：26, sheng ：2097152
world keng：12, sheng ：1048576

2026-08-21 16:58:24.682 INFO [pool-6-thread-6][:] - /****************流量统计******************/
LastReadBytes:0
LastReadThroughput:0
LastWrittenBytes:0
LastWriteThroughput:0
RealWrittenBytes:0
RealWriteThroughput:0
当前玩家的连接数量:0
当前地图的线程个数：9
当前地图的个数:48
当前数据库执行队列数:0
当前发送队列缓存的对象数量:0
totalMemory：680001536, use ：459929440, free ：220072096DirectMemory：1827143680, 恢复 ：1
当前时间 ：2026-08-21 16:58:24send keng：2418, sheng ：4194304
decode keng：26, sheng ：2097152
world keng：12, sheng ：1048576

2026-08-21 16:58:29.682 INFO [pool-6-thread-2][:] - /****************流量统计******************/
LastReadBytes:0
LastReadThroughput:0
LastWrittenBytes:0
LastWriteThroughput:0
RealWrittenBytes:0
RealWriteThroughput:0
当前玩家的连接数量:0
当前地图的线程个数：9
当前地图的个数:48
当前数据库执行队列数:0
当前发送队列缓存的对象数量:0
totalMemory：680001536, use ：463413048, free ：216588488DirectMemory：1827143680, 恢复 ：1
当前时间 ：2026-08-21 16:58:29send keng：2418, sheng ：4194304
decode keng：26, sheng ：2097152
world keng：12, sheng ：1048576

2026-08-21 16:58:34.682 INFO [pool-6-thread-10][:] - /****************流量统计******************/
LastReadBytes:0
LastReadThroughput:0
LastWrittenBytes:0
LastWriteThroughput:0
RealWrittenBytes:0
RealWriteThroughput:0
当前玩家的连接数量:0
当前地图的线程个数：9
当前地图的个数:48
当前数据库执行队列数:0
当前发送队列缓存的对象数量:0
totalMemory：680001536, use ：466803384, free ：213198152DirectMemory：1827143680, 恢复 ：1
当前时间 ：2026-08-21 16:58:34send keng：2418, sheng ：4194304
decode keng：26, sheng ：2097152
world keng：12, sheng ：1048576

2026-08-21 16:58:39.686 INFO [pool-6-thread-5][:] - /****************流量统计******************/
LastReadBytes:0
LastReadThroughput:0
LastWrittenBytes:0
LastWriteThroughput:0
RealWrittenBytes:0
RealWriteThroughput:0
当前玩家的连接数量:0
当前地图的线程个数：9
当前地图的个数:48
当前数据库执行队列数:0
当前发送队列缓存的对象数量:0
totalMemory：680001536, use ：423450080, free ：256551456DirectMemory：1827143680, 恢复 ：1
当前时间 ：2026-08-21 16:58:39send keng：2418, sheng ：4194304
decode keng：26, sheng ：2097152
world keng：12, sheng ：1048576

2026-08-21 16:58:44.682 INFO [pool-6-thread-4][:] - /****************流量统计******************/
LastReadBytes:0
LastReadThroughput:0
LastWrittenBytes:0
LastWriteThroughput:0
RealWrittenBytes:0
RealWriteThroughput:0
当前玩家的连接数量:0
当前地图的线程个数：9
当前地图的个数:48
当前数据库执行队列数:0
当前发送队列缓存的对象数量:0
totalMemory：680001536, use ：426415568, free ：253585968DirectMemory：1827143680, 恢复 ：1
当前时间 ：2026-08-21 16:58:44send keng：2418, sheng ：4194304
decode keng：26, sheng ：2097152
world keng：12, sheng ：1048576

2026-08-21 16:58:49.682 INFO [pool-6-thread-3][:] - /****************流量统计******************/
LastReadBytes:0
LastReadThroughput:0
LastWrittenBytes:0
LastWriteThroughput:0
RealWrittenBytes:0
RealWriteThroughput:0
当前玩家的连接数量:0
当前地图的线程个数：9
当前地图的个数:48
当前数据库执行队列数:0
当前发送队列缓存的对象数量:0
totalMemory：680001536, use ：429984728, free ：250016808DirectMemory：1827143680, 恢复 ：1
当前时间 ：2026-08-21 16:58:49send keng：2418, sheng ：4194304
decode keng：26, sheng ：2097152
world keng：12, sheng ：1048576

2026-08-21 16:58:54.682 INFO [pool-6-thread-1][:] - /****************流量统计******************/
LastReadBytes:0
LastReadThroughput:0
LastWrittenBytes:0
LastWriteThroughput:0
RealWrittenBytes:0
RealWriteThroughput:0
当前玩家的连接数量:0
当前地图的线程个数：9
当前地图的个数:48
当前数据库执行队列数:0
当前发送队列缓存的对象数量:0
totalMemory：680001536, use ：433145912, free ：246855624DirectMemory：1827143680, 恢复 ：1
当前时间 ：2026-08-21 16:58:54send keng：2418, sheng ：4194304
decode keng：26, sheng ：2097152
world keng：12, sheng ：1048576

2026-08-21 16:58:59.682 INFO [pool-6-thread-10][:] - /****************流量统计******************/
LastReadBytes:0
LastReadThroughput:0
LastWrittenBytes:0
LastWriteThroughput:0
RealWrittenBytes:0
RealWriteThroughput:0
当前玩家的连接数量:0
当前地图的线程个数：9
当前地图的个数:48
当前数据库执行队列数:0
当前发送队列缓存的对象数量:0
totalMemory：680001536, use ：436813128, free ：243188408DirectMemory：1827143680, 恢复 ：1
当前时间 ：2026-08-21 16:58:59send keng：2418, sheng ：4194304
decode keng：26, sheng ：2097152
world keng：12, sheng ：1048576

2026-08-21 16:59:04.770 INFO [pool-6-thread-9][:] - /****************流量统计******************/
LastReadBytes:0
LastReadThroughput:0
LastWrittenBytes:0
LastWriteThroughput:0
RealWrittenBytes:0
RealWriteThroughput:0
当前玩家的连接数量:0
当前地图的线程个数：9
当前地图的个数:48
当前数据库执行队列数:0
当前发送队列缓存的对象数量:0
totalMemory：680001536, use ：440047016, free ：239954520DirectMemory：1827143680, 恢复 ：1
当前时间 ：2026-08-21 16:59:04send keng：2418, sheng ：4194304
decode keng：26, sheng ：2097152
world keng：12, sheng ：1048576

2026-08-21 16:59:09.716 INFO [pool-6-thread-4][:] - /****************流量统计******************/
LastReadBytes:0
LastReadThroughput:0
LastWrittenBytes:0
LastWriteThroughput:0
RealWrittenBytes:0
RealWriteThroughput:0
当前玩家的连接数量:0
当前地图的线程个数：9
当前地图的个数:48
当前数据库执行队列数:0
当前发送队列缓存的对象数量:0
totalMemory：680001536, use ：443228352, free ：236773184DirectMemory：1827143680, 恢复 ：1
当前时间 ：2026-08-21 16:59:09send keng：2418, sheng ：4194304
decode keng：26, sheng ：2097152
world keng：12, sheng ：1048576

2026-08-21 16:59:14.682 INFO [pool-6-thread-6][:] - /****************流量统计******************/
LastReadBytes:0
LastReadThroughput:0
LastWrittenBytes:0
LastWriteThroughput:0
RealWrittenBytes:0
RealWriteThroughput:0
当前玩家的连接数量:0
当前地图的线程个数：9
当前地图的个数:48
当前数据库执行队列数:0
当前发送队列缓存的对象数量:0
totalMemory：680001536, use ：446772712, free ：233228824DirectMemory：1827143680, 恢复 ：1
当前时间 ：2026-08-21 16:59:14send keng：2418, sheng ：4194304
decode keng：26, sheng ：2097152
world keng：12, sheng ：1048576

2026-08-21 16:59:19.682 INFO [pool-6-thread-1][:] - /****************流量统计******************/
LastReadBytes:0
LastReadThroughput:0
LastWrittenBytes:0
LastWriteThroughput:0
RealWrittenBytes:0
RealWriteThroughput:0
当前玩家的连接数量:0
当前地图的线程个数：9
当前地图的个数:48
当前数据库执行队列数:0
当前发送队列缓存的对象数量:0
totalMemory：680001536, use ：450198840, free ：229802696DirectMemory：1827143680, 恢复 ：1
当前时间 ：2026-08-21 16:59:19send keng：2418, sheng ：4194304
decode keng：26, sheng ：2097152
world keng：12, sheng ：1048576

2026-08-21 16:59:24.682 INFO [pool-6-thread-3][:] - /****************流量统计******************/
LastReadBytes:0
LastReadThroughput:0
LastWrittenBytes:0
LastWriteThroughput:0
RealWrittenBytes:0
RealWriteThroughput:0
当前玩家的连接数量:0
当前地图的线程个数：9
当前地图的个数:48
当前数据库执行队列数:0
当前发送队列缓存的对象数量:0
totalMemory：680001536, use ：453251040, free ：226750496DirectMemory：1827143680, 恢复 ：1
当前时间 ：2026-08-21 16:59:24send keng：2418, sheng ：4194304
decode keng：26, sheng ：2097152
world keng：12, sheng ：1048576

2026-08-21 16:59:29.682 INFO [pool-6-thread-7][:] - /****************流量统计******************/
LastReadBytes:0
LastReadThroughput:0
LastWrittenBytes:0
LastWriteThroughput:0
RealWrittenBytes:0
RealWriteThroughput:0
当前玩家的连接数量:0
当前地图的线程个数：9
当前地图的个数:48
当前数据库执行队列数:0
当前发送队列缓存的对象数量:0
totalMemory：680001536, use ：456767912, free ：223233624DirectMemory：1827143680, 恢复 ：1
当前时间 ：2026-08-21 16:59:29send keng：2418, sheng ：4194304
decode keng：26, sheng ：2097152
world keng：12, sheng ：1048576

2026-08-21 16:59:34.682 INFO [pool-6-thread-1][:] - /****************流量统计******************/
LastReadBytes:0
LastReadThroughput:0
LastWrittenBytes:0
LastWriteThroughput:0
RealWrittenBytes:0
RealWriteThroughput:0
当前玩家的连接数量:0
当前地图的线程个数：9
当前地图的个数:48
当前数据库执行队列数:0
当前发送队列缓存的对象数量:0
totalMemory：680001536, use ：460050144, free ：219951392DirectMemory：1827143680, 恢复 ：1
当前时间 ：2026-08-21 16:59:34send keng：2418, sheng ：4194304
decode keng：26, sheng ：2097152
world keng：12, sheng ：1048576

2026-08-21 16:59:39.682 INFO [pool-6-thread-1][:] - /****************流量统计******************/
LastReadBytes:0
LastReadThroughput:0
LastWrittenBytes:0
LastWriteThroughput:0
RealWrittenBytes:0
RealWriteThroughput:0
当前玩家的连接数量:0
当前地图的线程个数：9
当前地图的个数:48
当前数据库执行队列数:0
当前发送队列缓存的对象数量:0
totalMemory：680001536, use ：463386336, free ：216615200DirectMemory：1827143680, 恢复 ：1
当前时间 ：2026-08-21 16:59:39send keng：2418, sheng ：4194304
decode keng：26, sheng ：2097152
world keng：12, sheng ：1048576

2026-08-21 16:59:44.686 INFO [pool-6-thread-3][:] - /****************流量统计******************/
LastReadBytes:0
LastReadThroughput:0
LastWrittenBytes:0
LastWriteThroughput:0
RealWrittenBytes:0
RealWriteThroughput:0
当前玩家的连接数量:0
当前地图的线程个数：9
当前地图的个数:48
当前数据库执行队列数:0
当前发送队列缓存的对象数量:0
totalMemory：680001536, use ：466836168, free ：213165368DirectMemory：1827143680, 恢复 ：1
当前时间 ：2026-08-21 16:59:44send keng：2418, sheng ：4194304
decode keng：26, sheng ：2097152
world keng：12, sheng ：1048576

2026-08-21 16:59:49.682 INFO [pool-6-thread-7][:] - /****************流量统计******************/
LastReadBytes:0
LastReadThroughput:0
LastWrittenBytes:0
LastWriteThroughput:0
RealWrittenBytes:0
RealWriteThroughput:0
当前玩家的连接数量:0
当前地图的线程个数：9
当前地图的个数:48
当前数据库执行队列数:0
当前发送队列缓存的对象数量:0
totalMemory：680001536, use ：423584528, free ：256417008DirectMemory：1827143680, 恢复 ：1
当前时间 ：2026-08-21 16:59:49send keng：2418, sheng ：4194304
decode keng：26, sheng ：2097152
world keng：12, sheng ：1048576

2026-08-21 16:59:54.684 INFO [pool-6-thread-2][:] - /****************流量统计******************/
LastReadBytes:0
LastReadThroughput:0
LastWrittenBytes:0
LastWriteThroughput:0
RealWrittenBytes:0
RealWriteThroughput:0
当前玩家的连接数量:0
当前地图的线程个数：9
当前地图的个数:48
当前数据库执行队列数:0
当前发送队列缓存的对象数量:0
totalMemory：680001536, use ：426952648, free ：253048888DirectMemory：1827143680, 恢复 ：1
当前时间 ：2026-08-21 16:59:54send keng：2418, sheng ：4194304
decode keng：26, sheng ：2097152
world keng：12, sheng ：1048576

2026-08-21 16:59:59.682 INFO [pool-6-thread-1][:] - /****************流量统计******************/
LastReadBytes:0
LastReadThroughput:0
LastWrittenBytes:0
LastWriteThroughput:0
RealWrittenBytes:0
RealWriteThroughput:0
当前玩家的连接数量:0
当前地图的线程个数：9
当前地图的个数:48
当前数据库执行队列数:0
当前发送队列缓存的对象数量:0
totalMemory：680001536, use ：430515904, free ：249485632DirectMemory：1827143680, 恢复 ：1
当前时间 ：2026-08-21 16:59:59send keng：2418, sheng ：4194304
decode keng：26, sheng ：2097152
world keng：12, sheng ：1048576

